DateTime,name,value
2020-01-01T00:00:00.0,bus-3-bus-4-i_6,146.24373891658345
2020-01-01T01:00:00.0,bus-3-bus-4-i_6,90.35216072782168
2020-01-01T02:00:00.0,bus-3-bus-4-i_6,90.13873591994407
2020-01-01T03:00:00.0,bus-3-bus-4-i_6,90.04727105754135
2020-01-01T04:00:00.0,bus-3-bus-4-i_6,91.4497923505234
2020-01-01T05:00:00.0,bus-3-bus-4-i_6,95.32261489780187
2020-01-01T06:00:00.0,bus-3-bus-4-i_6,100.56908965946553
2020-01-01T07:00:00.0,bus-3-bus-4-i_6,99.71490439002223
2020-01-01T08:00:00.0,bus-3-bus-4-i_6,98.58622205002835
2020-01-01T09:00:00.0,bus-3-bus-4-i_6,98.95228798405482
2020-01-01T10:00:00.0,bus-3-bus-4-i_6,97.03058933961114
2020-01-01T11:00:00.0,bus-3-bus-4-i_6,96.5425879832039
2020-01-01T12:00:00.0,bus-3-bus-4-i_6,96.60357725645639
2020-01-01T13:00:00.0,bus-3-bus-4-i_6,95.71908640744132
2020-01-01T14:00:00.0,bus-3-bus-4-i_6,95.41411012605336
2020-01-01T15:00:00.0,bus-3-bus-4-i_6,95.71908640744132
2020-01-01T16:00:00.0,bus-3-bus-4-i_6,97.88464487802841
2020-01-01T17:00:00.0,bus-3-bus-4-i_6,112.53170787196922
2020-01-01T18:00:00.0,bus-3-bus-4-i_6,113.84435616406647
2020-01-01T19:00:00.0,bus-3-bus-4-i_6,112.37907911541734
2020-01-01T20:00:00.0,bus-3-bus-4-i_6,109.9677000114724
2020-01-01T21:00:00.0,bus-3-bus-4-i_6,104.90166089441679
2020-01-01T22:00:00.0,bus-3-bus-4-i_6,99.04380212255023
2020-01-01T23:00:00.0,bus-3-bus-4-i_6,94.13322751263289
2020-01-02T00:00:00.0,bus-3-bus-4-i_6,91.32782916523918
2020-01-02T01:00:00.0,bus-3-bus-4-i_6,90.3216674593034
2020-01-02T02:00:00.0,bus-3-bus-4-i_6,89.8033670500434
2020-01-02T03:00:00.0,bus-3-bus-4-i_6,89.9558065822944
2020-01-02T04:00:00.0,bus-3-bus-4-i_6,91.32782916523918
2020-01-02T05:00:00.0,bus-3-bus-4-i_6,95.26161858722591
2020-01-02T06:00:00.0,bus-3-bus-4-i_6,100.78265960584139
2020-01-02T07:00:00.0,bus-3-bus-4-i_6,99.34883720682997
2020-01-02T08:00:00.0,bus-3-bus-4-i_6,98.58622205002835
2020-01-02T09:00:00.0,bus-3-bus-4-i_6,97.82365235496762
2020-01-02T10:00:00.0,bus-3-bus-4-i_6,97.30510255119215
2020-01-02T11:00:00.0,bus-3-bus-4-i_6,96.7865810977045
2020-01-02T12:00:00.0,bus-3-bus-4-i_6,95.8715816858947
2020-01-02T13:00:00.0,bus-3-bus-4-i_6,95.84108252935802
2020-01-02T14:00:00.0,bus-3-bus-4-i_6,95.10912879286622
2020-01-02T15:00:00.0,bus-3-bus-4-i_6,94.71265326796224
2020-01-02T16:00:00.0,bus-3-bus-4-i_6,99.37935794652581
2020-01-02T17:00:00.0,bus-3-bus-4-i_6,111.0054761153978
2020-01-02T18:00:00.0,bus-3-bus-4-i_6,112.07382720188957
2020-01-02T19:00:00.0,bus-3-bus-4-i_6,111.73805401956498
2020-01-02T20:00:00.0,bus-3-bus-4-i_6,109.11309926439033
2020-01-02T21:00:00.0,bus-3-bus-4-i_6,104.01676214400122
2020-01-02T22:00:00.0,bus-3-bus-4-i_6,98.76926114037508
2020-01-02T23:00:00.0,bus-3-bus-4-i_6,93.95024425549668
2020-01-03T00:00:00.0,bus-3-bus-4-i_6,91.48028344790187
2020-01-03T01:00:00.0,bus-3-bus-4-i_6,90.59606890905154
2020-01-03T02:00:00.0,bus-3-bus-4-i_6,89.92532194253597
2020-01-03T03:00:00.0,bus-3-bus-4-i_6,90.19971291623237
2020-01-03T04:00:00.0,bus-3-bus-4-i_6,91.66323587787221
2020-01-03T05:00:00.0,bus-3-bus-4-i_6,95.90208088489348
2020-01-03T06:00:00.0,bus-3-bus-4-i_6,101.69789612209156
2020-01-03T07:00:00.0,bus-3-bus-4-i_6,99.83694382200503
2020-01-03T08:00:00.0,bus-3-bus-4-i_6,99.31834730238023
2020-01-03T09:00:00.0,bus-3-bus-4-i_6,98.58622205002835
2020-01-03T10:00:00.0,bus-3-bus-4-i_6,97.82365235496762
2020-01-03T11:00:00.0,bus-3-bus-4-i_6,96.84758282282611
2020-01-03T12:00:00.0,bus-3-bus-4-i_6,96.23758681056343
2020-01-03T13:00:00.0,bus-3-bus-4-i_6,95.23112086916909
2020-01-03T14:00:00.0,bus-3-bus-4-i_6,94.89563678024851
2020-01-03T15:00:00.0,bus-3-bus-4-i_6,94.37719798403728
2020-01-03T16:00:00.0,bus-3-bus-4-i_6,90.50460130524009
2020-01-03T17:00:00.0,bus-3-bus-4-i_6,108.80789316297563
2020-01-03T18:00:00.0,bus-3-bus-4-i_6,109.23518296566641
2020-01-03T19:00:00.0,bus-3-bus-4-i_6,107.92279209220612
2020-01-03T20:00:00.0,bus-3-bus-4-i_6,105.69505233989234
2020-01-03T21:00:00.0,bus-3-bus-4-i_6,102.70472780748545
2020-01-03T22:00:00.0,bus-3-bus-4-i_6,99.10479693903754
2020-01-03T23:00:00.0,bus-3-bus-4-i_6,94.95664044297025
2020-01-04T00:00:00.0,bus-3-bus-4-i_6,92.18159190073843
2020-01-04T01:00:00.0,bus-3-bus-4-i_6,91.0534151765582
2020-01-04T02:00:00.0,bus-3-bus-4-i_6,90.62655826692398
2020-01-04T03:00:00.0,bus-3-bus-4-i_6,90.35216072782168
2020-01-04T04:00:00.0,bus-3-bus-4-i_6,91.17538343318571
2020-01-04T05:00:00.0,bus-3-bus-4-i_6,92.88293103446202
2020-01-04T06:00:00.0,bus-3-bus-4-i_6,94.83464209659333
2020-01-04T07:00:00.0,bus-3-bus-4-i_6,93.34034253374575
2020-01-04T08:00:00.0,bus-3-bus-4-i_6,94.10273117385135
2020-01-04T09:00:00.0,bus-3-bus-4-i_6,94.43818210519427
2020-01-04T10:00:00.0,bus-3-bus-4-i_6,93.64529048998772
2020-01-04T11:00:00.0,bus-3-bus-4-i_6,91.9376550669526
2020-01-04T12:00:00.0,bus-3-bus-4-i_6,92.73046344241594
2020-01-04T13:00:00.0,bus-3-bus-4-i_6,91.90716327255919
2020-01-04T14:00:00.0,bus-3-bus-4-i_6,91.51077963582912
2020-01-04T15:00:00.0,bus-3-bus-4-i_6,90.35216072782168
2020-01-04T16:00:00.0,bus-3-bus-4-i_6,94.89563678024851
2020-01-04T17:00:00.0,bus-3-bus-4-i_6,106.610517308126
2020-01-04T18:00:00.0,bus-3-bus-4-i_6,106.73261188410947
2020-01-04T19:00:00.0,bus-3-bus-4-i_6,105.38989794889902
2020-01-04T20:00:00.0,bus-3-bus-4-i_6,103.37599975943239
2020-01-04T21:00:00.0,bus-3-bus-4-i_6,100.84367522657203
2020-01-04T22:00:00.0,bus-3-bus-4-i_6,97.70162943568646
2020-01-04T23:00:00.0,bus-3-bus-4-i_6,94.34669262349774
2020-01-05T00:00:00.0,bus-3-bus-4-i_6,91.96815298359921
2020-01-05T01:00:00.0,bus-3-bus-4-i_6,90.71802659424938
2020-01-05T02:00:00.0,bus-3-bus-4-i_6,89.65093202934098
2020-01-05T03:00:00.0,bus-3-bus-4-i_6,89.58995421116991
2020-01-05T04:00:00.0,bus-3-bus-4-i_6,90.10825083143716
2020-01-05T05:00:00.0,bus-3-bus-4-i_6,91.35832458608755
2020-01-05T06:00:00.0,bus-3-bus-4-i_6,92.66948355600539
2020-01-05T07:00:00.0,bus-3-bus-4-i_6,91.17538343318571
2020-01-05T08:00:00.0,bus-3-bus-4-i_6,92.1511045834254
2020-01-05T09:00:00.0,bus-3-bus-4-i_6,92.97441887320004
2020-01-05T10:00:00.0,bus-3-bus-4-i_6,92.97441920360106
2020-01-05T11:00:00.0,bus-3-bus-4-i_6,92.48652460265842
2020-01-05T12:00:00.0,bus-3-bus-4-i_6,92.12060740629326
2020-01-05T13:00:00.0,bus-3-bus-4-i_6,91.63274451659788
2020-01-05T14:00:00.0,bus-3-bus-4-i_6,91.0534151765582
2020-01-05T15:00:00.0,bus-3-bus-4-i_6,91.02292495879128
2020-01-05T16:00:00.0,bus-3-bus-4-i_6,95.26161858722591
2020-01-05T17:00:00.0,bus-3-bus-4-i_6,106.03070235377923
2020-01-05T18:00:00.0,bus-3-bus-4-i_6,107.31242115797268
2020-01-05T19:00:00.0,bus-3-bus-4-i_6,106.33586596305736
2020-01-05T20:00:00.0,bus-3-bus-4-i_6,103.34548777272848
2020-01-05T21:00:00.0,bus-3-bus-4-i_6,99.89795667484564
2020-01-05T22:00:00.0,bus-3-bus-4-i_6,95.59710138204649
2020-01-05T23:00:00.0,bus-3-bus-4-i_6,92.21208437361135
2020-01-06T00:00:00.0,bus-3-bus-4-i_6,90.38264877829991
2020-01-06T01:00:00.0,bus-3-bus-4-i_6,89.71190391035165
2020-01-06T02:00:00.0,bus-3-bus-4-i_6,89.07168044830468
2020-01-06T03:00:00.0,bus-3-bus-4-i_6,89.46800883961814
2020-01-06T04:00:00.0,bus-3-bus-4-i_6,90.87047503925092
2020-01-06T05:00:00.0,bus-3-bus-4-i_6,95.17011541942962
2020-01-06T06:00:00.0,bus-3-bus-4-i_6,101.39280648436595
2020-01-06T07:00:00.0,bus-3-bus-4-i_6,99.59290241531285
2020-01-06T08:00:00.0,bus-3-bus-4-i_6,99.44036877299331
2020-01-06T09:00:00.0,bus-3-bus-4-i_6,98.70823821788949
2020-01-06T10:00:00.0,bus-3-bus-4-i_6,98.73875683526772
2020-01-06T11:00:00.0,bus-3-bus-4-i_6,98.15918544573043
2020-01-06T12:00:00.0,bus-3-bus-4-i_6,96.11558730841112
2020-01-06T13:00:00.0,bus-3-bus-4-i_6,94.01123582307864
2020-01-06T14:00:00.0,bus-3-bus-4-i_6,94.68215636021854
2020-01-06T15:00:00.0,bus-3-bus-4-i_6,94.31620432005118
2020-01-06T16:00:00.0,bus-3-bus-4-i_6,98.46420659691455
2020-01-06T17:00:00.0,bus-3-bus-4-i_6,112.44013095992891
2020-01-06T18:00:00.0,bus-3-bus-4-i_6,115.34025237215144
2020-01-06T19:00:00.0,bus-3-bus-4-i_6,114.42433476987533
2020-01-06T20:00:00.0,bus-3-bus-4-i_6,112.37907911541734
2020-01-06T21:00:00.0,bus-3-bus-4-i_6,107.92279209220612
2020-01-06T22:00:00.0,bus-3-bus-4-i_6,100.81316740422037
2020-01-06T23:00:00.0,bus-3-bus-4-i_6,96.35957528962174
2020-01-07T00:00:00.0,bus-3-bus-4-i_6,91.11439562317689
2020-01-07T01:00:00.0,bus-3-bus-4-i_6,90.4741158274601
2020-01-07T02:00:00.0,bus-3-bus-4-i_6,90.3216674593034
2020-01-07T03:00:00.0,bus-3-bus-4-i_6,90.77900575926013
2020-01-07T04:00:00.0,bus-3-bus-4-i_6,92.76095698028001
2020-01-07T05:00:00.0,bus-3-bus-4-i_6,97.88464487802841
2020-01-07T06:00:00.0,bus-3-bus-4-i_6,104.71855214483551
2020-01-07T07:00:00.0,bus-3-bus-4-i_6,102.58270418829203
2020-01-07T08:00:00.0,bus-3-bus-4-i_6,99.95896882628936
2020-01-07T09:00:00.0,bus-3-bus-4-i_6,98.03715930925577
2020-01-07T10:00:00.0,bus-3-bus-4-i_6,90.4741158274601
2020-01-07T11:00:00.0,bus-3-bus-4-i_6,97.36611828929851
2020-01-07T12:00:00.0,bus-3-bus-4-i_6,96.20708648933731
2020-01-07T13:00:00.0,bus-3-bus-4-i_6,95.0786220170953
2020-01-07T14:00:00.0,bus-3-bus-4-i_6,94.07223522554007
2020-01-07T15:00:00.0,bus-3-bus-4-i_6,94.16371543195628
2020-01-07T16:00:00.0,bus-3-bus-4-i_6,99.16580675029245
2020-01-07T17:00:00.0,bus-3-bus-4-i_6,113.26433716616229
2020-01-07T18:00:00.0,bus-3-bus-4-i_6,116.04238366674191
2020-01-07T19:00:00.0,bus-3-bus-4-i_6,115.06543512773595
2020-01-07T20:00:00.0,bus-3-bus-4-i_6,113.32538983235744
2020-01-07T21:00:00.0,bus-3-bus-4-i_6,108.53321169558514
2020-01-07T22:00:00.0,bus-3-bus-4-i_6,101.39280648436595
2020-01-07T23:00:00.0,bus-3-bus-4-i_6,96.7865810977045
2020-01-08T00:00:00.0,bus-3-bus-4-i_6,94.28569993370013
2020-01-08T01:00:00.0,bus-3-bus-4-i_6,93.58430813510215
2020-01-08T02:00:00.0,bus-3-bus-4-i_6,93.34034253374575
2020-01-08T03:00:00.0,bus-3-bus-4-i_6,93.85875762875489
2020-01-08T04:00:00.0,bus-3-bus-4-i_6,96.35957528962174
2020-01-08T05:00:00.0,bus-3-bus-4-i_6,102.64372530581562
2020-01-08T06:00:00.0,bus-3-bus-4-i_6,110.48658181967971
2020-01-08T07:00:00.0,bus-3-bus-4-i_6,107.92279209220612
2020-01-08T08:00:00.0,bus-3-bus-4-i_6,105.32884362665034
2020-01-08T09:00:00.0,bus-3-bus-4-i_6,102.97932746653542
2020-01-08T10:00:00.0,bus-3-bus-4-i_6,101.05721384868667
2020-01-08T11:00:00.0,bus-3-bus-4-i_6,99.40986283725448
2020-01-08T12:00:00.0,bus-3-bus-4-i_6,97.51862830352968
2020-01-08T13:00:00.0,bus-3-bus-4-i_6,96.66458932646566
2020-01-08T14:00:00.0,bus-3-bus-4-i_6,95.41411012605336
2020-01-08T15:00:00.0,bus-3-bus-4-i_6,96.66458932646566
2020-01-08T16:00:00.0,bus-3-bus-4-i_6,104.1693063602051
2020-01-08T17:00:00.0,bus-3-bus-4-i_6,115.82871908937358
2020-01-08T18:00:00.0,bus-3-bus-4-i_6,117.198036675929
2020-01-08T19:00:00.0,bus-3-bus-4-i_6,116.71405909959884
2020-01-08T20:00:00.0,bus-3-bus-4-i_6,113.56960573604407
2020-01-08T21:00:00.0,bus-3-bus-4-i_6,108.53321169558514
2020-01-08T22:00:00.0,bus-3-bus-4-i_6,101.85046182840796
2020-01-08T23:00:00.0,bus-3-bus-4-i_6,96.84758282282611
2020-01-09T00:00:00.0,bus-3-bus-4-i_6,94.34669262349774
2020-01-09T01:00:00.0,bus-3-bus-4-i_6,92.97441887320004
2020-01-09T02:00:00.0,bus-3-bus-4-i_6,92.79145035653167
2020-01-09T03:00:00.0,bus-3-bus-4-i_6,93.46232119846833
2020-01-09T04:00:00.0,bus-3-bus-4-i_6,95.4750164922498
2020-01-09T05:00:00.0,bus-3-bus-4-i_6,101.33178933743974
2020-01-09T06:00:00.0,bus-3-bus-4-i_6,108.13645568345831
2020-01-09T07:00:00.0,bus-3-bus-4-i_6,105.20680759780414
2020-01-09T08:00:00.0,bus-3-bus-4-i_6,103.2234197731476
2020-01-09T09:00:00.0,bus-3-bus-4-i_6,101.11824739544524
2020-01-09T10:00:00.0,bus-3-bus-4-i_6,97.33561644773778
2020-01-09T11:00:00.0,bus-3-bus-4-i_6,95.01763557530151
2020-01-09T12:00:00.0,bus-3-bus-4-i_6,94.07223522554007
2020-01-09T13:00:00.0,bus-3-bus-4-i_6,93.06589412397935
2020-01-09T14:00:00.0,bus-3-bus-4-i_6,92.48652460265842
2020-01-09T15:00:00.0,bus-3-bus-4-i_6,93.12688929983229
2020-01-09T16:00:00.0,bus-3-bus-4-i_6,96.75608037222496
2020-01-09T17:00:00.0,bus-3-bus-4-i_6,110.6697200556303
2020-01-09T18:00:00.0,bus-3-bus-4-i_6,113.26433716616229
2020-01-09T19:00:00.0,bus-3-bus-4-i_6,112.34851434819402
2020-01-09T20:00:00.0,bus-3-bus-4-i_6,109.60143743173676
2020-01-09T21:00:00.0,bus-3-bus-4-i_6,104.90166089441679
2020-01-09T22:00:00.0,bus-3-bus-4-i_6,99.19632673637275
2020-01-09T23:00:00.0,bus-3-bus-4-i_6,94.83464209659333
2020-01-10T00:00:00.0,bus-3-bus-4-i_6,92.39503987666862
2020-01-10T01:00:00.0,bus-3-bus-4-i_6,91.2668478919393
2020-01-10T02:00:00.0,bus-3-bus-4-i_6,90.87047503925092
2020-01-10T03:00:00.0,bus-3-bus-4-i_6,91.32782916523918
2020-01-10T04:00:00.0,bus-3-bus-4-i_6,93.2488589782593
2020-01-10T05:00:00.0,bus-3-bus-4-i_6,97.9151476304615
2020-01-10T06:00:00.0,bus-3-bus-4-i_6,102.67423618132423
2020-01-10T07:00:00.0,bus-3-bus-4-i_6,101.08772180461449
2020-01-10T08:00:00.0,bus-3-bus-4-i_6,99.86746890483185
2020-01-10T09:00:00.0,bus-3-bus-4-i_6,99.2573369487249
2020-01-10T10:00:00.0,bus-3-bus-4-i_6,98.73875683526772
2020-01-10T11:00:00.0,bus-3-bus-4-i_6,97.45762413661079
2020-01-10T12:00:00.0,bus-3-bus-4-i_6,96.32908614859856
2020-01-10T13:00:00.0,bus-3-bus-4-i_6,95.4750164922498
2020-01-10T14:00:00.0,bus-3-bus-4-i_6,94.40768545899476
2020-01-10T15:00:00.0,bus-3-bus-4-i_6,93.85875762875489
2020-01-10T16:00:00.0,bus-3-bus-4-i_6,96.66458932646566
2020-01-10T17:00:00.0,bus-3-bus-4-i_6,108.22794738398258
2020-01-10T18:00:00.0,bus-3-bus-4-i_6,109.47935161963062
2020-01-10T19:00:00.0,bus-3-bus-4-i_6,108.22794738398258
2020-01-10T20:00:00.0,bus-3-bus-4-i_6,106.36640910286187
2020-01-10T21:00:00.0,bus-3-bus-4-i_6,103.52853936555184
2020-01-10T22:00:00.0,bus-3-bus-4-i_6,99.34883720682997
2020-01-10T23:00:00.0,bus-3-bus-4-i_6,95.04812427430535
2020-01-11T00:00:00.0,bus-3-bus-4-i_6,92.54750411447397
2020-01-11T01:00:00.0,bus-3-bus-4-i_6,91.35832458608755
2020-01-11T02:00:00.0,bus-3-bus-4-i_6,90.53509046158803
2020-01-11T03:00:00.0,bus-3-bus-4-i_6,90.41313418879481
2020-01-11T04:00:00.0,bus-3-bus-4-i_6,90.71802659424938
2020-01-11T05:00:00.0,bus-3-bus-4-i_6,91.96815298359921
2020-01-11T06:00:00.0,bus-3-bus-4-i_6,93.73677610724714
2020-01-11T07:00:00.0,bus-3-bus-4-i_6,92.73046344241594
2020-01-11T08:00:00.0,bus-3-bus-4-i_6,93.85875762875489
2020-01-11T09:00:00.0,bus-3-bus-4-i_6,94.43818210519427
2020-01-11T10:00:00.0,bus-3-bus-4-i_6,93.73677610724714
2020-01-11T11:00:00.0,bus-3-bus-4-i_6,93.00491277878524
2020-01-11T12:00:00.0,bus-3-bus-4-i_6,92.27307530550732
2020-01-11T13:00:00.0,bus-3-bus-4-i_6,91.87667171212024
2020-01-11T14:00:00.0,bus-3-bus-4-i_6,91.51077963582912
2020-01-11T15:00:00.0,bus-3-bus-4-i_6,92.18159190073843
2020-01-11T16:00:00.0,bus-3-bus-4-i_6,95.90208088489348
2020-01-11T17:00:00.0,bus-3-bus-4-i_6,106.51896636254112
2020-01-11T18:00:00.0,bus-3-bus-4-i_6,106.91568989388509
2020-01-11T19:00:00.0,bus-3-bus-4-i_6,105.78657466222461
2020-01-11T20:00:00.0,bus-3-bus-4-i_6,103.74212588400536
2020-01-11T21:00:00.0,bus-3-bus-4-i_6,100.66062913033839
2020-01-11T22:00:00.0,bus-3-bus-4-i_6,97.24411173927317
2020-01-11T23:00:00.0,bus-3-bus-4-i_6,93.79777664986545
2020-01-12T00:00:00.0,bus-3-bus-4-i_6,91.41930159663325
2020-01-12T01:00:00.0,bus-3-bus-4-i_6,90.38264877829991
2020-01-12T02:00:00.0,bus-3-bus-4-i_6,89.40703446141325
2020-01-12T03:00:00.0,bus-3-bus-4-i_6,89.16313716980659
2020-01-12T04:00:00.0,bus-3-bus-4-i_6,89.58995421116991
2020-01-12T05:00:00.0,bus-3-bus-4-i_6,90.87047503925092
2020-01-12T06:00:00.0,bus-3-bus-4-i_6,92.30356181590062
2020-01-12T07:00:00.0,bus-3-bus-4-i_6,91.02292495879128
2020-01-12T08:00:00.0,bus-3-bus-4-i_6,92.1511045834254
2020-01-12T09:00:00.0,bus-3-bus-4-i_6,93.21836495180803
2020-01-12T10:00:00.0,bus-3-bus-4-i_6,92.97441887320004
2020-01-12T11:00:00.0,bus-3-bus-4-i_6,93.73677610724714
2020-01-12T12:00:00.0,bus-3-bus-4-i_6,92.91343156515215
2020-01-12T13:00:00.0,bus-3-bus-4-i_6,92.94392541692658
2020-01-12T14:00:00.0,bus-3-bus-4-i_6,92.66948355600539
2020-01-12T15:00:00.0,bus-3-bus-4-i_6,93.06589412397935
2020-01-12T16:00:00.0,bus-3-bus-4-i_6,97.00008821356165
2020-01-12T17:00:00.0,bus-3-bus-4-i_6,110.97495254240066
2020-01-12T18:00:00.0,bus-3-bus-4-i_6,113.53907865229917
2020-01-12T19:00:00.0,bus-3-bus-4-i_6,112.2264529830217
2020-01-12T20:00:00.0,bus-3-bus-4-i_6,109.87613383326101
2020-01-12T21:00:00.0,bus-3-bus-4-i_6,106.97675260602853
2020-01-12T22:00:00.0,bus-3-bus-4-i_6,103.34548777272848
2020-01-12T23:00:00.0,bus-3-bus-4-i_6,98.8607737698402
2020-01-13T00:00:00.0,bus-3-bus-4-i_6,96.11558730841112
2020-01-13T01:00:00.0,bus-3-bus-4-i_6,94.80414461024935
2020-01-13T02:00:00.0,bus-3-bus-4-i_6,94.16371543195628
2020-01-13T03:00:00.0,bus-3-bus-4-i_6,94.65166334691331
2020-01-13T04:00:00.0,bus-3-bus-4-i_6,96.35957528962174
2020-01-13T05:00:00.0,bus-3-bus-4-i_6,100.26403490600009
2020-01-13T06:00:00.0,bus-3-bus-4-i_6,104.50495474276589
2020-01-13T07:00:00.0,bus-3-bus-4-i_6,102.21656019570753
2020-01-13T08:00:00.0,bus-3-bus-4-i_6,103.04037064875912
2020-01-13T09:00:00.0,bus-3-bus-4-i_6,104.26087367003566
2020-01-13T10:00:00.0,bus-3-bus-4-i_6,102.79631400992399
2020-01-13T11:00:00.0,bus-3-bus-4-i_6,101.05721384868667
2020-01-13T12:00:00.0,bus-3-bus-4-i_6,99.53188493426136
2020-01-13T13:00:00.0,bus-3-bus-4-i_6,97.97615323669156
2020-01-13T14:00:00.0,bus-3-bus-4-i_6,96.81708200988538
2020-01-13T15:00:00.0,bus-3-bus-4-i_6,96.35957528962174
2020-01-13T16:00:00.0,bus-3-bus-4-i_6,101.08772180461449
2020-01-13T17:00:00.0,bus-3-bus-4-i_6,116.92288036178171
2020-01-13T18:00:00.0,bus-3-bus-4-i_6,112.79001487249978
2020-01-13T19:00:00.0,bus-3-bus-4-i_6,113.00426467336517
2020-01-13T20:00:00.0,bus-3-bus-4-i_6,117.04791682172915
2020-01-13T21:00:00.0,bus-3-bus-4-i_6,112.74538802167893
2020-01-13T22:00:00.0,bus-3-bus-4-i_6,106.8851725268571
2020-01-13T23:00:00.0,bus-3-bus-4-i_6,100.99621510706562
2020-01-14T00:00:00.0,bus-3-bus-4-i_6,97.76264711647136
2020-01-14T01:00:00.0,bus-3-bus-4-i_6,96.66458932646566
2020-01-14T02:00:00.0,bus-3-bus-4-i_6,95.99359012475774
2020-01-14T03:00:00.0,bus-3-bus-4-i_6,96.75608037222496
2020-01-14T04:00:00.0,bus-3-bus-4-i_6,99.10479693903754
2020-01-14T05:00:00.0,bus-3-bus-4-i_6,105.84760632402654
2020-01-14T06:00:00.0,bus-3-bus-4-i_6,113.26433716616229
2020-01-14T07:00:00.0,bus-3-bus-4-i_6,110.27292293664334
2020-01-14T08:00:00.0,bus-3-bus-4-i_6,107.00726977045032
2020-01-14T09:00:00.0,bus-3-bus-4-i_6,104.29135960659902
2020-01-14T10:00:00.0,bus-3-bus-4-i_6,101.97249977810412
2020-01-14T11:00:00.0,bus-3-bus-4-i_6,99.56237552234998
2020-01-14T12:00:00.0,bus-3-bus-4-i_6,97.70162943568646
2020-01-14T13:00:00.0,bus-3-bus-4-i_6,96.02408862652203
2020-01-14T14:00:00.0,bus-3-bus-4-i_6,95.17011541942962
2020-01-14T15:00:00.0,bus-3-bus-4-i_6,95.0786220170953
2020-01-14T16:00:00.0,bus-3-bus-4-i_6,100.08099494865652
2020-01-14T17:00:00.0,bus-3-bus-4-i_6,114.42433476987533
2020-01-14T18:00:00.0,bus-3-bus-4-i_6,117.10092824804634
2020-01-14T19:00:00.0,bus-3-bus-4-i_6,116.31719775188026
2020-01-14T20:00:00.0,bus-3-bus-4-i_6,113.38644347993663
2020-01-14T21:00:00.0,bus-3-bus-4-i_6,108.04486852025312
2020-01-14T22:00:00.0,bus-3-bus-4-i_6,101.85046182840796
2020-01-14T23:00:00.0,bus-3-bus-4-i_6,95.90208088489348
2020-01-15T00:00:00.0,bus-3-bus-4-i_6,93.61480310983721
2020-01-15T01:00:00.0,bus-3-bus-4-i_6,92.60849039451641
2020-01-15T02:00:00.0,bus-3-bus-4-i_6,92.05962307087874
2020-01-15T03:00:00.0,bus-3-bus-4-i_6,92.42553253025797
2020-01-15T04:00:00.0,bus-3-bus-4-i_6,94.65166334691331
2020-01-15T05:00:00.0,bus-3-bus-4-i_6,100.08099494865652
2020-01-15T06:00:00.0,bus-3-bus-4-i_6,107.22089463715731
2020-01-15T07:00:00.0,bus-3-bus-4-i_6,104.41341379378844
2020-01-15T08:00:00.0,bus-3-bus-4-i_6,101.88095247845743
2020-01-15T09:00:00.0,bus-3-bus-4-i_6,99.86746890483185
2020-01-15T10:00:00.0,bus-3-bus-4-i_6,99.22683132660666
2020-01-15T11:00:00.0,bus-3-bus-4-i_6,98.09817850360992
2020-01-15T12:00:00.0,bus-3-bus-4-i_6,97.45762413661079
2020-01-15T13:00:00.0,bus-3-bus-4-i_6,96.75608037222496
2020-01-15T14:00:00.0,bus-3-bus-4-i_6,95.62760011791063
2020-01-15T15:00:00.0,bus-3-bus-4-i_6,95.10912879286622
2020-01-15T16:00:00.0,bus-3-bus-4-i_6,99.53188493426136
2020-01-15T17:00:00.0,bus-3-bus-4-i_6,112.53170787196922
2020-01-15T18:00:00.0,bus-3-bus-4-i_6,114.63807982088457
2020-01-15T19:00:00.0,bus-3-bus-4-i_6,112.89797766272684
2020-01-15T20:00:00.0,bus-3-bus-4-i_6,109.44879873597995
2020-01-15T21:00:00.0,bus-3-bus-4-i_6,104.26087367003566
2020-01-15T22:00:00.0,bus-3-bus-4-i_6,97.82365235496762
2020-01-15T23:00:00.0,bus-3-bus-4-i_6,92.97441887320004
2020-01-16T00:00:00.0,bus-3-bus-4-i_6,90.44362675186714
2020-01-16T01:00:00.0,bus-3-bus-4-i_6,89.58995421116991
2020-01-16T02:00:00.0,bus-3-bus-4-i_6,89.55946679949082
2020-01-16T03:00:00.0,bus-3-bus-4-i_6,89.98629466712337
2020-01-16T04:00:00.0,bus-3-bus-4-i_6,91.11439562317689
2020-01-16T05:00:00.0,bus-3-bus-4-i_6,95.04812427430535
2020-01-16T06:00:00.0,bus-3-bus-4-i_6,101.27079009508127
2020-01-16T07:00:00.0,bus-3-bus-4-i_6,100.93518148737274
2020-01-16T08:00:00.0,bus-3-bus-4-i_6,100.69111935584516
2020-01-16T09:00:00.0,bus-3-bus-4-i_6,99.74541027658827
2020-01-16T10:00:00.0,bus-3-bus-4-i_6,97.61013495641824
2020-01-16T11:00:00.0,bus-3-bus-4-i_6,96.90858485007526
2020-01-16T12:00:00.0,bus-3-bus-4-i_6,96.14608697859765
2020-01-16T13:00:00.0,bus-3-bus-4-i_6,95.26161858722591
2020-01-16T14:00:00.0,bus-3-bus-4-i_6,94.77364750027871
2020-01-16T15:00:00.0,bus-3-bus-4-i_6,94.7431589967377
2020-01-16T16:00:00.0,bus-3-bus-4-i_6,98.40319915179683
2020-01-16T17:00:00.0,bus-3-bus-4-i_6,112.28750287187887
2020-01-16T18:00:00.0,bus-3-bus-4-i_6,115.82871908937358
2020-01-16T19:00:00.0,bus-3-bus-4-i_6,115.92026296813845
2020-01-16T20:00:00.0,bus-3-bus-4-i_6,113.17271417668738
2020-01-16T21:00:00.0,bus-3-bus-4-i_6,108.13645568345831
2020-01-16T22:00:00.0,bus-3-bus-4-i_6,101.48435119736293
2020-01-16T23:00:00.0,bus-3-bus-4-i_6,96.23758681056343
2020-01-17T00:00:00.0,bus-3-bus-4-i_6,94.46867867941587
2020-01-17T01:00:00.0,bus-3-bus-4-i_6,93.431826520408
2020-01-17T02:00:00.0,bus-3-bus-4-i_6,93.2488589782593
2020-01-17T03:00:00.0,bus-3-bus-4-i_6,94.07223522554007
2020-01-17T04:00:00.0,bus-3-bus-4-i_6,96.29857532354379
2020-01-17T05:00:00.0,bus-3-bus-4-i_6,102.12503011797263
2020-01-17T06:00:00.0,bus-3-bus-4-i_6,109.44879873597995
2020-01-17T07:00:00.0,bus-3-bus-4-i_6,107.25141216096557
2020-01-17T08:00:00.0,bus-3-bus-4-i_6,105.17629258456596
2020-01-17T09:00:00.0,bus-3-bus-4-i_6,103.2234197731476
2020-01-17T10:00:00.0,bus-3-bus-4-i_6,101.08772180461449
2020-01-17T11:00:00.0,bus-3-bus-4-i_6,98.67774792015625
2020-01-17T12:00:00.0,bus-3-bus-4-i_6,97.15259477315598
2020-01-17T13:00:00.0,bus-3-bus-4-i_6,96.42057556799782
2020-01-17T14:00:00.0,bus-3-bus-4-i_6,94.77364750027871
2020-01-17T15:00:00.0,bus-3-bus-4-i_6,94.16371543195628
2020-01-17T16:00:00.0,bus-3-bus-4-i_6,97.45762413661079
2020-01-17T17:00:00.0,bus-3-bus-4-i_6,110.51710466740339
2020-01-17T18:00:00.0,bus-3-bus-4-i_6,114.05804952149312
2020-01-17T19:00:00.0,bus-3-bus-4-i_6,113.93593878868842
2020-01-17T20:00:00.0,bus-3-bus-4-i_6,112.53170787196922
2020-01-17T21:00:00.0,bus-3-bus-4-i_6,109.87613383326101
2020-01-17T22:00:00.0,bus-3-bus-4-i_6,104.87114600296464
2020-01-17T23:00:00.0,bus-3-bus-4-i_6,100.44707674036928
2020-01-18T00:00:00.0,bus-3-bus-4-i_6,98.15918544573043
2020-01-18T01:00:00.0,bus-3-bus-4-i_6,96.75608037222496
2020-01-18T02:00:00.0,bus-3-bus-4-i_6,96.08508769298226
2020-01-18T03:00:00.0,bus-3-bus-4-i_6,96.4510757172414
2020-01-18T04:00:00.0,bus-3-bus-4-i_6,97.76264711647136
2020-01-18T05:00:00.0,bus-3-bus-4-i_6,100.59959698108526
2020-01-18T06:00:00.0,bus-3-bus-4-i_6,103.55905168746379
2020-01-18T07:00:00.0,bus-3-bus-4-i_6,101.88095247845743
2020-01-18T08:00:00.0,bus-3-bus-4-i_6,101.63687793383798
2020-01-18T09:00:00.0,bus-3-bus-4-i_6,101.39280648436595
2020-01-18T10:00:00.0,bus-3-bus-4-i_6,99.37935794652581
2020-01-18T11:00:00.0,bus-3-bus-4-i_6,96.20708648933731
2020-01-18T12:00:00.0,bus-3-bus-4-i_6,94.59067392395912
2020-01-18T13:00:00.0,bus-3-bus-4-i_6,93.00491277878524
2020-01-18T14:00:00.0,bus-3-bus-4-i_6,92.21208437361135
2020-01-18T15:00:00.0,bus-3-bus-4-i_6,91.96815298359921
2020-01-18T16:00:00.0,bus-3-bus-4-i_6,95.53610407580157
2020-01-18T17:00:00.0,bus-3-bus-4-i_6,108.47214146473594
2020-01-18T18:00:00.0,bus-3-bus-4-i_6,111.43280960239635
2020-01-18T19:00:00.0,bus-3-bus-4-i_6,110.8223352815577
2020-01-18T20:00:00.0,bus-3-bus-4-i_6,109.54039444643962
2020-01-18T21:00:00.0,bus-3-bus-4-i_6,107.31242115797268
2020-01-18T22:00:00.0,bus-3-bus-4-i_6,104.26087367003566
2020-01-18T23:00:00.0,bus-3-bus-4-i_6,100.01998214968779
2020-01-19T00:00:00.0,bus-3-bus-4-i_6,97.61013495641824
2020-01-19T01:00:00.0,bus-3-bus-4-i_6,95.81059362264287
2020-01-19T02:00:00.0,bus-3-bus-4-i_6,95.13962662903592
2020-01-19T03:00:00.0,bus-3-bus-4-i_6,94.65166334691331
2020-01-19T04:00:00.0,bus-3-bus-4-i_6,95.01763557530151
2020-01-19T05:00:00.0,bus-3-bus-4-i_6,95.53610407580157
2020-01-19T06:00:00.0,bus-3-bus-4-i_6,97.03058933961114
2020-01-19T07:00:00.0,bus-3-bus-4-i_6,96.17658719654187
2020-01-19T08:00:00.0,bus-3-bus-4-i_6,97.76264711647136
2020-01-19T09:00:00.0,bus-3-bus-4-i_6,98.00666928484507
2020-01-19T10:00:00.0,bus-3-bus-4-i_6,96.63407776421667
2020-01-19T11:00:00.0,bus-3-bus-4-i_6,95.6580889220479
2020-01-19T12:00:00.0,bus-3-bus-4-i_6,94.22471553019354
2020-01-19T13:00:00.0,bus-3-bus-4-i_6,92.97441887320004
2020-01-19T14:00:00.0,bus-3-bus-4-i_6,91.7852019197958
2020-01-19T15:00:00.0,bus-3-bus-4-i_6,92.21208437361135
2020-01-19T16:00:00.0,bus-3-bus-4-i_6,95.38361177683426
2020-01-19T17:00:00.0,bus-3-bus-4-i_6,108.19749456540286
2020-01-19T18:00:00.0,bus-3-bus-4-i_6,111.46333422128367
2020-01-19T19:00:00.0,bus-3-bus-4-i_6,111.28019043863304
2020-01-19T20:00:00.0,bus-3-bus-4-i_6,109.11309926439033
2020-01-19T21:00:00.0,bus-3-bus-4-i_6,104.9932043072371
2020-01-19T22:00:00.0,bus-3-bus-4-i_6,100.50809204026623
2020-01-19T23:00:00.0,bus-3-bus-4-i_6,96.20708648933731
2020-01-20T00:00:00.0,bus-3-bus-4-i_6,93.5538056264162
2020-01-20T01:00:00.0,bus-3-bus-4-i_6,92.51701135466925
2020-01-20T02:00:00.0,bus-3-bus-4-i_6,92.39503987666862
2020-01-20T03:00:00.0,bus-3-bus-4-i_6,93.18787060966216
2020-01-20T04:00:00.0,bus-3-bus-4-i_6,95.50559571777936
2020-01-20T05:00:00.0,bus-3-bus-4-i_6,101.20975512011657
2020-01-20T06:00:00.0,bus-3-bus-4-i_6,108.10590703289158
2020-01-20T07:00:00.0,bus-3-bus-4-i_6,106.15276718485657
2020-01-20T08:00:00.0,bus-3-bus-4-i_6,104.41341379378844
2020-01-20T09:00:00.0,bus-3-bus-4-i_6,102.97932746653542
2020-01-20T10:00:00.0,bus-3-bus-4-i_6,100.93518148737274
2020-01-20T11:00:00.0,bus-3-bus-4-i_6,98.73875683526772
2020-01-20T12:00:00.0,bus-3-bus-4-i_6,97.73214457735142
2020-01-20T13:00:00.0,bus-3-bus-4-i_6,96.32908614859856
2020-01-20T14:00:00.0,bus-3-bus-4-i_6,95.38361177683426
2020-01-20T15:00:00.0,bus-3-bus-4-i_6,94.7431589967377
2020-01-20T16:00:00.0,bus-3-bus-4-i_6,97.97615323669156
2020-01-20T17:00:00.0,bus-3-bus-4-i_6,111.9212021398381
2020-01-20T18:00:00.0,bus-3-bus-4-i_6,115.6150108713321
2020-01-20T19:00:00.0,bus-3-bus-4-i_6,115.00442550881331
2020-01-20T20:00:00.0,bus-3-bus-4-i_6,112.53170787196922
2020-01-20T21:00:00.0,bus-3-bus-4-i_6,106.82413764851604
2020-01-20T22:00:00.0,bus-3-bus-4-i_6,100.87416558348419
2020-01-20T23:00:00.0,bus-3-bus-4-i_6,95.4750164922498
2020-01-21T00:00:00.0,bus-3-bus-4-i_6,92.8524375569577
2020-01-21T01:00:00.0,bus-3-bus-4-i_6,91.87667171212024
2020-01-21T02:00:00.0,bus-3-bus-4-i_6,91.96815298359921
2020-01-21T03:00:00.0,bus-3-bus-4-i_6,92.8524375569577
2020-01-21T04:00:00.0,bus-3-bus-4-i_6,95.32261489780187
2020-01-21T05:00:00.0,bus-3-bus-4-i_6,100.7216270809322
2020-01-21T06:00:00.0,bus-3-bus-4-i_6,107.43452196634126
2020-01-21T07:00:00.0,bus-3-bus-4-i_6,104.62701016570128
2020-01-21T08:00:00.0,bus-3-bus-4-i_6,103.46753640903168
2020-01-21T09:00:00.0,bus-3-bus-4-i_6,102.3691113004092
2020-01-21T10:00:00.0,bus-3-bus-4-i_6,99.5013643155546
2020-01-21T11:00:00.0,bus-3-bus-4-i_6,98.15918544573043
2020-01-21T12:00:00.0,bus-3-bus-4-i_6,96.72557961143976
2020-01-21T13:00:00.0,bus-3-bus-4-i_6,95.71908640744132
2020-01-21T14:00:00.0,bus-3-bus-4-i_6,95.59710138204649
2020-01-21T15:00:00.0,bus-3-bus-4-i_6,95.32261489780187
2020-01-21T16:00:00.0,bus-3-bus-4-i_6,97.54913046747427
2020-01-21T17:00:00.0,bus-3-bus-4-i_6,110.76129299746111
2020-01-21T18:00:00.0,bus-3-bus-4-i_6,114.91283808574897
2020-01-21T19:00:00.0,bus-3-bus-4-i_6,114.05804952149312
2020-01-21T20:00:00.0,bus-3-bus-4-i_6,111.67700424998203
2020-01-21T21:00:00.0,bus-3-bus-4-i_6,107.06830574966774
2020-01-21T22:00:00.0,bus-3-bus-4-i_6,100.59959698108526
2020-01-21T23:00:00.0,bus-3-bus-4-i_6,95.93258007368533
2020-01-22T00:00:00.0,bus-3-bus-4-i_6,93.21836495180803
2020-01-22T01:00:00.0,bus-3-bus-4-i_6,91.90716327255919
2020-01-22T02:00:00.0,bus-3-bus-4-i_6,91.5412655892649
2020-01-22T03:00:00.0,bus-3-bus-4-i_6,91.96815298359921
2020-01-22T04:00:00.0,bus-3-bus-4-i_6,94.04173933359436
2020-01-22T05:00:00.0,bus-3-bus-4-i_6,99.31834730238023
2020-01-22T06:00:00.0,bus-3-bus-4-i_6,106.06124379178623
2020-01-22T07:00:00.0,bus-3-bus-4-i_6,103.65060969767961
2020-01-22T08:00:00.0,bus-3-bus-4-i_6,101.6063686801391
2020-01-22T09:00:00.0,bus-3-bus-4-i_6,100.26403490600009
2020-01-22T10:00:00.0,bus-3-bus-4-i_6,97.9151476304615
2020-01-22T11:00:00.0,bus-3-bus-4-i_6,96.57307691898708
2020-01-22T12:00:00.0,bus-3-bus-4-i_6,95.56660270132522
2020-01-22T13:00:00.0,bus-3-bus-4-i_6,94.71265326796224
2020-01-22T14:00:00.0,bus-3-bus-4-i_6,93.88926587854367
2020-01-22T15:00:00.0,bus-3-bus-4-i_6,93.73677610724714
2020-01-22T16:00:00.0,bus-3-bus-4-i_6,97.03058933961114
2020-01-22T17:00:00.0,bus-3-bus-4-i_6,107.95331107578751
2020-01-22T18:00:00.0,bus-3-bus-4-i_6,111.15809446184564
2020-01-22T19:00:00.0,bus-3-bus-4-i_6,110.18135558485933
2020-01-22T20:00:00.0,bus-3-bus-4-i_6,107.95331107578751
2020-01-22T21:00:00.0,bus-3-bus-4-i_6,103.74212588400536
2020-01-22T22:00:00.0,bus-3-bus-4-i_6,97.48812585901594
2020-01-22T23:00:00.0,bus-3-bus-4-i_6,93.61480310983721
2020-01-23T00:00:00.0,bus-3-bus-4-i_6,91.60224791740647
2020-01-23T01:00:00.0,bus-3-bus-4-i_6,90.99243488567501
2020-01-23T02:00:00.0,bus-3-bus-4-i_6,90.74852044261281
2020-01-23T03:00:00.0,bus-3-bus-4-i_6,91.08390537533431
2020-01-23T04:00:00.0,bus-3-bus-4-i_6,93.06589412397935
2020-01-23T05:00:00.0,bus-3-bus-4-i_6,97.9151476304615
2020-01-23T06:00:00.0,bus-3-bus-4-i_6,104.68803821554111
2020-01-23T07:00:00.0,bus-3-bus-4-i_6,101.72840543319535
2020-01-23T08:00:00.0,bus-3-bus-4-i_6,101.33178933743974
2020-01-23T09:00:00.0,bus-3-bus-4-i_6,100.26403490600009
2020-01-23T10:00:00.0,bus-3-bus-4-i_6,98.03715930925577
2020-01-23T11:00:00.0,bus-3-bus-4-i_6,96.96958693656612
2020-01-23T12:00:00.0,bus-3-bus-4-i_6,95.84108252935802
2020-01-23T13:00:00.0,bus-3-bus-4-i_6,94.7431589967377
2020-01-23T14:00:00.0,bus-3-bus-4-i_6,93.85875762875489
2020-01-23T15:00:00.0,bus-3-bus-4-i_6,93.70628841496398
2020-01-23T16:00:00.0,bus-3-bus-4-i_6,95.99359012475774
2020-01-23T17:00:00.0,bus-3-bus-4-i_6,108.62477165512558
2020-01-23T18:00:00.0,bus-3-bus-4-i_6,112.28750287187887
2020-01-23T19:00:00.0,bus-3-bus-4-i_6,111.67700424998203
2020-01-23T20:00:00.0,bus-3-bus-4-i_6,109.72352430542713
2020-01-23T21:00:00.0,bus-3-bus-4-i_6,104.68803821554111
2020-01-23T22:00:00.0,bus-3-bus-4-i_6,99.37935794652581
2020-01-23T23:00:00.0,bus-3-bus-4-i_6,94.19421449385827
2020-01-24T00:00:00.0,bus-3-bus-4-i_6,91.4497923505234
2020-01-24T01:00:00.0,bus-3-bus-4-i_6,90.3216674593034
2020-01-24T02:00:00.0,bus-3-bus-4-i_6,89.49849240571925
2020-01-24T03:00:00.0,bus-3-bus-4-i_6,89.68141630941714
2020-01-24T04:00:00.0,bus-3-bus-4-i_6,90.71802659424938
2020-01-24T05:00:00.0,bus-3-bus-4-i_6,94.65166334691331
2020-01-24T06:00:00.0,bus-3-bus-4-i_6,100.78265960584139
2020-01-24T07:00:00.0,bus-3-bus-4-i_6,98.95228798405482
2020-01-24T08:00:00.0,bus-3-bus-4-i_6,97.94566393670277
2020-01-24T09:00:00.0,bus-3-bus-4-i_6,97.94560526177567
2020-01-24T10:00:00.0,bus-3-bus-4-i_6,97.12209334193403
2020-01-24T11:00:00.0,bus-3-bus-4-i_6,95.99359012475774
2020-01-24T12:00:00.0,bus-3-bus-4-i_6,95.6580889220479
2020-01-24T13:00:00.0,bus-3-bus-4-i_6,94.22471553019354
2020-01-24T14:00:00.0,bus-3-bus-4-i_6,93.76728399371532
2020-01-24T15:00:00.0,bus-3-bus-4-i_6,92.97441887320004
2020-01-24T16:00:00.0,bus-3-bus-4-i_6,95.01763557530151
2020-01-24T17:00:00.0,bus-3-bus-4-i_6,106.12225083852648
2020-01-24T18:00:00.0,bus-3-bus-4-i_6,108.99101578956385
2020-01-24T19:00:00.0,bus-3-bus-4-i_6,108.13645568345831
2020-01-24T20:00:00.0,bus-3-bus-4-i_6,105.96967007547673
2020-01-24T21:00:00.0,bus-3-bus-4-i_6,103.58956396047965
2020-01-24T22:00:00.0,bus-3-bus-4-i_6,100.08099494865652
2020-01-24T23:00:00.0,bus-3-bus-4-i_6,95.59710138204649
2020-01-25T00:00:00.0,bus-3-bus-4-i_6,93.12688929983229
2020-01-25T01:00:00.0,bus-3-bus-4-i_6,92.05962307087874
2020-01-25T02:00:00.0,bus-3-bus-4-i_6,91.4497923505234
2020-01-25T03:00:00.0,bus-3-bus-4-i_6,91.38881576028476
2020-01-25T04:00:00.0,bus-3-bus-4-i_6,91.81569357376662
2020-01-25T05:00:00.0,bus-3-bus-4-i_6,93.79777664986545
2020-01-25T06:00:00.0,bus-3-bus-4-i_6,95.56660270132522
2020-01-25T07:00:00.0,bus-3-bus-4-i_6,94.19421449385827
2020-01-25T08:00:00.0,bus-3-bus-4-i_6,95.41411012605336
2020-01-25T09:00:00.0,bus-3-bus-4-i_6,96.51208721631808
2020-01-25T10:00:00.0,bus-3-bus-4-i_6,95.4750164922498
2020-01-25T11:00:00.0,bus-3-bus-4-i_6,94.86513927720867
2020-01-25T12:00:00.0,bus-3-bus-4-i_6,93.85875762875489
2020-01-25T13:00:00.0,bus-3-bus-4-i_6,92.66948355600539
2020-01-25T14:00:00.0,bus-3-bus-4-i_6,91.96815298359921
2020-01-25T15:00:00.0,bus-3-bus-4-i_6,92.12060740629326
2020-01-25T16:00:00.0,bus-3-bus-4-i_6,95.04812427430535
2020-01-25T17:00:00.0,bus-3-bus-4-i_6,106.8851725268571
2020-01-25T18:00:00.0,bus-3-bus-4-i_6,109.23518296566641
2020-01-25T19:00:00.0,bus-3-bus-4-i_6,108.10590703289158
2020-01-25T20:00:00.0,bus-3-bus-4-i_6,106.33586596305736
2020-01-25T21:00:00.0,bus-3-bus-4-i_6,103.58956396047965
2020-01-25T22:00:00.0,bus-3-bus-4-i_6,101.11824739544524
2020-01-25T23:00:00.0,bus-3-bus-4-i_6,97.15259477315598
2020-01-26T00:00:00.0,bus-3-bus-4-i_6,94.56016876430155
2020-01-26T01:00:00.0,bus-3-bus-4-i_6,93.06589412397935
2020-01-26T02:00:00.0,bus-3-bus-4-i_6,92.45602529867702
2020-01-26T03:00:00.0,bus-3-bus-4-i_6,92.42553253025797
2020-01-26T04:00:00.0,bus-3-bus-4-i_6,92.8524375569577
2020-01-26T05:00:00.0,bus-3-bus-4-i_6,94.62117116407043
2020-01-26T06:00:00.0,bus-3-bus-4-i_6,96.02408862652203
2020-01-26T07:00:00.0,bus-3-bus-4-i_6,94.52967584792104
2020-01-26T08:00:00.0,bus-3-bus-4-i_6,94.98712918850312
2020-01-26T09:00:00.0,bus-3-bus-4-i_6,95.32261489780187
2020-01-26T10:00:00.0,bus-3-bus-4-i_6,93.85875762875489
2020-01-26T11:00:00.0,bus-3-bus-4-i_6,92.88293103446202
2020-01-26T12:00:00.0,bus-3-bus-4-i_6,91.96815298359921
2020-01-26T13:00:00.0,bus-3-bus-4-i_6,91.02292495879128
2020-01-26T14:00:00.0,bus-3-bus-4-i_6,90.38264877829991
2020-01-26T15:00:00.0,bus-3-bus-4-i_6,90.50460130524009
2020-01-26T16:00:00.0,bus-3-bus-4-i_6,92.51701135466925
2020-01-26T17:00:00.0,bus-3-bus-4-i_6,103.04037064875912
2020-01-26T18:00:00.0,bus-3-bus-4-i_6,107.31242115797268
2020-01-26T19:00:00.0,bus-3-bus-4-i_6,106.91568989388509
2020-01-26T20:00:00.0,bus-3-bus-4-i_6,104.9932043072371
2020-01-26T21:00:00.0,bus-3-bus-4-i_6,101.85046182840796
2020-01-26T22:00:00.0,bus-3-bus-4-i_6,97.36611828929851
2020-01-26T23:00:00.0,bus-3-bus-4-i_6,94.04173933359436
2020-01-27T00:00:00.0,bus-3-bus-4-i_6,91.69372190669628
2020-01-27T01:00:00.0,bus-3-bus-4-i_6,90.74852044261281
2020-01-27T02:00:00.0,bus-3-bus-4-i_6,90.53509046158803
2020-01-27T03:00:00.0,bus-3-bus-4-i_6,90.8399852613884
2020-01-27T04:00:00.0,bus-3-bus-4-i_6,92.76095698028001
2020-01-27T05:00:00.0,bus-3-bus-4-i_6,98.12866852411591
2020-01-27T06:00:00.0,bus-3-bus-4-i_6,105.0237199328091
2020-01-27T07:00:00.0,bus-3-bus-4-i_6,102.52168284249632
2020-01-27T08:00:00.0,bus-3-bus-4-i_6,101.27079009508127
2020-01-27T09:00:00.0,bus-3-bus-4-i_6,99.95896882628936
2020-01-27T10:00:00.0,bus-3-bus-4-i_6,98.22019205408914
2020-01-27T11:00:00.0,bus-3-bus-4-i_6,96.60357725645639
2020-01-27T12:00:00.0,bus-3-bus-4-i_6,95.96307957134131
2020-01-27T13:00:00.0,bus-3-bus-4-i_6,95.53610407580157
2020-01-27T14:00:00.0,bus-3-bus-4-i_6,94.98712918850312
2020-01-27T15:00:00.0,bus-3-bus-4-i_6,94.52967584792104
2020-01-27T16:00:00.0,bus-3-bus-4-i_6,96.26807542285583
2020-01-27T17:00:00.0,bus-3-bus-4-i_6,107.95331107578751
2020-01-27T18:00:00.0,bus-3-bus-4-i_6,112.04326310130521
2020-01-27T19:00:00.0,bus-3-bus-4-i_6,110.91390488881649
2020-01-27T20:00:00.0,bus-3-bus-4-i_6,108.04486852025312
2020-01-27T21:00:00.0,bus-3-bus-4-i_6,103.34548777272848
2020-01-27T22:00:00.0,bus-3-bus-4-i_6,97.48812585901594
2020-01-27T23:00:00.0,bus-3-bus-4-i_6,92.21208437361135
2020-01-28T00:00:00.0,bus-3-bus-4-i_6,90.04727105754135
2020-01-28T01:00:00.0,bus-3-bus-4-i_6,89.07168044830468
2020-01-28T02:00:00.0,bus-3-bus-4-i_6,88.52293389968496
2020-01-28T03:00:00.0,bus-3-bus-4-i_6,88.79730341724982
2020-01-28T04:00:00.0,bus-3-bus-4-i_6,90.29117877571939
2020-01-28T05:00:00.0,bus-3-bus-4-i_6,94.19421449385827
2020-01-28T06:00:00.0,bus-3-bus-4-i_6,99.0743069404218
2020-01-28T07:00:00.0,bus-3-bus-4-i_6,97.36611828929851
2020-01-28T08:00:00.0,bus-3-bus-4-i_6,96.84758282282611
2020-01-28T09:00:00.0,bus-3-bus-4-i_6,97.45762413661079
2020-01-28T10:00:00.0,bus-3-bus-4-i_6,96.63407776421667
2020-01-28T11:00:00.0,bus-3-bus-4-i_6,95.99359012475774
2020-01-28T12:00:00.0,bus-3-bus-4-i_6,95.96307957134131
2020-01-28T13:00:00.0,bus-3-bus-4-i_6,94.77364750027871
2020-01-28T14:00:00.0,bus-3-bus-4-i_6,91.63274451659788
2020-01-28T15:00:00.0,bus-3-bus-4-i_6,91.17538343318571
2020-01-28T16:00:00.0,bus-3-bus-4-i_6,92.88293103446202
2020-01-28T17:00:00.0,bus-3-bus-4-i_6,102.46064251933032
2020-01-28T18:00:00.0,bus-3-bus-4-i_6,106.42741603280497
2020-01-28T19:00:00.0,bus-3-bus-4-i_6,105.32884362665034
2020-01-28T20:00:00.0,bus-3-bus-4-i_6,103.2234197731476
2020-01-28T21:00:00.0,bus-3-bus-4-i_6,99.01329737048835
2020-01-28T22:00:00.0,bus-3-bus-4-i_6,93.95024425549668
2020-01-28T23:00:00.0,bus-3-bus-4-i_6,90.01678271304468
2020-01-29T00:00:00.0,bus-3-bus-4-i_6,87.97420133714152
2020-01-29T01:00:00.0,bus-3-bus-4-i_6,87.18164269984767
2020-01-29T02:00:00.0,bus-3-bus-4-i_6,86.8158566115546
2020-01-29T03:00:00.0,bus-3-bus-4-i_6,86.93778445172926
2020-01-29T04:00:00.0,bus-3-bus-4-i_6,87.97420133714152
2020-01-29T05:00:00.0,bus-3-bus-4-i_6,91.23636181190497
2020-01-29T06:00:00.0,bus-3-bus-4-i_6,94.28569993370013
2020-01-29T07:00:00.0,bus-3-bus-4-i_6,95.50559571777936
2020-01-29T08:00:00.0,bus-3-bus-4-i_6,94.7431589967377
2020-01-29T09:00:00.0,bus-3-bus-4-i_6,95.99359012475774
2020-01-29T10:00:00.0,bus-3-bus-4-i_6,96.11558730841112
2020-01-29T11:00:00.0,bus-3-bus-4-i_6,95.99359012475774
2020-01-29T12:00:00.0,bus-3-bus-4-i_6,95.4750164922498
2020-01-29T13:00:00.0,bus-3-bus-4-i_6,94.9261340918398
2020-01-29T14:00:00.0,bus-3-bus-4-i_6,95.13962662903592
2020-01-29T15:00:00.0,bus-3-bus-4-i_6,94.65166334691331
2020-01-29T16:00:00.0,bus-3-bus-4-i_6,96.02408862652203
2020-01-29T17:00:00.0,bus-3-bus-4-i_6,105.87812210543386
2020-01-29T18:00:00.0,bus-3-bus-4-i_6,109.72352430542713
2020-01-29T19:00:00.0,bus-3-bus-4-i_6,109.05205847884547
2020-01-29T20:00:00.0,bus-3-bus-4-i_6,106.03070235377923
2020-01-29T21:00:00.0,bus-3-bus-4-i_6,102.06401062043575
2020-01-29T22:00:00.0,bus-3-bus-4-i_6,96.8780838291463
2020-01-29T23:00:00.0,bus-3-bus-4-i_6,92.05962307087874
2020-01-30T00:00:00.0,bus-3-bus-4-i_6,89.55946679949082
2020-01-30T01:00:00.0,bus-3-bus-4-i_6,88.73633412925044
2020-01-30T02:00:00.0,bus-3-bus-4-i_6,88.5534192187494
2020-01-30T03:00:00.0,bus-3-bus-4-i_6,88.76681778054486
2020-01-30T04:00:00.0,bus-3-bus-4-i_6,90.2302013440878
2020-01-30T05:00:00.0,bus-3-bus-4-i_6,94.19421449385827
2020-01-30T06:00:00.0,bus-3-bus-4-i_6,99.56237552234998
2020-01-30T07:00:00.0,bus-3-bus-4-i_6,98.03715930925577
2020-01-30T08:00:00.0,bus-3-bus-4-i_6,97.94566393670277
2020-01-30T09:00:00.0,bus-3-bus-4-i_6,97.06109048152243
2020-01-30T10:00:00.0,bus-3-bus-4-i_6,96.51208721631808
2020-01-30T11:00:00.0,bus-3-bus-4-i_6,95.6580889220479
2020-01-30T12:00:00.0,bus-3-bus-4-i_6,95.53610407580157
2020-01-30T13:00:00.0,bus-3-bus-4-i_6,95.4750164922498
2020-01-30T14:00:00.0,bus-3-bus-4-i_6,95.0786220170953
2020-01-30T15:00:00.0,bus-3-bus-4-i_6,94.77364750027871
2020-01-30T16:00:00.0,bus-3-bus-4-i_6,96.14608697859765
2020-01-30T17:00:00.0,bus-3-bus-4-i_6,106.18328354084919
2020-01-30T18:00:00.0,bus-3-bus-4-i_6,109.54039444643962
2020-01-30T19:00:00.0,bus-3-bus-4-i_6,108.35009254488817
2020-01-30T20:00:00.0,bus-3-bus-4-i_6,105.96967007547673
2020-01-30T21:00:00.0,bus-3-bus-4-i_6,101.05721384868667
2020-01-30T22:00:00.0,bus-3-bus-4-i_6,95.84108252935802
2020-01-30T23:00:00.0,bus-3-bus-4-i_6,91.87667171212024
2020-01-31T00:00:00.0,bus-3-bus-4-i_6,89.37654420492905
2020-01-31T01:00:00.0,bus-3-bus-4-i_6,88.27905400650864
2020-01-31T02:00:00.0,bus-3-bus-4-i_6,87.82178975557163
2020-01-31T03:00:00.0,bus-3-bus-4-i_6,87.88275746862465
2020-01-31T04:00:00.0,bus-3-bus-4-i_6,89.04119172718828
2020-01-31T05:00:00.0,bus-3-bus-4-i_6,92.51701135466925
2020-01-31T06:00:00.0,bus-3-bus-4-i_6,97.12209334193403
2020-01-31T07:00:00.0,bus-3-bus-4-i_6,95.84108252935802
2020-01-31T08:00:00.0,bus-3-bus-4-i_6,96.08508769298226
2020-01-31T09:00:00.0,bus-3-bus-4-i_6,96.48157577255849
2020-01-31T10:00:00.0,bus-3-bus-4-i_6,96.26807542285583
2020-01-31T11:00:00.0,bus-3-bus-4-i_6,96.23758681056343
2020-01-31T12:00:00.0,bus-3-bus-4-i_6,95.41411012605336
2020-01-31T13:00:00.0,bus-3-bus-4-i_6,95.17011541942962
2020-01-31T14:00:00.0,bus-3-bus-4-i_6,94.68215636021854
2020-01-31T15:00:00.0,bus-3-bus-4-i_6,94.31620432005118
2020-01-31T16:00:00.0,bus-3-bus-4-i_6,94.71265326796224
2020-01-31T17:00:00.0,bus-3-bus-4-i_6,103.34548777272848
2020-01-31T18:00:00.0,bus-3-bus-4-i_6,107.12931340355505
2020-01-31T19:00:00.0,bus-3-bus-4-i_6,105.48141934349482
2020-01-31T20:00:00.0,bus-3-bus-4-i_6,103.34548777272848
2020-01-31T21:00:00.0,bus-3-bus-4-i_6,100.56908965946553
2020-01-31T22:00:00.0,bus-3-bus-4-i_6,97.06109048152243
2020-01-31T23:00:00.0,bus-3-bus-4-i_6,93.27935357150552
2020-02-01T00:00:00.0,bus-3-bus-4-i_6,87.18164269984767
2020-02-01T01:00:00.0,bus-3-bus-4-i_6,86.08431153521047
2020-02-01T02:00:00.0,bus-3-bus-4-i_6,85.47471654457877
2020-02-01T03:00:00.0,bus-3-bus-4-i_6,85.44423893070321
2020-02-01T04:00:00.0,bus-3-bus-4-i_6,86.11479089562388
2020-02-01T05:00:00.0,bus-3-bus-4-i_6,87.76082219545873
2020-02-01T06:00:00.0,bus-3-bus-4-i_6,88.85827521305684
2020-02-01T07:00:00.0,bus-3-bus-4-i_6,87.91324256576594
2020-02-01T08:00:00.0,bus-3-bus-4-i_6,89.31557043374876
2020-02-01T09:00:00.0,bus-3-bus-4-i_6,90.4741158274601
2020-02-01T10:00:00.0,bus-3-bus-4-i_6,89.77288250495701
2020-02-01T11:00:00.0,bus-3-bus-4-i_6,89.37654420492905
2020-02-01T12:00:00.0,bus-3-bus-4-i_6,88.64487731731752
2020-02-01T13:00:00.0,bus-3-bus-4-i_6,88.15711549449422
2020-02-01T14:00:00.0,bus-3-bus-4-i_6,87.60840436304582
2020-02-01T15:00:00.0,bus-3-bus-4-i_6,87.54743891420758
2020-02-01T16:00:00.0,bus-3-bus-4-i_6,89.25459966647433
2020-02-01T17:00:00.0,bus-3-bus-4-i_6,99.71490439002223
2020-02-01T18:00:00.0,bus-3-bus-4-i_6,102.61319533209145
2020-02-01T19:00:00.0,bus-3-bus-4-i_6,101.42333353473778
2020-02-01T20:00:00.0,bus-3-bus-4-i_6,99.19632673637275
2020-02-01T21:00:00.0,bus-3-bus-4-i_6,96.17658719654187
2020-02-01T22:00:00.0,bus-3-bus-4-i_6,93.27935357150552
2020-02-01T23:00:00.0,bus-3-bus-4-i_6,89.58995421116991
2020-02-02T00:00:00.0,bus-3-bus-4-i_6,86.60248570591736
2020-02-02T01:00:00.0,bus-3-bus-4-i_6,85.01753931221657
2020-02-02T02:00:00.0,bus-3-bus-4-i_6,84.34703360158096
2020-02-02T03:00:00.0,bus-3-bus-4-i_6,84.1641743541919
2020-02-02T04:00:00.0,bus-3-bus-4-i_6,84.2556036933065
2020-02-02T05:00:00.0,bus-3-bus-4-i_6,85.44423893070321
2020-02-02T06:00:00.0,bus-3-bus-4-i_6,86.14527133076659
2020-02-02T07:00:00.0,bus-3-bus-4-i_6,85.10897183208483
2020-02-02T08:00:00.0,bus-3-bus-4-i_6,86.57200425567886
2020-02-02T09:00:00.0,bus-3-bus-4-i_6,88.12663101101006
2020-02-02T10:00:00.0,bus-3-bus-4-i_6,88.18760176899234
2020-02-02T11:00:00.0,bus-3-bus-4-i_6,88.34002377575825
2020-02-02T12:00:00.0,bus-3-bus-4-i_6,88.15711549449422
2020-02-02T13:00:00.0,bus-3-bus-4-i_6,87.76082219545873
2020-02-02T14:00:00.0,bus-3-bus-4-i_6,87.05971316468221
2020-02-02T15:00:00.0,bus-3-bus-4-i_6,86.57200425567886
2020-02-02T16:00:00.0,bus-3-bus-4-i_6,86.93778445172926
2020-02-02T17:00:00.0,bus-3-bus-4-i_6,94.89563678024851
2020-02-02T18:00:00.0,bus-3-bus-4-i_6,98.52521419388893
2020-02-02T19:00:00.0,bus-3-bus-4-i_6,99.68441421501541
2020-02-02T20:00:00.0,bus-3-bus-4-i_6,99.71490439002223
2020-02-02T21:00:00.0,bus-3-bus-4-i_6,96.05457762199875
2020-02-02T22:00:00.0,bus-3-bus-4-i_6,92.27307530550732
2020-02-02T23:00:00.0,bus-3-bus-4-i_6,88.37050865375893
2020-02-03T00:00:00.0,bus-3-bus-4-i_6,86.41959810197201
2020-02-03T01:00:00.0,bus-3-bus-4-i_6,85.5661553829935
2020-02-03T02:00:00.0,bus-3-bus-4-i_6,85.56615549770916
2020-02-03T03:00:00.0,bus-3-bus-4-i_6,86.08431153521047
2020-02-03T04:00:00.0,bus-3-bus-4-i_6,88.06566228595337
2020-02-03T05:00:00.0,bus-3-bus-4-i_6,93.27935357150552
2020-02-03T06:00:00.0,bus-3-bus-4-i_6,99.77593162864108
2020-02-03T07:00:00.0,bus-3-bus-4-i_6,97.85414227035967
2020-02-03T08:00:00.0,bus-3-bus-4-i_6,96.84758282282611
2020-02-03T09:00:00.0,bus-3-bus-4-i_6,95.4750164922498
2020-02-03T10:00:00.0,bus-3-bus-4-i_6,94.65166334691331
2020-02-03T11:00:00.0,bus-3-bus-4-i_6,93.46232119846833
2020-02-03T12:00:00.0,bus-3-bus-4-i_6,92.54750411447397
2020-02-03T13:00:00.0,bus-3-bus-4-i_6,91.84617965290613
2020-02-03T14:00:00.0,bus-3-bus-4-i_6,90.99243488567501
2020-02-03T15:00:00.0,bus-3-bus-4-i_6,90.13873591994407
2020-02-03T16:00:00.0,bus-3-bus-4-i_6,92.05962307087874
2020-02-03T17:00:00.0,bus-3-bus-4-i_6,104.41341379378844
2020-02-03T18:00:00.0,bus-3-bus-4-i_6,110.059266499798
2020-02-03T19:00:00.0,bus-3-bus-4-i_6,109.75404574606395
2020-02-03T20:00:00.0,bus-3-bus-4-i_6,107.52607680209536
2020-02-03T21:00:00.0,bus-3-bus-4-i_6,102.09452036803167
2020-02-03T22:00:00.0,bus-3-bus-4-i_6,95.96307957134131
2020-02-03T23:00:00.0,bus-3-bus-4-i_6,91.0534151765582
2020-02-04T00:00:00.0,bus-3-bus-4-i_6,88.70584846457892
2020-02-04T01:00:00.0,bus-3-bus-4-i_6,87.45598873763356
2020-02-04T02:00:00.0,bus-3-bus-4-i_6,87.30357435408536
2020-02-04T03:00:00.0,bus-3-bus-4-i_6,88.0351808745111
2020-02-04T04:00:00.0,bus-3-bus-4-i_6,90.3216674593034
2020-02-04T05:00:00.0,bus-3-bus-4-i_6,96.02408862652203
2020-02-04T06:00:00.0,bus-3-bus-4-i_6,102.76574979378456
2020-02-04T07:00:00.0,bus-3-bus-4-i_6,100.38606135704728
2020-02-04T08:00:00.0,bus-3-bus-4-i_6,98.64724430769678
2020-02-04T09:00:00.0,bus-3-bus-4-i_6,97.06109048152243
2020-02-04T10:00:00.0,bus-3-bus-4-i_6,94.9261340918398
2020-02-04T11:00:00.0,bus-3-bus-4-i_6,93.3098478697221
2020-02-04T12:00:00.0,bus-3-bus-4-i_6,92.24257682582426
2020-02-04T13:00:00.0,bus-3-bus-4-i_6,91.99863884354858
2020-02-04T14:00:00.0,bus-3-bus-4-i_6,91.48028344790187
2020-02-04T15:00:00.0,bus-3-bus-4-i_6,82.33571485205474
2020-02-04T16:00:00.0,bus-3-bus-4-i_6,81.75675065281135
2020-02-04T17:00:00.0,bus-3-bus-4-i_6,102.24707038039946
2020-02-04T18:00:00.0,bus-3-bus-4-i_6,106.24434262665739
2020-02-04T19:00:00.0,bus-3-bus-4-i_6,107.70918873284505
2020-02-04T20:00:00.0,bus-3-bus-4-i_6,104.81009474989642
2020-02-04T21:00:00.0,bus-3-bus-4-i_6,101.88095247845743
2020-02-04T22:00:00.0,bus-3-bus-4-i_6,95.7800843645485
2020-02-04T23:00:00.0,bus-3-bus-4-i_6,89.89483047402396
2020-02-05T00:00:00.0,bus-3-bus-4-i_6,87.76082219545873
2020-02-05T01:00:00.0,bus-3-bus-4-i_6,86.90730239878985
2020-02-05T02:00:00.0,bus-3-bus-4-i_6,86.35863612602918
2020-02-05T03:00:00.0,bus-3-bus-4-i_6,86.93778445172926
2020-02-05T04:00:00.0,bus-3-bus-4-i_6,88.82778927231523
2020-02-05T05:00:00.0,bus-3-bus-4-i_6,94.16371543195628
2020-02-05T06:00:00.0,bus-3-bus-4-i_6,99.65390835171996
2020-02-05T07:00:00.0,bus-3-bus-4-i_6,97.51862830352968
2020-02-05T08:00:00.0,bus-3-bus-4-i_6,95.84108252935802
2020-02-05T09:00:00.0,bus-3-bus-4-i_6,95.26161858722591
2020-02-05T10:00:00.0,bus-3-bus-4-i_6,93.64529048998772
2020-02-05T11:00:00.0,bus-3-bus-4-i_6,93.64529057789295
2020-02-05T12:00:00.0,bus-3-bus-4-i_6,92.69997002490969
2020-02-05T13:00:00.0,bus-3-bus-4-i_6,92.09011523939141
2020-02-05T14:00:00.0,bus-3-bus-4-i_6,92.12060740629326
2020-02-05T15:00:00.0,bus-3-bus-4-i_6,91.75470482580846
2020-02-05T16:00:00.0,bus-3-bus-4-i_6,92.91343156515215
2020-02-05T17:00:00.0,bus-3-bus-4-i_6,101.45384230673625
2020-02-05T18:00:00.0,bus-3-bus-4-i_6,106.48847626077563
2020-02-05T19:00:00.0,bus-3-bus-4-i_6,106.39689927566869
2020-02-05T20:00:00.0,bus-3-bus-4-i_6,103.10137335493592
2020-02-05T21:00:00.0,bus-3-bus-4-i_6,98.8302698688148
2020-02-05T22:00:00.0,bus-3-bus-4-i_6,93.49281582346794
2020-02-05T23:00:00.0,bus-3-bus-4-i_6,88.34002377575825
2020-02-06T00:00:00.0,bus-3-bus-4-i_6,86.23671301123419
2020-02-06T01:00:00.0,bus-3-bus-4-i_6,85.13945019078018
2020-02-06T02:00:00.0,bus-3-bus-4-i_6,84.77371649079973
2020-02-06T03:00:00.0,bus-3-bus-4-i_6,85.07849566348959
2020-02-06T04:00:00.0,bus-3-bus-4-i_6,86.78537500844268
2020-02-06T05:00:00.0,bus-3-bus-4-i_6,91.32782916523918
2020-02-06T06:00:00.0,bus-3-bus-4-i_6,96.66458932646566
2020-02-06T07:00:00.0,bus-3-bus-4-i_6,94.28569993370013
2020-02-06T08:00:00.0,bus-3-bus-4-i_6,93.5538056264162
2020-02-06T09:00:00.0,bus-3-bus-4-i_6,93.3098478697221
2020-02-06T10:00:00.0,bus-3-bus-4-i_6,93.5538056264162
2020-02-06T11:00:00.0,bus-3-bus-4-i_6,92.91343156515215
2020-02-06T12:00:00.0,bus-3-bus-4-i_6,93.09638809326243
2020-02-06T13:00:00.0,bus-3-bus-4-i_6,93.06589412397935
2020-02-06T14:00:00.0,bus-3-bus-4-i_6,92.66948355600539
2020-02-06T15:00:00.0,bus-3-bus-4-i_6,91.69372190669628
2020-02-06T16:00:00.0,bus-3-bus-4-i_6,93.18787060966216
2020-02-06T17:00:00.0,bus-3-bus-4-i_6,101.51486013859308
2020-02-06T18:00:00.0,bus-3-bus-4-i_6,106.94623440879339
2020-02-06T19:00:00.0,bus-3-bus-4-i_6,105.75605886712316
2020-02-06T20:00:00.0,bus-3-bus-4-i_6,102.43013194128672
2020-02-06T21:00:00.0,bus-3-bus-4-i_6,97.9151476304615
2020-02-06T22:00:00.0,bus-3-bus-4-i_6,92.69997002490969
2020-02-06T23:00:00.0,bus-3-bus-4-i_6,88.00469364578909
2020-02-07T00:00:00.0,bus-3-bus-4-i_6,85.65759326379337
2020-02-07T01:00:00.0,bus-3-bus-4-i_6,84.65180678500732
2020-02-07T02:00:00.0,bus-3-bus-4-i_6,84.46894382317409
2020-02-07T03:00:00.0,bus-3-bus-4-i_6,84.77371649079973
2020-02-07T04:00:00.0,bus-3-bus-4-i_6,86.14527133076659
2020-02-07T05:00:00.0,bus-3-bus-4-i_6,90.3216674593034
2020-02-07T06:00:00.0,bus-3-bus-4-i_6,94.65166334691331
2020-02-07T07:00:00.0,bus-3-bus-4-i_6,93.64529048998772
2020-02-07T08:00:00.0,bus-3-bus-4-i_6,93.15738401890721
2020-02-07T09:00:00.0,bus-3-bus-4-i_6,93.98074008567725
2020-02-07T10:00:00.0,bus-3-bus-4-i_6,93.52331075292228
2020-02-07T11:00:00.0,bus-3-bus-4-i_6,92.76095698028001
2020-02-07T12:00:00.0,bus-3-bus-4-i_6,92.48652460265842
2020-02-07T13:00:00.0,bus-3-bus-4-i_6,92.1511045834254
2020-02-07T14:00:00.0,bus-3-bus-4-i_6,91.63274451659788
2020-02-07T15:00:00.0,bus-3-bus-4-i_6,91.17538343318571
2020-02-07T16:00:00.0,bus-3-bus-4-i_6,91.7852019197958
2020-02-07T17:00:00.0,bus-3-bus-4-i_6,99.37935794652581
2020-02-07T18:00:00.0,bus-3-bus-4-i_6,104.1693063602051
2020-02-07T19:00:00.0,bus-3-bus-4-i_6,102.76574979378456
2020-02-07T20:00:00.0,bus-3-bus-4-i_6,99.86746890483185
2020-02-07T21:00:00.0,bus-3-bus-4-i_6,97.33561644773778
2020-02-07T22:00:00.0,bus-3-bus-4-i_6,93.27935357150552
2020-02-07T23:00:00.0,bus-3-bus-4-i_6,89.01070554050166
2020-02-08T00:00:00.0,bus-3-bus-4-i_6,86.3281559091528
2020-02-08T01:00:00.0,bus-3-bus-4-i_6,85.07849566348959
2020-02-08T02:00:00.0,bus-3-bus-4-i_6,84.59085222281342
2020-02-08T03:00:00.0,bus-3-bus-4-i_6,84.52984689783784
2020-02-08T04:00:00.0,bus-3-bus-4-i_6,85.44423893070321
2020-02-08T05:00:00.0,bus-3-bus-4-i_6,87.15116055433516
2020-02-08T06:00:00.0,bus-3-bus-4-i_6,88.4924488352009
2020-02-08T07:00:00.0,bus-3-bus-4-i_6,88.00469364578909
2020-02-08T08:00:00.0,bus-3-bus-4-i_6,89.71190391035165
2020-02-08T09:00:00.0,bus-3-bus-4-i_6,90.80949544930992
2020-02-08T10:00:00.0,bus-3-bus-4-i_6,90.13873591994407
2020-02-08T11:00:00.0,bus-3-bus-4-i_6,88.9192493902605
2020-02-08T12:00:00.0,bus-3-bus-4-i_6,88.18760176899234
2020-02-08T13:00:00.0,bus-3-bus-4-i_6,87.18164269984767
2020-02-08T14:00:00.0,bus-3-bus-4-i_6,86.7548930634096
2020-02-08T15:00:00.0,bus-3-bus-4-i_6,86.54152298789964
2020-02-08T16:00:00.0,bus-3-bus-4-i_6,87.73033941916977
2020-02-08T17:00:00.0,bus-3-bus-4-i_6,95.96307957134131
2020-02-08T18:00:00.0,bus-3-bus-4-i_6,101.81995232945718
2020-02-08T19:00:00.0,bus-3-bus-4-i_6,100.96568941233693
2020-02-08T20:00:00.0,bus-3-bus-4-i_6,99.16580675029245
2020-02-08T21:00:00.0,bus-3-bus-4-i_6,97.54913046747427
2020-02-08T22:00:00.0,bus-3-bus-4-i_6,94.62117116407043
2020-02-08T23:00:00.0,bus-3-bus-4-i_6,91.11439562317689
2020-02-09T00:00:00.0,bus-3-bus-4-i_6,88.12663101101006
2020-02-09T01:00:00.0,bus-3-bus-4-i_6,86.93778445172926
2020-02-09T02:00:00.0,bus-3-bus-4-i_6,86.41959810197201
2020-02-09T03:00:00.0,bus-3-bus-4-i_6,86.26719369633318
2020-02-09T04:00:00.0,bus-3-bus-4-i_6,87.24260831407354
2020-02-09T05:00:00.0,bus-3-bus-4-i_6,88.79730341724982
2020-02-09T06:00:00.0,bus-3-bus-4-i_6,89.62044144159624
2020-02-09T07:00:00.0,bus-3-bus-4-i_6,88.30953888747
2020-02-09T08:00:00.0,bus-3-bus-4-i_6,89.19357607039915
2020-02-09T09:00:00.0,bus-3-bus-4-i_6,89.40703446141325
2020-02-09T10:00:00.0,bus-3-bus-4-i_6,88.15711549449422
2020-02-09T11:00:00.0,bus-3-bus-4-i_6,87.57792312185708
2020-02-09T12:00:00.0,bus-3-bus-4-i_6,87.02923088473075
2020-02-09T13:00:00.0,bus-3-bus-4-i_6,86.3891176617309
2020-02-09T14:00:00.0,bus-3-bus-4-i_6,86.08431153521047
2020-02-09T15:00:00.0,bus-3-bus-4-i_6,86.20622847131986
2020-02-09T16:00:00.0,bus-3-bus-4-i_6,87.54743891420758
2020-02-09T17:00:00.0,bus-3-bus-4-i_6,96.26807542285583
2020-02-09T18:00:00.0,bus-3-bus-4-i_6,101.7894241126583
2020-02-09T19:00:00.0,bus-3-bus-4-i_6,101.24026349796208
2020-02-09T20:00:00.0,bus-3-bus-4-i_6,98.89126417865833
2020-02-09T21:00:00.0,bus-3-bus-4-i_6,95.93258007368533
2020-02-09T22:00:00.0,bus-3-bus-4-i_6,91.4497923505234
2020-02-09T23:00:00.0,bus-3-bus-4-i_6,87.97420133714152
2020-02-10T00:00:00.0,bus-3-bus-4-i_6,85.5661553829935
2020-02-10T01:00:00.0,bus-3-bus-4-i_6,84.80419426459474
2020-02-10T02:00:00.0,bus-3-bus-4-i_6,84.56037230151216
2020-02-10T03:00:00.0,bus-3-bus-4-i_6,85.26136425839972
2020-02-10T04:00:00.0,bus-3-bus-4-i_6,87.05971316468221
2020-02-10T05:00:00.0,bus-3-bus-4-i_6,91.87667171212024
2020-02-10T06:00:00.0,bus-3-bus-4-i_6,96.69509031265083
2020-02-10T07:00:00.0,bus-3-bus-4-i_6,95.23112086916909
2020-02-10T08:00:00.0,bus-3-bus-4-i_6,94.68215636021854
2020-02-10T09:00:00.0,bus-3-bus-4-i_6,81.36063094354999
2020-02-10T10:00:00.0,bus-3-bus-4-i_6,80.87311433061942
2020-02-10T11:00:00.0,bus-3-bus-4-i_6,92.79145035653167
2020-02-10T12:00:00.0,bus-3-bus-4-i_6,92.73046344241594
2020-02-10T13:00:00.0,bus-3-bus-4-i_6,92.63898368194604
2020-02-10T14:00:00.0,bus-3-bus-4-i_6,83.37181509134479
2020-02-10T15:00:00.0,bus-3-bus-4-i_6,91.23636181190497
2020-02-10T16:00:00.0,bus-3-bus-4-i_6,91.81569357376662
2020-02-10T17:00:00.0,bus-3-bus-4-i_6,100.29452573204188
2020-02-10T18:00:00.0,bus-3-bus-4-i_6,106.48847626077563
2020-02-10T19:00:00.0,bus-3-bus-4-i_6,105.45092844700493
2020-02-10T20:00:00.0,bus-3-bus-4-i_6,102.79631400992399
2020-02-10T21:00:00.0,bus-3-bus-4-i_6,98.1896886885525
2020-02-10T22:00:00.0,bus-3-bus-4-i_6,93.18787060966216
2020-02-10T23:00:00.0,bus-3-bus-4-i_6,88.34002377575825
2020-02-11T00:00:00.0,bus-3-bus-4-i_6,85.87094966793806
2020-02-11T01:00:00.0,bus-3-bus-4-i_6,85.01753931221657
2020-02-11T02:00:00.0,bus-3-bus-4-i_6,84.49942080238648
2020-02-11T03:00:00.0,bus-3-bus-4-i_6,84.95658105677822
2020-02-11T04:00:00.0,bus-3-bus-4-i_6,86.23671301123419
2020-02-11T05:00:00.0,bus-3-bus-4-i_6,91.02292495879128
2020-02-11T06:00:00.0,bus-3-bus-4-i_6,96.05457762199875
2020-02-11T07:00:00.0,bus-3-bus-4-i_6,94.83464209659333
2020-02-11T08:00:00.0,bus-3-bus-4-i_6,95.23112086916909
2020-02-11T09:00:00.0,bus-3-bus-4-i_6,95.26161858722591
2020-02-11T10:00:00.0,bus-3-bus-4-i_6,93.79777664986545
2020-02-11T11:00:00.0,bus-3-bus-4-i_6,92.91343156515215
2020-02-11T12:00:00.0,bus-3-bus-4-i_6,91.99863884354858
2020-02-11T13:00:00.0,bus-3-bus-4-i_6,90.8399852613884
2020-02-11T14:00:00.0,bus-3-bus-4-i_6,90.3216674593034
2020-02-11T15:00:00.0,bus-3-bus-4-i_6,89.77288250495701
2020-02-11T16:00:00.0,bus-3-bus-4-i_6,90.93145482347899
2020-02-11T17:00:00.0,bus-3-bus-4-i_6,99.10479693903754
2020-02-11T18:00:00.0,bus-3-bus-4-i_6,106.610517308126
2020-02-11T19:00:00.0,bus-3-bus-4-i_6,105.0237199328091
2020-02-11T20:00:00.0,bus-3-bus-4-i_6,102.58270418829203
2020-02-11T21:00:00.0,bus-3-bus-4-i_6,98.22019205408914
2020-02-11T22:00:00.0,bus-3-bus-4-i_6,92.63898368194604
2020-02-11T23:00:00.0,bus-3-bus-4-i_6,88.18760176899234
2020-02-12T00:00:00.0,bus-3-bus-4-i_6,85.23088564662886
2020-02-12T01:00:00.0,bus-3-bus-4-i_6,84.19465380517265
2020-02-12T02:00:00.0,bus-3-bus-4-i_6,83.64608946049923
2020-02-12T03:00:00.0,bus-3-bus-4-i_6,83.28039149621893
2020-02-12T04:00:00.0,bus-3-bus-4-i_6,84.31656002353773
2020-02-12T05:00:00.0,bus-3-bus-4-i_6,87.60840436304582
2020-02-12T06:00:00.0,bus-3-bus-4-i_6,91.17538343318571
2020-02-12T07:00:00.0,bus-3-bus-4-i_6,90.07775912268326
2020-02-12T08:00:00.0,bus-3-bus-4-i_6,91.0534151765582
2020-02-12T09:00:00.0,bus-3-bus-4-i_6,91.84617965290613
2020-02-12T10:00:00.0,bus-3-bus-4-i_6,91.7852019197958
2020-02-12T11:00:00.0,bus-3-bus-4-i_6,91.7852019197958
2020-02-12T12:00:00.0,bus-3-bus-4-i_6,91.17538343318571
2020-02-12T13:00:00.0,bus-3-bus-4-i_6,91.29733851826555
2020-02-12T14:00:00.0,bus-3-bus-4-i_6,90.38264877829991
2020-02-12T15:00:00.0,bus-3-bus-4-i_6,89.65093202934098
2020-02-12T16:00:00.0,bus-3-bus-4-i_6,87.88275746862465
2020-02-12T17:00:00.0,bus-3-bus-4-i_6,101.11824739544524
2020-02-12T18:00:00.0,bus-3-bus-4-i_6,110.39501404135461
2020-02-12T19:00:00.0,bus-3-bus-4-i_6,110.60868137196711
2020-02-12T20:00:00.0,bus-3-bus-4-i_6,108.22794738398258
2020-02-12T21:00:00.0,bus-3-bus-4-i_6,103.55905168746379
2020-02-12T22:00:00.0,bus-3-bus-4-i_6,97.54913046747427
2020-02-12T23:00:00.0,bus-3-bus-4-i_6,92.36454713392726
2020-02-13T00:00:00.0,bus-3-bus-4-i_6,89.28508373759463
2020-02-13T01:00:00.0,bus-3-bus-4-i_6,88.18760176899234
2020-02-13T02:00:00.0,bus-3-bus-4-i_6,88.12663101101006
2020-02-13T03:00:00.0,bus-3-bus-4-i_6,88.76681778054486
2020-02-13T04:00:00.0,bus-3-bus-4-i_6,91.2058712646365
2020-02-13T05:00:00.0,bus-3-bus-4-i_6,97.54913046747427
2020-02-13T06:00:00.0,bus-3-bus-4-i_6,102.85728279243689
2020-02-13T07:00:00.0,bus-3-bus-4-i_6,100.96568941233693
2020-02-13T08:00:00.0,bus-3-bus-4-i_6,99.2573369487249
2020-02-13T09:00:00.0,bus-3-bus-4-i_6,98.73875683526772
2020-02-13T10:00:00.0,bus-3-bus-4-i_6,96.48157577255849
2020-02-13T11:00:00.0,bus-3-bus-4-i_6,94.98712918850312
2020-02-13T12:00:00.0,bus-3-bus-4-i_6,93.49281582346794
2020-02-13T13:00:00.0,bus-3-bus-4-i_6,92.21208437361135
2020-02-13T14:00:00.0,bus-3-bus-4-i_6,91.2058712646365
2020-02-13T15:00:00.0,bus-3-bus-4-i_6,91.2058712646365
2020-02-13T16:00:00.0,bus-3-bus-4-i_6,94.07223522554007
2020-02-13T17:00:00.0,bus-3-bus-4-i_6,106.91568989388509
2020-02-13T18:00:00.0,bus-3-bus-4-i_6,114.60755131819269
2020-02-13T19:00:00.0,bus-3-bus-4-i_6,114.39385293325456
2020-02-13T20:00:00.0,bus-3-bus-4-i_6,111.79910306013299
2020-02-13T21:00:00.0,bus-3-bus-4-i_6,107.00726977045032
2020-02-13T22:00:00.0,bus-3-bus-4-i_6,100.44707674036928
2020-02-13T23:00:00.0,bus-3-bus-4-i_6,94.59067392395912
2020-02-14T00:00:00.0,bus-3-bus-4-i_6,91.4497923505234
2020-02-14T01:00:00.0,bus-3-bus-4-i_6,90.10825083143716
2020-02-14T02:00:00.0,bus-3-bus-4-i_6,90.13873591994407
2020-02-14T03:00:00.0,bus-3-bus-4-i_6,89.9558065822944
2020-02-14T04:00:00.0,bus-3-bus-4-i_6,92.33405448038158
2020-02-14T05:00:00.0,bus-3-bus-4-i_6,98.43370276396729
2020-02-14T06:00:00.0,bus-3-bus-4-i_6,104.47444097648666
2020-02-14T07:00:00.0,bus-3-bus-4-i_6,102.43013194128672
2020-02-14T08:00:00.0,bus-3-bus-4-i_6,100.93518148737274
2020-02-14T09:00:00.0,bus-3-bus-4-i_6,98.98279265829923
2020-02-14T10:00:00.0,bus-3-bus-4-i_6,96.48157577255849
2020-02-14T11:00:00.0,bus-3-bus-4-i_6,94.37719798403728
2020-02-14T12:00:00.0,bus-3-bus-4-i_6,92.91343156515215
2020-02-14T13:00:00.0,bus-3-bus-4-i_6,91.84617965290613
2020-02-14T14:00:00.0,bus-3-bus-4-i_6,90.65704763396059
2020-02-14T15:00:00.0,bus-3-bus-4-i_6,89.55946679949082
2020-02-14T16:00:00.0,bus-3-bus-4-i_6,90.65704763396059
2020-02-14T17:00:00.0,bus-3-bus-4-i_6,100.3555395381352
2020-02-14T18:00:00.0,bus-3-bus-4-i_6,107.92279209220612
2020-02-14T19:00:00.0,bus-3-bus-4-i_6,106.85465505737761
2020-02-14T20:00:00.0,bus-3-bus-4-i_6,104.56598229814402
2020-02-14T21:00:00.0,bus-3-bus-4-i_6,101.7894241126583
2020-02-14T22:00:00.0,bus-3-bus-4-i_6,97.18309609826744
2020-02-14T23:00:00.0,bus-3-bus-4-i_6,92.42553253025797
2020-02-15T00:00:00.0,bus-3-bus-4-i_6,88.9192493902605
2020-02-15T01:00:00.0,bus-3-bus-4-i_6,87.33405622947772
2020-02-15T02:00:00.0,bus-3-bus-4-i_6,86.69392991254745
2020-02-15T03:00:00.0,bus-3-bus-4-i_6,86.54152298789964
2020-02-15T04:00:00.0,bus-3-bus-4-i_6,87.12067773874352
2020-02-15T05:00:00.0,bus-3-bus-4-i_6,89.16313716980659
2020-02-15T06:00:00.0,bus-3-bus-4-i_6,89.65093202934098
2020-02-15T07:00:00.0,bus-3-bus-4-i_6,89.19357607039915
2020-02-15T08:00:00.0,bus-3-bus-4-i_6,90.4741158274601
2020-02-15T09:00:00.0,bus-3-bus-4-i_6,91.84617965290613
2020-02-15T10:00:00.0,bus-3-bus-4-i_6,91.41930159663325
2020-02-15T11:00:00.0,bus-3-bus-4-i_6,90.65704763396059
2020-02-15T12:00:00.0,bus-3-bus-4-i_6,89.74239147577369
2020-02-15T13:00:00.0,bus-3-bus-4-i_6,88.43147854955099
2020-02-15T14:00:00.0,bus-3-bus-4-i_6,87.69985489709828
2020-02-15T15:00:00.0,bus-3-bus-4-i_6,87.57792312185708
2020-02-15T16:00:00.0,bus-3-bus-4-i_6,90.41313418879481
2020-02-15T17:00:00.0,bus-3-bus-4-i_6,100.20300544264451
2020-02-15T18:00:00.0,bus-3-bus-4-i_6,106.76312918748603
2020-02-15T19:00:00.0,bus-3-bus-4-i_6,105.69505233989234
2020-02-15T20:00:00.0,bus-3-bus-4-i_6,103.7116134336106
2020-02-15T21:00:00.0,bus-3-bus-4-i_6,101.36231600671297
2020-02-15T22:00:00.0,bus-3-bus-4-i_6,97.42712213376575
2020-02-15T23:00:00.0,bus-3-bus-4-i_6,93.98074008567725
2020-02-16T00:00:00.0,bus-3-bus-4-i_6,90.87047503925092
2020-02-16T01:00:00.0,bus-3-bus-4-i_6,89.1326507939634
2020-02-16T02:00:00.0,bus-3-bus-4-i_6,88.21808474967008
2020-02-16T03:00:00.0,bus-3-bus-4-i_6,87.66937217102395
2020-02-16T04:00:00.0,bus-3-bus-4-i_6,87.6693721703929
2020-02-16T05:00:00.0,bus-3-bus-4-i_6,88.70584846457892
2020-02-16T06:00:00.0,bus-3-bus-4-i_6,89.04119172718828
2020-02-16T07:00:00.0,bus-3-bus-4-i_6,88.76681778054486
2020-02-16T08:00:00.0,bus-3-bus-4-i_6,91.75470482580846
2020-02-16T09:00:00.0,bus-3-bus-4-i_6,94.34669262349774
2020-02-16T10:00:00.0,bus-3-bus-4-i_6,94.7431589967377
2020-02-16T11:00:00.0,bus-3-bus-4-i_6,94.07223522554007
2020-02-16T12:00:00.0,bus-3-bus-4-i_6,91.4497923505234
2020-02-16T13:00:00.0,bus-3-bus-4-i_6,89.92532194253597
2020-02-16T14:00:00.0,bus-3-bus-4-i_6,88.94973320856558
2020-02-16T15:00:00.0,bus-3-bus-4-i_6,88.61438988024113
2020-02-16T16:00:00.0,bus-3-bus-4-i_6,90.77900575926013
2020-02-16T17:00:00.0,bus-3-bus-4-i_6,99.80642228044083
2020-02-16T18:00:00.0,bus-3-bus-4-i_6,106.54948339782733
2020-02-16T19:00:00.0,bus-3-bus-4-i_6,105.9391541296743
2020-02-16T20:00:00.0,bus-3-bus-4-i_6,104.47444097648666
2020-02-16T21:00:00.0,bus-3-bus-4-i_6,101.5453507823322
2020-02-16T22:00:00.0,bus-3-bus-4-i_6,98.40319915179683
2020-02-16T23:00:00.0,bus-3-bus-4-i_6,94.49918436282363
2020-02-17T00:00:00.0,bus-3-bus-4-i_6,91.5412655892649
2020-02-17T01:00:00.0,bus-3-bus-4-i_6,90.19971291623237
2020-02-17T02:00:00.0,bus-3-bus-4-i_6,89.77288250495701
2020-02-17T03:00:00.0,bus-3-bus-4-i_6,89.37654420492905
2020-02-17T04:00:00.0,bus-3-bus-4-i_6,91.29733851826555
2020-02-17T05:00:00.0,bus-3-bus-4-i_6,95.41411012605336
2020-02-17T06:00:00.0,bus-3-bus-4-i_6,97.51862830352968
2020-02-17T07:00:00.0,bus-3-bus-4-i_6,96.02408862652203
2020-02-17T08:00:00.0,bus-3-bus-4-i_6,96.4510757172414
2020-02-17T09:00:00.0,bus-3-bus-4-i_6,96.45107579853838
2020-02-17T10:00:00.0,bus-3-bus-4-i_6,95.53610407580157
2020-02-17T11:00:00.0,bus-3-bus-4-i_6,93.85875762875489
2020-02-17T12:00:00.0,bus-3-bus-4-i_6,92.51701135466925
2020-02-17T13:00:00.0,bus-3-bus-4-i_6,91.4497923505234
2020-02-17T14:00:00.0,bus-3-bus-4-i_6,90.65704763396059
2020-02-17T15:00:00.0,bus-3-bus-4-i_6,90.19971291623237
2020-02-17T16:00:00.0,bus-3-bus-4-i_6,91.72421878058752
2020-02-17T17:00:00.0,bus-3-bus-4-i_6,101.05721384868667
2020-02-17T18:00:00.0,bus-3-bus-4-i_6,111.43280960239635
2020-02-17T19:00:00.0,bus-3-bus-4-i_6,111.43280960239635
2020-02-17T20:00:00.0,bus-3-bus-4-i_6,109.38778852151118
2020-02-17T21:00:00.0,bus-3-bus-4-i_6,104.56598229814402
2020-02-17T22:00:00.0,bus-3-bus-4-i_6,98.73875683526772
2020-02-17T23:00:00.0,bus-3-bus-4-i_6,93.52331075292228
2020-02-18T00:00:00.0,bus-3-bus-4-i_6,90.13873591994407
2020-02-18T01:00:00.0,bus-3-bus-4-i_6,88.98021927328755
2020-02-18T02:00:00.0,bus-3-bus-4-i_6,89.10216427621648
2020-02-18T03:00:00.0,bus-3-bus-4-i_6,89.98629466712337
2020-02-18T04:00:00.0,bus-3-bus-4-i_6,92.57800372396127
2020-02-18T05:00:00.0,bus-3-bus-4-i_6,99.40986283725448
2020-02-18T06:00:00.0,bus-3-bus-4-i_6,105.05423362115486
2020-02-18T07:00:00.0,bus-3-bus-4-i_6,102.88781343623458
2020-02-18T08:00:00.0,bus-3-bus-4-i_6,101.51486013859308
2020-02-18T09:00:00.0,bus-3-bus-4-i_6,100.93518148737274
2020-02-18T10:00:00.0,bus-3-bus-4-i_6,97.73214457735142
2020-02-18T11:00:00.0,bus-3-bus-4-i_6,96.02408862652203
2020-02-18T12:00:00.0,bus-3-bus-4-i_6,94.46867867941587
2020-02-18T13:00:00.0,bus-3-bus-4-i_6,93.34034253374575
2020-02-18T14:00:00.0,bus-3-bus-4-i_6,91.75470482580846
2020-02-18T15:00:00.0,bus-3-bus-4-i_6,91.0534151765582
2020-02-18T16:00:00.0,bus-3-bus-4-i_6,92.66948355600539
2020-02-18T17:00:00.0,bus-3-bus-4-i_6,102.16738374378475
2020-02-18T18:00:00.0,bus-3-bus-4-i_6,113.60013337746746
2020-02-18T19:00:00.0,bus-3-bus-4-i_6,114.02752170640014
2020-02-18T20:00:00.0,bus-3-bus-4-i_6,111.31071370283658
2020-02-18T21:00:00.0,bus-3-bus-4-i_6,105.69505233989234
2020-02-18T22:00:00.0,bus-3-bus-4-i_6,100.11148535590544
2020-02-18T23:00:00.0,bus-3-bus-4-i_6,94.22471553019354
2020-02-19T00:00:00.0,bus-3-bus-4-i_6,90.87047503925092
2020-02-19T01:00:00.0,bus-3-bus-4-i_6,89.31557043374876
2020-02-19T02:00:00.0,bus-3-bus-4-i_6,88.73633412925044
2020-02-19T03:00:00.0,bus-3-bus-4-i_6,89.37654420492905
2020-02-19T04:00:00.0,bus-3-bus-4-i_6,91.32782916523918
2020-02-19T05:00:00.0,bus-3-bus-4-i_6,97.51862830352968
2020-02-19T06:00:00.0,bus-3-bus-4-i_6,101.33178933743974
2020-02-19T07:00:00.0,bus-3-bus-4-i_6,100.20300544264451
2020-02-19T08:00:00.0,bus-3-bus-4-i_6,98.61672596649036
2020-02-19T09:00:00.0,bus-3-bus-4-i_6,97.61013495641824
2020-02-19T10:00:00.0,bus-3-bus-4-i_6,95.6580889220479
2020-02-19T11:00:00.0,bus-3-bus-4-i_6,93.431826520408
2020-02-19T12:00:00.0,bus-3-bus-4-i_6,93.18787060966216
2020-02-19T13:00:00.0,bus-3-bus-4-i_6,92.33405448038158
2020-02-19T14:00:00.0,bus-3-bus-4-i_6,91.0534151765582
2020-02-19T15:00:00.0,bus-3-bus-4-i_6,90.68754101141595
2020-02-19T16:00:00.0,bus-3-bus-4-i_6,91.57175676444335
2020-02-19T17:00:00.0,bus-3-bus-4-i_6,99.80642228044083
2020-02-19T18:00:00.0,bus-3-bus-4-i_6,108.86893402276155
2020-02-19T19:00:00.0,bus-3-bus-4-i_6,109.23518296566641
2020-02-19T20:00:00.0,bus-3-bus-4-i_6,106.0917600584058
2020-02-19T21:00:00.0,bus-3-bus-4-i_6,102.24707038039946
2020-02-19T22:00:00.0,bus-3-bus-4-i_6,96.26807542285583
2020-02-19T23:00:00.0,bus-3-bus-4-i_6,91.0534151765582
2020-02-20T00:00:00.0,bus-3-bus-4-i_6,88.09614798152082
2020-02-20T01:00:00.0,bus-3-bus-4-i_6,87.18164269984767
2020-02-20T02:00:00.0,bus-3-bus-4-i_6,86.87682007369233
2020-02-20T03:00:00.0,bus-3-bus-4-i_6,87.425505022259
2020-02-20T04:00:00.0,bus-3-bus-4-i_6,89.34606053177549
2020-02-20T05:00:00.0,bus-3-bus-4-i_6,95.10912879286622
2020-02-20T06:00:00.0,bus-3-bus-4-i_6,99.28784214737792
2020-02-20T07:00:00.0,bus-3-bus-4-i_6,97.45762413661079
2020-02-20T08:00:00.0,bus-3-bus-4-i_6,96.72557961143976
2020-02-20T09:00:00.0,bus-3-bus-4-i_6,95.56660270132522
2020-02-20T10:00:00.0,bus-3-bus-4-i_6,94.68215636021854
2020-02-20T11:00:00.0,bus-3-bus-4-i_6,93.5538056264162
2020-02-20T12:00:00.0,bus-3-bus-4-i_6,93.06589412397935
2020-02-20T13:00:00.0,bus-3-bus-4-i_6,92.45602529867702
2020-02-20T14:00:00.0,bus-3-bus-4-i_6,91.87667171212024
2020-02-20T15:00:00.0,bus-3-bus-4-i_6,91.32782916523918
2020-02-20T16:00:00.0,bus-3-bus-4-i_6,91.99863884354858
2020-02-20T17:00:00.0,bus-3-bus-4-i_6,98.64724430769678
2020-02-20T18:00:00.0,bus-3-bus-4-i_6,107.67864155324105
2020-02-20T19:00:00.0,bus-3-bus-4-i_6,107.61763243732192
2020-02-20T20:00:00.0,bus-3-bus-4-i_6,104.38290012359923
2020-02-20T21:00:00.0,bus-3-bus-4-i_6,100.01998214968779
2020-02-20T22:00:00.0,bus-3-bus-4-i_6,94.31620432005118
2020-02-20T23:00:00.0,bus-3-bus-4-i_6,88.40100021656555
2020-02-21T00:00:00.0,bus-3-bus-4-i_6,86.93778445172926
2020-02-21T01:00:00.0,bus-3-bus-4-i_6,86.20622847131986
2020-02-21T02:00:00.0,bus-3-bus-4-i_6,85.68807289533402
2020-02-21T03:00:00.0,bus-3-bus-4-i_6,85.99286953031822
2020-02-21T04:00:00.0,bus-3-bus-4-i_6,87.79130596030141
2020-02-21T05:00:00.0,bus-3-bus-4-i_6,92.33405448038158
2020-02-21T06:00:00.0,bus-3-bus-4-i_6,96.08508769298226
2020-02-21T07:00:00.0,bus-3-bus-4-i_6,94.95664044297025
2020-02-21T08:00:00.0,bus-3-bus-4-i_6,94.83464209659333
2020-02-21T09:00:00.0,bus-3-bus-4-i_6,94.31620432005118
2020-02-21T10:00:00.0,bus-3-bus-4-i_6,94.16371543195628
2020-02-21T11:00:00.0,bus-3-bus-4-i_6,93.34034253374575
2020-02-21T12:00:00.0,bus-3-bus-4-i_6,93.00491277878524
2020-02-21T13:00:00.0,bus-3-bus-4-i_6,92.42553253025797
2020-02-21T14:00:00.0,bus-3-bus-4-i_6,92.02913102654551
2020-02-21T15:00:00.0,bus-3-bus-4-i_6,91.2058712646365
2020-02-21T16:00:00.0,bus-3-bus-4-i_6,91.29733851826555
2020-02-21T17:00:00.0,bus-3-bus-4-i_6,96.7865810977045
2020-02-21T18:00:00.0,bus-3-bus-4-i_6,104.23036027019288
2020-02-21T19:00:00.0,bus-3-bus-4-i_6,102.79631400992399
2020-02-21T20:00:00.0,bus-3-bus-4-i_6,100.29452573204188
2020-02-21T21:00:00.0,bus-3-bus-4-i_6,97.27460076618631
2020-02-21T22:00:00.0,bus-3-bus-4-i_6,93.2488589782593
2020-02-21T23:00:00.0,bus-3-bus-4-i_6,88.88876335968618
2020-02-22T00:00:00.0,bus-3-bus-4-i_6,86.63296291111931
2020-02-22T01:00:00.0,bus-3-bus-4-i_6,85.26136425839972
2020-02-22T02:00:00.0,bus-3-bus-4-i_6,84.74323900887974
2020-02-22T03:00:00.0,bus-3-bus-4-i_6,84.86514731199028
2020-02-22T04:00:00.0,bus-3-bus-4-i_6,85.68807289533402
2020-02-22T05:00:00.0,bus-3-bus-4-i_6,87.36453912582668
2020-02-22T06:00:00.0,bus-3-bus-4-i_6,87.12067773874352
2020-02-22T07:00:00.0,bus-3-bus-4-i_6,86.78537500844268
2020-02-22T08:00:00.0,bus-3-bus-4-i_6,88.0351808745111
2020-02-22T09:00:00.0,bus-3-bus-4-i_6,88.9192493902605
2020-02-22T10:00:00.0,bus-3-bus-4-i_6,88.98021927328755
2020-02-22T11:00:00.0,bus-3-bus-4-i_6,88.34002377575825
2020-02-22T12:00:00.0,bus-3-bus-4-i_6,88.00469364578909
2020-02-22T13:00:00.0,bus-3-bus-4-i_6,87.73033941916977
2020-02-22T14:00:00.0,bus-3-bus-4-i_6,87.39502309578184
2020-02-22T15:00:00.0,bus-3-bus-4-i_6,87.09019550214244
2020-02-22T16:00:00.0,bus-3-bus-4-i_6,87.85227363437629
2020-02-22T17:00:00.0,bus-3-bus-4-i_6,93.64529048998772
2020-02-22T18:00:00.0,bus-3-bus-4-i_6,100.3555395381352
2020-02-22T19:00:00.0,bus-3-bus-4-i_6,99.0743069404218
2020-02-22T20:00:00.0,bus-3-bus-4-i_6,96.69509031265083
2020-02-22T21:00:00.0,bus-3-bus-4-i_6,94.31620432005118
2020-02-22T22:00:00.0,bus-3-bus-4-i_6,91.41930159663325
2020-02-22T23:00:00.0,bus-3-bus-4-i_6,88.43147854955099
2020-02-23T00:00:00.0,bus-3-bus-4-i_6,86.02335096174313
2020-02-23T01:00:00.0,bus-3-bus-4-i_6,84.77371649079973
2020-02-23T02:00:00.0,bus-3-bus-4-i_6,83.70703995656129
2020-02-23T03:00:00.0,bus-3-bus-4-i_6,83.43276451721397
2020-02-23T04:00:00.0,bus-3-bus-4-i_6,83.58513529912719
2020-02-23T05:00:00.0,bus-3-bus-4-i_6,84.77371649079973
2020-02-23T06:00:00.0,bus-3-bus-4-i_6,84.59085222281342
2020-02-23T07:00:00.0,bus-3-bus-4-i_6,84.34703360158096
2020-02-23T08:00:00.0,bus-3-bus-4-i_6,85.77951134794135
2020-02-23T09:00:00.0,bus-3-bus-4-i_6,86.998748830725
2020-02-23T10:00:00.0,bus-3-bus-4-i_6,87.18164269984767
2020-02-23T11:00:00.0,bus-3-bus-4-i_6,87.39502309578184
2020-02-23T12:00:00.0,bus-3-bus-4-i_6,87.02923088473075
2020-02-23T13:00:00.0,bus-3-bus-4-i_6,86.87682007369233
2020-02-23T14:00:00.0,bus-3-bus-4-i_6,86.90730239878985
2020-02-23T15:00:00.0,bus-3-bus-4-i_6,86.78537500844268
2020-02-23T16:00:00.0,bus-3-bus-4-i_6,87.79130596030141
2020-02-23T17:00:00.0,bus-3-bus-4-i_6,94.52967584792104
2020-02-23T18:00:00.0,bus-3-bus-4-i_6,101.5453507823322
2020-02-23T19:00:00.0,bus-3-bus-4-i_6,100.38606135704728
2020-02-23T20:00:00.0,bus-3-bus-4-i_6,98.06768042613929
2020-02-23T21:00:00.0,bus-3-bus-4-i_6,94.89563678024851
2020-02-23T22:00:00.0,bus-3-bus-4-i_6,90.99243488567501
2020-02-23T23:00:00.0,bus-3-bus-4-i_6,86.90730239878985
2020-02-24T00:00:00.0,bus-3-bus-4-i_6,84.68228416148568
2020-02-24T01:00:00.0,bus-3-bus-4-i_6,83.58513529912719
2020-02-24T02:00:00.0,bus-3-bus-4-i_6,83.0061195320442
2020-02-24T03:00:00.0,bus-3-bus-4-i_6,83.24991279815033
2020-02-24T04:00:00.0,bus-3-bus-4-i_6,84.43846409188005
2020-02-24T05:00:00.0,bus-3-bus-4-i_6,88.0351808745111
2020-02-24T06:00:00.0,bus-3-bus-4-i_6,90.56557970535262
2020-02-24T07:00:00.0,bus-3-bus-4-i_6,90.74852044261281
2020-02-24T08:00:00.0,bus-3-bus-4-i_6,91.48028344790187
2020-02-24T09:00:00.0,bus-3-bus-4-i_6,92.8524375569577
2020-02-24T10:00:00.0,bus-3-bus-4-i_6,93.06589412397935
2020-02-24T11:00:00.0,bus-3-bus-4-i_6,93.82827503467186
2020-02-24T12:00:00.0,bus-3-bus-4-i_6,94.01123582307864
2020-02-24T13:00:00.0,bus-3-bus-4-i_6,93.88926587854367
2020-02-24T14:00:00.0,bus-3-bus-4-i_6,93.49281582346794
2020-02-24T15:00:00.0,bus-3-bus-4-i_6,92.57800372396127
2020-02-24T16:00:00.0,bus-3-bus-4-i_6,93.73677610724714
2020-02-24T17:00:00.0,bus-3-bus-4-i_6,101.05721384868667
2020-02-24T18:00:00.0,bus-3-bus-4-i_6,108.07541674112161
2020-02-24T19:00:00.0,bus-3-bus-4-i_6,106.76312918748603
2020-02-24T20:00:00.0,bus-3-bus-4-i_6,103.10137335493592
2020-02-24T21:00:00.0,bus-3-bus-4-i_6,98.12866852411591
2020-02-24T22:00:00.0,bus-3-bus-4-i_6,92.57800372396127
2020-02-24T23:00:00.0,bus-3-bus-4-i_6,87.30357435408536
2020-02-25T00:00:00.0,bus-3-bus-4-i_6,84.83467198070463
2020-02-25T01:00:00.0,bus-3-bus-4-i_6,83.40228569441244
2020-02-25T02:00:00.0,bus-3-bus-4-i_6,82.79280383667033
2020-02-25T03:00:00.0,bus-3-bus-4-i_6,82.30524252256932
2020-02-25T04:00:00.0,bus-3-bus-4-i_6,81.81769310940982
2020-02-25T05:00:00.0,bus-3-bus-4-i_6,84.37751017043976
2020-02-25T06:00:00.0,bus-3-bus-4-i_6,87.30357435408536
2020-02-25T07:00:00.0,bus-3-bus-4-i_6,87.36453912582668
2020-02-25T08:00:00.0,bus-3-bus-4-i_6,89.1326507939634
2020-02-25T09:00:00.0,bus-3-bus-4-i_6,90.93145482347899
2020-02-25T10:00:00.0,bus-3-bus-4-i_6,92.69997002490969
2020-02-25T11:00:00.0,bus-3-bus-4-i_6,92.54750411447397
2020-02-25T12:00:00.0,bus-3-bus-4-i_6,91.51077963582912
2020-02-25T13:00:00.0,bus-3-bus-4-i_6,90.80949544930992
2020-02-25T14:00:00.0,bus-3-bus-4-i_6,90.4741158274601
2020-02-25T15:00:00.0,bus-3-bus-4-i_6,89.86434565453337
2020-02-25T16:00:00.0,bus-3-bus-4-i_6,89.43751813371144
2020-02-25T17:00:00.0,bus-3-bus-4-i_6,94.95664044297025
2020-02-25T18:00:00.0,bus-3-bus-4-i_6,104.32187303744999
2020-02-25T19:00:00.0,bus-3-bus-4-i_6,104.04728089026909
2020-02-25T20:00:00.0,bus-3-bus-4-i_6,101.02670550702406
2020-02-25T21:00:00.0,bus-3-bus-4-i_6,96.20708648933731
2020-02-25T22:00:00.0,bus-3-bus-4-i_6,90.56557970535262
2020-02-25T23:00:00.0,bus-3-bus-4-i_6,86.14527133076659
2020-02-26T00:00:00.0,bus-3-bus-4-i_6,83.76799091469492
2020-02-26T01:00:00.0,bus-3-bus-4-i_6,82.91471202540741
2020-02-26T02:00:00.0,bus-3-bus-4-i_6,82.42713259353678
2020-02-26T03:00:00.0,bus-3-bus-4-i_6,82.57949644496759
2020-02-26T04:00:00.0,bus-3-bus-4-i_6,83.79846277616447
2020-02-26T05:00:00.0,bus-3-bus-4-i_6,87.51695531191585
2020-02-26T06:00:00.0,bus-3-bus-4-i_6,89.98629466712337
2020-02-26T07:00:00.0,bus-3-bus-4-i_6,90.50460130524009
2020-02-26T08:00:00.0,bus-3-bus-4-i_6,90.8399852613884
2020-02-26T09:00:00.0,bus-3-bus-4-i_6,91.17538343318571
2020-02-26T10:00:00.0,bus-3-bus-4-i_6,91.87667171212024
2020-02-26T11:00:00.0,bus-3-bus-4-i_6,91.99863884354858
2020-02-26T12:00:00.0,bus-3-bus-4-i_6,89.34606053177549
2020-02-26T13:00:00.0,bus-3-bus-4-i_6,88.85827521305684
2020-02-26T14:00:00.0,bus-3-bus-4-i_6,88.58390465225379
2020-02-26T15:00:00.0,bus-3-bus-4-i_6,87.91324256576594
2020-02-26T16:00:00.0,bus-3-bus-4-i_6,88.46196349733482
2020-02-26T17:00:00.0,bus-3-bus-4-i_6,93.15738401890721
2020-02-26T18:00:00.0,bus-3-bus-4-i_6,101.7894241126583
2020-02-26T19:00:00.0,bus-3-bus-4-i_6,101.81995232945718
2020-02-26T20:00:00.0,bus-3-bus-4-i_6,100.93518148737274
2020-02-26T21:00:00.0,bus-3-bus-4-i_6,94.68215636021854
2020-02-26T22:00:00.0,bus-3-bus-4-i_6,89.10216427621648
2020-02-26T23:00:00.0,bus-3-bus-4-i_6,85.35280047288414
2020-02-27T00:00:00.0,bus-3-bus-4-i_6,83.55466411097797
2020-02-27T01:00:00.0,bus-3-bus-4-i_6,82.51854549098181
2020-02-27T02:00:00.0,bus-3-bus-4-i_6,82.24429786818033
2020-02-27T03:00:00.0,bus-3-bus-4-i_6,82.51854549098181
2020-02-27T04:00:00.0,bus-3-bus-4-i_6,83.76799091469492
2020-02-27T05:00:00.0,bus-3-bus-4-i_6,87.51695531191585
2020-02-27T06:00:00.0,bus-3-bus-4-i_6,89.40703446141325
2020-02-27T07:00:00.0,bus-3-bus-4-i_6,89.4070344587361
2020-02-27T08:00:00.0,bus-3-bus-4-i_6,89.62044144159624
2020-02-27T09:00:00.0,bus-3-bus-4-i_6,89.8033670500434
2020-02-27T10:00:00.0,bus-3-bus-4-i_6,89.40703446141325
2020-02-27T11:00:00.0,bus-3-bus-4-i_6,89.19357607039915
2020-02-27T12:00:00.0,bus-3-bus-4-i_6,89.37654420492905
2020-02-27T13:00:00.0,bus-3-bus-4-i_6,89.25459966647433
2020-02-27T14:00:00.0,bus-3-bus-4-i_6,89.28508373759463
2020-02-27T15:00:00.0,bus-3-bus-4-i_6,88.58390465225379
2020-02-27T16:00:00.0,bus-3-bus-4-i_6,89.10216427621648
2020-02-27T17:00:00.0,bus-3-bus-4-i_6,93.5538056264162
2020-02-27T18:00:00.0,bus-3-bus-4-i_6,102.21656019570753
2020-02-27T19:00:00.0,bus-3-bus-4-i_6,102.00299100163906
2020-02-27T20:00:00.0,bus-3-bus-4-i_6,102.88781343623458
2020-02-27T21:00:00.0,bus-3-bus-4-i_6,98.43370276396729
2020-02-27T22:00:00.0,bus-3-bus-4-i_6,93.00491277878524
2020-02-27T23:00:00.0,bus-3-bus-4-i_6,88.12663101101006
2020-02-28T00:00:00.0,bus-3-bus-4-i_6,85.68807289533402
2020-02-28T01:00:00.0,bus-3-bus-4-i_6,84.86514731199028
2020-02-28T02:00:00.0,bus-3-bus-4-i_6,84.37751017043976
2020-02-28T03:00:00.0,bus-3-bus-4-i_6,84.59085222281342
2020-02-28T04:00:00.0,bus-3-bus-4-i_6,85.84047104964894
2020-02-28T05:00:00.0,bus-3-bus-4-i_6,89.86434565453337
2020-02-28T06:00:00.0,bus-3-bus-4-i_6,91.60224791740647
2020-02-28T07:00:00.0,bus-3-bus-4-i_6,92.1511045834254
2020-02-28T08:00:00.0,bus-3-bus-4-i_6,92.88293103446202
2020-02-28T09:00:00.0,bus-3-bus-4-i_6,93.70628841496398
2020-02-28T10:00:00.0,bus-3-bus-4-i_6,93.27935357150552
2020-02-28T11:00:00.0,bus-3-bus-4-i_6,93.27935366046358
2020-02-28T12:00:00.0,bus-3-bus-4-i_6,92.54750411447397
2020-02-28T13:00:00.0,bus-3-bus-4-i_6,92.33405448038158
2020-02-28T14:00:00.0,bus-3-bus-4-i_6,91.87667171212024
2020-02-28T15:00:00.0,bus-3-bus-4-i_6,90.68754101141595
2020-02-28T16:00:00.0,bus-3-bus-4-i_6,91.41930159663325
2020-02-28T17:00:00.0,bus-3-bus-4-i_6,96.93908605089423
2020-02-28T18:00:00.0,bus-3-bus-4-i_6,105.84760632402654
2020-02-28T19:00:00.0,bus-3-bus-4-i_6,104.56598229814402
2020-02-28T20:00:00.0,bus-3-bus-4-i_6,102.3080905347163
2020-02-28T21:00:00.0,bus-3-bus-4-i_6,99.2573369487249
2020-02-28T22:00:00.0,bus-3-bus-4-i_6,95.23112086916909
2020-02-28T23:00:00.0,bus-3-bus-4-i_6,90.8399852613884
2020-02-29T00:00:00.0,bus-3-bus-4-i_6,88.0351808745111
2020-02-29T01:00:00.0,bus-3-bus-4-i_6,86.23671301123419
2020-02-29T02:00:00.0,bus-3-bus-4-i_6,85.44423893070321
2020-02-29T03:00:00.0,bus-3-bus-4-i_6,85.32232167163178
2020-02-29T04:00:00.0,bus-3-bus-4-i_6,85.90142599983817
2020-02-29T05:00:00.0,bus-3-bus-4-i_6,87.66937217102395
2020-02-29T06:00:00.0,bus-3-bus-4-i_6,86.8158566115546
2020-02-29T07:00:00.0,bus-3-bus-4-i_6,87.15116055433516
2020-02-29T08:00:00.0,bus-3-bus-4-i_6,88.85827521305684
2020-02-29T09:00:00.0,bus-3-bus-4-i_6,90.13873591994407
2020-02-29T10:00:00.0,bus-3-bus-4-i_6,89.77288250495701
2020-02-29T11:00:00.0,bus-3-bus-4-i_6,88.76681778054486
2020-02-29T12:00:00.0,bus-3-bus-4-i_6,88.0351808745111
2020-02-29T13:00:00.0,bus-3-bus-4-i_6,87.21212563438743
2020-02-29T14:00:00.0,bus-3-bus-4-i_6,86.66344841389738
2020-02-29T15:00:00.0,bus-3-bus-4-i_6,86.41959810197201
2020-02-29T16:00:00.0,bus-3-bus-4-i_6,86.87682007369233
2020-02-29T17:00:00.0,bus-3-bus-4-i_6,91.81569357376662
2020-02-29T18:00:00.0,bus-3-bus-4-i_6,101.02670550702406
2020-02-29T19:00:00.0,bus-3-bus-4-i_6,100.84367522657203
2020-02-29T20:00:00.0,bus-3-bus-4-i_6,98.34219199766484
2020-02-29T21:00:00.0,bus-3-bus-4-i_6,96.05457762199875
2020-02-29T22:00:00.0,bus-3-bus-4-i_6,93.5538056264162
2020-02-29T23:00:00.0,bus-3-bus-4-i_6,90.04727105754135
2020-03-01T00:00:00.0,bus-3-bus-4-i_6,83.92036915758855
2020-03-01T01:00:00.0,bus-3-bus-4-i_6,82.51854549098181
2020-03-01T02:00:00.0,bus-3-bus-4-i_6,81.33016063565613
2020-03-01T03:00:00.0,bus-3-bus-4-i_6,80.9949918851369
2020-03-01T04:00:00.0,bus-3-bus-4-i_6,81.17780159052248
2020-03-01T05:00:00.0,bus-3-bus-4-i_6,82.51854549098181
2020-03-01T06:00:00.0,bus-3-bus-4-i_6,82.30524252256932
2020-03-01T07:00:00.0,bus-3-bus-4-i_6,82.03099394711855
2020-03-01T08:00:00.0,bus-3-bus-4-i_6,83.64608946049923
2020-03-01T09:00:00.0,bus-3-bus-4-i_6,85.04801733955861
2020-03-01T10:00:00.0,bus-3-bus-4-i_6,85.23088564662886
2020-03-01T11:00:00.0,bus-3-bus-4-i_6,85.47471654457877
2020-03-01T12:00:00.0,bus-3-bus-4-i_6,85.07849566348959
2020-03-01T13:00:00.0,bus-3-bus-4-i_6,84.8956274058772
2020-03-01T14:00:00.0,bus-3-bus-4-i_6,84.92610307836878
2020-03-01T15:00:00.0,bus-3-bus-4-i_6,84.80419426459474
2020-03-01T16:00:00.0,bus-3-bus-4-i_6,85.93191078000449
2020-03-01T17:00:00.0,bus-3-bus-4-i_6,93.64529048998772
2020-03-01T18:00:00.0,bus-3-bus-4-i_6,101.69789612209156
2020-03-01T19:00:00.0,bus-3-bus-4-i_6,100.3250473026584
2020-03-01T20:00:00.0,bus-3-bus-4-i_6,97.6711271870345
2020-03-01T21:00:00.0,bus-3-bus-4-i_6,94.01123582307864
2020-03-01T22:00:00.0,bus-3-bus-4-i_6,89.58995421116991
2020-03-01T23:00:00.0,bus-3-bus-4-i_6,84.95658105677822
2020-03-02T00:00:00.0,bus-3-bus-4-i_6,82.42713259353678
2020-03-02T01:00:00.0,bus-3-bus-4-i_6,81.17780159052248
2020-03-02T02:00:00.0,bus-3-bus-4-i_6,80.53795656464585
2020-03-02T03:00:00.0,bus-3-bus-4-i_6,80.81216836768445
2020-03-02T04:00:00.0,bus-3-bus-4-i_6,82.12240388969383
2020-03-02T05:00:00.0,bus-3-bus-4-i_6,86.20622847131986
2020-03-02T06:00:00.0,bus-3-bus-4-i_6,89.10216427621648
2020-03-02T07:00:00.0,bus-3-bus-4-i_6,89.28508373759463
2020-03-02T08:00:00.0,bus-3-bus-4-i_6,90.13873591994407
2020-03-02T09:00:00.0,bus-3-bus-4-i_6,91.69372190669628
2020-03-02T10:00:00.0,bus-3-bus-4-i_6,91.9376550669526
2020-03-02T11:00:00.0,bus-3-bus-4-i_6,92.82195061003391
2020-03-02T12:00:00.0,bus-3-bus-4-i_6,93.03540706899058
2020-03-02T13:00:00.0,bus-3-bus-4-i_6,92.91343156515215
2020-03-02T14:00:00.0,bus-3-bus-4-i_6,92.42553253025797
2020-03-02T15:00:00.0,bus-3-bus-4-i_6,91.38881576028476
2020-03-02T16:00:00.0,bus-3-bus-4-i_6,92.73046344241594
2020-03-02T17:00:00.0,bus-3-bus-4-i_6,101.11824739544524
2020-03-02T18:00:00.0,bus-3-bus-4-i_6,109.17414051795606
2020-03-02T19:00:00.0,bus-3-bus-4-i_6,107.64815108185033
2020-03-02T20:00:00.0,bus-3-bus-4-i_6,103.43702427762702
2020-03-02T21:00:00.0,bus-3-bus-4-i_6,97.76264711647136
2020-03-02T22:00:00.0,bus-3-bus-4-i_6,91.38881576028476
2020-03-02T23:00:00.0,bus-3-bus-4-i_6,85.38327933736538
2020-03-03T00:00:00.0,bus-3-bus-4-i_6,82.60996943624114
2020-03-03T01:00:00.0,bus-3-bus-4-i_6,80.9645223662122
2020-03-03T02:00:00.0,bus-3-bus-4-i_6,80.29420253395021
2020-03-03T03:00:00.0,bus-3-bus-4-i_6,79.74578910656656
2020-03-03T04:00:00.0,bus-3-bus-4-i_6,79.22787244238494
2020-03-03T05:00:00.0,bus-3-bus-4-i_6,82.0919386209417
2020-03-03T06:00:00.0,bus-3-bus-4-i_6,85.38327933736538
2020-03-03T07:00:00.0,bus-3-bus-4-i_6,85.44423893070321
2020-03-03T08:00:00.0,bus-3-bus-4-i_6,87.45598873763356
2020-03-03T09:00:00.0,bus-3-bus-4-i_6,89.49849240571925
2020-03-03T10:00:00.0,bus-3-bus-4-i_6,91.51077963582912
2020-03-03T11:00:00.0,bus-3-bus-4-i_6,91.35832458608755
2020-03-03T12:00:00.0,bus-3-bus-4-i_6,90.16922441214943
2020-03-03T13:00:00.0,bus-3-bus-4-i_6,89.37654420492905
2020-03-03T14:00:00.0,bus-3-bus-4-i_6,88.98021927328755
2020-03-03T15:00:00.0,bus-3-bus-4-i_6,88.27905400650864
2020-03-03T16:00:00.0,bus-3-bus-4-i_6,87.82178975557163
2020-03-03T17:00:00.0,bus-3-bus-4-i_6,94.10273117385135
2020-03-03T18:00:00.0,bus-3-bus-4-i_6,104.87114600296464
2020-03-03T19:00:00.0,bus-3-bus-4-i_6,104.53546835656218
2020-03-03T20:00:00.0,bus-3-bus-4-i_6,101.05721384868667
2020-03-03T21:00:00.0,bus-3-bus-4-i_6,95.53610407580157
2020-03-03T22:00:00.0,bus-3-bus-4-i_6,89.10216427621648
2020-03-03T23:00:00.0,bus-3-bus-4-i_6,84.07274559157803
2020-03-04T00:00:00.0,bus-3-bus-4-i_6,81.3911011983977
2020-03-04T01:00:00.0,bus-3-bus-4-i_6,80.41607526094701
2020-03-04T02:00:00.0,bus-3-bus-4-i_6,79.89812401074448
2020-03-04T03:00:00.0,bus-3-bus-4-i_6,80.05046882876721
2020-03-04T04:00:00.0,bus-3-bus-4-i_6,81.42157162677765
2020-03-04T05:00:00.0,bus-3-bus-4-i_6,85.59663315439752
2020-03-04T06:00:00.0,bus-3-bus-4-i_6,88.43147854955099
2020-03-04T07:00:00.0,bus-3-bus-4-i_6,89.01070554050166
2020-03-04T08:00:00.0,bus-3-bus-4-i_6,89.40703446141325
2020-03-04T09:00:00.0,bus-3-bus-4-i_6,89.77288250495701
2020-03-04T10:00:00.0,bus-3-bus-4-i_6,90.59606890905154
2020-03-04T11:00:00.0,bus-3-bus-4-i_6,90.71802659424938
2020-03-04T12:00:00.0,bus-3-bus-4-i_6,87.69985489709828
2020-03-04T13:00:00.0,bus-3-bus-4-i_6,87.15116055433516
2020-03-04T14:00:00.0,bus-3-bus-4-i_6,86.84633854225675
2020-03-04T15:00:00.0,bus-3-bus-4-i_6,86.05383121277563
2020-03-04T16:00:00.0,bus-3-bus-4-i_6,86.69392991254745
2020-03-04T17:00:00.0,bus-3-bus-4-i_6,92.05962307087874
2020-03-04T18:00:00.0,bus-3-bus-4-i_6,101.9419900804817
2020-03-04T19:00:00.0,bus-3-bus-4-i_6,102.00299100163906
2020-03-04T20:00:00.0,bus-3-bus-4-i_6,100.96568941233693
2020-03-04T21:00:00.0,bus-3-bus-4-i_6,93.79777664986545
2020-03-04T22:00:00.0,bus-3-bus-4-i_6,87.425505022259
2020-03-04T23:00:00.0,bus-3-bus-4-i_6,83.1889640942782
2020-03-05T00:00:00.0,bus-3-bus-4-i_6,81.14734023542971
2020-03-05T01:00:00.0,bus-3-bus-4-i_6,79.98953406067359
2020-03-05T02:00:00.0,bus-3-bus-4-i_6,79.65438897089554
2020-03-05T03:00:00.0,bus-3-bus-4-i_6,79.98953406067359
2020-03-05T04:00:00.0,bus-3-bus-4-i_6,81.3911011983977
2020-03-05T05:00:00.0,bus-3-bus-4-i_6,85.59663315439752
2020-03-05T06:00:00.0,bus-3-bus-4-i_6,87.79130596030141
2020-03-05T07:00:00.0,bus-3-bus-4-i_6,87.79130604227143
2020-03-05T08:00:00.0,bus-3-bus-4-i_6,88.0351808745111
2020-03-05T09:00:00.0,bus-3-bus-4-i_6,88.21808474967008
2020-03-05T10:00:00.0,bus-3-bus-4-i_6,87.79130596030141
2020-03-05T11:00:00.0,bus-3-bus-4-i_6,87.54743891420758
2020-03-05T12:00:00.0,bus-3-bus-4-i_6,87.76082219545873
2020-03-05T13:00:00.0,bus-3-bus-4-i_6,87.60840436304582
2020-03-05T14:00:00.0,bus-3-bus-4-i_6,87.63888779819877
2020-03-05T15:00:00.0,bus-3-bus-4-i_6,86.84633854225675
2020-03-05T16:00:00.0,bus-3-bus-4-i_6,87.425505022259
2020-03-05T17:00:00.0,bus-3-bus-4-i_6,92.51701135466925
2020-03-05T18:00:00.0,bus-3-bus-4-i_6,102.43013194128672
2020-03-05T19:00:00.0,bus-3-bus-4-i_6,102.21656019570753
2020-03-05T20:00:00.0,bus-3-bus-4-i_6,103.2234197731476
2020-03-05T21:00:00.0,bus-3-bus-4-i_6,98.09817850360992
2020-03-05T22:00:00.0,bus-3-bus-4-i_6,91.90716327255919
2020-03-05T23:00:00.0,bus-3-bus-4-i_6,86.3281559091528
2020-03-06T00:00:00.0,bus-3-bus-4-i_6,83.55466411097797
2020-03-06T01:00:00.0,bus-3-bus-4-i_6,82.64043730720805
2020-03-06T02:00:00.0,bus-3-bus-4-i_6,82.0919386209417
2020-03-06T03:00:00.0,bus-3-bus-4-i_6,82.30524252256932
2020-03-06T04:00:00.0,bus-3-bus-4-i_6,83.70703995656129
2020-03-06T05:00:00.0,bus-3-bus-4-i_6,88.27905400650864
2020-03-06T06:00:00.0,bus-3-bus-4-i_6,90.29117877571939
2020-03-06T07:00:00.0,bus-3-bus-4-i_6,90.93145482347899
2020-03-06T08:00:00.0,bus-3-bus-4-i_6,91.72421878058752
2020-03-06T09:00:00.0,bus-3-bus-4-i_6,92.69997002490969
2020-03-06T10:00:00.0,bus-3-bus-4-i_6,92.18159190073843
2020-03-06T11:00:00.0,bus-3-bus-4-i_6,92.18159199271473
2020-03-06T12:00:00.0,bus-3-bus-4-i_6,91.35832458608755
2020-03-06T13:00:00.0,bus-3-bus-4-i_6,91.11439562317689
2020-03-06T14:00:00.0,bus-3-bus-4-i_6,90.59606890905154
2020-03-06T15:00:00.0,bus-3-bus-4-i_6,89.25459966647433
2020-03-06T16:00:00.0,bus-3-bus-4-i_6,90.04727105754135
2020-03-06T17:00:00.0,bus-3-bus-4-i_6,96.39007541317757
2020-03-06T18:00:00.0,bus-3-bus-4-i_6,106.610517308126
2020-03-06T19:00:00.0,bus-3-bus-4-i_6,105.14577786251076
2020-03-06T20:00:00.0,bus-3-bus-4-i_6,102.52168284249632
2020-03-06T21:00:00.0,bus-3-bus-4-i_6,99.04380212255023
2020-03-06T22:00:00.0,bus-3-bus-4-i_6,94.40768545899476
2020-03-06T23:00:00.0,bus-3-bus-4-i_6,89.40703446141325
2020-03-07T00:00:00.0,bus-3-bus-4-i_6,86.20622847131986
2020-03-07T01:00:00.0,bus-3-bus-4-i_6,84.19465380517265
2020-03-07T02:00:00.0,bus-3-bus-4-i_6,83.24991279815033
2020-03-07T03:00:00.0,bus-3-bus-4-i_6,83.12802000666812
2020-03-07T04:00:00.0,bus-3-bus-4-i_6,83.79846277616447
2020-03-07T05:00:00.0,bus-3-bus-4-i_6,85.80998998789038
2020-03-07T06:00:00.0,bus-3-bus-4-i_6,84.83467198070463
2020-03-07T07:00:00.0,bus-3-bus-4-i_6,85.20040709806882
2020-03-07T08:00:00.0,bus-3-bus-4-i_6,87.15116055433516
2020-03-07T09:00:00.0,bus-3-bus-4-i_6,88.61438988024113
2020-03-07T10:00:00.0,bus-3-bus-4-i_6,88.18760176899234
2020-03-07T11:00:00.0,bus-3-bus-4-i_6,87.05971316468221
2020-03-07T12:00:00.0,bus-3-bus-4-i_6,86.20622847131986
2020-03-07T13:00:00.0,bus-3-bus-4-i_6,85.29184485301055
2020-03-07T14:00:00.0,bus-3-bus-4-i_6,84.65180678500732
2020-03-07T15:00:00.0,bus-3-bus-4-i_6,84.37751017043976
2020-03-07T16:00:00.0,bus-3-bus-4-i_6,84.8956274058772
2020-03-07T17:00:00.0,bus-3-bus-4-i_6,90.53509046158803
2020-03-07T18:00:00.0,bus-3-bus-4-i_6,101.05721384868667
2020-03-07T19:00:00.0,bus-3-bus-4-i_6,100.84367522657203
2020-03-07T20:00:00.0,bus-3-bus-4-i_6,98.00666928484507
2020-03-07T21:00:00.0,bus-3-bus-4-i_6,95.35311313654387
2020-03-07T22:00:00.0,bus-3-bus-4-i_6,92.51701135466925
2020-03-07T23:00:00.0,bus-3-bus-4-i_6,88.4924488352009
2020-03-08T00:00:00.0,bus-3-bus-4-i_6,85.65759326379337
2020-03-08T01:00:00.0,bus-3-bus-4-i_6,83.9813207893573
2020-03-08T02:00:00.0,bus-3-bus-4-i_6,83.43276451721397
2020-03-08T03:00:00.0,bus-3-bus-4-i_6,83.49371423347168
2020-03-08T04:00:00.0,bus-3-bus-4-i_6,83.85941752199498
2020-03-08T05:00:00.0,bus-3-bus-4-i_6,85.65759326379337
2020-03-08T06:00:00.0,bus-3-bus-4-i_6,84.13370368344924
2020-03-08T07:00:00.0,bus-3-bus-4-i_6,84.13369822218041
2020-03-08T08:00:00.0,bus-3-bus-4-i_6,85.26136425839972
2020-03-08T09:00:00.0,bus-3-bus-4-i_6,86.3281559091528
2020-03-08T10:00:00.0,bus-3-bus-4-i_6,85.65759326379337
2020-03-08T11:00:00.0,bus-3-bus-4-i_6,85.35280047288414
2020-03-08T12:00:00.0,bus-3-bus-4-i_6,85.29184485301055
2020-03-08T13:00:00.0,bus-3-bus-4-i_6,84.65180678500732
2020-03-08T14:00:00.0,bus-3-bus-4-i_6,84.46894382317409
2020-03-08T15:00:00.0,bus-3-bus-4-i_6,84.49942080238648
2020-03-08T16:00:00.0,bus-3-bus-4-i_6,85.07849566348959
2020-03-08T17:00:00.0,bus-3-bus-4-i_6,91.32782916523918
2020-03-08T18:00:00.0,bus-3-bus-4-i_6,100.99621510706562
2020-03-08T19:00:00.0,bus-3-bus-4-i_6,100.08099494865652
2020-03-08T20:00:00.0,bus-3-bus-4-i_6,97.79314970061168
2020-03-08T21:00:00.0,bus-3-bus-4-i_6,93.12688929983229
2020-03-08T22:00:00.0,bus-3-bus-4-i_6,89.07168044830468
2020-03-08T23:00:00.0,bus-3-bus-4-i_6,84.59085222281342
2020-03-09T00:00:00.0,bus-3-bus-4-i_6,82.7013886493176
2020-03-09T01:00:00.0,bus-3-bus-4-i_6,81.42157162677765
2020-03-09T02:00:00.0,bus-3-bus-4-i_6,81.05593106101912
2020-03-09T03:00:00.0,bus-3-bus-4-i_6,81.33016063565613
2020-03-09T04:00:00.0,bus-3-bus-4-i_6,82.51854549098181
2020-03-09T05:00:00.0,bus-3-bus-4-i_6,86.66344841389738
2020-03-09T06:00:00.0,bus-3-bus-4-i_6,89.92532194253597
2020-03-09T07:00:00.0,bus-3-bus-4-i_6,91.60224791740647
2020-03-09T08:00:00.0,bus-3-bus-4-i_6,93.64529048998772
2020-03-09T09:00:00.0,bus-3-bus-4-i_6,93.70628841496398
2020-03-09T10:00:00.0,bus-3-bus-4-i_6,93.15738401890721
2020-03-09T11:00:00.0,bus-3-bus-4-i_6,92.42553253025797
2020-03-09T12:00:00.0,bus-3-bus-4-i_6,92.48652460265842
2020-03-09T13:00:00.0,bus-3-bus-4-i_6,92.02913102654551
2020-03-09T14:00:00.0,bus-3-bus-4-i_6,91.17538343318571
2020-03-09T15:00:00.0,bus-3-bus-4-i_6,90.29117877571939
2020-03-09T16:00:00.0,bus-3-bus-4-i_6,90.80949544930992
2020-03-09T17:00:00.0,bus-3-bus-4-i_6,97.00008821356165
2020-03-09T18:00:00.0,bus-3-bus-4-i_6,108.35009254488817
2020-03-09T19:00:00.0,bus-3-bus-4-i_6,108.0143783857793
2020-03-09T20:00:00.0,bus-3-bus-4-i_6,103.83368523719511
2020-03-09T21:00:00.0,bus-3-bus-4-i_6,98.28119804356294
2020-03-09T22:00:00.0,bus-3-bus-4-i_6,91.66323587787221
2020-03-09T23:00:00.0,bus-3-bus-4-i_6,86.26719369633318
2020-03-10T00:00:00.0,bus-3-bus-4-i_6,83.21944263092672
2020-03-10T01:00:00.0,bus-3-bus-4-i_6,81.72627946474313
2020-03-10T02:00:00.0,bus-3-bus-4-i_6,80.8426450961109
2020-03-10T03:00:00.0,bus-3-bus-4-i_6,81.05593106101912
2020-03-10T04:00:00.0,bus-3-bus-4-i_6,81.93957271385943
2020-03-10T05:00:00.0,bus-3-bus-4-i_6,85.53567609680638
2020-03-10T06:00:00.0,bus-3-bus-4-i_6,87.45598873763356
2020-03-10T07:00:00.0,bus-3-bus-4-i_6,89.31557043374876
2020-03-10T08:00:00.0,bus-3-bus-4-i_6,90.87047503925092
2020-03-10T09:00:00.0,bus-3-bus-4-i_6,92.05962307087874
2020-03-10T10:00:00.0,bus-3-bus-4-i_6,91.7852019197958
2020-03-10T11:00:00.0,bus-3-bus-4-i_6,91.69372190669628
2020-03-10T12:00:00.0,bus-3-bus-4-i_6,91.4497923505234
2020-03-10T13:00:00.0,bus-3-bus-4-i_6,91.11439562317689
2020-03-10T14:00:00.0,bus-3-bus-4-i_6,90.26069021062632
2020-03-10T15:00:00.0,bus-3-bus-4-i_6,89.68141630941714
2020-03-10T16:00:00.0,bus-3-bus-4-i_6,90.29117877571939
2020-03-10T17:00:00.0,bus-3-bus-4-i_6,97.03058933961114
2020-03-10T18:00:00.0,bus-3-bus-4-i_6,109.54039444643962
2020-03-10T19:00:00.0,bus-3-bus-4-i_6,109.23518296566641
2020-03-10T20:00:00.0,bus-3-bus-4-i_6,106.33586596305736
2020-03-10T21:00:00.0,bus-3-bus-4-i_6,100.23352660739901
2020-03-10T22:00:00.0,bus-3-bus-4-i_6,93.27935357150552
2020-03-10T23:00:00.0,bus-3-bus-4-i_6,87.57792312185708
2020-03-11T00:00:00.0,bus-3-bus-4-i_6,84.65180678500732
2020-03-11T01:00:00.0,bus-3-bus-4-i_6,83.06706745760903
2020-03-11T02:00:00.0,bus-3-bus-4-i_6,82.24429786818033
2020-03-11T03:00:00.0,bus-3-bus-4-i_6,82.39665983649479
2020-03-11T04:00:00.0,bus-3-bus-4-i_6,84.01179667538756
2020-03-11T05:00:00.0,bus-3-bus-4-i_6,88.61438988024113
2020-03-11T06:00:00.0,bus-3-bus-4-i_6,90.8399852613884
2020-03-11T07:00:00.0,bus-3-bus-4-i_6,91.48028344790187
2020-03-11T08:00:00.0,bus-3-bus-4-i_6,92.82195061003391
2020-03-11T09:00:00.0,bus-3-bus-4-i_6,93.79777664986545
2020-03-11T10:00:00.0,bus-3-bus-4-i_6,93.27935357150552
2020-03-11T11:00:00.0,bus-3-bus-4-i_6,92.27307530550732
2020-03-11T12:00:00.0,bus-3-bus-4-i_6,91.90716327255919
2020-03-11T13:00:00.0,bus-3-bus-4-i_6,90.93145482347899
2020-03-11T14:00:00.0,bus-3-bus-4-i_6,89.77288250495701
2020-03-11T15:00:00.0,bus-3-bus-4-i_6,89.43751813371144
2020-03-11T16:00:00.0,bus-3-bus-4-i_6,89.92532194253597
2020-03-11T17:00:00.0,bus-3-bus-4-i_6,96.20708648933731
2020-03-11T18:00:00.0,bus-3-bus-4-i_6,109.54039444643962
2020-03-11T19:00:00.0,bus-3-bus-4-i_6,109.78453530186184
2020-03-11T20:00:00.0,bus-3-bus-4-i_6,106.73261188410947
2020-03-11T21:00:00.0,bus-3-bus-4-i_6,100.75215191289766
2020-03-11T22:00:00.0,bus-3-bus-4-i_6,93.67578572259417
2020-03-11T23:00:00.0,bus-3-bus-4-i_6,87.69985489709828
2020-03-12T00:00:00.0,bus-3-bus-4-i_6,84.62132944445092
2020-03-12T01:00:00.0,bus-3-bus-4-i_6,83.34134046341494
2020-03-12T02:00:00.0,bus-3-bus-4-i_6,82.51854549098181
2020-03-12T03:00:00.0,bus-3-bus-4-i_6,82.60996943624114
2020-03-12T04:00:00.0,bus-3-bus-4-i_6,84.13370368344924
2020-03-12T05:00:00.0,bus-3-bus-4-i_6,89.01070554050166
2020-03-12T06:00:00.0,bus-3-bus-4-i_6,91.66323587787221
2020-03-12T07:00:00.0,bus-3-bus-4-i_6,92.21208437361135
2020-03-12T08:00:00.0,bus-3-bus-4-i_6,93.40133171027891
2020-03-12T09:00:00.0,bus-3-bus-4-i_6,93.70628841496398
2020-03-12T10:00:00.0,bus-3-bus-4-i_6,92.1511045834254
2020-03-12T11:00:00.0,bus-3-bus-4-i_6,91.9376550669526
2020-03-12T12:00:00.0,bus-3-bus-4-i_6,91.93765506719514
2020-03-12T13:00:00.0,bus-3-bus-4-i_6,91.11439562317689
2020-03-12T14:00:00.0,bus-3-bus-4-i_6,90.80949544930992
2020-03-12T15:00:00.0,bus-3-bus-4-i_6,89.68141630941714
2020-03-12T16:00:00.0,bus-3-bus-4-i_6,89.92532194253597
2020-03-12T17:00:00.0,bus-3-bus-4-i_6,96.51208721631808
2020-03-12T18:00:00.0,bus-3-bus-4-i_6,109.84561156428052
2020-03-12T19:00:00.0,bus-3-bus-4-i_6,109.9677000114724
2020-03-12T20:00:00.0,bus-3-bus-4-i_6,106.67157797250427
2020-03-12T21:00:00.0,bus-3-bus-4-i_6,101.36231600671297
2020-03-12T22:00:00.0,bus-3-bus-4-i_6,94.77364750027871
2020-03-12T23:00:00.0,bus-3-bus-4-i_6,88.9192493902605
2020-03-13T00:00:00.0,bus-3-bus-4-i_6,85.5661553829935
2020-03-13T01:00:00.0,bus-3-bus-4-i_6,83.64608946049923
2020-03-13T02:00:00.0,bus-3-bus-4-i_6,82.97564566331756
2020-03-13T03:00:00.0,bus-3-bus-4-i_6,83.31086589823049
2020-03-13T04:00:00.0,bus-3-bus-4-i_6,85.01753931221657
2020-03-13T05:00:00.0,bus-3-bus-4-i_6,89.83385470402871
2020-03-13T06:00:00.0,bus-3-bus-4-i_6,92.82195061003391
2020-03-13T07:00:00.0,bus-3-bus-4-i_6,94.10273117385135
2020-03-13T08:00:00.0,bus-3-bus-4-i_6,95.41411012605336
2020-03-13T09:00:00.0,bus-3-bus-4-i_6,93.40133171027891
2020-03-13T10:00:00.0,bus-3-bus-4-i_6,95.50559571777936
2020-03-13T11:00:00.0,bus-3-bus-4-i_6,94.7431589967377
2020-03-13T12:00:00.0,bus-3-bus-4-i_6,92.94392541692658
2020-03-13T13:00:00.0,bus-3-bus-4-i_6,91.66323587787221
2020-03-13T14:00:00.0,bus-3-bus-4-i_6,90.99243488567501
2020-03-13T15:00:00.0,bus-3-bus-4-i_6,90.4741158274601
2020-03-13T16:00:00.0,bus-3-bus-4-i_6,93.37083708172663
2020-03-13T17:00:00.0,bus-3-bus-4-i_6,102.06401062043575
2020-03-13T18:00:00.0,bus-3-bus-4-i_6,113.478025088263
2020-03-13T19:00:00.0,bus-3-bus-4-i_6,112.95907171941883
2020-03-13T20:00:00.0,bus-3-bus-4-i_6,110.45605951869287
2020-03-13T21:00:00.0,bus-3-bus-4-i_6,107.37348583792752
2020-03-13T22:00:00.0,bus-3-bus-4-i_6,101.69789612209156
2020-03-13T23:00:00.0,bus-3-bus-4-i_6,95.68859775516555
2020-03-14T00:00:00.0,bus-3-bus-4-i_6,91.35832458608755
2020-03-14T01:00:00.0,bus-3-bus-4-i_6,89.10216427621648
2020-03-14T02:00:00.0,bus-3-bus-4-i_6,87.15116055433516
2020-03-14T03:00:00.0,bus-3-bus-4-i_6,86.57200425567886
2020-03-14T04:00:00.0,bus-3-bus-4-i_6,87.24260831407354
2020-03-14T05:00:00.0,bus-3-bus-4-i_6,89.25459966647433
2020-03-14T06:00:00.0,bus-3-bus-4-i_6,89.16313716980659
2020-03-14T07:00:00.0,bus-3-bus-4-i_6,90.04727105754135
2020-03-14T08:00:00.0,bus-3-bus-4-i_6,91.38881576028476
2020-03-14T09:00:00.0,bus-3-bus-4-i_6,93.37083708172663
2020-03-14T10:00:00.0,bus-3-bus-4-i_6,92.76095698028001
2020-03-14T11:00:00.0,bus-3-bus-4-i_6,91.60224791740647
2020-03-14T12:00:00.0,bus-3-bus-4-i_6,90.53509046158803
2020-03-14T13:00:00.0,bus-3-bus-4-i_6,90.07775912268326
2020-03-14T14:00:00.0,bus-3-bus-4-i_6,87.97420133714152
2020-03-14T15:00:00.0,bus-3-bus-4-i_6,88.61438988024113
2020-03-14T16:00:00.0,bus-3-bus-4-i_6,91.11439562317689
2020-03-14T17:00:00.0,bus-3-bus-4-i_6,97.9151476304615
2020-03-14T18:00:00.0,bus-3-bus-4-i_6,110.33394611223781
2020-03-14T19:00:00.0,bus-3-bus-4-i_6,110.45605951869287
2020-03-14T20:00:00.0,bus-3-bus-4-i_6,108.22794738398258
2020-03-14T21:00:00.0,bus-3-bus-4-i_6,103.92522368627883
2020-03-14T22:00:00.0,bus-3-bus-4-i_6,99.28784214737792
2020-03-14T23:00:00.0,bus-3-bus-4-i_6,93.70628841496398
2020-03-15T00:00:00.0,bus-3-bus-4-i_6,89.68141630941714
2020-03-15T01:00:00.0,bus-3-bus-4-i_6,87.82178975557163
2020-03-15T02:00:00.0,bus-3-bus-4-i_6,86.57200425567886
2020-03-15T03:00:00.0,bus-3-bus-4-i_6,86.29767049944203
2020-03-15T04:00:00.0,bus-3-bus-4-i_6,86.93778445172926
2020-03-15T05:00:00.0,bus-3-bus-4-i_6,88.00469364578909
2020-03-15T06:00:00.0,bus-3-bus-4-i_6,86.54152298789964
2020-03-15T07:00:00.0,bus-3-bus-4-i_6,86.90730239878985
2020-03-15T08:00:00.0,bus-3-bus-4-i_6,87.97420133714152
2020-03-15T09:00:00.0,bus-3-bus-4-i_6,88.0351808745111
2020-03-15T10:00:00.0,bus-3-bus-4-i_6,87.91324256576594
2020-03-15T11:00:00.0,bus-3-bus-4-i_6,86.93778445172926
2020-03-15T12:00:00.0,bus-3-bus-4-i_6,86.20622847131986
2020-03-15T13:00:00.0,bus-3-bus-4-i_6,85.13945019078018
2020-03-15T14:00:00.0,bus-3-bus-4-i_6,84.37751017043976
2020-03-15T15:00:00.0,bus-3-bus-4-i_6,84.31656002353773
2020-03-15T16:00:00.0,bus-3-bus-4-i_6,85.5661553829935
2020-03-15T17:00:00.0,bus-3-bus-4-i_6,92.60849039451641
2020-03-15T18:00:00.0,bus-3-bus-4-i_6,104.9932043072371
2020-03-15T19:00:00.0,bus-3-bus-4-i_6,106.73261188410947
2020-03-15T20:00:00.0,bus-3-bus-4-i_6,104.47444097648666
2020-03-15T21:00:00.0,bus-3-bus-4-i_6,100.53858248495922
2020-03-15T22:00:00.0,bus-3-bus-4-i_6,95.50559571777936
2020-03-15T23:00:00.0,bus-3-bus-4-i_6,89.89483047402396
2020-03-16T00:00:00.0,bus-3-bus-4-i_6,86.87682007369233
2020-03-16T01:00:00.0,bus-3-bus-4-i_6,85.32232167163178
2020-03-16T02:00:00.0,bus-3-bus-4-i_6,84.71276148709904
2020-03-16T03:00:00.0,bus-3-bus-4-i_6,85.38327933736538
2020-03-16T04:00:00.0,bus-3-bus-4-i_6,88.00469364578909
2020-03-16T05:00:00.0,bus-3-bus-4-i_6,93.46232119846833
2020-03-16T06:00:00.0,bus-3-bus-4-i_6,95.35311313654387
2020-03-16T07:00:00.0,bus-3-bus-4-i_6,95.26161858722591
2020-03-16T08:00:00.0,bus-3-bus-4-i_6,95.20061324135035
2020-03-16T09:00:00.0,bus-3-bus-4-i_6,94.95664044297025
2020-03-16T10:00:00.0,bus-3-bus-4-i_6,93.79777664986545
2020-03-16T11:00:00.0,bus-3-bus-4-i_6,92.48652460265842
2020-03-16T12:00:00.0,bus-3-bus-4-i_6,91.66323587787221
2020-03-16T13:00:00.0,bus-3-bus-4-i_6,90.87047503925092
2020-03-16T14:00:00.0,bus-3-bus-4-i_6,89.74239147577369
2020-03-16T15:00:00.0,bus-3-bus-4-i_6,88.4924488352009
2020-03-16T16:00:00.0,bus-3-bus-4-i_6,89.58995421116991
2020-03-16T17:00:00.0,bus-3-bus-4-i_6,95.32261489780187
2020-03-16T18:00:00.0,bus-3-bus-4-i_6,111.24966600208923
2020-03-16T19:00:00.0,bus-3-bus-4-i_6,111.67700424998203
2020-03-16T20:00:00.0,bus-3-bus-4-i_6,109.41830928130898
2020-03-16T21:00:00.0,bus-3-bus-4-i_6,103.55905168746379
2020-03-16T22:00:00.0,bus-3-bus-4-i_6,96.57307691898708
2020-03-16T23:00:00.0,bus-3-bus-4-i_6,90.44362675186714
2020-03-17T00:00:00.0,bus-3-bus-4-i_6,87.15116055433516
2020-03-17T01:00:00.0,bus-3-bus-4-i_6,85.90142599983817
2020-03-17T02:00:00.0,bus-3-bus-4-i_6,85.50519707683992
2020-03-17T03:00:00.0,bus-3-bus-4-i_6,86.20622847131986
2020-03-17T04:00:00.0,bus-3-bus-4-i_6,88.98021927328755
2020-03-17T05:00:00.0,bus-3-bus-4-i_6,94.95664044297025
2020-03-17T06:00:00.0,bus-3-bus-4-i_6,96.69509031265083
2020-03-17T07:00:00.0,bus-3-bus-4-i_6,96.57307691898708
2020-03-17T08:00:00.0,bus-3-bus-4-i_6,96.23758681056343
2020-03-17T09:00:00.0,bus-3-bus-4-i_6,95.13962662903592
2020-03-17T10:00:00.0,bus-3-bus-4-i_6,93.27935357150552
2020-03-17T11:00:00.0,bus-3-bus-4-i_6,92.69997002490969
2020-03-17T12:00:00.0,bus-3-bus-4-i_6,92.1511045834254
2020-03-17T13:00:00.0,bus-3-bus-4-i_6,91.38881576028476
2020-03-17T14:00:00.0,bus-3-bus-4-i_6,90.71802659424938
2020-03-17T15:00:00.0,bus-3-bus-4-i_6,89.92532194253597
2020-03-17T16:00:00.0,bus-3-bus-4-i_6,90.26069021062632
2020-03-17T17:00:00.0,bus-3-bus-4-i_6,95.10912879286622
2020-03-17T18:00:00.0,bus-3-bus-4-i_6,109.23518296566641
2020-03-17T19:00:00.0,bus-3-bus-4-i_6,109.90665580140613
2020-03-17T20:00:00.0,bus-3-bus-4-i_6,106.39689927566869
2020-03-17T21:00:00.0,bus-3-bus-4-i_6,100.14200637634927
2020-03-17T22:00:00.0,bus-3-bus-4-i_6,93.27935357150552
2020-03-17T23:00:00.0,bus-3-bus-4-i_6,87.48647333301483
2020-03-18T00:00:00.0,bus-3-bus-4-i_6,84.19465380517265
2020-03-18T01:00:00.0,bus-3-bus-4-i_6,82.67091045907667
2020-03-18T02:00:00.0,bus-3-bus-4-i_6,82.21381986652486
2020-03-18T03:00:00.0,bus-3-bus-4-i_6,82.42713259353678
2020-03-18T04:00:00.0,bus-3-bus-4-i_6,83.85941752199498
2020-03-18T05:00:00.0,bus-3-bus-4-i_6,88.24856931665886
2020-03-18T06:00:00.0,bus-3-bus-4-i_6,89.98629466712337
2020-03-18T07:00:00.0,bus-3-bus-4-i_6,90.59606890905154
2020-03-18T08:00:00.0,bus-3-bus-4-i_6,91.57175676444335
2020-03-18T09:00:00.0,bus-3-bus-4-i_6,91.32782916523918
2020-03-18T10:00:00.0,bus-3-bus-4-i_6,90.71802659424938
2020-03-18T11:00:00.0,bus-3-bus-4-i_6,90.8399852613884
2020-03-18T12:00:00.0,bus-3-bus-4-i_6,90.80949544930992
2020-03-18T13:00:00.0,bus-3-bus-4-i_6,90.59606890905154
2020-03-18T14:00:00.0,bus-3-bus-4-i_6,89.71190391035165
2020-03-18T15:00:00.0,bus-3-bus-4-i_6,88.94973320856558
2020-03-18T16:00:00.0,bus-3-bus-4-i_6,89.43751813371144
2020-03-18T17:00:00.0,bus-3-bus-4-i_6,93.27935357150552
2020-03-18T18:00:00.0,bus-3-bus-4-i_6,107.06830574966774
2020-03-18T19:00:00.0,bus-3-bus-4-i_6,108.0143783857793
2020-03-18T20:00:00.0,bus-3-bus-4-i_6,104.47444097648666
2020-03-18T21:00:00.0,bus-3-bus-4-i_6,99.928446985901
2020-03-18T22:00:00.0,bus-3-bus-4-i_6,92.97441887320004
2020-03-18T23:00:00.0,bus-3-bus-4-i_6,87.45598873763356
2020-03-19T00:00:00.0,bus-3-bus-4-i_6,84.68228416148568
2020-03-19T01:00:00.0,bus-3-bus-4-i_6,76.66900233070552
2020-03-19T02:00:00.0,bus-3-bus-4-i_6,76.54716358788124
2020-03-19T03:00:00.0,bus-3-bus-4-i_6,76.69946213011536
2020-03-19T04:00:00.0,bus-3-bus-4-i_6,77.3695849226848
2020-03-19T05:00:00.0,bus-3-bus-4-i_6,78.2530073810268
2020-03-19T06:00:00.0,bus-3-bus-4-i_6,91.48028344790187
2020-03-19T07:00:00.0,bus-3-bus-4-i_6,92.63898368194604
2020-03-19T08:00:00.0,bus-3-bus-4-i_6,93.58430813510215
2020-03-19T09:00:00.0,bus-3-bus-4-i_6,93.37083708172663
2020-03-19T10:00:00.0,bus-3-bus-4-i_6,92.1511045834254
2020-03-19T11:00:00.0,bus-3-bus-4-i_6,92.02913102654551
2020-03-19T12:00:00.0,bus-3-bus-4-i_6,91.38881576028476
2020-03-19T13:00:00.0,bus-3-bus-4-i_6,91.35832458608755
2020-03-19T14:00:00.0,bus-3-bus-4-i_6,90.59606890905154
2020-03-19T15:00:00.0,bus-3-bus-4-i_6,90.07775912268326
2020-03-19T16:00:00.0,bus-3-bus-4-i_6,90.3216674593034
2020-03-19T17:00:00.0,bus-3-bus-4-i_6,94.86513927720867
2020-03-19T18:00:00.0,bus-3-bus-4-i_6,107.95331107578751
2020-03-19T19:00:00.0,bus-3-bus-4-i_6,107.77022691622547
2020-03-19T20:00:00.0,bus-3-bus-4-i_6,104.53546835656218
2020-03-19T21:00:00.0,bus-3-bus-4-i_6,98.1896886885525
2020-03-19T22:00:00.0,bus-3-bus-4-i_6,91.57175676444335
2020-03-19T23:00:00.0,bus-3-bus-4-i_6,86.29767049944203
2020-03-20T00:00:00.0,bus-3-bus-4-i_6,83.21944263092672
2020-03-20T01:00:00.0,bus-3-bus-4-i_6,81.78722172312472
2020-03-20T02:00:00.0,bus-3-bus-4-i_6,81.14734023542971
2020-03-20T03:00:00.0,bus-3-bus-4-i_6,81.0864007352959
2020-03-20T04:00:00.0,bus-3-bus-4-i_6,82.03099394711855
2020-03-20T05:00:00.0,bus-3-bus-4-i_6,85.53567609680638
2020-03-20T06:00:00.0,bus-3-bus-4-i_6,86.17575183045278
2020-03-20T07:00:00.0,bus-3-bus-4-i_6,88.12663101101006
2020-03-20T08:00:00.0,bus-3-bus-4-i_6,90.16922441214943
2020-03-20T09:00:00.0,bus-3-bus-4-i_6,91.81569357376662
2020-03-20T10:00:00.0,bus-3-bus-4-i_6,92.05962307087874
2020-03-20T11:00:00.0,bus-3-bus-4-i_6,92.02913102654551
2020-03-20T12:00:00.0,bus-3-bus-4-i_6,92.09011523939141
2020-03-20T13:00:00.0,bus-3-bus-4-i_6,91.17538343318571
2020-03-20T14:00:00.0,bus-3-bus-4-i_6,89.92532194253597
2020-03-20T15:00:00.0,bus-3-bus-4-i_6,89.10216427621648
2020-03-20T16:00:00.0,bus-3-bus-4-i_6,89.1326507939634
2020-03-20T17:00:00.0,bus-3-bus-4-i_6,93.27935357150552
2020-03-20T18:00:00.0,bus-3-bus-4-i_6,104.32187303744999
2020-03-20T19:00:00.0,bus-3-bus-4-i_6,104.6575240384009
2020-03-20T20:00:00.0,bus-3-bus-4-i_6,102.58270418829203
2020-03-20T21:00:00.0,bus-3-bus-4-i_6,98.34219199766484
2020-03-20T22:00:00.0,bus-3-bus-4-i_6,93.06589412397935
2020-03-20T23:00:00.0,bus-3-bus-4-i_6,88.12663101101006
2020-03-21T00:00:00.0,bus-3-bus-4-i_6,84.62132944445092
2020-03-21T01:00:00.0,bus-3-bus-4-i_6,82.79280383667033
2020-03-21T02:00:00.0,bus-3-bus-4-i_6,81.93957271385943
2020-03-21T03:00:00.0,bus-3-bus-4-i_6,81.69580227035371
2020-03-21T04:00:00.0,bus-3-bus-4-i_6,82.0919386209417
2020-03-21T05:00:00.0,bus-3-bus-4-i_6,83.24991279815033
2020-03-21T06:00:00.0,bus-3-bus-4-i_6,80.81216836768445
2020-03-21T07:00:00.0,bus-3-bus-4-i_6,81.3911011983977
2020-03-21T08:00:00.0,bus-3-bus-4-i_6,83.15849422436348
2020-03-21T09:00:00.0,bus-3-bus-4-i_6,85.07849566348959
2020-03-21T10:00:00.0,bus-3-bus-4-i_6,85.96238965847569
2020-03-21T11:00:00.0,bus-3-bus-4-i_6,86.17575183045278
2020-03-21T12:00:00.0,bus-3-bus-4-i_6,85.53567609680638
2020-03-21T13:00:00.0,bus-3-bus-4-i_6,85.16993064060529
2020-03-21T14:00:00.0,bus-3-bus-4-i_6,84.31656002353773
2020-03-21T15:00:00.0,bus-3-bus-4-i_6,83.9813207893573
2020-03-21T16:00:00.0,bus-3-bus-4-i_6,84.86514731199028
2020-03-21T17:00:00.0,bus-3-bus-4-i_6,90.68754101141595
2020-03-21T18:00:00.0,bus-3-bus-4-i_6,102.00299100163906
2020-03-21T19:00:00.0,bus-3-bus-4-i_6,102.27758054395453
2020-03-21T20:00:00.0,bus-3-bus-4-i_6,100.66062913033839
2020-03-21T21:00:00.0,bus-3-bus-4-i_6,96.90858485007526
2020-03-21T22:00:00.0,bus-3-bus-4-i_6,92.42553253025797
2020-03-21T23:00:00.0,bus-3-bus-4-i_6,87.79130596030141
2020-03-22T00:00:00.0,bus-3-bus-4-i_6,84.65180678500732
2020-03-22T01:00:00.0,bus-3-bus-4-i_6,83.15849422436348
2020-03-22T02:00:00.0,bus-3-bus-4-i_6,82.21381986652486
2020-03-22T03:00:00.0,bus-3-bus-4-i_6,82.45760505515027
2020-03-22T04:00:00.0,bus-3-bus-4-i_6,82.67091045907667
2020-03-22T05:00:00.0,bus-3-bus-4-i_6,83.70703995656129
2020-03-22T06:00:00.0,bus-3-bus-4-i_6,82.42713259353678
2020-03-22T07:00:00.0,bus-3-bus-4-i_6,83.55466411097797
2020-03-22T08:00:00.0,bus-3-bus-4-i_6,85.87094966793806
2020-03-22T09:00:00.0,bus-3-bus-4-i_6,87.45598873763356
2020-03-22T10:00:00.0,bus-3-bus-4-i_6,86.84633854225675
2020-03-22T11:00:00.0,bus-3-bus-4-i_6,86.69392991254745
2020-03-22T12:00:00.0,bus-3-bus-4-i_6,86.57200425567886
2020-03-22T13:00:00.0,bus-3-bus-4-i_6,85.87094966793806
2020-03-22T14:00:00.0,bus-3-bus-4-i_6,85.13945019078018
2020-03-22T15:00:00.0,bus-3-bus-4-i_6,84.49942080238648
2020-03-22T16:00:00.0,bus-3-bus-4-i_6,85.13945019078018
2020-03-22T17:00:00.0,bus-3-bus-4-i_6,89.68141630941714
2020-03-22T18:00:00.0,bus-3-bus-4-i_6,100.08099494865652
2020-03-22T19:00:00.0,bus-3-bus-4-i_6,101.27079009508127
2020-03-22T20:00:00.0,bus-3-bus-4-i_6,99.37935794652581
2020-03-22T21:00:00.0,bus-3-bus-4-i_6,95.26161858722591
2020-03-22T22:00:00.0,bus-3-bus-4-i_6,90.74852044261281
2020-03-22T23:00:00.0,bus-3-bus-4-i_6,86.26719369633318
2020-03-23T00:00:00.0,bus-3-bus-4-i_6,83.95084172141995
2020-03-23T01:00:00.0,bus-3-bus-4-i_6,82.85375560127424
2020-03-23T02:00:00.0,bus-3-bus-4-i_6,82.7013886493176
2020-03-23T03:00:00.0,bus-3-bus-4-i_6,83.21944263092672
2020-03-23T04:00:00.0,bus-3-bus-4-i_6,85.13945019078018
2020-03-23T05:00:00.0,bus-3-bus-4-i_6,89.40703446141325
2020-03-23T06:00:00.0,bus-3-bus-4-i_6,90.01678271304468
2020-03-23T07:00:00.0,bus-3-bus-4-i_6,92.18159190073843
2020-03-23T08:00:00.0,bus-3-bus-4-i_6,93.34034253374575
2020-03-23T09:00:00.0,bus-3-bus-4-i_6,93.27935357150552
2020-03-23T10:00:00.0,bus-3-bus-4-i_6,91.72421878058752
2020-03-23T11:00:00.0,bus-3-bus-4-i_6,90.8399852613884
2020-03-23T12:00:00.0,bus-3-bus-4-i_6,90.41313418879481
2020-03-23T13:00:00.0,bus-3-bus-4-i_6,89.92532194253597
2020-03-23T14:00:00.0,bus-3-bus-4-i_6,88.94973320856558
2020-03-23T15:00:00.0,bus-3-bus-4-i_6,88.00469364578909
2020-03-23T16:00:00.0,bus-3-bus-4-i_6,88.98021927328755
2020-03-23T17:00:00.0,bus-3-bus-4-i_6,94.68215636021854
2020-03-23T18:00:00.0,bus-3-bus-4-i_6,107.52607680209536
2020-03-23T19:00:00.0,bus-3-bus-4-i_6,109.17414051795606
2020-03-23T20:00:00.0,bus-3-bus-4-i_6,104.93215205182504
2020-03-23T21:00:00.0,bus-3-bus-4-i_6,98.64724430769678
2020-03-23T22:00:00.0,bus-3-bus-4-i_6,91.66323587787221
2020-03-23T23:00:00.0,bus-3-bus-4-i_6,85.65759326379337
2020-03-24T00:00:00.0,bus-3-bus-4-i_6,82.91471202540741
2020-03-24T01:00:00.0,bus-3-bus-4-i_6,81.63486640025135
2020-03-24T02:00:00.0,bus-3-bus-4-i_6,80.9949918851369
2020-03-24T03:00:00.0,bus-3-bus-4-i_6,81.20828014192644
2020-03-24T04:00:00.0,bus-3-bus-4-i_6,82.39665983649479
2020-03-24T05:00:00.0,bus-3-bus-4-i_6,86.90730239878985
2020-03-24T06:00:00.0,bus-3-bus-4-i_6,91.2058712646365
2020-03-24T07:00:00.0,bus-3-bus-4-i_6,91.90716327255919
2020-03-24T08:00:00.0,bus-3-bus-4-i_6,93.27935357150552
2020-03-24T09:00:00.0,bus-3-bus-4-i_6,94.19421449385827
2020-03-24T10:00:00.0,bus-3-bus-4-i_6,92.69997002490969
2020-03-24T11:00:00.0,bus-3-bus-4-i_6,92.76095698028001
2020-03-24T12:00:00.0,bus-3-bus-4-i_6,94.68215636021854
2020-03-24T13:00:00.0,bus-3-bus-4-i_6,93.37083708172663
2020-03-24T14:00:00.0,bus-3-bus-4-i_6,92.09011523939141
2020-03-24T15:00:00.0,bus-3-bus-4-i_6,90.16922441214943
2020-03-24T16:00:00.0,bus-3-bus-4-i_6,90.99243488567501
2020-03-24T17:00:00.0,bus-3-bus-4-i_6,95.10912879286622
2020-03-24T18:00:00.0,bus-3-bus-4-i_6,111.12753398678412
2020-03-24T19:00:00.0,bus-3-bus-4-i_6,112.95907171941883
2020-03-24T20:00:00.0,bus-3-bus-4-i_6,109.23518296566641
2020-03-24T21:00:00.0,bus-3-bus-4-i_6,101.9419900804817
2020-03-24T22:00:00.0,bus-3-bus-4-i_6,93.79777664986545
2020-03-24T23:00:00.0,bus-3-bus-4-i_6,87.85227363437629
2020-03-25T00:00:00.0,bus-3-bus-4-i_6,84.83467198070463
2020-03-25T01:00:00.0,bus-3-bus-4-i_6,83.8289418702123
2020-03-25T02:00:00.0,bus-3-bus-4-i_6,83.43276451721397
2020-03-25T03:00:00.0,bus-3-bus-4-i_6,83.92036915758855
2020-03-25T04:00:00.0,bus-3-bus-4-i_6,86.02335096174313
2020-03-25T05:00:00.0,bus-3-bus-4-i_6,90.29117877571939
2020-03-25T06:00:00.0,bus-3-bus-4-i_6,92.09011523939141
2020-03-25T07:00:00.0,bus-3-bus-4-i_6,91.96815298359921
2020-03-25T08:00:00.0,bus-3-bus-4-i_6,91.57175676444335
2020-03-25T09:00:00.0,bus-3-bus-4-i_6,91.11439562317689
2020-03-25T10:00:00.0,bus-3-bus-4-i_6,90.44362675186714
2020-03-25T11:00:00.0,bus-3-bus-4-i_6,89.71190391035165
2020-03-25T12:00:00.0,bus-3-bus-4-i_6,89.31557043374876
2020-03-25T13:00:00.0,bus-3-bus-4-i_6,89.01070554050166
2020-03-25T14:00:00.0,bus-3-bus-4-i_6,88.06566228595337
2020-03-25T15:00:00.0,bus-3-bus-4-i_6,87.12067773874352
2020-03-25T16:00:00.0,bus-3-bus-4-i_6,87.425505022259
2020-03-25T17:00:00.0,bus-3-bus-4-i_6,90.80949544930992
2020-03-25T18:00:00.0,bus-3-bus-4-i_6,102.88781343623458
2020-03-25T19:00:00.0,bus-3-bus-4-i_6,104.10827993655134
2020-03-25T20:00:00.0,bus-3-bus-4-i_6,101.33178933743974
2020-03-25T21:00:00.0,bus-3-bus-4-i_6,95.7800843645485
2020-03-25T22:00:00.0,bus-3-bus-4-i_6,88.82778927231523
2020-03-25T23:00:00.0,bus-3-bus-4-i_6,83.67656480299381
2020-03-26T00:00:00.0,bus-3-bus-4-i_6,81.57392476606633
2020-03-26T01:00:00.0,bus-3-bus-4-i_6,80.59889382004208
2020-03-26T02:00:00.0,bus-3-bus-4-i_6,80.11139570556855
2020-03-26T03:00:00.0,bus-3-bus-4-i_6,80.26373464125214
2020-03-26T04:00:00.0,bus-3-bus-4-i_6,81.78722172312472
2020-03-26T05:00:00.0,bus-3-bus-4-i_6,85.07849566348959
2020-03-26T06:00:00.0,bus-3-bus-4-i_6,86.84633854225675
2020-03-26T07:00:00.0,bus-3-bus-4-i_6,87.88275746862465
2020-03-26T08:00:00.0,bus-3-bus-4-i_6,88.37050865375893
2020-03-26T09:00:00.0,bus-3-bus-4-i_6,89.31557043374876
2020-03-26T10:00:00.0,bus-3-bus-4-i_6,89.71190391035165
2020-03-26T11:00:00.0,bus-3-bus-4-i_6,90.04727105754135
2020-03-26T12:00:00.0,bus-3-bus-4-i_6,90.26069021062632
2020-03-26T13:00:00.0,bus-3-bus-4-i_6,90.01678271304468
2020-03-26T14:00:00.0,bus-3-bus-4-i_6,89.43751813371144
2020-03-26T15:00:00.0,bus-3-bus-4-i_6,88.73633412925044
2020-03-26T16:00:00.0,bus-3-bus-4-i_6,88.76681778054486
2020-03-26T17:00:00.0,bus-3-bus-4-i_6,91.60224791740647
2020-03-26T18:00:00.0,bus-3-bus-4-i_6,103.28446435794085
2020-03-26T19:00:00.0,bus-3-bus-4-i_6,104.41341379378844
2020-03-26T20:00:00.0,bus-3-bus-4-i_6,101.27079009508127
2020-03-26T21:00:00.0,bus-3-bus-4-i_6,94.95664044297025
2020-03-26T22:00:00.0,bus-3-bus-4-i_6,87.97420133714152
2020-03-26T23:00:00.0,bus-3-bus-4-i_6,83.1889640942782
2020-03-27T00:00:00.0,bus-3-bus-4-i_6,80.69029254430859
2020-03-27T01:00:00.0,bus-3-bus-4-i_6,79.65438897089554
2020-03-27T02:00:00.0,bus-3-bus-4-i_6,79.19739743742988
2020-03-27T03:00:00.0,bus-3-bus-4-i_6,79.1669318817085
2020-03-27T04:00:00.0,bus-3-bus-4-i_6,80.35513881337192
2020-03-27T05:00:00.0,bus-3-bus-4-i_6,82.7013886493176
2020-03-27T06:00:00.0,bus-3-bus-4-i_6,83.8289418702123
2020-03-27T07:00:00.0,bus-3-bus-4-i_6,85.7490305589636
2020-03-27T08:00:00.0,bus-3-bus-4-i_6,87.33405622947772
2020-03-27T09:00:00.0,bus-3-bus-4-i_6,88.82778927231523
2020-03-27T10:00:00.0,bus-3-bus-4-i_6,89.68141630941714
2020-03-27T11:00:00.0,bus-3-bus-4-i_6,90.29117877571939
2020-03-27T12:00:00.0,bus-3-bus-4-i_6,90.96194469480173
2020-03-27T13:00:00.0,bus-3-bus-4-i_6,91.0534151765582
2020-03-27T14:00:00.0,bus-3-bus-4-i_6,91.17538343318571
2020-03-27T15:00:00.0,bus-3-bus-4-i_6,90.19971291623237
2020-03-27T16:00:00.0,bus-3-bus-4-i_6,89.86434565453337
2020-03-27T17:00:00.0,bus-3-bus-4-i_6,92.73046344241594
2020-03-27T18:00:00.0,bus-3-bus-4-i_6,103.1318849427866
2020-03-27T19:00:00.0,bus-3-bus-4-i_6,102.73523878496454
2020-03-27T20:00:00.0,bus-3-bus-4-i_6,99.74541027658827
2020-03-27T21:00:00.0,bus-3-bus-4-i_6,94.56016876430155
2020-03-27T22:00:00.0,bus-3-bus-4-i_6,89.62044144159624
2020-03-27T23:00:00.0,bus-3-bus-4-i_6,84.98706131253657
2020-03-28T00:00:00.0,bus-3-bus-4-i_6,81.69580227035371
2020-03-28T01:00:00.0,bus-3-bus-4-i_6,80.20279886417308
2020-03-28T02:00:00.0,bus-3-bus-4-i_6,79.53253199641667
2020-03-28T03:00:00.0,bus-3-bus-4-i_6,79.25832876617417
2020-03-28T04:00:00.0,bus-3-bus-4-i_6,79.59345588773272
2020-03-28T05:00:00.0,bus-3-bus-4-i_6,79.80672286401219
2020-03-28T06:00:00.0,bus-3-bus-4-i_6,78.98413994778608
2020-03-28T07:00:00.0,bus-3-bus-4-i_6,80.11139570556855
2020-03-28T08:00:00.0,bus-3-bus-4-i_6,82.2747646765953
2020-03-28T09:00:00.0,bus-3-bus-4-i_6,85.16993064060529
2020-03-28T10:00:00.0,bus-3-bus-4-i_6,85.77951134794135
2020-03-28T11:00:00.0,bus-3-bus-4-i_6,86.11479089562388
2020-03-28T12:00:00.0,bus-3-bus-4-i_6,86.90730239878985
2020-03-28T13:00:00.0,bus-3-bus-4-i_6,86.63296291111931
2020-03-28T14:00:00.0,bus-3-bus-4-i_6,86.02335096174313
2020-03-28T15:00:00.0,bus-3-bus-4-i_6,86.20622847131986
2020-03-28T16:00:00.0,bus-3-bus-4-i_6,86.87682007369233
2020-03-28T17:00:00.0,bus-3-bus-4-i_6,89.92532194253597
2020-03-28T18:00:00.0,bus-3-bus-4-i_6,100.53858248495922
2020-03-28T19:00:00.0,bus-3-bus-4-i_6,100.75215191289766
2020-03-28T20:00:00.0,bus-3-bus-4-i_6,97.70162943568646
2020-03-28T21:00:00.0,bus-3-bus-4-i_6,93.40133171027891
2020-03-28T22:00:00.0,bus-3-bus-4-i_6,89.68141630941714
2020-03-28T23:00:00.0,bus-3-bus-4-i_6,85.26136425839972
2020-03-29T00:00:00.0,bus-3-bus-4-i_6,82.0919386209417
2020-03-29T01:00:00.0,bus-3-bus-4-i_6,80.47701964020305
2020-03-29T02:00:00.0,bus-3-bus-4-i_6,79.59345588773272
2020-03-29T03:00:00.0,bus-3-bus-4-i_6,79.07553560872509
2020-03-29T04:00:00.0,bus-3-bus-4-i_6,79.41066731632047
2020-03-29T05:00:00.0,bus-3-bus-4-i_6,79.13646638716389
2020-03-29T06:00:00.0,bus-3-bus-4-i_6,78.13115421510184
2020-03-29T07:00:00.0,bus-3-bus-4-i_6,79.47159053294509
2020-03-29T08:00:00.0,bus-3-bus-4-i_6,81.63486640025135
2020-03-29T09:00:00.0,bus-3-bus-4-i_6,83.8289418702123
2020-03-29T10:00:00.0,bus-3-bus-4-i_6,84.22512718068538
2020-03-29T11:00:00.0,bus-3-bus-4-i_6,84.98706131253657
2020-03-29T12:00:00.0,bus-3-bus-4-i_6,85.13945019078018
2020-03-29T13:00:00.0,bus-3-bus-4-i_6,85.23088564662886
2020-03-29T14:00:00.0,bus-3-bus-4-i_6,85.32232167163178
2020-03-29T15:00:00.0,bus-3-bus-4-i_6,85.41376001663569
2020-03-29T16:00:00.0,bus-3-bus-4-i_6,85.7490305589636
2020-03-29T17:00:00.0,bus-3-bus-4-i_6,88.09614798152082
2020-03-29T18:00:00.0,bus-3-bus-4-i_6,98.64724430769678
2020-03-29T19:00:00.0,bus-3-bus-4-i_6,99.28784214737792
2020-03-29T20:00:00.0,bus-3-bus-4-i_6,96.75608037222496
2020-03-29T21:00:00.0,bus-3-bus-4-i_6,92.42553253025797
2020-03-29T22:00:00.0,bus-3-bus-4-i_6,88.0351808745111
2020-03-29T23:00:00.0,bus-3-bus-4-i_6,83.61561046254711
2020-03-30T00:00:00.0,bus-3-bus-4-i_6,81.0864007352959
2020-03-30T01:00:00.0,bus-3-bus-4-i_6,80.11139570556855
2020-03-30T02:00:00.0,bus-3-bus-4-i_6,79.74578910656656
2020-03-30T03:00:00.0,bus-3-bus-4-i_6,79.8371898409741
2020-03-30T04:00:00.0,bus-3-bus-4-i_6,80.9645223662122
2020-03-30T05:00:00.0,bus-3-bus-4-i_6,83.24991279815033
2020-03-30T06:00:00.0,bus-3-bus-4-i_6,83.8289418702123
2020-03-30T07:00:00.0,bus-3-bus-4-i_6,86.20622847131986
2020-03-30T08:00:00.0,bus-3-bus-4-i_6,88.98021927328755
2020-03-30T09:00:00.0,bus-3-bus-4-i_6,90.99243488567501
2020-03-30T10:00:00.0,bus-3-bus-4-i_6,91.7852019197958
2020-03-30T11:00:00.0,bus-3-bus-4-i_6,93.06589412397935
2020-03-30T12:00:00.0,bus-3-bus-4-i_6,94.01123582307864
2020-03-30T13:00:00.0,bus-3-bus-4-i_6,94.16371543195628
2020-03-30T14:00:00.0,bus-3-bus-4-i_6,93.49281582346794
2020-03-30T15:00:00.0,bus-3-bus-4-i_6,92.97441887320004
2020-03-30T16:00:00.0,bus-3-bus-4-i_6,92.91343156515215
2020-03-30T17:00:00.0,bus-3-bus-4-i_6,96.05457762199875
2020-03-30T18:00:00.0,bus-3-bus-4-i_6,108.16694565688331
2020-03-30T19:00:00.0,bus-3-bus-4-i_6,108.5942507846672
2020-03-30T20:00:00.0,bus-3-bus-4-i_6,104.6575240384009
2020-03-30T21:00:00.0,bus-3-bus-4-i_6,97.85414227035967
2020-03-30T22:00:00.0,bus-3-bus-4-i_6,91.32782916523918
2020-03-30T23:00:00.0,bus-3-bus-4-i_6,85.23088564662886
2020-03-31T00:00:00.0,bus-3-bus-4-i_6,82.00052211648831
2020-03-31T01:00:00.0,bus-3-bus-4-i_6,80.53795656464585
2020-03-31T02:00:00.0,bus-3-bus-4-i_6,79.86765689216722
2020-03-31T03:00:00.0,bus-3-bus-4-i_6,79.71532232516697
2020-03-31T04:00:00.0,bus-3-bus-4-i_6,80.59889382004208
2020-03-31T05:00:00.0,bus-3-bus-4-i_6,83.1889640942782
2020-03-31T06:00:00.0,bus-3-bus-4-i_6,85.35280047288414
2020-03-31T07:00:00.0,bus-3-bus-4-i_6,88.46196349733482
2020-03-31T08:00:00.0,bus-3-bus-4-i_6,91.11439562317689
2020-03-31T09:00:00.0,bus-3-bus-4-i_6,92.94392541692658
2020-03-31T10:00:00.0,bus-3-bus-4-i_6,92.42553253025797
2020-03-31T11:00:00.0,bus-3-bus-4-i_6,93.15738401890721
2020-03-31T12:00:00.0,bus-3-bus-4-i_6,93.46232119846833
2020-03-31T13:00:00.0,bus-3-bus-4-i_6,93.06589412397935
2020-03-31T14:00:00.0,bus-3-bus-4-i_6,92.60849039451641
2020-03-31T15:00:00.0,bus-3-bus-4-i_6,92.18159190073843
2020-03-31T16:00:00.0,bus-3-bus-4-i_6,94.37719798403728
2020-03-31T17:00:00.0,bus-3-bus-4-i_6,99.04380212255023
2020-03-31T18:00:00.0,bus-3-bus-4-i_6,107.64815108185033
2020-03-31T19:00:00.0,bus-3-bus-4-i_6,107.70918873284505
2020-03-31T20:00:00.0,bus-3-bus-4-i_6,103.00983893771827
2020-03-31T21:00:00.0,bus-3-bus-4-i_6,97.6711271870345
2020-03-31T22:00:00.0,bus-3-bus-4-i_6,90.68754101141595
2020-03-31T23:00:00.0,bus-3-bus-4-i_6,85.20040709806882
2020-04-01T00:00:00.0,bus-3-bus-4-i_6,85.93191078000449
2020-04-01T01:00:00.0,bus-3-bus-4-i_6,85.32232167163178
2020-04-01T02:00:00.0,bus-3-bus-4-i_6,85.01753931221657
2020-04-01T03:00:00.0,bus-3-bus-4-i_6,85.07849566348959
2020-04-01T04:00:00.0,bus-3-bus-4-i_6,85.80998998789038
2020-04-01T05:00:00.0,bus-3-bus-4-i_6,87.24260831407354
2020-04-01T06:00:00.0,bus-3-bus-4-i_6,88.67536090075627
2020-04-01T07:00:00.0,bus-3-bus-4-i_6,91.08390537533431
2020-04-01T08:00:00.0,bus-3-bus-4-i_6,93.18787060966216
2020-04-01T09:00:00.0,bus-3-bus-4-i_6,93.18787069889585
2020-04-01T10:00:00.0,bus-3-bus-4-i_6,93.15738401890721
2020-04-01T11:00:00.0,bus-3-bus-4-i_6,93.18787060966216
2020-04-01T12:00:00.0,bus-3-bus-4-i_6,92.79145035653167
2020-04-01T13:00:00.0,bus-3-bus-4-i_6,92.73046344241594
2020-04-01T14:00:00.0,bus-3-bus-4-i_6,91.9376550669526
2020-04-01T15:00:00.0,bus-3-bus-4-i_6,91.38881576028476
2020-04-01T16:00:00.0,bus-3-bus-4-i_6,91.38881576029011
2020-04-01T17:00:00.0,bus-3-bus-4-i_6,93.18787060966216
2020-04-01T18:00:00.0,bus-3-bus-4-i_6,104.32187303744999
2020-04-01T19:00:00.0,bus-3-bus-4-i_6,106.15276718485657
2020-04-01T20:00:00.0,bus-3-bus-4-i_6,103.46753640903168
2020-04-01T21:00:00.0,bus-3-bus-4-i_6,98.43370276396729
2020-04-01T22:00:00.0,bus-3-bus-4-i_6,92.94392541692658
2020-04-01T23:00:00.0,bus-3-bus-4-i_6,88.58390465225379
2020-04-02T00:00:00.0,bus-3-bus-4-i_6,86.41959810197201
2020-04-02T01:00:00.0,bus-3-bus-4-i_6,85.62711393965691
2020-04-02T02:00:00.0,bus-3-bus-4-i_6,85.29184485301055
2020-04-02T03:00:00.0,bus-3-bus-4-i_6,85.29184485301055
2020-04-02T04:00:00.0,bus-3-bus-4-i_6,86.23671301123419
2020-04-02T05:00:00.0,bus-3-bus-4-i_6,87.51695531191585
2020-04-02T06:00:00.0,bus-3-bus-4-i_6,88.64487731731752
2020-04-02T07:00:00.0,bus-3-bus-4-i_6,89.98629466712337
2020-04-02T08:00:00.0,bus-3-bus-4-i_6,91.57175676444335
2020-04-02T09:00:00.0,bus-3-bus-4-i_6,92.54750411447397
2020-04-02T10:00:00.0,bus-3-bus-4-i_6,92.8524375569577
2020-04-02T11:00:00.0,bus-3-bus-4-i_6,93.03540706899058
2020-04-02T12:00:00.0,bus-3-bus-4-i_6,92.73046344241594
2020-04-02T13:00:00.0,bus-3-bus-4-i_6,92.8524375569577
2020-04-02T14:00:00.0,bus-3-bus-4-i_6,92.24257682582426
2020-04-02T15:00:00.0,bus-3-bus-4-i_6,91.87667171212024
2020-04-02T16:00:00.0,bus-3-bus-4-i_6,91.87667171276857
2020-04-02T17:00:00.0,bus-3-bus-4-i_6,94.16371543195628
2020-04-02T18:00:00.0,bus-3-bus-4-i_6,104.41341379378844
2020-04-02T19:00:00.0,bus-3-bus-4-i_6,105.11523947026058
2020-04-02T20:00:00.0,bus-3-bus-4-i_6,102.52168284249632
2020-04-02T21:00:00.0,bus-3-bus-4-i_6,96.96958693656612
2020-04-02T22:00:00.0,bus-3-bus-4-i_6,90.93145482347899
2020-04-02T23:00:00.0,bus-3-bus-4-i_6,87.02923088473075
2020-04-03T00:00:00.0,bus-3-bus-4-i_6,85.23088564662886
2020-04-03T01:00:00.0,bus-3-bus-4-i_6,84.52984689783784
2020-04-03T02:00:00.0,bus-3-bus-4-i_6,84.2556036933065
2020-04-03T03:00:00.0,bus-3-bus-4-i_6,84.19465380517265
2020-04-03T04:00:00.0,bus-3-bus-4-i_6,84.59085222281342
2020-04-03T05:00:00.0,bus-3-bus-4-i_6,85.47471654457877
2020-04-03T06:00:00.0,bus-3-bus-4-i_6,86.3281559091528
2020-04-03T07:00:00.0,bus-3-bus-4-i_6,88.40100021656555
2020-04-03T08:00:00.0,bus-3-bus-4-i_6,89.71190391035165
2020-04-03T09:00:00.0,bus-3-bus-4-i_6,90.99243488567501
2020-04-03T10:00:00.0,bus-3-bus-4-i_6,91.57175676444335
2020-04-03T11:00:00.0,bus-3-bus-4-i_6,92.24257682582426
2020-04-03T12:00:00.0,bus-3-bus-4-i_6,92.94392541692658
2020-04-03T13:00:00.0,bus-3-bus-4-i_6,92.51701135466925
2020-04-03T14:00:00.0,bus-3-bus-4-i_6,92.05962307087874
2020-04-03T15:00:00.0,bus-3-bus-4-i_6,91.2058712646365
2020-04-03T16:00:00.0,bus-3-bus-4-i_6,91.17538343318571
2020-04-03T17:00:00.0,bus-3-bus-4-i_6,93.27935357150552
2020-04-03T18:00:00.0,bus-3-bus-4-i_6,103.10137335493592
2020-04-03T19:00:00.0,bus-3-bus-4-i_6,103.52853936555184
2020-04-03T20:00:00.0,bus-3-bus-4-i_6,100.96568941233693
2020-04-03T21:00:00.0,bus-3-bus-4-i_6,97.36611828929851
2020-04-03T22:00:00.0,bus-3-bus-4-i_6,92.91343156515215
2020-04-03T23:00:00.0,bus-3-bus-4-i_6,89.04119172718828
2020-04-04T00:00:00.0,bus-3-bus-4-i_6,86.69392991254745
2020-04-04T01:00:00.0,bus-3-bus-4-i_6,85.77951134794135
2020-04-04T02:00:00.0,bus-3-bus-4-i_6,85.16993064060529
2020-04-04T03:00:00.0,bus-3-bus-4-i_6,84.8956274058772
2020-04-04T04:00:00.0,bus-3-bus-4-i_6,85.07849566348959
2020-04-04T05:00:00.0,bus-3-bus-4-i_6,84.92610307836878
2020-04-04T06:00:00.0,bus-3-bus-4-i_6,84.52984689783784
2020-04-04T07:00:00.0,bus-3-bus-4-i_6,85.35280047288414
2020-04-04T08:00:00.0,bus-3-bus-4-i_6,87.02923088473075
2020-04-04T09:00:00.0,bus-3-bus-4-i_6,88.98021927328755
2020-04-04T10:00:00.0,bus-3-bus-4-i_6,89.04119172718828
2020-04-04T11:00:00.0,bus-3-bus-4-i_6,89.01070554050166
2020-04-04T12:00:00.0,bus-3-bus-4-i_6,88.82778927231523
2020-04-04T13:00:00.0,bus-3-bus-4-i_6,88.30953888747
2020-04-04T14:00:00.0,bus-3-bus-4-i_6,87.94372551148012
2020-04-04T15:00:00.0,bus-3-bus-4-i_6,87.85227363437629
2020-04-04T16:00:00.0,bus-3-bus-4-i_6,87.91324256576594
2020-04-04T17:00:00.0,bus-3-bus-4-i_6,89.37654420492905
2020-04-04T18:00:00.0,bus-3-bus-4-i_6,97.85414227035967
2020-04-04T19:00:00.0,bus-3-bus-4-i_6,99.04380212255023
2020-04-04T20:00:00.0,bus-3-bus-4-i_6,96.93908605089423
2020-04-04T21:00:00.0,bus-3-bus-4-i_6,94.34669262349774
2020-04-04T22:00:00.0,bus-3-bus-4-i_6,91.41930159663325
2020-04-04T23:00:00.0,bus-3-bus-4-i_6,88.37050865375893
2020-04-05T00:00:00.0,bus-3-bus-4-i_6,86.3281559091528
2020-04-05T01:00:00.0,bus-3-bus-4-i_6,85.26136425839972
2020-04-05T02:00:00.0,bus-3-bus-4-i_6,84.83467198070463
2020-04-05T03:00:00.0,bus-3-bus-4-i_6,84.83467209835894
2020-04-05T04:00:00.0,bus-3-bus-4-i_6,85.13945019078018
2020-04-05T05:00:00.0,bus-3-bus-4-i_6,84.8956274058772
2020-04-05T06:00:00.0,bus-3-bus-4-i_6,84.43846409188005
2020-04-05T07:00:00.0,bus-3-bus-4-i_6,84.98706131253657
2020-04-05T08:00:00.0,bus-3-bus-4-i_6,86.23671301123419
2020-04-05T09:00:00.0,bus-3-bus-4-i_6,86.93778445172926
2020-04-05T10:00:00.0,bus-3-bus-4-i_6,87.76082219545873
2020-04-05T11:00:00.0,bus-3-bus-4-i_6,88.67536090075627
2020-04-05T12:00:00.0,bus-3-bus-4-i_6,88.79730341724982
2020-04-05T13:00:00.0,bus-3-bus-4-i_6,88.79730351955753
2020-04-05T14:00:00.0,bus-3-bus-4-i_6,89.01070554050166
2020-04-05T15:00:00.0,bus-3-bus-4-i_6,89.28508373759463
2020-04-05T16:00:00.0,bus-3-bus-4-i_6,89.46800883961814
2020-04-05T17:00:00.0,bus-3-bus-4-i_6,90.93145482347899
2020-04-05T18:00:00.0,bus-3-bus-4-i_6,99.59290241531285
2020-04-05T19:00:00.0,bus-3-bus-4-i_6,99.95896882628936
2020-04-05T20:00:00.0,bus-3-bus-4-i_6,96.81708200988538
2020-04-05T21:00:00.0,bus-3-bus-4-i_6,92.97441887320004
2020-04-05T22:00:00.0,bus-3-bus-4-i_6,88.40100021656555
2020-04-05T23:00:00.0,bus-3-bus-4-i_6,85.80998998789038
2020-04-06T00:00:00.0,bus-3-bus-4-i_6,84.62132944445092
2020-04-06T01:00:00.0,bus-3-bus-4-i_6,84.22512718068538
2020-04-06T02:00:00.0,bus-3-bus-4-i_6,84.1641743541919
2020-04-06T03:00:00.0,bus-3-bus-4-i_6,84.46894382317409
2020-04-06T04:00:00.0,bus-3-bus-4-i_6,85.87094966793806
2020-04-06T05:00:00.0,bus-3-bus-4-i_6,87.66937217102395
2020-04-06T06:00:00.0,bus-3-bus-4-i_6,88.37050865375893
2020-04-06T07:00:00.0,bus-3-bus-4-i_6,90.26069021062632
2020-04-06T08:00:00.0,bus-3-bus-4-i_6,92.57800372396127
2020-04-06T09:00:00.0,bus-3-bus-4-i_6,93.95024425549668
2020-04-06T10:00:00.0,bus-3-bus-4-i_6,95.84108252935802
2020-04-06T11:00:00.0,bus-3-bus-4-i_6,97.64063728130941
2020-04-06T12:00:00.0,bus-3-bus-4-i_6,98.73875683526772
2020-04-06T13:00:00.0,bus-3-bus-4-i_6,92.94392541692658
2020-04-06T14:00:00.0,bus-3-bus-4-i_6,99.95896882628936
2020-04-06T15:00:00.0,bus-3-bus-4-i_6,99.71490439002223
2020-04-06T16:00:00.0,bus-3-bus-4-i_6,98.55571812592572
2020-04-06T17:00:00.0,bus-3-bus-4-i_6,101.48435119736293
2020-04-06T18:00:00.0,bus-3-bus-4-i_6,110.42553675812118
2020-04-06T19:00:00.0,bus-3-bus-4-i_6,109.50987381692157
2020-04-06T20:00:00.0,bus-3-bus-4-i_6,103.86419800479871
2020-04-06T21:00:00.0,bus-3-bus-4-i_6,97.12209334193403
2020-04-06T22:00:00.0,bus-3-bus-4-i_6,90.56557970535262
2020-04-06T23:00:00.0,bus-3-bus-4-i_6,87.24260831407354
2020-04-07T00:00:00.0,bus-3-bus-4-i_6,85.71855239630044
2020-04-07T01:00:00.0,bus-3-bus-4-i_6,85.01753931221657
2020-04-07T02:00:00.0,bus-3-bus-4-i_6,84.71276148709904
2020-04-07T03:00:00.0,bus-3-bus-4-i_6,85.04801733955861
2020-04-07T04:00:00.0,bus-3-bus-4-i_6,86.66344841389738
2020-04-07T05:00:00.0,bus-3-bus-4-i_6,88.70584846457892
2020-04-07T06:00:00.0,bus-3-bus-4-i_6,89.25459966647433
2020-04-07T07:00:00.0,bus-3-bus-4-i_6,91.66323587787221
2020-04-07T08:00:00.0,bus-3-bus-4-i_6,94.34669262349774
2020-04-07T09:00:00.0,bus-3-bus-4-i_6,95.93258007368533
2020-04-07T10:00:00.0,bus-3-bus-4-i_6,98.61672596649036
2020-04-07T11:00:00.0,bus-3-bus-4-i_6,99.71490439002223
2020-04-07T12:00:00.0,bus-3-bus-4-i_6,100.75215191289766
2020-04-07T13:00:00.0,bus-3-bus-4-i_6,101.24026349796208
2020-04-07T14:00:00.0,bus-3-bus-4-i_6,101.02670550702406
2020-04-07T15:00:00.0,bus-3-bus-4-i_6,101.11824739544524
2020-04-07T16:00:00.0,bus-3-bus-4-i_6,100.3555395381352
2020-04-07T17:00:00.0,bus-3-bus-4-i_6,101.30128060285872
2020-04-07T18:00:00.0,bus-3-bus-4-i_6,111.28019043863304
2020-04-07T19:00:00.0,bus-3-bus-4-i_6,111.79910306013299
2020-04-07T20:00:00.0,bus-3-bus-4-i_6,105.51193488851516
2020-04-07T21:00:00.0,bus-3-bus-4-i_6,97.21359762401629
2020-04-07T22:00:00.0,bus-3-bus-4-i_6,91.14488584477249
2020-04-07T23:00:00.0,bus-3-bus-4-i_6,87.24260831407354
2020-04-08T00:00:00.0,bus-3-bus-4-i_6,85.44423893070321
2020-04-08T01:00:00.0,bus-3-bus-4-i_6,84.68228416148568
2020-04-08T02:00:00.0,bus-3-bus-4-i_6,84.34703360158096
2020-04-08T03:00:00.0,bus-3-bus-4-i_6,84.59085222281342
2020-04-08T04:00:00.0,bus-3-bus-4-i_6,86.08431153521047
2020-04-08T05:00:00.0,bus-3-bus-4-i_6,88.21808474967008
2020-04-08T06:00:00.0,bus-3-bus-4-i_6,88.67536090075627
2020-04-08T07:00:00.0,bus-3-bus-4-i_6,90.07775912268326
2020-04-08T08:00:00.0,bus-3-bus-4-i_6,92.02913102654551
2020-04-08T09:00:00.0,bus-3-bus-4-i_6,93.58430813510215
2020-04-08T10:00:00.0,bus-3-bus-4-i_6,93.9197488237954
2020-04-08T11:00:00.0,bus-3-bus-4-i_6,93.82827503467186
2020-04-08T12:00:00.0,bus-3-bus-4-i_6,93.67578572259417
2020-04-08T13:00:00.0,bus-3-bus-4-i_6,92.8524375569577
2020-04-08T14:00:00.0,bus-3-bus-4-i_6,92.09011523939141
2020-04-08T15:00:00.0,bus-3-bus-4-i_6,92.8524375569577
2020-04-08T16:00:00.0,bus-3-bus-4-i_6,92.79145035653167
2020-04-08T17:00:00.0,bus-3-bus-4-i_6,95.41411012605336
2020-04-08T18:00:00.0,bus-3-bus-4-i_6,105.26781360642788
2020-04-08T19:00:00.0,bus-3-bus-4-i_6,106.3053757709566
2020-04-08T20:00:00.0,bus-3-bus-4-i_6,102.27758054395453
2020-04-08T21:00:00.0,bus-3-bus-4-i_6,95.56660270132522
2020-04-08T22:00:00.0,bus-3-bus-4-i_6,90.01678271304468
2020-04-08T23:00:00.0,bus-3-bus-4-i_6,87.18164269984767
2020-04-09T00:00:00.0,bus-3-bus-4-i_6,86.23671301123419
2020-04-09T01:00:00.0,bus-3-bus-4-i_6,85.77951134794135
2020-04-09T02:00:00.0,bus-3-bus-4-i_6,85.80998998789038
2020-04-09T03:00:00.0,bus-3-bus-4-i_6,86.57200425567886
2020-04-09T04:00:00.0,bus-3-bus-4-i_6,89.62044144159624
2020-04-09T05:00:00.0,bus-3-bus-4-i_6,92.94392541692658
2020-04-09T06:00:00.0,bus-3-bus-4-i_6,93.03540706899058
2020-04-09T07:00:00.0,bus-3-bus-4-i_6,93.88926587854367
2020-04-09T08:00:00.0,bus-3-bus-4-i_6,94.9261340918398
2020-04-09T09:00:00.0,bus-3-bus-4-i_6,93.40133171027891
2020-04-09T10:00:00.0,bus-3-bus-4-i_6,93.70628841496398
2020-04-09T11:00:00.0,bus-3-bus-4-i_6,93.9197488237954
2020-04-09T12:00:00.0,bus-3-bus-4-i_6,94.19421449385827
2020-04-09T13:00:00.0,bus-3-bus-4-i_6,94.10273117385135
2020-04-09T14:00:00.0,bus-3-bus-4-i_6,94.07223522554007
2020-04-09T15:00:00.0,bus-3-bus-4-i_6,94.07223522554007
2020-04-09T16:00:00.0,bus-3-bus-4-i_6,94.13322751263289
2020-04-09T17:00:00.0,bus-3-bus-4-i_6,94.9261340918398
2020-04-09T18:00:00.0,bus-3-bus-4-i_6,103.92522368627883
2020-04-09T19:00:00.0,bus-3-bus-4-i_6,105.96967007547673
2020-04-09T20:00:00.0,bus-3-bus-4-i_6,101.39280648436595
2020-04-09T21:00:00.0,bus-3-bus-4-i_6,94.77364750027871
2020-04-09T22:00:00.0,bus-3-bus-4-i_6,89.34606053177549
2020-04-09T23:00:00.0,bus-3-bus-4-i_6,86.7548930634096
2020-04-10T00:00:00.0,bus-3-bus-4-i_6,85.68807289533402
2020-04-10T01:00:00.0,bus-3-bus-4-i_6,85.04801733955861
2020-04-10T02:00:00.0,bus-3-bus-4-i_6,84.83467198070463
2020-04-10T03:00:00.0,bus-3-bus-4-i_6,85.41376001663569
2020-04-10T04:00:00.0,bus-3-bus-4-i_6,87.69985489709828
2020-04-10T05:00:00.0,bus-3-bus-4-i_6,89.62044144159624
2020-04-10T06:00:00.0,bus-3-bus-4-i_6,90.35216072782168
2020-04-10T07:00:00.0,bus-3-bus-4-i_6,91.9376550669526
2020-04-10T08:00:00.0,bus-3-bus-4-i_6,93.431826520408
2020-04-10T09:00:00.0,bus-3-bus-4-i_6,93.73677610724714
2020-04-10T10:00:00.0,bus-3-bus-4-i_6,94.71265326796224
2020-04-10T11:00:00.0,bus-3-bus-4-i_6,95.7495853685203
2020-04-10T12:00:00.0,bus-3-bus-4-i_6,96.42057556799782
2020-04-10T13:00:00.0,bus-3-bus-4-i_6,96.42057560563941
2020-04-10T14:00:00.0,bus-3-bus-4-i_6,96.72557961143976
2020-04-10T15:00:00.0,bus-3-bus-4-i_6,95.8715816858947
2020-04-10T16:00:00.0,bus-3-bus-4-i_6,95.56660270132522
2020-04-10T17:00:00.0,bus-3-bus-4-i_6,96.02408862652203
2020-04-10T18:00:00.0,bus-3-bus-4-i_6,103.43702427762702
2020-04-10T19:00:00.0,bus-3-bus-4-i_6,104.90166089441679
2020-04-10T20:00:00.0,bus-3-bus-4-i_6,101.24026349796208
2020-04-10T21:00:00.0,bus-3-bus-4-i_6,96.42057556799782
2020-04-10T22:00:00.0,bus-3-bus-4-i_6,91.14488584477249
2020-04-10T23:00:00.0,bus-3-bus-4-i_6,87.51695531191585
2020-04-11T00:00:00.0,bus-3-bus-4-i_6,86.02335096174313
2020-04-11T01:00:00.0,bus-3-bus-4-i_6,85.20040709806882
2020-04-11T02:00:00.0,bus-3-bus-4-i_6,84.77371649079973
2020-04-11T03:00:00.0,bus-3-bus-4-i_6,84.71276148709904
2020-04-11T04:00:00.0,bus-3-bus-4-i_6,85.13945019078018
2020-04-11T05:00:00.0,bus-3-bus-4-i_6,84.8956274058772
2020-04-11T06:00:00.0,bus-3-bus-4-i_6,84.95658105677822
2020-04-11T07:00:00.0,bus-3-bus-4-i_6,86.87682007369233
2020-04-11T08:00:00.0,bus-3-bus-4-i_6,89.49849240571925
2020-04-11T09:00:00.0,bus-3-bus-4-i_6,90.35216072782168
2020-04-11T10:00:00.0,bus-3-bus-4-i_6,91.14488584477249
2020-04-11T11:00:00.0,bus-3-bus-4-i_6,91.48028344790187
2020-04-11T12:00:00.0,bus-3-bus-4-i_6,92.36454713392726
2020-04-11T13:00:00.0,bus-3-bus-4-i_6,92.66948355600539
2020-04-11T14:00:00.0,bus-3-bus-4-i_6,93.40133171027891
2020-04-11T15:00:00.0,bus-3-bus-4-i_6,93.73677610724714
2020-04-11T16:00:00.0,bus-3-bus-4-i_6,94.71265326796224
2020-04-11T17:00:00.0,bus-3-bus-4-i_6,94.65166334691331
2020-04-11T18:00:00.0,bus-3-bus-4-i_6,101.81995232945718
2020-04-11T19:00:00.0,bus-3-bus-4-i_6,103.37599975943239
2020-04-11T20:00:00.0,bus-3-bus-4-i_6,100.11148535590544
2020-04-11T21:00:00.0,bus-3-bus-4-i_6,95.62760011791063
2020-04-11T22:00:00.0,bus-3-bus-4-i_6,90.74852044261281
2020-04-11T23:00:00.0,bus-3-bus-4-i_6,87.425505022259
2020-04-12T00:00:00.0,bus-3-bus-4-i_6,85.65759326379337
2020-04-12T01:00:00.0,bus-3-bus-4-i_6,84.80419426459474
2020-04-12T02:00:00.0,bus-3-bus-4-i_6,84.46894382317409
2020-04-12T03:00:00.0,bus-3-bus-4-i_6,84.2860833191482
2020-04-12T04:00:00.0,bus-3-bus-4-i_6,84.56037230151216
2020-04-12T05:00:00.0,bus-3-bus-4-i_6,84.04226947017783
2020-04-12T06:00:00.0,bus-3-bus-4-i_6,84.13370368344924
2020-04-12T07:00:00.0,bus-3-bus-4-i_6,85.35280047288414
2020-04-12T08:00:00.0,bus-3-bus-4-i_6,87.30357435408536
2020-04-12T09:00:00.0,bus-3-bus-4-i_6,89.01070554050166
2020-04-12T10:00:00.0,bus-3-bus-4-i_6,90.38264877829991
2020-04-12T11:00:00.0,bus-3-bus-4-i_6,91.35832458608755
2020-04-12T12:00:00.0,bus-3-bus-4-i_6,92.05962307087874
2020-04-12T13:00:00.0,bus-3-bus-4-i_6,92.82195061003391
2020-04-12T14:00:00.0,bus-3-bus-4-i_6,93.95024425549668
2020-04-12T15:00:00.0,bus-3-bus-4-i_6,95.01763557530151
2020-04-12T16:00:00.0,bus-3-bus-4-i_6,95.20061324135035
2020-04-12T17:00:00.0,bus-3-bus-4-i_6,94.71265326796224
2020-04-12T18:00:00.0,bus-3-bus-4-i_6,101.66738707682461
2020-04-12T19:00:00.0,bus-3-bus-4-i_6,103.19292899656656
2020-04-12T20:00:00.0,bus-3-bus-4-i_6,99.4708737755312
2020-04-12T21:00:00.0,bus-3-bus-4-i_6,94.68215636021854
2020-04-12T22:00:00.0,bus-3-bus-4-i_6,89.07168044830468
2020-04-12T23:00:00.0,bus-3-bus-4-i_6,86.5110413543496
2020-04-13T00:00:00.0,bus-3-bus-4-i_6,85.13945019078018
2020-04-13T01:00:00.0,bus-3-bus-4-i_6,84.46894382317409
2020-04-13T02:00:00.0,bus-3-bus-4-i_6,84.43846409188005
2020-04-13T03:00:00.0,bus-3-bus-4-i_6,84.80419426459474
2020-04-13T04:00:00.0,bus-3-bus-4-i_6,86.23671301123419
2020-04-13T05:00:00.0,bus-3-bus-4-i_6,86.69392991254745
2020-04-13T06:00:00.0,bus-3-bus-4-i_6,87.85227363437629
2020-04-13T07:00:00.0,bus-3-bus-4-i_6,90.29117877571939
2020-04-13T08:00:00.0,bus-3-bus-4-i_6,93.64529048998772
2020-04-13T09:00:00.0,bus-3-bus-4-i_6,94.59067392395912
2020-04-13T10:00:00.0,bus-3-bus-4-i_6,94.95664044297025
2020-04-13T11:00:00.0,bus-3-bus-4-i_6,96.02408862652203
2020-04-13T12:00:00.0,bus-3-bus-4-i_6,96.20708648933731
2020-04-13T13:00:00.0,bus-3-bus-4-i_6,95.7800843645485
2020-04-13T14:00:00.0,bus-3-bus-4-i_6,94.68215636021854
2020-04-13T15:00:00.0,bus-3-bus-4-i_6,93.85875762875489
2020-04-13T16:00:00.0,bus-3-bus-4-i_6,93.12688929983229
2020-04-13T17:00:00.0,bus-3-bus-4-i_6,93.9197488237954
2020-04-13T18:00:00.0,bus-3-bus-4-i_6,102.52168284249632
2020-04-13T19:00:00.0,bus-3-bus-4-i_6,103.68112216068836
2020-04-13T20:00:00.0,bus-3-bus-4-i_6,99.77593162864108
2020-04-13T21:00:00.0,bus-3-bus-4-i_6,94.46867867941587
2020-04-13T22:00:00.0,bus-3-bus-4-i_6,89.2241134986042
2020-04-13T23:00:00.0,bus-3-bus-4-i_6,86.48056063435922
2020-04-14T00:00:00.0,bus-3-bus-4-i_6,85.10897183208483
2020-04-14T01:00:00.0,bus-3-bus-4-i_6,84.56037230151216
2020-04-14T02:00:00.0,bus-3-bus-4-i_6,84.46894382317409
2020-04-14T03:00:00.0,bus-3-bus-4-i_6,84.86514731199028
2020-04-14T04:00:00.0,bus-3-bus-4-i_6,86.41959810197201
2020-04-14T05:00:00.0,bus-3-bus-4-i_6,86.8158566115546
2020-04-14T06:00:00.0,bus-3-bus-4-i_6,87.66937217102395
2020-04-14T07:00:00.0,bus-3-bus-4-i_6,89.8033670500434
2020-04-14T08:00:00.0,bus-3-bus-4-i_6,92.05962307087874
2020-04-14T09:00:00.0,bus-3-bus-4-i_6,93.27935357150552
2020-04-14T10:00:00.0,bus-3-bus-4-i_6,92.27307530550732
2020-04-14T11:00:00.0,bus-3-bus-4-i_6,92.60849039451641
2020-04-14T12:00:00.0,bus-3-bus-4-i_6,93.15738401890721
2020-04-14T13:00:00.0,bus-3-bus-4-i_6,93.46232119846833
2020-04-14T14:00:00.0,bus-3-bus-4-i_6,93.27935357150552
2020-04-14T15:00:00.0,bus-3-bus-4-i_6,93.00491277878524
2020-04-14T16:00:00.0,bus-3-bus-4-i_6,92.18159190073843
2020-04-14T17:00:00.0,bus-3-bus-4-i_6,95.62760011791063
2020-04-14T18:00:00.0,bus-3-bus-4-i_6,104.87114600296464
2020-04-14T19:00:00.0,bus-3-bus-4-i_6,105.0237199328091
2020-04-14T20:00:00.0,bus-3-bus-4-i_6,101.11824739544524
2020-04-14T21:00:00.0,bus-3-bus-4-i_6,95.10912879286622
2020-04-14T22:00:00.0,bus-3-bus-4-i_6,89.52897954613674
2020-04-14T23:00:00.0,bus-3-bus-4-i_6,86.69392991254745
2020-04-15T00:00:00.0,bus-3-bus-4-i_6,85.23088564662886
2020-04-15T01:00:00.0,bus-3-bus-4-i_6,84.52984689783784
2020-04-15T02:00:00.0,bus-3-bus-4-i_6,84.40799017524097
2020-04-15T03:00:00.0,bus-3-bus-4-i_6,84.68228416148568
2020-04-15T04:00:00.0,bus-3-bus-4-i_6,85.96238965847569
2020-04-15T05:00:00.0,bus-3-bus-4-i_6,86.29767049944203
2020-04-15T06:00:00.0,bus-3-bus-4-i_6,87.57792312185708
2020-04-15T07:00:00.0,bus-3-bus-4-i_6,88.82778927231523
2020-04-15T08:00:00.0,bus-3-bus-4-i_6,90.99243488567501
2020-04-15T09:00:00.0,bus-3-bus-4-i_6,92.54750411447397
2020-04-15T10:00:00.0,bus-3-bus-4-i_6,94.77364750027871
2020-04-15T11:00:00.0,bus-3-bus-4-i_6,97.73214457735142
2020-04-15T12:00:00.0,bus-3-bus-4-i_6,101.30128060285872
2020-04-15T13:00:00.0,bus-3-bus-4-i_6,103.34548777272848
2020-04-15T14:00:00.0,bus-3-bus-4-i_6,104.10827993655134
2020-04-15T15:00:00.0,bus-3-bus-4-i_6,104.35238666255123
2020-04-15T16:00:00.0,bus-3-bus-4-i_6,106.24434262665739
2020-04-15T17:00:00.0,bus-3-bus-4-i_6,105.26781360642788
2020-04-15T18:00:00.0,bus-3-bus-4-i_6,112.37907911541734
2020-04-15T19:00:00.0,bus-3-bus-4-i_6,114.27169447335648
2020-04-15T20:00:00.0,bus-3-bus-4-i_6,107.67864155324105
2020-04-15T21:00:00.0,bus-3-bus-4-i_6,99.16580675029245
2020-04-15T22:00:00.0,bus-3-bus-4-i_6,92.54750411447397
2020-04-15T23:00:00.0,bus-3-bus-4-i_6,88.21808474967008
2020-04-16T00:00:00.0,bus-3-bus-4-i_6,86.45007505937566
2020-04-16T01:00:00.0,bus-3-bus-4-i_6,85.62711393965691
2020-04-16T02:00:00.0,bus-3-bus-4-i_6,85.10897183208483
2020-04-16T03:00:00.0,bus-3-bus-4-i_6,85.5661553829935
2020-04-16T04:00:00.0,bus-3-bus-4-i_6,86.9682664241436
2020-04-16T05:00:00.0,bus-3-bus-4-i_6,86.90730239878985
2020-04-16T06:00:00.0,bus-3-bus-4-i_6,88.34002377575825
2020-04-16T07:00:00.0,bus-3-bus-4-i_6,91.38881576028476
2020-04-16T08:00:00.0,bus-3-bus-4-i_6,96.63407776421667
2020-04-16T09:00:00.0,bus-3-bus-4-i_6,100.05048856705355
2020-04-16T10:00:00.0,bus-3-bus-4-i_6,102.55219349046278
2020-04-16T11:00:00.0,bus-3-bus-4-i_6,105.35935883513758
2020-04-16T12:00:00.0,bus-3-bus-4-i_6,108.47214146473594
2020-04-16T13:00:00.0,bus-3-bus-4-i_6,111.67700424998203
2020-04-16T14:00:00.0,bus-3-bus-4-i_6,115.30971550602769
2020-04-16T15:00:00.0,bus-3-bus-4-i_6,114.0064172791976
2020-04-16T16:00:00.0,bus-3-bus-4-i_6,113.74541027391447
2020-04-16T17:00:00.0,bus-3-bus-4-i_6,116.86640594777163
2020-04-16T18:00:00.0,bus-3-bus-4-i_6,114.03296142127427
2020-04-16T19:00:00.0,bus-3-bus-4-i_6,115.04329186294402
2020-04-16T20:00:00.0,bus-3-bus-4-i_6,112.7429434995578
2020-04-16T21:00:00.0,bus-3-bus-4-i_6,107.46503971641097
2020-04-16T22:00:00.0,bus-3-bus-4-i_6,97.57963268516485
2020-04-16T23:00:00.0,bus-3-bus-4-i_6,91.69372190669628
2020-04-17T00:00:00.0,bus-3-bus-4-i_6,88.37050865375893
2020-04-17T01:00:00.0,bus-3-bus-4-i_6,86.66344841389738
2020-04-17T02:00:00.0,bus-3-bus-4-i_6,85.87094966793806
2020-04-17T03:00:00.0,bus-3-bus-4-i_6,85.7490305589636
2020-04-17T04:00:00.0,bus-3-bus-4-i_6,87.15116055433516
2020-04-17T05:00:00.0,bus-3-bus-4-i_6,87.36453912582668
2020-04-17T06:00:00.0,bus-3-bus-4-i_6,88.06566228595337
2020-04-17T07:00:00.0,bus-3-bus-4-i_6,91.35832458608755
2020-04-17T08:00:00.0,bus-3-bus-4-i_6,92.79145035653167
2020-04-17T09:00:00.0,bus-3-bus-4-i_6,95.71908640744132
2020-04-17T10:00:00.0,bus-3-bus-4-i_6,97.73214457735142
2020-04-17T11:00:00.0,bus-3-bus-4-i_6,98.52521419388893
2020-04-17T12:00:00.0,bus-3-bus-4-i_6,99.34883720682997
2020-04-17T13:00:00.0,bus-3-bus-4-i_6,98.34219199766484
2020-04-17T14:00:00.0,bus-3-bus-4-i_6,96.81708200988538
2020-04-17T15:00:00.0,bus-3-bus-4-i_6,93.9197488237954
2020-04-17T16:00:00.0,bus-3-bus-4-i_6,94.37719798403728
2020-04-17T17:00:00.0,bus-3-bus-4-i_6,94.65166334691331
2020-04-17T18:00:00.0,bus-3-bus-4-i_6,100.7216270809322
2020-04-17T19:00:00.0,bus-3-bus-4-i_6,102.52168284249632
2020-04-17T20:00:00.0,bus-3-bus-4-i_6,99.19632673637275
2020-04-17T21:00:00.0,bus-3-bus-4-i_6,94.65166334691331
2020-04-17T22:00:00.0,bus-3-bus-4-i_6,89.89483047402396
2020-04-17T23:00:00.0,bus-3-bus-4-i_6,86.90730239878985
2020-04-18T00:00:00.0,bus-3-bus-4-i_6,85.32232167163178
2020-04-18T01:00:00.0,bus-3-bus-4-i_6,84.77371649079973
2020-04-18T02:00:00.0,bus-3-bus-4-i_6,84.46894382317409
2020-04-18T03:00:00.0,bus-3-bus-4-i_6,84.40799017524097
2020-04-18T04:00:00.0,bus-3-bus-4-i_6,84.74323900887974
2020-04-18T05:00:00.0,bus-3-bus-4-i_6,84.19465380517265
2020-04-18T06:00:00.0,bus-3-bus-4-i_6,84.59085222281342
2020-04-18T07:00:00.0,bus-3-bus-4-i_6,86.35863612602918
2020-04-18T08:00:00.0,bus-3-bus-4-i_6,89.01070554050166
2020-04-18T09:00:00.0,bus-3-bus-4-i_6,91.69372190669628
2020-04-18T10:00:00.0,bus-3-bus-4-i_6,92.69997002490969
2020-04-18T11:00:00.0,bus-3-bus-4-i_6,91.38881576028476
2020-04-18T12:00:00.0,bus-3-bus-4-i_6,91.99863884354858
2020-04-18T13:00:00.0,bus-3-bus-4-i_6,91.75470482580846
2020-04-18T14:00:00.0,bus-3-bus-4-i_6,92.27307530550732
2020-04-18T15:00:00.0,bus-3-bus-4-i_6,92.63898368194604
2020-04-18T16:00:00.0,bus-3-bus-4-i_6,92.91343156515215
2020-04-18T17:00:00.0,bus-3-bus-4-i_6,93.52331075292228
2020-04-18T18:00:00.0,bus-3-bus-4-i_6,101.85046182840796
2020-04-18T19:00:00.0,bus-3-bus-4-i_6,104.96266636753049
2020-04-18T20:00:00.0,bus-3-bus-4-i_6,101.39280648436595
2020-04-18T21:00:00.0,bus-3-bus-4-i_6,96.57307691898708
2020-04-18T22:00:00.0,bus-3-bus-4-i_6,91.29733851826555
2020-04-18T23:00:00.0,bus-3-bus-4-i_6,87.45598873763356
2020-04-19T00:00:00.0,bus-3-bus-4-i_6,85.65759326379337
2020-04-19T01:00:00.0,bus-3-bus-4-i_6,84.65180678500732
2020-04-19T02:00:00.0,bus-3-bus-4-i_6,84.2860833191482
2020-04-19T03:00:00.0,bus-3-bus-4-i_6,84.22512718068538
2020-04-19T04:00:00.0,bus-3-bus-4-i_6,84.40799017524097
2020-04-19T05:00:00.0,bus-3-bus-4-i_6,83.73751532125921
2020-04-19T06:00:00.0,bus-3-bus-4-i_6,84.04226947017783
2020-04-19T07:00:00.0,bus-3-bus-4-i_6,85.26136425839972
2020-04-19T08:00:00.0,bus-3-bus-4-i_6,87.33405622947772
2020-04-19T09:00:00.0,bus-3-bus-4-i_6,88.88876335968618
2020-04-19T10:00:00.0,bus-3-bus-4-i_6,89.98629466712337
2020-04-19T11:00:00.0,bus-3-bus-4-i_6,90.96194469480173
2020-04-19T12:00:00.0,bus-3-bus-4-i_6,91.41930159663325
2020-04-19T13:00:00.0,bus-3-bus-4-i_6,91.32782916523918
2020-04-19T14:00:00.0,bus-3-bus-4-i_6,91.29733851826555
2020-04-19T15:00:00.0,bus-3-bus-4-i_6,91.32782916523918
2020-04-19T16:00:00.0,bus-3-bus-4-i_6,91.02292495879128
2020-04-19T17:00:00.0,bus-3-bus-4-i_6,90.62655826692398
2020-04-19T18:00:00.0,bus-3-bus-4-i_6,96.57307691898708
2020-04-19T19:00:00.0,bus-3-bus-4-i_6,100.38606135704728
2020-04-19T20:00:00.0,bus-3-bus-4-i_6,97.09159194259729
2020-04-19T21:00:00.0,bus-3-bus-4-i_6,92.8524375569577
2020-04-19T22:00:00.0,bus-3-bus-4-i_6,88.12663101101006
2020-04-19T23:00:00.0,bus-3-bus-4-i_6,85.84047104964894
2020-04-20T00:00:00.0,bus-3-bus-4-i_6,84.65180678500732
2020-04-20T01:00:00.0,bus-3-bus-4-i_6,84.13370368344924
2020-04-20T02:00:00.0,bus-3-bus-4-i_6,84.04226947017783
2020-04-20T03:00:00.0,bus-3-bus-4-i_6,84.31656002353773
2020-04-20T04:00:00.0,bus-3-bus-4-i_6,85.68807289533402
2020-04-20T05:00:00.0,bus-3-bus-4-i_6,86.14527133076659
2020-04-20T06:00:00.0,bus-3-bus-4-i_6,87.30357435408536
2020-04-20T07:00:00.0,bus-3-bus-4-i_6,89.71190391035165
2020-04-20T08:00:00.0,bus-3-bus-4-i_6,91.90716327255919
2020-04-20T09:00:00.0,bus-3-bus-4-i_6,92.69997002490969
2020-04-20T10:00:00.0,bus-3-bus-4-i_6,93.37083708172663
2020-04-20T11:00:00.0,bus-3-bus-4-i_6,93.18787060966216
2020-04-20T12:00:00.0,bus-3-bus-4-i_6,91.08390537533431
2020-04-20T13:00:00.0,bus-3-bus-4-i_6,91.11439562317689
2020-04-20T14:00:00.0,bus-3-bus-4-i_6,90.93145482347899
2020-04-20T15:00:00.0,bus-3-bus-4-i_6,90.53509046158803
2020-04-20T16:00:00.0,bus-3-bus-4-i_6,90.44362675186714
2020-04-20T17:00:00.0,bus-3-bus-4-i_6,91.90716327255919
2020-04-20T18:00:00.0,bus-3-bus-4-i_6,100.3555395381352
2020-04-20T19:00:00.0,bus-3-bus-4-i_6,103.37599975943239
2020-04-20T20:00:00.0,bus-3-bus-4-i_6,99.65390835171996
2020-04-20T21:00:00.0,bus-3-bus-4-i_6,93.64529048998772
2020-04-20T22:00:00.0,bus-3-bus-4-i_6,88.52293389968496
2020-04-20T23:00:00.0,bus-3-bus-4-i_6,85.96238965847569
2020-04-21T00:00:00.0,bus-3-bus-4-i_6,84.86514731199028
2020-04-21T01:00:00.0,bus-3-bus-4-i_6,84.01179667538756
2020-04-21T02:00:00.0,bus-3-bus-4-i_6,83.92036915758855
2020-04-21T03:00:00.0,bus-3-bus-4-i_6,84.19465380517265
2020-04-21T04:00:00.0,bus-3-bus-4-i_6,85.47471654457877
2020-04-21T05:00:00.0,bus-3-bus-4-i_6,86.17575183045278
2020-04-21T06:00:00.0,bus-3-bus-4-i_6,87.45598873763356
2020-04-21T07:00:00.0,bus-3-bus-4-i_6,88.98021927328755
2020-04-21T08:00:00.0,bus-3-bus-4-i_6,90.8399852613884
2020-04-21T09:00:00.0,bus-3-bus-4-i_6,91.60224791740647
2020-04-21T10:00:00.0,bus-3-bus-4-i_6,92.02913102654551
2020-04-21T11:00:00.0,bus-3-bus-4-i_6,92.21208437361135
2020-04-21T12:00:00.0,bus-3-bus-4-i_6,90.74852044261281
2020-04-21T13:00:00.0,bus-3-bus-4-i_6,90.38264877829991
2020-04-21T14:00:00.0,bus-3-bus-4-i_6,90.3216674593034
2020-04-21T15:00:00.0,bus-3-bus-4-i_6,93.431826520408
2020-04-21T16:00:00.0,bus-3-bus-4-i_6,93.12688929983229
2020-04-21T17:00:00.0,bus-3-bus-4-i_6,94.37719798403728
2020-04-21T18:00:00.0,bus-3-bus-4-i_6,102.43013194128672
2020-04-21T19:00:00.0,bus-3-bus-4-i_6,106.67157797250427
2020-04-21T20:00:00.0,bus-3-bus-4-i_6,101.9419900804817
2020-04-21T21:00:00.0,bus-3-bus-4-i_6,93.82827503467186
2020-04-21T22:00:00.0,bus-3-bus-4-i_6,88.79730341724982
2020-04-21T23:00:00.0,bus-3-bus-4-i_6,86.11479089562388
2020-04-22T00:00:00.0,bus-3-bus-4-i_6,85.04801733955861
2020-04-22T01:00:00.0,bus-3-bus-4-i_6,84.52984689783784
2020-04-22T02:00:00.0,bus-3-bus-4-i_6,84.40799017524097
2020-04-22T03:00:00.0,bus-3-bus-4-i_6,84.83467198070463
2020-04-22T04:00:00.0,bus-3-bus-4-i_6,86.60248570591736
2020-04-22T05:00:00.0,bus-3-bus-4-i_6,87.51695531191585
2020-04-22T06:00:00.0,bus-3-bus-4-i_6,89.10216427621648
2020-04-22T07:00:00.0,bus-3-bus-4-i_6,90.87047503925092
2020-04-22T08:00:00.0,bus-3-bus-4-i_6,92.82195061003391
2020-04-22T09:00:00.0,bus-3-bus-4-i_6,93.70628841496398
2020-04-22T10:00:00.0,bus-3-bus-4-i_6,94.83464209659333
2020-04-22T11:00:00.0,bus-3-bus-4-i_6,93.431826520408
2020-04-22T12:00:00.0,bus-3-bus-4-i_6,94.7431589967377
2020-04-22T13:00:00.0,bus-3-bus-4-i_6,95.13962662903592
2020-04-22T14:00:00.0,bus-3-bus-4-i_6,96.63407776421667
2020-04-22T15:00:00.0,bus-3-bus-4-i_6,98.40319915179683
2020-04-22T16:00:00.0,bus-3-bus-4-i_6,98.49471019857366
2020-04-22T17:00:00.0,bus-3-bus-4-i_6,98.43370276396729
2020-04-22T18:00:00.0,bus-3-bus-4-i_6,105.96967007547673
2020-04-22T19:00:00.0,bus-3-bus-4-i_6,109.1436201212034
2020-04-22T20:00:00.0,bus-3-bus-4-i_6,103.62007610367463
2020-04-22T21:00:00.0,bus-3-bus-4-i_6,95.44460853053833
2020-04-22T22:00:00.0,bus-3-bus-4-i_6,89.55946679949082
2020-04-22T23:00:00.0,bus-3-bus-4-i_6,86.57200425567886
2020-04-23T00:00:00.0,bus-3-bus-4-i_6,85.10897183208483
2020-04-23T01:00:00.0,bus-3-bus-4-i_6,84.49942080238648
2020-04-23T02:00:00.0,bus-3-bus-4-i_6,84.40799017524097
2020-04-23T03:00:00.0,bus-3-bus-4-i_6,84.62132944445092
2020-04-23T04:00:00.0,bus-3-bus-4-i_6,85.93191078000449
2020-04-23T05:00:00.0,bus-3-bus-4-i_6,86.8158566115546
2020-04-23T06:00:00.0,bus-3-bus-4-i_6,88.30953888747
2020-04-23T07:00:00.0,bus-3-bus-4-i_6,90.93145482347899
2020-04-23T08:00:00.0,bus-3-bus-4-i_6,93.9197488237954
2020-04-23T09:00:00.0,bus-3-bus-4-i_6,95.7495853685203
2020-04-23T10:00:00.0,bus-3-bus-4-i_6,97.24411173927317
2020-04-23T11:00:00.0,bus-3-bus-4-i_6,97.12209334193403
2020-04-23T12:00:00.0,bus-3-bus-4-i_6,99.65390835171996
2020-04-23T13:00:00.0,bus-3-bus-4-i_6,102.94883642995617
2020-04-23T14:00:00.0,bus-3-bus-4-i_6,102.55219349046278
2020-04-23T15:00:00.0,bus-3-bus-4-i_6,103.92522368627883
2020-04-23T16:00:00.0,bus-3-bus-4-i_6,105.20680759780414
2020-04-23T17:00:00.0,bus-3-bus-4-i_6,105.05423362115486
2020-04-23T18:00:00.0,bus-3-bus-4-i_6,113.84435616406647
2020-04-23T19:00:00.0,bus-3-bus-4-i_6,115.92026296813845
2020-04-23T20:00:00.0,bus-3-bus-4-i_6,109.02153648912467
2020-04-23T21:00:00.0,bus-3-bus-4-i_6,98.61672596649036
2020-04-23T22:00:00.0,bus-3-bus-4-i_6,91.29733851826555
2020-04-23T23:00:00.0,bus-3-bus-4-i_6,87.63888779819877
2020-04-24T00:00:00.0,bus-3-bus-4-i_6,85.84047104964894
2020-04-24T01:00:00.0,bus-3-bus-4-i_6,85.07849566348959
2020-04-24T02:00:00.0,bus-3-bus-4-i_6,84.83467198070463
2020-04-24T03:00:00.0,bus-3-bus-4-i_6,85.10897183208483
2020-04-24T04:00:00.0,bus-3-bus-4-i_6,86.69392991254745
2020-04-24T05:00:00.0,bus-3-bus-4-i_6,87.69985489709828
2020-04-24T06:00:00.0,bus-3-bus-4-i_6,89.40703446141325
2020-04-24T07:00:00.0,bus-3-bus-4-i_6,92.42553253025797
2020-04-24T08:00:00.0,bus-3-bus-4-i_6,95.41411012605336
2020-04-24T09:00:00.0,bus-3-bus-4-i_6,96.4510757172414
2020-04-24T10:00:00.0,bus-3-bus-4-i_6,98.15918544573043
2020-04-24T11:00:00.0,bus-3-bus-4-i_6,96.35957528962174
2020-04-24T12:00:00.0,bus-3-bus-4-i_6,98.15918544573043
2020-04-24T13:00:00.0,bus-3-bus-4-i_6,101.33178933743974
2020-04-24T14:00:00.0,bus-3-bus-4-i_6,105.32884362665034
2020-04-24T15:00:00.0,bus-3-bus-4-i_6,107.2819314822393
2020-04-24T16:00:00.0,bus-3-bus-4-i_6,107.03778745000918
2020-04-24T17:00:00.0,bus-3-bus-4-i_6,109.20466147544276
2020-04-24T18:00:00.0,bus-3-bus-4-i_6,111.4938582687929
2020-04-24T19:00:00.0,bus-3-bus-4-i_6,115.37077458488483
2020-04-24T20:00:00.0,bus-3-bus-4-i_6,109.69300225545369
2020-04-24T21:00:00.0,bus-3-bus-4-i_6,102.3691113004092
2020-04-24T22:00:00.0,bus-3-bus-4-i_6,94.34669262349774
2020-04-24T23:00:00.0,bus-3-bus-4-i_6,89.68141630941714
2020-04-25T00:00:00.0,bus-3-bus-4-i_6,87.33405622947772
2020-04-25T01:00:00.0,bus-3-bus-4-i_6,85.87094966793806
2020-04-25T02:00:00.0,bus-3-bus-4-i_6,85.07849566348959
2020-04-25T03:00:00.0,bus-3-bus-4-i_6,85.01753931221657
2020-04-25T04:00:00.0,bus-3-bus-4-i_6,85.29184485301055
2020-04-25T05:00:00.0,bus-3-bus-4-i_6,84.43846409188005
2020-04-25T06:00:00.0,bus-3-bus-4-i_6,85.38327933736538
2020-04-25T07:00:00.0,bus-3-bus-4-i_6,88.34002377575825
2020-04-25T08:00:00.0,bus-3-bus-4-i_6,91.87667171212024
2020-04-25T09:00:00.0,bus-3-bus-4-i_6,94.2552036886093
2020-04-25T10:00:00.0,bus-3-bus-4-i_6,93.61480310983721
2020-04-25T11:00:00.0,bus-3-bus-4-i_6,97.82365235496762
2020-04-25T12:00:00.0,bus-3-bus-4-i_6,99.98945954504019
2020-04-25T13:00:00.0,bus-3-bus-4-i_6,101.30128060285872
2020-04-25T14:00:00.0,bus-3-bus-4-i_6,102.61319533209145
2020-04-25T15:00:00.0,bus-3-bus-4-i_6,102.09452036803167
2020-04-25T16:00:00.0,bus-3-bus-4-i_6,102.21656019570753
2020-04-25T17:00:00.0,bus-3-bus-4-i_6,99.59290241531285
2020-04-25T18:00:00.0,bus-3-bus-4-i_6,104.19984214142448
2020-04-25T19:00:00.0,bus-3-bus-4-i_6,108.31957285401823
2020-04-25T20:00:00.0,bus-3-bus-4-i_6,103.86419800479871
2020-04-25T21:00:00.0,bus-3-bus-4-i_6,98.15918544573043
2020-04-25T22:00:00.0,bus-3-bus-4-i_6,92.42553253025797
2020-04-25T23:00:00.0,bus-3-bus-4-i_6,88.43147854955099
2020-04-26T00:00:00.0,bus-3-bus-4-i_6,86.17575183045278
2020-04-26T01:00:00.0,bus-3-bus-4-i_6,85.20040709806882
2020-04-26T02:00:00.0,bus-3-bus-4-i_6,84.65180678500732
2020-04-26T03:00:00.0,bus-3-bus-4-i_6,84.37751017043976
2020-04-26T04:00:00.0,bus-3-bus-4-i_6,84.52984689783784
2020-04-26T05:00:00.0,bus-3-bus-4-i_6,83.73751532125921
2020-04-26T06:00:00.0,bus-3-bus-4-i_6,84.10322495486146
2020-04-26T07:00:00.0,bus-3-bus-4-i_6,85.65759326379337
2020-04-26T08:00:00.0,bus-3-bus-4-i_6,87.57792312185708
2020-04-26T09:00:00.0,bus-3-bus-4-i_6,88.82778927231523
2020-04-26T10:00:00.0,bus-3-bus-4-i_6,89.9558065822944
2020-04-26T11:00:00.0,bus-3-bus-4-i_6,90.68754101141595
2020-04-26T12:00:00.0,bus-3-bus-4-i_6,91.02292495879128
2020-04-26T13:00:00.0,bus-3-bus-4-i_6,91.2668478919393
2020-04-26T14:00:00.0,bus-3-bus-4-i_6,91.48028344790187
2020-04-26T15:00:00.0,bus-3-bus-4-i_6,91.32782916523918
2020-04-26T16:00:00.0,bus-3-bus-4-i_6,91.90716327255919
2020-04-26T17:00:00.0,bus-3-bus-4-i_6,91.84617965290613
2020-04-26T18:00:00.0,bus-3-bus-4-i_6,96.8780838291463
2020-04-26T19:00:00.0,bus-3-bus-4-i_6,101.39280648436595
2020-04-26T20:00:00.0,bus-3-bus-4-i_6,98.31168842903023
2020-04-26T21:00:00.0,bus-3-bus-4-i_6,93.46232119846833
2020-04-26T22:00:00.0,bus-3-bus-4-i_6,88.94973320856558
2020-04-26T23:00:00.0,bus-3-bus-4-i_6,86.11479089562388
2020-04-27T00:00:00.0,bus-3-bus-4-i_6,85.10897183208483
2020-04-27T01:00:00.0,bus-3-bus-4-i_6,84.46894382317409
2020-04-27T02:00:00.0,bus-3-bus-4-i_6,84.4689439424131
2020-04-27T03:00:00.0,bus-3-bus-4-i_6,84.62132944445092
2020-04-27T04:00:00.0,bus-3-bus-4-i_6,86.17575183045278
2020-04-27T05:00:00.0,bus-3-bus-4-i_6,86.8158566115546
2020-04-27T06:00:00.0,bus-3-bus-4-i_6,88.21808474967008
2020-04-27T07:00:00.0,bus-3-bus-4-i_6,89.58995421116991
2020-04-27T08:00:00.0,bus-3-bus-4-i_6,91.41930159663325
2020-04-27T09:00:00.0,bus-3-bus-4-i_6,93.18787060966216
2020-04-27T10:00:00.0,bus-3-bus-4-i_6,95.10912879286622
2020-04-27T11:00:00.0,bus-3-bus-4-i_6,96.02408862652203
2020-04-27T12:00:00.0,bus-3-bus-4-i_6,97.88464487802841
2020-04-27T13:00:00.0,bus-3-bus-4-i_6,98.49471019857366
2020-04-27T14:00:00.0,bus-3-bus-4-i_6,99.71490439002223
2020-04-27T15:00:00.0,bus-3-bus-4-i_6,99.95896882628936
2020-04-27T16:00:00.0,bus-3-bus-4-i_6,99.56237552234998
2020-04-27T17:00:00.0,bus-3-bus-4-i_6,99.56237552234998
2020-04-27T18:00:00.0,bus-3-bus-4-i_6,105.81709044641221
2020-04-27T19:00:00.0,bus-3-bus-4-i_6,112.89797766272684
2020-04-27T20:00:00.0,bus-3-bus-4-i_6,107.46503971641097
2020-04-27T21:00:00.0,bus-3-bus-4-i_6,98.8302698688148
2020-04-27T22:00:00.0,bus-3-bus-4-i_6,91.11439562317689
2020-04-27T23:00:00.0,bus-3-bus-4-i_6,87.27309104662615
2020-04-28T00:00:00.0,bus-3-bus-4-i_6,85.80998998789038
2020-04-28T01:00:00.0,bus-3-bus-4-i_6,85.07849566348959
2020-04-28T02:00:00.0,bus-3-bus-4-i_6,84.83467198070463
2020-04-28T03:00:00.0,bus-3-bus-4-i_6,85.26136425839972
2020-04-28T04:00:00.0,bus-3-bus-4-i_6,86.998748830725
2020-04-28T05:00:00.0,bus-3-bus-4-i_6,87.24260831407354
2020-04-28T06:00:00.0,bus-3-bus-4-i_6,89.49849240571925
2020-04-28T07:00:00.0,bus-3-bus-4-i_6,93.2488589782593
2020-04-28T08:00:00.0,bus-3-bus-4-i_6,96.17658719654187
2020-04-28T09:00:00.0,bus-3-bus-4-i_6,98.55571812592572
2020-04-28T10:00:00.0,bus-3-bus-4-i_6,101.5758781727945
2020-04-28T11:00:00.0,bus-3-bus-4-i_6,103.95573660018384
2020-04-28T12:00:00.0,bus-3-bus-4-i_6,106.39689927566869
2020-04-28T13:00:00.0,bus-3-bus-4-i_6,109.35726680820754
2020-04-28T14:00:00.0,bus-3-bus-4-i_6,111.21914261567491
2020-04-28T15:00:00.0,bus-3-bus-4-i_6,112.19588813237029
2020-04-28T16:00:00.0,bus-3-bus-4-i_6,110.48658181967971
2020-04-28T17:00:00.0,bus-3-bus-4-i_6,107.77022691622547
2020-04-28T18:00:00.0,bus-3-bus-4-i_6,113.63065964165347
2020-04-28T19:00:00.0,bus-3-bus-4-i_6,116.56142969762095
2020-04-28T20:00:00.0,bus-3-bus-4-i_6,109.20466147544276
2020-04-28T21:00:00.0,bus-3-bus-4-i_6,100.3555395381352
2020-04-28T22:00:00.0,bus-3-bus-4-i_6,92.21208437361135
2020-04-28T23:00:00.0,bus-3-bus-4-i_6,88.0351808745111
2020-04-29T00:00:00.0,bus-3-bus-4-i_6,86.35863612602918
2020-04-29T01:00:00.0,bus-3-bus-4-i_6,85.26136425839972
2020-04-29T02:00:00.0,bus-3-bus-4-i_6,84.92610307836878
2020-04-29T03:00:00.0,bus-3-bus-4-i_6,85.07849566348959
2020-04-29T04:00:00.0,bus-3-bus-4-i_6,86.48056063435922
2020-04-29T05:00:00.0,bus-3-bus-4-i_6,86.84633854225675
2020-04-29T06:00:00.0,bus-3-bus-4-i_6,89.01070554050166
2020-04-29T07:00:00.0,bus-3-bus-4-i_6,92.39503987666862
2020-04-29T08:00:00.0,bus-3-bus-4-i_6,96.84758282282611
2020-04-29T09:00:00.0,bus-3-bus-4-i_6,99.4708737755312
2020-04-29T10:00:00.0,bus-3-bus-4-i_6,101.72840543319535
2020-04-29T11:00:00.0,bus-3-bus-4-i_6,101.63687793383798
2020-04-29T12:00:00.0,bus-3-bus-4-i_6,104.01676214400122
2020-04-29T13:00:00.0,bus-3-bus-4-i_6,106.18328354084919
2020-04-29T14:00:00.0,bus-3-bus-4-i_6,106.82413764851604
2020-04-29T15:00:00.0,bus-3-bus-4-i_6,105.96967007547673
2020-04-29T16:00:00.0,bus-3-bus-4-i_6,103.62007610367463
2020-04-29T17:00:00.0,bus-3-bus-4-i_6,102.88781343623458
2020-04-29T18:00:00.0,bus-3-bus-4-i_6,112.01277713851835
2020-04-29T19:00:00.0,bus-3-bus-4-i_6,115.57571723051967
2020-04-29T20:00:00.0,bus-3-bus-4-i_6,110.30344615620038
2020-04-29T21:00:00.0,bus-3-bus-4-i_6,100.29452573204188
2020-04-29T22:00:00.0,bus-3-bus-4-i_6,92.8524375569577
2020-04-29T23:00:00.0,bus-3-bus-4-i_6,88.5534192187494
2020-04-30T00:00:00.0,bus-3-bus-4-i_6,86.5110413543496
2020-04-30T01:00:00.0,bus-3-bus-4-i_6,85.50519707683992
2020-04-30T02:00:00.0,bus-3-bus-4-i_6,85.16993064060529
2020-04-30T03:00:00.0,bus-3-bus-4-i_6,85.41376001663569
2020-04-30T04:00:00.0,bus-3-bus-4-i_6,87.18164269984767
2020-04-30T05:00:00.0,bus-3-bus-4-i_6,88.61438988024113
2020-04-30T06:00:00.0,bus-3-bus-4-i_6,90.4741158274601
2020-04-30T07:00:00.0,bus-3-bus-4-i_6,93.27935357150552
2020-04-30T08:00:00.0,bus-3-bus-4-i_6,97.33561644773778
2020-04-30T09:00:00.0,bus-3-bus-4-i_6,100.90467354664352
2020-04-30T10:00:00.0,bus-3-bus-4-i_6,103.10137335493592
2020-04-30T11:00:00.0,bus-3-bus-4-i_6,105.35935883513758
2020-04-30T12:00:00.0,bus-3-bus-4-i_6,105.0237199328091
2020-04-30T13:00:00.0,bus-3-bus-4-i_6,101.33178933743974
2020-04-30T14:00:00.0,bus-3-bus-4-i_6,100.96568941233693
2020-04-30T15:00:00.0,bus-3-bus-4-i_6,101.45384230673625
2020-04-30T16:00:00.0,bus-3-bus-4-i_6,100.44707674036928
2020-04-30T17:00:00.0,bus-3-bus-4-i_6,102.52168284249632
2020-04-30T18:00:00.0,bus-3-bus-4-i_6,109.2962245829494
2020-04-30T19:00:00.0,bus-3-bus-4-i_6,111.73805401956498
2020-04-30T20:00:00.0,bus-3-bus-4-i_6,105.87812210543386
2020-04-30T21:00:00.0,bus-3-bus-4-i_6,97.76264711647136
2020-04-30T22:00:00.0,bus-3-bus-4-i_6,91.5412655892649
2020-04-30T23:00:00.0,bus-3-bus-4-i_6,87.82178975557163
2020-05-01T00:00:00.0,bus-3-bus-4-i_6,81.45204216078412
2020-05-01T01:00:00.0,bus-3-bus-4-i_6,80.08097221988292
2020-05-01T02:00:00.0,bus-3-bus-4-i_6,79.3497262546207
2020-05-01T03:00:00.0,bus-3-bus-4-i_6,79.9590667324461
2020-05-01T04:00:00.0,bus-3-bus-4-i_6,81.75675065281135
2020-05-01T05:00:00.0,bus-3-bus-4-i_6,82.06146001292834
2020-05-01T06:00:00.0,bus-3-bus-4-i_6,84.86514731199028
2020-05-01T07:00:00.0,bus-3-bus-4-i_6,88.12663101101006
2020-05-01T08:00:00.0,bus-3-bus-4-i_6,91.63274451659788
2020-05-01T09:00:00.0,bus-3-bus-4-i_6,93.49281582346794
2020-05-01T10:00:00.0,bus-3-bus-4-i_6,96.08508769298226
2020-05-01T11:00:00.0,bus-3-bus-4-i_6,98.58622205002835
2020-05-01T12:00:00.0,bus-3-bus-4-i_6,101.14873829520393
2020-05-01T13:00:00.0,bus-3-bus-4-i_6,103.4980476381214
2020-05-01T14:00:00.0,bus-3-bus-4-i_6,106.15276718485657
2020-05-01T15:00:00.0,bus-3-bus-4-i_6,108.19749456540286
2020-05-01T16:00:00.0,bus-3-bus-4-i_6,108.89945402729353
2020-05-01T17:00:00.0,bus-3-bus-4-i_6,108.0143783857793
2020-05-01T18:00:00.0,bus-3-bus-4-i_6,109.32674563977235
2020-05-01T19:00:00.0,bus-3-bus-4-i_6,109.84561156428052
2020-05-01T20:00:00.0,bus-3-bus-4-i_6,105.96967007547673
2020-05-01T21:00:00.0,bus-3-bus-4-i_6,101.14873829520393
2020-05-01T22:00:00.0,bus-3-bus-4-i_6,95.20061324135035
2020-05-01T23:00:00.0,bus-3-bus-4-i_6,89.89483047402396
2020-05-02T00:00:00.0,bus-3-bus-4-i_6,86.72441138239012
2020-05-02T01:00:00.0,bus-3-bus-4-i_6,84.01179667538756
2020-05-02T02:00:00.0,bus-3-bus-4-i_6,82.64043730720805
2020-05-02T03:00:00.0,bus-3-bus-4-i_6,81.72627946474313
2020-05-02T04:00:00.0,bus-3-bus-4-i_6,81.29968377570125
2020-05-02T05:00:00.0,bus-3-bus-4-i_6,79.89812401074448
2020-05-02T06:00:00.0,bus-3-bus-4-i_6,82.60996943624114
2020-05-02T07:00:00.0,bus-3-bus-4-i_6,87.39502309578184
2020-05-02T08:00:00.0,bus-3-bus-4-i_6,90.62655826692398
2020-05-02T09:00:00.0,bus-3-bus-4-i_6,96.29857532354379
2020-05-02T10:00:00.0,bus-3-bus-4-i_6,98.98279265829923
2020-05-02T11:00:00.0,bus-3-bus-4-i_6,101.758914864453
2020-05-02T12:00:00.0,bus-3-bus-4-i_6,103.92522368627883
2020-05-02T13:00:00.0,bus-3-bus-4-i_6,106.51896636254112
2020-05-02T14:00:00.0,bus-3-bus-4-i_6,109.35726680820754
2020-05-02T15:00:00.0,bus-3-bus-4-i_6,111.70752935142599
2020-05-02T16:00:00.0,bus-3-bus-4-i_6,112.44013095992891
2020-05-02T17:00:00.0,bus-3-bus-4-i_6,110.54762755911378
2020-05-02T18:00:00.0,bus-3-bus-4-i_6,110.5781504944182
2020-05-02T19:00:00.0,bus-3-bus-4-i_6,110.97495254240066
2020-05-02T20:00:00.0,bus-3-bus-4-i_6,107.55656738876411
2020-05-02T21:00:00.0,bus-3-bus-4-i_6,102.97932746653542
2020-05-02T22:00:00.0,bus-3-bus-4-i_6,97.21359762401629
2020-05-02T23:00:00.0,bus-3-bus-4-i_6,91.66323587787221
2020-05-03T00:00:00.0,bus-3-bus-4-i_6,87.66937217102395
2020-05-03T01:00:00.0,bus-3-bus-4-i_6,84.65180678500732
2020-05-03T02:00:00.0,bus-3-bus-4-i_6,82.85375560127424
2020-05-03T03:00:00.0,bus-3-bus-4-i_6,81.97004469387832
2020-05-03T04:00:00.0,bus-3-bus-4-i_6,81.29968377570125
2020-05-03T05:00:00.0,bus-3-bus-4-i_6,78.95368451743845
2020-05-03T06:00:00.0,bus-3-bus-4-i_6,81.75675065281135
2020-05-03T07:00:00.0,bus-3-bus-4-i_6,86.66344841389738
2020-05-03T08:00:00.0,bus-3-bus-4-i_6,92.51701135466925
2020-05-03T09:00:00.0,bus-3-bus-4-i_6,97.9151476304615
2020-05-03T10:00:00.0,bus-3-bus-4-i_6,102.52168284249632
2020-05-03T11:00:00.0,bus-3-bus-4-i_6,106.24434262665739
2020-05-03T12:00:00.0,bus-3-bus-4-i_6,109.75404574606395
2020-05-03T13:00:00.0,bus-3-bus-4-i_6,113.478025088263
2020-05-03T14:00:00.0,bus-3-bus-4-i_6,116.50037305854899
2020-05-03T15:00:00.0,bus-3-bus-4-i_6,114.95001353204259
2020-05-03T16:00:00.0,bus-3-bus-4-i_6,117.0006548917956
2020-05-03T17:00:00.0,bus-3-bus-4-i_6,111.24966600208923
2020-05-03T18:00:00.0,bus-3-bus-4-i_6,112.6843519431532
2020-05-03T19:00:00.0,bus-3-bus-4-i_6,115.24865723610243
2020-05-03T20:00:00.0,bus-3-bus-4-i_6,111.28019043863304
2020-05-03T21:00:00.0,bus-3-bus-4-i_6,104.6575240384009
2020-05-03T22:00:00.0,bus-3-bus-4-i_6,97.45762413661079
2020-05-03T23:00:00.0,bus-3-bus-4-i_6,91.75470482580846
2020-05-04T00:00:00.0,bus-3-bus-4-i_6,87.97420133714152
2020-05-04T01:00:00.0,bus-3-bus-4-i_6,85.65759326379337
2020-05-04T02:00:00.0,bus-3-bus-4-i_6,84.04226947017783
2020-05-04T03:00:00.0,bus-3-bus-4-i_6,83.52418911657907
2020-05-04T04:00:00.0,bus-3-bus-4-i_6,84.22512718068538
2020-05-04T05:00:00.0,bus-3-bus-4-i_6,85.01753931221657
2020-05-04T06:00:00.0,bus-3-bus-4-i_6,89.89483047402396
2020-05-04T07:00:00.0,bus-3-bus-4-i_6,95.26161858722591
2020-05-04T08:00:00.0,bus-3-bus-4-i_6,102.03351933280543
2020-05-04T09:00:00.0,bus-3-bus-4-i_6,108.16694565688331
2020-05-04T10:00:00.0,bus-3-bus-4-i_6,113.478025088263
2020-05-04T11:00:00.0,bus-3-bus-4-i_6,117.15811913986411
2020-05-04T12:00:00.0,bus-3-bus-4-i_6,113.4700529019081
2020-05-04T13:00:00.0,bus-3-bus-4-i_6,115.3046271199558
2020-05-04T14:00:00.0,bus-3-bus-4-i_6,115.52843713426783
2020-05-04T15:00:00.0,bus-3-bus-4-i_6,115.60301708112281
2020-05-04T16:00:00.0,bus-3-bus-4-i_6,116.94535316347184
2020-05-04T17:00:00.0,bus-3-bus-4-i_6,115.42898267329673
2020-05-04T18:00:00.0,bus-3-bus-4-i_6,115.66512976320729
2020-05-04T19:00:00.0,bus-3-bus-4-i_6,116.07481004188843
2020-05-04T20:00:00.0,bus-3-bus-4-i_6,113.18059716037683
2020-05-04T21:00:00.0,bus-3-bus-4-i_6,110.45605951869287
2020-05-04T22:00:00.0,bus-3-bus-4-i_6,101.81995232945718
2020-05-04T23:00:00.0,bus-3-bus-4-i_6,95.0786220170953
2020-05-05T00:00:00.0,bus-3-bus-4-i_6,90.62655826692398
2020-05-05T01:00:00.0,bus-3-bus-4-i_6,87.88275746862465
2020-05-05T02:00:00.0,bus-3-bus-4-i_6,86.23671301123419
2020-05-05T03:00:00.0,bus-3-bus-4-i_6,85.99286953031822
2020-05-05T04:00:00.0,bus-3-bus-4-i_6,87.02923088473075
2020-05-05T05:00:00.0,bus-3-bus-4-i_6,88.0351808745111
2020-05-05T06:00:00.0,bus-3-bus-4-i_6,92.8524375569577
2020-05-05T07:00:00.0,bus-3-bus-4-i_6,99.16580675029245
2020-05-05T08:00:00.0,bus-3-bus-4-i_6,104.87114600296464
2020-05-05T09:00:00.0,bus-3-bus-4-i_6,110.85285782448801
2020-05-05T10:00:00.0,bus-3-bus-4-i_6,117.04791682172915
2020-05-05T11:00:00.0,bus-3-bus-4-i_6,113.65871978611175
2020-05-05T12:00:00.0,bus-3-bus-4-i_6,115.5532952704076
2020-05-05T13:00:00.0,bus-3-bus-4-i_6,121.30335201547935
2020-05-05T14:00:00.0,bus-3-bus-4-i_6,123.68997654765879
2020-05-05T15:00:00.0,bus-3-bus-4-i_6,126.67441935981529
2020-05-05T16:00:00.0,bus-3-bus-4-i_6,124.7917849546641
2020-05-05T17:00:00.0,bus-3-bus-4-i_6,119.92687749051088
2020-05-05T18:00:00.0,bus-3-bus-4-i_6,119.00933995560226
2020-05-05T19:00:00.0,bus-3-bus-4-i_6,117.58742419298626
2020-05-05T20:00:00.0,bus-3-bus-4-i_6,113.44489154455282
2020-05-05T21:00:00.0,bus-3-bus-4-i_6,110.60868137196711
2020-05-05T22:00:00.0,bus-3-bus-4-i_6,102.1860502330492
2020-05-05T23:00:00.0,bus-3-bus-4-i_6,95.99359012475774
2020-05-06T00:00:00.0,bus-3-bus-4-i_6,91.75470482580846
2020-05-06T01:00:00.0,bus-3-bus-4-i_6,89.25459966647433
2020-05-06T02:00:00.0,bus-3-bus-4-i_6,87.33405622947772
2020-05-06T03:00:00.0,bus-3-bus-4-i_6,87.05971316468221
2020-05-06T04:00:00.0,bus-3-bus-4-i_6,88.37050865375893
2020-05-06T05:00:00.0,bus-3-bus-4-i_6,89.37654420492905
2020-05-06T06:00:00.0,bus-3-bus-4-i_6,93.73677610724714
2020-05-06T07:00:00.0,bus-3-bus-4-i_6,99.31834730238023
2020-05-06T08:00:00.0,bus-3-bus-4-i_6,104.96266636753049
2020-05-06T09:00:00.0,bus-3-bus-4-i_6,109.54039444643962
2020-05-06T10:00:00.0,bus-3-bus-4-i_6,113.75277390492356
2020-05-06T11:00:00.0,bus-3-bus-4-i_6,116.89566894060985
2020-05-06T12:00:00.0,bus-3-bus-4-i_6,112.89085630292435
2020-05-06T13:00:00.0,bus-3-bus-4-i_6,114.43253442228978
2020-05-06T14:00:00.0,bus-3-bus-4-i_6,115.54086647628041
2020-05-06T15:00:00.0,bus-3-bus-4-i_6,115.15531770323517
2020-05-06T16:00:00.0,bus-3-bus-4-i_6,114.60715997748063
2020-05-06T17:00:00.0,bus-3-bus-4-i_6,113.60842519635332
2020-05-06T18:00:00.0,bus-3-bus-4-i_6,113.55812249765947
2020-05-06T19:00:00.0,bus-3-bus-4-i_6,113.99547263592773
2020-05-06T20:00:00.0,bus-3-bus-4-i_6,116.10348765673577
2020-05-06T21:00:00.0,bus-3-bus-4-i_6,108.35009254488817
2020-05-06T22:00:00.0,bus-3-bus-4-i_6,100.23352660739901
2020-05-06T23:00:00.0,bus-3-bus-4-i_6,94.04173933359436
2020-05-07T00:00:00.0,bus-3-bus-4-i_6,90.3216674593034
2020-05-07T01:00:00.0,bus-3-bus-4-i_6,87.85227363437629
2020-05-07T02:00:00.0,bus-3-bus-4-i_6,86.29767049944203
2020-05-07T03:00:00.0,bus-3-bus-4-i_6,86.3891176617309
2020-05-07T04:00:00.0,bus-3-bus-4-i_6,87.85227363437629
2020-05-07T05:00:00.0,bus-3-bus-4-i_6,88.70584846457892
2020-05-07T06:00:00.0,bus-3-bus-4-i_6,92.18159190073843
2020-05-07T07:00:00.0,bus-3-bus-4-i_6,95.17011541942962
2020-05-07T08:00:00.0,bus-3-bus-4-i_6,99.80642228044083
2020-05-07T09:00:00.0,bus-3-bus-4-i_6,101.85046182840796
2020-05-07T10:00:00.0,bus-3-bus-4-i_6,104.6575240384009
2020-05-07T11:00:00.0,bus-3-bus-4-i_6,106.51896636254112
2020-05-07T12:00:00.0,bus-3-bus-4-i_6,109.93717781370562
2020-05-07T13:00:00.0,bus-3-bus-4-i_6,112.77587345653495
2020-05-07T14:00:00.0,bus-3-bus-4-i_6,114.7907228881536
2020-05-07T15:00:00.0,bus-3-bus-4-i_6,115.92026296813845
2020-05-07T16:00:00.0,bus-3-bus-4-i_6,114.7907228881536
2020-05-07T17:00:00.0,bus-3-bus-4-i_6,111.37176199257146
2020-05-07T18:00:00.0,bus-3-bus-4-i_6,111.12753398678412
2020-05-07T19:00:00.0,bus-3-bus-4-i_6,113.26433716616229
2020-05-07T20:00:00.0,bus-3-bus-4-i_6,108.50269222418305
2020-05-07T21:00:00.0,bus-3-bus-4-i_6,101.45384230673625
2020-05-07T22:00:00.0,bus-3-bus-4-i_6,94.34669262349774
2020-05-07T23:00:00.0,bus-3-bus-4-i_6,89.25459966647433
2020-05-08T00:00:00.0,bus-3-bus-4-i_6,85.99286953031822
2020-05-08T01:00:00.0,bus-3-bus-4-i_6,83.79846277616447
2020-05-08T02:00:00.0,bus-3-bus-4-i_6,82.51854549098181
2020-05-08T03:00:00.0,bus-3-bus-4-i_6,83.0061195320442
2020-05-08T04:00:00.0,bus-3-bus-4-i_6,84.43846409188005
2020-05-08T05:00:00.0,bus-3-bus-4-i_6,85.35280047288414
2020-05-08T06:00:00.0,bus-3-bus-4-i_6,88.82778927231523
2020-05-08T07:00:00.0,bus-3-bus-4-i_6,93.73677610724714
2020-05-08T08:00:00.0,bus-3-bus-4-i_6,97.6711271870345
2020-05-08T09:00:00.0,bus-3-bus-4-i_6,100.26403490600009
2020-05-08T10:00:00.0,bus-3-bus-4-i_6,101.5758781727945
2020-05-08T11:00:00.0,bus-3-bus-4-i_6,101.81995232945718
2020-05-08T12:00:00.0,bus-3-bus-4-i_6,101.45384230673625
2020-05-08T13:00:00.0,bus-3-bus-4-i_6,101.758914864453
2020-05-08T14:00:00.0,bus-3-bus-4-i_6,103.68112216068836
2020-05-08T15:00:00.0,bus-3-bus-4-i_6,105.48141934349482
2020-05-08T16:00:00.0,bus-3-bus-4-i_6,106.00021127804693
2020-05-08T17:00:00.0,bus-3-bus-4-i_6,104.87114600296464
2020-05-08T18:00:00.0,bus-3-bus-4-i_6,105.17629258456596
2020-05-08T19:00:00.0,bus-3-bus-4-i_6,107.06830574966774
2020-05-08T20:00:00.0,bus-3-bus-4-i_6,103.40651179187277
2020-05-08T21:00:00.0,bus-3-bus-4-i_6,98.12866852411591
2020-05-08T22:00:00.0,bus-3-bus-4-i_6,92.33405448038158
2020-05-08T23:00:00.0,bus-3-bus-4-i_6,87.57792312185708
2020-05-09T00:00:00.0,bus-3-bus-4-i_6,84.2860833191482
2020-05-09T01:00:00.0,bus-3-bus-4-i_6,82.36618735221568
2020-05-09T02:00:00.0,bus-3-bus-4-i_6,80.87311433061942
2020-05-09T03:00:00.0,bus-3-bus-4-i_6,80.7207688797101
2020-05-09T04:00:00.0,bus-3-bus-4-i_6,80.29420253395021
2020-05-09T05:00:00.0,bus-3-bus-4-i_6,79.19739743742988
2020-05-09T06:00:00.0,bus-3-bus-4-i_6,81.84815851135198
2020-05-09T07:00:00.0,bus-3-bus-4-i_6,86.26719369633318
2020-05-09T08:00:00.0,bus-3-bus-4-i_6,90.90096495546663
2020-05-09T09:00:00.0,bus-3-bus-4-i_6,94.83464209659333
2020-05-09T10:00:00.0,bus-3-bus-4-i_6,97.61013495641824
2020-05-09T11:00:00.0,bus-3-bus-4-i_6,100.50809204026623
2020-05-09T12:00:00.0,bus-3-bus-4-i_6,103.37599975943239
2020-05-09T13:00:00.0,bus-3-bus-4-i_6,107.00726977045032
2020-05-09T14:00:00.0,bus-3-bus-4-i_6,109.75404574606395
2020-05-09T15:00:00.0,bus-3-bus-4-i_6,111.64647970312336
2020-05-09T16:00:00.0,bus-3-bus-4-i_6,112.19588813237029
2020-05-09T17:00:00.0,bus-3-bus-4-i_6,110.51710466740339
2020-05-09T18:00:00.0,bus-3-bus-4-i_6,109.38778852151118
2020-05-09T19:00:00.0,bus-3-bus-4-i_6,111.12753398678412
2020-05-09T20:00:00.0,bus-3-bus-4-i_6,106.94623440879339
2020-05-09T21:00:00.0,bus-3-bus-4-i_6,101.88095247845743
2020-05-09T22:00:00.0,bus-3-bus-4-i_6,95.62760011791063
2020-05-09T23:00:00.0,bus-3-bus-4-i_6,90.50460130524009
2020-05-10T00:00:00.0,bus-3-bus-4-i_6,86.5110413543496
2020-05-10T01:00:00.0,bus-3-bus-4-i_6,84.2556036933065
2020-05-10T02:00:00.0,bus-3-bus-4-i_6,82.60996943624114
2020-05-10T03:00:00.0,bus-3-bus-4-i_6,82.06146001292834
2020-05-10T04:00:00.0,bus-3-bus-4-i_6,81.20828014192644
2020-05-10T05:00:00.0,bus-3-bus-4-i_6,79.19739743742988
2020-05-10T06:00:00.0,bus-3-bus-4-i_6,82.24429786818033
2020-05-10T07:00:00.0,bus-3-bus-4-i_6,87.27309104662615
2020-05-10T08:00:00.0,bus-3-bus-4-i_6,93.00491277878524
2020-05-10T09:00:00.0,bus-3-bus-4-i_6,98.67774792015625
2020-05-10T10:00:00.0,bus-3-bus-4-i_6,103.68112216068836
2020-05-10T11:00:00.0,bus-3-bus-4-i_6,108.28905321390425
2020-05-10T12:00:00.0,bus-3-bus-4-i_6,108.13645568345831
2020-05-10T13:00:00.0,bus-3-bus-4-i_6,114.39385293325456
2020-05-10T14:00:00.0,bus-3-bus-4-i_6,112.89985179588955
2020-05-10T15:00:00.0,bus-3-bus-4-i_6,113.84546811785204
2020-05-10T16:00:00.0,bus-3-bus-4-i_6,113.97047736772275
2020-05-10T17:00:00.0,bus-3-bus-4-i_6,113.23095909739548
2020-05-10T18:00:00.0,bus-3-bus-4-i_6,112.8152076184682
2020-05-10T19:00:00.0,bus-3-bus-4-i_6,113.20577951910084
2020-05-10T20:00:00.0,bus-3-bus-4-i_6,114.66860835326997
2020-05-10T21:00:00.0,bus-3-bus-4-i_6,108.83838263064574
2020-05-10T22:00:00.0,bus-3-bus-4-i_6,101.5453507823322
2020-05-10T23:00:00.0,bus-3-bus-4-i_6,95.04812427430535
2020-05-11T00:00:00.0,bus-3-bus-4-i_6,90.87047503925092
2020-05-11T01:00:00.0,bus-3-bus-4-i_6,88.24856931665886
2020-05-11T02:00:00.0,bus-3-bus-4-i_6,86.26719369633318
2020-05-11T03:00:00.0,bus-3-bus-4-i_6,86.23671301123419
2020-05-11T04:00:00.0,bus-3-bus-4-i_6,87.30357435408536
2020-05-11T05:00:00.0,bus-3-bus-4-i_6,88.5534192187494
2020-05-11T06:00:00.0,bus-3-bus-4-i_6,93.82827503467186
2020-05-11T07:00:00.0,bus-3-bus-4-i_6,100.20300544264451
2020-05-11T08:00:00.0,bus-3-bus-4-i_6,105.51193488851516
2020-05-11T09:00:00.0,bus-3-bus-4-i_6,110.97495254240066
2020-05-11T10:00:00.0,bus-3-bus-4-i_6,116.71405909959884
2020-05-11T11:00:00.0,bus-3-bus-4-i_6,113.92048027186085
2020-05-11T12:00:00.0,bus-3-bus-4-i_6,115.50357680656869
2020-05-11T13:00:00.0,bus-3-bus-4-i_6,121.62461432700209
2020-05-11T14:00:00.0,bus-3-bus-4-i_6,130.02770729331655
2020-05-11T15:00:00.0,bus-3-bus-4-i_6,134.02619584957577
2020-05-11T16:00:00.0,bus-3-bus-4-i_6,132.55524250358135
2020-05-11T17:00:00.0,bus-3-bus-4-i_6,125.93967124479309
2020-05-11T18:00:00.0,bus-3-bus-4-i_6,123.4145748620824
2020-05-11T19:00:00.0,bus-3-bus-4-i_6,124.10310394713619
2020-05-11T20:00:00.0,bus-3-bus-4-i_6,115.87625161984849
2020-05-11T21:00:00.0,bus-3-bus-4-i_6,117.04791682172915
2020-05-11T22:00:00.0,bus-3-bus-4-i_6,106.58002717164297
2020-05-11T23:00:00.0,bus-3-bus-4-i_6,98.73875683526772
2020-05-12T00:00:00.0,bus-3-bus-4-i_6,93.9197488237954
2020-05-12T01:00:00.0,bus-3-bus-4-i_6,90.53509046158803
2020-05-12T02:00:00.0,bus-3-bus-4-i_6,88.5534192187494
2020-05-12T03:00:00.0,bus-3-bus-4-i_6,88.46196349733482
2020-05-12T04:00:00.0,bus-3-bus-4-i_6,89.10216427621648
2020-05-12T05:00:00.0,bus-3-bus-4-i_6,90.3216674593034
2020-05-12T06:00:00.0,bus-3-bus-4-i_6,95.8715816858947
2020-05-12T07:00:00.0,bus-3-bus-4-i_6,101.6063686801391
2020-05-12T08:00:00.0,bus-3-bus-4-i_6,107.77022691622547
2020-05-12T09:00:00.0,bus-3-bus-4-i_6,112.6843519431532
2020-05-12T10:00:00.0,bus-3-bus-4-i_6,116.50037305854899
2020-05-12T11:00:00.0,bus-3-bus-4-i_6,112.95386595332204
2020-05-12T12:00:00.0,bus-3-bus-4-i_6,114.00796944663088
2020-05-12T13:00:00.0,bus-3-bus-4-i_6,115.73966141405808
2020-05-12T14:00:00.0,bus-3-bus-4-i_6,121.16568863879888
2020-05-12T15:00:00.0,bus-3-bus-4-i_6,124.92952118267165
2020-05-12T16:00:00.0,bus-3-bus-4-i_6,124.60812247558786
2020-05-12T17:00:00.0,bus-3-bus-4-i_6,118.413033213692
2020-05-12T18:00:00.0,bus-3-bus-4-i_6,115.86383706619037
2020-05-12T19:00:00.0,bus-3-bus-4-i_6,115.66512976320729
2020-05-12T20:00:00.0,bus-3-bus-4-i_6,112.97906631341202
2020-05-12T21:00:00.0,bus-3-bus-4-i_6,110.48658181967971
2020-05-12T22:00:00.0,bus-3-bus-4-i_6,101.11824739544524
2020-05-12T23:00:00.0,bus-3-bus-4-i_6,94.59067392395912
2020-05-13T00:00:00.0,bus-3-bus-4-i_6,90.26069021062632
2020-05-13T01:00:00.0,bus-3-bus-4-i_6,87.33405622947772
2020-05-13T02:00:00.0,bus-3-bus-4-i_6,85.47471654457877
2020-05-13T03:00:00.0,bus-3-bus-4-i_6,85.26136425839972
2020-05-13T04:00:00.0,bus-3-bus-4-i_6,86.20622847131986
2020-05-13T05:00:00.0,bus-3-bus-4-i_6,87.76082219545873
2020-05-13T06:00:00.0,bus-3-bus-4-i_6,94.22471553019354
2020-05-13T07:00:00.0,bus-3-bus-4-i_6,97.33561644773778
2020-05-13T08:00:00.0,bus-3-bus-4-i_6,103.2539315227244
2020-05-13T09:00:00.0,bus-3-bus-4-i_6,107.43452196634126
2020-05-13T10:00:00.0,bus-3-bus-4-i_6,110.54762755911378
2020-05-13T11:00:00.0,bus-3-bus-4-i_6,113.75277390492356
2020-05-13T12:00:00.0,bus-3-bus-4-i_6,116.25609649178921
2020-05-13T13:00:00.0,bus-3-bus-4-i_6,113.62099961574603
2020-05-13T14:00:00.0,bus-3-bus-4-i_6,115.75208144359368
2020-05-13T15:00:00.0,bus-3-bus-4-i_6,118.77996587755165
2020-05-13T16:00:00.0,bus-3-bus-4-i_6,119.1469471188336
2020-05-13T17:00:00.0,bus-3-bus-4-i_6,115.4414163987146
2020-05-13T18:00:00.0,bus-3-bus-4-i_6,114.46996558526104
2020-05-13T19:00:00.0,bus-3-bus-4-i_6,114.54481307070006
2020-05-13T20:00:00.0,bus-3-bus-4-i_6,117.0006548917956
2020-05-13T21:00:00.0,bus-3-bus-4-i_6,108.16694565688331
2020-05-13T22:00:00.0,bus-3-bus-4-i_6,99.62338684497692
2020-05-13T23:00:00.0,bus-3-bus-4-i_6,93.09638809326243
2020-05-14T00:00:00.0,bus-3-bus-4-i_6,88.79730341724982
2020-05-14T01:00:00.0,bus-3-bus-4-i_6,86.02335096174313
2020-05-14T02:00:00.0,bus-3-bus-4-i_6,84.83467198070463
2020-05-14T03:00:00.0,bus-3-bus-4-i_6,84.52984689783784
2020-05-14T04:00:00.0,bus-3-bus-4-i_6,85.84047104964894
2020-05-14T05:00:00.0,bus-3-bus-4-i_6,87.02923088473075
2020-05-14T06:00:00.0,bus-3-bus-4-i_6,91.60224791740647
2020-05-14T07:00:00.0,bus-3-bus-4-i_6,96.8780838291463
2020-05-14T08:00:00.0,bus-3-bus-4-i_6,103.04037064875912
2020-05-14T09:00:00.0,bus-3-bus-4-i_6,107.06830574966774
2020-05-14T10:00:00.0,bus-3-bus-4-i_6,110.54762755911378
2020-05-14T11:00:00.0,bus-3-bus-4-i_6,116.89566894060985
2020-05-14T12:00:00.0,bus-3-bus-4-i_6,113.93298034835284
2020-05-14T13:00:00.0,bus-3-bus-4-i_6,116.11205177802704
2020-05-14T14:00:00.0,bus-3-bus-4-i_6,123.50638028818841
2020-05-14T15:00:00.0,bus-3-bus-4-i_6,127.91448529155215
2020-05-14T16:00:00.0,bus-3-bus-4-i_6,125.15908770629511
2020-05-14T17:00:00.0,bus-3-bus-4-i_6,122.2670727306726
2020-05-14T18:00:00.0,bus-3-bus-4-i_6,118.68823651338765
2020-05-14T19:00:00.0,bus-3-bus-4-i_6,117.35809835550752
2020-05-14T20:00:00.0,bus-3-bus-4-i_6,113.44489154455282
2020-05-14T21:00:00.0,bus-3-bus-4-i_6,111.12753398678412
2020-05-14T22:00:00.0,bus-3-bus-4-i_6,101.91146196979884
2020-05-14T23:00:00.0,bus-3-bus-4-i_6,95.32261489780187
2020-05-15T00:00:00.0,bus-3-bus-4-i_6,90.77900575926013
2020-05-15T01:00:00.0,bus-3-bus-4-i_6,87.73033941916977
2020-05-15T02:00:00.0,bus-3-bus-4-i_6,86.05383121277563
2020-05-15T03:00:00.0,bus-3-bus-4-i_6,85.68807289533402
2020-05-15T04:00:00.0,bus-3-bus-4-i_6,86.60248570591736
2020-05-15T05:00:00.0,bus-3-bus-4-i_6,88.24856931665886
2020-05-15T06:00:00.0,bus-3-bus-4-i_6,93.34034253374575
2020-05-15T07:00:00.0,bus-3-bus-4-i_6,99.4708737755312
2020-05-15T08:00:00.0,bus-3-bus-4-i_6,106.36640910286187
2020-05-15T09:00:00.0,bus-3-bus-4-i_6,112.56223282489285
2020-05-15T10:00:00.0,bus-3-bus-4-i_6,112.87825287295131
2020-05-15T11:00:00.0,bus-3-bus-4-i_6,117.40398837965034
2020-05-15T12:00:00.0,bus-3-bus-4-i_6,125.52641012064664
2020-05-15T13:00:00.0,bus-3-bus-4-i_6,138.21111677592387
2020-05-15T14:00:00.0,bus-3-bus-4-i_6,148.70761636313864
2020-05-15T15:00:00.0,bus-3-bus-4-i_6,153.8697451241619
2020-05-15T16:00:00.0,bus-3-bus-4-i_6,150.13602604898276
2020-05-15T17:00:00.0,bus-3-bus-4-i_6,140.78770386408485
2020-05-15T18:00:00.0,bus-3-bus-4-i_6,134.02619584957577
2020-05-15T19:00:00.0,bus-3-bus-4-i_6,131.91178130083912
2020-05-15T20:00:00.0,bus-3-bus-4-i_6,121.39512913093881
2020-05-15T21:00:00.0,bus-3-bus-4-i_6,114.46996558526104
2020-05-15T22:00:00.0,bus-3-bus-4-i_6,114.8212516180422
2020-05-15T23:00:00.0,bus-3-bus-4-i_6,108.0143783857793
2020-05-16T00:00:00.0,bus-3-bus-4-i_6,102.70472780748545
2020-05-16T01:00:00.0,bus-3-bus-4-i_6,98.8302698688148
2020-05-16T02:00:00.0,bus-3-bus-4-i_6,95.53610407580157
2020-05-16T03:00:00.0,bus-3-bus-4-i_6,93.27935357150552
2020-05-16T04:00:00.0,bus-3-bus-4-i_6,91.5412655892649
2020-05-16T05:00:00.0,bus-3-bus-4-i_6,90.2302013440878
2020-05-16T06:00:00.0,bus-3-bus-4-i_6,94.9261340918398
2020-05-16T07:00:00.0,bus-3-bus-4-i_6,102.97932746653542
2020-05-16T08:00:00.0,bus-3-bus-4-i_6,113.32538983235744
2020-05-16T09:00:00.0,bus-3-bus-4-i_6,114.08293878368355
2020-05-16T10:00:00.0,bus-3-bus-4-i_6,120.66094649720691
2020-05-16T11:00:00.0,bus-3-bus-4-i_6,130.25744456318805
2020-05-16T12:00:00.0,bus-3-bus-4-i_6,138.30309306791398
2020-05-16T13:00:00.0,bus-3-bus-4-i_6,146.91101228545548
2020-05-16T14:00:00.0,bus-3-bus-4-i_6,153.224263685931
2020-05-16T15:00:00.0,bus-3-bus-4-i_6,155.85268101044898
2020-05-16T16:00:00.0,bus-3-bus-4-i_6,153.5931027353067
2020-05-16T17:00:00.0,bus-3-bus-4-i_6,145.29908014901795
2020-05-16T18:00:00.0,bus-3-bus-4-i_6,136.78521059062538
2020-05-16T19:00:00.0,bus-3-bus-4-i_6,134.02619584957577
2020-05-16T20:00:00.0,bus-3-bus-4-i_6,123.00144440241827
2020-05-16T21:00:00.0,bus-3-bus-4-i_6,114.37013817751989
2020-05-16T22:00:00.0,bus-3-bus-4-i_6,113.81382366065837
2020-05-16T23:00:00.0,bus-3-bus-4-i_6,106.06124379178623
2020-05-17T00:00:00.0,bus-3-bus-4-i_6,100.20300544264451
2020-05-17T01:00:00.0,bus-3-bus-4-i_6,95.96307957134131
2020-05-17T02:00:00.0,bus-3-bus-4-i_6,92.66948355600539
2020-05-17T03:00:00.0,bus-3-bus-4-i_6,90.44362675186714
2020-05-17T04:00:00.0,bus-3-bus-4-i_6,88.0351808745111
2020-05-17T05:00:00.0,bus-3-bus-4-i_6,86.48056063435922
2020-05-17T06:00:00.0,bus-3-bus-4-i_6,91.57175676444335
2020-05-17T07:00:00.0,bus-3-bus-4-i_6,100.05048856705355
2020-05-17T08:00:00.0,bus-3-bus-4-i_6,109.1436201212034
2020-05-17T09:00:00.0,bus-3-bus-4-i_6,115.36747833971586
2020-05-17T10:00:00.0,bus-3-bus-4-i_6,115.87625161984849
2020-05-17T11:00:00.0,bus-3-bus-4-i_6,126.16925226475755
2020-05-17T12:00:00.0,bus-3-bus-4-i_6,135.1296936157528
2020-05-17T13:00:00.0,bus-3-bus-4-i_6,145.94380711306135
2020-05-17T14:00:00.0,bus-3-bus-4-i_6,154.19244107823832
2020-05-17T15:00:00.0,bus-3-bus-4-i_6,159.12810630328212
2020-05-17T16:00:00.0,bus-3-bus-4-i_6,158.43598240764632
2020-05-17T17:00:00.0,bus-3-bus-4-i_6,149.39874479201973
2020-05-17T18:00:00.0,bus-3-bus-4-i_6,141.75417543865677
2020-05-17T19:00:00.0,bus-3-bus-4-i_6,139.31524902547793
2020-05-17T20:00:00.0,bus-3-bus-4-i_6,125.61824379721538
2020-05-17T21:00:00.0,bus-3-bus-4-i_6,114.4200562706722
2020-05-17T22:00:00.0,bus-3-bus-4-i_6,112.89797766272684
2020-05-17T23:00:00.0,bus-3-bus-4-i_6,105.57299001369995
2020-05-18T00:00:00.0,bus-3-bus-4-i_6,99.928446985901
2020-05-18T01:00:00.0,bus-3-bus-4-i_6,95.81059362264287
2020-05-18T02:00:00.0,bus-3-bus-4-i_6,93.03540706899058
2020-05-18T03:00:00.0,bus-3-bus-4-i_6,92.1511045834254
2020-05-18T04:00:00.0,bus-3-bus-4-i_6,92.45602529867702
2020-05-18T05:00:00.0,bus-3-bus-4-i_6,95.26161858722591
2020-05-18T06:00:00.0,bus-3-bus-4-i_6,103.37599975943239
2020-05-18T07:00:00.0,bus-3-bus-4-i_6,108.50269222418305
2020-05-18T08:00:00.0,bus-3-bus-4-i_6,114.85173309502952
2020-05-18T09:00:00.0,bus-3-bus-4-i_6,114.37013817751989
2020-05-18T10:00:00.0,bus-3-bus-4-i_6,122.49654998297277
2020-05-18T11:00:00.0,bus-3-bus-4-i_6,136.23330107284067
2020-05-18T12:00:00.0,bus-3-bus-4-i_6,148.43118482399296
2020-05-18T13:00:00.0,bus-3-bus-4-i_6,158.0668788291141
2020-05-18T14:00:00.0,bus-3-bus-4-i_6,159.82030123578102
2020-05-18T15:00:00.0,bus-3-bus-4-i_6,155.85268101044898
2020-05-18T16:00:00.0,bus-3-bus-4-i_6,149.44482252666276
2020-05-18T17:00:00.0,bus-3-bus-4-i_6,141.89225402814608
2020-05-18T18:00:00.0,bus-3-bus-4-i_6,143.54941559656942
2020-05-18T19:00:00.0,bus-3-bus-4-i_6,143.18112251896784
2020-05-18T20:00:00.0,bus-3-bus-4-i_6,131.13051692784674
2020-05-18T21:00:00.0,bus-3-bus-4-i_6,116.38273004877502
2020-05-18T22:00:00.0,bus-3-bus-4-i_6,117.18423571946536
2020-05-18T23:00:00.0,bus-3-bus-4-i_6,109.75404574606395
2020-05-19T00:00:00.0,bus-3-bus-4-i_6,103.68112216068836
2020-05-19T01:00:00.0,bus-3-bus-4-i_6,99.44036877299331
2020-05-19T02:00:00.0,bus-3-bus-4-i_6,96.29857532354379
2020-05-19T03:00:00.0,bus-3-bus-4-i_6,94.95664044297025
2020-05-19T04:00:00.0,bus-3-bus-4-i_6,95.38361177683426
2020-05-19T05:00:00.0,bus-3-bus-4-i_6,96.81708200988538
2020-05-19T06:00:00.0,bus-3-bus-4-i_6,101.02670550702406
2020-05-19T07:00:00.0,bus-3-bus-4-i_6,106.24434262665739
2020-05-19T08:00:00.0,bus-3-bus-4-i_6,112.3180287435158
2020-05-19T09:00:00.0,bus-3-bus-4-i_6,116.81811422427717
2020-05-19T10:00:00.0,bus-3-bus-4-i_6,113.98297527629285
2020-05-19T11:00:00.0,bus-3-bus-4-i_6,116.85363535342582
2020-05-19T12:00:00.0,bus-3-bus-4-i_6,125.75599661718158
2020-05-19T13:00:00.0,bus-3-bus-4-i_6,136.8311764444665
2020-05-19T14:00:00.0,bus-3-bus-4-i_6,145.4372307734909
2020-05-19T15:00:00.0,bus-3-bus-4-i_6,151.28818875802733
2020-05-19T16:00:00.0,bus-3-bus-4-i_6,146.08197085701462
2020-05-19T17:00:00.0,bus-3-bus-4-i_6,137.245120923095
2020-05-19T18:00:00.0,bus-3-bus-4-i_6,134.76185543789512
2020-05-19T19:00:00.0,bus-3-bus-4-i_6,134.34806127618447
2020-05-19T20:00:00.0,bus-3-bus-4-i_6,124.19494161461971
2020-05-19T21:00:00.0,bus-3-bus-4-i_6,114.19534084555633
2020-05-19T22:00:00.0,bus-3-bus-4-i_6,112.92854517627732
2020-05-19T23:00:00.0,bus-3-bus-4-i_6,104.01676214400122
2020-05-20T00:00:00.0,bus-3-bus-4-i_6,99.04380212255023
2020-05-20T01:00:00.0,bus-3-bus-4-i_6,95.17011541942962
2020-05-20T02:00:00.0,bus-3-bus-4-i_6,92.82195061003391
2020-05-20T03:00:00.0,bus-3-bus-4-i_6,92.12060740629326
2020-05-20T04:00:00.0,bus-3-bus-4-i_6,92.69997002490969
2020-05-20T05:00:00.0,bus-3-bus-4-i_6,94.89563678024851
2020-05-20T06:00:00.0,bus-3-bus-4-i_6,102.94883642995617
2020-05-20T07:00:00.0,bus-3-bus-4-i_6,111.28019043863304
2020-05-20T08:00:00.0,bus-3-bus-4-i_6,113.4700529019081
2020-05-20T09:00:00.0,bus-3-bus-4-i_6,119.3304450762814
2020-05-20T10:00:00.0,bus-3-bus-4-i_6,132.3713902363177
2020-05-20T11:00:00.0,bus-3-bus-4-i_6,144.8846083691933
2020-05-20T12:00:00.0,bus-3-bus-4-i_6,154.14637517497087
2020-05-20T13:00:00.0,bus-3-bus-4-i_6,168.3225305433732
2020-05-20T14:00:00.0,bus-3-bus-4-i_6,169.62318671340543
2020-05-20T15:00:00.0,bus-3-bus-4-i_6,167.1697772555861
2020-05-20T16:00:00.0,bus-3-bus-4-i_6,167.6863249402321
2020-05-20T17:00:00.0,bus-3-bus-4-i_6,172.18651298775362
2020-05-20T18:00:00.0,bus-3-bus-4-i_6,164.80625411827387
2020-05-20T19:00:00.0,bus-3-bus-4-i_6,159.63570893253345
2020-05-20T20:00:00.0,bus-3-bus-4-i_6,143.41130335407837
2020-05-20T21:00:00.0,bus-3-bus-4-i_6,123.0932266004287
2020-05-20T22:00:00.0,bus-3-bus-4-i_6,112.87825287295131
2020-05-20T23:00:00.0,bus-3-bus-4-i_6,110.27292293664334
2020-05-21T00:00:00.0,bus-3-bus-4-i_6,104.38290012359923
2020-05-21T01:00:00.0,bus-3-bus-4-i_6,99.77593162864108
2020-05-21T02:00:00.0,bus-3-bus-4-i_6,96.60357725645639
2020-05-21T03:00:00.0,bus-3-bus-4-i_6,95.7800843645485
2020-05-21T04:00:00.0,bus-3-bus-4-i_6,95.84108252935802
2020-05-21T05:00:00.0,bus-3-bus-4-i_6,98.70823821788949
2020-05-21T06:00:00.0,bus-3-bus-4-i_6,106.94623440879339
2020-05-21T07:00:00.0,bus-3-bus-4-i_6,116.6835342752067
2020-05-21T08:00:00.0,bus-3-bus-4-i_6,115.35438070366007
2020-05-21T09:00:00.0,bus-3-bus-4-i_6,128.23602042344484
2020-05-21T10:00:00.0,bus-3-bus-4-i_6,140.0514067644984
2020-05-21T11:00:00.0,bus-3-bus-4-i_6,154.2385956156609
2020-05-21T12:00:00.0,bus-3-bus-4-i_6,167.07291323106946
2020-05-21T13:00:00.0,bus-3-bus-4-i_6,169.43346244847473
2020-05-21T14:00:00.0,bus-3-bus-4-i_6,167.44314959723542
2020-05-21T15:00:00.0,bus-3-bus-4-i_6,161.52802039643842
2020-05-21T16:00:00.0,bus-3-bus-4-i_6,159.35882997059983
2020-05-21T17:00:00.0,bus-3-bus-4-i_6,156.49832767843583
2020-05-21T18:00:00.0,bus-3-bus-4-i_6,154.19244107823832
2020-05-21T19:00:00.0,bus-3-bus-4-i_6,153.9619380680896
2020-05-21T20:00:00.0,bus-3-bus-4-i_6,143.45734045643297
2020-05-21T21:00:00.0,bus-3-bus-4-i_6,126.03151045427612
2020-05-21T22:00:00.0,bus-3-bus-4-i_6,114.23280723147242
2020-05-21T23:00:00.0,bus-3-bus-4-i_6,115.21812799052726
2020-05-22T00:00:00.0,bus-3-bus-4-i_6,109.26570400125088
2020-05-22T01:00:00.0,bus-3-bus-4-i_6,104.38290012359923
2020-05-22T02:00:00.0,bus-3-bus-4-i_6,101.30128060285872
2020-05-22T03:00:00.0,bus-3-bus-4-i_6,98.61672596649036
2020-05-22T04:00:00.0,bus-3-bus-4-i_6,97.42712213376575
2020-05-22T05:00:00.0,bus-3-bus-4-i_6,100.41656846143836
2020-05-22T06:00:00.0,bus-3-bus-4-i_6,109.23518296566641
2020-05-22T07:00:00.0,bus-3-bus-4-i_6,114.63610908616198
2020-05-22T08:00:00.0,bus-3-bus-4-i_6,117.9543422649334
2020-05-22T09:00:00.0,bus-3-bus-4-i_6,132.6931349492466
2020-05-22T10:00:00.0,bus-3-bus-4-i_6,143.59545363437383
2020-05-22T11:00:00.0,bus-3-bus-4-i_6,154.97642822686717
2020-05-22T12:00:00.0,bus-3-bus-4-i_6,162.40512635608044
2020-05-22T13:00:00.0,bus-3-bus-4-i_6,170.51321617287988
2020-05-22T14:00:00.0,bus-3-bus-4-i_6,170.9879554115553
2020-05-22T15:00:00.0,bus-3-bus-4-i_6,170.34248296257473
2020-05-22T16:00:00.0,bus-3-bus-4-i_6,171.7071328007731
2020-05-22T17:00:00.0,bus-3-bus-4-i_6,164.85244404534058
2020-05-22T18:00:00.0,bus-3-bus-4-i_6,154.33081731465825
2020-05-22T19:00:00.0,bus-3-bus-4-i_6,151.24209848122203
2020-05-22T20:00:00.0,bus-3-bus-4-i_6,140.00542253117618
2020-05-22T21:00:00.0,bus-3-bus-4-i_6,123.91947860513768
2020-05-22T22:00:00.0,bus-3-bus-4-i_6,113.94547872874053
2020-05-22T23:00:00.0,bus-3-bus-4-i_6,113.63065964165347
2020-05-23T00:00:00.0,bus-3-bus-4-i_6,107.03778745000918
2020-05-23T01:00:00.0,bus-3-bus-4-i_6,102.21656019570753
2020-05-23T02:00:00.0,bus-3-bus-4-i_6,98.89126417865833
2020-05-23T03:00:00.0,bus-3-bus-4-i_6,96.42057556799782
2020-05-23T04:00:00.0,bus-3-bus-4-i_6,94.01123582307864
2020-05-23T05:00:00.0,bus-3-bus-4-i_6,93.79777664986545
2020-05-23T06:00:00.0,bus-3-bus-4-i_6,100.23352660739901
2020-05-23T07:00:00.0,bus-3-bus-4-i_6,109.81509015368238
2020-05-23T08:00:00.0,bus-3-bus-4-i_6,112.92866359314407
2020-05-23T09:00:00.0,bus-3-bus-4-i_6,117.86261080298446
2020-05-23T10:00:00.0,bus-3-bus-4-i_6,129.24665789753917
2020-05-23T11:00:00.0,bus-3-bus-4-i_6,137.7050483564429
2020-05-23T12:00:00.0,bus-3-bus-4-i_6,142.44459631359152
2020-05-23T13:00:00.0,bus-3-bus-4-i_6,149.4909005746291
2020-05-23T14:00:00.0,bus-3-bus-4-i_6,154.46915222269314
2020-05-23T15:00:00.0,bus-3-bus-4-i_6,156.08329264341285
2020-05-23T16:00:00.0,bus-3-bus-4-i_6,152.4405475908448
2020-05-23T17:00:00.0,bus-3-bus-4-i_6,144.47019937527458
2020-05-23T18:00:00.0,bus-3-bus-4-i_6,135.22165625714032
2020-05-23T19:00:00.0,bus-3-bus-4-i_6,135.0377322132266
2020-05-23T20:00:00.0,bus-3-bus-4-i_6,124.69996244071105
2020-05-23T21:00:00.0,bus-3-bus-4-i_6,114.96856502192283
2020-05-23T22:00:00.0,bus-3-bus-4-i_6,116.31719775188026
2020-05-23T23:00:00.0,bus-3-bus-4-i_6,108.35009254488817
2020-05-24T00:00:00.0,bus-3-bus-4-i_6,102.70472780748545
2020-05-24T01:00:00.0,bus-3-bus-4-i_6,98.00666928484507
2020-05-24T02:00:00.0,bus-3-bus-4-i_6,94.40768545899476
2020-05-24T03:00:00.0,bus-3-bus-4-i_6,92.02913102654551
2020-05-24T04:00:00.0,bus-3-bus-4-i_6,89.10216427621648
2020-05-24T05:00:00.0,bus-3-bus-4-i_6,88.34002377575825
2020-05-24T06:00:00.0,bus-3-bus-4-i_6,93.95024425549668
2020-05-24T07:00:00.0,bus-3-bus-4-i_6,102.85728279243689
2020-05-24T08:00:00.0,bus-3-bus-4-i_6,112.71486255358418
2020-05-24T09:00:00.0,bus-3-bus-4-i_6,114.07044526642352
2020-05-24T10:00:00.0,bus-3-bus-4-i_6,119.6974507896287
2020-05-24T11:00:00.0,bus-3-bus-4-i_6,127.31738845389253
2020-05-24T12:00:00.0,bus-3-bus-4-i_6,131.54411631267305
2020-05-24T13:00:00.0,bus-3-bus-4-i_6,133.33666981770455
2020-05-24T14:00:00.0,bus-3-bus-4-i_6,133.01489480839666
2020-05-24T15:00:00.0,bus-3-bus-4-i_6,133.93429208309692
2020-05-24T16:00:00.0,bus-3-bus-4-i_6,128.92507532117205
2020-05-24T17:00:00.0,bus-3-bus-4-i_6,119.55981954209139
2020-05-24T18:00:00.0,bus-3-bus-4-i_6,118.64235295423109
2020-05-24T19:00:00.0,bus-3-bus-4-i_6,123.87357303678483
2020-05-24T20:00:00.0,bus-3-bus-4-i_6,116.67020344232296
2020-05-24T21:00:00.0,bus-3-bus-4-i_6,112.99166574340862
2020-05-24T22:00:00.0,bus-3-bus-4-i_6,110.5781504944182
2020-05-24T23:00:00.0,bus-3-bus-4-i_6,103.19292899656656
2020-05-25T00:00:00.0,bus-3-bus-4-i_6,97.9151476304615
2020-05-25T01:00:00.0,bus-3-bus-4-i_6,94.37719798403728
2020-05-25T02:00:00.0,bus-3-bus-4-i_6,92.88293103446202
2020-05-25T03:00:00.0,bus-3-bus-4-i_6,93.06589412397935
2020-05-25T04:00:00.0,bus-3-bus-4-i_6,93.88926587854367
2020-05-25T05:00:00.0,bus-3-bus-4-i_6,94.52967584792104
2020-05-25T06:00:00.0,bus-3-bus-4-i_6,96.8780838291463
2020-05-25T07:00:00.0,bus-3-bus-4-i_6,98.67774792015625
2020-05-25T08:00:00.0,bus-3-bus-4-i_6,100.69111935584516
2020-05-25T09:00:00.0,bus-3-bus-4-i_6,102.70472780748545
2020-05-25T10:00:00.0,bus-3-bus-4-i_6,104.4439274414985
2020-05-25T11:00:00.0,bus-3-bus-4-i_6,104.96266636753049
2020-05-25T12:00:00.0,bus-3-bus-4-i_6,103.89468933490318
2020-05-25T13:00:00.0,bus-3-bus-4-i_6,104.47444097648666
2020-05-25T14:00:00.0,bus-3-bus-4-i_6,105.2983524370986
2020-05-25T15:00:00.0,bus-3-bus-4-i_6,106.06124379178623
2020-05-25T16:00:00.0,bus-3-bus-4-i_6,105.87812210543386
2020-05-25T17:00:00.0,bus-3-bus-4-i_6,105.11523947026058
2020-05-25T18:00:00.0,bus-3-bus-4-i_6,106.48847626077563
2020-05-25T19:00:00.0,bus-3-bus-4-i_6,110.79181121638872
2020-05-25T20:00:00.0,bus-3-bus-4-i_6,107.8312636246281
2020-05-25T21:00:00.0,bus-3-bus-4-i_6,101.45384230673625
2020-05-25T22:00:00.0,bus-3-bus-4-i_6,94.89563678024851
2020-05-25T23:00:00.0,bus-3-bus-4-i_6,89.65093202934098
2020-05-26T00:00:00.0,bus-3-bus-4-i_6,86.54152298789964
2020-05-26T01:00:00.0,bus-3-bus-4-i_6,84.52984689783784
2020-05-26T02:00:00.0,bus-3-bus-4-i_6,83.52418911657907
2020-05-26T03:00:00.0,bus-3-bus-4-i_6,83.88989322811899
2020-05-26T04:00:00.0,bus-3-bus-4-i_6,84.31656002353773
2020-05-26T05:00:00.0,bus-3-bus-4-i_6,86.3281559091528
2020-05-26T06:00:00.0,bus-3-bus-4-i_6,91.08390537533431
2020-05-26T07:00:00.0,bus-3-bus-4-i_6,95.62760011791063
2020-05-26T08:00:00.0,bus-3-bus-4-i_6,100.84367522657203
2020-05-26T09:00:00.0,bus-3-bus-4-i_6,104.56598229814402
2020-05-26T10:00:00.0,bus-3-bus-4-i_6,107.61763243732192
2020-05-26T11:00:00.0,bus-3-bus-4-i_6,109.9677000114724
2020-05-26T12:00:00.0,bus-3-bus-4-i_6,112.44013095992891
2020-05-26T13:00:00.0,bus-3-bus-4-i_6,117.17967809680003
2020-05-26T14:00:00.0,bus-3-bus-4-i_6,113.92048027186085
2020-05-26T15:00:00.0,bus-3-bus-4-i_6,115.76451320320464
2020-05-26T16:00:00.0,bus-3-bus-4-i_6,116.35787686500365
2020-05-26T17:00:00.0,bus-3-bus-4-i_6,115.56572351665622
2020-05-26T18:00:00.0,bus-3-bus-4-i_6,114.74429895401701
2020-05-26T19:00:00.0,bus-3-bus-4-i_6,115.47871428722891
2020-05-26T20:00:00.0,bus-3-bus-4-i_6,113.0168425004497
2020-05-26T21:00:00.0,bus-3-bus-4-i_6,110.73076513842449
2020-05-26T22:00:00.0,bus-3-bus-4-i_6,101.6063686801391
2020-05-26T23:00:00.0,bus-3-bus-4-i_6,94.56016876430155
2020-05-27T00:00:00.0,bus-3-bus-4-i_6,90.26069021062632
2020-05-27T01:00:00.0,bus-3-bus-4-i_6,87.63888779819877
2020-05-27T02:00:00.0,bus-3-bus-4-i_6,85.99286953031822
2020-05-27T03:00:00.0,bus-3-bus-4-i_6,86.08431153521047
2020-05-27T04:00:00.0,bus-3-bus-4-i_6,86.48056063435922
2020-05-27T05:00:00.0,bus-3-bus-4-i_6,88.70584846457892
2020-05-27T06:00:00.0,bus-3-bus-4-i_6,94.16371543195628
2020-05-27T07:00:00.0,bus-3-bus-4-i_6,100.29452573204188
2020-05-27T08:00:00.0,bus-3-bus-4-i_6,107.34296622124737
2020-05-27T09:00:00.0,bus-3-bus-4-i_6,114.36332427991549
2020-05-27T10:00:00.0,bus-3-bus-4-i_6,113.16798463042083
2020-05-27T11:00:00.0,bus-3-bus-4-i_6,115.39170497481234
2020-05-27T12:00:00.0,bus-3-bus-4-i_6,120.75275116616046
2020-05-27T13:00:00.0,bus-3-bus-4-i_6,131.91178130083912
2020-05-27T14:00:00.0,bus-3-bus-4-i_6,143.8716884102368
2020-05-27T15:00:00.0,bus-3-bus-4-i_6,152.62494323334067
2020-05-27T16:00:00.0,bus-3-bus-4-i_6,156.17553954329426
2020-05-27T17:00:00.0,bus-3-bus-4-i_6,151.5186448492595
2020-05-27T18:00:00.0,bus-3-bus-4-i_6,142.35253613396034
2020-05-27T19:00:00.0,bus-3-bus-4-i_6,140.18948064069662
2020-05-27T20:00:00.0,bus-3-bus-4-i_6,125.34274645526445
2020-05-27T21:00:00.0,bus-3-bus-4-i_6,113.97047736772275
2020-05-27T22:00:00.0,bus-3-bus-4-i_6,111.55486937211488
2020-05-27T23:00:00.0,bus-3-bus-4-i_6,102.73523878496454
2020-05-28T00:00:00.0,bus-3-bus-4-i_6,97.21359762401629
2020-05-28T01:00:00.0,bus-3-bus-4-i_6,93.37083708172663
2020-05-28T02:00:00.0,bus-3-bus-4-i_6,90.99243488567501
2020-05-28T03:00:00.0,bus-3-bus-4-i_6,90.07775912268326
2020-05-28T04:00:00.0,bus-3-bus-4-i_6,89.74239147577369
2020-05-28T05:00:00.0,bus-3-bus-4-i_6,92.69997002490969
2020-05-28T06:00:00.0,bus-3-bus-4-i_6,99.37935794652581
2020-05-28T07:00:00.0,bus-3-bus-4-i_6,106.94623440879339
2020-05-28T08:00:00.0,bus-3-bus-4-i_6,115.70660080496538
2020-05-28T09:00:00.0,bus-3-bus-4-i_6,115.04329186294402
2020-05-28T10:00:00.0,bus-3-bus-4-i_6,123.87357303678483
2020-05-28T11:00:00.0,bus-3-bus-4-i_6,135.86542934018982
2020-05-28T12:00:00.0,bus-3-bus-4-i_6,144.65441449245245
2020-05-28T13:00:00.0,bus-3-bus-4-i_6,157.0519479746523
2020-05-28T14:00:00.0,bus-3-bus-4-i_6,168.50767569106188
2020-05-28T15:00:00.0,bus-3-bus-4-i_6,171.52273593447788
2020-05-28T16:00:00.0,bus-3-bus-4-i_6,171.79932863960636
2020-05-28T17:00:00.0,bus-3-bus-4-i_6,166.14740151262725
2020-05-28T18:00:00.0,bus-3-bus-4-i_6,153.9619380680896
2020-05-28T19:00:00.0,bus-3-bus-4-i_6,149.260513467911
2020-05-28T20:00:00.0,bus-3-bus-4-i_6,134.8997924320986
2020-05-28T21:00:00.0,bus-3-bus-4-i_6,116.13683092397704
2020-05-28T22:00:00.0,bus-3-bus-4-i_6,116.01189896263176
2020-05-28T23:00:00.0,bus-3-bus-4-i_6,107.2819314822393
2020-05-29T00:00:00.0,bus-3-bus-4-i_6,101.05721384868667
2020-05-29T01:00:00.0,bus-3-bus-4-i_6,97.39660794133854
2020-05-29T02:00:00.0,bus-3-bus-4-i_6,94.59067392395912
2020-05-29T03:00:00.0,bus-3-bus-4-i_6,93.431826520408
2020-05-29T04:00:00.0,bus-3-bus-4-i_6,91.96815298359921
2020-05-29T05:00:00.0,bus-3-bus-4-i_6,93.61480310983721
2020-05-29T06:00:00.0,bus-3-bus-4-i_6,99.95896882628936
2020-05-29T07:00:00.0,bus-3-bus-4-i_6,108.04486852025312
2020-05-29T08:00:00.0,bus-3-bus-4-i_6,117.08448075649203
2020-05-29T09:00:00.0,bus-3-bus-4-i_6,115.82660246067633
2020-05-29T10:00:00.0,bus-3-bus-4-i_6,127.4551754143993
2020-05-29T11:00:00.0,bus-3-bus-4-i_6,136.64717009182252
2020-05-29T12:00:00.0,bus-3-bus-4-i_6,142.35253613396034
2020-05-29T13:00:00.0,bus-3-bus-4-i_6,149.9977796822448
2020-05-29T14:00:00.0,bus-3-bus-4-i_6,154.42299469231537
2020-05-29T15:00:00.0,bus-3-bus-4-i_6,153.91582957764612
2020-05-29T16:00:00.0,bus-3-bus-4-i_6,143.91772863116194
2020-05-29T17:00:00.0,bus-3-bus-4-i_6,130.0736541508464
2020-05-29T18:00:00.0,bus-3-bus-4-i_6,125.38864297441464
2020-05-29T19:00:00.0,bus-3-bus-4-i_6,127.5470349270561
2020-05-29T20:00:00.0,bus-3-bus-4-i_6,118.36716418368209
2020-05-29T21:00:00.0,bus-3-bus-4-i_6,113.3442467404054
2020-05-29T22:00:00.0,bus-3-bus-4-i_6,111.9822131742012
2020-05-29T23:00:00.0,bus-3-bus-4-i_6,104.04728089026909
2020-05-30T00:00:00.0,bus-3-bus-4-i_6,98.73875683526772
2020-05-30T01:00:00.0,bus-3-bus-4-i_6,94.13322751263289
2020-05-30T02:00:00.0,bus-3-bus-4-i_6,91.0534151765582
2020-05-30T03:00:00.0,bus-3-bus-4-i_6,88.67536090075627
2020-05-30T04:00:00.0,bus-3-bus-4-i_6,86.17575183045278
2020-05-30T05:00:00.0,bus-3-bus-4-i_6,84.68228416148568
2020-05-30T06:00:00.0,bus-3-bus-4-i_6,87.73033941916977
2020-05-30T07:00:00.0,bus-3-bus-4-i_6,91.96815298359921
2020-05-30T08:00:00.0,bus-3-bus-4-i_6,95.41411012605336
2020-05-30T09:00:00.0,bus-3-bus-4-i_6,97.48812585901594
2020-05-30T10:00:00.0,bus-3-bus-4-i_6,98.8607737698402
2020-05-30T11:00:00.0,bus-3-bus-4-i_6,97.85414227035967
2020-05-30T12:00:00.0,bus-3-bus-4-i_6,95.4750164922498
2020-05-30T13:00:00.0,bus-3-bus-4-i_6,95.44460853053833
2020-05-30T14:00:00.0,bus-3-bus-4-i_6,96.72557961143976
2020-05-30T15:00:00.0,bus-3-bus-4-i_6,98.12866852411591
2020-05-30T16:00:00.0,bus-3-bus-4-i_6,98.76926114037508
2020-05-30T17:00:00.0,bus-3-bus-4-i_6,97.42712213376575
2020-05-30T18:00:00.0,bus-3-bus-4-i_6,96.7865810977045
2020-05-30T19:00:00.0,bus-3-bus-4-i_6,100.08099494865652
2020-05-30T20:00:00.0,bus-3-bus-4-i_6,98.12866852411591
2020-05-30T21:00:00.0,bus-3-bus-4-i_6,94.86513927720867
2020-05-30T22:00:00.0,bus-3-bus-4-i_6,90.56557970535262
2020-05-30T23:00:00.0,bus-3-bus-4-i_6,86.90730239878985
2020-05-31T00:00:00.0,bus-3-bus-4-i_6,84.40799017524097
2020-05-31T01:00:00.0,bus-3-bus-4-i_6,82.24429786818033
2020-05-31T02:00:00.0,bus-3-bus-4-i_6,81.48250597188887
2020-05-31T03:00:00.0,bus-3-bus-4-i_6,80.9645223662122
2020-05-31T04:00:00.0,bus-3-bus-4-i_6,79.1060009673328
2020-05-31T05:00:00.0,bus-3-bus-4-i_6,77.85697791060988
2020-05-31T06:00:00.0,bus-3-bus-4-i_6,80.17232884591566
2020-05-31T07:00:00.0,bus-3-bus-4-i_6,83.79846277616447
2020-05-31T08:00:00.0,bus-3-bus-4-i_6,87.48647333301483
2020-05-31T09:00:00.0,bus-3-bus-4-i_6,90.53509046158803
2020-05-31T10:00:00.0,bus-3-bus-4-i_6,92.79145035653167
2020-05-31T11:00:00.0,bus-3-bus-4-i_6,93.58430813510215
2020-05-31T12:00:00.0,bus-3-bus-4-i_6,93.58430813510215
2020-05-31T13:00:00.0,bus-3-bus-4-i_6,96.11558730841112
2020-05-31T14:00:00.0,bus-3-bus-4-i_6,98.76926114037508
2020-05-31T15:00:00.0,bus-3-bus-4-i_6,101.02670550702406
2020-05-31T16:00:00.0,bus-3-bus-4-i_6,102.09452036803167
2020-05-31T17:00:00.0,bus-3-bus-4-i_6,101.24026349796208
2020-05-31T18:00:00.0,bus-3-bus-4-i_6,100.81316740422037
2020-05-31T19:00:00.0,bus-3-bus-4-i_6,104.41341379378844
2020-05-31T20:00:00.0,bus-3-bus-4-i_6,101.45384230673625
2020-05-31T21:00:00.0,bus-3-bus-4-i_6,97.45762413661079
2020-05-31T22:00:00.0,bus-3-bus-4-i_6,92.27307530550732
2020-05-31T23:00:00.0,bus-3-bus-4-i_6,87.82178975557163
2020-06-01T00:00:00.0,bus-3-bus-4-i_6,82.21381986652486
2020-06-01T01:00:00.0,bus-3-bus-4-i_6,79.77625594862079
2020-06-01T02:00:00.0,bus-3-bus-4-i_6,78.16161741963631
2020-06-01T03:00:00.0,bus-3-bus-4-i_6,77.94837653945788
2020-06-01T04:00:00.0,bus-3-bus-4-i_6,75.81614023534704
2020-06-01T05:00:00.0,bus-3-bus-4-i_6,74.20198750621122
2020-06-01T06:00:00.0,bus-3-bus-4-i_6,77.15636836665152
2020-06-01T07:00:00.0,bus-3-bus-4-i_6,82.0919386209417
2020-06-01T08:00:00.0,bus-3-bus-4-i_6,88.00469364578909
2020-06-01T09:00:00.0,bus-3-bus-4-i_6,92.05962307087874
2020-06-01T10:00:00.0,bus-3-bus-4-i_6,95.56660270132522
2020-06-01T11:00:00.0,bus-3-bus-4-i_6,98.15918544573043
2020-06-01T12:00:00.0,bus-3-bus-4-i_6,99.56237552234998
2020-06-01T13:00:00.0,bus-3-bus-4-i_6,103.1318849427866
2020-06-01T14:00:00.0,bus-3-bus-4-i_6,107.40400304144843
2020-06-01T15:00:00.0,bus-3-bus-4-i_6,110.60868137196711
2020-06-01T16:00:00.0,bus-3-bus-4-i_6,112.65381072332849
2020-06-01T17:00:00.0,bus-3-bus-4-i_6,111.67700424998203
2020-06-01T18:00:00.0,bus-3-bus-4-i_6,110.8223352815577
2020-06-01T19:00:00.0,bus-3-bus-4-i_6,113.63065964165347
2020-06-01T20:00:00.0,bus-3-bus-4-i_6,109.50987381692157
2020-06-01T21:00:00.0,bus-3-bus-4-i_6,101.5453507823322
2020-06-01T22:00:00.0,bus-3-bus-4-i_6,93.88926587854367
2020-06-01T23:00:00.0,bus-3-bus-4-i_6,87.79130596030141
2020-06-02T00:00:00.0,bus-3-bus-4-i_6,83.58513529912719
2020-06-02T01:00:00.0,bus-3-bus-4-i_6,81.20828014192644
2020-06-02T02:00:00.0,bus-3-bus-4-i_6,79.9590667324461
2020-06-02T03:00:00.0,bus-3-bus-4-i_6,80.56841495877798
2020-06-02T04:00:00.0,bus-3-bus-4-i_6,80.75123787531989
2020-06-02T05:00:00.0,bus-3-bus-4-i_6,83.4632392712786
2020-06-02T06:00:00.0,bus-3-bus-4-i_6,88.30953888747
2020-06-02T07:00:00.0,bus-3-bus-4-i_6,94.46867867941587
2020-06-02T08:00:00.0,bus-3-bus-4-i_6,100.41656846143836
2020-06-02T09:00:00.0,bus-3-bus-4-i_6,104.74906652150253
2020-06-02T10:00:00.0,bus-3-bus-4-i_6,109.41830928130898
2020-06-02T11:00:00.0,bus-3-bus-4-i_6,112.47065655515681
2020-06-02T12:00:00.0,bus-3-bus-4-i_6,116.19503546940138
2020-06-02T13:00:00.0,bus-3-bus-4-i_6,113.67129208340899
2020-06-02T14:00:00.0,bus-3-bus-4-i_6,115.75208144359368
2020-06-02T15:00:00.0,bus-3-bus-4-i_6,119.60569631881224
2020-06-02T16:00:00.0,bus-3-bus-4-i_6,120.89037015177011
2020-06-02T17:00:00.0,bus-3-bus-4-i_6,117.81673325956739
2020-06-02T18:00:00.0,bus-3-bus-4-i_6,115.97557457281708
2020-06-02T19:00:00.0,bus-3-bus-4-i_6,115.2299803024851
2020-06-02T20:00:00.0,bus-3-bus-4-i_6,112.77740744844435
2020-06-02T21:00:00.0,bus-3-bus-4-i_6,110.08978796405802
2020-06-02T22:00:00.0,bus-3-bus-4-i_6,100.66062913033839
2020-06-02T23:00:00.0,bus-3-bus-4-i_6,93.85875762875489
2020-06-03T00:00:00.0,bus-3-bus-4-i_6,89.34606053177549
2020-06-03T01:00:00.0,bus-3-bus-4-i_6,85.99286953031822
2020-06-03T02:00:00.0,bus-3-bus-4-i_6,83.9813207893573
2020-06-03T03:00:00.0,bus-3-bus-4-i_6,83.61561046254711
2020-06-03T04:00:00.0,bus-3-bus-4-i_6,83.58513529912719
2020-06-03T05:00:00.0,bus-3-bus-4-i_6,86.41959810197201
2020-06-03T06:00:00.0,bus-3-bus-4-i_6,92.88293103446202
2020-06-03T07:00:00.0,bus-3-bus-4-i_6,99.89795667484564
2020-06-03T08:00:00.0,bus-3-bus-4-i_6,106.79362032266904
2020-06-03T09:00:00.0,bus-3-bus-4-i_6,113.14223018445722
2020-06-03T10:00:00.0,bus-3-bus-4-i_6,112.85304373311055
2020-06-03T11:00:00.0,bus-3-bus-4-i_6,115.09309149117499
2020-06-03T12:00:00.0,bus-3-bus-4-i_6,119.7892416490546
2020-06-03T13:00:00.0,bus-3-bus-4-i_6,129.88986857133116
2020-06-03T14:00:00.0,bus-3-bus-4-i_6,138.94718502712394
2020-06-03T15:00:00.0,bus-3-bus-4-i_6,145.16093243761958
2020-06-03T16:00:00.0,bus-3-bus-4-i_6,146.91101228545548
2020-06-03T17:00:00.0,bus-3-bus-4-i_6,141.84618815975307
2020-06-03T18:00:00.0,bus-3-bus-4-i_6,134.34806127618447
2020-06-03T19:00:00.0,bus-3-bus-4-i_6,131.17647119141282
2020-06-03T20:00:00.0,bus-3-bus-4-i_6,119.3304450762814
2020-06-03T21:00:00.0,bus-3-bus-4-i_6,112.84735139651102
2020-06-03T22:00:00.0,bus-3-bus-4-i_6,108.13645568345831
2020-06-03T23:00:00.0,bus-3-bus-4-i_6,99.77593162864108
2020-06-04T00:00:00.0,bus-3-bus-4-i_6,93.82827503467186
2020-06-04T01:00:00.0,bus-3-bus-4-i_6,89.86434565453337
2020-06-04T02:00:00.0,bus-3-bus-4-i_6,87.39502309578184
2020-06-04T03:00:00.0,bus-3-bus-4-i_6,86.8158566115546
2020-06-04T04:00:00.0,bus-3-bus-4-i_6,86.29767049944203
2020-06-04T05:00:00.0,bus-3-bus-4-i_6,89.52897954613674
2020-06-04T06:00:00.0,bus-3-bus-4-i_6,96.23758681056343
2020-06-04T07:00:00.0,bus-3-bus-4-i_6,104.71855214483551
2020-06-04T08:00:00.0,bus-3-bus-4-i_6,112.95907171941883
2020-06-04T09:00:00.0,bus-3-bus-4-i_6,113.05465539277522
2020-06-04T10:00:00.0,bus-3-bus-4-i_6,116.76191877463941
2020-06-04T11:00:00.0,bus-3-bus-4-i_6,127.86855291840669
2020-06-04T12:00:00.0,bus-3-bus-4-i_6,139.49928848261058
2020-06-04T13:00:00.0,bus-3-bus-4-i_6,150.9655108629315
2020-06-04T14:00:00.0,bus-3-bus-4-i_6,161.43569994247423
2020-06-04T15:00:00.0,bus-3-bus-4-i_6,168.27624492040172
2020-06-04T16:00:00.0,bus-3-bus-4-i_6,168.64653733131703
2020-06-04T17:00:00.0,bus-3-bus-4-i_6,163.32852112391373
2020-06-04T18:00:00.0,bus-3-bus-4-i_6,154.0080468730244
2020-06-04T19:00:00.0,bus-3-bus-4-i_6,148.84583641121822
2020-06-04T20:00:00.0,bus-3-bus-4-i_6,134.34806127618447
2020-06-04T21:00:00.0,bus-3-bus-4-i_6,117.54157668999119
2020-06-04T22:00:00.0,bus-3-bus-4-i_6,117.1453480030574
2020-06-04T23:00:00.0,bus-3-bus-4-i_6,108.5942507846672
2020-06-05T00:00:00.0,bus-3-bus-4-i_6,101.48435119736293
2020-06-05T01:00:00.0,bus-3-bus-4-i_6,96.32908614859856
2020-06-05T02:00:00.0,bus-3-bus-4-i_6,93.49281582346794
2020-06-05T03:00:00.0,bus-3-bus-4-i_6,92.36454713392726
2020-06-05T04:00:00.0,bus-3-bus-4-i_6,91.57175676444335
2020-06-05T05:00:00.0,bus-3-bus-4-i_6,95.20061324135035
2020-06-05T06:00:00.0,bus-3-bus-4-i_6,102.55219349046278
2020-06-05T07:00:00.0,bus-3-bus-4-i_6,111.55486937211488
2020-06-05T08:00:00.0,bus-3-bus-4-i_6,113.74541027391447
2020-06-05T09:00:00.0,bus-3-bus-4-i_6,118.96346711832855
2020-06-05T10:00:00.0,bus-3-bus-4-i_6,133.52054795274884
2020-06-05T11:00:00.0,bus-3-bus-4-i_6,141.52405068354165
2020-06-05T12:00:00.0,bus-3-bus-4-i_6,155.71431774942573
2020-06-05T13:00:00.0,bus-3-bus-4-i_6,165.73096742903235
2020-06-05T14:00:00.0,bus-3-bus-4-i_6,172.38917768930935
2020-06-05T15:00:00.0,bus-3-bus-4-i_6,172.33707970899036
2020-06-05T16:00:00.0,bus-3-bus-4-i_6,167.72083838323994
2020-06-05T17:00:00.0,bus-3-bus-4-i_6,159.12810630328212
2020-06-05T18:00:00.0,bus-3-bus-4-i_6,148.10869548609028
2020-06-05T19:00:00.0,bus-3-bus-4-i_6,142.81284949503134
2020-06-05T20:00:00.0,bus-3-bus-4-i_6,131.54411631267305
2020-06-05T21:00:00.0,bus-3-bus-4-i_6,118.91759458673144
2020-06-05T22:00:00.0,bus-3-bus-4-i_6,113.16798463042083
2020-06-05T23:00:00.0,bus-3-bus-4-i_6,112.50118219254921
2020-06-06T00:00:00.0,bus-3-bus-4-i_6,106.64106081594599
2020-06-06T01:00:00.0,bus-3-bus-4-i_6,101.36231600671297
2020-06-06T02:00:00.0,bus-3-bus-4-i_6,98.03715930925577
2020-06-06T03:00:00.0,bus-3-bus-4-i_6,95.6580889220479
2020-06-06T04:00:00.0,bus-3-bus-4-i_6,92.05962307087874
2020-06-06T05:00:00.0,bus-3-bus-4-i_6,92.05962307113704
2020-06-06T06:00:00.0,bus-3-bus-4-i_6,99.01329737048835
2020-06-06T07:00:00.0,bus-3-bus-4-i_6,109.69300225545369
2020-06-06T08:00:00.0,bus-3-bus-4-i_6,113.48265343033022
2020-06-06T09:00:00.0,bus-3-bus-4-i_6,119.92687749051088
2020-06-06T10:00:00.0,bus-3-bus-4-i_6,134.30208568347044
2020-06-06T11:00:00.0,bus-3-bus-4-i_6,146.035915963245
2020-06-06T12:00:00.0,bus-3-bus-4-i_6,156.49832767843583
2020-06-06T13:00:00.0,bus-3-bus-4-i_6,164.944830772878
2020-06-06T14:00:00.0,bus-3-bus-4-i_6,171.47150078676532
2020-06-06T15:00:00.0,bus-3-bus-4-i_6,171.76245054432866
2020-06-06T16:00:00.0,bus-3-bus-4-i_6,172.38917768930935
2020-06-06T17:00:00.0,bus-3-bus-4-i_6,165.2683568832753
2020-06-06T18:00:00.0,bus-3-bus-4-i_6,153.82363735888117
2020-06-06T19:00:00.0,bus-3-bus-4-i_6,149.4909005746291
2020-06-06T20:00:00.0,bus-3-bus-4-i_6,139.72931534388468
2020-06-06T21:00:00.0,bus-3-bus-4-i_6,127.96041797261266
2020-06-06T22:00:00.0,bus-3-bus-4-i_6,115.54086647628041
2020-06-06T23:00:00.0,bus-3-bus-4-i_6,117.04791682172915
2020-06-07T00:00:00.0,bus-3-bus-4-i_6,109.63195930847166
2020-06-07T01:00:00.0,bus-3-bus-4-i_6,104.4439274414985
2020-06-07T02:00:00.0,bus-3-bus-4-i_6,100.59959698108526
2020-06-07T03:00:00.0,bus-3-bus-4-i_6,97.9151476304615
2020-06-07T04:00:00.0,bus-3-bus-4-i_6,93.79777664986545
2020-06-07T05:00:00.0,bus-3-bus-4-i_6,92.8524375569577
2020-06-07T06:00:00.0,bus-3-bus-4-i_6,100.99621510706562
2020-06-07T07:00:00.0,bus-3-bus-4-i_6,111.70752935142599
2020-06-07T08:00:00.0,bus-3-bus-4-i_6,114.93120944847055
2020-06-07T09:00:00.0,bus-3-bus-4-i_6,127.13367681523103
2020-06-07T10:00:00.0,bus-3-bus-4-i_6,142.67475221499188
2020-06-07T11:00:00.0,bus-3-bus-4-i_6,157.0519479746523
2020-06-07T12:00:00.0,bus-3-bus-4-i_6,166.98035694393087
2020-06-07T13:00:00.0,bus-3-bus-4-i_6,171.65181444249805
2020-06-07T14:00:00.0,bus-3-bus-4-i_6,169.03295297921122
2020-06-07T15:00:00.0,bus-3-bus-4-i_6,168.51646627094553
2020-06-07T16:00:00.0,bus-3-bus-4-i_6,170.36092569816208
2020-06-07T17:00:00.0,bus-3-bus-4-i_6,167.9522530261487
2020-06-07T18:00:00.0,bus-3-bus-4-i_6,158.0668788291141
2020-06-07T19:00:00.0,bus-3-bus-4-i_6,156.49832767843583
2020-06-07T20:00:00.0,bus-3-bus-4-i_6,146.6346538553868
2020-06-07T21:00:00.0,bus-3-bus-4-i_6,133.84234677739843
2020-06-07T22:00:00.0,bus-3-bus-4-i_6,118.32126682755622
2020-06-07T23:00:00.0,bus-3-bus-4-i_6,113.60842519635332
2020-06-08T00:00:00.0,bus-3-bus-4-i_6,114.63807982088457
2020-06-08T01:00:00.0,bus-3-bus-4-i_6,109.81509015368238
2020-06-08T02:00:00.0,bus-3-bus-4-i_6,105.66451223586586
2020-06-08T03:00:00.0,bus-3-bus-4-i_6,103.37599975943239
2020-06-08T04:00:00.0,bus-3-bus-4-i_6,101.63687793383798
2020-06-08T05:00:00.0,bus-3-bus-4-i_6,105.2983524370986
2020-06-08T06:00:00.0,bus-3-bus-4-i_6,114.33279467425872
2020-06-08T07:00:00.0,bus-3-bus-4-i_6,114.83154557623155
2020-06-08T08:00:00.0,bus-3-bus-4-i_6,126.49072495032654
2020-06-08T09:00:00.0,bus-3-bus-4-i_6,138.671150179423
2020-06-08T10:00:00.0,bus-3-bus-4-i_6,151.0115861698322
2020-06-08T11:00:00.0,bus-3-bus-4-i_6,165.36085715572207
2020-06-08T12:00:00.0,bus-3-bus-4-i_6,170.7482142463905
2020-06-08T13:00:00.0,bus-3-bus-4-i_6,166.78233796923413
2020-06-08T14:00:00.0,bus-3-bus-4-i_6,164.67881249043685
2020-06-08T15:00:00.0,bus-3-bus-4-i_6,163.71912723952258
2020-06-08T16:00:00.0,bus-3-bus-4-i_6,164.67881249043685
2020-06-08T17:00:00.0,bus-3-bus-4-i_6,167.50185558546335
2020-06-08T18:00:00.0,bus-3-bus-4-i_6,171.78088963438137
2020-06-08T19:00:00.0,bus-3-bus-4-i_6,167.1191918014426
2020-06-08T20:00:00.0,bus-3-bus-4-i_6,152.71706814450775
2020-06-08T21:00:00.0,bus-3-bus-4-i_6,136.18733870859324
2020-06-08T22:00:00.0,bus-3-bus-4-i_6,116.71606095082039
2020-06-08T23:00:00.0,bus-3-bus-4-i_6,115.7836354098861
2020-06-09T00:00:00.0,bus-3-bus-4-i_6,110.48658181967971
2020-06-09T01:00:00.0,bus-3-bus-4-i_6,105.14577786251076
2020-06-09T02:00:00.0,bus-3-bus-4-i_6,101.66738707682461
2020-06-09T03:00:00.0,bus-3-bus-4-i_6,99.928446985901
2020-06-09T04:00:00.0,bus-3-bus-4-i_6,98.34219199766484
2020-06-09T05:00:00.0,bus-3-bus-4-i_6,101.51486013859308
2020-06-09T06:00:00.0,bus-3-bus-4-i_6,107.64815108185033
2020-06-09T07:00:00.0,bus-3-bus-4-i_6,117.17891602695067
2020-06-09T08:00:00.0,bus-3-bus-4-i_6,117.63328786442196
2020-06-09T09:00:00.0,bus-3-bus-4-i_6,130.02770729331655
2020-06-09T10:00:00.0,bus-3-bus-4-i_6,144.0098100087863
2020-06-09T11:00:00.0,bus-3-bus-4-i_6,160.00489860427217
2020-06-09T12:00:00.0,bus-3-bus-4-i_6,172.29710111892027
2020-06-09T13:00:00.0,bus-3-bus-4-i_6,168.1475295074582
2020-06-09T14:00:00.0,bus-3-bus-4-i_6,164.78953467468295
2020-06-09T15:00:00.0,bus-3-bus-4-i_6,163.8852689959717
2020-06-09T16:00:00.0,bus-3-bus-4-i_6,165.91515547141466
2020-06-09T17:00:00.0,bus-3-bus-4-i_6,169.23585052013226
2020-06-09T18:00:00.0,bus-3-bus-4-i_6,171.75973114721464
2020-06-09T19:00:00.0,bus-3-bus-4-i_6,167.44314959723542
2020-06-09T20:00:00.0,bus-3-bus-4-i_6,156.86734172480317
2020-06-09T21:00:00.0,bus-3-bus-4-i_6,141.75417543865677
2020-06-09T22:00:00.0,bus-3-bus-4-i_6,124.14903416494187
2020-06-09T23:00:00.0,bus-3-bus-4-i_6,114.61964083520726
2020-06-10T00:00:00.0,bus-3-bus-4-i_6,117.18937155447576
2020-06-10T01:00:00.0,bus-3-bus-4-i_6,114.18016089877972
2020-06-10T02:00:00.0,bus-3-bus-4-i_6,113.17271417668738
2020-06-10T03:00:00.0,bus-3-bus-4-i_6,113.75277390492356
2020-06-10T04:00:00.0,bus-3-bus-4-i_6,113.96646641131349
2020-06-10T05:00:00.0,bus-3-bus-4-i_6,115.46236757580903
2020-06-10T06:00:00.0,bus-3-bus-4-i_6,113.00544450449048
2020-06-10T07:00:00.0,bus-3-bus-4-i_6,115.10553999995945
2020-06-10T08:00:00.0,bus-3-bus-4-i_6,124.37859295723499
2020-06-10T09:00:00.0,bus-3-bus-4-i_6,135.17564975788568
2020-06-10T10:00:00.0,bus-3-bus-4-i_6,136.09533724711906
2020-06-10T11:00:00.0,bus-3-bus-4-i_6,118.413033213692
2020-06-10T12:00:00.0,bus-3-bus-4-i_6,118.45887333437761
2020-06-10T13:00:00.0,bus-3-bus-4-i_6,115.0681927734959
2020-06-10T14:00:00.0,bus-3-bus-4-i_6,115.40411357856549
2020-06-10T15:00:00.0,bus-3-bus-4-i_6,115.93831617714332
2020-06-10T16:00:00.0,bus-3-bus-4-i_6,116.07481004188843
2020-06-10T17:00:00.0,bus-3-bus-4-i_6,115.70239803999556
2020-06-10T18:00:00.0,bus-3-bus-4-i_6,114.93120944847055
2020-06-10T19:00:00.0,bus-3-bus-4-i_6,115.83901866940668
2020-06-10T20:00:00.0,bus-3-bus-4-i_6,114.4200562706722
2020-06-10T21:00:00.0,bus-3-bus-4-i_6,117.06737569602315
2020-06-10T22:00:00.0,bus-3-bus-4-i_6,108.74682172677149
2020-06-10T23:00:00.0,bus-3-bus-4-i_6,102.24707038039946
2020-06-11T00:00:00.0,bus-3-bus-4-i_6,98.09817850360992
2020-06-11T01:00:00.0,bus-3-bus-4-i_6,95.32261489780187
2020-06-11T02:00:00.0,bus-3-bus-4-i_6,93.37083708172663
2020-06-11T03:00:00.0,bus-3-bus-4-i_6,93.09638809326243
2020-06-11T04:00:00.0,bus-3-bus-4-i_6,93.88926587854367
2020-06-11T05:00:00.0,bus-3-bus-4-i_6,95.90208088489348
2020-06-11T06:00:00.0,bus-3-bus-4-i_6,103.2539315227244
2020-06-11T07:00:00.0,bus-3-bus-4-i_6,111.61595597227567
2020-06-11T08:00:00.0,bus-3-bus-4-i_6,113.69538465593168
2020-06-11T09:00:00.0,bus-3-bus-4-i_6,114.55727480321949
2020-06-11T10:00:00.0,bus-3-bus-4-i_6,118.32126682755622
2020-06-11T11:00:00.0,bus-3-bus-4-i_6,128.83319732947868
2020-06-11T12:00:00.0,bus-3-bus-4-i_6,136.923188490783
2020-06-11T13:00:00.0,bus-3-bus-4-i_6,146.58859521123696
2020-06-11T14:00:00.0,bus-3-bus-4-i_6,154.653556108254
2020-06-11T15:00:00.0,bus-3-bus-4-i_6,157.37486388385497
2020-06-11T16:00:00.0,bus-3-bus-4-i_6,157.2825762225883
2020-06-11T17:00:00.0,bus-3-bus-4-i_6,152.4405475908448
2020-06-11T18:00:00.0,bus-3-bus-4-i_6,145.0227874336827
2020-06-11T19:00:00.0,bus-3-bus-4-i_6,143.36526656351617
2020-06-11T20:00:00.0,bus-3-bus-4-i_6,134.30208568347044
2020-06-11T21:00:00.0,bus-3-bus-4-i_6,121.57872403034438
2020-06-11T22:00:00.0,bus-3-bus-4-i_6,113.77043620517895
2020-06-11T23:00:00.0,bus-3-bus-4-i_6,112.53170787196922
2020-06-12T00:00:00.0,bus-3-bus-4-i_6,106.33586596305736
2020-06-12T01:00:00.0,bus-3-bus-4-i_6,101.30128060285872
2020-06-12T02:00:00.0,bus-3-bus-4-i_6,98.40319915179683
2020-06-12T03:00:00.0,bus-3-bus-4-i_6,96.93908605089423
2020-06-12T04:00:00.0,bus-3-bus-4-i_6,95.4750164922498
2020-06-12T05:00:00.0,bus-3-bus-4-i_6,98.67774792015625
2020-06-12T06:00:00.0,bus-3-bus-4-i_6,107.46503971641097
2020-06-12T07:00:00.0,bus-3-bus-4-i_6,117.17967809680003
2020-06-12T08:00:00.0,bus-3-bus-4-i_6,115.60301708112281
2020-06-12T09:00:00.0,bus-3-bus-4-i_6,123.78176282056855
2020-06-12T10:00:00.0,bus-3-bus-4-i_6,133.75037880810603
2020-06-12T11:00:00.0,bus-3-bus-4-i_6,143.04301786143324
2020-06-12T12:00:00.0,bus-3-bus-4-i_6,150.13602604898276
2020-06-12T13:00:00.0,bus-3-bus-4-i_6,156.35995253017154
2020-06-12T14:00:00.0,bus-3-bus-4-i_6,161.57418080289963
2020-06-12T15:00:00.0,bus-3-bus-4-i_6,162.0358044977682
2020-06-12T16:00:00.0,bus-3-bus-4-i_6,159.82030123578102
2020-06-12T17:00:00.0,bus-3-bus-4-i_6,153.73134102619008
2020-06-12T18:00:00.0,bus-3-bus-4-i_6,145.39118025304313
2020-06-12T19:00:00.0,bus-3-bus-4-i_6,141.7081498649283
2020-06-12T20:00:00.0,bus-3-bus-4-i_6,132.41735283956586
2020-06-12T21:00:00.0,bus-3-bus-4-i_6,120.33976634146673
2020-06-12T22:00:00.0,bus-3-bus-4-i_6,113.5455455706069
2020-06-12T23:00:00.0,bus-3-bus-4-i_6,112.71486255358418
2020-06-13T00:00:00.0,bus-3-bus-4-i_6,106.00021127804693
2020-06-13T01:00:00.0,bus-3-bus-4-i_6,101.45384230673625
2020-06-13T02:00:00.0,bus-3-bus-4-i_6,97.73214457735142
2020-06-13T03:00:00.0,bus-3-bus-4-i_6,95.17011541942962
2020-06-13T04:00:00.0,bus-3-bus-4-i_6,91.87667171212024
2020-06-13T05:00:00.0,bus-3-bus-4-i_6,91.72421878058752
2020-06-13T06:00:00.0,bus-3-bus-4-i_6,97.79314970061168
2020-06-13T07:00:00.0,bus-3-bus-4-i_6,107.2819314822393
2020-06-13T08:00:00.0,bus-3-bus-4-i_6,116.77509045610775
2020-06-13T09:00:00.0,bus-3-bus-4-i_6,114.22032032852995
2020-06-13T10:00:00.0,bus-3-bus-4-i_6,116.76191877463941
2020-06-13T11:00:00.0,bus-3-bus-4-i_6,125.93967124479309
2020-06-13T12:00:00.0,bus-3-bus-4-i_6,133.61248892733897
2020-06-13T13:00:00.0,bus-3-bus-4-i_6,142.03033531773127
2020-06-13T14:00:00.0,bus-3-bus-4-i_6,148.75368939934825
2020-06-13T15:00:00.0,bus-3-bus-4-i_6,152.02560497490416
2020-06-13T16:00:00.0,bus-3-bus-4-i_6,152.07171441694908
2020-06-13T17:00:00.0,bus-3-bus-4-i_6,145.75959316179492
2020-06-13T18:00:00.0,bus-3-bus-4-i_6,136.04934992488512
2020-06-13T19:00:00.0,bus-3-bus-4-i_6,133.65845987863258
2020-06-13T20:00:00.0,bus-3-bus-4-i_6,125.48049374334592
2020-06-13T21:00:00.0,bus-3-bus-4-i_6,115.75208144359368
2020-06-13T22:00:00.0,bus-3-bus-4-i_6,117.20225653912296
2020-06-13T23:00:00.0,bus-3-bus-4-i_6,109.20466147544276
2020-06-14T00:00:00.0,bus-3-bus-4-i_6,102.64372530581562
2020-06-14T01:00:00.0,bus-3-bus-4-i_6,98.22019205408914
2020-06-14T02:00:00.0,bus-3-bus-4-i_6,95.01763557530151
2020-06-14T03:00:00.0,bus-3-bus-4-i_6,92.45602529867702
2020-06-14T04:00:00.0,bus-3-bus-4-i_6,88.73633412925044
2020-06-14T05:00:00.0,bus-3-bus-4-i_6,88.58390465225379
2020-06-14T06:00:00.0,bus-3-bus-4-i_6,94.46867867941587
2020-06-14T07:00:00.0,bus-3-bus-4-i_6,103.92522368627883
2020-06-14T08:00:00.0,bus-3-bus-4-i_6,113.96646641131349
2020-06-14T09:00:00.0,bus-3-bus-4-i_6,113.55812249765947
2020-06-14T10:00:00.0,bus-3-bus-4-i_6,118.09195458192731
2020-06-14T11:00:00.0,bus-3-bus-4-i_6,129.66014353601827
2020-06-14T12:00:00.0,bus-3-bus-4-i_6,139.59131007598853
2020-06-14T13:00:00.0,bus-3-bus-4-i_6,147.92442275029637
2020-06-14T14:00:00.0,bus-3-bus-4-i_6,153.91582957764612
2020-06-14T15:00:00.0,bus-3-bus-4-i_6,156.45220231856922
2020-06-14T16:00:00.0,bus-3-bus-4-i_6,156.63670561995016
2020-06-14T17:00:00.0,bus-3-bus-4-i_6,150.55078207950325
2020-06-14T18:00:00.0,bus-3-bus-4-i_6,140.41956027480168
2020-06-14T19:00:00.0,bus-3-bus-4-i_6,137.42910430905843
2020-06-14T20:00:00.0,bus-3-bus-4-i_6,128.787258795857
2020-06-14T21:00:00.0,bus-3-bus-4-i_6,116.62434625863314
2020-06-14T22:00:00.0,bus-3-bus-4-i_6,117.18423571946536
2020-06-14T23:00:00.0,bus-3-bus-4-i_6,108.35009254488817
2020-06-15T00:00:00.0,bus-3-bus-4-i_6,101.5758781727945
2020-06-15T01:00:00.0,bus-3-bus-4-i_6,96.81708200988538
2020-06-15T02:00:00.0,bus-3-bus-4-i_6,93.40133171027891
2020-06-15T03:00:00.0,bus-3-bus-4-i_6,92.1511045834254
2020-06-15T04:00:00.0,bus-3-bus-4-i_6,91.57175676444335
2020-06-15T05:00:00.0,bus-3-bus-4-i_6,93.98074008567725
2020-06-15T06:00:00.0,bus-3-bus-4-i_6,102.03351933280543
2020-06-15T07:00:00.0,bus-3-bus-4-i_6,111.79910306013299
2020-06-15T08:00:00.0,bus-3-bus-4-i_6,113.40716635754757
2020-06-15T09:00:00.0,bus-3-bus-4-i_6,116.03761731380442
2020-06-15T10:00:00.0,bus-3-bus-4-i_6,125.25091646627511
2020-06-15T11:00:00.0,bus-3-bus-4-i_6,134.8997924320986
2020-06-15T12:00:00.0,bus-3-bus-4-i_6,141.57007501188204
2020-06-15T13:00:00.0,bus-3-bus-4-i_6,145.29908014901795
2020-06-15T14:00:00.0,bus-3-bus-4-i_6,156.08329264341285
2020-06-15T15:00:00.0,bus-3-bus-4-i_6,159.08196249606456
2020-06-15T16:00:00.0,bus-3-bus-4-i_6,156.91353574122365
2020-06-15T17:00:00.0,bus-3-bus-4-i_6,150.64288949644268
2020-06-15T18:00:00.0,bus-3-bus-4-i_6,141.24791125077633
2020-06-15T19:00:00.0,bus-3-bus-4-i_6,137.9351116379263
2020-06-15T20:00:00.0,bus-3-bus-4-i_6,128.46569768756407
2020-06-15T21:00:00.0,bus-3-bus-4-i_6,115.88869297126665
2020-06-15T22:00:00.0,bus-3-bus-4-i_6,116.43931519132072
2020-06-15T23:00:00.0,bus-3-bus-4-i_6,107.25141216096557
2020-06-16T00:00:00.0,bus-3-bus-4-i_6,100.3555395381352
2020-06-16T01:00:00.0,bus-3-bus-4-i_6,95.81059362264287
2020-06-16T02:00:00.0,bus-3-bus-4-i_6,93.06589412397935
2020-06-16T03:00:00.0,bus-3-bus-4-i_6,92.97441887320004
2020-06-16T04:00:00.0,bus-3-bus-4-i_6,92.73046344241594
2020-06-16T05:00:00.0,bus-3-bus-4-i_6,94.40768545899476
2020-06-16T06:00:00.0,bus-3-bus-4-i_6,101.02670550702406
2020-06-16T07:00:00.0,bus-3-bus-4-i_6,109.08257795892374
2020-06-16T08:00:00.0,bus-3-bus-4-i_6,115.36747833971586
2020-06-16T09:00:00.0,bus-3-bus-4-i_6,114.65704613485693
2020-06-16T10:00:00.0,bus-3-bus-4-i_6,116.38273004877502
2020-06-16T11:00:00.0,bus-3-bus-4-i_6,125.9855906958171
2020-06-16T12:00:00.0,bus-3-bus-4-i_6,134.02619584957577
2020-06-16T13:00:00.0,bus-3-bus-4-i_6,142.30650651144117
2020-06-16T14:00:00.0,bus-3-bus-4-i_6,147.5558922988427
2020-06-16T15:00:00.0,bus-3-bus-4-i_6,148.98405927782898
2020-06-16T16:00:00.0,bus-3-bus-4-i_6,146.22013741317502
2020-06-16T17:00:00.0,bus-3-bus-4-i_6,138.76316048442484
2020-06-16T18:00:00.0,bus-3-bus-4-i_6,129.24665789753917
2020-06-16T19:00:00.0,bus-3-bus-4-i_6,126.16925226475755
2020-06-16T20:00:00.0,bus-3-bus-4-i_6,116.13683092397704
2020-06-16T21:00:00.0,bus-3-bus-4-i_6,112.92866359314407
2020-06-16T22:00:00.0,bus-3-bus-4-i_6,109.93717781370562
2020-06-16T23:00:00.0,bus-3-bus-4-i_6,102.12503011797263
2020-06-17T00:00:00.0,bus-3-bus-4-i_6,96.11558730841112
2020-06-17T01:00:00.0,bus-3-bus-4-i_6,91.96815298359921
2020-06-17T02:00:00.0,bus-3-bus-4-i_6,89.83385470402871
2020-06-17T03:00:00.0,bus-3-bus-4-i_6,89.92532194253597
2020-06-17T04:00:00.0,bus-3-bus-4-i_6,88.61438988024113
2020-06-17T05:00:00.0,bus-3-bus-4-i_6,90.56557970535262
2020-06-17T06:00:00.0,bus-3-bus-4-i_6,96.7865810977045
2020-06-17T07:00:00.0,bus-3-bus-4-i_6,103.58956396047965
2020-06-17T08:00:00.0,bus-3-bus-4-i_6,109.41830928130898
2020-06-17T09:00:00.0,bus-3-bus-4-i_6,114.3022729170184
2020-06-17T10:00:00.0,bus-3-bus-4-i_6,115.05448744528353
2020-06-17T11:00:00.0,bus-3-bus-4-i_6,113.75792896681871
2020-06-17T12:00:00.0,bus-3-bus-4-i_6,114.44500109670777
2020-06-17T13:00:00.0,bus-3-bus-4-i_6,115.54086647628041
2020-06-17T14:00:00.0,bus-3-bus-4-i_6,120.75275116616046
2020-06-17T15:00:00.0,bus-3-bus-4-i_6,123.32277066316718
2020-06-17T16:00:00.0,bus-3-bus-4-i_6,126.21519256269467
2020-06-17T17:00:00.0,bus-3-bus-4-i_6,124.37859295723499
2020-06-17T18:00:00.0,bus-3-bus-4-i_6,117.63328786442196
2020-06-17T19:00:00.0,bus-3-bus-4-i_6,117.08293217667558
2020-06-17T20:00:00.0,bus-3-bus-4-i_6,114.73183451672284
2020-06-17T21:00:00.0,bus-3-bus-4-i_6,116.53090158403172
2020-06-17T22:00:00.0,bus-3-bus-4-i_6,107.55656738876411
2020-06-17T23:00:00.0,bus-3-bus-4-i_6,99.22683132660666
2020-06-18T00:00:00.0,bus-3-bus-4-i_6,93.37083708172663
2020-06-18T01:00:00.0,bus-3-bus-4-i_6,89.83385470402871
2020-06-18T02:00:00.0,bus-3-bus-4-i_6,87.85227363437629
2020-06-18T03:00:00.0,bus-3-bus-4-i_6,87.88275746862465
2020-06-18T04:00:00.0,bus-3-bus-4-i_6,87.21212563438743
2020-06-18T05:00:00.0,bus-3-bus-4-i_6,88.64487731731752
2020-06-18T06:00:00.0,bus-3-bus-4-i_6,94.83464209659333
2020-06-18T07:00:00.0,bus-3-bus-4-i_6,102.79631400992399
2020-06-18T08:00:00.0,bus-3-bus-4-i_6,110.48658181967971
2020-06-18T09:00:00.0,bus-3-bus-4-i_6,115.85924894042759
2020-06-18T10:00:00.0,bus-3-bus-4-i_6,113.79544903735786
2020-06-18T11:00:00.0,bus-3-bus-4-i_6,116.07481004188843
2020-06-18T12:00:00.0,bus-3-bus-4-i_6,123.23096769133899
2020-06-18T13:00:00.0,bus-3-bus-4-i_6,130.99265598940096
2020-06-18T14:00:00.0,bus-3-bus-4-i_6,137.01514866780812
2020-06-18T15:00:00.0,bus-3-bus-4-i_6,139.59131007598853
2020-06-18T16:00:00.0,bus-3-bus-4-i_6,138.0730851399707
2020-06-18T17:00:00.0,bus-3-bus-4-i_6,132.96892818676324
2020-06-18T18:00:00.0,bus-3-bus-4-i_6,124.60812247558786
2020-06-18T19:00:00.0,bus-3-bus-4-i_6,123.00144440241827
2020-06-18T20:00:00.0,bus-3-bus-4-i_6,116.53263305571306
2020-06-18T21:00:00.0,bus-3-bus-4-i_6,113.57069892408876
2020-06-18T22:00:00.0,bus-3-bus-4-i_6,112.04326310130521
2020-06-18T23:00:00.0,bus-3-bus-4-i_6,104.07779410321167
2020-06-19T00:00:00.0,bus-3-bus-4-i_6,97.79314970061168
2020-06-19T01:00:00.0,bus-3-bus-4-i_6,93.67578572259417
2020-06-19T02:00:00.0,bus-3-bus-4-i_6,91.48028344790187
2020-06-19T03:00:00.0,bus-3-bus-4-i_6,91.32782916523918
2020-06-19T04:00:00.0,bus-3-bus-4-i_6,90.07775912268326
2020-06-19T05:00:00.0,bus-3-bus-4-i_6,92.73046344241594
2020-06-19T06:00:00.0,bus-3-bus-4-i_6,100.20300544264451
2020-06-19T07:00:00.0,bus-3-bus-4-i_6,108.56373169361508
2020-06-19T08:00:00.0,bus-3-bus-4-i_6,116.43931519132072
2020-06-19T09:00:00.0,bus-3-bus-4-i_6,113.49523285880683
2020-06-19T10:00:00.0,bus-3-bus-4-i_6,115.40411357856549
2020-06-19T11:00:00.0,bus-3-bus-4-i_6,120.56921509043181
2020-06-19T12:00:00.0,bus-3-bus-4-i_6,128.1441516738447
2020-06-19T13:00:00.0,bus-3-bus-4-i_6,135.77345802419887
2020-06-19T14:00:00.0,bus-3-bus-4-i_6,143.45734045643297
2020-06-19T15:00:00.0,bus-3-bus-4-i_6,147.92442275029637
2020-06-19T16:00:00.0,bus-3-bus-4-i_6,149.12228496328706
2020-06-19T17:00:00.0,bus-3-bus-4-i_6,144.65441449245245
2020-06-19T18:00:00.0,bus-3-bus-4-i_6,135.81941796076325
2020-06-19T19:00:00.0,bus-3-bus-4-i_6,131.77390461375563
2020-06-19T20:00:00.0,bus-3-bus-4-i_6,122.31296756820072
2020-06-19T21:00:00.0,bus-3-bus-4-i_6,114.769237125309
2020-06-19T22:00:00.0,bus-3-bus-4-i_6,114.97389537221747
2020-06-19T23:00:00.0,bus-3-bus-4-i_6,106.94623440879339
2020-06-20T00:00:00.0,bus-3-bus-4-i_6,100.4775847769352
2020-06-20T01:00:00.0,bus-3-bus-4-i_6,96.26807542285583
2020-06-20T02:00:00.0,bus-3-bus-4-i_6,93.3098478697221
2020-06-20T03:00:00.0,bus-3-bus-4-i_6,91.11439562317689
2020-06-20T04:00:00.0,bus-3-bus-4-i_6,87.88275746862465
2020-06-20T05:00:00.0,bus-3-bus-4-i_6,88.9192493902605
2020-06-20T06:00:00.0,bus-3-bus-4-i_6,95.81059362264287
2020-06-20T07:00:00.0,bus-3-bus-4-i_6,105.23732203876529
2020-06-20T08:00:00.0,bus-3-bus-4-i_6,116.10348765673577
2020-06-20T09:00:00.0,bus-3-bus-4-i_6,114.769237125309
2020-06-20T10:00:00.0,bus-3-bus-4-i_6,120.93625580094967
2020-06-20T11:00:00.0,bus-3-bus-4-i_6,132.6012063430501
2020-06-20T12:00:00.0,bus-3-bus-4-i_6,143.1350872871979
2020-06-20T13:00:00.0,bus-3-bus-4-i_6,153.224263685931
2020-06-20T14:00:00.0,bus-3-bus-4-i_6,162.26662826277143
2020-06-20T15:00:00.0,bus-3-bus-4-i_6,168.22995956358005
2020-06-20T16:00:00.0,bus-3-bus-4-i_6,169.34087995191248
2020-06-20T17:00:00.0,bus-3-bus-4-i_6,164.7138787958512
2020-06-20T18:00:00.0,bus-3-bus-4-i_6,153.73134102619008
2020-06-20T19:00:00.0,bus-3-bus-4-i_6,146.6346538553868
2020-06-20T20:00:00.0,bus-3-bus-4-i_6,134.94577204946933
2020-06-20T21:00:00.0,bus-3-bus-4-i_6,122.17528397492492
2020-06-20T22:00:00.0,bus-3-bus-4-i_6,113.8079546306434
2020-06-20T23:00:00.0,bus-3-bus-4-i_6,112.62328566610171
2020-06-21T00:00:00.0,bus-3-bus-4-i_6,105.96967007547673
2020-06-21T01:00:00.0,bus-3-bus-4-i_6,101.39280648436595
2020-06-21T02:00:00.0,bus-3-bus-4-i_6,98.34219199766484
2020-06-21T03:00:00.0,bus-3-bus-4-i_6,95.8715816858947
2020-06-21T04:00:00.0,bus-3-bus-4-i_6,91.99863884354858
2020-06-21T05:00:00.0,bus-3-bus-4-i_6,92.21208437361135
2020-06-21T06:00:00.0,bus-3-bus-4-i_6,99.4708737755312
2020-06-21T07:00:00.0,bus-3-bus-4-i_6,110.02874380826589
2020-06-21T08:00:00.0,bus-3-bus-4-i_6,114.12041604220413
2020-06-21T09:00:00.0,bus-3-bus-4-i_6,122.63423990993212
2020-06-21T10:00:00.0,bus-3-bus-4-i_6,139.49928848261058
2020-06-21T11:00:00.0,bus-3-bus-4-i_6,153.40860142841723
2020-06-21T12:00:00.0,bus-3-bus-4-i_6,164.25205034383737
2020-06-21T13:00:00.0,bus-3-bus-4-i_6,172.24181222729368
2020-06-21T14:00:00.0,bus-3-bus-4-i_6,169.5125269166373
2020-06-21T15:00:00.0,bus-3-bus-4-i_6,168.1659767234017
2020-06-21T16:00:00.0,bus-3-bus-4-i_6,168.62713093111333
2020-06-21T17:00:00.0,bus-3-bus-4-i_6,171.26457092047693
2020-06-21T18:00:00.0,bus-3-bus-4-i_6,166.47131690743285
2020-06-21T19:00:00.0,bus-3-bus-4-i_6,160.55872102453304
2020-06-21T20:00:00.0,bus-3-bus-4-i_6,149.07620942157592
2020-06-21T21:00:00.0,bus-3-bus-4-i_6,135.9574018957742
2020-06-21T22:00:00.0,bus-3-bus-4-i_6,120.20212224719342
2020-06-21T23:00:00.0,bus-3-bus-4-i_6,113.75792896681871
2020-06-22T00:00:00.0,bus-3-bus-4-i_6,115.43183814801439
2020-06-22T01:00:00.0,bus-3-bus-4-i_6,110.70024267210829
2020-06-22T02:00:00.0,bus-3-bus-4-i_6,107.00726977045032
2020-06-22T03:00:00.0,bus-3-bus-4-i_6,106.36640910286187
2020-06-22T04:00:00.0,bus-3-bus-4-i_6,104.81009474989642
2020-06-22T05:00:00.0,bus-3-bus-4-i_6,107.15983132712306
2020-06-22T06:00:00.0,bus-3-bus-4-i_6,116.10348765673577
2020-06-22T07:00:00.0,bus-3-bus-4-i_6,115.52843713426783
2020-06-22T08:00:00.0,bus-3-bus-4-i_6,131.59007335520417
2020-06-22T09:00:00.0,bus-3-bus-4-i_6,143.96376916400786
2020-06-22T10:00:00.0,bus-3-bus-4-i_6,155.94492475958165
2020-06-22T11:00:00.0,bus-3-bus-4-i_6,165.9623147663241
2020-06-22T12:00:00.0,bus-3-bus-4-i_6,171.52273593447788
2020-06-22T13:00:00.0,bus-3-bus-4-i_6,166.41333373590393
2020-06-22T14:00:00.0,bus-3-bus-4-i_6,166.1365711268416
2020-06-22T15:00:00.0,bus-3-bus-4-i_6,164.84489533735496
2020-06-22T16:00:00.0,bus-3-bus-4-i_6,165.58302190800106
2020-06-22T17:00:00.0,bus-3-bus-4-i_6,167.64944217280146
2020-06-22T18:00:00.0,bus-3-bus-4-i_6,171.78088963438137
2020-06-22T19:00:00.0,bus-3-bus-4-i_6,169.10942631992862
2020-06-22T20:00:00.0,bus-3-bus-4-i_6,158.15915285459656
2020-06-22T21:00:00.0,bus-3-bus-4-i_6,142.44459631359152
2020-06-22T22:00:00.0,bus-3-bus-4-i_6,126.03151045427612
2020-06-22T23:00:00.0,bus-3-bus-4-i_6,115.0681927734959
2020-06-23T00:00:00.0,bus-3-bus-4-i_6,117.19405765651314
2020-06-23T01:00:00.0,bus-3-bus-4-i_6,112.44013095992891
2020-06-23T02:00:00.0,bus-3-bus-4-i_6,108.77737278555526
2020-06-23T03:00:00.0,bus-3-bus-4-i_6,107.12931340355505
2020-06-23T04:00:00.0,bus-3-bus-4-i_6,105.35935883513758
2020-06-23T05:00:00.0,bus-3-bus-4-i_6,106.64106081594599
2020-06-23T06:00:00.0,bus-3-bus-4-i_6,112.92854517627732
2020-06-23T07:00:00.0,bus-3-bus-4-i_6,113.62099961574603
2020-06-23T08:00:00.0,bus-3-bus-4-i_6,120.15624149432485
2020-06-23T09:00:00.0,bus-3-bus-4-i_6,131.91178130083912
2020-06-23T10:00:00.0,bus-3-bus-4-i_6,142.7207843300482
2020-06-23T11:00:00.0,bus-3-bus-4-i_6,153.54699675385186
2020-06-23T12:00:00.0,bus-3-bus-4-i_6,162.82063779521587
2020-06-23T13:00:00.0,bus-3-bus-4-i_6,171.1357384127198
2020-06-23T14:00:00.0,bus-3-bus-4-i_6,170.600677791241
2020-06-23T15:00:00.0,bus-3-bus-4-i_6,169.3649631668337
2020-06-23T16:00:00.0,bus-3-bus-4-i_6,170.08428050689776
2020-06-23T17:00:00.0,bus-3-bus-4-i_6,171.983712892286
2020-06-23T18:00:00.0,bus-3-bus-4-i_6,163.19000353995276
2020-06-23T19:00:00.0,bus-3-bus-4-i_6,156.63670561995016
2020-06-23T20:00:00.0,bus-3-bus-4-i_6,143.54941559656942
2020-06-23T21:00:00.0,bus-3-bus-4-i_6,128.51163406449973
2020-06-23T22:00:00.0,bus-3-bus-4-i_6,114.78169991786136
2020-06-23T23:00:00.0,bus-3-bus-4-i_6,114.24121674106655
2020-06-24T00:00:00.0,bus-3-bus-4-i_6,107.46503971641097
2020-06-24T01:00:00.0,bus-3-bus-4-i_6,102.49115297998006
2020-06-24T02:00:00.0,bus-3-bus-4-i_6,99.22683132660666
2020-06-24T03:00:00.0,bus-3-bus-4-i_6,97.76264711647136
2020-06-24T04:00:00.0,bus-3-bus-4-i_6,96.08508769298226
2020-06-24T05:00:00.0,bus-3-bus-4-i_6,98.8607737698402
2020-06-24T06:00:00.0,bus-3-bus-4-i_6,106.67157797250427
2020-06-24T07:00:00.0,bus-3-bus-4-i_6,116.22560788031149
2020-06-24T08:00:00.0,bus-3-bus-4-i_6,116.07481004188843
2020-06-24T09:00:00.0,bus-3-bus-4-i_6,127.31738845389253
2020-06-24T10:00:00.0,bus-3-bus-4-i_6,141.61609965155208
2020-06-24T11:00:00.0,bus-3-bus-4-i_6,155.5759573232976
2020-06-24T12:00:00.0,bus-3-bus-4-i_6,166.98035694393087
2020-06-24T13:00:00.0,bus-3-bus-4-i_6,170.28715449893554
2020-06-24T14:00:00.0,bus-3-bus-4-i_6,166.85613721993798
2020-06-24T15:00:00.0,bus-3-bus-4-i_6,164.67881249043685
2020-06-24T16:00:00.0,bus-3-bus-4-i_6,165.23236548120877
2020-06-24T17:00:00.0,bus-3-bus-4-i_6,167.26202233675545
2020-06-24T18:00:00.0,bus-3-bus-4-i_6,171.4120949997923
2020-06-24T19:00:00.0,bus-3-bus-4-i_6,168.9242676988375
2020-06-24T20:00:00.0,bus-3-bus-4-i_6,156.03716966612126
2020-06-24T21:00:00.0,bus-3-bus-4-i_6,139.13121454056213
2020-06-24T22:00:00.0,bus-3-bus-4-i_6,120.11039361608783
2020-06-24T23:00:00.0,bus-3-bus-4-i_6,113.24354852665861
2020-06-25T00:00:00.0,bus-3-bus-4-i_6,112.37907911541734
2020-06-25T01:00:00.0,bus-3-bus-4-i_6,106.64106081594599
2020-06-25T02:00:00.0,bus-3-bus-4-i_6,102.52168284249632
2020-06-25T03:00:00.0,bus-3-bus-4-i_6,101.30128060285872
2020-06-25T04:00:00.0,bus-3-bus-4-i_6,99.0743069404218
2020-06-25T05:00:00.0,bus-3-bus-4-i_6,99.4708737755312
2020-06-25T06:00:00.0,bus-3-bus-4-i_6,110.24239996825615
2020-06-25T07:00:00.0,bus-3-bus-4-i_6,113.38199999954955
2020-06-25T08:00:00.0,bus-3-bus-4-i_6,122.17528397492492
2020-06-25T09:00:00.0,bus-3-bus-4-i_6,135.45156828123186
2020-06-25T10:00:00.0,bus-3-bus-4-i_6,148.75368939934825
2020-06-25T11:00:00.0,bus-3-bus-4-i_6,161.2049050887471
2020-06-25T12:00:00.0,bus-3-bus-4-i_6,169.98749115992558
2020-06-25T13:00:00.0,bus-3-bus-4-i_6,168.73782015801743
2020-06-25T14:00:00.0,bus-3-bus-4-i_6,164.77108105367572
2020-06-25T15:00:00.0,bus-3-bus-4-i_6,162.53795528737652
2020-06-25T16:00:00.0,bus-3-bus-4-i_6,162.537958965205
2020-06-25T17:00:00.0,bus-3-bus-4-i_6,164.6419048164566
2020-06-25T18:00:00.0,bus-3-bus-4-i_6,168.8300508732743
2020-06-25T19:00:00.0,bus-3-bus-4-i_6,172.35236771206237
2020-06-25T20:00:00.0,bus-3-bus-4-i_6,158.4821217878995
2020-06-25T21:00:00.0,bus-3-bus-4-i_6,142.26047720043613
2020-06-25T22:00:00.0,bus-3-bus-4-i_6,124.05719715132749
2020-06-25T23:00:00.0,bus-3-bus-4-i_6,114.29523365369054
2020-06-26T00:00:00.0,bus-3-bus-4-i_6,115.34025237215144
2020-06-26T01:00:00.0,bus-3-bus-4-i_6,109.20466147544276
2020-06-26T02:00:00.0,bus-3-bus-4-i_6,105.32884362665034
2020-06-26T03:00:00.0,bus-3-bus-4-i_6,103.43702427762702
2020-06-26T04:00:00.0,bus-3-bus-4-i_6,101.30128060285872
2020-06-26T05:00:00.0,bus-3-bus-4-i_6,103.65060969767961
2020-06-26T06:00:00.0,bus-3-bus-4-i_6,112.86749361914588
2020-06-26T07:00:00.0,bus-3-bus-4-i_6,114.20783284895666
2020-06-26T08:00:00.0,bus-3-bus-4-i_6,126.67441935981529
2020-06-26T09:00:00.0,bus-3-bus-4-i_6,141.89225402814608
2020-06-26T10:00:00.0,bus-3-bus-4-i_6,155.85268101044898
2020-06-26T11:00:00.0,bus-3-bus-4-i_6,169.61794501613002
2020-06-26T12:00:00.0,bus-3-bus-4-i_6,169.0882875300576
2020-06-26T13:00:00.0,bus-3-bus-4-i_6,164.5865430574045
2020-06-26T14:00:00.0,bus-3-bus-4-i_6,160.8767872823035
2020-06-26T15:00:00.0,bus-3-bus-4-i_6,159.1577054537372
2020-06-26T16:00:00.0,bus-3-bus-4-i_6,159.22139956644182
2020-06-26T17:00:00.0,bus-3-bus-4-i_6,163.29464481578808
2020-06-26T18:00:00.0,bus-3-bus-4-i_6,167.94460817626856
2020-06-26T19:00:00.0,bus-3-bus-4-i_6,170.7482142463905
2020-06-26T20:00:00.0,bus-3-bus-4-i_6,164.4367750037346
2020-06-26T21:00:00.0,bus-3-bus-4-i_6,147.97049046481325
2020-06-26T22:00:00.0,bus-3-bus-4-i_6,131.36029123063236
2020-06-26T23:00:00.0,bus-3-bus-4-i_6,116.43564548492967
2020-06-27T00:00:00.0,bus-3-bus-4-i_6,113.33164071176665
2020-06-27T01:00:00.0,bus-3-bus-4-i_6,114.66860835326997
2020-06-27T02:00:00.0,bus-3-bus-4-i_6,110.42553675812118
2020-06-27T03:00:00.0,bus-3-bus-4-i_6,107.22089463715731
2020-06-27T04:00:00.0,bus-3-bus-4-i_6,103.31497534065525
2020-06-27T05:00:00.0,bus-3-bus-4-i_6,102.79631400992399
2020-06-27T06:00:00.0,bus-3-bus-4-i_6,109.02153648912467
2020-06-27T07:00:00.0,bus-3-bus-4-i_6,113.5958502739437
2020-06-27T08:00:00.0,bus-3-bus-4-i_6,126.58252672434247
2020-06-27T09:00:00.0,bus-3-bus-4-i_6,143.779608904103
2020-06-27T10:00:00.0,bus-3-bus-4-i_6,159.03581900940452
2020-06-27T11:00:00.0,bus-3-bus-4-i_6,171.65181444249805
2020-06-27T12:00:00.0,bus-3-bus-4-i_6,167.72322108740215
2020-06-27T13:00:00.0,bus-3-bus-4-i_6,163.9960130812928
2020-06-27T14:00:00.0,bus-3-bus-4-i_6,161.3382252759062
2020-06-27T15:00:00.0,bus-3-bus-4-i_6,159.6808860880379
2020-06-27T16:00:00.0,bus-3-bus-4-i_6,159.91789209661042
2020-06-27T17:00:00.0,bus-3-bus-4-i_6,161.54125965756435
2020-06-27T18:00:00.0,bus-3-bus-4-i_6,167.8523550421932
2020-06-27T19:00:00.0,bus-3-bus-4-i_6,171.63337484104295
2020-06-27T20:00:00.0,bus-3-bus-4-i_6,160.97411796808152
2020-06-27T21:00:00.0,bus-3-bus-4-i_6,144.42419154802997
2020-06-27T22:00:00.0,bus-3-bus-4-i_6,128.9710147792626
2020-06-27T23:00:00.0,bus-3-bus-4-i_6,119.513947823141
2020-06-28T00:00:00.0,bus-3-bus-4-i_6,114.19534084555633
2020-06-28T01:00:00.0,bus-3-bus-4-i_6,116.59193489951375
2020-06-28T02:00:00.0,bus-3-bus-4-i_6,111.46333422128367
2020-06-28T03:00:00.0,bus-3-bus-4-i_6,107.58711385216193
2020-06-28T04:00:00.0,bus-3-bus-4-i_6,103.62007610367463
2020-06-28T05:00:00.0,bus-3-bus-4-i_6,103.34548777272848
2020-06-28T06:00:00.0,bus-3-bus-4-i_6,110.27292293664334
2020-06-28T07:00:00.0,bus-3-bus-4-i_6,113.98297527629285
2020-06-28T08:00:00.0,bus-3-bus-4-i_6,128.05228415613462
2020-06-28T09:00:00.0,bus-3-bus-4-i_6,146.12802606325138
2020-06-28T10:00:00.0,bus-3-bus-4-i_6,161.15874701466285
2020-06-28T11:00:00.0,bus-3-bus-4-i_6,171.43053528730863
2020-06-28T12:00:00.0,bus-3-bus-4-i_6,168.71937520634384
2020-06-28T13:00:00.0,bus-3-bus-4-i_6,163.57148470616218
2020-06-28T14:00:00.0,bus-3-bus-4-i_6,161.52280189734344
2020-06-28T15:00:00.0,bus-3-bus-4-i_6,161.1351811253575
2020-06-28T16:00:00.0,bus-3-bus-4-i_6,161.89194080854864
2020-06-28T17:00:00.0,bus-3-bus-4-i_6,164.10674249582956
2020-06-28T18:00:00.0,bus-3-bus-4-i_6,167.87081750161153
2020-06-28T19:00:00.0,bus-3-bus-4-i_6,169.3649631668337
2020-06-28T20:00:00.0,bus-3-bus-4-i_6,170.5610752966744
2020-06-28T21:00:00.0,bus-3-bus-4-i_6,156.35995253017154
2020-06-28T22:00:00.0,bus-3-bus-4-i_6,139.5452868821219
2020-06-28T23:00:00.0,bus-3-bus-4-i_6,119.55981954209139
2020-06-29T00:00:00.0,bus-3-bus-4-i_6,113.99547263592773
2020-06-29T01:00:00.0,bus-3-bus-4-i_6,116.37825646643675
2020-06-29T02:00:00.0,bus-3-bus-4-i_6,112.13487790084915
2020-06-29T03:00:00.0,bus-3-bus-4-i_6,110.70024267210829
2020-06-29T04:00:00.0,bus-3-bus-4-i_6,108.92997507570867
2020-06-29T05:00:00.0,bus-3-bus-4-i_6,111.15809446184564
2020-06-29T06:00:00.0,bus-3-bus-4-i_6,115.88746856532714
2020-06-29T07:00:00.0,bus-3-bus-4-i_6,116.67020344232296
2020-06-29T08:00:00.0,bus-3-bus-4-i_6,132.4633157518513
2020-06-29T09:00:00.0,bus-3-bus-4-i_6,144.9306923254092
2020-06-29T10:00:00.0,bus-3-bus-4-i_6,156.95966470098213
2020-06-29T11:00:00.0,bus-3-bus-4-i_6,170.6089443518529
2020-06-29T12:00:00.0,bus-3-bus-4-i_6,170.30559735872487
2020-06-29T13:00:00.0,bus-3-bus-4-i_6,166.54248582572885
2020-06-29T14:00:00.0,bus-3-bus-4-i_6,163.81146757829276
2020-06-29T15:00:00.0,bus-3-bus-4-i_6,162.11345080647814
2020-06-29T16:00:00.0,bus-3-bus-4-i_6,161.836567403887
2020-06-29T17:00:00.0,bus-3-bus-4-i_6,167.165470653514
2020-06-29T18:00:00.0,bus-3-bus-4-i_6,169.21821998798384
2020-06-29T19:00:00.0,bus-3-bus-4-i_6,170.06583718752978
2020-06-29T20:00:00.0,bus-3-bus-4-i_6,169.43346244847473
2020-06-29T21:00:00.0,bus-3-bus-4-i_6,154.14637517497087
2020-06-29T22:00:00.0,bus-3-bus-4-i_6,138.25711871889482
2020-06-29T23:00:00.0,bus-3-bus-4-i_6,124.14903416494187
2020-06-30T00:00:00.0,bus-3-bus-4-i_6,115.81418570439045
2020-06-30T01:00:00.0,bus-3-bus-4-i_6,113.4700529019081
2020-06-30T02:00:00.0,bus-3-bus-4-i_6,115.67602319663328
2020-06-30T03:00:00.0,bus-3-bus-4-i_6,113.99699407431414
2020-06-30T04:00:00.0,bus-3-bus-4-i_6,112.83696747856399
2020-06-30T05:00:00.0,bus-3-bus-4-i_6,111.9822131742012
2020-06-30T06:00:00.0,bus-3-bus-4-i_6,113.79602842159315
2020-06-30T07:00:00.0,bus-3-bus-4-i_6,116.16163553077867
2020-06-30T08:00:00.0,bus-3-bus-4-i_6,130.94670296063404
2020-06-30T09:00:00.0,bus-3-bus-4-i_6,147.32557103709334
2020-06-30T10:00:00.0,bus-3-bus-4-i_6,160.9279614257809
2020-06-30T11:00:00.0,bus-3-bus-4-i_6,171.74401137377083
2020-06-30T12:00:00.0,bus-3-bus-4-i_6,168.1475295074582
2020-06-30T13:00:00.0,bus-3-bus-4-i_6,164.73417375277205
2020-06-30T14:00:00.0,bus-3-bus-4-i_6,164.62345092971697
2020-06-30T15:00:00.0,bus-3-bus-4-i_6,167.8523550421932
2020-06-30T16:00:00.0,bus-3-bus-4-i_6,168.73782015801743
2020-06-30T17:00:00.0,bus-3-bus-4-i_6,171.26457092047693
2020-06-30T18:00:00.0,bus-3-bus-4-i_6,168.27624492040172
2020-06-30T19:00:00.0,bus-3-bus-4-i_6,164.6676929544853
2020-06-30T20:00:00.0,bus-3-bus-4-i_6,154.9303129106824
2020-06-30T21:00:00.0,bus-3-bus-4-i_6,140.0514067644984
2020-06-30T22:00:00.0,bus-3-bus-4-i_6,124.60812247558786
2020-06-30T23:00:00.0,bus-3-bus-4-i_6,114.78169991786136
2020-07-01T00:00:00.0,bus-3-bus-4-i_6,114.05795120027291
2020-07-01T01:00:00.0,bus-3-bus-4-i_6,117.20088673161939
2020-07-01T02:00:00.0,bus-3-bus-4-i_6,114.6990898730945
2020-07-01T03:00:00.0,bus-3-bus-4-i_6,114.48539108947486
2020-07-01T04:00:00.0,bus-3-bus-4-i_6,114.11910512978731
2020-07-01T05:00:00.0,bus-3-bus-4-i_6,116.37825646643675
2020-07-01T06:00:00.0,bus-3-bus-4-i_6,114.69444885279863
2020-07-01T07:00:00.0,bus-3-bus-4-i_6,124.42450196224655
2020-07-01T08:00:00.0,bus-3-bus-4-i_6,138.25711871889482
2020-07-01T09:00:00.0,bus-3-bus-4-i_6,147.6940461155694
2020-07-01T10:00:00.0,bus-3-bus-4-i_6,159.5434146797326
2020-07-01T11:00:00.0,bus-3-bus-4-i_6,168.9705570010777
2020-07-01T12:00:00.0,bus-3-bus-4-i_6,170.8773064882853
2020-07-01T13:00:00.0,bus-3-bus-4-i_6,169.12517961548338
2020-07-01T14:00:00.0,bus-3-bus-4-i_6,167.4834071086781
2020-07-01T15:00:00.0,bus-3-bus-4-i_6,167.73607753797546
2020-07-01T16:00:00.0,bus-3-bus-4-i_6,170.7482142463905
2020-07-01T17:00:00.0,bus-3-bus-4-i_6,171.90399690426185
2020-07-01T18:00:00.0,bus-3-bus-4-i_6,164.11351156102626
2020-07-01T19:00:00.0,bus-3-bus-4-i_6,163.8364444419782
2020-07-01T20:00:00.0,bus-3-bus-4-i_6,156.26770398395476
2020-07-01T21:00:00.0,bus-3-bus-4-i_6,142.85888254498008
2020-07-01T22:00:00.0,bus-3-bus-4-i_6,127.08774967489418
2020-07-01T23:00:00.0,bus-3-bus-4-i_6,115.50357680656869
2020-07-02T00:00:00.0,bus-3-bus-4-i_6,112.8152076184682
2020-07-02T01:00:00.0,bus-3-bus-4-i_6,114.11910512978731
2020-07-02T02:00:00.0,bus-3-bus-4-i_6,110.76129299746111
2020-07-02T03:00:00.0,bus-3-bus-4-i_6,110.15083272092224
2020-07-02T04:00:00.0,bus-3-bus-4-i_6,108.50269222418305
2020-07-02T05:00:00.0,bus-3-bus-4-i_6,110.33394611223781
2020-07-02T06:00:00.0,bus-3-bus-4-i_6,112.76477894692538
2020-07-02T07:00:00.0,bus-3-bus-4-i_6,121.62461432700209
2020-07-02T08:00:00.0,bus-3-bus-4-i_6,139.63732133892114
2020-07-02T09:00:00.0,bus-3-bus-4-i_6,152.80934379942065
2020-07-02T10:00:00.0,bus-3-bus-4-i_6,166.51759179595194
2020-07-02T11:00:00.0,bus-3-bus-4-i_6,170.12116703178071
2020-07-02T12:00:00.0,bus-3-bus-4-i_6,165.65677006512826
2020-07-02T13:00:00.0,bus-3-bus-4-i_6,161.2090234166415
2020-07-02T14:00:00.0,bus-3-bus-4-i_6,157.99733899604814
2020-07-02T15:00:00.0,bus-3-bus-4-i_6,156.6151125429433
2020-07-02T16:00:00.0,bus-3-bus-4-i_6,156.91696339044586
2020-07-02T17:00:00.0,bus-3-bus-4-i_6,159.4613851811213
2020-07-02T18:00:00.0,bus-3-bus-4-i_6,163.49766071907024
2020-07-02T19:00:00.0,bus-3-bus-4-i_6,165.1585640390462
2020-07-02T20:00:00.0,bus-3-bus-4-i_6,168.62713093111333
2020-07-02T21:00:00.0,bus-3-bus-4-i_6,165.77723552603956
2020-07-02T22:00:00.0,bus-3-bus-4-i_6,146.91101228545548
2020-07-02T23:00:00.0,bus-3-bus-4-i_6,130.5790898416735
2020-07-03T00:00:00.0,bus-3-bus-4-i_6,118.5964954233593
2020-07-03T01:00:00.0,bus-3-bus-4-i_6,114.58222942143166
2020-07-03T02:00:00.0,bus-3-bus-4-i_6,113.05854041906403
2020-07-03T03:00:00.0,bus-3-bus-4-i_6,117.1314692490675
2020-07-03T04:00:00.0,bus-3-bus-4-i_6,114.48539108947486
2020-07-03T05:00:00.0,bus-3-bus-4-i_6,115.64549341058337
2020-07-03T06:00:00.0,bus-3-bus-4-i_6,114.86891313619584
2020-07-03T07:00:00.0,bus-3-bus-4-i_6,124.60812247558786
2020-07-03T08:00:00.0,bus-3-bus-4-i_6,146.45042115431568
2020-07-03T09:00:00.0,bus-3-bus-4-i_6,159.82030123578102
2020-07-03T10:00:00.0,bus-3-bus-4-i_6,172.05746243372008
2020-07-03T11:00:00.0,bus-3-bus-4-i_6,166.78233796923413
2020-07-03T12:00:00.0,bus-3-bus-4-i_6,162.59334421920144
2020-07-03T13:00:00.0,bus-3-bus-4-i_6,158.52170077233842
2020-07-03T14:00:00.0,bus-3-bus-4-i_6,155.93199937821393
2020-07-03T15:00:00.0,bus-3-bus-4-i_6,154.82002167490606
2020-07-03T16:00:00.0,bus-3-bus-4-i_6,155.5825512731971
2020-07-03T17:00:00.0,bus-3-bus-4-i_6,158.83958258440208
2020-07-03T18:00:00.0,bus-3-bus-4-i_6,162.64871560660086
2020-07-03T19:00:00.0,bus-3-bus-4-i_6,163.9037377136095
2020-07-03T20:00:00.0,bus-3-bus-4-i_6,168.01840386297874
2020-07-03T21:00:00.0,bus-3-bus-4-i_6,170.6089443518529
2020-07-03T22:00:00.0,bus-3-bus-4-i_6,153.68523443397868
2020-07-03T23:00:00.0,bus-3-bus-4-i_6,139.82136949921002
2020-07-04T00:00:00.0,bus-3-bus-4-i_6,128.69538265299633
2020-07-04T01:00:00.0,bus-3-bus-4-i_6,117.63328786442196
2020-07-04T02:00:00.0,bus-3-bus-4-i_6,114.4200562706722
2020-07-04T03:00:00.0,bus-3-bus-4-i_6,112.8152076184682
2020-07-04T04:00:00.0,bus-3-bus-4-i_6,115.21812799052726
2020-07-04T05:00:00.0,bus-3-bus-4-i_6,112.92854517627732
2020-07-04T06:00:00.0,bus-3-bus-4-i_6,113.2813145946683
2020-07-04T07:00:00.0,bus-3-bus-4-i_6,123.32277066316718
2020-07-04T08:00:00.0,bus-3-bus-4-i_6,143.18112251896784
2020-07-04T09:00:00.0,bus-3-bus-4-i_6,158.3898433410735
2020-07-04T10:00:00.0,bus-3-bus-4-i_6,171.66361257637018
2020-07-04T11:00:00.0,bus-3-bus-4-i_6,167.22512440051415
2020-07-04T12:00:00.0,bus-3-bus-4-i_6,162.9809395610256
2020-07-04T13:00:00.0,bus-3-bus-4-i_6,159.0940399397106
2020-07-04T14:00:00.0,bus-3-bus-4-i_6,157.33001789404113
2020-07-04T15:00:00.0,bus-3-bus-4-i_6,158.60116263001908
2020-07-04T16:00:00.0,bus-3-bus-4-i_6,160.56309335957866
2020-07-04T17:00:00.0,bus-3-bus-4-i_6,162.75936112154488
2020-07-04T18:00:00.0,bus-3-bus-4-i_6,165.95205843623089
2020-07-04T19:00:00.0,bus-3-bus-4-i_6,166.70853827277875
2020-07-04T20:00:00.0,bus-3-bus-4-i_6,169.84450095587906
2020-07-04T21:00:00.0,bus-3-bus-4-i_6,167.85968642463132
2020-07-04T22:00:00.0,bus-3-bus-4-i_6,153.224263685931
2020-07-04T23:00:00.0,bus-3-bus-4-i_6,139.82136949921002
2020-07-05T00:00:00.0,bus-3-bus-4-i_6,128.0982177610092
2020-07-05T01:00:00.0,bus-3-bus-4-i_6,118.13779586429472
2020-07-05T02:00:00.0,bus-3-bus-4-i_6,114.17036711736182
2020-07-05T03:00:00.0,bus-3-bus-4-i_6,114.32156031905076
2020-07-05T04:00:00.0,bus-3-bus-4-i_6,114.18016089877972
2020-07-05T05:00:00.0,bus-3-bus-4-i_6,110.73076513842449
2020-07-05T06:00:00.0,bus-3-bus-4-i_6,112.7429434995578
2020-07-05T07:00:00.0,bus-3-bus-4-i_6,122.12939005668231
2020-07-05T08:00:00.0,bus-3-bus-4-i_6,143.0890523671515
2020-07-05T09:00:00.0,bus-3-bus-4-i_6,159.22039486269392
2020-07-05T10:00:00.0,bus-3-bus-4-i_6,171.90996063715437
2020-07-05T11:00:00.0,bus-3-bus-4-i_6,166.19960336675666
2020-07-05T12:00:00.0,bus-3-bus-4-i_6,162.35339908978753
2020-07-05T13:00:00.0,bus-3-bus-4-i_6,159.12586854003098
2020-07-05T14:00:00.0,bus-3-bus-4-i_6,158.23567219550267
2020-07-05T15:00:00.0,bus-3-bus-4-i_6,159.9730882905644
2020-07-05T16:00:00.0,bus-3-bus-4-i_6,159.7168360147947
2020-07-05T17:00:00.0,bus-3-bus-4-i_6,162.83328548065614
2020-07-05T18:00:00.0,bus-3-bus-4-i_6,166.17347325550688
2020-07-05T19:00:00.0,bus-3-bus-4-i_6,167.3542665050431
2020-07-05T20:00:00.0,bus-3-bus-4-i_6,170.6375621441785
2020-07-05T21:00:00.0,bus-3-bus-4-i_6,147.09525749223326
2020-07-05T22:00:00.0,bus-3-bus-4-i_6,152.4405475908448
2020-07-05T23:00:00.0,bus-3-bus-4-i_6,138.9011784254713
2020-07-06T00:00:00.0,bus-3-bus-4-i_6,127.82262085316513
2020-07-06T01:00:00.0,bus-3-bus-4-i_6,118.27541133590861
2020-07-06T02:00:00.0,bus-3-bus-4-i_6,115.16777445990705
2020-07-06T03:00:00.0,bus-3-bus-4-i_6,114.28274946677436
2020-07-06T04:00:00.0,bus-3-bus-4-i_6,113.10503808342875
2020-07-06T05:00:00.0,bus-3-bus-4-i_6,117.15811913986411
2020-07-06T06:00:00.0,bus-3-bus-4-i_6,113.44489154455282
2020-07-06T07:00:00.0,bus-3-bus-4-i_6,116.94535316347184
2020-07-06T08:00:00.0,bus-3-bus-4-i_6,130.16554868885464
2020-07-06T09:00:00.0,bus-3-bus-4-i_6,141.20188910142016
2020-07-06T10:00:00.0,bus-3-bus-4-i_6,150.55078207950325
2020-07-06T11:00:00.0,bus-3-bus-4-i_6,162.08196849110666
2020-07-06T12:00:00.0,bus-3-bus-4-i_6,165.9160441451774
2020-07-06T13:00:00.0,bus-3-bus-4-i_6,162.31279396960932
2020-07-06T14:00:00.0,bus-3-bus-4-i_6,160.83564941861357
2020-07-06T15:00:00.0,bus-3-bus-4-i_6,159.68185653359782
2020-07-06T16:00:00.0,bus-3-bus-4-i_6,161.25109370142985
2020-07-06T17:00:00.0,bus-3-bus-4-i_6,157.09798557456796
2020-07-06T18:00:00.0,bus-3-bus-4-i_6,154.14637517497087
2020-07-06T19:00:00.0,bus-3-bus-4-i_6,157.8361992902811
2020-07-06T20:00:00.0,bus-3-bus-4-i_6,151.5186448492595
2020-07-06T21:00:00.0,bus-3-bus-4-i_6,142.35253613396034
2020-07-06T22:00:00.0,bus-3-bus-4-i_6,129.70608792633277
2020-07-06T23:00:00.0,bus-3-bus-4-i_6,118.00022424588519
2020-07-07T00:00:00.0,bus-3-bus-4-i_6,114.70691375845692
2020-07-07T01:00:00.0,bus-3-bus-4-i_6,112.79001487249978
2020-07-07T02:00:00.0,bus-3-bus-4-i_6,116.71405909959884
2020-07-07T03:00:00.0,bus-3-bus-4-i_6,114.14963299421852
2020-07-07T04:00:00.0,bus-3-bus-4-i_6,112.50118219254921
2020-07-07T05:00:00.0,bus-3-bus-4-i_6,110.02874380826589
2020-07-07T06:00:00.0,bus-3-bus-4-i_6,108.71633220262822
2020-07-07T07:00:00.0,bus-3-bus-4-i_6,114.14963299421852
2020-07-07T08:00:00.0,bus-3-bus-4-i_6,114.4200562706722
2020-07-07T09:00:00.0,bus-3-bus-4-i_6,116.67020344232296
2020-07-07T10:00:00.0,bus-3-bus-4-i_6,126.76626841015441
2020-07-07T11:00:00.0,bus-3-bus-4-i_6,136.923188490783
2020-07-07T12:00:00.0,bus-3-bus-4-i_6,140.09745096401704
2020-07-07T13:00:00.0,bus-3-bus-4-i_6,137.42910430905843
2020-07-07T14:00:00.0,bus-3-bus-4-i_6,134.8997924320986
2020-07-07T15:00:00.0,bus-3-bus-4-i_6,132.922961870059
2020-07-07T16:00:00.0,bus-3-bus-4-i_6,134.39403717841859
2020-07-07T17:00:00.0,bus-3-bus-4-i_6,131.0386093268527
2020-07-07T18:00:00.0,bus-3-bus-4-i_6,126.3988795909935
2020-07-07T19:00:00.0,bus-3-bus-4-i_6,128.787258795857
2020-07-07T20:00:00.0,bus-3-bus-4-i_6,121.85405334968739
2020-07-07T21:00:00.0,bus-3-bus-4-i_6,118.5047688609262
2020-07-07T22:00:00.0,bus-3-bus-4-i_6,114.58222942143166
2020-07-07T23:00:00.0,bus-3-bus-4-i_6,116.19503546940138
2020-07-08T00:00:00.0,bus-3-bus-4-i_6,110.059266499798
2020-07-08T01:00:00.0,bus-3-bus-4-i_6,105.90863807576444
2020-07-08T02:00:00.0,bus-3-bus-4-i_6,103.28446435794085
2020-07-08T03:00:00.0,bus-3-bus-4-i_6,102.79631400992399
2020-07-08T04:00:00.0,bus-3-bus-4-i_6,102.12503011797263
2020-07-08T05:00:00.0,bus-3-bus-4-i_6,103.58956396047965
2020-07-08T06:00:00.0,bus-3-bus-4-i_6,112.01277713851835
2020-07-08T07:00:00.0,bus-3-bus-4-i_6,114.17036711736182
2020-07-08T08:00:00.0,bus-3-bus-4-i_6,124.69996244071105
2020-07-08T09:00:00.0,bus-3-bus-4-i_6,137.61305252325783
2020-07-08T10:00:00.0,bus-3-bus-4-i_6,149.260513467911
2020-07-08T11:00:00.0,bus-3-bus-4-i_6,162.45129291267733
2020-07-08T12:00:00.0,bus-3-bus-4-i_6,172.315526840468
2020-07-08T13:00:00.0,bus-3-bus-4-i_6,167.76011710848618
2020-07-08T14:00:00.0,bus-3-bus-4-i_6,167.98150329302098
2020-07-08T15:00:00.0,bus-3-bus-4-i_6,172.24085852163412
2020-07-08T16:00:00.0,bus-3-bus-4-i_6,163.28234826271435
2020-07-08T17:00:00.0,bus-3-bus-4-i_6,153.13205706688402
2020-07-08T18:00:00.0,bus-3-bus-4-i_6,150.59686765077234
2020-07-08T19:00:00.0,bus-3-bus-4-i_6,151.5186448492595
2020-07-08T20:00:00.0,bus-3-bus-4-i_6,144.70046001760977
2020-07-08T21:00:00.0,bus-3-bus-4-i_6,133.19876438691296
2020-07-08T22:00:00.0,bus-3-bus-4-i_6,118.27541133590861
2020-07-08T23:00:00.0,bus-3-bus-4-i_6,113.53296814309763
2020-07-09T00:00:00.0,bus-3-bus-4-i_6,115.40130863135118
2020-07-09T01:00:00.0,bus-3-bus-4-i_6,111.12753398678412
2020-07-09T02:00:00.0,bus-3-bus-4-i_6,108.07541674112161
2020-07-09T03:00:00.0,bus-3-bus-4-i_6,107.80074522211164
2020-07-09T04:00:00.0,bus-3-bus-4-i_6,107.40400304144843
2020-07-09T05:00:00.0,bus-3-bus-4-i_6,108.89945402729353
2020-07-09T06:00:00.0,bus-3-bus-4-i_6,115.67971808284403
2020-07-09T07:00:00.0,bus-3-bus-4-i_6,118.91759458673144
2020-07-09T08:00:00.0,bus-3-bus-4-i_6,136.04934992488512
2020-07-09T09:00:00.0,bus-3-bus-4-i_6,149.0301341930941
2020-07-09T10:00:00.0,bus-3-bus-4-i_6,162.8668073723445
2020-07-09T11:00:00.0,bus-3-bus-4-i_6,171.65181444249805
2020-07-09T12:00:00.0,bus-3-bus-4-i_6,169.99205005380543
2020-07-09T13:00:00.0,bus-3-bus-4-i_6,170.26871160064672
2020-07-09T14:00:00.0,bus-3-bus-4-i_6,171.79932863960636
2020-07-09T15:00:00.0,bus-3-bus-4-i_6,171.08781535738004
2020-07-09T16:00:00.0,bus-3-bus-4-i_6,172.07589926392336
2020-07-09T17:00:00.0,bus-3-bus-4-i_6,170.51321617287988
2020-07-09T18:00:00.0,bus-3-bus-4-i_6,162.4974600252809
2020-07-09T19:00:00.0,bus-3-bus-4-i_6,161.75882652529972
2020-07-09T20:00:00.0,bus-3-bus-4-i_6,153.5008910867885
2020-07-09T21:00:00.0,bus-3-bus-4-i_6,139.867382213911
2020-07-09T22:00:00.0,bus-3-bus-4-i_6,124.83769672351303
2020-07-09T23:00:00.0,bus-3-bus-4-i_6,114.81908497728604
2020-07-10T00:00:00.0,bus-3-bus-4-i_6,117.18423571946536
2020-07-10T01:00:00.0,bus-3-bus-4-i_6,112.56223282489285
2020-07-10T02:00:00.0,bus-3-bus-4-i_6,108.77737278555526
2020-07-10T03:00:00.0,bus-3-bus-4-i_6,107.61763243732192
2020-07-10T04:00:00.0,bus-3-bus-4-i_6,106.0917600584058
2020-07-10T05:00:00.0,bus-3-bus-4-i_6,107.15983132712306
2020-07-10T06:00:00.0,bus-3-bus-4-i_6,116.40878590564425
2020-07-10T07:00:00.0,bus-3-bus-4-i_6,116.16163553077867
2020-07-10T08:00:00.0,bus-3-bus-4-i_6,132.18754301592742
2020-07-10T09:00:00.0,bus-3-bus-4-i_6,144.42419154802997
2020-07-10T10:00:00.0,bus-3-bus-4-i_6,156.68289589083255
2020-07-10T11:00:00.0,bus-3-bus-4-i_6,167.9059696428223
2020-07-10T12:00:00.0,bus-3-bus-4-i_6,170.6744463380965
2020-07-10T13:00:00.0,bus-3-bus-4-i_6,168.6640218434871
2020-07-10T14:00:00.0,bus-3-bus-4-i_6,168.9038324522311
2020-07-10T15:00:00.0,bus-3-bus-4-i_6,168.62713093111333
2020-07-10T16:00:00.0,bus-3-bus-4-i_6,169.53096451762048
2020-07-10T17:00:00.0,bus-3-bus-4-i_6,171.9283989101105
2020-07-10T18:00:00.0,bus-3-bus-4-i_6,165.22211596192815
2020-07-10T19:00:00.0,bus-3-bus-4-i_6,163.79026786029016
2020-07-10T20:00:00.0,bus-3-bus-4-i_6,153.224263685931
2020-07-10T21:00:00.0,bus-3-bus-4-i_6,140.2354959455064
2020-07-10T22:00:00.0,bus-3-bus-4-i_6,126.16925226475755
2020-07-10T23:00:00.0,bus-3-bus-4-i_6,115.2299803024851
2020-07-11T00:00:00.0,bus-3-bus-4-i_6,115.4716331534765
2020-07-11T01:00:00.0,bus-3-bus-4-i_6,113.32538983235744
2020-07-11T02:00:00.0,bus-3-bus-4-i_6,109.99822162512287
2020-07-11T03:00:00.0,bus-3-bus-4-i_6,108.10590703289158
2020-07-11T04:00:00.0,bus-3-bus-4-i_6,105.69505233989234
2020-07-11T05:00:00.0,bus-3-bus-4-i_6,103.52853936555184
2020-07-11T06:00:00.0,bus-3-bus-4-i_6,106.45793264126522
2020-07-11T07:00:00.0,bus-3-bus-4-i_6,114.14963299421852
2020-07-11T08:00:00.0,bus-3-bus-4-i_6,114.59470044123046
2020-07-11T09:00:00.0,bus-3-bus-4-i_6,124.7917849546641
2020-07-11T10:00:00.0,bus-3-bus-4-i_6,141.15586726330125
2020-07-11T11:00:00.0,bus-3-bus-4-i_6,155.62207715037326
2020-07-11T12:00:00.0,bus-3-bus-4-i_6,168.36881643220474
2020-07-11T13:00:00.0,bus-3-bus-4-i_6,169.54940893015112
2020-07-11T14:00:00.0,bus-3-bus-4-i_6,166.3210803699435
2020-07-11T15:00:00.0,bus-3-bus-4-i_6,165.26928086166876
2020-07-11T16:00:00.0,bus-3-bus-4-i_6,167.55719956986437
2020-07-11T17:00:00.0,bus-3-bus-4-i_6,172.44423443505613
2020-07-11T18:00:00.0,bus-3-bus-4-i_6,161.62034195781715
2020-07-11T19:00:00.0,bus-3-bus-4-i_6,159.86645010295044
2020-07-11T20:00:00.0,bus-3-bus-4-i_6,152.3943765917295
2020-07-11T21:00:00.0,bus-3-bus-4-i_6,142.85888254498008
2020-07-11T22:00:00.0,bus-3-bus-4-i_6,129.70608792633277
2020-07-11T23:00:00.0,bus-3-bus-4-i_6,115.98798421441398
2020-07-12T00:00:00.0,bus-3-bus-4-i_6,113.02946103315558
2020-07-12T01:00:00.0,bus-3-bus-4-i_6,114.33279467425872
2020-07-12T02:00:00.0,bus-3-bus-4-i_6,110.24239996825615
2020-07-12T03:00:00.0,bus-3-bus-4-i_6,107.19037613110616
2020-07-12T04:00:00.0,bus-3-bus-4-i_6,103.77263862824498
2020-07-12T05:00:00.0,bus-3-bus-4-i_6,102.43013194128672
2020-07-12T06:00:00.0,bus-3-bus-4-i_6,110.33394611223781
2020-07-12T07:00:00.0,bus-3-bus-4-i_6,113.83295326175282
2020-07-12T08:00:00.0,bus-3-bus-4-i_6,126.26111385850176
2020-07-12T09:00:00.0,bus-3-bus-4-i_6,142.16841951292488
2020-07-12T10:00:00.0,bus-3-bus-4-i_6,156.17553954329426
2020-07-12T11:00:00.0,bus-3-bus-4-i_6,166.9340792322649
2020-07-12T12:00:00.0,bus-3-bus-4-i_6,171.61493517516786
2020-07-12T13:00:00.0,bus-3-bus-4-i_6,170.41625366467784
2020-07-12T14:00:00.0,bus-3-bus-4-i_6,162.26662826277143
2020-07-12T15:00:00.0,bus-3-bus-4-i_6,152.62494323334067
2020-07-12T16:00:00.0,bus-3-bus-4-i_6,154.33081731465825
2020-07-12T17:00:00.0,bus-3-bus-4-i_6,153.63920903116548
2020-07-12T18:00:00.0,bus-3-bus-4-i_6,144.8385984658414
2020-07-12T19:00:00.0,bus-3-bus-4-i_6,144.70046001760977
2020-07-12T20:00:00.0,bus-3-bus-4-i_6,137.47512800929655
2020-07-12T21:00:00.0,bus-3-bus-4-i_6,126.9958963173446
2020-07-12T22:00:00.0,bus-3-bus-4-i_6,115.83901866940668
2020-07-12T23:00:00.0,bus-3-bus-4-i_6,113.6907514673714
2020-07-13T00:00:00.0,bus-3-bus-4-i_6,112.13487790084915
2020-07-13T01:00:00.0,bus-3-bus-4-i_6,107.19037613110616
2020-07-13T02:00:00.0,bus-3-bus-4-i_6,103.86419800479871
2020-07-13T03:00:00.0,bus-3-bus-4-i_6,103.34548777272848
2020-07-13T04:00:00.0,bus-3-bus-4-i_6,102.61319533209145
2020-07-13T05:00:00.0,bus-3-bus-4-i_6,104.23036027019288
2020-07-13T06:00:00.0,bus-3-bus-4-i_6,113.23381048528674
2020-07-13T07:00:00.0,bus-3-bus-4-i_6,114.88137154107845
2020-07-13T08:00:00.0,bus-3-bus-4-i_6,127.91448529155215
2020-07-13T09:00:00.0,bus-3-bus-4-i_6,140.74168482657987
2020-07-13T10:00:00.0,bus-3-bus-4-i_6,154.79194468768696
2020-07-13T11:00:00.0,bus-3-bus-4-i_6,169.3871711419782
2020-07-13T12:00:00.0,bus-3-bus-4-i_6,168.51646627094553
2020-07-13T13:00:00.0,bus-3-bus-4-i_6,164.1621067784689
2020-07-13T14:00:00.0,bus-3-bus-4-i_6,160.96908445726982
2020-07-13T15:00:00.0,bus-3-bus-4-i_6,159.52648121621644
2020-07-13T16:00:00.0,bus-3-bus-4-i_6,160.10198628049554
2020-07-13T17:00:00.0,bus-3-bus-4-i_6,163.16545164882166
2020-07-13T18:00:00.0,bus-3-bus-4-i_6,167.53873892377626
2020-07-13T19:00:00.0,bus-3-bus-4-i_6,169.78916940576872
2020-07-13T20:00:00.0,bus-3-bus-4-i_6,167.53571144027063
2020-07-13T21:00:00.0,bus-3-bus-4-i_6,150.8733620579922
2020-07-13T22:00:00.0,bus-3-bus-4-i_6,132.8310301768703
2020-07-13T23:00:00.0,bus-3-bus-4-i_6,116.33391352175036
2020-07-14T00:00:00.0,bus-3-bus-4-i_6,113.25613823623588
2020-07-14T01:00:00.0,bus-3-bus-4-i_6,115.18759855610008
2020-07-14T02:00:00.0,bus-3-bus-4-i_6,111.76854028771308
2020-07-14T03:00:00.0,bus-3-bus-4-i_6,111.0054761153978
2020-07-14T04:00:00.0,bus-3-bus-4-i_6,109.63195930847166
2020-07-14T05:00:00.0,bus-3-bus-4-i_6,111.46333422128367
2020-07-14T06:00:00.0,bus-3-bus-4-i_6,113.41974878649432
2020-07-14T07:00:00.0,bus-3-bus-4-i_6,122.726034795416
2020-07-14T08:00:00.0,bus-3-bus-4-i_6,141.0178036162519
2020-07-14T09:00:00.0,bus-3-bus-4-i_6,154.0080468730244
2020-07-14T10:00:00.0,bus-3-bus-4-i_6,168.83168986708887
2020-07-14T11:00:00.0,bus-3-bus-4-i_6,168.1475295074582
2020-07-14T12:00:00.0,bus-3-bus-4-i_6,163.7560381002078
2020-07-14T13:00:00.0,bus-3-bus-4-i_6,160.48927403538607
2020-07-14T14:00:00.0,bus-3-bus-4-i_6,158.60116263001908
2020-07-14T15:00:00.0,bus-3-bus-4-i_6,157.8702187006896
2020-07-14T16:00:00.0,bus-3-bus-4-i_6,158.47402613406797
2020-07-14T17:00:00.0,bus-3-bus-4-i_6,161.41205566410113
2020-07-14T18:00:00.0,bus-3-bus-4-i_6,166.09966886145907
2020-07-14T19:00:00.0,bus-3-bus-4-i_6,168.0552787727882
2020-07-14T20:00:00.0,bus-3-bus-4-i_6,169.75401417575546
2020-07-14T21:00:00.0,bus-3-bus-4-i_6,153.36257597182046
2020-07-14T22:00:00.0,bus-3-bus-4-i_6,133.75037880810603
2020-07-14T23:00:00.0,bus-3-bus-4-i_6,117.63328786442196
2020-07-15T00:00:00.0,bus-3-bus-4-i_6,113.57069892408876
2020-07-15T01:00:00.0,bus-3-bus-4-i_6,115.24865723610243
2020-07-15T02:00:00.0,bus-3-bus-4-i_6,111.34123793042363
2020-07-15T03:00:00.0,bus-3-bus-4-i_6,109.78453530186184
2020-07-15T04:00:00.0,bus-3-bus-4-i_6,107.95331107578751
2020-07-15T05:00:00.0,bus-3-bus-4-i_6,109.17414051795606
2020-07-15T06:00:00.0,bus-3-bus-4-i_6,117.20088673161939
2020-07-15T07:00:00.0,bus-3-bus-4-i_6,116.57848942608702
2020-07-15T08:00:00.0,bus-3-bus-4-i_6,132.64717049160015
2020-07-15T09:00:00.0,bus-3-bus-4-i_6,144.42419154802997
2020-07-15T10:00:00.0,bus-3-bus-4-i_6,156.63670561995016
2020-07-15T11:00:00.0,bus-3-bus-4-i_6,168.69282507196684
2020-07-15T12:00:00.0,bus-3-bus-4-i_6,169.86294473057325
2020-07-15T13:00:00.0,bus-3-bus-4-i_6,167.04063271619884
2020-07-15T14:00:00.0,bus-3-bus-4-i_6,162.55642981950987
2020-07-15T15:00:00.0,bus-3-bus-4-i_6,160.82142111404036
2020-07-15T16:00:00.0,bus-3-bus-4-i_6,161.11673776481405
2020-07-15T17:00:00.0,bus-3-bus-4-i_6,163.2023641091708
2020-07-15T18:00:00.0,bus-3-bus-4-i_6,167.70478549383162
2020-07-15T19:00:00.0,bus-3-bus-4-i_6,170.71133037248018
2020-07-15T20:00:00.0,bus-3-bus-4-i_6,164.52914062264858
2020-07-15T21:00:00.0,bus-3-bus-4-i_6,148.10869548609028
2020-07-15T22:00:00.0,bus-3-bus-4-i_6,129.70608792633277
2020-07-15T23:00:00.0,bus-3-bus-4-i_6,115.66512976320729
2020-07-16T00:00:00.0,bus-3-bus-4-i_6,114.0064172791976
2020-07-16T01:00:00.0,bus-3-bus-4-i_6,113.26433716616229
2020-07-16T02:00:00.0,bus-3-bus-4-i_6,109.08257795892374
2020-07-16T03:00:00.0,bus-3-bus-4-i_6,108.22794738398258
2020-07-16T04:00:00.0,bus-3-bus-4-i_6,107.00726977045032
2020-07-16T05:00:00.0,bus-3-bus-4-i_6,108.16694565688331
2020-07-16T06:00:00.0,bus-3-bus-4-i_6,117.20177126012454
2020-07-16T07:00:00.0,bus-3-bus-4-i_6,117.63328786442196
2020-07-16T08:00:00.0,bus-3-bus-4-i_6,135.7274728310236
2020-07-16T09:00:00.0,bus-3-bus-4-i_6,149.3065902626557
2020-07-16T10:00:00.0,bus-3-bus-4-i_6,166.19367414532599
2020-07-16T11:00:00.0,bus-3-bus-4-i_6,169.14362485115015
2020-07-16T12:00:00.0,bus-3-bus-4-i_6,164.73417375277205
2020-07-16T13:00:00.0,bus-3-bus-4-i_6,160.41546163777753
2020-07-16T14:00:00.0,bus-3-bus-4-i_6,157.39356623780876
2020-07-16T15:00:00.0,bus-3-bus-4-i_6,155.90022695431537
2020-07-16T16:00:00.0,bus-3-bus-4-i_6,156.17029341331937
2020-07-16T17:00:00.0,bus-3-bus-4-i_6,158.28334094646573
2020-07-16T18:00:00.0,bus-3-bus-4-i_6,162.03962003891448
2020-07-16T19:00:00.0,bus-3-bus-4-i_6,165.19546979655763
2020-07-16T20:00:00.0,bus-3-bus-4-i_6,171.04327930593962
2020-07-16T21:00:00.0,bus-3-bus-4-i_6,158.29756615773275
2020-07-16T22:00:00.0,bus-3-bus-4-i_6,138.94718502712394
2020-07-16T23:00:00.0,bus-3-bus-4-i_6,122.2670727306726
2020-07-17T00:00:00.0,bus-3-bus-4-i_6,114.94366511224979
2020-07-17T01:00:00.0,bus-3-bus-4-i_6,115.99123010768231
2020-07-17T02:00:00.0,bus-3-bus-4-i_6,115.00442550881331
2020-07-17T03:00:00.0,bus-3-bus-4-i_6,113.41697044818343
2020-07-17T04:00:00.0,bus-3-bus-4-i_6,112.256938473302
2020-07-17T05:00:00.0,bus-3-bus-4-i_6,111.76854028771308
2020-07-17T06:00:00.0,bus-3-bus-4-i_6,114.21657609700067
2020-07-17T07:00:00.0,bus-3-bus-4-i_6,120.56921509043181
2020-07-17T08:00:00.0,bus-3-bus-4-i_6,139.59131007598853
2020-07-17T09:00:00.0,bus-3-bus-4-i_6,158.75896471051695
2020-07-17T10:00:00.0,bus-3-bus-4-i_6,170.8035397547953
2020-07-17T11:00:00.0,bus-3-bus-4-i_6,165.1585640390462
2020-07-17T12:00:00.0,bus-3-bus-4-i_6,160.1388452940376
2020-07-17T13:00:00.0,bus-3-bus-4-i_6,155.74136520666485
2020-07-17T14:00:00.0,bus-3-bus-4-i_6,152.83426511018382
2020-07-17T15:00:00.0,bus-3-bus-4-i_6,151.43628742556535
2020-07-17T16:00:00.0,bus-3-bus-4-i_6,151.67460340469256
2020-07-17T17:00:00.0,bus-3-bus-4-i_6,154.05747998999374
2020-07-17T18:00:00.0,bus-3-bus-4-i_6,157.83844272636358
2020-07-17T19:00:00.0,bus-3-bus-4-i_6,160.21258710772753
2020-07-17T20:00:00.0,bus-3-bus-4-i_6,165.65677006512826
2020-07-17T21:00:00.0,bus-3-bus-4-i_6,171.75973114721464
2020-07-17T22:00:00.0,bus-3-bus-4-i_6,152.80934379942065
2020-07-17T23:00:00.0,bus-3-bus-4-i_6,136.04934992488512
2020-07-18T00:00:00.0,bus-3-bus-4-i_6,122.45068227124467
2020-07-18T01:00:00.0,bus-3-bus-4-i_6,115.21753724790503
2020-07-18T02:00:00.0,bus-3-bus-4-i_6,112.86564894308795
2020-07-18T03:00:00.0,bus-3-bus-4-i_6,116.31719775188026
2020-07-18T04:00:00.0,bus-3-bus-4-i_6,113.29486388842054
2020-07-18T05:00:00.0,bus-3-bus-4-i_6,111.03599967389977
2020-07-18T06:00:00.0,bus-3-bus-4-i_6,115.36747833971586
2020-07-18T07:00:00.0,bus-3-bus-4-i_6,122.2211781995818
2020-07-18T08:00:00.0,bus-3-bus-4-i_6,145.4372307734909
2020-07-18T09:00:00.0,bus-3-bus-4-i_6,165.08344142571903
2020-07-18T10:00:00.0,bus-3-bus-4-i_6,167.22512440051415
2020-07-18T11:00:00.0,bus-3-bus-4-i_6,159.7168360147947
2020-07-18T12:00:00.0,bus-3-bus-4-i_6,155.8684546348132
2020-07-18T13:00:00.0,bus-3-bus-4-i_6,152.43714372997297
2020-07-18T14:00:00.0,bus-3-bus-4-i_6,150.27666994455672
2020-07-18T15:00:00.0,bus-3-bus-4-i_6,149.06180094601234
2020-07-18T16:00:00.0,bus-3-bus-4-i_6,149.53863976145257
2020-07-18T17:00:00.0,bus-3-bus-4-i_6,152.15120003390047
2020-07-18T18:00:00.0,bus-3-bus-4-i_6,155.8049099022447
2020-07-18T19:00:00.0,bus-3-bus-4-i_6,158.07676719987757
2020-07-18T20:00:00.0,bus-3-bus-4-i_6,162.94402619760095
2020-07-18T21:00:00.0,bus-3-bus-4-i_6,169.86294473057325
2020-07-18T22:00:00.0,bus-3-bus-4-i_6,160.46641409981768
2020-07-18T23:00:00.0,bus-3-bus-4-i_6,143.54941559656942
2020-07-19T00:00:00.0,bus-3-bus-4-i_6,129.98176074422847
2020-07-19T01:00:00.0,bus-3-bus-4-i_6,118.68823651338765
2020-07-19T02:00:00.0,bus-3-bus-4-i_6,114.70691375845692
2020-07-19T03:00:00.0,bus-3-bus-4-i_6,113.1176325130087
2020-07-19T04:00:00.0,bus-3-bus-4-i_6,116.16454861984202
2020-07-19T05:00:00.0,bus-3-bus-4-i_6,113.8748786220412
2020-07-19T06:00:00.0,bus-3-bus-4-i_6,113.57069892408876
2020-07-19T07:00:00.0,bus-3-bus-4-i_6,125.61824379721538
2020-07-19T08:00:00.0,bus-3-bus-4-i_6,147.32557103709334
2020-07-19T09:00:00.0,bus-3-bus-4-i_6,165.6846981472676
2020-07-19T10:00:00.0,bus-3-bus-4-i_6,167.72322108740215
2020-07-19T11:00:00.0,bus-3-bus-4-i_6,160.8029660676836
2020-07-19T12:00:00.0,bus-3-bus-4-i_6,156.8375251969435
2020-07-19T13:00:00.0,bus-3-bus-4-i_6,152.8659945752966
2020-07-19T14:00:00.0,bus-3-bus-4-i_6,150.21312816127195
2020-07-19T15:00:00.0,bus-3-bus-4-i_6,148.90913642645845
2020-07-19T16:00:00.0,bus-3-bus-4-i_6,149.38616798042807
2020-07-19T17:00:00.0,bus-3-bus-4-i_6,151.45220307046006
2020-07-19T18:00:00.0,bus-3-bus-4-i_6,155.36014611279256
2020-07-19T19:00:00.0,bus-3-bus-4-i_6,156.50390708993336
2020-07-19T20:00:00.0,bus-3-bus-4-i_6,160.63689907562332
2020-07-19T21:00:00.0,bus-3-bus-4-i_6,166.62477725111447
2020-07-19T22:00:00.0,bus-3-bus-4-i_6,168.83168986708887
2020-07-19T23:00:00.0,bus-3-bus-4-i_6,154.9303129106824
2020-07-20T00:00:00.0,bus-3-bus-4-i_6,143.779608904103
2020-07-20T01:00:00.0,bus-3-bus-4-i_6,132.04966076812624
2020-07-20T02:00:00.0,bus-3-bus-4-i_6,123.96542572738703
2020-07-20T03:00:00.0,bus-3-bus-4-i_6,121.67050493001727
2020-07-20T04:00:00.0,bus-3-bus-4-i_6,121.11983801294531
2020-07-20T05:00:00.0,bus-3-bus-4-i_6,121.62461432700209
2020-07-20T06:00:00.0,bus-3-bus-4-i_6,136.23330107284067
2020-07-20T07:00:00.0,bus-3-bus-4-i_6,154.8380591557844
2020-07-20T08:00:00.0,bus-3-bus-4-i_6,172.09433582113687
2020-07-20T09:00:00.0,bus-3-bus-4-i_6,166.78233796923413
2020-07-20T10:00:00.0,bus-3-bus-4-i_6,161.11673776481405
2020-07-20T11:00:00.0,bus-3-bus-4-i_6,156.742205183456
2020-07-20T12:00:00.0,bus-3-bus-4-i_6,153.9303928937972
2020-07-20T13:00:00.0,bus-3-bus-4-i_6,150.62617325853108
2020-07-20T14:00:00.0,bus-3-bus-4-i_6,147.99303852792872
2020-07-20T15:00:00.0,bus-3-bus-4-i_6,146.24373891658345
2020-07-20T16:00:00.0,bus-3-bus-4-i_6,148.24116796722407
2020-07-20T17:00:00.0,bus-3-bus-4-i_6,150.65792362246776
2020-07-20T18:00:00.0,bus-3-bus-4-i_6,152.8819305903612
2020-07-20T19:00:00.0,bus-3-bus-4-i_6,154.31167170466605
2020-07-20T20:00:00.0,bus-3-bus-4-i_6,164.97406904352627
2020-07-20T21:00:00.0,bus-3-bus-4-i_6,162.6359627229467
2020-07-20T22:00:00.0,bus-3-bus-4-i_6,140.28151156130951
2020-07-20T23:00:00.0,bus-3-bus-4-i_6,129.52231221511872
2020-07-21T00:00:00.0,bus-3-bus-4-i_6,119.28459985371502
2020-07-21T01:00:00.0,bus-3-bus-4-i_6,114.59470044123046
2020-07-21T02:00:00.0,bus-3-bus-4-i_6,112.90345923296587
2020-07-21T03:00:00.0,bus-3-bus-4-i_6,114.11152494604117
2020-07-21T04:00:00.0,bus-3-bus-4-i_6,112.75217053447074
2020-07-21T05:00:00.0,bus-3-bus-4-i_6,112.94126502323888
2020-07-21T06:00:00.0,bus-3-bus-4-i_6,114.08293878368355
2020-07-21T07:00:00.0,bus-3-bus-4-i_6,114.70691375845692
2020-07-21T08:00:00.0,bus-3-bus-4-i_6,137.15313109074958
2020-07-21T09:00:00.0,bus-3-bus-4-i_6,150.22819186095728
2020-07-21T10:00:00.0,bus-3-bus-4-i_6,165.40711392574968
2020-07-21T11:00:00.0,bus-3-bus-4-i_6,169.10673434124192
2020-07-21T12:00:00.0,bus-3-bus-4-i_6,164.6419048164566
2020-07-21T13:00:00.0,bus-3-bus-4-i_6,160.45237364656373
2020-07-21T14:00:00.0,bus-3-bus-4-i_6,157.07582274546687
2020-07-21T15:00:00.0,bus-3-bus-4-i_6,154.86767959890577
2020-07-21T16:00:00.0,bus-3-bus-4-i_6,154.62939020987406
2020-07-21T17:00:00.0,bus-3-bus-4-i_6,156.09086181486856
2020-07-21T18:00:00.0,bus-3-bus-4-i_6,158.8237021231431
2020-07-21T19:00:00.0,bus-3-bus-4-i_6,159.18955278644057
2020-07-21T20:00:00.0,bus-3-bus-4-i_6,164.1436384619428
2020-07-21T21:00:00.0,bus-3-bus-4-i_6,170.39781103707327
2020-07-21T22:00:00.0,bus-3-bus-4-i_6,159.95874878715898
2020-07-21T23:00:00.0,bus-3-bus-4-i_6,145.25303056541475
2020-07-22T00:00:00.0,bus-3-bus-4-i_6,133.7963745886453
2020-07-22T01:00:00.0,bus-3-bus-4-i_6,125.02134687052389
2020-07-22T02:00:00.0,bus-3-bus-4-i_6,119.05519997426732
2020-07-22T03:00:00.0,bus-3-bus-4-i_6,117.03708406474871
2020-07-22T04:00:00.0,bus-3-bus-4-i_6,116.21124025589538
2020-07-22T05:00:00.0,bus-3-bus-4-i_6,115.86383706619037
2020-07-22T06:00:00.0,bus-3-bus-4-i_6,122.12939005668231
2020-07-22T07:00:00.0,bus-3-bus-4-i_6,133.75037880810603
2020-07-22T08:00:00.0,bus-3-bus-4-i_6,148.75368939934825
2020-07-22T09:00:00.0,bus-3-bus-4-i_6,163.8364444419782
2020-07-22T10:00:00.0,bus-3-bus-4-i_6,169.05139841115698
2020-07-22T11:00:00.0,bus-3-bus-4-i_6,165.0109396507617
2020-07-22T12:00:00.0,bus-3-bus-4-i_6,165.63837813474632
2020-07-22T13:00:00.0,bus-3-bus-4-i_6,167.63099281619452
2020-07-22T14:00:00.0,bus-3-bus-4-i_6,167.3542665050431
2020-07-22T15:00:00.0,bus-3-bus-4-i_6,169.21821998798384
2020-07-22T16:00:00.0,bus-3-bus-4-i_6,171.50429591329615
2020-07-22T17:00:00.0,bus-3-bus-4-i_6,167.44314959723542
2020-07-22T18:00:00.0,bus-3-bus-4-i_6,166.74897067350156
2020-07-22T19:00:00.0,bus-3-bus-4-i_6,168.09110509255515
2020-07-22T20:00:00.0,bus-3-bus-4-i_6,159.68185653359782
2020-07-22T21:00:00.0,bus-3-bus-4-i_6,147.23339313243525
2020-07-22T22:00:00.0,bus-3-bus-4-i_6,132.00367797967365
2020-07-22T23:00:00.0,bus-3-bus-4-i_6,118.55062241454668
2020-07-23T00:00:00.0,bus-3-bus-4-i_6,114.15787744251556
2020-07-23T01:00:00.0,bus-3-bus-4-i_6,116.94971032486224
2020-07-23T02:00:00.0,bus-3-bus-4-i_6,114.21068881240637
2020-07-23T03:00:00.0,bus-3-bus-4-i_6,113.32538983235744
2020-07-23T04:00:00.0,bus-3-bus-4-i_6,113.93593878868842
2020-07-23T05:00:00.0,bus-3-bus-4-i_6,114.05804952149312
2020-07-23T06:00:00.0,bus-3-bus-4-i_6,112.86564894308795
2020-07-23T07:00:00.0,bus-3-bus-4-i_6,120.52331493325244
2020-07-23T08:00:00.0,bus-3-bus-4-i_6,141.06382452072836
2020-07-23T09:00:00.0,bus-3-bus-4-i_6,157.7900643295162
2020-07-23T10:00:00.0,bus-3-bus-4-i_6,171.39365466144656
2020-07-23T11:00:00.0,bus-3-bus-4-i_6,164.91870908534315
2020-07-23T12:00:00.0,bus-3-bus-4-i_6,159.75309521842235
2020-07-23T13:00:00.0,bus-3-bus-4-i_6,155.8049099022447
2020-07-23T14:00:00.0,bus-3-bus-4-i_6,153.23143331162652
2020-07-23T15:00:00.0,bus-3-bus-4-i_6,155.5825512731971
2020-07-23T16:00:00.0,bus-3-bus-4-i_6,162.77791477674754
2020-07-23T17:00:00.0,bus-3-bus-4-i_6,167.1697772555861
2020-07-23T18:00:00.0,bus-3-bus-4-i_6,170.58222209057962
2020-07-23T19:00:00.0,bus-3-bus-4-i_6,170.47158131379106
2020-07-23T20:00:00.0,bus-3-bus-4-i_6,168.9705570010777
2020-07-23T21:00:00.0,bus-3-bus-4-i_6,155.62207715037326
2020-07-23T22:00:00.0,bus-3-bus-4-i_6,141.29393371138087
2020-07-23T23:00:00.0,bus-3-bus-4-i_6,127.13367681523103
2020-07-24T00:00:00.0,bus-3-bus-4-i_6,116.94535316347184
2020-07-24T01:00:00.0,bus-3-bus-4-i_6,114.59470044123046
2020-07-24T02:00:00.0,bus-3-bus-4-i_6,113.35683164144099
2020-07-24T03:00:00.0,bus-3-bus-4-i_6,112.8152076184682
2020-07-24T04:00:00.0,bus-3-bus-4-i_6,113.37463093244541
2020-07-24T05:00:00.0,bus-3-bus-4-i_6,112.87825287295131
2020-07-24T06:00:00.0,bus-3-bus-4-i_6,118.77996587755165
2020-07-24T07:00:00.0,bus-3-bus-4-i_6,137.88911186811845
2020-07-24T08:00:00.0,bus-3-bus-4-i_6,156.72895913189237
2020-07-24T09:00:00.0,bus-3-bus-4-i_6,171.75973114721464
2020-07-24T10:00:00.0,bus-3-bus-4-i_6,166.6162878130661
2020-07-24T11:00:00.0,bus-3-bus-4-i_6,161.393598028128
2020-07-24T12:00:00.0,bus-3-bus-4-i_6,157.12348318802975
2020-07-24T13:00:00.0,bus-3-bus-4-i_6,153.75564823186076
2020-07-24T14:00:00.0,bus-3-bus-4-i_6,151.24571381692633
2020-07-24T15:00:00.0,bus-3-bus-4-i_6,149.97487108493002
2020-07-24T16:00:00.0,bus-3-bus-4-i_6,150.46731741560217
2020-07-24T17:00:00.0,bus-3-bus-4-i_6,152.51651676844412
2020-07-24T18:00:00.0,bus-3-bus-4-i_6,155.99554440602253
2020-07-24T19:00:00.0,bus-3-bus-4-i_6,158.01322742837743
2020-07-24T20:00:00.0,bus-3-bus-4-i_6,162.96248289228865
2020-07-24T21:00:00.0,bus-3-bus-4-i_6,169.14362485115015
2020-07-24T22:00:00.0,bus-3-bus-4-i_6,162.5436271228215
2020-07-24T23:00:00.0,bus-3-bus-4-i_6,147.5558922988427
2020-07-25T00:00:00.0,bus-3-bus-4-i_6,138.25711871889482
2020-07-25T01:00:00.0,bus-3-bus-4-i_6,129.29257854696962
2020-07-25T02:00:00.0,bus-3-bus-4-i_6,121.53283404002411
2020-07-25T03:00:00.0,bus-3-bus-4-i_6,117.6791518412801
2020-07-25T04:00:00.0,bus-3-bus-4-i_6,115.96313816915603
2020-07-25T05:00:00.0,bus-3-bus-4-i_6,115.46629418089103
2020-07-25T06:00:00.0,bus-3-bus-4-i_6,123.78176282056855
2020-07-25T07:00:00.0,bus-3-bus-4-i_6,140.37354372594567
2020-07-25T08:00:00.0,bus-3-bus-4-i_6,155.02254396062872
2020-07-25T09:00:00.0,bus-3-bus-4-i_6,156.8212787673994
2020-07-25T10:00:00.0,bus-3-bus-4-i_6,158.8512482123233
2020-07-25T11:00:00.0,bus-3-bus-4-i_6,162.40512635608044
2020-07-25T12:00:00.0,bus-3-bus-4-i_6,169.61794501613002
2020-07-25T13:00:00.0,bus-3-bus-4-i_6,171.13548493771336
2020-07-25T14:00:00.0,bus-3-bus-4-i_6,168.9960620201291
2020-07-25T15:00:00.0,bus-3-bus-4-i_6,165.28773355289673
2020-07-25T16:00:00.0,bus-3-bus-4-i_6,163.49766071907024
2020-07-25T17:00:00.0,bus-3-bus-4-i_6,165.3061862099447
2020-07-25T18:00:00.0,bus-3-bus-4-i_6,167.6863249402321
2020-07-25T19:00:00.0,bus-3-bus-4-i_6,167.07753141580875
2020-07-25T20:00:00.0,bus-3-bus-4-i_6,170.3240401800032
2020-07-25T21:00:00.0,bus-3-bus-4-i_6,165.45337370786854
2020-07-25T22:00:00.0,bus-3-bus-4-i_6,152.16389198980517
2020-07-25T23:00:00.0,bus-3-bus-4-i_6,139.49928848261058
2020-07-26T00:00:00.0,bus-3-bus-4-i_6,128.41976161868104
2020-07-26T01:00:00.0,bus-3-bus-4-i_6,119.3304450762814
2020-07-26T02:00:00.0,bus-3-bus-4-i_6,115.2299803024851
2020-07-26T03:00:00.0,bus-3-bus-4-i_6,114.12041604220413
2020-07-26T04:00:00.0,bus-3-bus-4-i_6,113.18059716037683
2020-07-26T05:00:00.0,bus-3-bus-4-i_6,117.10092824804634
2020-07-26T06:00:00.0,bus-3-bus-4-i_6,113.5078117871265
2020-07-26T07:00:00.0,bus-3-bus-4-i_6,125.25091646627511
2020-07-26T08:00:00.0,bus-3-bus-4-i_6,147.74015502146335
2020-07-26T09:00:00.0,bus-3-bus-4-i_6,165.22211596192815
2020-07-26T10:00:00.0,bus-3-bus-4-i_6,168.47957332934106
2020-07-26T11:00:00.0,bus-3-bus-4-i_6,162.8148286047118
2020-07-26T12:00:00.0,bus-3-bus-4-i_6,158.1085592193386
2020-07-26T13:00:00.0,bus-3-bus-4-i_6,154.2798998896704
2020-07-26T14:00:00.0,bus-3-bus-4-i_6,151.5634278937447
2020-07-26T15:00:00.0,bus-3-bus-4-i_6,150.57851645741113
2020-07-26T16:00:00.0,bus-3-bus-4-i_6,150.94388596226372
2020-07-26T17:00:00.0,bus-3-bus-4-i_6,153.23143331162652
2020-07-26T18:00:00.0,bus-3-bus-4-i_6,156.5992260138335
2020-07-26T19:00:00.0,bus-3-bus-4-i_6,157.99733899604814
2020-07-26T20:00:00.0,bus-3-bus-4-i_6,162.77791477674754
2020-07-26T21:00:00.0,bus-3-bus-4-i_6,169.34651838149497
2020-07-26T22:00:00.0,bus-3-bus-4-i_6,162.95914750104188
2020-07-26T23:00:00.0,bus-3-bus-4-i_6,150.22819186095728
2020-07-27T00:00:00.0,bus-3-bus-4-i_6,139.40726813247127
2020-07-27T01:00:00.0,bus-3-bus-4-i_6,132.50927897318604
2020-07-27T02:00:00.0,bus-3-bus-4-i_6,127.68478011440124
2020-07-27T03:00:00.0,bus-3-bus-4-i_6,126.4448021168852
2020-07-27T04:00:00.0,bus-3-bus-4-i_6,123.46047742173172
2020-07-27T05:00:00.0,bus-3-bus-4-i_6,116.94535316347184
2020-07-27T06:00:00.0,bus-3-bus-4-i_6,130.5790898416735
2020-07-27T07:00:00.0,bus-3-bus-4-i_6,149.53697893593053
2020-07-27T08:00:00.0,bus-3-bus-4-i_6,168.64653733131703
2020-07-27T09:00:00.0,bus-3-bus-4-i_6,167.46495859050506
2020-07-27T10:00:00.0,bus-3-bus-4-i_6,161.30131029900164
2020-07-27T11:00:00.0,bus-3-bus-4-i_6,155.99554440602253
2020-07-27T12:00:00.0,bus-3-bus-4-i_6,151.96057110191404
2020-07-27T13:00:00.0,bus-3-bus-4-i_6,148.89005289979286
2020-07-27T14:00:00.0,bus-3-bus-4-i_6,150.27666994455672
2020-07-27T15:00:00.0,bus-3-bus-4-i_6,153.08843817707742
2020-07-27T16:00:00.0,bus-3-bus-4-i_6,155.85256843612353
2020-07-27T17:00:00.0,bus-3-bus-4-i_6,158.83958258440208
2020-07-27T18:00:00.0,bus-3-bus-4-i_6,161.76275330367895
2020-07-27T19:00:00.0,bus-3-bus-4-i_6,161.65200641949858
2020-07-27T20:00:00.0,bus-3-bus-4-i_6,164.1990161418262
2020-07-27T21:00:00.0,bus-3-bus-4-i_6,170.45313880305807
2020-07-27T22:00:00.0,bus-3-bus-4-i_6,159.95874878715898
2020-07-27T23:00:00.0,bus-3-bus-4-i_6,144.79255200429353
2020-07-28T00:00:00.0,bus-3-bus-4-i_6,133.704431139274
2020-07-28T01:00:00.0,bus-3-bus-4-i_6,126.85811869101265
2020-07-28T02:00:00.0,bus-3-bus-4-i_6,121.48694445833075
2020-07-28T03:00:00.0,bus-3-bus-4-i_6,118.5964954233593
2020-07-28T04:00:00.0,bus-3-bus-4-i_6,117.54157668999119
2020-07-28T05:00:00.0,bus-3-bus-4-i_6,115.7148319395095
2020-07-28T06:00:00.0,bus-3-bus-4-i_6,126.9040441905397
2020-07-28T07:00:00.0,bus-3-bus-4-i_6,145.62143597843814
2020-07-28T08:00:00.0,bus-3-bus-4-i_6,164.0211543643152
2020-07-28T09:00:00.0,bus-3-bus-4-i_6,169.3649631668337
2020-07-28T10:00:00.0,bus-3-bus-4-i_6,162.90711272930807
2020-07-28T11:00:00.0,bus-3-bus-4-i_6,157.34590492374076
2020-07-28T12:00:00.0,bus-3-bus-4-i_6,153.53326402385
2020-07-28T13:00:00.0,bus-3-bus-4-i_6,151.35689369644095
2020-07-28T14:00:00.0,bus-3-bus-4-i_6,153.50149234666725
2020-07-28T15:00:00.0,bus-3-bus-4-i_6,157.88612139743125
2020-07-28T16:00:00.0,bus-3-bus-4-i_6,161.1351811253575
2020-07-28T17:00:00.0,bus-3-bus-4-i_6,163.36846890981306
2020-07-28T18:00:00.0,bus-3-bus-4-i_6,165.08475211597852
2020-07-28T19:00:00.0,bus-3-bus-4-i_6,165.1585640390462
2020-07-28T20:00:00.0,bus-3-bus-4-i_6,168.8300508732743
2020-07-28T21:00:00.0,bus-3-bus-4-i_6,169.06313626363027
2020-07-28T22:00:00.0,bus-3-bus-4-i_6,154.7458543822963
2020-07-28T23:00:00.0,bus-3-bus-4-i_6,142.21444820093444
2020-07-29T00:00:00.0,bus-3-bus-4-i_6,133.8883192755451
2020-07-29T01:00:00.0,bus-3-bus-4-i_6,126.16925226475755
2020-07-29T02:00:00.0,bus-3-bus-4-i_6,122.49654998297277
2020-07-29T03:00:00.0,bus-3-bus-4-i_6,123.0932266004287
2020-07-29T04:00:00.0,bus-3-bus-4-i_6,123.04732655166313
2020-07-29T05:00:00.0,bus-3-bus-4-i_6,121.57872403034438
2020-07-29T06:00:00.0,bus-3-bus-4-i_6,131.22242566126857
2020-07-29T07:00:00.0,bus-3-bus-4-i_6,144.8846083691933
2020-07-29T08:00:00.0,bus-3-bus-4-i_6,160.51256740352028
2020-07-29T09:00:00.0,bus-3-bus-4-i_6,171.79932863960636
2020-07-29T10:00:00.0,bus-3-bus-4-i_6,165.65677006512826
2020-07-29T11:00:00.0,bus-3-bus-4-i_6,160.04671876090302
2020-07-29T12:00:00.0,bus-3-bus-4-i_6,156.13852081274493
2020-07-29T13:00:00.0,bus-3-bus-4-i_6,153.32672565788604
2020-07-29T14:00:00.0,bus-3-bus-4-i_6,151.53163665104202
2020-07-29T15:00:00.0,bus-3-bus-4-i_6,153.12023260998208
2020-07-29T16:00:00.0,bus-3-bus-4-i_6,156.29738404458183
2020-07-29T17:00:00.0,bus-3-bus-4-i_6,159.88114948907844
2020-07-29T18:00:00.0,bus-3-bus-4-i_6,162.74100084950396
2020-07-29T19:00:00.0,bus-3-bus-4-i_6,162.51951533089607
2020-07-29T20:00:00.0,bus-3-bus-4-i_6,165.93360696964595
2020-07-29T21:00:00.0,bus-3-bus-4-i_6,170.9879554115553
2020-07-29T22:00:00.0,bus-3-bus-4-i_6,161.0664318233342
2020-07-29T23:00:00.0,bus-3-bus-4-i_6,147.23339313243525
2020-07-30T00:00:00.0,bus-3-bus-4-i_6,136.18733870859324
2020-07-30T01:00:00.0,bus-3-bus-4-i_6,128.41976161868104
2020-07-30T02:00:00.0,bus-3-bus-4-i_6,122.63423990993212
2020-07-30T03:00:00.0,bus-3-bus-4-i_6,120.47743200272285
2020-07-30T04:00:00.0,bus-3-bus-4-i_6,119.46809858817116
2020-07-30T05:00:00.0,bus-3-bus-4-i_6,119.23872516604665
2020-07-30T06:00:00.0,bus-3-bus-4-i_6,129.10883490024221
2020-07-30T07:00:00.0,bus-3-bus-4-i_6,145.1148837907544
2020-07-30T08:00:00.0,bus-3-bus-4-i_6,161.48185991108184
2020-07-30T09:00:00.0,bus-3-bus-4-i_6,172.20494686667328
2020-07-30T10:00:00.0,bus-3-bus-4-i_6,167.1144299256095
2020-07-30T11:00:00.0,bus-3-bus-4-i_6,162.46412613700946
2020-07-30T12:00:00.0,bus-3-bus-4-i_6,159.03040187680534
2020-07-30T13:00:00.0,bus-3-bus-4-i_6,155.6778680042833
2020-07-30T14:00:00.0,bus-3-bus-4-i_6,154.00982230489652
2020-07-30T15:00:00.0,bus-3-bus-4-i_6,153.56503570580728
2020-07-30T16:00:00.0,bus-3-bus-4-i_6,153.32672565788604
2020-07-30T17:00:00.0,bus-3-bus-4-i_6,155.91611316379854
2020-07-30T18:00:00.0,bus-3-bus-4-i_6,158.95086263162202
2020-07-30T19:00:00.0,bus-3-bus-4-i_6,159.06220413371832
2020-07-30T20:00:00.0,bus-3-bus-4-i_6,163.38692486628509
2020-07-30T21:00:00.0,bus-3-bus-4-i_6,169.5125269166373
2020-07-30T22:00:00.0,bus-3-bus-4-i_6,162.4974600252809
2020-07-30T23:00:00.0,bus-3-bus-4-i_6,147.41769854175402
2020-07-31T00:00:00.0,bus-3-bus-4-i_6,137.01514866780812
2020-07-31T01:00:00.0,bus-3-bus-4-i_6,128.05228415613462
2020-07-31T02:00:00.0,bus-3-bus-4-i_6,122.58834302930252
2020-07-31T03:00:00.0,bus-3-bus-4-i_6,119.8809634011222
2020-07-31T04:00:00.0,bus-3-bus-4-i_6,118.32126682755622
2020-07-31T05:00:00.0,bus-3-bus-4-i_6,117.08293217667558
2020-07-31T06:00:00.0,bus-3-bus-4-i_6,128.41976161868104
2020-07-31T07:00:00.0,bus-3-bus-4-i_6,146.54253687968247
2020-07-31T08:00:00.0,bus-3-bus-4-i_6,163.74409162996042
2020-07-31T09:00:00.0,bus-3-bus-4-i_6,170.6744463380965
2020-07-31T10:00:00.0,bus-3-bus-4-i_6,165.74908973506507
2020-07-31T11:00:00.0,bus-3-bus-4-i_6,160.67378730612361
2020-07-31T12:00:00.0,bus-3-bus-4-i_6,156.94873700926627
2020-07-31T13:00:00.0,bus-3-bus-4-i_6,153.42206317428148
2020-07-31T14:00:00.0,bus-3-bus-4-i_6,150.8326863831806
2020-07-31T15:00:00.0,bus-3-bus-4-i_6,150.1178374121577
2020-07-31T16:00:00.0,bus-3-bus-4-i_6,151.32514229916788
2020-07-31T17:00:00.0,bus-3-bus-4-i_6,153.96216466816287
2020-07-31T18:00:00.0,bus-3-bus-4-i_6,156.47213417924857
2020-07-31T19:00:00.0,bus-3-bus-4-i_6,157.53653786133185
2020-07-31T20:00:00.0,bus-3-bus-4-i_6,163.4422925714969
2020-07-31T21:00:00.0,bus-3-bus-4-i_6,170.89574807941017
2020-07-31T22:00:00.0,bus-3-bus-4-i_6,157.32870770557287
2020-07-31T23:00:00.0,bus-3-bus-4-i_6,140.55761178765977
2020-08-01T00:00:00.0,bus-3-bus-4-i_6,124.83769672351303
2020-08-01T01:00:00.0,bus-3-bus-4-i_6,115.86383706619037
2020-08-01T02:00:00.0,bus-3-bus-4-i_6,113.88297666508895
2020-08-01T03:00:00.0,bus-3-bus-4-i_6,113.48004947661306
2020-08-01T04:00:00.0,bus-3-bus-4-i_6,117.049619718559
2020-08-01T05:00:00.0,bus-3-bus-4-i_6,114.51596535792592
2020-08-01T06:00:00.0,bus-3-bus-4-i_6,115.2632307854252
2020-08-01T07:00:00.0,bus-3-bus-4-i_6,116.03761731380442
2020-08-01T08:00:00.0,bus-3-bus-4-i_6,131.59007335520417
2020-08-01T09:00:00.0,bus-3-bus-4-i_6,142.81284949503134
2020-08-01T10:00:00.0,bus-3-bus-4-i_6,158.43598240764632
2020-08-01T11:00:00.0,bus-3-bus-4-i_6,171.94683705053447
2020-08-01T12:00:00.0,bus-3-bus-4-i_6,166.6531871496902
2020-08-01T13:00:00.0,bus-3-bus-4-i_6,160.8029660676836
2020-08-01T14:00:00.0,bus-3-bus-4-i_6,156.99639308621295
2020-08-01T15:00:00.0,bus-3-bus-4-i_6,155.39191824297527
2020-08-01T16:00:00.0,bus-3-bus-4-i_6,155.5031207677815
2020-08-01T17:00:00.0,bus-3-bus-4-i_6,158.20389347789364
2020-08-01T18:00:00.0,bus-3-bus-4-i_6,161.63354860814448
2020-08-01T19:00:00.0,bus-3-bus-4-i_6,162.18726768336703
2020-08-01T20:00:00.0,bus-3-bus-4-i_6,166.87458686728235
2020-08-01T21:00:00.0,bus-3-bus-4-i_6,172.29710111892027
2020-08-01T22:00:00.0,bus-3-bus-4-i_6,156.72895913189237
2020-08-01T23:00:00.0,bus-3-bus-4-i_6,139.95940878116645
2020-08-02T00:00:00.0,bus-3-bus-4-i_6,127.96041797261266
2020-08-02T01:00:00.0,bus-3-bus-4-i_6,119.28459985371502
2020-08-02T02:00:00.0,bus-3-bus-4-i_6,115.3294931701083
2020-08-02T03:00:00.0,bus-3-bus-4-i_6,113.90797961855392
2020-08-02T04:00:00.0,bus-3-bus-4-i_6,113.0168425004497
2020-08-02T05:00:00.0,bus-3-bus-4-i_6,116.92288036178171
2020-08-02T06:00:00.0,bus-3-bus-4-i_6,114.14539813691079
2020-08-02T07:00:00.0,bus-3-bus-4-i_6,124.14903416494187
2020-08-02T08:00:00.0,bus-3-bus-4-i_6,141.80020132376188
2020-08-02T09:00:00.0,bus-3-bus-4-i_6,156.5906420704561
2020-08-02T10:00:00.0,bus-3-bus-4-i_6,171.47150078676532
2020-08-02T11:00:00.0,bus-3-bus-4-i_6,167.52029051674378
2020-08-02T12:00:00.0,bus-3-bus-4-i_6,163.6822163224647
2020-08-02T13:00:00.0,bus-3-bus-4-i_6,159.66307546153553
2020-08-02T14:00:00.0,bus-3-bus-4-i_6,156.94873700926627
2020-08-02T15:00:00.0,bus-3-bus-4-i_6,156.12266167719355
2020-08-02T16:00:00.0,bus-3-bus-4-i_6,157.3617920085205
2020-08-02T17:00:00.0,bus-3-bus-4-i_6,160.83987634733612
2020-08-02T18:00:00.0,bus-3-bus-4-i_6,165.97050986594147
2020-08-02T19:00:00.0,bus-3-bus-4-i_6,167.39116388543303
2020-08-02T20:00:00.0,bus-3-bus-4-i_6,172.20494686667328
2020-08-02T21:00:00.0,bus-3-bus-4-i_6,158.66668247269874
2020-08-02T22:00:00.0,bus-3-bus-4-i_6,141.29393371138087
2020-08-02T23:00:00.0,bus-3-bus-4-i_6,126.81219339676313
2020-08-03T00:00:00.0,bus-3-bus-4-i_6,116.71606095082039
2020-08-03T01:00:00.0,bus-3-bus-4-i_6,114.49491695075895
2020-08-03T02:00:00.0,bus-3-bus-4-i_6,113.10503808342875
2020-08-03T03:00:00.0,bus-3-bus-4-i_6,113.90125062696686
2020-08-03T04:00:00.0,bus-3-bus-4-i_6,115.57571723051967
2020-08-03T05:00:00.0,bus-3-bus-4-i_6,116.61190413155242
2020-08-03T06:00:00.0,bus-3-bus-4-i_6,114.91875441465112
2020-08-03T07:00:00.0,bus-3-bus-4-i_6,125.71007870316275
2020-08-03T08:00:00.0,bus-3-bus-4-i_6,139.91339534208154
2020-08-03T09:00:00.0,bus-3-bus-4-i_6,151.79514662182024
2020-08-03T10:00:00.0,bus-3-bus-4-i_6,164.29823078963446
2020-08-03T11:00:00.0,bus-3-bus-4-i_6,170.3240401800032
2020-08-03T12:00:00.0,bus-3-bus-4-i_6,166.33953109820288
2020-08-03T13:00:00.0,bus-3-bus-4-i_6,162.61180134394047
2020-08-03T14:00:00.0,bus-3-bus-4-i_6,159.3490250830291
2020-08-03T15:00:00.0,bus-3-bus-4-i_6,158.7760066024632
2020-08-03T16:00:00.0,bus-3-bus-4-i_6,160.72916528713196
2020-08-03T17:00:00.0,bus-3-bus-4-i_6,164.4942728007416
2020-08-03T18:00:00.0,bus-3-bus-4-i_6,168.57179198302964
2020-08-03T19:00:00.0,bus-3-bus-4-i_6,169.67850528930478
2020-08-03T20:00:00.0,bus-3-bus-4-i_6,164.99102911368323
2020-08-03T21:00:00.0,bus-3-bus-4-i_6,148.43118482399296
2020-08-03T22:00:00.0,bus-3-bus-4-i_6,131.54411631267305
2020-08-03T23:00:00.0,bus-3-bus-4-i_6,117.12880438072975
2020-08-04T00:00:00.0,bus-3-bus-4-i_6,113.87047436493678
2020-08-04T01:00:00.0,bus-3-bus-4-i_6,116.89566894060985
2020-08-04T02:00:00.0,bus-3-bus-4-i_6,113.81382366065837
2020-08-04T03:00:00.0,bus-3-bus-4-i_6,112.89797766272684
2020-08-04T04:00:00.0,bus-3-bus-4-i_6,112.44013095992891
2020-08-04T05:00:00.0,bus-3-bus-4-i_6,112.07382720188957
2020-08-04T06:00:00.0,bus-3-bus-4-i_6,116.50867259705163
2020-08-04T07:00:00.0,bus-3-bus-4-i_6,115.65270589952405
2020-08-04T08:00:00.0,bus-3-bus-4-i_6,126.12335089354583
2020-08-04T09:00:00.0,bus-3-bus-4-i_6,134.8997924320986
2020-08-04T10:00:00.0,bus-3-bus-4-i_6,144.42419154802997
2020-08-04T11:00:00.0,bus-3-bus-4-i_6,155.66819729241237
2020-08-04T12:00:00.0,bus-3-bus-4-i_6,163.32852112391373
2020-08-04T13:00:00.0,bus-3-bus-4-i_6,172.26024335818147
2020-08-04T14:00:00.0,bus-3-bus-4-i_6,169.12517961548338
2020-08-04T15:00:00.0,bus-3-bus-4-i_6,167.74168264522467
2020-08-04T16:00:00.0,bus-3-bus-4-i_6,168.7747132468677
2020-08-04T17:00:00.0,bus-3-bus-4-i_6,172.29710111892027
2020-08-04T18:00:00.0,bus-3-bus-4-i_6,162.8668073723445
2020-08-04T19:00:00.0,bus-3-bus-4-i_6,159.49726802793114
2020-08-04T20:00:00.0,bus-3-bus-4-i_6,145.57538420870418
2020-08-04T21:00:00.0,bus-3-bus-4-i_6,128.51163406449973
2020-08-04T22:00:00.0,bus-3-bus-4-i_6,115.3294931701083
2020-08-04T23:00:00.0,bus-3-bus-4-i_6,117.16962407714193
2020-08-05T00:00:00.0,bus-3-bus-4-i_6,111.09704958085871
2020-08-05T01:00:00.0,bus-3-bus-4-i_6,107.15983132712306
2020-08-05T02:00:00.0,bus-3-bus-4-i_6,104.29135960659902
2020-08-05T03:00:00.0,bus-3-bus-4-i_6,104.1387932188798
2020-08-05T04:00:00.0,bus-3-bus-4-i_6,104.32187303744999
2020-08-05T05:00:00.0,bus-3-bus-4-i_6,104.68803821554111
2020-08-05T06:00:00.0,bus-3-bus-4-i_6,111.40228609783978
2020-08-05T07:00:00.0,bus-3-bus-4-i_6,113.394583428563
2020-08-05T08:00:00.0,bus-3-bus-4-i_6,116.35787686500365
2020-08-05T09:00:00.0,bus-3-bus-4-i_6,129.38448366906366
2020-08-05T10:00:00.0,bus-3-bus-4-i_6,146.58859521123696
2020-08-05T11:00:00.0,bus-3-bus-4-i_6,159.22039486269392
2020-08-05T12:00:00.0,bus-3-bus-4-i_6,170.13073833928152
2020-08-05T13:00:00.0,bus-3-bus-4-i_6,168.5902518171897
2020-08-05T14:00:00.0,bus-3-bus-4-i_6,164.752627440358
2020-08-05T15:00:00.0,bus-3-bus-4-i_6,162.90711272930807
2020-08-05T16:00:00.0,bus-3-bus-4-i_6,163.7560381002078
2020-08-05T17:00:00.0,bus-3-bus-4-i_6,167.05908209381312
2020-08-05T18:00:00.0,bus-3-bus-4-i_6,170.61911998751378
2020-08-05T19:00:00.0,bus-3-bus-4-i_6,171.1723668837156
2020-08-05T20:00:00.0,bus-3-bus-4-i_6,162.5436271228215
2020-08-05T21:00:00.0,bus-3-bus-4-i_6,146.12802606325138
2020-08-05T22:00:00.0,bus-3-bus-4-i_6,128.6494450437378
2020-08-05T23:00:00.0,bus-3-bus-4-i_6,116.00039449108183
2020-08-06T00:00:00.0,bus-3-bus-4-i_6,113.38199999954955
2020-08-06T01:00:00.0,bus-3-bus-4-i_6,116.16454861984202
2020-08-06T02:00:00.0,bus-3-bus-4-i_6,113.26433716616229
2020-08-06T03:00:00.0,bus-3-bus-4-i_6,111.9212021398381
2020-08-06T04:00:00.0,bus-3-bus-4-i_6,112.34851434819402
2020-08-06T05:00:00.0,bus-3-bus-4-i_6,111.67700424998203
2020-08-06T06:00:00.0,bus-3-bus-4-i_6,112.72697293325902
2020-08-06T07:00:00.0,bus-3-bus-4-i_6,118.87173881870861
2020-08-06T08:00:00.0,bus-3-bus-4-i_6,137.56709510499624
2020-08-06T09:00:00.0,bus-3-bus-4-i_6,149.67521579725053
2020-08-06T10:00:00.0,bus-3-bus-4-i_6,162.17429779265467
2020-08-06T11:00:00.0,bus-3-bus-4-i_6,172.09433582113687
2020-08-06T12:00:00.0,bus-3-bus-4-i_6,172.07589926392336
2020-08-06T13:00:00.0,bus-3-bus-4-i_6,168.73782015801743
2020-08-06T14:00:00.0,bus-3-bus-4-i_6,165.04784595092033
2020-08-06T15:00:00.0,bus-3-bus-4-i_6,163.49766071907024
2020-08-06T16:00:00.0,bus-3-bus-4-i_6,165.49071089429705
2020-08-06T17:00:00.0,bus-3-bus-4-i_6,169.99205005380543
2020-08-06T18:00:00.0,bus-3-bus-4-i_6,170.51321617287988
2020-08-06T19:00:00.0,bus-3-bus-4-i_6,167.53571144027063
2020-08-06T20:00:00.0,bus-3-bus-4-i_6,152.9015460189652
2020-08-06T21:00:00.0,bus-3-bus-4-i_6,137.2911432059397
2020-08-06T22:00:00.0,bus-3-bus-4-i_6,120.84450401687417
2020-08-06T23:00:00.0,bus-3-bus-4-i_6,114.04545658522667
2020-08-07T00:00:00.0,bus-3-bus-4-i_6,115.6150108713321
2020-08-07T01:00:00.0,bus-3-bus-4-i_6,111.03599967389977
2020-08-07T02:00:00.0,bus-3-bus-4-i_6,107.73970726781866
2020-08-07T03:00:00.0,bus-3-bus-4-i_6,107.40400304144843
2020-08-07T04:00:00.0,bus-3-bus-4-i_6,107.64815108185033
2020-08-07T05:00:00.0,bus-3-bus-4-i_6,107.0988229780908
2020-08-07T06:00:00.0,bus-3-bus-4-i_6,112.40960507205186
2020-08-07T07:00:00.0,bus-3-bus-4-i_6,112.90345923296587
2020-08-07T08:00:00.0,bus-3-bus-4-i_6,115.50357680656869
2020-08-07T09:00:00.0,bus-3-bus-4-i_6,118.09195458192731
2020-08-07T10:00:00.0,bus-3-bus-4-i_6,124.65400943754264
2020-08-07T11:00:00.0,bus-3-bus-4-i_6,131.4981595789574
2020-08-07T12:00:00.0,bus-3-bus-4-i_6,138.48713309144586
2020-08-07T13:00:00.0,bus-3-bus-4-i_6,147.74015502146335
2020-08-07T14:00:00.0,bus-3-bus-4-i_6,156.72895913189237
2020-08-07T15:00:00.0,bus-3-bus-4-i_6,162.17429779265467
2020-08-07T16:00:00.0,bus-3-bus-4-i_6,162.08196849110666
2020-08-07T17:00:00.0,bus-3-bus-4-i_6,156.49832767843583
2020-08-07T18:00:00.0,bus-3-bus-4-i_6,148.98405927782898
2020-08-07T19:00:00.0,bus-3-bus-4-i_6,148.4772558788772
2020-08-07T20:00:00.0,bus-3-bus-4-i_6,137.79711325971797
2020-08-07T21:00:00.0,bus-3-bus-4-i_6,126.53664809132937
2020-08-07T22:00:00.0,bus-3-bus-4-i_6,115.40411357856549
2020-08-07T23:00:00.0,bus-3-bus-4-i_6,117.02397995739189
2020-08-08T00:00:00.0,bus-3-bus-4-i_6,112.19588813237029
2020-08-08T01:00:00.0,bus-3-bus-4-i_6,107.98386796703161
2020-08-08T02:00:00.0,bus-3-bus-4-i_6,104.96266636753049
2020-08-08T03:00:00.0,bus-3-bus-4-i_6,103.07086182506846
2020-08-08T04:00:00.0,bus-3-bus-4-i_6,102.16738374378475
2020-08-08T05:00:00.0,bus-3-bus-4-i_6,99.86746890483185
2020-08-08T06:00:00.0,bus-3-bus-4-i_6,105.66451223586586
2020-08-08T07:00:00.0,bus-3-bus-4-i_6,115.6150108713321
2020-08-08T08:00:00.0,bus-3-bus-4-i_6,115.59060539349343
2020-08-08T09:00:00.0,bus-3-bus-4-i_6,125.15908770629511
2020-08-08T10:00:00.0,bus-3-bus-4-i_6,136.5092370908354
2020-08-08T11:00:00.0,bus-3-bus-4-i_6,147.87835534871425
2020-08-08T12:00:00.0,bus-3-bus-4-i_6,156.03716966612126
2020-08-08T13:00:00.0,bus-3-bus-4-i_6,165.63843097123757
2020-08-08T14:00:00.0,bus-3-bus-4-i_6,172.315526840468
2020-08-08T15:00:00.0,bus-3-bus-4-i_6,170.82198146860114
2020-08-08T16:00:00.0,bus-3-bus-4-i_6,170.9879554115553
2020-08-08T17:00:00.0,bus-3-bus-4-i_6,168.55396264038941
2020-08-08T18:00:00.0,bus-3-bus-4-i_6,158.75896471051695
2020-08-08T19:00:00.0,bus-3-bus-4-i_6,155.16089305072165
2020-08-08T20:00:00.0,bus-3-bus-4-i_6,144.10189263418653
2020-08-08T21:00:00.0,bus-3-bus-4-i_6,131.08456297299702
2020-08-08T22:00:00.0,bus-3-bus-4-i_6,116.76191877463941
2020-08-08T23:00:00.0,bus-3-bus-4-i_6,112.71436595703872
2020-08-09T00:00:00.0,bus-3-bus-4-i_6,112.92854517627732
2020-08-09T01:00:00.0,bus-3-bus-4-i_6,108.25850402179323
2020-08-09T02:00:00.0,bus-3-bus-4-i_6,104.4439274414985
2020-08-09T03:00:00.0,bus-3-bus-4-i_6,102.00299100163906
2020-08-09T04:00:00.0,bus-3-bus-4-i_6,100.63012161305032
2020-08-09T05:00:00.0,bus-3-bus-4-i_6,97.82365235496762
2020-08-09T06:00:00.0,bus-3-bus-4-i_6,102.64372530581562
2020-08-09T07:00:00.0,bus-3-bus-4-i_6,111.03599967389977
2020-08-09T08:00:00.0,bus-3-bus-4-i_6,113.88297666508895
2020-08-09T09:00:00.0,bus-3-bus-4-i_6,122.0376031394179
2020-08-09T10:00:00.0,bus-3-bus-4-i_6,138.44112959587008
2020-08-09T11:00:00.0,bus-3-bus-4-i_6,153.4547061497637
2020-08-09T12:00:00.0,bus-3-bus-4-i_6,166.0085858435382
2020-08-09T13:00:00.0,bus-3-bus-4-i_6,170.3240401800032
2020-08-09T14:00:00.0,bus-3-bus-4-i_6,166.39488307234848
2020-08-09T15:00:00.0,bus-3-bus-4-i_6,164.42045600629086
2020-08-09T16:00:00.0,bus-3-bus-4-i_6,164.69726627766207
2020-08-09T17:00:00.0,bus-3-bus-4-i_6,168.01840386297874
2020-08-09T18:00:00.0,bus-3-bus-4-i_6,172.29710111892027
2020-08-09T19:00:00.0,bus-3-bus-4-i_6,167.99853678065776
2020-08-09T20:00:00.0,bus-3-bus-4-i_6,155.76033911956424
2020-08-09T21:00:00.0,bus-3-bus-4-i_6,138.44112959587008
2020-08-09T22:00:00.0,bus-3-bus-4-i_6,121.71639583939171
2020-08-09T23:00:00.0,bus-3-bus-4-i_6,113.89547841629593
2020-08-10T00:00:00.0,bus-3-bus-4-i_6,114.88230725872586
2020-08-10T01:00:00.0,bus-3-bus-4-i_6,110.12031100908585
2020-08-10T02:00:00.0,bus-3-bus-4-i_6,106.91568989388509
2020-08-10T03:00:00.0,bus-3-bus-4-i_6,106.42741603280497
2020-08-10T04:00:00.0,bus-3-bus-4-i_6,106.48847626077563
2020-08-10T05:00:00.0,bus-3-bus-4-i_6,106.0917600584058
2020-08-10T06:00:00.0,bus-3-bus-4-i_6,112.62328566610171
2020-08-10T07:00:00.0,bus-3-bus-4-i_6,114.17036711736182
2020-08-10T08:00:00.0,bus-3-bus-4-i_6,125.38864297441464
2020-08-10T09:00:00.0,bus-3-bus-4-i_6,141.10984573640806
2020-08-10T10:00:00.0,bus-3-bus-4-i_6,157.14418366636588
2020-08-10T11:00:00.0,bus-3-bus-4-i_6,172.09645733335742
2020-08-10T12:00:00.0,bus-3-bus-4-i_6,168.71937520634384
2020-08-10T13:00:00.0,bus-3-bus-4-i_6,164.88180227847576
2020-08-10T14:00:00.0,bus-3-bus-4-i_6,162.20569245184228
2020-08-10T15:00:00.0,bus-3-bus-4-i_6,161.11673776481405
2020-08-10T16:00:00.0,bus-3-bus-4-i_6,161.87340485839755
2020-08-10T17:00:00.0,bus-3-bus-4-i_6,165.39844898132162
2020-08-10T18:00:00.0,bus-3-bus-4-i_6,169.47563109690034
2020-08-10T19:00:00.0,bus-3-bus-4-i_6,171.23161848362273
2020-08-10T20:00:00.0,bus-3-bus-4-i_6,152.62494323334067
2020-08-10T21:00:00.0,bus-3-bus-4-i_6,133.2447325545953
2020-08-10T22:00:00.0,bus-3-bus-4-i_6,116.48677894025083
2020-08-10T23:00:00.0,bus-3-bus-4-i_6,113.26917099408844
2020-08-11T00:00:00.0,bus-3-bus-4-i_6,112.89797766272684
2020-08-11T01:00:00.0,bus-3-bus-4-i_6,108.62477165512558
2020-08-11T02:00:00.0,bus-3-bus-4-i_6,105.35935883513758
2020-08-11T03:00:00.0,bus-3-bus-4-i_6,104.38290012359923
2020-08-11T04:00:00.0,bus-3-bus-4-i_6,104.32187303744999
2020-08-11T05:00:00.0,bus-3-bus-4-i_6,103.77263862824498
2020-08-11T06:00:00.0,bus-3-bus-4-i_6,109.90665580140613
2020-08-11T07:00:00.0,bus-3-bus-4-i_6,112.8152076184682
2020-08-11T08:00:00.0,bus-3-bus-4-i_6,119.4222256491644
2020-08-11T09:00:00.0,bus-3-bus-4-i_6,134.9917519765074
2020-08-11T10:00:00.0,bus-3-bus-4-i_6,151.74910868418462
2020-08-11T11:00:00.0,bus-3-bus-4-i_6,171.27957546262223
2020-08-11T12:00:00.0,bus-3-bus-4-i_6,166.8376873429084
2020-08-11T13:00:00.0,bus-3-bus-4-i_6,161.1904761904762
2020-08-11T14:00:00.0,bus-3-bus-4-i_6,157.3617920085205
2020-08-11T15:00:00.0,bus-3-bus-4-i_6,155.63020962117204
2020-08-11T16:00:00.0,bus-3-bus-4-i_6,155.8684546348132
2020-08-11T17:00:00.0,bus-3-bus-4-i_6,158.1403370112056
2020-08-11T18:00:00.0,bus-3-bus-4-i_6,161.6889220544698
2020-08-11T19:00:00.0,bus-3-bus-4-i_6,163.73758271390219
2020-08-11T20:00:00.0,bus-3-bus-4-i_6,171.30145222878767
2020-08-11T21:00:00.0,bus-3-bus-4-i_6,154.56133060582363
2020-08-11T22:00:00.0,bus-3-bus-4-i_6,134.62392123029997
2020-08-11T23:00:00.0,bus-3-bus-4-i_6,119.28459985371502
2020-08-12T00:00:00.0,bus-3-bus-4-i_6,113.88297666508895
2020-08-12T01:00:00.0,bus-3-bus-4-i_6,117.0006548917956
2020-08-12T02:00:00.0,bus-3-bus-4-i_6,114.14963299421852
2020-08-12T03:00:00.0,bus-3-bus-4-i_6,113.23381048528674
2020-08-12T04:00:00.0,bus-3-bus-4-i_6,113.478025088263
2020-08-12T05:00:00.0,bus-3-bus-4-i_6,112.83696747856399
2020-08-12T06:00:00.0,bus-3-bus-4-i_6,113.05854041906403
2020-08-12T07:00:00.0,bus-3-bus-4-i_6,117.81673325956739
2020-08-12T08:00:00.0,bus-3-bus-4-i_6,135.3136201374819
2020-08-12T09:00:00.0,bus-3-bus-4-i_6,151.61082948267207
2020-08-12T10:00:00.0,bus-3-bus-4-i_6,168.9705570010777
2020-08-12T11:00:00.0,bus-3-bus-4-i_6,167.07753141580875
2020-08-12T12:00:00.0,bus-3-bus-4-i_6,161.5781752116253
2020-08-12T13:00:00.0,bus-3-bus-4-i_6,156.24972480861726
2020-08-12T14:00:00.0,bus-3-bus-4-i_6,153.5809215486013
2020-08-12T15:00:00.0,bus-3-bus-4-i_6,153.05668937490356
2020-08-12T16:00:00.0,bus-3-bus-4-i_6,154.70881996486548
2020-08-12T17:00:00.0,bus-3-bus-4-i_6,158.39457171555293
2020-08-12T18:00:00.0,bus-3-bus-4-i_6,161.96577544980215
2020-08-12T19:00:00.0,bus-3-bus-4-i_6,162.99939620228022
2020-08-12T20:00:00.0,bus-3-bus-4-i_6,169.14362485115015
2020-08-12T21:00:00.0,bus-3-bus-4-i_6,163.65174060982557
2020-08-12T22:00:00.0,bus-3-bus-4-i_6,145.34509232424392
2020-08-12T23:00:00.0,bus-3-bus-4-i_6,128.87913617124858
2020-08-13T00:00:00.0,bus-3-bus-4-i_6,117.40398837965034
2020-08-13T01:00:00.0,bus-3-bus-4-i_6,114.48243061233372
2020-08-13T02:00:00.0,bus-3-bus-4-i_6,113.04205846298767
2020-08-13T03:00:00.0,bus-3-bus-4-i_6,113.26917099408844
2020-08-13T04:00:00.0,bus-3-bus-4-i_6,113.16370415643435
2020-08-13T05:00:00.0,bus-3-bus-4-i_6,114.32156031905076
2020-08-13T06:00:00.0,bus-3-bus-4-i_6,115.24243763008786
2020-08-13T07:00:00.0,bus-3-bus-4-i_6,129.1547755911136
2020-08-13T08:00:00.0,bus-3-bus-4-i_6,144.79255200429353
2020-08-13T09:00:00.0,bus-3-bus-4-i_6,159.63570893253345
2020-08-13T10:00:00.0,bus-3-bus-4-i_6,171.5411758995898
2020-08-13T11:00:00.0,bus-3-bus-4-i_6,164.8633488247017
2020-08-13T12:00:00.0,bus-3-bus-4-i_6,160.34168582285324
2020-08-13T13:00:00.0,bus-3-bus-4-i_6,158.99857265956004
2020-08-13T14:00:00.0,bus-3-bus-4-i_6,158.31512060477473
2020-08-13T15:00:00.0,bus-3-bus-4-i_6,157.74313047701625
2020-08-13T16:00:00.0,bus-3-bus-4-i_6,158.45813497264976
2020-08-13T17:00:00.0,bus-3-bus-4-i_6,161.6889220544698
2020-08-13T18:00:00.0,bus-3-bus-4-i_6,164.03290942146546
2020-08-13T19:00:00.0,bus-3-bus-4-i_6,163.49766071907024
2020-08-13T20:00:00.0,bus-3-bus-4-i_6,168.86694248937866
2020-08-13T21:00:00.0,bus-3-bus-4-i_6,165.59216470973112
2020-08-13T22:00:00.0,bus-3-bus-4-i_6,147.74015502146335
2020-08-13T23:00:00.0,bus-3-bus-4-i_6,133.61248892733897
2020-08-14T00:00:00.0,bus-3-bus-4-i_6,122.63423990993212
2020-08-14T01:00:00.0,bus-3-bus-4-i_6,115.50357680656869
2020-08-14T02:00:00.0,bus-3-bus-4-i_6,113.8079546306434
2020-08-14T03:00:00.0,bus-3-bus-4-i_6,113.35683164144099
2020-08-14T04:00:00.0,bus-3-bus-4-i_6,113.52039021524372
2020-08-14T05:00:00.0,bus-3-bus-4-i_6,112.97906631341202
2020-08-14T06:00:00.0,bus-3-bus-4-i_6,115.37924231960605
2020-08-14T07:00:00.0,bus-3-bus-4-i_6,129.98176074422847
2020-08-14T08:00:00.0,bus-3-bus-4-i_6,146.58859521123696
2020-08-14T09:00:00.0,bus-3-bus-4-i_6,162.5436271228215
2020-08-14T10:00:00.0,bus-3-bus-4-i_6,170.6375621441785
2020-08-14T11:00:00.0,bus-3-bus-4-i_6,164.69726627766207
2020-08-14T12:00:00.0,bus-3-bus-4-i_6,160.3970269598358
2020-08-14T13:00:00.0,bus-3-bus-4-i_6,156.6627721957256
2020-08-14T14:00:00.0,bus-3-bus-4-i_6,155.09008352801536
2020-08-14T15:00:00.0,bus-3-bus-4-i_6,154.5817323810264
2020-08-14T16:00:00.0,bus-3-bus-4-i_6,156.47213417924857
2020-08-14T17:00:00.0,bus-3-bus-4-i_6,160.3232402500868
2020-08-14T18:00:00.0,bus-3-bus-4-i_6,164.1990161418262
2020-08-14T19:00:00.0,bus-3-bus-4-i_6,166.54248582572885
2020-08-14T20:00:00.0,bus-3-bus-4-i_6,172.46238718039925
2020-08-14T21:00:00.0,bus-3-bus-4-i_6,157.46712844078849
2020-08-14T22:00:00.0,bus-3-bus-4-i_6,140.78770386408485
2020-08-14T23:00:00.0,bus-3-bus-4-i_6,126.16925226475755
2020-08-15T00:00:00.0,bus-3-bus-4-i_6,115.73966141405808
2020-08-15T01:00:00.0,bus-3-bus-4-i_6,113.26872666546318
2020-08-15T02:00:00.0,bus-3-bus-4-i_6,116.65300861054408
2020-08-15T03:00:00.0,bus-3-bus-4-i_6,114.39385293325456
2020-08-15T04:00:00.0,bus-3-bus-4-i_6,113.23381048528674
2020-08-15T05:00:00.0,bus-3-bus-4-i_6,110.73076513842449
2020-08-15T06:00:00.0,bus-3-bus-4-i_6,115.6150108713321
2020-08-15T07:00:00.0,bus-3-bus-4-i_6,114.7296655723177
2020-08-15T08:00:00.0,bus-3-bus-4-i_6,128.60350774257373
2020-08-15T09:00:00.0,bus-3-bus-4-i_6,142.81284949503134
2020-08-15T10:00:00.0,bus-3-bus-4-i_6,155.43759973170458
2020-08-15T11:00:00.0,bus-3-bus-4-i_6,166.79524731725422
2020-08-15T12:00:00.0,bus-3-bus-4-i_6,171.5964954466164
2020-08-15T13:00:00.0,bus-3-bus-4-i_6,167.1697772555861
2020-08-15T14:00:00.0,bus-3-bus-4-i_6,164.6419048164566
2020-08-15T15:00:00.0,bus-3-bus-4-i_6,163.36846890981306
2020-08-15T16:00:00.0,bus-3-bus-4-i_6,165.12165814542948
2020-08-15T17:00:00.0,bus-3-bus-4-i_6,169.5125269166373
2020-08-15T18:00:00.0,bus-3-bus-4-i_6,169.98749115992558
2020-08-15T19:00:00.0,bus-3-bus-4-i_6,164.4367750037346
2020-08-15T20:00:00.0,bus-3-bus-4-i_6,150.182108798214
2020-08-15T21:00:00.0,bus-3-bus-4-i_6,136.64717009182252
2020-08-15T22:00:00.0,bus-3-bus-4-i_6,122.45068227124467
2020-08-15T23:00:00.0,bus-3-bus-4-i_6,114.40757856767112
2020-08-16T00:00:00.0,bus-3-bus-4-i_6,117.049619718559
2020-08-16T01:00:00.0,bus-3-bus-4-i_6,111.89067731018487
2020-08-16T02:00:00.0,bus-3-bus-4-i_6,108.31957285401823
2020-08-16T03:00:00.0,bus-3-bus-4-i_6,105.9391541296743
2020-08-16T04:00:00.0,bus-3-bus-4-i_6,104.56598229814402
2020-08-16T05:00:00.0,bus-3-bus-4-i_6,100.90467354664352
2020-08-16T06:00:00.0,bus-3-bus-4-i_6,105.57299001369995
2020-08-16T07:00:00.0,bus-3-bus-4-i_6,115.06543512773595
2020-08-16T08:00:00.0,bus-3-bus-4-i_6,115.21753724790503
2020-08-16T09:00:00.0,bus-3-bus-4-i_6,128.9710147792626
2020-08-16T10:00:00.0,bus-3-bus-4-i_6,146.12802606325138
2020-08-16T11:00:00.0,bus-3-bus-4-i_6,164.06733277049875
2020-08-16T12:00:00.0,bus-3-bus-4-i_6,171.1723668837156
2020-08-16T13:00:00.0,bus-3-bus-4-i_6,167.96305575081178
2020-08-16T14:00:00.0,bus-3-bus-4-i_6,166.6531871496902
2020-08-16T15:00:00.0,bus-3-bus-4-i_6,164.91870908534315
2020-08-16T16:00:00.0,bus-3-bus-4-i_6,165.49071089429705
2020-08-16T17:00:00.0,bus-3-bus-4-i_6,167.90771290794885
2020-08-16T18:00:00.0,bus-3-bus-4-i_6,170.6744463380965
2020-08-16T19:00:00.0,bus-3-bus-4-i_6,171.81776755612267
2020-08-16T20:00:00.0,bus-3-bus-4-i_6,159.08196249606456
2020-08-16T21:00:00.0,bus-3-bus-4-i_6,142.99698356479803
2020-08-16T22:00:00.0,bus-3-bus-4-i_6,125.61824379721538
2020-08-16T23:00:00.0,bus-3-bus-4-i_6,115.47871428722891
2020-08-17T00:00:00.0,bus-3-bus-4-i_6,113.26872666546318
2020-08-17T01:00:00.0,bus-3-bus-4-i_6,116.94971032486224
2020-08-17T02:00:00.0,bus-3-bus-4-i_6,113.90540616356537
2020-08-17T03:00:00.0,bus-3-bus-4-i_6,112.56223282489285
2020-08-17T04:00:00.0,bus-3-bus-4-i_6,113.35591745349154
2020-08-17T05:00:00.0,bus-3-bus-4-i_6,112.74538802167893
2020-08-17T06:00:00.0,bus-3-bus-4-i_6,112.79001487249978
2020-08-17T07:00:00.0,bus-3-bus-4-i_6,120.52331493325244
2020-08-17T08:00:00.0,bus-3-bus-4-i_6,120.56921509043181
2020-08-17T09:00:00.0,bus-3-bus-4-i_6,155.9910471067246
2020-08-17T10:00:00.0,bus-3-bus-4-i_6,172.0390253590669
2020-08-17T11:00:00.0,bus-3-bus-4-i_6,166.21037526303232
2020-08-17T12:00:00.0,bus-3-bus-4-i_6,162.1319084650039
2020-08-17T13:00:00.0,bus-3-bus-4-i_6,158.99857265956004
2020-08-17T14:00:00.0,bus-3-bus-4-i_6,156.91696339044586
2020-08-17T15:00:00.0,bus-3-bus-4-i_6,157.12348318802975
2020-08-17T16:00:00.0,bus-3-bus-4-i_6,158.172096835756
2020-08-17T17:00:00.0,bus-3-bus-4-i_6,161.07982394451184
2020-08-17T18:00:00.0,bus-3-bus-4-i_6,163.92219284887898
2020-08-17T19:00:00.0,bus-3-bus-4-i_6,166.11812001211425
2020-08-17T20:00:00.0,bus-3-bus-4-i_6,169.75401417575546
2020-08-17T21:00:00.0,bus-3-bus-4-i_6,152.21006010484572
2020-08-17T22:00:00.0,bus-3-bus-4-i_6,134.76185543789512
2020-08-17T23:00:00.0,bus-3-bus-4-i_6,119.05519997426732
2020-08-18T00:00:00.0,bus-3-bus-4-i_6,114.14539813691079
2020-08-18T01:00:00.0,bus-3-bus-4-i_6,116.8360568406475
2020-08-18T02:00:00.0,bus-3-bus-4-i_6,113.26433716616229
2020-08-18T03:00:00.0,bus-3-bus-4-i_6,111.5243825458103
2020-08-18T04:00:00.0,bus-3-bus-4-i_6,112.256938473302
2020-08-18T05:00:00.0,bus-3-bus-4-i_6,112.01277713851835
2020-08-18T06:00:00.0,bus-3-bus-4-i_6,116.50867259705163
2020-08-18T07:00:00.0,bus-3-bus-4-i_6,116.33391352175036
2020-08-18T08:00:00.0,bus-3-bus-4-i_6,130.8547978290984
2020-08-18T09:00:00.0,bus-3-bus-4-i_6,145.29908014901795
2020-08-18T10:00:00.0,bus-3-bus-4-i_6,160.46641409981768
2020-08-18T11:00:00.0,bus-3-bus-4-i_6,171.72557212499098
2020-08-18T12:00:00.0,bus-3-bus-4-i_6,167.37271519348235
2020-08-18T13:00:00.0,bus-3-bus-4-i_6,162.90711272930807
2020-08-18T14:00:00.0,bus-3-bus-4-i_6,159.9730882905644
2020-08-18T15:00:00.0,bus-3-bus-4-i_6,158.60116263001908
2020-08-18T16:00:00.0,bus-3-bus-4-i_6,159.66307546153553
2020-08-18T17:00:00.0,bus-3-bus-4-i_6,163.84835857187716
2020-08-18T18:00:00.0,bus-3-bus-4-i_6,167.22512440051415
2020-08-18T19:00:00.0,bus-3-bus-4-i_6,169.77072548018035
2020-08-18T20:00:00.0,bus-3-bus-4-i_6,161.62034195781715
2020-08-18T21:00:00.0,bus-3-bus-4-i_6,142.67475221499188
2020-08-18T22:00:00.0,bus-3-bus-4-i_6,125.80191483857848
2020-08-18T23:00:00.0,bus-3-bus-4-i_6,115.16777445990705
2020-08-19T00:00:00.0,bus-3-bus-4-i_6,113.79602842159315
2020-08-19T01:00:00.0,bus-3-bus-4-i_6,114.42433476987533
2020-08-19T02:00:00.0,bus-3-bus-4-i_6,110.8223352815577
2020-08-19T03:00:00.0,bus-3-bus-4-i_6,109.57091665968619
2020-08-19T04:00:00.0,bus-3-bus-4-i_6,109.99822162512287
2020-08-19T05:00:00.0,bus-3-bus-4-i_6,109.69300225545369
2020-08-19T06:00:00.0,bus-3-bus-4-i_6,115.7371302627316
2020-08-19T07:00:00.0,bus-3-bus-4-i_6,115.25487968178874
2020-08-19T08:00:00.0,bus-3-bus-4-i_6,127.5470349270561
2020-08-19T09:00:00.0,bus-3-bus-4-i_6,142.81284949503134
2020-08-19T10:00:00.0,bus-3-bus-4-i_6,158.5282614831262
2020-08-19T11:00:00.0,bus-3-bus-4-i_6,172.14458936279934
2020-08-19T12:00:00.0,bus-3-bus-4-i_6,168.42421994457607
2020-08-19T13:00:00.0,bus-3-bus-4-i_6,164.5127269176914
2020-08-19T14:00:00.0,bus-3-bus-4-i_6,161.5781752116253
2020-08-19T15:00:00.0,bus-3-bus-4-i_6,160.91371610950284
2020-08-19T16:00:00.0,bus-3-bus-4-i_6,162.48260075536498
2020-08-19T17:00:00.0,bus-3-bus-4-i_6,167.64944217280146
2020-08-19T18:00:00.0,bus-3-bus-4-i_6,171.74401137377083
2020-08-19T19:00:00.0,bus-3-bus-4-i_6,168.55396264038941
2020-08-19T20:00:00.0,bus-3-bus-4-i_6,151.70301526886368
2020-08-19T21:00:00.0,bus-3-bus-4-i_6,135.3136201374819
2020-08-19T22:00:00.0,bus-3-bus-4-i_6,120.29388467075863
2020-08-19T23:00:00.0,bus-3-bus-4-i_6,113.6838626880414
2020-08-20T00:00:00.0,bus-3-bus-4-i_6,114.9433664527736
2020-08-20T01:00:00.0,bus-3-bus-4-i_6,109.93717781370562
2020-08-20T02:00:00.0,bus-3-bus-4-i_6,106.67157797250427
2020-08-20T03:00:00.0,bus-3-bus-4-i_6,105.23732203876529
2020-08-20T04:00:00.0,bus-3-bus-4-i_6,105.69505233989234
2020-08-20T05:00:00.0,bus-3-bus-4-i_6,105.23732203876529
2020-08-20T06:00:00.0,bus-3-bus-4-i_6,110.54762755911378
2020-08-20T07:00:00.0,bus-3-bus-4-i_6,112.87825287295131
2020-08-20T08:00:00.0,bus-3-bus-4-i_6,117.40398837965034
2020-08-20T09:00:00.0,bus-3-bus-4-i_6,130.62504040139623
2020-08-20T10:00:00.0,bus-3-bus-4-i_6,142.90491590658306
2020-08-20T11:00:00.0,bus-3-bus-4-i_6,154.33081731465825
2020-08-20T12:00:00.0,bus-3-bus-4-i_6,163.513215950432
2020-08-20T13:00:00.0,bus-3-bus-4-i_6,171.983712892286
2020-08-20T14:00:00.0,bus-3-bus-4-i_6,168.7747132468677
2020-08-20T15:00:00.0,bus-3-bus-4-i_6,167.37271519348235
2020-08-20T16:00:00.0,bus-3-bus-4-i_6,168.36887995149522
2020-08-20T17:00:00.0,bus-3-bus-4-i_6,172.315526840468
2020-08-20T18:00:00.0,bus-3-bus-4-i_6,163.4208678556478
2020-08-20T19:00:00.0,bus-3-bus-4-i_6,156.68289589083255
2020-08-20T20:00:00.0,bus-3-bus-4-i_6,139.91339534208154
2020-08-20T21:00:00.0,bus-3-bus-4-i_6,123.55228346146585
2020-08-20T22:00:00.0,bus-3-bus-4-i_6,113.89547841629593
2020-08-20T23:00:00.0,bus-3-bus-4-i_6,112.59275907609623
2020-08-21T00:00:00.0,bus-3-bus-4-i_6,106.39689927566869
2020-08-21T01:00:00.0,bus-3-bus-4-i_6,102.21656019570753
2020-08-21T02:00:00.0,bus-3-bus-4-i_6,99.56237552234998
2020-08-21T03:00:00.0,bus-3-bus-4-i_6,98.25069493254075
2020-08-21T04:00:00.0,bus-3-bus-4-i_6,98.79976547158786
2020-08-21T05:00:00.0,bus-3-bus-4-i_6,98.79976547158786
2020-08-21T06:00:00.0,bus-3-bus-4-i_6,103.37599975943239
2020-08-21T07:00:00.0,bus-3-bus-4-i_6,110.76129299746111
2020-08-21T08:00:00.0,bus-3-bus-4-i_6,113.6907514673714
2020-08-21T09:00:00.0,bus-3-bus-4-i_6,115.3294931701083
2020-08-21T10:00:00.0,bus-3-bus-4-i_6,125.02134687052389
2020-08-21T11:00:00.0,bus-3-bus-4-i_6,140.8797428725053
2020-08-21T12:00:00.0,bus-3-bus-4-i_6,154.10022181767258
2020-08-21T13:00:00.0,bus-3-bus-4-i_6,168.41510258663772
2020-08-21T14:00:00.0,bus-3-bus-4-i_6,170.37936841165958
2020-08-21T15:00:00.0,bus-3-bus-4-i_6,168.5348992132989
2020-08-21T16:00:00.0,bus-3-bus-4-i_6,169.1989593481821
2020-08-21T17:00:00.0,bus-3-bus-4-i_6,172.09645733335742
2020-08-21T18:00:00.0,bus-3-bus-4-i_6,164.76006580885186
2020-08-21T19:00:00.0,bus-3-bus-4-i_6,156.5906420704561
2020-08-21T20:00:00.0,bus-3-bus-4-i_6,143.36526656351617
2020-08-21T21:00:00.0,bus-3-bus-4-i_6,129.10883490024221
2020-08-21T22:00:00.0,bus-3-bus-4-i_6,115.83901866940668
2020-08-21T23:00:00.0,bus-3-bus-4-i_6,115.57571723051967
2020-08-22T00:00:00.0,bus-3-bus-4-i_6,112.34851434819402
2020-08-22T01:00:00.0,bus-3-bus-4-i_6,107.52607680209536
2020-08-22T02:00:00.0,bus-3-bus-4-i_6,104.62701016570128
2020-08-22T03:00:00.0,bus-3-bus-4-i_6,102.61319533209145
2020-08-22T04:00:00.0,bus-3-bus-4-i_6,102.06401062043575
2020-08-22T05:00:00.0,bus-3-bus-4-i_6,100.11148535590544
2020-08-22T06:00:00.0,bus-3-bus-4-i_6,104.96266636753049
2020-08-22T07:00:00.0,bus-3-bus-4-i_6,114.54649443905396
2020-08-22T08:00:00.0,bus-3-bus-4-i_6,115.11797702926312
2020-08-22T09:00:00.0,bus-3-bus-4-i_6,127.5011050168237
2020-08-22T10:00:00.0,bus-3-bus-4-i_6,142.7207843300482
2020-08-22T11:00:00.0,bus-3-bus-4-i_6,158.0668788291141
2020-08-22T12:00:00.0,bus-3-bus-4-i_6,171.23161848362273
2020-08-22T13:00:00.0,bus-3-bus-4-i_6,168.1659767234017
2020-08-22T14:00:00.0,bus-3-bus-4-i_6,164.54963505317878
2020-08-22T15:00:00.0,bus-3-bus-4-i_6,163.09167896111228
2020-08-22T16:00:00.0,bus-3-bus-4-i_6,163.77449339077606
2020-08-22T17:00:00.0,bus-3-bus-4-i_6,167.66787681813872
2020-08-22T18:00:00.0,bus-3-bus-4-i_6,170.84042318274285
2020-08-22T19:00:00.0,bus-3-bus-4-i_6,170.89620723246898
2020-08-22T20:00:00.0,bus-3-bus-4-i_6,155.25312735158562
2020-08-22T21:00:00.0,bus-3-bus-4-i_6,139.77535699283064
2020-08-22T22:00:00.0,bus-3-bus-4-i_6,123.96542572738703
2020-08-22T23:00:00.0,bus-3-bus-4-i_6,114.30771729185523
2020-08-23T00:00:00.0,bus-3-bus-4-i_6,115.6150108713321
2020-08-23T01:00:00.0,bus-3-bus-4-i_6,110.24239996825615
2020-08-23T02:00:00.0,bus-3-bus-4-i_6,106.24434262665739
2020-08-23T03:00:00.0,bus-3-bus-4-i_6,103.83368523719511
2020-08-23T04:00:00.0,bus-3-bus-4-i_6,102.43013194128672
2020-08-23T05:00:00.0,bus-3-bus-4-i_6,98.98279265829923
2020-08-23T06:00:00.0,bus-3-bus-4-i_6,103.10137335493592
2020-08-23T07:00:00.0,bus-3-bus-4-i_6,112.19588813237029
2020-08-23T08:00:00.0,bus-3-bus-4-i_6,114.05795120027291
2020-08-23T09:00:00.0,bus-3-bus-4-i_6,125.15908770629511
2020-08-23T10:00:00.0,bus-3-bus-4-i_6,142.49062687072595
2020-08-23T11:00:00.0,bus-3-bus-4-i_6,161.2049050887471
2020-08-23T12:00:00.0,bus-3-bus-4-i_6,171.09860281529782
2020-08-23T13:00:00.0,bus-3-bus-4-i_6,165.73063788839605
2020-08-23T14:00:00.0,bus-3-bus-4-i_6,161.96577544980215
2020-08-23T15:00:00.0,bus-3-bus-4-i_6,160.1941491725686
2020-08-23T16:00:00.0,bus-3-bus-4-i_6,160.61842968803006
2020-08-23T17:00:00.0,bus-3-bus-4-i_6,164.77108105367572
2020-08-23T18:00:00.0,bus-3-bus-4-i_6,168.75626726644256
2020-08-23T19:00:00.0,bus-3-bus-4-i_6,168.50767569106188
2020-08-23T20:00:00.0,bus-3-bus-4-i_6,158.5282614831262
2020-08-23T21:00:00.0,bus-3-bus-4-i_6,140.92576274086036
2020-08-23T22:00:00.0,bus-3-bus-4-i_6,123.55228346146585
2020-08-23T23:00:00.0,bus-3-bus-4-i_6,114.46996558526104
2020-08-24T00:00:00.0,bus-3-bus-4-i_6,116.62248375985453
2020-08-24T01:00:00.0,bus-3-bus-4-i_6,111.55486937211488
2020-08-24T02:00:00.0,bus-3-bus-4-i_6,108.22794738398258
2020-08-24T03:00:00.0,bus-3-bus-4-i_6,107.34296622124737
2020-08-24T04:00:00.0,bus-3-bus-4-i_6,108.04486852025312
2020-08-24T05:00:00.0,bus-3-bus-4-i_6,107.64815108185033
2020-08-24T06:00:00.0,bus-3-bus-4-i_6,113.93593878868842
2020-08-24T07:00:00.0,bus-3-bus-4-i_6,114.58222942143166
2020-08-24T08:00:00.0,bus-3-bus-4-i_6,127.91448529155215
2020-08-24T09:00:00.0,bus-3-bus-4-i_6,144.9306923254092
2020-08-24T10:00:00.0,bus-3-bus-4-i_6,164.4829574939985
2020-08-24T11:00:00.0,bus-3-bus-4-i_6,167.31736895906312
2020-08-24T12:00:00.0,bus-3-bus-4-i_6,161.43051332268948
2020-08-24T13:00:00.0,bus-3-bus-4-i_6,157.33001789404113
2020-08-24T14:00:00.0,bus-3-bus-4-i_6,155.4395764627647
2020-08-24T15:00:00.0,bus-3-bus-4-i_6,156.13852081274493
2020-08-24T16:00:00.0,bus-3-bus-4-i_6,157.47300218237962
2020-08-24T17:00:00.0,bus-3-bus-4-i_6,160.23102644332886
2020-08-24T18:00:00.0,bus-3-bus-4-i_6,162.48260075536498
2020-08-24T19:00:00.0,bus-3-bus-4-i_6,165.85980075991827
2020-08-24T20:00:00.0,bus-3-bus-4-i_6,169.8920586160999
2020-08-24T21:00:00.0,bus-3-bus-4-i_6,150.64288949644268
2020-08-24T22:00:00.0,bus-3-bus-4-i_6,131.54411631267305
2020-08-24T23:00:00.0,bus-3-bus-4-i_6,116.40859321293956
2020-08-25T00:00:00.0,bus-3-bus-4-i_6,113.5455455706069
2020-08-25T01:00:00.0,bus-3-bus-4-i_6,116.31719775188026
2020-08-25T02:00:00.0,bus-3-bus-4-i_6,113.478025088263
2020-08-25T03:00:00.0,bus-3-bus-4-i_6,112.04326310130521
2020-08-25T04:00:00.0,bus-3-bus-4-i_6,113.44749811863812
2020-08-25T05:00:00.0,bus-3-bus-4-i_6,113.84435616406647
2020-08-25T06:00:00.0,bus-3-bus-4-i_6,113.04205846298767
2020-08-25T07:00:00.0,bus-3-bus-4-i_6,119.8809634011222
2020-08-25T08:00:00.0,bus-3-bus-4-i_6,138.71715522789333
2020-08-25T09:00:00.0,bus-3-bus-4-i_6,156.5906420704561
2020-08-25T10:00:00.0,bus-3-bus-4-i_6,164.0211543643152
2020-08-25T11:00:00.0,bus-3-bus-4-i_6,163.92219284887898
2020-08-25T12:00:00.0,bus-3-bus-4-i_6,158.28334094646573
2020-08-25T13:00:00.0,bus-3-bus-4-i_6,154.29578579632812
2020-08-25T14:00:00.0,bus-3-bus-4-i_6,151.0233142596615
2020-08-25T15:00:00.0,bus-3-bus-4-i_6,150.54671916401958
2020-08-25T16:00:00.0,bus-3-bus-4-i_6,152.69131611762666
2020-08-25T17:00:00.0,bus-3-bus-4-i_6,156.64688563364965
2020-08-25T18:00:00.0,bus-3-bus-4-i_6,158.47402613406797
2020-08-25T19:00:00.0,bus-3-bus-4-i_6,160.48927403538607
2020-08-25T20:00:00.0,bus-3-bus-4-i_6,166.87458686728235
2020-08-25T21:00:00.0,bus-3-bus-4-i_6,168.64653733131703
2020-08-25T22:00:00.0,bus-3-bus-4-i_6,149.81345558171603
2020-08-25T23:00:00.0,bus-3-bus-4-i_6,133.15279652846732
2020-08-26T00:00:00.0,bus-3-bus-4-i_6,121.53283404002411
2020-08-26T01:00:00.0,bus-3-bus-4-i_6,115.40411357856549
2020-08-26T02:00:00.0,bus-3-bus-4-i_6,113.78294289547021
2020-08-26T03:00:00.0,bus-3-bus-4-i_6,113.1176325130087
2020-08-26T04:00:00.0,bus-3-bus-4-i_6,113.40716635754757
2020-08-26T05:00:00.0,bus-3-bus-4-i_6,113.40716635754443
2020-08-26T06:00:00.0,bus-3-bus-4-i_6,115.78936430474039
2020-08-26T07:00:00.0,bus-3-bus-4-i_6,130.71694244662496
2020-08-26T08:00:00.0,bus-3-bus-4-i_6,146.58859521123696
2020-08-26T09:00:00.0,bus-3-bus-4-i_6,164.57532447689383
2020-08-26T10:00:00.0,bus-3-bus-4-i_6,168.64559069171946
2020-08-26T11:00:00.0,bus-3-bus-4-i_6,161.52280189734344
2020-08-26T12:00:00.0,bus-3-bus-4-i_6,156.3927053111047
2020-08-26T13:00:00.0,bus-3-bus-4-i_6,153.51735584546725
2020-08-26T14:00:00.0,bus-3-bus-4-i_6,151.46805882050484
2020-08-26T15:00:00.0,bus-3-bus-4-i_6,150.78502945625533
2020-08-26T16:00:00.0,bus-3-bus-4-i_6,152.1829715412122
2020-08-26T17:00:00.0,bus-3-bus-4-i_6,156.2020658673583
2020-08-26T18:00:00.0,bus-3-bus-4-i_6,158.69652597911235
2020-08-26T19:00:00.0,bus-3-bus-4-i_6,161.28285284182894
2020-08-26T20:00:00.0,bus-3-bus-4-i_6,167.83391055392065
2020-08-26T21:00:00.0,bus-3-bus-4-i_6,165.9160441451774
2020-08-26T22:00:00.0,bus-3-bus-4-i_6,148.61547123011206
2020-08-26T23:00:00.0,bus-3-bus-4-i_6,132.96892818676324
2020-08-27T00:00:00.0,bus-3-bus-4-i_6,121.89994510850524
2020-08-27T01:00:00.0,bus-3-bus-4-i_6,115.3046271199558
2020-08-27T02:00:00.0,bus-3-bus-4-i_6,113.60842519635332
2020-08-27T03:00:00.0,bus-3-bus-4-i_6,112.76477894692538
2020-08-27T04:00:00.0,bus-3-bus-4-i_6,113.07984772414505
2020-08-27T05:00:00.0,bus-3-bus-4-i_6,113.0168425004497
2020-08-27T06:00:00.0,bus-3-bus-4-i_6,115.52843713426783
2020-08-27T07:00:00.0,bus-3-bus-4-i_6,129.70608792633277
2020-08-27T08:00:00.0,bus-3-bus-4-i_6,146.68071281214418
2020-08-27T09:00:00.0,bus-3-bus-4-i_6,162.40512635608044
2020-08-27T10:00:00.0,bus-3-bus-4-i_6,170.600677791241
2020-08-27T11:00:00.0,bus-3-bus-4-i_6,165.10437314981067
2020-08-27T12:00:00.0,bus-3-bus-4-i_6,161.52280189734344
2020-08-27T13:00:00.0,bus-3-bus-4-i_6,158.98268611686478
2020-08-27T14:00:00.0,bus-3-bus-4-i_6,157.6795366257151
2020-08-27T15:00:00.0,bus-3-bus-4-i_6,157.7590182054845
2020-08-27T16:00:00.0,bus-3-bus-4-i_6,159.64540390369862
2020-08-27T17:00:00.0,bus-3-bus-4-i_6,164.27282090086783
2020-08-27T18:00:00.0,bus-3-bus-4-i_6,166.8376873429084
2020-08-27T19:00:00.0,bus-3-bus-4-i_6,169.71539347840178
2020-08-27T20:00:00.0,bus-3-bus-4-i_6,165.73096742903235
2020-08-27T21:00:00.0,bus-3-bus-4-i_6,149.3065902626557
2020-08-27T22:00:00.0,bus-3-bus-4-i_6,133.8883192755451
2020-08-27T23:00:00.0,bus-3-bus-4-i_6,119.7892416490546
2020-08-28T00:00:00.0,bus-3-bus-4-i_6,114.63211020940302
2020-08-28T01:00:00.0,bus-3-bus-4-i_6,112.84043880366829
2020-08-28T02:00:00.0,bus-3-bus-4-i_6,116.53090158403172
2020-08-28T03:00:00.0,bus-3-bus-4-i_6,114.6990898730945
2020-08-28T04:00:00.0,bus-3-bus-4-i_6,115.09601135430239
2020-08-28T05:00:00.0,bus-3-bus-4-i_6,114.8212516180422
2020-08-28T06:00:00.0,bus-3-bus-4-i_6,113.04205846298767
2020-08-28T07:00:00.0,bus-3-bus-4-i_6,118.5964954233593
2020-08-28T08:00:00.0,bus-3-bus-4-i_6,131.4981595789574
2020-08-28T09:00:00.0,bus-3-bus-4-i_6,141.80020132376188
2020-08-28T10:00:00.0,bus-3-bus-4-i_6,152.53268574923854
2020-08-28T11:00:00.0,bus-3-bus-4-i_6,159.17425042489387
2020-08-28T12:00:00.0,bus-3-bus-4-i_6,172.19272449491888
2020-08-28T13:00:00.0,bus-3-bus-4-i_6,169.66007513482296
2020-08-28T14:00:00.0,bus-3-bus-4-i_6,167.72322108740215
2020-08-28T15:00:00.0,bus-3-bus-4-i_6,167.22512440051415
2020-08-28T16:00:00.0,bus-3-bus-4-i_6,168.9222661601281
2020-08-28T17:00:00.0,bus-3-bus-4-i_6,170.6089443518529
2020-08-28T18:00:00.0,bus-3-bus-4-i_6,164.34441169448033
2020-08-28T19:00:00.0,bus-3-bus-4-i_6,156.5906420704561
2020-08-28T20:00:00.0,bus-3-bus-4-i_6,144.05585116550876
2020-08-28T21:00:00.0,bus-3-bus-4-i_6,131.31433573208554
2020-08-28T22:00:00.0,bus-3-bus-4-i_6,117.54157668999119
2020-08-28T23:00:00.0,bus-3-bus-4-i_6,113.26872666546318
2020-08-29T00:00:00.0,bus-3-bus-4-i_6,114.8212516180422
2020-08-29T01:00:00.0,bus-3-bus-4-i_6,110.2118781031034
2020-08-29T02:00:00.0,bus-3-bus-4-i_6,106.51896636254112
2020-08-29T03:00:00.0,bus-3-bus-4-i_6,104.35238666255123
2020-08-29T04:00:00.0,bus-3-bus-4-i_6,103.00983893771827
2020-08-29T05:00:00.0,bus-3-bus-4-i_6,100.3250473026584
2020-08-29T06:00:00.0,bus-3-bus-4-i_6,103.83368523719511
2020-08-29T07:00:00.0,bus-3-bus-4-i_6,111.67700424998203
2020-08-29T08:00:00.0,bus-3-bus-4-i_6,113.25613823623588
2020-08-29T09:00:00.0,bus-3-bus-4-i_6,117.26640281863843
2020-08-29T10:00:00.0,bus-3-bus-4-i_6,129.98176074422847
2020-08-29T11:00:00.0,bus-3-bus-4-i_6,142.53665773942132
2020-08-29T12:00:00.0,bus-3-bus-4-i_6,153.63920903116548
2020-08-29T13:00:00.0,bus-3-bus-4-i_6,165.31460439549392
2020-08-29T14:00:00.0,bus-3-bus-4-i_6,171.90996063715437
2020-08-29T15:00:00.0,bus-3-bus-4-i_6,169.99205005380543
2020-08-29T16:00:00.0,bus-3-bus-4-i_6,171.09860281529782
2020-08-29T17:00:00.0,bus-3-bus-4-i_6,165.59216470973112
2020-08-29T18:00:00.0,bus-3-bus-4-i_6,159.26653961670806
2020-08-29T19:00:00.0,bus-3-bus-4-i_6,152.62494323334067
2020-08-29T20:00:00.0,bus-3-bus-4-i_6,138.80916615408907
2020-08-29T21:00:00.0,bus-3-bus-4-i_6,124.9754338730048
2020-08-29T22:00:00.0,bus-3-bus-4-i_6,115.15531770323517
2020-08-29T23:00:00.0,bus-3-bus-4-i_6,116.8055874945253
2020-08-30T00:00:00.0,bus-3-bus-4-i_6,110.60868137196711
2020-08-30T01:00:00.0,bus-3-bus-4-i_6,106.24434262665739
2020-08-30T02:00:00.0,bus-3-bus-4-i_6,102.82677158561158
2020-08-30T03:00:00.0,bus-3-bus-4-i_6,100.87416558348419
2020-08-30T04:00:00.0,bus-3-bus-4-i_6,99.74541027658827
2020-08-30T05:00:00.0,bus-3-bus-4-i_6,96.7865810977045
2020-08-30T06:00:00.0,bus-3-bus-4-i_6,99.89795667484564
2020-08-30T07:00:00.0,bus-3-bus-4-i_6,108.31957285401823
2020-08-30T08:00:00.0,bus-3-bus-4-i_6,116.1984713796272
2020-08-30T09:00:00.0,bus-3-bus-4-i_6,115.93831617714332
2020-08-30T10:00:00.0,bus-3-bus-4-i_6,130.02770729331655
2020-08-30T11:00:00.0,bus-3-bus-4-i_6,145.6674880605242
2020-08-30T12:00:00.0,bus-3-bus-4-i_6,159.26653961670806
2020-08-30T13:00:00.0,bus-3-bus-4-i_6,171.56754885219354
2020-08-30T14:00:00.0,bus-3-bus-4-i_6,169.0882875300576
2020-08-30T15:00:00.0,bus-3-bus-4-i_6,167.24355985269264
2020-08-30T16:00:00.0,bus-3-bus-4-i_6,167.73607753797546
2020-08-30T17:00:00.0,bus-3-bus-4-i_6,172.3850800492767
2020-08-30T18:00:00.0,bus-3-bus-4-i_6,164.6676929544853
2020-08-30T19:00:00.0,bus-3-bus-4-i_6,157.7900643295162
2020-08-30T20:00:00.0,bus-3-bus-4-i_6,141.57007501188204
2020-08-30T21:00:00.0,bus-3-bus-4-i_6,126.16925226475755
2020-08-30T22:00:00.0,bus-3-bus-4-i_6,114.60715997748063
2020-08-30T23:00:00.0,bus-3-bus-4-i_6,115.18759855610008
2020-08-31T00:00:00.0,bus-3-bus-4-i_6,110.059266499798
2020-08-31T01:00:00.0,bus-3-bus-4-i_6,105.96967007547673
2020-08-31T02:00:00.0,bus-3-bus-4-i_6,103.2539315227244
2020-08-31T03:00:00.0,bus-3-bus-4-i_6,102.49115297998006
2020-08-31T04:00:00.0,bus-3-bus-4-i_6,103.62007610367463
2020-08-31T05:00:00.0,bus-3-bus-4-i_6,103.80315125423563
2020-08-31T06:00:00.0,bus-3-bus-4-i_6,108.41110206368974
2020-08-31T07:00:00.0,bus-3-bus-4-i_6,116.97653700818537
2020-08-31T08:00:00.0,bus-3-bus-4-i_6,115.96313816915603
2020-08-31T09:00:00.0,bus-3-bus-4-i_6,130.80884572630816
2020-08-31T10:00:00.0,bus-3-bus-4-i_6,147.23339313243525
2020-08-31T11:00:00.0,bus-3-bus-4-i_6,164.6215091740294
2020-08-31T12:00:00.0,bus-3-bus-4-i_6,169.82605714356532
2020-08-31T13:00:00.0,bus-3-bus-4-i_6,164.12518370049494
2020-08-31T14:00:00.0,bus-3-bus-4-i_6,159.99148745476296
2020-08-31T15:00:00.0,bus-3-bus-4-i_6,158.7760066024632
2020-08-31T16:00:00.0,bus-3-bus-4-i_6,159.95469647144054
2020-08-31T17:00:00.0,bus-3-bus-4-i_6,164.40200172624714
2020-08-31T18:00:00.0,bus-3-bus-4-i_6,168.01840386297874
2020-08-31T19:00:00.0,bus-3-bus-4-i_6,170.75261669353262
2020-08-31T20:00:00.0,bus-3-bus-4-i_6,151.38037025304433
2020-08-31T21:00:00.0,bus-3-bus-4-i_6,133.75037880810603
2020-08-31T22:00:00.0,bus-3-bus-4-i_6,116.2247862821984
2020-08-31T23:00:00.0,bus-3-bus-4-i_6,115.2632307854252
2020-09-01T00:00:00.0,bus-3-bus-4-i_6,113.29486388842054
2020-09-01T01:00:00.0,bus-3-bus-4-i_6,108.31957285401823
2020-09-01T02:00:00.0,bus-3-bus-4-i_6,104.5964962555742
2020-09-01T03:00:00.0,bus-3-bus-4-i_6,103.00983893771827
2020-09-01T04:00:00.0,bus-3-bus-4-i_6,104.62701016570128
2020-09-01T05:00:00.0,bus-3-bus-4-i_6,104.93215205182504
2020-09-01T06:00:00.0,bus-3-bus-4-i_6,110.45605951869287
2020-09-01T07:00:00.0,bus-3-bus-4-i_6,112.97906631341202
2020-09-01T08:00:00.0,bus-3-bus-4-i_6,118.32126682755622
2020-09-01T09:00:00.0,bus-3-bus-4-i_6,133.75037880810603
2020-09-01T10:00:00.0,bus-3-bus-4-i_6,150.9655108629315
2020-09-01T11:00:00.0,bus-3-bus-4-i_6,167.8134034750706
2020-09-01T12:00:00.0,bus-3-bus-4-i_6,167.94460817626856
2020-09-01T13:00:00.0,bus-3-bus-4-i_6,163.16545164882166
2020-09-01T14:00:00.0,bus-3-bus-4-i_6,160.59997799231763
2020-09-01T15:00:00.0,bus-3-bus-4-i_6,160.23102644332886
2020-09-01T16:00:00.0,bus-3-bus-4-i_6,162.35339908978753
2020-09-01T17:00:00.0,bus-3-bus-4-i_6,166.28417880858825
2020-09-01T18:00:00.0,bus-3-bus-4-i_6,167.66787681813872
2020-09-01T19:00:00.0,bus-3-bus-4-i_6,171.52273593447788
2020-09-01T20:00:00.0,bus-3-bus-4-i_6,159.7280044511376
2020-09-01T21:00:00.0,bus-3-bus-4-i_6,144.65441449245245
2020-09-01T22:00:00.0,bus-3-bus-4-i_6,128.74132057036636
2020-09-01T23:00:00.0,bus-3-bus-4-i_6,115.97557457281708
2020-09-02T00:00:00.0,bus-3-bus-4-i_6,113.30648895302049
2020-09-02T01:00:00.0,bus-3-bus-4-i_6,116.16454861984202
2020-09-02T02:00:00.0,bus-3-bus-4-i_6,113.05065076635952
2020-09-02T03:00:00.0,bus-3-bus-4-i_6,111.9822131742012
2020-09-02T04:00:00.0,bus-3-bus-4-i_6,114.27169447335648
2020-09-02T05:00:00.0,bus-3-bus-4-i_6,116.25609649178921
2020-09-02T06:00:00.0,bus-3-bus-4-i_6,113.83295326175282
2020-09-02T07:00:00.0,bus-3-bus-4-i_6,122.35886271219066
2020-09-02T08:00:00.0,bus-3-bus-4-i_6,137.75108707289024
2020-09-02T09:00:00.0,bus-3-bus-4-i_6,152.99374949538836
2020-09-02T10:00:00.0,bus-3-bus-4-i_6,165.45337370786854
2020-09-02T11:00:00.0,bus-3-bus-4-i_6,170.47158131379106
2020-09-02T12:00:00.0,bus-3-bus-4-i_6,166.52403648779685
2020-09-02T13:00:00.0,bus-3-bus-4-i_6,163.2023641091708
2020-09-02T14:00:00.0,bus-3-bus-4-i_6,161.1536518521667
2020-09-02T15:00:00.0,bus-3-bus-4-i_6,160.3232402500868
2020-09-02T16:00:00.0,bus-3-bus-4-i_6,161.54125965756435
2020-09-02T17:00:00.0,bus-3-bus-4-i_6,165.2508182337278
2020-09-02T18:00:00.0,bus-3-bus-4-i_6,166.33953109820288
2020-09-02T19:00:00.0,bus-3-bus-4-i_6,170.1949396227739
2020-09-02T20:00:00.0,bus-3-bus-4-i_6,161.38954039485557
2020-09-02T21:00:00.0,bus-3-bus-4-i_6,144.51627978957166
2020-09-02T22:00:00.0,bus-3-bus-4-i_6,127.96041797261266
2020-09-02T23:00:00.0,bus-3-bus-4-i_6,115.76451320320464
2020-09-03T00:00:00.0,bus-3-bus-4-i_6,113.1176325130087
2020-09-03T01:00:00.0,bus-3-bus-4-i_6,115.27918652898852
2020-09-03T02:00:00.0,bus-3-bus-4-i_6,112.04326310130521
2020-09-03T03:00:00.0,bus-3-bus-4-i_6,111.06648680152963
2020-09-03T04:00:00.0,bus-3-bus-4-i_6,112.3180287435158
2020-09-03T05:00:00.0,bus-3-bus-4-i_6,113.44749811863812
2020-09-03T06:00:00.0,bus-3-bus-4-i_6,113.05854041906403
2020-09-03T07:00:00.0,bus-3-bus-4-i_6,118.82585044049321
2020-09-03T08:00:00.0,bus-3-bus-4-i_6,134.807834126323
2020-09-03T09:00:00.0,bus-3-bus-4-i_6,149.260513467911
2020-09-03T10:00:00.0,bus-3-bus-4-i_6,163.236175735278
2020-09-03T11:00:00.0,bus-3-bus-4-i_6,170.9326311373602
2020-09-03T12:00:00.0,bus-3-bus-4-i_6,166.62477725111447
2020-09-03T13:00:00.0,bus-3-bus-4-i_6,163.35001363872772
2020-09-03T14:00:00.0,bus-3-bus-4-i_6,161.3197677503599
2020-09-03T15:00:00.0,bus-3-bus-4-i_6,160.3601321689883
2020-09-03T16:00:00.0,bus-3-bus-4-i_6,161.67046423541024
2020-09-03T17:00:00.0,bus-3-bus-4-i_6,165.73063788839605
2020-09-03T18:00:00.0,bus-3-bus-4-i_6,166.96683495987253
2020-09-03T19:00:00.0,bus-3-bus-4-i_6,171.09860281529782
2020-09-03T20:00:00.0,bus-3-bus-4-i_6,159.12810630328212
2020-09-03T21:00:00.0,bus-3-bus-4-i_6,141.24791125077633
2020-09-03T22:00:00.0,bus-3-bus-4-i_6,123.64404989961196
2020-09-03T23:00:00.0,bus-3-bus-4-i_6,114.64456809850742
2020-09-04T00:00:00.0,bus-3-bus-4-i_6,115.99123010768231
2020-09-04T01:00:00.0,bus-3-bus-4-i_6,113.02012437570919
2020-09-04T02:00:00.0,bus-3-bus-4-i_6,110.27292293664334
2020-09-04T03:00:00.0,bus-3-bus-4-i_6,109.60143743173676
2020-09-04T04:00:00.0,bus-3-bus-4-i_6,112.04326310130521
2020-09-04T05:00:00.0,bus-3-bus-4-i_6,113.69167041469899
2020-09-04T06:00:00.0,bus-3-bus-4-i_6,112.72697293325902
2020-09-04T07:00:00.0,bus-3-bus-4-i_6,119.05519997426732
2020-09-04T08:00:00.0,bus-3-bus-4-i_6,134.1641607623329
2020-09-04T09:00:00.0,bus-3-bus-4-i_6,150.64288949644268
2020-09-04T10:00:00.0,bus-3-bus-4-i_6,164.06733277049875
2020-09-04T11:00:00.0,bus-3-bus-4-i_6,171.28299814539906
2020-09-04T12:00:00.0,bus-3-bus-4-i_6,167.66787681813872
2020-09-04T13:00:00.0,bus-3-bus-4-i_6,164.08827408322972
2020-09-04T14:00:00.0,bus-3-bus-4-i_6,163.25773261056506
2020-09-04T15:00:00.0,bus-3-bus-4-i_6,164.0698192272673
2020-09-04T16:00:00.0,bus-3-bus-4-i_6,165.36154397553523
2020-09-04T17:00:00.0,bus-3-bus-4-i_6,169.47563109690034
2020-09-04T18:00:00.0,bus-3-bus-4-i_6,169.77072548018035
2020-09-04T19:00:00.0,bus-3-bus-4-i_6,170.89620723246898
2020-09-04T20:00:00.0,bus-3-bus-4-i_6,155.11477637254285
2020-09-04T21:00:00.0,bus-3-bus-4-i_6,140.46557713469795
2020-09-04T22:00:00.0,bus-3-bus-4-i_6,124.83769672351303
2020-09-04T23:00:00.0,bus-3-bus-4-i_6,114.71937929317187
2020-09-05T00:00:00.0,bus-3-bus-4-i_6,117.19405765651314
2020-09-05T01:00:00.0,bus-3-bus-4-i_6,112.59275907609623
2020-09-05T02:00:00.0,bus-3-bus-4-i_6,108.50269222418305
2020-09-05T03:00:00.0,bus-3-bus-4-i_6,105.81709044641221
2020-09-05T04:00:00.0,bus-3-bus-4-i_6,104.81009474989642
2020-09-05T05:00:00.0,bus-3-bus-4-i_6,102.12503011797263
2020-09-05T06:00:00.0,bus-3-bus-4-i_6,105.54245022024091
2020-09-05T07:00:00.0,bus-3-bus-4-i_6,117.15811913986411
2020-09-05T08:00:00.0,bus-3-bus-4-i_6,119.05519997426732
2020-09-05T09:00:00.0,bus-3-bus-4-i_6,137.01514866780812
2020-09-05T10:00:00.0,bus-3-bus-4-i_6,152.48664603029107
2020-09-05T11:00:00.0,bus-3-bus-4-i_6,166.0085858435382
2020-09-05T12:00:00.0,bus-3-bus-4-i_6,171.50429591329615
2020-09-05T13:00:00.0,bus-3-bus-4-i_6,167.2066753298611
2020-09-05T14:00:00.0,bus-3-bus-4-i_6,164.3650953025978
2020-09-05T15:00:00.0,bus-3-bus-4-i_6,163.57148470616218
2020-09-05T16:00:00.0,bus-3-bus-4-i_6,165.52766532921882
2020-09-05T17:00:00.0,bus-3-bus-4-i_6,169.47563109690034
2020-09-05T18:00:00.0,bus-3-bus-4-i_6,170.82198146860114
2020-09-05T19:00:00.0,bus-3-bus-4-i_6,168.55396264038941
2020-09-05T20:00:00.0,bus-3-bus-4-i_6,155.89875797544528
2020-09-05T21:00:00.0,bus-3-bus-4-i_6,141.15586726330125
2020-09-05T22:00:00.0,bus-3-bus-4-i_6,127.5011050168237
2020-09-05T23:00:00.0,bus-3-bus-4-i_6,115.72724083682778
2020-09-06T00:00:00.0,bus-3-bus-4-i_6,113.62099961574603
2020-09-06T01:00:00.0,bus-3-bus-4-i_6,116.92109573119185
2020-09-06T02:00:00.0,bus-3-bus-4-i_6,115.12654045901598
2020-09-06T03:00:00.0,bus-3-bus-4-i_6,111.9212021398381
2020-09-06T04:00:00.0,bus-3-bus-4-i_6,110.88338119382333
2020-09-06T05:00:00.0,bus-3-bus-4-i_6,107.37348583792752
2020-09-06T06:00:00.0,bus-3-bus-4-i_6,110.51710466740339
2020-09-06T07:00:00.0,bus-3-bus-4-i_6,113.67129208340899
2020-09-06T08:00:00.0,bus-3-bus-4-i_6,123.59814617210039
2020-09-06T09:00:00.0,bus-3-bus-4-i_6,138.85517213447832
2020-09-06T10:00:00.0,bus-3-bus-4-i_6,151.97950992768443
2020-09-06T11:00:00.0,bus-3-bus-4-i_6,162.5436271228215
2020-09-06T12:00:00.0,bus-3-bus-4-i_6,169.52604068916278
2020-09-06T13:00:00.0,bus-3-bus-4-i_6,170.04739382995564
2020-09-06T14:00:00.0,bus-3-bus-4-i_6,169.272738868314
2020-09-06T15:00:00.0,bus-3-bus-4-i_6,171.09860281529782
2020-09-06T16:00:00.0,bus-3-bus-4-i_6,168.78540134063533
2020-09-06T17:00:00.0,bus-3-bus-4-i_6,162.22046286451024
2020-09-06T18:00:00.0,bus-3-bus-4-i_6,162.8668073723445
2020-09-06T19:00:00.0,bus-3-bus-4-i_6,157.42099600456768
2020-09-06T20:00:00.0,bus-3-bus-4-i_6,146.12802606325138
2020-09-06T21:00:00.0,bus-3-bus-4-i_6,134.2561104002648
2020-09-06T22:00:00.0,bus-3-bus-4-i_6,121.57872403034438
2020-09-06T23:00:00.0,bus-3-bus-4-i_6,114.20783284895666
2020-09-07T00:00:00.0,bus-3-bus-4-i_6,116.8360568406475
2020-09-07T01:00:00.0,bus-3-bus-4-i_6,111.61595597227567
2020-09-07T02:00:00.0,bus-3-bus-4-i_6,108.25850402179323
2020-09-07T03:00:00.0,bus-3-bus-4-i_6,106.48847626077563
2020-09-07T04:00:00.0,bus-3-bus-4-i_6,105.9391541296743
2020-09-07T05:00:00.0,bus-3-bus-4-i_6,103.2539315227244
2020-09-07T06:00:00.0,bus-3-bus-4-i_6,106.85465505737761
2020-09-07T07:00:00.0,bus-3-bus-4-i_6,114.95001353204259
2020-09-07T08:00:00.0,bus-3-bus-4-i_6,121.44101814800948
2020-09-07T09:00:00.0,bus-3-bus-4-i_6,139.59131007598853
2020-09-07T10:00:00.0,bus-3-bus-4-i_6,155.85268101044898
2020-09-07T11:00:00.0,bus-3-bus-4-i_6,168.9705570010777
2020-09-07T12:00:00.0,bus-3-bus-4-i_6,170.15805340374607
2020-09-07T13:00:00.0,bus-3-bus-4-i_6,168.20285665076716
2020-09-07T14:00:00.0,bus-3-bus-4-i_6,166.1365711268416
2020-09-07T15:00:00.0,bus-3-bus-4-i_6,165.3430914213262
2020-09-07T16:00:00.0,bus-3-bus-4-i_6,166.67163724336143
2020-09-07T17:00:00.0,bus-3-bus-4-i_6,169.73383751666634
2020-09-07T18:00:00.0,bus-3-bus-4-i_6,169.89984564376832
2020-09-07T19:00:00.0,bus-3-bus-4-i_6,171.37550942383623
2020-09-07T20:00:00.0,bus-3-bus-4-i_6,156.91353574122365
2020-09-07T21:00:00.0,bus-3-bus-4-i_6,142.49062687072595
2020-09-07T22:00:00.0,bus-3-bus-4-i_6,128.55757074949932
2020-09-07T23:00:00.0,bus-3-bus-4-i_6,117.17466499732232
2020-09-08T00:00:00.0,bus-3-bus-4-i_6,113.78294289547021
2020-09-08T01:00:00.0,bus-3-bus-4-i_6,116.40878590564425
2020-09-08T02:00:00.0,bus-3-bus-4-i_6,113.20328384578214
2020-09-08T03:00:00.0,bus-3-bus-4-i_6,111.46333422128367
2020-09-08T04:00:00.0,bus-3-bus-4-i_6,113.63065964165347
2020-09-08T05:00:00.0,bus-3-bus-4-i_6,114.7296655723177
2020-09-08T06:00:00.0,bus-3-bus-4-i_6,112.85304373311055
2020-09-08T07:00:00.0,bus-3-bus-4-i_6,119.1469471188336
2020-09-08T08:00:00.0,bus-3-bus-4-i_6,134.57794378029465
2020-09-08T09:00:00.0,bus-3-bus-4-i_6,149.44482252666276
2020-09-08T10:00:00.0,bus-3-bus-4-i_6,163.32852112391373
2020-09-08T11:00:00.0,bus-3-bus-4-i_6,171.5964954466164
2020-09-08T12:00:00.0,bus-3-bus-4-i_6,167.88926522235522
2020-09-08T13:00:00.0,bus-3-bus-4-i_6,163.23927646882356
2020-09-08T14:00:00.0,bus-3-bus-4-i_6,160.67378730612361
2020-09-08T15:00:00.0,bus-3-bus-4-i_6,159.52648121621644
2020-09-08T16:00:00.0,bus-3-bus-4-i_6,160.83987634733612
2020-09-08T17:00:00.0,bus-3-bus-4-i_6,164.99248644977413
2020-09-08T18:00:00.0,bus-3-bus-4-i_6,165.21392258312133
2020-09-08T19:00:00.0,bus-3-bus-4-i_6,168.9960620201291
2020-09-08T20:00:00.0,bus-3-bus-4-i_6,166.37876804624995
2020-09-08T21:00:00.0,bus-3-bus-4-i_6,148.4772558788772
2020-09-08T22:00:00.0,bus-3-bus-4-i_6,132.96892818676324
2020-09-08T23:00:00.0,bus-3-bus-4-i_6,119.05519997426732
2020-09-09T00:00:00.0,bus-3-bus-4-i_6,114.61964083520726
2020-09-09T01:00:00.0,bus-3-bus-4-i_6,115.2632307854252
2020-09-09T02:00:00.0,bus-3-bus-4-i_6,114.7296655723177
2020-09-09T03:00:00.0,bus-3-bus-4-i_6,113.8748786220412
2020-09-09T04:00:00.0,bus-3-bus-4-i_6,116.92288036178171
2020-09-09T05:00:00.0,bus-3-bus-4-i_6,113.90540616356537
2020-09-09T06:00:00.0,bus-3-bus-4-i_6,115.20510855801056
2020-09-09T07:00:00.0,bus-3-bus-4-i_6,122.58834302930252
2020-09-09T08:00:00.0,bus-3-bus-4-i_6,126.3988795909935
2020-09-09T09:00:00.0,bus-3-bus-4-i_6,137.981084140927
2020-09-09T10:00:00.0,bus-3-bus-4-i_6,152.34835165422956
2020-09-09T11:00:00.0,bus-3-bus-4-i_6,164.85244404534058
2020-09-09T12:00:00.0,bus-3-bus-4-i_6,172.18651298775362
2020-09-09T13:00:00.0,bus-3-bus-4-i_6,168.18442304930196
2020-09-09T14:00:00.0,bus-3-bus-4-i_6,164.45737804970113
2020-09-09T15:00:00.0,bus-3-bus-4-i_6,163.146995435501
2020-09-09T16:00:00.0,bus-3-bus-4-i_6,165.3430914213262
2020-09-09T17:00:00.0,bus-3-bus-4-i_6,168.49800633925094
2020-09-09T18:00:00.0,bus-3-bus-4-i_6,167.57564915541488
2020-09-09T19:00:00.0,bus-3-bus-4-i_6,171.1836728467414
2020-09-09T20:00:00.0,bus-3-bus-4-i_6,153.1781602192606
2020-09-09T21:00:00.0,bus-3-bus-4-i_6,135.26763804243635
2020-09-09T22:00:00.0,bus-3-bus-4-i_6,118.77996587755165
2020-09-09T23:00:00.0,bus-3-bus-4-i_6,113.2183691681094
2020-09-10T00:00:00.0,bus-3-bus-4-i_6,113.84435616406647
2020-09-10T01:00:00.0,bus-3-bus-4-i_6,108.50269222418305
2020-09-10T02:00:00.0,bus-3-bus-4-i_6,105.78657466222461
2020-09-10T03:00:00.0,bus-3-bus-4-i_6,104.62701016570128
2020-09-10T04:00:00.0,bus-3-bus-4-i_6,106.70209517637738
2020-09-10T05:00:00.0,bus-3-bus-4-i_6,109.41830928130898
2020-09-10T06:00:00.0,bus-3-bus-4-i_6,112.89797766272684
2020-09-10T07:00:00.0,bus-3-bus-4-i_6,113.6838626880414
2020-09-10T08:00:00.0,bus-3-bus-4-i_6,118.91759458673144
2020-09-10T09:00:00.0,bus-3-bus-4-i_6,131.40624703795314
2020-09-10T10:00:00.0,bus-3-bus-4-i_6,142.35253613396034
2020-09-10T11:00:00.0,bus-3-bus-4-i_6,152.2561569739218
2020-09-10T12:00:00.0,bus-3-bus-4-i_6,156.17553954329426
2020-09-10T13:00:00.0,bus-3-bus-4-i_6,154.0080468730244
2020-09-10T14:00:00.0,bus-3-bus-4-i_6,150.68897548752193
2020-09-10T15:00:00.0,bus-3-bus-4-i_6,146.22013741317502
2020-09-10T16:00:00.0,bus-3-bus-4-i_6,144.24001880943666
2020-09-10T17:00:00.0,bus-3-bus-4-i_6,143.18112251896784
2020-09-10T18:00:00.0,bus-3-bus-4-i_6,147.6480230344237
2020-09-10T19:00:00.0,bus-3-bus-4-i_6,137.42910430905843
2020-09-10T20:00:00.0,bus-3-bus-4-i_6,124.56223081961208
2020-09-10T21:00:00.0,bus-3-bus-4-i_6,114.40757856767112
2020-09-10T22:00:00.0,bus-3-bus-4-i_6,114.7296655723177
2020-09-10T23:00:00.0,bus-3-bus-4-i_6,107.67864155324105
2020-09-11T00:00:00.0,bus-3-bus-4-i_6,103.77263862824498
2020-09-11T01:00:00.0,bus-3-bus-4-i_6,100.53858248495922
2020-09-11T02:00:00.0,bus-3-bus-4-i_6,98.70823821788949
2020-09-11T03:00:00.0,bus-3-bus-4-i_6,98.89126417865833
2020-09-11T04:00:00.0,bus-3-bus-4-i_6,101.5453507823322
2020-09-11T05:00:00.0,bus-3-bus-4-i_6,103.89468933490318
2020-09-11T06:00:00.0,bus-3-bus-4-i_6,107.15983132712306
2020-09-11T07:00:00.0,bus-3-bus-4-i_6,115.15706960121483
2020-09-11T08:00:00.0,bus-3-bus-4-i_6,113.79544903735786
2020-09-11T09:00:00.0,bus-3-bus-4-i_6,117.6791518412801
2020-09-11T10:00:00.0,bus-3-bus-4-i_6,126.85811869101265
2020-09-11T11:00:00.0,bus-3-bus-4-i_6,136.23330107284067
2020-09-11T12:00:00.0,bus-3-bus-4-i_6,144.65441449245245
2020-09-11T13:00:00.0,bus-3-bus-4-i_6,154.88419780646728
2020-09-11T14:00:00.0,bus-3-bus-4-i_6,162.26662826277143
2020-09-11T15:00:00.0,bus-3-bus-4-i_6,163.28234826271435
2020-09-11T16:00:00.0,bus-3-bus-4-i_6,159.82030123578102
2020-09-11T17:00:00.0,bus-3-bus-4-i_6,151.10382953347425
2020-09-11T18:00:00.0,bus-3-bus-4-i_6,151.19600851820297
2020-09-11T19:00:00.0,bus-3-bus-4-i_6,143.8256485012208
2020-09-11T20:00:00.0,bus-3-bus-4-i_6,132.96892818676324
2020-09-11T21:00:00.0,bus-3-bus-4-i_6,121.85405334968739
2020-09-11T22:00:00.0,bus-3-bus-4-i_6,114.48243061233372
2020-09-11T23:00:00.0,bus-3-bus-4-i_6,116.25609649178921
2020-09-12T00:00:00.0,bus-3-bus-4-i_6,111.34123793042363
2020-09-12T01:00:00.0,bus-3-bus-4-i_6,107.00726977045032
2020-09-12T02:00:00.0,bus-3-bus-4-i_6,103.40651179187277
2020-09-12T03:00:00.0,bus-3-bus-4-i_6,100.87416558348419
2020-09-12T04:00:00.0,bus-3-bus-4-i_6,99.928446985901
2020-09-12T05:00:00.0,bus-3-bus-4-i_6,97.48812585901594
2020-09-12T06:00:00.0,bus-3-bus-4-i_6,100.23352660739901
2020-09-12T07:00:00.0,bus-3-bus-4-i_6,110.15083272092224
2020-09-12T08:00:00.0,bus-3-bus-4-i_6,113.2813145946683
2020-09-12T09:00:00.0,bus-3-bus-4-i_6,117.63328786442196
2020-09-12T10:00:00.0,bus-3-bus-4-i_6,127.27146008260604
2020-09-12T11:00:00.0,bus-3-bus-4-i_6,135.7274728310236
2020-09-12T12:00:00.0,bus-3-bus-4-i_6,141.0178036162519
2020-09-12T13:00:00.0,bus-3-bus-4-i_6,147.23339313243525
2020-09-12T14:00:00.0,bus-3-bus-4-i_6,151.14991886895743
2020-09-12T15:00:00.0,bus-3-bus-4-i_6,152.34835165422956
2020-09-12T16:00:00.0,bus-3-bus-4-i_6,147.6019575102065
2020-09-12T17:00:00.0,bus-3-bus-4-i_6,138.02711210879676
2020-09-12T18:00:00.0,bus-3-bus-4-i_6,137.88911186811845
2020-09-12T19:00:00.0,bus-3-bus-4-i_6,130.16554868885464
2020-09-12T20:00:00.0,bus-3-bus-4-i_6,118.82585044049321
2020-09-12T21:00:00.0,bus-3-bus-4-i_6,114.00796944663088
2020-09-12T22:00:00.0,bus-3-bus-4-i_6,114.24121674106655
2020-09-12T23:00:00.0,bus-3-bus-4-i_6,106.48847626077563
2020-09-13T00:00:00.0,bus-3-bus-4-i_6,100.7216270809322
2020-09-13T01:00:00.0,bus-3-bus-4-i_6,96.11558730841112
2020-09-13T02:00:00.0,bus-3-bus-4-i_6,92.8524375569577
2020-09-13T03:00:00.0,bus-3-bus-4-i_6,90.87047503925092
2020-09-13T04:00:00.0,bus-3-bus-4-i_6,90.44362675186714
2020-09-13T05:00:00.0,bus-3-bus-4-i_6,87.79130596030141
2020-09-13T06:00:00.0,bus-3-bus-4-i_6,89.92532194253597
2020-09-13T07:00:00.0,bus-3-bus-4-i_6,98.89126417865833
2020-09-13T08:00:00.0,bus-3-bus-4-i_6,108.04486852025312
2020-09-13T09:00:00.0,bus-3-bus-4-i_6,116.43931519132072
2020-09-13T10:00:00.0,bus-3-bus-4-i_6,115.64029363985343
2020-09-13T11:00:00.0,bus-3-bus-4-i_6,126.21519256269467
2020-09-13T12:00:00.0,bus-3-bus-4-i_6,137.9351116379263
2020-09-13T13:00:00.0,bus-3-bus-4-i_6,147.14131957570984
2020-09-13T14:00:00.0,bus-3-bus-4-i_6,152.71706814450775
2020-09-13T15:00:00.0,bus-3-bus-4-i_6,155.20701004373132
2020-09-13T16:00:00.0,bus-3-bus-4-i_6,152.99374949538836
2020-09-13T17:00:00.0,bus-3-bus-4-i_6,144.33210455468245
2020-09-13T18:00:00.0,bus-3-bus-4-i_6,143.68753064551257
2020-09-13T19:00:00.0,bus-3-bus-4-i_6,135.26763804243635
2020-09-13T20:00:00.0,bus-3-bus-4-i_6,124.88360879951152
2020-09-13T21:00:00.0,bus-3-bus-4-i_6,114.98102999228112
2020-09-13T22:00:00.0,bus-3-bus-4-i_6,114.76014713472829
2020-09-13T23:00:00.0,bus-3-bus-4-i_6,107.77022691622547
2020-09-14T00:00:00.0,bus-3-bus-4-i_6,101.97249977810412
2020-09-14T01:00:00.0,bus-3-bus-4-i_6,98.15918544573043
2020-09-14T02:00:00.0,bus-3-bus-4-i_6,95.81059362264287
2020-09-14T03:00:00.0,bus-3-bus-4-i_6,95.59710138204649
2020-09-14T04:00:00.0,bus-3-bus-4-i_6,98.52521419388893
2020-09-14T05:00:00.0,bus-3-bus-4-i_6,100.87416558348419
2020-09-14T06:00:00.0,bus-3-bus-4-i_6,104.84060886487379
2020-09-14T07:00:00.0,bus-3-bus-4-i_6,112.74538802167893
2020-09-14T08:00:00.0,bus-3-bus-4-i_6,113.92048027186085
2020-09-14T09:00:00.0,bus-3-bus-4-i_6,119.513947823141
2020-09-14T10:00:00.0,bus-3-bus-4-i_6,132.4633157518513
2020-09-14T11:00:00.0,bus-3-bus-4-i_6,145.39118025304313
2020-09-14T12:00:00.0,bus-3-bus-4-i_6,155.43759973170458
2020-09-14T13:00:00.0,bus-3-bus-4-i_6,164.7138787958512
2020-09-14T14:00:00.0,bus-3-bus-4-i_6,172.4797415092668
2020-09-14T15:00:00.0,bus-3-bus-4-i_6,171.3567738347653
2020-09-14T16:00:00.0,bus-3-bus-4-i_6,171.37550942383623
2020-09-14T17:00:00.0,bus-3-bus-4-i_6,163.19000353995276
2020-09-14T18:00:00.0,bus-3-bus-4-i_6,161.2049050887471
2020-09-14T19:00:00.0,bus-3-bus-4-i_6,150.13602604898276
2020-09-14T20:00:00.0,bus-3-bus-4-i_6,136.4172832709032
2020-09-14T21:00:00.0,bus-3-bus-4-i_6,120.33976634146673
2020-09-14T22:00:00.0,bus-3-bus-4-i_6,113.15541280153244
2020-09-14T23:00:00.0,bus-3-bus-4-i_6,112.53170787196922
2020-09-15T00:00:00.0,bus-3-bus-4-i_6,106.33586596305736
2020-09-15T01:00:00.0,bus-3-bus-4-i_6,102.16738374378475
2020-09-15T02:00:00.0,bus-3-bus-4-i_6,99.80642228044083
2020-09-15T03:00:00.0,bus-3-bus-4-i_6,99.2573369487249
2020-09-15T04:00:00.0,bus-3-bus-4-i_6,102.00299100163906
2020-09-15T05:00:00.0,bus-3-bus-4-i_6,104.53546835656218
2020-09-15T06:00:00.0,bus-3-bus-4-i_6,107.46503971641097
2020-09-15T07:00:00.0,bus-3-bus-4-i_6,115.79814274054843
2020-09-15T08:00:00.0,bus-3-bus-4-i_6,115.27976195511125
2020-09-15T09:00:00.0,bus-3-bus-4-i_6,123.87357303678483
2020-09-15T10:00:00.0,bus-3-bus-4-i_6,138.44112959587008
2020-09-15T11:00:00.0,bus-3-bus-4-i_6,152.71706814450775
2020-09-15T12:00:00.0,bus-3-bus-4-i_6,164.25205034383737
2020-09-15T13:00:00.0,bus-3-bus-4-i_6,171.3383333477139
2020-09-15T14:00:00.0,bus-3-bus-4-i_6,168.44266669985788
2020-09-15T15:00:00.0,bus-3-bus-4-i_6,167.46495859050506
2020-09-15T16:00:00.0,bus-3-bus-4-i_6,169.2542946095166
2020-09-15T17:00:00.0,bus-3-bus-4-i_6,170.8482910173368
2020-09-15T18:00:00.0,bus-3-bus-4-i_6,168.09110509255515
2020-09-15T19:00:00.0,bus-3-bus-4-i_6,156.26770398395476
2020-09-15T20:00:00.0,bus-3-bus-4-i_6,141.33995648324643
2020-09-15T21:00:00.0,bus-3-bus-4-i_6,125.4345776733574
2020-09-15T22:00:00.0,bus-3-bus-4-i_6,114.095431752064
2020-09-15T23:00:00.0,bus-3-bus-4-i_6,114.76014713472829
2020-09-16T00:00:00.0,bus-3-bus-4-i_6,108.89945402729353
2020-09-16T01:00:00.0,bus-3-bus-4-i_6,104.47444097648666
2020-09-16T02:00:00.0,bus-3-bus-4-i_6,101.7894241126583
2020-09-16T03:00:00.0,bus-3-bus-4-i_6,101.30128060285872
2020-09-16T04:00:00.0,bus-3-bus-4-i_6,103.58956396047965
2020-09-16T05:00:00.0,bus-3-bus-4-i_6,105.75605886712316
2020-09-16T06:00:00.0,bus-3-bus-4-i_6,108.56373169361508
2020-09-16T07:00:00.0,bus-3-bus-4-i_6,116.8360568406475
2020-09-16T08:00:00.0,bus-3-bus-4-i_6,115.37924231960605
2020-09-16T09:00:00.0,bus-3-bus-4-i_6,123.59814617210039
2020-09-16T10:00:00.0,bus-3-bus-4-i_6,136.3252785059431
2020-09-16T11:00:00.0,bus-3-bus-4-i_6,149.8595361366918
2020-09-16T12:00:00.0,bus-3-bus-4-i_6,160.51256740352028
2020-09-16T13:00:00.0,bus-3-bus-4-i_6,170.75261669353262
2020-09-16T14:00:00.0,bus-3-bus-4-i_6,169.9551764721765
2020-09-16T15:00:00.0,bus-3-bus-4-i_6,168.81160500269456
2020-09-16T16:00:00.0,bus-3-bus-4-i_6,171.28299814539906
2020-09-16T17:00:00.0,bus-3-bus-4-i_6,165.22211596192815
2020-09-16T18:00:00.0,bus-3-bus-4-i_6,166.2399471248665
2020-09-16T19:00:00.0,bus-3-bus-4-i_6,158.3898433410735
2020-09-16T20:00:00.0,bus-3-bus-4-i_6,144.2860257049128
2020-09-16T21:00:00.0,bus-3-bus-4-i_6,130.487189647954
2020-09-16T22:00:00.0,bus-3-bus-4-i_6,116.02521104066457
2020-09-16T23:00:00.0,bus-3-bus-4-i_6,114.11152494604117
2020-09-17T00:00:00.0,bus-3-bus-4-i_6,112.71486255358418
2020-09-17T01:00:00.0,bus-3-bus-4-i_6,109.02153648912467
2020-09-17T02:00:00.0,bus-3-bus-4-i_6,106.12225083852648
2020-09-17T03:00:00.0,bus-3-bus-4-i_6,105.17629258456596
2020-09-17T04:00:00.0,bus-3-bus-4-i_6,107.8312636246281
2020-09-17T05:00:00.0,bus-3-bus-4-i_6,111.28019043863304
2020-09-17T06:00:00.0,bus-3-bus-4-i_6,113.20328384578214
2020-09-17T07:00:00.0,bus-3-bus-4-i_6,115.88746856532714
2020-09-17T08:00:00.0,bus-3-bus-4-i_6,114.99348346293752
2020-09-17T09:00:00.0,bus-3-bus-4-i_6,121.80817857728836
2020-09-17T10:00:00.0,bus-3-bus-4-i_6,129.24665789753917
2020-09-17T11:00:00.0,bus-3-bus-4-i_6,135.81941796076325
2020-09-17T12:00:00.0,bus-3-bus-4-i_6,144.9306923254092
2020-09-17T13:00:00.0,bus-3-bus-4-i_6,153.73134102619008
2020-09-17T14:00:00.0,bus-3-bus-4-i_6,159.63570893253345
2020-09-17T15:00:00.0,bus-3-bus-4-i_6,154.69966932743554
2020-09-17T16:00:00.0,bus-3-bus-4-i_6,151.05774051174126
2020-09-17T17:00:00.0,bus-3-bus-4-i_6,144.8846083691933
2020-09-17T18:00:00.0,bus-3-bus-4-i_6,149.67521579725053
2020-09-17T19:00:00.0,bus-3-bus-4-i_6,143.96376916400786
2020-09-17T20:00:00.0,bus-3-bus-4-i_6,132.00367797967365
2020-09-17T21:00:00.0,bus-3-bus-4-i_6,119.1469471188336
2020-09-17T22:00:00.0,bus-3-bus-4-i_6,113.45747247327441
2020-09-17T23:00:00.0,bus-3-bus-4-i_6,112.50118219254921
2020-09-18T00:00:00.0,bus-3-bus-4-i_6,107.0988229780908
2020-09-18T01:00:00.0,bus-3-bus-4-i_6,102.58270418829203
2020-09-18T02:00:00.0,bus-3-bus-4-i_6,100.14200637634927
2020-09-18T03:00:00.0,bus-3-bus-4-i_6,99.31834730238023
2020-09-18T04:00:00.0,bus-3-bus-4-i_6,101.7894241126583
2020-09-18T05:00:00.0,bus-3-bus-4-i_6,104.1693063602051
2020-09-18T06:00:00.0,bus-3-bus-4-i_6,105.42038908162334
2020-09-18T07:00:00.0,bus-3-bus-4-i_6,111.46333422128367
2020-09-18T08:00:00.0,bus-3-bus-4-i_6,115.76765945250442
2020-09-18T09:00:00.0,bus-3-bus-4-i_6,115.4716331534765
2020-09-18T10:00:00.0,bus-3-bus-4-i_6,113.31907538216777
2020-09-18T11:00:00.0,bus-3-bus-4-i_6,114.54481307070006
2020-09-18T12:00:00.0,bus-3-bus-4-i_6,115.25487968178874
2020-09-18T13:00:00.0,bus-3-bus-4-i_6,116.02521104066457
2020-09-18T14:00:00.0,bus-3-bus-4-i_6,118.32126682755622
2020-09-18T15:00:00.0,bus-3-bus-4-i_6,116.85363535342582
2020-09-18T16:00:00.0,bus-3-bus-4-i_6,114.86891313619584
2020-09-18T17:00:00.0,bus-3-bus-4-i_6,112.84735139651102
2020-09-18T18:00:00.0,bus-3-bus-4-i_6,113.5958502739437
2020-09-18T19:00:00.0,bus-3-bus-4-i_6,117.049619718559
2020-09-18T20:00:00.0,bus-3-bus-4-i_6,112.13487790084915
2020-09-18T21:00:00.0,bus-3-bus-4-i_6,107.55656738876411
2020-09-18T22:00:00.0,bus-3-bus-4-i_6,101.5758781727945
2020-09-18T23:00:00.0,bus-3-bus-4-i_6,95.59710138204649
2020-09-19T00:00:00.0,bus-3-bus-4-i_6,91.2668478919393
2020-09-19T01:00:00.0,bus-3-bus-4-i_6,88.27905400650864
2020-09-19T02:00:00.0,bus-3-bus-4-i_6,86.63296291111931
2020-09-19T03:00:00.0,bus-3-bus-4-i_6,85.71855239630044
2020-09-19T04:00:00.0,bus-3-bus-4-i_6,86.17575183045278
2020-09-19T05:00:00.0,bus-3-bus-4-i_6,84.62132944445092
2020-09-19T06:00:00.0,bus-3-bus-4-i_6,85.35280047288414
2020-09-19T07:00:00.0,bus-3-bus-4-i_6,91.7852019197958
2020-09-19T08:00:00.0,bus-3-bus-4-i_6,90.77900575926013
2020-09-19T09:00:00.0,bus-3-bus-4-i_6,93.85875762875489
2020-09-19T10:00:00.0,bus-3-bus-4-i_6,101.85046182840796
2020-09-19T11:00:00.0,bus-3-bus-4-i_6,104.29135960659902
2020-09-19T12:00:00.0,bus-3-bus-4-i_6,105.84760632402654
2020-09-19T13:00:00.0,bus-3-bus-4-i_6,108.31957285401823
2020-09-19T14:00:00.0,bus-3-bus-4-i_6,110.3644908842547
2020-09-19T15:00:00.0,bus-3-bus-4-i_6,111.61595597227567
2020-09-19T16:00:00.0,bus-3-bus-4-i_6,110.63919649594993
2020-09-19T17:00:00.0,bus-3-bus-4-i_6,108.99101578956385
2020-09-19T18:00:00.0,bus-3-bus-4-i_6,113.44749811863812
2020-09-19T19:00:00.0,bus-3-bus-4-i_6,111.79910306013299
2020-09-19T20:00:00.0,bus-3-bus-4-i_6,107.34296622124737
2020-09-19T21:00:00.0,bus-3-bus-4-i_6,103.58956396047965
2020-09-19T22:00:00.0,bus-3-bus-4-i_6,97.54913046747427
2020-09-19T23:00:00.0,bus-3-bus-4-i_6,92.12060740629326
2020-09-20T00:00:00.0,bus-3-bus-4-i_6,88.06566228595337
2020-09-20T01:00:00.0,bus-3-bus-4-i_6,85.47471654457877
2020-09-20T02:00:00.0,bus-3-bus-4-i_6,83.70703995656129
2020-09-20T03:00:00.0,bus-3-bus-4-i_6,82.7013886493176
2020-09-20T04:00:00.0,bus-3-bus-4-i_6,82.54902345311108
2020-09-20T05:00:00.0,bus-3-bus-4-i_6,80.41607526094701
2020-09-20T06:00:00.0,bus-3-bus-4-i_6,81.17780159052248
2020-09-20T07:00:00.0,bus-3-bus-4-i_6,86.5110413543496
2020-09-20T08:00:00.0,bus-3-bus-4-i_6,92.33405448038158
2020-09-20T09:00:00.0,bus-3-bus-4-i_6,95.10912879286622
2020-09-20T10:00:00.0,bus-3-bus-4-i_6,98.79976547158786
2020-09-20T11:00:00.0,bus-3-bus-4-i_6,102.16738374378475
2020-09-20T12:00:00.0,bus-3-bus-4-i_6,105.38989794889902
2020-09-20T13:00:00.0,bus-3-bus-4-i_6,110.02874380826589
2020-09-20T14:00:00.0,bus-3-bus-4-i_6,114.02752170640014
2020-09-20T15:00:00.0,bus-3-bus-4-i_6,116.19503546940138
2020-09-20T16:00:00.0,bus-3-bus-4-i_6,115.82871908937358
2020-09-20T17:00:00.0,bus-3-bus-4-i_6,114.11910512978731
2020-09-20T18:00:00.0,bus-3-bus-4-i_6,115.88746856532714
2020-09-20T19:00:00.0,bus-3-bus-4-i_6,114.88230725872586
2020-09-20T20:00:00.0,bus-3-bus-4-i_6,110.2118781031034
2020-09-20T21:00:00.0,bus-3-bus-4-i_6,104.23036027019288
2020-09-20T22:00:00.0,bus-3-bus-4-i_6,97.85414227035967
2020-09-20T23:00:00.0,bus-3-bus-4-i_6,92.02913102654551
2020-09-21T00:00:00.0,bus-3-bus-4-i_6,88.21808474967008
2020-09-21T01:00:00.0,bus-3-bus-4-i_6,85.35280047288414
2020-09-21T02:00:00.0,bus-3-bus-4-i_6,84.2556036933065
2020-09-21T03:00:00.0,bus-3-bus-4-i_6,84.68228416148568
2020-09-21T04:00:00.0,bus-3-bus-4-i_6,88.12663101101006
2020-09-21T05:00:00.0,bus-3-bus-4-i_6,90.62655826692398
2020-09-21T06:00:00.0,bus-3-bus-4-i_6,92.30356181590062
2020-09-21T07:00:00.0,bus-3-bus-4-i_6,97.6711271870345
2020-09-21T08:00:00.0,bus-3-bus-4-i_6,102.82677158561158
2020-09-21T09:00:00.0,bus-3-bus-4-i_6,105.78657466222461
2020-09-21T10:00:00.0,bus-3-bus-4-i_6,109.60143743173676
2020-09-21T11:00:00.0,bus-3-bus-4-i_6,113.53907865229917
2020-09-21T12:00:00.0,bus-3-bus-4-i_6,116.94971032486224
2020-09-21T13:00:00.0,bus-3-bus-4-i_6,113.64614693398411
2020-09-21T14:00:00.0,bus-3-bus-4-i_6,115.3294931701083
2020-09-21T15:00:00.0,bus-3-bus-4-i_6,116.62434625863314
2020-09-21T16:00:00.0,bus-3-bus-4-i_6,115.93831617714332
2020-09-21T17:00:00.0,bus-3-bus-4-i_6,114.80662385773128
2020-09-21T18:00:00.0,bus-3-bus-4-i_6,115.92593174520076
2020-09-21T19:00:00.0,bus-3-bus-4-i_6,113.78294289547021
2020-09-21T20:00:00.0,bus-3-bus-4-i_6,115.49287787994254
2020-09-21T21:00:00.0,bus-3-bus-4-i_6,108.07541674112161
2020-09-21T22:00:00.0,bus-3-bus-4-i_6,99.4708737755312
2020-09-21T23:00:00.0,bus-3-bus-4-i_6,93.37083708172663
2020-09-22T00:00:00.0,bus-3-bus-4-i_6,89.01070554050166
2020-09-22T01:00:00.0,bus-3-bus-4-i_6,86.54152298789964
2020-09-22T02:00:00.0,bus-3-bus-4-i_6,85.26136425839972
2020-09-22T03:00:00.0,bus-3-bus-4-i_6,85.90142599983817
2020-09-22T04:00:00.0,bus-3-bus-4-i_6,89.16313716980659
2020-09-22T05:00:00.0,bus-3-bus-4-i_6,91.32782916523918
2020-09-22T06:00:00.0,bus-3-bus-4-i_6,92.27307530550732
2020-09-22T07:00:00.0,bus-3-bus-4-i_6,97.64063728130941
2020-09-22T08:00:00.0,bus-3-bus-4-i_6,103.40651179187277
2020-09-22T09:00:00.0,bus-3-bus-4-i_6,106.42741603280497
2020-09-22T10:00:00.0,bus-3-bus-4-i_6,111.8296272278827
2020-09-22T11:00:00.0,bus-3-bus-4-i_6,116.92109573119185
2020-09-22T12:00:00.0,bus-3-bus-4-i_6,114.74429895401701
2020-09-22T13:00:00.0,bus-3-bus-4-i_6,120.98214175624204
2020-09-22T14:00:00.0,bus-3-bus-4-i_6,129.2006956768992
2020-09-22T15:00:00.0,bus-3-bus-4-i_6,132.4633157518513
2020-09-22T16:00:00.0,bus-3-bus-4-i_6,128.69538265299633
2020-09-22T17:00:00.0,bus-3-bus-4-i_6,122.63423990993212
2020-09-22T18:00:00.0,bus-3-bus-4-i_6,126.53664809132937
2020-09-22T19:00:00.0,bus-3-bus-4-i_6,120.84450401687417
2020-09-22T20:00:00.0,bus-3-bus-4-i_6,114.85645418295378
2020-09-22T21:00:00.0,bus-3-bus-4-i_6,117.14948812358652
2020-09-22T22:00:00.0,bus-3-bus-4-i_6,109.02153648912467
2020-09-22T23:00:00.0,bus-3-bus-4-i_6,101.758914864453
2020-09-23T00:00:00.0,bus-3-bus-4-i_6,97.24411173927317
2020-09-23T01:00:00.0,bus-3-bus-4-i_6,93.37083708172663
2020-09-23T02:00:00.0,bus-3-bus-4-i_6,91.60224791740647
2020-09-23T03:00:00.0,bus-3-bus-4-i_6,91.87667171212024
2020-09-23T04:00:00.0,bus-3-bus-4-i_6,94.31620432005118
2020-09-23T05:00:00.0,bus-3-bus-4-i_6,97.33561644773778
2020-09-23T06:00:00.0,bus-3-bus-4-i_6,98.40319915179683
2020-09-23T07:00:00.0,bus-3-bus-4-i_6,103.55905168746379
2020-09-23T08:00:00.0,bus-3-bus-4-i_6,107.98386796703161
2020-09-23T09:00:00.0,bus-3-bus-4-i_6,110.2118781031034
2020-09-23T10:00:00.0,bus-3-bus-4-i_6,112.6843519431532
2020-09-23T11:00:00.0,bus-3-bus-4-i_6,115.15706960121483
2020-09-23T12:00:00.0,bus-3-bus-4-i_6,116.62248375985453
2020-09-23T13:00:00.0,bus-3-bus-4-i_6,115.7836354098861
2020-09-23T14:00:00.0,bus-3-bus-4-i_6,112.8152076184682
2020-09-23T15:00:00.0,bus-3-bus-4-i_6,112.94126502323888
2020-09-23T16:00:00.0,bus-3-bus-4-i_6,117.10092824804634
2020-09-23T17:00:00.0,bus-3-bus-4-i_6,115.12654045901598
2020-09-23T18:00:00.0,bus-3-bus-4-i_6,112.76477894692538
2020-09-23T19:00:00.0,bus-3-bus-4-i_6,116.53090158403172
2020-09-23T20:00:00.0,bus-3-bus-4-i_6,110.60868137196711
2020-09-23T21:00:00.0,bus-3-bus-4-i_6,104.38290012359923
2020-09-23T22:00:00.0,bus-3-bus-4-i_6,96.8780838291463
2020-09-23T23:00:00.0,bus-3-bus-4-i_6,91.99863884354858
2020-09-24T00:00:00.0,bus-3-bus-4-i_6,87.88275746862465
2020-09-24T01:00:00.0,bus-3-bus-4-i_6,85.41376001663569
2020-09-24T02:00:00.0,bus-3-bus-4-i_6,84.40799017524097
2020-09-24T03:00:00.0,bus-3-bus-4-i_6,84.2556036933065
2020-09-24T04:00:00.0,bus-3-bus-4-i_6,87.76082219545873
2020-09-24T05:00:00.0,bus-3-bus-4-i_6,90.07775912268326
2020-09-24T06:00:00.0,bus-3-bus-4-i_6,90.90096495546663
2020-09-24T07:00:00.0,bus-3-bus-4-i_6,95.59710138204649
2020-09-24T08:00:00.0,bus-3-bus-4-i_6,99.4708737755312
2020-09-24T09:00:00.0,bus-3-bus-4-i_6,101.02670550702406
2020-09-24T10:00:00.0,bus-3-bus-4-i_6,105.51193488851516
2020-09-24T11:00:00.0,bus-3-bus-4-i_6,108.35009254488817
2020-09-24T12:00:00.0,bus-3-bus-4-i_6,111.9212021398381
2020-09-24T13:00:00.0,bus-3-bus-4-i_6,116.16454861984202
2020-09-24T14:00:00.0,bus-3-bus-4-i_6,113.33164071176665
2020-09-24T15:00:00.0,bus-3-bus-4-i_6,114.73183451672284
2020-09-24T16:00:00.0,bus-3-bus-4-i_6,114.04545658522667
2020-09-24T17:00:00.0,bus-3-bus-4-i_6,113.48265343033022
2020-09-24T18:00:00.0,bus-3-bus-4-i_6,115.03084058531809
2020-09-24T19:00:00.0,bus-3-bus-4-i_6,113.90797961855392
2020-09-24T20:00:00.0,bus-3-bus-4-i_6,116.07295883371992
2020-09-24T21:00:00.0,bus-3-bus-4-i_6,109.11309926439033
2020-09-24T22:00:00.0,bus-3-bus-4-i_6,101.51486013859308
2020-09-24T23:00:00.0,bus-3-bus-4-i_6,95.50559571777936
2020-09-25T00:00:00.0,bus-3-bus-4-i_6,91.2668478919393
2020-09-25T01:00:00.0,bus-3-bus-4-i_6,88.70584846457892
2020-09-25T02:00:00.0,bus-3-bus-4-i_6,87.60840436304582
2020-09-25T03:00:00.0,bus-3-bus-4-i_6,88.0351808745111
2020-09-25T04:00:00.0,bus-3-bus-4-i_6,90.87047503925092
2020-09-25T05:00:00.0,bus-3-bus-4-i_6,94.22471553019354
2020-09-25T06:00:00.0,bus-3-bus-4-i_6,94.77364750027871
2020-09-25T07:00:00.0,bus-3-bus-4-i_6,98.92178339163888
2020-09-25T08:00:00.0,bus-3-bus-4-i_6,102.88781343623458
2020-09-25T09:00:00.0,bus-3-bus-4-i_6,103.4980476381214
2020-09-25T10:00:00.0,bus-3-bus-4-i_6,105.42038908162334
2020-09-25T11:00:00.0,bus-3-bus-4-i_6,106.67157797250427
2020-09-25T12:00:00.0,bus-3-bus-4-i_6,107.98386796703161
2020-09-25T13:00:00.0,bus-3-bus-4-i_6,109.84561156428052
2020-09-25T14:00:00.0,bus-3-bus-4-i_6,110.70024267210829
2020-09-25T15:00:00.0,bus-3-bus-4-i_6,110.97495254240066
2020-09-25T16:00:00.0,bus-3-bus-4-i_6,108.77737278555526
2020-09-25T17:00:00.0,bus-3-bus-4-i_6,108.35009254488817
2020-09-25T18:00:00.0,bus-3-bus-4-i_6,112.92854517627732
2020-09-25T19:00:00.0,bus-3-bus-4-i_6,110.85285782448801
2020-09-25T20:00:00.0,bus-3-bus-4-i_6,98.58622205002835
2020-09-25T21:00:00.0,bus-3-bus-4-i_6,101.7894241126583
2020-09-25T22:00:00.0,bus-3-bus-4-i_6,96.39007541317757
2020-09-25T23:00:00.0,bus-3-bus-4-i_6,91.11439562317689
2020-09-26T00:00:00.0,bus-3-bus-4-i_6,86.93778445172926
2020-09-26T01:00:00.0,bus-3-bus-4-i_6,84.74323900887974
2020-09-26T02:00:00.0,bus-3-bus-4-i_6,83.28039149621893
2020-09-26T03:00:00.0,bus-3-bus-4-i_6,82.97564566331756
2020-09-26T04:00:00.0,bus-3-bus-4-i_6,83.24991279815033
2020-09-26T05:00:00.0,bus-3-bus-4-i_6,82.48807787726723
2020-09-26T06:00:00.0,bus-3-bus-4-i_6,82.79280383667033
2020-09-26T07:00:00.0,bus-3-bus-4-i_6,88.21808474967008
2020-09-26T08:00:00.0,bus-3-bus-4-i_6,92.69997002490969
2020-09-26T09:00:00.0,bus-3-bus-4-i_6,94.31620432005118
2020-09-26T10:00:00.0,bus-3-bus-4-i_6,96.48157577255849
2020-09-26T11:00:00.0,bus-3-bus-4-i_6,98.64724430769678
2020-09-26T12:00:00.0,bus-3-bus-4-i_6,100.4775847769352
2020-09-26T13:00:00.0,bus-3-bus-4-i_6,103.04037064875912
2020-09-26T14:00:00.0,bus-3-bus-4-i_6,105.63402108196031
2020-09-26T15:00:00.0,bus-3-bus-4-i_6,106.48847626077563
2020-09-26T16:00:00.0,bus-3-bus-4-i_6,105.69505233989234
2020-09-26T17:00:00.0,bus-3-bus-4-i_6,105.23732203876529
2020-09-26T18:00:00.0,bus-3-bus-4-i_6,109.66248061559243
2020-09-26T19:00:00.0,bus-3-bus-4-i_6,107.67864155324105
2020-09-26T20:00:00.0,bus-3-bus-4-i_6,103.77263862824498
2020-09-26T21:00:00.0,bus-3-bus-4-i_6,100.01998214968779
2020-09-26T22:00:00.0,bus-3-bus-4-i_6,95.04812427430535
2020-09-26T23:00:00.0,bus-3-bus-4-i_6,89.92532194253597
2020-09-27T00:00:00.0,bus-3-bus-4-i_6,86.05383121277563
2020-09-27T01:00:00.0,bus-3-bus-4-i_6,83.09754152117843
2020-09-27T02:00:00.0,bus-3-bus-4-i_6,81.75675065281135
2020-09-27T03:00:00.0,bus-3-bus-4-i_6,80.93405304431286
2020-09-27T04:00:00.0,bus-3-bus-4-i_6,81.45204216078412
2020-09-27T05:00:00.0,bus-3-bus-4-i_6,79.9590667324461
2020-09-27T06:00:00.0,bus-3-bus-4-i_6,79.59345588773272
2020-09-27T07:00:00.0,bus-3-bus-4-i_6,85.44423893070321
2020-09-27T08:00:00.0,bus-3-bus-4-i_6,90.38264877829991
2020-09-27T09:00:00.0,bus-3-bus-4-i_6,93.70628841496398
2020-09-27T10:00:00.0,bus-3-bus-4-i_6,97.06109048152243
2020-09-27T11:00:00.0,bus-3-bus-4-i_6,100.66062913033839
2020-09-27T12:00:00.0,bus-3-bus-4-i_6,102.88781343623458
2020-09-27T13:00:00.0,bus-3-bus-4-i_6,106.70209517637738
2020-09-27T14:00:00.0,bus-3-bus-4-i_6,109.72352430542713
2020-09-27T15:00:00.0,bus-3-bus-4-i_6,111.46333422128367
2020-09-27T16:00:00.0,bus-3-bus-4-i_6,110.51710466740339
2020-09-27T17:00:00.0,bus-3-bus-4-i_6,110.2118781031034
2020-09-27T18:00:00.0,bus-3-bus-4-i_6,113.69167041469899
2020-09-27T19:00:00.0,bus-3-bus-4-i_6,110.48658181967971
2020-09-27T20:00:00.0,bus-3-bus-4-i_6,105.2983524370986
2020-09-27T21:00:00.0,bus-3-bus-4-i_6,99.95896882628936
2020-09-27T22:00:00.0,bus-3-bus-4-i_6,93.88926587854367
2020-09-27T23:00:00.0,bus-3-bus-4-i_6,88.43147854955099
2020-09-28T00:00:00.0,bus-3-bus-4-i_6,85.01753931221657
2020-09-28T01:00:00.0,bus-3-bus-4-i_6,82.85375560127424
2020-09-28T02:00:00.0,bus-3-bus-4-i_6,82.24429786818033
2020-09-28T03:00:00.0,bus-3-bus-4-i_6,83.03659346573104
2020-09-28T04:00:00.0,bus-3-bus-4-i_6,86.23671301123419
2020-09-28T05:00:00.0,bus-3-bus-4-i_6,89.58995421116991
2020-09-28T06:00:00.0,bus-3-bus-4-i_6,90.2302013440878
2020-09-28T07:00:00.0,bus-3-bus-4-i_6,95.53610407580157
2020-09-28T08:00:00.0,bus-3-bus-4-i_6,100.17249864079628
2020-09-28T09:00:00.0,bus-3-bus-4-i_6,102.79631400992399
2020-09-28T10:00:00.0,bus-3-bus-4-i_6,107.34296622124737
2020-09-28T11:00:00.0,bus-3-bus-4-i_6,111.28019043863304
2020-09-28T12:00:00.0,bus-3-bus-4-i_6,115.79814274054843
2020-09-28T13:00:00.0,bus-3-bus-4-i_6,113.60842519635332
2020-09-28T14:00:00.0,bus-3-bus-4-i_6,115.34193127952199
2020-09-28T15:00:00.0,bus-3-bus-4-i_6,116.89952154208146
2020-09-28T16:00:00.0,bus-3-bus-4-i_6,116.16163553077867
2020-09-28T17:00:00.0,bus-3-bus-4-i_6,115.56572351665622
2020-09-28T18:00:00.0,bus-3-bus-4-i_6,116.67020344232296
2020-09-28T19:00:00.0,bus-3-bus-4-i_6,114.48243061233372
2020-09-28T20:00:00.0,bus-3-bus-4-i_6,116.43931519132072
2020-09-28T21:00:00.0,bus-3-bus-4-i_6,108.86893402276155
2020-09-28T22:00:00.0,bus-3-bus-4-i_6,101.33178933743974
2020-09-28T23:00:00.0,bus-3-bus-4-i_6,95.01763557530151
2020-09-29T00:00:00.0,bus-3-bus-4-i_6,90.38264877829991
2020-09-29T01:00:00.0,bus-3-bus-4-i_6,87.79130596030141
2020-09-29T02:00:00.0,bus-3-bus-4-i_6,86.45007505937566
2020-09-29T03:00:00.0,bus-3-bus-4-i_6,86.93778445172926
2020-09-29T04:00:00.0,bus-3-bus-4-i_6,90.10825083143716
2020-09-29T05:00:00.0,bus-3-bus-4-i_6,92.79145035653167
2020-09-29T06:00:00.0,bus-3-bus-4-i_6,94.2552036886093
2020-09-29T07:00:00.0,bus-3-bus-4-i_6,99.71490439002223
2020-09-29T08:00:00.0,bus-3-bus-4-i_6,105.48141934349482
2020-09-29T09:00:00.0,bus-3-bus-4-i_6,109.20466147544276
2020-09-29T10:00:00.0,bus-3-bus-4-i_6,114.8212516180422
2020-09-29T11:00:00.0,bus-3-bus-4-i_6,113.75792896681871
2020-09-29T12:00:00.0,bus-3-bus-4-i_6,116.46074673521052
2020-09-29T13:00:00.0,bus-3-bus-4-i_6,126.49072495032654
2020-09-29T14:00:00.0,bus-3-bus-4-i_6,134.8997924320986
2020-09-29T15:00:00.0,bus-3-bus-4-i_6,140.18948064069662
2020-09-29T16:00:00.0,bus-3-bus-4-i_6,137.01514866780812
2020-09-29T17:00:00.0,bus-3-bus-4-i_6,131.54411631267305
2020-09-29T18:00:00.0,bus-3-bus-4-i_6,132.50927897318604
2020-09-29T19:00:00.0,bus-3-bus-4-i_6,123.55228346146585
2020-09-29T20:00:00.0,bus-3-bus-4-i_6,114.95612140612599
2020-09-29T21:00:00.0,bus-3-bus-4-i_6,116.40878590564425
2020-09-29T22:00:00.0,bus-3-bus-4-i_6,107.43452196634126
2020-09-29T23:00:00.0,bus-3-bus-4-i_6,99.19632673637275
2020-09-30T00:00:00.0,bus-3-bus-4-i_6,94.49918436282363
2020-09-30T01:00:00.0,bus-3-bus-4-i_6,91.2058712646365
2020-09-30T02:00:00.0,bus-3-bus-4-i_6,89.28508373759463
2020-09-30T03:00:00.0,bus-3-bus-4-i_6,89.40703446141325
2020-09-30T04:00:00.0,bus-3-bus-4-i_6,92.45602529867702
2020-09-30T05:00:00.0,bus-3-bus-4-i_6,95.41411012605336
2020-09-30T06:00:00.0,bus-3-bus-4-i_6,96.63407776421667
2020-09-30T07:00:00.0,bus-3-bus-4-i_6,102.97932746653542
2020-09-30T08:00:00.0,bus-3-bus-4-i_6,109.54039444643962
2020-09-30T09:00:00.0,bus-3-bus-4-i_6,114.36332427991549
2020-09-30T10:00:00.0,bus-3-bus-4-i_6,113.394583428563
2020-09-30T11:00:00.0,bus-3-bus-4-i_6,116.80777690957149
2020-09-30T12:00:00.0,bus-3-bus-4-i_6,128.55757074949932
2020-09-30T13:00:00.0,bus-3-bus-4-i_6,139.0391704796869
2020-09-30T14:00:00.0,bus-3-bus-4-i_6,146.68071281214418
2020-09-30T15:00:00.0,bus-3-bus-4-i_6,149.07620942157592
2020-09-30T16:00:00.0,bus-3-bus-4-i_6,144.37814789533746
2020-09-30T17:00:00.0,bus-3-bus-4-i_6,138.21111677592387
2020-09-30T18:00:00.0,bus-3-bus-4-i_6,135.22165625714032
2020-09-30T19:00:00.0,bus-3-bus-4-i_6,125.38864297441464
2020-09-30T20:00:00.0,bus-3-bus-4-i_6,115.10553999995945
2020-09-30T21:00:00.0,bus-3-bus-4-i_6,117.11662078399583
2020-09-30T22:00:00.0,bus-3-bus-4-i_6,107.58711385216193
2020-09-30T23:00:00.0,bus-3-bus-4-i_6,99.59290241531285
2020-10-01T00:00:00.0,bus-3-bus-4-i_6,96.48157577255849
2020-10-01T01:00:00.0,bus-3-bus-4-i_6,92.36454713392726
2020-10-01T02:00:00.0,bus-3-bus-4-i_6,88.88876335968618
2020-10-01T03:00:00.0,bus-3-bus-4-i_6,89.2241134986042
2020-10-01T04:00:00.0,bus-3-bus-4-i_6,93.58430813510215
2020-10-01T05:00:00.0,bus-3-bus-4-i_6,97.64063728130941
2020-10-01T06:00:00.0,bus-3-bus-4-i_6,99.01329737048835
2020-10-01T07:00:00.0,bus-3-bus-4-i_6,105.69505233989234
2020-10-01T08:00:00.0,bus-3-bus-4-i_6,111.64647970312336
2020-10-01T09:00:00.0,bus-3-bus-4-i_6,116.31719775188026
2020-10-01T10:00:00.0,bus-3-bus-4-i_6,113.8079546306434
2020-10-01T11:00:00.0,bus-3-bus-4-i_6,115.86383706619037
2020-10-01T12:00:00.0,bus-3-bus-4-i_6,119.8809634011222
2020-10-01T13:00:00.0,bus-3-bus-4-i_6,123.04732655166313
2020-10-01T14:00:00.0,bus-3-bus-4-i_6,124.28677586830833
2020-10-01T15:00:00.0,bus-3-bus-4-i_6,124.37859295723499
2020-10-01T16:00:00.0,bus-3-bus-4-i_6,123.36867260923007
2020-10-01T17:00:00.0,bus-3-bus-4-i_6,122.58834302930252
2020-10-01T18:00:00.0,bus-3-bus-4-i_6,122.08349644485237
2020-10-01T19:00:00.0,bus-3-bus-4-i_6,118.32126682755622
2020-10-01T20:00:00.0,bus-3-bus-4-i_6,115.13042446876322
2020-10-01T21:00:00.0,bus-3-bus-4-i_6,112.87825287295131
2020-10-01T22:00:00.0,bus-3-bus-4-i_6,111.8296272278827
2020-10-01T23:00:00.0,bus-3-bus-4-i_6,103.2539315227244
2020-10-02T00:00:00.0,bus-3-bus-4-i_6,97.21359762401629
2020-10-02T01:00:00.0,bus-3-bus-4-i_6,93.09638809326243
2020-10-02T02:00:00.0,bus-3-bus-4-i_6,90.19971291623237
2020-10-02T03:00:00.0,bus-3-bus-4-i_6,90.44362675186714
2020-10-02T04:00:00.0,bus-3-bus-4-i_6,94.04173933359436
2020-10-02T05:00:00.0,bus-3-bus-4-i_6,97.9151476304615
2020-10-02T06:00:00.0,bus-3-bus-4-i_6,98.40319915179683
2020-10-02T07:00:00.0,bus-3-bus-4-i_6,104.93215205182504
2020-10-02T08:00:00.0,bus-3-bus-4-i_6,111.34123793042363
2020-10-02T09:00:00.0,bus-3-bus-4-i_6,116.34772690527524
2020-10-02T10:00:00.0,bus-3-bus-4-i_6,113.53296814309763
2020-10-02T11:00:00.0,bus-3-bus-4-i_6,115.59060539349343
2020-10-02T12:00:00.0,bus-3-bus-4-i_6,119.1469471188336
2020-10-02T13:00:00.0,bus-3-bus-4-i_6,122.58834302930252
2020-10-02T14:00:00.0,bus-3-bus-4-i_6,124.42450196224655
2020-10-02T15:00:00.0,bus-3-bus-4-i_6,124.65400943754264
2020-10-02T16:00:00.0,bus-3-bus-4-i_6,124.05719715132749
2020-10-02T17:00:00.0,bus-3-bus-4-i_6,122.7719326979833
2020-10-02T18:00:00.0,bus-3-bus-4-i_6,121.57872403034438
2020-10-02T19:00:00.0,bus-3-bus-4-i_6,117.08293217667558
2020-10-02T20:00:00.0,bus-3-bus-4-i_6,114.73183451672284
2020-10-02T21:00:00.0,bus-3-bus-4-i_6,112.87825287295131
2020-10-02T22:00:00.0,bus-3-bus-4-i_6,112.77587345653495
2020-10-02T23:00:00.0,bus-3-bus-4-i_6,105.17629258456596
2020-10-03T00:00:00.0,bus-3-bus-4-i_6,99.34883720682997
2020-10-03T01:00:00.0,bus-3-bus-4-i_6,94.83464209659333
2020-10-03T02:00:00.0,bus-3-bus-4-i_6,91.29733851826555
2020-10-03T03:00:00.0,bus-3-bus-4-i_6,89.40703446141325
2020-10-03T04:00:00.0,bus-3-bus-4-i_6,89.4070344587361
2020-10-03T05:00:00.0,bus-3-bus-4-i_6,89.25459966647433
2020-10-03T06:00:00.0,bus-3-bus-4-i_6,87.79130596030141
2020-10-03T07:00:00.0,bus-3-bus-4-i_6,95.29210724158048
2020-10-03T08:00:00.0,bus-3-bus-4-i_6,104.87114600296464
2020-10-03T09:00:00.0,bus-3-bus-4-i_6,109.20466147544276
2020-10-03T10:00:00.0,bus-3-bus-4-i_6,117.08448075649203
2020-10-03T11:00:00.0,bus-3-bus-4-i_6,114.35765827988918
2020-10-03T12:00:00.0,bus-3-bus-4-i_6,116.62434625863314
2020-10-03T13:00:00.0,bus-3-bus-4-i_6,121.39512913093881
2020-10-03T14:00:00.0,bus-3-bus-4-i_6,123.13912695583653
2020-10-03T15:00:00.0,bus-3-bus-4-i_6,122.81783090711444
2020-10-03T16:00:00.0,bus-3-bus-4-i_6,121.02806478497537
2020-10-03T17:00:00.0,bus-3-bus-4-i_6,120.15624149432485
2020-10-03T18:00:00.0,bus-3-bus-4-i_6,120.11039361608783
2020-10-03T19:00:00.0,bus-3-bus-4-i_6,117.03708406474871
2020-10-03T20:00:00.0,bus-3-bus-4-i_6,115.0183887594465
2020-10-03T21:00:00.0,bus-3-bus-4-i_6,113.48265343033022
2020-10-03T22:00:00.0,bus-3-bus-4-i_6,115.79814274054843
2020-10-03T23:00:00.0,bus-3-bus-4-i_6,109.50987381692157
2020-10-04T00:00:00.0,bus-3-bus-4-i_6,105.17629258456596
2020-10-04T01:00:00.0,bus-3-bus-4-i_6,101.27079009508127
2020-10-04T02:00:00.0,bus-3-bus-4-i_6,98.58622205002835
2020-10-04T03:00:00.0,bus-3-bus-4-i_6,96.42057556799782
2020-10-04T04:00:00.0,bus-3-bus-4-i_6,96.20708648933731
2020-10-04T05:00:00.0,bus-3-bus-4-i_6,85.93191078000449
2020-10-04T06:00:00.0,bus-3-bus-4-i_6,93.64529048998772
2020-10-04T07:00:00.0,bus-3-bus-4-i_6,83.15849422436348
2020-10-04T08:00:00.0,bus-3-bus-4-i_6,104.6575240384009
2020-10-04T09:00:00.0,bus-3-bus-4-i_6,107.06830574966774
2020-10-04T10:00:00.0,bus-3-bus-4-i_6,114.63807982088457
2020-10-04T11:00:00.0,bus-3-bus-4-i_6,117.15811913986411
2020-10-04T12:00:00.0,bus-3-bus-4-i_6,113.69538465593168
2020-10-04T13:00:00.0,bus-3-bus-4-i_6,114.38261952115099
2020-10-04T14:00:00.0,bus-3-bus-4-i_6,114.65704613485693
2020-10-04T15:00:00.0,bus-3-bus-4-i_6,114.80662385773128
2020-10-04T16:00:00.0,bus-3-bus-4-i_6,114.80662385773128
2020-10-04T17:00:00.0,bus-3-bus-4-i_6,115.85144808925234
2020-10-04T18:00:00.0,bus-3-bus-4-i_6,116.33391352175036
2020-10-04T19:00:00.0,bus-3-bus-4-i_6,115.95075485804725
2020-10-04T20:00:00.0,bus-3-bus-4-i_6,115.04329186294402
2020-10-04T21:00:00.0,bus-3-bus-4-i_6,113.05465539277522
2020-10-04T22:00:00.0,bus-3-bus-4-i_6,113.53907865229917
2020-10-04T23:00:00.0,bus-3-bus-4-i_6,107.58711385216193
2020-10-05T00:00:00.0,bus-3-bus-4-i_6,102.79631400992399
2020-10-05T01:00:00.0,bus-3-bus-4-i_6,98.3726955421746
2020-10-05T02:00:00.0,bus-3-bus-4-i_6,95.81059362264287
2020-10-05T03:00:00.0,bus-3-bus-4-i_6,96.51208721631808
2020-10-05T04:00:00.0,bus-3-bus-4-i_6,100.75215191289766
2020-10-05T05:00:00.0,bus-3-bus-4-i_6,106.42741603280497
2020-10-05T06:00:00.0,bus-3-bus-4-i_6,107.25141216096557
2020-10-05T07:00:00.0,bus-3-bus-4-i_6,111.61595597227567
2020-10-05T08:00:00.0,bus-3-bus-4-i_6,116.04238366674191
2020-10-05T09:00:00.0,bus-3-bus-4-i_6,113.52039021524372
2020-10-05T10:00:00.0,bus-3-bus-4-i_6,114.69444885279863
2020-10-05T11:00:00.0,bus-3-bus-4-i_6,115.34193127952199
2020-10-05T12:00:00.0,bus-3-bus-4-i_6,115.86383706619037
2020-10-05T13:00:00.0,bus-3-bus-4-i_6,117.12880438072975
2020-10-05T14:00:00.0,bus-3-bus-4-i_6,119.8809634011222
2020-10-05T15:00:00.0,bus-3-bus-4-i_6,120.93625580094967
2020-10-05T16:00:00.0,bus-3-bus-4-i_6,119.6974507896287
2020-10-05T17:00:00.0,bus-3-bus-4-i_6,119.23872516604665
2020-10-05T18:00:00.0,bus-3-bus-4-i_6,120.43153060081819
2020-10-05T19:00:00.0,bus-3-bus-4-i_6,117.90848951048083
2020-10-05T20:00:00.0,bus-3-bus-4-i_6,115.26730788864401
2020-10-05T21:00:00.0,bus-3-bus-4-i_6,113.48004947661306
2020-10-05T22:00:00.0,bus-3-bus-4-i_6,110.63919649594993
2020-10-05T23:00:00.0,bus-3-bus-4-i_6,103.46753640903168
2020-10-06T00:00:00.0,bus-3-bus-4-i_6,97.64063728130941
2020-10-06T01:00:00.0,bus-3-bus-4-i_6,93.5538056264162
2020-10-06T02:00:00.0,bus-3-bus-4-i_6,91.29733851826555
2020-10-06T03:00:00.0,bus-3-bus-4-i_6,91.60224791740647
2020-10-06T04:00:00.0,bus-3-bus-4-i_6,95.50559571777936
2020-10-06T05:00:00.0,bus-3-bus-4-i_6,99.01329737048835
2020-10-06T06:00:00.0,bus-3-bus-4-i_6,98.70823821788949
2020-10-06T07:00:00.0,bus-3-bus-4-i_6,106.21382559537676
2020-10-06T08:00:00.0,bus-3-bus-4-i_6,113.08113501032942
2020-10-06T09:00:00.0,bus-3-bus-4-i_6,112.89085630292435
2020-10-06T10:00:00.0,bus-3-bus-4-i_6,115.0183887594465
2020-10-06T11:00:00.0,bus-3-bus-4-i_6,116.38273004877502
2020-10-06T12:00:00.0,bus-3-bus-4-i_6,120.52331493325244
2020-10-06T13:00:00.0,bus-3-bus-4-i_6,122.45068227124467
2020-10-06T14:00:00.0,bus-3-bus-4-i_6,122.95552737402727
2020-10-06T15:00:00.0,bus-3-bus-4-i_6,122.63423990993212
2020-10-06T16:00:00.0,bus-3-bus-4-i_6,120.89037015177011
2020-10-06T17:00:00.0,bus-3-bus-4-i_6,121.53283404002411
2020-10-06T18:00:00.0,bus-3-bus-4-i_6,122.2670727306726
2020-10-06T19:00:00.0,bus-3-bus-4-i_6,120.06448090633978
2020-10-06T20:00:00.0,bus-3-bus-4-i_6,115.73966141405808
2020-10-06T21:00:00.0,bus-3-bus-4-i_6,112.96646638338224
2020-10-06T22:00:00.0,bus-3-bus-4-i_6,111.58543156320135
2020-10-06T23:00:00.0,bus-3-bus-4-i_6,104.53546835656218
2020-10-07T00:00:00.0,bus-3-bus-4-i_6,99.62338684497692
2020-10-07T01:00:00.0,bus-3-bus-4-i_6,95.01763557530151
2020-10-07T02:00:00.0,bus-3-bus-4-i_6,92.73046344241594
2020-10-07T03:00:00.0,bus-3-bus-4-i_6,92.8524375569577
2020-10-07T04:00:00.0,bus-3-bus-4-i_6,97.09159194259729
2020-10-07T05:00:00.0,bus-3-bus-4-i_6,101.6063686801391
2020-10-07T06:00:00.0,bus-3-bus-4-i_6,101.11824739544524
2020-10-07T07:00:00.0,bus-3-bus-4-i_6,105.17629258456596
2020-10-07T08:00:00.0,bus-3-bus-4-i_6,109.26570400125088
2020-10-07T09:00:00.0,bus-3-bus-4-i_6,115.76765945250442
2020-10-07T10:00:00.0,bus-3-bus-4-i_6,113.55812249765947
2020-10-07T11:00:00.0,bus-3-bus-4-i_6,114.63211020940302
2020-10-07T12:00:00.0,bus-3-bus-4-i_6,115.68997581958496
2020-10-07T13:00:00.0,bus-3-bus-4-i_6,116.71606095082039
2020-10-07T14:00:00.0,bus-3-bus-4-i_6,117.6791518412801
2020-10-07T15:00:00.0,bus-3-bus-4-i_6,118.87173881870861
2020-10-07T16:00:00.0,bus-3-bus-4-i_6,117.40398837965034
2020-10-07T17:00:00.0,bus-3-bus-4-i_6,118.45887333437761
2020-10-07T18:00:00.0,bus-3-bus-4-i_6,120.11039361608783
2020-10-07T19:00:00.0,bus-3-bus-4-i_6,118.55062241454668
2020-10-07T20:00:00.0,bus-3-bus-4-i_6,115.61545807719138
2020-10-07T21:00:00.0,bus-3-bus-4-i_6,113.25613823623588
2020-10-07T22:00:00.0,bus-3-bus-4-i_6,112.86749361914588
2020-10-07T23:00:00.0,bus-3-bus-4-i_6,105.11523947026058
2020-10-08T00:00:00.0,bus-3-bus-4-i_6,99.59290241531285
2020-10-08T01:00:00.0,bus-3-bus-4-i_6,95.38361177683426
2020-10-08T02:00:00.0,bus-3-bus-4-i_6,93.12688929983229
2020-10-08T03:00:00.0,bus-3-bus-4-i_6,93.03540706899058
2020-10-08T04:00:00.0,bus-3-bus-4-i_6,96.93908605089423
2020-10-08T05:00:00.0,bus-3-bus-4-i_6,102.64372530581562
2020-10-08T06:00:00.0,bus-3-bus-4-i_6,102.79631400992399
2020-10-08T07:00:00.0,bus-3-bus-4-i_6,104.9932043072371
2020-10-08T08:00:00.0,bus-3-bus-4-i_6,108.04486852025312
2020-10-08T09:00:00.0,bus-3-bus-4-i_6,110.02874380826589
2020-10-08T10:00:00.0,bus-3-bus-4-i_6,110.30344615620038
2020-10-08T11:00:00.0,bus-3-bus-4-i_6,109.63195930847166
2020-10-08T12:00:00.0,bus-3-bus-4-i_6,108.89945402729353
2020-10-08T13:00:00.0,bus-3-bus-4-i_6,108.86893402276155
2020-10-08T14:00:00.0,bus-3-bus-4-i_6,108.07541674112161
2020-10-08T15:00:00.0,bus-3-bus-4-i_6,107.77022691622547
2020-10-08T16:00:00.0,bus-3-bus-4-i_6,107.22089463715731
2020-10-08T17:00:00.0,bus-3-bus-4-i_6,111.4938582687929
2020-10-08T18:00:00.0,bus-3-bus-4-i_6,114.97389537221747
2020-10-08T19:00:00.0,bus-3-bus-4-i_6,114.57702239102683
2020-10-08T20:00:00.0,bus-3-bus-4-i_6,110.48658181967971
2020-10-08T21:00:00.0,bus-3-bus-4-i_6,104.68803821554111
2020-10-08T22:00:00.0,bus-3-bus-4-i_6,97.12209334193403
2020-10-08T23:00:00.0,bus-3-bus-4-i_6,90.35216072782168
2020-10-09T00:00:00.0,bus-3-bus-4-i_6,86.60248570591736
2020-10-09T01:00:00.0,bus-3-bus-4-i_6,83.58513529912719
2020-10-09T02:00:00.0,bus-3-bus-4-i_6,82.48807787726723
2020-10-09T03:00:00.0,bus-3-bus-4-i_6,83.8289418702123
2020-10-09T04:00:00.0,bus-3-bus-4-i_6,88.00469364578909
2020-10-09T05:00:00.0,bus-3-bus-4-i_6,93.58430813510215
2020-10-09T06:00:00.0,bus-3-bus-4-i_6,92.94392541692658
2020-10-09T07:00:00.0,bus-3-bus-4-i_6,96.7865810977045
2020-10-09T08:00:00.0,bus-3-bus-4-i_6,101.85046182840796
2020-10-09T09:00:00.0,bus-3-bus-4-i_6,107.25141216096557
2020-10-09T10:00:00.0,bus-3-bus-4-i_6,109.32674563977235
2020-10-09T11:00:00.0,bus-3-bus-4-i_6,111.4938582687929
2020-10-09T12:00:00.0,bus-3-bus-4-i_6,112.53170787196922
2020-10-09T13:00:00.0,bus-3-bus-4-i_6,113.81382366065837
2020-10-09T14:00:00.0,bus-3-bus-4-i_6,114.33279467425872
2020-10-09T15:00:00.0,bus-3-bus-4-i_6,112.2264529830217
2020-10-09T16:00:00.0,bus-3-bus-4-i_6,108.65529180748376
2020-10-09T17:00:00.0,bus-3-bus-4-i_6,110.39501404135461
2020-10-09T18:00:00.0,bus-3-bus-4-i_6,112.89797766272684
2020-10-09T19:00:00.0,bus-3-bus-4-i_6,111.18861876893091
2020-10-09T20:00:00.0,bus-3-bus-4-i_6,108.22794738398258
2020-10-09T21:00:00.0,bus-3-bus-4-i_6,101.02670550702406
2020-10-09T22:00:00.0,bus-3-bus-4-i_6,93.95024425549668
2020-10-09T23:00:00.0,bus-3-bus-4-i_6,87.15116055433516
2020-10-10T00:00:00.0,bus-3-bus-4-i_6,82.67091045907667
2020-10-10T01:00:00.0,bus-3-bus-4-i_6,77.73513897136414
2020-10-10T02:00:00.0,bus-3-bus-4-i_6,76.24257147777953
2020-10-10T03:00:00.0,bus-3-bus-4-i_6,75.20701140849653
2020-10-10T04:00:00.0,bus-3-bus-4-i_6,76.30348930746756
2020-10-10T05:00:00.0,bus-3-bus-4-i_6,76.79084209354342
2020-10-10T06:00:00.0,bus-3-bus-4-i_6,75.05473031083886
2020-10-10T07:00:00.0,bus-3-bus-4-i_6,81.05593106101912
2020-10-10T08:00:00.0,bus-3-bus-4-i_6,88.40100021656555
2020-10-10T09:00:00.0,bus-3-bus-4-i_6,93.09638809326243
2020-10-10T10:00:00.0,bus-3-bus-4-i_6,95.90208088489348
2020-10-10T11:00:00.0,bus-3-bus-4-i_6,97.85414227035967
2020-10-10T12:00:00.0,bus-3-bus-4-i_6,100.20300544264451
2020-10-10T13:00:00.0,bus-3-bus-4-i_6,102.1860502330492
2020-10-10T14:00:00.0,bus-3-bus-4-i_6,103.7116134336106
2020-10-10T15:00:00.0,bus-3-bus-4-i_6,104.84060886487379
2020-10-10T16:00:00.0,bus-3-bus-4-i_6,103.95573660018384
2020-10-10T17:00:00.0,bus-3-bus-4-i_6,108.04486852025312
2020-10-10T18:00:00.0,bus-3-bus-4-i_6,110.45605951869287
2020-10-10T19:00:00.0,bus-3-bus-4-i_6,108.44165244935166
2020-10-10T20:00:00.0,bus-3-bus-4-i_6,105.0237199328091
2020-10-10T21:00:00.0,bus-3-bus-4-i_6,99.928446985901
2020-10-10T22:00:00.0,bus-3-bus-4-i_6,93.3098478697221
2020-10-10T23:00:00.0,bus-3-bus-4-i_6,86.41959810197201
2020-10-11T00:00:00.0,bus-3-bus-4-i_6,81.57392476606633
2020-10-11T01:00:00.0,bus-3-bus-4-i_6,77.52190477165368
2020-10-11T02:00:00.0,bus-3-bus-4-i_6,75.69432374026144
2020-10-11T03:00:00.0,bus-3-bus-4-i_6,74.87199486568016
2020-10-11T04:00:00.0,bus-3-bus-4-i_6,76.02934732908749
2020-10-11T05:00:00.0,bus-3-bus-4-i_6,74.65880673852104
2020-10-11T06:00:00.0,bus-3-bus-4-i_6,73.2274936167083
2020-10-11T07:00:00.0,bus-3-bus-4-i_6,81.51298327139577
2020-10-11T08:00:00.0,bus-3-bus-4-i_6,88.82778927231523
2020-10-11T09:00:00.0,bus-3-bus-4-i_6,95.23112086916909
2020-10-11T10:00:00.0,bus-3-bus-4-i_6,99.0743069404218
2020-10-11T11:00:00.0,bus-3-bus-4-i_6,102.06401062043575
2020-10-11T12:00:00.0,bus-3-bus-4-i_6,104.53546835656218
2020-10-11T13:00:00.0,bus-3-bus-4-i_6,107.61763243732192
2020-10-11T14:00:00.0,bus-3-bus-4-i_6,110.63919649594993
2020-10-11T15:00:00.0,bus-3-bus-4-i_6,111.67700424998203
2020-10-11T16:00:00.0,bus-3-bus-4-i_6,110.79181121638872
2020-10-11T17:00:00.0,bus-3-bus-4-i_6,113.44749811863812
2020-10-11T18:00:00.0,bus-3-bus-4-i_6,115.27918652898852
2020-10-11T19:00:00.0,bus-3-bus-4-i_6,113.8748786220412
2020-10-11T20:00:00.0,bus-3-bus-4-i_6,109.08257795892374
2020-10-11T21:00:00.0,bus-3-bus-4-i_6,101.9419900804817
2020-10-11T22:00:00.0,bus-3-bus-4-i_6,94.43818210519427
2020-10-11T23:00:00.0,bus-3-bus-4-i_6,86.02335096174313
2020-10-12T00:00:00.0,bus-3-bus-4-i_6,81.63486640025135
2020-10-12T01:00:00.0,bus-3-bus-4-i_6,78.7099666460274
2020-10-12T02:00:00.0,bus-3-bus-4-i_6,77.73513897136414
2020-10-12T03:00:00.0,bus-3-bus-4-i_6,79.28879452554816
2020-10-12T04:00:00.0,bus-3-bus-4-i_6,84.62132944445092
2020-10-12T05:00:00.0,bus-3-bus-4-i_6,92.66948355600539
2020-10-12T06:00:00.0,bus-3-bus-4-i_6,93.3098478697221
2020-10-12T07:00:00.0,bus-3-bus-4-i_6,97.21359762401629
2020-10-12T08:00:00.0,bus-3-bus-4-i_6,100.90467354664352
2020-10-12T09:00:00.0,bus-3-bus-4-i_6,106.24434262665739
2020-10-12T10:00:00.0,bus-3-bus-4-i_6,109.63195930847166
2020-10-12T11:00:00.0,bus-3-bus-4-i_6,111.9212021398381
2020-10-12T12:00:00.0,bus-3-bus-4-i_6,114.66860835326997
2020-10-12T13:00:00.0,bus-3-bus-4-i_6,115.58448122194918
2020-10-12T14:00:00.0,bus-3-bus-4-i_6,117.20177126012454
2020-10-12T15:00:00.0,bus-3-bus-4-i_6,115.7836354098861
2020-10-12T16:00:00.0,bus-3-bus-4-i_6,117.06737569602315
2020-10-12T17:00:00.0,bus-3-bus-4-i_6,112.89985179588955
2020-10-12T18:00:00.0,bus-3-bus-4-i_6,113.45747247327441
2020-10-12T19:00:00.0,bus-3-bus-4-i_6,112.80260119043992
2020-10-12T20:00:00.0,bus-3-bus-4-i_6,100.26403490600009
2020-10-12T21:00:00.0,bus-3-bus-4-i_6,107.58711385216193
2020-10-12T22:00:00.0,bus-3-bus-4-i_6,99.01329737048835
2020-10-12T23:00:00.0,bus-3-bus-4-i_6,92.48652460265842
2020-10-13T00:00:00.0,bus-3-bus-4-i_6,87.79130596030141
2020-10-13T01:00:00.0,bus-3-bus-4-i_6,84.92610307836878
2020-10-13T02:00:00.0,bus-3-bus-4-i_6,83.12802000666812
2020-10-13T03:00:00.0,bus-3-bus-4-i_6,83.4632392712786
2020-10-13T04:00:00.0,bus-3-bus-4-i_6,88.4924488352009
2020-10-13T05:00:00.0,bus-3-bus-4-i_6,95.38361177683426
2020-10-13T06:00:00.0,bus-3-bus-4-i_6,94.07223522554007
2020-10-13T07:00:00.0,bus-3-bus-4-i_6,96.48157577255849
2020-10-13T08:00:00.0,bus-3-bus-4-i_6,100.63012161305032
2020-10-13T09:00:00.0,bus-3-bus-4-i_6,105.17629258456596
2020-10-13T10:00:00.0,bus-3-bus-4-i_6,107.98386796703161
2020-10-13T11:00:00.0,bus-3-bus-4-i_6,110.88338119382333
2020-10-13T12:00:00.0,bus-3-bus-4-i_6,113.99699407431414
2020-10-13T13:00:00.0,bus-3-bus-4-i_6,116.65300861054408
2020-10-13T14:00:00.0,bus-3-bus-4-i_6,117.18423571946536
2020-10-13T15:00:00.0,bus-3-bus-4-i_6,117.19468274614103
2020-10-13T16:00:00.0,bus-3-bus-4-i_6,115.09601135430239
2020-10-13T17:00:00.0,bus-3-bus-4-i_6,115.36747833971586
2020-10-13T18:00:00.0,bus-3-bus-4-i_6,112.89085630292435
2020-10-13T19:00:00.0,bus-3-bus-4-i_6,117.16475465940344
2020-10-13T20:00:00.0,bus-3-bus-4-i_6,113.41697044818343
2020-10-13T21:00:00.0,bus-3-bus-4-i_6,105.2983524370986
2020-10-13T22:00:00.0,bus-3-bus-4-i_6,96.11558730841112
2020-10-13T23:00:00.0,bus-3-bus-4-i_6,88.79730341724982
2020-10-14T00:00:00.0,bus-3-bus-4-i_6,83.76799091469492
2020-10-14T01:00:00.0,bus-3-bus-4-i_6,80.75123787531989
2020-10-14T02:00:00.0,bus-3-bus-4-i_6,78.80135117386328
2020-10-14T03:00:00.0,bus-3-bus-4-i_6,80.59889382004208
2020-10-14T04:00:00.0,bus-3-bus-4-i_6,85.07849566348959
2020-10-14T05:00:00.0,bus-3-bus-4-i_6,91.41930159663325
2020-10-14T06:00:00.0,bus-3-bus-4-i_6,90.01678271304468
2020-10-14T07:00:00.0,bus-3-bus-4-i_6,94.49918436282363
2020-10-14T08:00:00.0,bus-3-bus-4-i_6,99.68441421501541
2020-10-14T09:00:00.0,bus-3-bus-4-i_6,103.98622776532511
2020-10-14T10:00:00.0,bus-3-bus-4-i_6,106.79362032266904
2020-10-14T11:00:00.0,bus-3-bus-4-i_6,109.23518296566641
2020-10-14T12:00:00.0,bus-3-bus-4-i_6,111.76854028771308
2020-10-14T13:00:00.0,bus-3-bus-4-i_6,114.97389537221747
2020-10-14T14:00:00.0,bus-3-bus-4-i_6,116.34772690527524
2020-10-14T15:00:00.0,bus-3-bus-4-i_6,116.97653700818537
2020-10-14T16:00:00.0,bus-3-bus-4-i_6,115.27918652898852
2020-10-14T17:00:00.0,bus-3-bus-4-i_6,116.56142969762095
2020-10-14T18:00:00.0,bus-3-bus-4-i_6,115.2632307854252
2020-10-14T19:00:00.0,bus-3-bus-4-i_6,115.85924894042759
2020-10-14T20:00:00.0,bus-3-bus-4-i_6,110.45605951869287
2020-10-14T21:00:00.0,bus-3-bus-4-i_6,102.49115297998006
2020-10-14T22:00:00.0,bus-3-bus-4-i_6,93.46232119846833
2020-10-14T23:00:00.0,bus-3-bus-4-i_6,86.60248570591736
2020-10-15T00:00:00.0,bus-3-bus-4-i_6,82.97564566331756
2020-10-15T01:00:00.0,bus-3-bus-4-i_6,79.86765689216722
2020-10-15T02:00:00.0,bus-3-bus-4-i_6,78.55764526169835
2020-10-15T03:00:00.0,bus-3-bus-4-i_6,80.17232884591566
2020-10-15T04:00:00.0,bus-3-bus-4-i_6,84.86514731199028
2020-10-15T05:00:00.0,bus-3-bus-4-i_6,89.89483047402396
2020-10-15T06:00:00.0,bus-3-bus-4-i_6,89.58995421116991
2020-10-15T07:00:00.0,bus-3-bus-4-i_6,94.13322751263289
2020-10-15T08:00:00.0,bus-3-bus-4-i_6,98.8302698688148
2020-10-15T09:00:00.0,bus-3-bus-4-i_6,103.55905168746379
2020-10-15T10:00:00.0,bus-3-bus-4-i_6,106.94623440879339
2020-10-15T11:00:00.0,bus-3-bus-4-i_6,108.80789316297563
2020-10-15T12:00:00.0,bus-3-bus-4-i_6,112.62328566610171
2020-10-15T13:00:00.0,bus-3-bus-4-i_6,116.04238366674191
2020-10-15T14:00:00.0,bus-3-bus-4-i_6,117.19405765651314
2020-10-15T15:00:00.0,bus-3-bus-4-i_6,115.4716331534765
2020-10-15T16:00:00.0,bus-3-bus-4-i_6,116.92288036178171
2020-10-15T17:00:00.0,bus-3-bus-4-i_6,112.77740744844435
2020-10-15T18:00:00.0,bus-3-bus-4-i_6,112.91604105795521
2020-10-15T19:00:00.0,bus-3-bus-4-i_6,117.15811913986411
2020-10-15T20:00:00.0,bus-3-bus-4-i_6,112.2264529830217
2020-10-15T21:00:00.0,bus-3-bus-4-i_6,104.29135960659902
2020-10-15T22:00:00.0,bus-3-bus-4-i_6,95.7800843645485
2020-10-15T23:00:00.0,bus-3-bus-4-i_6,88.40100021656555
2020-10-16T00:00:00.0,bus-3-bus-4-i_6,84.2860833191482
2020-10-16T01:00:00.0,bus-3-bus-4-i_6,80.90358367744965
2020-10-16T02:00:00.0,bus-3-bus-4-i_6,79.44112436005422
2020-10-16T03:00:00.0,bus-3-bus-4-i_6,81.20828014192644
2020-10-16T04:00:00.0,bus-3-bus-4-i_6,85.96238965847569
2020-10-16T05:00:00.0,bus-3-bus-4-i_6,90.71802659424938
2020-10-16T06:00:00.0,bus-3-bus-4-i_6,90.68754101141595
2020-10-16T07:00:00.0,bus-3-bus-4-i_6,93.88926587854367
2020-10-16T08:00:00.0,bus-3-bus-4-i_6,99.01329737048835
2020-10-16T09:00:00.0,bus-3-bus-4-i_6,103.04037064875912
2020-10-16T10:00:00.0,bus-3-bus-4-i_6,105.0237199328091
2020-10-16T11:00:00.0,bus-3-bus-4-i_6,107.06830574966774
2020-10-16T12:00:00.0,bus-3-bus-4-i_6,110.2118781031034
2020-10-16T13:00:00.0,bus-3-bus-4-i_6,110.30344615620038
2020-10-16T14:00:00.0,bus-3-bus-4-i_6,109.44879873597995
2020-10-16T15:00:00.0,bus-3-bus-4-i_6,109.05205847884547
2020-10-16T16:00:00.0,bus-3-bus-4-i_6,108.13645568345831
2020-10-16T17:00:00.0,bus-3-bus-4-i_6,112.74538802167893
2020-10-16T18:00:00.0,bus-3-bus-4-i_6,113.81382366065837
2020-10-16T19:00:00.0,bus-3-bus-4-i_6,111.18861876893091
2020-10-16T20:00:00.0,bus-3-bus-4-i_6,107.86178308884425
2020-10-16T21:00:00.0,bus-3-bus-4-i_6,103.1318849427866
2020-10-16T22:00:00.0,bus-3-bus-4-i_6,96.32908614859856
2020-10-16T23:00:00.0,bus-3-bus-4-i_6,90.19971291623237
2020-10-17T00:00:00.0,bus-3-bus-4-i_6,85.26136425839972
2020-10-17T01:00:00.0,bus-3-bus-4-i_6,82.0919386209417
2020-10-17T02:00:00.0,bus-3-bus-4-i_6,80.29420253395021
2020-10-17T03:00:00.0,bus-3-bus-4-i_6,79.86765689216722
2020-10-17T04:00:00.0,bus-3-bus-4-i_6,81.36063094354999
2020-10-17T05:00:00.0,bus-3-bus-4-i_6,83.43276451721397
2020-10-17T06:00:00.0,bus-3-bus-4-i_6,83.31086589823049
2020-10-17T07:00:00.0,bus-3-bus-4-i_6,91.23636181190497
2020-10-17T08:00:00.0,bus-3-bus-4-i_6,93.5538056264162
2020-10-17T09:00:00.0,bus-3-bus-4-i_6,94.22471553019354
2020-10-17T10:00:00.0,bus-3-bus-4-i_6,95.29210724158048
2020-10-17T11:00:00.0,bus-3-bus-4-i_6,94.59067392395912
2020-10-17T12:00:00.0,bus-3-bus-4-i_6,95.13962662903592
2020-10-17T13:00:00.0,bus-3-bus-4-i_6,95.62760011791063
2020-10-17T14:00:00.0,bus-3-bus-4-i_6,96.11558730841112
2020-10-17T15:00:00.0,bus-3-bus-4-i_6,94.71265326796224
2020-10-17T16:00:00.0,bus-3-bus-4-i_6,94.98712918850312
2020-10-17T17:00:00.0,bus-3-bus-4-i_6,103.58956396047965
2020-10-17T18:00:00.0,bus-3-bus-4-i_6,104.87114600296464
2020-10-17T19:00:00.0,bus-3-bus-4-i_6,103.58956396047965
2020-10-17T20:00:00.0,bus-3-bus-4-i_6,100.26403490600009
2020-10-17T21:00:00.0,bus-3-bus-4-i_6,95.59710138204649
2020-10-17T22:00:00.0,bus-3-bus-4-i_6,89.8033670500434
2020-10-17T23:00:00.0,bus-3-bus-4-i_6,84.83467198070463
2020-10-18T00:00:00.0,bus-3-bus-4-i_6,80.47701964020305
2020-10-18T01:00:00.0,bus-3-bus-4-i_6,77.43051986940492
2020-10-18T02:00:00.0,bus-3-bus-4-i_6,75.75522456455613
2020-10-18T03:00:00.0,bus-3-bus-4-i_6,75.63340863191812
2020-10-18T04:00:00.0,bus-3-bus-4-i_6,76.02934732908749
2020-10-18T05:00:00.0,bus-3-bus-4-i_6,76.30348930746756
2020-10-18T06:00:00.0,bus-3-bus-4-i_6,74.04970087084628
2020-10-18T07:00:00.0,bus-3-bus-4-i_6,79.71532232516697
2020-10-18T08:00:00.0,bus-3-bus-4-i_6,86.45007505937566
2020-10-18T09:00:00.0,bus-3-bus-4-i_6,91.48028344790187
2020-10-18T10:00:00.0,bus-3-bus-4-i_6,94.40768545899476
2020-10-18T11:00:00.0,bus-3-bus-4-i_6,95.8715816858947
2020-10-18T12:00:00.0,bus-3-bus-4-i_6,97.30510255119215
2020-10-18T13:00:00.0,bus-3-bus-4-i_6,98.95228798405482
2020-10-18T14:00:00.0,bus-3-bus-4-i_6,100.50809204026623
2020-10-18T15:00:00.0,bus-3-bus-4-i_6,100.66062913033839
2020-10-18T16:00:00.0,bus-3-bus-4-i_6,100.38606135704728
2020-10-18T17:00:00.0,bus-3-bus-4-i_6,107.40400304144843
2020-10-18T18:00:00.0,bus-3-bus-4-i_6,109.08257795892374
2020-10-18T19:00:00.0,bus-3-bus-4-i_6,107.40400304144843
2020-10-18T20:00:00.0,bus-3-bus-4-i_6,103.43702427762702
2020-10-18T21:00:00.0,bus-3-bus-4-i_6,98.1896886885525
2020-10-18T22:00:00.0,bus-3-bus-4-i_6,90.50460130524009
2020-10-18T23:00:00.0,bus-3-bus-4-i_6,84.31656002353773
2020-10-19T00:00:00.0,bus-3-bus-4-i_6,80.53795656464585
2020-10-19T01:00:00.0,bus-3-bus-4-i_6,77.43051986940492
2020-10-19T02:00:00.0,bus-3-bus-4-i_6,76.94314359400188
2020-10-19T03:00:00.0,bus-3-bus-4-i_6,78.86228002438307
2020-10-19T04:00:00.0,bus-3-bus-4-i_6,84.01179667538756
2020-10-19T05:00:00.0,bus-3-bus-4-i_6,89.98629466712337
2020-10-19T06:00:00.0,bus-3-bus-4-i_6,89.68141630941714
2020-10-19T07:00:00.0,bus-3-bus-4-i_6,93.37083708172663
2020-10-19T08:00:00.0,bus-3-bus-4-i_6,98.28119804356294
2020-10-19T09:00:00.0,bus-3-bus-4-i_6,102.46064251933032
2020-10-19T10:00:00.0,bus-3-bus-4-i_6,105.23732203876529
2020-10-19T11:00:00.0,bus-3-bus-4-i_6,106.33586596305736
2020-10-19T12:00:00.0,bus-3-bus-4-i_6,108.35009254488817
2020-10-19T13:00:00.0,bus-3-bus-4-i_6,109.78453530186184
2020-10-19T14:00:00.0,bus-3-bus-4-i_6,110.6697200556303
2020-10-19T15:00:00.0,bus-3-bus-4-i_6,110.60868137196711
2020-10-19T16:00:00.0,bus-3-bus-4-i_6,109.08257795892374
2020-10-19T17:00:00.0,bus-3-bus-4-i_6,114.39385293325456
2020-10-19T18:00:00.0,bus-3-bus-4-i_6,115.27918652898852
2020-10-19T19:00:00.0,bus-3-bus-4-i_6,112.74538802167893
2020-10-19T20:00:00.0,bus-3-bus-4-i_6,108.25850402179323
2020-10-19T21:00:00.0,bus-3-bus-4-i_6,100.3250473026584
2020-10-19T22:00:00.0,bus-3-bus-4-i_6,92.02913102654551
2020-10-19T23:00:00.0,bus-3-bus-4-i_6,84.77371649079973
2020-10-20T00:00:00.0,bus-3-bus-4-i_6,81.05593106101912
2020-10-20T01:00:00.0,bus-3-bus-4-i_6,78.49670263326838
2020-10-20T02:00:00.0,bus-3-bus-4-i_6,77.73513897136414
2020-10-20T03:00:00.0,bus-3-bus-4-i_6,78.95368451743845
2020-10-20T04:00:00.0,bus-3-bus-4-i_6,84.37751017043976
2020-10-20T05:00:00.0,bus-3-bus-4-i_6,90.68754101141595
2020-10-20T06:00:00.0,bus-3-bus-4-i_6,89.8033670500434
2020-10-20T07:00:00.0,bus-3-bus-4-i_6,92.91343156515215
2020-10-20T08:00:00.0,bus-3-bus-4-i_6,97.00008821356165
2020-10-20T09:00:00.0,bus-3-bus-4-i_6,99.83694382200503
2020-10-20T10:00:00.0,bus-3-bus-4-i_6,101.69789612209156
2020-10-20T11:00:00.0,bus-3-bus-4-i_6,102.06401062043575
2020-10-20T12:00:00.0,bus-3-bus-4-i_6,103.10137335493592
2020-10-20T13:00:00.0,bus-3-bus-4-i_6,103.46753640903168
2020-10-20T14:00:00.0,bus-3-bus-4-i_6,103.19292899656656
2020-10-20T15:00:00.0,bus-3-bus-4-i_6,102.27758054395453
2020-10-20T16:00:00.0,bus-3-bus-4-i_6,102.06401062043575
2020-10-20T17:00:00.0,bus-3-bus-4-i_6,109.26570400125088
2020-10-20T18:00:00.0,bus-3-bus-4-i_6,110.27292293664334
2020-10-20T19:00:00.0,bus-3-bus-4-i_6,107.25141216096557
2020-10-20T20:00:00.0,bus-3-bus-4-i_6,102.91830499975411
2020-10-20T21:00:00.0,bus-3-bus-4-i_6,96.42057556799782
2020-10-20T22:00:00.0,bus-3-bus-4-i_6,88.73633412925044
2020-10-20T23:00:00.0,bus-3-bus-4-i_6,82.76233513616657
2020-10-21T00:00:00.0,bus-3-bus-4-i_6,78.64902778051966
2020-10-21T01:00:00.0,bus-3-bus-4-i_6,76.66900233070552
2020-10-21T02:00:00.0,bus-3-bus-4-i_6,75.42020830097974
2020-10-21T03:00:00.0,bus-3-bus-4-i_6,77.30865734367556
2020-10-21T04:00:00.0,bus-3-bus-4-i_6,83.0061195320442
2020-10-21T05:00:00.0,bus-3-bus-4-i_6,89.16313716980659
2020-10-21T06:00:00.0,bus-3-bus-4-i_6,87.79130596030141
2020-10-21T07:00:00.0,bus-3-bus-4-i_6,90.62655826692398
2020-10-21T08:00:00.0,bus-3-bus-4-i_6,94.89563678024851
2020-10-21T09:00:00.0,bus-3-bus-4-i_6,96.63407776421667
2020-10-21T10:00:00.0,bus-3-bus-4-i_6,98.95228798405482
2020-10-21T11:00:00.0,bus-3-bus-4-i_6,99.28784214737792
2020-10-21T12:00:00.0,bus-3-bus-4-i_6,99.95896882628936
2020-10-21T13:00:00.0,bus-3-bus-4-i_6,100.41656846143836
2020-10-21T14:00:00.0,bus-3-bus-4-i_6,99.95896882628936
2020-10-21T15:00:00.0,bus-3-bus-4-i_6,99.5013643155546
2020-10-21T16:00:00.0,bus-3-bus-4-i_6,100.05048856705355
2020-10-21T17:00:00.0,bus-3-bus-4-i_6,108.53321169558514
2020-10-21T18:00:00.0,bus-3-bus-4-i_6,110.24239996825615
2020-10-21T19:00:00.0,bus-3-bus-4-i_6,108.07541674112161
2020-10-21T20:00:00.0,bus-3-bus-4-i_6,103.37599975943239
2020-10-21T21:00:00.0,bus-3-bus-4-i_6,95.90208088489348
2020-10-21T22:00:00.0,bus-3-bus-4-i_6,87.79130596030141
2020-10-21T23:00:00.0,bus-3-bus-4-i_6,81.69580227035371
2020-10-22T00:00:00.0,bus-3-bus-4-i_6,77.70467669340721
2020-10-22T01:00:00.0,bus-3-bus-4-i_6,75.54203671079324
2020-10-22T02:00:00.0,bus-3-bus-4-i_6,75.05473031083886
2020-10-22T03:00:00.0,bus-3-bus-4-i_6,76.88222287315273
2020-10-22T04:00:00.0,bus-3-bus-4-i_6,82.7013886493176
2020-10-22T05:00:00.0,bus-3-bus-4-i_6,89.04119172718828
2020-10-22T06:00:00.0,bus-3-bus-4-i_6,87.63888779819877
2020-10-22T07:00:00.0,bus-3-bus-4-i_6,90.19971291623237
2020-10-22T08:00:00.0,bus-3-bus-4-i_6,94.16371543195628
2020-10-22T09:00:00.0,bus-3-bus-4-i_6,96.63407776421667
2020-10-22T10:00:00.0,bus-3-bus-4-i_6,97.94566393670277
2020-10-22T11:00:00.0,bus-3-bus-4-i_6,99.59290241531285
2020-10-22T12:00:00.0,bus-3-bus-4-i_6,100.44707674036928
2020-10-22T13:00:00.0,bus-3-bus-4-i_6,101.20975512011657
2020-10-22T14:00:00.0,bus-3-bus-4-i_6,101.36231600671297
2020-10-22T15:00:00.0,bus-3-bus-4-i_6,101.24026349796208
2020-10-22T16:00:00.0,bus-3-bus-4-i_6,101.48435119736293
2020-10-22T17:00:00.0,bus-3-bus-4-i_6,109.11309926439033
2020-10-22T18:00:00.0,bus-3-bus-4-i_6,112.256938473302
2020-10-22T19:00:00.0,bus-3-bus-4-i_6,109.11309926439033
2020-10-22T20:00:00.0,bus-3-bus-4-i_6,104.87114600296464
2020-10-22T21:00:00.0,bus-3-bus-4-i_6,97.64063728130941
2020-10-22T22:00:00.0,bus-3-bus-4-i_6,89.68141630941714
2020-10-22T23:00:00.0,bus-3-bus-4-i_6,83.37181509134479
2020-10-23T00:00:00.0,bus-3-bus-4-i_6,79.22787244238494
2020-10-23T01:00:00.0,bus-3-bus-4-i_6,76.45578518337327
2020-10-23T02:00:00.0,bus-3-bus-4-i_6,76.5167039791463
2020-10-23T03:00:00.0,bus-3-bus-4-i_6,77.73513897136414
2020-10-23T04:00:00.0,bus-3-bus-4-i_6,83.58513529912719
2020-10-23T05:00:00.0,bus-3-bus-4-i_6,90.10825083143716
2020-10-23T06:00:00.0,bus-3-bus-4-i_6,88.98021927328755
2020-10-23T07:00:00.0,bus-3-bus-4-i_6,92.09011523939141
2020-10-23T08:00:00.0,bus-3-bus-4-i_6,96.7865810977045
2020-10-23T09:00:00.0,bus-3-bus-4-i_6,99.37935794652581
2020-10-23T10:00:00.0,bus-3-bus-4-i_6,101.63687793383798
2020-10-23T11:00:00.0,bus-3-bus-4-i_6,103.10137335493592
2020-10-23T12:00:00.0,bus-3-bus-4-i_6,104.77960328767631
2020-10-23T13:00:00.0,bus-3-bus-4-i_6,106.33586596305736
2020-10-23T14:00:00.0,bus-3-bus-4-i_6,107.55656738876411
2020-10-23T15:00:00.0,bus-3-bus-4-i_6,107.58711385216193
2020-10-23T16:00:00.0,bus-3-bus-4-i_6,106.91568989388509
2020-10-23T17:00:00.0,bus-3-bus-4-i_6,111.86015254537524
2020-10-23T18:00:00.0,bus-3-bus-4-i_6,112.28750287187887
2020-10-23T19:00:00.0,bus-3-bus-4-i_6,109.32674563977235
2020-10-23T20:00:00.0,bus-3-bus-4-i_6,105.78657466222461
2020-10-23T21:00:00.0,bus-3-bus-4-i_6,100.20300544264451
2020-10-23T22:00:00.0,bus-3-bus-4-i_6,92.76095698028001
2020-10-23T23:00:00.0,bus-3-bus-4-i_6,86.90730239878985
2020-10-24T00:00:00.0,bus-3-bus-4-i_6,82.0919386209417
2020-10-24T01:00:00.0,bus-3-bus-4-i_6,78.92321960107446
2020-10-24T02:00:00.0,bus-3-bus-4-i_6,76.82130232169166
2020-10-24T03:00:00.0,bus-3-bus-4-i_6,76.5167039791463
2020-10-24T04:00:00.0,bus-3-bus-4-i_6,78.28347091142349
2020-10-24T05:00:00.0,bus-3-bus-4-i_6,79.07553560872509
2020-10-24T06:00:00.0,bus-3-bus-4-i_6,76.1816539429596
2020-10-24T07:00:00.0,bus-3-bus-4-i_6,82.33571485205474
2020-10-24T08:00:00.0,bus-3-bus-4-i_6,88.73633412925044
2020-10-24T09:00:00.0,bus-3-bus-4-i_6,92.94392541692658
2020-10-24T10:00:00.0,bus-3-bus-4-i_6,93.76728399371532
2020-10-24T11:00:00.0,bus-3-bus-4-i_6,94.31620432005118
2020-10-24T12:00:00.0,bus-3-bus-4-i_6,95.4750164922498
2020-10-24T13:00:00.0,bus-3-bus-4-i_6,96.29857532354379
2020-10-24T14:00:00.0,bus-3-bus-4-i_6,97.21359762401629
2020-10-24T15:00:00.0,bus-3-bus-4-i_6,97.39660794133854
2020-10-24T16:00:00.0,bus-3-bus-4-i_6,97.73214457735142
2020-10-24T17:00:00.0,bus-3-bus-4-i_6,105.08474265620839
2020-10-24T18:00:00.0,bus-3-bus-4-i_6,106.0917600584058
2020-10-24T19:00:00.0,bus-3-bus-4-i_6,103.52853936555184
2020-10-24T20:00:00.0,bus-3-bus-4-i_6,100.01998214968779
2020-10-24T21:00:00.0,bus-3-bus-4-i_6,95.56660270132522
2020-10-24T22:00:00.0,bus-3-bus-4-i_6,89.74239147577369
2020-10-24T23:00:00.0,bus-3-bus-4-i_6,83.61561046254711
2020-10-25T00:00:00.0,bus-3-bus-4-i_6,79.07553560872509
2020-10-25T01:00:00.0,bus-3-bus-4-i_6,75.75522456455613
2020-10-25T02:00:00.0,bus-3-bus-4-i_6,74.44555838414728
2020-10-25T03:00:00.0,bus-3-bus-4-i_6,74.23244159707355
2020-10-25T04:00:00.0,bus-3-bus-4-i_6,75.63340863191812
2020-10-25T05:00:00.0,bus-3-bus-4-i_6,75.20701140849653
2020-10-25T06:00:00.0,bus-3-bus-4-i_6,71.67452556294917
2020-10-25T07:00:00.0,bus-3-bus-4-i_6,77.70467669340721
2020-10-25T08:00:00.0,bus-3-bus-4-i_6,84.01179667538756
2020-10-25T09:00:00.0,bus-3-bus-4-i_6,89.2241134986042
2020-10-25T10:00:00.0,bus-3-bus-4-i_6,91.29733851826555
2020-10-25T11:00:00.0,bus-3-bus-4-i_6,92.02913102654551
2020-10-25T12:00:00.0,bus-3-bus-4-i_6,93.09638809326243
2020-10-25T13:00:00.0,bus-3-bus-4-i_6,94.7431589967377
2020-10-25T14:00:00.0,bus-3-bus-4-i_6,95.90208088489348
2020-10-25T15:00:00.0,bus-3-bus-4-i_6,96.81708200988538
2020-10-25T16:00:00.0,bus-3-bus-4-i_6,98.12866852411591
2020-10-25T17:00:00.0,bus-3-bus-4-i_6,106.18328354084919
2020-10-25T18:00:00.0,bus-3-bus-4-i_6,107.61763243732192
2020-10-25T19:00:00.0,bus-3-bus-4-i_6,105.57299001369995
2020-10-25T20:00:00.0,bus-3-bus-4-i_6,100.66062913033839
2020-10-25T21:00:00.0,bus-3-bus-4-i_6,94.2552036886093
2020-10-25T22:00:00.0,bus-3-bus-4-i_6,86.998748830725
2020-10-25T23:00:00.0,bus-3-bus-4-i_6,81.33016063565613
2020-10-26T00:00:00.0,bus-3-bus-4-i_6,77.43051986940492
2020-10-26T01:00:00.0,bus-3-bus-4-i_6,75.20701140849653
2020-10-26T02:00:00.0,bus-3-bus-4-i_6,74.71971739733625
2020-10-26T03:00:00.0,bus-3-bus-4-i_6,76.39485322190878
2020-10-26T04:00:00.0,bus-3-bus-4-i_6,83.15849422436348
2020-10-26T05:00:00.0,bus-3-bus-4-i_6,89.2241134986042
2020-10-26T06:00:00.0,bus-3-bus-4-i_6,87.88275746862465
2020-10-26T07:00:00.0,bus-3-bus-4-i_6,91.57175676444335
2020-10-26T08:00:00.0,bus-3-bus-4-i_6,95.50559571777936
2020-10-26T09:00:00.0,bus-3-bus-4-i_6,99.0743069404218
2020-10-26T10:00:00.0,bus-3-bus-4-i_6,101.33178933743974
2020-10-26T11:00:00.0,bus-3-bus-4-i_6,102.70472780748545
2020-10-26T12:00:00.0,bus-3-bus-4-i_6,104.07779410321167
2020-10-26T13:00:00.0,bus-3-bus-4-i_6,105.72556822266814
2020-10-26T14:00:00.0,bus-3-bus-4-i_6,106.03070235377923
2020-10-26T15:00:00.0,bus-3-bus-4-i_6,105.87812210543386
2020-10-26T16:00:00.0,bus-3-bus-4-i_6,106.06124379178623
2020-10-26T17:00:00.0,bus-3-bus-4-i_6,112.92854517627732
2020-10-26T18:00:00.0,bus-3-bus-4-i_6,113.7222415237959
2020-10-26T19:00:00.0,bus-3-bus-4-i_6,111.09704958085871
2020-10-26T20:00:00.0,bus-3-bus-4-i_6,105.69505233989234
2020-10-26T21:00:00.0,bus-3-bus-4-i_6,98.31168842903023
2020-10-26T22:00:00.0,bus-3-bus-4-i_6,90.50460130524009
2020-10-26T23:00:00.0,bus-3-bus-4-i_6,84.22512718068538
2020-10-27T00:00:00.0,bus-3-bus-4-i_6,80.53795656464585
2020-10-27T01:00:00.0,bus-3-bus-4-i_6,78.28347091142349
2020-10-27T02:00:00.0,bus-3-bus-4-i_6,77.30865734367556
2020-10-27T03:00:00.0,bus-3-bus-4-i_6,79.01460510234502
2020-10-27T04:00:00.0,bus-3-bus-4-i_6,85.16993064060529
2020-10-27T05:00:00.0,bus-3-bus-4-i_6,92.48652460265842
2020-10-27T06:00:00.0,bus-3-bus-4-i_6,93.3098478697221
2020-10-27T07:00:00.0,bus-3-bus-4-i_6,94.49918436282363
2020-10-27T08:00:00.0,bus-3-bus-4-i_6,98.3726955421746
2020-10-27T09:00:00.0,bus-3-bus-4-i_6,100.38606135704728
2020-10-27T10:00:00.0,bus-3-bus-4-i_6,101.63687793383798
2020-10-27T11:00:00.0,bus-3-bus-4-i_6,101.14873829520393
2020-10-27T12:00:00.0,bus-3-bus-4-i_6,101.88095247845743
2020-10-27T13:00:00.0,bus-3-bus-4-i_6,100.87416558348419
2020-10-27T14:00:00.0,bus-3-bus-4-i_6,100.26403490600009
2020-10-27T15:00:00.0,bus-3-bus-4-i_6,99.71490439002223
2020-10-27T16:00:00.0,bus-3-bus-4-i_6,101.02670550702406
2020-10-27T17:00:00.0,bus-3-bus-4-i_6,109.84561156428052
2020-10-27T18:00:00.0,bus-3-bus-4-i_6,111.18861876893091
2020-10-27T19:00:00.0,bus-3-bus-4-i_6,108.86893402276155
2020-10-27T20:00:00.0,bus-3-bus-4-i_6,103.58956396047965
2020-10-27T21:00:00.0,bus-3-bus-4-i_6,96.48157577255849
2020-10-27T22:00:00.0,bus-3-bus-4-i_6,88.98021927328755
2020-10-27T23:00:00.0,bus-3-bus-4-i_6,83.15849422436348
2020-10-28T00:00:00.0,bus-3-bus-4-i_6,80.01999314494974
2020-10-28T01:00:00.0,bus-3-bus-4-i_6,77.70467669340721
2020-10-28T02:00:00.0,bus-3-bus-4-i_6,76.94314359400188
2020-10-28T03:00:00.0,bus-3-bus-4-i_6,78.58809918364551
2020-10-28T04:00:00.0,bus-3-bus-4-i_6,85.16993064060529
2020-10-28T05:00:00.0,bus-3-bus-4-i_6,91.2058712646365
2020-10-28T06:00:00.0,bus-3-bus-4-i_6,89.92532194253597
2020-10-28T07:00:00.0,bus-3-bus-4-i_6,91.48028344790187
2020-10-28T08:00:00.0,bus-3-bus-4-i_6,96.42057556799782
2020-10-28T09:00:00.0,bus-3-bus-4-i_6,98.95228798405482
2020-10-28T10:00:00.0,bus-3-bus-4-i_6,100.7216270809322
2020-10-28T11:00:00.0,bus-3-bus-4-i_6,99.40986283725448
2020-10-28T12:00:00.0,bus-3-bus-4-i_6,99.71490439002223
2020-10-28T13:00:00.0,bus-3-bus-4-i_6,99.86746890483185
2020-10-28T14:00:00.0,bus-3-bus-4-i_6,99.37935794652581
2020-10-28T15:00:00.0,bus-3-bus-4-i_6,98.61672596649036
2020-10-28T16:00:00.0,bus-3-bus-4-i_6,99.28784214737792
2020-10-28T17:00:00.0,bus-3-bus-4-i_6,108.22794738398258
2020-10-28T18:00:00.0,bus-3-bus-4-i_6,109.11309926439033
2020-10-28T19:00:00.0,bus-3-bus-4-i_6,107.58711385216193
2020-10-28T20:00:00.0,bus-3-bus-4-i_6,103.37599975943239
2020-10-28T21:00:00.0,bus-3-bus-4-i_6,96.51208721631808
2020-10-28T22:00:00.0,bus-3-bus-4-i_6,88.9192493902605
2020-10-28T23:00:00.0,bus-3-bus-4-i_6,82.7013886493176
2020-10-29T00:00:00.0,bus-3-bus-4-i_6,79.13646638716389
2020-10-29T01:00:00.0,bus-3-bus-4-i_6,76.94314359400188
2020-10-29T02:00:00.0,bus-3-bus-4-i_6,76.57762310926755
2020-10-29T03:00:00.0,bus-3-bus-4-i_6,78.43577888538869
2020-10-29T04:00:00.0,bus-3-bus-4-i_6,84.71276148709904
2020-10-29T05:00:00.0,bus-3-bus-4-i_6,90.77900575926013
2020-10-29T06:00:00.0,bus-3-bus-4-i_6,89.8033670500434
2020-10-29T07:00:00.0,bus-3-bus-4-i_6,92.30356181590062
2020-10-29T08:00:00.0,bus-3-bus-4-i_6,95.10912879286622
2020-10-29T09:00:00.0,bus-3-bus-4-i_6,96.81708200988538
2020-10-29T10:00:00.0,bus-3-bus-4-i_6,97.97615323669156
2020-10-29T11:00:00.0,bus-3-bus-4-i_6,100.59959698108526
2020-10-29T12:00:00.0,bus-3-bus-4-i_6,96.42057556799782
2020-10-29T13:00:00.0,bus-3-bus-4-i_6,96.63407776421667
2020-10-29T14:00:00.0,bus-3-bus-4-i_6,95.99359012475774
2020-10-29T15:00:00.0,bus-3-bus-4-i_6,95.23112086916909
2020-10-29T16:00:00.0,bus-3-bus-4-i_6,96.8780838291463
2020-10-29T17:00:00.0,bus-3-bus-4-i_6,105.72556822266814
2020-10-29T18:00:00.0,bus-3-bus-4-i_6,106.97675260602853
2020-10-29T19:00:00.0,bus-3-bus-4-i_6,105.54245022024091
2020-10-29T20:00:00.0,bus-3-bus-4-i_6,101.14873829520393
2020-10-29T21:00:00.0,bus-3-bus-4-i_6,95.41411012605336
2020-10-29T22:00:00.0,bus-3-bus-4-i_6,87.97420133714152
2020-10-29T23:00:00.0,bus-3-bus-4-i_6,82.97564566331756
2020-10-30T00:00:00.0,bus-3-bus-4-i_6,79.3497262546207
2020-10-30T01:00:00.0,bus-3-bus-4-i_6,77.3695849226848
2020-10-30T02:00:00.0,bus-3-bus-4-i_6,76.60808270642312
2020-10-30T03:00:00.0,bus-3-bus-4-i_6,78.28347091142349
2020-10-30T04:00:00.0,bus-3-bus-4-i_6,83.06706745760903
2020-10-30T05:00:00.0,bus-3-bus-4-i_6,86.41959810197201
2020-10-30T06:00:00.0,bus-3-bus-4-i_6,84.22512718068538
2020-10-30T07:00:00.0,bus-3-bus-4-i_6,88.40100021656555
2020-10-30T08:00:00.0,bus-3-bus-4-i_6,92.66948355600539
2020-10-30T09:00:00.0,bus-3-bus-4-i_6,95.62760011791063
2020-10-30T10:00:00.0,bus-3-bus-4-i_6,96.20708648933731
2020-10-30T11:00:00.0,bus-3-bus-4-i_6,95.7800843645485
2020-10-30T12:00:00.0,bus-3-bus-4-i_6,95.99359012475774
2020-10-30T13:00:00.0,bus-3-bus-4-i_6,96.60357725645639
2020-10-30T14:00:00.0,bus-3-bus-4-i_6,96.69509031265083
2020-10-30T15:00:00.0,bus-3-bus-4-i_6,96.51208721631808
2020-10-30T16:00:00.0,bus-3-bus-4-i_6,98.03715930925577
2020-10-30T17:00:00.0,bus-3-bus-4-i_6,106.06124379178623
2020-10-30T18:00:00.0,bus-3-bus-4-i_6,106.610517308126
2020-10-30T19:00:00.0,bus-3-bus-4-i_6,104.71855214483551
2020-10-30T20:00:00.0,bus-3-bus-4-i_6,101.51486013859308
2020-10-30T21:00:00.0,bus-3-bus-4-i_6,96.32908614859856
2020-10-30T22:00:00.0,bus-3-bus-4-i_6,89.40703446141325
2020-10-30T23:00:00.0,bus-3-bus-4-i_6,83.8289418702123
2020-10-31T00:00:00.0,bus-3-bus-4-i_6,77.06499200916144
2020-10-31T01:00:00.0,bus-3-bus-4-i_6,81.11687053237715
2020-10-31T02:00:00.0,bus-3-bus-4-i_6,76.24257147777953
2020-10-31T03:00:00.0,bus-3-bus-4-i_6,76.60808270642312
2020-10-31T04:00:00.0,bus-3-bus-4-i_6,78.92321960107446
2020-10-31T05:00:00.0,bus-3-bus-4-i_6,80.08097221988292
2020-10-31T06:00:00.0,bus-3-bus-4-i_6,78.7099666460274
2020-10-31T07:00:00.0,bus-3-bus-4-i_6,82.76233513616657
2020-10-31T08:00:00.0,bus-3-bus-4-i_6,87.79130596030141
2020-10-31T09:00:00.0,bus-3-bus-4-i_6,90.41313418879481
2020-10-31T10:00:00.0,bus-3-bus-4-i_6,91.66323587787221
2020-10-31T11:00:00.0,bus-3-bus-4-i_6,92.12060740629326
2020-10-31T12:00:00.0,bus-3-bus-4-i_6,92.18159190073843
2020-10-31T13:00:00.0,bus-3-bus-4-i_6,92.45602529867702
2020-10-31T14:00:00.0,bus-3-bus-4-i_6,92.63898368194604
2020-10-31T15:00:00.0,bus-3-bus-4-i_6,92.91343156515215
2020-10-31T16:00:00.0,bus-3-bus-4-i_6,95.90208088489348
2020-10-31T17:00:00.0,bus-3-bus-4-i_6,104.38290012359923
2020-10-31T18:00:00.0,bus-3-bus-4-i_6,104.87114600296464
2020-10-31T19:00:00.0,bus-3-bus-4-i_6,103.1318849427866
2020-10-31T20:00:00.0,bus-3-bus-4-i_6,100.3250473026584
2020-10-31T21:00:00.0,bus-3-bus-4-i_6,95.10912879286622
2020-10-31T22:00:00.0,bus-3-bus-4-i_6,89.16313716980659
2020-10-31T23:00:00.0,bus-3-bus-4-i_6,83.37181509134479
2020-11-01T00:00:00.0,bus-3-bus-4-i_6,86.69392991254745
2020-11-01T01:00:00.0,bus-3-bus-4-i_6,84.74323900887974
2020-11-01T02:00:00.0,bus-3-bus-4-i_6,82.82328201991201
2020-11-01T03:00:00.0,bus-3-bus-4-i_6,81.97004469387832
2020-11-01T04:00:00.0,bus-3-bus-4-i_6,81.57392476606633
2020-11-01T05:00:00.0,bus-3-bus-4-i_6,80.90358367744965
2020-11-01T06:00:00.0,bus-3-bus-4-i_6,82.03099394711855
2020-11-01T07:00:00.0,bus-3-bus-4-i_6,80.56841495877798
2020-11-01T08:00:00.0,bus-3-bus-4-i_6,82.97564566331756
2020-11-01T09:00:00.0,bus-3-bus-4-i_6,86.63296291111931
2020-11-01T10:00:00.0,bus-3-bus-4-i_6,89.68141630941714
2020-11-01T11:00:00.0,bus-3-bus-4-i_6,91.48028344790187
2020-11-01T12:00:00.0,bus-3-bus-4-i_6,92.24257682582426
2020-11-01T13:00:00.0,bus-3-bus-4-i_6,92.39503987666862
2020-11-01T14:00:00.0,bus-3-bus-4-i_6,93.03540706899058
2020-11-01T15:00:00.0,bus-3-bus-4-i_6,93.37083708172663
2020-11-01T16:00:00.0,bus-3-bus-4-i_6,93.61480310983721
2020-11-01T17:00:00.0,bus-3-bus-4-i_6,95.62760011791063
2020-11-01T18:00:00.0,bus-3-bus-4-i_6,104.35238666255123
2020-11-01T19:00:00.0,bus-3-bus-4-i_6,104.04728089026909
2020-11-01T20:00:00.0,bus-3-bus-4-i_6,102.88781343623458
2020-11-01T21:00:00.0,bus-3-bus-4-i_6,100.81316740422037
2020-11-01T22:00:00.0,bus-3-bus-4-i_6,97.39660794133854
2020-11-01T23:00:00.0,bus-3-bus-4-i_6,91.08390537533431
2020-11-02T00:00:00.0,bus-3-bus-4-i_6,84.95658105677822
2020-11-02T01:00:00.0,bus-3-bus-4-i_6,83.21944263092672
2020-11-02T02:00:00.0,bus-3-bus-4-i_6,82.24429786818033
2020-11-02T03:00:00.0,bus-3-bus-4-i_6,82.21381986652486
2020-11-02T04:00:00.0,bus-3-bus-4-i_6,83.64608946049923
2020-11-02T05:00:00.0,bus-3-bus-4-i_6,87.85227363437629
2020-11-02T06:00:00.0,bus-3-bus-4-i_6,88.37050865375893
2020-11-02T07:00:00.0,bus-3-bus-4-i_6,90.93145482347899
2020-11-02T08:00:00.0,bus-3-bus-4-i_6,93.98074008567725
2020-11-02T09:00:00.0,bus-3-bus-4-i_6,97.00008821356165
2020-11-02T10:00:00.0,bus-3-bus-4-i_6,98.3726955421746
2020-11-02T11:00:00.0,bus-3-bus-4-i_6,99.74541027658827
2020-11-02T12:00:00.0,bus-3-bus-4-i_6,100.29452573204188
2020-11-02T13:00:00.0,bus-3-bus-4-i_6,101.05721384868667
2020-11-02T14:00:00.0,bus-3-bus-4-i_6,101.24026349796208
2020-11-02T15:00:00.0,bus-3-bus-4-i_6,100.3555395381352
2020-11-02T16:00:00.0,bus-3-bus-4-i_6,102.06401062043575
2020-11-02T17:00:00.0,bus-3-bus-4-i_6,109.60143743173676
2020-11-02T18:00:00.0,bus-3-bus-4-i_6,108.99101578956385
2020-11-02T19:00:00.0,bus-3-bus-4-i_6,107.98386796703161
2020-11-02T20:00:00.0,bus-3-bus-4-i_6,105.57299001369995
2020-11-02T21:00:00.0,bus-3-bus-4-i_6,100.84367522657203
2020-11-02T22:00:00.0,bus-3-bus-4-i_6,95.23112086916909
2020-11-02T23:00:00.0,bus-3-bus-4-i_6,90.50460130524009
2020-11-03T00:00:00.0,bus-3-bus-4-i_6,87.15116055433516
2020-11-03T01:00:00.0,bus-3-bus-4-i_6,85.20040709806882
2020-11-03T02:00:00.0,bus-3-bus-4-i_6,84.07274559157803
2020-11-03T03:00:00.0,bus-3-bus-4-i_6,84.13370368344924
2020-11-03T04:00:00.0,bus-3-bus-4-i_6,85.5661553829935
2020-11-03T05:00:00.0,bus-3-bus-4-i_6,89.52897954613674
2020-11-03T06:00:00.0,bus-3-bus-4-i_6,89.65093202934098
2020-11-03T07:00:00.0,bus-3-bus-4-i_6,91.90716327255919
2020-11-03T08:00:00.0,bus-3-bus-4-i_6,94.68215636021854
2020-11-03T09:00:00.0,bus-3-bus-4-i_6,96.81708200988538
2020-11-03T10:00:00.0,bus-3-bus-4-i_6,98.55571812592572
2020-11-03T11:00:00.0,bus-3-bus-4-i_6,99.40986283725448
2020-11-03T12:00:00.0,bus-3-bus-4-i_6,99.86746890483185
2020-11-03T13:00:00.0,bus-3-bus-4-i_6,100.84367522657203
2020-11-03T14:00:00.0,bus-3-bus-4-i_6,100.53858248495922
2020-11-03T15:00:00.0,bus-3-bus-4-i_6,99.98945954504019
2020-11-03T16:00:00.0,bus-3-bus-4-i_6,102.03351933280543
2020-11-03T17:00:00.0,bus-3-bus-4-i_6,108.68581199042447
2020-11-03T18:00:00.0,bus-3-bus-4-i_6,106.24434262665739
2020-11-03T19:00:00.0,bus-3-bus-4-i_6,105.23732203876529
2020-11-03T20:00:00.0,bus-3-bus-4-i_6,103.46753640903168
2020-11-03T21:00:00.0,bus-3-bus-4-i_6,100.11148535590544
2020-11-03T22:00:00.0,bus-3-bus-4-i_6,94.71265326796224
2020-11-03T23:00:00.0,bus-3-bus-4-i_6,90.13873591994407
2020-11-04T00:00:00.0,bus-3-bus-4-i_6,86.57200425567886
2020-11-04T01:00:00.0,bus-3-bus-4-i_6,85.01753931221657
2020-11-04T02:00:00.0,bus-3-bus-4-i_6,83.95084172141995
2020-11-04T03:00:00.0,bus-3-bus-4-i_6,84.10322495486146
2020-11-04T04:00:00.0,bus-3-bus-4-i_6,85.7490305589636
2020-11-04T05:00:00.0,bus-3-bus-4-i_6,89.01070554050166
2020-11-04T06:00:00.0,bus-3-bus-4-i_6,89.65093202934098
2020-11-04T07:00:00.0,bus-3-bus-4-i_6,91.84617965290613
2020-11-04T08:00:00.0,bus-3-bus-4-i_6,93.70628841496398
2020-11-04T09:00:00.0,bus-3-bus-4-i_6,96.11558730841112
2020-11-04T10:00:00.0,bus-3-bus-4-i_6,96.93908605089423
2020-11-04T11:00:00.0,bus-3-bus-4-i_6,98.28119804356294
2020-11-04T12:00:00.0,bus-3-bus-4-i_6,98.52521419388893
2020-11-04T13:00:00.0,bus-3-bus-4-i_6,98.55571812592572
2020-11-04T14:00:00.0,bus-3-bus-4-i_6,98.09817850360992
2020-11-04T15:00:00.0,bus-3-bus-4-i_6,97.15259477315598
2020-11-04T16:00:00.0,bus-3-bus-4-i_6,100.3555395381352
2020-11-04T17:00:00.0,bus-3-bus-4-i_6,108.41110206368974
2020-11-04T18:00:00.0,bus-3-bus-4-i_6,108.71633220262822
2020-11-04T19:00:00.0,bus-3-bus-4-i_6,107.73970726781866
2020-11-04T20:00:00.0,bus-3-bus-4-i_6,105.23732203876529
2020-11-04T21:00:00.0,bus-3-bus-4-i_6,100.78265960584139
2020-11-04T22:00:00.0,bus-3-bus-4-i_6,95.32261489780187
2020-11-04T23:00:00.0,bus-3-bus-4-i_6,90.2302013440878
2020-11-05T00:00:00.0,bus-3-bus-4-i_6,86.54152298789964
2020-11-05T01:00:00.0,bus-3-bus-4-i_6,84.71276148709904
2020-11-05T02:00:00.0,bus-3-bus-4-i_6,83.58513529912719
2020-11-05T03:00:00.0,bus-3-bus-4-i_6,83.79846277616447
2020-11-05T04:00:00.0,bus-3-bus-4-i_6,85.29184485301055
2020-11-05T05:00:00.0,bus-3-bus-4-i_6,89.52897954613674
2020-11-05T06:00:00.0,bus-3-bus-4-i_6,90.4741158274601
2020-11-05T07:00:00.0,bus-3-bus-4-i_6,92.27307530550732
2020-11-05T08:00:00.0,bus-3-bus-4-i_6,93.79777664986545
2020-11-05T09:00:00.0,bus-3-bus-4-i_6,95.35311313654387
2020-11-05T10:00:00.0,bus-3-bus-4-i_6,96.48157577255849
2020-11-05T11:00:00.0,bus-3-bus-4-i_6,97.06109048152243
2020-11-05T12:00:00.0,bus-3-bus-4-i_6,93.73677610724714
2020-11-05T13:00:00.0,bus-3-bus-4-i_6,94.07223522554007
2020-11-05T14:00:00.0,bus-3-bus-4-i_6,94.62117116407043
2020-11-05T15:00:00.0,bus-3-bus-4-i_6,96.93908605089423
2020-11-05T16:00:00.0,bus-3-bus-4-i_6,99.34883720682997
2020-11-05T17:00:00.0,bus-3-bus-4-i_6,107.70918873284505
2020-11-05T18:00:00.0,bus-3-bus-4-i_6,108.19749456540286
2020-11-05T19:00:00.0,bus-3-bus-4-i_6,107.31242115797268
2020-11-05T20:00:00.0,bus-3-bus-4-i_6,104.96266636753049
2020-11-05T21:00:00.0,bus-3-bus-4-i_6,100.50809204026623
2020-11-05T22:00:00.0,bus-3-bus-4-i_6,95.96307957134131
2020-11-05T23:00:00.0,bus-3-bus-4-i_6,90.90096495546663
2020-11-06T00:00:00.0,bus-3-bus-4-i_6,87.18164269984767
2020-11-06T01:00:00.0,bus-3-bus-4-i_6,85.5661553829935
2020-11-06T02:00:00.0,bus-3-bus-4-i_6,84.49942080238648
2020-11-06T03:00:00.0,bus-3-bus-4-i_6,84.52984689783784
2020-11-06T04:00:00.0,bus-3-bus-4-i_6,86.05383121277563
2020-11-06T05:00:00.0,bus-3-bus-4-i_6,89.68141630941714
2020-11-06T06:00:00.0,bus-3-bus-4-i_6,89.55946679949082
2020-11-06T07:00:00.0,bus-3-bus-4-i_6,91.7852019197958
2020-11-06T08:00:00.0,bus-3-bus-4-i_6,93.73677610724714
2020-11-06T09:00:00.0,bus-3-bus-4-i_6,96.02408862652203
2020-11-06T10:00:00.0,bus-3-bus-4-i_6,98.28119804356294
2020-11-06T11:00:00.0,bus-3-bus-4-i_6,99.2573369487249
2020-11-06T12:00:00.0,bus-3-bus-4-i_6,98.43370276396729
2020-11-06T13:00:00.0,bus-3-bus-4-i_6,98.46420659691455
2020-11-06T14:00:00.0,bus-3-bus-4-i_6,98.06768042613929
2020-11-06T15:00:00.0,bus-3-bus-4-i_6,96.7865810977045
2020-11-06T16:00:00.0,bus-3-bus-4-i_6,99.31834730238023
2020-11-06T17:00:00.0,bus-3-bus-4-i_6,106.82413764851604
2020-11-06T18:00:00.0,bus-3-bus-4-i_6,106.45793264126522
2020-11-06T19:00:00.0,bus-3-bus-4-i_6,106.03070235377923
2020-11-06T20:00:00.0,bus-3-bus-4-i_6,103.7116134336106
2020-11-06T21:00:00.0,bus-3-bus-4-i_6,100.3555395381352
2020-11-06T22:00:00.0,bus-3-bus-4-i_6,96.48157577255849
2020-11-06T23:00:00.0,bus-3-bus-4-i_6,91.90716327255919
2020-11-07T00:00:00.0,bus-3-bus-4-i_6,85.59663315439752
2020-11-07T01:00:00.0,bus-3-bus-4-i_6,83.1889640942782
2020-11-07T02:00:00.0,bus-3-bus-4-i_6,81.78722172312472
2020-11-07T03:00:00.0,bus-3-bus-4-i_6,81.05593106101912
2020-11-07T04:00:00.0,bus-3-bus-4-i_6,81.17780159052248
2020-11-07T05:00:00.0,bus-3-bus-4-i_6,82.79280383667033
2020-11-07T06:00:00.0,bus-3-bus-4-i_6,80.20279886417308
2020-11-07T07:00:00.0,bus-3-bus-4-i_6,80.62936245391943
2020-11-07T08:00:00.0,bus-3-bus-4-i_6,84.31656002353773
2020-11-07T09:00:00.0,bus-3-bus-4-i_6,87.63888779819877
2020-11-07T10:00:00.0,bus-3-bus-4-i_6,90.3216674593034
2020-11-07T11:00:00.0,bus-3-bus-4-i_6,94.04173933359436
2020-11-07T12:00:00.0,bus-3-bus-4-i_6,94.31620432005118
2020-11-07T13:00:00.0,bus-3-bus-4-i_6,94.49918436282363
2020-11-07T14:00:00.0,bus-3-bus-4-i_6,94.13322751263289
2020-11-07T15:00:00.0,bus-3-bus-4-i_6,94.22471553019354
2020-11-07T16:00:00.0,bus-3-bus-4-i_6,97.15259477315598
2020-11-07T17:00:00.0,bus-3-bus-4-i_6,104.93215205182504
2020-11-07T18:00:00.0,bus-3-bus-4-i_6,104.26087367003566
2020-11-07T19:00:00.0,bus-3-bus-4-i_6,101.97249977810412
2020-11-07T20:00:00.0,bus-3-bus-4-i_6,100.44707674036928
2020-11-07T21:00:00.0,bus-3-bus-4-i_6,97.88464487802841
2020-11-07T22:00:00.0,bus-3-bus-4-i_6,95.23112086916909
2020-11-07T23:00:00.0,bus-3-bus-4-i_6,90.80949544930992
2020-11-08T00:00:00.0,bus-3-bus-4-i_6,86.66344841389738
2020-11-08T01:00:00.0,bus-3-bus-4-i_6,84.2860833191482
2020-11-08T02:00:00.0,bus-3-bus-4-i_6,82.51854549098181
2020-11-08T03:00:00.0,bus-3-bus-4-i_6,82.00052211648831
2020-11-08T04:00:00.0,bus-3-bus-4-i_6,81.81769310940982
2020-11-08T05:00:00.0,bus-3-bus-4-i_6,82.88422446069157
2020-11-08T06:00:00.0,bus-3-bus-4-i_6,80.32467069350784
2020-11-08T07:00:00.0,bus-3-bus-4-i_6,80.81216836768445
2020-11-08T08:00:00.0,bus-3-bus-4-i_6,84.34703360158096
2020-11-08T09:00:00.0,bus-3-bus-4-i_6,88.12663101101006
2020-11-08T10:00:00.0,bus-3-bus-4-i_6,90.90096495546663
2020-11-08T11:00:00.0,bus-3-bus-4-i_6,92.21208437361135
2020-11-08T12:00:00.0,bus-3-bus-4-i_6,92.66948355600539
2020-11-08T13:00:00.0,bus-3-bus-4-i_6,92.79145035653167
2020-11-08T14:00:00.0,bus-3-bus-4-i_6,92.51701135466925
2020-11-08T15:00:00.0,bus-3-bus-4-i_6,92.36454713392726
2020-11-08T16:00:00.0,bus-3-bus-4-i_6,95.7800843645485
2020-11-08T17:00:00.0,bus-3-bus-4-i_6,104.90166089441679
2020-11-08T18:00:00.0,bus-3-bus-4-i_6,104.04728089026909
2020-11-08T19:00:00.0,bus-3-bus-4-i_6,101.9419900804817
2020-11-08T20:00:00.0,bus-3-bus-4-i_6,98.43370276396729
2020-11-08T21:00:00.0,bus-3-bus-4-i_6,94.56016876430155
2020-11-08T22:00:00.0,bus-3-bus-4-i_6,90.68754101141595
2020-11-08T23:00:00.0,bus-3-bus-4-i_6,86.3891176617309
2020-11-09T00:00:00.0,bus-3-bus-4-i_6,83.31086589823049
2020-11-09T01:00:00.0,bus-3-bus-4-i_6,81.26922036682116
2020-11-09T02:00:00.0,bus-3-bus-4-i_6,80.32467069350784
2020-11-09T03:00:00.0,bus-3-bus-4-i_6,79.92859118990697
2020-11-09T04:00:00.0,bus-3-bus-4-i_6,81.45204216078412
2020-11-09T05:00:00.0,bus-3-bus-4-i_6,85.53567609680638
2020-11-09T06:00:00.0,bus-3-bus-4-i_6,86.20622847131986
2020-11-09T07:00:00.0,bus-3-bus-4-i_6,88.34002377575825
2020-11-09T08:00:00.0,bus-3-bus-4-i_6,91.23636181190497
2020-11-09T09:00:00.0,bus-3-bus-4-i_6,94.49918436282363
2020-11-09T10:00:00.0,bus-3-bus-4-i_6,97.48812585901594
2020-11-09T11:00:00.0,bus-3-bus-4-i_6,98.61672596649036
2020-11-09T12:00:00.0,bus-3-bus-4-i_6,100.56908965946553
2020-11-09T13:00:00.0,bus-3-bus-4-i_6,100.69111935584516
2020-11-09T14:00:00.0,bus-3-bus-4-i_6,101.66738707682461
2020-11-09T15:00:00.0,bus-3-bus-4-i_6,100.84367522657203
2020-11-09T16:00:00.0,bus-3-bus-4-i_6,103.34548777272848
2020-11-09T17:00:00.0,bus-3-bus-4-i_6,110.9443928448024
2020-11-09T18:00:00.0,bus-3-bus-4-i_6,109.60143743173676
2020-11-09T19:00:00.0,bus-3-bus-4-i_6,107.46503971641097
2020-11-09T20:00:00.0,bus-3-bus-4-i_6,104.04728089026909
2020-11-09T21:00:00.0,bus-3-bus-4-i_6,99.34883720682997
2020-11-09T22:00:00.0,bus-3-bus-4-i_6,94.65166334691331
2020-11-09T23:00:00.0,bus-3-bus-4-i_6,89.74239147577369
2020-11-10T00:00:00.0,bus-3-bus-4-i_6,85.65759326379337
2020-11-10T01:00:00.0,bus-3-bus-4-i_6,83.9813207893573
2020-11-10T02:00:00.0,bus-3-bus-4-i_6,82.88422446069157
2020-11-10T03:00:00.0,bus-3-bus-4-i_6,82.24429786818033
2020-11-10T04:00:00.0,bus-3-bus-4-i_6,83.24991279815033
2020-11-10T05:00:00.0,bus-3-bus-4-i_6,87.24260831407354
2020-11-10T06:00:00.0,bus-3-bus-4-i_6,87.85227363437629
2020-11-10T07:00:00.0,bus-3-bus-4-i_6,90.3216674593034
2020-11-10T08:00:00.0,bus-3-bus-4-i_6,93.18787060966216
2020-11-10T09:00:00.0,bus-3-bus-4-i_6,95.17011541942962
2020-11-10T10:00:00.0,bus-3-bus-4-i_6,97.9151476304615
2020-11-10T11:00:00.0,bus-3-bus-4-i_6,99.95896882628936
2020-11-10T12:00:00.0,bus-3-bus-4-i_6,101.24026349796208
2020-11-10T13:00:00.0,bus-3-bus-4-i_6,102.76574979378456
2020-11-10T14:00:00.0,bus-3-bus-4-i_6,105.38989794889902
2020-11-10T15:00:00.0,bus-3-bus-4-i_6,104.77960328767631
2020-11-10T16:00:00.0,bus-3-bus-4-i_6,105.57299001369995
2020-11-10T17:00:00.0,bus-3-bus-4-i_6,112.19588813237029
2020-11-10T18:00:00.0,bus-3-bus-4-i_6,110.9443928448024
2020-11-10T19:00:00.0,bus-3-bus-4-i_6,108.99101578956385
2020-11-10T20:00:00.0,bus-3-bus-4-i_6,105.38989794889902
2020-11-10T21:00:00.0,bus-3-bus-4-i_6,101.05721384868667
2020-11-10T22:00:00.0,bus-3-bus-4-i_6,95.96307957134131
2020-11-10T23:00:00.0,bus-3-bus-4-i_6,90.93145482347899
2020-11-11T00:00:00.0,bus-3-bus-4-i_6,86.60248570591736
2020-11-11T01:00:00.0,bus-3-bus-4-i_6,84.31656002353773
2020-11-11T02:00:00.0,bus-3-bus-4-i_6,83.24991279815033
2020-11-11T03:00:00.0,bus-3-bus-4-i_6,83.06706745760903
2020-11-11T04:00:00.0,bus-3-bus-4-i_6,84.46894382317409
2020-11-11T05:00:00.0,bus-3-bus-4-i_6,88.37050865375893
2020-11-11T06:00:00.0,bus-3-bus-4-i_6,88.5534192187494
2020-11-11T07:00:00.0,bus-3-bus-4-i_6,90.74852044261281
2020-11-11T08:00:00.0,bus-3-bus-4-i_6,92.97441887320004
2020-11-11T09:00:00.0,bus-3-bus-4-i_6,96.17658719654187
2020-11-11T10:00:00.0,bus-3-bus-4-i_6,99.34883720682997
2020-11-11T11:00:00.0,bus-3-bus-4-i_6,101.72840543319535
2020-11-11T12:00:00.0,bus-3-bus-4-i_6,103.34548777272848
2020-11-11T13:00:00.0,bus-3-bus-4-i_6,103.86419800479871
2020-11-11T14:00:00.0,bus-3-bus-4-i_6,104.01676214400122
2020-11-11T15:00:00.0,bus-3-bus-4-i_6,104.35238666255123
2020-11-11T16:00:00.0,bus-3-bus-4-i_6,106.03070235377923
2020-11-11T17:00:00.0,bus-3-bus-4-i_6,113.29486388842054
2020-11-11T18:00:00.0,bus-3-bus-4-i_6,112.50118219254921
2020-11-11T19:00:00.0,bus-3-bus-4-i_6,110.18135558485933
2020-11-11T20:00:00.0,bus-3-bus-4-i_6,107.19037613110616
2020-11-11T21:00:00.0,bus-3-bus-4-i_6,102.88781343623458
2020-11-11T22:00:00.0,bus-3-bus-4-i_6,98.15918544573043
2020-11-11T23:00:00.0,bus-3-bus-4-i_6,92.79145035653167
2020-11-12T00:00:00.0,bus-3-bus-4-i_6,89.16313716980659
2020-11-12T01:00:00.0,bus-3-bus-4-i_6,86.23671301123419
2020-11-12T02:00:00.0,bus-3-bus-4-i_6,84.68228416148568
2020-11-12T03:00:00.0,bus-3-bus-4-i_6,84.19465380517265
2020-11-12T04:00:00.0,bus-3-bus-4-i_6,85.01753931221657
2020-11-12T05:00:00.0,bus-3-bus-4-i_6,88.5534192187494
2020-11-12T06:00:00.0,bus-3-bus-4-i_6,88.70584846457892
2020-11-12T07:00:00.0,bus-3-bus-4-i_6,91.4497923505234
2020-11-12T08:00:00.0,bus-3-bus-4-i_6,95.81059362264287
2020-11-12T09:00:00.0,bus-3-bus-4-i_6,99.04380212255023
2020-11-12T10:00:00.0,bus-3-bus-4-i_6,101.5453507823322
2020-11-12T11:00:00.0,bus-3-bus-4-i_6,102.76574979378456
2020-11-12T12:00:00.0,bus-3-bus-4-i_6,103.40651179187277
2020-11-12T13:00:00.0,bus-3-bus-4-i_6,102.70472780748545
2020-11-12T14:00:00.0,bus-3-bus-4-i_6,103.16239650198709
2020-11-12T15:00:00.0,bus-3-bus-4-i_6,101.69789612209156
2020-11-12T16:00:00.0,bus-3-bus-4-i_6,103.37599975943239
2020-11-12T17:00:00.0,bus-3-bus-4-i_6,110.24239996825615
2020-11-12T18:00:00.0,bus-3-bus-4-i_6,109.08257795892374
2020-11-12T19:00:00.0,bus-3-bus-4-i_6,106.67157797250427
2020-11-12T20:00:00.0,bus-3-bus-4-i_6,103.89468933490318
2020-11-12T21:00:00.0,bus-3-bus-4-i_6,99.86746890483185
2020-11-12T22:00:00.0,bus-3-bus-4-i_6,96.23758681056343
2020-11-12T23:00:00.0,bus-3-bus-4-i_6,90.96194469480173
2020-11-13T00:00:00.0,bus-3-bus-4-i_6,87.48647333301483
2020-11-13T01:00:00.0,bus-3-bus-4-i_6,85.20040709806882
2020-11-13T02:00:00.0,bus-3-bus-4-i_6,83.4632392712786
2020-11-13T03:00:00.0,bus-3-bus-4-i_6,83.52418911657907
2020-11-13T04:00:00.0,bus-3-bus-4-i_6,84.13370368344924
2020-11-13T05:00:00.0,bus-3-bus-4-i_6,86.90730239878985
2020-11-13T06:00:00.0,bus-3-bus-4-i_6,85.44423893070321
2020-11-13T07:00:00.0,bus-3-bus-4-i_6,87.02923088473075
2020-11-13T08:00:00.0,bus-3-bus-4-i_6,90.2302013440878
2020-11-13T09:00:00.0,bus-3-bus-4-i_6,93.15738401890721
2020-11-13T10:00:00.0,bus-3-bus-4-i_6,95.4750164922498
2020-11-13T11:00:00.0,bus-3-bus-4-i_6,96.05457762199875
2020-11-13T12:00:00.0,bus-3-bus-4-i_6,96.5425879832039
2020-11-13T13:00:00.0,bus-3-bus-4-i_6,96.35957528962174
2020-11-13T14:00:00.0,bus-3-bus-4-i_6,95.93258007368533
2020-11-13T15:00:00.0,bus-3-bus-4-i_6,95.50559571777936
2020-11-13T16:00:00.0,bus-3-bus-4-i_6,98.40319915179683
2020-11-13T17:00:00.0,bus-3-bus-4-i_6,105.78657466222461
2020-11-13T18:00:00.0,bus-3-bus-4-i_6,104.38290012359923
2020-11-13T19:00:00.0,bus-3-bus-4-i_6,102.85728279243689
2020-11-13T20:00:00.0,bus-3-bus-4-i_6,100.63012161305032
2020-11-13T21:00:00.0,bus-3-bus-4-i_6,98.06768042613929
2020-11-13T22:00:00.0,bus-3-bus-4-i_6,95.26161858722591
2020-11-13T23:00:00.0,bus-3-bus-4-i_6,91.63274451659788
2020-11-14T00:00:00.0,bus-3-bus-4-i_6,88.27905400650864
2020-11-14T01:00:00.0,bus-3-bus-4-i_6,86.05383121277563
2020-11-14T02:00:00.0,bus-3-bus-4-i_6,84.71276148709904
2020-11-14T03:00:00.0,bus-3-bus-4-i_6,84.49942080238648
2020-11-14T04:00:00.0,bus-3-bus-4-i_6,84.80419426459474
2020-11-14T05:00:00.0,bus-3-bus-4-i_6,86.3891176617309
2020-11-14T06:00:00.0,bus-3-bus-4-i_6,85.96238965847569
2020-11-14T07:00:00.0,bus-3-bus-4-i_6,86.08431153521047
2020-11-14T08:00:00.0,bus-3-bus-4-i_6,88.76681778054486
2020-11-14T09:00:00.0,bus-3-bus-4-i_6,91.90716327255919
2020-11-14T10:00:00.0,bus-3-bus-4-i_6,93.34034253374575
2020-11-14T11:00:00.0,bus-3-bus-4-i_6,94.16371543195628
2020-11-14T12:00:00.0,bus-3-bus-4-i_6,93.61480310983721
2020-11-14T13:00:00.0,bus-3-bus-4-i_6,93.79777664986545
2020-11-14T14:00:00.0,bus-3-bus-4-i_6,93.3098478697221
2020-11-14T15:00:00.0,bus-3-bus-4-i_6,93.15738401890721
2020-11-14T16:00:00.0,bus-3-bus-4-i_6,96.42057556799782
2020-11-14T17:00:00.0,bus-3-bus-4-i_6,103.7116134336106
2020-11-14T18:00:00.0,bus-3-bus-4-i_6,103.16239650198709
2020-11-14T19:00:00.0,bus-3-bus-4-i_6,101.6063686801391
2020-11-14T20:00:00.0,bus-3-bus-4-i_6,99.44036877299331
2020-11-14T21:00:00.0,bus-3-bus-4-i_6,97.42712213376575
2020-11-14T22:00:00.0,bus-3-bus-4-i_6,95.01763557530151
2020-11-14T23:00:00.0,bus-3-bus-4-i_6,91.72421878058752
2020-11-15T00:00:00.0,bus-3-bus-4-i_6,88.40100021656555
2020-11-15T01:00:00.0,bus-3-bus-4-i_6,85.07849566348959
2020-11-15T02:00:00.0,bus-3-bus-4-i_6,83.95084172141995
2020-11-15T03:00:00.0,bus-3-bus-4-i_6,83.1889640942782
2020-11-15T04:00:00.0,bus-3-bus-4-i_6,83.1889640942782
2020-11-15T05:00:00.0,bus-3-bus-4-i_6,83.67656480299381
2020-11-15T06:00:00.0,bus-3-bus-4-i_6,81.81769310940982
2020-11-15T07:00:00.0,bus-3-bus-4-i_6,82.67091045907667
2020-11-15T08:00:00.0,bus-3-bus-4-i_6,85.84047104964894
2020-11-15T09:00:00.0,bus-3-bus-4-i_6,88.0351808745111
2020-11-15T10:00:00.0,bus-3-bus-4-i_6,89.77288250495701
2020-11-15T11:00:00.0,bus-3-bus-4-i_6,90.3216674593034
2020-11-15T12:00:00.0,bus-3-bus-4-i_6,90.41313418879481
2020-11-15T13:00:00.0,bus-3-bus-4-i_6,89.98629466712337
2020-11-15T14:00:00.0,bus-3-bus-4-i_6,89.1326507939634
2020-11-15T15:00:00.0,bus-3-bus-4-i_6,89.43751813371144
2020-11-15T16:00:00.0,bus-3-bus-4-i_6,94.56016876430155
2020-11-15T17:00:00.0,bus-3-bus-4-i_6,102.73523878496454
2020-11-15T18:00:00.0,bus-3-bus-4-i_6,102.94883642995617
2020-11-15T19:00:00.0,bus-3-bus-4-i_6,101.51486013859308
2020-11-15T20:00:00.0,bus-3-bus-4-i_6,99.59290241531285
2020-11-15T21:00:00.0,bus-3-bus-4-i_6,96.93908605089423
2020-11-15T22:00:00.0,bus-3-bus-4-i_6,93.9197488237954
2020-11-15T23:00:00.0,bus-3-bus-4-i_6,89.83385470402871
2020-11-16T00:00:00.0,bus-3-bus-4-i_6,86.48056063435922
2020-11-16T01:00:00.0,bus-3-bus-4-i_6,84.74323900887974
2020-11-16T02:00:00.0,bus-3-bus-4-i_6,84.40799017524097
2020-11-16T03:00:00.0,bus-3-bus-4-i_6,84.49942080238648
2020-11-16T04:00:00.0,bus-3-bus-4-i_6,86.11479089562388
2020-11-16T05:00:00.0,bus-3-bus-4-i_6,89.68141630941714
2020-11-16T06:00:00.0,bus-3-bus-4-i_6,92.42553253025797
2020-11-16T07:00:00.0,bus-3-bus-4-i_6,93.27935357150552
2020-11-16T08:00:00.0,bus-3-bus-4-i_6,94.40768545899476
2020-11-16T09:00:00.0,bus-3-bus-4-i_6,95.26161858722591
2020-11-16T10:00:00.0,bus-3-bus-4-i_6,96.32908614859856
2020-11-16T11:00:00.0,bus-3-bus-4-i_6,100.53858248495922
2020-11-16T12:00:00.0,bus-3-bus-4-i_6,104.01676214400122
2020-11-16T13:00:00.0,bus-3-bus-4-i_6,102.91830499975411
2020-11-16T14:00:00.0,bus-3-bus-4-i_6,100.38606135704728
2020-11-16T15:00:00.0,bus-3-bus-4-i_6,93.95024425549668
2020-11-16T16:00:00.0,bus-3-bus-4-i_6,99.34883720682997
2020-11-16T17:00:00.0,bus-3-bus-4-i_6,107.25141216096557
2020-11-16T18:00:00.0,bus-3-bus-4-i_6,107.70918873284505
2020-11-16T19:00:00.0,bus-3-bus-4-i_6,107.40400304144843
2020-11-16T20:00:00.0,bus-3-bus-4-i_6,103.65060969767961
2020-11-16T21:00:00.0,bus-3-bus-4-i_6,99.68441421501541
2020-11-16T22:00:00.0,bus-3-bus-4-i_6,95.53610407580157
2020-11-16T23:00:00.0,bus-3-bus-4-i_6,90.53509046158803
2020-11-17T00:00:00.0,bus-3-bus-4-i_6,87.05971316468221
2020-11-17T01:00:00.0,bus-3-bus-4-i_6,85.20040709806882
2020-11-17T02:00:00.0,bus-3-bus-4-i_6,84.62132944445092
2020-11-17T03:00:00.0,bus-3-bus-4-i_6,84.92610307836878
2020-11-17T04:00:00.0,bus-3-bus-4-i_6,86.20622847131986
2020-11-17T05:00:00.0,bus-3-bus-4-i_6,89.74239147577369
2020-11-17T06:00:00.0,bus-3-bus-4-i_6,90.2302013440878
2020-11-17T07:00:00.0,bus-3-bus-4-i_6,91.29733851826555
2020-11-17T08:00:00.0,bus-3-bus-4-i_6,92.79145035653167
2020-11-17T09:00:00.0,bus-3-bus-4-i_6,94.59067392395912
2020-11-17T10:00:00.0,bus-3-bus-4-i_6,96.17658719654187
2020-11-17T11:00:00.0,bus-3-bus-4-i_6,97.21359762401629
2020-11-17T12:00:00.0,bus-3-bus-4-i_6,97.57963268516485
2020-11-17T13:00:00.0,bus-3-bus-4-i_6,98.34219199766484
2020-11-17T14:00:00.0,bus-3-bus-4-i_6,97.9151476304615
2020-11-17T15:00:00.0,bus-3-bus-4-i_6,97.21359762401629
2020-11-17T16:00:00.0,bus-3-bus-4-i_6,101.05721384868667
2020-11-17T17:00:00.0,bus-3-bus-4-i_6,107.40400304144843
2020-11-17T18:00:00.0,bus-3-bus-4-i_6,107.61763243732192
2020-11-17T19:00:00.0,bus-3-bus-4-i_6,105.78657466222461
2020-11-17T20:00:00.0,bus-3-bus-4-i_6,103.00983893771827
2020-11-17T21:00:00.0,bus-3-bus-4-i_6,99.28784214737792
2020-11-17T22:00:00.0,bus-3-bus-4-i_6,95.29210724158048
2020-11-17T23:00:00.0,bus-3-bus-4-i_6,89.92532194253597
2020-11-18T00:00:00.0,bus-3-bus-4-i_6,94.40768545899476
2020-11-18T01:00:00.0,bus-3-bus-4-i_6,92.82195061003391
2020-11-18T02:00:00.0,bus-3-bus-4-i_6,92.45602529867702
2020-11-18T03:00:00.0,bus-3-bus-4-i_6,92.39503987666862
2020-11-18T04:00:00.0,bus-3-bus-4-i_6,94.22471553019354
2020-11-18T05:00:00.0,bus-3-bus-4-i_6,98.46420659691455
2020-11-18T06:00:00.0,bus-3-bus-4-i_6,99.74541027658827
2020-11-18T07:00:00.0,bus-3-bus-4-i_6,100.38606135704728
2020-11-18T08:00:00.0,bus-3-bus-4-i_6,101.27079009508127
2020-11-18T09:00:00.0,bus-3-bus-4-i_6,102.3691113004092
2020-11-18T10:00:00.0,bus-3-bus-4-i_6,103.16239650198709
2020-11-18T11:00:00.0,bus-3-bus-4-i_6,104.50495474276589
2020-11-18T12:00:00.0,bus-3-bus-4-i_6,104.77960328767631
2020-11-18T13:00:00.0,bus-3-bus-4-i_6,104.81009474989642
2020-11-18T14:00:00.0,bus-3-bus-4-i_6,104.4439274414985
2020-11-18T15:00:00.0,bus-3-bus-4-i_6,103.68112216068836
2020-11-18T16:00:00.0,bus-3-bus-4-i_6,107.70918873284505
2020-11-18T17:00:00.0,bus-3-bus-4-i_6,115.67602319663328
2020-11-18T18:00:00.0,bus-3-bus-4-i_6,115.67602324750008
2020-11-18T19:00:00.0,bus-3-bus-4-i_6,114.11910512978731
2020-11-18T20:00:00.0,bus-3-bus-4-i_6,111.67700424998203
2020-11-18T21:00:00.0,bus-3-bus-4-i_6,108.86893402276155
2020-11-18T22:00:00.0,bus-3-bus-4-i_6,104.5964962555742
2020-11-18T23:00:00.0,bus-3-bus-4-i_6,99.68441421501541
2020-11-19T00:00:00.0,bus-3-bus-4-i_6,88.12663101101006
2020-11-19T01:00:00.0,bus-3-bus-4-i_6,86.20622847131986
2020-11-19T02:00:00.0,bus-3-bus-4-i_6,85.44423893070321
2020-11-19T03:00:00.0,bus-3-bus-4-i_6,85.87094966793806
2020-11-19T04:00:00.0,bus-3-bus-4-i_6,87.88275746862465
2020-11-19T05:00:00.0,bus-3-bus-4-i_6,92.88293103446202
2020-11-19T06:00:00.0,bus-3-bus-4-i_6,93.82827503467186
2020-11-19T07:00:00.0,bus-3-bus-4-i_6,93.82826966911063
2020-11-19T08:00:00.0,bus-3-bus-4-i_6,94.59067392395912
2020-11-19T09:00:00.0,bus-3-bus-4-i_6,95.4750164922498
2020-11-19T10:00:00.0,bus-3-bus-4-i_6,96.32908614859856
2020-11-19T11:00:00.0,bus-3-bus-4-i_6,95.7800843645485
2020-11-19T12:00:00.0,bus-3-bus-4-i_6,95.96307957134131
2020-11-19T13:00:00.0,bus-3-bus-4-i_6,95.90208088489348
2020-11-19T14:00:00.0,bus-3-bus-4-i_6,95.7495853685203
2020-11-19T15:00:00.0,bus-3-bus-4-i_6,94.9261340918398
2020-11-19T16:00:00.0,bus-3-bus-4-i_6,98.89126417865833
2020-11-19T17:00:00.0,bus-3-bus-4-i_6,106.3053757709566
2020-11-19T18:00:00.0,bus-3-bus-4-i_6,106.58002717164297
2020-11-19T19:00:00.0,bus-3-bus-4-i_6,105.17629258456596
2020-11-19T20:00:00.0,bus-3-bus-4-i_6,102.85728279243689
2020-11-19T21:00:00.0,bus-3-bus-4-i_6,99.80642228044083
2020-11-19T22:00:00.0,bus-3-bus-4-i_6,95.4750164922498
2020-11-19T23:00:00.0,bus-3-bus-4-i_6,91.11439562317689
2020-11-20T00:00:00.0,bus-3-bus-4-i_6,87.97420133714152
2020-11-20T01:00:00.0,bus-3-bus-4-i_6,86.23671301123419
2020-11-20T02:00:00.0,bus-3-bus-4-i_6,85.59663315439752
2020-11-20T03:00:00.0,bus-3-bus-4-i_6,85.84047104964894
2020-11-20T04:00:00.0,bus-3-bus-4-i_6,87.66937217102395
2020-11-20T05:00:00.0,bus-3-bus-4-i_6,91.87667171212024
2020-11-20T06:00:00.0,bus-3-bus-4-i_6,93.58430813510215
2020-11-20T07:00:00.0,bus-3-bus-4-i_6,93.21836495180803
2020-11-20T08:00:00.0,bus-3-bus-4-i_6,94.40768545899476
2020-11-20T09:00:00.0,bus-3-bus-4-i_6,95.84108252935802
2020-11-20T10:00:00.0,bus-3-bus-4-i_6,95.8715816858947
2020-11-20T11:00:00.0,bus-3-bus-4-i_6,96.75608037222496
2020-11-20T12:00:00.0,bus-3-bus-4-i_6,96.72557961143976
2020-11-20T13:00:00.0,bus-3-bus-4-i_6,96.84758282282611
2020-11-20T14:00:00.0,bus-3-bus-4-i_6,96.02408862652203
2020-11-20T15:00:00.0,bus-3-bus-4-i_6,95.32261489780187
2020-11-20T16:00:00.0,bus-3-bus-4-i_6,98.49471019857366
2020-11-20T17:00:00.0,bus-3-bus-4-i_6,105.2983524370986
2020-11-20T18:00:00.0,bus-3-bus-4-i_6,104.35238666255123
2020-11-20T19:00:00.0,bus-3-bus-4-i_6,102.76574979378456
2020-11-20T20:00:00.0,bus-3-bus-4-i_6,100.4775847769352
2020-11-20T21:00:00.0,bus-3-bus-4-i_6,98.34219199766484
2020-11-20T22:00:00.0,bus-3-bus-4-i_6,95.71908640744132
2020-11-20T23:00:00.0,bus-3-bus-4-i_6,91.72421878058752
2020-11-21T00:00:00.0,bus-3-bus-4-i_6,88.40100021656555
2020-11-21T01:00:00.0,bus-3-bus-4-i_6,86.17575183045278
2020-11-21T02:00:00.0,bus-3-bus-4-i_6,85.20040709806882
2020-11-21T03:00:00.0,bus-3-bus-4-i_6,85.04801733955861
2020-11-21T04:00:00.0,bus-3-bus-4-i_6,85.71855239630044
2020-11-21T05:00:00.0,bus-3-bus-4-i_6,87.48647333301483
2020-11-21T06:00:00.0,bus-3-bus-4-i_6,86.3281559091528
2020-11-21T07:00:00.0,bus-3-bus-4-i_6,85.87094966793806
2020-11-21T08:00:00.0,bus-3-bus-4-i_6,88.37050865375893
2020-11-21T09:00:00.0,bus-3-bus-4-i_6,90.35216072782168
2020-11-21T10:00:00.0,bus-3-bus-4-i_6,91.5412655892649
2020-11-21T11:00:00.0,bus-3-bus-4-i_6,92.57800372396127
2020-11-21T12:00:00.0,bus-3-bus-4-i_6,92.97441887320004
2020-11-21T13:00:00.0,bus-3-bus-4-i_6,92.76095698028001
2020-11-21T14:00:00.0,bus-3-bus-4-i_6,92.82195061003391
2020-11-21T15:00:00.0,bus-3-bus-4-i_6,92.48652460265842
2020-11-21T16:00:00.0,bus-3-bus-4-i_6,96.48157577255849
2020-11-21T17:00:00.0,bus-3-bus-4-i_6,105.51193488851516
2020-11-21T18:00:00.0,bus-3-bus-4-i_6,102.43013194128672
2020-11-21T19:00:00.0,bus-3-bus-4-i_6,100.38606135704728
2020-11-21T20:00:00.0,bus-3-bus-4-i_6,98.15918544573043
2020-11-21T21:00:00.0,bus-3-bus-4-i_6,96.4510757172414
2020-11-21T22:00:00.0,bus-3-bus-4-i_6,94.34669262349774
2020-11-21T23:00:00.0,bus-3-bus-4-i_6,90.56557970535262
2020-11-22T00:00:00.0,bus-3-bus-4-i_6,87.09019550214244
2020-11-22T01:00:00.0,bus-3-bus-4-i_6,84.92610307836878
2020-11-22T02:00:00.0,bus-3-bus-4-i_6,83.49371423347168
2020-11-22T03:00:00.0,bus-3-bus-4-i_6,83.21944263092672
2020-11-22T04:00:00.0,bus-3-bus-4-i_6,83.43276451721397
2020-11-22T05:00:00.0,bus-3-bus-4-i_6,84.62132944445092
2020-11-22T06:00:00.0,bus-3-bus-4-i_6,82.79280383667033
2020-11-22T07:00:00.0,bus-3-bus-4-i_6,82.79287824553931
2020-11-22T08:00:00.0,bus-3-bus-4-i_6,85.35280047288414
2020-11-22T09:00:00.0,bus-3-bus-4-i_6,88.34002377575825
2020-11-22T10:00:00.0,bus-3-bus-4-i_6,90.44362675186714
2020-11-22T11:00:00.0,bus-3-bus-4-i_6,91.9376550669526
2020-11-22T12:00:00.0,bus-3-bus-4-i_6,92.27307530550732
2020-11-22T13:00:00.0,bus-3-bus-4-i_6,92.51701135466925
2020-11-22T14:00:00.0,bus-3-bus-4-i_6,92.24257682582426
2020-11-22T15:00:00.0,bus-3-bus-4-i_6,92.1511045834254
2020-11-22T16:00:00.0,bus-3-bus-4-i_6,96.17658719654187
2020-11-22T17:00:00.0,bus-3-bus-4-i_6,103.40651179187277
2020-11-22T18:00:00.0,bus-3-bus-4-i_6,102.76574979378456
2020-11-22T19:00:00.0,bus-3-bus-4-i_6,101.08772180461449
2020-11-22T20:00:00.0,bus-3-bus-4-i_6,98.79976547158786
2020-11-22T21:00:00.0,bus-3-bus-4-i_6,95.96307957134131
2020-11-22T22:00:00.0,bus-3-bus-4-i_6,93.18787060966216
2020-11-22T23:00:00.0,bus-3-bus-4-i_6,89.01070554050166
2020-11-23T00:00:00.0,bus-3-bus-4-i_6,85.90142599983817
2020-11-23T01:00:00.0,bus-3-bus-4-i_6,84.34703360158096
2020-11-23T02:00:00.0,bus-3-bus-4-i_6,83.43276451721397
2020-11-23T03:00:00.0,bus-3-bus-4-i_6,83.92036915758855
2020-11-23T04:00:00.0,bus-3-bus-4-i_6,85.62711393965691
2020-11-23T05:00:00.0,bus-3-bus-4-i_6,89.86434565453337
2020-11-23T06:00:00.0,bus-3-bus-4-i_6,90.99243488567501
2020-11-23T07:00:00.0,bus-3-bus-4-i_6,91.35832458608755
2020-11-23T08:00:00.0,bus-3-bus-4-i_6,93.46232119846833
2020-11-23T09:00:00.0,bus-3-bus-4-i_6,95.32261489780187
2020-11-23T10:00:00.0,bus-3-bus-4-i_6,96.57307691898708
2020-11-23T11:00:00.0,bus-3-bus-4-i_6,97.24411173927317
2020-11-23T12:00:00.0,bus-3-bus-4-i_6,97.61013495641824
2020-11-23T13:00:00.0,bus-3-bus-4-i_6,98.34219199766484
2020-11-23T14:00:00.0,bus-3-bus-4-i_6,98.00666928484507
2020-11-23T15:00:00.0,bus-3-bus-4-i_6,97.21359762401629
2020-11-23T16:00:00.0,bus-3-bus-4-i_6,100.78265960584139
2020-11-23T17:00:00.0,bus-3-bus-4-i_6,107.12931340355505
2020-11-23T18:00:00.0,bus-3-bus-4-i_6,106.64106081594599
2020-11-23T19:00:00.0,bus-3-bus-4-i_6,104.87114600296464
2020-11-23T20:00:00.0,bus-3-bus-4-i_6,102.21656019570753
2020-11-23T21:00:00.0,bus-3-bus-4-i_6,98.73875683526772
2020-11-23T22:00:00.0,bus-3-bus-4-i_6,94.59067392395912
2020-11-23T23:00:00.0,bus-3-bus-4-i_6,89.98629466712337
2020-11-24T00:00:00.0,bus-3-bus-4-i_6,86.7548930634096
2020-11-24T01:00:00.0,bus-3-bus-4-i_6,85.01753931221657
2020-11-24T02:00:00.0,bus-3-bus-4-i_6,84.10322495486146
2020-11-24T03:00:00.0,bus-3-bus-4-i_6,84.2860833191482
2020-11-24T04:00:00.0,bus-3-bus-4-i_6,85.90142599983817
2020-11-24T05:00:00.0,bus-3-bus-4-i_6,89.19357607039915
2020-11-24T06:00:00.0,bus-3-bus-4-i_6,91.0534151765582
2020-11-24T07:00:00.0,bus-3-bus-4-i_6,91.57175676444335
2020-11-24T08:00:00.0,bus-3-bus-4-i_6,93.73677610724714
2020-11-24T09:00:00.0,bus-3-bus-4-i_6,95.23112086916909
2020-11-24T10:00:00.0,bus-3-bus-4-i_6,97.15259477315598
2020-11-24T11:00:00.0,bus-3-bus-4-i_6,97.9151476304615
2020-11-24T12:00:00.0,bus-3-bus-4-i_6,97.42712213376575
2020-11-24T13:00:00.0,bus-3-bus-4-i_6,97.94566393670277
2020-11-24T14:00:00.0,bus-3-bus-4-i_6,97.88464487802841
2020-11-24T15:00:00.0,bus-3-bus-4-i_6,97.24411173927317
2020-11-24T16:00:00.0,bus-3-bus-4-i_6,101.69789612209156
2020-11-24T17:00:00.0,bus-3-bus-4-i_6,107.64815108185033
2020-11-24T18:00:00.0,bus-3-bus-4-i_6,106.610517308126
2020-11-24T19:00:00.0,bus-3-bus-4-i_6,105.08474265620839
2020-11-24T20:00:00.0,bus-3-bus-4-i_6,102.67423618132423
2020-11-24T21:00:00.0,bus-3-bus-4-i_6,99.34883720682997
2020-11-24T22:00:00.0,bus-3-bus-4-i_6,95.50559571777936
2020-11-24T23:00:00.0,bus-3-bus-4-i_6,90.8399852613884
2020-11-25T00:00:00.0,bus-3-bus-4-i_6,87.18164269984767
2020-11-25T01:00:00.0,bus-3-bus-4-i_6,85.26136425839972
2020-11-25T02:00:00.0,bus-3-bus-4-i_6,84.07274559157803
2020-11-25T03:00:00.0,bus-3-bus-4-i_6,83.95084172141995
2020-11-25T04:00:00.0,bus-3-bus-4-i_6,85.23088564662886
2020-11-25T05:00:00.0,bus-3-bus-4-i_6,89.07168044830468
2020-11-25T06:00:00.0,bus-3-bus-4-i_6,90.04727105754135
2020-11-25T07:00:00.0,bus-3-bus-4-i_6,90.87047503925092
2020-11-25T08:00:00.0,bus-3-bus-4-i_6,93.37083708172663
2020-11-25T09:00:00.0,bus-3-bus-4-i_6,95.62760011791063
2020-11-25T10:00:00.0,bus-3-bus-4-i_6,97.51862830352968
2020-11-25T11:00:00.0,bus-3-bus-4-i_6,97.64063728130941
2020-11-25T12:00:00.0,bus-3-bus-4-i_6,97.64063728128791
2020-11-25T13:00:00.0,bus-3-bus-4-i_6,97.6711271870345
2020-11-25T14:00:00.0,bus-3-bus-4-i_6,96.81708200988538
2020-11-25T15:00:00.0,bus-3-bus-4-i_6,95.90208088489348
2020-11-25T16:00:00.0,bus-3-bus-4-i_6,100.63012161305032
2020-11-25T17:00:00.0,bus-3-bus-4-i_6,106.27485917534578
2020-11-25T18:00:00.0,bus-3-bus-4-i_6,105.45092844700493
2020-11-25T19:00:00.0,bus-3-bus-4-i_6,103.65060969767961
2020-11-25T20:00:00.0,bus-3-bus-4-i_6,101.758914864453
2020-11-25T21:00:00.0,bus-3-bus-4-i_6,99.53188493426136
2020-11-25T22:00:00.0,bus-3-bus-4-i_6,96.51208721631808
2020-11-25T23:00:00.0,bus-3-bus-4-i_6,91.75470482580846
2020-11-26T00:00:00.0,bus-3-bus-4-i_6,87.63888779819877
2020-11-26T01:00:00.0,bus-3-bus-4-i_6,85.04801733955861
2020-11-26T02:00:00.0,bus-3-bus-4-i_6,83.28039149621893
2020-11-26T03:00:00.0,bus-3-bus-4-i_6,82.7013886493176
2020-11-26T04:00:00.0,bus-3-bus-4-i_6,82.94517186640256
2020-11-26T05:00:00.0,bus-3-bus-4-i_6,84.19465380517265
2020-11-26T06:00:00.0,bus-3-bus-4-i_6,82.88422446069157
2020-11-26T07:00:00.0,bus-3-bus-4-i_6,82.76233513616657
2020-11-26T08:00:00.0,bus-3-bus-4-i_6,86.48056063435922
2020-11-26T09:00:00.0,bus-3-bus-4-i_6,90.07775912268326
2020-11-26T10:00:00.0,bus-3-bus-4-i_6,92.48652460265842
2020-11-26T11:00:00.0,bus-3-bus-4-i_6,93.46232119846833
2020-11-26T12:00:00.0,bus-3-bus-4-i_6,93.82827503467186
2020-11-26T13:00:00.0,bus-3-bus-4-i_6,93.2488589782593
2020-11-26T14:00:00.0,bus-3-bus-4-i_6,91.66323587787221
2020-11-26T15:00:00.0,bus-3-bus-4-i_6,90.50460130524009
2020-11-26T16:00:00.0,bus-3-bus-4-i_6,93.3098478697221
2020-11-26T17:00:00.0,bus-3-bus-4-i_6,96.93908605089423
2020-11-26T18:00:00.0,bus-3-bus-4-i_6,95.62760011791063
2020-11-26T19:00:00.0,bus-3-bus-4-i_6,94.52967584792104
2020-11-26T20:00:00.0,bus-3-bus-4-i_6,93.00491277878524
2020-11-26T21:00:00.0,bus-3-bus-4-i_6,92.30356181590062
2020-11-26T22:00:00.0,bus-3-bus-4-i_6,91.48028344790187
2020-11-26T23:00:00.0,bus-3-bus-4-i_6,88.61438988024113
2020-11-27T00:00:00.0,bus-3-bus-4-i_6,85.62711393965691
2020-11-27T01:00:00.0,bus-3-bus-4-i_6,84.19465380517265
2020-11-27T02:00:00.0,bus-3-bus-4-i_6,83.40228569441244
2020-11-27T03:00:00.0,bus-3-bus-4-i_6,83.52418911657907
2020-11-27T04:00:00.0,bus-3-bus-4-i_6,84.31656002353773
2020-11-27T05:00:00.0,bus-3-bus-4-i_6,86.84633854225675
2020-11-27T06:00:00.0,bus-3-bus-4-i_6,86.54152298789964
2020-11-27T07:00:00.0,bus-3-bus-4-i_6,85.96238965847569
2020-11-27T08:00:00.0,bus-3-bus-4-i_6,87.94372551148012
2020-11-27T09:00:00.0,bus-3-bus-4-i_6,89.77288250495701
2020-11-27T10:00:00.0,bus-3-bus-4-i_6,90.68754101141595
2020-11-27T11:00:00.0,bus-3-bus-4-i_6,90.99243488567501
2020-11-27T12:00:00.0,bus-3-bus-4-i_6,90.59606890905154
2020-11-27T13:00:00.0,bus-3-bus-4-i_6,90.10825083143716
2020-11-27T14:00:00.0,bus-3-bus-4-i_6,89.58995421116991
2020-11-27T15:00:00.0,bus-3-bus-4-i_6,89.55946679949082
2020-11-27T16:00:00.0,bus-3-bus-4-i_6,94.52967584792104
2020-11-27T17:00:00.0,bus-3-bus-4-i_6,100.87416558348419
2020-11-27T18:00:00.0,bus-3-bus-4-i_6,100.75215191289766
2020-11-27T19:00:00.0,bus-3-bus-4-i_6,99.71490439002223
2020-11-27T20:00:00.0,bus-3-bus-4-i_6,98.34219199766484
2020-11-27T21:00:00.0,bus-3-bus-4-i_6,97.39660794133854
2020-11-27T22:00:00.0,bus-3-bus-4-i_6,95.41411012605336
2020-11-27T23:00:00.0,bus-3-bus-4-i_6,92.54750411447397
2020-11-28T00:00:00.0,bus-3-bus-4-i_6,89.01070554050166
2020-11-28T01:00:00.0,bus-3-bus-4-i_6,86.84633854225675
2020-11-28T02:00:00.0,bus-3-bus-4-i_6,86.11479089562388
2020-11-28T03:00:00.0,bus-3-bus-4-i_6,85.35280047288414
2020-11-28T04:00:00.0,bus-3-bus-4-i_6,86.08431153521047
2020-11-28T05:00:00.0,bus-3-bus-4-i_6,86.66344841389738
2020-11-28T06:00:00.0,bus-3-bus-4-i_6,86.45007505937566
2020-11-28T07:00:00.0,bus-3-bus-4-i_6,86.54152298789964
2020-11-28T08:00:00.0,bus-3-bus-4-i_6,89.01070554050166
2020-11-28T09:00:00.0,bus-3-bus-4-i_6,90.74852044261281
2020-11-28T10:00:00.0,bus-3-bus-4-i_6,91.51077963582912
2020-11-28T11:00:00.0,bus-3-bus-4-i_6,91.51077963582912
2020-11-28T12:00:00.0,bus-3-bus-4-i_6,90.50460130524009
2020-11-28T13:00:00.0,bus-3-bus-4-i_6,89.89483047402396
2020-11-28T14:00:00.0,bus-3-bus-4-i_6,89.16313716980659
2020-11-28T15:00:00.0,bus-3-bus-4-i_6,89.01070554050166
2020-11-28T16:00:00.0,bus-3-bus-4-i_6,94.52967584792104
2020-11-28T17:00:00.0,bus-3-bus-4-i_6,101.9419900804817
2020-11-28T18:00:00.0,bus-3-bus-4-i_6,102.21656019570753
2020-11-28T19:00:00.0,bus-3-bus-4-i_6,101.20975512011657
2020-11-28T20:00:00.0,bus-3-bus-4-i_6,99.95896882628936
2020-11-28T21:00:00.0,bus-3-bus-4-i_6,98.43370276396729
2020-11-28T22:00:00.0,bus-3-bus-4-i_6,96.69509031265083
2020-11-28T23:00:00.0,bus-3-bus-4-i_6,93.2488589782593
2020-11-29T00:00:00.0,bus-3-bus-4-i_6,90.04727105754135
2020-11-29T01:00:00.0,bus-3-bus-4-i_6,88.09614798152082
2020-11-29T02:00:00.0,bus-3-bus-4-i_6,87.09019550214244
2020-11-29T03:00:00.0,bus-3-bus-4-i_6,86.87682007369233
2020-11-29T04:00:00.0,bus-3-bus-4-i_6,87.57792312185708
2020-11-29T05:00:00.0,bus-3-bus-4-i_6,88.24856931665886
2020-11-29T06:00:00.0,bus-3-bus-4-i_6,87.15116055433516
2020-11-29T07:00:00.0,bus-3-bus-4-i_6,86.20622847131986
2020-11-29T08:00:00.0,bus-3-bus-4-i_6,88.85827521305684
2020-11-29T09:00:00.0,bus-3-bus-4-i_6,90.10825083143716
2020-11-29T10:00:00.0,bus-3-bus-4-i_6,90.68754101141595
2020-11-29T11:00:00.0,bus-3-bus-4-i_6,90.56557970535262
2020-11-29T12:00:00.0,bus-3-bus-4-i_6,89.98629466712337
2020-11-29T13:00:00.0,bus-3-bus-4-i_6,89.37654420492905
2020-11-29T14:00:00.0,bus-3-bus-4-i_6,89.07168044830468
2020-11-29T15:00:00.0,bus-3-bus-4-i_6,89.55946679949082
2020-11-29T16:00:00.0,bus-3-bus-4-i_6,95.59710138204649
2020-11-29T17:00:00.0,bus-3-bus-4-i_6,104.01676214400122
2020-11-29T18:00:00.0,bus-3-bus-4-i_6,104.04728089026909
2020-11-29T19:00:00.0,bus-3-bus-4-i_6,102.94883642995617
2020-11-29T20:00:00.0,bus-3-bus-4-i_6,101.02670550702406
2020-11-29T21:00:00.0,bus-3-bus-4-i_6,97.85414227035967
2020-11-29T22:00:00.0,bus-3-bus-4-i_6,94.46867867941587
2020-11-29T23:00:00.0,bus-3-bus-4-i_6,90.10825083143716
2020-11-30T00:00:00.0,bus-3-bus-4-i_6,86.66344841389738
2020-11-30T01:00:00.0,bus-3-bus-4-i_6,84.92610307836878
2020-11-30T02:00:00.0,bus-3-bus-4-i_6,84.04226947017783
2020-11-30T03:00:00.0,bus-3-bus-4-i_6,83.9813207893573
2020-11-30T04:00:00.0,bus-3-bus-4-i_6,85.35280047288414
2020-11-30T05:00:00.0,bus-3-bus-4-i_6,89.68141630941714
2020-11-30T06:00:00.0,bus-3-bus-4-i_6,92.36454713392726
2020-11-30T07:00:00.0,bus-3-bus-4-i_6,92.88293103446202
2020-11-30T08:00:00.0,bus-3-bus-4-i_6,94.01123582307864
2020-11-30T09:00:00.0,bus-3-bus-4-i_6,94.86513927720867
2020-11-30T10:00:00.0,bus-3-bus-4-i_6,95.90208088489348
2020-11-30T11:00:00.0,bus-3-bus-4-i_6,96.14608697859765
2020-11-30T12:00:00.0,bus-3-bus-4-i_6,96.26807542285583
2020-11-30T13:00:00.0,bus-3-bus-4-i_6,96.11558730841112
2020-11-30T14:00:00.0,bus-3-bus-4-i_6,95.44460853053833
2020-11-30T15:00:00.0,bus-3-bus-4-i_6,94.80414461024935
2020-11-30T16:00:00.0,bus-3-bus-4-i_6,100.59959698108526
2020-11-30T17:00:00.0,bus-3-bus-4-i_6,108.68581199042447
2020-11-30T18:00:00.0,bus-3-bus-4-i_6,109.78453530186184
2020-11-30T19:00:00.0,bus-3-bus-4-i_6,108.80789316297563
2020-11-30T20:00:00.0,bus-3-bus-4-i_6,105.72556822266814
2020-11-30T21:00:00.0,bus-3-bus-4-i_6,102.39962154015254
2020-11-30T22:00:00.0,bus-3-bus-4-i_6,97.9151476304615
2020-11-30T23:00:00.0,bus-3-bus-4-i_6,93.12688929983229
2020-12-01T00:00:00.0,bus-3-bus-4-i_6,91.23636181190497
2020-12-01T01:00:00.0,bus-3-bus-4-i_6,90.04727105754135
2020-12-01T02:00:00.0,bus-3-bus-4-i_6,89.49849240571925
2020-12-01T03:00:00.0,bus-3-bus-4-i_6,89.65093202934098
2020-12-01T04:00:00.0,bus-3-bus-4-i_6,90.8399852613884
2020-12-01T05:00:00.0,bus-3-bus-4-i_6,93.98074008567725
2020-12-01T06:00:00.0,bus-3-bus-4-i_6,96.57307691898708
2020-12-01T07:00:00.0,bus-3-bus-4-i_6,95.8715816858947
2020-12-01T08:00:00.0,bus-3-bus-4-i_6,96.32908614859856
2020-12-01T09:00:00.0,bus-3-bus-4-i_6,96.05457762199875
2020-12-01T10:00:00.0,bus-3-bus-4-i_6,95.29210724158048
2020-12-01T11:00:00.0,bus-3-bus-4-i_6,96.32908614859856
2020-12-01T12:00:00.0,bus-3-bus-4-i_6,96.11558730841112
2020-12-01T13:00:00.0,bus-3-bus-4-i_6,95.38361177683426
2020-12-01T14:00:00.0,bus-3-bus-4-i_6,94.9261340918398
2020-12-01T15:00:00.0,bus-3-bus-4-i_6,95.01763557530151
2020-12-01T16:00:00.0,bus-3-bus-4-i_6,100.81316740422037
2020-12-01T17:00:00.0,bus-3-bus-4-i_6,110.3644908842547
2020-12-01T18:00:00.0,bus-3-bus-4-i_6,111.58543156320135
2020-12-01T19:00:00.0,bus-3-bus-4-i_6,110.97495254240066
2020-12-01T20:00:00.0,bus-3-bus-4-i_6,109.9677000114724
2020-12-01T21:00:00.0,bus-3-bus-4-i_6,105.66451223586586
2020-12-01T22:00:00.0,bus-3-bus-4-i_6,100.20300544264451
2020-12-01T23:00:00.0,bus-3-bus-4-i_6,95.7495853685203
2020-12-02T00:00:00.0,bus-3-bus-4-i_6,92.57800372396127
2020-12-02T01:00:00.0,bus-3-bus-4-i_6,91.72421878058752
2020-12-02T02:00:00.0,bus-3-bus-4-i_6,91.35832458608755
2020-12-02T03:00:00.0,bus-3-bus-4-i_6,91.84617965290613
2020-12-02T04:00:00.0,bus-3-bus-4-i_6,93.73677610724714
2020-12-02T05:00:00.0,bus-3-bus-4-i_6,98.52521419388893
2020-12-02T06:00:00.0,bus-3-bus-4-i_6,102.24707038039946
2020-12-02T07:00:00.0,bus-3-bus-4-i_6,102.09452036803167
2020-12-02T08:00:00.0,bus-3-bus-4-i_6,103.10137335493592
2020-12-02T09:00:00.0,bus-3-bus-4-i_6,103.62007610367463
2020-12-02T10:00:00.0,bus-3-bus-4-i_6,103.89468933490318
2020-12-02T11:00:00.0,bus-3-bus-4-i_6,103.1318849427866
2020-12-02T12:00:00.0,bus-3-bus-4-i_6,102.43013194128672
2020-12-02T13:00:00.0,bus-3-bus-4-i_6,101.6063686801391
2020-12-02T14:00:00.0,bus-3-bus-4-i_6,101.24026349796208
2020-12-02T15:00:00.0,bus-3-bus-4-i_6,101.42333353473778
2020-12-02T16:00:00.0,bus-3-bus-4-i_6,110.12031100908585
2020-12-02T17:00:00.0,bus-3-bus-4-i_6,114.50739181059049
2020-12-02T18:00:00.0,bus-3-bus-4-i_6,115.39170497481234
2020-12-02T19:00:00.0,bus-3-bus-4-i_6,115.19265344374885
2020-12-02T20:00:00.0,bus-3-bus-4-i_6,113.98297527629285
2020-12-02T21:00:00.0,bus-3-bus-4-i_6,113.394583428563
2020-12-02T22:00:00.0,bus-3-bus-4-i_6,112.50118219254921
2020-12-02T23:00:00.0,bus-3-bus-4-i_6,105.23732203876529
2020-12-03T00:00:00.0,bus-3-bus-4-i_6,104.1693063602051
2020-12-03T01:00:00.0,bus-3-bus-4-i_6,100.01998214968779
2020-12-03T02:00:00.0,bus-3-bus-4-i_6,99.4708737755312
2020-12-03T03:00:00.0,bus-3-bus-4-i_6,99.47087345321113
2020-12-03T04:00:00.0,bus-3-bus-4-i_6,101.758914864453
2020-12-03T05:00:00.0,bus-3-bus-4-i_6,107.19037613110616
2020-12-03T06:00:00.0,bus-3-bus-4-i_6,112.44013095992891
2020-12-03T07:00:00.0,bus-3-bus-4-i_6,110.12031100908585
2020-12-03T08:00:00.0,bus-3-bus-4-i_6,107.86178308884425
2020-12-03T09:00:00.0,bus-3-bus-4-i_6,105.23732203876529
2020-12-03T10:00:00.0,bus-3-bus-4-i_6,101.7894241126583
2020-12-03T11:00:00.0,bus-3-bus-4-i_6,97.64063728130941
2020-12-03T12:00:00.0,bus-3-bus-4-i_6,101.85046182840796
2020-12-03T13:00:00.0,bus-3-bus-4-i_6,100.41656846143836
2020-12-03T14:00:00.0,bus-3-bus-4-i_6,99.2573369487249
2020-12-03T15:00:00.0,bus-3-bus-4-i_6,94.49918436282363
2020-12-03T16:00:00.0,bus-3-bus-4-i_6,102.91830499975411
2020-12-03T17:00:00.0,bus-3-bus-4-i_6,113.41697044818343
2020-12-03T18:00:00.0,bus-3-bus-4-i_6,113.09244315380774
2020-12-03T19:00:00.0,bus-3-bus-4-i_6,113.73290194212882
2020-12-03T20:00:00.0,bus-3-bus-4-i_6,113.55812249765947
2020-12-03T21:00:00.0,bus-3-bus-4-i_6,112.76477894692538
2020-12-03T22:00:00.0,bus-3-bus-4-i_6,113.08113501032942
2020-12-03T23:00:00.0,bus-3-bus-4-i_6,106.58002717164297
2020-12-04T00:00:00.0,bus-3-bus-4-i_6,100.3250473026584
2020-12-04T01:00:00.0,bus-3-bus-4-i_6,99.86746890483185
2020-12-04T02:00:00.0,bus-3-bus-4-i_6,100.4775847769352
2020-12-04T03:00:00.0,bus-3-bus-4-i_6,95.56660270132522
2020-12-04T04:00:00.0,bus-3-bus-4-i_6,97.30510255119215
2020-12-04T05:00:00.0,bus-3-bus-4-i_6,103.2539315227244
2020-12-04T06:00:00.0,bus-3-bus-4-i_6,105.20680759780414
2020-12-04T07:00:00.0,bus-3-bus-4-i_6,110.08978796405802
2020-12-04T08:00:00.0,bus-3-bus-4-i_6,104.32187303744999
2020-12-04T09:00:00.0,bus-3-bus-4-i_6,102.24707038039946
2020-12-04T10:00:00.0,bus-3-bus-4-i_6,101.14873829520393
2020-12-04T11:00:00.0,bus-3-bus-4-i_6,96.5425879832039
2020-12-04T12:00:00.0,bus-3-bus-4-i_6,94.86513927720867
2020-12-04T13:00:00.0,bus-3-bus-4-i_6,93.52331075292228
2020-12-04T14:00:00.0,bus-3-bus-4-i_6,96.39007541317757
2020-12-04T15:00:00.0,bus-3-bus-4-i_6,95.35311313654387
2020-12-04T16:00:00.0,bus-3-bus-4-i_6,101.91146196979884
2020-12-04T17:00:00.0,bus-3-bus-4-i_6,111.70752935142599
2020-12-04T18:00:00.0,bus-3-bus-4-i_6,113.29486388842054
2020-12-04T19:00:00.0,bus-3-bus-4-i_6,112.59275907609623
2020-12-04T20:00:00.0,bus-3-bus-4-i_6,113.23381048528674
2020-12-04T21:00:00.0,bus-3-bus-4-i_6,106.03070235377923
2020-12-04T22:00:00.0,bus-3-bus-4-i_6,103.40651179187277
2020-12-04T23:00:00.0,bus-3-bus-4-i_6,99.10479693903754
2020-12-05T00:00:00.0,bus-3-bus-4-i_6,102.97932746653542
2020-12-05T01:00:00.0,bus-3-bus-4-i_6,97.15259477315598
2020-12-05T02:00:00.0,bus-3-bus-4-i_6,93.67578572259417
2020-12-05T03:00:00.0,bus-3-bus-4-i_6,98.89126417865833
2020-12-05T04:00:00.0,bus-3-bus-4-i_6,96.96958693656612
2020-12-05T05:00:00.0,bus-3-bus-4-i_6,98.61672596649036
2020-12-05T06:00:00.0,bus-3-bus-4-i_6,98.00666928484507
2020-12-05T07:00:00.0,bus-3-bus-4-i_6,96.14608697859765
2020-12-05T08:00:00.0,bus-3-bus-4-i_6,97.03058933961114
2020-12-05T09:00:00.0,bus-3-bus-4-i_6,96.81708200988538
2020-12-05T10:00:00.0,bus-3-bus-4-i_6,96.51208721631808
2020-12-05T11:00:00.0,bus-3-bus-4-i_6,95.68859775516555
2020-12-05T12:00:00.0,bus-3-bus-4-i_6,94.40768545899476
2020-12-05T13:00:00.0,bus-3-bus-4-i_6,93.49281582346794
2020-12-05T14:00:00.0,bus-3-bus-4-i_6,92.39503987666862
2020-12-05T15:00:00.0,bus-3-bus-4-i_6,93.37083708172663
2020-12-05T16:00:00.0,bus-3-bus-4-i_6,99.68441421501541
2020-12-05T17:00:00.0,bus-3-bus-4-i_6,107.77022691622547
2020-12-05T18:00:00.0,bus-3-bus-4-i_6,110.9443928448024
2020-12-05T19:00:00.0,bus-3-bus-4-i_6,109.9677000114724
2020-12-05T20:00:00.0,bus-3-bus-4-i_6,108.71633220262822
2020-12-05T21:00:00.0,bus-3-bus-4-i_6,110.85285782448801
2020-12-05T22:00:00.0,bus-3-bus-4-i_6,105.23732203876529
2020-12-05T23:00:00.0,bus-3-bus-4-i_6,101.63687793383798
2020-12-06T00:00:00.0,bus-3-bus-4-i_6,98.1896886885525
2020-12-06T01:00:00.0,bus-3-bus-4-i_6,96.81708200988538
2020-12-06T02:00:00.0,bus-3-bus-4-i_6,96.02408862652203
2020-12-06T03:00:00.0,bus-3-bus-4-i_6,95.59710138204649
2020-12-06T04:00:00.0,bus-3-bus-4-i_6,96.14608697859765
2020-12-06T05:00:00.0,bus-3-bus-4-i_6,98.09817850360992
2020-12-06T06:00:00.0,bus-3-bus-4-i_6,98.25069493254075
2020-12-06T07:00:00.0,bus-3-bus-4-i_6,96.29857532354379
2020-12-06T08:00:00.0,bus-3-bus-4-i_6,96.5425879832039
2020-12-06T09:00:00.0,bus-3-bus-4-i_6,96.5425879832039
2020-12-06T10:00:00.0,bus-3-bus-4-i_6,96.02408862652203
2020-12-06T11:00:00.0,bus-3-bus-4-i_6,94.86513927720867
2020-12-06T12:00:00.0,bus-3-bus-4-i_6,93.67578572259417
2020-12-06T13:00:00.0,bus-3-bus-4-i_6,92.79145035653167
2020-12-06T14:00:00.0,bus-3-bus-4-i_6,92.21208437361135
2020-12-06T15:00:00.0,bus-3-bus-4-i_6,92.76095698028001
2020-12-06T16:00:00.0,bus-3-bus-4-i_6,100.08099494865652
2020-12-06T17:00:00.0,bus-3-bus-4-i_6,111.58543156320135
2020-12-06T18:00:00.0,bus-3-bus-4-i_6,113.5085515953167
2020-12-06T19:00:00.0,bus-3-bus-4-i_6,113.56960573604407
2020-12-06T20:00:00.0,bus-3-bus-4-i_6,113.02012437570919
2020-12-06T21:00:00.0,bus-3-bus-4-i_6,110.02874380826589
2020-12-06T22:00:00.0,bus-3-bus-4-i_6,105.72556822266814
2020-12-06T23:00:00.0,bus-3-bus-4-i_6,101.27079009508127
2020-12-07T00:00:00.0,bus-3-bus-4-i_6,98.28119804356294
2020-12-07T01:00:00.0,bus-3-bus-4-i_6,97.12209334193403
2020-12-07T02:00:00.0,bus-3-bus-4-i_6,96.8780838291463
2020-12-07T03:00:00.0,bus-3-bus-4-i_6,97.51862830352968
2020-12-07T04:00:00.0,bus-3-bus-4-i_6,99.80642228044083
2020-12-07T05:00:00.0,bus-3-bus-4-i_6,104.96266636753049
2020-12-07T06:00:00.0,bus-3-bus-4-i_6,109.54039444643962
2020-12-07T07:00:00.0,bus-3-bus-4-i_6,106.97675260602853
2020-12-07T08:00:00.0,bus-3-bus-4-i_6,104.87114600296464
2020-12-07T09:00:00.0,bus-3-bus-4-i_6,102.52168284249632
2020-12-07T10:00:00.0,bus-3-bus-4-i_6,100.66062913033839
2020-12-07T11:00:00.0,bus-3-bus-4-i_6,98.8607737698402
2020-12-07T12:00:00.0,bus-3-bus-4-i_6,97.57963268516485
2020-12-07T13:00:00.0,bus-3-bus-4-i_6,95.99359012475774
2020-12-07T14:00:00.0,bus-3-bus-4-i_6,96.48157577255849
2020-12-07T15:00:00.0,bus-3-bus-4-i_6,95.35311313654387
2020-12-07T16:00:00.0,bus-3-bus-4-i_6,102.91830499975411
2020-12-07T17:00:00.0,bus-3-bus-4-i_6,115.15706960121483
2020-12-07T18:00:00.0,bus-3-bus-4-i_6,117.08448075649203
2020-12-07T19:00:00.0,bus-3-bus-4-i_6,117.08442370256643
2020-12-07T20:00:00.0,bus-3-bus-4-i_6,115.6150108713321
2020-12-07T21:00:00.0,bus-3-bus-4-i_6,111.79910306013299
2020-12-07T22:00:00.0,bus-3-bus-4-i_6,106.27485917534578
2020-12-07T23:00:00.0,bus-3-bus-4-i_6,99.31834730238023
2020-12-08T00:00:00.0,bus-3-bus-4-i_6,96.63407776421667
2020-12-08T01:00:00.0,bus-3-bus-4-i_6,95.4750164922498
2020-12-08T02:00:00.0,bus-3-bus-4-i_6,95.32261489780187
2020-12-08T03:00:00.0,bus-3-bus-4-i_6,95.8715816858947
2020-12-08T04:00:00.0,bus-3-bus-4-i_6,97.82365235496762
2020-12-08T05:00:00.0,bus-3-bus-4-i_6,102.82677158561158
2020-12-08T06:00:00.0,bus-3-bus-4-i_6,106.73261188410947
2020-12-08T07:00:00.0,bus-3-bus-4-i_6,104.62701016570128
2020-12-08T08:00:00.0,bus-3-bus-4-i_6,101.9419900804817
2020-12-08T09:00:00.0,bus-3-bus-4-i_6,100.01998214968779
2020-12-08T10:00:00.0,bus-3-bus-4-i_6,98.70823821788949
2020-12-08T11:00:00.0,bus-3-bus-4-i_6,97.30510255119215
2020-12-08T12:00:00.0,bus-3-bus-4-i_6,95.90208088489348
2020-12-08T13:00:00.0,bus-3-bus-4-i_6,94.9261340918398
2020-12-08T14:00:00.0,bus-3-bus-4-i_6,94.40768545899476
2020-12-08T15:00:00.0,bus-3-bus-4-i_6,94.04173933359436
2020-12-08T16:00:00.0,bus-3-bus-4-i_6,100.38606135704728
2020-12-08T17:00:00.0,bus-3-bus-4-i_6,111.8296272278827
2020-12-08T18:00:00.0,bus-3-bus-4-i_6,113.56960573604407
2020-12-08T19:00:00.0,bus-3-bus-4-i_6,113.23381048528674
2020-12-08T20:00:00.0,bus-3-bus-4-i_6,111.31071370283658
2020-12-08T21:00:00.0,bus-3-bus-4-i_6,108.04486852025312
2020-12-08T22:00:00.0,bus-3-bus-4-i_6,103.19292899656656
2020-12-08T23:00:00.0,bus-3-bus-4-i_6,98.09817850360992
2020-12-09T00:00:00.0,bus-3-bus-4-i_6,95.35311313654387
2020-12-09T01:00:00.0,bus-3-bus-4-i_6,94.13322751263289
2020-12-09T02:00:00.0,bus-3-bus-4-i_6,93.49281582346794
2020-12-09T03:00:00.0,bus-3-bus-4-i_6,93.79777664986545
2020-12-09T04:00:00.0,bus-3-bus-4-i_6,95.62760011791063
2020-12-09T05:00:00.0,bus-3-bus-4-i_6,100.29452573204188
2020-12-09T06:00:00.0,bus-3-bus-4-i_6,103.62007610367463
2020-12-09T07:00:00.0,bus-3-bus-4-i_6,101.9419900804817
2020-12-09T08:00:00.0,bus-3-bus-4-i_6,99.31834730238023
2020-12-09T09:00:00.0,bus-3-bus-4-i_6,98.00666928484507
2020-12-09T10:00:00.0,bus-3-bus-4-i_6,97.06109048152243
2020-12-09T11:00:00.0,bus-3-bus-4-i_6,95.62760011791063
2020-12-09T12:00:00.0,bus-3-bus-4-i_6,94.7431589967377
2020-12-09T13:00:00.0,bus-3-bus-4-i_6,93.98074008567725
2020-12-09T14:00:00.0,bus-3-bus-4-i_6,93.52331075292228
2020-12-09T15:00:00.0,bus-3-bus-4-i_6,93.64529048998772
2020-12-09T16:00:00.0,bus-3-bus-4-i_6,99.22683132660666
2020-12-09T17:00:00.0,bus-3-bus-4-i_6,109.87613383326101
2020-12-09T18:00:00.0,bus-3-bus-4-i_6,110.63919649594993
2020-12-09T19:00:00.0,bus-3-bus-4-i_6,109.9677000114724
2020-12-09T20:00:00.0,bus-3-bus-4-i_6,107.89227308849331
2020-12-09T21:00:00.0,bus-3-bus-4-i_6,104.74906652150253
2020-12-09T22:00:00.0,bus-3-bus-4-i_6,99.80642228044083
2020-12-09T23:00:00.0,bus-3-bus-4-i_6,95.26161858722591
2020-12-10T00:00:00.0,bus-3-bus-4-i_6,92.79145035653167
2020-12-10T01:00:00.0,bus-3-bus-4-i_6,91.66323587787221
2020-12-10T02:00:00.0,bus-3-bus-4-i_6,91.02292495879128
2020-12-10T03:00:00.0,bus-3-bus-4-i_6,91.35832458608755
2020-12-10T04:00:00.0,bus-3-bus-4-i_6,92.94392541692658
2020-12-10T05:00:00.0,bus-3-bus-4-i_6,96.84758282282611
2020-12-10T06:00:00.0,bus-3-bus-4-i_6,100.87416558348419
2020-12-10T07:00:00.0,bus-3-bus-4-i_6,99.40986283725448
2020-12-10T08:00:00.0,bus-3-bus-4-i_6,98.31168842903023
2020-12-10T09:00:00.0,bus-3-bus-4-i_6,98.28119804356294
2020-12-10T10:00:00.0,bus-3-bus-4-i_6,97.51862830352968
2020-12-10T11:00:00.0,bus-3-bus-4-i_6,96.14608697859765
2020-12-10T12:00:00.0,bus-3-bus-4-i_6,95.90208088489348
2020-12-10T13:00:00.0,bus-3-bus-4-i_6,95.35311313654387
2020-12-10T14:00:00.0,bus-3-bus-4-i_6,94.89563678024851
2020-12-10T15:00:00.0,bus-3-bus-4-i_6,94.9261340918398
2020-12-10T16:00:00.0,bus-3-bus-4-i_6,99.89795667484564
2020-12-10T17:00:00.0,bus-3-bus-4-i_6,109.32674563977235
2020-12-10T18:00:00.0,bus-3-bus-4-i_6,109.75404574606395
2020-12-10T19:00:00.0,bus-3-bus-4-i_6,108.96049556459486
2020-12-10T20:00:00.0,bus-3-bus-4-i_6,106.85465505737761
2020-12-10T21:00:00.0,bus-3-bus-4-i_6,103.7116134336106
2020-12-10T22:00:00.0,bus-3-bus-4-i_6,99.40986283725448
2020-12-10T23:00:00.0,bus-3-bus-4-i_6,95.38361177683426
2020-12-11T00:00:00.0,bus-3-bus-4-i_6,93.09638809326243
2020-12-11T01:00:00.0,bus-3-bus-4-i_6,92.1511045834254
2020-12-11T02:00:00.0,bus-3-bus-4-i_6,91.66323587787221
2020-12-11T03:00:00.0,bus-3-bus-4-i_6,91.9376550669526
2020-12-11T04:00:00.0,bus-3-bus-4-i_6,93.2488589782593
2020-12-11T05:00:00.0,bus-3-bus-4-i_6,97.15259477315598
2020-12-11T06:00:00.0,bus-3-bus-4-i_6,100.3250473026584
2020-12-11T07:00:00.0,bus-3-bus-4-i_6,98.8607737698402
2020-12-11T08:00:00.0,bus-3-bus-4-i_6,98.61672596649036
2020-12-11T09:00:00.0,bus-3-bus-4-i_6,97.42712213376575
2020-12-11T10:00:00.0,bus-3-bus-4-i_6,96.69509031265083
2020-12-11T11:00:00.0,bus-3-bus-4-i_6,95.71908640744132
2020-12-11T12:00:00.0,bus-3-bus-4-i_6,95.04812427430535
2020-12-11T13:00:00.0,bus-3-bus-4-i_6,94.80414461024935
2020-12-11T14:00:00.0,bus-3-bus-4-i_6,94.2552036886093
2020-12-11T15:00:00.0,bus-3-bus-4-i_6,94.31620432005118
2020-12-11T16:00:00.0,bus-3-bus-4-i_6,100.66062913033839
2020-12-11T17:00:00.0,bus-3-bus-4-i_6,109.2962245829494
2020-12-11T18:00:00.0,bus-3-bus-4-i_6,108.50269222418305
2020-12-11T19:00:00.0,bus-3-bus-4-i_6,107.2819314822393
2020-12-11T20:00:00.0,bus-3-bus-4-i_6,105.72556822266814
2020-12-11T21:00:00.0,bus-3-bus-4-i_6,103.68112216068836
2020-12-11T22:00:00.0,bus-3-bus-4-i_6,100.4775847769352
2020-12-11T23:00:00.0,bus-3-bus-4-i_6,96.8780838291463
2020-12-12T00:00:00.0,bus-3-bus-4-i_6,93.85875762875489
2020-12-12T01:00:00.0,bus-3-bus-4-i_6,92.02913102654551
2020-12-12T02:00:00.0,bus-3-bus-4-i_6,91.2058712646365
2020-12-12T03:00:00.0,bus-3-bus-4-i_6,90.90096495546663
2020-12-12T04:00:00.0,bus-3-bus-4-i_6,91.32782916523918
2020-12-12T05:00:00.0,bus-3-bus-4-i_6,92.94392541692658
2020-12-12T06:00:00.0,bus-3-bus-4-i_6,93.73677610724714
2020-12-12T07:00:00.0,bus-3-bus-4-i_6,92.69997002490969
2020-12-12T08:00:00.0,bus-3-bus-4-i_6,93.12688929983229
2020-12-12T09:00:00.0,bus-3-bus-4-i_6,93.82827503467186
2020-12-12T10:00:00.0,bus-3-bus-4-i_6,93.88926587854367
2020-12-12T11:00:00.0,bus-3-bus-4-i_6,93.06589412397935
2020-12-12T12:00:00.0,bus-3-bus-4-i_6,92.51701135466925
2020-12-12T13:00:00.0,bus-3-bus-4-i_6,92.05962307087874
2020-12-12T14:00:00.0,bus-3-bus-4-i_6,91.57175676444335
2020-12-12T15:00:00.0,bus-3-bus-4-i_6,92.09011523939141
2020-12-12T16:00:00.0,bus-3-bus-4-i_6,97.30510255119215
2020-12-12T17:00:00.0,bus-3-bus-4-i_6,106.33586596305736
2020-12-12T18:00:00.0,bus-3-bus-4-i_6,106.00021127804693
2020-12-12T19:00:00.0,bus-3-bus-4-i_6,104.38290012359923
2020-12-12T20:00:00.0,bus-3-bus-4-i_6,102.73523878496454
2020-12-12T21:00:00.0,bus-3-bus-4-i_6,101.5453507823322
2020-12-12T22:00:00.0,bus-3-bus-4-i_6,98.64724430769678
2020-12-12T23:00:00.0,bus-3-bus-4-i_6,95.56660270132522
2020-12-13T00:00:00.0,bus-3-bus-4-i_6,92.97441887320004
2020-12-13T01:00:00.0,bus-3-bus-4-i_6,91.63274451659788
2020-12-13T02:00:00.0,bus-3-bus-4-i_6,90.50460130524009
2020-12-13T03:00:00.0,bus-3-bus-4-i_6,90.10825083143716
2020-12-13T04:00:00.0,bus-3-bus-4-i_6,89.98629466712337
2020-12-13T05:00:00.0,bus-3-bus-4-i_6,90.77900575926013
2020-12-13T06:00:00.0,bus-3-bus-4-i_6,90.19971291623237
2020-12-13T07:00:00.0,bus-3-bus-4-i_6,94.59067392395912
2020-12-13T08:00:00.0,bus-3-bus-4-i_6,90.99243488567501
2020-12-13T09:00:00.0,bus-3-bus-4-i_6,91.7852019197958
2020-12-13T10:00:00.0,bus-3-bus-4-i_6,92.30356181590062
2020-12-13T11:00:00.0,bus-3-bus-4-i_6,92.1511045834254
2020-12-13T12:00:00.0,bus-3-bus-4-i_6,92.02913102654551
2020-12-13T13:00:00.0,bus-3-bus-4-i_6,91.66323587787221
2020-12-13T14:00:00.0,bus-3-bus-4-i_6,91.38881576028476
2020-12-13T15:00:00.0,bus-3-bus-4-i_6,91.81569357376662
2020-12-13T16:00:00.0,bus-3-bus-4-i_6,97.70162943568646
2020-12-13T17:00:00.0,bus-3-bus-4-i_6,113.14223018445722
2020-12-13T18:00:00.0,bus-3-bus-4-i_6,108.92997507570867
2020-12-13T19:00:00.0,bus-3-bus-4-i_6,108.65529180748376
2020-12-13T20:00:00.0,bus-3-bus-4-i_6,106.70209517637738
2020-12-13T21:00:00.0,bus-3-bus-4-i_6,102.97932746653542
2020-12-13T22:00:00.0,bus-3-bus-4-i_6,99.28784214737792
2020-12-13T23:00:00.0,bus-3-bus-4-i_6,95.29210724158048
2020-12-14T00:00:00.0,bus-3-bus-4-i_6,92.76095698028001
2020-12-14T01:00:00.0,bus-3-bus-4-i_6,91.84617965290613
2020-12-14T02:00:00.0,bus-3-bus-4-i_6,91.57175676444335
2020-12-14T03:00:00.0,bus-3-bus-4-i_6,91.90716327255919
2020-12-14T04:00:00.0,bus-3-bus-4-i_6,93.64529048998772
2020-12-14T05:00:00.0,bus-3-bus-4-i_6,97.85414227035967
2020-12-14T06:00:00.0,bus-3-bus-4-i_6,101.36231600671297
2020-12-14T07:00:00.0,bus-3-bus-4-i_6,100.05048856705355
2020-12-14T08:00:00.0,bus-3-bus-4-i_6,99.0743069404218
2020-12-14T09:00:00.0,bus-3-bus-4-i_6,98.64724430769678
2020-12-14T10:00:00.0,bus-3-bus-4-i_6,98.15918544573043
2020-12-14T11:00:00.0,bus-3-bus-4-i_6,96.66458932646566
2020-12-14T12:00:00.0,bus-3-bus-4-i_6,95.81059362264287
2020-12-14T13:00:00.0,bus-3-bus-4-i_6,95.38361177683426
2020-12-14T14:00:00.0,bus-3-bus-4-i_6,94.71265326796224
2020-12-14T15:00:00.0,bus-3-bus-4-i_6,94.89563678024851
2020-12-14T16:00:00.0,bus-3-bus-4-i_6,102.27758054395453
2020-12-14T17:00:00.0,bus-3-bus-4-i_6,112.80644137981666
2020-12-14T18:00:00.0,bus-3-bus-4-i_6,113.69167041469899
2020-12-14T19:00:00.0,bus-3-bus-4-i_6,113.20328384578214
2020-12-14T20:00:00.0,bus-3-bus-4-i_6,111.70752935142599
2020-12-14T21:00:00.0,bus-3-bus-4-i_6,108.35009254488817
2020-12-14T22:00:00.0,bus-3-bus-4-i_6,102.85728279243689
2020-12-14T23:00:00.0,bus-3-bus-4-i_6,97.51862830352968
2020-12-15T00:00:00.0,bus-3-bus-4-i_6,94.56016876430155
2020-12-15T01:00:00.0,bus-3-bus-4-i_6,93.46232119846833
2020-12-15T02:00:00.0,bus-3-bus-4-i_6,93.06589412397935
2020-12-15T03:00:00.0,bus-3-bus-4-i_6,93.82827503467186
2020-12-15T04:00:00.0,bus-3-bus-4-i_6,95.71908640744132
2020-12-15T05:00:00.0,bus-3-bus-4-i_6,99.4708737755312
2020-12-15T06:00:00.0,bus-3-bus-4-i_6,103.16239650198709
2020-12-15T07:00:00.0,bus-3-bus-4-i_6,101.51486013859308
2020-12-15T08:00:00.0,bus-3-bus-4-i_6,99.4708737755312
2020-12-15T09:00:00.0,bus-3-bus-4-i_6,98.76926114037508
2020-12-15T10:00:00.0,bus-3-bus-4-i_6,97.45762413661079
2020-12-15T11:00:00.0,bus-3-bus-4-i_6,98.09817850360992
2020-12-15T12:00:00.0,bus-3-bus-4-i_6,97.97615323669156
2020-12-15T13:00:00.0,bus-3-bus-4-i_6,97.51862830352968
2020-12-15T14:00:00.0,bus-3-bus-4-i_6,95.59710138204649
2020-12-15T15:00:00.0,bus-3-bus-4-i_6,96.63407776421667
2020-12-15T16:00:00.0,bus-3-bus-4-i_6,103.89468933490318
2020-12-15T17:00:00.0,bus-3-bus-4-i_6,115.18759855610008
2020-12-15T18:00:00.0,bus-3-bus-4-i_6,117.0006548917956
2020-12-15T19:00:00.0,bus-3-bus-4-i_6,116.50037305854899
2020-12-15T20:00:00.0,bus-3-bus-4-i_6,114.05804952149312
2020-12-15T21:00:00.0,bus-3-bus-4-i_6,110.08978796405802
2020-12-15T22:00:00.0,bus-3-bus-4-i_6,104.62701016570128
2020-12-15T23:00:00.0,bus-3-bus-4-i_6,99.28784214737792
2020-12-16T00:00:00.0,bus-3-bus-4-i_6,96.02408862652203
2020-12-16T01:00:00.0,bus-3-bus-4-i_6,94.83464209659333
2020-12-16T02:00:00.0,bus-3-bus-4-i_6,94.16371543195628
2020-12-16T03:00:00.0,bus-3-bus-4-i_6,94.46867867941587
2020-12-16T04:00:00.0,bus-3-bus-4-i_6,96.57307691898708
2020-12-16T05:00:00.0,bus-3-bus-4-i_6,101.33178933743974
2020-12-16T06:00:00.0,bus-3-bus-4-i_6,104.87114600296464
2020-12-16T07:00:00.0,bus-3-bus-4-i_6,101.88095247845743
2020-12-16T08:00:00.0,bus-3-bus-4-i_6,99.95896882628936
2020-12-16T09:00:00.0,bus-3-bus-4-i_6,98.79976547158786
2020-12-16T10:00:00.0,bus-3-bus-4-i_6,97.94566393670277
2020-12-16T11:00:00.0,bus-3-bus-4-i_6,96.7865810977045
2020-12-16T12:00:00.0,bus-3-bus-4-i_6,95.96307957134131
2020-12-16T13:00:00.0,bus-3-bus-4-i_6,95.01763557530151
2020-12-16T14:00:00.0,bus-3-bus-4-i_6,94.68215636021854
2020-12-16T15:00:00.0,bus-3-bus-4-i_6,95.4750164922498
2020-12-16T16:00:00.0,bus-3-bus-4-i_6,102.91830499975411
2020-12-16T17:00:00.0,bus-3-bus-4-i_6,113.41697044818343
2020-12-16T18:00:00.0,bus-3-bus-4-i_6,113.96646641131349
2020-12-16T19:00:00.0,bus-3-bus-4-i_6,113.29486388842054
2020-12-16T20:00:00.0,bus-3-bus-4-i_6,111.43280960239635
2020-12-16T21:00:00.0,bus-3-bus-4-i_6,108.22794738398258
2020-12-16T22:00:00.0,bus-3-bus-4-i_6,102.3080905347163
2020-12-16T23:00:00.0,bus-3-bus-4-i_6,97.6711271870345
2020-12-17T00:00:00.0,bus-3-bus-4-i_6,94.89563678024851
2020-12-17T01:00:00.0,bus-3-bus-4-i_6,93.64529048998772
2020-12-17T02:00:00.0,bus-3-bus-4-i_6,92.63898368194604
2020-12-17T03:00:00.0,bus-3-bus-4-i_6,92.88293103446202
2020-12-17T04:00:00.0,bus-3-bus-4-i_6,94.37719798403728
2020-12-17T05:00:00.0,bus-3-bus-4-i_6,98.40319915179683
2020-12-17T06:00:00.0,bus-3-bus-4-i_6,102.39962154015254
2020-12-17T07:00:00.0,bus-3-bus-4-i_6,101.17924669755787
2020-12-17T08:00:00.0,bus-3-bus-4-i_6,100.84367522657203
2020-12-17T09:00:00.0,bus-3-bus-4-i_6,99.80642228044083
2020-12-17T10:00:00.0,bus-3-bus-4-i_6,99.16580675029245
2020-12-17T11:00:00.0,bus-3-bus-4-i_6,97.54913046747427
2020-12-17T12:00:00.0,bus-3-bus-4-i_6,96.23758681056343
2020-12-17T13:00:00.0,bus-3-bus-4-i_6,95.6580889220479
2020-12-17T14:00:00.0,bus-3-bus-4-i_6,95.32261489780187
2020-12-17T15:00:00.0,bus-3-bus-4-i_6,95.50559571777936
2020-12-17T16:00:00.0,bus-3-bus-4-i_6,102.55219349046278
2020-12-17T17:00:00.0,bus-3-bus-4-i_6,113.08113501032942
2020-12-17T18:00:00.0,bus-3-bus-4-i_6,113.11170286947005
2020-12-17T19:00:00.0,bus-3-bus-4-i_6,113.29486388842054
2020-12-17T20:00:00.0,bus-3-bus-4-i_6,111.09704958085871
2020-12-17T21:00:00.0,bus-3-bus-4-i_6,107.2819314822393
2020-12-17T22:00:00.0,bus-3-bus-4-i_6,102.64372530581562
2020-12-17T23:00:00.0,bus-3-bus-4-i_6,97.39660794133854
2020-12-18T00:00:00.0,bus-3-bus-4-i_6,94.59067392395912
2020-12-18T01:00:00.0,bus-3-bus-4-i_6,92.94392541692658
2020-12-18T02:00:00.0,bus-3-bus-4-i_6,92.66948355600539
2020-12-18T03:00:00.0,bus-3-bus-4-i_6,92.91343156515215
2020-12-18T04:00:00.0,bus-3-bus-4-i_6,94.37719798403728
2020-12-18T05:00:00.0,bus-3-bus-4-i_6,98.1896886885525
2020-12-18T06:00:00.0,bus-3-bus-4-i_6,101.66738707682461
2020-12-18T07:00:00.0,bus-3-bus-4-i_6,100.63012161305032
2020-12-18T08:00:00.0,bus-3-bus-4-i_6,99.40986283725448
2020-12-18T09:00:00.0,bus-3-bus-4-i_6,98.25069493254075
2020-12-18T10:00:00.0,bus-3-bus-4-i_6,97.51862830352968
2020-12-18T11:00:00.0,bus-3-bus-4-i_6,96.57307691898708
2020-12-18T12:00:00.0,bus-3-bus-4-i_6,95.29210724158048
2020-12-18T13:00:00.0,bus-3-bus-4-i_6,94.62117116407043
2020-12-18T14:00:00.0,bus-3-bus-4-i_6,94.04173933359436
2020-12-18T15:00:00.0,bus-3-bus-4-i_6,95.38361177683426
2020-12-18T16:00:00.0,bus-3-bus-4-i_6,101.66738707682461
2020-12-18T17:00:00.0,bus-3-bus-4-i_6,110.30344615620038
2020-12-18T18:00:00.0,bus-3-bus-4-i_6,110.6697200556303
2020-12-18T19:00:00.0,bus-3-bus-4-i_6,108.92997507570867
2020-12-18T20:00:00.0,bus-3-bus-4-i_6,107.58711385216193
2020-12-18T21:00:00.0,bus-3-bus-4-i_6,104.71855214483551
2020-12-18T22:00:00.0,bus-3-bus-4-i_6,101.97249977810412
2020-12-18T23:00:00.0,bus-3-bus-4-i_6,97.33561644773778
2020-12-19T00:00:00.0,bus-3-bus-4-i_6,93.95024425549668
2020-12-19T01:00:00.0,bus-3-bus-4-i_6,92.57800372396127
2020-12-19T02:00:00.0,bus-3-bus-4-i_6,91.75470482580846
2020-12-19T03:00:00.0,bus-3-bus-4-i_6,91.66323587787221
2020-12-19T04:00:00.0,bus-3-bus-4-i_6,92.05962307087874
2020-12-19T05:00:00.0,bus-3-bus-4-i_6,93.49281582346794
2020-12-19T06:00:00.0,bus-3-bus-4-i_6,94.19421449385827
2020-12-19T07:00:00.0,bus-3-bus-4-i_6,93.76728399371532
2020-12-19T08:00:00.0,bus-3-bus-4-i_6,95.4750164922498
2020-12-19T09:00:00.0,bus-3-bus-4-i_6,96.63407776421667
2020-12-19T10:00:00.0,bus-3-bus-4-i_6,96.75608037222496
2020-12-19T11:00:00.0,bus-3-bus-4-i_6,95.93258007368533
2020-12-19T12:00:00.0,bus-3-bus-4-i_6,94.86513927720867
2020-12-19T13:00:00.0,bus-3-bus-4-i_6,93.82827503467186
2020-12-19T14:00:00.0,bus-3-bus-4-i_6,93.82826966911063
2020-12-19T15:00:00.0,bus-3-bus-4-i_6,94.98712918850312
2020-12-19T16:00:00.0,bus-3-bus-4-i_6,101.97249977810412
2020-12-19T17:00:00.0,bus-3-bus-4-i_6,110.42553675812118
2020-12-19T18:00:00.0,bus-3-bus-4-i_6,109.90665580140613
2020-12-19T19:00:00.0,bus-3-bus-4-i_6,108.28905321390425
2020-12-19T20:00:00.0,bus-3-bus-4-i_6,107.12931340355505
2020-12-19T21:00:00.0,bus-3-bus-4-i_6,98.03715930925577
2020-12-19T22:00:00.0,bus-3-bus-4-i_6,101.6063686801391
2020-12-19T23:00:00.0,bus-3-bus-4-i_6,97.6711271870345
2020-12-20T00:00:00.0,bus-3-bus-4-i_6,95.10912879286622
2020-12-20T01:00:00.0,bus-3-bus-4-i_6,93.5538056264162
2020-12-20T02:00:00.0,bus-3-bus-4-i_6,92.91343156515215
2020-12-20T03:00:00.0,bus-3-bus-4-i_6,93.12688929983229
2020-12-20T04:00:00.0,bus-3-bus-4-i_6,93.95024425549668
2020-12-20T05:00:00.0,bus-3-bus-4-i_6,94.65166334691331
2020-12-20T06:00:00.0,bus-3-bus-4-i_6,95.35311313654387
2020-12-20T07:00:00.0,bus-3-bus-4-i_6,93.82827503467186
2020-12-20T08:00:00.0,bus-3-bus-4-i_6,94.77364750027871
2020-12-20T09:00:00.0,bus-3-bus-4-i_6,94.86513927720867
2020-12-20T10:00:00.0,bus-3-bus-4-i_6,94.77364750027871
2020-12-20T11:00:00.0,bus-3-bus-4-i_6,94.16371543195628
2020-12-20T12:00:00.0,bus-3-bus-4-i_6,94.07223522554007
2020-12-20T13:00:00.0,bus-3-bus-4-i_6,94.22471553019354
2020-12-20T14:00:00.0,bus-3-bus-4-i_6,94.40768545899476
2020-12-20T15:00:00.0,bus-3-bus-4-i_6,94.71265326796224
2020-12-20T16:00:00.0,bus-3-bus-4-i_6,102.16738374378475
2020-12-20T17:00:00.0,bus-3-bus-4-i_6,113.32538983235744
2020-12-20T18:00:00.0,bus-3-bus-4-i_6,114.97389537221747
2020-12-20T19:00:00.0,bus-3-bus-4-i_6,114.8212516180422
2020-12-20T20:00:00.0,bus-3-bus-4-i_6,113.478025088263
2020-12-20T21:00:00.0,bus-3-bus-4-i_6,111.09704958085871
2020-12-20T22:00:00.0,bus-3-bus-4-i_6,107.37348583792752
2020-12-20T23:00:00.0,bus-3-bus-4-i_6,102.61319533209145
2020-12-21T00:00:00.0,bus-3-bus-4-i_6,99.01329737048835
2020-12-21T01:00:00.0,bus-3-bus-4-i_6,97.57963268516485
2020-12-21T02:00:00.0,bus-3-bus-4-i_6,96.66458932646566
2020-12-21T03:00:00.0,bus-3-bus-4-i_6,96.66458932646566
2020-12-21T04:00:00.0,bus-3-bus-4-i_6,98.49471019857366
2020-12-21T05:00:00.0,bus-3-bus-4-i_6,101.85046182840796
2020-12-21T06:00:00.0,bus-3-bus-4-i_6,104.71855214483551
2020-12-21T07:00:00.0,bus-3-bus-4-i_6,102.85728279243689
2020-12-21T08:00:00.0,bus-3-bus-4-i_6,102.12503011797263
2020-12-21T09:00:00.0,bus-3-bus-4-i_6,102.55219349046278
2020-12-21T10:00:00.0,bus-3-bus-4-i_6,102.3691113004092
2020-12-21T11:00:00.0,bus-3-bus-4-i_6,101.27079009508127
2020-12-21T12:00:00.0,bus-3-bus-4-i_6,100.3250473026584
2020-12-21T13:00:00.0,bus-3-bus-4-i_6,100.05048856705355
2020-12-21T14:00:00.0,bus-3-bus-4-i_6,100.50809204026623
2020-12-21T15:00:00.0,bus-3-bus-4-i_6,102.27758054395453
2020-12-21T16:00:00.0,bus-3-bus-4-i_6,111.31071370283658
2020-12-21T17:00:00.0,bus-3-bus-4-i_6,114.29523365369054
2020-12-21T18:00:00.0,bus-3-bus-4-i_6,114.79416216199947
2020-12-21T19:00:00.0,bus-3-bus-4-i_6,114.13290736398069
2020-12-21T20:00:00.0,bus-3-bus-4-i_6,112.89985179588955
2020-12-21T21:00:00.0,bus-3-bus-4-i_6,115.24865723610243
2020-12-21T22:00:00.0,bus-3-bus-4-i_6,108.47214146473594
2020-12-21T23:00:00.0,bus-3-bus-4-i_6,102.52168284249632
2020-12-22T00:00:00.0,bus-3-bus-4-i_6,98.64724430769678
2020-12-22T01:00:00.0,bus-3-bus-4-i_6,96.7865810977045
2020-12-22T02:00:00.0,bus-3-bus-4-i_6,96.11558730841112
2020-12-22T03:00:00.0,bus-3-bus-4-i_6,96.90858485007526
2020-12-22T04:00:00.0,bus-3-bus-4-i_6,98.98279265829923
2020-12-22T05:00:00.0,bus-3-bus-4-i_6,103.00983893771827
2020-12-22T06:00:00.0,bus-3-bus-4-i_6,106.15276718485657
2020-12-22T07:00:00.0,bus-3-bus-4-i_6,106.03070235377923
2020-12-22T08:00:00.0,bus-3-bus-4-i_6,106.79362032266904
2020-12-22T09:00:00.0,bus-3-bus-4-i_6,107.2819314822393
2020-12-22T10:00:00.0,bus-3-bus-4-i_6,105.26781360642788
2020-12-22T11:00:00.0,bus-3-bus-4-i_6,102.39962154015254
2020-12-22T12:00:00.0,bus-3-bus-4-i_6,100.44707674036928
2020-12-22T13:00:00.0,bus-3-bus-4-i_6,98.64724430769678
2020-12-22T14:00:00.0,bus-3-bus-4-i_6,97.39660794133854
2020-12-22T15:00:00.0,bus-3-bus-4-i_6,97.82365235496762
2020-12-22T16:00:00.0,bus-3-bus-4-i_6,105.96967007547673
2020-12-22T17:00:00.0,bus-3-bus-4-i_6,114.74081763969713
2020-12-22T18:00:00.0,bus-3-bus-4-i_6,113.45747247327441
2020-12-22T19:00:00.0,bus-3-bus-4-i_6,113.36941607050635
2020-12-22T20:00:00.0,bus-3-bus-4-i_6,112.87825287295131
2020-12-22T21:00:00.0,bus-3-bus-4-i_6,115.6150108713321
2020-12-22T22:00:00.0,bus-3-bus-4-i_6,111.06648680152963
2020-12-22T23:00:00.0,bus-3-bus-4-i_6,105.05423362115486
2020-12-23T00:00:00.0,bus-3-bus-4-i_6,101.66738707682461
2020-12-23T01:00:00.0,bus-3-bus-4-i_6,99.4708737755312
2020-12-23T02:00:00.0,bus-3-bus-4-i_6,99.16580675029245
2020-12-23T03:00:00.0,bus-3-bus-4-i_6,100.08099494865652
2020-12-23T04:00:00.0,bus-3-bus-4-i_6,102.03351933280543
2020-12-23T05:00:00.0,bus-3-bus-4-i_6,107.34296622124737
2020-12-23T06:00:00.0,bus-3-bus-4-i_6,110.6697200556303
2020-12-23T07:00:00.0,bus-3-bus-4-i_6,108.04486852025312
2020-12-23T08:00:00.0,bus-3-bus-4-i_6,106.54948339782733
2020-12-23T09:00:00.0,bus-3-bus-4-i_6,104.56598229814402
2020-12-23T10:00:00.0,bus-3-bus-4-i_6,103.10137335493592
2020-12-23T11:00:00.0,bus-3-bus-4-i_6,100.87416558348419
2020-12-23T12:00:00.0,bus-3-bus-4-i_6,98.98279265829923
2020-12-23T13:00:00.0,bus-3-bus-4-i_6,97.42712213376575
2020-12-23T14:00:00.0,bus-3-bus-4-i_6,96.48157577255849
2020-12-23T15:00:00.0,bus-3-bus-4-i_6,96.63407776421667
2020-12-23T16:00:00.0,bus-3-bus-4-i_6,104.10827993655134
2020-12-23T17:00:00.0,bus-3-bus-4-i_6,117.04791682172915
2020-12-23T18:00:00.0,bus-3-bus-4-i_6,112.87825287295131
2020-12-23T19:00:00.0,bus-3-bus-4-i_6,113.15541280153244
2020-12-23T20:00:00.0,bus-3-bus-4-i_6,114.32156031905076
2020-12-23T21:00:00.0,bus-3-bus-4-i_6,116.07295883371992
2020-12-23T22:00:00.0,bus-3-bus-4-i_6,111.4938582687929
2020-12-23T23:00:00.0,bus-3-bus-4-i_6,105.81709044641221
2020-12-24T00:00:00.0,bus-3-bus-4-i_6,101.69789612209156
2020-12-24T01:00:00.0,bus-3-bus-4-i_6,100.26403490600009
2020-12-24T02:00:00.0,bus-3-bus-4-i_6,100.05048856705355
2020-12-24T03:00:00.0,bus-3-bus-4-i_6,100.4775847769352
2020-12-24T04:00:00.0,bus-3-bus-4-i_6,102.97932746653542
2020-12-24T05:00:00.0,bus-3-bus-4-i_6,107.64815108185033
2020-12-24T06:00:00.0,bus-3-bus-4-i_6,110.79181121638872
2020-12-24T07:00:00.0,bus-3-bus-4-i_6,108.25850402179323
2020-12-24T08:00:00.0,bus-3-bus-4-i_6,106.24434262665739
2020-12-24T09:00:00.0,bus-3-bus-4-i_6,104.29135960659902
2020-12-24T10:00:00.0,bus-3-bus-4-i_6,102.73523878496454
2020-12-24T11:00:00.0,bus-3-bus-4-i_6,101.66738707682461
2020-12-24T12:00:00.0,bus-3-bus-4-i_6,99.44036877299331
2020-12-24T13:00:00.0,bus-3-bus-4-i_6,98.00666928484507
2020-12-24T14:00:00.0,bus-3-bus-4-i_6,97.88464487802841
2020-12-24T15:00:00.0,bus-3-bus-4-i_6,97.57963268516485
2020-12-24T16:00:00.0,bus-3-bus-4-i_6,103.19292899656656
2020-12-24T17:00:00.0,bus-3-bus-4-i_6,116.22560788031149
2020-12-24T18:00:00.0,bus-3-bus-4-i_6,113.58327484964381
2020-12-24T19:00:00.0,bus-3-bus-4-i_6,113.05854041906403
2020-12-24T20:00:00.0,bus-3-bus-4-i_6,117.02397995739189
2020-12-24T21:00:00.0,bus-3-bus-4-i_6,115.46236757580903
2020-12-24T22:00:00.0,bus-3-bus-4-i_6,110.73076513842449
2020-12-24T23:00:00.0,bus-3-bus-4-i_6,104.1387932188798
2020-12-25T00:00:00.0,bus-3-bus-4-i_6,100.44707674036928
2020-12-25T01:00:00.0,bus-3-bus-4-i_6,98.22019205408914
2020-12-25T02:00:00.0,bus-3-bus-4-i_6,96.84758282282611
2020-12-25T03:00:00.0,bus-3-bus-4-i_6,96.66458932646566
2020-12-25T04:00:00.0,bus-3-bus-4-i_6,98.09817850360992
2020-12-25T05:00:00.0,bus-3-bus-4-i_6,100.93518148737274
2020-12-25T06:00:00.0,bus-3-bus-4-i_6,103.89468933490318
2020-12-25T07:00:00.0,bus-3-bus-4-i_6,104.38290012359923
2020-12-25T08:00:00.0,bus-3-bus-4-i_6,104.9932043072371
2020-12-25T09:00:00.0,bus-3-bus-4-i_6,105.05423362115486
2020-12-25T10:00:00.0,bus-3-bus-4-i_6,103.7116134336106
2020-12-25T11:00:00.0,bus-3-bus-4-i_6,101.9419900804817
2020-12-25T12:00:00.0,bus-3-bus-4-i_6,98.73875683526772
2020-12-25T13:00:00.0,bus-3-bus-4-i_6,96.63407776421667
2020-12-25T14:00:00.0,bus-3-bus-4-i_6,95.41411012605336
2020-12-25T15:00:00.0,bus-3-bus-4-i_6,94.86513927720867
2020-12-25T16:00:00.0,bus-3-bus-4-i_6,101.69789612209156
2020-12-25T17:00:00.0,bus-3-bus-4-i_6,113.60013337746746
2020-12-25T18:00:00.0,bus-3-bus-4-i_6,114.8212516180422
2020-12-25T19:00:00.0,bus-3-bus-4-i_6,114.24121674106655
2020-12-25T20:00:00.0,bus-3-bus-4-i_6,112.3180287435158
2020-12-25T21:00:00.0,bus-3-bus-4-i_6,110.42553675812118
2020-12-25T22:00:00.0,bus-3-bus-4-i_6,107.2819314822393
2020-12-25T23:00:00.0,bus-3-bus-4-i_6,103.37599975943239
2020-12-26T00:00:00.0,bus-3-bus-4-i_6,99.40986283725448
2020-12-26T01:00:00.0,bus-3-bus-4-i_6,97.09159194259729
2020-12-26T02:00:00.0,bus-3-bus-4-i_6,95.96307957134131
2020-12-26T03:00:00.0,bus-3-bus-4-i_6,95.68859775516555
2020-12-26T04:00:00.0,bus-3-bus-4-i_6,96.4510757172414
2020-12-26T05:00:00.0,bus-3-bus-4-i_6,97.88464487802841
2020-12-26T06:00:00.0,bus-3-bus-4-i_6,98.12866852411591
2020-12-26T07:00:00.0,bus-3-bus-4-i_6,96.35957528962174
2020-12-26T08:00:00.0,bus-3-bus-4-i_6,96.7865810977045
2020-12-26T09:00:00.0,bus-3-bus-4-i_6,96.90858485007526
2020-12-26T10:00:00.0,bus-3-bus-4-i_6,96.14608697859765
2020-12-26T11:00:00.0,bus-3-bus-4-i_6,94.86513927720867
2020-12-26T12:00:00.0,bus-3-bus-4-i_6,93.49281582346794
2020-12-26T13:00:00.0,bus-3-bus-4-i_6,92.57800372396127
2020-12-26T14:00:00.0,bus-3-bus-4-i_6,91.66323587787221
2020-12-26T15:00:00.0,bus-3-bus-4-i_6,92.05962307087874
2020-12-26T16:00:00.0,bus-3-bus-4-i_6,97.21359762401629
2020-12-26T17:00:00.0,bus-3-bus-4-i_6,107.61763243732192
2020-12-26T18:00:00.0,bus-3-bus-4-i_6,109.47935161963062
2020-12-26T19:00:00.0,bus-3-bus-4-i_6,109.9677000114724
2020-12-26T20:00:00.0,bus-3-bus-4-i_6,109.23518296566641
2020-12-26T21:00:00.0,bus-3-bus-4-i_6,108.41110206368974
2020-12-26T22:00:00.0,bus-3-bus-4-i_6,106.27485917534578
2020-12-26T23:00:00.0,bus-3-bus-4-i_6,102.82677158561158
2020-12-27T00:00:00.0,bus-3-bus-4-i_6,99.2573369487249
2020-12-27T01:00:00.0,bus-3-bus-4-i_6,97.18309609826744
2020-12-27T02:00:00.0,bus-3-bus-4-i_6,96.5425879832039
2020-12-27T03:00:00.0,bus-3-bus-4-i_6,96.42057556799782
2020-12-27T04:00:00.0,bus-3-bus-4-i_6,97.30510255119215
2020-12-27T05:00:00.0,bus-3-bus-4-i_6,98.98279265829923
2020-12-27T06:00:00.0,bus-3-bus-4-i_6,99.0743069404218
2020-12-27T07:00:00.0,bus-3-bus-4-i_6,97.06109048152243
2020-12-27T08:00:00.0,bus-3-bus-4-i_6,96.93908605089423
2020-12-27T09:00:00.0,bus-3-bus-4-i_6,96.42057556799782
2020-12-27T10:00:00.0,bus-3-bus-4-i_6,95.35311313654387
2020-12-27T11:00:00.0,bus-3-bus-4-i_6,94.16371543195628
2020-12-27T12:00:00.0,bus-3-bus-4-i_6,92.91343156515215
2020-12-27T13:00:00.0,bus-3-bus-4-i_6,92.18159190073843
2020-12-27T14:00:00.0,bus-3-bus-4-i_6,91.84617965290613
2020-12-27T15:00:00.0,bus-3-bus-4-i_6,91.96815298359921
2020-12-27T16:00:00.0,bus-3-bus-4-i_6,96.57307691898708
2020-12-27T17:00:00.0,bus-3-bus-4-i_6,106.3053757709566
2020-12-27T18:00:00.0,bus-3-bus-4-i_6,106.18328354084919
2020-12-27T19:00:00.0,bus-3-bus-4-i_6,104.93215205182504
2020-12-27T20:00:00.0,bus-3-bus-4-i_6,103.95573660018384
2020-12-27T21:00:00.0,bus-3-bus-4-i_6,103.16239650198709
2020-12-27T22:00:00.0,bus-3-bus-4-i_6,102.27758054395453
2020-12-27T23:00:00.0,bus-3-bus-4-i_6,99.62338684497692
2020-12-28T00:00:00.0,bus-3-bus-4-i_6,96.8780838291463
2020-12-28T01:00:00.0,bus-3-bus-4-i_6,95.44460853053833
2020-12-28T02:00:00.0,bus-3-bus-4-i_6,94.40768545899476
2020-12-28T03:00:00.0,bus-3-bus-4-i_6,94.16371543195628
2020-12-28T04:00:00.0,bus-3-bus-4-i_6,94.59067392395912
2020-12-28T05:00:00.0,bus-3-bus-4-i_6,96.02408862652203
2020-12-28T06:00:00.0,bus-3-bus-4-i_6,94.7431589967377
2020-12-28T07:00:00.0,bus-3-bus-4-i_6,92.97441887320004
2020-12-28T08:00:00.0,bus-3-bus-4-i_6,92.1511045834254
2020-12-28T09:00:00.0,bus-3-bus-4-i_6,91.66323587787221
2020-12-28T10:00:00.0,bus-3-bus-4-i_6,91.29733851826555
2020-12-28T11:00:00.0,bus-3-bus-4-i_6,90.62655826692398
2020-12-28T12:00:00.0,bus-3-bus-4-i_6,90.04727105754135
2020-12-28T13:00:00.0,bus-3-bus-4-i_6,89.1326507939634
2020-12-28T14:00:00.0,bus-3-bus-4-i_6,88.64487731731752
2020-12-28T15:00:00.0,bus-3-bus-4-i_6,88.85827521305684
2020-12-28T16:00:00.0,bus-3-bus-4-i_6,93.27935357150552
2020-12-28T17:00:00.0,bus-3-bus-4-i_6,100.53858248495922
2020-12-28T18:00:00.0,bus-3-bus-4-i_6,101.39280648436595
2020-12-28T19:00:00.0,bus-3-bus-4-i_6,102.09452036803167
2020-12-28T20:00:00.0,bus-3-bus-4-i_6,101.5453507823322
2020-12-28T21:00:00.0,bus-3-bus-4-i_6,100.78265960584139
2020-12-28T22:00:00.0,bus-3-bus-4-i_6,99.0743069404218
2020-12-28T23:00:00.0,bus-3-bus-4-i_6,96.26807542285583
2020-12-29T00:00:00.0,bus-3-bus-4-i_6,94.10273117385135
2020-12-29T01:00:00.0,bus-3-bus-4-i_6,92.94392541692658
2020-12-29T02:00:00.0,bus-3-bus-4-i_6,92.21208437361135
2020-12-29T03:00:00.0,bus-3-bus-4-i_6,92.1511045834254
2020-12-29T04:00:00.0,bus-3-bus-4-i_6,93.37083708172663
2020-12-29T05:00:00.0,bus-3-bus-4-i_6,95.62760011791063
2020-12-29T06:00:00.0,bus-3-bus-4-i_6,96.26807542285583
2020-12-29T07:00:00.0,bus-3-bus-4-i_6,95.62760011791063
2020-12-29T08:00:00.0,bus-3-bus-4-i_6,96.96958693656612
2020-12-29T09:00:00.0,bus-3-bus-4-i_6,98.09817850360992
2020-12-29T10:00:00.0,bus-3-bus-4-i_6,98.00666928484507
2020-12-29T11:00:00.0,bus-3-bus-4-i_6,97.6711271870345
2020-12-29T12:00:00.0,bus-3-bus-4-i_6,97.48812585901594
2020-12-29T13:00:00.0,bus-3-bus-4-i_6,96.42057556799782
2020-12-29T14:00:00.0,bus-3-bus-4-i_6,95.56660270132522
2020-12-29T15:00:00.0,bus-3-bus-4-i_6,96.26807542285583
2020-12-29T16:00:00.0,bus-3-bus-4-i_6,103.4980476381214
2020-12-29T17:00:00.0,bus-3-bus-4-i_6,113.20328384578214
2020-12-29T18:00:00.0,bus-3-bus-4-i_6,113.8748786220412
2020-12-29T19:00:00.0,bus-3-bus-4-i_6,112.44013095992891
2020-12-29T20:00:00.0,bus-3-bus-4-i_6,110.30344615620038
2020-12-29T21:00:00.0,bus-3-bus-4-i_6,102.94883642995617
2020-12-29T22:00:00.0,bus-3-bus-4-i_6,103.58956396047965
2020-12-29T23:00:00.0,bus-3-bus-4-i_6,98.34219199766484
2020-12-30T00:00:00.0,bus-3-bus-4-i_6,95.0786220170953
2020-12-30T01:00:00.0,bus-3-bus-4-i_6,93.49281582346794
2020-12-30T02:00:00.0,bus-3-bus-4-i_6,93.37083708172663
2020-12-30T03:00:00.0,bus-3-bus-4-i_6,92.94392541692658
2020-12-30T04:00:00.0,bus-3-bus-4-i_6,93.98074008567725
2020-12-30T05:00:00.0,bus-3-bus-4-i_6,96.11558730841112
2020-12-30T06:00:00.0,bus-3-bus-4-i_6,96.75608037222496
2020-12-30T07:00:00.0,bus-3-bus-4-i_6,96.02408862652203
2020-12-30T08:00:00.0,bus-3-bus-4-i_6,96.60357725645639
2020-12-30T09:00:00.0,bus-3-bus-4-i_6,96.63407776421667
2020-12-30T10:00:00.0,bus-3-bus-4-i_6,96.69509031265083
2020-12-30T11:00:00.0,bus-3-bus-4-i_6,96.32908614859856
2020-12-30T12:00:00.0,bus-3-bus-4-i_6,95.62760011791063
2020-12-30T13:00:00.0,bus-3-bus-4-i_6,94.52967584792104
2020-12-30T14:00:00.0,bus-3-bus-4-i_6,94.22471553019354
2020-12-30T15:00:00.0,bus-3-bus-4-i_6,95.17011541942962
2020-12-30T16:00:00.0,bus-3-bus-4-i_6,101.6063686801391
2020-12-30T17:00:00.0,bus-3-bus-4-i_6,110.42553675812118
2020-12-30T18:00:00.0,bus-3-bus-4-i_6,111.73805401956498
2020-12-30T19:00:00.0,bus-3-bus-4-i_6,110.97495254240066
2020-12-30T20:00:00.0,bus-3-bus-4-i_6,108.41110206368974
2020-12-30T21:00:00.0,bus-3-bus-4-i_6,105.35935883513758
2020-12-30T22:00:00.0,bus-3-bus-4-i_6,101.24026349796208
2020-12-30T23:00:00.0,bus-3-bus-4-i_6,96.8780838291463
