DateTime,name,value
2020-01-01T00:00:00.0,bus-3-bus-4-i_6,-167.31972099125443
2020-01-01T01:00:00.0,bus-3-bus-4-i_6,-68.47874285523972
2020-01-01T02:00:00.0,bus-3-bus-4-i_6,-68.46408418186718
2020-01-01T03:00:00.0,bus-3-bus-4-i_6,-68.45732556058385
2020-01-01T04:00:00.0,bus-3-bus-4-i_6,-68.56196134997403
2020-01-01T05:00:00.0,bus-3-bus-4-i_6,-68.86073908599073
2020-01-01T06:00:00.0,bus-3-bus-4-i_6,-69.29441439000078
2020-01-01T07:00:00.0,bus-3-bus-4-i_6,-69.22197587188332
2020-01-01T08:00:00.0,bus-3-bus-4-i_6,-69.12747277134213
2020-01-01T09:00:00.0,bus-3-bus-4-i_6,-69.15662162437579
2020-01-01T10:00:00.0,bus-3-bus-4-i_6,-68.99948720307822
2020-01-01T11:00:00.0,bus-3-bus-4-i_6,-68.95859515834167
2020-01-01T12:00:00.0,bus-3-bus-4-i_6,-68.96481532417305
2020-01-01T13:00:00.0,bus-3-bus-4-i_6,-68.8936273813449
2020-01-01T14:00:00.0,bus-3-bus-4-i_6,-68.8680221886675
2020-01-01T15:00:00.0,bus-3-bus-4-i_6,-68.8936273813449
2020-01-01T16:00:00.0,bus-3-bus-4-i_6,-69.06942724518227
2020-01-01T17:00:00.0,bus-3-bus-4-i_6,-70.38995755994858
2020-01-01T18:00:00.0,bus-3-bus-4-i_6,-70.51972133720588
2020-01-01T19:00:00.0,bus-3-bus-4-i_6,-70.37501921631053
2020-01-01T20:00:00.0,bus-3-bus-4-i_6,-70.14187207416656
2020-01-01T21:00:00.0,bus-3-bus-4-i_6,-69.67247819310884
2020-01-01T22:00:00.0,bus-3-bus-4-i_6,-69.16426616703282
2020-01-01T23:00:00.0,bus-3-bus-4-i_6,-68.76689051723011
2020-01-02T00:00:00.0,bus-3-bus-4-i_6,-68.55277736338795
2020-01-02T01:00:00.0,bus-3-bus-4-i_6,-68.4776288301941
2020-01-02T02:00:00.0,bus-3-bus-4-i_6,-68.43934720353012
2020-01-02T03:00:00.0,bus-3-bus-4-i_6,-68.45057606612032
2020-01-02T04:00:00.0,bus-3-bus-4-i_6,-68.55277736338795
2020-01-02T05:00:00.0,bus-3-bus-4-i_6,-68.85588897285109
2020-01-02T06:00:00.0,bus-3-bus-4-i_6,-69.31124426891249
2020-01-02T07:00:00.0,bus-3-bus-4-i_6,-69.19117410978824
2020-01-02T08:00:00.0,bus-3-bus-4-i_6,-69.12747277134213
2020-01-02T09:00:00.0,bus-3-bus-4-i_6,-69.06308820195326
2020-01-02T10:00:00.0,bus-3-bus-4-i_6,-69.02188121966518
2020-01-02T11:00:00.0,bus-3-bus-4-i_6,-68.9796503595321
2020-01-02T12:00:00.0,bus-3-bus-4-i_6,-68.90584031899441
2020-01-02T13:00:00.0,bus-3-bus-4-i_6,-68.90339570447411
2020-01-02T14:00:00.0,bus-3-bus-4-i_6,-68.84378076853883
2020-01-02T15:00:00.0,bus-3-bus-4-i_6,-68.81365801709988
2020-01-02T16:00:00.0,bus-3-bus-4-i_6,-69.19228638370221
2020-01-02T17:00:00.0,bus-3-bus-4-i_6,-70.241417882976
2020-01-02T18:00:00.0,bus-3-bus-4-i_6,-70.34513093851594
2020-01-02T19:00:00.0,bus-3-bus-4-i_6,-70.31240264707186
2020-01-02T20:00:00.0,bus-3-bus-4-i_6,-70.06075151442204
2020-01-02T21:00:00.0,bus-3-bus-4-i_6,-69.59332564245129
2020-01-02T22:00:00.0,bus-3-bus-4-i_6,-69.14135987958181
2020-01-02T23:00:00.0,bus-3-bus-4-i_6,-68.75381055893804
2020-01-03T00:00:00.0,bus-3-bus-4-i_6,-68.56425989294817
2020-01-03T01:00:00.0,bus-3-bus-4-i_6,-68.49801430731594
2020-01-03T02:00:00.0,bus-3-bus-4-i_6,-68.44718957394483
2020-01-03T03:00:00.0,bus-3-bus-4-i_6,-68.46859500880885
2020-01-03T04:00:00.0,bus-3-bus-4-i_6,-68.57689960318032
2020-01-03T05:00:00.0,bus-3-bus-4-i_6,-68.90828594964637
2020-01-03T06:00:00.0,bus-3-bus-4-i_6,-69.39135583058889
2020-01-03T07:00:00.0,bus-3-bus-4-i_6,-69.23090048124499
2020-01-03T08:00:00.0,bus-3-bus-4-i_6,-69.18725444943937
2020-01-03T09:00:00.0,bus-3-bus-4-i_6,-69.12747277134213
2020-01-03T10:00:00.0,bus-3-bus-4-i_6,-69.06308820195326
2020-01-03T11:00:00.0,bus-3-bus-4-i_6,-68.98460348273213
2020-01-03T12:00:00.0,bus-3-bus-4-i_6,-68.93397931690046
2020-01-03T13:00:00.0,bus-3-bus-4-i_6,-68.85346523107918
2020-01-03T14:00:00.0,bus-3-bus-4-i_6,-68.82811575394545
2020-01-03T15:00:00.0,bus-3-bus-4-i_6,-68.78601595341874
2020-01-03T16:00:00.0,bus-3-bus-4-i_6,-68.49121002203479
2020-01-03T17:00:00.0,bus-3-bus-4-i_6,-70.03197007828639
2020-01-03T18:00:00.0,bus-3-bus-4-i_6,-70.07229224369958
2020-01-03T19:00:00.0,bus-3-bus-4-i_6,-69.95075830797342
2020-01-03T20:00:00.0,bus-3-bus-4-i_6,-69.74413975135292
2020-01-03T21:00:00.0,bus-3-bus-4-i_6,-69.4789879610244
2020-01-03T22:00:00.0,bus-3-bus-4-i_6,-69.17072074461795
2020-01-03T23:00:00.0,bus-3-bus-4-i_6,-68.83169822193977
2020-01-04T00:00:00.0,bus-3-bus-4-i_6,-68.6174062283335
2020-01-04T01:00:00.0,bus-3-bus-4-i_6,-68.53217273182875
2020-01-04T02:00:00.0,bus-3-bus-4-i_6,-68.50028443365511
2020-01-04T03:00:00.0,bus-3-bus-4-i_6,-68.47874285523972
2020-01-04T04:00:00.0,bus-3-bus-4-i_6,-68.5401254475039
2020-01-04T05:00:00.0,bus-3-bus-4-i_6,-68.67108926737086
2020-01-04T06:00:00.0,bus-3-bus-4-i_6,-68.82329245423303
2020-01-04T07:00:00.0,bus-3-bus-4-i_6,-68.70638908808246
2020-01-04T08:00:00.0,bus-3-bus-4-i_6,-68.76450455254428
2020-01-04T09:00:00.0,bus-3-bus-4-i_6,-68.79203990428027
2020-01-04T10:00:00.0,bus-3-bus-4-i_6,-68.73004909533446
2020-01-04T11:00:00.0,bus-3-bus-4-i_6,-68.59885967199804
2020-01-04T12:00:00.0,bus-3-bus-4-i_6,-68.65937338941347
2020-01-04T13:00:00.0,bus-3-bus-4-i_6,-68.59654592048649
2020-01-04T14:00:00.0,bus-3-bus-4-i_6,-68.56538971506438
2020-01-04T15:00:00.0,bus-3-bus-4-i_6,-68.47874285523972
2020-01-04T16:00:00.0,bus-3-bus-4-i_6,-68.82811575394545
2020-01-04T17:00:00.0,bus-3-bus-4-i_6,-69.82933747706063
2020-01-04T18:00:00.0,bus-3-bus-4-i_6,-69.83893092071716
2020-01-04T19:00:00.0,bus-3-bus-4-i_6,-69.71648871510317
2020-01-04T20:00:00.0,bus-3-bus-4-i_6,-69.53654202724111
2020-01-04T21:00:00.0,bus-3-bus-4-i_6,-69.31646010540709
2020-01-04T22:00:00.0,bus-3-bus-4-i_6,-69.0543731627411
2020-01-04T23:00:00.0,bus-3-bus-4-i_6,-68.78485211952437
2020-01-05T00:00:00.0,bus-3-bus-4-i_6,-68.59999540703097
2020-01-05T01:00:00.0,bus-3-bus-4-i_6,-68.5071008963241
2020-01-05T02:00:00.0,bus-3-bus-4-i_6,-68.42701020559501
2020-01-05T03:00:00.0,bus-3-bus-4-i_6,-68.42366941302967
2020-01-05T04:00:00.0,bus-3-bus-4-i_6,-68.46068804641519
2020-01-05T05:00:00.0,bus-3-bus-4-i_6,-68.55390515559625
2020-01-05T06:00:00.0,bus-3-bus-4-i_6,-68.65350051466021
2020-01-05T07:00:00.0,bus-3-bus-4-i_6,-68.5401254475039
2020-01-05T08:00:00.0,bus-3-bus-4-i_6,-68.61390968108574
2020-01-05T09:00:00.0,bus-3-bus-4-i_6,-68.67693084377817
2020-01-05T10:00:00.0,bus-3-bus-4-i_6,-68.6769308438305
2020-01-05T11:00:00.0,bus-3-bus-4-i_6,-68.63949083935947
2020-01-05T12:00:00.0,bus-3-bus-4-i_6,-68.6127635043302
2020-01-05T13:00:00.0,bus-3-bus-4-i_6,-68.5745955573359
2020-01-05T14:00:00.0,bus-3-bus-4-i_6,-68.53217273182875
2020-01-05T15:00:00.0,bus-3-bus-4-i_6,-68.5298883993347
2020-01-05T16:00:00.0,bus-3-bus-4-i_6,-68.85588897285109
2020-01-05T17:00:00.0,bus-3-bus-4-i_6,-69.77628316257808
2020-01-05T18:00:00.0,bus-3-bus-4-i_6,-69.89405049307283
2020-01-05T19:00:00.0,bus-3-bus-4-i_6,-69.80416088782763
2020-01-05T20:00:00.0,bus-3-bus-4-i_6,-69.53384934834395
2020-01-05T21:00:00.0,bus-3-bus-4-i_6,-69.23605455843935
2020-01-05T22:00:00.0,bus-3-bus-4-i_6,-68.88261547752839
2020-01-05T23:00:00.0,bus-3-bus-4-i_6,-68.61972911961965
2020-01-06T00:00:00.0,bus-3-bus-4-i_6,-68.48100431043491
2020-01-06T01:00:00.0,bus-3-bus-4-i_6,-68.43262205369771
2020-01-06T02:00:00.0,bus-3-bus-4-i_6,-68.38467889395776
2020-01-06T03:00:00.0,bus-3-bus-4-i_6,-68.4135930656721
2020-01-06T04:00:00.0,bus-3-bus-4-i_6,-68.51848196336722
2020-01-06T05:00:00.0,bus-3-bus-4-i_6,-68.84987079799173
2020-01-06T06:00:00.0,bus-3-bus-4-i_6,-69.36501858695742
2020-01-06T07:00:00.0,bus-3-bus-4-i_6,-69.21032473433249
2020-01-06T08:00:00.0,bus-3-bus-4-i_6,-69.19749778455531
2020-01-06T09:00:00.0,bus-3-bus-4-i_6,-69.1376223939612
2020-01-06T10:00:00.0,bus-3-bus-4-i_6,-69.13881979872718
2020-01-06T11:00:00.0,bus-3-bus-4-i_6,-69.09075064248631
2020-01-06T12:00:00.0,bus-3-bus-4-i_6,-68.92416120185479
2020-01-06T13:00:00.0,bus-3-bus-4-i_6,-68.75857503551369
2020-01-06T14:00:00.0,bus-3-bus-4-i_6,-68.81125195480514
2020-01-06T15:00:00.0,bus-3-bus-4-i_6,-68.78122859728535
2020-01-06T16:00:00.0,bus-3-bus-4-i_6,-69.11733936353657
2020-01-06T17:00:00.0,bus-3-bus-4-i_6,-70.38097411833392
2020-01-06T18:00:00.0,bus-3-bus-4-i_6,-70.66985354008963
2020-01-06T19:00:00.0,bus-3-bus-4-i_6,-70.57982822843324
2020-01-06T20:00:00.0,bus-3-bus-4-i_6,-70.37501921631053
2020-01-06T21:00:00.0,bus-3-bus-4-i_6,-69.95075830797342
2020-01-06T22:00:00.0,bus-3-bus-4-i_6,-69.31385119454552
2020-01-06T23:00:00.0,bus-3-bus-4-i_6,-68.94509208496599
2020-01-07T00:00:00.0,bus-3-bus-4-i_6,-68.53674443640546
2020-01-07T01:00:00.0,bus-3-bus-4-i_6,-68.48779465474308
2020-01-07T02:00:00.0,bus-3-bus-4-i_6,-68.4776288301941
2020-01-07T03:00:00.0,bus-3-bus-4-i_6,-68.51165027663897
2020-01-07T04:00:00.0,bus-3-bus-4-i_6,-68.66171454476753
2020-01-07T05:00:00.0,bus-3-bus-4-i_6,-69.06942724518227
2020-01-07T06:00:00.0,bus-3-bus-4-i_6,-69.65756352855058
2020-01-07T07:00:00.0,bus-3-bus-4-i_6,-69.4668400879606
2020-01-07T08:00:00.0,bus-3-bus-4-i_6,-69.24121269301374
2020-01-07T09:00:00.0,bus-3-bus-4-i_6,-69.08200021069348
2020-01-07T10:00:00.0,bus-3-bus-4-i_6,-68.48779465474308
2020-01-07T11:00:00.0,bus-3-bus-4-i_6,-69.0255641629519
2020-01-07T12:00:00.0,bus-3-bus-4-i_6,-68.93152313303901
2020-01-07T13:00:00.0,bus-3-bus-4-i_6,-68.84260998649067
2020-01-07T14:00:00.0,bus-3-bus-4-i_6,-68.76211945452368
2020-01-07T15:00:00.0,bus-3-bus-4-i_6,-68.7705039551084
2020-01-07T16:00:00.0,bus-3-bus-4-i_6,-69.17582800592929
2020-01-07T17:00:00.0,bus-3-bus-4-i_6,-70.46215248567138
2020-01-07T18:00:00.0,bus-3-bus-4-i_6,-70.74349398748473
2020-01-07T19:00:00.0,bus-3-bus-4-i_6,-70.64433682489707
2020-01-07T20:00:00.0,bus-3-bus-4-i_6,-70.46822572792166
2020-01-07T21:00:00.0,bus-3-bus-4-i_6,-70.0061287363076
2020-01-07T22:00:00.0,bus-3-bus-4-i_6,-69.36501858695742
2020-01-07T23:00:00.0,bus-3-bus-4-i_6,-68.9796503595321
2020-01-08T00:00:00.0,bus-3-bus-4-i_6,-68.78006533569732
2020-01-08T01:00:00.0,bus-3-bus-4-i_6,-68.7240956026991
2020-01-08T02:00:00.0,bus-3-bus-4-i_6,-68.70638908808246
2020-01-08T03:00:00.0,bus-3-bus-4-i_6,-68.74667147608433
2020-01-08T04:00:00.0,bus-3-bus-4-i_6,-68.94509208496599
2020-01-08T05:00:00.0,bus-3-bus-4-i_6,-69.47219526134339
2020-01-08T06:00:00.0,bus-3-bus-4-i_6,-70.1914883971873
2020-01-08T07:00:00.0,bus-3-bus-4-i_6,-69.95075830797342
2020-01-08T08:00:00.0,bus-3-bus-4-i_6,-69.7125488998577
2020-01-08T09:00:00.0,bus-3-bus-4-i_6,-69.50307918900293
2020-01-08T10:00:00.0,bus-3-bus-4-i_6,-69.33616471588701
2020-01-08T11:00:00.0,bus-3-bus-4-i_6,-69.19493543335511
2020-01-08T12:00:00.0,bus-3-bus-4-i_6,-69.0380468607784
2020-01-08T13:00:00.0,bus-3-bus-4-i_6,-68.96846983583504
2020-01-08T14:00:00.0,bus-3-bus-4-i_6,-68.8680221886675
2020-01-08T15:00:00.0,bus-3-bus-4-i_6,-68.96846983583504
2020-01-08T16:00:00.0,bus-3-bus-4-i_6,-69.60842328231021
2020-01-08T17:00:00.0,bus-3-bus-4-i_6,-70.71957299948465
2020-01-08T18:00:00.0,bus-3-bus-4-i_6,-80.16226472892161
2020-01-08T19:00:00.0,bus-3-bus-4-i_6,-70.8122666476476
2020-01-08T20:00:00.0,bus-3-bus-4-i_6,-70.4924060592055
2020-01-08T21:00:00.0,bus-3-bus-4-i_6,-70.0061287363076
2020-01-08T22:00:00.0,bus-3-bus-4-i_6,-69.40312162994849
2020-01-08T23:00:00.0,bus-3-bus-4-i_6,-68.98460348273213
2020-01-09T00:00:00.0,bus-3-bus-4-i_6,-68.78485211952437
2020-01-09T01:00:00.0,bus-3-bus-4-i_6,-68.67693084377817
2020-01-09T02:00:00.0,bus-3-bus-4-i_6,-68.6640567014546
2020-01-09T03:00:00.0,bus-3-bus-4-i_6,-68.71584092818681
2020-01-09T04:00:00.0,bus-3-bus-4-i_6,-68.87288256299718
2020-01-09T05:00:00.0,bus-3-bus-4-i_6,-69.35976331666332
2020-01-09T06:00:00.0,bus-3-bus-4-i_6,-69.96900586298614
2020-01-09T07:00:00.0,bus-3-bus-4-i_6,-69.69994657546641
2020-01-09T08:00:00.0,bus-3-bus-4-i_6,-69.52456257056879
2020-01-09T09:00:00.0,bus-3-bus-4-i_6,-69.33998580320724
2020-01-09T10:00:00.0,bus-3-bus-4-i_6,-69.02307066748534
2020-01-09T11:00:00.0,bus-3-bus-4-i_6,-68.83652819624037
2020-01-09T12:00:00.0,bus-3-bus-4-i_6,-68.76211945452368
2020-01-09T13:00:00.0,bus-3-bus-4-i_6,-68.68518180684323
2020-01-09T14:00:00.0,bus-3-bus-4-i_6,-68.63949083935947
2020-01-09T15:00:00.0,bus-3-bus-4-i_6,-68.68868401387252
2020-01-09T16:00:00.0,bus-3-bus-4-i_6,-68.97717532029431
2020-01-09T17:00:00.0,bus-3-bus-4-i_6,-70.20907752101735
2020-01-09T18:00:00.0,bus-3-bus-4-i_6,-70.46215248567138
2020-01-09T19:00:00.0,bus-3-bus-4-i_6,-70.37400640720679
2020-01-09T20:00:00.0,bus-3-bus-4-i_6,-70.10701125719858
2020-01-09T21:00:00.0,bus-3-bus-4-i_6,-69.67247819310884
2020-01-09T22:00:00.0,bus-3-bus-4-i_6,-69.17702731427502
2020-01-09T23:00:00.0,bus-3-bus-4-i_6,-68.82329245423303
2020-01-10T00:00:00.0,bus-3-bus-4-i_6,-68.63368774117184
2020-01-10T01:00:00.0,bus-3-bus-4-i_6,-68.5481914555073
2020-01-10T02:00:00.0,bus-3-bus-4-i_6,-68.51848196336722
2020-01-10T03:00:00.0,bus-3-bus-4-i_6,-68.55277736338795
2020-01-10T04:00:00.0,bus-3-bus-4-i_6,-68.69810436541188
2020-01-10T05:00:00.0,bus-3-bus-4-i_6,-69.07193980723008
2020-01-10T06:00:00.0,bus-3-bus-4-i_6,-69.47486175687479
2020-01-10T07:00:00.0,bus-3-bus-4-i_6,-69.33878271000792
2020-01-10T08:00:00.0,bus-3-bus-4-i_6,-69.23347700581877
2020-01-10T09:00:00.0,bus-3-bus-4-i_6,-69.18213885731097
2020-01-10T10:00:00.0,bus-3-bus-4-i_6,-69.13881979872718
2020-01-10T11:00:00.0,bus-3-bus-4-i_6,-69.03305074350277
2020-01-10T12:00:00.0,bus-3-bus-4-i_6,-68.94135336508987
2020-01-10T13:00:00.0,bus-3-bus-4-i_6,-68.87288256299718
2020-01-10T14:00:00.0,bus-3-bus-4-i_6,-68.78964295467416
2020-01-10T15:00:00.0,bus-3-bus-4-i_6,-68.74667147608433
2020-01-10T16:00:00.0,bus-3-bus-4-i_6,-68.96846983583504
2020-01-10T17:00:00.0,bus-3-bus-4-i_6,-69.97756318272579
2020-01-10T18:00:00.0,bus-3-bus-4-i_6,-70.09542213124955
2020-01-10T19:00:00.0,bus-3-bus-4-i_6,-69.97756318272579
2020-01-10T20:00:00.0,bus-3-bus-4-i_6,-69.80532747132047
2020-01-10T21:00:00.0,bus-3-bus-4-i_6,-69.55150799771842
2020-01-10T22:00:00.0,bus-3-bus-4-i_6,-69.19117410978824
2020-01-10T23:00:00.0,bus-3-bus-4-i_6,-68.8401917392407
2020-01-11T00:00:00.0,bus-3-bus-4-i_6,-68.64534780704179
2020-01-11T01:00:00.0,bus-3-bus-4-i_6,-68.55390515559625
2020-01-11T02:00:00.0,bus-3-bus-4-i_6,-68.49347710446672
2020-01-11T03:00:00.0,bus-3-bus-4-i_6,-68.48441486564484
2020-01-11T04:00:00.0,bus-3-bus-4-i_6,-68.5071008963241
2020-01-11T05:00:00.0,bus-3-bus-4-i_6,-68.59999540703097
2020-01-11T06:00:00.0,bus-3-bus-4-i_6,-68.73716688943638
2020-01-11T07:00:00.0,bus-3-bus-4-i_6,-68.65937338941347
2020-01-11T08:00:00.0,bus-3-bus-4-i_6,-68.74667147608433
2020-01-11T09:00:00.0,bus-3-bus-4-i_6,-68.79203990428027
2020-01-11T10:00:00.0,bus-3-bus-4-i_6,-68.73716688943638
2020-01-11T11:00:00.0,bus-3-bus-4-i_6,-68.67927943899934
2020-01-11T12:00:00.0,bus-3-bus-4-i_6,-68.62319248666103
2020-01-11T13:00:00.0,bus-3-bus-4-i_6,-68.59423319767518
2020-01-11T14:00:00.0,bus-3-bus-4-i_6,-68.56538971506438
2020-01-11T15:00:00.0,bus-3-bus-4-i_6,-68.6174062283335
2020-01-11T16:00:00.0,bus-3-bus-4-i_6,-68.90828594964637
2020-01-11T17:00:00.0,bus-3-bus-4-i_6,-69.82093615534232
2020-01-11T18:00:00.0,bus-3-bus-4-i_6,-69.85740771750297
2020-01-11T19:00:00.0,bus-3-bus-4-i_6,-69.75405391954406
2020-01-11T20:00:00.0,bus-3-bus-4-i_6,-69.5704300904342
2020-01-11T21:00:00.0,bus-3-bus-4-i_6,-69.30082184296671
2020-01-11T22:00:00.0,bus-3-bus-4-i_6,-69.01559623935283
2020-01-11T23:00:00.0,bus-3-bus-4-i_6,-68.74069904816045
2020-01-12T00:00:00.0,bus-3-bus-4-i_6,-68.55966383873621
2020-01-12T01:00:00.0,bus-3-bus-4-i_6,-68.48100431043491
2020-01-12T02:00:00.0,bus-3-bus-4-i_6,-68.40914195260189
2020-01-12T03:00:00.0,bus-3-bus-4-i_6,-68.39246299322897
2020-01-12T04:00:00.0,bus-3-bus-4-i_6,-68.42366941302967
2020-01-12T05:00:00.0,bus-3-bus-4-i_6,-68.51848196336722
2020-01-12T06:00:00.0,bus-3-bus-4-i_6,-68.62670386189293
2020-01-12T07:00:00.0,bus-3-bus-4-i_6,-68.5298883993347
2020-01-12T08:00:00.0,bus-3-bus-4-i_6,-68.61390968108574
2020-01-12T09:00:00.0,bus-3-bus-4-i_6,-68.6969534891794
2020-01-12T10:00:00.0,bus-3-bus-4-i_6,-68.67693084377817
2020-01-12T11:00:00.0,bus-3-bus-4-i_6,-68.73716688943638
2020-01-12T12:00:00.0,bus-3-bus-4-i_6,-68.67223667920213
2020-01-12T13:00:00.0,bus-3-bus-4-i_6,-68.67457850117793
2020-01-12T14:00:00.0,bus-3-bus-4-i_6,-68.65350051466021
2020-01-12T15:00:00.0,bus-3-bus-4-i_6,-68.68518180684323
2020-01-12T16:00:00.0,bus-3-bus-4-i_6,-68.99700405484967
2020-01-12T17:00:00.0,bus-3-bus-4-i_6,-70.23847305656241
2020-01-12T18:00:00.0,bus-3-bus-4-i_6,-70.48937608723085
2020-01-12T19:00:00.0,bus-3-bus-4-i_6,-70.36004799109818
2020-01-12T20:00:00.0,bus-3-bus-4-i_6,-70.13314584323274
2020-01-12T21:00:00.0,bus-3-bus-4-i_6,-69.86137665403199
2020-01-12T22:00:00.0,bus-3-bus-4-i_6,-69.53384934834395
2020-01-12T23:00:00.0,bus-3-bus-4-i_6,-69.14898619899353
2020-01-13T00:00:00.0,bus-3-bus-4-i_6,-68.92416120185479
2020-01-13T01:00:00.0,bus-3-bus-4-i_6,-68.82088230879592
2020-01-13T02:00:00.0,bus-3-bus-4-i_6,-68.7705039551084
2020-01-13T03:00:00.0,bus-3-bus-4-i_6,-68.80760846605796
2020-01-13T04:00:00.0,bus-3-bus-4-i_6,-68.94509208496599
2020-01-13T05:00:00.0,bus-3-bus-4-i_6,-69.26706390501272
2020-01-13T06:00:00.0,bus-3-bus-4-i_6,-69.63841442135613
2020-01-13T07:00:00.0,bus-3-bus-4-i_6,-69.43636179854444
2020-01-13T08:00:00.0,bus-3-bus-4-i_6,-69.5069762258681
2020-01-13T09:00:00.0,bus-3-bus-4-i_6,-69.61505822942078
2020-01-13T10:00:00.0,bus-3-bus-4-i_6,-69.4855534817413
2020-01-13T11:00:00.0,bus-3-bus-4-i_6,-69.33616471588701
2020-01-13T12:00:00.0,bus-3-bus-4-i_6,-69.20519091683977
2020-01-13T13:00:00.0,bus-3-bus-4-i_6,-69.07696797092589
2020-01-13T14:00:00.0,bus-3-bus-4-i_6,-68.98212641824976
2020-01-13T15:00:00.0,bus-3-bus-4-i_6,-68.94509208496599
2020-01-13T16:00:00.0,bus-3-bus-4-i_6,-69.33878271000792
2020-01-13T17:00:00.0,bus-3-bus-4-i_6,-71.0154881196714
2020-01-13T18:00:00.0,bus-3-bus-4-i_6,-151.27105862277838
2020-01-13T19:00:00.0,bus-3-bus-4-i_6,-152.18224359045473
2020-01-13T20:00:00.0,bus-3-bus-4-i_6,-72.02399961604789
2020-01-13T21:00:00.0,bus-3-bus-4-i_6,-70.41098381575486
2020-01-13T22:00:00.0,bus-3-bus-4-i_6,-69.85459614372836
2020-01-13T23:00:00.0,bus-3-bus-4-i_6,-69.32951981924722
2020-01-14T00:00:00.0,bus-3-bus-4-i_6,-69.05807196671478
2020-01-14T01:00:00.0,bus-3-bus-4-i_6,-68.96846983583504
2020-01-14T02:00:00.0,bus-3-bus-4-i_6,-68.91435939543263
2020-01-14T03:00:00.0,bus-3-bus-4-i_6,-68.97717532029431
2020-01-14T04:00:00.0,bus-3-bus-4-i_6,-69.17072074461795
2020-01-14T05:00:00.0,bus-3-bus-4-i_6,-69.75960515169278
2020-01-14T06:00:00.0,bus-3-bus-4-i_6,-70.46215248567138
2020-01-14T07:00:00.0,bus-3-bus-4-i_6,-70.17103989264449
2020-01-14T08:00:00.0,bus-3-bus-4-i_6,-69.864189718979
2020-01-14T09:00:00.0,bus-3-bus-4-i_6,-69.61931496180699
2020-01-14T10:00:00.0,bus-3-bus-4-i_6,-69.41370091817225
2020-01-14T11:00:00.0,bus-3-bus-4-i_6,-69.2091240646865
2020-01-14T12:00:00.0,bus-3-bus-4-i_6,-69.0543731627411
2020-01-14T13:00:00.0,bus-3-bus-4-i_6,-68.9168083304323
2020-01-14T14:00:00.0,bus-3-bus-4-i_6,-68.84987079799173
2020-01-14T15:00:00.0,bus-3-bus-4-i_6,-68.84260998649067
2020-01-14T16:00:00.0,bus-3-bus-4-i_6,-69.25154100005733
2020-01-14T17:00:00.0,bus-3-bus-4-i_6,-70.57982822843324
2020-01-14T18:00:00.0,bus-3-bus-4-i_6,-73.61228206067443
2020-01-14T19:00:00.0,bus-3-bus-4-i_6,-70.76969596654612
2020-01-14T20:00:00.0,bus-3-bus-4-i_6,-70.47427246698419
2020-01-14T21:00:00.0,bus-3-bus-4-i_6,-69.96214850196166
2020-01-14T22:00:00.0,bus-3-bus-4-i_6,-69.40312162994849
2020-01-14T23:00:00.0,bus-3-bus-4-i_6,-68.90828594964637
2020-01-15T00:00:00.0,bus-3-bus-4-i_6,-68.72646447698676
2020-01-15T01:00:00.0,bus-3-bus-4-i_6,-68.65001894812744
2020-01-15T02:00:00.0,bus-3-bus-4-i_6,-68.60812483705931
2020-01-15T03:00:00.0,bus-3-bus-4-i_6,-68.63601771998434
2020-01-15T04:00:00.0,bus-3-bus-4-i_6,-68.80760846605796
2020-01-15T05:00:00.0,bus-3-bus-4-i_6,-69.25154100005733
2020-01-15T06:00:00.0,bus-3-bus-4-i_6,-69.88392911451331
2020-01-15T07:00:00.0,bus-3-bus-4-i_6,-69.6302228644693
2020-01-15T08:00:00.0,bus-3-bus-4-i_6,-69.40720684682205
2020-01-15T09:00:00.0,bus-3-bus-4-i_6,-69.23347700581877
2020-01-15T10:00:00.0,bus-3-bus-4-i_6,-69.17958257968442
2020-01-15T11:00:00.0,bus-3-bus-4-i_6,-69.0857119951608
2020-01-15T12:00:00.0,bus-3-bus-4-i_6,-69.03305074350277
2020-01-15T13:00:00.0,bus-3-bus-4-i_6,-68.97717532029431
2020-01-15T14:00:00.0,bus-3-bus-4-i_6,-68.8850512432139
2020-01-15T15:00:00.0,bus-3-bus-4-i_6,-68.84378076853883
2020-01-15T16:00:00.0,bus-3-bus-4-i_6,-69.20519091683977
2020-01-15T17:00:00.0,bus-3-bus-4-i_6,-70.38995755994858
2020-01-15T18:00:00.0,bus-3-bus-4-i_6,-70.5991014506602
2020-01-15T19:00:00.0,bus-3-bus-4-i_6,-70.42803309831707
2020-01-15T20:00:00.0,bus-3-bus-4-i_6,-70.09430057514216
2020-01-15T21:00:00.0,bus-3-bus-4-i_6,-69.61505822942078
2020-01-15T22:00:00.0,bus-3-bus-4-i_6,-69.06308820195326
2020-01-15T23:00:00.0,bus-3-bus-4-i_6,-68.67693084377817
2020-01-16T00:00:00.0,bus-3-bus-4-i_6,-68.48553019275928
2020-01-16T01:00:00.0,bus-3-bus-4-i_6,-68.42366941302967
2020-01-16T02:00:00.0,bus-3-bus-4-i_6,-68.42143378146068
2020-01-16T03:00:00.0,bus-3-bus-4-i_6,-68.45282488143184
2020-01-16T04:00:00.0,bus-3-bus-4-i_6,-68.53674443640546
2020-01-16T05:00:00.0,bus-3-bus-4-i_6,-68.8401917392407
2020-01-16T06:00:00.0,bus-3-bus-4-i_6,-69.35309104545757
2020-01-16T07:00:00.0,bus-3-bus-4-i_6,-69.32570279557557
2020-01-16T08:00:00.0,bus-3-bus-4-i_6,-69.30482763127732
2020-01-16T09:00:00.0,bus-3-bus-4-i_6,-69.22454927208634
2020-01-16T10:00:00.0,bus-3-bus-4-i_6,-69.04554862898698
2020-01-16T11:00:00.0,bus-3-bus-4-i_6,-68.98956067112877
2020-01-16T12:00:00.0,bus-3-bus-4-i_6,-68.92661418730049
2020-01-16T13:00:00.0,bus-3-bus-4-i_6,-68.85588897285109
2020-01-16T14:00:00.0,bus-3-bus-4-i_6,-68.81847320154229
2020-01-16T15:00:00.0,bus-3-bus-4-i_6,-68.8148252042744
2020-01-16T16:00:00.0,bus-3-bus-4-i_6,-69.11227874196673
2020-01-16T17:00:00.0,bus-3-bus-4-i_6,-70.36605063070498
2020-01-16T18:00:00.0,bus-3-bus-4-i_6,-70.71957299948465
2020-01-16T19:00:00.0,bus-3-bus-4-i_6,-70.73104265807389
2020-01-16T20:00:00.0,bus-3-bus-4-i_6,-70.4551694324345
2020-01-16T21:00:00.0,bus-3-bus-4-i_6,-69.96900586298614
2020-01-16T22:00:00.0,bus-3-bus-4-i_6,-69.37148087499088
2020-01-16T23:00:00.0,bus-3-bus-4-i_6,-68.93397931690046
2020-01-17T00:00:00.0,bus-3-bus-4-i_6,-68.7944378593887
2020-01-17T01:00:00.0,bus-3-bus-4-i_6,-68.71347645112282
2020-01-17T02:00:00.0,bus-3-bus-4-i_6,-68.69810436541188
2020-01-17T03:00:00.0,bus-3-bus-4-i_6,-68.76211945452368
2020-01-17T04:00:00.0,bus-3-bus-4-i_6,-68.94017141456007
2020-01-17T05:00:00.0,bus-3-bus-4-i_6,-69.42839827264456
2020-01-17T06:00:00.0,bus-3-bus-4-i_6,-70.09430057514216
2020-01-17T07:00:00.0,bus-3-bus-4-i_6,-69.88675336974728
2020-01-17T08:00:00.0,bus-3-bus-4-i_6,-69.6971916699179
2020-01-17T09:00:00.0,bus-3-bus-4-i_6,-69.52456257056879
2020-01-17T10:00:00.0,bus-3-bus-4-i_6,-69.33878271000792
2020-01-17T11:00:00.0,bus-3-bus-4-i_6,-69.1337426727734
2020-01-17T12:00:00.0,bus-3-bus-4-i_6,-69.00942996542796
2020-01-17T13:00:00.0,bus-3-bus-4-i_6,-68.9500168173019
2020-01-17T14:00:00.0,bus-3-bus-4-i_6,-68.81847320154229
2020-01-17T15:00:00.0,bus-3-bus-4-i_6,-68.7705039551084
2020-01-17T16:00:00.0,bus-3-bus-4-i_6,-69.03305074350277
2020-01-17T17:00:00.0,bus-3-bus-4-i_6,-70.19441738713743
2020-01-17T18:00:00.0,bus-3-bus-4-i_6,-70.5410239251477
2020-01-17T19:00:00.0,bus-3-bus-4-i_6,-70.52884485636204
2020-01-17T20:00:00.0,bus-3-bus-4-i_6,-70.38995755994858
2020-01-17T21:00:00.0,bus-3-bus-4-i_6,-70.13314584323274
2020-01-17T22:00:00.0,bus-3-bus-4-i_6,-69.66973452421638
2020-01-17T23:00:00.0,bus-3-bus-4-i_6,-69.28262321626653
2020-01-18T00:00:00.0,bus-3-bus-4-i_6,-69.09075064248631
2020-01-18T01:00:00.0,bus-3-bus-4-i_6,-68.97717532029431
2020-01-18T02:00:00.0,bus-3-bus-4-i_6,-68.92170923209235
2020-01-18T03:00:00.0,bus-3-bus-4-i_6,-68.95248069984028
2020-01-18T04:00:00.0,bus-3-bus-4-i_6,-69.05807196671478
2020-01-18T05:00:00.0,bus-3-bus-4-i_6,-69.29701617769265
2020-01-18T06:00:00.0,bus-3-bus-4-i_6,-69.5542081222467
2020-01-18T07:00:00.0,bus-3-bus-4-i_6,-69.40720684682205
2020-01-18T08:00:00.0,bus-3-bus-4-i_6,-69.38608028282341
2020-01-18T09:00:00.0,bus-3-bus-4-i_6,-69.36501858695742
2020-01-18T10:00:00.0,bus-3-bus-4-i_6,-69.19228638370221
2020-01-18T11:00:00.0,bus-3-bus-4-i_6,-68.93152313303901
2020-01-18T12:00:00.0,bus-3-bus-4-i_6,-68.80280345233837
2020-01-18T13:00:00.0,bus-3-bus-4-i_6,-68.67927943899934
2020-01-18T14:00:00.0,bus-3-bus-4-i_6,-68.61972911961965
2020-01-18T15:00:00.0,bus-3-bus-4-i_6,-68.59999540703097
2020-01-18T16:00:00.0,bus-3-bus-4-i_6,-68.87774699615781
2020-01-18T17:00:00.0,bus-3-bus-4-i_6,-70.00214179593551
2020-01-18T18:00:00.0,bus-3-bus-4-i_6,-70.28278383622803
2020-01-18T19:00:00.0,bus-3-bus-4-i_6,-70.22378946300654
2020-01-18T20:00:00.0,bus-3-bus-4-i_6,-70.10121462944265
2020-01-18T21:00:00.0,bus-3-bus-4-i_6,-69.89405049307283
2020-01-18T22:00:00.0,bus-3-bus-4-i_6,-69.61505822942078
2020-01-18T23:00:00.0,bus-3-bus-4-i_6,-69.24637480269232
2020-01-19T00:00:00.0,bus-3-bus-4-i_6,-69.04554862898698
2020-01-19T01:00:00.0,bus-3-bus-4-i_6,-68.89968708130914
2020-01-19T02:00:00.0,bus-3-bus-4-i_6,-68.84620049111084
2020-01-19T03:00:00.0,bus-3-bus-4-i_6,-68.80760846605796
2020-01-19T04:00:00.0,bus-3-bus-4-i_6,-68.83652819624037
2020-01-19T05:00:00.0,bus-3-bus-4-i_6,-68.87774699615781
2020-01-19T06:00:00.0,bus-3-bus-4-i_6,-68.99948720307822
2020-01-19T07:00:00.0,bus-3-bus-4-i_6,-68.92906828343754
2020-01-19T08:00:00.0,bus-3-bus-4-i_6,-69.05807196671478
2020-01-19T09:00:00.0,bus-3-bus-4-i_6,-69.07816945118341
2020-01-19T10:00:00.0,bus-3-bus-4-i_6,-68.96728529533915
2020-01-19T11:00:00.0,bus-3-bus-4-i_6,-68.88874932242761
2020-01-19T12:00:00.0,bus-3-bus-4-i_6,-68.77405507284848
2020-01-19T13:00:00.0,bus-3-bus-4-i_6,-68.67693084377817
2020-01-19T14:00:00.0,bus-3-bus-4-i_6,-68.58612576100853
2020-01-19T15:00:00.0,bus-3-bus-4-i_6,-68.61972911961965
2020-01-19T16:00:00.0,bus-3-bus-4-i_6,-68.86559351630952
2020-01-19T17:00:00.0,bus-3-bus-4-i_6,-69.97470970116247
2020-01-19T18:00:00.0,bus-3-bus-4-i_6,-70.28574319648484
2020-01-19T19:00:00.0,bus-3-bus-4-i_6,-70.26796932909131
2020-01-19T20:00:00.0,bus-3-bus-4-i_6,-70.06075151442204
2020-01-19T21:00:00.0,bus-3-bus-4-i_6,-69.680691962274
2020-01-19T22:00:00.0,bus-3-bus-4-i_6,-69.28781778081748
2020-01-19T23:00:00.0,bus-3-bus-4-i_6,-68.93152313303901
2020-01-20T00:00:00.0,bus-3-bus-4-i_6,-68.72294045086733
2020-01-20T01:00:00.0,bus-3-bus-4-i_6,-68.64301377826737
2020-01-20T02:00:00.0,bus-3-bus-4-i_6,-68.63368774117184
2020-01-20T03:00:00.0,bus-3-bus-4-i_6,-68.69459711662115
2020-01-20T04:00:00.0,bus-3-bus-4-i_6,-68.87657189454812
2020-01-20T05:00:00.0,bus-3-bus-4-i_6,-69.34926489979483
2020-01-20T06:00:00.0,bus-3-bus-4-i_6,-69.96784967954589
2020-01-20T07:00:00.0,bus-3-bus-4-i_6,-69.78742209078497
2020-01-20T08:00:00.0,bus-3-bus-4-i_6,-69.6302228644693
2020-01-20T09:00:00.0,bus-3-bus-4-i_6,-69.50307918900293
2020-01-20T10:00:00.0,bus-3-bus-4-i_6,-69.32570279557557
2020-01-20T11:00:00.0,bus-3-bus-4-i_6,-69.13881979872718
2020-01-20T12:00:00.0,bus-3-bus-4-i_6,-69.0555651687295
2020-01-20T13:00:00.0,bus-3-bus-4-i_6,-68.94135336508987
2020-01-20T14:00:00.0,bus-3-bus-4-i_6,-68.86559351630952
2020-01-20T15:00:00.0,bus-3-bus-4-i_6,-68.8148252042744
2020-01-20T16:00:00.0,bus-3-bus-4-i_6,-69.07696797092589
2020-01-20T17:00:00.0,bus-3-bus-4-i_6,-70.33026777557288
2020-01-20T18:00:00.0,bus-3-bus-4-i_6,-70.69780855912447
2020-01-20T19:00:00.0,bus-3-bus-4-i_6,-70.63597977262006
2020-01-20T20:00:00.0,bus-3-bus-4-i_6,-70.38995755994858
2020-01-20T21:00:00.0,bus-3-bus-4-i_6,-69.84897600991114
2020-01-20T22:00:00.0,bus-3-bus-4-i_6,-69.32047791660789
2020-01-20T23:00:00.0,bus-3-bus-4-i_6,-68.87288256299718
2020-01-21T00:00:00.0,bus-3-bus-4-i_6,-68.66874407621795
2020-01-21T01:00:00.0,bus-3-bus-4-i_6,-68.59423319767518
2020-01-21T02:00:00.0,bus-3-bus-4-i_6,-68.59999540703097
2020-01-21T03:00:00.0,bus-3-bus-4-i_6,-68.66874407621795
2020-01-21T04:00:00.0,bus-3-bus-4-i_6,-68.86073908599073
2020-01-21T05:00:00.0,bus-3-bus-4-i_6,-69.30743348775579
2020-01-21T06:00:00.0,bus-3-bus-4-i_6,-69.9037015319397
2020-01-21T07:00:00.0,bus-3-bus-4-i_6,-69.64935069085251
2020-01-21T08:00:00.0,bus-3-bus-4-i_6,-69.54461035751692
2020-01-21T09:00:00.0,bus-3-bus-4-i_6,-69.44965460651369
2020-01-21T10:00:00.0,bus-3-bus-4-i_6,-69.20399043602039
2020-01-21T11:00:00.0,bus-3-bus-4-i_6,-69.09075064248631
2020-01-21T12:00:00.0,bus-3-bus-4-i_6,-68.97470129024138
2020-01-21T13:00:00.0,bus-3-bus-4-i_6,-68.8936273813449
2020-01-21T14:00:00.0,bus-3-bus-4-i_6,-68.88261547752839
2020-01-21T15:00:00.0,bus-3-bus-4-i_6,-68.86073908599073
2020-01-21T16:00:00.0,bus-3-bus-4-i_6,-69.04054643771138
2020-01-21T17:00:00.0,bus-3-bus-4-i_6,-70.21791533402322
2020-01-21T18:00:00.0,bus-3-bus-4-i_6,-70.62674502843001
2020-01-21T19:00:00.0,bus-3-bus-4-i_6,-70.5410239251477
2020-01-21T20:00:00.0,bus-3-bus-4-i_6,-70.30648667287869
2020-01-21T21:00:00.0,bus-3-bus-4-i_6,-69.86981889851182
2020-01-21T22:00:00.0,bus-3-bus-4-i_6,-69.29701617769265
2020-01-21T23:00:00.0,bus-3-bus-4-i_6,-68.91073258823785
2020-01-22T00:00:00.0,bus-3-bus-4-i_6,-68.6969534891794
2020-01-22T01:00:00.0,bus-3-bus-4-i_6,-68.59654592048649
2020-01-22T02:00:00.0,bus-3-bus-4-i_6,-68.56886000709262
2020-01-22T03:00:00.0,bus-3-bus-4-i_6,-68.59999540703097
2020-01-22T04:00:00.0,bus-3-bus-4-i_6,-68.75973536931994
2020-01-22T05:00:00.0,bus-3-bus-4-i_6,-69.18725444943937
2020-01-22T06:00:00.0,bus-3-bus-4-i_6,-69.77745428647049
2020-01-22T07:00:00.0,bus-3-bus-4-i_6,-69.56082680060689
2020-01-22T08:00:00.0,bus-3-bus-4-i_6,-69.3834440107289
2020-01-22T09:00:00.0,bus-3-bus-4-i_6,-69.26706390501272
2020-01-22T10:00:00.0,bus-3-bus-4-i_6,-69.07193980723008
2020-01-22T11:00:00.0,bus-3-bus-4-i_6,-68.96234637715135
2020-01-22T12:00:00.0,bus-3-bus-4-i_6,-68.88018073173888
2020-01-22T13:00:00.0,bus-3-bus-4-i_6,-68.81365801709988
2020-01-22T14:00:00.0,bus-3-bus-4-i_6,-68.74783207523265
2020-01-22T15:00:00.0,bus-3-bus-4-i_6,-68.73716688943638
2020-01-22T16:00:00.0,bus-3-bus-4-i_6,-68.99948720307822
2020-01-22T17:00:00.0,bus-3-bus-4-i_6,-69.95360433365147
2020-01-22T18:00:00.0,bus-3-bus-4-i_6,-70.2561587197649
2020-01-22T19:00:00.0,bus-3-bus-4-i_6,-70.16227992311241
2020-01-22T20:00:00.0,bus-3-bus-4-i_6,-69.95360433365147
2020-01-22T21:00:00.0,bus-3-bus-4-i_6,-69.5704300904342
2020-01-22T22:00:00.0,bus-3-bus-4-i_6,-69.03554829779486
2020-01-22T23:00:00.0,bus-3-bus-4-i_6,-68.72646447698676
2020-01-23T00:00:00.0,bus-3-bus-4-i_6,-68.5734641780746
2020-01-23T01:00:00.0,bus-3-bus-4-i_6,-68.52760508448364
2020-01-23T02:00:00.0,bus-3-bus-4-i_6,-68.50822037986921
2020-01-23T03:00:00.0,bus-3-bus-4-i_6,-68.53445807859056
2020-01-23T04:00:00.0,bus-3-bus-4-i_6,-68.68518180684323
2020-01-23T05:00:00.0,bus-3-bus-4-i_6,-69.07193980723008
2020-01-23T06:00:00.0,bus-3-bus-4-i_6,-69.65482491165193
2020-01-23T07:00:00.0,bus-3-bus-4-i_6,-69.39399513482228
2020-01-23T08:00:00.0,bus-3-bus-4-i_6,-69.35976331666332
2020-01-23T09:00:00.0,bus-3-bus-4-i_6,-69.26706390501272
2020-01-23T10:00:00.0,bus-3-bus-4-i_6,-69.08200021069348
2020-01-23T11:00:00.0,bus-3-bus-4-i_6,-68.99452190509649
2020-01-23T12:00:00.0,bus-3-bus-4-i_6,-68.90339570447411
2020-01-23T13:00:00.0,bus-3-bus-4-i_6,-68.8148252042744
2020-01-23T14:00:00.0,bus-3-bus-4-i_6,-68.74667147608433
2020-01-23T15:00:00.0,bus-3-bus-4-i_6,-68.73357720010623
2020-01-23T16:00:00.0,bus-3-bus-4-i_6,-68.91435939543263
2020-01-23T17:00:00.0,bus-3-bus-4-i_6,-70.01474955855392
2020-01-23T18:00:00.0,bus-3-bus-4-i_6,-70.36605063070498
2020-01-23T19:00:00.0,bus-3-bus-4-i_6,-70.30648667287869
2020-01-23T20:00:00.0,bus-3-bus-4-i_6,-70.11861657481538
2020-01-23T21:00:00.0,bus-3-bus-4-i_6,-69.65482491165193
2020-01-23T22:00:00.0,bus-3-bus-4-i_6,-69.19228638370221
2020-01-23T23:00:00.0,bus-3-bus-4-i_6,-68.77166577749767
2020-01-24T00:00:00.0,bus-3-bus-4-i_6,-68.56196134997403
2020-01-24T01:00:00.0,bus-3-bus-4-i_6,-68.4776288301941
2020-01-24T02:00:00.0,bus-3-bus-4-i_6,-68.41696557926879
2020-01-24T03:00:00.0,bus-3-bus-4-i_6,-68.43038236563069
2020-01-24T04:00:00.0,bus-3-bus-4-i_6,-68.5071008963241
2020-01-24T05:00:00.0,bus-3-bus-4-i_6,-68.80760846605796
2020-01-24T06:00:00.0,bus-3-bus-4-i_6,-69.31124426891249
2020-01-24T07:00:00.0,bus-3-bus-4-i_6,-69.15662162437579
2020-01-24T08:00:00.0,bus-3-bus-4-i_6,-69.07313309351287
2020-01-24T09:00:00.0,bus-3-bus-4-i_6,-69.07313309351287
2020-01-24T10:00:00.0,bus-3-bus-4-i_6,-69.00694275189001
2020-01-24T11:00:00.0,bus-3-bus-4-i_6,-68.91435939543263
2020-01-24T12:00:00.0,bus-3-bus-4-i_6,-68.88874932242761
2020-01-24T13:00:00.0,bus-3-bus-4-i_6,-68.77405507284848
2020-01-24T14:00:00.0,bus-3-bus-4-i_6,-68.73832625581997
2020-01-24T15:00:00.0,bus-3-bus-4-i_6,-68.67693084377817
2020-01-24T16:00:00.0,bus-3-bus-4-i_6,-68.83652819624037
2020-01-24T17:00:00.0,bus-3-bus-4-i_6,-69.78463583214946
2020-01-24T18:00:00.0,bus-3-bus-4-i_6,-70.04922363990778
2020-01-24T19:00:00.0,bus-3-bus-4-i_6,-69.96900586298614
2020-01-24T20:00:00.0,bus-3-bus-4-i_6,-69.77071976579128
2020-01-24T21:00:00.0,bus-3-bus-4-i_6,-69.55690925191927
2020-01-24T22:00:00.0,bus-3-bus-4-i_6,-69.25154100005733
2020-01-24T23:00:00.0,bus-3-bus-4-i_6,-68.88261547752839
2020-01-25T00:00:00.0,bus-3-bus-4-i_6,-68.68868401387252
2020-01-25T01:00:00.0,bus-3-bus-4-i_6,-68.60812483705931
2020-01-25T02:00:00.0,bus-3-bus-4-i_6,-68.56196134997403
2020-01-25T03:00:00.0,bus-3-bus-4-i_6,-68.55620005994459
2020-01-25T04:00:00.0,bus-3-bus-4-i_6,-68.58843483291733
2020-01-25T05:00:00.0,bus-3-bus-4-i_6,-68.74069904816045
2020-01-25T06:00:00.0,bus-3-bus-4-i_6,-68.88018073173888
2020-01-25T07:00:00.0,bus-3-bus-4-i_6,-68.77166577749767
2020-01-25T08:00:00.0,bus-3-bus-4-i_6,-68.8680221886675
2020-01-25T09:00:00.0,bus-3-bus-4-i_6,-68.95612900603174
2020-01-25T10:00:00.0,bus-3-bus-4-i_6,-68.87288256299718
2020-01-25T11:00:00.0,bus-3-bus-4-i_6,-68.8257035867742
2020-01-25T12:00:00.0,bus-3-bus-4-i_6,-68.74667147608433
2020-01-25T13:00:00.0,bus-3-bus-4-i_6,-68.65350051466021
2020-01-25T14:00:00.0,bus-3-bus-4-i_6,-68.59999540703097
2020-01-25T15:00:00.0,bus-3-bus-4-i_6,-68.6127635043302
2020-01-25T16:00:00.0,bus-3-bus-4-i_6,-68.8401917392407
2020-01-25T17:00:00.0,bus-3-bus-4-i_6,-69.85459614372836
2020-01-25T18:00:00.0,bus-3-bus-4-i_6,-70.07229224369958
2020-01-25T19:00:00.0,bus-3-bus-4-i_6,-69.96784967954589
2020-01-25T20:00:00.0,bus-3-bus-4-i_6,-69.80416088782763
2020-01-25T21:00:00.0,bus-3-bus-4-i_6,-69.55690925191927
2020-01-25T22:00:00.0,bus-3-bus-4-i_6,-69.33998580320724
2020-01-25T23:00:00.0,bus-3-bus-4-i_6,-69.00942996542796
2020-01-26T00:00:00.0,bus-3-bus-4-i_6,-68.80163781407747
2020-01-26T01:00:00.0,bus-3-bus-4-i_6,-68.68518180684323
2020-01-26T02:00:00.0,bus-3-bus-4-i_6,-68.63834871758723
2020-01-26T03:00:00.0,bus-3-bus-4-i_6,-68.63601771998434
2020-01-26T04:00:00.0,bus-3-bus-4-i_6,-68.66874407621795
2020-01-26T05:00:00.0,bus-3-bus-4-i_6,-68.80520577820661
2020-01-26T06:00:00.0,bus-3-bus-4-i_6,-68.9168083304323
2020-01-26T07:00:00.0,bus-3-bus-4-i_6,-68.79800216343304
2020-01-26T08:00:00.0,bus-3-bus-4-i_6,-68.83535830856971
2020-01-26T09:00:00.0,bus-3-bus-4-i_6,-68.86073908599073
2020-01-26T10:00:00.0,bus-3-bus-4-i_6,-68.74667147608433
2020-01-26T11:00:00.0,bus-3-bus-4-i_6,-68.67108926737086
2020-01-26T12:00:00.0,bus-3-bus-4-i_6,-68.59999540703097
2020-01-26T13:00:00.0,bus-3-bus-4-i_6,-68.5298883993347
2020-01-26T14:00:00.0,bus-3-bus-4-i_6,-68.48100431043491
2020-01-26T15:00:00.0,bus-3-bus-4-i_6,-68.49121002203479
2020-01-26T16:00:00.0,bus-3-bus-4-i_6,-68.64301377826737
2020-01-26T17:00:00.0,bus-3-bus-4-i_6,-69.5069762258681
2020-01-26T18:00:00.0,bus-3-bus-4-i_6,-69.89405049307283
2020-01-26T19:00:00.0,bus-3-bus-4-i_6,-69.85740771750297
2020-01-26T20:00:00.0,bus-3-bus-4-i_6,-69.680691962274
2020-01-26T21:00:00.0,bus-3-bus-4-i_6,-69.40312162994849
2020-01-26T22:00:00.0,bus-3-bus-4-i_6,-69.0255641629519
2020-01-26T23:00:00.0,bus-3-bus-4-i_6,-68.75973536931994
2020-01-27T00:00:00.0,bus-3-bus-4-i_6,-68.5803780486736
2020-01-27T01:00:00.0,bus-3-bus-4-i_6,-68.50822037986921
2020-01-27T02:00:00.0,bus-3-bus-4-i_6,-68.49347710446672
2020-01-27T03:00:00.0,bus-3-bus-4-i_6,-68.51620372350523
2020-01-27T04:00:00.0,bus-3-bus-4-i_6,-68.66171454476753
2020-01-27T05:00:00.0,bus-3-bus-4-i_6,-69.08955615093852
2020-01-27T06:00:00.0,bus-3-bus-4-i_6,-69.68346178273777
2020-01-27T07:00:00.0,bus-3-bus-4-i_6,-69.46150796704407
2020-01-27T08:00:00.0,bus-3-bus-4-i_6,-69.35309104545757
2020-01-27T09:00:00.0,bus-3-bus-4-i_6,-69.24121269301374
2020-01-27T10:00:00.0,bus-3-bus-4-i_6,-69.0957932331898
2020-01-27T11:00:00.0,bus-3-bus-4-i_6,-68.96481532417305
2020-01-27T12:00:00.0,bus-3-bus-4-i_6,-68.91318025966692
2020-01-27T13:00:00.0,bus-3-bus-4-i_6,-68.87774699615781
2020-01-27T14:00:00.0,bus-3-bus-4-i_6,-68.83535830856971
2020-01-27T15:00:00.0,bus-3-bus-4-i_6,-68.79800216343304
2020-01-27T16:00:00.0,bus-3-bus-4-i_6,-68.93771259932574
2020-01-27T17:00:00.0,bus-3-bus-4-i_6,-69.95360433365147
2020-01-27T18:00:00.0,bus-3-bus-4-i_6,-70.34413334860045
2020-01-27T19:00:00.0,bus-3-bus-4-i_6,-70.2326128555363
2020-01-27T20:00:00.0,bus-3-bus-4-i_6,-69.96214850196166
2020-01-27T21:00:00.0,bus-3-bus-4-i_6,-69.53384934834395
2020-01-27T22:00:00.0,bus-3-bus-4-i_6,-69.03554829779486
2020-01-27T23:00:00.0,bus-3-bus-4-i_6,-68.61972911961965
2020-01-28T00:00:00.0,bus-3-bus-4-i_6,-68.45732556058385
2020-01-28T01:00:00.0,bus-3-bus-4-i_6,-68.38467889395776
2020-01-28T02:00:00.0,bus-3-bus-4-i_6,-68.34602630183558
2020-01-28T03:00:00.0,bus-3-bus-4-i_6,-68.36587293982716
2020-01-28T04:00:00.0,bus-3-bus-4-i_6,-68.47536885481
2020-01-28T05:00:00.0,bus-3-bus-4-i_6,-68.77166577749767
2020-01-28T06:00:00.0,bus-3-bus-4-i_6,-69.16681637119213
2020-01-28T07:00:00.0,bus-3-bus-4-i_6,-69.0255641629519
2020-01-28T08:00:00.0,bus-3-bus-4-i_6,-68.98460348273213
2020-01-28T09:00:00.0,bus-3-bus-4-i_6,-69.03305074350277
2020-01-28T10:00:00.0,bus-3-bus-4-i_6,-68.96728529533915
2020-01-28T11:00:00.0,bus-3-bus-4-i_6,-68.91435939543263
2020-01-28T12:00:00.0,bus-3-bus-4-i_6,-68.91318025966692
2020-01-28T13:00:00.0,bus-3-bus-4-i_6,-68.81847320154229
2020-01-28T14:00:00.0,bus-3-bus-4-i_6,-68.5745955573359
2020-01-28T15:00:00.0,bus-3-bus-4-i_6,-68.5401254475039
2020-01-28T16:00:00.0,bus-3-bus-4-i_6,-68.67108926737086
2020-01-28T17:00:00.0,bus-3-bus-4-i_6,-69.45764245215526
2020-01-28T18:00:00.0,bus-3-bus-4-i_6,-69.81254396989692
2020-01-28T19:00:00.0,bus-3-bus-4-i_6,-69.7125488998577
2020-01-28T20:00:00.0,bus-3-bus-4-i_6,-69.52456257056879
2020-01-28T21:00:00.0,bus-3-bus-4-i_6,-69.1617169200959
2020-01-28T22:00:00.0,bus-3-bus-4-i_6,-68.75381055893804
2020-01-28T23:00:00.0,bus-3-bus-4-i_6,-68.4550747058315
2020-01-29T00:00:00.0,bus-3-bus-4-i_6,-68.30547686197406
2020-01-29T01:00:00.0,bus-3-bus-4-i_6,-68.24909250427282
2020-01-29T02:00:00.0,bus-3-bus-4-i_6,-68.223300722084
2020-01-29T03:00:00.0,bus-3-bus-4-i_6,-68.23188185921146
2020-01-29T04:00:00.0,bus-3-bus-4-i_6,-68.30547686197406
2020-01-29T05:00:00.0,bus-3-bus-4-i_6,-68.54470405698052
2020-01-29T06:00:00.0,bus-3-bus-4-i_6,-68.78006533569732
2020-01-29T07:00:00.0,bus-3-bus-4-i_6,-68.87657189454812
2020-01-29T08:00:00.0,bus-3-bus-4-i_6,-68.8148252042744
2020-01-29T09:00:00.0,bus-3-bus-4-i_6,-68.91435939543263
2020-01-29T10:00:00.0,bus-3-bus-4-i_6,-68.92416120185479
2020-01-29T11:00:00.0,bus-3-bus-4-i_6,-68.91435939543263
2020-01-29T12:00:00.0,bus-3-bus-4-i_6,-68.87288256299718
2020-01-29T13:00:00.0,bus-3-bus-4-i_6,-68.830528915033
2020-01-29T14:00:00.0,bus-3-bus-4-i_6,-68.84620049111084
2020-01-29T15:00:00.0,bus-3-bus-4-i_6,-68.80760846605796
2020-01-29T16:00:00.0,bus-3-bus-4-i_6,-68.9168083304323
2020-01-29T17:00:00.0,bus-3-bus-4-i_6,-69.76238227775707
2020-01-29T18:00:00.0,bus-3-bus-4-i_6,-70.11861657481538
2020-01-29T19:00:00.0,bus-3-bus-4-i_6,-70.05498747657819
2020-01-29T20:00:00.0,bus-3-bus-4-i_6,-69.77628316257808
2020-01-29T21:00:00.0,bus-3-bus-4-i_6,-69.42309435286728
2020-01-29T22:00:00.0,bus-3-bus-4-i_6,-68.98708157204776
2020-01-29T23:00:00.0,bus-3-bus-4-i_6,-68.60812483705931
2020-01-30T00:00:00.0,bus-3-bus-4-i_6,-68.42143378146068
2020-01-30T01:00:00.0,bus-3-bus-4-i_6,-68.36033894531104
2020-01-30T02:00:00.0,bus-3-bus-4-i_6,-68.34822742847405
2020-01-30T03:00:00.0,bus-3-bus-4-i_6,-68.36366370549884
2020-01-30T04:00:00.0,bus-3-bus-4-i_6,-68.47085193457416
2020-01-30T05:00:00.0,bus-3-bus-4-i_6,-68.77166577749767
2020-01-30T06:00:00.0,bus-3-bus-4-i_6,-69.2091240646865
2020-01-30T07:00:00.0,bus-3-bus-4-i_6,-69.08200021069348
2020-01-30T08:00:00.0,bus-3-bus-4-i_6,-69.07313309351287
2020-01-30T09:00:00.0,bus-3-bus-4-i_6,-69.00197136200981
2020-01-30T10:00:00.0,bus-3-bus-4-i_6,-68.95612900603174
2020-01-30T11:00:00.0,bus-3-bus-4-i_6,-68.88874932242761
2020-01-30T12:00:00.0,bus-3-bus-4-i_6,-68.87774699615781
2020-01-30T13:00:00.0,bus-3-bus-4-i_6,-68.87288256299718
2020-01-30T14:00:00.0,bus-3-bus-4-i_6,-68.84260998649067
2020-01-30T15:00:00.0,bus-3-bus-4-i_6,-68.81847320154229
2020-01-30T16:00:00.0,bus-3-bus-4-i_6,-68.92661418730049
2020-01-30T17:00:00.0,bus-3-bus-4-i_6,-69.79020935568823
2020-01-30T18:00:00.0,bus-3-bus-4-i_6,-70.10121462944265
2020-01-30T19:00:00.0,bus-3-bus-4-i_6,-69.98898687176904
2020-01-30T20:00:00.0,bus-3-bus-4-i_6,-69.77071976579128
2020-01-30T21:00:00.0,bus-3-bus-4-i_6,-69.33616471588701
2020-01-30T22:00:00.0,bus-3-bus-4-i_6,-68.90339570447411
2020-01-30T23:00:00.0,bus-3-bus-4-i_6,-68.59423319767518
2020-01-31T00:00:00.0,bus-3-bus-4-i_6,-68.40804134123682
2020-01-31T01:00:00.0,bus-3-bus-4-i_6,-68.32845385425033
2020-01-31T02:00:00.0,bus-3-bus-4-i_6,-68.29568057629089
2020-01-31T03:00:00.0,bus-3-bus-4-i_6,-68.30003715144973
2020-01-31T04:00:00.0,bus-3-bus-4-i_6,-68.38358341133089
2020-01-31T05:00:00.0,bus-3-bus-4-i_6,-68.64301377826737
2020-01-31T06:00:00.0,bus-3-bus-4-i_6,-69.00694275189001
2020-01-31T07:00:00.0,bus-3-bus-4-i_6,-68.90339570447411
2020-01-31T08:00:00.0,bus-3-bus-4-i_6,-68.92170923209235
2020-01-31T09:00:00.0,bus-3-bus-4-i_6,-68.9549455864385
2020-01-31T10:00:00.0,bus-3-bus-4-i_6,-68.93771259932574
2020-01-31T11:00:00.0,bus-3-bus-4-i_6,-68.93397931690046
2020-01-31T12:00:00.0,bus-3-bus-4-i_6,-68.8680221886675
2020-01-31T13:00:00.0,bus-3-bus-4-i_6,-68.84987079799173
2020-01-31T14:00:00.0,bus-3-bus-4-i_6,-68.81125195480514
2020-01-31T15:00:00.0,bus-3-bus-4-i_6,-68.78122859728535
2020-01-31T16:00:00.0,bus-3-bus-4-i_6,-68.81365801709988
2020-01-31T17:00:00.0,bus-3-bus-4-i_6,-69.53384934834395
2020-01-31T18:00:00.0,bus-3-bus-4-i_6,-69.8771171639752
2020-01-31T19:00:00.0,bus-3-bus-4-i_6,-69.72635856592487
2020-01-31T20:00:00.0,bus-3-bus-4-i_6,-69.53384934834395
2020-01-31T21:00:00.0,bus-3-bus-4-i_6,-69.29441439000078
2020-01-31T22:00:00.0,bus-3-bus-4-i_6,-69.00197136200981
2020-01-31T23:00:00.0,bus-3-bus-4-i_6,-68.70166925418029
2020-02-01T00:00:00.0,bus-3-bus-4-i_6,-68.24909250427282
2020-02-01T01:00:00.0,bus-3-bus-4-i_6,-68.1732246489823
2020-02-01T02:00:00.0,bus-3-bus-4-i_6,-68.12997959309497
2020-02-01T03:00:00.0,bus-3-bus-4-i_6,-68.12894054471364
2020-02-01T04:00:00.0,bus-3-bus-4-i_6,-68.17427419426912
2020-02-01T05:00:00.0,bus-3-bus-4-i_6,-68.29132805883573
2020-02-01T06:00:00.0,bus-3-bus-4-i_6,-68.37029447347321
2020-02-01T07:00:00.0,bus-3-bus-4-i_6,-68.30111528577225
2020-02-01T08:00:00.0,bus-3-bus-4-i_6,-68.4035853076302
2020-02-01T09:00:00.0,bus-3-bus-4-i_6,-68.48779465474308
2020-02-01T10:00:00.0,bus-3-bus-4-i_6,-68.4359686714493
2020-02-01T11:00:00.0,bus-3-bus-4-i_6,-68.40804134123682
2020-02-01T12:00:00.0,bus-3-bus-4-i_6,-68.35372192958005
2020-02-01T13:00:00.0,bus-3-bus-4-i_6,-68.31969198572335
2020-02-01T14:00:00.0,bus-3-bus-4-i_6,-68.28046451766869
2020-02-01T15:00:00.0,bus-3-bus-4-i_6,-68.27503096753054
2020-02-01T16:00:00.0,bus-3-bus-4-i_6,-68.39800725833811
2020-02-01T17:00:00.0,bus-3-bus-4-i_6,-69.22197587188332
2020-02-01T18:00:00.0,bus-3-bus-4-i_6,-69.4709757834126
2020-02-01T19:00:00.0,bus-3-bus-4-i_6,-69.36622158285735
2020-02-01T20:00:00.0,bus-3-bus-4-i_6,-69.17702731427502
2020-02-01T21:00:00.0,bus-3-bus-4-i_6,-68.92906828343754
2020-02-01T22:00:00.0,bus-3-bus-4-i_6,-68.70166925418029
2020-02-01T23:00:00.0,bus-3-bus-4-i_6,-68.42366941302967
2020-02-02T00:00:00.0,bus-3-bus-4-i_6,-68.20940151783887
2020-02-02T01:00:00.0,bus-3-bus-4-i_6,-68.09966648390834
2020-02-02T02:00:00.0,bus-3-bus-4-i_6,-68.05302550405159
2020-02-02T03:00:00.0,bus-3-bus-4-i_6,-68.04067736941937
2020-02-02T04:00:00.0,bus-3-bus-4-i_6,-68.0468468707594
2020-02-02T05:00:00.0,bus-3-bus-4-i_6,-68.12894054471364
2020-02-02T06:00:00.0,bus-3-bus-4-i_6,-68.17639462453133
2020-02-02T07:00:00.0,bus-3-bus-4-i_6,-68.1048692962789
2020-02-02T08:00:00.0,bus-3-bus-4-i_6,-68.20726533998031
2020-02-02T09:00:00.0,bus-3-bus-4-i_6,-68.3175040561478
2020-02-02T10:00:00.0,bus-3-bus-4-i_6,-68.32077718083286
2020-02-02T11:00:00.0,bus-3-bus-4-i_6,-68.33284088785
2020-02-02T12:00:00.0,bus-3-bus-4-i_6,-68.31969198572335
2020-02-02T13:00:00.0,bus-3-bus-4-i_6,-68.29132805883573
2020-02-02T14:00:00.0,bus-3-bus-4-i_6,-68.24156587151494
2020-02-02T15:00:00.0,bus-3-bus-4-i_6,-68.20726533998031
2020-02-02T16:00:00.0,bus-3-bus-4-i_6,-68.23188185921146
2020-02-02T17:00:00.0,bus-3-bus-4-i_6,-68.82811575394545
2020-02-02T18:00:00.0,bus-3-bus-4-i_6,-69.12240403716444
2020-02-02T19:00:00.0,bus-3-bus-4-i_6,-69.2180330459066
2020-02-02T20:00:00.0,bus-3-bus-4-i_6,-69.22197587188332
2020-02-02T21:00:00.0,bus-3-bus-4-i_6,-68.920529302633
2020-02-02T22:00:00.0,bus-3-bus-4-i_6,-68.62319248666103
2020-02-02T23:00:00.0,bus-3-bus-4-i_6,-68.33503592034475
2020-02-03T00:00:00.0,bus-3-bus-4-i_6,-68.19552413393745
2020-02-03T01:00:00.0,bus-3-bus-4-i_6,-68.13734110202667
2020-02-03T02:00:00.0,bus-3-bus-4-i_6,-68.13734019171056
2020-02-03T03:00:00.0,bus-3-bus-4-i_6,-68.1732246489823
2020-02-03T04:00:00.0,bus-3-bus-4-i_6,-68.31313124004151
2020-02-03T05:00:00.0,bus-3-bus-4-i_6,-68.70166925418029
2020-02-03T06:00:00.0,bus-3-bus-4-i_6,-69.22575047071504
2020-02-03T07:00:00.0,bus-3-bus-4-i_6,-69.0669157031778
2020-02-03T08:00:00.0,bus-3-bus-4-i_6,-68.98460348273213
2020-02-03T09:00:00.0,bus-3-bus-4-i_6,-68.87288256299718
2020-02-03T10:00:00.0,bus-3-bus-4-i_6,-68.80760846605796
2020-02-03T11:00:00.0,bus-3-bus-4-i_6,-68.71584092818681
2020-02-03T12:00:00.0,bus-3-bus-4-i_6,-68.64534780704179
2020-02-03T13:00:00.0,bus-3-bus-4-i_6,-68.59192145073737
2020-02-03T14:00:00.0,bus-3-bus-4-i_6,-68.52760508448364
2020-02-03T15:00:00.0,bus-3-bus-4-i_6,-68.46408418186718
2020-02-03T16:00:00.0,bus-3-bus-4-i_6,-68.60812483705931
2020-02-03T17:00:00.0,bus-3-bus-4-i_6,-69.6302228644693
2020-02-03T18:00:00.0,bus-3-bus-4-i_6,-70.15061441420005
2020-02-03T19:00:00.0,bus-3-bus-4-i_6,-70.12152041471118
2020-02-03T20:00:00.0,bus-3-bus-4-i_6,-69.91216602867493
2020-02-03T21:00:00.0,bus-3-bus-4-i_6,-69.42574580968304
2020-02-03T22:00:00.0,bus-3-bus-4-i_6,-68.91318025966692
2020-02-03T23:00:00.0,bus-3-bus-4-i_6,-68.53217273182875
2020-02-04T00:00:00.0,bus-3-bus-4-i_6,-68.35813228992001
2020-02-04T01:00:00.0,bus-3-bus-4-i_6,-68.26853275509754
2020-02-04T02:00:00.0,bus-3-bus-4-i_6,-68.25772254962254
2020-02-04T03:00:00.0,bus-3-bus-4-i_6,-68.30984251115248
2020-02-04T04:00:00.0,bus-3-bus-4-i_6,-68.4776288301941
2020-02-04T05:00:00.0,bus-3-bus-4-i_6,-68.9168083304323
2020-02-04T06:00:00.0,bus-3-bus-4-i_6,-69.48433448687578
2020-02-04T07:00:00.0,bus-3-bus-4-i_6,-69.27743245441667
2020-02-04T08:00:00.0,bus-3-bus-4-i_6,-69.13120563260398
2020-02-04T09:00:00.0,bus-3-bus-4-i_6,-69.00197136200981
2020-02-04T10:00:00.0,bus-3-bus-4-i_6,-68.830528915033
2020-02-04T11:00:00.0,bus-3-bus-4-i_6,-68.70402865277822
2020-02-04T12:00:00.0,bus-3-bus-4-i_6,-68.62205302134599
2020-02-04T13:00:00.0,bus-3-bus-4-i_6,-68.6034902180926
2020-02-04T14:00:00.0,bus-3-bus-4-i_6,-68.56425989294817
2020-02-04T15:00:00.0,bus-3-bus-4-i_6,-67.92021375919832
2020-02-04T16:00:00.0,bus-3-bus-4-i_6,-67.88250017385248
2020-02-04T17:00:00.0,bus-3-bus-4-i_6,-69.43901833689675
2020-02-04T18:00:00.0,bus-3-bus-4-i_6,-69.79416607998023
2020-02-04T19:00:00.0,bus-3-bus-4-i_6,-69.9291685100653
2020-02-04T20:00:00.0,bus-3-bus-4-i_6,-69.66578550210214
2020-02-04T21:00:00.0,bus-3-bus-4-i_6,-69.40720684682205
2020-02-04T22:00:00.0,bus-3-bus-4-i_6,-68.8985095140364
2020-02-04T23:00:00.0,bus-3-bus-4-i_6,-68.44608146885149
2020-02-05T00:00:00.0,bus-3-bus-4-i_6,-68.29132805883573
2020-02-05T01:00:00.0,bus-3-bus-4-i_6,-68.2297350498331
2020-02-05T02:00:00.0,bus-3-bus-4-i_6,-68.19126602698154
2020-02-05T03:00:00.0,bus-3-bus-4-i_6,-68.23188185921146
2020-02-05T04:00:00.0,bus-3-bus-4-i_6,-68.36808319842692
2020-02-05T05:00:00.0,bus-3-bus-4-i_6,-68.7705039551084
2020-02-05T06:00:00.0,bus-3-bus-4-i_6,-69.21546259814085
2020-02-05T07:00:00.0,bus-3-bus-4-i_6,-69.0380468607784
2020-02-05T08:00:00.0,bus-3-bus-4-i_6,-68.90339570447411
2020-02-05T09:00:00.0,bus-3-bus-4-i_6,-68.85588897285109
2020-02-05T10:00:00.0,bus-3-bus-4-i_6,-68.73004909533446
2020-02-05T11:00:00.0,bus-3-bus-4-i_6,-68.73004841013417
2020-02-05T12:00:00.0,bus-3-bus-4-i_6,-68.6570332531187
2020-02-05T13:00:00.0,bus-3-bus-4-i_6,-68.61044366688148
2020-02-05T14:00:00.0,bus-3-bus-4-i_6,-68.6127635043302
2020-02-05T15:00:00.0,bus-3-bus-4-i_6,-68.58499236496934
2020-02-05T16:00:00.0,bus-3-bus-4-i_6,-68.67223667920213
2020-02-05T17:00:00.0,bus-3-bus-4-i_6,-69.36885071967885
2020-02-05T18:00:00.0,bus-3-bus-4-i_6,-69.81650500325418
2020-02-05T19:00:00.0,bus-3-bus-4-i_6,-69.80974859378904
2020-02-05T20:00:00.0,bus-3-bus-4-i_6,-69.5138127821243
2020-02-05T21:00:00.0,bus-3-bus-4-i_6,-69.14644307855218
2020-02-05T22:00:00.0,bus-3-bus-4-i_6,-68.71820641417158
2020-02-05T23:00:00.0,bus-3-bus-4-i_6,-68.33284088785
2020-02-06T00:00:00.0,bus-3-bus-4-i_6,-68.18276199421041
2020-02-06T01:00:00.0,bus-3-bus-4-i_6,-68.1069562423672
2020-02-06T02:00:00.0,bus-3-bus-4-i_6,-68.08302776984155
2020-02-06T03:00:00.0,bus-3-bus-4-i_6,-68.10383631388997
2020-02-06T04:00:00.0,bus-3-bus-4-i_6,-68.22223985523551
2020-02-06T05:00:00.0,bus-3-bus-4-i_6,-68.55277736338795
2020-02-06T06:00:00.0,bus-3-bus-4-i_6,-68.96846983583504
2020-02-06T07:00:00.0,bus-3-bus-4-i_6,-68.78006533569732
2020-02-06T08:00:00.0,bus-3-bus-4-i_6,-68.72294045086733
2020-02-06T09:00:00.0,bus-3-bus-4-i_6,-68.70402865277822
2020-02-06T10:00:00.0,bus-3-bus-4-i_6,-68.72294045086733
2020-02-06T11:00:00.0,bus-3-bus-4-i_6,-68.67223667920213
2020-02-06T12:00:00.0,bus-3-bus-4-i_6,-68.68753410797119
2020-02-06T13:00:00.0,bus-3-bus-4-i_6,-68.68518180684323
2020-02-06T14:00:00.0,bus-3-bus-4-i_6,-68.65350051466021
2020-02-06T15:00:00.0,bus-3-bus-4-i_6,-68.5803780486736
2020-02-06T16:00:00.0,bus-3-bus-4-i_6,-68.69459711662115
2020-02-06T17:00:00.0,bus-3-bus-4-i_6,-69.37411204030957
2020-02-06T18:00:00.0,bus-3-bus-4-i_6,-69.85858747686393
2020-02-06T19:00:00.0,bus-3-bus-4-i_6,-69.75127981887144
2020-02-06T20:00:00.0,bus-3-bus-4-i_6,-69.45497881417369
2020-02-06T21:00:00.0,bus-3-bus-4-i_6,-69.07193980723008
2020-02-06T22:00:00.0,bus-3-bus-4-i_6,-68.6570332531187
2020-02-06T23:00:00.0,bus-3-bus-4-i_6,-68.30876247703179
2020-02-07T00:00:00.0,bus-3-bus-4-i_6,-68.1436521703483
2020-02-07T01:00:00.0,bus-3-bus-4-i_6,-68.07473278350217
2020-02-07T02:00:00.0,bus-3-bus-4-i_6,-68.06232073697848
2020-02-07T03:00:00.0,bus-3-bus-4-i_6,-68.08302776984155
2020-02-07T04:00:00.0,bus-3-bus-4-i_6,-68.17639462453133
2020-02-07T05:00:00.0,bus-3-bus-4-i_6,-68.4776288301941
2020-02-07T06:00:00.0,bus-3-bus-4-i_6,-68.80760846605796
2020-02-07T07:00:00.0,bus-3-bus-4-i_6,-68.73004909533446
2020-02-07T08:00:00.0,bus-3-bus-4-i_6,-68.69103769336311
2020-02-07T09:00:00.0,bus-3-bus-4-i_6,-68.75619229454999
2020-02-07T10:00:00.0,bus-3-bus-4-i_6,-68.72057292916506
2020-02-07T11:00:00.0,bus-3-bus-4-i_6,-68.66171454476753
2020-02-07T12:00:00.0,bus-3-bus-4-i_6,-68.63949083935947
2020-02-07T13:00:00.0,bus-3-bus-4-i_6,-68.61390968108574
2020-02-07T14:00:00.0,bus-3-bus-4-i_6,-68.5745955573359
2020-02-07T15:00:00.0,bus-3-bus-4-i_6,-68.5401254475039
2020-02-07T16:00:00.0,bus-3-bus-4-i_6,-68.58612576100853
2020-02-07T17:00:00.0,bus-3-bus-4-i_6,-69.19228638370221
2020-02-07T18:00:00.0,bus-3-bus-4-i_6,-69.60842328231021
2020-02-07T19:00:00.0,bus-3-bus-4-i_6,-69.48433448687578
2020-02-07T20:00:00.0,bus-3-bus-4-i_6,-69.23347700581877
2020-02-07T21:00:00.0,bus-3-bus-4-i_6,-69.02307066748534
2020-02-07T22:00:00.0,bus-3-bus-4-i_6,-68.70166925418029
2020-02-07T23:00:00.0,bus-3-bus-4-i_6,-68.381366056703
2020-02-08T00:00:00.0,bus-3-bus-4-i_6,-68.19021251727803
2020-02-08T01:00:00.0,bus-3-bus-4-i_6,-68.10383631388997
2020-02-08T02:00:00.0,bus-3-bus-4-i_6,-68.07059137362769
2020-02-08T03:00:00.0,bus-3-bus-4-i_6,-68.06541017057981
2020-02-08T04:00:00.0,bus-3-bus-4-i_6,-68.12894054471364
2020-02-08T05:00:00.0,bus-3-bus-4-i_6,-68.24693790689898
2020-02-08T06:00:00.0,bus-3-bus-4-i_6,-68.3438262035279
2020-02-08T07:00:00.0,bus-3-bus-4-i_6,-68.30876247703179
2020-02-08T08:00:00.0,bus-3-bus-4-i_6,-68.43262205369771
2020-02-08T09:00:00.0,bus-3-bus-4-i_6,-68.51392649142063
2020-02-08T10:00:00.0,bus-3-bus-4-i_6,-68.46408418186718
2020-02-08T11:00:00.0,bus-3-bus-4-i_6,-68.37360013722736
2020-02-08T12:00:00.0,bus-3-bus-4-i_6,-68.32077718083286
2020-02-08T13:00:00.0,bus-3-bus-4-i_6,-68.24909250427282
2020-02-08T14:00:00.0,bus-3-bus-4-i_6,-68.21901623692872
2020-02-08T15:00:00.0,bus-3-bus-4-i_6,-68.20513018368534
2020-02-08T16:00:00.0,bus-3-bus-4-i_6,-68.28805489284582
2020-02-08T17:00:00.0,bus-3-bus-4-i_6,-68.91318025966692
2020-02-08T18:00:00.0,bus-3-bus-4-i_6,-69.40047933680651
2020-02-08T19:00:00.0,bus-3-bus-4-i_6,-69.32831674759336
2020-02-08T20:00:00.0,bus-3-bus-4-i_6,-69.17582800592929
2020-02-08T21:00:00.0,bus-3-bus-4-i_6,-69.04054643771138
2020-02-08T22:00:00.0,bus-3-bus-4-i_6,-68.80520577820661
2020-02-08T23:00:00.0,bus-3-bus-4-i_6,-68.53674443640546
2020-02-09T00:00:00.0,bus-3-bus-4-i_6,-68.3175040561478
2020-02-09T01:00:00.0,bus-3-bus-4-i_6,-68.23188185921146
2020-02-09T02:00:00.0,bus-3-bus-4-i_6,-68.19552413393745
2020-02-09T03:00:00.0,bus-3-bus-4-i_6,-68.18488648204229
2020-02-09T04:00:00.0,bus-3-bus-4-i_6,-68.25340571247969
2020-02-09T05:00:00.0,bus-3-bus-4-i_6,-68.36587293982716
2020-02-09T06:00:00.0,bus-3-bus-4-i_6,-68.42590604551513
2020-02-09T07:00:00.0,bus-3-bus-4-i_6,-68.3306468664863
2020-02-09T08:00:00.0,bus-3-bus-4-i_6,-68.3935604796985
2020-02-09T09:00:00.0,bus-3-bus-4-i_6,-68.40914195260189
2020-02-09T10:00:00.0,bus-3-bus-4-i_6,-68.31969198572335
2020-02-09T11:00:00.0,bus-3-bus-4-i_6,-68.27719940378785
2020-02-09T12:00:00.0,bus-3-bus-4-i_6,-68.2394144763776
2020-02-09T13:00:00.0,bus-3-bus-4-i_6,-68.19446963578824
2020-02-09T14:00:00.0,bus-3-bus-4-i_6,-68.1732246489823
2020-02-09T15:00:00.0,bus-3-bus-4-i_6,-68.18068606060628
2020-02-09T16:00:00.0,bus-3-bus-4-i_6,-68.27503096753054
2020-02-09T17:00:00.0,bus-3-bus-4-i_6,-68.93771259932574
2020-02-09T18:00:00.0,bus-3-bus-4-i_6,-69.399276779735
2020-02-09T19:00:00.0,bus-3-bus-4-i_6,-69.35188797455181
2020-02-09T20:00:00.0,bus-3-bus-4-i_6,-69.15287726022615
2020-02-09T21:00:00.0,bus-3-bus-4-i_6,-68.91073258823785
2020-02-09T22:00:00.0,bus-3-bus-4-i_6,-68.56196134997403
2020-02-09T23:00:00.0,bus-3-bus-4-i_6,-68.30547686197406
2020-02-10T00:00:00.0,bus-3-bus-4-i_6,-68.13734110202667
2020-02-10T01:00:00.0,bus-3-bus-4-i_6,-68.08510406535045
2020-02-10T02:00:00.0,bus-3-bus-4-i_6,-68.06747783630556
2020-02-10T03:00:00.0,bus-3-bus-4-i_6,-68.11531416438248
2020-02-10T04:00:00.0,bus-3-bus-4-i_6,-68.24156587151494
2020-02-10T05:00:00.0,bus-3-bus-4-i_6,-68.59423319767518
2020-02-10T06:00:00.0,bus-3-bus-4-i_6,-68.97094111809068
2020-02-10T07:00:00.0,bus-3-bus-4-i_6,-68.85346523107918
2020-02-10T08:00:00.0,bus-3-bus-4-i_6,-68.81125195480514
2020-02-10T09:00:00.0,bus-3-bus-4-i_6,-67.8569073039381
2020-02-10T10:00:00.0,bus-3-bus-4-i_6,-67.82564391303407
2020-02-10T11:00:00.0,bus-3-bus-4-i_6,-68.6640567014546
2020-02-10T12:00:00.0,bus-3-bus-4-i_6,-68.65937338941347
2020-02-10T13:00:00.0,bus-3-bus-4-i_6,-68.65235604383281
2020-02-10T14:00:00.0,bus-3-bus-4-i_6,-67.98861589766818
2020-02-10T15:00:00.0,bus-3-bus-4-i_6,-68.54470405698052
2020-02-10T16:00:00.0,bus-3-bus-4-i_6,-68.58843483291733
2020-02-10T17:00:00.0,bus-3-bus-4-i_6,-69.27104389864309
2020-02-10T18:00:00.0,bus-3-bus-4-i_6,-69.81650500325418
2020-02-10T19:00:00.0,bus-3-bus-4-i_6,-69.72201084558583
2020-02-10T20:00:00.0,bus-3-bus-4-i_6,-69.4855534817413
2020-02-10T21:00:00.0,bus-3-bus-4-i_6,-69.09327164277741
2020-02-10T22:00:00.0,bus-3-bus-4-i_6,-68.69459711662115
2020-02-10T23:00:00.0,bus-3-bus-4-i_6,-68.33284088785
2020-02-11T00:00:00.0,bus-3-bus-4-i_6,-68.15734729764947
2020-02-11T01:00:00.0,bus-3-bus-4-i_6,-68.09966648390834
2020-02-11T02:00:00.0,bus-3-bus-4-i_6,-68.064386873316
2020-02-11T03:00:00.0,bus-3-bus-4-i_6,-68.09444980176336
2020-02-11T04:00:00.0,bus-3-bus-4-i_6,-68.18276199421041
2020-02-11T05:00:00.0,bus-3-bus-4-i_6,-68.5298883993347
2020-02-11T06:00:00.0,bus-3-bus-4-i_6,-68.920529302633
2020-02-11T07:00:00.0,bus-3-bus-4-i_6,-68.82329245423303
2020-02-11T08:00:00.0,bus-3-bus-4-i_6,-68.85346523107918
2020-02-11T09:00:00.0,bus-3-bus-4-i_6,-68.85588897285109
2020-02-11T10:00:00.0,bus-3-bus-4-i_6,-68.74069904816045
2020-02-11T11:00:00.0,bus-3-bus-4-i_6,-68.67223667920213
2020-02-11T12:00:00.0,bus-3-bus-4-i_6,-68.6034902180926
2020-02-11T13:00:00.0,bus-3-bus-4-i_6,-68.51620372350523
2020-02-11T14:00:00.0,bus-3-bus-4-i_6,-68.4776288301941
2020-02-11T15:00:00.0,bus-3-bus-4-i_6,-68.4359686714493
2020-02-11T16:00:00.0,bus-3-bus-4-i_6,-68.52304149317087
2020-02-11T17:00:00.0,bus-3-bus-4-i_6,-69.17072074461795
2020-02-11T18:00:00.0,bus-3-bus-4-i_6,-69.82933747706063
2020-02-11T19:00:00.0,bus-3-bus-4-i_6,-69.68346178273777
2020-02-11T20:00:00.0,bus-3-bus-4-i_6,-69.4668400879606
2020-02-11T21:00:00.0,bus-3-bus-4-i_6,-69.0957932331898
2020-02-11T22:00:00.0,bus-3-bus-4-i_6,-68.65235604383281
2020-02-11T23:00:00.0,bus-3-bus-4-i_6,-68.32077718083286
2020-02-12T00:00:00.0,bus-3-bus-4-i_6,-68.11322316167141
2020-02-12T01:00:00.0,bus-3-bus-4-i_6,-68.0437711930296
2020-02-12T02:00:00.0,bus-3-bus-4-i_6,-68.00691877542707
2020-02-12T03:00:00.0,bus-3-bus-4-i_6,-67.9825332137733
2020-02-12T04:00:00.0,bus-3-bus-4-i_6,-68.05200529401402
2020-02-12T05:00:00.0,bus-3-bus-4-i_6,-68.28046451766869
2020-02-12T06:00:00.0,bus-3-bus-4-i_6,-68.5401254475039
2020-02-12T07:00:00.0,bus-3-bus-4-i_6,-68.45957740963846
2020-02-12T08:00:00.0,bus-3-bus-4-i_6,-68.53217273182875
2020-02-12T09:00:00.0,bus-3-bus-4-i_6,-68.59192145073737
2020-02-12T10:00:00.0,bus-3-bus-4-i_6,-68.58612576100853
2020-02-12T11:00:00.0,bus-3-bus-4-i_6,-68.58612576100853
2020-02-12T12:00:00.0,bus-3-bus-4-i_6,-68.5401254475039
2020-02-12T13:00:00.0,bus-3-bus-4-i_6,-68.55048390262859
2020-02-12T14:00:00.0,bus-3-bus-4-i_6,-68.48100431043491
2020-02-12T15:00:00.0,bus-3-bus-4-i_6,-68.42701020559501
2020-02-12T16:00:00.0,bus-3-bus-4-i_6,-68.30003715144973
2020-02-12T17:00:00.0,bus-3-bus-4-i_6,-69.33998580320724
2020-02-12T18:00:00.0,bus-3-bus-4-i_6,-70.182707485879
2020-02-12T19:00:00.0,bus-3-bus-4-i_6,-70.20321263879907
2020-02-12T20:00:00.0,bus-3-bus-4-i_6,-69.97756318272579
2020-02-12T21:00:00.0,bus-3-bus-4-i_6,-69.5542081222467
2020-02-12T22:00:00.0,bus-3-bus-4-i_6,-69.04054643771138
2020-02-12T23:00:00.0,bus-3-bus-4-i_6,-68.63135876744394
2020-02-13T00:00:00.0,bus-3-bus-4-i_6,-68.40135882146171
2020-02-13T01:00:00.0,bus-3-bus-4-i_6,-68.32077718083286
2020-02-13T02:00:00.0,bus-3-bus-4-i_6,-68.3175040561478
2020-02-13T03:00:00.0,bus-3-bus-4-i_6,-68.36366370549884
2020-02-13T04:00:00.0,bus-3-bus-4-i_6,-68.5424142467582
2020-02-13T05:00:00.0,bus-3-bus-4-i_6,-69.04054643771138
2020-02-13T06:00:00.0,bus-3-bus-4-i_6,-69.4923618515597
2020-02-13T07:00:00.0,bus-3-bus-4-i_6,-69.32831674759336
2020-02-13T08:00:00.0,bus-3-bus-4-i_6,-69.18213885731097
2020-02-13T09:00:00.0,bus-3-bus-4-i_6,-69.13881979872718
2020-02-13T10:00:00.0,bus-3-bus-4-i_6,-68.9549455864385
2020-02-13T11:00:00.0,bus-3-bus-4-i_6,-68.83535830856971
2020-02-13T12:00:00.0,bus-3-bus-4-i_6,-68.71820641417158
2020-02-13T13:00:00.0,bus-3-bus-4-i_6,-68.61972911961965
2020-02-13T14:00:00.0,bus-3-bus-4-i_6,-68.5424142467582
2020-02-13T15:00:00.0,bus-3-bus-4-i_6,-68.5424142467582
2020-02-13T16:00:00.0,bus-3-bus-4-i_6,-68.76211945452368
2020-02-13T17:00:00.0,bus-3-bus-4-i_6,-69.85740771750297
2020-02-13T18:00:00.0,bus-3-bus-4-i_6,-70.5960353474623
2020-02-13T19:00:00.0,bus-3-bus-4-i_6,-70.57460201210762
2020-02-13T20:00:00.0,bus-3-bus-4-i_6,-70.3183724706669
2020-02-13T21:00:00.0,bus-3-bus-4-i_6,-69.864189718979
2020-02-13T22:00:00.0,bus-3-bus-4-i_6,-69.28262321626653
2020-02-13T23:00:00.0,bus-3-bus-4-i_6,-68.80280345233837
2020-02-14T00:00:00.0,bus-3-bus-4-i_6,-68.56196134997403
2020-02-14T01:00:00.0,bus-3-bus-4-i_6,-68.46068804641519
2020-02-14T02:00:00.0,bus-3-bus-4-i_6,-68.46408418186718
2020-02-14T03:00:00.0,bus-3-bus-4-i_6,-68.45057606612032
2020-02-14T04:00:00.0,bus-3-bus-4-i_6,-68.62903080890493
2020-02-14T05:00:00.0,bus-3-bus-4-i_6,-69.11480853889356
2020-02-14T06:00:00.0,bus-3-bus-4-i_6,-69.63568288308967
2020-02-14T07:00:00.0,bus-3-bus-4-i_6,-69.45497881417369
2020-02-14T08:00:00.0,bus-3-bus-4-i_6,-69.32570279557557
2020-02-14T09:00:00.0,bus-3-bus-4-i_6,-69.15916879461568
2020-02-14T10:00:00.0,bus-3-bus-4-i_6,-68.9549455864385
2020-02-14T11:00:00.0,bus-3-bus-4-i_6,-68.78601595341874
2020-02-14T12:00:00.0,bus-3-bus-4-i_6,-68.67223667920213
2020-02-14T13:00:00.0,bus-3-bus-4-i_6,-68.59192145073737
2020-02-14T14:00:00.0,bus-3-bus-4-i_6,-68.50255557332788
2020-02-14T15:00:00.0,bus-3-bus-4-i_6,-68.42143378146068
2020-02-14T16:00:00.0,bus-3-bus-4-i_6,-68.50255557332788
2020-02-14T17:00:00.0,bus-3-bus-4-i_6,-69.2762302412334
2020-02-14T18:00:00.0,bus-3-bus-4-i_6,-69.95075830797342
2020-02-14T19:00:00.0,bus-3-bus-4-i_6,-69.8517855708829
2020-02-14T20:00:00.0,bus-3-bus-4-i_6,-69.64388052409726
2020-02-14T21:00:00.0,bus-3-bus-4-i_6,-69.399276779735
2020-02-14T22:00:00.0,bus-3-bus-4-i_6,-69.01191817840929
2020-02-14T23:00:00.0,bus-3-bus-4-i_6,-68.63601771998434
2020-02-15T00:00:00.0,bus-3-bus-4-i_6,-68.37360013722736
2020-02-15T01:00:00.0,bus-3-bus-4-i_6,-68.26097408967308
2020-02-15T02:00:00.0,bus-3-bus-4-i_6,-68.21581610995533
2020-02-15T03:00:00.0,bus-3-bus-4-i_6,-68.20513018368534
2020-02-15T04:00:00.0,bus-3-bus-4-i_6,-68.24478382124343
2020-02-15T05:00:00.0,bus-3-bus-4-i_6,-68.39246299322897
2020-02-15T06:00:00.0,bus-3-bus-4-i_6,-68.42701020559501
2020-02-15T07:00:00.0,bus-3-bus-4-i_6,-68.3935604796985
2020-02-15T08:00:00.0,bus-3-bus-4-i_6,-68.48779465474308
2020-02-15T09:00:00.0,bus-3-bus-4-i_6,-68.59192145073737
2020-02-15T10:00:00.0,bus-3-bus-4-i_6,-68.55966383873621
2020-02-15T11:00:00.0,bus-3-bus-4-i_6,-68.50255557332788
2020-02-15T12:00:00.0,bus-3-bus-4-i_6,-68.4348627500244
2020-02-15T13:00:00.0,bus-3-bus-4-i_6,-68.33942902619818
2020-02-15T14:00:00.0,bus-3-bus-4-i_6,-68.28697959777077
2020-02-15T15:00:00.0,bus-3-bus-4-i_6,-68.27719940378785
2020-02-15T16:00:00.0,bus-3-bus-4-i_6,-68.48441486564484
2020-02-15T17:00:00.0,bus-3-bus-4-i_6,-69.26327199206253
2020-02-15T18:00:00.0,bus-3-bus-4-i_6,-69.8417330144605
2020-02-15T19:00:00.0,bus-3-bus-4-i_6,-69.74413975135292
2020-02-15T20:00:00.0,bus-3-bus-4-i_6,-69.56772389775972
2020-02-15T21:00:00.0,bus-3-bus-4-i_6,-69.36096633396636
2020-02-15T22:00:00.0,bus-3-bus-4-i_6,-69.03055420513616
2020-02-15T23:00:00.0,bus-3-bus-4-i_6,-68.75619229454999
2020-02-16T00:00:00.0,bus-3-bus-4-i_6,-68.51848196336722
2020-02-16T01:00:00.0,bus-3-bus-4-i_6,-68.39024157875771
2020-02-16T02:00:00.0,bus-3-bus-4-i_6,-68.32407089675925
2020-02-16T03:00:00.0,bus-3-bus-4-i_6,-68.28370954533574
2020-02-16T04:00:00.0,bus-3-bus-4-i_6,-68.28370954528671
2020-02-16T05:00:00.0,bus-3-bus-4-i_6,-68.35813228992001
2020-02-16T06:00:00.0,bus-3-bus-4-i_6,-68.38358341133089
2020-02-16T07:00:00.0,bus-3-bus-4-i_6,-68.36366370549884
2020-02-16T08:00:00.0,bus-3-bus-4-i_6,-68.58499236496934
2020-02-16T09:00:00.0,bus-3-bus-4-i_6,-68.78485211952437
2020-02-16T10:00:00.0,bus-3-bus-4-i_6,-68.8148252042744
2020-02-16T11:00:00.0,bus-3-bus-4-i_6,-68.76211945452368
2020-02-16T12:00:00.0,bus-3-bus-4-i_6,-68.56196134997403
2020-02-16T13:00:00.0,bus-3-bus-4-i_6,-68.44718957394483
2020-02-16T14:00:00.0,bus-3-bus-4-i_6,-68.37693437603983
2020-02-16T15:00:00.0,bus-3-bus-4-i_6,-68.35263271492244
2020-02-16T16:00:00.0,bus-3-bus-4-i_6,-68.51165027663897
2020-02-16T17:00:00.0,bus-3-bus-4-i_6,-69.22969911949559
2020-02-16T18:00:00.0,bus-3-bus-4-i_6,-69.82373559132485
2020-02-16T19:00:00.0,bus-3-bus-4-i_6,-69.76793959812314
2020-02-16T20:00:00.0,bus-3-bus-4-i_6,-69.63568288308967
2020-02-16T21:00:00.0,bus-3-bus-4-i_6,-69.37817454593234
2020-02-16T22:00:00.0,bus-3-bus-4-i_6,-69.11227874196673
2020-02-16T23:00:00.0,bus-3-bus-4-i_6,-68.79560313505024
2020-02-17T00:00:00.0,bus-3-bus-4-i_6,-68.56886000709262
2020-02-17T01:00:00.0,bus-3-bus-4-i_6,-68.46859500880885
2020-02-17T02:00:00.0,bus-3-bus-4-i_6,-68.4359686714493
2020-02-17T03:00:00.0,bus-3-bus-4-i_6,-68.40804134123682
2020-02-17T04:00:00.0,bus-3-bus-4-i_6,-68.55048390262859
2020-02-17T05:00:00.0,bus-3-bus-4-i_6,-68.8680221886675
2020-02-17T06:00:00.0,bus-3-bus-4-i_6,-69.0380468607784
2020-02-17T07:00:00.0,bus-3-bus-4-i_6,-68.9168083304323
2020-02-17T08:00:00.0,bus-3-bus-4-i_6,-68.95248069984028
2020-02-17T09:00:00.0,bus-3-bus-4-i_6,-68.95248007223094
2020-02-17T10:00:00.0,bus-3-bus-4-i_6,-68.87774699615781
2020-02-17T11:00:00.0,bus-3-bus-4-i_6,-68.74667147608433
2020-02-17T12:00:00.0,bus-3-bus-4-i_6,-68.64301377826737
2020-02-17T13:00:00.0,bus-3-bus-4-i_6,-68.56196134997403
2020-02-17T14:00:00.0,bus-3-bus-4-i_6,-68.50255557332788
2020-02-17T15:00:00.0,bus-3-bus-4-i_6,-68.46859500880885
2020-02-17T16:00:00.0,bus-3-bus-4-i_6,-68.58151065392013
2020-02-17T17:00:00.0,bus-3-bus-4-i_6,-69.33616471588701
2020-02-17T18:00:00.0,bus-3-bus-4-i_6,-70.28278383622803
2020-02-17T19:00:00.0,bus-3-bus-4-i_6,-70.28278383622803
2020-02-17T20:00:00.0,bus-3-bus-4-i_6,-70.08674089727084
2020-02-17T21:00:00.0,bus-3-bus-4-i_6,-69.64388052409726
2020-02-17T22:00:00.0,bus-3-bus-4-i_6,-69.13881979872718
2020-02-17T23:00:00.0,bus-3-bus-4-i_6,-68.72057292916506
2020-02-18T00:00:00.0,bus-3-bus-4-i_6,-68.46408418186718
2020-02-18T01:00:00.0,bus-3-bus-4-i_6,-68.37914970262858
2020-02-18T02:00:00.0,bus-3-bus-4-i_6,-68.38802117069297
2020-02-18T03:00:00.0,bus-3-bus-4-i_6,-68.45282488143184
2020-02-18T04:00:00.0,bus-3-bus-4-i_6,-68.64649104947205
2020-02-18T05:00:00.0,bus-3-bus-4-i_6,-69.19493543335511
2020-02-18T06:00:00.0,bus-3-bus-4-i_6,-69.68621023859072
2020-02-18T07:00:00.0,bus-3-bus-4-i_6,-69.4935775568994
2020-02-18T08:00:00.0,bus-3-bus-4-i_6,-69.37411204030957
2020-02-18T09:00:00.0,bus-3-bus-4-i_6,-69.32570279557557
2020-02-18T10:00:00.0,bus-3-bus-4-i_6,-69.0555651687295
2020-02-18T11:00:00.0,bus-3-bus-4-i_6,-68.9168083304323
2020-02-18T12:00:00.0,bus-3-bus-4-i_6,-68.7944378593887
2020-02-18T13:00:00.0,bus-3-bus-4-i_6,-68.70638908808246
2020-02-18T14:00:00.0,bus-3-bus-4-i_6,-68.58499236496934
2020-02-18T15:00:00.0,bus-3-bus-4-i_6,-68.53217273182875
2020-02-18T16:00:00.0,bus-3-bus-4-i_6,-68.65350051466021
2020-02-18T17:00:00.0,bus-3-bus-4-i_6,-68.24282105349727
2020-02-18T18:00:00.0,bus-3-bus-4-i_6,-70.49543700619827
2020-02-18T19:00:00.0,bus-3-bus-4-i_6,-70.5379786715369
2020-02-18T20:00:00.0,bus-3-bus-4-i_6,-70.2709519722844
2020-02-18T21:00:00.0,bus-3-bus-4-i_6,-69.74413975135292
2020-02-18T22:00:00.0,bus-3-bus-4-i_6,-69.25550918665172
2020-02-18T23:00:00.0,bus-3-bus-4-i_6,-68.77405507284848
2020-02-19T00:00:00.0,bus-3-bus-4-i_6,-68.51848196336722
2020-02-19T01:00:00.0,bus-3-bus-4-i_6,-68.4035853076302
2020-02-19T02:00:00.0,bus-3-bus-4-i_6,-68.36033894531104
2020-02-19T03:00:00.0,bus-3-bus-4-i_6,-68.40804134123682
2020-02-19T04:00:00.0,bus-3-bus-4-i_6,-68.55277736338795
2020-02-19T05:00:00.0,bus-3-bus-4-i_6,-69.0380468607784
2020-02-19T06:00:00.0,bus-3-bus-4-i_6,-69.35976331666332
2020-02-19T07:00:00.0,bus-3-bus-4-i_6,-69.26327199206253
2020-02-19T08:00:00.0,bus-3-bus-4-i_6,-69.1300086539529
2020-02-19T09:00:00.0,bus-3-bus-4-i_6,-69.04554862898698
2020-02-19T10:00:00.0,bus-3-bus-4-i_6,-68.88874932242761
2020-02-19T11:00:00.0,bus-3-bus-4-i_6,-68.71347645112282
2020-02-19T12:00:00.0,bus-3-bus-4-i_6,-68.69459711662115
2020-02-19T13:00:00.0,bus-3-bus-4-i_6,-68.62903080890493
2020-02-19T14:00:00.0,bus-3-bus-4-i_6,-68.53217273182875
2020-02-19T15:00:00.0,bus-3-bus-4-i_6,-68.50367427628008
2020-02-19T16:00:00.0,bus-3-bus-4-i_6,-68.57116158866192
2020-02-19T17:00:00.0,bus-3-bus-4-i_6,-69.22969911949559
2020-02-19T18:00:00.0,bus-3-bus-4-i_6,-70.03771835824588
2020-02-19T19:00:00.0,bus-3-bus-4-i_6,-70.07229224369958
2020-02-19T20:00:00.0,bus-3-bus-4-i_6,-69.78023706199954
2020-02-19T21:00:00.0,bus-3-bus-4-i_6,-69.43901833689675
2020-02-19T22:00:00.0,bus-3-bus-4-i_6,-68.93771259932574
2020-02-19T23:00:00.0,bus-3-bus-4-i_6,-68.53217273182875
2020-02-20T00:00:00.0,bus-3-bus-4-i_6,-68.31421219629368
2020-02-20T01:00:00.0,bus-3-bus-4-i_6,-68.24909250427282
2020-02-20T02:00:00.0,bus-3-bus-4-i_6,-68.22758908441955
2020-02-20T03:00:00.0,bus-3-bus-4-i_6,-68.2674617627881
2020-02-20T04:00:00.0,bus-3-bus-4-i_6,-68.40468503194464
2020-02-20T05:00:00.0,bus-3-bus-4-i_6,-68.84378076853883
2020-02-20T06:00:00.0,bus-3-bus-4-i_6,-69.18469615130638
2020-02-20T07:00:00.0,bus-3-bus-4-i_6,-69.03305074350277
2020-02-20T08:00:00.0,bus-3-bus-4-i_6,-68.97470129024138
2020-02-20T09:00:00.0,bus-3-bus-4-i_6,-68.88018073173888
2020-02-20T10:00:00.0,bus-3-bus-4-i_6,-68.81125195480514
2020-02-20T11:00:00.0,bus-3-bus-4-i_6,-68.72294045086733
2020-02-20T12:00:00.0,bus-3-bus-4-i_6,-68.68518180684323
2020-02-20T13:00:00.0,bus-3-bus-4-i_6,-68.63834871758723
2020-02-20T14:00:00.0,bus-3-bus-4-i_6,-68.59423319767518
2020-02-20T15:00:00.0,bus-3-bus-4-i_6,-68.55277736338795
2020-02-20T16:00:00.0,bus-3-bus-4-i_6,-68.6034902180926
2020-02-20T17:00:00.0,bus-3-bus-4-i_6,-69.13120563260398
2020-02-20T18:00:00.0,bus-3-bus-4-i_6,-69.92802655879015
2020-02-20T19:00:00.0,bus-3-bus-4-i_6,-69.92066272605608
2020-02-20T20:00:00.0,bus-3-bus-4-i_6,-69.62749436538631
2020-02-20T21:00:00.0,bus-3-bus-4-i_6,-69.24637480269232
2020-02-20T22:00:00.0,bus-3-bus-4-i_6,-68.78122859728535
2020-02-20T23:00:00.0,bus-3-bus-4-i_6,-68.33612253946058
2020-02-21T00:00:00.0,bus-3-bus-4-i_6,-68.23188185921146
2020-02-21T01:00:00.0,bus-3-bus-4-i_6,-68.18068606060628
2020-02-21T02:00:00.0,bus-3-bus-4-i_6,-68.14575790244693
2020-02-21T03:00:00.0,bus-3-bus-4-i_6,-68.16580263265102
2020-02-21T04:00:00.0,bus-3-bus-4-i_6,-68.29350381283939
2020-02-21T05:00:00.0,bus-3-bus-4-i_6,-68.62903080890493
2020-02-21T06:00:00.0,bus-3-bus-4-i_6,-68.92170923209235
2020-02-21T07:00:00.0,bus-3-bus-4-i_6,-68.83169822193977
2020-02-21T08:00:00.0,bus-3-bus-4-i_6,-68.82329245423303
2020-02-21T09:00:00.0,bus-3-bus-4-i_6,-68.78122859728535
2020-02-21T10:00:00.0,bus-3-bus-4-i_6,-68.7705039551084
2020-02-21T11:00:00.0,bus-3-bus-4-i_6,-68.70638908808246
2020-02-21T12:00:00.0,bus-3-bus-4-i_6,-68.67927943899934
2020-02-21T13:00:00.0,bus-3-bus-4-i_6,-68.63601771998434
2020-02-21T14:00:00.0,bus-3-bus-4-i_6,-68.60580702866734
2020-02-21T15:00:00.0,bus-3-bus-4-i_6,-68.5424142467582
2020-02-21T16:00:00.0,bus-3-bus-4-i_6,-68.55048390262859
2020-02-21T17:00:00.0,bus-3-bus-4-i_6,-68.9796503595321
2020-02-21T18:00:00.0,bus-3-bus-4-i_6,-69.61233606393895
2020-02-21T19:00:00.0,bus-3-bus-4-i_6,-69.4855534817413
2020-02-21T20:00:00.0,bus-3-bus-4-i_6,-69.27104389864309
2020-02-21T21:00:00.0,bus-3-bus-4-i_6,-69.01938893077016
2020-02-21T22:00:00.0,bus-3-bus-4-i_6,-68.69810436541188
2020-02-21T23:00:00.0,bus-3-bus-4-i_6,-68.37138743288867
2020-02-22T00:00:00.0,bus-3-bus-4-i_6,-68.21050557037785
2020-02-22T01:00:00.0,bus-3-bus-4-i_6,-68.11531416438248
2020-02-22T02:00:00.0,bus-3-bus-4-i_6,-68.08095250269106
2020-02-22T03:00:00.0,bus-3-bus-4-i_6,-68.0882102810819
2020-02-22T04:00:00.0,bus-3-bus-4-i_6,-68.14575790244693
2020-02-22T05:00:00.0,bus-3-bus-4-i_6,-68.2631356342167
2020-02-22T06:00:00.0,bus-3-bus-4-i_6,-68.24478382124343
2020-02-22T07:00:00.0,bus-3-bus-4-i_6,-68.22223985523551
2020-02-22T08:00:00.0,bus-3-bus-4-i_6,-68.30984251115248
2020-02-22T09:00:00.0,bus-3-bus-4-i_6,-68.37360013722736
2020-02-22T10:00:00.0,bus-3-bus-4-i_6,-68.37914970262858
2020-02-22T11:00:00.0,bus-3-bus-4-i_6,-68.33284088785
2020-02-22T12:00:00.0,bus-3-bus-4-i_6,-68.30876247703179
2020-02-22T13:00:00.0,bus-3-bus-4-i_6,-68.28805489284582
2020-02-22T14:00:00.0,bus-3-bus-4-i_6,-68.26420568404492
2020-02-22T15:00:00.0,bus-3-bus-4-i_6,-68.24371828300664
2020-02-22T16:00:00.0,bus-3-bus-4-i_6,-68.29785836129604
2020-02-22T17:00:00.0,bus-3-bus-4-i_6,-68.73004909533446
2020-02-22T18:00:00.0,bus-3-bus-4-i_6,-69.2762302412334
2020-02-22T19:00:00.0,bus-3-bus-4-i_6,-69.16681637119213
2020-02-22T20:00:00.0,bus-3-bus-4-i_6,-68.97094111809068
2020-02-22T21:00:00.0,bus-3-bus-4-i_6,-68.78122859728535
2020-02-22T22:00:00.0,bus-3-bus-4-i_6,-68.55966383873621
2020-02-22T23:00:00.0,bus-3-bus-4-i_6,-68.33942902619818
2020-02-23T00:00:00.0,bus-3-bus-4-i_6,-68.16898782656166
2020-02-23T01:00:00.0,bus-3-bus-4-i_6,-68.08302776984155
2020-02-23T02:00:00.0,bus-3-bus-4-i_6,-68.01099724164197
2020-02-23T03:00:00.0,bus-3-bus-4-i_6,-67.99267610018723
2020-02-23T04:00:00.0,bus-3-bus-4-i_6,-68.00181597411515
2020-02-23T05:00:00.0,bus-3-bus-4-i_6,-68.08302776984155
2020-02-23T06:00:00.0,bus-3-bus-4-i_6,-68.07059137362769
2020-02-23T07:00:00.0,bus-3-bus-4-i_6,-68.05302550405159
2020-02-23T08:00:00.0,bus-3-bus-4-i_6,-68.15208113975561
2020-02-23T09:00:00.0,bus-3-bus-4-i_6,-68.23617851421409
2020-02-23T10:00:00.0,bus-3-bus-4-i_6,-68.24909250427282
2020-02-23T11:00:00.0,bus-3-bus-4-i_6,-68.26420568404492
2020-02-23T12:00:00.0,bus-3-bus-4-i_6,-68.2394144763776
2020-02-23T13:00:00.0,bus-3-bus-4-i_6,-68.22758908441955
2020-02-23T14:00:00.0,bus-3-bus-4-i_6,-68.2297350498331
2020-02-23T15:00:00.0,bus-3-bus-4-i_6,-68.22223985523551
2020-02-23T16:00:00.0,bus-3-bus-4-i_6,-68.29350381283939
2020-02-23T17:00:00.0,bus-3-bus-4-i_6,-68.79800216343304
2020-02-23T18:00:00.0,bus-3-bus-4-i_6,-69.37817454593234
2020-02-23T19:00:00.0,bus-3-bus-4-i_6,-69.27743245441667
2020-02-23T20:00:00.0,bus-3-bus-4-i_6,-69.08324788259222
2020-02-23T21:00:00.0,bus-3-bus-4-i_6,-68.82811575394545
2020-02-23T22:00:00.0,bus-3-bus-4-i_6,-68.52760508448364
2020-02-23T23:00:00.0,bus-3-bus-4-i_6,-68.2297350498331
2020-02-24T00:00:00.0,bus-3-bus-4-i_6,-68.07680500944112
2020-02-24T01:00:00.0,bus-3-bus-4-i_6,-68.00181597411515
2020-02-24T02:00:00.0,bus-3-bus-4-i_6,-67.96332096589302
2020-02-24T03:00:00.0,bus-3-bus-4-i_6,-67.97948473168978
2020-02-24T04:00:00.0,bus-3-bus-4-i_6,-68.05921327274191
2020-02-24T05:00:00.0,bus-3-bus-4-i_6,-68.30984251115248
2020-02-24T06:00:00.0,bus-3-bus-4-i_6,-68.49574519995949
2020-02-24T07:00:00.0,bus-3-bus-4-i_6,-68.50822037986921
2020-02-24T08:00:00.0,bus-3-bus-4-i_6,-68.56425989294817
2020-02-24T09:00:00.0,bus-3-bus-4-i_6,-68.66874407621795
2020-02-24T10:00:00.0,bus-3-bus-4-i_6,-68.68518180684323
2020-02-24T11:00:00.0,bus-3-bus-4-i_6,-68.7430750226496
2020-02-24T12:00:00.0,bus-3-bus-4-i_6,-68.75857503551369
2020-02-24T13:00:00.0,bus-3-bus-4-i_6,-68.74783207523265
2020-02-24T14:00:00.0,bus-3-bus-4-i_6,-68.71820641417158
2020-02-24T15:00:00.0,bus-3-bus-4-i_6,-68.64649104947205
2020-02-24T16:00:00.0,bus-3-bus-4-i_6,-68.73716688943638
2020-02-24T17:00:00.0,bus-3-bus-4-i_6,-69.33616471588701
2020-02-24T18:00:00.0,bus-3-bus-4-i_6,-69.96328255240414
2020-02-24T19:00:00.0,bus-3-bus-4-i_6,-69.8417330144605
2020-02-24T20:00:00.0,bus-3-bus-4-i_6,-69.5138127821243
2020-02-24T21:00:00.0,bus-3-bus-4-i_6,-69.08955615093852
2020-02-24T22:00:00.0,bus-3-bus-4-i_6,-68.64649104947205
2020-02-24T23:00:00.0,bus-3-bus-4-i_6,-68.25772254962254
2020-02-25T00:00:00.0,bus-3-bus-4-i_6,-68.08718136820625
2020-02-25T01:00:00.0,bus-3-bus-4-i_6,-67.9896200727959
2020-02-25T02:00:00.0,bus-3-bus-4-i_6,-67.9492309577177
2020-02-25T03:00:00.0,bus-3-bus-4-i_6,-67.91821970083699
2020-02-25T04:00:00.0,bus-3-bus-4-i_6,-67.88645276592902
2020-02-25T05:00:00.0,bus-3-bus-4-i_6,-68.05508964020648
2020-02-25T06:00:00.0,bus-3-bus-4-i_6,-68.25772254962254
2020-02-25T07:00:00.0,bus-3-bus-4-i_6,-68.2631356342167
2020-02-25T08:00:00.0,bus-3-bus-4-i_6,-68.39024157875771
2020-02-25T09:00:00.0,bus-3-bus-4-i_6,-68.52304149317087
2020-02-25T10:00:00.0,bus-3-bus-4-i_6,-68.6570332531187
2020-02-25T11:00:00.0,bus-3-bus-4-i_6,-68.64534780704179
2020-02-25T12:00:00.0,bus-3-bus-4-i_6,-68.56538971506438
2020-02-25T13:00:00.0,bus-3-bus-4-i_6,-68.51392649142063
2020-02-25T14:00:00.0,bus-3-bus-4-i_6,-68.48779465474308
2020-02-25T15:00:00.0,bus-3-bus-4-i_6,-68.44269810392163
2020-02-25T16:00:00.0,bus-3-bus-4-i_6,-68.41250142743073
2020-02-25T17:00:00.0,bus-3-bus-4-i_6,-68.83169822193977
2020-02-25T18:00:00.0,bus-3-bus-4-i_6,-69.62204041316
2020-02-25T19:00:00.0,bus-3-bus-4-i_6,-69.59602428305578
2020-02-25T20:00:00.0,bus-3-bus-4-i_6,-69.33354770174545
2020-02-25T21:00:00.0,bus-3-bus-4-i_6,-68.93152313303901
2020-02-25T22:00:00.0,bus-3-bus-4-i_6,-68.49574519995949
2020-02-25T23:00:00.0,bus-3-bus-4-i_6,-68.17639462453133
2020-02-26T00:00:00.0,bus-3-bus-4-i_6,-68.01507978225433
2020-02-26T01:00:00.0,bus-3-bus-4-i_6,-67.95725264110398
2020-02-26T02:00:00.0,bus-3-bus-4-i_6,-67.92620204659305
2020-02-26T03:00:00.0,bus-3-bus-4-i_6,-67.936202808076
2020-02-26T04:00:00.0,bus-3-bus-4-i_6,-68.01609070384896
2020-02-26T05:00:00.0,bus-3-bus-4-i_6,-68.27286397336634
2020-02-26T06:00:00.0,bus-3-bus-4-i_6,-68.45282488143184
2020-02-26T07:00:00.0,bus-3-bus-4-i_6,-68.49121002203479
2020-02-26T08:00:00.0,bus-3-bus-4-i_6,-68.51620372350523
2020-02-26T09:00:00.0,bus-3-bus-4-i_6,-68.5401254475039
2020-02-26T10:00:00.0,bus-3-bus-4-i_6,-68.59423319767518
2020-02-26T11:00:00.0,bus-3-bus-4-i_6,-68.6034902180926
2020-02-26T12:00:00.0,bus-3-bus-4-i_6,-68.40468503194464
2020-02-26T13:00:00.0,bus-3-bus-4-i_6,-68.37029447347321
2020-02-26T14:00:00.0,bus-3-bus-4-i_6,-68.35042957273862
2020-02-26T15:00:00.0,bus-3-bus-4-i_6,-68.30111528577225
2020-02-26T16:00:00.0,bus-3-bus-4-i_6,-68.34162709725318
2020-02-26T17:00:00.0,bus-3-bus-4-i_6,-68.69103769336311
2020-02-26T18:00:00.0,bus-3-bus-4-i_6,-69.399276779735
2020-02-26T19:00:00.0,bus-3-bus-4-i_6,-69.40047933680651
2020-02-26T20:00:00.0,bus-3-bus-4-i_6,-69.32570279557557
2020-02-26T21:00:00.0,bus-3-bus-4-i_6,-68.81125195480514
2020-02-26T22:00:00.0,bus-3-bus-4-i_6,-68.38802117069297
2020-02-26T23:00:00.0,bus-3-bus-4-i_6,-68.1215932617028
2020-02-27T00:00:00.0,bus-3-bus-4-i_6,-68.00080868039343
2020-02-27T01:00:00.0,bus-3-bus-4-i_6,-67.9311883130402
2020-02-27T02:00:00.0,bus-3-bus-4-i_6,-67.91423461911846
2020-02-27T03:00:00.0,bus-3-bus-4-i_6,-67.9311883130402
2020-02-27T04:00:00.0,bus-3-bus-4-i_6,-68.01507978225433
2020-02-27T05:00:00.0,bus-3-bus-4-i_6,-68.27286397336634
2020-02-27T06:00:00.0,bus-3-bus-4-i_6,-68.40914195260189
2020-02-27T07:00:00.0,bus-3-bus-4-i_6,-68.40914195260189
2020-02-27T08:00:00.0,bus-3-bus-4-i_6,-68.42590604551513
2020-02-27T09:00:00.0,bus-3-bus-4-i_6,-68.43934720353012
2020-02-27T10:00:00.0,bus-3-bus-4-i_6,-68.40914195260189
2020-02-27T11:00:00.0,bus-3-bus-4-i_6,-68.3935604796985
2020-02-27T12:00:00.0,bus-3-bus-4-i_6,-68.40804134123682
2020-02-27T13:00:00.0,bus-3-bus-4-i_6,-68.39800725833811
2020-02-27T14:00:00.0,bus-3-bus-4-i_6,-68.40135882146171
2020-02-27T15:00:00.0,bus-3-bus-4-i_6,-68.35042957273862
2020-02-27T16:00:00.0,bus-3-bus-4-i_6,-68.38802117069297
2020-02-27T17:00:00.0,bus-3-bus-4-i_6,-68.72294045086733
2020-02-27T18:00:00.0,bus-3-bus-4-i_6,-69.43636179854444
2020-02-27T19:00:00.0,bus-3-bus-4-i_6,-69.41779445931203
2020-02-27T20:00:00.0,bus-3-bus-4-i_6,-69.4935775568994
2020-02-27T21:00:00.0,bus-3-bus-4-i_6,-69.11480853889356
2020-02-27T22:00:00.0,bus-3-bus-4-i_6,-68.67927943899934
2020-02-27T23:00:00.0,bus-3-bus-4-i_6,-68.3175040561478
2020-02-28T00:00:00.0,bus-3-bus-4-i_6,-68.14575790244693
2020-02-28T01:00:00.0,bus-3-bus-4-i_6,-68.0882102810819
2020-02-28T02:00:00.0,bus-3-bus-4-i_6,-68.05508964020648
2020-02-28T03:00:00.0,bus-3-bus-4-i_6,-68.07059137362769
2020-02-28T04:00:00.0,bus-3-bus-4-i_6,-68.15630173079663
2020-02-28T05:00:00.0,bus-3-bus-4-i_6,-68.44269810392163
2020-02-28T06:00:00.0,bus-3-bus-4-i_6,-68.5734641780746
2020-02-28T07:00:00.0,bus-3-bus-4-i_6,-68.61390968108574
2020-02-28T08:00:00.0,bus-3-bus-4-i_6,-68.67108926737086
2020-02-28T09:00:00.0,bus-3-bus-4-i_6,-68.73357720010623
2020-02-28T10:00:00.0,bus-3-bus-4-i_6,-68.70166925418029
2020-02-28T11:00:00.0,bus-3-bus-4-i_6,-68.70166856066993
2020-02-28T12:00:00.0,bus-3-bus-4-i_6,-68.64534780704179
2020-02-28T13:00:00.0,bus-3-bus-4-i_6,-68.62903080890493
2020-02-28T14:00:00.0,bus-3-bus-4-i_6,-68.59423319767518
2020-02-28T15:00:00.0,bus-3-bus-4-i_6,-68.50367427628008
2020-02-28T16:00:00.0,bus-3-bus-4-i_6,-68.55966383873621
2020-02-28T17:00:00.0,bus-3-bus-4-i_6,-68.99204079392587
2020-02-28T18:00:00.0,bus-3-bus-4-i_6,-69.75960515169278
2020-02-28T19:00:00.0,bus-3-bus-4-i_6,-69.64388052409726
2020-02-28T20:00:00.0,bus-3-bus-4-i_6,-69.44433442770438
2020-02-28T21:00:00.0,bus-3-bus-4-i_6,-69.18213885731097
2020-02-28T22:00:00.0,bus-3-bus-4-i_6,-68.85346523107918
2020-02-28T23:00:00.0,bus-3-bus-4-i_6,-68.51620372350523
2020-02-29T00:00:00.0,bus-3-bus-4-i_6,-68.30984251115248
2020-02-29T01:00:00.0,bus-3-bus-4-i_6,-68.18276199421041
2020-02-29T02:00:00.0,bus-3-bus-4-i_6,-68.12894054471364
2020-02-29T03:00:00.0,bus-3-bus-4-i_6,-68.11949921330643
2020-02-29T04:00:00.0,bus-3-bus-4-i_6,-68.15950332573868
2020-02-29T05:00:00.0,bus-3-bus-4-i_6,-68.28370954533574
2020-02-29T06:00:00.0,bus-3-bus-4-i_6,-68.223300722084
2020-02-29T07:00:00.0,bus-3-bus-4-i_6,-68.24693790689898
2020-02-29T08:00:00.0,bus-3-bus-4-i_6,-68.37029447347321
2020-02-29T09:00:00.0,bus-3-bus-4-i_6,-68.46408418186718
2020-02-29T10:00:00.0,bus-3-bus-4-i_6,-68.4359686714493
2020-02-29T11:00:00.0,bus-3-bus-4-i_6,-68.36366370549884
2020-02-29T12:00:00.0,bus-3-bus-4-i_6,-68.30984251115248
2020-02-29T13:00:00.0,bus-3-bus-4-i_6,-68.25124876159086
2020-02-29T14:00:00.0,bus-3-bus-4-i_6,-68.21367689557991
2020-02-29T15:00:00.0,bus-3-bus-4-i_6,-68.19552413393745
2020-02-29T16:00:00.0,bus-3-bus-4-i_6,-68.22758908441955
2020-02-29T17:00:00.0,bus-3-bus-4-i_6,-68.58843483291733
2020-02-29T18:00:00.0,bus-3-bus-4-i_6,-69.33354770174545
2020-02-29T19:00:00.0,bus-3-bus-4-i_6,-69.31646010540709
2020-02-29T20:00:00.0,bus-3-bus-4-i_6,-69.10722218003677
2020-02-29T21:00:00.0,bus-3-bus-4-i_6,-68.920529302633
2020-02-29T22:00:00.0,bus-3-bus-4-i_6,-68.72294045086733
2020-02-29T23:00:00.0,bus-3-bus-4-i_6,-68.45732556058385
2020-03-01T00:00:00.0,bus-3-bus-4-i_6,-68.02530387752807
2020-03-01T01:00:00.0,bus-3-bus-4-i_6,-67.9311883130402
2020-03-01T02:00:00.0,bus-3-bus-4-i_6,-67.85494572497575
2020-03-01T03:00:00.0,bus-3-bus-4-i_6,-67.83343539560381
2020-03-01T04:00:00.0,bus-3-bus-4-i_6,-67.84418730662756
2020-03-01T05:00:00.0,bus-3-bus-4-i_6,-67.9311883130402
2020-03-01T06:00:00.0,bus-3-bus-4-i_6,-67.91821970083699
2020-03-01T07:00:00.0,bus-3-bus-4-i_6,-67.90031882436604
2020-03-01T08:00:00.0,bus-3-bus-4-i_6,-68.00691877542707
2020-03-01T09:00:00.0,bus-3-bus-4-i_6,-68.10175088543792
2020-03-01T10:00:00.0,bus-3-bus-4-i_6,-68.11322316167141
2020-03-01T11:00:00.0,bus-3-bus-4-i_6,-68.12997959309497
2020-03-01T12:00:00.0,bus-3-bus-4-i_6,-68.10383631388997
2020-03-01T13:00:00.0,bus-3-bus-4-i_6,-68.09133900729353
2020-03-01T14:00:00.0,bus-3-bus-4-i_6,-68.09236894898696
2020-03-01T15:00:00.0,bus-3-bus-4-i_6,-68.08510406535045
2020-03-01T16:00:00.0,bus-3-bus-4-i_6,-68.16264021395646
2020-03-01T17:00:00.0,bus-3-bus-4-i_6,-68.73004909533446
2020-03-01T18:00:00.0,bus-3-bus-4-i_6,-69.39135583058889
2020-03-01T19:00:00.0,bus-3-bus-4-i_6,-69.27224600634396
2020-03-01T20:00:00.0,bus-3-bus-4-i_6,-69.05186770819287
2020-03-01T21:00:00.0,bus-3-bus-4-i_6,-68.75857503551369
2020-03-01T22:00:00.0,bus-3-bus-4-i_6,-68.42366941302967
2020-03-01T23:00:00.0,bus-3-bus-4-i_6,-68.09444980176336
2020-03-02T00:00:00.0,bus-3-bus-4-i_6,-67.92620204659305
2020-03-02T01:00:00.0,bus-3-bus-4-i_6,-67.84418730662756
2020-03-02T02:00:00.0,bus-3-bus-4-i_6,-67.80430109570871
2020-03-02T03:00:00.0,bus-3-bus-4-i_6,-67.82077047746986
2020-03-02T04:00:00.0,bus-3-bus-4-i_6,-67.90527186707598
2020-03-02T05:00:00.0,bus-3-bus-4-i_6,-68.18068606060628
2020-03-02T06:00:00.0,bus-3-bus-4-i_6,-68.38802117069297
2020-03-02T07:00:00.0,bus-3-bus-4-i_6,-68.40135882146171
2020-03-02T08:00:00.0,bus-3-bus-4-i_6,-68.46408418186718
2020-03-02T09:00:00.0,bus-3-bus-4-i_6,-68.5803780486736
2020-03-02T10:00:00.0,bus-3-bus-4-i_6,-68.59885967199804
2020-03-02T11:00:00.0,bus-3-bus-4-i_6,-68.66520298101398
2020-03-02T12:00:00.0,bus-3-bus-4-i_6,-68.68162906390643
2020-03-02T13:00:00.0,bus-3-bus-4-i_6,-68.67223667920213
2020-03-02T14:00:00.0,bus-3-bus-4-i_6,-68.63601771998434
2020-03-02T15:00:00.0,bus-3-bus-4-i_6,-68.55620005994459
2020-03-02T16:00:00.0,bus-3-bus-4-i_6,-68.65937338941347
2020-03-02T17:00:00.0,bus-3-bus-4-i_6,-69.33998580320724
2020-03-02T18:00:00.0,bus-3-bus-4-i_6,-70.06651978888705
2020-03-02T19:00:00.0,bus-3-bus-4-i_6,-69.92349688096382
2020-03-02T20:00:00.0,bus-3-bus-4-i_6,-69.54191447031775
2020-03-02T21:00:00.0,bus-3-bus-4-i_6,-69.05807196671478
2020-03-02T22:00:00.0,bus-3-bus-4-i_6,-68.55620005994459
2020-03-02T23:00:00.0,bus-3-bus-4-i_6,-68.12368832168252
2020-03-03T00:00:00.0,bus-3-bus-4-i_6,-67.93820600877918
2020-03-03T01:00:00.0,bus-3-bus-4-i_6,-67.83148599860944
2020-03-03T02:00:00.0,bus-3-bus-4-i_6,-67.78788171660048
2020-03-03T03:00:00.0,bus-3-bus-4-i_6,-67.75337609628869
2020-03-03T04:00:00.0,bus-3-bus-4-i_6,-67.72204882015662
2020-03-03T05:00:00.0,bus-3-bus-4-i_6,-67.90328554365907
2020-03-03T06:00:00.0,bus-3-bus-4-i_6,-68.12368832168252
2020-03-03T07:00:00.0,bus-3-bus-4-i_6,-68.12894054471364
2020-03-03T08:00:00.0,bus-3-bus-4-i_6,-68.26853275509754
2020-03-03T09:00:00.0,bus-3-bus-4-i_6,-68.41696557926879
2020-03-03T10:00:00.0,bus-3-bus-4-i_6,-68.56538971506438
2020-03-03T11:00:00.0,bus-3-bus-4-i_6,-68.55390515559625
2020-03-03T12:00:00.0,bus-3-bus-4-i_6,-68.46633908825633
2020-03-03T13:00:00.0,bus-3-bus-4-i_6,-68.40804134123682
2020-03-03T14:00:00.0,bus-3-bus-4-i_6,-68.37914970262858
2020-03-03T15:00:00.0,bus-3-bus-4-i_6,-68.32845385425033
2020-03-03T16:00:00.0,bus-3-bus-4-i_6,-68.29568057629089
2020-03-03T17:00:00.0,bus-3-bus-4-i_6,-68.76450455254428
2020-03-03T18:00:00.0,bus-3-bus-4-i_6,-69.66973452421638
2020-03-03T19:00:00.0,bus-3-bus-4-i_6,-69.64114695541494
2020-03-03T20:00:00.0,bus-3-bus-4-i_6,-69.33616471588701
2020-03-03T21:00:00.0,bus-3-bus-4-i_6,-68.87774699615781
2020-03-03T22:00:00.0,bus-3-bus-4-i_6,-68.38802117069297
2020-03-03T23:00:00.0,bus-3-bus-4-i_6,-68.03451700206926
2020-03-04T00:00:00.0,bus-3-bus-4-i_6,-67.8588698868808
2020-03-04T01:00:00.0,bus-3-bus-4-i_6,-67.79559308665517
2020-03-04T02:00:00.0,bus-3-bus-4-i_6,-67.76292772498297
2020-03-04T03:00:00.0,bus-3-bus-4-i_6,-67.77347629743741
2020-03-04T04:00:00.0,bus-3-bus-4-i_6,-67.86083349476554
2020-03-04T05:00:00.0,bus-3-bus-4-i_6,-68.13838216683328
2020-03-04T06:00:00.0,bus-3-bus-4-i_6,-68.33942902619818
2020-03-04T07:00:00.0,bus-3-bus-4-i_6,-68.381366056703
2020-03-04T08:00:00.0,bus-3-bus-4-i_6,-68.40914195260189
2020-03-04T09:00:00.0,bus-3-bus-4-i_6,-68.4359686714493
2020-03-04T10:00:00.0,bus-3-bus-4-i_6,-68.49801430731594
2020-03-04T11:00:00.0,bus-3-bus-4-i_6,-68.5071008963241
2020-03-04T12:00:00.0,bus-3-bus-4-i_6,-68.28697959777077
2020-03-04T13:00:00.0,bus-3-bus-4-i_6,-68.24693790689898
2020-03-04T14:00:00.0,bus-3-bus-4-i_6,-68.22652741734494
2020-03-04T15:00:00.0,bus-3-bus-4-i_6,-68.17110573056543
2020-03-04T16:00:00.0,bus-3-bus-4-i_6,-68.21581610995533
2020-03-04T17:00:00.0,bus-3-bus-4-i_6,-68.60812483705931
2020-03-04T18:00:00.0,bus-3-bus-4-i_6,-69.41105457927739
2020-03-04T19:00:00.0,bus-3-bus-4-i_6,-69.41779445931203
2020-03-04T20:00:00.0,bus-3-bus-4-i_6,-69.32831674759336
2020-03-04T21:00:00.0,bus-3-bus-4-i_6,-68.74069904816045
2020-03-04T22:00:00.0,bus-3-bus-4-i_6,-68.2674617627881
2020-03-04T23:00:00.0,bus-3-bus-4-i_6,-67.9754376989826
2020-03-05T00:00:00.0,bus-3-bus-4-i_6,-67.84319758365966
2020-03-05T01:00:00.0,bus-3-bus-4-i_6,-67.76964146960766
2020-03-05T02:00:00.0,bus-3-bus-4-i_6,-67.7476573260015
2020-03-05T03:00:00.0,bus-3-bus-4-i_6,-67.76964146960766
2020-03-05T04:00:00.0,bus-3-bus-4-i_6,-67.8588698868808
2020-03-05T05:00:00.0,bus-3-bus-4-i_6,-68.13838216683328
2020-03-05T06:00:00.0,bus-3-bus-4-i_6,-68.29350381283939
2020-03-05T07:00:00.0,bus-3-bus-4-i_6,-68.29350296533079
2020-03-05T08:00:00.0,bus-3-bus-4-i_6,-68.30984251115248
2020-03-05T09:00:00.0,bus-3-bus-4-i_6,-68.32407089675925
2020-03-05T10:00:00.0,bus-3-bus-4-i_6,-68.29350381283939
2020-03-05T11:00:00.0,bus-3-bus-4-i_6,-68.27503096753054
2020-03-05T12:00:00.0,bus-3-bus-4-i_6,-68.29132805883573
2020-03-05T13:00:00.0,bus-3-bus-4-i_6,-68.28046451766869
2020-03-05T14:00:00.0,bus-3-bus-4-i_6,-68.28263519504614
2020-03-05T15:00:00.0,bus-3-bus-4-i_6,-68.22652741734494
2020-03-05T16:00:00.0,bus-3-bus-4-i_6,-68.2674617627881
2020-03-05T17:00:00.0,bus-3-bus-4-i_6,-68.64301377826737
2020-03-05T18:00:00.0,bus-3-bus-4-i_6,-69.45497881417369
2020-03-05T19:00:00.0,bus-3-bus-4-i_6,-69.43636179854444
2020-03-05T20:00:00.0,bus-3-bus-4-i_6,-69.52456257056879
2020-03-05T21:00:00.0,bus-3-bus-4-i_6,-69.0857119951608
2020-03-05T22:00:00.0,bus-3-bus-4-i_6,-68.59654592048649
2020-03-05T23:00:00.0,bus-3-bus-4-i_6,-68.19021251727803
2020-03-06T00:00:00.0,bus-3-bus-4-i_6,-68.00080868039343
2020-03-06T01:00:00.0,bus-3-bus-4-i_6,-67.93920632382813
2020-03-06T02:00:00.0,bus-3-bus-4-i_6,-67.90328554365907
2020-03-06T03:00:00.0,bus-3-bus-4-i_6,-67.91821970083699
2020-03-06T04:00:00.0,bus-3-bus-4-i_6,-68.01099724164197
2020-03-06T05:00:00.0,bus-3-bus-4-i_6,-68.32845385425033
2020-03-06T06:00:00.0,bus-3-bus-4-i_6,-68.47536885481
2020-03-06T07:00:00.0,bus-3-bus-4-i_6,-68.52304149317087
2020-03-06T08:00:00.0,bus-3-bus-4-i_6,-68.58151065392013
2020-03-06T09:00:00.0,bus-3-bus-4-i_6,-68.6570332531187
2020-03-06T10:00:00.0,bus-3-bus-4-i_6,-68.6174062283335
2020-03-06T11:00:00.0,bus-3-bus-4-i_6,-68.61740550918176
2020-03-06T12:00:00.0,bus-3-bus-4-i_6,-68.55390515559625
2020-03-06T13:00:00.0,bus-3-bus-4-i_6,-68.53674443640546
2020-03-06T14:00:00.0,bus-3-bus-4-i_6,-68.49801430731594
2020-03-06T15:00:00.0,bus-3-bus-4-i_6,-68.39800725833811
2020-03-06T16:00:00.0,bus-3-bus-4-i_6,-68.45732556058385
2020-03-06T17:00:00.0,bus-3-bus-4-i_6,-68.94755394549615
2020-03-06T18:00:00.0,bus-3-bus-4-i_6,-69.82933747706063
2020-03-06T19:00:00.0,bus-3-bus-4-i_6,-69.69444060666481
2020-03-06T20:00:00.0,bus-3-bus-4-i_6,-69.46150796704407
2020-03-06T21:00:00.0,bus-3-bus-4-i_6,-69.16426616703282
2020-03-06T22:00:00.0,bus-3-bus-4-i_6,-68.78964295467416
2020-03-06T23:00:00.0,bus-3-bus-4-i_6,-68.40914195260189
2020-03-07T00:00:00.0,bus-3-bus-4-i_6,-68.18068606060628
2020-03-07T01:00:00.0,bus-3-bus-4-i_6,-68.0437711930296
2020-03-07T02:00:00.0,bus-3-bus-4-i_6,-67.97948473168978
2020-03-07T03:00:00.0,bus-3-bus-4-i_6,-67.97241570008221
2020-03-07T04:00:00.0,bus-3-bus-4-i_6,-68.01609070384896
2020-03-07T05:00:00.0,bus-3-bus-4-i_6,-68.15312572070829
2020-03-07T06:00:00.0,bus-3-bus-4-i_6,-68.08718136820625
2020-03-07T07:00:00.0,bus-3-bus-4-i_6,-68.11120327476559
2020-03-07T08:00:00.0,bus-3-bus-4-i_6,-68.24693790689898
2020-03-07T09:00:00.0,bus-3-bus-4-i_6,-68.35263271492244
2020-03-07T10:00:00.0,bus-3-bus-4-i_6,-68.32077718083286
2020-03-07T11:00:00.0,bus-3-bus-4-i_6,-68.24156587151494
2020-03-07T12:00:00.0,bus-3-bus-4-i_6,-68.18068606060628
2020-03-07T13:00:00.0,bus-3-bus-4-i_6,-68.11846268698133
2020-03-07T14:00:00.0,bus-3-bus-4-i_6,-68.07473278350217
2020-03-07T15:00:00.0,bus-3-bus-4-i_6,-68.05508964020648
2020-03-07T16:00:00.0,bus-3-bus-4-i_6,-68.09133900729353
2020-03-07T17:00:00.0,bus-3-bus-4-i_6,-68.49347710446672
2020-03-07T18:00:00.0,bus-3-bus-4-i_6,-69.33616471588701
2020-03-07T19:00:00.0,bus-3-bus-4-i_6,-69.31646010540709
2020-03-07T20:00:00.0,bus-3-bus-4-i_6,-69.07816945118341
2020-03-07T21:00:00.0,bus-3-bus-4-i_6,-68.86316572700571
2020-03-07T22:00:00.0,bus-3-bus-4-i_6,-68.64301377826737
2020-03-07T23:00:00.0,bus-3-bus-4-i_6,-68.3438262035279
2020-03-08T00:00:00.0,bus-3-bus-4-i_6,-68.1436521703483
2020-03-08T01:00:00.0,bus-3-bus-4-i_6,-68.02940061854476
2020-03-08T02:00:00.0,bus-3-bus-4-i_6,-67.99267610018723
2020-03-08T03:00:00.0,bus-3-bus-4-i_6,-67.99674036391488
2020-03-08T04:00:00.0,bus-3-bus-4-i_6,-68.02121118634382
2020-03-08T05:00:00.0,bus-3-bus-4-i_6,-68.1436521703483
2020-03-08T06:00:00.0,bus-3-bus-4-i_6,-68.03862183810459
2020-03-08T07:00:00.0,bus-3-bus-4-i_6,-68.03862138809569
2020-03-08T08:00:00.0,bus-3-bus-4-i_6,-68.11531416438248
2020-03-08T09:00:00.0,bus-3-bus-4-i_6,-68.19021251727803
2020-03-08T10:00:00.0,bus-3-bus-4-i_6,-68.1436521703483
2020-03-08T11:00:00.0,bus-3-bus-4-i_6,-68.1215932617028
2020-03-08T12:00:00.0,bus-3-bus-4-i_6,-68.11846268698133
2020-03-08T13:00:00.0,bus-3-bus-4-i_6,-68.07473278350217
2020-03-08T14:00:00.0,bus-3-bus-4-i_6,-68.06232073697848
2020-03-08T15:00:00.0,bus-3-bus-4-i_6,-68.064386873316
2020-03-08T16:00:00.0,bus-3-bus-4-i_6,-68.10383631388997
2020-03-08T17:00:00.0,bus-3-bus-4-i_6,-68.55277736338795
2020-03-08T18:00:00.0,bus-3-bus-4-i_6,-69.32951981924722
2020-03-08T19:00:00.0,bus-3-bus-4-i_6,-69.25154100005733
2020-03-08T20:00:00.0,bus-3-bus-4-i_6,-69.06057957892759
2020-03-08T21:00:00.0,bus-3-bus-4-i_6,-68.68868401387252
2020-03-08T22:00:00.0,bus-3-bus-4-i_6,-68.38467889395776
2020-03-08T23:00:00.0,bus-3-bus-4-i_6,-68.07059137362769
2020-03-09T00:00:00.0,bus-3-bus-4-i_6,-67.94422168763681
2020-03-09T01:00:00.0,bus-3-bus-4-i_6,-67.86083349476554
2020-03-09T02:00:00.0,bus-3-bus-4-i_6,-67.83733722677518
2020-03-09T03:00:00.0,bus-3-bus-4-i_6,-67.85494572497575
2020-03-09T04:00:00.0,bus-3-bus-4-i_6,-67.9311883130402
2020-03-09T05:00:00.0,bus-3-bus-4-i_6,-68.21367689557991
2020-03-09T06:00:00.0,bus-3-bus-4-i_6,-68.44718957394483
2020-03-09T07:00:00.0,bus-3-bus-4-i_6,-68.5734641780746
2020-03-09T08:00:00.0,bus-3-bus-4-i_6,-68.73004909533446
2020-03-09T09:00:00.0,bus-3-bus-4-i_6,-68.73357720010623
2020-03-09T10:00:00.0,bus-3-bus-4-i_6,-68.69103769336311
2020-03-09T11:00:00.0,bus-3-bus-4-i_6,-68.63601771998434
2020-03-09T12:00:00.0,bus-3-bus-4-i_6,-68.63949083935947
2020-03-09T13:00:00.0,bus-3-bus-4-i_6,-68.60580702866734
2020-03-09T14:00:00.0,bus-3-bus-4-i_6,-68.5401254475039
2020-03-09T15:00:00.0,bus-3-bus-4-i_6,-68.47536885481
2020-03-09T16:00:00.0,bus-3-bus-4-i_6,-68.51392649142063
2020-03-09T17:00:00.0,bus-3-bus-4-i_6,-68.99700405484967
2020-03-09T18:00:00.0,bus-3-bus-4-i_6,-69.98898687176904
2020-03-09T19:00:00.0,bus-3-bus-4-i_6,-69.95761025162226
2020-03-09T20:00:00.0,bus-3-bus-4-i_6,-69.57703985608524
2020-03-09T21:00:00.0,bus-3-bus-4-i_6,-69.100840061402
2020-03-09T22:00:00.0,bus-3-bus-4-i_6,-68.57689960318032
2020-03-09T23:00:00.0,bus-3-bus-4-i_6,-68.18488648204229
2020-03-10T00:00:00.0,bus-3-bus-4-i_6,-67.97848315823514
2020-03-10T01:00:00.0,bus-3-bus-4-i_6,-67.88052539899739
2020-03-10T02:00:00.0,bus-3-bus-4-i_6,-67.8236985799834
2020-03-10T03:00:00.0,bus-3-bus-4-i_6,-67.83733722677518
2020-03-10T04:00:00.0,bus-3-bus-4-i_6,-67.89342055491687
2020-03-10T05:00:00.0,bus-3-bus-4-i_6,-68.13523943500525
2020-03-10T06:00:00.0,bus-3-bus-4-i_6,-68.26853275509754
2020-03-10T07:00:00.0,bus-3-bus-4-i_6,-68.4035853076302
2020-03-10T08:00:00.0,bus-3-bus-4-i_6,-68.51848196336722
2020-03-10T09:00:00.0,bus-3-bus-4-i_6,-68.60812483705931
2020-03-10T10:00:00.0,bus-3-bus-4-i_6,-68.58612576100853
2020-03-10T11:00:00.0,bus-3-bus-4-i_6,-68.5803780486736
2020-03-10T12:00:00.0,bus-3-bus-4-i_6,-68.56196134997403
2020-03-10T13:00:00.0,bus-3-bus-4-i_6,-68.53674443640546
2020-03-10T14:00:00.0,bus-3-bus-4-i_6,-68.47310990118199
2020-03-10T15:00:00.0,bus-3-bus-4-i_6,-68.43038236563069
2020-03-10T16:00:00.0,bus-3-bus-4-i_6,-68.47536885481
2020-03-10T17:00:00.0,bus-3-bus-4-i_6,-68.99948720307822
2020-03-10T18:00:00.0,bus-3-bus-4-i_6,-70.10121462944265
2020-03-10T19:00:00.0,bus-3-bus-4-i_6,-70.07229224369958
2020-03-10T20:00:00.0,bus-3-bus-4-i_6,-69.80416088782763
2020-03-10T21:00:00.0,bus-3-bus-4-i_6,-69.26447393014072
2020-03-10T22:00:00.0,bus-3-bus-4-i_6,-68.70166925418029
2020-03-10T23:00:00.0,bus-3-bus-4-i_6,-68.27719940378785
2020-03-11T00:00:00.0,bus-3-bus-4-i_6,-68.07473278350217
2020-03-11T01:00:00.0,bus-3-bus-4-i_6,-67.96735581741294
2020-03-11T02:00:00.0,bus-3-bus-4-i_6,-67.91423461911846
2020-03-11T03:00:00.0,bus-3-bus-4-i_6,-67.92420492956583
2020-03-11T04:00:00.0,bus-3-bus-4-i_6,-68.03145050766142
2020-03-11T05:00:00.0,bus-3-bus-4-i_6,-68.35263271492244
2020-03-11T06:00:00.0,bus-3-bus-4-i_6,-68.51620372350523
2020-03-11T07:00:00.0,bus-3-bus-4-i_6,-68.56425989294817
2020-03-11T08:00:00.0,bus-3-bus-4-i_6,-68.66520298101398
2020-03-11T09:00:00.0,bus-3-bus-4-i_6,-68.74069904816045
2020-03-11T10:00:00.0,bus-3-bus-4-i_6,-68.70166925418029
2020-03-11T11:00:00.0,bus-3-bus-4-i_6,-68.62319248666103
2020-03-11T12:00:00.0,bus-3-bus-4-i_6,-68.59654592048649
2020-03-11T13:00:00.0,bus-3-bus-4-i_6,-68.52304149317087
2020-03-11T14:00:00.0,bus-3-bus-4-i_6,-68.4359686714493
2020-03-11T15:00:00.0,bus-3-bus-4-i_6,-68.41250142743073
2020-03-11T16:00:00.0,bus-3-bus-4-i_6,-68.44718957394483
2020-03-11T17:00:00.0,bus-3-bus-4-i_6,-68.93152313303901
2020-03-11T18:00:00.0,bus-3-bus-4-i_6,-70.10121462944265
2020-03-11T19:00:00.0,bus-3-bus-4-i_6,-70.12621971001832
2020-03-11T20:00:00.0,bus-3-bus-4-i_6,-69.83893092071716
2020-03-11T21:00:00.0,bus-3-bus-4-i_6,-69.30863641707026
2020-03-11T22:00:00.0,bus-3-bus-4-i_6,-68.7324206847438
2020-03-11T23:00:00.0,bus-3-bus-4-i_6,-68.28697959777077
2020-03-12T00:00:00.0,bus-3-bus-4-i_6,-68.07266157064466
2020-03-12T01:00:00.0,bus-3-bus-4-i_6,-67.98658731934627
2020-03-12T02:00:00.0,bus-3-bus-4-i_6,-67.9311883130402
2020-03-12T03:00:00.0,bus-3-bus-4-i_6,-67.93820600877918
2020-03-12T04:00:00.0,bus-3-bus-4-i_6,-68.03862183810459
2020-03-12T05:00:00.0,bus-3-bus-4-i_6,-68.381366056703
2020-03-12T06:00:00.0,bus-3-bus-4-i_6,-68.57689960318032
2020-03-12T07:00:00.0,bus-3-bus-4-i_6,-68.61972911961965
2020-03-12T08:00:00.0,bus-3-bus-4-i_6,-68.71111297588996
2020-03-12T09:00:00.0,bus-3-bus-4-i_6,-68.73357720010623
2020-03-12T10:00:00.0,bus-3-bus-4-i_6,-68.61390968108574
2020-03-12T11:00:00.0,bus-3-bus-4-i_6,-68.59885967199804
2020-03-12T12:00:00.0,bus-3-bus-4-i_6,-68.59885967199916
2020-03-12T13:00:00.0,bus-3-bus-4-i_6,-68.53674443640546
2020-03-12T14:00:00.0,bus-3-bus-4-i_6,-68.51392649142063
2020-03-12T15:00:00.0,bus-3-bus-4-i_6,-68.43038236563069
2020-03-12T16:00:00.0,bus-3-bus-4-i_6,-68.44718957394483
2020-03-12T17:00:00.0,bus-3-bus-4-i_6,-68.95612900603174
2020-03-12T18:00:00.0,bus-3-bus-4-i_6,-70.13023795469297
2020-03-12T19:00:00.0,bus-3-bus-4-i_6,-70.14187207416656
2020-03-12T20:00:00.0,bus-3-bus-4-i_6,-69.83330159817365
2020-03-12T21:00:00.0,bus-3-bus-4-i_6,-69.36096633396636
2020-03-12T22:00:00.0,bus-3-bus-4-i_6,-68.81847320154229
2020-03-12T23:00:00.0,bus-3-bus-4-i_6,-68.37360013722736
2020-03-13T00:00:00.0,bus-3-bus-4-i_6,-68.13734110202667
2020-03-13T01:00:00.0,bus-3-bus-4-i_6,-68.00691877542707
2020-03-13T02:00:00.0,bus-3-bus-4-i_6,-67.96130506311391
2020-03-13T03:00:00.0,bus-3-bus-4-i_6,-67.98455975734333
2020-03-13T04:00:00.0,bus-3-bus-4-i_6,-68.09966648390834
2020-03-13T05:00:00.0,bus-3-bus-4-i_6,-68.44159093807752
2020-03-13T06:00:00.0,bus-3-bus-4-i_6,-68.66520298101398
2020-03-13T07:00:00.0,bus-3-bus-4-i_6,-68.76450455254428
2020-03-13T08:00:00.0,bus-3-bus-4-i_6,-68.8680221886675
2020-03-13T09:00:00.0,bus-3-bus-4-i_6,-68.71111297588996
2020-03-13T10:00:00.0,bus-3-bus-4-i_6,-68.87657189454812
2020-03-13T11:00:00.0,bus-3-bus-4-i_6,-68.8148252042744
2020-03-13T12:00:00.0,bus-3-bus-4-i_6,-68.67457850117793
2020-03-13T13:00:00.0,bus-3-bus-4-i_6,-68.57689960318032
2020-03-13T14:00:00.0,bus-3-bus-4-i_6,-68.52760508448364
2020-03-13T15:00:00.0,bus-3-bus-4-i_6,-68.48779465474308
2020-03-13T16:00:00.0,bus-3-bus-4-i_6,-68.70875052280219
2020-03-13T17:00:00.0,bus-3-bus-4-i_6,-69.42309435286728
2020-03-13T18:00:00.0,bus-3-bus-4-i_6,-70.48331927861504
2020-03-13T19:00:00.0,bus-3-bus-4-i_6,-70.43200046806358
2020-03-13T20:00:00.0,bus-3-bus-4-i_6,-70.18856042198954
2020-03-13T21:00:00.0,bus-3-bus-4-i_6,-69.89802509792342
2020-03-13T22:00:00.0,bus-3-bus-4-i_6,-69.39135583058889
2020-03-13T23:00:00.0,bus-3-bus-4-i_6,-68.88992580459873
2020-03-14T00:00:00.0,bus-3-bus-4-i_6,-68.55390515559625
2020-03-14T01:00:00.0,bus-3-bus-4-i_6,-68.38802117069297
2020-03-14T02:00:00.0,bus-3-bus-4-i_6,-68.24693790689898
2020-03-14T03:00:00.0,bus-3-bus-4-i_6,-68.20726533998031
2020-03-14T04:00:00.0,bus-3-bus-4-i_6,-68.25340571247969
2020-03-14T05:00:00.0,bus-3-bus-4-i_6,-68.39800725833811
2020-03-14T06:00:00.0,bus-3-bus-4-i_6,-68.39246299322897
2020-03-14T07:00:00.0,bus-3-bus-4-i_6,-68.45732556058385
2020-03-14T08:00:00.0,bus-3-bus-4-i_6,-68.55620005994459
2020-03-14T09:00:00.0,bus-3-bus-4-i_6,-68.70875052280219
2020-03-14T10:00:00.0,bus-3-bus-4-i_6,-68.66171454476753
2020-03-14T11:00:00.0,bus-3-bus-4-i_6,-68.5734641780746
2020-03-14T12:00:00.0,bus-3-bus-4-i_6,-68.49347710446672
2020-03-14T13:00:00.0,bus-3-bus-4-i_6,-68.45957740963846
2020-03-14T14:00:00.0,bus-3-bus-4-i_6,-68.30547686197406
2020-03-14T15:00:00.0,bus-3-bus-4-i_6,-68.35263271492244
2020-03-14T16:00:00.0,bus-3-bus-4-i_6,-68.53674443640546
2020-03-14T17:00:00.0,bus-3-bus-4-i_6,-69.07193980723008
2020-03-14T18:00:00.0,bus-3-bus-4-i_6,-70.17685160656839
2020-03-14T19:00:00.0,bus-3-bus-4-i_6,-70.18856042198954
2020-03-14T20:00:00.0,bus-3-bus-4-i_6,-69.97756318272579
2020-03-14T21:00:00.0,bus-3-bus-4-i_6,-69.58516987561478
2020-03-14T22:00:00.0,bus-3-bus-4-i_6,-69.18469615130638
2020-03-14T23:00:00.0,bus-3-bus-4-i_6,-68.73357720010623
2020-03-15T00:00:00.0,bus-3-bus-4-i_6,-68.43038236563069
2020-03-15T01:00:00.0,bus-3-bus-4-i_6,-68.29568057629089
2020-03-15T02:00:00.0,bus-3-bus-4-i_6,-68.20726533998031
2020-03-15T03:00:00.0,bus-3-bus-4-i_6,-68.18705984600149
2020-03-15T04:00:00.0,bus-3-bus-4-i_6,-68.23188185921146
2020-03-15T05:00:00.0,bus-3-bus-4-i_6,-68.30876247703179
2020-03-15T06:00:00.0,bus-3-bus-4-i_6,-68.20513018368534
2020-03-15T07:00:00.0,bus-3-bus-4-i_6,-68.2297350498331
2020-03-15T08:00:00.0,bus-3-bus-4-i_6,-68.30547686197406
2020-03-15T09:00:00.0,bus-3-bus-4-i_6,-68.30984251115248
2020-03-15T10:00:00.0,bus-3-bus-4-i_6,-68.30111528577225
2020-03-15T11:00:00.0,bus-3-bus-4-i_6,-68.23188185921146
2020-03-15T12:00:00.0,bus-3-bus-4-i_6,-68.18068606060628
2020-03-15T13:00:00.0,bus-3-bus-4-i_6,-68.1069562423672
2020-03-15T14:00:00.0,bus-3-bus-4-i_6,-68.05508964020648
2020-03-15T15:00:00.0,bus-3-bus-4-i_6,-68.05200529401402
2020-03-15T16:00:00.0,bus-3-bus-4-i_6,-68.13734110202667
2020-03-15T17:00:00.0,bus-3-bus-4-i_6,-68.65001894812744
2020-03-15T18:00:00.0,bus-3-bus-4-i_6,-69.680691962274
2020-03-15T19:00:00.0,bus-3-bus-4-i_6,-69.83893092071716
2020-03-15T20:00:00.0,bus-3-bus-4-i_6,-69.63568288308967
2020-03-15T21:00:00.0,bus-3-bus-4-i_6,-69.29181362370683
2020-03-15T22:00:00.0,bus-3-bus-4-i_6,-68.87657189454812
2020-03-15T23:00:00.0,bus-3-bus-4-i_6,-68.44608146885149
2020-03-16T00:00:00.0,bus-3-bus-4-i_6,-68.22758908441955
2020-03-16T01:00:00.0,bus-3-bus-4-i_6,-68.11949921330643
2020-03-16T02:00:00.0,bus-3-bus-4-i_6,-68.0788782446452
2020-03-16T03:00:00.0,bus-3-bus-4-i_6,-68.12368832168252
2020-03-16T04:00:00.0,bus-3-bus-4-i_6,-68.30876247703179
2020-03-16T05:00:00.0,bus-3-bus-4-i_6,-68.71584092818681
2020-03-16T06:00:00.0,bus-3-bus-4-i_6,-68.86316572700571
2020-03-16T07:00:00.0,bus-3-bus-4-i_6,-68.85588897285109
2020-03-16T08:00:00.0,bus-3-bus-4-i_6,-68.85229309039231
2020-03-16T09:00:00.0,bus-3-bus-4-i_6,-68.83169822193977
2020-03-16T10:00:00.0,bus-3-bus-4-i_6,-68.74069904816045
2020-03-16T11:00:00.0,bus-3-bus-4-i_6,-68.63949083935947
2020-03-16T12:00:00.0,bus-3-bus-4-i_6,-68.57689960318032
2020-03-16T13:00:00.0,bus-3-bus-4-i_6,-68.51848196336722
2020-03-16T14:00:00.0,bus-3-bus-4-i_6,-68.4348627500244
2020-03-16T15:00:00.0,bus-3-bus-4-i_6,-68.3438262035279
2020-03-16T16:00:00.0,bus-3-bus-4-i_6,-68.42366941302967
2020-03-16T17:00:00.0,bus-3-bus-4-i_6,-68.86073908599073
2020-03-16T18:00:00.0,bus-3-bus-4-i_6,-70.26501516490188
2020-03-16T19:00:00.0,bus-3-bus-4-i_6,-70.30648667287869
2020-03-16T20:00:00.0,bus-3-bus-4-i_6,-70.08963042345202
2020-03-16T21:00:00.0,bus-3-bus-4-i_6,-69.5542081222467
2020-03-16T22:00:00.0,bus-3-bus-4-i_6,-68.96234637715135
2020-03-16T23:00:00.0,bus-3-bus-4-i_6,-68.48553019275928
2020-03-17T00:00:00.0,bus-3-bus-4-i_6,-68.24693790689898
2020-03-17T01:00:00.0,bus-3-bus-4-i_6,-68.15950332573868
2020-03-17T02:00:00.0,bus-3-bus-4-i_6,-68.13313879630974
2020-03-17T03:00:00.0,bus-3-bus-4-i_6,-68.18068606060628
2020-03-17T04:00:00.0,bus-3-bus-4-i_6,-68.37914970262858
2020-03-17T05:00:00.0,bus-3-bus-4-i_6,-68.83169822193977
2020-03-17T06:00:00.0,bus-3-bus-4-i_6,-68.97094111809068
2020-03-17T07:00:00.0,bus-3-bus-4-i_6,-68.96234637715135
2020-03-17T08:00:00.0,bus-3-bus-4-i_6,-68.93397931690046
2020-03-17T09:00:00.0,bus-3-bus-4-i_6,-68.84620049111084
2020-03-17T10:00:00.0,bus-3-bus-4-i_6,-68.70166925418029
2020-03-17T11:00:00.0,bus-3-bus-4-i_6,-68.6570332531187
2020-03-17T12:00:00.0,bus-3-bus-4-i_6,-68.61390968108574
2020-03-17T13:00:00.0,bus-3-bus-4-i_6,-68.55620005994459
2020-03-17T14:00:00.0,bus-3-bus-4-i_6,-68.5071008963241
2020-03-17T15:00:00.0,bus-3-bus-4-i_6,-68.44718957394483
2020-03-17T16:00:00.0,bus-3-bus-4-i_6,-68.47310990118199
2020-03-17T17:00:00.0,bus-3-bus-4-i_6,-68.84378076853883
2020-03-17T18:00:00.0,bus-3-bus-4-i_6,-70.07229224369958
2020-03-17T19:00:00.0,bus-3-bus-4-i_6,-70.13605471722704
2020-03-17T20:00:00.0,bus-3-bus-4-i_6,-69.80974859378904
2020-03-17T21:00:00.0,bus-3-bus-4-i_6,-69.25671095910175
2020-03-17T22:00:00.0,bus-3-bus-4-i_6,-68.70166925418029
2020-03-17T23:00:00.0,bus-3-bus-4-i_6,-68.2706978391777
2020-03-18T00:00:00.0,bus-3-bus-4-i_6,-68.0437711930296
2020-03-18T01:00:00.0,bus-3-bus-4-i_6,-67.941211071033
2020-03-18T02:00:00.0,bus-3-bus-4-i_6,-67.91123736081046
2020-03-18T03:00:00.0,bus-3-bus-4-i_6,-67.92620204659305
2020-03-18T04:00:00.0,bus-3-bus-4-i_6,-68.02121118634382
2020-03-18T05:00:00.0,bus-3-bus-4-i_6,-68.32626186755918
2020-03-18T06:00:00.0,bus-3-bus-4-i_6,-68.45282488143184
2020-03-18T07:00:00.0,bus-3-bus-4-i_6,-68.49801430731594
2020-03-18T08:00:00.0,bus-3-bus-4-i_6,-68.57116158866192
2020-03-18T09:00:00.0,bus-3-bus-4-i_6,-68.55277736338795
2020-03-18T10:00:00.0,bus-3-bus-4-i_6,-68.5071008963241
2020-03-18T11:00:00.0,bus-3-bus-4-i_6,-68.51620372350523
2020-03-18T12:00:00.0,bus-3-bus-4-i_6,-68.51392649142063
2020-03-18T13:00:00.0,bus-3-bus-4-i_6,-68.49801430731594
2020-03-18T14:00:00.0,bus-3-bus-4-i_6,-68.43262205369771
2020-03-18T15:00:00.0,bus-3-bus-4-i_6,-68.37693437603983
2020-03-18T16:00:00.0,bus-3-bus-4-i_6,-68.41250142743073
2020-03-18T17:00:00.0,bus-3-bus-4-i_6,-68.70166925418029
2020-03-18T18:00:00.0,bus-3-bus-4-i_6,-69.86981889851182
2020-03-18T19:00:00.0,bus-3-bus-4-i_6,-69.95761025162226
2020-03-18T20:00:00.0,bus-3-bus-4-i_6,-69.63568288308967
2020-03-18T21:00:00.0,bus-3-bus-4-i_6,-69.24001098764033
2020-03-18T22:00:00.0,bus-3-bus-4-i_6,-68.67693084377817
2020-03-18T23:00:00.0,bus-3-bus-4-i_6,-68.26853275509754
2020-03-19T00:00:00.0,bus-3-bus-4-i_6,-68.07680500944112
2020-03-19T01:00:00.0,bus-3-bus-4-i_6,-67.56678571229547
2020-03-19T02:00:00.0,bus-3-bus-4-i_6,-67.55957093882557
2020-03-19T03:00:00.0,bus-3-bus-4-i_6,-67.56859194067016
2020-03-19T04:00:00.0,bus-3-bus-4-i_6,-67.6076582217246
2020-03-19T05:00:00.0,bus-3-bus-4-i_6,-67.662056183774
2020-03-19T06:00:00.0,bus-3-bus-4-i_6,-68.56425989294817
2020-03-19T07:00:00.0,bus-3-bus-4-i_6,-68.65235604383281
2020-03-19T08:00:00.0,bus-3-bus-4-i_6,-68.7240956026991
2020-03-19T09:00:00.0,bus-3-bus-4-i_6,-68.70875052280219
2020-03-19T10:00:00.0,bus-3-bus-4-i_6,-68.61390968108574
2020-03-19T11:00:00.0,bus-3-bus-4-i_6,-68.60580702866734
2020-03-19T12:00:00.0,bus-3-bus-4-i_6,-68.55620005994459
2020-03-19T13:00:00.0,bus-3-bus-4-i_6,-68.55390515559625
2020-03-19T14:00:00.0,bus-3-bus-4-i_6,-68.49801430731594
2020-03-19T15:00:00.0,bus-3-bus-4-i_6,-68.45957740963846
2020-03-19T16:00:00.0,bus-3-bus-4-i_6,-68.4776288301941
2020-03-19T17:00:00.0,bus-3-bus-4-i_6,-68.8257035867742
2020-03-19T18:00:00.0,bus-3-bus-4-i_6,-69.95360433365147
2020-03-19T19:00:00.0,bus-3-bus-4-i_6,-69.93484415965001
2020-03-19T20:00:00.0,bus-3-bus-4-i_6,-69.64114695541494
2020-03-19T21:00:00.0,bus-3-bus-4-i_6,-69.09327164277741
2020-03-19T22:00:00.0,bus-3-bus-4-i_6,-68.57116158866192
2020-03-19T23:00:00.0,bus-3-bus-4-i_6,-68.18705984600149
2020-03-20T00:00:00.0,bus-3-bus-4-i_6,-67.97848315823514
2020-03-20T01:00:00.0,bus-3-bus-4-i_6,-67.88447595598647
2020-03-20T02:00:00.0,bus-3-bus-4-i_6,-67.84319758365966
2020-03-20T03:00:00.0,bus-3-bus-4-i_6,-67.83928966593297
2020-03-20T04:00:00.0,bus-3-bus-4-i_6,-67.90031882436604
2020-03-20T05:00:00.0,bus-3-bus-4-i_6,-68.13523943500525
2020-03-20T06:00:00.0,bus-3-bus-4-i_6,-68.17851604007608
2020-03-20T07:00:00.0,bus-3-bus-4-i_6,-68.3175040561478
2020-03-20T08:00:00.0,bus-3-bus-4-i_6,-68.46633908825633
2020-03-20T09:00:00.0,bus-3-bus-4-i_6,-68.58843483291733
2020-03-20T10:00:00.0,bus-3-bus-4-i_6,-68.60812483705931
2020-03-20T11:00:00.0,bus-3-bus-4-i_6,-68.60580702866734
2020-03-20T12:00:00.0,bus-3-bus-4-i_6,-68.61044366688148
2020-03-20T13:00:00.0,bus-3-bus-4-i_6,-68.5401254475039
2020-03-20T14:00:00.0,bus-3-bus-4-i_6,-68.44718957394483
2020-03-20T15:00:00.0,bus-3-bus-4-i_6,-68.38802117069297
2020-03-20T16:00:00.0,bus-3-bus-4-i_6,-68.39024157875771
2020-03-20T17:00:00.0,bus-3-bus-4-i_6,-68.70166925418029
2020-03-20T18:00:00.0,bus-3-bus-4-i_6,-69.62204041316
2020-03-20T19:00:00.0,bus-3-bus-4-i_6,-69.65208728511791
2020-03-20T20:00:00.0,bus-3-bus-4-i_6,-69.4668400879606
2020-03-20T21:00:00.0,bus-3-bus-4-i_6,-69.10722218003677
2020-03-20T22:00:00.0,bus-3-bus-4-i_6,-68.68518180684323
2020-03-20T23:00:00.0,bus-3-bus-4-i_6,-68.3175040561478
2020-03-21T00:00:00.0,bus-3-bus-4-i_6,-68.07266157064466
2020-03-21T01:00:00.0,bus-3-bus-4-i_6,-67.9492309577177
2020-03-21T02:00:00.0,bus-3-bus-4-i_6,-67.89342055491687
2020-03-21T03:00:00.0,bus-3-bus-4-i_6,-67.87755370597557
2020-03-21T04:00:00.0,bus-3-bus-4-i_6,-67.90328554365907
2020-03-21T05:00:00.0,bus-3-bus-4-i_6,-67.97948473168978
2020-03-21T06:00:00.0,bus-3-bus-4-i_6,-67.82077047746986
2020-03-21T07:00:00.0,bus-3-bus-4-i_6,-67.8588698868808
2020-03-21T08:00:00.0,bus-3-bus-4-i_6,-67.97443717597929
2020-03-21T09:00:00.0,bus-3-bus-4-i_6,-68.10383631388997
2020-03-21T10:00:00.0,bus-3-bus-4-i_6,-68.16368727543383
2020-03-21T11:00:00.0,bus-3-bus-4-i_6,-68.17851604007608
2020-03-21T12:00:00.0,bus-3-bus-4-i_6,-68.13523943500525
2020-03-21T13:00:00.0,bus-3-bus-4-i_6,-68.11009866823612
2020-03-21T14:00:00.0,bus-3-bus-4-i_6,-68.05200529401402
2020-03-21T15:00:00.0,bus-3-bus-4-i_6,-68.02940061854476
2020-03-21T16:00:00.0,bus-3-bus-4-i_6,-68.0882102810819
2020-03-21T17:00:00.0,bus-3-bus-4-i_6,-68.50367427628008
2020-03-21T18:00:00.0,bus-3-bus-4-i_6,-69.41779445931203
2020-03-21T19:00:00.0,bus-3-bus-4-i_6,-69.44167588442747
2020-03-21T20:00:00.0,bus-3-bus-4-i_6,-69.30082184296671
2020-03-21T21:00:00.0,bus-3-bus-4-i_6,-68.98956067112877
2020-03-21T22:00:00.0,bus-3-bus-4-i_6,-68.63601771998434
2020-03-21T23:00:00.0,bus-3-bus-4-i_6,-68.29350381283939
2020-03-22T00:00:00.0,bus-3-bus-4-i_6,-68.07473278350217
2020-03-22T01:00:00.0,bus-3-bus-4-i_6,-67.97443717597929
2020-03-22T02:00:00.0,bus-3-bus-4-i_6,-67.91123736081046
2020-03-22T03:00:00.0,bus-3-bus-4-i_6,-67.92820015710006
2020-03-22T04:00:00.0,bus-3-bus-4-i_6,-67.941211071033
2020-03-22T05:00:00.0,bus-3-bus-4-i_6,-68.01099724164197
2020-03-22T06:00:00.0,bus-3-bus-4-i_6,-67.92620204659305
2020-03-22T07:00:00.0,bus-3-bus-4-i_6,-68.00080868039343
2020-03-22T08:00:00.0,bus-3-bus-4-i_6,-68.15734729764947
2020-03-22T09:00:00.0,bus-3-bus-4-i_6,-68.26853275509754
2020-03-22T10:00:00.0,bus-3-bus-4-i_6,-68.22652741734494
2020-03-22T11:00:00.0,bus-3-bus-4-i_6,-68.21581610995533
2020-03-22T12:00:00.0,bus-3-bus-4-i_6,-68.20726533998031
2020-03-22T13:00:00.0,bus-3-bus-4-i_6,-68.15734729764947
2020-03-22T14:00:00.0,bus-3-bus-4-i_6,-68.1069562423672
2020-03-22T15:00:00.0,bus-3-bus-4-i_6,-68.064386873316
2020-03-22T16:00:00.0,bus-3-bus-4-i_6,-68.1069562423672
2020-03-22T17:00:00.0,bus-3-bus-4-i_6,-68.43038236563069
2020-03-22T18:00:00.0,bus-3-bus-4-i_6,-69.25154100005733
2020-03-22T19:00:00.0,bus-3-bus-4-i_6,-69.35309104545757
2020-03-22T20:00:00.0,bus-3-bus-4-i_6,-69.19228638370221
2020-03-22T21:00:00.0,bus-3-bus-4-i_6,-68.85588897285109
2020-03-22T22:00:00.0,bus-3-bus-4-i_6,-68.50822037986921
2020-03-22T23:00:00.0,bus-3-bus-4-i_6,-68.18488648204229
2020-03-23T00:00:00.0,bus-3-bus-4-i_6,-68.02631690676844
2020-03-23T01:00:00.0,bus-3-bus-4-i_6,-67.95426814226666
2020-03-23T02:00:00.0,bus-3-bus-4-i_6,-67.94422168763681
2020-03-23T03:00:00.0,bus-3-bus-4-i_6,-67.97848315823514
2020-03-23T04:00:00.0,bus-3-bus-4-i_6,-68.1069562423672
2020-03-23T05:00:00.0,bus-3-bus-4-i_6,-68.40914195260189
2020-03-23T06:00:00.0,bus-3-bus-4-i_6,-68.4550747058315
2020-03-23T07:00:00.0,bus-3-bus-4-i_6,-68.6174062283335
2020-03-23T08:00:00.0,bus-3-bus-4-i_6,-68.70638908808246
2020-03-23T09:00:00.0,bus-3-bus-4-i_6,-68.70166925418029
2020-03-23T10:00:00.0,bus-3-bus-4-i_6,-68.58151065392013
2020-03-23T11:00:00.0,bus-3-bus-4-i_6,-68.51620372350523
2020-03-23T12:00:00.0,bus-3-bus-4-i_6,-68.48441486564484
2020-03-23T13:00:00.0,bus-3-bus-4-i_6,-68.44718957394483
2020-03-23T14:00:00.0,bus-3-bus-4-i_6,-68.37693437603983
2020-03-23T15:00:00.0,bus-3-bus-4-i_6,-68.30876247703179
2020-03-23T16:00:00.0,bus-3-bus-4-i_6,-68.37914970262858
2020-03-23T17:00:00.0,bus-3-bus-4-i_6,-68.81125195480514
2020-03-23T18:00:00.0,bus-3-bus-4-i_6,-69.91216602867493
2020-03-23T19:00:00.0,bus-3-bus-4-i_6,-70.06651978888705
2020-03-23T20:00:00.0,bus-3-bus-4-i_6,-69.67676230727257
2020-03-23T21:00:00.0,bus-3-bus-4-i_6,-69.13120563260398
2020-03-23T22:00:00.0,bus-3-bus-4-i_6,-68.57689960318032
2020-03-23T23:00:00.0,bus-3-bus-4-i_6,-68.1436521703483
2020-03-24T00:00:00.0,bus-3-bus-4-i_6,-67.95725264110398
2020-03-24T01:00:00.0,bus-3-bus-4-i_6,-67.8746071679506
2020-03-24T02:00:00.0,bus-3-bus-4-i_6,-67.83343539560381
2020-03-24T03:00:00.0,bus-3-bus-4-i_6,-67.84710957309562
2020-03-24T04:00:00.0,bus-3-bus-4-i_6,-67.92420492956583
2020-03-24T05:00:00.0,bus-3-bus-4-i_6,-68.2297350498331
2020-03-24T06:00:00.0,bus-3-bus-4-i_6,-68.5424142467582
2020-03-24T07:00:00.0,bus-3-bus-4-i_6,-68.59654592048649
2020-03-24T08:00:00.0,bus-3-bus-4-i_6,-68.70166925418029
2020-03-24T09:00:00.0,bus-3-bus-4-i_6,-68.77166577749767
2020-03-24T10:00:00.0,bus-3-bus-4-i_6,-68.6570332531187
2020-03-24T11:00:00.0,bus-3-bus-4-i_6,-68.66171454476753
2020-03-24T12:00:00.0,bus-3-bus-4-i_6,-68.81125195480514
2020-03-24T13:00:00.0,bus-3-bus-4-i_6,-68.70875052280219
2020-03-24T14:00:00.0,bus-3-bus-4-i_6,-68.61044366688148
2020-03-24T15:00:00.0,bus-3-bus-4-i_6,-68.46633908825633
2020-03-24T16:00:00.0,bus-3-bus-4-i_6,-68.52760508448364
2020-03-24T17:00:00.0,bus-3-bus-4-i_6,-68.84378076853883
2020-03-24T18:00:00.0,bus-3-bus-4-i_6,-70.25512161899996
2020-03-24T19:00:00.0,bus-3-bus-4-i_6,-70.43200046806358
2020-03-24T20:00:00.0,bus-3-bus-4-i_6,-70.07229224369958
2020-03-24T21:00:00.0,bus-3-bus-4-i_6,-69.41105457927739
2020-03-24T22:00:00.0,bus-3-bus-4-i_6,-68.74069904816045
2020-03-24T23:00:00.0,bus-3-bus-4-i_6,-68.29785836129604
2020-03-25T00:00:00.0,bus-3-bus-4-i_6,-68.08718136820625
2020-03-25T01:00:00.0,bus-3-bus-4-i_6,-68.01916636836874
2020-03-25T02:00:00.0,bus-3-bus-4-i_6,-67.99267610018723
2020-03-25T03:00:00.0,bus-3-bus-4-i_6,-68.02530387752807
2020-03-25T04:00:00.0,bus-3-bus-4-i_6,-68.16898782656166
2020-03-25T05:00:00.0,bus-3-bus-4-i_6,-68.47536885481
2020-03-25T06:00:00.0,bus-3-bus-4-i_6,-68.61044366688148
2020-03-25T07:00:00.0,bus-3-bus-4-i_6,-68.59999540703097
2020-03-25T08:00:00.0,bus-3-bus-4-i_6,-68.57116158866192
2020-03-25T09:00:00.0,bus-3-bus-4-i_6,-68.53674443640546
2020-03-25T10:00:00.0,bus-3-bus-4-i_6,-68.48553019275928
2020-03-25T11:00:00.0,bus-3-bus-4-i_6,-68.43262205369771
2020-03-25T12:00:00.0,bus-3-bus-4-i_6,-68.4035853076302
2020-03-25T13:00:00.0,bus-3-bus-4-i_6,-68.381366056703
2020-03-25T14:00:00.0,bus-3-bus-4-i_6,-68.31313124004151
2020-03-25T15:00:00.0,bus-3-bus-4-i_6,-68.24478382124343
2020-03-25T16:00:00.0,bus-3-bus-4-i_6,-68.2674617627881
2020-03-25T17:00:00.0,bus-3-bus-4-i_6,-68.51392649142063
2020-03-25T18:00:00.0,bus-3-bus-4-i_6,-69.4935775568994
2020-03-25T19:00:00.0,bus-3-bus-4-i_6,-69.60298351763439
2020-03-25T20:00:00.0,bus-3-bus-4-i_6,-69.35976331666332
2020-03-25T21:00:00.0,bus-3-bus-4-i_6,-68.8985095140364
2020-03-25T22:00:00.0,bus-3-bus-4-i_6,-68.36808319842692
2020-03-25T23:00:00.0,bus-3-bus-4-i_6,-68.00895750797129
2020-03-26T00:00:00.0,bus-3-bus-4-i_6,-67.87066675791363
2020-03-26T01:00:00.0,bus-3-bus-4-i_6,-67.80817247583069
2020-03-26T02:00:00.0,bus-3-bus-4-i_6,-67.77634262765054
2020-03-26T03:00:00.0,bus-3-bus-4-i_6,-67.78595516676936
2020-03-26T04:00:00.0,bus-3-bus-4-i_6,-67.88447595598647
2020-03-26T05:00:00.0,bus-3-bus-4-i_6,-68.10383631388997
2020-03-26T06:00:00.0,bus-3-bus-4-i_6,-68.22652741734494
2020-03-26T07:00:00.0,bus-3-bus-4-i_6,-68.30003715144973
2020-03-26T08:00:00.0,bus-3-bus-4-i_6,-68.33503592034475
2020-03-26T09:00:00.0,bus-3-bus-4-i_6,-68.4035853076302
2020-03-26T10:00:00.0,bus-3-bus-4-i_6,-68.43262205369771
2020-03-26T11:00:00.0,bus-3-bus-4-i_6,-68.45732556058385
2020-03-26T12:00:00.0,bus-3-bus-4-i_6,-68.47310990118199
2020-03-26T13:00:00.0,bus-3-bus-4-i_6,-68.4550747058315
2020-03-26T14:00:00.0,bus-3-bus-4-i_6,-68.41250142743073
2020-03-26T15:00:00.0,bus-3-bus-4-i_6,-68.36033894531104
2020-03-26T16:00:00.0,bus-3-bus-4-i_6,-68.36366370549884
2020-03-26T17:00:00.0,bus-3-bus-4-i_6,-68.5734641780746
2020-03-26T18:00:00.0,bus-3-bus-4-i_6,-69.52845019293281
2020-03-26T19:00:00.0,bus-3-bus-4-i_6,-69.6302228644693
2020-03-26T20:00:00.0,bus-3-bus-4-i_6,-69.35309104545757
2020-03-26T21:00:00.0,bus-3-bus-4-i_6,-68.83169822193977
2020-03-26T22:00:00.0,bus-3-bus-4-i_6,-68.30547686197406
2020-03-26T23:00:00.0,bus-3-bus-4-i_6,-67.9754376989826
2020-03-27T00:00:00.0,bus-3-bus-4-i_6,-67.8130053072081
2020-03-27T01:00:00.0,bus-3-bus-4-i_6,-67.7476573260015
2020-03-27T02:00:00.0,bus-3-bus-4-i_6,-67.71920049504408
2020-03-27T03:00:00.0,bus-3-bus-4-i_6,-67.71731149654032
2020-03-27T04:00:00.0,bus-3-bus-4-i_6,-67.79173487461838
2020-03-27T05:00:00.0,bus-3-bus-4-i_6,-67.94422168763681
2020-03-27T06:00:00.0,bus-3-bus-4-i_6,-68.01916636836874
2020-03-27T07:00:00.0,bus-3-bus-4-i_6,-68.14890820032309
2020-03-27T08:00:00.0,bus-3-bus-4-i_6,-68.26097408967308
2020-03-27T09:00:00.0,bus-3-bus-4-i_6,-68.36808319842692
2020-03-27T10:00:00.0,bus-3-bus-4-i_6,-68.43038236563069
2020-03-27T11:00:00.0,bus-3-bus-4-i_6,-68.47536885481
2020-03-27T12:00:00.0,bus-3-bus-4-i_6,-68.52532277382696
2020-03-27T13:00:00.0,bus-3-bus-4-i_6,-68.53217273182875
2020-03-27T14:00:00.0,bus-3-bus-4-i_6,-68.5401254475039
2020-03-27T15:00:00.0,bus-3-bus-4-i_6,-68.46859500880885
2020-03-27T16:00:00.0,bus-3-bus-4-i_6,-68.44269810392163
2020-03-27T17:00:00.0,bus-3-bus-4-i_6,-68.65937338941347
2020-03-27T18:00:00.0,bus-3-bus-4-i_6,-69.51649871313094
2020-03-27T19:00:00.0,bus-3-bus-4-i_6,-69.48166071887148
2020-03-27T20:00:00.0,bus-3-bus-4-i_6,-69.22454927208634
2020-03-27T21:00:00.0,bus-3-bus-4-i_6,-68.80163781407747
2020-03-27T22:00:00.0,bus-3-bus-4-i_6,-68.42590604551513
2020-03-27T23:00:00.0,bus-3-bus-4-i_6,-68.09758309613274
2020-03-28T00:00:00.0,bus-3-bus-4-i_6,-67.87755370597557
2020-03-28T01:00:00.0,bus-3-bus-4-i_6,-67.78210710561004
2020-03-28T02:00:00.0,bus-3-bus-4-i_6,-67.74100973063346
2020-03-28T03:00:00.0,bus-3-bus-4-i_6,-67.72298153502226
2020-03-28T04:00:00.0,bus-3-bus-4-i_6,-67.74384987840341
2020-03-28T05:00:00.0,bus-3-bus-4-i_6,-67.75719370865963
2020-03-28T06:00:00.0,bus-3-bus-4-i_6,-67.70599882910196
2020-03-28T07:00:00.0,bus-3-bus-4-i_6,-67.77634262765054
2020-03-28T08:00:00.0,bus-3-bus-4-i_6,-67.91521943307393
2020-03-28T09:00:00.0,bus-3-bus-4-i_6,-68.11009866823612
2020-03-28T10:00:00.0,bus-3-bus-4-i_6,-68.15208113975561
2020-03-28T11:00:00.0,bus-3-bus-4-i_6,-68.17427419426912
2020-03-28T12:00:00.0,bus-3-bus-4-i_6,-68.2297350498331
2020-03-28T13:00:00.0,bus-3-bus-4-i_6,-68.21050557037785
2020-03-28T14:00:00.0,bus-3-bus-4-i_6,-68.16898782656166
2020-03-28T15:00:00.0,bus-3-bus-4-i_6,-68.18068606060628
2020-03-28T16:00:00.0,bus-3-bus-4-i_6,-68.22758908441955
2020-03-28T17:00:00.0,bus-3-bus-4-i_6,-68.44718957394483
2020-03-28T18:00:00.0,bus-3-bus-4-i_6,-69.29181362370683
2020-03-28T19:00:00.0,bus-3-bus-4-i_6,-69.30863641707026
2020-03-28T20:00:00.0,bus-3-bus-4-i_6,-69.0543731627411
2020-03-28T21:00:00.0,bus-3-bus-4-i_6,-68.71111297588996
2020-03-28T22:00:00.0,bus-3-bus-4-i_6,-68.43038236563069
2020-03-28T23:00:00.0,bus-3-bus-4-i_6,-68.11531416438248
2020-03-29T00:00:00.0,bus-3-bus-4-i_6,-67.90328554365907
2020-03-29T01:00:00.0,bus-3-bus-4-i_6,-67.80043378207833
2020-03-29T02:00:00.0,bus-3-bus-4-i_6,-67.74384987840341
2020-03-29T03:00:00.0,bus-3-bus-4-i_6,-67.71165059416325
2020-03-29T04:00:00.0,bus-3-bus-4-i_6,-67.73341317974582
2020-03-29T05:00:00.0,bus-3-bus-4-i_6,-67.71542351275022
2020-03-29T06:00:00.0,bus-3-bus-4-i_6,-67.6546302105688
2020-03-29T07:00:00.0,bus-3-bus-4-i_6,-67.73624717485367
2020-03-29T08:00:00.0,bus-3-bus-4-i_6,-67.8746071679506
2020-03-29T09:00:00.0,bus-3-bus-4-i_6,-68.01916636836874
2020-03-29T10:00:00.0,bus-3-bus-4-i_6,-68.04478935692693
2020-03-29T11:00:00.0,bus-3-bus-4-i_6,-68.09758309613274
2020-03-29T12:00:00.0,bus-3-bus-4-i_6,-68.1069562423672
2020-03-29T13:00:00.0,bus-3-bus-4-i_6,-68.11322316167141
2020-03-29T14:00:00.0,bus-3-bus-4-i_6,-68.11949921330643
2020-03-29T15:00:00.0,bus-3-bus-4-i_6,-68.12684294466031
2020-03-29T16:00:00.0,bus-3-bus-4-i_6,-68.14890820032309
2020-03-29T17:00:00.0,bus-3-bus-4-i_6,-68.31421219629368
2020-03-29T18:00:00.0,bus-3-bus-4-i_6,-69.13120563260398
2020-03-29T19:00:00.0,bus-3-bus-4-i_6,-69.18469615130638
2020-03-29T20:00:00.0,bus-3-bus-4-i_6,-68.97717532029431
2020-03-29T21:00:00.0,bus-3-bus-4-i_6,-68.63601771998434
2020-03-29T22:00:00.0,bus-3-bus-4-i_6,-68.30984251115248
2020-03-29T23:00:00.0,bus-3-bus-4-i_6,-68.00385217884673
2020-03-30T00:00:00.0,bus-3-bus-4-i_6,-67.83928966593297
2020-03-30T01:00:00.0,bus-3-bus-4-i_6,-67.77634262765054
2020-03-30T02:00:00.0,bus-3-bus-4-i_6,-67.75337609628869
2020-03-30T03:00:00.0,bus-3-bus-4-i_6,-67.75910402991299
2020-03-30T04:00:00.0,bus-3-bus-4-i_6,-67.83148599860944
2020-03-30T05:00:00.0,bus-3-bus-4-i_6,-67.97948473168978
2020-03-30T06:00:00.0,bus-3-bus-4-i_6,-68.01916636836874
2020-03-30T07:00:00.0,bus-3-bus-4-i_6,-68.18068606060628
2020-03-30T08:00:00.0,bus-3-bus-4-i_6,-68.37914970262858
2020-03-30T09:00:00.0,bus-3-bus-4-i_6,-68.52760508448364
2020-03-30T10:00:00.0,bus-3-bus-4-i_6,-68.58612576100853
2020-03-30T11:00:00.0,bus-3-bus-4-i_6,-68.68518180684323
2020-03-30T12:00:00.0,bus-3-bus-4-i_6,-68.75857503551369
2020-03-30T13:00:00.0,bus-3-bus-4-i_6,-68.7705039551084
2020-03-30T14:00:00.0,bus-3-bus-4-i_6,-68.71820641417158
2020-03-30T15:00:00.0,bus-3-bus-4-i_6,-68.67693084377817
2020-03-30T16:00:00.0,bus-3-bus-4-i_6,-68.67223667920213
2020-03-30T17:00:00.0,bus-3-bus-4-i_6,-68.920529302633
2020-03-30T18:00:00.0,bus-3-bus-4-i_6,-69.97355490317376
2020-03-30T19:00:00.0,bus-3-bus-4-i_6,-70.0118829883265
2020-03-30T20:00:00.0,bus-3-bus-4-i_6,-69.65208728511791
2020-03-30T21:00:00.0,bus-3-bus-4-i_6,-69.0669157031778
2020-03-30T22:00:00.0,bus-3-bus-4-i_6,-68.55277736338795
2020-03-30T23:00:00.0,bus-3-bus-4-i_6,-68.11322316167141
2020-03-31T00:00:00.0,bus-3-bus-4-i_6,-67.89833490848086
2020-03-31T01:00:00.0,bus-3-bus-4-i_6,-67.80430109570871
2020-03-31T02:00:00.0,bus-3-bus-4-i_6,-67.76101537019477
2020-03-31T03:00:00.0,bus-3-bus-4-i_6,-67.75146882086167
2020-03-31T04:00:00.0,bus-3-bus-4-i_6,-67.80817247583069
2020-03-31T05:00:00.0,bus-3-bus-4-i_6,-67.9754376989826
2020-03-31T06:00:00.0,bus-3-bus-4-i_6,-68.1215932617028
2020-03-31T07:00:00.0,bus-3-bus-4-i_6,-68.34162709725318
2020-03-31T08:00:00.0,bus-3-bus-4-i_6,-68.53674443640546
2020-03-31T09:00:00.0,bus-3-bus-4-i_6,-68.67457850117793
2020-03-31T10:00:00.0,bus-3-bus-4-i_6,-68.63601771998434
2020-03-31T11:00:00.0,bus-3-bus-4-i_6,-68.69103769336311
2020-03-31T12:00:00.0,bus-3-bus-4-i_6,-68.71584092818681
2020-03-31T13:00:00.0,bus-3-bus-4-i_6,-68.68518180684323
2020-03-31T14:00:00.0,bus-3-bus-4-i_6,-68.65001894812744
2020-03-31T15:00:00.0,bus-3-bus-4-i_6,-68.6174062283335
2020-03-31T16:00:00.0,bus-3-bus-4-i_6,-68.78601595341874
2020-03-31T17:00:00.0,bus-3-bus-4-i_6,-69.16426616703282
2020-03-31T18:00:00.0,bus-3-bus-4-i_6,-69.92349688096382
2020-03-31T19:00:00.0,bus-3-bus-4-i_6,-69.9291685100653
2020-03-31T20:00:00.0,bus-3-bus-4-i_6,-69.5057610739428
2020-03-31T21:00:00.0,bus-3-bus-4-i_6,-69.05186770819287
2020-03-31T22:00:00.0,bus-3-bus-4-i_6,-68.50367427628008
2020-03-31T23:00:00.0,bus-3-bus-4-i_6,-68.11120327476559
2020-04-01T00:00:00.0,bus-3-bus-4-i_6,-68.16264021395646
2020-04-01T01:00:00.0,bus-3-bus-4-i_6,-68.11949921330643
2020-04-01T02:00:00.0,bus-3-bus-4-i_6,-68.09966648390834
2020-04-01T03:00:00.0,bus-3-bus-4-i_6,-68.10383631388997
2020-04-01T04:00:00.0,bus-3-bus-4-i_6,-68.15312572070829
2020-04-01T05:00:00.0,bus-3-bus-4-i_6,-68.25340571247969
2020-04-01T06:00:00.0,bus-3-bus-4-i_6,-68.35704206904512
2020-04-01T07:00:00.0,bus-3-bus-4-i_6,-68.53445807859056
2020-04-01T08:00:00.0,bus-3-bus-4-i_6,-68.69459711662115
2020-04-01T09:00:00.0,bus-3-bus-4-i_6,-68.69459642098468
2020-04-01T10:00:00.0,bus-3-bus-4-i_6,-68.69103769336311
2020-04-01T11:00:00.0,bus-3-bus-4-i_6,-68.69459711662115
2020-04-01T12:00:00.0,bus-3-bus-4-i_6,-68.6640567014546
2020-04-01T13:00:00.0,bus-3-bus-4-i_6,-68.65937338941347
2020-04-01T14:00:00.0,bus-3-bus-4-i_6,-68.59885967199804
2020-04-01T15:00:00.0,bus-3-bus-4-i_6,-68.55620005994459
2020-04-01T16:00:00.0,bus-3-bus-4-i_6,-68.55620005994174
2020-04-01T17:00:00.0,bus-3-bus-4-i_6,-68.69459711662115
2020-04-01T18:00:00.0,bus-3-bus-4-i_6,-69.62204041316
2020-04-01T19:00:00.0,bus-3-bus-4-i_6,-69.78742209078497
2020-04-01T20:00:00.0,bus-3-bus-4-i_6,-69.54461035751692
2020-04-01T21:00:00.0,bus-3-bus-4-i_6,-69.11480853889356
2020-04-01T22:00:00.0,bus-3-bus-4-i_6,-68.67457850117793
2020-04-01T23:00:00.0,bus-3-bus-4-i_6,-68.35042957273862
2020-04-02T00:00:00.0,bus-3-bus-4-i_6,-68.19552413393745
2020-04-02T01:00:00.0,bus-3-bus-4-i_6,-68.14154746804832
2020-04-02T02:00:00.0,bus-3-bus-4-i_6,-68.11846268698133
2020-04-02T03:00:00.0,bus-3-bus-4-i_6,-68.11846268698133
2020-04-02T04:00:00.0,bus-3-bus-4-i_6,-68.18276199421041
2020-04-02T05:00:00.0,bus-3-bus-4-i_6,-68.27286397336634
2020-04-02T06:00:00.0,bus-3-bus-4-i_6,-68.35372192958005
2020-04-02T07:00:00.0,bus-3-bus-4-i_6,-68.45282488143184
2020-04-02T08:00:00.0,bus-3-bus-4-i_6,-68.57116158866192
2020-04-02T09:00:00.0,bus-3-bus-4-i_6,-68.64534780704179
2020-04-02T10:00:00.0,bus-3-bus-4-i_6,-68.66874407621795
2020-04-02T11:00:00.0,bus-3-bus-4-i_6,-68.68162906390643
2020-04-02T12:00:00.0,bus-3-bus-4-i_6,-68.65937338941347
2020-04-02T13:00:00.0,bus-3-bus-4-i_6,-68.66874407621795
2020-04-02T14:00:00.0,bus-3-bus-4-i_6,-68.62205302134599
2020-04-02T15:00:00.0,bus-3-bus-4-i_6,-68.59423319767518
2020-04-02T16:00:00.0,bus-3-bus-4-i_6,-68.59423319767703
2020-04-02T17:00:00.0,bus-3-bus-4-i_6,-68.7705039551084
2020-04-02T18:00:00.0,bus-3-bus-4-i_6,-69.6302228644693
2020-04-02T19:00:00.0,bus-3-bus-4-i_6,-69.69325791437693
2020-04-02T20:00:00.0,bus-3-bus-4-i_6,-69.46150796704407
2020-04-02T21:00:00.0,bus-3-bus-4-i_6,-68.99452190509649
2020-04-02T22:00:00.0,bus-3-bus-4-i_6,-68.52304149317087
2020-04-02T23:00:00.0,bus-3-bus-4-i_6,-68.2394144763776
2020-04-03T00:00:00.0,bus-3-bus-4-i_6,-68.11322316167141
2020-04-03T01:00:00.0,bus-3-bus-4-i_6,-68.06541017057981
2020-04-03T02:00:00.0,bus-3-bus-4-i_6,-68.0468468707594
2020-04-03T03:00:00.0,bus-3-bus-4-i_6,-68.0437711930296
2020-04-03T04:00:00.0,bus-3-bus-4-i_6,-68.07059137362769
2020-04-03T05:00:00.0,bus-3-bus-4-i_6,-68.12997959309497
2020-04-03T06:00:00.0,bus-3-bus-4-i_6,-68.19021251727803
2020-04-03T07:00:00.0,bus-3-bus-4-i_6,-68.33612253946058
2020-04-03T08:00:00.0,bus-3-bus-4-i_6,-68.43262205369771
2020-04-03T09:00:00.0,bus-3-bus-4-i_6,-68.52760508448364
2020-04-03T10:00:00.0,bus-3-bus-4-i_6,-68.57116158866192
2020-04-03T11:00:00.0,bus-3-bus-4-i_6,-68.62205302134599
2020-04-03T12:00:00.0,bus-3-bus-4-i_6,-68.67457850117793
2020-04-03T13:00:00.0,bus-3-bus-4-i_6,-68.64301377826737
2020-04-03T14:00:00.0,bus-3-bus-4-i_6,-68.60812483705931
2020-04-03T15:00:00.0,bus-3-bus-4-i_6,-68.5424142467582
2020-04-03T16:00:00.0,bus-3-bus-4-i_6,-68.5401254475039
2020-04-03T17:00:00.0,bus-3-bus-4-i_6,-68.70166925418029
2020-04-03T18:00:00.0,bus-3-bus-4-i_6,-69.5138127821243
2020-04-03T19:00:00.0,bus-3-bus-4-i_6,-69.55150799771842
2020-04-03T20:00:00.0,bus-3-bus-4-i_6,-69.32831674759336
2020-04-03T21:00:00.0,bus-3-bus-4-i_6,-69.0255641629519
2020-04-03T22:00:00.0,bus-3-bus-4-i_6,-68.67223667920213
2020-04-03T23:00:00.0,bus-3-bus-4-i_6,-68.38358341133089
2020-04-04T00:00:00.0,bus-3-bus-4-i_6,-68.21581610995533
2020-04-04T01:00:00.0,bus-3-bus-4-i_6,-68.15208113975561
2020-04-04T02:00:00.0,bus-3-bus-4-i_6,-68.11009866823612
2020-04-04T03:00:00.0,bus-3-bus-4-i_6,-68.09133900729353
2020-04-04T04:00:00.0,bus-3-bus-4-i_6,-68.10383631388997
2020-04-04T05:00:00.0,bus-3-bus-4-i_6,-68.09236894898696
2020-04-04T06:00:00.0,bus-3-bus-4-i_6,-68.06541017057981
2020-04-04T07:00:00.0,bus-3-bus-4-i_6,-68.1215932617028
2020-04-04T08:00:00.0,bus-3-bus-4-i_6,-68.2394144763776
2020-04-04T09:00:00.0,bus-3-bus-4-i_6,-68.37914970262858
2020-04-04T10:00:00.0,bus-3-bus-4-i_6,-68.38358341133089
2020-04-04T11:00:00.0,bus-3-bus-4-i_6,-68.381366056703
2020-04-04T12:00:00.0,bus-3-bus-4-i_6,-68.36808319842692
2020-04-04T13:00:00.0,bus-3-bus-4-i_6,-68.3306468664863
2020-04-04T14:00:00.0,bus-3-bus-4-i_6,-68.30439778838927
2020-04-04T15:00:00.0,bus-3-bus-4-i_6,-68.29785836129604
2020-04-04T16:00:00.0,bus-3-bus-4-i_6,-68.30111528577225
2020-04-04T17:00:00.0,bus-3-bus-4-i_6,-68.40804134123682
2020-04-04T18:00:00.0,bus-3-bus-4-i_6,-69.0669157031778
2020-04-04T19:00:00.0,bus-3-bus-4-i_6,-69.16426616703282
2020-04-04T20:00:00.0,bus-3-bus-4-i_6,-68.99204079392587
2020-04-04T21:00:00.0,bus-3-bus-4-i_6,-68.78485211952437
2020-04-04T22:00:00.0,bus-3-bus-4-i_6,-68.55966383873621
2020-04-04T23:00:00.0,bus-3-bus-4-i_6,-68.33503592034475
2020-04-05T00:00:00.0,bus-3-bus-4-i_6,-68.19021251727803
2020-04-05T01:00:00.0,bus-3-bus-4-i_6,-68.11531416438248
2020-04-05T02:00:00.0,bus-3-bus-4-i_6,-68.08718136820625
2020-04-05T03:00:00.0,bus-3-bus-4-i_6,-68.087180433644
2020-04-05T04:00:00.0,bus-3-bus-4-i_6,-68.1069562423672
2020-04-05T05:00:00.0,bus-3-bus-4-i_6,-68.09133900729353
2020-04-05T06:00:00.0,bus-3-bus-4-i_6,-68.05921327274191
2020-04-05T07:00:00.0,bus-3-bus-4-i_6,-68.09758309613274
2020-04-05T08:00:00.0,bus-3-bus-4-i_6,-68.18276199421041
2020-04-05T09:00:00.0,bus-3-bus-4-i_6,-68.23188185921146
2020-04-05T10:00:00.0,bus-3-bus-4-i_6,-68.29132805883573
2020-04-05T11:00:00.0,bus-3-bus-4-i_6,-68.35704206904512
2020-04-05T12:00:00.0,bus-3-bus-4-i_6,-68.36587293982716
2020-04-05T13:00:00.0,bus-3-bus-4-i_6,-68.3658721330807
2020-04-05T14:00:00.0,bus-3-bus-4-i_6,-68.381366056703
2020-04-05T15:00:00.0,bus-3-bus-4-i_6,-68.40135882146171
2020-04-05T16:00:00.0,bus-3-bus-4-i_6,-68.4135930656721
2020-04-05T17:00:00.0,bus-3-bus-4-i_6,-68.52304149317087
2020-04-05T18:00:00.0,bus-3-bus-4-i_6,-69.21032473433249
2020-04-05T19:00:00.0,bus-3-bus-4-i_6,-69.24121269301374
2020-04-05T20:00:00.0,bus-3-bus-4-i_6,-68.98212641824976
2020-04-05T21:00:00.0,bus-3-bus-4-i_6,-68.67693084377817
2020-04-05T22:00:00.0,bus-3-bus-4-i_6,-68.33612253946058
2020-04-05T23:00:00.0,bus-3-bus-4-i_6,-68.15312572070829
2020-04-06T00:00:00.0,bus-3-bus-4-i_6,-68.07266157064466
2020-04-06T01:00:00.0,bus-3-bus-4-i_6,-68.04478935692693
2020-04-06T02:00:00.0,bus-3-bus-4-i_6,-68.04067736941937
2020-04-06T03:00:00.0,bus-3-bus-4-i_6,-68.06232073697848
2020-04-06T04:00:00.0,bus-3-bus-4-i_6,-68.15734729764947
2020-04-06T05:00:00.0,bus-3-bus-4-i_6,-68.28370954533574
2020-04-06T06:00:00.0,bus-3-bus-4-i_6,-68.33503592034475
2020-04-06T07:00:00.0,bus-3-bus-4-i_6,-68.47310990118199
2020-04-06T08:00:00.0,bus-3-bus-4-i_6,-68.64649104947205
2020-04-06T09:00:00.0,bus-3-bus-4-i_6,-68.75381055893804
2020-04-06T10:00:00.0,bus-3-bus-4-i_6,-68.90339570447411
2020-04-06T11:00:00.0,bus-3-bus-4-i_6,-69.04805124608578
2020-04-06T12:00:00.0,bus-3-bus-4-i_6,-69.13881979872718
2020-04-06T13:00:00.0,bus-3-bus-4-i_6,-68.67457850117793
2020-04-06T14:00:00.0,bus-3-bus-4-i_6,-69.24121269301374
2020-04-06T15:00:00.0,bus-3-bus-4-i_6,-69.22197587188332
2020-04-06T16:00:00.0,bus-3-bus-4-i_6,-69.12493790237718
2020-04-06T17:00:00.0,bus-3-bus-4-i_6,-69.37148087499088
2020-04-06T18:00:00.0,bus-3-bus-4-i_6,-70.18563345191487
2020-04-06T19:00:00.0,bus-3-bus-4-i_6,-70.09831800747939
2020-04-06T20:00:00.0,bus-3-bus-4-i_6,-69.57974888357077
2020-04-06T21:00:00.0,bus-3-bus-4-i_6,-69.00694275189001
2020-04-06T22:00:00.0,bus-3-bus-4-i_6,-68.49574519995949
2020-04-06T23:00:00.0,bus-3-bus-4-i_6,-68.25340571247969
2020-04-07T00:00:00.0,bus-3-bus-4-i_6,-68.14786463940456
2020-04-07T01:00:00.0,bus-3-bus-4-i_6,-68.09966648390834
2020-04-07T02:00:00.0,bus-3-bus-4-i_6,-68.0788782446452
2020-04-07T03:00:00.0,bus-3-bus-4-i_6,-68.10175088543792
2020-04-07T04:00:00.0,bus-3-bus-4-i_6,-68.21367689557991
2020-04-07T05:00:00.0,bus-3-bus-4-i_6,-68.35813228992001
2020-04-07T06:00:00.0,bus-3-bus-4-i_6,-68.39800725833811
2020-04-07T07:00:00.0,bus-3-bus-4-i_6,-68.57689960318032
2020-04-07T08:00:00.0,bus-3-bus-4-i_6,-68.78485211952437
2020-04-07T09:00:00.0,bus-3-bus-4-i_6,-68.91073258823785
2020-04-07T10:00:00.0,bus-3-bus-4-i_6,-69.1300086539529
2020-04-07T11:00:00.0,bus-3-bus-4-i_6,-69.22197587188332
2020-04-07T12:00:00.0,bus-3-bus-4-i_6,-69.30863641707026
2020-04-07T13:00:00.0,bus-3-bus-4-i_6,-69.35188797455181
2020-04-07T14:00:00.0,bus-3-bus-4-i_6,-69.33354770174545
2020-04-07T15:00:00.0,bus-3-bus-4-i_6,-69.33998580320724
2020-04-07T16:00:00.0,bus-3-bus-4-i_6,-69.2762302412334
2020-04-07T17:00:00.0,bus-3-bus-4-i_6,-69.35713718495123
2020-04-07T18:00:00.0,bus-3-bus-4-i_6,-70.26796932909131
2020-04-07T19:00:00.0,bus-3-bus-4-i_6,-70.3183724706669
2020-04-07T20:00:00.0,bus-3-bus-4-i_6,-69.72912355942296
2020-04-07T21:00:00.0,bus-3-bus-4-i_6,-69.01440741739276
2020-04-07T22:00:00.0,bus-3-bus-4-i_6,-68.53903180389884
2020-04-07T23:00:00.0,bus-3-bus-4-i_6,-68.25340571247969
2020-04-08T00:00:00.0,bus-3-bus-4-i_6,-68.12894054471364
2020-04-08T01:00:00.0,bus-3-bus-4-i_6,-68.07680500944112
2020-04-08T02:00:00.0,bus-3-bus-4-i_6,-68.05302550405159
2020-04-08T03:00:00.0,bus-3-bus-4-i_6,-68.07059137362769
2020-04-08T04:00:00.0,bus-3-bus-4-i_6,-68.1732246489823
2020-04-08T05:00:00.0,bus-3-bus-4-i_6,-68.32407089675925
2020-04-08T06:00:00.0,bus-3-bus-4-i_6,-68.35704206904512
2020-04-08T07:00:00.0,bus-3-bus-4-i_6,-68.45957740963846
2020-04-08T08:00:00.0,bus-3-bus-4-i_6,-68.60580702866734
2020-04-08T09:00:00.0,bus-3-bus-4-i_6,-68.7240956026991
2020-04-08T10:00:00.0,bus-3-bus-4-i_6,-68.75142986164121
2020-04-08T11:00:00.0,bus-3-bus-4-i_6,-68.7430750226496
2020-04-08T12:00:00.0,bus-3-bus-4-i_6,-68.7324206847438
2020-04-08T13:00:00.0,bus-3-bus-4-i_6,-68.66874407621795
2020-04-08T14:00:00.0,bus-3-bus-4-i_6,-68.61044366688148
2020-04-08T15:00:00.0,bus-3-bus-4-i_6,-68.66874407621795
2020-04-08T16:00:00.0,bus-3-bus-4-i_6,-68.6640567014546
2020-04-08T17:00:00.0,bus-3-bus-4-i_6,-68.8680221886675
2020-04-08T18:00:00.0,bus-3-bus-4-i_6,-69.70703212259728
2020-04-08T19:00:00.0,bus-3-bus-4-i_6,-69.79974475535265
2020-04-08T20:00:00.0,bus-3-bus-4-i_6,-69.44167588442747
2020-04-08T21:00:00.0,bus-3-bus-4-i_6,-68.88018073173888
2020-04-08T22:00:00.0,bus-3-bus-4-i_6,-68.4550747058315
2020-04-08T23:00:00.0,bus-3-bus-4-i_6,-68.24909250427282
2020-04-09T00:00:00.0,bus-3-bus-4-i_6,-68.18276199421041
2020-04-09T01:00:00.0,bus-3-bus-4-i_6,-68.15208113975561
2020-04-09T02:00:00.0,bus-3-bus-4-i_6,-68.15312572070829
2020-04-09T03:00:00.0,bus-3-bus-4-i_6,-68.20726533998031
2020-04-09T04:00:00.0,bus-3-bus-4-i_6,-68.42590604551513
2020-04-09T05:00:00.0,bus-3-bus-4-i_6,-68.67457850117793
2020-04-09T06:00:00.0,bus-3-bus-4-i_6,-68.68162906390643
2020-04-09T07:00:00.0,bus-3-bus-4-i_6,-68.74783207523265
2020-04-09T08:00:00.0,bus-3-bus-4-i_6,-68.830528915033
2020-04-09T09:00:00.0,bus-3-bus-4-i_6,-68.71111297588996
2020-04-09T10:00:00.0,bus-3-bus-4-i_6,-68.73357720010623
2020-04-09T11:00:00.0,bus-3-bus-4-i_6,-68.75142986164121
2020-04-09T12:00:00.0,bus-3-bus-4-i_6,-68.77166577749767
2020-04-09T13:00:00.0,bus-3-bus-4-i_6,-68.76450455254428
2020-04-09T14:00:00.0,bus-3-bus-4-i_6,-68.76211945452368
2020-04-09T15:00:00.0,bus-3-bus-4-i_6,-68.76211945452368
2020-04-09T16:00:00.0,bus-3-bus-4-i_6,-68.76689051723011
2020-04-09T17:00:00.0,bus-3-bus-4-i_6,-68.830528915033
2020-04-09T18:00:00.0,bus-3-bus-4-i_6,-69.58516987561478
2020-04-09T19:00:00.0,bus-3-bus-4-i_6,-69.77071976579128
2020-04-09T20:00:00.0,bus-3-bus-4-i_6,-69.36501858695742
2020-04-09T21:00:00.0,bus-3-bus-4-i_6,-68.81847320154229
2020-04-09T22:00:00.0,bus-3-bus-4-i_6,-68.40468503194464
2020-04-09T23:00:00.0,bus-3-bus-4-i_6,-68.21901623692872
2020-04-10T00:00:00.0,bus-3-bus-4-i_6,-68.14575790244693
2020-04-10T01:00:00.0,bus-3-bus-4-i_6,-68.10175088543792
2020-04-10T02:00:00.0,bus-3-bus-4-i_6,-68.08718136820625
2020-04-10T03:00:00.0,bus-3-bus-4-i_6,-68.12684294466031
2020-04-10T04:00:00.0,bus-3-bus-4-i_6,-68.28697959777077
2020-04-10T05:00:00.0,bus-3-bus-4-i_6,-68.42590604551513
2020-04-10T06:00:00.0,bus-3-bus-4-i_6,-68.47874285523972
2020-04-10T07:00:00.0,bus-3-bus-4-i_6,-68.59885967199804
2020-04-10T08:00:00.0,bus-3-bus-4-i_6,-68.71347645112282
2020-04-10T09:00:00.0,bus-3-bus-4-i_6,-68.73716688943638
2020-04-10T10:00:00.0,bus-3-bus-4-i_6,-68.81365801709988
2020-04-10T11:00:00.0,bus-3-bus-4-i_6,-68.89606794105525
2020-04-10T12:00:00.0,bus-3-bus-4-i_6,-68.9500168173019
2020-04-10T13:00:00.0,bus-3-bus-4-i_6,-68.95001681951578
2020-04-10T14:00:00.0,bus-3-bus-4-i_6,-68.97470129024138
2020-04-10T15:00:00.0,bus-3-bus-4-i_6,-68.90584031899441
2020-04-10T16:00:00.0,bus-3-bus-4-i_6,-68.88018073173888
2020-04-10T17:00:00.0,bus-3-bus-4-i_6,-68.9168083304323
2020-04-10T18:00:00.0,bus-3-bus-4-i_6,-69.54191447031775
2020-04-10T19:00:00.0,bus-3-bus-4-i_6,-69.67247819310884
2020-04-10T20:00:00.0,bus-3-bus-4-i_6,-69.35188797455181
2020-04-10T21:00:00.0,bus-3-bus-4-i_6,-68.9500168173019
2020-04-10T22:00:00.0,bus-3-bus-4-i_6,-68.53903180389884
2020-04-10T23:00:00.0,bus-3-bus-4-i_6,-68.27286397336634
2020-04-11T00:00:00.0,bus-3-bus-4-i_6,-68.16898782656166
2020-04-11T01:00:00.0,bus-3-bus-4-i_6,-68.11120327476559
2020-04-11T02:00:00.0,bus-3-bus-4-i_6,-68.08302776984155
2020-04-11T03:00:00.0,bus-3-bus-4-i_6,-68.0788782446452
2020-04-11T04:00:00.0,bus-3-bus-4-i_6,-68.1069562423672
2020-04-11T05:00:00.0,bus-3-bus-4-i_6,-68.09133900729353
2020-04-11T06:00:00.0,bus-3-bus-4-i_6,-68.09444980176336
2020-04-11T07:00:00.0,bus-3-bus-4-i_6,-68.22758908441955
2020-04-11T08:00:00.0,bus-3-bus-4-i_6,-68.41696557926879
2020-04-11T09:00:00.0,bus-3-bus-4-i_6,-68.47874285523972
2020-04-11T10:00:00.0,bus-3-bus-4-i_6,-68.53903180389884
2020-04-11T11:00:00.0,bus-3-bus-4-i_6,-68.56425989294817
2020-04-11T12:00:00.0,bus-3-bus-4-i_6,-68.63135876744394
2020-04-11T13:00:00.0,bus-3-bus-4-i_6,-68.65350051466021
2020-04-11T14:00:00.0,bus-3-bus-4-i_6,-68.71111297588996
2020-04-11T15:00:00.0,bus-3-bus-4-i_6,-68.73716688943638
2020-04-11T16:00:00.0,bus-3-bus-4-i_6,-68.81365801709988
2020-04-11T17:00:00.0,bus-3-bus-4-i_6,-68.80760846605796
2020-04-11T18:00:00.0,bus-3-bus-4-i_6,-69.40047933680651
2020-04-11T19:00:00.0,bus-3-bus-4-i_6,-69.53654202724111
2020-04-11T20:00:00.0,bus-3-bus-4-i_6,-69.25550918665172
2020-04-11T21:00:00.0,bus-3-bus-4-i_6,-68.8850512432139
2020-04-11T22:00:00.0,bus-3-bus-4-i_6,-68.50822037986921
2020-04-11T23:00:00.0,bus-3-bus-4-i_6,-68.2674617627881
2020-04-12T00:00:00.0,bus-3-bus-4-i_6,-68.1436521703483
2020-04-12T01:00:00.0,bus-3-bus-4-i_6,-68.08510406535045
2020-04-12T02:00:00.0,bus-3-bus-4-i_6,-68.06232073697848
2020-04-12T03:00:00.0,bus-3-bus-4-i_6,-68.04994524301736
2020-04-12T04:00:00.0,bus-3-bus-4-i_6,-68.06747783630556
2020-04-12T05:00:00.0,bus-3-bus-4-i_6,-68.03248932293116
2020-04-12T06:00:00.0,bus-3-bus-4-i_6,-68.03862183810459
2020-04-12T07:00:00.0,bus-3-bus-4-i_6,-68.1215932617028
2020-04-12T08:00:00.0,bus-3-bus-4-i_6,-68.25772254962254
2020-04-12T09:00:00.0,bus-3-bus-4-i_6,-68.381366056703
2020-04-12T10:00:00.0,bus-3-bus-4-i_6,-68.48100431043491
2020-04-12T11:00:00.0,bus-3-bus-4-i_6,-68.55390515559625
2020-04-12T12:00:00.0,bus-3-bus-4-i_6,-68.60812483705931
2020-04-12T13:00:00.0,bus-3-bus-4-i_6,-68.66520298101398
2020-04-12T14:00:00.0,bus-3-bus-4-i_6,-68.75381055893804
2020-04-12T15:00:00.0,bus-3-bus-4-i_6,-68.83652819624037
2020-04-12T16:00:00.0,bus-3-bus-4-i_6,-68.85229309039231
2020-04-12T17:00:00.0,bus-3-bus-4-i_6,-68.81365801709988
2020-04-12T18:00:00.0,bus-3-bus-4-i_6,-69.38871755484304
2020-04-12T19:00:00.0,bus-3-bus-4-i_6,-69.52038376006307
2020-04-12T20:00:00.0,bus-3-bus-4-i_6,-69.20006121065595
2020-04-12T21:00:00.0,bus-3-bus-4-i_6,-68.81125195480514
2020-04-12T22:00:00.0,bus-3-bus-4-i_6,-68.38467889395776
2020-04-12T23:00:00.0,bus-3-bus-4-i_6,-68.20191889233979
2020-04-13T00:00:00.0,bus-3-bus-4-i_6,-68.1069562423672
2020-04-13T01:00:00.0,bus-3-bus-4-i_6,-68.06232073697848
2020-04-13T02:00:00.0,bus-3-bus-4-i_6,-68.05921327274191
2020-04-13T03:00:00.0,bus-3-bus-4-i_6,-68.08510406535045
2020-04-13T04:00:00.0,bus-3-bus-4-i_6,-68.18276199421041
2020-04-13T05:00:00.0,bus-3-bus-4-i_6,-68.21581610995533
2020-04-13T06:00:00.0,bus-3-bus-4-i_6,-68.29785836129604
2020-04-13T07:00:00.0,bus-3-bus-4-i_6,-68.47536885481
2020-04-13T08:00:00.0,bus-3-bus-4-i_6,-68.73004909533446
2020-04-13T09:00:00.0,bus-3-bus-4-i_6,-68.80280345233837
2020-04-13T10:00:00.0,bus-3-bus-4-i_6,-68.83169822193977
2020-04-13T11:00:00.0,bus-3-bus-4-i_6,-68.9168083304323
2020-04-13T12:00:00.0,bus-3-bus-4-i_6,-68.93152313303901
2020-04-13T13:00:00.0,bus-3-bus-4-i_6,-68.8985095140364
2020-04-13T14:00:00.0,bus-3-bus-4-i_6,-68.81125195480514
2020-04-13T15:00:00.0,bus-3-bus-4-i_6,-68.74667147608433
2020-04-13T16:00:00.0,bus-3-bus-4-i_6,-68.68868401387252
2020-04-13T17:00:00.0,bus-3-bus-4-i_6,-68.75142986164121
2020-04-13T18:00:00.0,bus-3-bus-4-i_6,-69.46150796704407
2020-04-13T19:00:00.0,bus-3-bus-4-i_6,-69.56352991118138
2020-04-13T20:00:00.0,bus-3-bus-4-i_6,-69.22575047071504
2020-04-13T21:00:00.0,bus-3-bus-4-i_6,-68.7944378593887
2020-04-13T22:00:00.0,bus-3-bus-4-i_6,-68.39578332955618
2020-04-13T23:00:00.0,bus-3-bus-4-i_6,-68.20086291727803
2020-04-14T00:00:00.0,bus-3-bus-4-i_6,-68.1048692962789
2020-04-14T01:00:00.0,bus-3-bus-4-i_6,-68.06747783630556
2020-04-14T02:00:00.0,bus-3-bus-4-i_6,-68.06232073697848
2020-04-14T03:00:00.0,bus-3-bus-4-i_6,-68.0882102810819
2020-04-14T04:00:00.0,bus-3-bus-4-i_6,-68.19552413393745
2020-04-14T05:00:00.0,bus-3-bus-4-i_6,-68.223300722084
2020-04-14T06:00:00.0,bus-3-bus-4-i_6,-68.28370954533574
2020-04-14T07:00:00.0,bus-3-bus-4-i_6,-68.43934720353012
2020-04-14T08:00:00.0,bus-3-bus-4-i_6,-68.60812483705931
2020-04-14T09:00:00.0,bus-3-bus-4-i_6,-68.70166925418029
2020-04-14T10:00:00.0,bus-3-bus-4-i_6,-68.62319248666103
2020-04-14T11:00:00.0,bus-3-bus-4-i_6,-68.65001894812744
2020-04-14T12:00:00.0,bus-3-bus-4-i_6,-68.69103769336311
2020-04-14T13:00:00.0,bus-3-bus-4-i_6,-68.71584092818681
2020-04-14T14:00:00.0,bus-3-bus-4-i_6,-68.70166925418029
2020-04-14T15:00:00.0,bus-3-bus-4-i_6,-68.67927943899934
2020-04-14T16:00:00.0,bus-3-bus-4-i_6,-68.6174062283335
2020-04-14T17:00:00.0,bus-3-bus-4-i_6,-68.8850512432139
2020-04-14T18:00:00.0,bus-3-bus-4-i_6,-69.66973452421638
2020-04-14T19:00:00.0,bus-3-bus-4-i_6,-69.68346178273777
2020-04-14T20:00:00.0,bus-3-bus-4-i_6,-69.33998580320724
2020-04-14T21:00:00.0,bus-3-bus-4-i_6,-68.84378076853883
2020-04-14T22:00:00.0,bus-3-bus-4-i_6,-68.41919917069498
2020-04-14T23:00:00.0,bus-3-bus-4-i_6,-68.21581610995533
2020-04-15T00:00:00.0,bus-3-bus-4-i_6,-68.11322316167141
2020-04-15T01:00:00.0,bus-3-bus-4-i_6,-68.06541017057981
2020-04-15T02:00:00.0,bus-3-bus-4-i_6,-68.0581915198185
2020-04-15T03:00:00.0,bus-3-bus-4-i_6,-68.07680500944112
2020-04-15T04:00:00.0,bus-3-bus-4-i_6,-68.16368727543383
2020-04-15T05:00:00.0,bus-3-bus-4-i_6,-68.18705984600149
2020-04-15T06:00:00.0,bus-3-bus-4-i_6,-68.27719940378785
2020-04-15T07:00:00.0,bus-3-bus-4-i_6,-68.36808319842692
2020-04-15T08:00:00.0,bus-3-bus-4-i_6,-68.52760508448364
2020-04-15T09:00:00.0,bus-3-bus-4-i_6,-68.64534780704179
2020-04-15T10:00:00.0,bus-3-bus-4-i_6,-68.81847320154229
2020-04-15T11:00:00.0,bus-3-bus-4-i_6,-69.0555651687295
2020-04-15T12:00:00.0,bus-3-bus-4-i_6,-69.35713718495123
2020-04-15T13:00:00.0,bus-3-bus-4-i_6,-69.53384934834395
2020-04-15T14:00:00.0,bus-3-bus-4-i_6,-69.60298351763439
2020-04-15T15:00:00.0,bus-3-bus-4-i_6,-69.62476688959455
2020-04-15T16:00:00.0,bus-3-bus-4-i_6,-69.79416607998023
2020-04-15T17:00:00.0,bus-3-bus-4-i_6,-69.70703212259728
2020-04-15T18:00:00.0,bus-3-bus-4-i_6,-70.37501921631053
2020-04-15T19:00:00.0,bus-3-bus-4-i_6,-70.56453483529893
2020-04-15T20:00:00.0,bus-3-bus-4-i_6,-69.92802655879015
2020-04-15T21:00:00.0,bus-3-bus-4-i_6,-69.17582800592929
2020-04-15T22:00:00.0,bus-3-bus-4-i_6,-68.64534780704179
2020-04-15T23:00:00.0,bus-3-bus-4-i_6,-68.32407089675925
2020-04-16T00:00:00.0,bus-3-bus-4-i_6,-68.19765470069416
2020-04-16T01:00:00.0,bus-3-bus-4-i_6,-68.14154746804832
2020-04-16T02:00:00.0,bus-3-bus-4-i_6,-68.1048692962789
2020-04-16T03:00:00.0,bus-3-bus-4-i_6,-68.13734110202667
2020-04-16T04:00:00.0,bus-3-bus-4-i_6,-68.23511472394836
2020-04-16T05:00:00.0,bus-3-bus-4-i_6,-68.2297350498331
2020-04-16T06:00:00.0,bus-3-bus-4-i_6,-68.33284088785
2020-04-16T07:00:00.0,bus-3-bus-4-i_6,-68.55620005994459
2020-04-16T08:00:00.0,bus-3-bus-4-i_6,-68.96728529533915
2020-04-16T09:00:00.0,bus-3-bus-4-i_6,-69.24895739270687
2020-04-16T10:00:00.0,bus-3-bus-4-i_6,-69.46417352075889
2020-04-16T11:00:00.0,bus-3-bus-4-i_6,-69.71530882041414
2020-04-16T12:00:00.0,bus-3-bus-4-i_6,-70.00214179593551
2020-04-16T13:00:00.0,bus-3-bus-4-i_6,-70.30648667287869
2020-04-16T14:00:00.0,bus-3-bus-4-i_6,-70.66683683416386
2020-04-16T15:00:00.0,bus-3-bus-4-i_6,-94.62737227741778
2020-04-16T16:00:00.0,bus-3-bus-4-i_6,-166.3579646438891
2020-04-16T17:00:00.0,bus-3-bus-4-i_6,-70.83903851543249
2020-04-16T18:00:00.0,bus-3-bus-4-i_6,-167.7150937901545
2020-04-16T19:00:00.0,bus-3-bus-4-i_6,-172.50368451612852
2020-04-16T20:00:00.0,bus-3-bus-4-i_6,-141.39152827394588
2020-04-16T21:00:00.0,bus-3-bus-4-i_6,-69.90653448863071
2020-04-16T22:00:00.0,bus-3-bus-4-i_6,-69.04304702789182
2020-04-16T23:00:00.0,bus-3-bus-4-i_6,-68.5803780486736
2020-04-17T00:00:00.0,bus-3-bus-4-i_6,-68.33503592034475
2020-04-17T01:00:00.0,bus-3-bus-4-i_6,-68.21367689557991
2020-04-17T02:00:00.0,bus-3-bus-4-i_6,-68.15734729764947
2020-04-17T03:00:00.0,bus-3-bus-4-i_6,-68.14890820032309
2020-04-17T04:00:00.0,bus-3-bus-4-i_6,-68.24693790689898
2020-04-17T05:00:00.0,bus-3-bus-4-i_6,-68.2631356342167
2020-04-17T06:00:00.0,bus-3-bus-4-i_6,-68.31313124004151
2020-04-17T07:00:00.0,bus-3-bus-4-i_6,-68.55390515559625
2020-04-17T08:00:00.0,bus-3-bus-4-i_6,-68.6640567014546
2020-04-17T09:00:00.0,bus-3-bus-4-i_6,-68.8936273813449
2020-04-17T10:00:00.0,bus-3-bus-4-i_6,-69.0555651687295
2020-04-17T11:00:00.0,bus-3-bus-4-i_6,-69.12240403716444
2020-04-17T12:00:00.0,bus-3-bus-4-i_6,-69.19117410978824
2020-04-17T13:00:00.0,bus-3-bus-4-i_6,-69.10722218003677
2020-04-17T14:00:00.0,bus-3-bus-4-i_6,-68.98212641824976
2020-04-17T15:00:00.0,bus-3-bus-4-i_6,-68.75142986164121
2020-04-17T16:00:00.0,bus-3-bus-4-i_6,-68.78601595341874
2020-04-17T17:00:00.0,bus-3-bus-4-i_6,-68.80760846605796
2020-04-17T18:00:00.0,bus-3-bus-4-i_6,-69.30743348775579
2020-04-17T19:00:00.0,bus-3-bus-4-i_6,-69.46150796704407
2020-04-17T20:00:00.0,bus-3-bus-4-i_6,-69.17702731427502
2020-04-17T21:00:00.0,bus-3-bus-4-i_6,-68.80760846605796
2020-04-17T22:00:00.0,bus-3-bus-4-i_6,-68.44608146885149
2020-04-17T23:00:00.0,bus-3-bus-4-i_6,-68.2297350498331
2020-04-18T00:00:00.0,bus-3-bus-4-i_6,-68.11949921330643
2020-04-18T01:00:00.0,bus-3-bus-4-i_6,-68.08302776984155
2020-04-18T02:00:00.0,bus-3-bus-4-i_6,-68.06232073697848
2020-04-18T03:00:00.0,bus-3-bus-4-i_6,-68.0581915198185
2020-04-18T04:00:00.0,bus-3-bus-4-i_6,-68.08095250269106
2020-04-18T05:00:00.0,bus-3-bus-4-i_6,-68.0437711930296
2020-04-18T06:00:00.0,bus-3-bus-4-i_6,-68.07059137362769
2020-04-18T07:00:00.0,bus-3-bus-4-i_6,-68.19126602698154
2020-04-18T08:00:00.0,bus-3-bus-4-i_6,-68.381366056703
2020-04-18T09:00:00.0,bus-3-bus-4-i_6,-68.5803780486736
2020-04-18T10:00:00.0,bus-3-bus-4-i_6,-68.6570332531187
2020-04-18T11:00:00.0,bus-3-bus-4-i_6,-68.55620005994459
2020-04-18T12:00:00.0,bus-3-bus-4-i_6,-68.6034902180926
2020-04-18T13:00:00.0,bus-3-bus-4-i_6,-68.58499236496934
2020-04-18T14:00:00.0,bus-3-bus-4-i_6,-68.62319248666103
2020-04-18T15:00:00.0,bus-3-bus-4-i_6,-68.65235604383281
2020-04-18T16:00:00.0,bus-3-bus-4-i_6,-68.67223667920213
2020-04-18T17:00:00.0,bus-3-bus-4-i_6,-68.72057292916506
2020-04-18T18:00:00.0,bus-3-bus-4-i_6,-69.40312162994849
2020-04-18T19:00:00.0,bus-3-bus-4-i_6,-69.6795090306152
2020-04-18T20:00:00.0,bus-3-bus-4-i_6,-69.36501858695742
2020-04-18T21:00:00.0,bus-3-bus-4-i_6,-68.96234637715135
2020-04-18T22:00:00.0,bus-3-bus-4-i_6,-68.55048390262859
2020-04-18T23:00:00.0,bus-3-bus-4-i_6,-68.26853275509754
2020-04-19T00:00:00.0,bus-3-bus-4-i_6,-68.1436521703483
2020-04-19T01:00:00.0,bus-3-bus-4-i_6,-68.07473278350217
2020-04-19T02:00:00.0,bus-3-bus-4-i_6,-68.04994524301736
2020-04-19T03:00:00.0,bus-3-bus-4-i_6,-68.04478935692693
2020-04-19T04:00:00.0,bus-3-bus-4-i_6,-68.0581915198185
2020-04-19T05:00:00.0,bus-3-bus-4-i_6,-68.01303799899522
2020-04-19T06:00:00.0,bus-3-bus-4-i_6,-68.03248932293116
2020-04-19T07:00:00.0,bus-3-bus-4-i_6,-68.11531416438248
2020-04-19T08:00:00.0,bus-3-bus-4-i_6,-68.26097408967308
2020-04-19T09:00:00.0,bus-3-bus-4-i_6,-68.37138743288867
2020-04-19T10:00:00.0,bus-3-bus-4-i_6,-68.45282488143184
2020-04-19T11:00:00.0,bus-3-bus-4-i_6,-68.52532277382696
2020-04-19T12:00:00.0,bus-3-bus-4-i_6,-68.55966383873621
2020-04-19T13:00:00.0,bus-3-bus-4-i_6,-68.55277736338795
2020-04-19T14:00:00.0,bus-3-bus-4-i_6,-68.55048390262859
2020-04-19T15:00:00.0,bus-3-bus-4-i_6,-68.55277736338795
2020-04-19T16:00:00.0,bus-3-bus-4-i_6,-68.5298883993347
2020-04-19T17:00:00.0,bus-3-bus-4-i_6,-68.50028443365511
2020-04-19T18:00:00.0,bus-3-bus-4-i_6,-68.96234637715135
2020-04-19T19:00:00.0,bus-3-bus-4-i_6,-69.27743245441667
2020-04-19T20:00:00.0,bus-3-bus-4-i_6,-69.004456553063
2020-04-19T21:00:00.0,bus-3-bus-4-i_6,-68.66874407621795
2020-04-19T22:00:00.0,bus-3-bus-4-i_6,-68.3175040561478
2020-04-19T23:00:00.0,bus-3-bus-4-i_6,-68.15630173079663
2020-04-20T00:00:00.0,bus-3-bus-4-i_6,-68.07473278350217
2020-04-20T01:00:00.0,bus-3-bus-4-i_6,-68.03862183810459
2020-04-20T02:00:00.0,bus-3-bus-4-i_6,-68.03248932293116
2020-04-20T03:00:00.0,bus-3-bus-4-i_6,-68.05200529401402
2020-04-20T04:00:00.0,bus-3-bus-4-i_6,-68.14575790244693
2020-04-20T05:00:00.0,bus-3-bus-4-i_6,-68.17639462453133
2020-04-20T06:00:00.0,bus-3-bus-4-i_6,-68.25772254962254
2020-04-20T07:00:00.0,bus-3-bus-4-i_6,-68.43262205369771
2020-04-20T08:00:00.0,bus-3-bus-4-i_6,-68.59654592048649
2020-04-20T09:00:00.0,bus-3-bus-4-i_6,-68.6570332531187
2020-04-20T10:00:00.0,bus-3-bus-4-i_6,-68.70875052280219
2020-04-20T11:00:00.0,bus-3-bus-4-i_6,-68.69459711662115
2020-04-20T12:00:00.0,bus-3-bus-4-i_6,-68.53445807859056
2020-04-20T13:00:00.0,bus-3-bus-4-i_6,-68.53674443640546
2020-04-20T14:00:00.0,bus-3-bus-4-i_6,-68.52304149317087
2020-04-20T15:00:00.0,bus-3-bus-4-i_6,-68.49347710446672
2020-04-20T16:00:00.0,bus-3-bus-4-i_6,-68.48553019275928
2020-04-20T17:00:00.0,bus-3-bus-4-i_6,-68.59654592048649
2020-04-20T18:00:00.0,bus-3-bus-4-i_6,-69.2762302412334
2020-04-20T19:00:00.0,bus-3-bus-4-i_6,-69.53654202724111
2020-04-20T20:00:00.0,bus-3-bus-4-i_6,-69.21546259814085
2020-04-20T21:00:00.0,bus-3-bus-4-i_6,-68.73004909533446
2020-04-20T22:00:00.0,bus-3-bus-4-i_6,-68.34602630183558
2020-04-20T23:00:00.0,bus-3-bus-4-i_6,-68.16368727543383
2020-04-21T00:00:00.0,bus-3-bus-4-i_6,-68.0882102810819
2020-04-21T01:00:00.0,bus-3-bus-4-i_6,-68.03145050766142
2020-04-21T02:00:00.0,bus-3-bus-4-i_6,-68.02530387752807
2020-04-21T03:00:00.0,bus-3-bus-4-i_6,-68.0437711930296
2020-04-21T04:00:00.0,bus-3-bus-4-i_6,-68.12997959309497
2020-04-21T05:00:00.0,bus-3-bus-4-i_6,-68.17851604007608
2020-04-21T06:00:00.0,bus-3-bus-4-i_6,-68.26853275509754
2020-04-21T07:00:00.0,bus-3-bus-4-i_6,-68.37914970262858
2020-04-21T08:00:00.0,bus-3-bus-4-i_6,-68.51620372350523
2020-04-21T09:00:00.0,bus-3-bus-4-i_6,-68.5734641780746
2020-04-21T10:00:00.0,bus-3-bus-4-i_6,-68.60580702866734
2020-04-21T11:00:00.0,bus-3-bus-4-i_6,-68.61972911961965
2020-04-21T12:00:00.0,bus-3-bus-4-i_6,-68.50822037986921
2020-04-21T13:00:00.0,bus-3-bus-4-i_6,-68.48100431043491
2020-04-21T14:00:00.0,bus-3-bus-4-i_6,-68.4776288301941
2020-04-21T15:00:00.0,bus-3-bus-4-i_6,-68.71347645112282
2020-04-21T16:00:00.0,bus-3-bus-4-i_6,-68.68868401387252
2020-04-21T17:00:00.0,bus-3-bus-4-i_6,-68.78601595341874
2020-04-21T18:00:00.0,bus-3-bus-4-i_6,-69.45497881417369
2020-04-21T19:00:00.0,bus-3-bus-4-i_6,-69.83330159817365
2020-04-21T20:00:00.0,bus-3-bus-4-i_6,-69.41105457927739
2020-04-21T21:00:00.0,bus-3-bus-4-i_6,-68.7430750226496
2020-04-21T22:00:00.0,bus-3-bus-4-i_6,-68.36587293982716
2020-04-21T23:00:00.0,bus-3-bus-4-i_6,-68.17427419426912
2020-04-22T00:00:00.0,bus-3-bus-4-i_6,-68.10175088543792
2020-04-22T01:00:00.0,bus-3-bus-4-i_6,-68.06541017057981
2020-04-22T02:00:00.0,bus-3-bus-4-i_6,-68.0581915198185
2020-04-22T03:00:00.0,bus-3-bus-4-i_6,-68.08718136820625
2020-04-22T04:00:00.0,bus-3-bus-4-i_6,-68.20940151783887
2020-04-22T05:00:00.0,bus-3-bus-4-i_6,-68.27286397336634
2020-04-22T06:00:00.0,bus-3-bus-4-i_6,-68.38802117069297
2020-04-22T07:00:00.0,bus-3-bus-4-i_6,-68.51848196336722
2020-04-22T08:00:00.0,bus-3-bus-4-i_6,-68.66520298101398
2020-04-22T09:00:00.0,bus-3-bus-4-i_6,-68.73357720010623
2020-04-22T10:00:00.0,bus-3-bus-4-i_6,-68.82329245423303
2020-04-22T11:00:00.0,bus-3-bus-4-i_6,-68.71347645112282
2020-04-22T12:00:00.0,bus-3-bus-4-i_6,-68.8148252042744
2020-04-22T13:00:00.0,bus-3-bus-4-i_6,-68.84620049111084
2020-04-22T14:00:00.0,bus-3-bus-4-i_6,-68.96728529533915
2020-04-22T15:00:00.0,bus-3-bus-4-i_6,-69.11227874196673
2020-04-22T16:00:00.0,bus-3-bus-4-i_6,-69.11987118132446
2020-04-22T17:00:00.0,bus-3-bus-4-i_6,-69.11480853889356
2020-04-22T18:00:00.0,bus-3-bus-4-i_6,-69.77071976579128
2020-04-22T19:00:00.0,bus-3-bus-4-i_6,-70.06363519647039
2020-04-22T20:00:00.0,bus-3-bus-4-i_6,-69.5596113801551
2020-04-22T21:00:00.0,bus-3-bus-4-i_6,-68.87045126512345
2020-04-22T22:00:00.0,bus-3-bus-4-i_6,-68.42143378146068
2020-04-22T23:00:00.0,bus-3-bus-4-i_6,-68.20726533998031
2020-04-23T00:00:00.0,bus-3-bus-4-i_6,-68.1048692962789
2020-04-23T01:00:00.0,bus-3-bus-4-i_6,-68.064386873316
2020-04-23T02:00:00.0,bus-3-bus-4-i_6,-68.0581915198185
2020-04-23T03:00:00.0,bus-3-bus-4-i_6,-68.07266157064466
2020-04-23T04:00:00.0,bus-3-bus-4-i_6,-68.16264021395646
2020-04-23T05:00:00.0,bus-3-bus-4-i_6,-68.223300722084
2020-04-23T06:00:00.0,bus-3-bus-4-i_6,-68.3306468664863
2020-04-23T07:00:00.0,bus-3-bus-4-i_6,-68.52304149317087
2020-04-23T08:00:00.0,bus-3-bus-4-i_6,-68.75142986164121
2020-04-23T09:00:00.0,bus-3-bus-4-i_6,-68.89606794105525
2020-04-23T10:00:00.0,bus-3-bus-4-i_6,-69.01559623935283
2020-04-23T11:00:00.0,bus-3-bus-4-i_6,-69.00694275189001
2020-04-23T12:00:00.0,bus-3-bus-4-i_6,-69.21546259814085
2020-04-23T13:00:00.0,bus-3-bus-4-i_6,-69.49893697308545
2020-04-23T14:00:00.0,bus-3-bus-4-i_6,-69.46417352075889
2020-04-23T15:00:00.0,bus-3-bus-4-i_6,-69.58516987561478
2020-04-23T16:00:00.0,bus-3-bus-4-i_6,-69.69994657546641
2020-04-23T17:00:00.0,bus-3-bus-4-i_6,-69.68621023859072
2020-04-23T18:00:00.0,bus-3-bus-4-i_6,-70.51972133720588
2020-04-23T19:00:00.0,bus-3-bus-4-i_6,-70.73104265807389
2020-04-23T20:00:00.0,bus-3-bus-4-i_6,-70.05210304679463
2020-04-23T21:00:00.0,bus-3-bus-4-i_6,-69.1300086539529
2020-04-23T22:00:00.0,bus-3-bus-4-i_6,-68.55048390262859
2020-04-23T23:00:00.0,bus-3-bus-4-i_6,-68.28263519504614
2020-04-24T00:00:00.0,bus-3-bus-4-i_6,-68.15630173079663
2020-04-24T01:00:00.0,bus-3-bus-4-i_6,-68.10383631388997
2020-04-24T02:00:00.0,bus-3-bus-4-i_6,-68.08718136820625
2020-04-24T03:00:00.0,bus-3-bus-4-i_6,-68.1048692962789
2020-04-24T04:00:00.0,bus-3-bus-4-i_6,-68.21581610995533
2020-04-24T05:00:00.0,bus-3-bus-4-i_6,-68.28697959777077
2020-04-24T06:00:00.0,bus-3-bus-4-i_6,-68.40914195260189
2020-04-24T07:00:00.0,bus-3-bus-4-i_6,-68.63601771998434
2020-04-24T08:00:00.0,bus-3-bus-4-i_6,-68.8680221886675
2020-04-24T09:00:00.0,bus-3-bus-4-i_6,-68.95248069984028
2020-04-24T10:00:00.0,bus-3-bus-4-i_6,-69.09075064248631
2020-04-24T11:00:00.0,bus-3-bus-4-i_6,-68.94509208496599
2020-04-24T12:00:00.0,bus-3-bus-4-i_6,-69.09075064248631
2020-04-24T13:00:00.0,bus-3-bus-4-i_6,-69.35976331666332
2020-04-24T14:00:00.0,bus-3-bus-4-i_6,-69.7125488998577
2020-04-24T15:00:00.0,bus-3-bus-4-i_6,-69.88957553859683
2020-04-24T16:00:00.0,bus-3-bus-4-i_6,-69.86702339035237
2020-04-24T17:00:00.0,bus-3-bus-4-i_6,-70.06940548421863
2020-04-24T18:00:00.0,bus-3-bus-4-i_6,-70.28867664221976
2020-04-24T19:00:00.0,bus-3-bus-4-i_6,-70.6730183998876
2020-04-24T20:00:00.0,bus-3-bus-4-i_6,-70.1157179931294
2020-04-24T21:00:00.0,bus-3-bus-4-i_6,-69.44965460651369
2020-04-24T22:00:00.0,bus-3-bus-4-i_6,-68.78485211952437
2020-04-24T23:00:00.0,bus-3-bus-4-i_6,-68.43038236563069
2020-04-25T00:00:00.0,bus-3-bus-4-i_6,-68.26097408967308
2020-04-25T01:00:00.0,bus-3-bus-4-i_6,-68.15734729764947
2020-04-25T02:00:00.0,bus-3-bus-4-i_6,-68.10383631388997
2020-04-25T03:00:00.0,bus-3-bus-4-i_6,-68.09966648390834
2020-04-25T04:00:00.0,bus-3-bus-4-i_6,-68.11846268698133
2020-04-25T05:00:00.0,bus-3-bus-4-i_6,-68.05921327274191
2020-04-25T06:00:00.0,bus-3-bus-4-i_6,-68.12368832168252
2020-04-25T07:00:00.0,bus-3-bus-4-i_6,-68.33284088785
2020-04-25T08:00:00.0,bus-3-bus-4-i_6,-68.59423319767518
2020-04-25T09:00:00.0,bus-3-bus-4-i_6,-68.77767346662395
2020-04-25T10:00:00.0,bus-3-bus-4-i_6,-68.72646447698676
2020-04-25T11:00:00.0,bus-3-bus-4-i_6,-69.06308820195326
2020-04-25T12:00:00.0,bus-3-bus-4-i_6,-69.24517299764348
2020-04-25T13:00:00.0,bus-3-bus-4-i_6,-69.35713718495123
2020-04-25T14:00:00.0,bus-3-bus-4-i_6,-69.4709757834126
2020-04-25T15:00:00.0,bus-3-bus-4-i_6,-69.42574580968304
2020-04-25T16:00:00.0,bus-3-bus-4-i_6,-69.43636179854444
2020-04-25T17:00:00.0,bus-3-bus-4-i_6,-69.21032473433249
2020-04-25T18:00:00.0,bus-3-bus-4-i_6,-69.60961514738955
2020-04-25T19:00:00.0,bus-3-bus-4-i_6,-69.98612940433802
2020-04-25T20:00:00.0,bus-3-bus-4-i_6,-69.57974888357077
2020-04-25T21:00:00.0,bus-3-bus-4-i_6,-69.09075064248631
2020-04-25T22:00:00.0,bus-3-bus-4-i_6,-68.63601771998434
2020-04-25T23:00:00.0,bus-3-bus-4-i_6,-68.33942902619818
2020-04-26T00:00:00.0,bus-3-bus-4-i_6,-68.17851604007608
2020-04-26T01:00:00.0,bus-3-bus-4-i_6,-68.11120327476559
2020-04-26T02:00:00.0,bus-3-bus-4-i_6,-68.07473278350217
2020-04-26T03:00:00.0,bus-3-bus-4-i_6,-68.05508964020648
2020-04-26T04:00:00.0,bus-3-bus-4-i_6,-68.06541017057981
2020-04-26T05:00:00.0,bus-3-bus-4-i_6,-68.01303799899522
2020-04-26T06:00:00.0,bus-3-bus-4-i_6,-68.037606281887
2020-04-26T07:00:00.0,bus-3-bus-4-i_6,-68.1436521703483
2020-04-26T08:00:00.0,bus-3-bus-4-i_6,-68.27719940378785
2020-04-26T09:00:00.0,bus-3-bus-4-i_6,-68.36808319842692
2020-04-26T10:00:00.0,bus-3-bus-4-i_6,-68.45057606612032
2020-04-26T11:00:00.0,bus-3-bus-4-i_6,-68.50367427628008
2020-04-26T12:00:00.0,bus-3-bus-4-i_6,-68.5298883993347
2020-04-26T13:00:00.0,bus-3-bus-4-i_6,-68.5481914555073
2020-04-26T14:00:00.0,bus-3-bus-4-i_6,-68.56425989294817
2020-04-26T15:00:00.0,bus-3-bus-4-i_6,-68.55277736338795
2020-04-26T16:00:00.0,bus-3-bus-4-i_6,-68.59654592048649
2020-04-26T17:00:00.0,bus-3-bus-4-i_6,-68.59192145073737
2020-04-26T18:00:00.0,bus-3-bus-4-i_6,-68.98708157204776
2020-04-26T19:00:00.0,bus-3-bus-4-i_6,-69.36501858695742
2020-04-26T20:00:00.0,bus-3-bus-4-i_6,-69.1046954167422
2020-04-26T21:00:00.0,bus-3-bus-4-i_6,-68.71584092818681
2020-04-26T22:00:00.0,bus-3-bus-4-i_6,-68.37693437603983
2020-04-26T23:00:00.0,bus-3-bus-4-i_6,-68.17427419426912
2020-04-27T00:00:00.0,bus-3-bus-4-i_6,-68.1048692962789
2020-04-27T01:00:00.0,bus-3-bus-4-i_6,-68.06232073697848
2020-04-27T02:00:00.0,bus-3-bus-4-i_6,-68.06231978804318
2020-04-27T03:00:00.0,bus-3-bus-4-i_6,-68.07266157064466
2020-04-27T04:00:00.0,bus-3-bus-4-i_6,-68.17851604007608
2020-04-27T05:00:00.0,bus-3-bus-4-i_6,-68.223300722084
2020-04-27T06:00:00.0,bus-3-bus-4-i_6,-68.32407089675925
2020-04-27T07:00:00.0,bus-3-bus-4-i_6,-68.42366941302967
2020-04-27T08:00:00.0,bus-3-bus-4-i_6,-68.55966383873621
2020-04-27T09:00:00.0,bus-3-bus-4-i_6,-68.69459711662115
2020-04-27T10:00:00.0,bus-3-bus-4-i_6,-68.84378076853883
2020-04-27T11:00:00.0,bus-3-bus-4-i_6,-68.9168083304323
2020-04-27T12:00:00.0,bus-3-bus-4-i_6,-69.06942724518227
2020-04-27T13:00:00.0,bus-3-bus-4-i_6,-69.11987118132446
2020-04-27T14:00:00.0,bus-3-bus-4-i_6,-69.22197587188332
2020-04-27T15:00:00.0,bus-3-bus-4-i_6,-69.24121269301374
2020-04-27T16:00:00.0,bus-3-bus-4-i_6,-69.2091240646865
2020-04-27T17:00:00.0,bus-3-bus-4-i_6,-69.2091240646865
2020-04-27T18:00:00.0,bus-3-bus-4-i_6,-69.75682902699404
2020-04-27T19:00:00.0,bus-3-bus-4-i_6,-70.42803309831707
2020-04-27T20:00:00.0,bus-3-bus-4-i_6,-69.90653448863071
2020-04-27T21:00:00.0,bus-3-bus-4-i_6,-69.14644307855218
2020-04-27T22:00:00.0,bus-3-bus-4-i_6,-68.53674443640546
2020-04-27T23:00:00.0,bus-3-bus-4-i_6,-68.25556382035235
2020-04-28T00:00:00.0,bus-3-bus-4-i_6,-68.15312572070829
2020-04-28T01:00:00.0,bus-3-bus-4-i_6,-68.10383631388997
2020-04-28T02:00:00.0,bus-3-bus-4-i_6,-68.08718136820625
2020-04-28T03:00:00.0,bus-3-bus-4-i_6,-68.11531416438248
2020-04-28T04:00:00.0,bus-3-bus-4-i_6,-68.23617851421409
2020-04-28T05:00:00.0,bus-3-bus-4-i_6,-68.25340571247969
2020-04-28T06:00:00.0,bus-3-bus-4-i_6,-68.41696557926879
2020-04-28T07:00:00.0,bus-3-bus-4-i_6,-68.69810436541188
2020-04-28T08:00:00.0,bus-3-bus-4-i_6,-68.92906828343754
2020-04-28T09:00:00.0,bus-3-bus-4-i_6,-69.12493790237718
2020-04-28T10:00:00.0,bus-3-bus-4-i_6,-69.37937740761618
2020-04-28T11:00:00.0,bus-3-bus-4-i_6,-69.58788194022576
2020-04-28T12:00:00.0,bus-3-bus-4-i_6,-69.80974859378904
2020-04-28T13:00:00.0,bus-3-bus-4-i_6,-70.08384910112413
2020-04-28T14:00:00.0,bus-3-bus-4-i_6,-70.26206201059215
2020-04-28T15:00:00.0,bus-3-bus-4-i_6,-70.3590572168205
2020-04-28T16:00:00.0,bus-3-bus-4-i_6,-70.1914883971873
2020-04-28T17:00:00.0,bus-3-bus-4-i_6,-69.93484415965001
2020-04-28T18:00:00.0,bus-3-bus-4-i_6,-70.49846897282839
2020-04-28T19:00:00.0,bus-3-bus-4-i_6,-70.79523519863797
2020-04-28T20:00:00.0,bus-3-bus-4-i_6,-70.06940548421863
2020-04-28T21:00:00.0,bus-3-bus-4-i_6,-69.2762302412334
2020-04-28T22:00:00.0,bus-3-bus-4-i_6,-68.61972911961965
2020-04-28T23:00:00.0,bus-3-bus-4-i_6,-68.30984251115248
2020-04-29T00:00:00.0,bus-3-bus-4-i_6,-68.19126602698154
2020-04-29T01:00:00.0,bus-3-bus-4-i_6,-68.11531416438248
2020-04-29T02:00:00.0,bus-3-bus-4-i_6,-68.09236894898696
2020-04-29T03:00:00.0,bus-3-bus-4-i_6,-68.10383631388997
2020-04-29T04:00:00.0,bus-3-bus-4-i_6,-68.20086291727803
2020-04-29T05:00:00.0,bus-3-bus-4-i_6,-68.22652741734494
2020-04-29T06:00:00.0,bus-3-bus-4-i_6,-68.381366056703
2020-04-29T07:00:00.0,bus-3-bus-4-i_6,-68.63368774117184
2020-04-29T08:00:00.0,bus-3-bus-4-i_6,-68.98460348273213
2020-04-29T09:00:00.0,bus-3-bus-4-i_6,-69.20006121065595
2020-04-29T10:00:00.0,bus-3-bus-4-i_6,-69.39399513482228
2020-04-29T11:00:00.0,bus-3-bus-4-i_6,-69.38608028282341
2020-04-29T12:00:00.0,bus-3-bus-4-i_6,-69.59332564245129
2020-04-29T13:00:00.0,bus-3-bus-4-i_6,-69.79020935568823
2020-04-29T14:00:00.0,bus-3-bus-4-i_6,-69.84897600991114
2020-04-29T15:00:00.0,bus-3-bus-4-i_6,-69.77071976579128
2020-04-29T16:00:00.0,bus-3-bus-4-i_6,-69.5596113801551
2020-04-29T17:00:00.0,bus-3-bus-4-i_6,-69.4935775568994
2020-04-29T18:00:00.0,bus-3-bus-4-i_6,-70.33917137575887
2020-04-29T19:00:00.0,bus-3-bus-4-i_6,-92.34711045653583
2020-04-29T20:00:00.0,bus-3-bus-4-i_6,-70.17393564240626
2020-04-29T21:00:00.0,bus-3-bus-4-i_6,-69.27104389864309
2020-04-29T22:00:00.0,bus-3-bus-4-i_6,-68.66874407621795
2020-04-29T23:00:00.0,bus-3-bus-4-i_6,-68.34822742847405
2020-04-30T00:00:00.0,bus-3-bus-4-i_6,-68.20191889233979
2020-04-30T01:00:00.0,bus-3-bus-4-i_6,-68.13313879630974
2020-04-30T02:00:00.0,bus-3-bus-4-i_6,-68.11009866823612
2020-04-30T03:00:00.0,bus-3-bus-4-i_6,-68.12684294466031
2020-04-30T04:00:00.0,bus-3-bus-4-i_6,-68.24909250427282
2020-04-30T05:00:00.0,bus-3-bus-4-i_6,-68.35263271492244
2020-04-30T06:00:00.0,bus-3-bus-4-i_6,-68.48779465474308
2020-04-30T07:00:00.0,bus-3-bus-4-i_6,-68.70166925418029
2020-04-30T08:00:00.0,bus-3-bus-4-i_6,-69.02307066748534
2020-04-30T09:00:00.0,bus-3-bus-4-i_6,-69.32308985166317
2020-04-30T10:00:00.0,bus-3-bus-4-i_6,-69.5138127821243
2020-04-30T11:00:00.0,bus-3-bus-4-i_6,-69.71530882041414
2020-04-30T12:00:00.0,bus-3-bus-4-i_6,-69.68346178273777
2020-04-30T13:00:00.0,bus-3-bus-4-i_6,-69.35976331666332
2020-04-30T14:00:00.0,bus-3-bus-4-i_6,-69.32831674759336
2020-04-30T15:00:00.0,bus-3-bus-4-i_6,-69.36885071967885
2020-04-30T16:00:00.0,bus-3-bus-4-i_6,-69.28262321626653
2020-04-30T17:00:00.0,bus-3-bus-4-i_6,-69.46150796704407
2020-04-30T18:00:00.0,bus-3-bus-4-i_6,-70.07806547592435
2020-04-30T19:00:00.0,bus-3-bus-4-i_6,-70.31240264707186
2020-04-30T20:00:00.0,bus-3-bus-4-i_6,-69.76238227775707
2020-04-30T21:00:00.0,bus-3-bus-4-i_6,-69.05807196671478
2020-04-30T22:00:00.0,bus-3-bus-4-i_6,-68.56886000709262
2020-04-30T23:00:00.0,bus-3-bus-4-i_6,-68.29568057629089
2020-05-01T00:00:00.0,bus-3-bus-4-i_6,-67.8627981216846
2020-05-01T01:00:00.0,bus-3-bus-4-i_6,-67.7744265509773
2020-05-01T02:00:00.0,bus-3-bus-4-i_6,-67.72866071776696
2020-05-01T03:00:00.0,bus-3-bus-4-i_6,-67.76772557761947
2020-05-01T04:00:00.0,bus-3-bus-4-i_6,-67.88250017385248
2020-05-01T05:00:00.0,bus-3-bus-4-i_6,-67.9012999485777
2020-05-01T06:00:00.0,bus-3-bus-4-i_6,-68.0882102810819
2020-05-01T07:00:00.0,bus-3-bus-4-i_6,-68.3175040561478
2020-05-01T08:00:00.0,bus-3-bus-4-i_6,-68.5745955573359
2020-05-01T09:00:00.0,bus-3-bus-4-i_6,-68.71820641417158
2020-05-01T10:00:00.0,bus-3-bus-4-i_6,-68.92170923209235
2020-05-01T11:00:00.0,bus-3-bus-4-i_6,-69.12747277134213
2020-05-01T12:00:00.0,bus-3-bus-4-i_6,-69.34402177328516
2020-05-01T13:00:00.0,bus-3-bus-4-i_6,-69.54732693658548
2020-05-01T14:00:00.0,bus-3-bus-4-i_6,-69.78742209078497
2020-05-01T15:00:00.0,bus-3-bus-4-i_6,-69.97470970116247
2020-05-01T16:00:00.0,bus-3-bus-4-i_6,-70.04059369195585
2020-05-01T17:00:00.0,bus-3-bus-4-i_6,-69.95761025162226
2020-05-01T18:00:00.0,bus-3-bus-4-i_6,-70.08095423224177
2020-05-01T19:00:00.0,bus-3-bus-4-i_6,-70.13023795469297
2020-05-01T20:00:00.0,bus-3-bus-4-i_6,-69.77071976579128
2020-05-01T21:00:00.0,bus-3-bus-4-i_6,-69.34402177328516
2020-05-01T22:00:00.0,bus-3-bus-4-i_6,-68.85229309039231
2020-05-01T23:00:00.0,bus-3-bus-4-i_6,-68.44608146885149
2020-05-02T00:00:00.0,bus-3-bus-4-i_6,-68.2168755167111
2020-05-02T01:00:00.0,bus-3-bus-4-i_6,-68.03145050766142
2020-05-02T02:00:00.0,bus-3-bus-4-i_6,-67.93920632382813
2020-05-02T03:00:00.0,bus-3-bus-4-i_6,-67.88052539899739
2020-05-02T04:00:00.0,bus-3-bus-4-i_6,-67.8519935700293
2020-05-02T05:00:00.0,bus-3-bus-4-i_6,-67.76292772498297
2020-05-02T06:00:00.0,bus-3-bus-4-i_6,-67.93820600877918
2020-05-02T07:00:00.0,bus-3-bus-4-i_6,-68.26420568404492
2020-05-02T08:00:00.0,bus-3-bus-4-i_6,-68.50028443365511
2020-05-02T09:00:00.0,bus-3-bus-4-i_6,-68.94017141456007
2020-05-02T10:00:00.0,bus-3-bus-4-i_6,-69.15916879461568
2020-05-02T11:00:00.0,bus-3-bus-4-i_6,-69.3966354583567
2020-05-02T12:00:00.0,bus-3-bus-4-i_6,-69.58516987561478
2020-05-02T13:00:00.0,bus-3-bus-4-i_6,-69.82093615534232
2020-05-02T14:00:00.0,bus-3-bus-4-i_6,-70.08384910112413
2020-05-02T15:00:00.0,bus-3-bus-4-i_6,-70.30943429057004
2020-05-02T16:00:00.0,bus-3-bus-4-i_6,-70.38097411833392
2020-05-02T17:00:00.0,bus-3-bus-4-i_6,-70.19734737844408
2020-05-02T18:00:00.0,bus-3-bus-4-i_6,-70.20027837912914
2020-05-02T19:00:00.0,bus-3-bus-4-i_6,-70.23847305656241
2020-05-02T20:00:00.0,bus-3-bus-4-i_6,-69.91668499666902
2020-05-02T21:00:00.0,bus-3-bus-4-i_6,-69.50307918900293
2020-05-02T22:00:00.0,bus-3-bus-4-i_6,-69.01440741739276
2020-05-02T23:00:00.0,bus-3-bus-4-i_6,-68.57689960318032
2020-05-03T00:00:00.0,bus-3-bus-4-i_6,-68.28370954533574
2020-05-03T01:00:00.0,bus-3-bus-4-i_6,-68.07473278350217
2020-05-03T02:00:00.0,bus-3-bus-4-i_6,-67.95426814226666
2020-05-03T03:00:00.0,bus-3-bus-4-i_6,-67.89534968177682
2020-05-03T04:00:00.0,bus-3-bus-4-i_6,-67.8519935700293
2020-05-03T05:00:00.0,bus-3-bus-4-i_6,-67.70507080090208
2020-05-03T06:00:00.0,bus-3-bus-4-i_6,-67.88250017385248
2020-05-03T07:00:00.0,bus-3-bus-4-i_6,-68.21367689557991
2020-05-03T08:00:00.0,bus-3-bus-4-i_6,-68.64301377826737
2020-05-03T09:00:00.0,bus-3-bus-4-i_6,-69.07193980723008
2020-05-03T10:00:00.0,bus-3-bus-4-i_6,-69.46150796704407
2020-05-03T11:00:00.0,bus-3-bus-4-i_6,-69.79416607998023
2020-05-03T12:00:00.0,bus-3-bus-4-i_6,-70.12152041471118
2020-05-03T13:00:00.0,bus-3-bus-4-i_6,-70.48331927861504
2020-05-03T14:00:00.0,bus-3-bus-4-i_6,-70.78878389429448
2020-05-03T15:00:00.0,bus-3-bus-4-i_6,-92.73174329556349
2020-05-03T16:00:00.0,bus-3-bus-4-i_6,-71.5252198361042
2020-05-03T17:00:00.0,bus-3-bus-4-i_6,-70.26501516490188
2020-05-03T18:00:00.0,bus-3-bus-4-i_6,-70.40495135055585
2020-05-03T19:00:00.0,bus-3-bus-4-i_6,-70.66065333574869
2020-05-03T20:00:00.0,bus-3-bus-4-i_6,-70.26796932909131
2020-05-03T21:00:00.0,bus-3-bus-4-i_6,-69.65208728511791
2020-05-03T22:00:00.0,bus-3-bus-4-i_6,-69.03305074350277
2020-05-03T23:00:00.0,bus-3-bus-4-i_6,-68.58499236496934
2020-05-04T00:00:00.0,bus-3-bus-4-i_6,-68.30547686197406
2020-05-04T01:00:00.0,bus-3-bus-4-i_6,-68.1436521703483
2020-05-04T02:00:00.0,bus-3-bus-4-i_6,-68.03248932293116
2020-05-04T03:00:00.0,bus-3-bus-4-i_6,-67.99877401175537
2020-05-04T04:00:00.0,bus-3-bus-4-i_6,-68.04478935692693
2020-05-04T05:00:00.0,bus-3-bus-4-i_6,-68.09966648390834
2020-05-04T06:00:00.0,bus-3-bus-4-i_6,-68.44608146885149
2020-05-04T07:00:00.0,bus-3-bus-4-i_6,-68.85588897285109
2020-05-04T08:00:00.0,bus-3-bus-4-i_6,-69.4189966300228
2020-05-04T09:00:00.0,bus-3-bus-4-i_6,-69.97355490317376
2020-05-04T10:00:00.0,bus-3-bus-4-i_6,-70.48331927861504
2020-05-04T11:00:00.0,bus-3-bus-4-i_6,-74.9163900321465
2020-05-04T12:00:00.0,bus-3-bus-4-i_6,-154.16789922858536
2020-05-04T13:00:00.0,bus-3-bus-4-i_6,-173.74750587567053
2020-05-04T14:00:00.0,bus-3-bus-4-i_6,-174.81440088400245
2020-05-04T15:00:00.0,bus-3-bus-4-i_6,-175.17034142736713
2020-05-04T16:00:00.0,bus-3-bus-4-i_6,-149.36341296329925
2020-05-04T17:00:00.0,bus-3-bus-4-i_6,-174.34013722574227
2020-05-04T18:00:00.0,bus-3-bus-4-i_6,-175.4667404415616
2020-05-04T19:00:00.0,bus-3-bus-4-i_6,-177.4253033931198
2020-05-04T20:00:00.0,bus-3-bus-4-i_6,-152.9331659133381
2020-05-04T21:00:00.0,bus-3-bus-4-i_6,-70.18856042198954
2020-05-04T22:00:00.0,bus-3-bus-4-i_6,-69.40047933680651
2020-05-04T23:00:00.0,bus-3-bus-4-i_6,-68.84260998649067
2020-05-05T00:00:00.0,bus-3-bus-4-i_6,-68.50028443365511
2020-05-05T01:00:00.0,bus-3-bus-4-i_6,-68.30003715144973
2020-05-05T02:00:00.0,bus-3-bus-4-i_6,-68.18276199421041
2020-05-05T03:00:00.0,bus-3-bus-4-i_6,-68.16580263265102
2020-05-05T04:00:00.0,bus-3-bus-4-i_6,-68.2394144763776
2020-05-05T05:00:00.0,bus-3-bus-4-i_6,-68.30984251115248
2020-05-05T06:00:00.0,bus-3-bus-4-i_6,-68.66874407621795
2020-05-05T07:00:00.0,bus-3-bus-4-i_6,-69.17582800592929
2020-05-05T08:00:00.0,bus-3-bus-4-i_6,-69.66973452421638
2020-05-05T09:00:00.0,bus-3-bus-4-i_6,-70.226729568364
2020-05-05T10:00:00.0,bus-3-bus-4-i_6,-72.02399961604789
2020-05-05T11:00:00.0,bus-3-bus-4-i_6,-154.9739623060625
2020-05-05T12:00:00.0,bus-3-bus-4-i_6,-174.93298854138217
2020-05-05T13:00:00.0,bus-3-bus-4-i_6,-150.35026752685948
2020-05-05T14:00:00.0,bus-3-bus-4-i_6,-150.8886278503625
2020-05-05T15:00:00.0,bus-3-bus-4-i_6,-151.5597657632303
2020-05-05T16:00:00.0,bus-3-bus-4-i_6,-151.13666674439347
2020-05-05T17:00:00.0,bus-3-bus-4-i_6,-150.03909519930306
2020-05-05T18:00:00.0,bus-3-bus-4-i_6,-149.8314074567234
2020-05-05T19:00:00.0,bus-3-bus-4-i_6,-149.5092748026508
2020-05-05T20:00:00.0,bus-3-bus-4-i_6,-154.06047768945407
2020-05-05T21:00:00.0,bus-3-bus-4-i_6,-70.20321263879907
2020-05-05T22:00:00.0,bus-3-bus-4-i_6,-69.43370628369253
2020-05-05T23:00:00.0,bus-3-bus-4-i_6,-68.91435939543263
2020-05-06T00:00:00.0,bus-3-bus-4-i_6,-68.58499236496934
2020-05-06T01:00:00.0,bus-3-bus-4-i_6,-68.39800725833811
2020-05-06T02:00:00.0,bus-3-bus-4-i_6,-68.26097408967308
2020-05-06T03:00:00.0,bus-3-bus-4-i_6,-68.24156587151494
2020-05-06T04:00:00.0,bus-3-bus-4-i_6,-68.33503592034475
2020-05-06T05:00:00.0,bus-3-bus-4-i_6,-68.40804134123682
2020-05-06T06:00:00.0,bus-3-bus-4-i_6,-68.73716688943638
2020-05-06T07:00:00.0,bus-3-bus-4-i_6,-69.18725444943937
2020-05-06T08:00:00.0,bus-3-bus-4-i_6,-69.6795090306152
2020-05-06T09:00:00.0,bus-3-bus-4-i_6,-70.10121462944265
2020-05-06T10:00:00.0,bus-3-bus-4-i_6,-70.51060705212527
2020-05-06T11:00:00.0,bus-3-bus-4-i_6,-70.88925020172103
2020-05-06T12:00:00.0,bus-3-bus-4-i_6,-151.69976749895727
2020-05-06T13:00:00.0,bus-3-bus-4-i_6,-169.60517414489874
2020-05-06T14:00:00.0,bus-3-bus-4-i_6,-174.87369362680428
2020-05-06T15:00:00.0,bus-3-bus-4-i_6,-173.0367023144665
2020-05-06T16:00:00.0,bus-3-bus-4-i_6,-170.4328549782929
2020-05-06T17:00:00.0,bus-3-bus-4-i_6,-154.75891311991435
2020-05-06T18:00:00.0,bus-3-bus-4-i_6,-154.54395787460422
2020-05-06T19:00:00.0,bus-3-bus-4-i_6,-167.53801279900182
2020-05-06T20:00:00.0,bus-3-bus-4-i_6,-70.74768180479794
2020-05-06T21:00:00.0,bus-3-bus-4-i_6,-69.98898687176904
2020-05-06T22:00:00.0,bus-3-bus-4-i_6,-69.26447393014072
2020-05-06T23:00:00.0,bus-3-bus-4-i_6,-68.75973536931994
2020-05-07T00:00:00.0,bus-3-bus-4-i_6,-68.4776288301941
2020-05-07T01:00:00.0,bus-3-bus-4-i_6,-68.29785836129604
2020-05-07T02:00:00.0,bus-3-bus-4-i_6,-68.18705984600149
2020-05-07T03:00:00.0,bus-3-bus-4-i_6,-68.19446963578824
2020-05-07T04:00:00.0,bus-3-bus-4-i_6,-68.29785836129604
2020-05-07T05:00:00.0,bus-3-bus-4-i_6,-68.35813228992001
2020-05-07T06:00:00.0,bus-3-bus-4-i_6,-68.6174062283335
2020-05-07T07:00:00.0,bus-3-bus-4-i_6,-68.84987079799173
2020-05-07T08:00:00.0,bus-3-bus-4-i_6,-69.22969911949559
2020-05-07T09:00:00.0,bus-3-bus-4-i_6,-69.40312162994849
2020-05-07T10:00:00.0,bus-3-bus-4-i_6,-69.65208728511791
2020-05-07T11:00:00.0,bus-3-bus-4-i_6,-69.82093615534232
2020-05-07T12:00:00.0,bus-3-bus-4-i_6,-70.13896457305347
2020-05-07T13:00:00.0,bus-3-bus-4-i_6,-70.41599881174044
2020-05-07T14:00:00.0,bus-3-bus-4-i_6,-70.61444831981376
2020-05-07T15:00:00.0,bus-3-bus-4-i_6,-70.73104265807389
2020-05-07T16:00:00.0,bus-3-bus-4-i_6,-70.61444831981376
2020-05-07T17:00:00.0,bus-3-bus-4-i_6,-70.27683786374376
2020-05-07T18:00:00.0,bus-3-bus-4-i_6,-70.25512161899996
2020-05-07T19:00:00.0,bus-3-bus-4-i_6,-70.46215248567138
2020-05-07T20:00:00.0,bus-3-bus-4-i_6,-70.0032653243432
2020-05-07T21:00:00.0,bus-3-bus-4-i_6,-69.36885071967885
2020-05-07T22:00:00.0,bus-3-bus-4-i_6,-68.78485211952437
2020-05-07T23:00:00.0,bus-3-bus-4-i_6,-68.39800725833811
2020-05-08T00:00:00.0,bus-3-bus-4-i_6,-68.16580263265102
2020-05-08T01:00:00.0,bus-3-bus-4-i_6,-68.01609070384896
2020-05-08T02:00:00.0,bus-3-bus-4-i_6,-67.9311883130402
2020-05-08T03:00:00.0,bus-3-bus-4-i_6,-67.96332096589302
2020-05-08T04:00:00.0,bus-3-bus-4-i_6,-68.05921327274191
2020-05-08T05:00:00.0,bus-3-bus-4-i_6,-68.1215932617028
2020-05-08T06:00:00.0,bus-3-bus-4-i_6,-68.36808319842692
2020-05-08T07:00:00.0,bus-3-bus-4-i_6,-68.73716688943638
2020-05-08T08:00:00.0,bus-3-bus-4-i_6,-69.05186770819287
2020-05-08T09:00:00.0,bus-3-bus-4-i_6,-69.26706390501272
2020-05-08T10:00:00.0,bus-3-bus-4-i_6,-69.37937740761618
2020-05-08T11:00:00.0,bus-3-bus-4-i_6,-69.40047933680651
2020-05-08T12:00:00.0,bus-3-bus-4-i_6,-69.36885071967885
2020-05-08T13:00:00.0,bus-3-bus-4-i_6,-69.3966354583567
2020-05-08T14:00:00.0,bus-3-bus-4-i_6,-69.56352991118138
2020-05-08T15:00:00.0,bus-3-bus-4-i_6,-69.72635856592487
2020-05-08T16:00:00.0,bus-3-bus-4-i_6,-69.77189034839061
2020-05-08T17:00:00.0,bus-3-bus-4-i_6,-69.66973452421638
2020-05-08T18:00:00.0,bus-3-bus-4-i_6,-69.6971916699179
2020-05-08T19:00:00.0,bus-3-bus-4-i_6,-69.86981889851182
2020-05-08T20:00:00.0,bus-3-bus-4-i_6,-69.53923590587097
2020-05-08T21:00:00.0,bus-3-bus-4-i_6,-69.08955615093852
2020-05-08T22:00:00.0,bus-3-bus-4-i_6,-68.62903080890493
2020-05-08T23:00:00.0,bus-3-bus-4-i_6,-68.27719940378785
2020-05-09T00:00:00.0,bus-3-bus-4-i_6,-68.04994524301736
2020-05-09T01:00:00.0,bus-3-bus-4-i_6,-67.9222088396753
2020-05-09T02:00:00.0,bus-3-bus-4-i_6,-67.82564391303407
2020-05-09T03:00:00.0,bus-3-bus-4-i_6,-67.81592740206365
2020-05-09T04:00:00.0,bus-3-bus-4-i_6,-67.78788171660048
2020-05-09T05:00:00.0,bus-3-bus-4-i_6,-67.71920049504408
2020-05-09T06:00:00.0,bus-3-bus-4-i_6,-67.88743020607049
2020-05-09T07:00:00.0,bus-3-bus-4-i_6,-68.18488648204229
2020-05-09T08:00:00.0,bus-3-bus-4-i_6,-68.52076122589364
2020-05-09T09:00:00.0,bus-3-bus-4-i_6,-68.82329245423303
2020-05-09T10:00:00.0,bus-3-bus-4-i_6,-69.04554862898698
2020-05-09T11:00:00.0,bus-3-bus-4-i_6,-69.28781778081748
2020-05-09T12:00:00.0,bus-3-bus-4-i_6,-69.53654202724111
2020-05-09T13:00:00.0,bus-3-bus-4-i_6,-69.864189718979
2020-05-09T14:00:00.0,bus-3-bus-4-i_6,-70.12152041471118
2020-05-09T15:00:00.0,bus-3-bus-4-i_6,-70.30352569167198
2020-05-09T16:00:00.0,bus-3-bus-4-i_6,-70.3590572168205
2020-05-09T17:00:00.0,bus-3-bus-4-i_6,-70.19441738713743
2020-05-09T18:00:00.0,bus-3-bus-4-i_6,-70.08674089727084
2020-05-09T19:00:00.0,bus-3-bus-4-i_6,-70.25512161899996
2020-05-09T20:00:00.0,bus-3-bus-4-i_6,-69.85858747686393
2020-05-09T21:00:00.0,bus-3-bus-4-i_6,-69.40720684682205
2020-05-09T22:00:00.0,bus-3-bus-4-i_6,-68.8850512432139
2020-05-09T23:00:00.0,bus-3-bus-4-i_6,-68.49121002203479
2020-05-10T00:00:00.0,bus-3-bus-4-i_6,-68.20191889233979
2020-05-10T01:00:00.0,bus-3-bus-4-i_6,-68.0468468707594
2020-05-10T02:00:00.0,bus-3-bus-4-i_6,-67.93820600877918
2020-05-10T03:00:00.0,bus-3-bus-4-i_6,-67.9012999485777
2020-05-10T04:00:00.0,bus-3-bus-4-i_6,-67.84710957309562
2020-05-10T05:00:00.0,bus-3-bus-4-i_6,-67.71920049504408
2020-05-10T06:00:00.0,bus-3-bus-4-i_6,-67.91423461911846
2020-05-10T07:00:00.0,bus-3-bus-4-i_6,-68.25556382035235
2020-05-10T08:00:00.0,bus-3-bus-4-i_6,-68.67927943899934
2020-05-10T09:00:00.0,bus-3-bus-4-i_6,-69.1337426727734
2020-05-10T10:00:00.0,bus-3-bus-4-i_6,-69.56352991118138
2020-05-10T11:00:00.0,bus-3-bus-4-i_6,-69.98327293682374
2020-05-10T12:00:00.0,bus-3-bus-4-i_6,-69.96900586298614
2020-05-10T13:00:00.0,bus-3-bus-4-i_6,-70.57460201210762
2020-05-10T14:00:00.0,bus-3-bus-4-i_6,-119.04519277294759
2020-05-10T15:00:00.0,bus-3-bus-4-i_6,-166.82988162226496
2020-05-10T16:00:00.0,bus-3-bus-4-i_6,-167.41996959719864
2020-05-10T17:00:00.0,bus-3-bus-4-i_6,-153.14780601550675
2020-05-10T18:00:00.0,bus-3-bus-4-i_6,-151.37822436618342
2020-05-10T19:00:00.0,bus-3-bus-4-i_6,-153.0404809161877
2020-05-10T20:00:00.0,bus-3-bus-4-i_6,-70.60216872564382
2020-05-10T21:00:00.0,bus-3-bus-4-i_6,-70.03657979448849
2020-05-10T22:00:00.0,bus-3-bus-4-i_6,-69.37817454593234
2020-05-10T23:00:00.0,bus-3-bus-4-i_6,-68.8401917392407
2020-05-11T00:00:00.0,bus-3-bus-4-i_6,-68.51848196336722
2020-05-11T01:00:00.0,bus-3-bus-4-i_6,-68.32626186755918
2020-05-11T02:00:00.0,bus-3-bus-4-i_6,-68.18488648204229
2020-05-11T03:00:00.0,bus-3-bus-4-i_6,-68.18276199421041
2020-05-11T04:00:00.0,bus-3-bus-4-i_6,-68.25772254962254
2020-05-11T05:00:00.0,bus-3-bus-4-i_6,-68.34822742847405
2020-05-11T06:00:00.0,bus-3-bus-4-i_6,-68.7430750226496
2020-05-11T07:00:00.0,bus-3-bus-4-i_6,-69.26327199206253
2020-05-11T08:00:00.0,bus-3-bus-4-i_6,-69.72912355942296
2020-05-11T09:00:00.0,bus-3-bus-4-i_6,-70.23847305656241
2020-05-11T10:00:00.0,bus-3-bus-4-i_6,-70.8122666476476
2020-05-11T11:00:00.0,bus-3-bus-4-i_6,-167.18390909133137
2020-05-11T12:00:00.0,bus-3-bus-4-i_6,-174.69582192125335
2020-05-11T13:00:00.0,bus-3-bus-4-i_6,-150.4228165889284
2020-05-11T14:00:00.0,bus-3-bus-4-i_6,-152.31110665693396
2020-05-11T15:00:00.0,bus-3-bus-4-i_6,-153.20322150658052
2020-05-11T16:00:00.0,bus-3-bus-4-i_6,-152.8755072554195
2020-05-11T17:00:00.0,bus-3-bus-4-i_6,-151.39474914457384
2020-05-11T18:00:00.0,bus-3-bus-4-i_6,-150.82657533248857
2020-05-11T19:00:00.0,bus-3-bus-4-i_6,-150.98167114209912
2020-05-11T20:00:00.0,bus-3-bus-4-i_6,-176.47541528869334
2020-05-11T21:00:00.0,bus-3-bus-4-i_6,-72.02399961604789
2020-05-11T22:00:00.0,bus-3-bus-4-i_6,-69.82489875975295
2020-05-11T23:00:00.0,bus-3-bus-4-i_6,-69.13881979872718
2020-05-12T00:00:00.0,bus-3-bus-4-i_6,-68.75142986164121
2020-05-12T01:00:00.0,bus-3-bus-4-i_6,-68.49347710446672
2020-05-12T02:00:00.0,bus-3-bus-4-i_6,-68.34822742847405
2020-05-12T03:00:00.0,bus-3-bus-4-i_6,-68.34162709725318
2020-05-12T04:00:00.0,bus-3-bus-4-i_6,-68.38802117069297
2020-05-12T05:00:00.0,bus-3-bus-4-i_6,-68.4776288301941
2020-05-12T06:00:00.0,bus-3-bus-4-i_6,-68.90584031899441
2020-05-12T07:00:00.0,bus-3-bus-4-i_6,-69.3834440107289
2020-05-12T08:00:00.0,bus-3-bus-4-i_6,-69.93484415965001
2020-05-12T09:00:00.0,bus-3-bus-4-i_6,-70.40495135055585
2020-05-12T10:00:00.0,bus-3-bus-4-i_6,-70.78878389429448
2020-05-12T11:00:00.0,bus-3-bus-4-i_6,-151.96778493199199
2020-05-12T12:00:00.0,bus-3-bus-4-i_6,-167.5970376357694
2020-05-12T13:00:00.0,bus-3-bus-4-i_6,-175.82267234039824
2020-05-12T14:00:00.0,bus-3-bus-4-i_6,-150.31916924519768
2020-05-12T15:00:00.0,bus-3-bus-4-i_6,-151.16765234015307
2020-05-12T16:00:00.0,bus-3-bus-4-i_6,-151.09534597813524
2020-05-12T17:00:00.0,bus-3-bus-4-i_6,-149.6963069518699
2020-05-12T18:00:00.0,bus-3-bus-4-i_6,-176.41606437176583
2020-05-12T19:00:00.0,bus-3-bus-4-i_6,-175.4667404415616
2020-05-12T20:00:00.0,bus-3-bus-4-i_6,-152.07500925345246
2020-05-12T21:00:00.0,bus-3-bus-4-i_6,-70.1914883971873
2020-05-12T22:00:00.0,bus-3-bus-4-i_6,-69.33998580320724
2020-05-12T23:00:00.0,bus-3-bus-4-i_6,-68.80280345233837
2020-05-13T00:00:00.0,bus-3-bus-4-i_6,-68.47310990118199
2020-05-13T01:00:00.0,bus-3-bus-4-i_6,-68.26097408967308
2020-05-13T02:00:00.0,bus-3-bus-4-i_6,-68.12997959309497
2020-05-13T03:00:00.0,bus-3-bus-4-i_6,-68.11531416438248
2020-05-13T04:00:00.0,bus-3-bus-4-i_6,-68.18068606060628
2020-05-13T05:00:00.0,bus-3-bus-4-i_6,-68.29132805883573
2020-05-13T06:00:00.0,bus-3-bus-4-i_6,-68.77405507284848
2020-05-13T07:00:00.0,bus-3-bus-4-i_6,-69.02307066748534
2020-05-13T08:00:00.0,bus-3-bus-4-i_6,-69.52725255441791
2020-05-13T09:00:00.0,bus-3-bus-4-i_6,-69.9037015319397
2020-05-13T10:00:00.0,bus-3-bus-4-i_6,-70.19734737844408
2020-05-13T11:00:00.0,bus-3-bus-4-i_6,-70.51060705212527
2020-05-13T12:00:00.0,bus-3-bus-4-i_6,-70.7653228182291
2020-05-13T13:00:00.0,bus-3-bus-4-i_6,-154.8126617722951
2020-05-13T14:00:00.0,bus-3-bus-4-i_6,-175.88200189721172
2020-05-13T15:00:00.0,bus-3-bus-4-i_6,-149.7794534250306
2020-05-13T16:00:00.0,bus-3-bus-4-i_6,-149.86257029394983
2020-05-13T17:00:00.0,bus-3-bus-4-i_6,-174.399412569153
2020-05-13T18:00:00.0,bus-3-bus-4-i_6,-169.7824835287361
2020-05-13T19:00:00.0,bus-3-bus-4-i_6,-170.13723033760547
2020-05-13T20:00:00.0,bus-3-bus-4-i_6,-71.5252198361042
2020-05-13T21:00:00.0,bus-3-bus-4-i_6,-69.97355490317376
2020-05-13T22:00:00.0,bus-3-bus-4-i_6,-69.21426174224598
2020-05-13T23:00:00.0,bus-3-bus-4-i_6,-68.68753410797119
2020-05-14T00:00:00.0,bus-3-bus-4-i_6,-68.36587293982716
2020-05-14T01:00:00.0,bus-3-bus-4-i_6,-68.16898782656166
2020-05-14T02:00:00.0,bus-3-bus-4-i_6,-68.08718136820625
2020-05-14T03:00:00.0,bus-3-bus-4-i_6,-68.06541017057981
2020-05-14T04:00:00.0,bus-3-bus-4-i_6,-68.15630173079663
2020-05-14T05:00:00.0,bus-3-bus-4-i_6,-68.2394144763776
2020-05-14T06:00:00.0,bus-3-bus-4-i_6,-68.5734641780746
2020-05-14T07:00:00.0,bus-3-bus-4-i_6,-68.98708157204776
2020-05-14T08:00:00.0,bus-3-bus-4-i_6,-69.5069762258681
2020-05-14T09:00:00.0,bus-3-bus-4-i_6,-69.86981889851182
2020-05-14T10:00:00.0,bus-3-bus-4-i_6,-70.19734737844408
2020-05-14T11:00:00.0,bus-3-bus-4-i_6,-70.88925020172103
2020-05-14T12:00:00.0,bus-3-bus-4-i_6,-167.24292091035062
2020-05-14T13:00:00.0,bus-3-bus-4-i_6,-177.60345625340125
2020-05-14T14:00:00.0,bus-3-bus-4-i_6,-150.84726141523507
2020-05-14T15:00:00.0,bus-3-bus-4-i_6,-151.8379548495127
2020-05-14T16:00:00.0,bus-3-bus-4-i_6,-151.21928548251384
2020-05-14T17:00:00.0,bus-3-bus-4-i_6,-150.56783570642835
2020-05-14T18:00:00.0,bus-3-bus-4-i_6,-149.75867185989824
2020-05-14T19:00:00.0,bus-3-bus-4-i_6,-149.45709076199816
2020-05-14T20:00:00.0,bus-3-bus-4-i_6,-154.06047768945407
2020-05-14T21:00:00.0,bus-3-bus-4-i_6,-70.25512161899996
2020-05-14T22:00:00.0,bus-3-bus-4-i_6,-69.40985222371123
2020-05-14T23:00:00.0,bus-3-bus-4-i_6,-68.86073908599073
2020-05-15T00:00:00.0,bus-3-bus-4-i_6,-68.51165027663897
2020-05-15T01:00:00.0,bus-3-bus-4-i_6,-68.28805489284582
2020-05-15T02:00:00.0,bus-3-bus-4-i_6,-68.17110573056543
2020-05-15T03:00:00.0,bus-3-bus-4-i_6,-68.14575790244693
2020-05-15T04:00:00.0,bus-3-bus-4-i_6,-68.20940151783887
2020-05-15T05:00:00.0,bus-3-bus-4-i_6,-68.32626186755918
2020-05-15T06:00:00.0,bus-3-bus-4-i_6,-68.70638908808246
2020-05-15T07:00:00.0,bus-3-bus-4-i_6,-69.20006121065595
2020-05-15T08:00:00.0,bus-3-bus-4-i_6,-69.80532747132047
2020-05-15T09:00:00.0,bus-3-bus-4-i_6,-70.39298329778552
2020-05-15T10:00:00.0,bus-3-bus-4-i_6,-151.6461713156919
2020-05-15T11:00:00.0,bus-3-bus-4-i_6,-149.4674967662463
2020-05-15T12:00:00.0,bus-3-bus-4-i_6,-151.3018737631982
2020-05-15T13:00:00.0,bus-3-bus-4-i_6,-154.1324848349192
2020-05-15T14:00:00.0,bus-3-bus-4-i_6,-156.44331723424068
2020-05-15T15:00:00.0,bus-3-bus-4-i_6,-157.56926801029937
2020-05-15T16:00:00.0,bus-3-bus-4-i_6,-156.7555754652191
2020-05-15T17:00:00.0,bus-3-bus-4-i_6,-154.70236982311906
2020-05-15T18:00:00.0,bus-3-bus-4-i_6,-153.20322150658052
2020-05-15T19:00:00.0,bus-3-bus-4-i_6,-152.7319785763436
2020-05-15T20:00:00.0,bus-3-bus-4-i_6,-150.3709973385167
2020-05-15T21:00:00.0,bus-3-bus-4-i_6,-169.7824835287361
2020-05-15T22:00:00.0,bus-3-bus-4-i_6,-70.61752046181343
2020-05-15T23:00:00.0,bus-3-bus-4-i_6,-69.95761025162226
2020-05-16T00:00:00.0,bus-3-bus-4-i_6,-69.4789879610244
2020-05-16T01:00:00.0,bus-3-bus-4-i_6,-69.14644307855218
2020-05-16T02:00:00.0,bus-3-bus-4-i_6,-68.87774699615781
2020-05-16T03:00:00.0,bus-3-bus-4-i_6,-68.70166925418029
2020-05-16T04:00:00.0,bus-3-bus-4-i_6,-68.56886000709262
2020-05-16T05:00:00.0,bus-3-bus-4-i_6,-68.47085193457416
2020-05-16T06:00:00.0,bus-3-bus-4-i_6,-68.830528915033
2020-05-16T07:00:00.0,bus-3-bus-4-i_6,-69.50307918900293
2020-05-16T08:00:00.0,bus-3-bus-4-i_6,-70.46822572792166
2020-05-16T09:00:00.0,bus-3-bus-4-i_6,-167.95123208422368
2020-05-16T10:00:00.0,bus-3-bus-4-i_6,-150.2051056233598
2020-05-16T11:00:00.0,bus-3-bus-4-i_6,-152.36247540732063
2020-05-16T12:00:00.0,bus-3-bus-4-i_6,-154.15286372922924
2020-05-16T13:00:00.0,bus-3-bus-4-i_6,-156.04981610297105
2020-05-16T14:00:00.0,bus-3-bus-4-i_6,-157.42885949787865
2020-05-16T15:00:00.0,bus-3-bus-4-i_6,-157.99991462255437
2020-05-16T16:00:00.0,bus-3-bus-4-i_6,-157.5091047771786
2020-05-16T17:00:00.0,bus-3-bus-4-i_6,-155.69604949069148
2020-05-16T18:00:00.0,bus-3-bus-4-i_6,-153.8163672540475
2020-05-16T19:00:00.0,bus-3-bus-4-i_6,-153.20322150658052
2020-05-16T20:00:00.0,bus-3-bus-4-i_6,-150.73346441946933
2020-05-16T21:00:00.0,bus-3-bus-4-i_6,-169.3097020997774
2020-05-16T22:00:00.0,bus-3-bus-4-i_6,-70.516680538256
2020-05-16T23:00:00.0,bus-3-bus-4-i_6,-69.77745428647049
2020-05-17T00:00:00.0,bus-3-bus-4-i_6,-69.26327199206253
2020-05-17T01:00:00.0,bus-3-bus-4-i_6,-68.91318025966692
2020-05-17T02:00:00.0,bus-3-bus-4-i_6,-68.65350051466021
2020-05-17T03:00:00.0,bus-3-bus-4-i_6,-68.48553019275928
2020-05-17T04:00:00.0,bus-3-bus-4-i_6,-68.30984251115248
2020-05-17T05:00:00.0,bus-3-bus-4-i_6,-68.20086291727803
2020-05-17T06:00:00.0,bus-3-bus-4-i_6,-68.57116158866192
2020-05-17T07:00:00.0,bus-3-bus-4-i_6,-69.24895739270687
2020-05-17T08:00:00.0,bus-3-bus-4-i_6,-70.06363519647039
2020-05-17T09:00:00.0,bus-3-bus-4-i_6,-92.4072326497514
2020-05-17T10:00:00.0,bus-3-bus-4-i_6,-176.47541528869334
2020-05-17T11:00:00.0,bus-3-bus-4-i_6,-151.44632993052954
2020-05-17T12:00:00.0,bus-3-bus-4-i_6,-153.44868625762064
2020-05-17T13:00:00.0,bus-3-bus-4-i_6,-155.8376269472462
2020-05-17T14:00:00.0,bus-3-bus-4-i_6,-157.63943599079911
2020-05-17T15:00:00.0,bus-3-bus-4-i_6,-158.70890917306798
2020-05-17T16:00:00.0,bus-3-bus-4-i_6,-158.55934581286536
2020-05-17T17:00:00.0,bus-3-bus-4-i_6,-156.5944680731726
2020-05-17T18:00:00.0,bus-3-bus-4-i_6,-154.91568926888357
2020-05-17T19:00:00.0,bus-3-bus-4-i_6,-154.37690516670708
2020-05-17T20:00:00.0,bus-3-bus-4-i_6,-151.3225160739002
2020-05-17T21:00:00.0,bus-3-bus-4-i_6,-169.54607537696313
2020-05-17T22:00:00.0,bus-3-bus-4-i_6,-70.42803309831707
2020-05-17T23:00:00.0,bus-3-bus-4-i_6,-69.73306721766895
2020-05-18T00:00:00.0,bus-3-bus-4-i_6,-69.24001098764033
2020-05-18T01:00:00.0,bus-3-bus-4-i_6,-68.89968708130914
2020-05-18T02:00:00.0,bus-3-bus-4-i_6,-68.68162906390643
2020-05-18T03:00:00.0,bus-3-bus-4-i_6,-68.61390968108574
2020-05-18T04:00:00.0,bus-3-bus-4-i_6,-68.63834871758723
2020-05-18T05:00:00.0,bus-3-bus-4-i_6,-68.85588897285109
2020-05-18T06:00:00.0,bus-3-bus-4-i_6,-69.53654202724111
2020-05-18T07:00:00.0,bus-3-bus-4-i_6,-70.0032653243432
2020-05-18T08:00:00.0,bus-3-bus-4-i_6,-70.62278436843393
2020-05-18T09:00:00.0,bus-3-bus-4-i_6,-169.3097020997774
2020-05-18T10:00:00.0,bus-3-bus-4-i_6,-150.61960676167328
2020-05-18T11:00:00.0,bus-3-bus-4-i_6,-153.69387576961566
2020-05-18T12:00:00.0,bus-3-bus-4-i_6,-156.38282643895218
2020-05-18T13:00:00.0,bus-3-bus-4-i_6,-158.47952801858733
2020-05-18T14:00:00.0,bus-3-bus-4-i_6,-158.85834274001144
2020-05-18T15:00:00.0,bus-3-bus-4-i_6,-157.99991462255437
2020-05-18T16:00:00.0,bus-3-bus-4-i_6,-156.6045409221787
2020-05-18T17:00:00.0,bus-3-bus-4-i_6,-154.94614621393242
2020-05-18T18:00:00.0,bus-3-bus-4-i_6,-155.31129261307274
2020-05-18T19:00:00.0,bus-3-bus-4-i_6,-155.23020272915008
2020-05-18T20:00:00.0,bus-3-bus-4-i_6,-152.5575680166832
2020-05-18T21:00:00.0,bus-3-bus-4-i_6,-157.97411670620684
2020-05-18T22:00:00.0,bus-3-bus-4-i_6,-82.76371227265429
2020-05-18T23:00:00.0,bus-3-bus-4-i_6,-70.12152041471118
2020-05-19T00:00:00.0,bus-3-bus-4-i_6,-69.56352991118138
2020-05-19T01:00:00.0,bus-3-bus-4-i_6,-69.19749778455531
2020-05-19T02:00:00.0,bus-3-bus-4-i_6,-68.94017141456007
2020-05-19T03:00:00.0,bus-3-bus-4-i_6,-68.83169822193977
2020-05-19T04:00:00.0,bus-3-bus-4-i_6,-68.86559351630952
2020-05-19T05:00:00.0,bus-3-bus-4-i_6,-68.98212641824976
2020-05-19T06:00:00.0,bus-3-bus-4-i_6,-69.33354770174545
2020-05-19T07:00:00.0,bus-3-bus-4-i_6,-69.79416607998023
2020-05-19T08:00:00.0,bus-3-bus-4-i_6,-70.3690392487764
2020-05-19T09:00:00.0,bus-3-bus-4-i_6,-93.17757379462115
2020-05-19T10:00:00.0,bus-3-bus-4-i_6,-167.47899012124287
2020-05-19T11:00:00.0,bus-3-bus-4-i_6,-149.34259086005267
2020-05-19T12:00:00.0,bus-3-bus-4-i_6,-151.3534759700911
2020-05-19T13:00:00.0,bus-3-bus-4-i_6,-153.82657177140624
2020-05-19T14:00:00.0,bus-3-bus-4-i_6,-155.726395459508
2020-05-19T15:00:00.0,bus-3-bus-4-i_6,-157.00705692402983
2020-05-19T16:00:00.0,bus-3-bus-4-i_6,-155.86795269585895
2020-05-19T17:00:00.0,bus-3-bus-4-i_6,-153.91839090533503
2020-05-19T18:00:00.0,bus-3-bus-4-i_6,-153.36689524142466
2020-05-19T19:00:00.0,bus-3-bus-4-i_6,-153.27484382242113
2020-05-19T20:00:00.0,bus-3-bus-4-i_6,-151.0025302969371
2020-05-19T21:00:00.0,bus-3-bus-4-i_6,-168.4826702580101
2020-05-19T22:00:00.0,bus-3-bus-4-i_6,-70.42902056356581
2020-05-19T23:00:00.0,bus-3-bus-4-i_6,-69.59332564245129
2020-05-20T00:00:00.0,bus-3-bus-4-i_6,-69.16426616703282
2020-05-20T01:00:00.0,bus-3-bus-4-i_6,-68.84987079799173
2020-05-20T02:00:00.0,bus-3-bus-4-i_6,-68.66520298101398
2020-05-20T03:00:00.0,bus-3-bus-4-i_6,-68.6127635043302
2020-05-20T04:00:00.0,bus-3-bus-4-i_6,-68.6570332531187
2020-05-20T05:00:00.0,bus-3-bus-4-i_6,-68.82811575394545
2020-05-20T06:00:00.0,bus-3-bus-4-i_6,-69.49893697308545
2020-05-20T07:00:00.0,bus-3-bus-4-i_6,-70.26796932909131
2020-05-20T08:00:00.0,bus-3-bus-4-i_6,-154.16789922858536
2020-05-20T09:00:00.0,bus-3-bus-4-i_6,-149.90411733089593
2020-05-20T10:00:00.0,bus-3-bus-4-i_6,-152.83450859962332
2020-05-20T11:00:00.0,bus-3-bus-4-i_6,-155.6049856239615
2020-05-20T12:00:00.0,bus-3-bus-4-i_6,-157.62941347830156
2020-05-20T13:00:00.0,bus-3-bus-4-i_6,-159.42885532002427
2020-05-20T14:00:00.0,bus-3-bus-4-i_6,-169.74921201422796
2020-05-20T15:00:00.0,bus-3-bus-4-i_6,-168.653361663286
2020-05-20T16:00:00.0,bus-3-bus-4-i_6,-168.88425774599804
2020-05-20T17:00:00.0,bus-3-bus-4-i_6,-170.89177606573028
2020-05-20T18:00:00.0,bus-3-bus-4-i_6,-159.92030713097085
2020-05-20T19:00:00.0,bus-3-bus-4-i_6,-158.81850700862321
2020-05-20T20:00:00.0,bus-3-bus-4-i_6,-155.28088750882966
2020-05-20T21:00:00.0,bus-3-bus-4-i_6,-150.7541558541135
2020-05-20T22:00:00.0,bus-3-bus-4-i_6,-151.6461713156919
2020-05-20T23:00:00.0,bus-3-bus-4-i_6,-70.17103989264449
2020-05-21T00:00:00.0,bus-3-bus-4-i_6,-69.62749436538631
2020-05-21T01:00:00.0,bus-3-bus-4-i_6,-69.22575047071504
2020-05-21T02:00:00.0,bus-3-bus-4-i_6,-68.96481532417305
2020-05-21T03:00:00.0,bus-3-bus-4-i_6,-68.8985095140364
2020-05-21T04:00:00.0,bus-3-bus-4-i_6,-68.90339570447411
2020-05-21T05:00:00.0,bus-3-bus-4-i_6,-69.1376223939612
2020-05-21T06:00:00.0,bus-3-bus-4-i_6,-69.85858747686393
2020-05-21T07:00:00.0,bus-3-bus-4-i_6,-70.80849459761174
2020-05-21T08:00:00.0,bus-3-bus-4-i_6,-173.98453321998107
2020-05-21T09:00:00.0,bus-3-bus-4-i_6,-151.91002124438927
2020-05-21T10:00:00.0,bus-3-bus-4-i_6,-154.53969881039748
2020-05-21T11:00:00.0,bus-3-bus-4-i_6,-157.64945800787942
2020-05-21T12:00:00.0,bus-3-bus-4-i_6,-159.65721247019619
2020-05-21T13:00:00.0,bus-3-bus-4-i_6,-159.22563796078472
2020-05-21T14:00:00.0,bus-3-bus-4-i_6,-159.5897634733821
2020-05-21T15:00:00.0,bus-3-bus-4-i_6,-159.22629622901917
2020-05-21T16:00:00.0,bus-3-bus-4-i_6,-158.75873520396812
2020-05-21T17:00:00.0,bus-3-bus-4-i_6,-158.13992461048062
2020-05-21T18:00:00.0,bus-3-bus-4-i_6,-157.63943599079911
2020-05-21T19:00:00.0,bus-3-bus-4-i_6,-157.5893184779698
2020-05-21T20:00:00.0,bus-3-bus-4-i_6,-155.29102302391786
2020-05-21T21:00:00.0,bus-3-bus-4-i_6,-151.41538288712732
2020-05-21T22:00:00.0,bus-3-bus-4-i_6,-168.65992467902717
2020-05-21T23:00:00.0,bus-3-bus-4-i_6,-70.65756504507551
2020-05-22T00:00:00.0,bus-3-bus-4-i_6,-70.07517995427965
2020-05-22T01:00:00.0,bus-3-bus-4-i_6,-69.62749436538631
2020-05-22T02:00:00.0,bus-3-bus-4-i_6,-69.35713718495123
2020-05-22T03:00:00.0,bus-3-bus-4-i_6,-69.1300086539529
2020-05-22T04:00:00.0,bus-3-bus-4-i_6,-69.03055420513616
2020-05-22T05:00:00.0,bus-3-bus-4-i_6,-69.28002719530389
2020-05-22T06:00:00.0,bus-3-bus-4-i_6,-70.07229224369958
2020-05-22T07:00:00.0,bus-3-bus-4-i_6,-93.17145800009602
2020-05-22T08:00:00.0,bus-3-bus-4-i_6,-149.5924901317693
2020-05-22T09:00:00.0,bus-3-bus-4-i_6,-152.90625123571547
2020-05-22T10:00:00.0,bus-3-bus-4-i_6,-155.32142668710742
2020-05-22T11:00:00.0,bus-3-bus-4-i_6,-157.80974270338223
2020-05-22T12:00:00.0,bus-3-bus-4-i_6,-159.41481484508495
2020-05-22T13:00:00.0,bus-3-bus-4-i_6,-160.8016122233278
2020-05-22T14:00:00.0,bus-3-bus-4-i_6,-170.35793954016967
2020-05-22T15:00:00.0,bus-3-bus-4-i_6,-170.07013027710772
2020-05-22T16:00:00.0,bus-3-bus-4-i_6,-170.67841158352408
2020-05-22T17:00:00.0,bus-3-bus-4-i_6,-159.92868448000922
2020-05-22T18:00:00.0,bus-3-bus-4-i_6,-157.66950055493288
2020-05-22T19:00:00.0,bus-3-bus-4-i_6,-156.9970035026274
2020-05-22T20:00:00.0,bus-3-bus-4-i_6,-154.5295277990257
2020-05-22T21:00:00.0,bus-3-bus-4-i_6,-150.94032182735936
2020-05-22T22:00:00.0,bus-3-bus-4-i_6,-167.3019349966123
2020-05-22T23:00:00.0,bus-3-bus-4-i_6,-70.49846897282839
2020-05-23T00:00:00.0,bus-3-bus-4-i_6,-69.86702339035237
2020-05-23T01:00:00.0,bus-3-bus-4-i_6,-69.43636179854444
2020-05-23T02:00:00.0,bus-3-bus-4-i_6,-69.15287726022615
2020-05-23T03:00:00.0,bus-3-bus-4-i_6,-68.9500168173019
2020-05-23T04:00:00.0,bus-3-bus-4-i_6,-68.75857503551369
2020-05-23T05:00:00.0,bus-3-bus-4-i_6,-68.74069904816045
2020-05-23T06:00:00.0,bus-3-bus-4-i_6,-69.26447393014072
2020-05-23T07:00:00.0,bus-3-bus-4-i_6,-70.12733098839996
2020-05-23T08:00:00.0,bus-3-bus-4-i_6,-151.8605705723524
2020-05-23T09:00:00.0,bus-3-bus-4-i_6,-149.5716903273954
2020-05-23T10:00:00.0,bus-3-bus-4-i_6,-152.1363636741346
2020-05-23T11:00:00.0,bus-3-bus-4-i_6,-154.02036669934063
2020-05-23T12:00:00.0,bus-3-bus-4-i_6,-155.06793079221958
2020-05-23T13:00:00.0,bus-3-bus-4-i_6,-156.6146132866952
2020-05-23T14:00:00.0,bus-3-bus-4-i_6,-157.6995606546003
2020-05-23T15:00:00.0,bus-3-bus-4-i_6,-158.0499296083552
2020-05-23T16:00:00.0,bus-3-bus-4-i_6,-157.25823387754164
2020-05-23T17:00:00.0,bus-3-bus-4-i_6,-155.51388277403976
2020-05-23T18:00:00.0,bus-3-bus-4-i_6,-153.46912923343154
2020-05-23T19:00:00.0,bus-3-bus-4-i_6,-153.4282413704333
2020-05-23T20:00:00.0,bus-3-bus-4-i_6,-151.11600732440715
2020-05-23T21:00:00.0,bus-3-bus-4-i_6,-172.14855283072507
2020-05-23T22:00:00.0,bus-3-bus-4-i_6,-70.76969596654612
2020-05-23T23:00:00.0,bus-3-bus-4-i_6,-69.98898687176904
2020-05-24T00:00:00.0,bus-3-bus-4-i_6,-69.4789879610244
2020-05-24T01:00:00.0,bus-3-bus-4-i_6,-69.07816945118341
2020-05-24T02:00:00.0,bus-3-bus-4-i_6,-68.78964295467416
2020-05-24T03:00:00.0,bus-3-bus-4-i_6,-68.60580702866734
2020-05-24T04:00:00.0,bus-3-bus-4-i_6,-68.38802117069297
2020-05-24T05:00:00.0,bus-3-bus-4-i_6,-68.33284088785
2020-05-24T06:00:00.0,bus-3-bus-4-i_6,-68.75381055893804
2020-05-24T07:00:00.0,bus-3-bus-4-i_6,-69.4923618515597
2020-05-24T08:00:00.0,bus-3-bus-4-i_6,-70.40798121209227
2020-05-24T09:00:00.0,bus-3-bus-4-i_6,-167.89219425898284
2020-05-24T10:00:00.0,bus-3-bus-4-i_6,-149.9871881915312
2020-05-24T11:00:00.0,bus-3-bus-4-i_6,-151.70405528696955
2020-05-24T12:00:00.0,bus-3-bus-4-i_6,-152.64992018322738
2020-05-24T13:00:00.0,bus-3-bus-4-i_6,-153.04966633828744
2020-05-24T14:00:00.0,bus-3-bus-4-i_6,-152.9779704830216
2020-05-24T15:00:00.0,bus-3-bus-4-i_6,-153.18275368920106
2020-05-24T16:00:00.0,bus-3-bus-4-i_6,-152.0643706634627
2020-05-24T17:00:00.0,bus-3-bus-4-i_6,-149.95604002608874
2020-05-24T18:00:00.0,bus-3-bus-4-i_6,-149.74827676357182
2020-05-24T19:00:00.0,bus-3-bus-4-i_6,-150.929983309448
2020-05-24T20:00:00.0,bus-3-bus-4-i_6,-149.30094046246367
2020-05-24T21:00:00.0,bus-3-bus-4-i_6,-152.1286251670472
2020-05-24T22:00:00.0,bus-3-bus-4-i_6,-70.20027837912914
2020-05-24T23:00:00.0,bus-3-bus-4-i_6,-69.52038376006307
2020-05-25T00:00:00.0,bus-3-bus-4-i_6,-69.07193980723008
2020-05-25T01:00:00.0,bus-3-bus-4-i_6,-68.78601595341874
2020-05-25T02:00:00.0,bus-3-bus-4-i_6,-68.67108926737086
2020-05-25T03:00:00.0,bus-3-bus-4-i_6,-68.68518180684323
2020-05-25T04:00:00.0,bus-3-bus-4-i_6,-68.74783207523265
2020-05-25T05:00:00.0,bus-3-bus-4-i_6,-68.79800216343304
2020-05-25T06:00:00.0,bus-3-bus-4-i_6,-68.98708157204776
2020-05-25T07:00:00.0,bus-3-bus-4-i_6,-69.1337426727734
2020-05-25T08:00:00.0,bus-3-bus-4-i_6,-69.30482763127732
2020-05-25T09:00:00.0,bus-3-bus-4-i_6,-69.4789879610244
2020-05-25T10:00:00.0,bus-3-bus-4-i_6,-69.63295237376263
2020-05-25T11:00:00.0,bus-3-bus-4-i_6,-69.6795090306152
2020-05-25T12:00:00.0,bus-3-bus-4-i_6,-69.58397629230622
2020-05-25T13:00:00.0,bus-3-bus-4-i_6,-69.63568288308967
2020-05-25T14:00:00.0,bus-3-bus-4-i_6,-69.70821168294027
2020-05-25T15:00:00.0,bus-3-bus-4-i_6,-69.77745428647049
2020-05-25T16:00:00.0,bus-3-bus-4-i_6,-69.76238227775707
2020-05-25T17:00:00.0,bus-3-bus-4-i_6,-69.69325791437693
2020-05-25T18:00:00.0,bus-3-bus-4-i_6,-69.81650500325418
2020-05-25T19:00:00.0,bus-3-bus-4-i_6,-70.2208503567112
2020-05-25T20:00:00.0,bus-3-bus-4-i_6,-69.94054711679843
2020-05-25T21:00:00.0,bus-3-bus-4-i_6,-69.36885071967885
2020-05-25T22:00:00.0,bus-3-bus-4-i_6,-68.82811575394545
2020-05-25T23:00:00.0,bus-3-bus-4-i_6,-68.42701020559501
2020-05-26T00:00:00.0,bus-3-bus-4-i_6,-68.20513018368534
2020-05-26T01:00:00.0,bus-3-bus-4-i_6,-68.06541017057981
2020-05-26T02:00:00.0,bus-3-bus-4-i_6,-67.99877401175537
2020-05-26T03:00:00.0,bus-3-bus-4-i_6,-68.02325702105894
2020-05-26T04:00:00.0,bus-3-bus-4-i_6,-68.05200529401402
2020-05-26T05:00:00.0,bus-3-bus-4-i_6,-68.19021251727803
2020-05-26T06:00:00.0,bus-3-bus-4-i_6,-68.53445807859056
2020-05-26T07:00:00.0,bus-3-bus-4-i_6,-68.8850512432139
2020-05-26T08:00:00.0,bus-3-bus-4-i_6,-69.31646010540709
2020-05-26T09:00:00.0,bus-3-bus-4-i_6,-69.64388052409726
2020-05-26T10:00:00.0,bus-3-bus-4-i_6,-69.92066272605608
2020-05-26T11:00:00.0,bus-3-bus-4-i_6,-70.14187207416656
2020-05-26T12:00:00.0,bus-3-bus-4-i_6,-70.38097411833392
2020-05-26T13:00:00.0,bus-3-bus-4-i_6,-75.73604242085983
2020-05-26T14:00:00.0,bus-3-bus-4-i_6,-167.18390909133137
2020-05-26T15:00:00.0,bus-3-bus-4-i_6,-175.9413358492954
2020-05-26T16:00:00.0,bus-3-bus-4-i_6,-161.12689738008444
2020-05-26T17:00:00.0,bus-3-bus-4-i_6,-174.99228562938268
2020-05-26T18:00:00.0,bus-3-bus-4-i_6,-171.08342107831928
2020-05-26T19:00:00.0,bus-3-bus-4-i_6,-174.57725165413746
2020-05-26T20:00:00.0,bus-3-bus-4-i_6,-152.2358645267855
2020-05-26T21:00:00.0,bus-3-bus-4-i_6,-70.2149802528723
2020-05-26T22:00:00.0,bus-3-bus-4-i_6,-69.3834440107289
2020-05-26T23:00:00.0,bus-3-bus-4-i_6,-68.80163781407747
2020-05-27T00:00:00.0,bus-3-bus-4-i_6,-68.47310990118199
2020-05-27T01:00:00.0,bus-3-bus-4-i_6,-68.28263519504614
2020-05-27T02:00:00.0,bus-3-bus-4-i_6,-68.16580263265102
2020-05-27T03:00:00.0,bus-3-bus-4-i_6,-68.1732246489823
2020-05-27T04:00:00.0,bus-3-bus-4-i_6,-68.20086291727803
2020-05-27T05:00:00.0,bus-3-bus-4-i_6,-68.35813228992001
2020-05-27T06:00:00.0,bus-3-bus-4-i_6,-68.7705039551084
2020-05-27T07:00:00.0,bus-3-bus-4-i_6,-69.27104389864309
2020-05-27T08:00:00.0,bus-3-bus-4-i_6,-69.89521994108463
2020-05-27T09:00:00.0,bus-3-bus-4-i_6,-70.57154394692935
2020-05-27T10:00:00.0,bus-3-bus-4-i_6,-152.87951219845246
2020-05-27T11:00:00.0,bus-3-bus-4-i_6,-174.162325723539
2020-05-27T12:00:00.0,bus-3-bus-4-i_6,-150.22585171681914
2020-05-27T13:00:00.0,bus-3-bus-4-i_6,-152.7319785763436
2020-05-27T14:00:00.0,bus-3-bus-4-i_6,-155.3822210424575
2020-05-27T15:00:00.0,bus-3-bus-4-i_6,-157.29839383952552
2020-05-27T16:00:00.0,bus-3-bus-4-i_6,-158.06993206176196
2020-05-27T17:00:00.0,bus-3-bus-4-i_6,-157.05731672220517
2020-05-27T18:00:00.0,bus-3-bus-4-i_6,-155.04763815716566
2020-05-27T19:00:00.0,bus-3-bus-4-i_6,-154.57020896976994
2020-05-27T20:00:00.0,bus-3-bus-4-i_6,-151.26058343029928
2020-05-27T21:00:00.0,bus-3-bus-4-i_6,-167.41996959719864
2020-05-27T22:00:00.0,bus-3-bus-4-i_6,-70.2965470118253
2020-05-27T23:00:00.0,bus-3-bus-4-i_6,-69.48166071887148
2020-05-28T00:00:00.0,bus-3-bus-4-i_6,-69.01440741739276
2020-05-28T01:00:00.0,bus-3-bus-4-i_6,-68.70875052280219
2020-05-28T02:00:00.0,bus-3-bus-4-i_6,-68.52760508448364
2020-05-28T03:00:00.0,bus-3-bus-4-i_6,-68.45957740963846
2020-05-28T04:00:00.0,bus-3-bus-4-i_6,-68.4348627500244
2020-05-28T05:00:00.0,bus-3-bus-4-i_6,-68.6570332531187
2020-05-28T06:00:00.0,bus-3-bus-4-i_6,-69.19228638370221
2020-05-28T07:00:00.0,bus-3-bus-4-i_6,-69.85858747686393
2020-05-28T08:00:00.0,bus-3-bus-4-i_6,-70.70712739793166
2020-05-28T09:00:00.0,bus-3-bus-4-i_6,-172.50368451612852
2020-05-28T10:00:00.0,bus-3-bus-4-i_6,-150.929983309448
2020-05-28T11:00:00.0,bus-3-bus-4-i_6,-153.61217651571312
2020-05-28T12:00:00.0,bus-3-bus-4-i_6,-155.55437773842408
2020-05-28T13:00:00.0,bus-3-bus-4-i_6,-158.25985339621172
2020-05-28T14:00:00.0,bus-3-bus-4-i_6,-159.3948991886065
2020-05-28T15:00:00.0,bus-3-bus-4-i_6,-170.59626755462932
2020-05-28T16:00:00.0,bus-3-bus-4-i_6,-170.71947343749355
2020-05-28T17:00:00.0,bus-3-bus-4-i_6,-159.82436851408926
2020-05-28T18:00:00.0,bus-3-bus-4-i_6,-157.5893184779698
2020-05-28T19:00:00.0,bus-3-bus-4-i_6,-156.56424661974998
2020-05-28T20:00:00.0,bus-3-bus-4-i_6,-153.397570455999
2020-05-28T21:00:00.0,bus-3-bus-4-i_6,-177.72222089815665
2020-05-28T22:00:00.0,bus-3-bus-4-i_6,-70.73829414101019
2020-05-28T23:00:00.0,bus-3-bus-4-i_6,-69.88957553859683
2020-05-29T00:00:00.0,bus-3-bus-4-i_6,-69.33616471588701
2020-05-29T01:00:00.0,bus-3-bus-4-i_6,-69.0293641471579
2020-05-29T02:00:00.0,bus-3-bus-4-i_6,-68.80280345233837
2020-05-29T03:00:00.0,bus-3-bus-4-i_6,-68.71347645112282
2020-05-29T04:00:00.0,bus-3-bus-4-i_6,-68.59999540703097
2020-05-29T05:00:00.0,bus-3-bus-4-i_6,-68.72646447698676
2020-05-29T06:00:00.0,bus-3-bus-4-i_6,-69.24121269301374
2020-05-29T07:00:00.0,bus-3-bus-4-i_6,-69.96214850196166
2020-05-29T08:00:00.0,bus-3-bus-4-i_6,-73.33553447461219
2020-05-29T09:00:00.0,bus-3-bus-4-i_6,-176.23802657898872
2020-05-29T10:00:00.0,bus-3-bus-4-i_6,-151.7349623310222
2020-05-29T11:00:00.0,bus-3-bus-4-i_6,-153.78575083262947
2020-05-29T12:00:00.0,bus-3-bus-4-i_6,-155.04763815716566
2020-05-29T13:00:00.0,bus-3-bus-4-i_6,-156.72537728200427
2020-05-29T14:00:00.0,bus-3-bus-4-i_6,-157.6895411177819
2020-05-29T15:00:00.0,bus-3-bus-4-i_6,-157.57929349127443
2020-05-29T16:00:00.0,bus-3-bus-4-i_6,-155.39235175334954
2020-05-29T17:00:00.0,bus-3-bus-4-i_6,-152.32138136519043
2020-05-29T18:00:00.0,bus-3-bus-4-i_6,-151.27090672743907
2020-05-29T19:00:00.0,bus-3-bus-4-i_6,-151.75556464547572
2020-05-29T20:00:00.0,bus-3-bus-4-i_6,-149.68591299412543
2020-05-29T21:00:00.0,bus-3-bus-4-i_6,-153.6308939728344
2020-05-29T22:00:00.0,bus-3-bus-4-i_6,-70.33817087186895
2020-05-29T23:00:00.0,bus-3-bus-4-i_6,-69.59602428305578
2020-05-30T00:00:00.0,bus-3-bus-4-i_6,-69.13881979872718
2020-05-30T01:00:00.0,bus-3-bus-4-i_6,-68.76689051723011
2020-05-30T02:00:00.0,bus-3-bus-4-i_6,-68.53217273182875
2020-05-30T03:00:00.0,bus-3-bus-4-i_6,-68.35704206904512
2020-05-30T04:00:00.0,bus-3-bus-4-i_6,-68.17851604007608
2020-05-30T05:00:00.0,bus-3-bus-4-i_6,-68.07680500944112
2020-05-30T06:00:00.0,bus-3-bus-4-i_6,-68.28805489284582
2020-05-30T07:00:00.0,bus-3-bus-4-i_6,-68.59999540703097
2020-05-30T08:00:00.0,bus-3-bus-4-i_6,-68.8680221886675
2020-05-30T09:00:00.0,bus-3-bus-4-i_6,-69.03554829779486
2020-05-30T10:00:00.0,bus-3-bus-4-i_6,-69.14898619899353
2020-05-30T11:00:00.0,bus-3-bus-4-i_6,-69.0669157031778
2020-05-30T12:00:00.0,bus-3-bus-4-i_6,-68.87288256299718
2020-05-30T13:00:00.0,bus-3-bus-4-i_6,-68.87045126512345
2020-05-30T14:00:00.0,bus-3-bus-4-i_6,-68.97470129024138
2020-05-30T15:00:00.0,bus-3-bus-4-i_6,-69.08955615093852
2020-05-30T16:00:00.0,bus-3-bus-4-i_6,-69.14135987958181
2020-05-30T17:00:00.0,bus-3-bus-4-i_6,-69.03055420513616
2020-05-30T18:00:00.0,bus-3-bus-4-i_6,-68.9796503595321
2020-05-30T19:00:00.0,bus-3-bus-4-i_6,-69.25154100005733
2020-05-30T20:00:00.0,bus-3-bus-4-i_6,-69.08955615093852
2020-05-30T21:00:00.0,bus-3-bus-4-i_6,-68.8257035867742
2020-05-30T22:00:00.0,bus-3-bus-4-i_6,-68.49574519995949
2020-05-30T23:00:00.0,bus-3-bus-4-i_6,-68.2297350498331
2020-05-31T00:00:00.0,bus-3-bus-4-i_6,-68.0581915198185
2020-05-31T01:00:00.0,bus-3-bus-4-i_6,-67.91423461911846
2020-05-31T02:00:00.0,bus-3-bus-4-i_6,-67.86376923689934
2020-05-31T03:00:00.0,bus-3-bus-4-i_6,-67.83148599860944
2020-05-31T04:00:00.0,bus-3-bus-4-i_6,-67.71353654700212
2020-05-31T05:00:00.0,bus-3-bus-4-i_6,-67.63704526442433
2020-05-31T06:00:00.0,bus-3-bus-4-i_6,-67.7802117081562
2020-05-31T07:00:00.0,bus-3-bus-4-i_6,-68.01609070384896
2020-05-31T08:00:00.0,bus-3-bus-4-i_6,-68.2706978391777
2020-05-31T09:00:00.0,bus-3-bus-4-i_6,-68.49347710446672
2020-05-31T10:00:00.0,bus-3-bus-4-i_6,-68.6640567014546
2020-05-31T11:00:00.0,bus-3-bus-4-i_6,-68.7240956026991
2020-05-31T12:00:00.0,bus-3-bus-4-i_6,-68.7240956026991
2020-05-31T13:00:00.0,bus-3-bus-4-i_6,-68.92416120185479
2020-05-31T14:00:00.0,bus-3-bus-4-i_6,-69.14135987958181
2020-05-31T15:00:00.0,bus-3-bus-4-i_6,-69.33354770174545
2020-05-31T16:00:00.0,bus-3-bus-4-i_6,-69.42574580968304
2020-05-31T17:00:00.0,bus-3-bus-4-i_6,-69.35188797455181
2020-05-31T18:00:00.0,bus-3-bus-4-i_6,-69.31385119454552
2020-05-31T19:00:00.0,bus-3-bus-4-i_6,-69.6302228644693
2020-05-31T20:00:00.0,bus-3-bus-4-i_6,-69.36885071967885
2020-05-31T21:00:00.0,bus-3-bus-4-i_6,-69.03305074350277
2020-05-31T22:00:00.0,bus-3-bus-4-i_6,-68.62319248666103
2020-05-31T23:00:00.0,bus-3-bus-4-i_6,-68.29568057629089
2020-06-01T00:00:00.0,bus-3-bus-4-i_6,-67.91123736081046
2020-06-01T01:00:00.0,bus-3-bus-4-i_6,-67.75528439027445
2020-06-01T02:00:00.0,bus-3-bus-4-i_6,-67.65648518262704
2020-06-01T03:00:00.0,bus-3-bus-4-i_6,-67.64352171355041
2020-06-01T04:00:00.0,bus-3-bus-4-i_6,-67.51572994725228
2020-06-01T05:00:00.0,bus-3-bus-4-i_6,-67.42385316228956
2020-06-01T06:00:00.0,bus-3-bus-4-i_6,-67.59580726373669
2020-06-01T07:00:00.0,bus-3-bus-4-i_6,-67.90328554365907
2020-06-01T08:00:00.0,bus-3-bus-4-i_6,-68.30876247703179
2020-06-01T09:00:00.0,bus-3-bus-4-i_6,-68.60812483705931
2020-06-01T10:00:00.0,bus-3-bus-4-i_6,-68.88018073173888
2020-06-01T11:00:00.0,bus-3-bus-4-i_6,-69.09075064248631
2020-06-01T12:00:00.0,bus-3-bus-4-i_6,-69.2091240646865
2020-06-01T13:00:00.0,bus-3-bus-4-i_6,-69.51649871313094
2020-06-01T14:00:00.0,bus-3-bus-4-i_6,-69.90087432118975
2020-06-01T15:00:00.0,bus-3-bus-4-i_6,-70.20321263879907
2020-06-01T16:00:00.0,bus-3-bus-4-i_6,-70.401975255644
2020-06-01T17:00:00.0,bus-3-bus-4-i_6,-70.30648667287869
2020-06-01T18:00:00.0,bus-3-bus-4-i_6,-70.22378946300654
2020-06-01T19:00:00.0,bus-3-bus-4-i_6,-70.49846897282839
2020-06-01T20:00:00.0,bus-3-bus-4-i_6,-70.09831800747939
2020-06-01T21:00:00.0,bus-3-bus-4-i_6,-69.37817454593234
2020-06-01T22:00:00.0,bus-3-bus-4-i_6,-68.74783207523265
2020-06-01T23:00:00.0,bus-3-bus-4-i_6,-68.29350381283939
2020-06-02T00:00:00.0,bus-3-bus-4-i_6,-68.00181597411515
2020-06-02T01:00:00.0,bus-3-bus-4-i_6,-67.84710957309562
2020-06-02T02:00:00.0,bus-3-bus-4-i_6,-67.76772557761947
2020-06-02T03:00:00.0,bus-3-bus-4-i_6,-67.80525617919872
2020-06-02T04:00:00.0,bus-3-bus-4-i_6,-67.81786867640618
2020-06-02T05:00:00.0,bus-3-bus-4-i_6,-67.99470771732406
2020-06-02T06:00:00.0,bus-3-bus-4-i_6,-68.3306468664863
2020-06-02T07:00:00.0,bus-3-bus-4-i_6,-68.7944378593887
2020-06-02T08:00:00.0,bus-3-bus-4-i_6,-69.28002719530389
2020-06-02T09:00:00.0,bus-3-bus-4-i_6,-69.66030319116014
2020-06-02T10:00:00.0,bus-3-bus-4-i_6,-70.08963042345202
2020-06-02T11:00:00.0,bus-3-bus-4-i_6,-70.38396759201993
2020-06-02T12:00:00.0,bus-3-bus-4-i_6,-70.75908094250065
2020-06-02T13:00:00.0,bus-3-bus-4-i_6,-155.02780163719558
2020-06-02T14:00:00.0,bus-3-bus-4-i_6,-175.88200189721172
2020-06-02T15:00:00.0,bus-3-bus-4-i_6,-149.9664232228601
2020-06-02T16:00:00.0,bus-3-bus-4-i_6,-150.25695985159055
2020-06-02T17:00:00.0,bus-3-bus-4-i_6,-149.56112706001966
2020-06-02T18:00:00.0,bus-3-bus-4-i_6,-176.95029961555102
2020-06-02T19:00:00.0,bus-3-bus-4-i_6,-173.39203022096407
2020-06-02T20:00:00.0,bus-3-bus-4-i_6,-151.2174768531315
2020-06-02T21:00:00.0,bus-3-bus-4-i_6,-70.15352538313513
2020-06-02T22:00:00.0,bus-3-bus-4-i_6,-69.30082184296671
2020-06-02T23:00:00.0,bus-3-bus-4-i_6,-68.74667147608433
2020-06-03T00:00:00.0,bus-3-bus-4-i_6,-68.40468503194464
2020-06-03T01:00:00.0,bus-3-bus-4-i_6,-68.16580263265102
2020-06-03T02:00:00.0,bus-3-bus-4-i_6,-68.02940061854476
2020-06-03T03:00:00.0,bus-3-bus-4-i_6,-68.00385217884673
2020-06-03T04:00:00.0,bus-3-bus-4-i_6,-68.00181597411515
2020-06-03T05:00:00.0,bus-3-bus-4-i_6,-68.19552413393745
2020-06-03T06:00:00.0,bus-3-bus-4-i_6,-68.67108926737086
2020-06-03T07:00:00.0,bus-3-bus-4-i_6,-69.23605455843935
2020-06-03T08:00:00.0,bus-3-bus-4-i_6,-69.84616746507999
2020-06-03T09:00:00.0,bus-3-bus-4-i_6,-70.45007957181468
2020-06-03T10:00:00.0,bus-3-bus-4-i_6,-151.53898598742805
2020-06-03T11:00:00.0,bus-3-bus-4-i_6,-172.74052877684775
2020-06-03T12:00:00.0,bus-3-bus-4-i_6,-150.00795254843547
2020-06-03T13:00:00.0,bus-3-bus-4-i_6,-152.28027967142177
2020-06-03T14:00:00.0,bus-3-bus-4-i_6,-154.29546235587716
2020-06-03T15:00:00.0,bus-3-bus-4-i_6,-155.66569921351208
2020-06-03T16:00:00.0,bus-3-bus-4-i_6,-156.04981610297105
2020-06-03T17:00:00.0,bus-3-bus-4-i_6,-154.9359943786137
2020-06-03T18:00:00.0,bus-3-bus-4-i_6,-153.27484382242113
2020-06-03T19:00:00.0,bus-3-bus-4-i_6,-152.5678312792164
2020-06-03T20:00:00.0,bus-3-bus-4-i_6,-149.90411733089593
2020-06-03T21:00:00.0,bus-3-bus-4-i_6,-126.2570265231095
2020-06-03T22:00:00.0,bus-3-bus-4-i_6,-69.96900586298614
2020-06-03T23:00:00.0,bus-3-bus-4-i_6,-69.22575047071504
2020-06-04T00:00:00.0,bus-3-bus-4-i_6,-68.7430750226496
2020-06-04T01:00:00.0,bus-3-bus-4-i_6,-68.44269810392163
2020-06-04T02:00:00.0,bus-3-bus-4-i_6,-68.26420568404492
2020-06-04T03:00:00.0,bus-3-bus-4-i_6,-68.223300722084
2020-06-04T04:00:00.0,bus-3-bus-4-i_6,-68.18705984600149
2020-06-04T05:00:00.0,bus-3-bus-4-i_6,-68.41919917069498
2020-06-04T06:00:00.0,bus-3-bus-4-i_6,-68.93397931690046
2020-06-04T07:00:00.0,bus-3-bus-4-i_6,-69.65756352855058
2020-06-04T08:00:00.0,bus-3-bus-4-i_6,-70.43200046806358
2020-06-04T09:00:00.0,bus-3-bus-4-i_6,-152.39674243329384
2020-06-04T10:00:00.0,bus-3-bus-4-i_6,-149.32176674625345
2020-06-04T11:00:00.0,bus-3-bus-4-i_6,-151.82765774131158
2020-06-04T12:00:00.0,bus-3-bus-4-i_6,-154.41761507898778
2020-06-04T13:00:00.0,bus-3-bus-4-i_6,-156.93667274832998
2020-06-04T14:00:00.0,bus-3-bus-4-i_6,-159.20645196537464
2020-06-04T15:00:00.0,bus-3-bus-4-i_6,-159.43734107433957
2020-06-04T16:00:00.0,bus-3-bus-4-i_6,-159.3694209733342
2020-06-04T17:00:00.0,bus-3-bus-4-i_6,-159.61260517636813
2020-06-04T18:00:00.0,bus-3-bus-4-i_6,-157.59934297020772
2020-06-04T19:00:00.0,bus-3-bus-4-i_6,-156.4735561137508
2020-06-04T20:00:00.0,bus-3-bus-4-i_6,-153.27484382242113
2020-06-04T21:00:00.0,bus-3-bus-4-i_6,-149.49871192204517
2020-06-04T22:00:00.0,bus-3-bus-4-i_6,-74.55431265639092
2020-06-04T23:00:00.0,bus-3-bus-4-i_6,-70.0118829883265
2020-06-05T00:00:00.0,bus-3-bus-4-i_6,-69.37148087499088
2020-06-05T01:00:00.0,bus-3-bus-4-i_6,-68.94135336508987
2020-06-05T02:00:00.0,bus-3-bus-4-i_6,-68.71820641417158
2020-06-05T03:00:00.0,bus-3-bus-4-i_6,-68.63135876744394
2020-06-05T04:00:00.0,bus-3-bus-4-i_6,-68.57116158866192
2020-06-05T05:00:00.0,bus-3-bus-4-i_6,-68.85229309039231
2020-06-05T06:00:00.0,bus-3-bus-4-i_6,-69.46417352075889
2020-06-05T07:00:00.0,bus-3-bus-4-i_6,-70.2965470118253
2020-06-05T08:00:00.0,bus-3-bus-4-i_6,-166.3579646438891
2020-06-05T09:00:00.0,bus-3-bus-4-i_6,-149.82101808181244
2020-06-05T10:00:00.0,bus-3-bus-4-i_6,-153.09062487180256
2020-06-05T11:00:00.0,bus-3-bus-4-i_6,-154.86491810058968
2020-06-05T12:00:00.0,bus-3-bus-4-i_6,-157.96989954828015
2020-06-05T13:00:00.0,bus-3-bus-4-i_6,-159.89683964058102
2020-06-05T14:00:00.0,bus-3-bus-4-i_6,-170.9814002968014
2020-06-05T15:00:00.0,bus-3-bus-4-i_6,-170.1021889944589
2020-06-05T16:00:00.0,bus-3-bus-4-i_6,-159.53903583858758
2020-06-05T17:00:00.0,bus-3-bus-4-i_6,-158.70890917306798
2020-06-05T18:00:00.0,bus-3-bus-4-i_6,-156.3122318224619
2020-06-05T19:00:00.0,bus-3-bus-4-i_6,-155.14908213410098
2020-06-05T20:00:00.0,bus-3-bus-4-i_6,-152.64992018322738
2020-06-05T21:00:00.0,bus-3-bus-4-i_6,-149.8106282320248
2020-06-05T22:00:00.0,bus-3-bus-4-i_6,-152.87951219845246
2020-06-05T23:00:00.0,bus-3-bus-4-i_6,-70.3869620699402
2020-06-06T00:00:00.0,bus-3-bus-4-i_6,-69.83052300911037
2020-06-06T01:00:00.0,bus-3-bus-4-i_6,-69.36096633396636
2020-06-06T02:00:00.0,bus-3-bus-4-i_6,-69.08200021069348
2020-06-06T03:00:00.0,bus-3-bus-4-i_6,-68.88874932242761
2020-06-06T04:00:00.0,bus-3-bus-4-i_6,-68.60812483705931
2020-06-06T05:00:00.0,bus-3-bus-4-i_6,-68.60812483706064
2020-06-06T06:00:00.0,bus-3-bus-4-i_6,-69.1617169200959
2020-06-06T07:00:00.0,bus-3-bus-4-i_6,-70.1157179931294
2020-06-06T08:00:00.0,bus-3-bus-4-i_6,-154.2216138871077
2020-06-06T09:00:00.0,bus-3-bus-4-i_6,-150.03909519930306
2020-06-06T10:00:00.0,bus-3-bus-4-i_6,-153.26461349595039
2020-06-06T11:00:00.0,bus-3-bus-4-i_6,-155.8578445946158
2020-06-06T12:00:00.0,bus-3-bus-4-i_6,-158.13992461048062
2020-06-06T13:00:00.0,bus-3-bus-4-i_6,-159.94412051603808
2020-06-06T14:00:00.0,bus-3-bus-4-i_6,-164.91589352237463
2020-06-06T15:00:00.0,bus-3-bus-4-i_6,-170.70304964720694
2020-06-06T16:00:00.0,bus-3-bus-4-i_6,-170.9814002968014
2020-06-06T17:00:00.0,bus-3-bus-4-i_6,-159.96192324684046
2020-06-06T18:00:00.0,bus-3-bus-4-i_6,-157.55924205759416
2020-06-06T19:00:00.0,bus-3-bus-4-i_6,-156.6146132866952
2020-06-06T20:00:00.0,bus-3-bus-4-i_6,-154.4684916928394
2020-06-06T21:00:00.0,bus-3-bus-4-i_6,-151.8482514813191
2020-06-06T22:00:00.0,bus-3-bus-4-i_6,-174.87369362680428
2020-06-06T23:00:00.0,bus-3-bus-4-i_6,-72.02399961604789
2020-06-07T00:00:00.0,bus-3-bus-4-i_6,-70.1099113465889
2020-06-07T01:00:00.0,bus-3-bus-4-i_6,-69.63295237376263
2020-06-07T02:00:00.0,bus-3-bus-4-i_6,-69.29701617769265
2020-06-07T03:00:00.0,bus-3-bus-4-i_6,-69.07193980723008
2020-06-07T04:00:00.0,bus-3-bus-4-i_6,-68.74069904816045
2020-06-07T05:00:00.0,bus-3-bus-4-i_6,-68.66874407621795
2020-06-07T06:00:00.0,bus-3-bus-4-i_6,-69.32951981924722
2020-06-07T07:00:00.0,bus-3-bus-4-i_6,-70.30943429057004
2020-06-07T08:00:00.0,bus-3-bus-4-i_6,-171.9709124911163
2020-06-07T09:00:00.0,bus-3-bus-4-i_6,-151.66283922693725
2020-06-07T10:00:00.0,bus-3-bus-4-i_6,-155.11865398089287
2020-06-07T11:00:00.0,bus-3-bus-4-i_6,-158.25985339621172
2020-06-07T12:00:00.0,bus-3-bus-4-i_6,-159.67402681437895
2020-06-07T13:00:00.0,bus-3-bus-4-i_6,-170.65377097568347
2020-06-07T14:00:00.0,bus-3-bus-4-i_6,-169.48576364968497
2020-06-07T15:00:00.0,bus-3-bus-4-i_6,-169.25513085284018
2020-06-07T16:00:00.0,bus-3-bus-4-i_6,-170.07836895134542
2020-06-07T17:00:00.0,bus-3-bus-4-i_6,-159.49669640429613
2020-06-07T18:00:00.0,bus-3-bus-4-i_6,-158.47952801858733
2020-06-07T19:00:00.0,bus-3-bus-4-i_6,-158.13992461048062
2020-06-07T20:00:00.0,bus-3-bus-4-i_6,-155.98921231024798
2020-06-07T21:00:00.0,bus-3-bus-4-i_6,-153.16228396149407
2020-06-07T22:00:00.0,bus-3-bus-4-i_6,-149.67551459930002
2020-06-07T23:00:00.0,bus-3-bus-4-i_6,-154.75891311991435
2020-06-08T00:00:00.0,bus-3-bus-4-i_6,-70.5991014506602
2020-06-08T01:00:00.0,bus-3-bus-4-i_6,-70.12733098839996
2020-06-08T02:00:00.0,bus-3-bus-4-i_6,-69.74296364184957
2020-06-08T03:00:00.0,bus-3-bus-4-i_6,-69.53654202724111
2020-06-08T04:00:00.0,bus-3-bus-4-i_6,-69.38608028282341
2020-06-08T05:00:00.0,bus-3-bus-4-i_6,-69.70821168294027
2020-06-08T06:00:00.0,bus-3-bus-4-i_6,-70.56848686206578
2020-06-08T07:00:00.0,bus-3-bus-4-i_6,-171.49748564510085
2020-06-08T08:00:00.0,bus-3-bus-4-i_6,-151.51852303532084
2020-06-08T09:00:00.0,bus-3-bus-4-i_6,-154.23436016073896
2020-06-08T10:00:00.0,bus-3-bus-4-i_6,-156.94672909099313
2020-06-08T11:00:00.0,bus-3-bus-4-i_6,-159.9532954737704
2020-06-08T12:00:00.0,bus-3-bus-4-i_6,-170.2510594043134
2020-06-08T13:00:00.0,bus-3-bus-4-i_6,-168.4801208086399
2020-06-08T14:00:00.0,bus-3-bus-4-i_6,-167.53873644686098
2020-06-08T15:00:00.0,bus-3-bus-4-i_6,-167.10881501504744
2020-06-08T16:00:00.0,bus-3-bus-4-i_6,-167.53873644686098
2020-06-08T17:00:00.0,bus-3-bus-4-i_6,-168.80180611190917
2020-06-08T18:00:00.0,bus-3-bus-4-i_6,-170.71126171076943
2020-06-08T19:00:00.0,bus-3-bus-4-i_6,-159.64879673151566
2020-06-08T20:00:00.0,bus-3-bus-4-i_6,-157.31847088058197
2020-06-08T21:00:00.0,bus-3-bus-4-i_6,-153.68366503611145
2020-06-08T22:00:00.0,bus-3-bus-4-i_6,-149.31135389507295
2020-06-08T23:00:00.0,bus-3-bus-4-i_6,-92.34976022715946
2020-06-09T00:00:00.0,bus-3-bus-4-i_6,-70.1914883971873
2020-06-09T01:00:00.0,bus-3-bus-4-i_6,-69.69444060666481
2020-06-09T02:00:00.0,bus-3-bus-4-i_6,-69.38871755484304
2020-06-09T03:00:00.0,bus-3-bus-4-i_6,-69.24001098764033
2020-06-09T04:00:00.0,bus-3-bus-4-i_6,-69.10722218003677
2020-06-09T05:00:00.0,bus-3-bus-4-i_6,-69.37411204030957
2020-06-09T06:00:00.0,bus-3-bus-4-i_6,-69.92349688096382
2020-06-09T07:00:00.0,bus-3-bus-4-i_6,-83.66869612375865
2020-06-09T08:00:00.0,bus-3-bus-4-i_6,-149.51967857778808
2020-06-09T09:00:00.0,bus-3-bus-4-i_6,-152.31110665693396
2020-06-09T10:00:00.0,bus-3-bus-4-i_6,-155.41261173351666
2020-06-09T11:00:00.0,bus-3-bus-4-i_6,-158.89816843368197
2020-06-09T12:00:00.0,bus-3-bus-4-i_6,-170.94085150842517
2020-06-09T13:00:00.0,bus-3-bus-4-i_6,-169.0903306116458
2020-06-09T14:00:00.0,bus-3-bus-4-i_6,-167.58832319756604
2020-06-09T15:00:00.0,bus-3-bus-4-i_6,-167.18324525373208
2020-06-09T16:00:00.0,bus-3-bus-4-i_6,-168.09219389303686
2020-06-09T17:00:00.0,bus-3-bus-4-i_6,-169.5763414468215
2020-06-09T18:00:00.0,bus-3-bus-4-i_6,-166.66264282232612
2020-06-09T19:00:00.0,bus-3-bus-4-i_6,-159.5897634733821
2020-06-09T20:00:00.0,bus-3-bus-4-i_6,-158.21988538003433
2020-06-09T21:00:00.0,bus-3-bus-4-i_6,-154.91568926888357
2020-06-09T22:00:00.0,bus-3-bus-4-i_6,-150.9921944255944
2020-06-09T23:00:00.0,bus-3-bus-4-i_6,-170.49191713968605
2020-06-10T00:00:00.0,bus-3-bus-4-i_6,-81.87215810605643
2020-06-10T01:00:00.0,bus-3-bus-4-i_6,-70.55321949506484
2020-06-10T02:00:00.0,bus-3-bus-4-i_6,-70.4551694324345
2020-06-10T03:00:00.0,bus-3-bus-4-i_6,-70.51060705212527
2020-06-10T04:00:00.0,bus-3-bus-4-i_6,-70.53188808118867
2020-06-10T05:00:00.0,bus-3-bus-4-i_6,-70.68230642857714
2020-06-10T06:00:00.0,bus-3-bus-4-i_6,-105.22108057185831
2020-06-10T07:00:00.0,bus-3-bus-4-i_6,-172.7997451602449
2020-06-10T08:00:00.0,bus-3-bus-4-i_6,-151.0436842861137
2020-06-10T09:00:00.0,bus-3-bus-4-i_6,-153.458907984452
2020-06-10T10:00:00.0,bus-3-bus-4-i_6,-153.66324213484938
2020-06-10T11:00:00.0,bus-3-bus-4-i_6,-149.6963069518699
2020-06-10T12:00:00.0,bus-3-bus-4-i_6,-149.70670123331553
2020-06-10T13:00:00.0,bus-3-bus-4-i_6,-172.62210228633538
2020-06-10T14:00:00.0,bus-3-bus-4-i_6,-174.22159306786932
2020-06-10T15:00:00.0,bus-3-bus-4-i_6,-176.77220126475905
2020-06-10T16:00:00.0,bus-3-bus-4-i_6,-177.4253033931198
2020-06-10T17:00:00.0,bus-3-bus-4-i_6,-175.64469660504818
2020-06-10T18:00:00.0,bus-3-bus-4-i_6,-171.9709124911163
2020-06-10T19:00:00.0,bus-3-bus-4-i_6,-176.29737113640306
2020-06-10T20:00:00.0,bus-3-bus-4-i_6,-169.54607537696313
2020-06-10T21:00:00.0,bus-3-bus-4-i_6,-73.07323342814414
2020-06-10T22:00:00.0,bus-3-bus-4-i_6,-70.02795661875663
2020-06-10T23:00:00.0,bus-3-bus-4-i_6,-69.43901833689675
2020-06-11T00:00:00.0,bus-3-bus-4-i_6,-69.0857119951608
2020-06-11T01:00:00.0,bus-3-bus-4-i_6,-68.86073908599073
2020-06-11T02:00:00.0,bus-3-bus-4-i_6,-68.70875052280219
2020-06-11T03:00:00.0,bus-3-bus-4-i_6,-68.68753410797119
2020-06-11T04:00:00.0,bus-3-bus-4-i_6,-68.74783207523265
2020-06-11T05:00:00.0,bus-3-bus-4-i_6,-68.90828594964637
2020-06-11T06:00:00.0,bus-3-bus-4-i_6,-69.52725255441791
2020-06-11T07:00:00.0,bus-3-bus-4-i_6,-70.30053159968679
2020-06-11T08:00:00.0,bus-3-bus-4-i_6,-166.12191046175235
2020-06-11T09:00:00.0,bus-3-bus-4-i_6,-170.19635090434866
2020-06-11T10:00:00.0,bus-3-bus-4-i_6,-149.67551459930002
2020-06-11T11:00:00.0,bus-3-bus-4-i_6,-152.0437969358956
2020-06-11T12:00:00.0,bus-3-bus-4-i_6,-153.84697937138557
2020-06-11T13:00:00.0,bus-3-bus-4-i_6,-155.97910999088506
2020-06-11T14:00:00.0,bus-3-bus-4-i_6,-157.73963383255426
2020-06-11T15:00:00.0,bus-3-bus-4-i_6,-158.32977740832712
2020-06-11T16:00:00.0,bus-3-bus-4-i_6,-158.30980171971197
2020-06-11T17:00:00.0,bus-3-bus-4-i_6,-157.25823387754164
2020-06-11T18:00:00.0,bus-3-bus-4-i_6,-155.6353445835306
2020-06-11T19:00:00.0,bus-3-bus-4-i_6,-155.2707515134359
2020-06-11T20:00:00.0,bus-3-bus-4-i_6,-153.26461349595039
2020-06-11T21:00:00.0,bus-3-bus-4-i_6,-150.41245429249602
2020-06-11T22:00:00.0,bus-3-bus-4-i_6,-166.47599429953505
2020-06-11T23:00:00.0,bus-3-bus-4-i_6,-70.38995755994858
2020-06-12T00:00:00.0,bus-3-bus-4-i_6,-69.80416088782763
2020-06-12T01:00:00.0,bus-3-bus-4-i_6,-69.35713718495123
2020-06-12T02:00:00.0,bus-3-bus-4-i_6,-69.11227874196673
2020-06-12T03:00:00.0,bus-3-bus-4-i_6,-68.99204079392587
2020-06-12T04:00:00.0,bus-3-bus-4-i_6,-68.87288256299718
2020-06-12T05:00:00.0,bus-3-bus-4-i_6,-69.1337426727734
2020-06-12T06:00:00.0,bus-3-bus-4-i_6,-69.90653448863071
2020-06-12T07:00:00.0,bus-3-bus-4-i_6,-75.73604242085983
2020-06-12T08:00:00.0,bus-3-bus-4-i_6,-175.17034142736713
2020-06-12T09:00:00.0,bus-3-bus-4-i_6,-150.90930484660223
2020-06-12T10:00:00.0,bus-3-bus-4-i_6,-153.1418123235331
2020-06-12T11:00:00.0,bus-3-bus-4-i_6,-155.19978612122262
2020-06-12T12:00:00.0,bus-3-bus-4-i_6,-156.7555754652191
2020-06-12T13:00:00.0,bus-3-bus-4-i_6,-158.10993086430693
2020-06-12T14:00:00.0,bus-3-bus-4-i_6,-159.2362462561164
2020-06-12T15:00:00.0,bus-3-bus-4-i_6,-159.33549571650732
2020-06-12T16:00:00.0,bus-3-bus-4-i_6,-158.85834274001144
2020-06-12T17:00:00.0,bus-3-bus-4-i_6,-157.53918862593298
2020-06-12T18:00:00.0,bus-3-bus-4-i_6,-155.71628061782414
2020-06-12T19:00:00.0,bus-3-bus-4-i_6,-154.90553599450197
2020-06-12T20:00:00.0,bus-3-bus-4-i_6,-152.84475897947775
2020-06-12T21:00:00.0,bus-3-bus-4-i_6,-150.1324897725624
2020-06-12T22:00:00.0,bus-3-bus-4-i_6,-154.49022698395868
2020-06-12T23:00:00.0,bus-3-bus-4-i_6,-70.40798121209227
2020-06-13T00:00:00.0,bus-3-bus-4-i_6,-69.77189034839061
2020-06-13T01:00:00.0,bus-3-bus-4-i_6,-69.36885071967885
2020-06-13T02:00:00.0,bus-3-bus-4-i_6,-69.0555651687295
2020-06-13T03:00:00.0,bus-3-bus-4-i_6,-68.84987079799173
2020-06-13T04:00:00.0,bus-3-bus-4-i_6,-68.59423319767518
2020-06-13T05:00:00.0,bus-3-bus-4-i_6,-68.58151065392013
2020-06-13T06:00:00.0,bus-3-bus-4-i_6,-69.06057957892759
2020-06-13T07:00:00.0,bus-3-bus-4-i_6,-69.88957553859683
2020-06-13T08:00:00.0,bus-3-bus-4-i_6,-70.81935125290207
2020-06-13T09:00:00.0,bus-3-bus-4-i_6,-168.60086089937235
2020-06-13T10:00:00.0,bus-3-bus-4-i_6,-149.32176674625345
2020-06-13T11:00:00.0,bus-3-bus-4-i_6,-151.39474914457384
2020-06-13T12:00:00.0,bus-3-bus-4-i_6,-153.1111012850471
2020-06-13T13:00:00.0,bus-3-bus-4-i_6,-154.9765988188793
2020-06-13T14:00:00.0,bus-3-bus-4-i_6,-156.45339734450633
2020-06-13T15:00:00.0,bus-3-bus-4-i_6,-157.16784533193015
2020-06-13T16:00:00.0,bus-3-bus-4-i_6,-157.17789045958676
2020-06-13T17:00:00.0,bus-3-bus-4-i_6,-155.797185873761
2020-06-13T18:00:00.0,bus-3-bus-4-i_6,-153.6530299671097
2020-06-13T19:00:00.0,bus-3-bus-4-i_6,-153.12133877540265
2020-06-13T20:00:00.0,bus-3-bus-4-i_6,-151.29155189389402
2020-06-13T21:00:00.0,bus-3-bus-4-i_6,-175.88200189721172
2020-06-13T22:00:00.0,bus-3-bus-4-i_6,-78.61546473186853
2020-06-13T23:00:00.0,bus-3-bus-4-i_6,-70.06940548421863
2020-06-14T00:00:00.0,bus-3-bus-4-i_6,-69.47219526134339
2020-06-14T01:00:00.0,bus-3-bus-4-i_6,-69.0957932331898
2020-06-14T02:00:00.0,bus-3-bus-4-i_6,-68.83652819624037
2020-06-14T03:00:00.0,bus-3-bus-4-i_6,-68.63834871758723
2020-06-14T04:00:00.0,bus-3-bus-4-i_6,-68.36033894531104
2020-06-14T05:00:00.0,bus-3-bus-4-i_6,-68.35042957273862
2020-06-14T06:00:00.0,bus-3-bus-4-i_6,-68.7944378593887
2020-06-14T07:00:00.0,bus-3-bus-4-i_6,-69.58516987561478
2020-06-14T08:00:00.0,bus-3-bus-4-i_6,-70.53188808118867
2020-06-14T09:00:00.0,bus-3-bus-4-i_6,-154.54395787460422
2020-06-14T10:00:00.0,bus-3-bus-4-i_6,-149.62352740080664
2020-06-14T11:00:00.0,bus-3-bus-4-i_6,-152.22889182699194
2020-06-14T12:00:00.0,bus-3-bus-4-i_6,-154.43796716147534
2020-06-14T13:00:00.0,bus-3-bus-4-i_6,-156.27188141149776
2020-06-14T14:00:00.0,bus-3-bus-4-i_6,-157.57929349127443
2020-06-14T15:00:00.0,bus-3-bus-4-i_6,-158.12992720611598
2020-06-14T16:00:00.0,bus-3-bus-4-i_6,-158.16991375135822
2020-06-14T17:00:00.0,bus-3-bus-4-i_6,-156.84614379887884
2020-06-14T18:00:00.0,bus-3-bus-4-i_6,-154.62104965206728
2020-06-14T19:00:00.0,bus-3-bus-4-i_6,-153.95918697282562
2020-06-14T20:00:00.0,bus-3-bus-4-i_6,-152.0335093572556
2020-06-14T21:00:00.0,bus-3-bus-4-i_6,-149.29052634954925
2020-06-14T22:00:00.0,bus-3-bus-4-i_6,-82.76371227265429
2020-06-14T23:00:00.0,bus-3-bus-4-i_6,-69.98898687176904
2020-06-15T00:00:00.0,bus-3-bus-4-i_6,-69.37937740761618
2020-06-15T01:00:00.0,bus-3-bus-4-i_6,-68.98212641824976
2020-06-15T02:00:00.0,bus-3-bus-4-i_6,-68.71111297588996
2020-06-15T03:00:00.0,bus-3-bus-4-i_6,-68.61390968108574
2020-06-15T04:00:00.0,bus-3-bus-4-i_6,-68.57116158866192
2020-06-15T05:00:00.0,bus-3-bus-4-i_6,-68.75619229454999
2020-06-15T06:00:00.0,bus-3-bus-4-i_6,-69.4189966300228
2020-06-15T07:00:00.0,bus-3-bus-4-i_6,-70.3183724706669
2020-06-15T08:00:00.0,bus-3-bus-4-i_6,-153.89936464753023
2020-06-15T09:00:00.0,bus-3-bus-4-i_6,-177.24716548468155
2020-06-15T10:00:00.0,bus-3-bus-4-i_6,-151.23993540823201
2020-06-15T11:00:00.0,bus-3-bus-4-i_6,-153.397570455999
2020-06-15T12:00:00.0,bus-3-bus-4-i_6,-154.8750732934953
2020-06-15T13:00:00.0,bus-3-bus-4-i_6,-155.69604949069148
2020-06-15T14:00:00.0,bus-3-bus-4-i_6,-158.0499296083552
2020-06-15T15:00:00.0,bus-3-bus-4-i_6,-158.698942245426
2020-06-15T16:00:00.0,bus-3-bus-4-i_6,-158.22987815978388
2020-06-15T17:00:00.0,bus-3-bus-4-i_6,-156.86626472917462
2020-06-15T18:00:00.0,bus-3-bus-4-i_6,-154.80397687232826
2020-06-15T19:00:00.0,bus-3-bus-4-i_6,-154.07133666612057
2020-06-15T20:00:00.0,bus-3-bus-4-i_6,-151.96148296358993
2020-06-15T21:00:00.0,bus-3-bus-4-i_6,-176.53477056509325
2020-06-15T22:00:00.0,bus-3-bus-4-i_6,-70.78238404186772
2020-06-15T23:00:00.0,bus-3-bus-4-i_6,-69.88675336974728
2020-06-16T00:00:00.0,bus-3-bus-4-i_6,-69.2762302412334
2020-06-16T01:00:00.0,bus-3-bus-4-i_6,-68.89968708130914
2020-06-16T02:00:00.0,bus-3-bus-4-i_6,-68.68518180684323
2020-06-16T03:00:00.0,bus-3-bus-4-i_6,-68.67693084377817
2020-06-16T04:00:00.0,bus-3-bus-4-i_6,-68.65937338941347
2020-06-16T05:00:00.0,bus-3-bus-4-i_6,-68.78964295467416
2020-06-16T06:00:00.0,bus-3-bus-4-i_6,-69.33354770174545
2020-06-16T07:00:00.0,bus-3-bus-4-i_6,-70.05787128073729
2020-06-16T08:00:00.0,bus-3-bus-4-i_6,-92.4072326497514
2020-06-16T09:00:00.0,bus-3-bus-4-i_6,-170.66932463436802
2020-06-16T10:00:00.0,bus-3-bus-4-i_6,-157.97411670620684
2020-06-16T11:00:00.0,bus-3-bus-4-i_6,-151.40506625387724
2020-06-16T12:00:00.0,bus-3-bus-4-i_6,-153.20322150658052
2020-06-16T13:00:00.0,bus-3-bus-4-i_6,-155.03749111979533
2020-06-16T14:00:00.0,bus-3-bus-4-i_6,-156.19115740862216
2020-06-16T15:00:00.0,bus-3-bus-4-i_6,-156.50379063869914
2020-06-16T16:00:00.0,bus-3-bus-4-i_6,-155.89827410949945
2020-06-16T17:00:00.0,bus-3-bus-4-i_6,-154.2547294589899
2020-06-16T18:00:00.0,bus-3-bus-4-i_6,-152.1363636741346
2020-06-16T19:00:00.0,bus-3-bus-4-i_6,-151.44632993052954
2020-06-16T20:00:00.0,bus-3-bus-4-i_6,-177.72222089815665
2020-06-16T21:00:00.0,bus-3-bus-4-i_6,-151.8605705723524
2020-06-16T22:00:00.0,bus-3-bus-4-i_6,-70.13896457305347
2020-06-16T23:00:00.0,bus-3-bus-4-i_6,-69.42839827264456
2020-06-17T00:00:00.0,bus-3-bus-4-i_6,-68.92416120185479
2020-06-17T01:00:00.0,bus-3-bus-4-i_6,-68.59999540703097
2020-06-17T02:00:00.0,bus-3-bus-4-i_6,-68.44159093807752
2020-06-17T03:00:00.0,bus-3-bus-4-i_6,-68.44718957394483
2020-06-17T04:00:00.0,bus-3-bus-4-i_6,-68.35263271492244
2020-06-17T05:00:00.0,bus-3-bus-4-i_6,-68.49574519995949
2020-06-17T06:00:00.0,bus-3-bus-4-i_6,-68.9796503595321
2020-06-17T07:00:00.0,bus-3-bus-4-i_6,-69.55690925191927
2020-06-17T08:00:00.0,bus-3-bus-4-i_6,-70.08963042345202
2020-06-17T09:00:00.0,bus-3-bus-4-i_6,-70.56543163592642
2020-06-17T10:00:00.0,bus-3-bus-4-i_6,-92.6237501606848
2020-06-17T11:00:00.0,bus-3-bus-4-i_6,-166.41700683879935
2020-06-17T12:00:00.0,bus-3-bus-4-i_6,-169.6643444161659
2020-06-17T13:00:00.0,bus-3-bus-4-i_6,-174.87369362680428
2020-06-17T14:00:00.0,bus-3-bus-4-i_6,-150.22585171681914
2020-06-17T15:00:00.0,bus-3-bus-4-i_6,-150.80588734734107
2020-06-17T16:00:00.0,bus-3-bus-4-i_6,-151.45664465951904
2020-06-17T17:00:00.0,bus-3-bus-4-i_6,-151.0436842861137
2020-06-17T18:00:00.0,bus-3-bus-4-i_6,-149.51967857778808
2020-06-17T19:00:00.0,bus-3-bus-4-i_6,-149.39464246007407
2020-06-17T20:00:00.0,bus-3-bus-4-i_6,-171.02426780075947
2020-06-17T21:00:00.0,bus-3-bus-4-i_6,-70.79199915525578
2020-06-17T22:00:00.0,bus-3-bus-4-i_6,-69.91668499666902
2020-06-17T23:00:00.0,bus-3-bus-4-i_6,-69.17958257968442
2020-06-18T00:00:00.0,bus-3-bus-4-i_6,-68.70875052280219
2020-06-18T01:00:00.0,bus-3-bus-4-i_6,-68.44159093807752
2020-06-18T02:00:00.0,bus-3-bus-4-i_6,-68.29785836129604
2020-06-18T03:00:00.0,bus-3-bus-4-i_6,-68.30003715144973
2020-06-18T04:00:00.0,bus-3-bus-4-i_6,-68.25124876159086
2020-06-18T05:00:00.0,bus-3-bus-4-i_6,-68.35372192958005
2020-06-18T06:00:00.0,bus-3-bus-4-i_6,-68.82329245423303
2020-06-18T07:00:00.0,bus-3-bus-4-i_6,-69.4855534817413
2020-06-18T08:00:00.0,bus-3-bus-4-i_6,-70.1914883971873
2020-06-18T09:00:00.0,bus-3-bus-4-i_6,-70.72268852932098
2020-06-18T10:00:00.0,bus-3-bus-4-i_6,-166.59397288201924
2020-06-18T11:00:00.0,bus-3-bus-4-i_6,-177.4253033931198
2020-06-18T12:00:00.0,bus-3-bus-4-i_6,-150.78519746000768
2020-06-18T13:00:00.0,bus-3-bus-4-i_6,-152.52677536707085
2020-06-18T14:00:00.0,bus-3-bus-4-i_6,-153.86738505829715
2020-06-18T15:00:00.0,bus-3-bus-4-i_6,-154.43796716147534
2020-06-18T16:00:00.0,bus-3-bus-4-i_6,-154.10191290402767
2020-06-18T17:00:00.0,bus-3-bus-4-i_6,-152.96772630835358
2020-06-18T18:00:00.0,bus-3-bus-4-i_6,-151.09534597813524
2020-06-18T19:00:00.0,bus-3-bus-4-i_6,-150.73346441946933
2020-06-18T20:00:00.0,bus-3-bus-4-i_6,-149.26969410198518
2020-06-18T21:00:00.0,bus-3-bus-4-i_6,-154.59769171647446
2020-06-18T22:00:00.0,bus-3-bus-4-i_6,-70.34413334860045
2020-06-18T23:00:00.0,bus-3-bus-4-i_6,-69.59874038630633
2020-06-19T00:00:00.0,bus-3-bus-4-i_6,-69.06057957892759
2020-06-19T01:00:00.0,bus-3-bus-4-i_6,-68.7324206847438
2020-06-19T02:00:00.0,bus-3-bus-4-i_6,-68.56425989294817
2020-06-19T03:00:00.0,bus-3-bus-4-i_6,-68.55277736338795
2020-06-19T04:00:00.0,bus-3-bus-4-i_6,-68.45957740963846
2020-06-19T05:00:00.0,bus-3-bus-4-i_6,-68.65937338941347
2020-06-19T06:00:00.0,bus-3-bus-4-i_6,-69.26327199206253
2020-06-19T07:00:00.0,bus-3-bus-4-i_6,-70.00899331528592
2020-06-19T08:00:00.0,bus-3-bus-4-i_6,-70.78238404186772
2020-06-19T09:00:00.0,bus-3-bus-4-i_6,-154.27533115989976
2020-06-19T10:00:00.0,bus-3-bus-4-i_6,-174.22159306786932
2020-06-19T11:00:00.0,bus-3-bus-4-i_6,-150.1843635654109
2020-06-19T12:00:00.0,bus-3-bus-4-i_6,-151.88943322145195
2020-06-19T13:00:00.0,bus-3-bus-4-i_6,-153.5917469218913
2020-06-19T14:00:00.0,bus-3-bus-4-i_6,-155.29102302391786
2020-06-19T15:00:00.0,bus-3-bus-4-i_6,-156.27188141149776
2020-06-19T16:00:00.0,bus-3-bus-4-i_6,-156.5340208078081
2020-06-19T17:00:00.0,bus-3-bus-4-i_6,-155.55437773842408
2020-06-19T18:00:00.0,bus-3-bus-4-i_6,-153.6019619578
2020-06-19T19:00:00.0,bus-3-bus-4-i_6,-152.7012102573992
2020-06-19T20:00:00.0,bus-3-bus-4-i_6,-150.57819086829448
2020-06-19T21:00:00.0,bus-3-bus-4-i_6,-171.2016648732086
2020-06-19T22:00:00.0,bus-3-bus-4-i_6,-70.63289986695108
2020-06-19T23:00:00.0,bus-3-bus-4-i_6,-69.85858747686393
2020-06-20T00:00:00.0,bus-3-bus-4-i_6,-69.2852200057117
2020-06-20T01:00:00.0,bus-3-bus-4-i_6,-68.93771259932574
2020-06-20T02:00:00.0,bus-3-bus-4-i_6,-68.70402865277822
2020-06-20T03:00:00.0,bus-3-bus-4-i_6,-68.53674443640546
2020-06-20T04:00:00.0,bus-3-bus-4-i_6,-68.30003715144973
2020-06-20T05:00:00.0,bus-3-bus-4-i_6,-68.37360013722736
2020-06-20T06:00:00.0,bus-3-bus-4-i_6,-68.89968708130914
2020-06-20T07:00:00.0,bus-3-bus-4-i_6,-69.70272033547636
2020-06-20T08:00:00.0,bus-3-bus-4-i_6,-70.74768180479794
2020-06-20T09:00:00.0,bus-3-bus-4-i_6,-171.2016648732086
2020-06-20T10:00:00.0,bus-3-bus-4-i_6,-150.26732927179393
2020-06-20T11:00:00.0,bus-3-bus-4-i_6,-152.88575572615645
2020-06-20T12:00:00.0,bus-3-bus-4-i_6,-155.22006433249277
2020-06-20T13:00:00.0,bus-3-bus-4-i_6,-157.42885949787865
2020-06-20T14:00:00.0,bus-3-bus-4-i_6,-159.38507980530093
2020-06-20T15:00:00.0,bus-3-bus-4-i_6,-159.445825360494
2020-06-20T16:00:00.0,bus-3-bus-4-i_6,-159.24226703956802
2020-06-20T17:00:00.0,bus-3-bus-4-i_6,-159.902754751191
2020-06-20T18:00:00.0,bus-3-bus-4-i_6,-157.53918862593298
2020-06-20T19:00:00.0,bus-3-bus-4-i_6,-155.98921231024798
2020-06-20T20:00:00.0,bus-3-bus-4-i_6,-153.40779457195106
2020-06-20T21:00:00.0,bus-3-bus-4-i_6,-150.54712395652564
2020-06-20T22:00:00.0,bus-3-bus-4-i_6,-166.6528953228572
2020-06-20T23:00:00.0,bus-3-bus-4-i_6,-70.39895008692119
2020-06-21T00:00:00.0,bus-3-bus-4-i_6,-69.77071976579128
2020-06-21T01:00:00.0,bus-3-bus-4-i_6,-69.36501858695742
2020-06-21T02:00:00.0,bus-3-bus-4-i_6,-69.10722218003677
2020-06-21T03:00:00.0,bus-3-bus-4-i_6,-68.90584031899441
2020-06-21T04:00:00.0,bus-3-bus-4-i_6,-68.6034902180926
2020-06-21T05:00:00.0,bus-3-bus-4-i_6,-68.61972911961965
2020-06-21T06:00:00.0,bus-3-bus-4-i_6,-69.20006121065595
2020-06-21T07:00:00.0,bus-3-bus-4-i_6,-70.14769973836017
2020-06-21T08:00:00.0,bus-3-bus-4-i_6,-168.1283585832987
2020-06-21T09:00:00.0,bus-3-bus-4-i_6,-150.65066366661685
2020-06-21T10:00:00.0,bus-3-bus-4-i_6,-154.41761507898778
2020-06-21T11:00:00.0,bus-3-bus-4-i_6,-157.46898607685873
2020-06-21T12:00:00.0,bus-3-bus-4-i_6,-159.8085087262473
2020-06-21T13:00:00.0,bus-3-bus-4-i_6,-170.9163361555466
2020-06-21T14:00:00.0,bus-3-bus-4-i_6,-169.69985633222046
2020-06-21T15:00:00.0,bus-3-bus-4-i_6,-169.09857201082312
2020-06-21T16:00:00.0,bus-3-bus-4-i_6,-169.30456076074495
2020-06-21T17:00:00.0,bus-3-bus-4-i_6,-170.48123065379554
2020-06-21T18:00:00.0,bus-3-bus-4-i_6,-159.7663013060484
2020-06-21T19:00:00.0,bus-3-bus-4-i_6,-159.0175811418245
2020-06-21T20:00:00.0,bus-3-bus-4-i_6,-156.52394456878486
2020-06-21T21:00:00.0,bus-3-bus-4-i_6,-153.63260419748005
2020-06-21T22:00:00.0,bus-3-bus-4-i_6,-150.10136155742444
2020-06-21T23:00:00.0,bus-3-bus-4-i_6,-166.41700683879935
2020-06-22T00:00:00.0,bus-3-bus-4-i_6,-70.67920884699168
2020-06-22T01:00:00.0,bus-3-bus-4-i_6,-70.21201244677746
2020-06-22T02:00:00.0,bus-3-bus-4-i_6,-69.864189718979
2020-06-22T03:00:00.0,bus-3-bus-4-i_6,-69.80532747132047
2020-06-22T04:00:00.0,bus-3-bus-4-i_6,-69.66578550210214
2020-06-22T05:00:00.0,bus-3-bus-4-i_6,-69.87993686035573
2020-06-22T06:00:00.0,bus-3-bus-4-i_6,-70.74768180479794
2020-06-22T07:00:00.0,bus-3-bus-4-i_6,-174.81440088400245
2020-06-22T08:00:00.0,bus-3-bus-4-i_6,-152.66017915227766
2020-06-22T09:00:00.0,bus-3-bus-4-i_6,-155.40248198371006
2020-06-22T10:00:00.0,bus-3-bus-4-i_6,-158.01992214509335
2020-06-22T11:00:00.0,bus-3-bus-4-i_6,-159.857089020307
2020-06-22T12:00:00.0,bus-3-bus-4-i_6,-170.59626755462932
2020-06-22T13:00:00.0,bus-3-bus-4-i_6,-168.31507958659336
2020-06-22T14:00:00.0,bus-3-bus-4-i_6,-168.19126545928648
2020-06-22T15:00:00.0,bus-3-bus-4-i_6,-167.61311499874384
2020-06-22T16:00:00.0,bus-3-bus-4-i_6,-167.94356931665132
2020-06-22T17:00:00.0,bus-3-bus-4-i_6,-168.8677684303486
2020-06-22T18:00:00.0,bus-3-bus-4-i_6,-170.71126171076943
2020-06-22T19:00:00.0,bus-3-bus-4-i_6,-159.28450151233076
2020-06-22T20:00:00.0,bus-3-bus-4-i_6,-158.499485724347
2020-06-22T21:00:00.0,bus-3-bus-4-i_6,-155.06793079221958
2020-06-22T22:00:00.0,bus-3-bus-4-i_6,-151.41538288712732
2020-06-22T23:00:00.0,bus-3-bus-4-i_6,-172.62210228633538
2020-06-23T00:00:00.0,bus-3-bus-4-i_6,-81.00195761065629
2020-06-23T01:00:00.0,bus-3-bus-4-i_6,-70.38097411833392
2020-06-23T02:00:00.0,bus-3-bus-4-i_6,-70.02909762649026
2020-06-23T03:00:00.0,bus-3-bus-4-i_6,-69.8771171639752
2020-06-23T04:00:00.0,bus-3-bus-4-i_6,-69.71530882041414
2020-06-23T05:00:00.0,bus-3-bus-4-i_6,-69.83052300911037
2020-06-23T06:00:00.0,bus-3-bus-4-i_6,-70.42902056356581
2020-06-23T07:00:00.0,bus-3-bus-4-i_6,-154.8126617722951
2020-06-23T08:00:00.0,bus-3-bus-4-i_6,-150.09098453560927
2020-06-23T09:00:00.0,bus-3-bus-4-i_6,-152.7319785763436
2020-06-23T10:00:00.0,bus-3-bus-4-i_6,-155.1287971786686
2020-06-23T11:00:00.0,bus-3-bus-4-i_6,-157.49907584126507
2020-06-23T12:00:00.0,bus-3-bus-4-i_6,-159.50393618517285
2020-06-23T13:00:00.0,bus-3-bus-4-i_6,-162.85467309926293
2020-06-23T14:00:00.0,bus-3-bus-4-i_6,-170.18527484000617
2020-06-23T15:00:00.0,bus-3-bus-4-i_6,-169.63398536015157
2020-06-23T16:00:00.0,bus-3-bus-4-i_6,-169.95495879262512
2020-06-23T17:00:00.0,bus-3-bus-4-i_6,-170.80156724329726
2020-06-23T18:00:00.0,bus-3-bus-4-i_6,-159.58300676439157
2020-06-23T19:00:00.0,bus-3-bus-4-i_6,-158.16991375135822
2020-06-23T20:00:00.0,bus-3-bus-4-i_6,-155.31129261307274
2020-06-23T21:00:00.0,bus-3-bus-4-i_6,-151.97177387796623
2020-06-23T22:00:00.0,bus-3-bus-4-i_6,-171.2608246926238
2020-06-23T23:00:00.0,bus-3-bus-4-i_6,-70.5593234892639
2020-06-24T00:00:00.0,bus-3-bus-4-i_6,-69.90653448863071
2020-06-24T01:00:00.0,bus-3-bus-4-i_6,-69.46030709089086
2020-06-24T02:00:00.0,bus-3-bus-4-i_6,-69.17958257968442
2020-06-24T03:00:00.0,bus-3-bus-4-i_6,-69.05807196671478
2020-06-24T04:00:00.0,bus-3-bus-4-i_6,-68.92170923209235
2020-06-24T05:00:00.0,bus-3-bus-4-i_6,-69.14898619899353
2020-06-24T06:00:00.0,bus-3-bus-4-i_6,-69.83330159817365
2020-06-24T07:00:00.0,bus-3-bus-4-i_6,-70.7602397861109
2020-06-24T08:00:00.0,bus-3-bus-4-i_6,-177.4253033931198
2020-06-24T09:00:00.0,bus-3-bus-4-i_6,-151.70405528696955
2020-06-24T10:00:00.0,bus-3-bus-4-i_6,-154.88522800678845
2020-06-24T11:00:00.0,bus-3-bus-4-i_6,-157.9398799343392
2020-06-24T12:00:00.0,bus-3-bus-4-i_6,-159.67402681437895
2020-06-24T13:00:00.0,bus-3-bus-4-i_6,-170.0454529199825
2020-06-24T14:00:00.0,bus-3-bus-4-i_6,-168.5131234367054
2020-06-24T15:00:00.0,bus-3-bus-4-i_6,-167.53873644686098
2020-06-24T16:00:00.0,bus-3-bus-4-i_6,-167.78662761774933
2020-06-24T17:00:00.0,bus-3-bus-4-i_6,-168.6946003629438
2020-06-24T18:00:00.0,bus-3-bus-4-i_6,-170.5469705359744
2020-06-24T19:00:00.0,bus-3-bus-4-i_6,-159.318454308281
2020-06-24T20:00:00.0,bus-3-bus-4-i_6,-158.0399276201104
2020-06-24T21:00:00.0,bus-3-bus-4-i_6,-154.3361875920561
2020-06-24T22:00:00.0,bus-3-bus-4-i_6,-150.08058444537147
2020-06-24T23:00:00.0,bus-3-bus-4-i_6,-153.20147235188105
2020-06-25T00:00:00.0,bus-3-bus-4-i_6,-70.37501921631053
2020-06-25T01:00:00.0,bus-3-bus-4-i_6,-69.83052300911037
2020-06-25T02:00:00.0,bus-3-bus-4-i_6,-69.46150796704407
2020-06-25T03:00:00.0,bus-3-bus-4-i_6,-69.35713718495123
2020-06-25T04:00:00.0,bus-3-bus-4-i_6,-69.16681637119213
2020-06-25T05:00:00.0,bus-3-bus-4-i_6,-69.20006121065595
2020-06-25T06:00:00.0,bus-3-bus-4-i_6,-70.16811827400345
2020-06-25T07:00:00.0,bus-3-bus-4-i_6,-153.79196871107698
2020-06-25T08:00:00.0,bus-3-bus-4-i_6,-150.54712395652564
2020-06-25T09:00:00.0,bus-3-bus-4-i_6,-153.52022831012323
2020-06-25T10:00:00.0,bus-3-bus-4-i_6,-156.45339734450633
2020-06-25T11:00:00.0,bus-3-bus-4-i_6,-159.15675220858762
2020-06-25T12:00:00.0,bus-3-bus-4-i_6,-160.93779140788138
2020-06-25T13:00:00.0,bus-3-bus-4-i_6,-169.35398138466243
2020-06-25T14:00:00.0,bus-3-bus-4-i_6,-167.58005902867194
2020-06-25T15:00:00.0,bus-3-bus-4-i_6,-166.57928904575252
2020-06-25T16:00:00.0,bus-3-bus-4-i_6,-166.57928904575252
2020-06-25T17:00:00.0,bus-3-bus-4-i_6,-167.52220659138953
2020-06-25T18:00:00.0,bus-3-bus-4-i_6,-169.3951699986636
2020-06-25T19:00:00.0,bus-3-bus-4-i_6,-170.96527031288744
2020-06-25T20:00:00.0,bus-3-bus-4-i_6,-158.56932060280266
2020-06-25T21:00:00.0,bus-3-bus-4-i_6,-155.02734360255496
2020-06-25T22:00:00.0,bus-3-bus-4-i_6,-150.97133452696855
2020-06-25T23:00:00.0,bus-3-bus-4-i_6,-168.95527689188444
2020-06-26T00:00:00.0,bus-3-bus-4-i_6,-70.66985354008963
2020-06-26T01:00:00.0,bus-3-bus-4-i_6,-70.06940548421863
2020-06-26T02:00:00.0,bus-3-bus-4-i_6,-69.7125488998577
2020-06-26T03:00:00.0,bus-3-bus-4-i_6,-69.54191447031775
2020-06-26T04:00:00.0,bus-3-bus-4-i_6,-69.35713718495123
2020-06-26T05:00:00.0,bus-3-bus-4-i_6,-69.56082680060689
2020-06-26T06:00:00.0,bus-3-bus-4-i_6,-70.42297459852503
2020-06-26T07:00:00.0,bus-3-bus-4-i_6,-168.54179916625392
2020-06-26T08:00:00.0,bus-3-bus-4-i_6,-151.5597657632303
2020-06-26T09:00:00.0,bus-3-bus-4-i_6,-154.94614621393242
2020-06-26T10:00:00.0,bus-3-bus-4-i_6,-157.99991462255437
2020-06-26T11:00:00.0,bus-3-bus-4-i_6,-159.4115117582393
2020-06-26T12:00:00.0,bus-3-bus-4-i_6,-169.51048046890068
2020-06-26T13:00:00.0,bus-3-bus-4-i_6,-167.4974109379332
2020-06-26T14:00:00.0,bus-3-bus-4-i_6,-165.8346145011092
2020-06-26T15:00:00.0,bus-3-bus-4-i_6,-165.43784349159037
2020-06-26T16:00:00.0,bus-3-bus-4-i_6,-165.41335808516644
2020-06-26T17:00:00.0,bus-3-bus-4-i_6,-166.91856952259593
2020-06-26T18:00:00.0,bus-3-bus-4-i_6,-168.99966836433555
2020-06-26T19:00:00.0,bus-3-bus-4-i_6,-170.2510594043134
2020-06-26T20:00:00.0,bus-3-bus-4-i_6,-159.84687062349946
2020-06-26T21:00:00.0,bus-3-bus-4-i_6,-156.2819697388151
2020-06-26T22:00:00.0,bus-3-bus-4-i_6,-152.60887953621395
2020-06-26T23:00:00.0,bus-3-bus-4-i_6,-151.21092061122602
2020-06-27T00:00:00.0,bus-3-bus-4-i_6,-153.57720742165534
2020-06-27T01:00:00.0,bus-3-bus-4-i_6,-70.60216872564382
2020-06-27T02:00:00.0,bus-3-bus-4-i_6,-70.18563345191487
2020-06-27T03:00:00.0,bus-3-bus-4-i_6,-69.88392911451331
2020-06-27T04:00:00.0,bus-3-bus-4-i_6,-69.5311573168178
2020-06-27T05:00:00.0,bus-3-bus-4-i_6,-69.4855534817413
2020-06-27T06:00:00.0,bus-3-bus-4-i_6,-70.05210304679463
2020-06-27T07:00:00.0,bus-3-bus-4-i_6,-154.70516900126609
2020-06-27T08:00:00.0,bus-3-bus-4-i_6,-151.53914165874215
2020-06-27T09:00:00.0,bus-3-bus-4-i_6,-155.3619581791641
2020-06-27T10:00:00.0,bus-3-bus-4-i_6,-158.6889747012152
2020-06-27T11:00:00.0,bus-3-bus-4-i_6,-170.65377097568347
2020-06-27T12:00:00.0,bus-3-bus-4-i_6,-168.90074662028462
2020-06-27T13:00:00.0,bus-3-bus-4-i_6,-167.23286078471645
2020-06-27T14:00:00.0,bus-3-bus-4-i_6,-166.04132951088894
2020-06-27T15:00:00.0,bus-3-bus-4-i_6,-165.31881580792015
2020-06-27T16:00:00.0,bus-3-bus-4-i_6,-165.4095711430519
2020-06-27T17:00:00.0,bus-3-bus-4-i_6,-166.13234987826652
2020-06-27T18:00:00.0,bus-3-bus-4-i_6,-168.95846676354589
2020-06-27T19:00:00.0,bus-3-bus-4-i_6,-170.6455569110049
2020-06-27T20:00:00.0,bus-3-bus-4-i_6,-159.1070811894931
2020-06-27T21:00:00.0,bus-3-bus-4-i_6,-155.50375783091727
2020-06-27T22:00:00.0,bus-3-bus-4-i_6,-152.07465681236957
2020-06-27T23:00:00.0,bus-3-bus-4-i_6,-149.94565674593449
2020-06-28T00:00:00.0,bus-3-bus-4-i_6,-168.4826702580101
2020-06-28T01:00:00.0,bus-3-bus-4-i_6,-70.79972574266266
2020-06-28T02:00:00.0,bus-3-bus-4-i_6,-70.28574319648484
2020-06-28T03:00:00.0,bus-3-bus-4-i_6,-69.91782941309414
2020-06-28T04:00:00.0,bus-3-bus-4-i_6,-69.5596113801551
2020-06-28T05:00:00.0,bus-3-bus-4-i_6,-69.53384934834395
2020-06-28T06:00:00.0,bus-3-bus-4-i_6,-70.17103989264449
2020-06-28T07:00:00.0,bus-3-bus-4-i_6,-167.47899012124287
2020-06-28T08:00:00.0,bus-3-bus-4-i_6,-151.86884329275338
2020-06-28T09:00:00.0,bus-3-bus-4-i_6,-155.87806031544326
2020-06-28T10:00:00.0,bus-3-bus-4-i_6,-159.14681765797843
2020-06-28T11:00:00.0,bus-3-bus-4-i_6,-170.55518719836024
2020-06-28T12:00:00.0,bus-3-bus-4-i_6,-169.34574863533678
2020-06-28T13:00:00.0,bus-3-bus-4-i_6,-167.04264811783673
2020-06-28T14:00:00.0,bus-3-bus-4-i_6,-166.12407445619272
2020-06-28T15:00:00.0,bus-3-bus-4-i_6,-165.95033911870098
2020-06-28T16:00:00.0,bus-3-bus-4-i_6,-166.28960091506366
2020-06-28T17:00:00.0,bus-3-bus-4-i_6,-167.28247252996812
2020-06-28T18:00:00.0,bus-3-bus-4-i_6,-168.9666964271553
2020-06-28T19:00:00.0,bus-3-bus-4-i_6,-169.63398536015157
2020-06-28T20:00:00.0,bus-3-bus-4-i_6,-160.7891537762776
2020-06-28T21:00:00.0,bus-3-bus-4-i_6,-158.10993086430693
2020-06-28T22:00:00.0,bus-3-bus-4-i_6,-154.42779135971324
2020-06-28T23:00:00.0,bus-3-bus-4-i_6,-149.95604002608874
2020-06-29T00:00:00.0,bus-3-bus-4-i_6,-167.53801279900182
2020-06-29T01:00:00.0,bus-3-bus-4-i_6,-70.77602611727752
2020-06-29T02:00:00.0,bus-3-bus-4-i_6,-70.35109495905691
2020-06-29T03:00:00.0,bus-3-bus-4-i_6,-70.21201244677746
2020-06-29T04:00:00.0,bus-3-bus-4-i_6,-70.0434673239605
2020-06-29T05:00:00.0,bus-3-bus-4-i_6,-70.2561587197649
2020-06-29T06:00:00.0,bus-3-bus-4-i_6,-92.37340412234536
2020-06-29T07:00:00.0,bus-3-bus-4-i_6,-149.30094046246367
2020-06-29T08:00:00.0,bus-3-bus-4-i_6,-152.8550088820702
2020-06-29T09:00:00.0,bus-3-bus-4-i_6,-155.61510575817766
2020-06-29T10:00:00.0,bus-3-bus-4-i_6,-158.23987042281118
2020-06-29T11:00:00.0,bus-3-bus-4-i_6,-160.77674348016097
2020-06-29T12:00:00.0,bus-3-bus-4-i_6,-170.05367884244515
2020-06-29T13:00:00.0,bus-3-bus-4-i_6,-168.37284533525622
2020-06-29T14:00:00.0,bus-3-bus-4-i_6,-167.1501661554644
2020-06-29T15:00:00.0,bus-3-bus-4-i_6,-166.38892503525727
2020-06-29T16:00:00.0,bus-3-bus-4-i_6,-166.26477029347137
2020-06-29T17:00:00.0,bus-3-bus-4-i_6,-159.64037591759626
2020-06-29T18:00:00.0,bus-3-bus-4-i_6,-169.56936622420153
2020-06-29T19:00:00.0,bus-3-bus-4-i_6,-169.94673124259901
2020-06-29T20:00:00.0,bus-3-bus-4-i_6,-159.22563796078472
2020-06-29T21:00:00.0,bus-3-bus-4-i_6,-157.62941347830156
2020-06-29T22:00:00.0,bus-3-bus-4-i_6,-154.14267452137668
2020-06-29T23:00:00.0,bus-3-bus-4-i_6,-150.9921944255944
2020-06-30T00:00:00.0,bus-3-bus-4-i_6,-176.17883353490623
2020-06-30T01:00:00.0,bus-3-bus-4-i_6,-154.16789922858536
2020-06-30T02:00:00.0,bus-3-bus-4-i_6,-70.70618857583202
2020-06-30T03:00:00.0,bus-3-bus-4-i_6,-70.53493233521087
2020-06-30T04:00:00.0,bus-3-bus-4-i_6,-70.41996800062398
2020-06-30T05:00:00.0,bus-3-bus-4-i_6,-70.33817087186895
2020-06-30T06:00:00.0,bus-3-bus-4-i_6,-95.30211179554857
2020-06-30T07:00:00.0,bus-3-bus-4-i_6,-177.8409750388276
2020-06-30T08:00:00.0,bus-3-bus-4-i_6,-152.51651019655492
2020-06-30T09:00:00.0,bus-3-bus-4-i_6,-156.14068924079243
2020-06-30T10:00:00.0,bus-3-bus-4-i_6,-159.09712934320677
2020-06-30T11:00:00.0,bus-3-bus-4-i_6,-170.69483726333993
2020-06-30T12:00:00.0,bus-3-bus-4-i_6,-169.0903306116458
2020-06-30T13:00:00.0,bus-3-bus-4-i_6,-167.56353035735438
2020-06-30T14:00:00.0,bus-3-bus-4-i_6,-167.5139414888585
2020-06-30T15:00:00.0,bus-3-bus-4-i_6,-168.95846676354589
2020-06-30T16:00:00.0,bus-3-bus-4-i_6,-169.35398138466243
2020-06-30T17:00:00.0,bus-3-bus-4-i_6,-170.48123065379554
2020-06-30T18:00:00.0,bus-3-bus-4-i_6,-159.43734107433957
2020-06-30T19:00:00.0,bus-3-bus-4-i_6,-159.89370184455512
2020-06-30T20:00:00.0,bus-3-bus-4-i_6,-157.7997286656559
2020-06-30T21:00:00.0,bus-3-bus-4-i_6,-154.53969881039748
2020-06-30T22:00:00.0,bus-3-bus-4-i_6,-151.09534597813524
2020-06-30T23:00:00.0,bus-3-bus-4-i_6,-171.2608246926238
2020-07-01T00:00:00.0,bus-3-bus-4-i_6,-167.83315860169498
2020-07-01T01:00:00.0,bus-3-bus-4-i_6,-79.3634243142435
2020-07-01T02:00:00.0,bus-3-bus-4-i_6,-70.6074201094101
2020-07-01T03:00:00.0,bus-3-bus-4-i_6,-70.5859526655051
2020-07-01T04:00:00.0,bus-3-bus-4-i_6,-70.54711964466938
2020-07-01T05:00:00.0,bus-3-bus-4-i_6,-70.77602611727752
2020-07-01T06:00:00.0,bus-3-bus-4-i_6,-170.84675175492922
2020-07-01T07:00:00.0,bus-3-bus-4-i_6,-151.0540175760675
2020-07-01T08:00:00.0,bus-3-bus-4-i_6,-154.14267452137668
2020-07-01T09:00:00.0,bus-3-bus-4-i_6,-156.22143253086813
2020-07-01T10:00:00.0,bus-3-bus-4-i_6,-158.79858547077862
2020-07-01T11:00:00.0,bus-3-bus-4-i_6,-159.30996198265728
2020-07-01T12:00:00.0,bus-3-bus-4-i_6,-170.30861333296485
2020-07-01T13:00:00.0,bus-3-bus-4-i_6,-169.52693728333665
2020-07-01T14:00:00.0,bus-3-bus-4-i_6,-168.7935602582461
2020-07-01T15:00:00.0,bus-3-bus-4-i_6,-166.6054065008909
2020-07-01T16:00:00.0,bus-3-bus-4-i_6,-170.2510594043134
2020-07-01T17:00:00.0,bus-3-bus-4-i_6,-167.52928375407282
2020-07-01T18:00:00.0,bus-3-bus-4-i_6,-159.7794248685041
2020-07-01T19:00:00.0,bus-3-bus-4-i_6,-159.72082455644178
2020-07-01T20:00:00.0,bus-3-bus-4-i_6,-158.0899324816092
2020-07-01T21:00:00.0,bus-3-bus-4-i_6,-155.1592238917281
2020-07-01T22:00:00.0,bus-3-bus-4-i_6,-151.65253402127422
2020-07-01T23:00:00.0,bus-3-bus-4-i_6,-174.69582192125335
2020-07-02T00:00:00.0,bus-3-bus-4-i_6,-151.37822436618342
2020-07-02T01:00:00.0,bus-3-bus-4-i_6,-70.54711964466938
2020-07-02T02:00:00.0,bus-3-bus-4-i_6,-70.21791533402322
2020-07-02T03:00:00.0,bus-3-bus-4-i_6,-70.15936181316825
2020-07-02T04:00:00.0,bus-3-bus-4-i_6,-70.0032653243432
2020-07-02T05:00:00.0,bus-3-bus-4-i_6,-70.17685160656839
2020-07-02T06:00:00.0,bus-3-bus-4-i_6,-151.163894121325
2020-07-02T07:00:00.0,bus-3-bus-4-i_6,-150.4228165889284
2020-07-02T08:00:00.0,bus-3-bus-4-i_6,-154.44814248425774
2020-07-02T09:00:00.0,bus-3-bus-4-i_6,-157.33854593793674
2020-07-02T10:00:00.0,bus-3-bus-4-i_6,-159.75795585045356
2020-07-02T11:00:00.0,bus-3-bus-4-i_6,-169.97141349111394
2020-07-02T12:00:00.0,bus-3-bus-4-i_6,-167.97660402100192
2020-07-02T13:00:00.0,bus-3-bus-4-i_6,-165.98342192148624
2020-07-02T14:00:00.0,bus-3-bus-4-i_6,-165.8978092264965
2020-07-02T15:00:00.0,bus-3-bus-4-i_6,-166.45009765361252
2020-07-02T16:00:00.0,bus-3-bus-4-i_6,-166.32943058453762
2020-07-02T17:00:00.0,bus-3-bus-4-i_6,-165.3276024504407
2020-07-02T18:00:00.0,bus-3-bus-4-i_6,-167.00956241755165
2020-07-02T19:00:00.0,bus-3-bus-4-i_6,-167.75358168729645
2020-07-02T20:00:00.0,bus-3-bus-4-i_6,-169.30456076074495
2020-07-02T21:00:00.0,bus-3-bus-4-i_6,-159.88906089206543
2020-07-02T22:00:00.0,bus-3-bus-4-i_6,-156.04981610297105
2020-07-02T23:00:00.0,bus-3-bus-4-i_6,-152.43437166220818
2020-07-03T00:00:00.0,bus-3-bus-4-i_6,-149.7378859869316
2020-07-03T01:00:00.0,bus-3-bus-4-i_6,-170.3145292704577
2020-07-03T02:00:00.0,bus-3-bus-4-i_6,-98.57268893972856
2020-07-03T03:00:00.0,bus-3-bus-4-i_6,-74.21941639975584
2020-07-03T04:00:00.0,bus-3-bus-4-i_6,-70.5859526655051
2020-07-03T05:00:00.0,bus-3-bus-4-i_6,-70.70308637121934
2020-07-03T06:00:00.0,bus-3-bus-4-i_6,-171.6750736507193
2020-07-03T07:00:00.0,bus-3-bus-4-i_6,-151.09534597813524
2020-07-03T08:00:00.0,bus-3-bus-4-i_6,-155.9488001409954
2020-07-03T09:00:00.0,bus-3-bus-4-i_6,-158.85834274001144
2020-07-03T10:00:00.0,bus-3-bus-4-i_6,-170.8343875679034
2020-07-03T11:00:00.0,bus-3-bus-4-i_6,-168.4801208086399
2020-07-03T12:00:00.0,bus-3-bus-4-i_6,-166.60411738801005
2020-07-03T13:00:00.0,bus-3-bus-4-i_6,-165.6888138130555
2020-07-03T14:00:00.0,bus-3-bus-4-i_6,-166.7232585323525
2020-07-03T15:00:00.0,bus-3-bus-4-i_6,-167.16804690309246
2020-07-03T16:00:00.0,bus-3-bus-4-i_6,-166.86303880887507
2020-07-03T17:00:00.0,bus-3-bus-4-i_6,-165.56264342826526
2020-07-03T18:00:00.0,bus-3-bus-4-i_6,-166.628945170869
2020-07-03T19:00:00.0,bus-3-bus-4-i_6,-167.19151475395398
2020-07-03T20:00:00.0,bus-3-bus-4-i_6,-169.0326657127289
2020-07-03T21:00:00.0,bus-3-bus-4-i_6,-160.77674348016097
2020-07-03T22:00:00.0,bus-3-bus-4-i_6,-157.5291611696806
2020-07-03T23:00:00.0,bus-3-bus-4-i_6,-154.4888389853445
2020-07-04T00:00:00.0,bus-3-bus-4-i_6,-152.0129327703015
2020-07-04T01:00:00.0,bus-3-bus-4-i_6,-149.51967857778808
2020-07-04T02:00:00.0,bus-3-bus-4-i_6,-169.54607537696313
2020-07-04T03:00:00.0,bus-3-bus-4-i_6,-151.37822436618342
2020-07-04T04:00:00.0,bus-3-bus-4-i_6,-70.65756504507551
2020-07-04T05:00:00.0,bus-3-bus-4-i_6,-70.42902056356581
2020-07-04T06:00:00.0,bus-3-bus-4-i_6,-153.3624865079685
2020-07-04T07:00:00.0,bus-3-bus-4-i_6,-150.80588734734107
2020-07-04T08:00:00.0,bus-3-bus-4-i_6,-155.23020272915008
2020-07-04T09:00:00.0,bus-3-bus-4-i_6,-158.5493704977602
2020-07-04T10:00:00.0,bus-3-bus-4-i_6,-166.08240271966545
2020-07-04T11:00:00.0,bus-3-bus-4-i_6,-168.67810515085725
2020-07-04T12:00:00.0,bus-3-bus-4-i_6,-166.77789879859554
2020-07-04T13:00:00.0,bus-3-bus-4-i_6,-165.46257069244606
2020-07-04T14:00:00.0,bus-3-bus-4-i_6,-166.16431639195463
2020-07-04T15:00:00.0,bus-3-bus-4-i_6,-165.65722228415896
2020-07-04T16:00:00.0,bus-3-bus-4-i_6,-165.69438431811258
2020-07-04T17:00:00.0,bus-3-bus-4-i_6,-166.67859104094597
2020-07-04T18:00:00.0,bus-3-bus-4-i_6,-168.10870706575517
2020-07-04T19:00:00.0,bus-3-bus-4-i_6,-168.4471170301374
2020-07-04T20:00:00.0,bus-3-bus-4-i_6,-169.84799016705568
2020-07-04T21:00:00.0,bus-3-bus-4-i_6,-159.51363855035697
2020-07-04T22:00:00.0,bus-3-bus-4-i_6,-157.42885949787865
2020-07-04T23:00:00.0,bus-3-bus-4-i_6,-154.4888389853445
2020-07-05T00:00:00.0,bus-3-bus-4-i_6,-151.87913849531833
2020-07-05T01:00:00.0,bus-3-bus-4-i_6,-149.6339257950287
2020-07-05T02:00:00.0,bus-3-bus-4-i_6,-168.36462702188214
2020-07-05T03:00:00.0,bus-3-bus-4-i_6,-93.7973654152025
2020-07-05T04:00:00.0,bus-3-bus-4-i_6,-70.55321949506484
2020-07-05T05:00:00.0,bus-3-bus-4-i_6,-70.2149802528723
2020-07-05T06:00:00.0,bus-3-bus-4-i_6,-141.39152827394588
2020-07-05T07:00:00.0,bus-3-bus-4-i_6,-150.53676736850105
2020-07-05T08:00:00.0,bus-3-bus-4-i_6,-155.20992545564357
2020-07-05T09:00:00.0,bus-3-bus-4-i_6,-158.7288413367676
2020-07-05T10:00:00.0,bus-3-bus-4-i_6,-170.76873562595344
2020-07-05T11:00:00.0,bus-3-bus-4-i_6,-163.69826323462718
2020-07-05T12:00:00.0,bus-3-bus-4-i_6,-166.4965244899002
2020-07-05T13:00:00.0,bus-3-bus-4-i_6,-165.45018345711827
2020-07-05T14:00:00.0,bus-3-bus-4-i_6,-165.80273705491263
2020-07-05T15:00:00.0,bus-3-bus-4-i_6,-165.43337342148146
2020-07-05T16:00:00.0,bus-3-bus-4-i_6,-165.32986320075773
2020-07-05T17:00:00.0,bus-3-bus-4-i_6,-166.71170016188813
2020-07-05T18:00:00.0,bus-3-bus-4-i_6,-168.20777565560707
2020-07-05T19:00:00.0,bus-3-bus-4-i_6,-168.73583635330408
2020-07-05T20:00:00.0,bus-3-bus-4-i_6,-170.20172183280852
2020-07-05T21:00:00.0,bus-3-bus-4-i_6,-156.09020898772536
2020-07-05T22:00:00.0,bus-3-bus-4-i_6,-157.25823387754164
2020-07-05T23:00:00.0,bus-3-bus-4-i_6,-154.2852798498111
2020-07-06T00:00:00.0,bus-3-bus-4-i_6,-151.8173601567164
2020-07-06T01:00:00.0,bus-3-bus-4-i_6,-149.66512049599504
2020-07-06T02:00:00.0,bus-3-bus-4-i_6,-173.0958604425667
2020-07-06T03:00:00.0,bus-3-bus-4-i_6,-168.89620209426553
2020-07-06T04:00:00.0,bus-3-bus-4-i_6,-152.61128147585276
2020-07-06T05:00:00.0,bus-3-bus-4-i_6,-74.9163900321465
2020-07-06T06:00:00.0,bus-3-bus-4-i_6,-154.06047768945407
2020-07-06T07:00:00.0,bus-3-bus-4-i_6,-149.36341296329925
2020-07-06T08:00:00.0,bus-3-bus-4-i_6,-152.3419293283916
2020-07-06T09:00:00.0,bus-3-bus-4-i_6,-154.79381832262123
2020-07-06T10:00:00.0,bus-3-bus-4-i_6,-156.84614379887884
2020-07-06T11:00:00.0,bus-3-bus-4-i_6,-159.34541692430182
2020-07-06T12:00:00.0,bus-3-bus-4-i_6,-159.86517606189787
2020-07-06T13:00:00.0,bus-3-bus-4-i_6,-159.39499292465564
2020-07-06T14:00:00.0,bus-3-bus-4-i_6,-159.07724736249202
2020-07-06T15:00:00.0,bus-3-bus-4-i_6,-158.82846686576403
2020-07-06T16:00:00.0,bus-3-bus-4-i_6,-159.15840433387675
2020-07-06T17:00:00.0,bus-3-bus-4-i_6,-158.26984410530622
2020-07-06T18:00:00.0,bus-3-bus-4-i_6,-157.62941347830156
2020-07-06T19:00:00.0,bus-3-bus-4-i_6,-158.42962438930545
2020-07-06T20:00:00.0,bus-3-bus-4-i_6,-157.05731672220517
2020-07-06T21:00:00.0,bus-3-bus-4-i_6,-155.04763815716566
2020-07-06T22:00:00.0,bus-3-bus-4-i_6,-152.23917034936116
2020-07-06T23:00:00.0,bus-3-bus-4-i_6,-149.60273153363534
2020-07-07T00:00:00.0,bus-3-bus-4-i_6,-170.90589848973227
2020-07-07T01:00:00.0,bus-3-bus-4-i_6,-151.27105862277838
2020-07-07T02:00:00.0,bus-3-bus-4-i_6,-70.8122666476476
2020-07-07T03:00:00.0,bus-3-bus-4-i_6,-70.5501690534411
2020-07-07T04:00:00.0,bus-3-bus-4-i_6,-70.3869620699402
2020-07-07T05:00:00.0,bus-3-bus-4-i_6,-70.14769973836017
2020-07-07T06:00:00.0,bus-3-bus-4-i_6,-70.02335537716104
2020-07-07T07:00:00.0,bus-3-bus-4-i_6,-70.5501690534411
2020-07-07T08:00:00.0,bus-3-bus-4-i_6,-169.54607537696313
2020-07-07T09:00:00.0,bus-3-bus-4-i_6,-149.30094046246367
2020-07-07T10:00:00.0,bus-3-bus-4-i_6,-151.5803842701982
2020-07-07T11:00:00.0,bus-3-bus-4-i_6,-153.84697937138557
2020-07-07T12:00:00.0,bus-3-bus-4-i_6,-154.5498693426585
2020-07-07T13:00:00.0,bus-3-bus-4-i_6,-153.95918697282562
2020-07-07T14:00:00.0,bus-3-bus-4-i_6,-153.397570455999
2020-07-07T15:00:00.0,bus-3-bus-4-i_6,-152.9574867540031
2020-07-07T16:00:00.0,bus-3-bus-4-i_6,-153.28507367122103
2020-07-07T17:00:00.0,bus-3-bus-4-i_6,-152.53704006058538
2020-07-07T18:00:00.0,bus-3-bus-4-i_6,-151.4978988145143
2020-07-07T19:00:00.0,bus-3-bus-4-i_6,-152.0335093572556
2020-07-07T20:00:00.0,bus-3-bus-4-i_6,-150.47461706266577
2020-07-07T21:00:00.0,bus-3-bus-4-i_6,-149.71709582820276
2020-07-07T22:00:00.0,bus-3-bus-4-i_6,-170.3145292704577
2020-07-07T23:00:00.0,bus-3-bus-4-i_6,-70.75908094250065
2020-07-08T00:00:00.0,bus-3-bus-4-i_6,-70.15061441420005
2020-07-08T01:00:00.0,bus-3-bus-4-i_6,-69.76516043021076
2020-07-08T02:00:00.0,bus-3-bus-4-i_6,-69.52845019293281
2020-07-08T03:00:00.0,bus-3-bus-4-i_6,-69.4855534817413
2020-07-08T04:00:00.0,bus-3-bus-4-i_6,-69.42839827264456
2020-07-08T05:00:00.0,bus-3-bus-4-i_6,-69.55690925191927
2020-07-08T06:00:00.0,bus-3-bus-4-i_6,-70.33917137575887
2020-07-08T07:00:00.0,bus-3-bus-4-i_6,-168.36462702188214
2020-07-08T08:00:00.0,bus-3-bus-4-i_6,-151.11600732440715
2020-07-08T09:00:00.0,bus-3-bus-4-i_6,-153.99997538604362
2020-07-08T10:00:00.0,bus-3-bus-4-i_6,-156.56424661974998
2020-07-08T11:00:00.0,bus-3-bus-4-i_6,-159.42472557379938
2020-07-08T12:00:00.0,bus-3-bus-4-i_6,-170.94900637350514
2020-07-08T13:00:00.0,bus-3-bus-4-i_6,-168.91723501094535
2020-07-08T14:00:00.0,bus-3-bus-4-i_6,-169.01615355373858
2020-07-08T15:00:00.0,bus-3-bus-4-i_6,-169.53414306364724
2020-07-08T16:00:00.0,bus-3-bus-4-i_6,-159.60274381842373
2020-07-08T17:00:00.0,bus-3-bus-4-i_6,-157.40879325693422
2020-07-08T18:00:00.0,bus-3-bus-4-i_6,-156.85620451824897
2020-07-08T19:00:00.0,bus-3-bus-4-i_6,-157.05731672220517
2020-07-08T20:00:00.0,bus-3-bus-4-i_6,-155.56450027738018
2020-07-08T21:00:00.0,bus-3-bus-4-i_6,-153.01894240771583
2020-07-08T22:00:00.0,bus-3-bus-4-i_6,-149.66512049599504
2020-07-08T23:00:00.0,bus-3-bus-4-i_6,-154.4364989335695
2020-07-09T00:00:00.0,bus-3-bus-4-i_6,-70.67611408674068
2020-07-09T01:00:00.0,bus-3-bus-4-i_6,-70.25512161899996
2020-07-09T02:00:00.0,bus-3-bus-4-i_6,-69.96328255240414
2020-07-09T03:00:00.0,bus-3-bus-4-i_6,-69.93770672756001
2020-07-09T04:00:00.0,bus-3-bus-4-i_6,-69.90087432118975
2020-07-09T05:00:00.0,bus-3-bus-4-i_6,-70.04059369195585
2020-07-09T06:00:00.0,bus-3-bus-4-i_6,-92.34083943738005
2020-07-09T07:00:00.0,bus-3-bus-4-i_6,-149.8106282320248
2020-07-09T08:00:00.0,bus-3-bus-4-i_6,-153.6530299671097
2020-07-09T09:00:00.0,bus-3-bus-4-i_6,-156.51386784578347
2020-07-09T10:00:00.0,bus-3-bus-4-i_6,-159.51382890060682
2020-07-09T11:00:00.0,bus-3-bus-4-i_6,-170.65377097568347
2020-07-09T12:00:00.0,bus-3-bus-4-i_6,-169.9138196919937
2020-07-09T13:00:00.0,bus-3-bus-4-i_6,-170.0372268611365
2020-07-09T14:00:00.0,bus-3-bus-4-i_6,-170.71947343749355
2020-07-09T15:00:00.0,bus-3-bus-4-i_6,-162.55809073580343
2020-07-09T16:00:00.0,bus-3-bus-4-i_6,-170.84259031411662
2020-07-09T17:00:00.0,bus-3-bus-4-i_6,-160.8016122233278
2020-07-09T18:00:00.0,bus-3-bus-4-i_6,-159.43463096613527
2020-07-09T19:00:00.0,bus-3-bus-4-i_6,-159.27595709021753
2020-07-09T20:00:00.0,bus-3-bus-4-i_6,-157.4890464124615
2020-07-09T21:00:00.0,bus-3-bus-4-i_6,-154.4990118903585
2020-07-09T22:00:00.0,bus-3-bus-4-i_6,-151.1469957521542
2020-07-09T23:00:00.0,bus-3-bus-4-i_6,-171.4383171035089
2020-07-10T00:00:00.0,bus-3-bus-4-i_6,-82.76371227265429
2020-07-10T01:00:00.0,bus-3-bus-4-i_6,-70.39298329778552
2020-07-10T02:00:00.0,bus-3-bus-4-i_6,-70.02909762649026
2020-07-10T03:00:00.0,bus-3-bus-4-i_6,-69.92066272605608
2020-07-10T04:00:00.0,bus-3-bus-4-i_6,-69.78023706199954
2020-07-10T05:00:00.0,bus-3-bus-4-i_6,-69.87993686035573
2020-07-10T06:00:00.0,bus-3-bus-4-i_6,-70.7792010597112
2020-07-10T07:00:00.0,bus-3-bus-4-i_6,-177.8409750388276
2020-07-10T08:00:00.0,bus-3-bus-4-i_6,-152.79350233057488
2020-07-10T09:00:00.0,bus-3-bus-4-i_6,-155.50375783091727
2020-07-10T10:00:00.0,bus-3-bus-4-i_6,-158.1799091058411
2020-07-10T11:00:00.0,bus-3-bus-4-i_6,-159.50516847919954
2020-07-10T12:00:00.0,bus-3-bus-4-i_6,-170.21816825937188
2020-07-10T13:00:00.0,bus-3-bus-4-i_6,-169.32104903203015
2020-07-10T14:00:00.0,bus-3-bus-4-i_6,-169.42812746858715
2020-07-10T15:00:00.0,bus-3-bus-4-i_6,-169.30456076074495
2020-07-10T16:00:00.0,bus-3-bus-4-i_6,-169.70807406751592
2020-07-10T17:00:00.0,bus-3-bus-4-i_6,-170.77694439210313
2020-07-10T18:00:00.0,bus-3-bus-4-i_6,-159.9642782917016
2020-07-10T19:00:00.0,bus-3-bus-4-i_6,-159.71102010841054
2020-07-10T20:00:00.0,bus-3-bus-4-i_6,-157.42885949787865
2020-07-10T21:00:00.0,bus-3-bus-4-i_6,-154.58037806459907
2020-07-10T22:00:00.0,bus-3-bus-4-i_6,-151.44632993052954
2020-07-10T23:00:00.0,bus-3-bus-4-i_6,-173.39203022096407
2020-07-11T00:00:00.0,bus-3-bus-4-i_6,-92.36905593451024
2020-07-11T01:00:00.0,bus-3-bus-4-i_6,-70.46822572792166
2020-07-11T02:00:00.0,bus-3-bus-4-i_6,-70.14478371744876
2020-07-11T03:00:00.0,bus-3-bus-4-i_6,-69.96784967954589
2020-07-11T04:00:00.0,bus-3-bus-4-i_6,-69.74413975135292
2020-07-11T05:00:00.0,bus-3-bus-4-i_6,-69.55150799771842
2020-07-11T06:00:00.0,bus-3-bus-4-i_6,-69.81534033840263
2020-07-11T07:00:00.0,bus-3-bus-4-i_6,-70.5501690534411
2020-07-11T08:00:00.0,bus-3-bus-4-i_6,-170.37372568893352
2020-07-11T09:00:00.0,bus-3-bus-4-i_6,-151.13666674439347
2020-07-11T10:00:00.0,bus-3-bus-4-i_6,-154.78365929343428
2020-07-11T11:00:00.0,bus-3-bus-4-i_6,-157.9498869761335
2020-07-11T12:00:00.0,bus-3-bus-4-i_6,-159.42036817313686
2020-07-11T13:00:00.0,bus-3-bus-4-i_6,-169.71630548760936
2020-07-11T14:00:00.0,bus-3-bus-4-i_6,-168.27381138897115
2020-07-11T15:00:00.0,bus-3-bus-4-i_6,-167.80314986721515
2020-07-11T16:00:00.0,bus-3-bus-4-i_6,-168.82655662177203
2020-07-11T17:00:00.0,bus-3-bus-4-i_6,-171.00490460129274
2020-07-11T18:00:00.0,bus-3-bus-4-i_6,-159.24614916711656
2020-07-11T19:00:00.0,bus-3-bus-4-i_6,-158.86830011709642
2020-07-11T20:00:00.0,bus-3-bus-4-i_6,-157.24819266273693
2020-07-11T21:00:00.0,bus-3-bus-4-i_6,-155.1592238917281
2020-07-11T22:00:00.0,bus-3-bus-4-i_6,-152.23917034936116
2020-07-11T23:00:00.0,bus-3-bus-4-i_6,-177.0096690067782
2020-07-12T00:00:00.0,bus-3-bus-4-i_6,-152.28948797749817
2020-07-12T01:00:00.0,bus-3-bus-4-i_6,-70.56848686206578
2020-07-12T02:00:00.0,bus-3-bus-4-i_6,-70.16811827400345
2020-07-12T03:00:00.0,bus-3-bus-4-i_6,-69.8811120628931
2020-07-12T04:00:00.0,bus-3-bus-4-i_6,-69.57313731577403
2020-07-12T05:00:00.0,bus-3-bus-4-i_6,-69.45497881417369
2020-07-12T06:00:00.0,bus-3-bus-4-i_6,-70.17685160656839
2020-07-12T07:00:00.0,bus-3-bus-4-i_6,-166.7709536496239
2020-07-12T08:00:00.0,bus-3-bus-4-i_6,-151.4669589124204
2020-07-12T09:00:00.0,bus-3-bus-4-i_6,-155.00704712852604
2020-07-12T10:00:00.0,bus-3-bus-4-i_6,-158.06993206176196
2020-07-12T11:00:00.0,bus-3-bus-4-i_6,-159.68242427527733
2020-07-12T12:00:00.0,bus-3-bus-4-i_6,-170.6373425983643
2020-07-12T13:00:00.0,bus-3-bus-4-i_6,-170.1030314811928
2020-07-12T14:00:00.0,bus-3-bus-4-i_6,-159.38507980530093
2020-07-12T15:00:00.0,bus-3-bus-4-i_6,-157.29839383952552
2020-07-12T16:00:00.0,bus-3-bus-4-i_6,-157.66950055493288
2020-07-12T17:00:00.0,bus-3-bus-4-i_6,-157.51913322003662
2020-07-12T18:00:00.0,bus-3-bus-4-i_6,-155.59486500875056
2020-07-12T19:00:00.0,bus-3-bus-4-i_6,-155.56450027738018
2020-07-12T20:00:00.0,bus-3-bus-4-i_6,-153.96938479374364
2020-07-12T21:00:00.0,bus-3-bus-4-i_6,-151.63192218121617
2020-07-12T22:00:00.0,bus-3-bus-4-i_6,-176.29737113640306
2020-07-12T23:00:00.0,bus-3-bus-4-i_6,-95.67853171867692
2020-07-13T00:00:00.0,bus-3-bus-4-i_6,-70.35109495905691
2020-07-13T01:00:00.0,bus-3-bus-4-i_6,-69.8811120628931
2020-07-13T02:00:00.0,bus-3-bus-4-i_6,-69.57974888357077
2020-07-13T03:00:00.0,bus-3-bus-4-i_6,-69.53384934834395
2020-07-13T04:00:00.0,bus-3-bus-4-i_6,-69.4709757834126
2020-07-13T05:00:00.0,bus-3-bus-4-i_6,-69.61233606393895
2020-07-13T06:00:00.0,bus-3-bus-4-i_6,-70.45913271887596
2020-07-13T07:00:00.0,bus-3-bus-4-i_6,-171.73425091519323
2020-07-13T08:00:00.0,bus-3-bus-4-i_6,-151.8379548495127
2020-07-13T09:00:00.0,bus-3-bus-4-i_6,-154.6922064792917
2020-07-13T10:00:00.0,bus-3-bus-4-i_6,-157.76968349174751
2020-07-13T11:00:00.0,bus-3-bus-4-i_6,-159.23392180843896
2020-07-13T12:00:00.0,bus-3-bus-4-i_6,-169.25513085284018
2020-07-13T13:00:00.0,bus-3-bus-4-i_6,-167.3072769496164
2020-07-13T14:00:00.0,bus-3-bus-4-i_6,-165.87593013454597
2020-07-13T15:00:00.0,bus-3-bus-4-i_6,-165.31108735468482
2020-07-13T16:00:00.0,bus-3-bus-4-i_6,-165.48952226272755
2020-07-13T17:00:00.0,bus-3-bus-4-i_6,-166.86065986956572
2020-07-13T18:00:00.0,bus-3-bus-4-i_6,-168.818297493704
2020-07-13T19:00:00.0,bus-3-bus-4-i_6,-169.8233018836807
2020-07-13T20:00:00.0,bus-3-bus-4-i_6,-159.57286525013598
2020-07-13T21:00:00.0,bus-3-bus-4-i_6,-156.9165586032864
2020-07-13T22:00:00.0,bus-3-bus-4-i_6,-152.93699092011056
2020-07-13T23:00:00.0,bus-3-bus-4-i_6,-164.15147458612802
2020-07-14T00:00:00.0,bus-3-bus-4-i_6,-153.25514121098723
2020-07-14T01:00:00.0,bus-3-bus-4-i_6,-70.65447956805357
2020-07-14T02:00:00.0,bus-3-bus-4-i_6,-70.31733413911986
2020-07-14T03:00:00.0,bus-3-bus-4-i_6,-70.241417882976
2020-07-14T04:00:00.0,bus-3-bus-4-i_6,-70.1099113465889
2020-07-14T05:00:00.0,bus-3-bus-4-i_6,-70.28574319648484
2020-07-14T06:00:00.0,bus-3-bus-4-i_6,-153.9530664369079
2020-07-14T07:00:00.0,bus-3-bus-4-i_6,-150.67136590802752
2020-07-14T08:00:00.0,bus-3-bus-4-i_6,-154.7531793291488
2020-07-14T09:00:00.0,bus-3-bus-4-i_6,-157.59934297020772
2020-07-14T10:00:00.0,bus-3-bus-4-i_6,-159.33544242674358
2020-07-14T11:00:00.0,bus-3-bus-4-i_6,-169.0903306116458
2020-07-14T12:00:00.0,bus-3-bus-4-i_6,-167.12535577032492
2020-07-14T13:00:00.0,bus-3-bus-4-i_6,-165.66136378333997
2020-07-14T14:00:00.0,bus-3-bus-4-i_6,-165.65722228415896
2020-07-14T15:00:00.0,bus-3-bus-4-i_6,-165.94854520489736
2020-07-14T16:00:00.0,bus-3-bus-4-i_6,-165.7077828104963
2020-07-14T17:00:00.0,bus-3-bus-4-i_6,-166.07442520237123
2020-07-14T18:00:00.0,bus-3-bus-4-i_6,-168.17475477716295
2020-07-14T19:00:00.0,bus-3-bus-4-i_6,-169.04911809283627
2020-07-14T20:00:00.0,bus-3-bus-4-i_6,-160.31181760294277
2020-07-14T21:00:00.0,bus-3-bus-4-i_6,-157.45895517034657
2020-07-14T22:00:00.0,bus-3-bus-4-i_6,-153.1418123235331
2020-07-14T23:00:00.0,bus-3-bus-4-i_6,-149.51967857778808
2020-07-15T00:00:00.0,bus-3-bus-4-i_6,-154.59769171647446
2020-07-15T01:00:00.0,bus-3-bus-4-i_6,-70.66065333574869
2020-07-15T02:00:00.0,bus-3-bus-4-i_6,-70.27388027971958
2020-07-15T03:00:00.0,bus-3-bus-4-i_6,-70.12621971001832
2020-07-15T04:00:00.0,bus-3-bus-4-i_6,-69.95360433365147
2020-07-15T05:00:00.0,bus-3-bus-4-i_6,-70.06651978888705
2020-07-15T06:00:00.0,bus-3-bus-4-i_6,-79.3634243142435
2020-07-15T07:00:00.0,bus-3-bus-4-i_6,-149.28011128144016
2020-07-15T08:00:00.0,bus-3-bus-4-i_6,-152.89600371959375
2020-07-15T09:00:00.0,bus-3-bus-4-i_6,-155.50375783091727
2020-07-15T10:00:00.0,bus-3-bus-4-i_6,-158.16991375135822
2020-07-15T11:00:00.0,bus-3-bus-4-i_6,-159.36092678387263
2020-07-15T12:00:00.0,bus-3-bus-4-i_6,-169.85621932836895
2020-07-15T13:00:00.0,bus-3-bus-4-i_6,-168.5956202578571
2020-07-15T14:00:00.0,bus-3-bus-4-i_6,-166.5875652170951
2020-07-15T15:00:00.0,bus-3-bus-4-i_6,-165.80983587723858
2020-07-15T16:00:00.0,bus-3-bus-4-i_6,-165.94206942403525
2020-07-15T17:00:00.0,bus-3-bus-4-i_6,-166.8772058567221
2020-07-15T18:00:00.0,bus-3-bus-4-i_6,-168.892497464702
2020-07-15T19:00:00.0,bus-3-bus-4-i_6,-170.2346141179132
2020-07-15T20:00:00.0,bus-3-bus-4-i_6,-159.86574062018244
2020-07-15T21:00:00.0,bus-3-bus-4-i_6,-156.3122318224619
2020-07-15T22:00:00.0,bus-3-bus-4-i_6,-152.23917034936116
2020-07-15T23:00:00.0,bus-3-bus-4-i_6,-175.4667404415616
2020-07-16T00:00:00.0,bus-3-bus-4-i_6,-94.62737227741778
2020-07-16T01:00:00.0,bus-3-bus-4-i_6,-70.46215248567138
2020-07-16T02:00:00.0,bus-3-bus-4-i_6,-70.05787128073729
2020-07-16T03:00:00.0,bus-3-bus-4-i_6,-69.97756318272579
2020-07-16T04:00:00.0,bus-3-bus-4-i_6,-69.864189718979
2020-07-16T05:00:00.0,bus-3-bus-4-i_6,-69.97355490317376
2020-07-16T06:00:00.0,bus-3-bus-4-i_6,-77.92487499603853
2020-07-16T07:00:00.0,bus-3-bus-4-i_6,-149.51967857778808
2020-07-16T08:00:00.0,bus-3-bus-4-i_6,-153.58153140799092
2020-07-16T09:00:00.0,bus-3-bus-4-i_6,-156.57432092190442
2020-07-16T10:00:00.0,bus-3-bus-4-i_6,-159.81612184689658
2020-07-16T11:00:00.0,bus-3-bus-4-i_6,-169.53517159898556
2020-07-16T12:00:00.0,bus-3-bus-4-i_6,-167.56353035735438
2020-07-16T13:00:00.0,bus-3-bus-4-i_6,-165.62846117024188
2020-07-16T14:00:00.0,bus-3-bus-4-i_6,-166.13892280181267
2020-07-16T15:00:00.0,bus-3-bus-4-i_6,-166.7359653177183
2020-07-16T16:00:00.0,bus-3-bus-4-i_6,-166.6279615474437
2020-07-16T17:00:00.0,bus-3-bus-4-i_6,-165.7837345815222
2020-07-16T18:00:00.0,bus-3-bus-4-i_6,-166.3558169057507
2020-07-16T19:00:00.0,bus-3-bus-4-i_6,-167.77010490316826
2020-07-16T20:00:00.0,bus-3-bus-4-i_6,-170.38260060464302
2020-07-16T21:00:00.0,bus-3-bus-4-i_6,-158.5294182091599
2020-07-16T22:00:00.0,bus-3-bus-4-i_6,-154.29546235587716
2020-07-16T23:00:00.0,bus-3-bus-4-i_6,-150.56783570642835
2020-07-17T00:00:00.0,bus-3-bus-4-i_6,-172.03010066060332
2020-07-17T01:00:00.0,bus-3-bus-4-i_6,-92.41158476972302
2020-07-17T02:00:00.0,bus-3-bus-4-i_6,-70.63597977262006
2020-07-17T03:00:00.0,bus-3-bus-4-i_6,-70.4772899607014
2020-07-17T04:00:00.0,bus-3-bus-4-i_6,-70.36503385384046
2020-07-17T05:00:00.0,bus-3-bus-4-i_6,-70.31733413911986
2020-07-17T06:00:00.0,bus-3-bus-4-i_6,-94.05035427572489
2020-07-17T07:00:00.0,bus-3-bus-4-i_6,-150.1843635654109
2020-07-17T08:00:00.0,bus-3-bus-4-i_6,-154.43796716147534
2020-07-17T09:00:00.0,bus-3-bus-4-i_6,-158.6291577020309
2020-07-17T10:00:00.0,bus-3-bus-4-i_6,-170.27572625470145
2020-07-17T11:00:00.0,bus-3-bus-4-i_6,-167.75358168729645
2020-07-17T12:00:00.0,bus-3-bus-4-i_6,-165.50574167040511
2020-07-17T13:00:00.0,bus-3-bus-4-i_6,-166.79950084077825
2020-07-17T14:00:00.0,bus-3-bus-4-i_6,-167.96245447700997
2020-07-17T15:00:00.0,bus-3-bus-4-i_6,-168.52176959551917
2020-07-17T16:00:00.0,bus-3-bus-4-i_6,-168.42642982965685
2020-07-17T17:00:00.0,bus-3-bus-4-i_6,-167.47308481714046
2020-07-17T18:00:00.0,bus-3-bus-4-i_6,-165.96123178571506
2020-07-17T19:00:00.0,bus-3-bus-4-i_6,-165.53831651831965
2020-07-17T20:00:00.0,bus-3-bus-4-i_6,-167.97660402100192
2020-07-17T21:00:00.0,bus-3-bus-4-i_6,-166.66264282232612
2020-07-17T22:00:00.0,bus-3-bus-4-i_6,-157.33854593793674
2020-07-17T23:00:00.0,bus-3-bus-4-i_6,-153.6530299671097
2020-07-18T00:00:00.0,bus-3-bus-4-i_6,-150.60925963887405
2020-07-18T01:00:00.0,bus-3-bus-4-i_6,-173.33279190529262
2020-07-18T02:00:00.0,bus-3-bus-4-i_6,-151.5925774973021
2020-07-18T03:00:00.0,bus-3-bus-4-i_6,-70.76969596654612
2020-07-18T04:00:00.0,bus-3-bus-4-i_6,-70.46517326524608
2020-07-18T05:00:00.0,bus-3-bus-4-i_6,-70.24436426430174
2020-07-18T06:00:00.0,bus-3-bus-4-i_6,-92.4072326497514
2020-07-18T07:00:00.0,bus-3-bus-4-i_6,-150.55748006916946
2020-07-18T08:00:00.0,bus-3-bus-4-i_6,-155.726395459508
2020-07-18T09:00:00.0,bus-3-bus-4-i_6,-159.96099952385566
2020-07-18T10:00:00.0,bus-3-bus-4-i_6,-168.67810515085725
2020-07-18T11:00:00.0,bus-3-bus-4-i_6,-165.32986320075773
2020-07-18T12:00:00.0,bus-3-bus-4-i_6,-166.7486722144684
2020-07-18T13:00:00.0,bus-3-bus-4-i_6,-168.1213477361184
2020-07-18T14:00:00.0,bus-3-bus-4-i_6,-168.98576410138136
2020-07-18T15:00:00.0,bus-3-bus-4-i_6,-168.94045475903764
2020-07-18T16:00:00.0,bus-3-bus-4-i_6,-169.2414580000138
2020-07-18T17:00:00.0,bus-3-bus-4-i_6,-168.2357525350164
2020-07-18T18:00:00.0,bus-3-bus-4-i_6,-166.77408631564745
2020-07-18T19:00:00.0,bus-3-bus-4-i_6,-165.86610897015223
2020-07-18T20:00:00.0,bus-3-bus-4-i_6,-166.76134961635515
2020-07-18T21:00:00.0,bus-3-bus-4-i_6,-169.85621932836895
2020-07-18T22:00:00.0,bus-3-bus-4-i_6,-158.99768612112882
2020-07-18T23:00:00.0,bus-3-bus-4-i_6,-155.31129261307274
2020-07-19T00:00:00.0,bus-3-bus-4-i_6,-152.30083147187594
2020-07-19T01:00:00.0,bus-3-bus-4-i_6,-149.75867185989824
2020-07-19T02:00:00.0,bus-3-bus-4-i_6,-170.90589848973227
2020-07-19T03:00:00.0,bus-3-bus-4-i_6,-152.6649225741978
2020-07-19T04:00:00.0,bus-3-bus-4-i_6,-70.75395528624986
2020-07-19T05:00:00.0,bus-3-bus-4-i_6,-70.52275980456449
2020-07-19T06:00:00.0,bus-3-bus-4-i_6,-154.59769171647446
2020-07-19T07:00:00.0,bus-3-bus-4-i_6,-151.3225160739002
2020-07-19T08:00:00.0,bus-3-bus-4-i_6,-156.14068924079243
2020-07-19T09:00:00.0,bus-3-bus-4-i_6,-159.9049179735587
2020-07-19T10:00:00.0,bus-3-bus-4-i_6,-168.90074662028462
2020-07-19T11:00:00.0,bus-3-bus-4-i_6,-165.80157849103836
2020-07-19T12:00:00.0,bus-3-bus-4-i_6,-166.3611823193488
2020-07-19T13:00:00.0,bus-3-bus-4-i_6,-167.94983491631717
2020-07-19T14:00:00.0,bus-3-bus-4-i_6,-169.01118860524673
2020-07-19T15:00:00.0,bus-3-bus-4-i_6,-168.8440248583598
2020-07-19T16:00:00.0,bus-3-bus-4-i_6,-169.14520913829048
2020-07-19T17:00:00.0,bus-3-bus-4-i_6,-168.51541359017511
2020-07-19T18:00:00.0,bus-3-bus-4-i_6,-166.95199548227615
2020-07-19T19:00:00.0,bus-3-bus-4-i_6,-166.4945600581028
2020-07-19T20:00:00.0,bus-3-bus-4-i_6,-165.7273285557854
2020-07-19T21:00:00.0,bus-3-bus-4-i_6,-168.3106959254632
2020-07-19T22:00:00.0,bus-3-bus-4-i_6,-159.33544242674358
2020-07-19T23:00:00.0,bus-3-bus-4-i_6,-157.7997286656559
2020-07-20T00:00:00.0,bus-3-bus-4-i_6,-155.3619581791641
2020-07-20T01:00:00.0,bus-3-bus-4-i_6,-152.76274260082207
2020-07-20T02:00:00.0,bus-3-bus-4-i_6,-150.9506632683803
2020-07-20T03:00:00.0,bus-3-bus-4-i_6,-150.43317841003625
2020-07-20T04:00:00.0,bus-3-bus-4-i_6,-150.308805212972
2020-07-20T05:00:00.0,bus-3-bus-4-i_6,-150.4228165889284
2020-07-20T06:00:00.0,bus-3-bus-4-i_6,-153.69387576961566
2020-07-20T07:00:00.0,bus-3-bus-4-i_6,-157.77969904841706
2020-07-20T08:00:00.0,bus-3-bus-4-i_6,-170.8507919050385
2020-07-20T09:00:00.0,bus-3-bus-4-i_6,-168.4801208086399
2020-07-20T10:00:00.0,bus-3-bus-4-i_6,-165.94206942403525
2020-07-20T11:00:00.0,bus-3-bus-4-i_6,-166.39928716426127
2020-07-20T12:00:00.0,bus-3-bus-4-i_6,-167.5239265434205
2020-07-20T13:00:00.0,bus-3-bus-4-i_6,-168.84592918190594
2020-07-20T14:00:00.0,bus-3-bus-4-i_6,-168.26449302314867
2020-07-20T15:00:00.0,bus-3-bus-4-i_6,-167.31972099125443
2020-07-20T16:00:00.0,bus-3-bus-4-i_6,-168.4216109595671
2020-07-20T17:00:00.0,bus-3-bus-4-i_6,-168.83321695164685
2020-07-20T18:00:00.0,bus-3-bus-4-i_6,-167.94347345856463
2020-07-20T19:00:00.0,bus-3-bus-4-i_6,-167.37140296148434
2020-07-20T20:00:00.0,bus-3-bus-4-i_6,-167.67095839739622
2020-07-20T21:00:00.0,bus-3-bus-4-i_6,-159.46434504985993
2020-07-20T22:00:00.0,bus-3-bus-4-i_6,-154.59054668025917
2020-07-20T23:00:00.0,bus-3-bus-4-i_6,-152.19805339957776
2020-07-21T00:00:00.0,bus-3-bus-4-i_6,-149.89373373342272
2020-07-21T01:00:00.0,bus-3-bus-4-i_6,-170.37372568893352
2020-07-21T02:00:00.0,bus-3-bus-4-i_6,-151.75336608550128
2020-07-21T03:00:00.0,bus-3-bus-4-i_6,-94.32704527599482
2020-07-21T04:00:00.0,bus-3-bus-4-i_6,-151.11030660960952
2020-07-21T05:00:00.0,bus-3-bus-4-i_6,-151.91417651138056
2020-07-21T06:00:00.0,bus-3-bus-4-i_6,-167.95123208422368
2020-07-21T07:00:00.0,bus-3-bus-4-i_6,-170.90589848973227
2020-07-21T08:00:00.0,bus-3-bus-4-i_6,-153.897990001476
2020-07-21T09:00:00.0,bus-3-bus-4-i_6,-156.77570516069758
2020-07-21T10:00:00.0,bus-3-bus-4-i_6,-159.94759541318402
2020-07-21T11:00:00.0,bus-3-bus-4-i_6,-169.51870278716834
2020-07-21T12:00:00.0,bus-3-bus-4-i_6,-167.52220659138953
2020-07-21T13:00:00.0,bus-3-bus-4-i_6,-165.64490662929012
2020-07-21T14:00:00.0,bus-3-bus-4-i_6,-166.2659068509484
2020-07-21T15:00:00.0,bus-3-bus-4-i_6,-167.1489828756916
2020-07-21T16:00:00.0,bus-3-bus-4-i_6,-167.24430410064716
2020-07-21T17:00:00.0,bus-3-bus-4-i_6,-166.65972639580744
2020-07-21T18:00:00.0,bus-3-bus-4-i_6,-165.5690291970034
2020-07-21T19:00:00.0,bus-3-bus-4-i_6,-165.42556276779456
2020-07-21T20:00:00.0,bus-3-bus-4-i_6,-167.2990089189864
2020-07-21T21:00:00.0,bus-3-bus-4-i_6,-170.09480638201043
2020-07-21T22:00:00.0,bus-3-bus-4-i_6,-158.88821296950164
2020-07-21T23:00:00.0,bus-3-bus-4-i_6,-155.68593320529524
2020-07-22T00:00:00.0,bus-3-bus-4-i_6,-153.15204838129057
2020-07-22T01:00:00.0,bus-3-bus-4-i_6,-151.18830702472445
2020-07-22T02:00:00.0,bus-3-bus-4-i_6,-149.84179392603406
2020-07-22T03:00:00.0,bus-3-bus-4-i_6,-149.38423538260193
2020-07-22T04:00:00.0,bus-3-bus-4-i_6,-178.07783322385262
2020-07-22T05:00:00.0,bus-3-bus-4-i_6,-176.41606437176583
2020-07-22T06:00:00.0,bus-3-bus-4-i_6,-150.53676736850105
2020-07-22T07:00:00.0,bus-3-bus-4-i_6,-153.1418123235331
2020-07-22T08:00:00.0,bus-3-bus-4-i_6,-156.45339734450633
2020-07-22T09:00:00.0,bus-3-bus-4-i_6,-159.72082455644178
2020-07-22T10:00:00.0,bus-3-bus-4-i_6,-169.49399863788744
2020-07-22T11:00:00.0,bus-3-bus-4-i_6,-167.68748401312763
2020-07-22T12:00:00.0,bus-3-bus-4-i_6,-167.9683455251836
2020-07-22T13:00:00.0,bus-3-bus-4-i_6,-168.85951829421185
2020-07-22T14:00:00.0,bus-3-bus-4-i_6,-168.73583635330408
2020-07-22T15:00:00.0,bus-3-bus-4-i_6,-169.56936622420153
2020-07-22T16:00:00.0,bus-3-bus-4-i_6,-170.58805188981418
2020-07-22T17:00:00.0,bus-3-bus-4-i_6,-159.5897634733821
2020-07-22T18:00:00.0,bus-3-bus-4-i_6,-159.71610572161677
2020-07-22T19:00:00.0,bus-3-bus-4-i_6,-159.47126871766687
2020-07-22T20:00:00.0,bus-3-bus-4-i_6,-158.82846686576403
2020-07-22T21:00:00.0,bus-3-bus-4-i_6,-156.12049858685185
2020-07-22T22:00:00.0,bus-3-bus-4-i_6,-152.7524884031732
2020-07-22T23:00:00.0,bus-3-bus-4-i_6,-149.72748994820702
2020-07-23T00:00:00.0,bus-3-bus-4-i_6,-168.30557399123734
2020-07-23T01:00:00.0,bus-3-bus-4-i_6,-71.15561268086586
2020-07-23T02:00:00.0,bus-3-bus-4-i_6,-70.55627162667903
2020-07-23T03:00:00.0,bus-3-bus-4-i_6,-70.46822572792166
2020-07-23T04:00:00.0,bus-3-bus-4-i_6,-70.52884485636204
2020-07-23T05:00:00.0,bus-3-bus-4-i_6,-70.5410239251477
2020-07-23T06:00:00.0,bus-3-bus-4-i_6,-151.5925774973021
2020-07-23T07:00:00.0,bus-3-bus-4-i_6,-150.1739903397948
2020-07-23T08:00:00.0,bus-3-bus-4-i_6,-154.76333979668703
2020-07-23T09:00:00.0,bus-3-bus-4-i_6,-158.41964206419172
2020-07-23T10:00:00.0,bus-3-bus-4-i_6,-170.53875368467396
2020-07-23T11:00:00.0,bus-3-bus-4-i_6,-167.64616908091136
2020-07-23T12:00:00.0,bus-3-bus-4-i_6,-165.34266938255772
2020-07-23T13:00:00.0,bus-3-bus-4-i_6,-166.77408631564745
2020-07-23T14:00:00.0,bus-3-bus-4-i_6,-167.80356425798556
2020-07-23T15:00:00.0,bus-3-bus-4-i_6,-166.86303880887507
2020-07-23T16:00:00.0,bus-3-bus-4-i_6,-166.6868744067192
2020-07-23T17:00:00.0,bus-3-bus-4-i_6,-168.653361663286
2020-07-23T18:00:00.0,bus-3-bus-4-i_6,-170.1770511328431
2020-07-23T19:00:00.0,bus-3-bus-4-i_6,-170.12770594900823
2020-07-23T20:00:00.0,bus-3-bus-4-i_6,-159.30996198265728
2020-07-23T21:00:00.0,bus-3-bus-4-i_6,-157.9498869761335
2020-07-23T22:00:00.0,bus-3-bus-4-i_6,-154.81413494253795
2020-07-23T23:00:00.0,bus-3-bus-4-i_6,-151.66283922693725
2020-07-24T00:00:00.0,bus-3-bus-4-i_6,-149.36341296329925
2020-07-24T01:00:00.0,bus-3-bus-4-i_6,-170.37372568893352
2020-07-24T02:00:00.0,bus-3-bus-4-i_6,-153.6845829366432
2020-07-24T03:00:00.0,bus-3-bus-4-i_6,-151.37822436618342
2020-07-24T04:00:00.0,bus-3-bus-4-i_6,-96.97184854821008
2020-07-24T05:00:00.0,bus-3-bus-4-i_6,-151.6461713156919
2020-07-24T06:00:00.0,bus-3-bus-4-i_6,-149.7794534250306
2020-07-24T07:00:00.0,bus-3-bus-4-i_6,-154.06114362976356
2020-07-24T08:00:00.0,bus-3-bus-4-i_6,-158.18990394650615
2020-07-24T09:00:00.0,bus-3-bus-4-i_6,-166.66264282232612
2020-07-24T10:00:00.0,bus-3-bus-4-i_6,-168.40585866401136
2020-07-24T11:00:00.0,bus-3-bus-4-i_6,-166.0661509574674
2020-07-24T12:00:00.0,bus-3-bus-4-i_6,-166.2468568961362
2020-07-24T13:00:00.0,bus-3-bus-4-i_6,-167.59383474347027
2020-07-24T14:00:00.0,bus-3-bus-4-i_6,-168.5980418656185
2020-07-24T15:00:00.0,bus-3-bus-4-i_6,-169.10653011777237
2020-07-24T16:00:00.0,bus-3-bus-4-i_6,-168.909490478097
2020-07-24T17:00:00.0,bus-3-bus-4-i_6,-168.08956887396178
2020-07-24T18:00:00.0,bus-3-bus-4-i_6,-166.69784530899284
2020-07-24T19:00:00.0,bus-3-bus-4-i_6,-165.89146852194352
2020-07-24T20:00:00.0,bus-3-bus-4-i_6,-166.76962424837544
2020-07-24T21:00:00.0,bus-3-bus-4-i_6,-169.53517159898556
2020-07-24T22:00:00.0,bus-3-bus-4-i_6,-159.44453855655007
2020-07-24T23:00:00.0,bus-3-bus-4-i_6,-156.19115740862216
2020-07-25T00:00:00.0,bus-3-bus-4-i_6,-154.14267452137668
2020-07-25T01:00:00.0,bus-3-bus-4-i_6,-152.14664648670401
2020-07-25T02:00:00.0,bus-3-bus-4-i_6,-150.40209152080885
2020-07-25T03:00:00.0,bus-3-bus-4-i_6,-149.5300818777393
2020-07-25T04:00:00.0,bus-3-bus-4-i_6,-176.89093006910025
2020-07-25T05:00:00.0,bus-3-bus-4-i_6,-174.5179719996302
2020-07-25T06:00:00.0,bus-3-bus-4-i_6,-150.90930484660223
2020-07-25T07:00:00.0,bus-3-bus-4-i_6,-154.6108824740057
2020-07-25T08:00:00.0,bus-3-bus-4-i_6,-157.8197562640324
2020-07-25T09:00:00.0,bus-3-bus-4-i_6,-158.20989208418226
2020-07-25T10:00:00.0,bus-3-bus-4-i_6,-158.64909895637743
2020-07-25T11:00:00.0,bus-3-bus-4-i_6,-159.41481484508495
2020-07-25T12:00:00.0,bus-3-bus-4-i_6,-159.4115117582393
2020-07-25T13:00:00.0,bus-3-bus-4-i_6,-170.42369927996185
2020-07-25T14:00:00.0,bus-3-bus-4-i_6,-169.46929327745696
2020-07-25T15:00:00.0,bus-3-bus-4-i_6,-167.811410810112
2020-07-25T16:00:00.0,bus-3-bus-4-i_6,-167.00956241755165
2020-07-25T17:00:00.0,bus-3-bus-4-i_6,-167.81967163172845
2020-07-25T18:00:00.0,bus-3-bus-4-i_6,-168.88425774599804
2020-07-25T19:00:00.0,bus-3-bus-4-i_6,-168.61211808901
2020-07-25T20:00:00.0,bus-3-bus-4-i_6,-170.0619046284456
2020-07-25T21:00:00.0,bus-3-bus-4-i_6,-159.94128392277923
2020-07-25T22:00:00.0,bus-3-bus-4-i_6,-157.19797924859097
2020-07-25T23:00:00.0,bus-3-bus-4-i_6,-154.41761507898778
2020-07-26T00:00:00.0,bus-3-bus-4-i_6,-151.95119157271267
2020-07-26T01:00:00.0,bus-3-bus-4-i_6,-149.90411733089593
2020-07-26T02:00:00.0,bus-3-bus-4-i_6,-173.39203022096407
2020-07-26T03:00:00.0,bus-3-bus-4-i_6,-168.1283585832987
2020-07-26T04:00:00.0,bus-3-bus-4-i_6,-152.9331659133381
2020-07-26T05:00:00.0,bus-3-bus-4-i_6,-73.61228206067443
2020-07-26T06:00:00.0,bus-3-bus-4-i_6,-154.3290510692903
2020-07-26T07:00:00.0,bus-3-bus-4-i_6,-151.23993540823201
2020-07-26T08:00:00.0,bus-3-bus-4-i_6,-156.23152327273652
2020-07-26T09:00:00.0,bus-3-bus-4-i_6,-159.9642782917016
2020-07-26T10:00:00.0,bus-3-bus-4-i_6,-169.23865357651317
2020-07-26T11:00:00.0,bus-3-bus-4-i_6,-166.70342498508228
2020-07-26T12:00:00.0,bus-3-bus-4-i_6,-165.8534313167523
2020-07-26T13:00:00.0,bus-3-bus-4-i_6,-167.3841130677965
2020-07-26T14:00:00.0,bus-3-bus-4-i_6,-168.47092163534091
2020-07-26T15:00:00.0,bus-3-bus-4-i_6,-168.8649975589734
2020-07-26T16:00:00.0,bus-3-bus-4-i_6,-168.7188070680005
2020-07-26T17:00:00.0,bus-3-bus-4-i_6,-167.80356425798556
2020-07-26T18:00:00.0,bus-3-bus-4-i_6,-166.45644925347904
2020-07-26T19:00:00.0,bus-3-bus-4-i_6,-165.8978092264965
2020-07-26T20:00:00.0,bus-3-bus-4-i_6,-166.6868744067192
2020-07-26T21:00:00.0,bus-3-bus-4-i_6,-169.62575262001494
2020-07-26T22:00:00.0,bus-3-bus-4-i_6,-159.53360747909625
2020-07-26T23:00:00.0,bus-3-bus-4-i_6,-156.77570516069758
2020-07-27T00:00:00.0,bus-3-bus-4-i_6,-154.39726108069402
2020-07-27T01:00:00.0,bus-3-bus-4-i_6,-152.86525830738293
2020-07-27T02:00:00.0,bus-3-bus-4-i_6,-151.78646454469566
2020-07-27T03:00:00.0,bus-3-bus-4-i_6,-151.5082111629849
2020-07-27T04:00:00.0,bus-3-bus-4-i_6,-150.8369186116565
2020-07-27T05:00:00.0,bus-3-bus-4-i_6,-149.36341296329925
2020-07-27T06:00:00.0,bus-3-bus-4-i_6,-152.43437166220818
2020-07-27T07:00:00.0,bus-3-bus-4-i_6,-156.62468516667127
2020-07-27T08:00:00.0,bus-3-bus-4-i_6,-159.3694209733342
2020-07-27T09:00:00.0,bus-3-bus-4-i_6,-168.78531425026725
2020-07-27T10:00:00.0,bus-3-bus-4-i_6,-166.02478308701382
2020-07-27T11:00:00.0,bus-3-bus-4-i_6,-166.69784530899284
2020-07-27T12:00:00.0,bus-3-bus-4-i_6,-168.31202307368739
2020-07-27T13:00:00.0,bus-3-bus-4-i_6,-168.83196790614176
2020-07-27T14:00:00.0,bus-3-bus-4-i_6,-168.98576410138136
2020-07-27T15:00:00.0,bus-3-bus-4-i_6,-167.86076436121073
2020-07-27T16:00:00.0,bus-3-bus-4-i_6,-166.75502570363926
2020-07-27T17:00:00.0,bus-3-bus-4-i_6,-165.56264342826526
2020-07-27T18:00:00.0,bus-3-bus-4-i_6,-166.2316633965447
2020-07-27T19:00:00.0,bus-3-bus-4-i_6,-166.18200496665213
2020-07-27T20:00:00.0,bus-3-bus-4-i_6,-167.3238126854419
2020-07-27T21:00:00.0,bus-3-bus-4-i_6,-170.11948126470716
2020-07-27T22:00:00.0,bus-3-bus-4-i_6,-158.88821296950164
2020-07-27T23:00:00.0,bus-3-bus-4-i_6,-155.5847439125686
2020-07-28T00:00:00.0,bus-3-bus-4-i_6,-153.1315757882351
2020-07-28T01:00:00.0,bus-3-bus-4-i_6,-151.60100087241136
2020-07-28T02:00:00.0,bus-3-bus-4-i_6,-150.3917282969625
2020-07-28T03:00:00.0,bus-3-bus-4-i_6,-149.7378859869316
2020-07-28T04:00:00.0,bus-3-bus-4-i_6,-149.49871192204517
2020-07-28T05:00:00.0,bus-3-bus-4-i_6,-175.7040219305595
2020-07-28T06:00:00.0,bus-3-bus-4-i_6,-151.611308436246
2020-07-28T07:00:00.0,bus-3-bus-4-i_6,-155.76685001309986
2020-07-28T08:00:00.0,bus-3-bus-4-i_6,-159.75994280864725
2020-07-28T09:00:00.0,bus-3-bus-4-i_6,-169.63398536015157
2020-07-28T10:00:00.0,bus-3-bus-4-i_6,-166.7448001120076
2020-07-28T11:00:00.0,bus-3-bus-4-i_6,-166.15796783677936
2020-07-28T12:00:00.0,bus-3-bus-4-i_6,-167.68281004685454
2020-07-28T13:00:00.0,bus-3-bus-4-i_6,-168.55354965109203
2020-07-28T14:00:00.0,bus-3-bus-4-i_6,-167.69552091308162
2020-07-28T15:00:00.0,bus-3-bus-4-i_6,-165.94220227715937
2020-07-28T16:00:00.0,bus-3-bus-4-i_6,-165.95033911870098
2020-07-28T17:00:00.0,bus-3-bus-4-i_6,-166.95165903643456
2020-07-28T18:00:00.0,bus-3-bus-4-i_6,-167.72053380958704
2020-07-28T19:00:00.0,bus-3-bus-4-i_6,-167.75358168729645
2020-07-28T20:00:00.0,bus-3-bus-4-i_6,-169.3951699986636
2020-07-28T21:00:00.0,bus-3-bus-4-i_6,-159.29298445436376
2020-07-28T22:00:00.0,bus-3-bus-4-i_6,-157.75966743671324
2020-07-28T23:00:00.0,bus-3-bus-4-i_6,-155.01719560545916
2020-07-29T00:00:00.0,bus-3-bus-4-i_6,-153.17251906413506
2020-07-29T01:00:00.0,bus-3-bus-4-i_6,-151.44632993052954
2020-07-29T02:00:00.0,bus-3-bus-4-i_6,-150.61960676167328
2020-07-29T03:00:00.0,bus-3-bus-4-i_6,-150.7541558541135
2020-07-29T04:00:00.0,bus-3-bus-4-i_6,-150.74380877514696
2020-07-29T05:00:00.0,bus-3-bus-4-i_6,-150.41245429249602
2020-07-29T06:00:00.0,bus-3-bus-4-i_6,-152.5780940418543
2020-07-29T07:00:00.0,bus-3-bus-4-i_6,-155.6049856239615
2020-07-29T08:00:00.0,bus-3-bus-4-i_6,-159.0076340064784
2020-07-29T09:00:00.0,bus-3-bus-4-i_6,-170.71947343749355
2020-07-29T10:00:00.0,bus-3-bus-4-i_6,-167.97660402100192
2020-07-29T11:00:00.0,bus-3-bus-4-i_6,-165.4653130487124
2020-07-29T12:00:00.0,bus-3-bus-4-i_6,-166.64066738246214
2020-07-29T13:00:00.0,bus-3-bus-4-i_6,-167.76543112429331
2020-07-29T14:00:00.0,bus-3-bus-4-i_6,-168.48363360749948
2020-07-29T15:00:00.0,bus-3-bus-4-i_6,-167.84805318871477
2020-07-29T16:00:00.0,bus-3-bus-4-i_6,-166.5771397159528
2020-07-29T17:00:00.0,bus-3-bus-4-i_6,-165.39401517971166
2020-07-29T18:00:00.0,bus-3-bus-4-i_6,-166.67032354080195
2020-07-29T19:00:00.0,bus-3-bus-4-i_6,-166.57101281619947
2020-07-29T20:00:00.0,bus-3-bus-4-i_6,-168.10045053777475
2020-07-29T21:00:00.0,bus-3-bus-4-i_6,-170.35793954016967
2020-07-29T22:00:00.0,bus-3-bus-4-i_6,-159.12694533616377
2020-07-29T23:00:00.0,bus-3-bus-4-i_6,-156.12049858685185
2020-07-30T00:00:00.0,bus-3-bus-4-i_6,-153.68366503611145
2020-07-30T01:00:00.0,bus-3-bus-4-i_6,-151.95119157271267
2020-07-30T02:00:00.0,bus-3-bus-4-i_6,-150.65066366661685
2020-07-30T03:00:00.0,bus-3-bus-4-i_6,-150.16361663908998
2020-07-30T04:00:00.0,bus-3-bus-4-i_6,-149.93527259878948
2020-07-30T05:00:00.0,bus-3-bus-4-i_6,-149.88334720789257
2020-07-30T06:00:00.0,bus-3-bus-4-i_6,-152.1055123765767
2020-07-30T07:00:00.0,bus-3-bus-4-i_6,-155.65558148462887
2020-07-30T08:00:00.0,bus-3-bus-4-i_6,-159.21638429002886
2020-07-30T09:00:00.0,bus-3-bus-4-i_6,-170.89996620642063
2020-07-30T10:00:00.0,bus-3-bus-4-i_6,-168.62861535779902
2020-07-30T11:00:00.0,bus-3-bus-4-i_6,-166.54618380955856
2020-07-30T12:00:00.0,bus-3-bus-4-i_6,-165.48745398042448
2020-07-30T13:00:00.0,bus-3-bus-4-i_6,-166.8249157541056
2020-07-30T14:00:00.0,bus-3-bus-4-i_6,-167.49215040948764
2020-07-30T15:00:00.0,bus-3-bus-4-i_6,-167.67009920652524
2020-07-30T16:00:00.0,bus-3-bus-4-i_6,-167.76543112429331
2020-07-30T17:00:00.0,bus-3-bus-4-i_6,-166.7296119109082
2020-07-30T18:00:00.0,bus-3-bus-4-i_6,-165.51870622579088
2020-07-30T19:00:00.0,bus-3-bus-4-i_6,-165.47499641037905
2020-07-30T20:00:00.0,bus-3-bus-4-i_6,-166.9599312090959
2020-07-30T21:00:00.0,bus-3-bus-4-i_6,-169.69985633222046
2020-07-30T22:00:00.0,bus-3-bus-4-i_6,-159.43463096613527
2020-07-30T23:00:00.0,bus-3-bus-4-i_6,-156.16087794219604
2020-07-31T00:00:00.0,bus-3-bus-4-i_6,-153.86738505829715
2020-07-31T01:00:00.0,bus-3-bus-4-i_6,-151.86884329275338
2020-07-31T02:00:00.0,bus-3-bus-4-i_6,-150.6403118557988
2020-07-31T03:00:00.0,bus-3-bus-4-i_6,-150.02871242917405
2020-07-31T04:00:00.0,bus-3-bus-4-i_6,-149.67551459930002
2020-07-31T05:00:00.0,bus-3-bus-4-i_6,-149.39464246007407
2020-07-31T06:00:00.0,bus-3-bus-4-i_6,-151.95119157271267
2020-07-31T07:00:00.0,bus-3-bus-4-i_6,-155.969007189534
2020-07-31T08:00:00.0,bus-3-bus-4-i_6,-159.70120753010676
2020-07-31T09:00:00.0,bus-3-bus-4-i_6,-170.21816825937188
2020-07-31T10:00:00.0,bus-3-bus-4-i_6,-168.01789464725542
2020-07-31T11:00:00.0,bus-3-bus-4-i_6,-165.74381595478985
2020-07-31T12:00:00.0,bus-3-bus-4-i_6,-166.31673054475976
2020-07-31T13:00:00.0,bus-3-bus-4-i_6,-167.7272981895425
2020-07-31T14:00:00.0,bus-3-bus-4-i_6,-168.76329972611055
2020-07-31T15:00:00.0,bus-3-bus-4-i_6,-169.04932530420896
2020-07-31T16:00:00.0,bus-3-bus-4-i_6,-168.56626169870134
2020-07-31T17:00:00.0,bus-3-bus-4-i_6,-167.51121606042867
2020-07-31T18:00:00.0,bus-3-bus-4-i_6,-166.50726409320384
2020-07-31T19:00:00.0,bus-3-bus-4-i_6,-166.08179435566655
2020-07-31T20:00:00.0,bus-3-bus-4-i_6,-166.98474721461452
2020-07-31T21:00:00.0,bus-3-bus-4-i_6,-170.31683474020193
2020-07-31T22:00:00.0,bus-3-bus-4-i_6,-158.31978982544365
2020-07-31T23:00:00.0,bus-3-bus-4-i_6,-154.65154831082063
2020-08-01T00:00:00.0,bus-3-bus-4-i_6,-151.1469957521542
2020-08-01T01:00:00.0,bus-3-bus-4-i_6,-176.41606437176583
2020-08-01T02:00:00.0,bus-3-bus-4-i_6,-167.00695535801066
2020-08-01T03:00:00.0,bus-3-bus-4-i_6,-96.51265160645583
2020-08-01T04:00:00.0,bus-3-bus-4-i_6,-72.82627413109897
2020-08-01T05:00:00.0,bus-3-bus-4-i_6,-70.58684282395191
2020-08-01T06:00:00.0,bus-3-bus-4-i_6,-92.46200259066994
2020-08-01T07:00:00.0,bus-3-bus-4-i_6,-177.24716548468155
2020-08-01T08:00:00.0,bus-3-bus-4-i_6,-152.66017915227766
2020-08-01T09:00:00.0,bus-3-bus-4-i_6,-155.14908213410098
2020-08-01T10:00:00.0,bus-3-bus-4-i_6,-158.55934581286536
2020-08-01T11:00:00.0,bus-3-bus-4-i_6,-170.7851526137064
2020-08-01T12:00:00.0,bus-3-bus-4-i_6,-168.42235761031404
2020-08-01T13:00:00.0,bus-3-bus-4-i_6,-165.80157849103836
2020-08-01T14:00:00.0,bus-3-bus-4-i_6,-166.2976812652616
2020-08-01T15:00:00.0,bus-3-bus-4-i_6,-166.93928715362364
2020-08-01T16:00:00.0,bus-3-bus-4-i_6,-166.89480861021667
2020-08-01T17:00:00.0,bus-3-bus-4-i_6,-165.815407927481
2020-08-01T18:00:00.0,bus-3-bus-4-i_6,-166.1737288493268
2020-08-01T19:00:00.0,bus-3-bus-4-i_6,-166.4220329822844
2020-08-01T20:00:00.0,bus-3-bus-4-i_6,-168.52137366431288
2020-08-01T21:00:00.0,bus-3-bus-4-i_6,-170.94085150842517
2020-08-01T22:00:00.0,bus-3-bus-4-i_6,-158.18990394650615
2020-08-01T23:00:00.0,bus-3-bus-4-i_6,-154.5193563085534
2020-08-02T00:00:00.0,bus-3-bus-4-i_6,-151.8482514813191
2020-08-02T01:00:00.0,bus-3-bus-4-i_6,-149.89373373342272
2020-08-02T02:00:00.0,bus-3-bus-4-i_6,-173.86601298585046
2020-08-02T03:00:00.0,bus-3-bus-4-i_6,-167.12489926840072
2020-08-02T04:00:00.0,bus-3-bus-4-i_6,-152.2358645267855
2020-08-02T05:00:00.0,bus-3-bus-4-i_6,-71.0154881196714
2020-08-02T06:00:00.0,bus-3-bus-4-i_6,-168.246453777713
2020-08-02T07:00:00.0,bus-3-bus-4-i_6,-150.9921944255944
2020-08-02T08:00:00.0,bus-3-bus-4-i_6,-154.92584206359163
2020-08-02T09:00:00.0,bus-3-bus-4-i_6,-158.159917883626
2020-08-02T10:00:00.0,bus-3-bus-4-i_6,-164.91589352237463
2020-08-02T11:00:00.0,bus-3-bus-4-i_6,-168.81005188997707
2020-08-02T12:00:00.0,bus-3-bus-4-i_6,-167.09227386777138
2020-08-02T13:00:00.0,bus-3-bus-4-i_6,-165.3142266167033
2020-08-02T14:00:00.0,bus-3-bus-4-i_6,-166.31673054475976
2020-08-02T15:00:00.0,bus-3-bus-4-i_6,-166.6470203526888
2020-08-02T16:00:00.0,bus-3-bus-4-i_6,-166.15161937804004
2020-08-02T17:00:00.0,bus-3-bus-4-i_6,-165.8180943928266
2020-08-02T18:00:00.0,bus-3-bus-4-i_6,-168.11696346893766
2020-08-02T19:00:00.0,bus-3-bus-4-i_6,-168.75232973616906
2020-08-02T20:00:00.0,bus-3-bus-4-i_6,-170.89996620642063
2020-08-02T21:00:00.0,bus-3-bus-4-i_6,-158.60921421511566
2020-08-02T22:00:00.0,bus-3-bus-4-i_6,-154.81413494253795
2020-08-02T23:00:00.0,bus-3-bus-4-i_6,-151.5906928094002
2020-08-03T00:00:00.0,bus-3-bus-4-i_6,-149.31135389507295
2020-08-03T01:00:00.0,bus-3-bus-4-i_6,-169.90070068482277
2020-08-03T02:00:00.0,bus-3-bus-4-i_6,-152.61128147585276
2020-08-03T03:00:00.0,bus-3-bus-4-i_6,-94.95238334742811
2020-08-03T04:00:00.0,bus-3-bus-4-i_6,-92.34711045653583
2020-08-03T05:00:00.0,bus-3-bus-4-i_6,-92.91452832304259
2020-08-03T06:00:00.0,bus-3-bus-4-i_6,-171.9117265033952
2020-08-03T07:00:00.0,bus-3-bus-4-i_6,-151.34315648069085
2020-08-03T08:00:00.0,bus-3-bus-4-i_6,-154.50918433899412
2020-08-03T09:00:00.0,bus-3-bus-4-i_6,-157.11761236621777
2020-08-03T10:00:00.0,bus-3-bus-4-i_6,-159.81815405204136
2020-08-03T11:00:00.0,bus-3-bus-4-i_6,-170.0619046284456
2020-08-03T12:00:00.0,bus-3-bus-4-i_6,-168.28206528535716
2020-08-03T13:00:00.0,bus-3-bus-4-i_6,-166.61239336527106
2020-08-03T14:00:00.0,bus-3-bus-4-i_6,-165.36557778185008
2020-08-03T15:00:00.0,bus-3-bus-4-i_6,-165.5878794668923
2020-08-03T16:00:00.0,bus-3-bus-4-i_6,-165.76856188619234
2020-08-03T17:00:00.0,bus-3-bus-4-i_6,-167.45608254528693
2020-08-03T18:00:00.0,bus-3-bus-4-i_6,-169.27984640528112
2020-08-03T19:00:00.0,bus-3-bus-4-i_6,-169.77392171951325
2020-08-03T20:00:00.0,bus-3-bus-4-i_6,-159.9508363865901
2020-08-03T21:00:00.0,bus-3-bus-4-i_6,-156.38282643895218
2020-08-03T22:00:00.0,bus-3-bus-4-i_6,-152.64992018322738
2020-08-03T23:00:00.0,bus-3-bus-4-i_6,-149.40505360641626
2020-08-04T00:00:00.0,bus-3-bus-4-i_6,-166.94788245230018
2020-08-04T01:00:00.0,bus-3-bus-4-i_6,-70.88925020172103
2020-08-04T02:00:00.0,bus-3-bus-4-i_6,-70.516680538256
2020-08-04T03:00:00.0,bus-3-bus-4-i_6,-70.42803309831707
2020-08-04T04:00:00.0,bus-3-bus-4-i_6,-70.38097411833392
2020-08-04T05:00:00.0,bus-3-bus-4-i_6,-70.34513093851594
2020-08-04T06:00:00.0,bus-3-bus-4-i_6,-92.79986848412678
2020-08-04T07:00:00.0,bus-3-bus-4-i_6,-175.4074260036563
2020-08-04T08:00:00.0,bus-3-bus-4-i_6,-151.43601472546572
2020-08-04T09:00:00.0,bus-3-bus-4-i_6,-153.397570455999
2020-08-04T10:00:00.0,bus-3-bus-4-i_6,-155.50375783091727
2020-08-04T11:00:00.0,bus-3-bus-4-i_6,-157.95989351422728
2020-08-04T12:00:00.0,bus-3-bus-4-i_6,-159.61260517636813
2020-08-04T13:00:00.0,bus-3-bus-4-i_6,-170.92451442925002
2020-08-04T14:00:00.0,bus-3-bus-4-i_6,-169.52693728333665
2020-08-04T15:00:00.0,bus-3-bus-4-i_6,-168.90899093970057
2020-08-04T16:00:00.0,bus-3-bus-4-i_6,-169.37045991037195
2020-08-04T17:00:00.0,bus-3-bus-4-i_6,-170.94085150842517
2020-08-04T18:00:00.0,bus-3-bus-4-i_6,-159.51382890060682
2020-08-04T19:00:00.0,bus-3-bus-4-i_6,-158.78862379771599
2020-08-04T20:00:00.0,bus-3-bus-4-i_6,-155.75673709672353
2020-08-04T21:00:00.0,bus-3-bus-4-i_6,-151.97177387796623
2020-08-04T22:00:00.0,bus-3-bus-4-i_6,-173.86601298585046
2020-08-04T23:00:00.0,bus-3-bus-4-i_6,-75.30852654942512
2020-08-05T00:00:00.0,bus-3-bus-4-i_6,-70.25025963207172
2020-08-05T01:00:00.0,bus-3-bus-4-i_6,-69.87993686035573
2020-08-05T02:00:00.0,bus-3-bus-4-i_6,-69.61931496180699
2020-08-05T03:00:00.0,bus-3-bus-4-i_6,-69.60570290114539
2020-08-05T04:00:00.0,bus-3-bus-4-i_6,-69.62204041316
2020-08-05T05:00:00.0,bus-3-bus-4-i_6,-69.65482491165193
2020-08-05T06:00:00.0,bus-3-bus-4-i_6,-70.27979625484306
2020-08-05T07:00:00.0,bus-3-bus-4-i_6,-153.84566540742856
2020-08-05T08:00:00.0,bus-3-bus-4-i_6,-161.12689738008444
2020-08-05T09:00:00.0,bus-3-bus-4-i_6,-152.16721068188096
2020-08-05T10:00:00.0,bus-3-bus-4-i_6,-155.97910999088506
2020-08-05T11:00:00.0,bus-3-bus-4-i_6,-158.7288413367676
2020-08-05T12:00:00.0,bus-3-bus-4-i_6,-160.90096375757926
2020-08-05T13:00:00.0,bus-3-bus-4-i_6,-169.2880846372513
2020-08-05T14:00:00.0,bus-3-bus-4-i_6,-167.5717947603258
2020-08-05T15:00:00.0,bus-3-bus-4-i_6,-166.7448001120076
2020-08-05T16:00:00.0,bus-3-bus-4-i_6,-167.12535577032492
2020-08-05T17:00:00.0,bus-3-bus-4-i_6,-168.60386920255132
2020-08-05T18:00:00.0,bus-3-bus-4-i_6,-170.19349840681608
2020-08-05T19:00:00.0,bus-3-bus-4-i_6,-170.44013763890052
2020-08-05T20:00:00.0,bus-3-bus-4-i_6,-159.44453855655007
2020-08-05T21:00:00.0,bus-3-bus-4-i_6,-155.87806031544326
2020-08-05T22:00:00.0,bus-3-bus-4-i_6,-152.00264376201255
2020-08-05T23:00:00.0,bus-3-bus-4-i_6,-177.0690403382301
2020-08-06T00:00:00.0,bus-3-bus-4-i_6,-153.79196871107698
2020-08-06T01:00:00.0,bus-3-bus-4-i_6,-70.75395528624986
2020-08-06T02:00:00.0,bus-3-bus-4-i_6,-70.46215248567138
2020-08-06T03:00:00.0,bus-3-bus-4-i_6,-70.33026777557288
2020-08-06T04:00:00.0,bus-3-bus-4-i_6,-70.37400640720679
2020-08-06T05:00:00.0,bus-3-bus-4-i_6,-70.30648667287869
2020-08-06T06:00:00.0,bus-3-bus-4-i_6,-151.00303836553132
2020-08-06T07:00:00.0,bus-3-bus-4-i_6,-149.8002363423866
2020-08-06T08:00:00.0,bus-3-bus-4-i_6,-153.98977900036473
2020-08-06T09:00:00.0,bus-3-bus-4-i_6,-156.6548978763554
2020-08-06T10:00:00.0,bus-3-bus-4-i_6,-159.3652499439778
2020-08-06T11:00:00.0,bus-3-bus-4-i_6,-170.8507919050385
2020-08-06T12:00:00.0,bus-3-bus-4-i_6,-170.84259031411662
2020-08-06T13:00:00.0,bus-3-bus-4-i_6,-169.35398138466243
2020-08-06T14:00:00.0,bus-3-bus-4-i_6,-167.70400915008742
2020-08-06T15:00:00.0,bus-3-bus-4-i_6,-167.00956241755165
2020-08-06T16:00:00.0,bus-3-bus-4-i_6,-167.9022731477051
2020-08-06T17:00:00.0,bus-3-bus-4-i_6,-169.9138196919937
2020-08-06T18:00:00.0,bus-3-bus-4-i_6,-160.8016122233278
2020-08-06T19:00:00.0,bus-3-bus-4-i_6,-159.57286525013598
2020-08-06T20:00:00.0,bus-3-bus-4-i_6,-157.3586190553809
2020-08-06T21:00:00.0,bus-3-bus-4-i_6,-153.92859063975388
2020-08-06T22:00:00.0,bus-3-bus-4-i_6,-150.24659294177997
2020-08-06T23:00:00.0,bus-3-bus-4-i_6,-167.77412511247655
2020-08-07T00:00:00.0,bus-3-bus-4-i_6,-70.69780855912447
2020-08-07T01:00:00.0,bus-3-bus-4-i_6,-70.24436426430174
2020-08-07T02:00:00.0,bus-3-bus-4-i_6,-69.9320057777382
2020-08-07T03:00:00.0,bus-3-bus-4-i_6,-69.90087432118975
2020-08-07T04:00:00.0,bus-3-bus-4-i_6,-69.92349688096382
2020-08-07T05:00:00.0,bus-3-bus-4-i_6,-69.87265794843793
2020-08-07T06:00:00.0,bus-3-bus-4-i_6,-70.37798138195299
2020-08-07T07:00:00.0,bus-3-bus-4-i_6,-151.75336608550128
2020-08-07T08:00:00.0,bus-3-bus-4-i_6,-174.69582192125335
2020-08-07T09:00:00.0,bus-3-bus-4-i_6,-149.62352740080664
2020-08-07T10:00:00.0,bus-3-bus-4-i_6,-151.10567341550993
2020-08-07T11:00:00.0,bus-3-bus-4-i_6,-152.6396607370902
2020-08-07T12:00:00.0,bus-3-bus-4-i_6,-154.193615774327
2020-08-07T13:00:00.0,bus-3-bus-4-i_6,-156.23152327273652
2020-08-07T14:00:00.0,bus-3-bus-4-i_6,-158.18990394650615
2020-08-07T15:00:00.0,bus-3-bus-4-i_6,-159.3652499439778
2020-08-07T16:00:00.0,bus-3-bus-4-i_6,-159.34541692430182
2020-08-07T17:00:00.0,bus-3-bus-4-i_6,-158.13992461048062
2020-08-07T18:00:00.0,bus-3-bus-4-i_6,-156.50379063869914
2020-08-07T19:00:00.0,bus-3-bus-4-i_6,-156.39290942828205
2020-08-07T20:00:00.0,bus-3-bus-4-i_6,-154.04075612152442
2020-08-07T21:00:00.0,bus-3-bus-4-i_6,-151.52883443152493
2020-08-07T22:00:00.0,bus-3-bus-4-i_6,-174.22159306786932
2020-08-07T23:00:00.0,bus-3-bus-4-i_6,-93.48559243645484
2020-08-08T00:00:00.0,bus-3-bus-4-i_6,-70.3590572168205
2020-08-08T01:00:00.0,bus-3-bus-4-i_6,-69.95476380136196
2020-08-08T02:00:00.0,bus-3-bus-4-i_6,-69.6795090306152
2020-08-08T03:00:00.0,bus-3-bus-4-i_6,-69.51112786460155
2020-08-08T04:00:00.0,bus-3-bus-4-i_6,-68.24282105349727
2020-08-08T05:00:00.0,bus-3-bus-4-i_6,-69.23347700581877
2020-08-08T06:00:00.0,bus-3-bus-4-i_6,-69.74296364184957
2020-08-08T07:00:00.0,bus-3-bus-4-i_6,-70.69780855912447
2020-08-08T08:00:00.0,bus-3-bus-4-i_6,-175.11088854526128
2020-08-08T09:00:00.0,bus-3-bus-4-i_6,-151.21928548251384
2020-08-08T10:00:00.0,bus-3-bus-4-i_6,-153.75513013017476
2020-08-08T11:00:00.0,bus-3-bus-4-i_6,-156.26179260119252
2020-08-08T12:00:00.0,bus-3-bus-4-i_6,-158.0399276201104
2020-08-08T13:00:00.0,bus-3-bus-4-i_6,-159.9125845354995
2020-08-08T14:00:00.0,bus-3-bus-4-i_6,-170.94900637350514
2020-08-08T15:00:00.0,bus-3-bus-4-i_6,-170.28394822957128
2020-08-08T16:00:00.0,bus-3-bus-4-i_6,-170.35793954016967
2020-08-08T17:00:00.0,bus-3-bus-4-i_6,-159.38640732415524
2020-08-08T18:00:00.0,bus-3-bus-4-i_6,-158.6291577020309
2020-08-08T19:00:00.0,bus-3-bus-4-i_6,-157.84979394680443
2020-08-08T20:00:00.0,bus-3-bus-4-i_6,-155.43286979139745
2020-08-08T21:00:00.0,bus-3-bus-4-i_6,-152.5473042771453
2020-08-08T22:00:00.0,bus-3-bus-4-i_6,-149.32176674625345
2020-08-08T23:00:00.0,bus-3-bus-4-i_6,-150.94684775204578
2020-08-09T00:00:00.0,bus-3-bus-4-i_6,-70.42902056356581
2020-08-09T01:00:00.0,bus-3-bus-4-i_6,-69.98212034285322
2020-08-09T02:00:00.0,bus-3-bus-4-i_6,-69.63295237376263
2020-08-09T03:00:00.0,bus-3-bus-4-i_6,-69.41779445931203
2020-08-09T04:00:00.0,bus-3-bus-4-i_6,-69.29821900599285
2020-08-09T05:00:00.0,bus-3-bus-4-i_6,-69.06308820195326
2020-08-09T06:00:00.0,bus-3-bus-4-i_6,-69.47219526134339
2020-08-09T07:00:00.0,bus-3-bus-4-i_6,-70.24436426430174
2020-08-09T08:00:00.0,bus-3-bus-4-i_6,-167.00695535801066
2020-08-09T09:00:00.0,bus-3-bus-4-i_6,-150.5160527663656
2020-08-09T10:00:00.0,bus-3-bus-4-i_6,-154.183428481024
2020-08-09T11:00:00.0,bus-3-bus-4-i_6,-157.47901649093566
2020-08-09T12:00:00.0,bus-3-bus-4-i_6,-159.8489580935209
2020-08-09T13:00:00.0,bus-3-bus-4-i_6,-170.0619046284456
2020-08-09T14:00:00.0,bus-3-bus-4-i_6,-168.3068262197886
2020-08-09T15:00:00.0,bus-3-bus-4-i_6,-167.42301777471243
2020-08-09T16:00:00.0,bus-3-bus-4-i_6,-167.54700119982138
2020-08-09T17:00:00.0,bus-3-bus-4-i_6,-169.0326657127289
2020-08-09T18:00:00.0,bus-3-bus-4-i_6,-170.94085150842517
2020-08-09T19:00:00.0,bus-3-bus-4-i_6,-159.48822236306572
2020-08-09T20:00:00.0,bus-3-bus-4-i_6,-157.9799050779301
2020-08-09T21:00:00.0,bus-3-bus-4-i_6,-154.183428481024
2020-08-09T22:00:00.0,bus-3-bus-4-i_6,-150.44353975592745
2020-08-09T23:00:00.0,bus-3-bus-4-i_6,-167.06596095691592
2020-08-10T00:00:00.0,bus-3-bus-4-i_6,-70.62366916292851
2020-08-10T01:00:00.0,bus-3-bus-4-i_6,-70.15644526192276
2020-08-10T02:00:00.0,bus-3-bus-4-i_6,-69.85740771750297
2020-08-10T03:00:00.0,bus-3-bus-4-i_6,-69.81254396989692
2020-08-10T04:00:00.0,bus-3-bus-4-i_6,-69.81650500325418
2020-08-10T05:00:00.0,bus-3-bus-4-i_6,-69.78023706199954
2020-08-10T06:00:00.0,bus-3-bus-4-i_6,-70.39895008692119
2020-08-10T07:00:00.0,bus-3-bus-4-i_6,-168.36462702188214
2020-08-10T08:00:00.0,bus-3-bus-4-i_6,-151.27090672743907
2020-08-10T09:00:00.0,bus-3-bus-4-i_6,-154.7734997847866
2020-08-10T10:00:00.0,bus-3-bus-4-i_6,-158.2798342728509
2020-08-10T11:00:00.0,bus-3-bus-4-i_6,-168.67791183086504
2020-08-10T12:00:00.0,bus-3-bus-4-i_6,-169.34574863533678
2020-08-10T13:00:00.0,bus-3-bus-4-i_6,-167.6296422766673
2020-08-10T14:00:00.0,bus-3-bus-4-i_6,-166.43030992895012
2020-08-10T15:00:00.0,bus-3-bus-4-i_6,-165.94206942403525
2020-08-10T16:00:00.0,bus-3-bus-4-i_6,-166.2813161527974
2020-08-10T17:00:00.0,bus-3-bus-4-i_6,-167.86097391491631
2020-08-10T18:00:00.0,bus-3-bus-4-i_6,-169.68337903148802
2020-08-10T19:00:00.0,bus-3-bus-4-i_6,-163.44622176423346
2020-08-10T20:00:00.0,bus-3-bus-4-i_6,-157.29839383952552
2020-08-10T21:00:00.0,bus-3-bus-4-i_6,-153.029184195345
2020-08-10T22:00:00.0,bus-3-bus-4-i_6,-149.25925516665853
2020-08-10T23:00:00.0,bus-3-bus-4-i_6,-97.46015268540368
2020-08-11T00:00:00.0,bus-3-bus-4-i_6,-70.42803309831707
2020-08-11T01:00:00.0,bus-3-bus-4-i_6,-70.01474955855392
2020-08-11T02:00:00.0,bus-3-bus-4-i_6,-69.71530882041414
2020-08-11T03:00:00.0,bus-3-bus-4-i_6,-69.62749436538631
2020-08-11T04:00:00.0,bus-3-bus-4-i_6,-69.62204041316
2020-08-11T05:00:00.0,bus-3-bus-4-i_6,-69.57313731577403
2020-08-11T06:00:00.0,bus-3-bus-4-i_6,-70.13605471722704
2020-08-11T07:00:00.0,bus-3-bus-4-i_6,-151.37822436618342
2020-08-11T08:00:00.0,bus-3-bus-4-i_6,-149.9248904373638
2020-08-11T09:00:00.0,bus-3-bus-4-i_6,-153.41801821009975
2020-08-11T10:00:00.0,bus-3-bus-4-i_6,-157.10756430827618
2020-08-11T11:00:00.0,bus-3-bus-4-i_6,-163.741199128084
2020-08-11T12:00:00.0,bus-3-bus-4-i_6,-168.5048729000858
2020-08-11T13:00:00.0,bus-3-bus-4-i_6,-165.97515065744065
2020-08-11T14:00:00.0,bus-3-bus-4-i_6,-166.15161937804004
2020-08-11T15:00:00.0,bus-3-bus-4-i_6,-166.8439771818435
2020-08-11T16:00:00.0,bus-3-bus-4-i_6,-166.7486722144684
2020-08-11T17:00:00.0,bus-3-bus-4-i_6,-165.84075517974262
2020-08-11T18:00:00.0,bus-3-bus-4-i_6,-166.19855747364065
2020-08-11T19:00:00.0,bus-3-bus-4-i_6,-167.1170854423192
2020-08-11T20:00:00.0,bus-3-bus-4-i_6,-170.49766668652612
2020-08-11T21:00:00.0,bus-3-bus-4-i_6,-157.71959823789254
2020-08-11T22:00:00.0,bus-3-bus-4-i_6,-153.33621572698678
2020-08-11T23:00:00.0,bus-3-bus-4-i_6,-149.89373373342272
2020-08-12T00:00:00.0,bus-3-bus-4-i_6,-167.00695535801066
2020-08-12T01:00:00.0,bus-3-bus-4-i_6,-71.5252198361042
2020-08-12T02:00:00.0,bus-3-bus-4-i_6,-70.5501690534411
2020-08-12T03:00:00.0,bus-3-bus-4-i_6,-70.45913271887596
2020-08-12T04:00:00.0,bus-3-bus-4-i_6,-70.48331927861504
2020-08-12T05:00:00.0,bus-3-bus-4-i_6,-70.41996800062398
2020-08-12T06:00:00.0,bus-3-bus-4-i_6,-98.57268893972856
2020-08-12T07:00:00.0,bus-3-bus-4-i_6,-149.56112706001966
2020-08-12T08:00:00.0,bus-3-bus-4-i_6,-153.48957029777645
2020-08-12T09:00:00.0,bus-3-bus-4-i_6,-157.07741722894838
2020-08-12T10:00:00.0,bus-3-bus-4-i_6,-159.30996198265728
2020-08-12T11:00:00.0,bus-3-bus-4-i_6,-168.61211808901
2020-08-12T12:00:00.0,bus-3-bus-4-i_6,-166.148901115539
2020-08-12T13:00:00.0,bus-3-bus-4-i_6,-166.59619761672815
2020-08-12T14:00:00.0,bus-3-bus-4-i_6,-167.66374379617886
2020-08-12T15:00:00.0,bus-3-bus-4-i_6,-167.8734755551539
2020-08-12T16:00:00.0,bus-3-bus-4-i_6,-167.21253005486406
2020-08-12T17:00:00.0,bus-3-bus-4-i_6,-165.73941642252322
2020-08-12T18:00:00.0,bus-3-bus-4-i_6,-166.32270879657983
2020-08-12T19:00:00.0,bus-3-bus-4-i_6,-166.78617326585413
2020-08-12T20:00:00.0,bus-3-bus-4-i_6,-169.53517159898556
2020-08-12T21:00:00.0,bus-3-bus-4-i_6,-159.68147300632728
2020-08-12T22:00:00.0,bus-3-bus-4-i_6,-155.7061652948776
2020-08-12T23:00:00.0,bus-3-bus-4-i_6,-152.05408403796642
2020-08-13T00:00:00.0,bus-3-bus-4-i_6,-149.4674967662463
2020-08-13T01:00:00.0,bus-3-bus-4-i_6,-169.84166033544693
2020-08-13T02:00:00.0,bus-3-bus-4-i_6,-152.34311394499053
2020-08-13T03:00:00.0,bus-3-bus-4-i_6,-97.46015268540368
2020-08-13T04:00:00.0,bus-3-bus-4-i_6,-97.98231055525682
2020-08-13T05:00:00.0,bus-3-bus-4-i_6,-93.7973654152025
2020-08-13T06:00:00.0,bus-3-bus-4-i_6,-173.45127740964878
2020-08-13T07:00:00.0,bus-3-bus-4-i_6,-152.11579661906867
2020-08-13T08:00:00.0,bus-3-bus-4-i_6,-155.5847439125686
2020-08-13T09:00:00.0,bus-3-bus-4-i_6,-158.81850700862321
2020-08-13T10:00:00.0,bus-3-bus-4-i_6,-170.60448300772154
2020-08-13T11:00:00.0,bus-3-bus-4-i_6,-167.62137869697017
2020-08-13T12:00:00.0,bus-3-bus-4-i_6,-165.59561239443187
2020-08-13T13:00:00.0,bus-3-bus-4-i_6,-165.49993827917055
2020-08-13T14:00:00.0,bus-3-bus-4-i_6,-165.77106905799548
2020-08-13T15:00:00.0,bus-3-bus-4-i_6,-165.9992968835299
2020-08-13T16:00:00.0,bus-3-bus-4-i_6,-165.71410778159836
2020-08-13T17:00:00.0,bus-3-bus-4-i_6,-166.19855747364065
2020-08-13T18:00:00.0,bus-3-bus-4-i_6,-167.2493984594582
2020-08-13T19:00:00.0,bus-3-bus-4-i_6,-167.00956241755165
2020-08-13T20:00:00.0,bus-3-bus-4-i_6,-169.4116427373506
2020-08-13T21:00:00.0,bus-3-bus-4-i_6,-159.9201053945694
2020-08-13T22:00:00.0,bus-3-bus-4-i_6,-156.23152327273652
2020-08-13T23:00:00.0,bus-3-bus-4-i_6,-153.1111012850471
2020-08-14T00:00:00.0,bus-3-bus-4-i_6,-150.65066366661685
2020-08-14T01:00:00.0,bus-3-bus-4-i_6,-174.69582192125335
2020-08-14T02:00:00.0,bus-3-bus-4-i_6,-166.6528953228572
2020-08-14T03:00:00.0,bus-3-bus-4-i_6,-153.6845829366432
2020-08-14T04:00:00.0,bus-3-bus-4-i_6,-154.38277364675494
2020-08-14T05:00:00.0,bus-3-bus-4-i_6,-152.07500925345246
2020-08-14T06:00:00.0,bus-3-bus-4-i_6,-174.10305775110615
2020-08-14T07:00:00.0,bus-3-bus-4-i_6,-152.30083147187594
2020-08-14T08:00:00.0,bus-3-bus-4-i_6,-155.97910999088506
2020-08-14T09:00:00.0,bus-3-bus-4-i_6,-159.44453855655007
2020-08-14T10:00:00.0,bus-3-bus-4-i_6,-170.20172183280852
2020-08-14T11:00:00.0,bus-3-bus-4-i_6,-167.54700119982138
2020-08-14T12:00:00.0,bus-3-bus-4-i_6,-165.6202433308942
2020-08-14T13:00:00.0,bus-3-bus-4-i_6,-166.43104322476674
2020-08-14T14:00:00.0,bus-3-bus-4-i_6,-167.06001901655307
2020-08-14T15:00:00.0,bus-3-bus-4-i_6,-167.26336866394976
2020-08-14T16:00:00.0,bus-3-bus-4-i_6,-166.50726409320384
2020-08-14T17:00:00.0,bus-3-bus-4-i_6,-165.5874105882238
2020-08-14T18:00:00.0,bus-3-bus-4-i_6,-167.3238126854419
2020-08-14T19:00:00.0,bus-3-bus-4-i_6,-168.37284533525622
2020-08-14T20:00:00.0,bus-3-bus-4-i_6,-171.01186976523914
2020-08-14T21:00:00.0,bus-3-bus-4-i_6,-158.34975100255173
2020-08-14T22:00:00.0,bus-3-bus-4-i_6,-154.70236982311906
2020-08-14T23:00:00.0,bus-3-bus-4-i_6,-151.44632993052954
2020-08-15T00:00:00.0,bus-3-bus-4-i_6,-175.82267234039824
2020-08-15T01:00:00.0,bus-3-bus-4-i_6,-153.30881259640714
2020-08-15T02:00:00.0,bus-3-bus-4-i_6,-70.80511005802398
2020-08-15T03:00:00.0,bus-3-bus-4-i_6,-70.57460201210762
2020-08-15T04:00:00.0,bus-3-bus-4-i_6,-70.45913271887596
2020-08-15T05:00:00.0,bus-3-bus-4-i_6,-70.2149802528723
2020-08-15T06:00:00.0,bus-3-bus-4-i_6,-70.69780855912447
2020-08-15T07:00:00.0,bus-3-bus-4-i_6,-70.60830627524055
2020-08-15T08:00:00.0,bus-3-bus-4-i_6,-151.99235427718466
2020-08-15T09:00:00.0,bus-3-bus-4-i_6,-155.14908213410098
2020-08-15T10:00:00.0,bus-3-bus-4-i_6,-157.90985579021896
2020-08-15T11:00:00.0,bus-3-bus-4-i_6,-159.7077153065178
2020-08-15T12:00:00.0,bus-3-bus-4-i_6,-170.62912804537768
2020-08-15T13:00:00.0,bus-3-bus-4-i_6,-168.653361663286
2020-08-15T14:00:00.0,bus-3-bus-4-i_6,-167.52220659138953
2020-08-15T15:00:00.0,bus-3-bus-4-i_6,-166.95165903643456
2020-08-15T16:00:00.0,bus-3-bus-4-i_6,-167.73705798903399
2020-08-15T17:00:00.0,bus-3-bus-4-i_6,-169.69985633222046
2020-08-15T18:00:00.0,bus-3-bus-4-i_6,-160.93779140788138
2020-08-15T19:00:00.0,bus-3-bus-4-i_6,-159.84687062349946
2020-08-15T20:00:00.0,bus-3-bus-4-i_6,-156.76564055566482
2020-08-15T21:00:00.0,bus-3-bus-4-i_6,-153.78575083262947
2020-08-15T22:00:00.0,bus-3-bus-4-i_6,-150.60925963887405
2020-08-15T23:00:00.0,bus-3-bus-4-i_6,-169.48697878920643
2020-08-16T00:00:00.0,bus-3-bus-4-i_6,-72.82627413109897
2020-08-16T01:00:00.0,bus-3-bus-4-i_6,-70.32729245454588
2020-08-16T02:00:00.0,bus-3-bus-4-i_6,-69.98612940433802
2020-08-16T03:00:00.0,bus-3-bus-4-i_6,-69.76793959812314
2020-08-16T04:00:00.0,bus-3-bus-4-i_6,-69.64388052409726
2020-08-16T05:00:00.0,bus-3-bus-4-i_6,-69.32308985166317
2020-08-16T06:00:00.0,bus-3-bus-4-i_6,-69.73306721766895
2020-08-16T07:00:00.0,bus-3-bus-4-i_6,-70.64433682489707
2020-08-16T08:00:00.0,bus-3-bus-4-i_6,-173.33279190529262
2020-08-16T09:00:00.0,bus-3-bus-4-i_6,-152.07465681236957
2020-08-16T10:00:00.0,bus-3-bus-4-i_6,-155.87806031544326
2020-08-16T11:00:00.0,bus-3-bus-4-i_6,-159.76969156331577
2020-08-16T12:00:00.0,bus-3-bus-4-i_6,-170.44013763890052
2020-08-16T13:00:00.0,bus-3-bus-4-i_6,-169.0079110215147
2020-08-16T14:00:00.0,bus-3-bus-4-i_6,-168.42235761031404
2020-08-16T15:00:00.0,bus-3-bus-4-i_6,-167.64616908091136
2020-08-16T16:00:00.0,bus-3-bus-4-i_6,-167.9022731477051
2020-08-16T17:00:00.0,bus-3-bus-4-i_6,-168.9831826514879
2020-08-16T18:00:00.0,bus-3-bus-4-i_6,-170.21816825937188
2020-08-16T19:00:00.0,bus-3-bus-4-i_6,-170.7276848105729
2020-08-16T20:00:00.0,bus-3-bus-4-i_6,-158.698942245426
2020-08-16T21:00:00.0,bus-3-bus-4-i_6,-155.1896462840401
2020-08-16T22:00:00.0,bus-3-bus-4-i_6,-151.3225160739002
2020-08-16T23:00:00.0,bus-3-bus-4-i_6,-174.57725165413746
2020-08-17T00:00:00.0,bus-3-bus-4-i_6,-153.30881259640714
2020-08-17T01:00:00.0,bus-3-bus-4-i_6,-71.15561268086586
2020-08-17T02:00:00.0,bus-3-bus-4-i_6,-70.52580097664239
2020-08-17T03:00:00.0,bus-3-bus-4-i_6,-70.39298329778552
2020-08-17T04:00:00.0,bus-3-bus-4-i_6,-70.47121796587732
2020-08-17T05:00:00.0,bus-3-bus-4-i_6,-70.41098381575486
2020-08-17T06:00:00.0,bus-3-bus-4-i_6,-151.27105862277838
2020-08-17T07:00:00.0,bus-3-bus-4-i_6,-150.1739903397948
2020-08-17T08:00:00.0,bus-3-bus-4-i_6,-150.1843635654109
2020-08-17T09:00:00.0,bus-3-bus-4-i_6,-158.029925147114
2020-08-17T10:00:00.0,bus-3-bus-4-i_6,-170.82618379039602
2020-08-17T11:00:00.0,bus-3-bus-4-i_6,-168.22428537747678
2020-08-17T12:00:00.0,bus-3-bus-4-i_6,-166.39720204847075
2020-08-17T13:00:00.0,bus-3-bus-4-i_6,-165.49993827917055
2020-08-17T14:00:00.0,bus-3-bus-4-i_6,-166.32943058453762
2020-08-17T15:00:00.0,bus-3-bus-4-i_6,-166.2468568961362
2020-08-17T16:00:00.0,bus-3-bus-4-i_6,-165.82808067819144
2020-08-17T17:00:00.0,bus-3-bus-4-i_6,-165.92553139645082
2020-08-17T18:00:00.0,bus-3-bus-4-i_6,-167.1997841691967
2020-08-17T19:00:00.0,bus-3-bus-4-i_6,-168.1830101810701
2020-08-17T20:00:00.0,bus-3-bus-4-i_6,-160.31181760294277
2020-08-17T21:00:00.0,bus-3-bus-4-i_6,-157.20802290970587
2020-08-17T22:00:00.0,bus-3-bus-4-i_6,-153.36689524142466
2020-08-17T23:00:00.0,bus-3-bus-4-i_6,-149.84179392603406
2020-08-18T00:00:00.0,bus-3-bus-4-i_6,-168.246453777713
2020-08-18T01:00:00.0,bus-3-bus-4-i_6,-70.82912559081427
2020-08-18T02:00:00.0,bus-3-bus-4-i_6,-70.46215248567138
2020-08-18T03:00:00.0,bus-3-bus-4-i_6,-70.2916388649183
2020-08-18T04:00:00.0,bus-3-bus-4-i_6,-70.36503385384046
2020-08-18T05:00:00.0,bus-3-bus-4-i_6,-70.33917137575887
2020-08-18T06:00:00.0,bus-3-bus-4-i_6,-92.79986848412678
2020-08-18T07:00:00.0,bus-3-bus-4-i_6,-164.15147458612802
2020-08-18T08:00:00.0,bus-3-bus-4-i_6,-152.49597842462822
2020-08-18T09:00:00.0,bus-3-bus-4-i_6,-155.69604949069148
2020-08-18T10:00:00.0,bus-3-bus-4-i_6,-158.99768612112882
2020-08-18T11:00:00.0,bus-3-bus-4-i_6,-170.68662457144734
2020-08-18T12:00:00.0,bus-3-bus-4-i_6,-168.74408310278648
2020-08-18T13:00:00.0,bus-3-bus-4-i_6,-166.7448001120076
2020-08-18T14:00:00.0,bus-3-bus-4-i_6,-165.43337342148146
2020-08-18T15:00:00.0,bus-3-bus-4-i_6,-165.65722228415896
2020-08-18T16:00:00.0,bus-3-bus-4-i_6,-165.3142266167033
2020-08-18T17:00:00.0,bus-3-bus-4-i_6,-167.1667059094049
2020-08-18T18:00:00.0,bus-3-bus-4-i_6,-168.67810515085725
2020-08-18T19:00:00.0,bus-3-bus-4-i_6,-169.81507218805953
2020-08-18T20:00:00.0,bus-3-bus-4-i_6,-159.24614916711656
2020-08-18T21:00:00.0,bus-3-bus-4-i_6,-155.11865398089287
2020-08-18T22:00:00.0,bus-3-bus-4-i_6,-151.36379498348776
2020-08-18T23:00:00.0,bus-3-bus-4-i_6,-173.0958604425667
2020-08-19T00:00:00.0,bus-3-bus-4-i_6,-95.30211179554857
2020-08-19T01:00:00.0,bus-3-bus-4-i_6,-70.57982822843324
2020-08-19T02:00:00.0,bus-3-bus-4-i_6,-70.22378946300654
2020-08-19T03:00:00.0,bus-3-bus-4-i_6,-70.10411230490917
2020-08-19T04:00:00.0,bus-3-bus-4-i_6,-70.14478371744876
2020-08-19T05:00:00.0,bus-3-bus-4-i_6,-70.1157179931294
2020-08-19T06:00:00.0,bus-3-bus-4-i_6,-70.71023645023394
2020-08-19T07:00:00.0,bus-3-bus-4-i_6,-173.51051338951189
2020-08-19T08:00:00.0,bus-3-bus-4-i_6,-151.75556464547572
2020-08-19T09:00:00.0,bus-3-bus-4-i_6,-155.14908213410098
2020-08-19T10:00:00.0,bus-3-bus-4-i_6,-158.5792948533574
2020-08-19T11:00:00.0,bus-3-bus-4-i_6,-168.9638327924258
2020-08-19T12:00:00.0,bus-3-bus-4-i_6,-169.2139356462339
2020-08-19T13:00:00.0,bus-3-bus-4-i_6,-167.4643484530667
2020-08-19T14:00:00.0,bus-3-bus-4-i_6,-166.148901115539
2020-08-19T15:00:00.0,bus-3-bus-4-i_6,-165.85113833816987
2020-08-19T16:00:00.0,bus-3-bus-4-i_6,-166.5544601964669
2020-08-19T17:00:00.0,bus-3-bus-4-i_6,-168.8677684303486
2020-08-19T18:00:00.0,bus-3-bus-4-i_6,-170.69483726333993
2020-08-19T19:00:00.0,bus-3-bus-4-i_6,-159.38640732415524
2020-08-19T20:00:00.0,bus-3-bus-4-i_6,-157.0975157622926
2020-08-19T21:00:00.0,bus-3-bus-4-i_6,-153.48957029777645
2020-08-19T22:00:00.0,bus-3-bus-4-i_6,-150.12211417590714
2020-08-19T23:00:00.0,bus-3-bus-4-i_6,-155.082430248756
2020-08-20T00:00:00.0,bus-3-bus-4-i_6,-70.62982198897002
2020-08-20T01:00:00.0,bus-3-bus-4-i_6,-70.13896457305347
2020-08-20T02:00:00.0,bus-3-bus-4-i_6,-69.83330159817365
2020-08-20T03:00:00.0,bus-3-bus-4-i_6,-69.70272033547636
2020-08-20T04:00:00.0,bus-3-bus-4-i_6,-69.74413975135292
2020-08-20T05:00:00.0,bus-3-bus-4-i_6,-69.70272033547636
2020-08-20T06:00:00.0,bus-3-bus-4-i_6,-70.19734737844408
2020-08-20T07:00:00.0,bus-3-bus-4-i_6,-151.6461713156919
2020-08-20T08:00:00.0,bus-3-bus-4-i_6,-149.4674967662463
2020-08-20T09:00:00.0,bus-3-bus-4-i_6,-152.44464064824905
2020-08-20T10:00:00.0,bus-3-bus-4-i_6,-155.16936516927595
2020-08-20T11:00:00.0,bus-3-bus-4-i_6,-157.66950055493288
2020-08-20T12:00:00.0,bus-3-bus-4-i_6,-159.6520010763612
2020-08-20T13:00:00.0,bus-3-bus-4-i_6,-170.80156724329726
2020-08-20T14:00:00.0,bus-3-bus-4-i_6,-169.37045991037195
2020-08-20T15:00:00.0,bus-3-bus-4-i_6,-168.74408310278648
2020-08-20T16:00:00.0,bus-3-bus-4-i_6,-169.1892175265509
2020-08-20T17:00:00.0,bus-3-bus-4-i_6,-170.94900637350514
2020-08-20T18:00:00.0,bus-3-bus-4-i_6,-159.63231469782232
2020-08-20T19:00:00.0,bus-3-bus-4-i_6,-158.1799091058411
2020-08-20T20:00:00.0,bus-3-bus-4-i_6,-154.50918433899412
2020-08-20T21:00:00.0,bus-3-bus-4-i_6,-150.85760374320333
2020-08-20T22:00:00.0,bus-3-bus-4-i_6,-167.06596095691592
2020-08-20T23:00:00.0,bus-3-bus-4-i_6,-70.39598099574143
2020-08-21T00:00:00.0,bus-3-bus-4-i_6,-69.80974859378904
2020-08-21T01:00:00.0,bus-3-bus-4-i_6,-69.43636179854444
2020-08-21T02:00:00.0,bus-3-bus-4-i_6,-69.2091240646865
2020-08-21T03:00:00.0,bus-3-bus-4-i_6,-69.09831620847191
2020-08-21T04:00:00.0,bus-3-bus-4-i_6,-69.14390097484633
2020-08-21T05:00:00.0,bus-3-bus-4-i_6,-69.14390097484633
2020-08-21T06:00:00.0,bus-3-bus-4-i_6,-69.53654202724111
2020-08-21T07:00:00.0,bus-3-bus-4-i_6,-70.21791533402322
2020-08-21T08:00:00.0,bus-3-bus-4-i_6,-95.67853171867692
2020-08-21T09:00:00.0,bus-3-bus-4-i_6,-173.86601298585046
2020-08-21T10:00:00.0,bus-3-bus-4-i_6,-151.18830702472445
2020-08-21T11:00:00.0,bus-3-bus-4-i_6,-154.72269507273256
2020-08-21T12:00:00.0,bus-3-bus-4-i_6,-157.61939047056126
2020-08-21T13:00:00.0,bus-3-bus-4-i_6,-159.41187971090142
2020-08-21T14:00:00.0,bus-3-bus-4-i_6,-170.08658116297903
2020-08-21T15:00:00.0,bus-3-bus-4-i_6,-169.26336948257205
2020-08-21T16:00:00.0,bus-3-bus-4-i_6,-169.559868945921
2020-08-21T17:00:00.0,bus-3-bus-4-i_6,-168.67791183086504
2020-08-21T18:00:00.0,bus-3-bus-4-i_6,-159.9116400708466
2020-08-21T19:00:00.0,bus-3-bus-4-i_6,-158.159917883626
2020-08-21T20:00:00.0,bus-3-bus-4-i_6,-155.2707515134359
2020-08-21T21:00:00.0,bus-3-bus-4-i_6,-152.1055123765767
2020-08-21T22:00:00.0,bus-3-bus-4-i_6,-176.29737113640306
2020-08-21T23:00:00.0,bus-3-bus-4-i_6,-92.34711045653583
2020-08-22T00:00:00.0,bus-3-bus-4-i_6,-70.37400640720679
2020-08-22T01:00:00.0,bus-3-bus-4-i_6,-69.91216602867493
2020-08-22T02:00:00.0,bus-3-bus-4-i_6,-69.64935069085251
2020-08-22T03:00:00.0,bus-3-bus-4-i_6,-69.4709757834126
2020-08-22T04:00:00.0,bus-3-bus-4-i_6,-69.42309435286728
2020-08-22T05:00:00.0,bus-3-bus-4-i_6,-69.25550918665172
2020-08-22T06:00:00.0,bus-3-bus-4-i_6,-69.6795090306152
2020-08-22T07:00:00.0,bus-3-bus-4-i_6,-70.58990622311327
2020-08-22T08:00:00.0,bus-3-bus-4-i_6,-172.85903314592807
2020-08-22T09:00:00.0,bus-3-bus-4-i_6,-151.74526372640295
2020-08-22T10:00:00.0,bus-3-bus-4-i_6,-155.1287971786686
2020-08-22T11:00:00.0,bus-3-bus-4-i_6,-158.47952801858733
2020-08-22T12:00:00.0,bus-3-bus-4-i_6,-163.44622176423346
2020-08-22T13:00:00.0,bus-3-bus-4-i_6,-169.09857201082312
2020-08-22T14:00:00.0,bus-3-bus-4-i_6,-167.48087992476675
2020-08-22T15:00:00.0,bus-3-bus-4-i_6,-166.8275443213223
2020-08-22T16:00:00.0,bus-3-bus-4-i_6,-167.13362599930798
2020-08-22T17:00:00.0,bus-3-bus-4-i_6,-168.87601316576905
2020-08-22T18:00:00.0,bus-3-bus-4-i_6,-170.292170077008
2020-08-22T19:00:00.0,bus-3-bus-4-i_6,-161.36627840406427
2020-08-22T20:00:00.0,bus-3-bus-4-i_6,-157.869816566532
2020-08-22T21:00:00.0,bus-3-bus-4-i_6,-154.4786655786088
2020-08-22T22:00:00.0,bus-3-bus-4-i_6,-150.9506632683803
2020-08-22T23:00:00.0,bus-3-bus-4-i_6,-169.01435386772133
2020-08-23T00:00:00.0,bus-3-bus-4-i_6,-70.69780855912447
2020-08-23T01:00:00.0,bus-3-bus-4-i_6,-70.16811827400345
2020-08-23T02:00:00.0,bus-3-bus-4-i_6,-69.79416607998023
2020-08-23T03:00:00.0,bus-3-bus-4-i_6,-69.57703985608524
2020-08-23T04:00:00.0,bus-3-bus-4-i_6,-69.45497881417369
2020-08-23T05:00:00.0,bus-3-bus-4-i_6,-69.15916879461568
2020-08-23T06:00:00.0,bus-3-bus-4-i_6,-69.5138127821243
2020-08-23T07:00:00.0,bus-3-bus-4-i_6,-70.3590572168205
2020-08-23T08:00:00.0,bus-3-bus-4-i_6,-167.83315860169498
2020-08-23T09:00:00.0,bus-3-bus-4-i_6,-151.21928548251384
2020-08-23T10:00:00.0,bus-3-bus-4-i_6,-155.0780763898694
2020-08-23T11:00:00.0,bus-3-bus-4-i_6,-159.15675220858762
2020-08-23T12:00:00.0,bus-3-bus-4-i_6,-170.40726028102685
2020-08-23T13:00:00.0,bus-3-bus-4-i_6,-168.0096367691692
2020-08-23T14:00:00.0,bus-3-bus-4-i_6,-166.32270879657983
2020-08-23T15:00:00.0,bus-3-bus-4-i_6,-165.53015859729365
2020-08-23T16:00:00.0,bus-3-bus-4-i_6,-165.71908834344288
2020-08-23T17:00:00.0,bus-3-bus-4-i_6,-167.58005902867194
2020-08-23T18:00:00.0,bus-3-bus-4-i_6,-169.36222292170214
2020-08-23T19:00:00.0,bus-3-bus-4-i_6,-159.3948991886065
2020-08-23T20:00:00.0,bus-3-bus-4-i_6,-158.5792948533574
2020-08-23T21:00:00.0,bus-3-bus-4-i_6,-154.73285695583004
2020-08-23T22:00:00.0,bus-3-bus-4-i_6,-150.85760374320333
2020-08-23T23:00:00.0,bus-3-bus-4-i_6,-169.7824835287361
2020-08-24T00:00:00.0,bus-3-bus-4-i_6,-70.80178193150704
2020-08-24T01:00:00.0,bus-3-bus-4-i_6,-70.2965470118253
2020-08-24T02:00:00.0,bus-3-bus-4-i_6,-69.97756318272579
2020-08-24T03:00:00.0,bus-3-bus-4-i_6,-69.89521994108463
2020-08-24T04:00:00.0,bus-3-bus-4-i_6,-69.96214850196166
2020-08-24T05:00:00.0,bus-3-bus-4-i_6,-69.92349688096382
2020-08-24T06:00:00.0,bus-3-bus-4-i_6,-70.52884485636204
2020-08-24T07:00:00.0,bus-3-bus-4-i_6,-170.3145292704577
2020-08-24T08:00:00.0,bus-3-bus-4-i_6,-151.8379548495127
2020-08-24T09:00:00.0,bus-3-bus-4-i_6,-155.61510575817766
2020-08-24T10:00:00.0,bus-3-bus-4-i_6,-159.8563415532877
2020-08-24T11:00:00.0,bus-3-bus-4-i_6,-168.71934216098384
2020-08-24T12:00:00.0,bus-3-bus-4-i_6,-166.0826996429539
2020-08-24T13:00:00.0,bus-3-bus-4-i_6,-166.16431639195463
2020-08-24T14:00:00.0,bus-3-bus-4-i_6,-166.92022479954193
2020-08-24T15:00:00.0,bus-3-bus-4-i_6,-166.64066738246214
2020-08-24T16:00:00.0,bus-3-bus-4-i_6,-166.10718346989552
2020-08-24T17:00:00.0,bus-3-bus-4-i_6,-165.54648246746
2020-08-24T18:00:00.0,bus-3-bus-4-i_6,-166.5544601964669
2020-08-24T19:00:00.0,bus-3-bus-4-i_6,-168.06742318854592
2020-08-24T20:00:00.0,bus-3-bus-4-i_6,-160.96081358568463
2020-08-24T21:00:00.0,bus-3-bus-4-i_6,-156.86626472917462
2020-08-24T22:00:00.0,bus-3-bus-4-i_6,-152.64992018322738
2020-08-24T23:00:00.0,bus-3-bus-4-i_6,-154.6761373853088
2020-08-25T00:00:00.0,bus-3-bus-4-i_6,-154.49022698395868
2020-08-25T01:00:00.0,bus-3-bus-4-i_6,-70.76969596654612
2020-08-25T02:00:00.0,bus-3-bus-4-i_6,-70.48331927861504
2020-08-25T03:00:00.0,bus-3-bus-4-i_6,-70.34413334860045
2020-08-25T04:00:00.0,bus-3-bus-4-i_6,-70.48029240427068
2020-08-25T05:00:00.0,bus-3-bus-4-i_6,-70.51972133720588
2020-08-25T06:00:00.0,bus-3-bus-4-i_6,-152.34311394499053
2020-08-25T07:00:00.0,bus-3-bus-4-i_6,-150.02871242917405
2020-08-25T08:00:00.0,bus-3-bus-4-i_6,-154.24454506058441
2020-08-25T09:00:00.0,bus-3-bus-4-i_6,-158.159917883626
2020-08-25T10:00:00.0,bus-3-bus-4-i_6,-159.75994280864725
2020-08-25T11:00:00.0,bus-3-bus-4-i_6,-167.1997841691967
2020-08-25T12:00:00.0,bus-3-bus-4-i_6,-165.7837345815222
2020-08-25T13:00:00.0,bus-3-bus-4-i_6,-167.37775800993236
2020-08-25T14:00:00.0,bus-3-bus-4-i_6,-168.6870266776758
2020-08-25T15:00:00.0,bus-3-bus-4-i_6,-168.8777098165641
2020-08-25T16:00:00.0,bus-3-bus-4-i_6,-168.0196557291461
2020-08-25T17:00:00.0,bus-3-bus-4-i_6,-166.43739463791115
2020-08-25T18:00:00.0,bus-3-bus-4-i_6,-165.7077828104963
2020-08-25T19:00:00.0,bus-3-bus-4-i_6,-165.66136378333997
2020-08-25T20:00:00.0,bus-3-bus-4-i_6,-168.52137366431288
2020-08-25T21:00:00.0,bus-3-bus-4-i_6,-159.3694209733342
2020-08-25T22:00:00.0,bus-3-bus-4-i_6,-156.6851062456295
2020-08-25T23:00:00.0,bus-3-bus-4-i_6,-153.00870014265521
2020-08-26T00:00:00.0,bus-3-bus-4-i_6,-150.40209152080885
2020-08-26T01:00:00.0,bus-3-bus-4-i_6,-174.22159306786932
2020-08-26T02:00:00.0,bus-3-bus-4-i_6,-166.53498286161232
2020-08-26T03:00:00.0,bus-3-bus-4-i_6,-152.6649225741978
2020-08-26T04:00:00.0,bus-3-bus-4-i_6,-153.89936464753023
2020-08-26T05:00:00.0,bus-3-bus-4-i_6,-153.89936464753856
2020-08-26T06:00:00.0,bus-3-bus-4-i_6,-176.06000571450738
2020-08-26T07:00:00.0,bus-3-bus-4-i_6,-152.46517718958944
2020-08-26T08:00:00.0,bus-3-bus-4-i_6,-155.97910999088506
2020-08-26T09:00:00.0,bus-3-bus-4-i_6,-159.87504845505018
2020-08-26T10:00:00.0,bus-3-bus-4-i_6,-169.31279850830637
2020-08-26T11:00:00.0,bus-3-bus-4-i_6,-166.12407445619272
2020-08-26T12:00:00.0,bus-3-bus-4-i_6,-166.53902505182464
2020-08-26T13:00:00.0,bus-3-bus-4-i_6,-167.6891654767611
2020-08-26T14:00:00.0,bus-3-bus-4-i_6,-168.50905758773905
2020-08-26T15:00:00.0,bus-3-bus-4-i_6,-168.78236803862893
2020-08-26T16:00:00.0,bus-3-bus-4-i_6,-168.22304082802128
2020-08-26T17:00:00.0,bus-3-bus-4-i_6,-166.61525585689319
2020-08-26T18:00:00.0,bus-3-bus-4-i_6,-165.6193643021165
2020-08-26T19:00:00.0,bus-3-bus-4-i_6,-166.0165102611683
2020-08-26T20:00:00.0,bus-3-bus-4-i_6,-168.95027259394473
2020-08-26T21:00:00.0,bus-3-bus-4-i_6,-159.86517606189787
2020-08-26T22:00:00.0,bus-3-bus-4-i_6,-156.42315556264822
2020-08-26T23:00:00.0,bus-3-bus-4-i_6,-152.96772630835358
2020-08-27T00:00:00.0,bus-3-bus-4-i_6,-150.4849803863362
2020-08-27T01:00:00.0,bus-3-bus-4-i_6,-173.74750587567053
2020-08-27T02:00:00.0,bus-3-bus-4-i_6,-154.75891311991435
2020-08-27T03:00:00.0,bus-3-bus-4-i_6,-151.163894121325
2020-08-27T04:00:00.0,bus-3-bus-4-i_6,-152.50400685049934
2020-08-27T05:00:00.0,bus-3-bus-4-i_6,-152.2358645267855
2020-08-27T06:00:00.0,bus-3-bus-4-i_6,-174.81440088400245
2020-08-27T07:00:00.0,bus-3-bus-4-i_6,-152.23917034936116
2020-08-27T08:00:00.0,bus-3-bus-4-i_6,-155.99931414759718
2020-08-27T09:00:00.0,bus-3-bus-4-i_6,-159.41481484508495
2020-08-27T10:00:00.0,bus-3-bus-4-i_6,-170.18527484000617
2020-08-27T11:00:00.0,bus-3-bus-4-i_6,-167.73224033648788
2020-08-27T12:00:00.0,bus-3-bus-4-i_6,-166.12407445619272
2020-08-27T13:00:00.0,bus-3-bus-4-i_6,-165.50618915492953
2020-08-27T14:00:00.0,bus-3-bus-4-i_6,-166.0246776212844
2020-08-27T15:00:00.0,bus-3-bus-4-i_6,-165.99295217640878
2020-08-27T16:00:00.0,bus-3-bus-4-i_6,-165.31042822333131
2020-08-27T17:00:00.0,bus-3-bus-4-i_6,-167.35688283644458
2020-08-27T18:00:00.0,bus-3-bus-4-i_6,-168.5048729000858
2020-08-27T19:00:00.0,bus-3-bus-4-i_6,-169.7903823060721
2020-08-27T20:00:00.0,bus-3-bus-4-i_6,-159.89683964058102
2020-08-27T21:00:00.0,bus-3-bus-4-i_6,-156.57432092190442
2020-08-27T22:00:00.0,bus-3-bus-4-i_6,-153.17251906413506
2020-08-27T23:00:00.0,bus-3-bus-4-i_6,-150.00795254843547
2020-08-28T00:00:00.0,bus-3-bus-4-i_6,-170.55105079058538
2020-08-28T01:00:00.0,bus-3-bus-4-i_6,-151.485438363845
2020-08-28T02:00:00.0,bus-3-bus-4-i_6,-70.79199915525578
2020-08-28T03:00:00.0,bus-3-bus-4-i_6,-70.6074201094101
2020-08-28T04:00:00.0,bus-3-bus-4-i_6,-70.6452234667494
2020-08-28T05:00:00.0,bus-3-bus-4-i_6,-70.61752046181343
2020-08-28T06:00:00.0,bus-3-bus-4-i_6,-152.34311394499053
2020-08-28T07:00:00.0,bus-3-bus-4-i_6,-149.7378859869316
2020-08-28T08:00:00.0,bus-3-bus-4-i_6,-152.6396607370902
2020-08-28T09:00:00.0,bus-3-bus-4-i_6,-154.92584206359163
2020-08-28T10:00:00.0,bus-3-bus-4-i_6,-157.27831483822757
2020-08-28T11:00:00.0,bus-3-bus-4-i_6,-158.7188755435645
2020-08-28T12:00:00.0,bus-3-bus-4-i_6,-169.2492484796948
2020-08-28T13:00:00.0,bus-3-bus-4-i_6,-169.76567342381452
2020-08-28T14:00:00.0,bus-3-bus-4-i_6,-168.90074662028462
2020-08-28T15:00:00.0,bus-3-bus-4-i_6,-168.67810515085725
2020-08-28T16:00:00.0,bus-3-bus-4-i_6,-169.4363509632809
2020-08-28T17:00:00.0,bus-3-bus-4-i_6,-160.77674348016097
2020-08-28T18:00:00.0,bus-3-bus-4-i_6,-159.82776733984673
2020-08-28T19:00:00.0,bus-3-bus-4-i_6,-158.159917883626
2020-08-28T20:00:00.0,bus-3-bus-4-i_6,-155.42274100275444
2020-08-28T21:00:00.0,bus-3-bus-4-i_6,-152.59861818180136
2020-08-28T22:00:00.0,bus-3-bus-4-i_6,-149.49871192204517
2020-08-28T23:00:00.0,bus-3-bus-4-i_6,-153.30881259640714
2020-08-29T00:00:00.0,bus-3-bus-4-i_6,-70.61752046181343
2020-08-29T01:00:00.0,bus-3-bus-4-i_6,-70.16519908649809
2020-08-29T02:00:00.0,bus-3-bus-4-i_6,-69.82093615534232
2020-08-29T03:00:00.0,bus-3-bus-4-i_6,-69.62476688959455
2020-08-29T04:00:00.0,bus-3-bus-4-i_6,-69.5057610739428
2020-08-29T05:00:00.0,bus-3-bus-4-i_6,-69.27224600634396
2020-08-29T06:00:00.0,bus-3-bus-4-i_6,-69.57703985608524
2020-08-29T07:00:00.0,bus-3-bus-4-i_6,-70.30648667287869
2020-08-29T08:00:00.0,bus-3-bus-4-i_6,-153.25514121098723
2020-08-29T09:00:00.0,bus-3-bus-4-i_6,-149.43627732337401
2020-08-29T10:00:00.0,bus-3-bus-4-i_6,-152.30083147187594
2020-08-29T11:00:00.0,bus-3-bus-4-i_6,-155.08822150758456
2020-08-29T12:00:00.0,bus-3-bus-4-i_6,-157.51913322003662
2020-08-29T13:00:00.0,bus-3-bus-4-i_6,-159.95816272810018
2020-08-29T14:00:00.0,bus-3-bus-4-i_6,-170.76873562595344
2020-08-29T15:00:00.0,bus-3-bus-4-i_6,-169.9138196919937
2020-08-29T16:00:00.0,bus-3-bus-4-i_6,-170.40726028102685
2020-08-29T17:00:00.0,bus-3-bus-4-i_6,-159.9201053945694
2020-08-29T18:00:00.0,bus-3-bus-4-i_6,-158.7388065500716
2020-08-29T19:00:00.0,bus-3-bus-4-i_6,-157.29839383952552
2020-08-29T20:00:00.0,bus-3-bus-4-i_6,-154.26491340136127
2020-08-29T21:00:00.0,bus-3-bus-4-i_6,-151.17797992037092
2020-08-29T22:00:00.0,bus-3-bus-4-i_6,-173.0367023144665
2020-08-29T23:00:00.0,bus-3-bus-4-i_6,-70.82367976207772
2020-08-30T00:00:00.0,bus-3-bus-4-i_6,-70.20321263879907
2020-08-30T01:00:00.0,bus-3-bus-4-i_6,-69.79416607998023
2020-08-30T02:00:00.0,bus-3-bus-4-i_6,-69.48968503715889
2020-08-30T03:00:00.0,bus-3-bus-4-i_6,-69.32047791660789
2020-08-30T04:00:00.0,bus-3-bus-4-i_6,-69.22454927208634
2020-08-30T05:00:00.0,bus-3-bus-4-i_6,-68.9796503595321
2020-08-30T06:00:00.0,bus-3-bus-4-i_6,-69.23605455843935
2020-08-30T07:00:00.0,bus-3-bus-4-i_6,-69.98612940433802
2020-08-30T08:00:00.0,bus-3-bus-4-i_6,-92.52855990228753
2020-08-30T09:00:00.0,bus-3-bus-4-i_6,-176.77220126475905
2020-08-30T10:00:00.0,bus-3-bus-4-i_6,-152.31110665693396
2020-08-30T11:00:00.0,bus-3-bus-4-i_6,-155.7769624480799
2020-08-30T12:00:00.0,bus-3-bus-4-i_6,-158.7388065500716
2020-08-30T13:00:00.0,bus-3-bus-4-i_6,-165.50015959422817
2020-08-30T14:00:00.0,bus-3-bus-4-i_6,-169.51048046890068
2020-08-30T15:00:00.0,bus-3-bus-4-i_6,-168.6863527850968
2020-08-30T16:00:00.0,bus-3-bus-4-i_6,-166.6054065008909
2020-08-30T17:00:00.0,bus-3-bus-4-i_6,-170.38496644809885
2020-08-30T18:00:00.0,bus-3-bus-4-i_6,-159.89370184455512
2020-08-30T19:00:00.0,bus-3-bus-4-i_6,-158.41964206419172
2020-08-30T20:00:00.0,bus-3-bus-4-i_6,-154.8750732934953
2020-08-30T21:00:00.0,bus-3-bus-4-i_6,-151.44632993052954
2020-08-30T22:00:00.0,bus-3-bus-4-i_6,-170.4328549782929
2020-08-30T23:00:00.0,bus-3-bus-4-i_6,-70.65447956805357
2020-08-31T00:00:00.0,bus-3-bus-4-i_6,-70.15061441420005
2020-08-31T01:00:00.0,bus-3-bus-4-i_6,-69.77071976579128
2020-08-31T02:00:00.0,bus-3-bus-4-i_6,-69.52725255441791
2020-08-31T03:00:00.0,bus-3-bus-4-i_6,-69.46030709089086
2020-08-31T04:00:00.0,bus-3-bus-4-i_6,-69.5596113801551
2020-08-31T05:00:00.0,bus-3-bus-4-i_6,-69.57584554170471
2020-08-31T06:00:00.0,bus-3-bus-4-i_6,-69.99641632299209
2020-08-31T07:00:00.0,bus-3-bus-4-i_6,-71.29636650133071
2020-08-31T08:00:00.0,bus-3-bus-4-i_6,-176.89093006910025
2020-08-31T09:00:00.0,bus-3-bus-4-i_6,-152.48571182322027
2020-08-31T10:00:00.0,bus-3-bus-4-i_6,-156.12049858685185
2020-08-31T11:00:00.0,bus-3-bus-4-i_6,-159.88423900191694
2020-08-31T12:00:00.0,bus-3-bus-4-i_6,-169.83976087286027
2020-08-31T13:00:00.0,bus-3-bus-4-i_6,-167.2907407780344
2020-08-31T14:00:00.0,bus-3-bus-4-i_6,-165.44131011178544
2020-08-31T15:00:00.0,bus-3-bus-4-i_6,-165.5878794668923
2020-08-31T16:00:00.0,bus-3-bus-4-i_6,-165.42547855960956
2020-08-31T17:00:00.0,bus-3-bus-4-i_6,-167.41475129842493
2020-08-31T18:00:00.0,bus-3-bus-4-i_6,-169.0326657127289
2020-08-31T19:00:00.0,bus-3-bus-4-i_6,-160.74069073114669
2020-08-31T20:00:00.0,bus-3-bus-4-i_6,-157.02716230536237
2020-08-31T21:00:00.0,bus-3-bus-4-i_6,-153.1418123235331
2020-08-31T22:00:00.0,bus-3-bus-4-i_6,-177.765485210484
2020-08-31T23:00:00.0,bus-3-bus-4-i_6,-92.46200259066994
2020-09-01T00:00:00.0,bus-3-bus-4-i_6,-70.46517326524608
2020-09-01T01:00:00.0,bus-3-bus-4-i_6,-69.98612940433802
2020-09-01T02:00:00.0,bus-3-bus-4-i_6,-69.64661510536384
2020-09-01T03:00:00.0,bus-3-bus-4-i_6,-69.5057610739428
2020-09-01T04:00:00.0,bus-3-bus-4-i_6,-69.64935069085251
2020-09-01T05:00:00.0,bus-3-bus-4-i_6,-69.67676230727257
2020-09-01T06:00:00.0,bus-3-bus-4-i_6,-70.18856042198954
2020-09-01T07:00:00.0,bus-3-bus-4-i_6,-152.07500925345246
2020-09-01T08:00:00.0,bus-3-bus-4-i_6,-149.67551459930002
2020-09-01T09:00:00.0,bus-3-bus-4-i_6,-153.1418123235331
2020-09-01T10:00:00.0,bus-3-bus-4-i_6,-156.93667274832998
2020-09-01T11:00:00.0,bus-3-bus-4-i_6,-159.52210652348748
2020-09-01T12:00:00.0,bus-3-bus-4-i_6,-168.99966836433555
2020-09-01T13:00:00.0,bus-3-bus-4-i_6,-166.86065986956572
2020-09-01T14:00:00.0,bus-3-bus-4-i_6,-165.71085073463837
2020-09-01T15:00:00.0,bus-3-bus-4-i_6,-165.54648246746
2020-09-01T16:00:00.0,bus-3-bus-4-i_6,-166.4965244899002
2020-09-01T17:00:00.0,bus-3-bus-4-i_6,-168.2573032180618
2020-09-01T18:00:00.0,bus-3-bus-4-i_6,-168.87601316576905
2020-09-01T19:00:00.0,bus-3-bus-4-i_6,-170.59626755462932
2020-09-01T20:00:00.0,bus-3-bus-4-i_6,-158.83842610964302
2020-09-01T21:00:00.0,bus-3-bus-4-i_6,-155.55437773842408
2020-09-01T22:00:00.0,bus-3-bus-4-i_6,-152.0232213020532
2020-09-01T23:00:00.0,bus-3-bus-4-i_6,-176.95029961555102
2020-09-02T00:00:00.0,bus-3-bus-4-i_6,-153.46984190920674
2020-09-02T01:00:00.0,bus-3-bus-4-i_6,-70.75395528624986
2020-09-02T02:00:00.0,bus-3-bus-4-i_6,-70.44103544799052
2020-09-02T03:00:00.0,bus-3-bus-4-i_6,-70.33817087186895
2020-09-02T04:00:00.0,bus-3-bus-4-i_6,-70.56453483529893
2020-09-02T05:00:00.0,bus-3-bus-4-i_6,-70.7653228182291
2020-09-02T06:00:00.0,bus-3-bus-4-i_6,-166.7709536496239
2020-09-02T07:00:00.0,bus-3-bus-4-i_6,-150.5885455547591
2020-09-02T08:00:00.0,bus-3-bus-4-i_6,-154.03056164966574
2020-09-02T09:00:00.0,bus-3-bus-4-i_6,-157.37869020945797
2020-09-02T10:00:00.0,bus-3-bus-4-i_6,-159.94128392277923
2020-09-02T11:00:00.0,bus-3-bus-4-i_6,-170.12770594900823
2020-09-02T12:00:00.0,bus-3-bus-4-i_6,-168.36459733306233
2020-09-02T13:00:00.0,bus-3-bus-4-i_6,-166.8772058567221
2020-09-02T14:00:00.0,bus-3-bus-4-i_6,-165.95860923693033
2020-09-02T15:00:00.0,bus-3-bus-4-i_6,-165.5874105882238
2020-09-02T16:00:00.0,bus-3-bus-4-i_6,-166.13234987826652
2020-09-02T17:00:00.0,bus-3-bus-4-i_6,-167.79488880350152
2020-09-02T18:00:00.0,bus-3-bus-4-i_6,-168.28206528535716
2020-09-02T19:00:00.0,bus-3-bus-4-i_6,-170.00432126210245
2020-09-02T20:00:00.0,bus-3-bus-4-i_6,-159.19651878863732
2020-09-02T21:00:00.0,bus-3-bus-4-i_6,-155.52400723637493
2020-09-02T22:00:00.0,bus-3-bus-4-i_6,-151.8482514813191
2020-09-02T23:00:00.0,bus-3-bus-4-i_6,-175.9413358492954
2020-09-03T00:00:00.0,bus-3-bus-4-i_6,-152.6649225741978
2020-09-03T01:00:00.0,bus-3-bus-4-i_6,-70.66374274851626
2020-09-03T02:00:00.0,bus-3-bus-4-i_6,-70.34413334860045
2020-09-03T03:00:00.0,bus-3-bus-4-i_6,-70.24921991210991
2020-09-03T04:00:00.0,bus-3-bus-4-i_6,-70.3690392487764
2020-09-03T05:00:00.0,bus-3-bus-4-i_6,-70.48029240427068
2020-09-03T06:00:00.0,bus-3-bus-4-i_6,-98.57268893972856
2020-09-03T07:00:00.0,bus-3-bus-4-i_6,-149.78984710780037
2020-09-03T08:00:00.0,bus-3-bus-4-i_6,-153.3771207907262
2020-09-03T09:00:00.0,bus-3-bus-4-i_6,-156.56424661974998
2020-09-03T10:00:00.0,bus-3-bus-4-i_6,-159.5928769034483
2020-09-03T11:00:00.0,bus-3-bus-4-i_6,-170.3332771092228
2020-09-03T12:00:00.0,bus-3-bus-4-i_6,-168.3106959254632
2020-09-03T13:00:00.0,bus-3-bus-4-i_6,-166.9433867803445
2020-09-03T14:00:00.0,bus-3-bus-4-i_6,-166.03305616226268
2020-09-03T15:00:00.0,bus-3-bus-4-i_6,-165.60381866346825
2020-09-03T16:00:00.0,bus-3-bus-4-i_6,-166.19028117749517
2020-09-03T17:00:00.0,bus-3-bus-4-i_6,-168.0096367691692
2020-09-03T18:00:00.0,bus-3-bus-4-i_6,-168.56262333470093
2020-09-03T19:00:00.0,bus-3-bus-4-i_6,-170.40726028102685
2020-09-03T20:00:00.0,bus-3-bus-4-i_6,-158.70890917306798
2020-09-03T21:00:00.0,bus-3-bus-4-i_6,-154.80397687232826
2020-09-03T22:00:00.0,bus-3-bus-4-i_6,-150.87828360796811
2020-09-03T23:00:00.0,bus-3-bus-4-i_6,-170.61025592897948
2020-09-04T00:00:00.0,bus-3-bus-4-i_6,-92.41158476972302
2020-09-04T01:00:00.0,bus-3-bus-4-i_6,-70.43802277372126
2020-09-04T02:00:00.0,bus-3-bus-4-i_6,-70.17103989264449
2020-09-04T03:00:00.0,bus-3-bus-4-i_6,-70.10701125719858
2020-09-04T04:00:00.0,bus-3-bus-4-i_6,-70.34413334860045
2020-09-04T05:00:00.0,bus-3-bus-4-i_6,-70.50665071319095
2020-09-04T06:00:00.0,bus-3-bus-4-i_6,-151.00303836553132
2020-09-04T07:00:00.0,bus-3-bus-4-i_6,-149.84179392603406
2020-09-04T08:00:00.0,bus-3-bus-4-i_6,-153.23391965061015
2020-09-04T09:00:00.0,bus-3-bus-4-i_6,-156.86626472917462
2020-09-04T10:00:00.0,bus-3-bus-4-i_6,-159.76969156331577
2020-09-04T11:00:00.0,bus-3-bus-4-i_6,-170.48944875615578
2020-09-04T12:00:00.0,bus-3-bus-4-i_6,-168.87601316576905
2020-09-04T13:00:00.0,bus-3-bus-4-i_6,-167.2742041733966
2020-09-04T14:00:00.0,bus-3-bus-4-i_6,-166.9020242865745
2020-09-04T15:00:00.0,bus-3-bus-4-i_6,-167.26593570886595
2020-09-04T16:00:00.0,bus-3-bus-4-i_6,-167.84445336651254
2020-09-04T17:00:00.0,bus-3-bus-4-i_6,-169.68337903148802
2020-09-04T18:00:00.0,bus-3-bus-4-i_6,-169.81507218805953
2020-09-04T19:00:00.0,bus-3-bus-4-i_6,-161.36627840406427
2020-09-04T20:00:00.0,bus-3-bus-4-i_6,-157.83978188601583
2020-09-04T21:00:00.0,bus-3-bus-4-i_6,-154.6312163508998
2020-09-04T22:00:00.0,bus-3-bus-4-i_6,-151.1469957521542
2020-09-04T23:00:00.0,bus-3-bus-4-i_6,-170.9650474042257
2020-09-05T00:00:00.0,bus-3-bus-4-i_6,-81.00195761065629
2020-09-05T01:00:00.0,bus-3-bus-4-i_6,-70.39598099574143
2020-09-05T02:00:00.0,bus-3-bus-4-i_6,-70.0032653243432
2020-09-05T03:00:00.0,bus-3-bus-4-i_6,-69.75682902699404
2020-09-05T04:00:00.0,bus-3-bus-4-i_6,-69.66578550210214
2020-09-05T05:00:00.0,bus-3-bus-4-i_6,-69.42839827264456
2020-09-05T06:00:00.0,bus-3-bus-4-i_6,-69.73188954556124
2020-09-05T07:00:00.0,bus-3-bus-4-i_6,-74.9163900321465
2020-09-05T08:00:00.0,bus-3-bus-4-i_6,-149.84179392603406
2020-09-05T09:00:00.0,bus-3-bus-4-i_6,-153.86738505829715
2020-09-05T10:00:00.0,bus-3-bus-4-i_6,-157.26827460274473
2020-09-05T11:00:00.0,bus-3-bus-4-i_6,-159.8489580935209
2020-09-05T12:00:00.0,bus-3-bus-4-i_6,-170.58805188981418
2020-09-05T13:00:00.0,bus-3-bus-4-i_6,-168.66985736147493
2020-09-05T14:00:00.0,bus-3-bus-4-i_6,-167.3982812799918
2020-09-05T15:00:00.0,bus-3-bus-4-i_6,-167.04264811783673
2020-09-05T16:00:00.0,bus-3-bus-4-i_6,-167.9187919833523
2020-09-05T17:00:00.0,bus-3-bus-4-i_6,-169.68337903148802
2020-09-05T18:00:00.0,bus-3-bus-4-i_6,-170.28394822957128
2020-09-05T19:00:00.0,bus-3-bus-4-i_6,-159.38640732415524
2020-09-05T20:00:00.0,bus-3-bus-4-i_6,-158.00991453353072
2020-09-05T21:00:00.0,bus-3-bus-4-i_6,-154.78365929343428
2020-09-05T22:00:00.0,bus-3-bus-4-i_6,-151.74526372640295
2020-09-05T23:00:00.0,bus-3-bus-4-i_6,-175.7633449388587
2020-09-06T00:00:00.0,bus-3-bus-4-i_6,-154.8126617722951
2020-09-06T01:00:00.0,bus-3-bus-4-i_6,-93.32702953102257
2020-09-06T02:00:00.0,bus-3-bus-4-i_6,-70.64830713803474
2020-09-06T03:00:00.0,bus-3-bus-4-i_6,-70.33026777557288
2020-09-06T04:00:00.0,bus-3-bus-4-i_6,-70.22967067741853
2020-09-06T05:00:00.0,bus-3-bus-4-i_6,-69.89802509792342
2020-09-06T06:00:00.0,bus-3-bus-4-i_6,-70.19441738713743
2020-09-06T07:00:00.0,bus-3-bus-4-i_6,-155.02780163719558
2020-09-06T08:00:00.0,bus-3-bus-4-i_6,-150.86794223612748
2020-09-06T09:00:00.0,bus-3-bus-4-i_6,-154.27509686496964
2020-09-06T10:00:00.0,bus-3-bus-4-i_6,-157.15779971565107
2020-09-06T11:00:00.0,bus-3-bus-4-i_6,-159.44453855655007
2020-09-06T12:00:00.0,bus-3-bus-4-i_6,-159.21066203313973
2020-09-06T13:00:00.0,bus-3-bus-4-i_6,-169.9385035567997
2020-09-06T14:00:00.0,bus-3-bus-4-i_6,-169.59282034235602
2020-09-06T15:00:00.0,bus-3-bus-4-i_6,-170.40726028102685
2020-09-06T16:00:00.0,bus-3-bus-4-i_6,-159.34393725742711
2020-09-06T17:00:00.0,bus-3-bus-4-i_6,-159.37516556861473
2020-09-06T18:00:00.0,bus-3-bus-4-i_6,-159.51382890060682
2020-09-06T19:00:00.0,bus-3-bus-4-i_6,-158.3397644676258
2020-09-06T20:00:00.0,bus-3-bus-4-i_6,-155.87806031544326
2020-09-06T21:00:00.0,bus-3-bus-4-i_6,-153.25438269181834
2020-09-06T22:00:00.0,bus-3-bus-4-i_6,-150.41245429249602
2020-09-06T23:00:00.0,bus-3-bus-4-i_6,-168.54179916625392
2020-09-07T00:00:00.0,bus-3-bus-4-i_6,-70.82912559081427
2020-09-07T01:00:00.0,bus-3-bus-4-i_6,-70.30053159968679
2020-09-07T02:00:00.0,bus-3-bus-4-i_6,-69.98212034285322
2020-09-07T03:00:00.0,bus-3-bus-4-i_6,-69.81650500325418
2020-09-07T04:00:00.0,bus-3-bus-4-i_6,-69.76793959812314
2020-09-07T05:00:00.0,bus-3-bus-4-i_6,-69.52725255441791
2020-09-07T06:00:00.0,bus-3-bus-4-i_6,-69.8517855708829
2020-09-07T07:00:00.0,bus-3-bus-4-i_6,-92.73174329556349
2020-09-07T08:00:00.0,bus-3-bus-4-i_6,-150.3813615314863
2020-09-07T09:00:00.0,bus-3-bus-4-i_6,-154.43796716147534
2020-09-07T10:00:00.0,bus-3-bus-4-i_6,-157.99991462255437
2020-09-07T11:00:00.0,bus-3-bus-4-i_6,-159.30996198265728
2020-09-07T12:00:00.0,bus-3-bus-4-i_6,-169.98786764739623
2020-09-07T13:00:00.0,bus-3-bus-4-i_6,-169.11504953531963
2020-09-07T14:00:00.0,bus-3-bus-4-i_6,-168.19126545928648
2020-09-07T15:00:00.0,bus-3-bus-4-i_6,-167.83619291027847
2020-09-07T16:00:00.0,bus-3-bus-4-i_6,-168.4306092680474
2020-09-07T17:00:00.0,bus-3-bus-4-i_6,-169.7986124002509
2020-09-07T18:00:00.0,bus-3-bus-4-i_6,-169.87267725038083
2020-09-07T19:00:00.0,bus-3-bus-4-i_6,-164.32958194657638
2020-09-07T20:00:00.0,bus-3-bus-4-i_6,-158.22987815978388
2020-09-07T21:00:00.0,bus-3-bus-4-i_6,-155.0780763898694
2020-09-07T22:00:00.0,bus-3-bus-4-i_6,-151.98206431583117
2020-09-07T23:00:00.0,bus-3-bus-4-i_6,-149.41546199824433
2020-09-08T00:00:00.0,bus-3-bus-4-i_6,-166.53498286161232
2020-09-08T01:00:00.0,bus-3-bus-4-i_6,-70.7792010597112
2020-09-08T02:00:00.0,bus-3-bus-4-i_6,-70.45611396461395
2020-09-08T03:00:00.0,bus-3-bus-4-i_6,-70.28574319648484
2020-09-08T04:00:00.0,bus-3-bus-4-i_6,-70.49846897282839
2020-09-08T05:00:00.0,bus-3-bus-4-i_6,-70.60830627524055
2020-09-08T06:00:00.0,bus-3-bus-4-i_6,-151.53898598742805
2020-09-08T07:00:00.0,bus-3-bus-4-i_6,-149.86257029394983
2020-09-08T08:00:00.0,bus-3-bus-4-i_6,-153.32598826669619
2020-09-08T09:00:00.0,bus-3-bus-4-i_6,-156.6045409221787
2020-09-08T10:00:00.0,bus-3-bus-4-i_6,-159.61260517636813
2020-09-08T11:00:00.0,bus-3-bus-4-i_6,-170.62912804537768
2020-09-08T12:00:00.0,bus-3-bus-4-i_6,-168.97493960166133
2020-09-08T13:00:00.0,bus-3-bus-4-i_6,-166.89375155097466
2020-09-08T14:00:00.0,bus-3-bus-4-i_6,-165.74381595478985
2020-09-08T15:00:00.0,bus-3-bus-4-i_6,-165.31108735468482
2020-09-08T16:00:00.0,bus-3-bus-4-i_6,-165.8180943928266
2020-09-08T17:00:00.0,bus-3-bus-4-i_6,-167.67922126415476
2020-09-08T18:00:00.0,bus-3-bus-4-i_6,-167.778366311628
2020-09-08T19:00:00.0,bus-3-bus-4-i_6,-169.46929327745696
2020-09-08T20:00:00.0,bus-3-bus-4-i_6,-159.78296121548175
2020-09-08T21:00:00.0,bus-3-bus-4-i_6,-156.39290942828205
2020-09-08T22:00:00.0,bus-3-bus-4-i_6,-152.96772630835358
2020-09-08T23:00:00.0,bus-3-bus-4-i_6,-149.84179392603406
2020-09-09T00:00:00.0,bus-3-bus-4-i_6,-170.49191713968605
2020-09-09T01:00:00.0,bus-3-bus-4-i_6,-92.46200259066994
2020-09-09T02:00:00.0,bus-3-bus-4-i_6,-70.60830627524055
2020-09-09T03:00:00.0,bus-3-bus-4-i_6,-70.52275980456449
2020-09-09T04:00:00.0,bus-3-bus-4-i_6,-71.0154881196714
2020-09-09T05:00:00.0,bus-3-bus-4-i_6,-70.52580097664239
2020-09-09T06:00:00.0,bus-3-bus-4-i_6,-173.27355577086837
2020-09-09T07:00:00.0,bus-3-bus-4-i_6,-150.6403118557988
2020-09-09T08:00:00.0,bus-3-bus-4-i_6,-151.4978988145143
2020-09-09T09:00:00.0,bus-3-bus-4-i_6,-154.0815292239583
2020-09-09T10:00:00.0,bus-3-bus-4-i_6,-157.23815095842303
2020-09-09T11:00:00.0,bus-3-bus-4-i_6,-159.92868448000922
2020-09-09T12:00:00.0,bus-3-bus-4-i_6,-170.89177606573028
2020-09-09T13:00:00.0,bus-3-bus-4-i_6,-169.10680850933676
2020-09-09T14:00:00.0,bus-3-bus-4-i_6,-167.43955038760072
2020-09-09T15:00:00.0,bus-3-bus-4-i_6,-166.8523867685675
2020-09-09T16:00:00.0,bus-3-bus-4-i_6,-167.83619291027847
2020-09-09T17:00:00.0,bus-3-bus-4-i_6,-169.246892471513
2020-09-09T18:00:00.0,bus-3-bus-4-i_6,-168.83478834399997
2020-09-09T19:00:00.0,bus-3-bus-4-i_6,-163.15071537508575
2020-09-09T20:00:00.0,bus-3-bus-4-i_6,-157.41882662324338
2020-09-09T21:00:00.0,bus-3-bus-4-i_6,-153.47935000454146
2020-09-09T22:00:00.0,bus-3-bus-4-i_6,-149.7794534250306
2020-09-09T23:00:00.0,bus-3-bus-4-i_6,-153.09414220333304
2020-09-10T00:00:00.0,bus-3-bus-4-i_6,-70.51972133720588
2020-09-10T01:00:00.0,bus-3-bus-4-i_6,-70.0032653243432
2020-09-10T02:00:00.0,bus-3-bus-4-i_6,-69.75405391954406
2020-09-10T03:00:00.0,bus-3-bus-4-i_6,-69.64935069085251
2020-09-10T04:00:00.0,bus-3-bus-4-i_6,-69.83612792622915
2020-09-10T05:00:00.0,bus-3-bus-4-i_6,-70.08963042345202
2020-09-10T06:00:00.0,bus-3-bus-4-i_6,-70.42803309831707
2020-09-10T07:00:00.0,bus-3-bus-4-i_6,-155.082430248756
2020-09-10T08:00:00.0,bus-3-bus-4-i_6,-149.8106282320248
2020-09-10T09:00:00.0,bus-3-bus-4-i_6,-152.61914041356636
2020-09-10T10:00:00.0,bus-3-bus-4-i_6,-155.04763815716566
2020-09-10T11:00:00.0,bus-3-bus-4-i_6,-157.2180660818379
2020-09-10T12:00:00.0,bus-3-bus-4-i_6,-158.06993206176196
2020-09-10T13:00:00.0,bus-3-bus-4-i_6,-157.59934297020772
2020-09-10T14:00:00.0,bus-3-bus-4-i_6,-156.87632447644947
2020-09-10T15:00:00.0,bus-3-bus-4-i_6,-155.89827410949945
2020-09-10T16:00:00.0,bus-3-bus-4-i_6,-155.46325325097544
2020-09-10T17:00:00.0,bus-3-bus-4-i_6,-155.23020272915008
2020-09-10T18:00:00.0,bus-3-bus-4-i_6,-156.2113413061973
2020-09-10T19:00:00.0,bus-3-bus-4-i_6,-153.95918697282562
2020-09-10T20:00:00.0,bus-3-bus-4-i_6,-151.0850145912948
2020-09-10T21:00:00.0,bus-3-bus-4-i_6,-169.48697878920643
2020-09-10T22:00:00.0,bus-3-bus-4-i_6,-70.60830627524055
2020-09-10T23:00:00.0,bus-3-bus-4-i_6,-69.92802655879015
2020-09-11T00:00:00.0,bus-3-bus-4-i_6,-69.57313731577403
2020-09-11T01:00:00.0,bus-3-bus-4-i_6,-69.29181362370683
2020-09-11T02:00:00.0,bus-3-bus-4-i_6,-69.1376223939612
2020-09-11T03:00:00.0,bus-3-bus-4-i_6,-69.15287726022615
2020-09-11T04:00:00.0,bus-3-bus-4-i_6,-69.37817454593234
2020-09-11T05:00:00.0,bus-3-bus-4-i_6,-69.58397629230622
2020-09-11T06:00:00.0,bus-3-bus-4-i_6,-69.87993686035573
2020-09-11T07:00:00.0,bus-3-bus-4-i_6,-70.65139189576328
2020-09-11T08:00:00.0,bus-3-bus-4-i_6,-166.59397288201924
2020-09-11T09:00:00.0,bus-3-bus-4-i_6,-149.5300818777393
2020-09-11T10:00:00.0,bus-3-bus-4-i_6,-151.60100087241136
2020-09-11T11:00:00.0,bus-3-bus-4-i_6,-153.69387576961566
2020-09-11T12:00:00.0,bus-3-bus-4-i_6,-155.55437773842408
2020-09-11T13:00:00.0,bus-3-bus-4-i_6,-157.7897141064722
2020-09-11T14:00:00.0,bus-3-bus-4-i_6,-159.38507980530093
2020-09-11T15:00:00.0,bus-3-bus-4-i_6,-159.60274381842373
2020-09-11T16:00:00.0,bus-3-bus-4-i_6,-158.85834274001144
2020-09-11T17:00:00.0,bus-3-bus-4-i_6,-156.9668403162166
2020-09-11T18:00:00.0,bus-3-bus-4-i_6,-156.9869495941213
2020-09-11T19:00:00.0,bus-3-bus-4-i_6,-155.37208985105488
2020-09-11T20:00:00.0,bus-3-bus-4-i_6,-152.96772630835358
2020-09-11T21:00:00.0,bus-3-bus-4-i_6,-150.47461706266577
2020-09-11T22:00:00.0,bus-3-bus-4-i_6,-169.84166033544693
2020-09-11T23:00:00.0,bus-3-bus-4-i_6,-70.7653228182291
2020-09-12T00:00:00.0,bus-3-bus-4-i_6,-70.27388027971958
2020-09-12T01:00:00.0,bus-3-bus-4-i_6,-69.864189718979
2020-09-12T02:00:00.0,bus-3-bus-4-i_6,-69.53923590587097
2020-09-12T03:00:00.0,bus-3-bus-4-i_6,-69.32047791660789
2020-09-12T04:00:00.0,bus-3-bus-4-i_6,-69.24001098764033
2020-09-12T05:00:00.0,bus-3-bus-4-i_6,-69.03554829779486
2020-09-12T06:00:00.0,bus-3-bus-4-i_6,-69.26447393014072
2020-09-12T07:00:00.0,bus-3-bus-4-i_6,-70.15936181316825
2020-09-12T08:00:00.0,bus-3-bus-4-i_6,-153.3624865079685
2020-09-12T09:00:00.0,bus-3-bus-4-i_6,-149.51967857778808
2020-09-12T10:00:00.0,bus-3-bus-4-i_6,-151.69375198637144
2020-09-12T11:00:00.0,bus-3-bus-4-i_6,-153.58153140799092
2020-09-12T12:00:00.0,bus-3-bus-4-i_6,-154.7531793291488
2020-09-12T13:00:00.0,bus-3-bus-4-i_6,-156.12049858685185
2020-09-12T14:00:00.0,bus-3-bus-4-i_6,-156.97689519862524
2020-09-12T15:00:00.0,bus-3-bus-4-i_6,-157.23815095842303
2020-09-12T16:00:00.0,bus-3-bus-4-i_6,-156.20124959877063
2020-09-12T17:00:00.0,bus-3-bus-4-i_6,-154.0917213032693
2020-09-12T18:00:00.0,bus-3-bus-4-i_6,-154.06114362976356
2020-09-12T19:00:00.0,bus-3-bus-4-i_6,-152.3419293283916
2020-09-12T20:00:00.0,bus-3-bus-4-i_6,-149.78984710780037
2020-09-12T21:00:00.0,bus-3-bus-4-i_6,-167.5970376357694
2020-09-12T22:00:00.0,bus-3-bus-4-i_6,-70.5593234892639
2020-09-12T23:00:00.0,bus-3-bus-4-i_6,-69.81650500325418
2020-09-13T00:00:00.0,bus-3-bus-4-i_6,-69.30743348775579
2020-09-13T01:00:00.0,bus-3-bus-4-i_6,-68.92416120185479
2020-09-13T02:00:00.0,bus-3-bus-4-i_6,-68.66874407621795
2020-09-13T03:00:00.0,bus-3-bus-4-i_6,-68.51848196336722
2020-09-13T04:00:00.0,bus-3-bus-4-i_6,-68.48553019275928
2020-09-13T05:00:00.0,bus-3-bus-4-i_6,-68.29350381283939
2020-09-13T06:00:00.0,bus-3-bus-4-i_6,-68.44718957394483
2020-09-13T07:00:00.0,bus-3-bus-4-i_6,-69.15287726022615
2020-09-13T08:00:00.0,bus-3-bus-4-i_6,-69.96214850196166
2020-09-13T09:00:00.0,bus-3-bus-4-i_6,-70.78238404186772
2020-09-13T10:00:00.0,bus-3-bus-4-i_6,-175.348264270538
2020-09-13T11:00:00.0,bus-3-bus-4-i_6,-151.45664465951904
2020-09-13T12:00:00.0,bus-3-bus-4-i_6,-154.07133666612057
2020-09-13T13:00:00.0,bus-3-bus-4-i_6,-156.10030600315002
2020-09-13T14:00:00.0,bus-3-bus-4-i_6,-157.31847088058197
2020-09-13T15:00:00.0,bus-3-bus-4-i_6,-157.85980550707075
2020-09-13T16:00:00.0,bus-3-bus-4-i_6,-157.37869020945797
2020-09-13T17:00:00.0,bus-3-bus-4-i_6,-155.48350650239487
2020-09-13T18:00:00.0,bus-3-bus-4-i_6,-155.34169339399577
2020-09-13T19:00:00.0,bus-3-bus-4-i_6,-153.47935000454146
2020-09-13T20:00:00.0,bus-3-bus-4-i_6,-151.1573242840787
2020-09-13T21:00:00.0,bus-3-bus-4-i_6,-172.20767825223442
2020-09-13T22:00:00.0,bus-3-bus-4-i_6,-70.61356278416864
2020-09-13T23:00:00.0,bus-3-bus-4-i_6,-69.93484415965001
2020-09-14T00:00:00.0,bus-3-bus-4-i_6,-69.41370091817225
2020-09-14T01:00:00.0,bus-3-bus-4-i_6,-69.09075064248631
2020-09-14T02:00:00.0,bus-3-bus-4-i_6,-68.89968708130914
2020-09-14T03:00:00.0,bus-3-bus-4-i_6,-68.88261547752839
2020-09-14T04:00:00.0,bus-3-bus-4-i_6,-69.12240403716444
2020-09-14T05:00:00.0,bus-3-bus-4-i_6,-69.32047791660789
2020-09-14T06:00:00.0,bus-3-bus-4-i_6,-69.66852817221647
2020-09-14T07:00:00.0,bus-3-bus-4-i_6,-70.41098381575486
2020-09-14T08:00:00.0,bus-3-bus-4-i_6,-167.18390909133137
2020-09-14T09:00:00.0,bus-3-bus-4-i_6,-149.94565674593449
2020-09-14T10:00:00.0,bus-3-bus-4-i_6,-152.8550088820702
2020-09-14T11:00:00.0,bus-3-bus-4-i_6,-155.71628061782414
2020-09-14T12:00:00.0,bus-3-bus-4-i_6,-157.90985579021896
2020-09-14T13:00:00.0,bus-3-bus-4-i_6,-159.902754751191
2020-09-14T14:00:00.0,bus-3-bus-4-i_6,-171.01535484451284
2020-09-14T15:00:00.0,bus-3-bus-4-i_6,-170.52231942586866
2020-09-14T16:00:00.0,bus-3-bus-4-i_6,-164.32958194657638
2020-09-14T17:00:00.0,bus-3-bus-4-i_6,-159.58300676439157
2020-09-14T18:00:00.0,bus-3-bus-4-i_6,-159.15675220858762
2020-09-14T19:00:00.0,bus-3-bus-4-i_6,-156.7555754652191
2020-09-14T20:00:00.0,bus-3-bus-4-i_6,-153.73471392253154
2020-09-14T21:00:00.0,bus-3-bus-4-i_6,-150.1324897725624
2020-09-14T22:00:00.0,bus-3-bus-4-i_6,-152.82586100588853
2020-09-14T23:00:00.0,bus-3-bus-4-i_6,-70.38995755994858
2020-09-15T00:00:00.0,bus-3-bus-4-i_6,-69.80416088782763
2020-09-15T01:00:00.0,bus-3-bus-4-i_6,-68.24282105349727
2020-09-15T02:00:00.0,bus-3-bus-4-i_6,-69.22969911949559
2020-09-15T03:00:00.0,bus-3-bus-4-i_6,-69.18213885731097
2020-09-15T04:00:00.0,bus-3-bus-4-i_6,-69.41779445931203
2020-09-15T05:00:00.0,bus-3-bus-4-i_6,-69.64114695541494
2020-09-15T06:00:00.0,bus-3-bus-4-i_6,-69.90653448863071
2020-09-15T07:00:00.0,bus-3-bus-4-i_6,-70.718607516273
2020-09-15T08:00:00.0,bus-3-bus-4-i_6,-173.62900527471626
2020-09-15T09:00:00.0,bus-3-bus-4-i_6,-150.929983309448
2020-09-15T10:00:00.0,bus-3-bus-4-i_6,-154.183428481024
2020-09-15T11:00:00.0,bus-3-bus-4-i_6,-157.31847088058197
2020-09-15T12:00:00.0,bus-3-bus-4-i_6,-159.8085087262473
2020-09-15T13:00:00.0,bus-3-bus-4-i_6,-170.51410202406893
2020-09-15T14:00:00.0,bus-3-bus-4-i_6,-169.2221754373617
2020-09-15T15:00:00.0,bus-3-bus-4-i_6,-168.78531425026725
2020-09-15T16:00:00.0,bus-3-bus-4-i_6,-169.58457024126065
2020-09-15T17:00:00.0,bus-3-bus-4-i_6,-161.06726361988882
2020-09-15T18:00:00.0,bus-3-bus-4-i_6,-159.47126871766687
2020-09-15T19:00:00.0,bus-3-bus-4-i_6,-158.0899324816092
2020-09-15T20:00:00.0,bus-3-bus-4-i_6,-154.8242925332322
2020-09-15T21:00:00.0,bus-3-bus-4-i_6,-151.28122954864276
2020-09-15T22:00:00.0,bus-3-bus-4-i_6,-168.01034144286297
2020-09-15T23:00:00.0,bus-3-bus-4-i_6,-70.61356278416864
2020-09-16T00:00:00.0,bus-3-bus-4-i_6,-70.04059369195585
2020-09-16T01:00:00.0,bus-3-bus-4-i_6,-69.63568288308967
2020-09-16T02:00:00.0,bus-3-bus-4-i_6,-69.399276779735
2020-09-16T03:00:00.0,bus-3-bus-4-i_6,-69.35713718495123
2020-09-16T04:00:00.0,bus-3-bus-4-i_6,-69.55690925191927
2020-09-16T05:00:00.0,bus-3-bus-4-i_6,-69.75127981887144
2020-09-16T06:00:00.0,bus-3-bus-4-i_6,-70.00899331528592
2020-09-16T07:00:00.0,bus-3-bus-4-i_6,-70.82912559081427
2020-09-16T08:00:00.0,bus-3-bus-4-i_6,-174.10305775110615
2020-09-16T09:00:00.0,bus-3-bus-4-i_6,-150.86794223612748
2020-09-16T10:00:00.0,bus-3-bus-4-i_6,-153.71429580231793
2020-09-16T11:00:00.0,bus-3-bus-4-i_6,-156.69517473227197
2020-09-16T12:00:00.0,bus-3-bus-4-i_6,-159.0076340064784
2020-09-16T13:00:00.0,bus-3-bus-4-i_6,-160.74069073114669
2020-09-16T14:00:00.0,bus-3-bus-4-i_6,-169.897363110145
2020-09-16T15:00:00.0,bus-3-bus-4-i_6,-169.38693341295777
2020-09-16T16:00:00.0,bus-3-bus-4-i_6,-170.48944875615578
2020-09-16T17:00:00.0,bus-3-bus-4-i_6,-159.9642782917016
2020-09-16T18:00:00.0,bus-3-bus-4-i_6,-159.8078555962199
2020-09-16T19:00:00.0,bus-3-bus-4-i_6,-158.5493704977602
2020-09-16T20:00:00.0,bus-3-bus-4-i_6,-155.47338011703405
2020-09-16T21:00:00.0,bus-3-bus-4-i_6,-152.41383225943724
2020-09-16T22:00:00.0,bus-3-bus-4-i_6,-177.18778863825025
2020-09-16T23:00:00.0,bus-3-bus-4-i_6,-94.32704527599482
2020-09-17T00:00:00.0,bus-3-bus-4-i_6,-70.40798121209227
2020-09-17T01:00:00.0,bus-3-bus-4-i_6,-70.05210304679463
2020-09-17T02:00:00.0,bus-3-bus-4-i_6,-69.78463583214946
2020-09-17T03:00:00.0,bus-3-bus-4-i_6,-69.6971916699179
2020-09-17T04:00:00.0,bus-3-bus-4-i_6,-69.94054711679843
2020-09-17T05:00:00.0,bus-3-bus-4-i_6,-70.26796932909131
2020-09-17T06:00:00.0,bus-3-bus-4-i_6,-70.45611396461395
2020-09-17T07:00:00.0,bus-3-bus-4-i_6,-92.37340412234536
2020-09-17T08:00:00.0,bus-3-bus-4-i_6,-172.2668751435564
2020-09-17T09:00:00.0,bus-3-bus-4-i_6,-150.46426102173055
2020-09-17T10:00:00.0,bus-3-bus-4-i_6,-152.1363636741346
2020-09-17T11:00:00.0,bus-3-bus-4-i_6,-153.6019619578
2020-09-17T12:00:00.0,bus-3-bus-4-i_6,-155.61510575817766
2020-09-17T13:00:00.0,bus-3-bus-4-i_6,-157.53918862593298
2020-09-17T14:00:00.0,bus-3-bus-4-i_6,-158.81850700862321
2020-09-17T15:00:00.0,bus-3-bus-4-i_6,-157.74965088356768
2020-09-17T16:00:00.0,bus-3-bus-4-i_6,-156.95678494697853
2020-09-17T17:00:00.0,bus-3-bus-4-i_6,-155.6049856239615
2020-09-17T18:00:00.0,bus-3-bus-4-i_6,-156.6548978763554
2020-09-17T19:00:00.0,bus-3-bus-4-i_6,-155.40248198371006
2020-09-17T20:00:00.0,bus-3-bus-4-i_6,-152.7524884031732
2020-09-17T21:00:00.0,bus-3-bus-4-i_6,-149.86257029394983
2020-09-17T22:00:00.0,bus-3-bus-4-i_6,-154.114187168073
2020-09-17T23:00:00.0,bus-3-bus-4-i_6,-70.3869620699402
2020-09-18T00:00:00.0,bus-3-bus-4-i_6,-69.87265794843793
2020-09-18T01:00:00.0,bus-3-bus-4-i_6,-69.4668400879606
2020-09-18T02:00:00.0,bus-3-bus-4-i_6,-69.25671095910175
2020-09-18T03:00:00.0,bus-3-bus-4-i_6,-69.18725444943937
2020-09-18T04:00:00.0,bus-3-bus-4-i_6,-69.399276779735
2020-09-18T05:00:00.0,bus-3-bus-4-i_6,-69.60842328231021
2020-09-18T06:00:00.0,bus-3-bus-4-i_6,-69.72083167265721
2020-09-18T07:00:00.0,bus-3-bus-4-i_6,-70.28574319648484
2020-09-18T08:00:00.0,bus-3-bus-4-i_6,-70.71334692263613
2020-09-18T09:00:00.0,bus-3-bus-4-i_6,-92.36905593451024
2020-09-18T10:00:00.0,bus-3-bus-4-i_6,-153.52352340038752
2020-09-18T11:00:00.0,bus-3-bus-4-i_6,-170.13723033760547
2020-09-18T12:00:00.0,bus-3-bus-4-i_6,-173.51051338951189
2020-09-18T13:00:00.0,bus-3-bus-4-i_6,-177.18778863825025
2020-09-18T14:00:00.0,bus-3-bus-4-i_6,-149.67551459930002
2020-09-18T15:00:00.0,bus-3-bus-4-i_6,-149.34259086005267
2020-09-18T16:00:00.0,bus-3-bus-4-i_6,-171.6750736507193
2020-09-18T17:00:00.0,bus-3-bus-4-i_6,-126.2570265231095
2020-09-18T18:00:00.0,bus-3-bus-4-i_6,-154.70516900126609
2020-09-18T19:00:00.0,bus-3-bus-4-i_6,-72.82627413109897
2020-09-18T20:00:00.0,bus-3-bus-4-i_6,-70.35109495905691
2020-09-18T21:00:00.0,bus-3-bus-4-i_6,-69.91668499666902
2020-09-18T22:00:00.0,bus-3-bus-4-i_6,-69.37937740761618
2020-09-18T23:00:00.0,bus-3-bus-4-i_6,-68.88261547752839
2020-09-19T00:00:00.0,bus-3-bus-4-i_6,-68.5481914555073
2020-09-19T01:00:00.0,bus-3-bus-4-i_6,-68.32845385425033
2020-09-19T02:00:00.0,bus-3-bus-4-i_6,-68.21050557037785
2020-09-19T03:00:00.0,bus-3-bus-4-i_6,-68.14786463940456
2020-09-19T04:00:00.0,bus-3-bus-4-i_6,-68.17851604007608
2020-09-19T05:00:00.0,bus-3-bus-4-i_6,-68.07266157064466
2020-09-19T06:00:00.0,bus-3-bus-4-i_6,-68.1215932617028
2020-09-19T07:00:00.0,bus-3-bus-4-i_6,-68.58612576100853
2020-09-19T08:00:00.0,bus-3-bus-4-i_6,-68.51165027663897
2020-09-19T09:00:00.0,bus-3-bus-4-i_6,-68.74667147608433
2020-09-19T10:00:00.0,bus-3-bus-4-i_6,-69.40312162994849
2020-09-19T11:00:00.0,bus-3-bus-4-i_6,-69.61931496180699
2020-09-19T12:00:00.0,bus-3-bus-4-i_6,-69.75960515169278
2020-09-19T13:00:00.0,bus-3-bus-4-i_6,-69.98612940433802
2020-09-19T14:00:00.0,bus-3-bus-4-i_6,-70.17978233785145
2020-09-19T15:00:00.0,bus-3-bus-4-i_6,-70.30053159968679
2020-09-19T16:00:00.0,bus-3-bus-4-i_6,-70.20614339425882
2020-09-19T17:00:00.0,bus-3-bus-4-i_6,-70.04922363990778
2020-09-19T18:00:00.0,bus-3-bus-4-i_6,-70.48029240427068
2020-09-19T19:00:00.0,bus-3-bus-4-i_6,-70.3183724706669
2020-09-19T20:00:00.0,bus-3-bus-4-i_6,-69.89521994108463
2020-09-19T21:00:00.0,bus-3-bus-4-i_6,-69.55690925191927
2020-09-19T22:00:00.0,bus-3-bus-4-i_6,-69.04054643771138
2020-09-19T23:00:00.0,bus-3-bus-4-i_6,-68.6127635043302
2020-09-20T00:00:00.0,bus-3-bus-4-i_6,-68.31313124004151
2020-09-20T01:00:00.0,bus-3-bus-4-i_6,-68.12997959309497
2020-09-20T02:00:00.0,bus-3-bus-4-i_6,-68.01099724164197
2020-09-20T03:00:00.0,bus-3-bus-4-i_6,-67.94422168763681
2020-09-20T04:00:00.0,bus-3-bus-4-i_6,-67.9342006198605
2020-09-20T05:00:00.0,bus-3-bus-4-i_6,-67.79559308665517
2020-09-20T06:00:00.0,bus-3-bus-4-i_6,-67.84418730662756
2020-09-20T07:00:00.0,bus-3-bus-4-i_6,-68.20191889233979
2020-09-20T08:00:00.0,bus-3-bus-4-i_6,-68.62903080890493
2020-09-20T09:00:00.0,bus-3-bus-4-i_6,-68.84378076853883
2020-09-20T10:00:00.0,bus-3-bus-4-i_6,-69.14390097484633
2020-09-20T11:00:00.0,bus-3-bus-4-i_6,-68.24282105349727
2020-09-20T12:00:00.0,bus-3-bus-4-i_6,-69.71648871510317
2020-09-20T13:00:00.0,bus-3-bus-4-i_6,-70.14769973836017
2020-09-20T14:00:00.0,bus-3-bus-4-i_6,-70.5379786715369
2020-09-20T15:00:00.0,bus-3-bus-4-i_6,-70.75908094250065
2020-09-20T16:00:00.0,bus-3-bus-4-i_6,-70.71957299948465
2020-09-20T17:00:00.0,bus-3-bus-4-i_6,-70.54711964466938
2020-09-20T18:00:00.0,bus-3-bus-4-i_6,-92.37340412234536
2020-09-20T19:00:00.0,bus-3-bus-4-i_6,-70.62366916292851
2020-09-20T20:00:00.0,bus-3-bus-4-i_6,-70.16519908649809
2020-09-20T21:00:00.0,bus-3-bus-4-i_6,-69.61233606393895
2020-09-20T22:00:00.0,bus-3-bus-4-i_6,-69.0669157031778
2020-09-20T23:00:00.0,bus-3-bus-4-i_6,-68.60580702866734
2020-09-21T00:00:00.0,bus-3-bus-4-i_6,-68.32407089675925
2020-09-21T01:00:00.0,bus-3-bus-4-i_6,-68.1215932617028
2020-09-21T02:00:00.0,bus-3-bus-4-i_6,-68.0468468707594
2020-09-21T03:00:00.0,bus-3-bus-4-i_6,-68.07680500944112
2020-09-21T04:00:00.0,bus-3-bus-4-i_6,-68.3175040561478
2020-09-21T05:00:00.0,bus-3-bus-4-i_6,-68.50028443365511
2020-09-21T06:00:00.0,bus-3-bus-4-i_6,-68.62670386189293
2020-09-21T07:00:00.0,bus-3-bus-4-i_6,-69.05186770819287
2020-09-21T08:00:00.0,bus-3-bus-4-i_6,-69.48968503715889
2020-09-21T09:00:00.0,bus-3-bus-4-i_6,-69.75405391954406
2020-09-21T10:00:00.0,bus-3-bus-4-i_6,-70.10701125719858
2020-09-21T11:00:00.0,bus-3-bus-4-i_6,-70.48937608723085
2020-09-21T12:00:00.0,bus-3-bus-4-i_6,-71.15561268086586
2020-09-21T13:00:00.0,bus-3-bus-4-i_6,-154.9201802622439
2020-09-21T14:00:00.0,bus-3-bus-4-i_6,-173.86601298585046
2020-09-21T15:00:00.0,bus-3-bus-4-i_6,-149.29052634954925
2020-09-21T16:00:00.0,bus-3-bus-4-i_6,-176.77220126475905
2020-09-21T17:00:00.0,bus-3-bus-4-i_6,-171.3791508726751
2020-09-21T18:00:00.0,bus-3-bus-4-i_6,-176.71284217855936
2020-09-21T19:00:00.0,bus-3-bus-4-i_6,-166.53498286161232
2020-09-21T20:00:00.0,bus-3-bus-4-i_6,-70.68540311300389
2020-09-21T21:00:00.0,bus-3-bus-4-i_6,-69.96328255240414
2020-09-21T22:00:00.0,bus-3-bus-4-i_6,-69.20006121065595
2020-09-21T23:00:00.0,bus-3-bus-4-i_6,-68.70875052280219
2020-09-22T00:00:00.0,bus-3-bus-4-i_6,-68.381366056703
2020-09-22T01:00:00.0,bus-3-bus-4-i_6,-68.20513018368534
2020-09-22T02:00:00.0,bus-3-bus-4-i_6,-68.11531416438248
2020-09-22T03:00:00.0,bus-3-bus-4-i_6,-68.15950332573868
2020-09-22T04:00:00.0,bus-3-bus-4-i_6,-68.39246299322897
2020-09-22T05:00:00.0,bus-3-bus-4-i_6,-68.55277736338795
2020-09-22T06:00:00.0,bus-3-bus-4-i_6,-68.62319248666103
2020-09-22T07:00:00.0,bus-3-bus-4-i_6,-69.04805124608578
2020-09-22T08:00:00.0,bus-3-bus-4-i_6,-69.53923590587097
2020-09-22T09:00:00.0,bus-3-bus-4-i_6,-69.81254396989692
2020-09-22T10:00:00.0,bus-3-bus-4-i_6,-70.32134471355525
2020-09-22T11:00:00.0,bus-3-bus-4-i_6,-93.32702953102257
2020-09-22T12:00:00.0,bus-3-bus-4-i_6,-171.08342107831928
2020-09-22T13:00:00.0,bus-3-bus-4-i_6,-150.27769821683643
2020-09-22T14:00:00.0,bus-3-bus-4-i_6,-152.1260803849157
2020-09-22T15:00:00.0,bus-3-bus-4-i_6,-152.8550088820702
2020-09-22T16:00:00.0,bus-3-bus-4-i_6,-152.0129327703015
2020-09-22T17:00:00.0,bus-3-bus-4-i_6,-150.65066366661685
2020-09-22T18:00:00.0,bus-3-bus-4-i_6,-151.52883443152493
2020-09-22T19:00:00.0,bus-3-bus-4-i_6,-150.24659294177997
2020-09-22T20:00:00.0,bus-3-bus-4-i_6,-171.6158985672277
2020-09-22T21:00:00.0,bus-3-bus-4-i_6,-85.40548294908365
2020-09-22T22:00:00.0,bus-3-bus-4-i_6,-70.05210304679463
2020-09-22T23:00:00.0,bus-3-bus-4-i_6,-69.3966354583567
2020-09-23T00:00:00.0,bus-3-bus-4-i_6,-69.01559623935283
2020-09-23T01:00:00.0,bus-3-bus-4-i_6,-68.70875052280219
2020-09-23T02:00:00.0,bus-3-bus-4-i_6,-68.5734641780746
2020-09-23T03:00:00.0,bus-3-bus-4-i_6,-68.59423319767518
2020-09-23T04:00:00.0,bus-3-bus-4-i_6,-68.78122859728535
2020-09-23T05:00:00.0,bus-3-bus-4-i_6,-69.02307066748534
2020-09-23T06:00:00.0,bus-3-bus-4-i_6,-69.11227874196673
2020-09-23T07:00:00.0,bus-3-bus-4-i_6,-69.5542081222467
2020-09-23T08:00:00.0,bus-3-bus-4-i_6,-69.95476380136196
2020-09-23T09:00:00.0,bus-3-bus-4-i_6,-70.16519908649809
2020-09-23T10:00:00.0,bus-3-bus-4-i_6,-70.40495135055585
2020-09-23T11:00:00.0,bus-3-bus-4-i_6,-70.65139189576328
2020-09-23T12:00:00.0,bus-3-bus-4-i_6,-70.80178193150704
2020-09-23T13:00:00.0,bus-3-bus-4-i_6,-92.34976022715946
2020-09-23T14:00:00.0,bus-3-bus-4-i_6,-151.37822436618342
2020-09-23T15:00:00.0,bus-3-bus-4-i_6,-151.91417651138056
2020-09-23T16:00:00.0,bus-3-bus-4-i_6,-73.61228206067443
2020-09-23T17:00:00.0,bus-3-bus-4-i_6,-70.64830713803474
2020-09-23T18:00:00.0,bus-3-bus-4-i_6,-151.163894121325
2020-09-23T19:00:00.0,bus-3-bus-4-i_6,-70.79199915525578
2020-09-23T20:00:00.0,bus-3-bus-4-i_6,-70.20321263879907
2020-09-23T21:00:00.0,bus-3-bus-4-i_6,-69.62749436538631
2020-09-23T22:00:00.0,bus-3-bus-4-i_6,-68.98708157204776
2020-09-23T23:00:00.0,bus-3-bus-4-i_6,-68.6034902180926
2020-09-24T00:00:00.0,bus-3-bus-4-i_6,-68.30003715144973
2020-09-24T01:00:00.0,bus-3-bus-4-i_6,-68.12684294466031
2020-09-24T02:00:00.0,bus-3-bus-4-i_6,-68.0581915198185
2020-09-24T03:00:00.0,bus-3-bus-4-i_6,-68.0468468707594
2020-09-24T04:00:00.0,bus-3-bus-4-i_6,-68.29132805883573
2020-09-24T05:00:00.0,bus-3-bus-4-i_6,-68.45957740963846
2020-09-24T06:00:00.0,bus-3-bus-4-i_6,-68.52076122589364
2020-09-24T07:00:00.0,bus-3-bus-4-i_6,-68.88261547752839
2020-09-24T08:00:00.0,bus-3-bus-4-i_6,-69.20006121065595
2020-09-24T09:00:00.0,bus-3-bus-4-i_6,-69.33354770174545
2020-09-24T10:00:00.0,bus-3-bus-4-i_6,-69.72912355942296
2020-09-24T11:00:00.0,bus-3-bus-4-i_6,-69.98898687176904
2020-09-24T12:00:00.0,bus-3-bus-4-i_6,-70.33026777557288
2020-09-24T13:00:00.0,bus-3-bus-4-i_6,-70.75395528624986
2020-09-24T14:00:00.0,bus-3-bus-4-i_6,-153.57720742165534
2020-09-24T15:00:00.0,bus-3-bus-4-i_6,-171.02426780075947
2020-09-24T16:00:00.0,bus-3-bus-4-i_6,-167.77412511247655
2020-09-24T17:00:00.0,bus-3-bus-4-i_6,-154.2216138871077
2020-09-24T18:00:00.0,bus-3-bus-4-i_6,-172.4444789019139
2020-09-24T19:00:00.0,bus-3-bus-4-i_6,-167.12489926840072
2020-09-24T20:00:00.0,bus-3-bus-4-i_6,-70.74455093422492
2020-09-24T21:00:00.0,bus-3-bus-4-i_6,-70.06075151442204
2020-09-24T22:00:00.0,bus-3-bus-4-i_6,-69.37411204030957
2020-09-24T23:00:00.0,bus-3-bus-4-i_6,-68.87657189454812
2020-09-25T00:00:00.0,bus-3-bus-4-i_6,-68.5481914555073
2020-09-25T01:00:00.0,bus-3-bus-4-i_6,-68.35813228992001
2020-09-25T02:00:00.0,bus-3-bus-4-i_6,-68.28046451766869
2020-09-25T03:00:00.0,bus-3-bus-4-i_6,-68.30984251115248
2020-09-25T04:00:00.0,bus-3-bus-4-i_6,-68.51848196336722
2020-09-25T05:00:00.0,bus-3-bus-4-i_6,-68.77405507284848
2020-09-25T06:00:00.0,bus-3-bus-4-i_6,-68.81847320154229
2020-09-25T07:00:00.0,bus-3-bus-4-i_6,-69.15407545247217
2020-09-25T08:00:00.0,bus-3-bus-4-i_6,-69.4935775568994
2020-09-25T09:00:00.0,bus-3-bus-4-i_6,-69.54732693658548
2020-09-25T10:00:00.0,bus-3-bus-4-i_6,-69.72083167265721
2020-09-25T11:00:00.0,bus-3-bus-4-i_6,-69.83330159817365
2020-09-25T12:00:00.0,bus-3-bus-4-i_6,-69.95476380136196
2020-09-25T13:00:00.0,bus-3-bus-4-i_6,-70.13023795469297
2020-09-25T14:00:00.0,bus-3-bus-4-i_6,-70.21201244677746
2020-09-25T15:00:00.0,bus-3-bus-4-i_6,-70.23847305656241
2020-09-25T16:00:00.0,bus-3-bus-4-i_6,-70.02909762649026
2020-09-25T17:00:00.0,bus-3-bus-4-i_6,-69.98898687176904
2020-09-25T18:00:00.0,bus-3-bus-4-i_6,-70.42902056356581
2020-09-25T19:00:00.0,bus-3-bus-4-i_6,-70.226729568364
2020-09-25T20:00:00.0,bus-3-bus-4-i_6,-69.12747277134213
2020-09-25T21:00:00.0,bus-3-bus-4-i_6,-69.399276779735
2020-09-25T22:00:00.0,bus-3-bus-4-i_6,-68.94755394549615
2020-09-25T23:00:00.0,bus-3-bus-4-i_6,-68.53674443640546
2020-09-26T00:00:00.0,bus-3-bus-4-i_6,-68.23188185921146
2020-09-26T01:00:00.0,bus-3-bus-4-i_6,-68.08095250269106
2020-09-26T02:00:00.0,bus-3-bus-4-i_6,-67.9825332137733
2020-09-26T03:00:00.0,bus-3-bus-4-i_6,-67.96130506311391
2020-09-26T04:00:00.0,bus-3-bus-4-i_6,-67.97948473168978
2020-09-26T05:00:00.0,bus-3-bus-4-i_6,-67.93019930310757
2020-09-26T06:00:00.0,bus-3-bus-4-i_6,-67.9492309577177
2020-09-26T07:00:00.0,bus-3-bus-4-i_6,-68.32407089675925
2020-09-26T08:00:00.0,bus-3-bus-4-i_6,-68.6570332531187
2020-09-26T09:00:00.0,bus-3-bus-4-i_6,-68.78122859728535
2020-09-26T10:00:00.0,bus-3-bus-4-i_6,-68.9549455864385
2020-09-26T11:00:00.0,bus-3-bus-4-i_6,-69.13120563260398
2020-09-26T12:00:00.0,bus-3-bus-4-i_6,-69.2852200057117
2020-09-26T13:00:00.0,bus-3-bus-4-i_6,-69.5069762258681
2020-09-26T14:00:00.0,bus-3-bus-4-i_6,-69.73860146353965
2020-09-26T15:00:00.0,bus-3-bus-4-i_6,-69.81650500325418
2020-09-26T16:00:00.0,bus-3-bus-4-i_6,-69.74413975135292
2020-09-26T17:00:00.0,bus-3-bus-4-i_6,-69.70272033547636
2020-09-26T18:00:00.0,bus-3-bus-4-i_6,-70.11281190714263
2020-09-26T19:00:00.0,bus-3-bus-4-i_6,-69.92802655879015
2020-09-26T20:00:00.0,bus-3-bus-4-i_6,-69.57313731577403
2020-09-26T21:00:00.0,bus-3-bus-4-i_6,-69.24637480269232
2020-09-26T22:00:00.0,bus-3-bus-4-i_6,-68.8401917392407
2020-09-26T23:00:00.0,bus-3-bus-4-i_6,-68.44718957394483
2020-09-27T00:00:00.0,bus-3-bus-4-i_6,-68.17110573056543
2020-09-27T01:00:00.0,bus-3-bus-4-i_6,-67.96937476539418
2020-09-27T02:00:00.0,bus-3-bus-4-i_6,-67.88250017385248
2020-09-27T03:00:00.0,bus-3-bus-4-i_6,-67.82953762906293
2020-09-27T04:00:00.0,bus-3-bus-4-i_6,-67.8627981216846
2020-09-27T05:00:00.0,bus-3-bus-4-i_6,-67.76772557761947
2020-09-27T06:00:00.0,bus-3-bus-4-i_6,-67.74384987840341
2020-09-27T07:00:00.0,bus-3-bus-4-i_6,-68.12894054471364
2020-09-27T08:00:00.0,bus-3-bus-4-i_6,-68.48100431043491
2020-09-27T09:00:00.0,bus-3-bus-4-i_6,-68.73357720010623
2020-09-27T10:00:00.0,bus-3-bus-4-i_6,-69.00197136200981
2020-09-27T11:00:00.0,bus-3-bus-4-i_6,-69.30082184296671
2020-09-27T12:00:00.0,bus-3-bus-4-i_6,-69.4935775568994
2020-09-27T13:00:00.0,bus-3-bus-4-i_6,-69.83612792622915
2020-09-27T14:00:00.0,bus-3-bus-4-i_6,-70.11861657481538
2020-09-27T15:00:00.0,bus-3-bus-4-i_6,-70.28574319648484
2020-09-27T16:00:00.0,bus-3-bus-4-i_6,-70.19441738713743
2020-09-27T17:00:00.0,bus-3-bus-4-i_6,-70.16519908649809
2020-09-27T18:00:00.0,bus-3-bus-4-i_6,-70.50665071319095
2020-09-27T19:00:00.0,bus-3-bus-4-i_6,-70.1914883971873
2020-09-27T20:00:00.0,bus-3-bus-4-i_6,-69.70821168294027
2020-09-27T21:00:00.0,bus-3-bus-4-i_6,-69.24121269301374
2020-09-27T22:00:00.0,bus-3-bus-4-i_6,-68.74783207523265
2020-09-27T23:00:00.0,bus-3-bus-4-i_6,-68.33942902619818
2020-09-28T00:00:00.0,bus-3-bus-4-i_6,-68.09966648390834
2020-09-28T01:00:00.0,bus-3-bus-4-i_6,-67.95426814226666
2020-09-28T02:00:00.0,bus-3-bus-4-i_6,-67.91423461911846
2020-09-28T03:00:00.0,bus-3-bus-4-i_6,-67.96533788283404
2020-09-28T04:00:00.0,bus-3-bus-4-i_6,-68.18276199421041
2020-09-28T05:00:00.0,bus-3-bus-4-i_6,-68.42366941302967
2020-09-28T06:00:00.0,bus-3-bus-4-i_6,-68.47085193457416
2020-09-28T07:00:00.0,bus-3-bus-4-i_6,-68.87774699615781
2020-09-28T08:00:00.0,bus-3-bus-4-i_6,-69.26068337049193
2020-09-28T09:00:00.0,bus-3-bus-4-i_6,-69.4855534817413
2020-09-28T10:00:00.0,bus-3-bus-4-i_6,-69.89521994108463
2020-09-28T11:00:00.0,bus-3-bus-4-i_6,-70.26796932909131
2020-09-28T12:00:00.0,bus-3-bus-4-i_6,-70.718607516273
2020-09-28T13:00:00.0,bus-3-bus-4-i_6,-154.75891311991435
2020-09-28T14:00:00.0,bus-3-bus-4-i_6,-173.92527091133027
2020-09-28T15:00:00.0,bus-3-bus-4-i_6,-149.35300441925617
2020-09-28T16:00:00.0,bus-3-bus-4-i_6,-177.8409750388276
2020-09-28T17:00:00.0,bus-3-bus-4-i_6,-174.99228562938268
2020-09-28T18:00:00.0,bus-3-bus-4-i_6,-149.30094046246367
2020-09-28T19:00:00.0,bus-3-bus-4-i_6,-169.84166033544693
2020-09-28T20:00:00.0,bus-3-bus-4-i_6,-70.78238404186772
2020-09-28T21:00:00.0,bus-3-bus-4-i_6,-70.03771835824588
2020-09-28T22:00:00.0,bus-3-bus-4-i_6,-69.35976331666332
2020-09-28T23:00:00.0,bus-3-bus-4-i_6,-68.83652819624037
2020-09-29T00:00:00.0,bus-3-bus-4-i_6,-68.48100431043491
2020-09-29T01:00:00.0,bus-3-bus-4-i_6,-68.29350381283939
2020-09-29T02:00:00.0,bus-3-bus-4-i_6,-68.19765470069416
2020-09-29T03:00:00.0,bus-3-bus-4-i_6,-68.23188185921146
2020-09-29T04:00:00.0,bus-3-bus-4-i_6,-68.46068804641519
2020-09-29T05:00:00.0,bus-3-bus-4-i_6,-68.6640567014546
2020-09-29T06:00:00.0,bus-3-bus-4-i_6,-68.77767346662395
2020-09-29T07:00:00.0,bus-3-bus-4-i_6,-69.22197587188332
2020-09-29T08:00:00.0,bus-3-bus-4-i_6,-69.72635856592487
2020-09-29T09:00:00.0,bus-3-bus-4-i_6,-70.06940548421863
2020-09-29T10:00:00.0,bus-3-bus-4-i_6,-70.61752046181343
2020-09-29T11:00:00.0,bus-3-bus-4-i_6,-166.41700683879935
2020-09-29T12:00:00.0,bus-3-bus-4-i_6,-149.0467794933753
2020-09-29T13:00:00.0,bus-3-bus-4-i_6,-151.51852303532084
2020-09-29T14:00:00.0,bus-3-bus-4-i_6,-153.397570455999
2020-09-29T15:00:00.0,bus-3-bus-4-i_6,-154.57020896976994
2020-09-29T16:00:00.0,bus-3-bus-4-i_6,-153.86738505829715
2020-09-29T17:00:00.0,bus-3-bus-4-i_6,-152.64992018322738
2020-09-29T18:00:00.0,bus-3-bus-4-i_6,-152.86525830738293
2020-09-29T19:00:00.0,bus-3-bus-4-i_6,-150.85760374320333
2020-09-29T20:00:00.0,bus-3-bus-4-i_6,-172.08929101016474
2020-09-29T21:00:00.0,bus-3-bus-4-i_6,-70.7792010597112
2020-09-29T22:00:00.0,bus-3-bus-4-i_6,-69.9037015319397
2020-09-29T23:00:00.0,bus-3-bus-4-i_6,-69.17702731427502
2020-09-30T00:00:00.0,bus-3-bus-4-i_6,-68.79560313505024
2020-09-30T01:00:00.0,bus-3-bus-4-i_6,-68.5424142467582
2020-09-30T02:00:00.0,bus-3-bus-4-i_6,-68.40135882146171
2020-09-30T03:00:00.0,bus-3-bus-4-i_6,-68.40914195260189
2020-09-30T04:00:00.0,bus-3-bus-4-i_6,-68.63834871758723
2020-09-30T05:00:00.0,bus-3-bus-4-i_6,-68.8680221886675
2020-09-30T06:00:00.0,bus-3-bus-4-i_6,-68.96728529533915
2020-09-30T07:00:00.0,bus-3-bus-4-i_6,-69.50307918900293
2020-09-30T08:00:00.0,bus-3-bus-4-i_6,-70.10121462944265
2020-09-30T09:00:00.0,bus-3-bus-4-i_6,-70.57154394692935
2020-09-30T10:00:00.0,bus-3-bus-4-i_6,-153.84566540742856
2020-09-30T11:00:00.0,bus-3-bus-4-i_6,-149.33217906031206
2020-09-30T12:00:00.0,bus-3-bus-4-i_6,-151.98206431583117
2020-09-30T13:00:00.0,bus-3-bus-4-i_6,-154.315825931607
2020-09-30T14:00:00.0,bus-3-bus-4-i_6,-155.99931414759718
2020-09-30T15:00:00.0,bus-3-bus-4-i_6,-156.52394456878486
2020-09-30T16:00:00.0,bus-3-bus-4-i_6,-155.49363240702627
2020-09-30T17:00:00.0,bus-3-bus-4-i_6,-154.1324848349192
2020-09-30T18:00:00.0,bus-3-bus-4-i_6,-153.46912923343154
2020-09-30T19:00:00.0,bus-3-bus-4-i_6,-151.27090672743907
2020-09-30T20:00:00.0,bus-3-bus-4-i_6,-172.7997451602449
2020-09-30T21:00:00.0,bus-3-bus-4-i_6,-73.90651646825913
2020-09-30T22:00:00.0,bus-3-bus-4-i_6,-69.91782941309414
2020-09-30T23:00:00.0,bus-3-bus-4-i_6,-69.21032473433249
2020-10-01T00:00:00.0,bus-3-bus-4-i_6,-68.9549455864385
2020-10-01T01:00:00.0,bus-3-bus-4-i_6,-68.63135876744394
2020-10-01T02:00:00.0,bus-3-bus-4-i_6,-68.37138743288867
2020-10-01T03:00:00.0,bus-3-bus-4-i_6,-68.39578332955618
2020-10-01T04:00:00.0,bus-3-bus-4-i_6,-68.7240956026991
2020-10-01T05:00:00.0,bus-3-bus-4-i_6,-69.04805124608578
2020-10-01T06:00:00.0,bus-3-bus-4-i_6,-69.1617169200959
2020-10-01T07:00:00.0,bus-3-bus-4-i_6,-69.74413975135292
2020-10-01T08:00:00.0,bus-3-bus-4-i_6,-70.30352569167198
2020-10-01T09:00:00.0,bus-3-bus-4-i_6,-70.76969596654612
2020-10-01T10:00:00.0,bus-3-bus-4-i_6,-166.6528953228572
2020-10-01T11:00:00.0,bus-3-bus-4-i_6,-176.41606437176583
2020-10-01T12:00:00.0,bus-3-bus-4-i_6,-150.02871242917405
2020-10-01T13:00:00.0,bus-3-bus-4-i_6,-150.74380877514696
2020-10-01T14:00:00.0,bus-3-bus-4-i_6,-151.02301627893632
2020-10-01T15:00:00.0,bus-3-bus-4-i_6,-151.0436842861137
2020-10-01T16:00:00.0,bus-3-bus-4-i_6,-150.81623157772813
2020-10-01T17:00:00.0,bus-3-bus-4-i_6,-150.6403118557988
2020-10-01T18:00:00.0,bus-3-bus-4-i_6,-150.52641030511396
2020-10-01T19:00:00.0,bus-3-bus-4-i_6,-149.67551459930002
2020-10-01T20:00:00.0,bus-3-bus-4-i_6,-172.91825402093332
2020-10-01T21:00:00.0,bus-3-bus-4-i_6,-151.6461713156919
2020-10-01T22:00:00.0,bus-3-bus-4-i_6,-70.32134471355525
2020-10-01T23:00:00.0,bus-3-bus-4-i_6,-69.52725255441791
2020-10-02T00:00:00.0,bus-3-bus-4-i_6,-69.01440741739276
2020-10-02T01:00:00.0,bus-3-bus-4-i_6,-68.68753410797119
2020-10-02T02:00:00.0,bus-3-bus-4-i_6,-68.46859500880885
2020-10-02T03:00:00.0,bus-3-bus-4-i_6,-68.48553019275928
2020-10-02T04:00:00.0,bus-3-bus-4-i_6,-68.75973536931994
2020-10-02T05:00:00.0,bus-3-bus-4-i_6,-69.07193980723008
2020-10-02T06:00:00.0,bus-3-bus-4-i_6,-69.11227874196673
2020-10-02T07:00:00.0,bus-3-bus-4-i_6,-69.67676230727257
2020-10-02T08:00:00.0,bus-3-bus-4-i_6,-70.27388027971958
2020-10-02T09:00:00.0,bus-3-bus-4-i_6,-70.7728582531841
2020-10-02T10:00:00.0,bus-3-bus-4-i_6,-154.4364989335695
2020-10-02T11:00:00.0,bus-3-bus-4-i_6,-175.11088854526128
2020-10-02T12:00:00.0,bus-3-bus-4-i_6,-149.86257029394983
2020-10-02T13:00:00.0,bus-3-bus-4-i_6,-150.6403118557988
2020-10-02T14:00:00.0,bus-3-bus-4-i_6,-151.0540175760675
2020-10-02T15:00:00.0,bus-3-bus-4-i_6,-151.10567341550993
2020-10-02T16:00:00.0,bus-3-bus-4-i_6,-150.97133452696855
2020-10-02T17:00:00.0,bus-3-bus-4-i_6,-150.68171631552474
2020-10-02T18:00:00.0,bus-3-bus-4-i_6,-150.41245429249602
2020-10-02T19:00:00.0,bus-3-bus-4-i_6,-149.39464246007407
2020-10-02T20:00:00.0,bus-3-bus-4-i_6,-171.02426780075947
2020-10-02T21:00:00.0,bus-3-bus-4-i_6,-151.6461713156919
2020-10-02T22:00:00.0,bus-3-bus-4-i_6,-70.41599881174044
2020-10-02T23:00:00.0,bus-3-bus-4-i_6,-69.6971916699179
2020-10-03T00:00:00.0,bus-3-bus-4-i_6,-69.19117410978824
2020-10-03T01:00:00.0,bus-3-bus-4-i_6,-68.82329245423303
2020-10-03T02:00:00.0,bus-3-bus-4-i_6,-68.55048390262859
2020-10-03T03:00:00.0,bus-3-bus-4-i_6,-68.40914195260189
2020-10-03T04:00:00.0,bus-3-bus-4-i_6,-68.40914195260189
2020-10-03T05:00:00.0,bus-3-bus-4-i_6,-68.39800725833811
2020-10-03T06:00:00.0,bus-3-bus-4-i_6,-68.29350381283939
2020-10-03T07:00:00.0,bus-3-bus-4-i_6,-68.85956606926396
2020-10-03T08:00:00.0,bus-3-bus-4-i_6,-69.66973452421638
2020-10-03T09:00:00.0,bus-3-bus-4-i_6,-70.06940548421863
2020-10-03T10:00:00.0,bus-3-bus-4-i_6,-73.33553447461219
2020-10-03T11:00:00.0,bus-3-bus-4-i_6,-169.2506142277826
2020-10-03T12:00:00.0,bus-3-bus-4-i_6,-149.29052634954925
2020-10-03T13:00:00.0,bus-3-bus-4-i_6,-150.3709973385167
2020-10-03T14:00:00.0,bus-3-bus-4-i_6,-150.76450245753819
2020-10-03T15:00:00.0,bus-3-bus-4-i_6,-150.6920662475454
2020-10-03T16:00:00.0,bus-3-bus-4-i_6,-150.28806623729176
2020-10-03T17:00:00.0,bus-3-bus-4-i_6,-150.09098453560927
2020-10-03T18:00:00.0,bus-3-bus-4-i_6,-150.08058444537147
2020-10-03T19:00:00.0,bus-3-bus-4-i_6,-149.38423538260193
2020-10-03T20:00:00.0,bus-3-bus-4-i_6,-172.38527546904203
2020-10-03T21:00:00.0,bus-3-bus-4-i_6,-154.2216138871077
2020-10-03T22:00:00.0,bus-3-bus-4-i_6,-70.718607516273
2020-10-03T23:00:00.0,bus-3-bus-4-i_6,-70.09831800747939
2020-10-04T00:00:00.0,bus-3-bus-4-i_6,-69.6971916699179
2020-10-04T01:00:00.0,bus-3-bus-4-i_6,-69.35309104545757
2020-10-04T02:00:00.0,bus-3-bus-4-i_6,-69.12747277134213
2020-10-04T03:00:00.0,bus-3-bus-4-i_6,-68.9500168173019
2020-10-04T04:00:00.0,bus-3-bus-4-i_6,-68.93152313303901
2020-10-04T05:00:00.0,bus-3-bus-4-i_6,-68.16264021395646
2020-10-04T06:00:00.0,bus-3-bus-4-i_6,-68.73004909533446
2020-10-04T07:00:00.0,bus-3-bus-4-i_6,-67.97443717597929
2020-10-04T08:00:00.0,bus-3-bus-4-i_6,-69.65208728511791
2020-10-04T09:00:00.0,bus-3-bus-4-i_6,-69.86981889851182
2020-10-04T10:00:00.0,bus-3-bus-4-i_6,-70.5991014506602
2020-10-04T11:00:00.0,bus-3-bus-4-i_6,-74.9163900321465
2020-10-04T12:00:00.0,bus-3-bus-4-i_6,-166.12191046175235
2020-10-04T13:00:00.0,bus-3-bus-4-i_6,-169.36879214975286
2020-10-04T14:00:00.0,bus-3-bus-4-i_6,-170.66932463436802
2020-10-04T15:00:00.0,bus-3-bus-4-i_6,-171.3791508726751
2020-10-04T16:00:00.0,bus-3-bus-4-i_6,-171.3791508726751
2020-10-04T17:00:00.0,bus-3-bus-4-i_6,-176.35671781956725
2020-10-04T18:00:00.0,bus-3-bus-4-i_6,-164.15147458612802
2020-10-04T19:00:00.0,bus-3-bus-4-i_6,-176.83156691298416
2020-10-04T20:00:00.0,bus-3-bus-4-i_6,-172.50368451612852
2020-10-04T21:00:00.0,bus-3-bus-4-i_6,-152.39674243329384
2020-10-04T22:00:00.0,bus-3-bus-4-i_6,-70.48937608723085
2020-10-04T23:00:00.0,bus-3-bus-4-i_6,-69.91782941309414
2020-10-05T00:00:00.0,bus-3-bus-4-i_6,-69.4855534817413
2020-10-05T01:00:00.0,bus-3-bus-4-i_6,-69.10974995324779
2020-10-05T02:00:00.0,bus-3-bus-4-i_6,-68.89968708130914
2020-10-05T03:00:00.0,bus-3-bus-4-i_6,-68.95612900603174
2020-10-05T04:00:00.0,bus-3-bus-4-i_6,-69.30863641707026
2020-10-05T05:00:00.0,bus-3-bus-4-i_6,-69.81254396989692
2020-10-05T06:00:00.0,bus-3-bus-4-i_6,-69.88675336974728
2020-10-05T07:00:00.0,bus-3-bus-4-i_6,-70.30053159968679
2020-10-05T08:00:00.0,bus-3-bus-4-i_6,-70.74349398748473
2020-10-05T09:00:00.0,bus-3-bus-4-i_6,-154.38277364675494
2020-10-05T10:00:00.0,bus-3-bus-4-i_6,-170.84675175492922
2020-10-05T11:00:00.0,bus-3-bus-4-i_6,-173.92527091133027
2020-10-05T12:00:00.0,bus-3-bus-4-i_6,-176.41606437176583
2020-10-05T13:00:00.0,bus-3-bus-4-i_6,-149.40505360641626
2020-10-05T14:00:00.0,bus-3-bus-4-i_6,-150.02871242917405
2020-10-05T15:00:00.0,bus-3-bus-4-i_6,-150.26732927179393
2020-10-05T16:00:00.0,bus-3-bus-4-i_6,-149.9871881915312
2020-10-05T17:00:00.0,bus-3-bus-4-i_6,-149.88334720789257
2020-10-05T18:00:00.0,bus-3-bus-4-i_6,-150.15323954066835
2020-10-05T19:00:00.0,bus-3-bus-4-i_6,-149.58187668668356
2020-10-05T20:00:00.0,bus-3-bus-4-i_6,-173.56991421842477
2020-10-05T21:00:00.0,bus-3-bus-4-i_6,-96.51265160645583
2020-10-05T22:00:00.0,bus-3-bus-4-i_6,-70.20614339425882
2020-10-05T23:00:00.0,bus-3-bus-4-i_6,-69.54461035751692
2020-10-06T00:00:00.0,bus-3-bus-4-i_6,-69.04805124608578
2020-10-06T01:00:00.0,bus-3-bus-4-i_6,-68.72294045086733
2020-10-06T02:00:00.0,bus-3-bus-4-i_6,-68.55048390262859
2020-10-06T03:00:00.0,bus-3-bus-4-i_6,-68.5734641780746
2020-10-06T04:00:00.0,bus-3-bus-4-i_6,-68.87657189454812
2020-10-06T05:00:00.0,bus-3-bus-4-i_6,-69.1617169200959
2020-10-06T06:00:00.0,bus-3-bus-4-i_6,-69.1376223939612
2020-10-06T07:00:00.0,bus-3-bus-4-i_6,-69.79137825905846
2020-10-06T08:00:00.0,bus-3-bus-4-i_6,-70.44611487904989
2020-10-06T09:00:00.0,bus-3-bus-4-i_6,-151.69976749895727
2020-10-06T10:00:00.0,bus-3-bus-4-i_6,-172.38527546904203
2020-10-06T11:00:00.0,bus-3-bus-4-i_6,-157.97411670620684
2020-10-06T12:00:00.0,bus-3-bus-4-i_6,-150.1739903397948
2020-10-06T13:00:00.0,bus-3-bus-4-i_6,-150.60925963887405
2020-10-06T14:00:00.0,bus-3-bus-4-i_6,-150.7231131906406
2020-10-06T15:00:00.0,bus-3-bus-4-i_6,-150.65066366661685
2020-10-06T16:00:00.0,bus-3-bus-4-i_6,-150.25695985159055
2020-10-06T17:00:00.0,bus-3-bus-4-i_6,-150.40209152080885
2020-10-06T18:00:00.0,bus-3-bus-4-i_6,-150.56783570642835
2020-10-06T19:00:00.0,bus-3-bus-4-i_6,-150.07022906687473
2020-10-06T20:00:00.0,bus-3-bus-4-i_6,-175.82267234039824
2020-10-06T21:00:00.0,bus-3-bus-4-i_6,-152.0213958431481
2020-10-06T22:00:00.0,bus-3-bus-4-i_6,-70.29756635684592
2020-10-06T23:00:00.0,bus-3-bus-4-i_6,-69.64114695541494
2020-10-07T00:00:00.0,bus-3-bus-4-i_6,-69.21426174224598
2020-10-07T01:00:00.0,bus-3-bus-4-i_6,-68.83652819624037
2020-10-07T02:00:00.0,bus-3-bus-4-i_6,-68.65937338941347
2020-10-07T03:00:00.0,bus-3-bus-4-i_6,-68.66874407621795
2020-10-07T04:00:00.0,bus-3-bus-4-i_6,-69.004456553063
2020-10-07T05:00:00.0,bus-3-bus-4-i_6,-69.3834440107289
2020-10-07T06:00:00.0,bus-3-bus-4-i_6,-69.33998580320724
2020-10-07T07:00:00.0,bus-3-bus-4-i_6,-69.6971916699179
2020-10-07T08:00:00.0,bus-3-bus-4-i_6,-70.07517995427965
2020-10-07T09:00:00.0,bus-3-bus-4-i_6,-70.71334692263613
2020-10-07T10:00:00.0,bus-3-bus-4-i_6,-154.54395787460422
2020-10-07T11:00:00.0,bus-3-bus-4-i_6,-170.55105079058538
2020-10-07T12:00:00.0,bus-3-bus-4-i_6,-175.585375678451
2020-10-07T13:00:00.0,bus-3-bus-4-i_6,-149.31135389507295
2020-10-07T14:00:00.0,bus-3-bus-4-i_6,-149.5300818777393
2020-10-07T15:00:00.0,bus-3-bus-4-i_6,-149.8002363423866
2020-10-07T16:00:00.0,bus-3-bus-4-i_6,-149.4674967662463
2020-10-07T17:00:00.0,bus-3-bus-4-i_6,-149.70670123331553
2020-10-07T18:00:00.0,bus-3-bus-4-i_6,-150.08058444537147
2020-10-07T19:00:00.0,bus-3-bus-4-i_6,-149.72748994820702
2020-10-07T20:00:00.0,bus-3-bus-4-i_6,-175.22949791631933
2020-10-07T21:00:00.0,bus-3-bus-4-i_6,-153.25514121098723
2020-10-07T22:00:00.0,bus-3-bus-4-i_6,-70.42297459852503
2020-10-07T23:00:00.0,bus-3-bus-4-i_6,-69.69325791437693
2020-10-08T00:00:00.0,bus-3-bus-4-i_6,-69.21032473433249
2020-10-08T01:00:00.0,bus-3-bus-4-i_6,-68.86559351630952
2020-10-08T02:00:00.0,bus-3-bus-4-i_6,-68.68868401387252
2020-10-08T03:00:00.0,bus-3-bus-4-i_6,-68.68162906390643
2020-10-08T04:00:00.0,bus-3-bus-4-i_6,-68.99204079392587
2020-10-08T05:00:00.0,bus-3-bus-4-i_6,-69.47219526134339
2020-10-08T06:00:00.0,bus-3-bus-4-i_6,-69.4855534817413
2020-10-08T07:00:00.0,bus-3-bus-4-i_6,-69.680691962274
2020-10-08T08:00:00.0,bus-3-bus-4-i_6,-69.96214850196166
2020-10-08T09:00:00.0,bus-3-bus-4-i_6,-70.14769973836017
2020-10-08T10:00:00.0,bus-3-bus-4-i_6,-70.17393564240626
2020-10-08T11:00:00.0,bus-3-bus-4-i_6,-70.1099113465889
2020-10-08T12:00:00.0,bus-3-bus-4-i_6,-70.04059369195585
2020-10-08T13:00:00.0,bus-3-bus-4-i_6,-70.03771835824588
2020-10-08T14:00:00.0,bus-3-bus-4-i_6,-69.96328255240414
2020-10-08T15:00:00.0,bus-3-bus-4-i_6,-69.93484415965001
2020-10-08T16:00:00.0,bus-3-bus-4-i_6,-69.88392911451331
2020-10-08T17:00:00.0,bus-3-bus-4-i_6,-70.28867664221976
2020-10-08T18:00:00.0,bus-3-bus-4-i_6,-70.63289986695108
2020-10-08T19:00:00.0,bus-3-bus-4-i_6,-70.59297008731917
2020-10-08T20:00:00.0,bus-3-bus-4-i_6,-70.1914883971873
2020-10-08T21:00:00.0,bus-3-bus-4-i_6,-69.65482491165193
2020-10-08T22:00:00.0,bus-3-bus-4-i_6,-69.00694275189001
2020-10-08T23:00:00.0,bus-3-bus-4-i_6,-68.47874285523972
2020-10-09T00:00:00.0,bus-3-bus-4-i_6,-68.20940151783887
2020-10-09T01:00:00.0,bus-3-bus-4-i_6,-68.00181597411515
2020-10-09T02:00:00.0,bus-3-bus-4-i_6,-67.93019930310757
2020-10-09T03:00:00.0,bus-3-bus-4-i_6,-68.01916636836874
2020-10-09T04:00:00.0,bus-3-bus-4-i_6,-68.30876247703179
2020-10-09T05:00:00.0,bus-3-bus-4-i_6,-68.7240956026991
2020-10-09T06:00:00.0,bus-3-bus-4-i_6,-68.67457850117793
2020-10-09T07:00:00.0,bus-3-bus-4-i_6,-68.9796503595321
2020-10-09T08:00:00.0,bus-3-bus-4-i_6,-69.40312162994849
2020-10-09T09:00:00.0,bus-3-bus-4-i_6,-69.88675336974728
2020-10-09T10:00:00.0,bus-3-bus-4-i_6,-70.08095423224177
2020-10-09T11:00:00.0,bus-3-bus-4-i_6,-70.28867664221976
2020-10-09T12:00:00.0,bus-3-bus-4-i_6,-70.38995755994858
2020-10-09T13:00:00.0,bus-3-bus-4-i_6,-70.516680538256
2020-10-09T14:00:00.0,bus-3-bus-4-i_6,-70.56848686206578
2020-10-09T15:00:00.0,bus-3-bus-4-i_6,-70.36004799109818
2020-10-09T16:00:00.0,bus-3-bus-4-i_6,-70.01761708273895
2020-10-09T17:00:00.0,bus-3-bus-4-i_6,-70.182707485879
2020-10-09T18:00:00.0,bus-3-bus-4-i_6,-70.42803309831707
2020-10-09T19:00:00.0,bus-3-bus-4-i_6,-70.25910986305985
2020-10-09T20:00:00.0,bus-3-bus-4-i_6,-69.97756318272579
2020-10-09T21:00:00.0,bus-3-bus-4-i_6,-69.33354770174545
2020-10-09T22:00:00.0,bus-3-bus-4-i_6,-68.75381055893804
2020-10-09T23:00:00.0,bus-3-bus-4-i_6,-68.24693790689898
2020-10-10T00:00:00.0,bus-3-bus-4-i_6,-67.941211071033
2020-10-10T01:00:00.0,bus-3-bus-4-i_6,-67.63060799498722
2020-10-10T02:00:00.0,bus-3-bus-4-i_6,-67.54160507495675
2020-10-10T03:00:00.0,bus-3-bus-4-i_6,-67.48128070414053
2020-10-10T04:00:00.0,bus-3-bus-4-i_6,-67.54519012350025
2020-10-10T05:00:00.0,bus-3-bus-4-i_6,-67.57401672831273
2020-10-10T06:00:00.0,bus-3-bus-4-i_6,-67.47250849114201
2020-10-10T07:00:00.0,bus-3-bus-4-i_6,-67.83733722677518
2020-10-10T08:00:00.0,bus-3-bus-4-i_6,-68.33612253946058
2020-10-10T09:00:00.0,bus-3-bus-4-i_6,-68.68753410797119
2020-10-10T10:00:00.0,bus-3-bus-4-i_6,-68.90828594964637
2020-10-10T11:00:00.0,bus-3-bus-4-i_6,-69.0669157031778
2020-10-10T12:00:00.0,bus-3-bus-4-i_6,-69.26327199206253
2020-10-10T13:00:00.0,bus-3-bus-4-i_6,-69.43370628369253
2020-10-10T14:00:00.0,bus-3-bus-4-i_6,-69.56772389775972
2020-10-10T15:00:00.0,bus-3-bus-4-i_6,-69.66852817221647
2020-10-10T16:00:00.0,bus-3-bus-4-i_6,-69.58788194022576
2020-10-10T17:00:00.0,bus-3-bus-4-i_6,-69.96214850196166
2020-10-10T18:00:00.0,bus-3-bus-4-i_6,-70.18856042198954
2020-10-10T19:00:00.0,bus-3-bus-4-i_6,-69.99754140844612
2020-10-10T20:00:00.0,bus-3-bus-4-i_6,-69.68346178273777
2020-10-10T21:00:00.0,bus-3-bus-4-i_6,-69.24001098764033
2020-10-10T22:00:00.0,bus-3-bus-4-i_6,-68.70402865277822
2020-10-10T23:00:00.0,bus-3-bus-4-i_6,-68.19552413393745
2020-10-11T00:00:00.0,bus-3-bus-4-i_6,-67.87066675791363
2020-10-11T01:00:00.0,bus-3-bus-4-i_6,-67.61774402682599
2020-10-11T02:00:00.0,bus-3-bus-4-i_6,-67.50952242629424
2020-10-11T03:00:00.0,bus-3-bus-4-i_6,-67.4620153218423
2020-10-11T04:00:00.0,bus-3-bus-4-i_6,-67.5281921535769
2020-10-11T05:00:00.0,bus-3-bus-4-i_6,-67.44981949252417
2020-10-11T06:00:00.0,bus-3-bus-4-i_6,-67.3692219518199
2020-10-11T07:00:00.0,bus-3-bus-4-i_6,-67.86673040579001
2020-10-11T08:00:00.0,bus-3-bus-4-i_6,-68.36808319842692
2020-10-11T09:00:00.0,bus-3-bus-4-i_6,-68.85346523107918
2020-10-11T10:00:00.0,bus-3-bus-4-i_6,-69.16681637119213
2020-10-11T11:00:00.0,bus-3-bus-4-i_6,-69.42309435286728
2020-10-11T12:00:00.0,bus-3-bus-4-i_6,-69.64114695541494
2020-10-11T13:00:00.0,bus-3-bus-4-i_6,-69.92066272605608
2020-10-11T14:00:00.0,bus-3-bus-4-i_6,-70.20614339425882
2020-10-11T15:00:00.0,bus-3-bus-4-i_6,-70.30648667287869
2020-10-11T16:00:00.0,bus-3-bus-4-i_6,-70.2208503567112
2020-10-11T17:00:00.0,bus-3-bus-4-i_6,-70.48029240427068
2020-10-11T18:00:00.0,bus-3-bus-4-i_6,-70.66374274851626
2020-10-11T19:00:00.0,bus-3-bus-4-i_6,-70.52275980456449
2020-10-11T20:00:00.0,bus-3-bus-4-i_6,-70.05787128073729
2020-10-11T21:00:00.0,bus-3-bus-4-i_6,-69.41105457927739
2020-10-11T22:00:00.0,bus-3-bus-4-i_6,-68.79203990428027
2020-10-11T23:00:00.0,bus-3-bus-4-i_6,-68.16898782656166
2020-10-12T00:00:00.0,bus-3-bus-4-i_6,-67.8746071679506
2020-10-12T01:00:00.0,bus-3-bus-4-i_6,-67.69004827654778
2020-10-12T02:00:00.0,bus-3-bus-4-i_6,-67.63060799498722
2020-10-12T03:00:00.0,bus-3-bus-4-i_6,-67.72487358150619
2020-10-12T04:00:00.0,bus-3-bus-4-i_6,-68.07266157064466
2020-10-12T05:00:00.0,bus-3-bus-4-i_6,-68.65350051466021
2020-10-12T06:00:00.0,bus-3-bus-4-i_6,-68.70402865277822
2020-10-12T07:00:00.0,bus-3-bus-4-i_6,-69.01440741739276
2020-10-12T08:00:00.0,bus-3-bus-4-i_6,-69.32308985166317
2020-10-12T09:00:00.0,bus-3-bus-4-i_6,-69.79416607998023
2020-10-12T10:00:00.0,bus-3-bus-4-i_6,-70.1099113465889
2020-10-12T11:00:00.0,bus-3-bus-4-i_6,-70.33026777557288
2020-10-12T12:00:00.0,bus-3-bus-4-i_6,-70.60216872564382
2020-10-12T13:00:00.0,bus-3-bus-4-i_6,-70.69470520547921
2020-10-12T14:00:00.0,bus-3-bus-4-i_6,-77.92487499603853
2020-10-12T15:00:00.0,bus-3-bus-4-i_6,-92.34976022715946
2020-10-12T16:00:00.0,bus-3-bus-4-i_6,-73.07323342814414
2020-10-12T17:00:00.0,bus-3-bus-4-i_6,-119.04519277294759
2020-10-12T18:00:00.0,bus-3-bus-4-i_6,-154.114187168073
2020-10-12T19:00:00.0,bus-3-bus-4-i_6,-151.3246408655271
2020-10-12T20:00:00.0,bus-3-bus-4-i_6,-69.26706390501272
2020-10-12T21:00:00.0,bus-3-bus-4-i_6,-69.91782941309414
2020-10-12T22:00:00.0,bus-3-bus-4-i_6,-69.1617169200959
2020-10-12T23:00:00.0,bus-3-bus-4-i_6,-68.63949083935947
2020-10-13T00:00:00.0,bus-3-bus-4-i_6,-68.29350381283939
2020-10-13T01:00:00.0,bus-3-bus-4-i_6,-68.09236894898696
2020-10-13T02:00:00.0,bus-3-bus-4-i_6,-67.97241570008221
2020-10-13T03:00:00.0,bus-3-bus-4-i_6,-67.99470771732406
2020-10-13T04:00:00.0,bus-3-bus-4-i_6,-68.3438262035279
2020-10-13T05:00:00.0,bus-3-bus-4-i_6,-68.86559351630952
2020-10-13T06:00:00.0,bus-3-bus-4-i_6,-68.76211945452368
2020-10-13T07:00:00.0,bus-3-bus-4-i_6,-68.9549455864385
2020-10-13T08:00:00.0,bus-3-bus-4-i_6,-69.29821900599285
2020-10-13T09:00:00.0,bus-3-bus-4-i_6,-69.6971916699179
2020-10-13T10:00:00.0,bus-3-bus-4-i_6,-69.95476380136196
2020-10-13T11:00:00.0,bus-3-bus-4-i_6,-70.22967067741853
2020-10-13T12:00:00.0,bus-3-bus-4-i_6,-70.53493233521087
2020-10-13T13:00:00.0,bus-3-bus-4-i_6,-70.80511005802398
2020-10-13T14:00:00.0,bus-3-bus-4-i_6,-82.76371227265429
2020-10-13T15:00:00.0,bus-3-bus-4-i_6,-76.72337468924184
2020-10-13T16:00:00.0,bus-3-bus-4-i_6,-70.6452234667494
2020-10-13T17:00:00.0,bus-3-bus-4-i_6,-92.4072326497514
2020-10-13T18:00:00.0,bus-3-bus-4-i_6,-151.69976749895727
2020-10-13T19:00:00.0,bus-3-bus-4-i_6,-84.64517970610572
2020-10-13T20:00:00.0,bus-3-bus-4-i_6,-70.4772899607014
2020-10-13T21:00:00.0,bus-3-bus-4-i_6,-69.70821168294027
2020-10-13T22:00:00.0,bus-3-bus-4-i_6,-68.92416120185479
2020-10-13T23:00:00.0,bus-3-bus-4-i_6,-68.36587293982716
2020-10-14T00:00:00.0,bus-3-bus-4-i_6,-68.01507978225433
2020-10-14T01:00:00.0,bus-3-bus-4-i_6,-67.81786867640618
2020-10-14T02:00:00.0,bus-3-bus-4-i_6,-67.69472401436438
2020-10-14T03:00:00.0,bus-3-bus-4-i_6,-67.80817247583069
2020-10-14T04:00:00.0,bus-3-bus-4-i_6,-68.10383631388997
2020-10-14T05:00:00.0,bus-3-bus-4-i_6,-68.55966383873621
2020-10-14T06:00:00.0,bus-3-bus-4-i_6,-68.4550747058315
2020-10-14T07:00:00.0,bus-3-bus-4-i_6,-68.79560313505024
2020-10-14T08:00:00.0,bus-3-bus-4-i_6,-69.2180330459066
2020-10-14T09:00:00.0,bus-3-bus-4-i_6,-69.5921161572438
2020-10-14T10:00:00.0,bus-3-bus-4-i_6,-69.84616746507999
2020-10-14T11:00:00.0,bus-3-bus-4-i_6,-70.07229224369958
2020-10-14T12:00:00.0,bus-3-bus-4-i_6,-70.31733413911986
2020-10-14T13:00:00.0,bus-3-bus-4-i_6,-70.63289986695108
2020-10-14T14:00:00.0,bus-3-bus-4-i_6,-70.7728582531841
2020-10-14T15:00:00.0,bus-3-bus-4-i_6,-71.29636650133071
2020-10-14T16:00:00.0,bus-3-bus-4-i_6,-70.66374274851626
2020-10-14T17:00:00.0,bus-3-bus-4-i_6,-70.79523519863797
2020-10-14T18:00:00.0,bus-3-bus-4-i_6,-92.46200259066994
2020-10-14T19:00:00.0,bus-3-bus-4-i_6,-70.72268852932098
2020-10-14T20:00:00.0,bus-3-bus-4-i_6,-70.18856042198954
2020-10-14T21:00:00.0,bus-3-bus-4-i_6,-69.46030709089086
2020-10-14T22:00:00.0,bus-3-bus-4-i_6,-68.71584092818681
2020-10-14T23:00:00.0,bus-3-bus-4-i_6,-68.20940151783887
2020-10-15T00:00:00.0,bus-3-bus-4-i_6,-67.96130506311391
2020-10-15T01:00:00.0,bus-3-bus-4-i_6,-67.76101537019477
2020-10-15T02:00:00.0,bus-3-bus-4-i_6,-67.68069220044882
2020-10-15T03:00:00.0,bus-3-bus-4-i_6,-67.7802117081562
2020-10-15T04:00:00.0,bus-3-bus-4-i_6,-68.0882102810819
2020-10-15T05:00:00.0,bus-3-bus-4-i_6,-68.44608146885149
2020-10-15T06:00:00.0,bus-3-bus-4-i_6,-68.42366941302967
2020-10-15T07:00:00.0,bus-3-bus-4-i_6,-68.76689051723011
2020-10-15T08:00:00.0,bus-3-bus-4-i_6,-69.14644307855218
2020-10-15T09:00:00.0,bus-3-bus-4-i_6,-69.5542081222467
2020-10-15T10:00:00.0,bus-3-bus-4-i_6,-69.85858747686393
2020-10-15T11:00:00.0,bus-3-bus-4-i_6,-70.03197007828639
2020-10-15T12:00:00.0,bus-3-bus-4-i_6,-70.39895008692119
2020-10-15T13:00:00.0,bus-3-bus-4-i_6,-70.74349398748473
2020-10-15T14:00:00.0,bus-3-bus-4-i_6,-81.00195761065629
2020-10-15T15:00:00.0,bus-3-bus-4-i_6,-92.36905593451024
2020-10-15T16:00:00.0,bus-3-bus-4-i_6,-71.0154881196714
2020-10-15T17:00:00.0,bus-3-bus-4-i_6,-151.2174768531315
2020-10-15T18:00:00.0,bus-3-bus-4-i_6,-151.80696710246312
2020-10-15T19:00:00.0,bus-3-bus-4-i_6,-74.9163900321465
2020-10-15T20:00:00.0,bus-3-bus-4-i_6,-70.36004799109818
2020-10-15T21:00:00.0,bus-3-bus-4-i_6,-69.61931496180699
2020-10-15T22:00:00.0,bus-3-bus-4-i_6,-68.8985095140364
2020-10-15T23:00:00.0,bus-3-bus-4-i_6,-68.33612253946058
2020-10-16T00:00:00.0,bus-3-bus-4-i_6,-68.04994524301736
2020-10-16T01:00:00.0,bus-3-bus-4-i_6,-67.82759026458173
2020-10-16T02:00:00.0,bus-3-bus-4-i_6,-67.73434903651801
2020-10-16T03:00:00.0,bus-3-bus-4-i_6,-67.84710957309562
2020-10-16T04:00:00.0,bus-3-bus-4-i_6,-68.16368727543383
2020-10-16T05:00:00.0,bus-3-bus-4-i_6,-68.5071008963241
2020-10-16T06:00:00.0,bus-3-bus-4-i_6,-68.50367427628008
2020-10-16T07:00:00.0,bus-3-bus-4-i_6,-68.74783207523265
2020-10-16T08:00:00.0,bus-3-bus-4-i_6,-69.1617169200959
2020-10-16T09:00:00.0,bus-3-bus-4-i_6,-69.5069762258681
2020-10-16T10:00:00.0,bus-3-bus-4-i_6,-69.68346178273777
2020-10-16T11:00:00.0,bus-3-bus-4-i_6,-69.86981889851182
2020-10-16T12:00:00.0,bus-3-bus-4-i_6,-70.16519908649809
2020-10-16T13:00:00.0,bus-3-bus-4-i_6,-70.17393564240626
2020-10-16T14:00:00.0,bus-3-bus-4-i_6,-70.09430057514216
2020-10-16T15:00:00.0,bus-3-bus-4-i_6,-70.05498747657819
2020-10-16T16:00:00.0,bus-3-bus-4-i_6,-69.96900586298614
2020-10-16T17:00:00.0,bus-3-bus-4-i_6,-70.41098381575486
2020-10-16T18:00:00.0,bus-3-bus-4-i_6,-70.516680538256
2020-10-16T19:00:00.0,bus-3-bus-4-i_6,-70.25910986305985
2020-10-16T20:00:00.0,bus-3-bus-4-i_6,-69.94338293248106
2020-10-16T21:00:00.0,bus-3-bus-4-i_6,-69.51649871313094
2020-10-16T22:00:00.0,bus-3-bus-4-i_6,-68.94135336508987
2020-10-16T23:00:00.0,bus-3-bus-4-i_6,-68.46859500880885
2020-10-17T00:00:00.0,bus-3-bus-4-i_6,-68.11531416438248
2020-10-17T01:00:00.0,bus-3-bus-4-i_6,-67.90328554365907
2020-10-17T02:00:00.0,bus-3-bus-4-i_6,-67.78788171660048
2020-10-17T03:00:00.0,bus-3-bus-4-i_6,-67.76101537019477
2020-10-17T04:00:00.0,bus-3-bus-4-i_6,-67.8569073039381
2020-10-17T05:00:00.0,bus-3-bus-4-i_6,-67.99267610018723
2020-10-17T06:00:00.0,bus-3-bus-4-i_6,-67.98455975734333
2020-10-17T07:00:00.0,bus-3-bus-4-i_6,-68.54470405698052
2020-10-17T08:00:00.0,bus-3-bus-4-i_6,-68.72294045086733
2020-10-17T09:00:00.0,bus-3-bus-4-i_6,-68.77405507284848
2020-10-17T10:00:00.0,bus-3-bus-4-i_6,-68.85956606926396
2020-10-17T11:00:00.0,bus-3-bus-4-i_6,-68.80280345233837
2020-10-17T12:00:00.0,bus-3-bus-4-i_6,-68.84620049111084
2020-10-17T13:00:00.0,bus-3-bus-4-i_6,-68.8850512432139
2020-10-17T14:00:00.0,bus-3-bus-4-i_6,-68.92416120185479
2020-10-17T15:00:00.0,bus-3-bus-4-i_6,-68.81365801709988
2020-10-17T16:00:00.0,bus-3-bus-4-i_6,-68.83535830856971
2020-10-17T17:00:00.0,bus-3-bus-4-i_6,-69.55690925191927
2020-10-17T18:00:00.0,bus-3-bus-4-i_6,-69.66973452421638
2020-10-17T19:00:00.0,bus-3-bus-4-i_6,-69.55690925191927
2020-10-17T20:00:00.0,bus-3-bus-4-i_6,-69.26706390501272
2020-10-17T21:00:00.0,bus-3-bus-4-i_6,-68.88261547752839
2020-10-17T22:00:00.0,bus-3-bus-4-i_6,-68.43934720353012
2020-10-17T23:00:00.0,bus-3-bus-4-i_6,-68.08718136820625
2020-10-18T00:00:00.0,bus-3-bus-4-i_6,-67.80043378207833
2020-10-18T01:00:00.0,bus-3-bus-4-i_6,-67.61224613490803
2020-10-18T02:00:00.0,bus-3-bus-4-i_6,-67.51217845902386
2020-10-18T03:00:00.0,bus-3-bus-4-i_6,-67.50597799169216
2020-10-18T04:00:00.0,bus-3-bus-4-i_6,-67.5281921535769
2020-10-18T05:00:00.0,bus-3-bus-4-i_6,-67.54519012350025
2020-10-18T06:00:00.0,bus-3-bus-4-i_6,-67.41438771738393
2020-10-18T07:00:00.0,bus-3-bus-4-i_6,-67.75146882086167
2020-10-18T08:00:00.0,bus-3-bus-4-i_6,-68.19765470069416
2020-10-18T09:00:00.0,bus-3-bus-4-i_6,-68.56425989294817
2020-10-18T10:00:00.0,bus-3-bus-4-i_6,-68.78964295467416
2020-10-18T11:00:00.0,bus-3-bus-4-i_6,-68.90584031899441
2020-10-18T12:00:00.0,bus-3-bus-4-i_6,-69.02188121966518
2020-10-18T13:00:00.0,bus-3-bus-4-i_6,-69.15662162437579
2020-10-18T14:00:00.0,bus-3-bus-4-i_6,-69.28781778081748
2020-10-18T15:00:00.0,bus-3-bus-4-i_6,-69.30082184296671
2020-10-18T16:00:00.0,bus-3-bus-4-i_6,-69.27743245441667
2020-10-18T17:00:00.0,bus-3-bus-4-i_6,-69.90087432118975
2020-10-18T18:00:00.0,bus-3-bus-4-i_6,-70.05787128073729
2020-10-18T19:00:00.0,bus-3-bus-4-i_6,-69.90087432118975
2020-10-18T20:00:00.0,bus-3-bus-4-i_6,-69.54191447031775
2020-10-18T21:00:00.0,bus-3-bus-4-i_6,-69.09327164277741
2020-10-18T22:00:00.0,bus-3-bus-4-i_6,-68.49121002203479
2020-10-18T23:00:00.0,bus-3-bus-4-i_6,-68.05200529401402
2020-10-19T00:00:00.0,bus-3-bus-4-i_6,-67.80430109570871
2020-10-19T01:00:00.0,bus-3-bus-4-i_6,-67.61224613490803
2020-10-19T02:00:00.0,bus-3-bus-4-i_6,-67.58307835477582
2020-10-19T03:00:00.0,bus-3-bus-4-i_6,-67.69847736844517
2020-10-19T04:00:00.0,bus-3-bus-4-i_6,-68.03145050766142
2020-10-19T05:00:00.0,bus-3-bus-4-i_6,-68.45282488143184
2020-10-19T06:00:00.0,bus-3-bus-4-i_6,-68.43038236563069
2020-10-19T07:00:00.0,bus-3-bus-4-i_6,-68.70875052280219
2020-10-19T08:00:00.0,bus-3-bus-4-i_6,-69.100840061402
2020-10-19T09:00:00.0,bus-3-bus-4-i_6,-69.45764245215526
2020-10-19T10:00:00.0,bus-3-bus-4-i_6,-69.70272033547636
2020-10-19T11:00:00.0,bus-3-bus-4-i_6,-69.80416088782763
2020-10-19T12:00:00.0,bus-3-bus-4-i_6,-69.98898687176904
2020-10-19T13:00:00.0,bus-3-bus-4-i_6,-70.12621971001832
2020-10-19T14:00:00.0,bus-3-bus-4-i_6,-70.20907752101735
2020-10-19T15:00:00.0,bus-3-bus-4-i_6,-70.20321263879907
2020-10-19T16:00:00.0,bus-3-bus-4-i_6,-70.05787128073729
2020-10-19T17:00:00.0,bus-3-bus-4-i_6,-70.57460201210762
2020-10-19T18:00:00.0,bus-3-bus-4-i_6,-70.66374274851626
2020-10-19T19:00:00.0,bus-3-bus-4-i_6,-70.41098381575486
2020-10-19T20:00:00.0,bus-3-bus-4-i_6,-69.98212034285322
2020-10-19T21:00:00.0,bus-3-bus-4-i_6,-69.27224600634396
2020-10-19T22:00:00.0,bus-3-bus-4-i_6,-68.60580702866734
2020-10-19T23:00:00.0,bus-3-bus-4-i_6,-68.08302776984155
2020-10-20T00:00:00.0,bus-3-bus-4-i_6,-67.83733722677518
2020-10-20T01:00:00.0,bus-3-bus-4-i_6,-67.6760104691339
2020-10-20T02:00:00.0,bus-3-bus-4-i_6,-67.63060799498722
2020-10-20T03:00:00.0,bus-3-bus-4-i_6,-67.70507080090208
2020-10-20T04:00:00.0,bus-3-bus-4-i_6,-68.05508964020648
2020-10-20T05:00:00.0,bus-3-bus-4-i_6,-68.50367427628008
2020-10-20T06:00:00.0,bus-3-bus-4-i_6,-68.43934720353012
2020-10-20T07:00:00.0,bus-3-bus-4-i_6,-68.67223667920213
2020-10-20T08:00:00.0,bus-3-bus-4-i_6,-68.99700405484967
2020-10-20T09:00:00.0,bus-3-bus-4-i_6,-69.23090048124499
2020-10-20T10:00:00.0,bus-3-bus-4-i_6,-69.39135583058889
2020-10-20T11:00:00.0,bus-3-bus-4-i_6,-69.42309435286728
2020-10-20T12:00:00.0,bus-3-bus-4-i_6,-69.5138127821243
2020-10-20T13:00:00.0,bus-3-bus-4-i_6,-69.54461035751692
2020-10-20T14:00:00.0,bus-3-bus-4-i_6,-69.52038376006307
2020-10-20T15:00:00.0,bus-3-bus-4-i_6,-69.44167588442747
2020-10-20T16:00:00.0,bus-3-bus-4-i_6,-69.42309435286728
2020-10-20T17:00:00.0,bus-3-bus-4-i_6,-70.07517995427965
2020-10-20T18:00:00.0,bus-3-bus-4-i_6,-70.17103989264449
2020-10-20T19:00:00.0,bus-3-bus-4-i_6,-69.88675336974728
2020-10-20T20:00:00.0,bus-3-bus-4-i_6,-69.49771849132416
2020-10-20T21:00:00.0,bus-3-bus-4-i_6,-68.9500168173019
2020-10-20T22:00:00.0,bus-3-bus-4-i_6,-68.36033894531104
2020-10-20T23:00:00.0,bus-3-bus-4-i_6,-67.9482372182521
2020-10-21T00:00:00.0,bus-3-bus-4-i_6,-67.68535390310629
2020-10-21T01:00:00.0,bus-3-bus-4-i_6,-67.56678571229547
2020-10-21T02:00:00.0,bus-3-bus-4-i_6,-67.49360447052656
2020-10-21T03:00:00.0,bus-3-bus-4-i_6,-67.60400322004041
2020-10-21T04:00:00.0,bus-3-bus-4-i_6,-67.96332096589302
2020-10-21T05:00:00.0,bus-3-bus-4-i_6,-68.39246299322897
2020-10-21T06:00:00.0,bus-3-bus-4-i_6,-68.29350381283939
2020-10-21T07:00:00.0,bus-3-bus-4-i_6,-68.50028443365511
2020-10-21T08:00:00.0,bus-3-bus-4-i_6,-68.82811575394545
2020-10-21T09:00:00.0,bus-3-bus-4-i_6,-68.96728529533915
2020-10-21T10:00:00.0,bus-3-bus-4-i_6,-69.15662162437579
2020-10-21T11:00:00.0,bus-3-bus-4-i_6,-69.18469615130638
2020-10-21T12:00:00.0,bus-3-bus-4-i_6,-69.24121269301374
2020-10-21T13:00:00.0,bus-3-bus-4-i_6,-69.28002719530389
2020-10-21T14:00:00.0,bus-3-bus-4-i_6,-69.24121269301374
2020-10-21T15:00:00.0,bus-3-bus-4-i_6,-69.20399043602039
2020-10-21T16:00:00.0,bus-3-bus-4-i_6,-69.24895739270687
2020-10-21T17:00:00.0,bus-3-bus-4-i_6,-70.0061287363076
2020-10-21T18:00:00.0,bus-3-bus-4-i_6,-70.16811827400345
2020-10-21T19:00:00.0,bus-3-bus-4-i_6,-69.96328255240414
2020-10-21T20:00:00.0,bus-3-bus-4-i_6,-69.53654202724111
2020-10-21T21:00:00.0,bus-3-bus-4-i_6,-68.90828594964637
2020-10-21T22:00:00.0,bus-3-bus-4-i_6,-68.29350381283939
2020-10-21T23:00:00.0,bus-3-bus-4-i_6,-67.87755370597557
2020-10-22T00:00:00.0,bus-3-bus-4-i_6,-67.62876723606931
2020-10-22T01:00:00.0,bus-3-bus-4-i_6,-67.5006689653918
2020-10-22T02:00:00.0,bus-3-bus-4-i_6,-67.47250849114201
2020-10-22T03:00:00.0,bus-3-bus-4-i_6,-67.57945066167676
2020-10-22T04:00:00.0,bus-3-bus-4-i_6,-67.94422168763681
2020-10-22T05:00:00.0,bus-3-bus-4-i_6,-68.38358341133089
2020-10-22T06:00:00.0,bus-3-bus-4-i_6,-68.28263519504614
2020-10-22T07:00:00.0,bus-3-bus-4-i_6,-68.46859500880885
2020-10-22T08:00:00.0,bus-3-bus-4-i_6,-68.7705039551084
2020-10-22T09:00:00.0,bus-3-bus-4-i_6,-68.96728529533915
2020-10-22T10:00:00.0,bus-3-bus-4-i_6,-69.07313309351287
2020-10-22T11:00:00.0,bus-3-bus-4-i_6,-69.21032473433249
2020-10-22T12:00:00.0,bus-3-bus-4-i_6,-69.28262321626653
2020-10-22T13:00:00.0,bus-3-bus-4-i_6,-69.34926489979483
2020-10-22T14:00:00.0,bus-3-bus-4-i_6,-69.36096633396636
2020-10-22T15:00:00.0,bus-3-bus-4-i_6,-69.35188797455181
2020-10-22T16:00:00.0,bus-3-bus-4-i_6,-69.37148087499088
2020-10-22T17:00:00.0,bus-3-bus-4-i_6,-70.06075151442204
2020-10-22T18:00:00.0,bus-3-bus-4-i_6,-70.36503385384046
2020-10-22T19:00:00.0,bus-3-bus-4-i_6,-70.06075151442204
2020-10-22T20:00:00.0,bus-3-bus-4-i_6,-69.66973452421638
2020-10-22T21:00:00.0,bus-3-bus-4-i_6,-69.04805124608578
2020-10-22T22:00:00.0,bus-3-bus-4-i_6,-68.43038236563069
2020-10-22T23:00:00.0,bus-3-bus-4-i_6,-67.98861589766818
2020-10-23T00:00:00.0,bus-3-bus-4-i_6,-67.72204882015662
2020-10-23T01:00:00.0,bus-3-bus-4-i_6,-67.55417051728034
2020-10-23T02:00:00.0,bus-3-bus-4-i_6,-67.55776977794827
2020-10-23T03:00:00.0,bus-3-bus-4-i_6,-67.63060799498722
2020-10-23T04:00:00.0,bus-3-bus-4-i_6,-68.00181597411515
2020-10-23T05:00:00.0,bus-3-bus-4-i_6,-68.46068804641519
2020-10-23T06:00:00.0,bus-3-bus-4-i_6,-68.37914970262858
2020-10-23T07:00:00.0,bus-3-bus-4-i_6,-68.61044366688148
2020-10-23T08:00:00.0,bus-3-bus-4-i_6,-68.9796503595321
2020-10-23T09:00:00.0,bus-3-bus-4-i_6,-69.19228638370221
2020-10-23T10:00:00.0,bus-3-bus-4-i_6,-69.38608028282341
2020-10-23T11:00:00.0,bus-3-bus-4-i_6,-69.5138127821243
2020-10-23T12:00:00.0,bus-3-bus-4-i_6,-69.66151315963032
2020-10-23T13:00:00.0,bus-3-bus-4-i_6,-69.80416088782763
2020-10-23T14:00:00.0,bus-3-bus-4-i_6,-69.91668499666902
2020-10-23T15:00:00.0,bus-3-bus-4-i_6,-69.91782941309414
2020-10-23T16:00:00.0,bus-3-bus-4-i_6,-69.85740771750297
2020-10-23T17:00:00.0,bus-3-bus-4-i_6,-70.32431805873918
2020-10-23T18:00:00.0,bus-3-bus-4-i_6,-70.36605063070498
2020-10-23T19:00:00.0,bus-3-bus-4-i_6,-70.08095423224177
2020-10-23T20:00:00.0,bus-3-bus-4-i_6,-69.75405391954406
2020-10-23T21:00:00.0,bus-3-bus-4-i_6,-69.26327199206253
2020-10-23T22:00:00.0,bus-3-bus-4-i_6,-68.66171454476753
2020-10-23T23:00:00.0,bus-3-bus-4-i_6,-68.2297350498331
2020-10-24T00:00:00.0,bus-3-bus-4-i_6,-67.90328554365907
2020-10-24T01:00:00.0,bus-3-bus-4-i_6,-67.7031894346017
2020-10-24T02:00:00.0,bus-3-bus-4-i_6,-67.57582702507621
2020-10-24T03:00:00.0,bus-3-bus-4-i_6,-67.55776977794827
2020-10-24T04:00:00.0,bus-3-bus-4-i_6,-67.66391521883519
2020-10-24T05:00:00.0,bus-3-bus-4-i_6,-67.71165059416325
2020-10-24T06:00:00.0,bus-3-bus-4-i_6,-67.53802409135366
2020-10-24T07:00:00.0,bus-3-bus-4-i_6,-67.92021375919832
2020-10-24T08:00:00.0,bus-3-bus-4-i_6,-68.36033894531104
2020-10-24T09:00:00.0,bus-3-bus-4-i_6,-68.67457850117793
2020-10-24T10:00:00.0,bus-3-bus-4-i_6,-68.73832625581997
2020-10-24T11:00:00.0,bus-3-bus-4-i_6,-68.78122859728535
2020-10-24T12:00:00.0,bus-3-bus-4-i_6,-68.87288256299718
2020-10-24T13:00:00.0,bus-3-bus-4-i_6,-68.94017141456007
2020-10-24T14:00:00.0,bus-3-bus-4-i_6,-69.01440741739276
2020-10-24T15:00:00.0,bus-3-bus-4-i_6,-69.0293641471579
2020-10-24T16:00:00.0,bus-3-bus-4-i_6,-69.0555651687295
2020-10-24T17:00:00.0,bus-3-bus-4-i_6,-69.68893839884203
2020-10-24T18:00:00.0,bus-3-bus-4-i_6,-69.78023706199954
2020-10-24T19:00:00.0,bus-3-bus-4-i_6,-69.55150799771842
2020-10-24T20:00:00.0,bus-3-bus-4-i_6,-69.24637480269232
2020-10-24T21:00:00.0,bus-3-bus-4-i_6,-68.88018073173888
2020-10-24T22:00:00.0,bus-3-bus-4-i_6,-68.4348627500244
2020-10-24T23:00:00.0,bus-3-bus-4-i_6,-68.00385217884673
2020-10-25T00:00:00.0,bus-3-bus-4-i_6,-67.71165059416325
2020-10-25T01:00:00.0,bus-3-bus-4-i_6,-67.51217845902386
2020-10-25T02:00:00.0,bus-3-bus-4-i_6,-67.4368051709883
2020-10-25T03:00:00.0,bus-3-bus-4-i_6,-67.42557714285954
2020-10-25T04:00:00.0,bus-3-bus-4-i_6,-67.50597799169216
2020-10-25T05:00:00.0,bus-3-bus-4-i_6,-67.48128070414053
2020-10-25T06:00:00.0,bus-3-bus-4-i_6,-67.28348707731999
2020-10-25T07:00:00.0,bus-3-bus-4-i_6,-67.62876723606931
2020-10-25T08:00:00.0,bus-3-bus-4-i_6,-68.03145050766142
2020-10-25T09:00:00.0,bus-3-bus-4-i_6,-68.39578332955618
2020-10-25T10:00:00.0,bus-3-bus-4-i_6,-68.55048390262859
2020-10-25T11:00:00.0,bus-3-bus-4-i_6,-68.60580702866734
2020-10-25T12:00:00.0,bus-3-bus-4-i_6,-68.68753410797119
2020-10-25T13:00:00.0,bus-3-bus-4-i_6,-68.8148252042744
2020-10-25T14:00:00.0,bus-3-bus-4-i_6,-68.90828594964637
2020-10-25T15:00:00.0,bus-3-bus-4-i_6,-68.98212641824976
2020-10-25T16:00:00.0,bus-3-bus-4-i_6,-69.08955615093852
2020-10-25T17:00:00.0,bus-3-bus-4-i_6,-69.79020935568823
2020-10-25T18:00:00.0,bus-3-bus-4-i_6,-69.92066272605608
2020-10-25T19:00:00.0,bus-3-bus-4-i_6,-69.73306721766895
2020-10-25T20:00:00.0,bus-3-bus-4-i_6,-69.30082184296671
2020-10-25T21:00:00.0,bus-3-bus-4-i_6,-68.77767346662395
2020-10-25T22:00:00.0,bus-3-bus-4-i_6,-68.23617851421409
2020-10-25T23:00:00.0,bus-3-bus-4-i_6,-67.85494572497575
2020-10-26T00:00:00.0,bus-3-bus-4-i_6,-67.61224613490803
2020-10-26T01:00:00.0,bus-3-bus-4-i_6,-67.48128070414053
2020-10-26T02:00:00.0,bus-3-bus-4-i_6,-67.45329894579375
2020-10-26T03:00:00.0,bus-3-bus-4-i_6,-67.54967179974862
2020-10-26T04:00:00.0,bus-3-bus-4-i_6,-67.97443717597929
2020-10-26T05:00:00.0,bus-3-bus-4-i_6,-68.39578332955618
2020-10-26T06:00:00.0,bus-3-bus-4-i_6,-68.30003715144973
2020-10-26T07:00:00.0,bus-3-bus-4-i_6,-68.57116158866192
2020-10-26T08:00:00.0,bus-3-bus-4-i_6,-68.87657189454812
2020-10-26T09:00:00.0,bus-3-bus-4-i_6,-69.16681637119213
2020-10-26T10:00:00.0,bus-3-bus-4-i_6,-69.35976331666332
2020-10-26T11:00:00.0,bus-3-bus-4-i_6,-69.4789879610244
2020-10-26T12:00:00.0,bus-3-bus-4-i_6,-69.59874038630633
2020-10-26T13:00:00.0,bus-3-bus-4-i_6,-69.74690899302789
2020-10-26T14:00:00.0,bus-3-bus-4-i_6,-69.77628316257808
2020-10-26T15:00:00.0,bus-3-bus-4-i_6,-69.76238227775707
2020-10-26T16:00:00.0,bus-3-bus-4-i_6,-69.77745428647049
2020-10-26T17:00:00.0,bus-3-bus-4-i_6,-70.42902056356581
2020-10-26T18:00:00.0,bus-3-bus-4-i_6,-70.50756931443152
2020-10-26T19:00:00.0,bus-3-bus-4-i_6,-70.25025963207172
2020-10-26T20:00:00.0,bus-3-bus-4-i_6,-69.74413975135292
2020-10-26T21:00:00.0,bus-3-bus-4-i_6,-69.1046954167422
2020-10-26T22:00:00.0,bus-3-bus-4-i_6,-68.49121002203479
2020-10-26T23:00:00.0,bus-3-bus-4-i_6,-68.04478935692693
2020-10-27T00:00:00.0,bus-3-bus-4-i_6,-67.80430109570871
2020-10-27T01:00:00.0,bus-3-bus-4-i_6,-67.66391521883519
2020-10-27T02:00:00.0,bus-3-bus-4-i_6,-67.60400322004041
2020-10-27T03:00:00.0,bus-3-bus-4-i_6,-67.70788173915881
2020-10-27T04:00:00.0,bus-3-bus-4-i_6,-68.11009866823612
2020-10-27T05:00:00.0,bus-3-bus-4-i_6,-68.63949083935947
2020-10-27T06:00:00.0,bus-3-bus-4-i_6,-68.70402865277822
2020-10-27T07:00:00.0,bus-3-bus-4-i_6,-68.79560313505024
2020-10-27T08:00:00.0,bus-3-bus-4-i_6,-69.10974995324779
2020-10-27T09:00:00.0,bus-3-bus-4-i_6,-69.27743245441667
2020-10-27T10:00:00.0,bus-3-bus-4-i_6,-69.38608028282341
2020-10-27T11:00:00.0,bus-3-bus-4-i_6,-69.34402177328516
2020-10-27T12:00:00.0,bus-3-bus-4-i_6,-69.40720684682205
2020-10-27T13:00:00.0,bus-3-bus-4-i_6,-69.32047791660789
2020-10-27T14:00:00.0,bus-3-bus-4-i_6,-69.26706390501272
2020-10-27T15:00:00.0,bus-3-bus-4-i_6,-69.22197587188332
2020-10-27T16:00:00.0,bus-3-bus-4-i_6,-69.33354770174545
2020-10-27T17:00:00.0,bus-3-bus-4-i_6,-70.13023795469297
2020-10-27T18:00:00.0,bus-3-bus-4-i_6,-70.25910986305985
2020-10-27T19:00:00.0,bus-3-bus-4-i_6,-70.03771835824588
2020-10-27T20:00:00.0,bus-3-bus-4-i_6,-69.55690925191927
2020-10-27T21:00:00.0,bus-3-bus-4-i_6,-68.9549455864385
2020-10-27T22:00:00.0,bus-3-bus-4-i_6,-68.37914970262858
2020-10-27T23:00:00.0,bus-3-bus-4-i_6,-67.97443717597929
2020-10-28T00:00:00.0,bus-3-bus-4-i_6,-67.77058728990318
2020-10-28T01:00:00.0,bus-3-bus-4-i_6,-67.62876723606931
2020-10-28T02:00:00.0,bus-3-bus-4-i_6,-67.58307835477582
2020-10-28T03:00:00.0,bus-3-bus-4-i_6,-67.68161348283073
2020-10-28T04:00:00.0,bus-3-bus-4-i_6,-68.11009866823612
2020-10-28T05:00:00.0,bus-3-bus-4-i_6,-68.5424142467582
2020-10-28T06:00:00.0,bus-3-bus-4-i_6,-68.44718957394483
2020-10-28T07:00:00.0,bus-3-bus-4-i_6,-68.56425989294817
2020-10-28T08:00:00.0,bus-3-bus-4-i_6,-68.9500168173019
2020-10-28T09:00:00.0,bus-3-bus-4-i_6,-69.15662162437579
2020-10-28T10:00:00.0,bus-3-bus-4-i_6,-69.30743348775579
2020-10-28T11:00:00.0,bus-3-bus-4-i_6,-69.19493543335511
2020-10-28T12:00:00.0,bus-3-bus-4-i_6,-69.22197587188332
2020-10-28T13:00:00.0,bus-3-bus-4-i_6,-69.23347700581877
2020-10-28T14:00:00.0,bus-3-bus-4-i_6,-69.19228638370221
2020-10-28T15:00:00.0,bus-3-bus-4-i_6,-69.1300086539529
2020-10-28T16:00:00.0,bus-3-bus-4-i_6,-69.18469615130638
2020-10-28T17:00:00.0,bus-3-bus-4-i_6,-69.97756318272579
2020-10-28T18:00:00.0,bus-3-bus-4-i_6,-70.06075151442204
2020-10-28T19:00:00.0,bus-3-bus-4-i_6,-69.91782941309414
2020-10-28T20:00:00.0,bus-3-bus-4-i_6,-69.53654202724111
2020-10-28T21:00:00.0,bus-3-bus-4-i_6,-68.95612900603174
2020-10-28T22:00:00.0,bus-3-bus-4-i_6,-68.37360013722736
2020-10-28T23:00:00.0,bus-3-bus-4-i_6,-67.94422168763681
2020-10-29T00:00:00.0,bus-3-bus-4-i_6,-67.71542351275022
2020-10-29T01:00:00.0,bus-3-bus-4-i_6,-67.58307835477582
2020-10-29T02:00:00.0,bus-3-bus-4-i_6,-67.56137310444667
2020-10-29T03:00:00.0,bus-3-bus-4-i_6,-67.67228020502208
2020-10-29T04:00:00.0,bus-3-bus-4-i_6,-68.0788782446452
2020-10-29T05:00:00.0,bus-3-bus-4-i_6,-68.51165027663897
2020-10-29T06:00:00.0,bus-3-bus-4-i_6,-68.43934720353012
2020-10-29T07:00:00.0,bus-3-bus-4-i_6,-68.62670386189293
2020-10-29T08:00:00.0,bus-3-bus-4-i_6,-68.84378076853883
2020-10-29T09:00:00.0,bus-3-bus-4-i_6,-68.98212641824976
2020-10-29T10:00:00.0,bus-3-bus-4-i_6,-69.07696797092589
2020-10-29T11:00:00.0,bus-3-bus-4-i_6,-69.29701617769265
2020-10-29T12:00:00.0,bus-3-bus-4-i_6,-68.9500168173019
2020-10-29T13:00:00.0,bus-3-bus-4-i_6,-68.96728529533915
2020-10-29T14:00:00.0,bus-3-bus-4-i_6,-68.91435939543263
2020-10-29T15:00:00.0,bus-3-bus-4-i_6,-68.85346523107918
2020-10-29T16:00:00.0,bus-3-bus-4-i_6,-68.98708157204776
2020-10-29T17:00:00.0,bus-3-bus-4-i_6,-69.74690899302789
2020-10-29T18:00:00.0,bus-3-bus-4-i_6,-69.86137665403199
2020-10-29T19:00:00.0,bus-3-bus-4-i_6,-69.73188954556124
2020-10-29T20:00:00.0,bus-3-bus-4-i_6,-69.34402177328516
2020-10-29T21:00:00.0,bus-3-bus-4-i_6,-68.8680221886675
2020-10-29T22:00:00.0,bus-3-bus-4-i_6,-68.30547686197406
2020-10-29T23:00:00.0,bus-3-bus-4-i_6,-67.96130506311391
2020-10-30T00:00:00.0,bus-3-bus-4-i_6,-67.72866071776696
2020-10-30T01:00:00.0,bus-3-bus-4-i_6,-67.6076582217246
2020-10-30T02:00:00.0,bus-3-bus-4-i_6,-67.56317628845345
2020-10-30T03:00:00.0,bus-3-bus-4-i_6,-67.66391521883519
2020-10-30T04:00:00.0,bus-3-bus-4-i_6,-67.96735581741294
2020-10-30T05:00:00.0,bus-3-bus-4-i_6,-68.19552413393745
2020-10-30T06:00:00.0,bus-3-bus-4-i_6,-68.04478935692693
2020-10-30T07:00:00.0,bus-3-bus-4-i_6,-68.33612253946058
2020-10-30T08:00:00.0,bus-3-bus-4-i_6,-68.65350051466021
2020-10-30T09:00:00.0,bus-3-bus-4-i_6,-68.8850512432139
2020-10-30T10:00:00.0,bus-3-bus-4-i_6,-68.93152313303901
2020-10-30T11:00:00.0,bus-3-bus-4-i_6,-68.8985095140364
2020-10-30T12:00:00.0,bus-3-bus-4-i_6,-68.91435939543263
2020-10-30T13:00:00.0,bus-3-bus-4-i_6,-68.96481532417305
2020-10-30T14:00:00.0,bus-3-bus-4-i_6,-68.97094111809068
2020-10-30T15:00:00.0,bus-3-bus-4-i_6,-68.95612900603174
2020-10-30T16:00:00.0,bus-3-bus-4-i_6,-69.08200021069348
2020-10-30T17:00:00.0,bus-3-bus-4-i_6,-69.77745428647049
2020-10-30T18:00:00.0,bus-3-bus-4-i_6,-69.82933747706063
2020-10-30T19:00:00.0,bus-3-bus-4-i_6,-69.65756352855058
2020-10-30T20:00:00.0,bus-3-bus-4-i_6,-69.37411204030957
2020-10-30T21:00:00.0,bus-3-bus-4-i_6,-68.94135336508987
2020-10-30T22:00:00.0,bus-3-bus-4-i_6,-68.40914195260189
2020-10-30T23:00:00.0,bus-3-bus-4-i_6,-68.01916636836874
2020-10-31T00:00:00.0,bus-3-bus-4-i_6,-67.58942476966637
2020-10-31T01:00:00.0,bus-3-bus-4-i_6,-67.84124312209498
2020-10-31T02:00:00.0,bus-3-bus-4-i_6,-67.54160507495675
2020-10-31T03:00:00.0,bus-3-bus-4-i_6,-67.56317628845345
2020-10-31T04:00:00.0,bus-3-bus-4-i_6,-67.7031894346017
2020-10-31T05:00:00.0,bus-3-bus-4-i_6,-67.7744265509773
2020-10-31T06:00:00.0,bus-3-bus-4-i_6,-67.69004827654778
2020-10-31T07:00:00.0,bus-3-bus-4-i_6,-67.9482372182521
2020-10-31T08:00:00.0,bus-3-bus-4-i_6,-68.29350381283939
2020-10-31T09:00:00.0,bus-3-bus-4-i_6,-68.48441486564484
2020-10-31T10:00:00.0,bus-3-bus-4-i_6,-68.57689960318032
2020-10-31T11:00:00.0,bus-3-bus-4-i_6,-68.6127635043302
2020-10-31T12:00:00.0,bus-3-bus-4-i_6,-68.6174062283335
2020-10-31T13:00:00.0,bus-3-bus-4-i_6,-68.63834871758723
2020-10-31T14:00:00.0,bus-3-bus-4-i_6,-68.65235604383281
2020-10-31T15:00:00.0,bus-3-bus-4-i_6,-68.67223667920213
2020-10-31T16:00:00.0,bus-3-bus-4-i_6,-68.90828594964637
2020-10-31T17:00:00.0,bus-3-bus-4-i_6,-69.62749436538631
2020-10-31T18:00:00.0,bus-3-bus-4-i_6,-69.66973452421638
2020-10-31T19:00:00.0,bus-3-bus-4-i_6,-69.51649871313094
2020-10-31T20:00:00.0,bus-3-bus-4-i_6,-69.27224600634396
2020-10-31T21:00:00.0,bus-3-bus-4-i_6,-68.84378076853883
2020-10-31T22:00:00.0,bus-3-bus-4-i_6,-68.39246299322897
2020-10-31T23:00:00.0,bus-3-bus-4-i_6,-67.98861589766818
2020-11-01T00:00:00.0,bus-3-bus-4-i_6,-68.21581610995533
2020-11-01T01:00:00.0,bus-3-bus-4-i_6,-68.08095250269106
2020-11-01T02:00:00.0,bus-3-bus-4-i_6,-67.95225681917788
2020-11-01T03:00:00.0,bus-3-bus-4-i_6,-67.89534968177682
2020-11-01T04:00:00.0,bus-3-bus-4-i_6,-67.87066675791363
2020-11-01T05:00:00.0,bus-3-bus-4-i_6,-67.82759026458173
2020-11-01T06:00:00.0,bus-3-bus-4-i_6,-67.90031882436604
2020-11-01T07:00:00.0,bus-3-bus-4-i_6,-67.80525617919872
2020-11-01T08:00:00.0,bus-3-bus-4-i_6,-67.96130506311391
2020-11-01T09:00:00.0,bus-3-bus-4-i_6,-68.21050557037785
2020-11-01T10:00:00.0,bus-3-bus-4-i_6,-68.43038236563069
2020-11-01T11:00:00.0,bus-3-bus-4-i_6,-68.56425989294817
2020-11-01T12:00:00.0,bus-3-bus-4-i_6,-68.62205302134599
2020-11-01T13:00:00.0,bus-3-bus-4-i_6,-68.63368774117184
2020-11-01T14:00:00.0,bus-3-bus-4-i_6,-68.68162906390643
2020-11-01T15:00:00.0,bus-3-bus-4-i_6,-68.70875052280219
2020-11-01T16:00:00.0,bus-3-bus-4-i_6,-68.72646447698676
2020-11-01T17:00:00.0,bus-3-bus-4-i_6,-68.8850512432139
2020-11-01T18:00:00.0,bus-3-bus-4-i_6,-69.62476688959455
2020-11-01T19:00:00.0,bus-3-bus-4-i_6,-69.59602428305578
2020-11-01T20:00:00.0,bus-3-bus-4-i_6,-69.4935775568994
2020-11-01T21:00:00.0,bus-3-bus-4-i_6,-69.31385119454552
2020-11-01T22:00:00.0,bus-3-bus-4-i_6,-69.0293641471579
2020-11-01T23:00:00.0,bus-3-bus-4-i_6,-68.53445807859056
2020-11-02T00:00:00.0,bus-3-bus-4-i_6,-68.09444980176336
2020-11-02T01:00:00.0,bus-3-bus-4-i_6,-67.97848315823514
2020-11-02T02:00:00.0,bus-3-bus-4-i_6,-67.91423461911846
2020-11-02T03:00:00.0,bus-3-bus-4-i_6,-67.91123736081046
2020-11-02T04:00:00.0,bus-3-bus-4-i_6,-68.00691877542707
2020-11-02T05:00:00.0,bus-3-bus-4-i_6,-68.29785836129604
2020-11-02T06:00:00.0,bus-3-bus-4-i_6,-68.33503592034475
2020-11-02T07:00:00.0,bus-3-bus-4-i_6,-68.52304149317087
2020-11-02T08:00:00.0,bus-3-bus-4-i_6,-68.75619229454999
2020-11-02T09:00:00.0,bus-3-bus-4-i_6,-68.99700405484967
2020-11-02T10:00:00.0,bus-3-bus-4-i_6,-69.10974995324779
2020-11-02T11:00:00.0,bus-3-bus-4-i_6,-69.22454927208634
2020-11-02T12:00:00.0,bus-3-bus-4-i_6,-69.27104389864309
2020-11-02T13:00:00.0,bus-3-bus-4-i_6,-69.33616471588701
2020-11-02T14:00:00.0,bus-3-bus-4-i_6,-69.35188797455181
2020-11-02T15:00:00.0,bus-3-bus-4-i_6,-69.2762302412334
2020-11-02T16:00:00.0,bus-3-bus-4-i_6,-69.42309435286728
2020-11-02T17:00:00.0,bus-3-bus-4-i_6,-70.10701125719858
2020-11-02T18:00:00.0,bus-3-bus-4-i_6,-70.04922363990778
2020-11-02T19:00:00.0,bus-3-bus-4-i_6,-69.95476380136196
2020-11-02T20:00:00.0,bus-3-bus-4-i_6,-69.73306721766895
2020-11-02T21:00:00.0,bus-3-bus-4-i_6,-69.31646010540709
2020-11-02T22:00:00.0,bus-3-bus-4-i_6,-68.85346523107918
2020-11-02T23:00:00.0,bus-3-bus-4-i_6,-68.49121002203479
2020-11-03T00:00:00.0,bus-3-bus-4-i_6,-68.24693790689898
2020-11-03T01:00:00.0,bus-3-bus-4-i_6,-68.11120327476559
2020-11-03T02:00:00.0,bus-3-bus-4-i_6,-68.03451700206926
2020-11-03T03:00:00.0,bus-3-bus-4-i_6,-68.03862183810459
2020-11-03T04:00:00.0,bus-3-bus-4-i_6,-68.13734110202667
2020-11-03T05:00:00.0,bus-3-bus-4-i_6,-68.41919917069498
2020-11-03T06:00:00.0,bus-3-bus-4-i_6,-68.42701020559501
2020-11-03T07:00:00.0,bus-3-bus-4-i_6,-68.59654592048649
2020-11-03T08:00:00.0,bus-3-bus-4-i_6,-68.81125195480514
2020-11-03T09:00:00.0,bus-3-bus-4-i_6,-68.98212641824976
2020-11-03T10:00:00.0,bus-3-bus-4-i_6,-69.12493790237718
2020-11-03T11:00:00.0,bus-3-bus-4-i_6,-69.19493543335511
2020-11-03T12:00:00.0,bus-3-bus-4-i_6,-69.23347700581877
2020-11-03T13:00:00.0,bus-3-bus-4-i_6,-69.31646010540709
2020-11-03T14:00:00.0,bus-3-bus-4-i_6,-69.29181362370683
2020-11-03T15:00:00.0,bus-3-bus-4-i_6,-69.24517299764348
2020-11-03T16:00:00.0,bus-3-bus-4-i_6,-69.4189966300228
2020-11-03T17:00:00.0,bus-3-bus-4-i_6,-70.02048229209143
2020-11-03T18:00:00.0,bus-3-bus-4-i_6,-69.79416607998023
2020-11-03T19:00:00.0,bus-3-bus-4-i_6,-69.70272033547636
2020-11-03T20:00:00.0,bus-3-bus-4-i_6,-69.54461035751692
2020-11-03T21:00:00.0,bus-3-bus-4-i_6,-69.25550918665172
2020-11-03T22:00:00.0,bus-3-bus-4-i_6,-68.81365801709988
2020-11-03T23:00:00.0,bus-3-bus-4-i_6,-68.46408418186718
2020-11-04T00:00:00.0,bus-3-bus-4-i_6,-68.20726533998031
2020-11-04T01:00:00.0,bus-3-bus-4-i_6,-68.09966648390834
2020-11-04T02:00:00.0,bus-3-bus-4-i_6,-68.02631690676844
2020-11-04T03:00:00.0,bus-3-bus-4-i_6,-68.037606281887
2020-11-04T04:00:00.0,bus-3-bus-4-i_6,-68.14890820032309
2020-11-04T05:00:00.0,bus-3-bus-4-i_6,-68.381366056703
2020-11-04T06:00:00.0,bus-3-bus-4-i_6,-68.42701020559501
2020-11-04T07:00:00.0,bus-3-bus-4-i_6,-68.59192145073737
2020-11-04T08:00:00.0,bus-3-bus-4-i_6,-68.73357720010623
2020-11-04T09:00:00.0,bus-3-bus-4-i_6,-68.92416120185479
2020-11-04T10:00:00.0,bus-3-bus-4-i_6,-68.99204079392587
2020-11-04T11:00:00.0,bus-3-bus-4-i_6,-69.100840061402
2020-11-04T12:00:00.0,bus-3-bus-4-i_6,-69.12240403716444
2020-11-04T13:00:00.0,bus-3-bus-4-i_6,-69.12493790237718
2020-11-04T14:00:00.0,bus-3-bus-4-i_6,-69.0857119951608
2020-11-04T15:00:00.0,bus-3-bus-4-i_6,-69.00942996542796
2020-11-04T16:00:00.0,bus-3-bus-4-i_6,-69.2762302412334
2020-11-04T17:00:00.0,bus-3-bus-4-i_6,-69.99641632299209
2020-11-04T18:00:00.0,bus-3-bus-4-i_6,-70.02335537716104
2020-11-04T19:00:00.0,bus-3-bus-4-i_6,-69.9320057777382
2020-11-04T20:00:00.0,bus-3-bus-4-i_6,-69.70272033547636
2020-11-04T21:00:00.0,bus-3-bus-4-i_6,-69.31124426891249
2020-11-04T22:00:00.0,bus-3-bus-4-i_6,-68.86073908599073
2020-11-04T23:00:00.0,bus-3-bus-4-i_6,-68.47085193457416
2020-11-05T00:00:00.0,bus-3-bus-4-i_6,-68.20513018368534
2020-11-05T01:00:00.0,bus-3-bus-4-i_6,-68.0788782446452
2020-11-05T02:00:00.0,bus-3-bus-4-i_6,-68.00181597411515
2020-11-05T03:00:00.0,bus-3-bus-4-i_6,-68.01609070384896
2020-11-05T04:00:00.0,bus-3-bus-4-i_6,-68.11846268698133
2020-11-05T05:00:00.0,bus-3-bus-4-i_6,-68.41919917069498
2020-11-05T06:00:00.0,bus-3-bus-4-i_6,-68.48779465474308
2020-11-05T07:00:00.0,bus-3-bus-4-i_6,-68.62319248666103
2020-11-05T08:00:00.0,bus-3-bus-4-i_6,-68.74069904816045
2020-11-05T09:00:00.0,bus-3-bus-4-i_6,-68.86316572700571
2020-11-05T10:00:00.0,bus-3-bus-4-i_6,-68.9549455864385
2020-11-05T11:00:00.0,bus-3-bus-4-i_6,-69.00197136200981
2020-11-05T12:00:00.0,bus-3-bus-4-i_6,-68.73716688943638
2020-11-05T13:00:00.0,bus-3-bus-4-i_6,-68.76211945452368
2020-11-05T14:00:00.0,bus-3-bus-4-i_6,-68.80520577820661
2020-11-05T15:00:00.0,bus-3-bus-4-i_6,-68.99204079392587
2020-11-05T16:00:00.0,bus-3-bus-4-i_6,-69.19117410978824
2020-11-05T17:00:00.0,bus-3-bus-4-i_6,-69.9291685100653
2020-11-05T18:00:00.0,bus-3-bus-4-i_6,-69.97470970116247
2020-11-05T19:00:00.0,bus-3-bus-4-i_6,-69.89405049307283
2020-11-05T20:00:00.0,bus-3-bus-4-i_6,-69.6795090306152
2020-11-05T21:00:00.0,bus-3-bus-4-i_6,-69.28781778081748
2020-11-05T22:00:00.0,bus-3-bus-4-i_6,-68.91318025966692
2020-11-05T23:00:00.0,bus-3-bus-4-i_6,-68.52076122589364
2020-11-06T00:00:00.0,bus-3-bus-4-i_6,-68.24909250427282
2020-11-06T01:00:00.0,bus-3-bus-4-i_6,-68.13734110202667
2020-11-06T02:00:00.0,bus-3-bus-4-i_6,-68.064386873316
2020-11-06T03:00:00.0,bus-3-bus-4-i_6,-68.06541017057981
2020-11-06T04:00:00.0,bus-3-bus-4-i_6,-68.17110573056543
2020-11-06T05:00:00.0,bus-3-bus-4-i_6,-68.43038236563069
2020-11-06T06:00:00.0,bus-3-bus-4-i_6,-68.42143378146068
2020-11-06T07:00:00.0,bus-3-bus-4-i_6,-68.58612576100853
2020-11-06T08:00:00.0,bus-3-bus-4-i_6,-68.73716688943638
2020-11-06T09:00:00.0,bus-3-bus-4-i_6,-68.9168083304323
2020-11-06T10:00:00.0,bus-3-bus-4-i_6,-69.100840061402
2020-11-06T11:00:00.0,bus-3-bus-4-i_6,-69.18213885731097
2020-11-06T12:00:00.0,bus-3-bus-4-i_6,-69.11480853889356
2020-11-06T13:00:00.0,bus-3-bus-4-i_6,-69.11733936353657
2020-11-06T14:00:00.0,bus-3-bus-4-i_6,-69.08324788259222
2020-11-06T15:00:00.0,bus-3-bus-4-i_6,-68.9796503595321
2020-11-06T16:00:00.0,bus-3-bus-4-i_6,-69.18725444943937
2020-11-06T17:00:00.0,bus-3-bus-4-i_6,-69.84897600991114
2020-11-06T18:00:00.0,bus-3-bus-4-i_6,-69.81534033840263
2020-11-06T19:00:00.0,bus-3-bus-4-i_6,-69.77628316257808
2020-11-06T20:00:00.0,bus-3-bus-4-i_6,-69.56772389775972
2020-11-06T21:00:00.0,bus-3-bus-4-i_6,-69.2762302412334
2020-11-06T22:00:00.0,bus-3-bus-4-i_6,-68.9549455864385
2020-11-06T23:00:00.0,bus-3-bus-4-i_6,-68.59654592048649
2020-11-07T00:00:00.0,bus-3-bus-4-i_6,-68.13838216683328
2020-11-07T01:00:00.0,bus-3-bus-4-i_6,-67.9754376989826
2020-11-07T02:00:00.0,bus-3-bus-4-i_6,-67.88447595598647
2020-11-07T03:00:00.0,bus-3-bus-4-i_6,-67.83733722677518
2020-11-07T04:00:00.0,bus-3-bus-4-i_6,-67.84418730662756
2020-11-07T05:00:00.0,bus-3-bus-4-i_6,-67.9492309577177
2020-11-07T06:00:00.0,bus-3-bus-4-i_6,-67.78210710561004
2020-11-07T07:00:00.0,bus-3-bus-4-i_6,-67.81010968227548
2020-11-07T08:00:00.0,bus-3-bus-4-i_6,-68.05200529401402
2020-11-07T09:00:00.0,bus-3-bus-4-i_6,-68.28263519504614
2020-11-07T10:00:00.0,bus-3-bus-4-i_6,-68.4776288301941
2020-11-07T11:00:00.0,bus-3-bus-4-i_6,-68.75973536931994
2020-11-07T12:00:00.0,bus-3-bus-4-i_6,-68.78122859728535
2020-11-07T13:00:00.0,bus-3-bus-4-i_6,-68.79560313505024
2020-11-07T14:00:00.0,bus-3-bus-4-i_6,-68.76689051723011
2020-11-07T15:00:00.0,bus-3-bus-4-i_6,-68.77405507284848
2020-11-07T16:00:00.0,bus-3-bus-4-i_6,-69.00942996542796
2020-11-07T17:00:00.0,bus-3-bus-4-i_6,-69.67676230727257
2020-11-07T18:00:00.0,bus-3-bus-4-i_6,-69.61505822942078
2020-11-07T19:00:00.0,bus-3-bus-4-i_6,-69.41370091817225
2020-11-07T20:00:00.0,bus-3-bus-4-i_6,-69.28262321626653
2020-11-07T21:00:00.0,bus-3-bus-4-i_6,-69.06942724518227
2020-11-07T22:00:00.0,bus-3-bus-4-i_6,-68.85346523107918
2020-11-07T23:00:00.0,bus-3-bus-4-i_6,-68.51392649142063
2020-11-08T00:00:00.0,bus-3-bus-4-i_6,-68.21367689557991
2020-11-08T01:00:00.0,bus-3-bus-4-i_6,-68.04994524301736
2020-11-08T02:00:00.0,bus-3-bus-4-i_6,-67.9311883130402
2020-11-08T03:00:00.0,bus-3-bus-4-i_6,-67.89833490848086
2020-11-08T04:00:00.0,bus-3-bus-4-i_6,-67.88645276592902
2020-11-08T05:00:00.0,bus-3-bus-4-i_6,-67.9552634420732
2020-11-08T06:00:00.0,bus-3-bus-4-i_6,-67.7898072900347
2020-11-08T07:00:00.0,bus-3-bus-4-i_6,-67.82077047746986
2020-11-08T08:00:00.0,bus-3-bus-4-i_6,-68.05302550405159
2020-11-08T09:00:00.0,bus-3-bus-4-i_6,-68.3175040561478
2020-11-08T10:00:00.0,bus-3-bus-4-i_6,-68.52076122589364
2020-11-08T11:00:00.0,bus-3-bus-4-i_6,-68.61972911961965
2020-11-08T12:00:00.0,bus-3-bus-4-i_6,-68.65350051466021
2020-11-08T13:00:00.0,bus-3-bus-4-i_6,-68.6640567014546
2020-11-08T14:00:00.0,bus-3-bus-4-i_6,-68.64301377826737
2020-11-08T15:00:00.0,bus-3-bus-4-i_6,-68.63135876744394
2020-11-08T16:00:00.0,bus-3-bus-4-i_6,-68.8985095140364
2020-11-08T17:00:00.0,bus-3-bus-4-i_6,-69.67247819310884
2020-11-08T18:00:00.0,bus-3-bus-4-i_6,-69.59602428305578
2020-11-08T19:00:00.0,bus-3-bus-4-i_6,-69.41105457927739
2020-11-08T20:00:00.0,bus-3-bus-4-i_6,-69.11480853889356
2020-11-08T21:00:00.0,bus-3-bus-4-i_6,-68.80163781407747
2020-11-08T22:00:00.0,bus-3-bus-4-i_6,-68.50367427628008
2020-11-08T23:00:00.0,bus-3-bus-4-i_6,-68.19446963578824
2020-11-09T00:00:00.0,bus-3-bus-4-i_6,-67.98455975734333
2020-11-09T01:00:00.0,bus-3-bus-4-i_6,-67.85102562506317
2020-11-09T02:00:00.0,bus-3-bus-4-i_6,-67.7898072900347
2020-11-09T03:00:00.0,bus-3-bus-4-i_6,-67.76484109153236
2020-11-09T04:00:00.0,bus-3-bus-4-i_6,-67.8627981216846
2020-11-09T05:00:00.0,bus-3-bus-4-i_6,-68.13523943500525
2020-11-09T06:00:00.0,bus-3-bus-4-i_6,-68.18068606060628
2020-11-09T07:00:00.0,bus-3-bus-4-i_6,-68.33284088785
2020-11-09T08:00:00.0,bus-3-bus-4-i_6,-68.54470405698052
2020-11-09T09:00:00.0,bus-3-bus-4-i_6,-68.79560313505024
2020-11-09T10:00:00.0,bus-3-bus-4-i_6,-69.03554829779486
2020-11-09T11:00:00.0,bus-3-bus-4-i_6,-69.1300086539529
2020-11-09T12:00:00.0,bus-3-bus-4-i_6,-69.29441439000078
2020-11-09T13:00:00.0,bus-3-bus-4-i_6,-69.30482763127732
2020-11-09T14:00:00.0,bus-3-bus-4-i_6,-69.38871755484304
2020-11-09T15:00:00.0,bus-3-bus-4-i_6,-69.31646010540709
2020-11-09T16:00:00.0,bus-3-bus-4-i_6,-69.53384934834395
2020-11-09T17:00:00.0,bus-3-bus-4-i_6,-70.23742863881249
2020-11-09T18:00:00.0,bus-3-bus-4-i_6,-70.10701125719858
2020-11-09T19:00:00.0,bus-3-bus-4-i_6,-69.90653448863071
2020-11-09T20:00:00.0,bus-3-bus-4-i_6,-69.59602428305578
2020-11-09T21:00:00.0,bus-3-bus-4-i_6,-69.19117410978824
2020-11-09T22:00:00.0,bus-3-bus-4-i_6,-68.80760846605796
2020-11-09T23:00:00.0,bus-3-bus-4-i_6,-68.4348627500244
2020-11-10T00:00:00.0,bus-3-bus-4-i_6,-68.1436521703483
2020-11-10T01:00:00.0,bus-3-bus-4-i_6,-68.02940061854476
2020-11-10T02:00:00.0,bus-3-bus-4-i_6,-67.9552634420732
2020-11-10T03:00:00.0,bus-3-bus-4-i_6,-67.91423461911846
2020-11-10T04:00:00.0,bus-3-bus-4-i_6,-67.97948473168978
2020-11-10T05:00:00.0,bus-3-bus-4-i_6,-68.25340571247969
2020-11-10T06:00:00.0,bus-3-bus-4-i_6,-68.29785836129604
2020-11-10T07:00:00.0,bus-3-bus-4-i_6,-68.4776288301941
2020-11-10T08:00:00.0,bus-3-bus-4-i_6,-68.69459711662115
2020-11-10T09:00:00.0,bus-3-bus-4-i_6,-68.84987079799173
2020-11-10T10:00:00.0,bus-3-bus-4-i_6,-69.07193980723008
2020-11-10T11:00:00.0,bus-3-bus-4-i_6,-69.24121269301374
2020-11-10T12:00:00.0,bus-3-bus-4-i_6,-69.35188797455181
2020-11-10T13:00:00.0,bus-3-bus-4-i_6,-69.48433448687578
2020-11-10T14:00:00.0,bus-3-bus-4-i_6,-69.71648871510317
2020-11-10T15:00:00.0,bus-3-bus-4-i_6,-69.66151315963032
2020-11-10T16:00:00.0,bus-3-bus-4-i_6,-69.73306721766895
2020-11-10T17:00:00.0,bus-3-bus-4-i_6,-70.3590572168205
2020-11-10T18:00:00.0,bus-3-bus-4-i_6,-70.23742863881249
2020-11-10T19:00:00.0,bus-3-bus-4-i_6,-70.04922363990778
2020-11-10T20:00:00.0,bus-3-bus-4-i_6,-69.71648871510317
2020-11-10T21:00:00.0,bus-3-bus-4-i_6,-69.33616471588701
2020-11-10T22:00:00.0,bus-3-bus-4-i_6,-68.91318025966692
2020-11-10T23:00:00.0,bus-3-bus-4-i_6,-68.52304149317087
2020-11-11T00:00:00.0,bus-3-bus-4-i_6,-68.20940151783887
2020-11-11T01:00:00.0,bus-3-bus-4-i_6,-68.05200529401402
2020-11-11T02:00:00.0,bus-3-bus-4-i_6,-67.97948473168978
2020-11-11T03:00:00.0,bus-3-bus-4-i_6,-67.96735581741294
2020-11-11T04:00:00.0,bus-3-bus-4-i_6,-68.06232073697848
2020-11-11T05:00:00.0,bus-3-bus-4-i_6,-68.33503592034475
2020-11-11T06:00:00.0,bus-3-bus-4-i_6,-68.34822742847405
2020-11-11T07:00:00.0,bus-3-bus-4-i_6,-68.50822037986921
2020-11-11T08:00:00.0,bus-3-bus-4-i_6,-68.67693084377817
2020-11-11T09:00:00.0,bus-3-bus-4-i_6,-68.92906828343754
2020-11-11T10:00:00.0,bus-3-bus-4-i_6,-69.19117410978824
2020-11-11T11:00:00.0,bus-3-bus-4-i_6,-69.39399513482228
2020-11-11T12:00:00.0,bus-3-bus-4-i_6,-69.53384934834395
2020-11-11T13:00:00.0,bus-3-bus-4-i_6,-69.57974888357077
2020-11-11T14:00:00.0,bus-3-bus-4-i_6,-69.59332564245129
2020-11-11T15:00:00.0,bus-3-bus-4-i_6,-69.62476688959455
2020-11-11T16:00:00.0,bus-3-bus-4-i_6,-69.77628316257808
2020-11-11T17:00:00.0,bus-3-bus-4-i_6,-70.46517326524608
2020-11-11T18:00:00.0,bus-3-bus-4-i_6,-70.3869620699402
2020-11-11T19:00:00.0,bus-3-bus-4-i_6,-70.16227992311241
2020-11-11T20:00:00.0,bus-3-bus-4-i_6,-69.8811120628931
2020-11-11T21:00:00.0,bus-3-bus-4-i_6,-69.4935775568994
2020-11-11T22:00:00.0,bus-3-bus-4-i_6,-69.09075064248631
2020-11-11T23:00:00.0,bus-3-bus-4-i_6,-68.6640567014546
2020-11-12T00:00:00.0,bus-3-bus-4-i_6,-68.39246299322897
2020-11-12T01:00:00.0,bus-3-bus-4-i_6,-68.18276199421041
2020-11-12T02:00:00.0,bus-3-bus-4-i_6,-68.07680500944112
2020-11-12T03:00:00.0,bus-3-bus-4-i_6,-68.0437711930296
2020-11-12T04:00:00.0,bus-3-bus-4-i_6,-68.09966648390834
2020-11-12T05:00:00.0,bus-3-bus-4-i_6,-68.34822742847405
2020-11-12T06:00:00.0,bus-3-bus-4-i_6,-68.35813228992001
2020-11-12T07:00:00.0,bus-3-bus-4-i_6,-68.56196134997403
2020-11-12T08:00:00.0,bus-3-bus-4-i_6,-68.89968708130914
2020-11-12T09:00:00.0,bus-3-bus-4-i_6,-69.16426616703282
2020-11-12T10:00:00.0,bus-3-bus-4-i_6,-69.37817454593234
2020-11-12T11:00:00.0,bus-3-bus-4-i_6,-69.48433448687578
2020-11-12T12:00:00.0,bus-3-bus-4-i_6,-69.53923590587097
2020-11-12T13:00:00.0,bus-3-bus-4-i_6,-69.4789879610244
2020-11-12T14:00:00.0,bus-3-bus-4-i_6,-69.51918565345707
2020-11-12T15:00:00.0,bus-3-bus-4-i_6,-69.39135583058889
2020-11-12T16:00:00.0,bus-3-bus-4-i_6,-69.53654202724111
2020-11-12T17:00:00.0,bus-3-bus-4-i_6,-70.16811827400345
2020-11-12T18:00:00.0,bus-3-bus-4-i_6,-70.05787128073729
2020-11-12T19:00:00.0,bus-3-bus-4-i_6,-69.83330159817365
2020-11-12T20:00:00.0,bus-3-bus-4-i_6,-69.58397629230622
2020-11-12T21:00:00.0,bus-3-bus-4-i_6,-69.23347700581877
2020-11-12T22:00:00.0,bus-3-bus-4-i_6,-68.93397931690046
2020-11-12T23:00:00.0,bus-3-bus-4-i_6,-68.52532277382696
2020-11-13T00:00:00.0,bus-3-bus-4-i_6,-68.2706978391777
2020-11-13T01:00:00.0,bus-3-bus-4-i_6,-68.11120327476559
2020-11-13T02:00:00.0,bus-3-bus-4-i_6,-67.99470771732406
2020-11-13T03:00:00.0,bus-3-bus-4-i_6,-67.99877401175537
2020-11-13T04:00:00.0,bus-3-bus-4-i_6,-68.03862183810459
2020-11-13T05:00:00.0,bus-3-bus-4-i_6,-68.2297350498331
2020-11-13T06:00:00.0,bus-3-bus-4-i_6,-68.12894054471364
2020-11-13T07:00:00.0,bus-3-bus-4-i_6,-68.2394144763776
2020-11-13T08:00:00.0,bus-3-bus-4-i_6,-68.47085193457416
2020-11-13T09:00:00.0,bus-3-bus-4-i_6,-68.69103769336311
2020-11-13T10:00:00.0,bus-3-bus-4-i_6,-68.87288256299718
2020-11-13T11:00:00.0,bus-3-bus-4-i_6,-68.920529302633
2020-11-13T12:00:00.0,bus-3-bus-4-i_6,-68.95859515834167
2020-11-13T13:00:00.0,bus-3-bus-4-i_6,-68.94509208496599
2020-11-13T14:00:00.0,bus-3-bus-4-i_6,-68.91073258823785
2020-11-13T15:00:00.0,bus-3-bus-4-i_6,-68.87657189454812
2020-11-13T16:00:00.0,bus-3-bus-4-i_6,-69.11227874196673
2020-11-13T17:00:00.0,bus-3-bus-4-i_6,-69.75405391954406
2020-11-13T18:00:00.0,bus-3-bus-4-i_6,-69.62749436538631
2020-11-13T19:00:00.0,bus-3-bus-4-i_6,-69.4923618515597
2020-11-13T20:00:00.0,bus-3-bus-4-i_6,-69.29821900599285
2020-11-13T21:00:00.0,bus-3-bus-4-i_6,-69.08324788259222
2020-11-13T22:00:00.0,bus-3-bus-4-i_6,-68.85588897285109
2020-11-13T23:00:00.0,bus-3-bus-4-i_6,-68.5745955573359
2020-11-14T00:00:00.0,bus-3-bus-4-i_6,-68.32845385425033
2020-11-14T01:00:00.0,bus-3-bus-4-i_6,-68.17110573056543
2020-11-14T02:00:00.0,bus-3-bus-4-i_6,-68.0788782446452
2020-11-14T03:00:00.0,bus-3-bus-4-i_6,-68.064386873316
2020-11-14T04:00:00.0,bus-3-bus-4-i_6,-68.08510406535045
2020-11-14T05:00:00.0,bus-3-bus-4-i_6,-68.19446963578824
2020-11-14T06:00:00.0,bus-3-bus-4-i_6,-68.16368727543383
2020-11-14T07:00:00.0,bus-3-bus-4-i_6,-68.1732246489823
2020-11-14T08:00:00.0,bus-3-bus-4-i_6,-68.36366370549884
2020-11-14T09:00:00.0,bus-3-bus-4-i_6,-68.59654592048649
2020-11-14T10:00:00.0,bus-3-bus-4-i_6,-68.70638908808246
2020-11-14T11:00:00.0,bus-3-bus-4-i_6,-68.7705039551084
2020-11-14T12:00:00.0,bus-3-bus-4-i_6,-68.72646447698676
2020-11-14T13:00:00.0,bus-3-bus-4-i_6,-68.74069904816045
2020-11-14T14:00:00.0,bus-3-bus-4-i_6,-68.70402865277822
2020-11-14T15:00:00.0,bus-3-bus-4-i_6,-68.69103769336311
2020-11-14T16:00:00.0,bus-3-bus-4-i_6,-68.9500168173019
2020-11-14T17:00:00.0,bus-3-bus-4-i_6,-69.56772389775972
2020-11-14T18:00:00.0,bus-3-bus-4-i_6,-69.51918565345707
2020-11-14T19:00:00.0,bus-3-bus-4-i_6,-69.3834440107289
2020-11-14T20:00:00.0,bus-3-bus-4-i_6,-69.19749778455531
2020-11-14T21:00:00.0,bus-3-bus-4-i_6,-69.03055420513616
2020-11-14T22:00:00.0,bus-3-bus-4-i_6,-68.83652819624037
2020-11-14T23:00:00.0,bus-3-bus-4-i_6,-68.58151065392013
2020-11-15T00:00:00.0,bus-3-bus-4-i_6,-68.33612253946058
2020-11-15T01:00:00.0,bus-3-bus-4-i_6,-68.10383631388997
2020-11-15T02:00:00.0,bus-3-bus-4-i_6,-68.02631690676844
2020-11-15T03:00:00.0,bus-3-bus-4-i_6,-67.9754376989826
2020-11-15T04:00:00.0,bus-3-bus-4-i_6,-67.9754376989826
2020-11-15T05:00:00.0,bus-3-bus-4-i_6,-68.00895750797129
2020-11-15T06:00:00.0,bus-3-bus-4-i_6,-67.88645276592902
2020-11-15T07:00:00.0,bus-3-bus-4-i_6,-67.941211071033
2020-11-15T08:00:00.0,bus-3-bus-4-i_6,-68.15630173079663
2020-11-15T09:00:00.0,bus-3-bus-4-i_6,-68.30984251115248
2020-11-15T10:00:00.0,bus-3-bus-4-i_6,-68.4359686714493
2020-11-15T11:00:00.0,bus-3-bus-4-i_6,-68.4776288301941
2020-11-15T12:00:00.0,bus-3-bus-4-i_6,-68.48441486564484
2020-11-15T13:00:00.0,bus-3-bus-4-i_6,-68.45282488143184
2020-11-15T14:00:00.0,bus-3-bus-4-i_6,-68.39024157875771
2020-11-15T15:00:00.0,bus-3-bus-4-i_6,-68.41250142743073
2020-11-15T16:00:00.0,bus-3-bus-4-i_6,-68.80163781407747
2020-11-15T17:00:00.0,bus-3-bus-4-i_6,-69.48166071887148
2020-11-15T18:00:00.0,bus-3-bus-4-i_6,-69.49893697308545
2020-11-15T19:00:00.0,bus-3-bus-4-i_6,-69.37411204030957
2020-11-15T20:00:00.0,bus-3-bus-4-i_6,-69.21032473433249
2020-11-15T21:00:00.0,bus-3-bus-4-i_6,-68.99204079392587
2020-11-15T22:00:00.0,bus-3-bus-4-i_6,-68.75142986164121
2020-11-15T23:00:00.0,bus-3-bus-4-i_6,-68.44159093807752
2020-11-16T00:00:00.0,bus-3-bus-4-i_6,-68.20086291727803
2020-11-16T01:00:00.0,bus-3-bus-4-i_6,-68.08095250269106
2020-11-16T02:00:00.0,bus-3-bus-4-i_6,-68.0581915198185
2020-11-16T03:00:00.0,bus-3-bus-4-i_6,-68.064386873316
2020-11-16T04:00:00.0,bus-3-bus-4-i_6,-68.17427419426912
2020-11-16T05:00:00.0,bus-3-bus-4-i_6,-68.43038236563069
2020-11-16T06:00:00.0,bus-3-bus-4-i_6,-68.63601771998434
2020-11-16T07:00:00.0,bus-3-bus-4-i_6,-68.70166925418029
2020-11-16T08:00:00.0,bus-3-bus-4-i_6,-68.78964295467416
2020-11-16T09:00:00.0,bus-3-bus-4-i_6,-68.85588897285109
2020-11-16T10:00:00.0,bus-3-bus-4-i_6,-68.94135336508987
2020-11-16T11:00:00.0,bus-3-bus-4-i_6,-69.29181362370683
2020-11-16T12:00:00.0,bus-3-bus-4-i_6,-69.59332564245129
2020-11-16T13:00:00.0,bus-3-bus-4-i_6,-69.49771849132416
2020-11-16T14:00:00.0,bus-3-bus-4-i_6,-69.27743245441667
2020-11-16T15:00:00.0,bus-3-bus-4-i_6,-68.75381055893804
2020-11-16T16:00:00.0,bus-3-bus-4-i_6,-69.19117410978824
2020-11-16T17:00:00.0,bus-3-bus-4-i_6,-69.88675336974728
2020-11-16T18:00:00.0,bus-3-bus-4-i_6,-69.9291685100653
2020-11-16T19:00:00.0,bus-3-bus-4-i_6,-69.90087432118975
2020-11-16T20:00:00.0,bus-3-bus-4-i_6,-69.56082680060689
2020-11-16T21:00:00.0,bus-3-bus-4-i_6,-69.2180330459066
2020-11-16T22:00:00.0,bus-3-bus-4-i_6,-68.87774699615781
2020-11-16T23:00:00.0,bus-3-bus-4-i_6,-68.49347710446672
2020-11-17T00:00:00.0,bus-3-bus-4-i_6,-68.24156587151494
2020-11-17T01:00:00.0,bus-3-bus-4-i_6,-68.11120327476559
2020-11-17T02:00:00.0,bus-3-bus-4-i_6,-68.07266157064466
2020-11-17T03:00:00.0,bus-3-bus-4-i_6,-68.09236894898696
2020-11-17T04:00:00.0,bus-3-bus-4-i_6,-68.18068606060628
2020-11-17T05:00:00.0,bus-3-bus-4-i_6,-68.4348627500244
2020-11-17T06:00:00.0,bus-3-bus-4-i_6,-68.47085193457416
2020-11-17T07:00:00.0,bus-3-bus-4-i_6,-68.55048390262859
2020-11-17T08:00:00.0,bus-3-bus-4-i_6,-68.6640567014546
2020-11-17T09:00:00.0,bus-3-bus-4-i_6,-68.80280345233837
2020-11-17T10:00:00.0,bus-3-bus-4-i_6,-68.92906828343754
2020-11-17T11:00:00.0,bus-3-bus-4-i_6,-69.01440741739276
2020-11-17T12:00:00.0,bus-3-bus-4-i_6,-69.04304702789182
2020-11-17T13:00:00.0,bus-3-bus-4-i_6,-69.10722218003677
2020-11-17T14:00:00.0,bus-3-bus-4-i_6,-69.07193980723008
2020-11-17T15:00:00.0,bus-3-bus-4-i_6,-69.01440741739276
2020-11-17T16:00:00.0,bus-3-bus-4-i_6,-69.33616471588701
2020-11-17T17:00:00.0,bus-3-bus-4-i_6,-69.90087432118975
2020-11-17T18:00:00.0,bus-3-bus-4-i_6,-69.92066272605608
2020-11-17T19:00:00.0,bus-3-bus-4-i_6,-69.75405391954406
2020-11-17T20:00:00.0,bus-3-bus-4-i_6,-69.5057610739428
2020-11-17T21:00:00.0,bus-3-bus-4-i_6,-69.18469615130638
2020-11-17T22:00:00.0,bus-3-bus-4-i_6,-68.85956606926396
2020-11-17T23:00:00.0,bus-3-bus-4-i_6,-68.44718957394483
2020-11-18T00:00:00.0,bus-3-bus-4-i_6,-68.78964295467416
2020-11-18T01:00:00.0,bus-3-bus-4-i_6,-68.66520298101398
2020-11-18T02:00:00.0,bus-3-bus-4-i_6,-68.63834871758723
2020-11-18T03:00:00.0,bus-3-bus-4-i_6,-68.63368774117184
2020-11-18T04:00:00.0,bus-3-bus-4-i_6,-68.77405507284848
2020-11-18T05:00:00.0,bus-3-bus-4-i_6,-69.11733936353657
2020-11-18T06:00:00.0,bus-3-bus-4-i_6,-69.22454927208634
2020-11-18T07:00:00.0,bus-3-bus-4-i_6,-69.27743245441667
2020-11-18T08:00:00.0,bus-3-bus-4-i_6,-69.35309104545757
2020-11-18T09:00:00.0,bus-3-bus-4-i_6,-69.44965460651369
2020-11-18T10:00:00.0,bus-3-bus-4-i_6,-69.51918565345707
2020-11-18T11:00:00.0,bus-3-bus-4-i_6,-69.63841442135613
2020-11-18T12:00:00.0,bus-3-bus-4-i_6,-69.66151315963032
2020-11-18T13:00:00.0,bus-3-bus-4-i_6,-69.66578550210214
2020-11-18T14:00:00.0,bus-3-bus-4-i_6,-69.63295237376263
2020-11-18T15:00:00.0,bus-3-bus-4-i_6,-69.56352991118138
2020-11-18T16:00:00.0,bus-3-bus-4-i_6,-69.9291685100653
2020-11-18T17:00:00.0,bus-3-bus-4-i_6,-70.70618857583202
2020-11-18T18:00:00.0,bus-3-bus-4-i_6,-70.70618819831571
2020-11-18T19:00:00.0,bus-3-bus-4-i_6,-70.54711964466938
2020-11-18T20:00:00.0,bus-3-bus-4-i_6,-70.30648667287869
2020-11-18T21:00:00.0,bus-3-bus-4-i_6,-70.03771835824588
2020-11-18T22:00:00.0,bus-3-bus-4-i_6,-69.64661510536384
2020-11-18T23:00:00.0,bus-3-bus-4-i_6,-69.2180330459066
2020-11-19T00:00:00.0,bus-3-bus-4-i_6,-68.3175040561478
2020-11-19T01:00:00.0,bus-3-bus-4-i_6,-68.18068606060628
2020-11-19T02:00:00.0,bus-3-bus-4-i_6,-68.12894054471364
2020-11-19T03:00:00.0,bus-3-bus-4-i_6,-68.15734729764947
2020-11-19T04:00:00.0,bus-3-bus-4-i_6,-68.30003715144973
2020-11-19T05:00:00.0,bus-3-bus-4-i_6,-68.67108926737086
2020-11-19T06:00:00.0,bus-3-bus-4-i_6,-68.7430750226496
2020-11-19T07:00:00.0,bus-3-bus-4-i_6,-68.74307538634233
2020-11-19T08:00:00.0,bus-3-bus-4-i_6,-68.80280345233837
2020-11-19T09:00:00.0,bus-3-bus-4-i_6,-68.87288256299718
2020-11-19T10:00:00.0,bus-3-bus-4-i_6,-68.94135336508987
2020-11-19T11:00:00.0,bus-3-bus-4-i_6,-68.8985095140364
2020-11-19T12:00:00.0,bus-3-bus-4-i_6,-68.91318025966692
2020-11-19T13:00:00.0,bus-3-bus-4-i_6,-68.90828594964637
2020-11-19T14:00:00.0,bus-3-bus-4-i_6,-68.89606794105525
2020-11-19T15:00:00.0,bus-3-bus-4-i_6,-68.830528915033
2020-11-19T16:00:00.0,bus-3-bus-4-i_6,-69.15287726022615
2020-11-19T17:00:00.0,bus-3-bus-4-i_6,-69.79974475535265
2020-11-19T18:00:00.0,bus-3-bus-4-i_6,-69.82489875975295
2020-11-19T19:00:00.0,bus-3-bus-4-i_6,-69.6971916699179
2020-11-19T20:00:00.0,bus-3-bus-4-i_6,-69.4923618515597
2020-11-19T21:00:00.0,bus-3-bus-4-i_6,-69.22969911949559
2020-11-19T22:00:00.0,bus-3-bus-4-i_6,-68.87288256299718
2020-11-19T23:00:00.0,bus-3-bus-4-i_6,-68.53674443640546
2020-11-20T00:00:00.0,bus-3-bus-4-i_6,-68.30547686197406
2020-11-20T01:00:00.0,bus-3-bus-4-i_6,-68.18276199421041
2020-11-20T02:00:00.0,bus-3-bus-4-i_6,-68.13838216683328
2020-11-20T03:00:00.0,bus-3-bus-4-i_6,-68.15630173079663
2020-11-20T04:00:00.0,bus-3-bus-4-i_6,-68.28370954533574
2020-11-20T05:00:00.0,bus-3-bus-4-i_6,-68.59423319767518
2020-11-20T06:00:00.0,bus-3-bus-4-i_6,-68.7240956026991
2020-11-20T07:00:00.0,bus-3-bus-4-i_6,-68.6969534891794
2020-11-20T08:00:00.0,bus-3-bus-4-i_6,-68.78964295467416
2020-11-20T09:00:00.0,bus-3-bus-4-i_6,-68.90339570447411
2020-11-20T10:00:00.0,bus-3-bus-4-i_6,-68.90584031899441
2020-11-20T11:00:00.0,bus-3-bus-4-i_6,-68.97717532029431
2020-11-20T12:00:00.0,bus-3-bus-4-i_6,-68.97470129024138
2020-11-20T13:00:00.0,bus-3-bus-4-i_6,-68.98460348273213
2020-11-20T14:00:00.0,bus-3-bus-4-i_6,-68.9168083304323
2020-11-20T15:00:00.0,bus-3-bus-4-i_6,-68.86073908599073
2020-11-20T16:00:00.0,bus-3-bus-4-i_6,-69.11987118132446
2020-11-20T17:00:00.0,bus-3-bus-4-i_6,-69.70821168294027
2020-11-20T18:00:00.0,bus-3-bus-4-i_6,-69.62476688959455
2020-11-20T19:00:00.0,bus-3-bus-4-i_6,-69.48433448687578
2020-11-20T20:00:00.0,bus-3-bus-4-i_6,-69.2852200057117
2020-11-20T21:00:00.0,bus-3-bus-4-i_6,-69.10722218003677
2020-11-20T22:00:00.0,bus-3-bus-4-i_6,-68.8936273813449
2020-11-20T23:00:00.0,bus-3-bus-4-i_6,-68.58151065392013
2020-11-21T00:00:00.0,bus-3-bus-4-i_6,-68.33612253946058
2020-11-21T01:00:00.0,bus-3-bus-4-i_6,-68.17851604007608
2020-11-21T02:00:00.0,bus-3-bus-4-i_6,-68.11120327476559
2020-11-21T03:00:00.0,bus-3-bus-4-i_6,-68.10175088543792
2020-11-21T04:00:00.0,bus-3-bus-4-i_6,-68.14786463940456
2020-11-21T05:00:00.0,bus-3-bus-4-i_6,-68.2706978391777
2020-11-21T06:00:00.0,bus-3-bus-4-i_6,-68.19021251727803
2020-11-21T07:00:00.0,bus-3-bus-4-i_6,-68.15734729764947
2020-11-21T08:00:00.0,bus-3-bus-4-i_6,-68.33503592034475
2020-11-21T09:00:00.0,bus-3-bus-4-i_6,-68.47874285523972
2020-11-21T10:00:00.0,bus-3-bus-4-i_6,-68.56886000709262
2020-11-21T11:00:00.0,bus-3-bus-4-i_6,-68.64649104947205
2020-11-21T12:00:00.0,bus-3-bus-4-i_6,-68.67693084377817
2020-11-21T13:00:00.0,bus-3-bus-4-i_6,-68.66171454476753
2020-11-21T14:00:00.0,bus-3-bus-4-i_6,-68.66520298101398
2020-11-21T15:00:00.0,bus-3-bus-4-i_6,-68.63949083935947
2020-11-21T16:00:00.0,bus-3-bus-4-i_6,-68.9549455864385
2020-11-21T17:00:00.0,bus-3-bus-4-i_6,-69.72912355942296
2020-11-21T18:00:00.0,bus-3-bus-4-i_6,-69.45497881417369
2020-11-21T19:00:00.0,bus-3-bus-4-i_6,-69.27743245441667
2020-11-21T20:00:00.0,bus-3-bus-4-i_6,-69.09075064248631
2020-11-21T21:00:00.0,bus-3-bus-4-i_6,-68.95248069984028
2020-11-21T22:00:00.0,bus-3-bus-4-i_6,-68.78485211952437
2020-11-21T23:00:00.0,bus-3-bus-4-i_6,-68.49574519995949
2020-11-22T00:00:00.0,bus-3-bus-4-i_6,-68.24371828300664
2020-11-22T01:00:00.0,bus-3-bus-4-i_6,-68.09236894898696
2020-11-22T02:00:00.0,bus-3-bus-4-i_6,-67.99674036391488
2020-11-22T03:00:00.0,bus-3-bus-4-i_6,-67.97848315823514
2020-11-22T04:00:00.0,bus-3-bus-4-i_6,-67.99267610018723
2020-11-22T05:00:00.0,bus-3-bus-4-i_6,-68.07266157064466
2020-11-22T06:00:00.0,bus-3-bus-4-i_6,-67.9492309577177
2020-11-22T07:00:00.0,bus-3-bus-4-i_6,-67.94923660983861
2020-11-22T08:00:00.0,bus-3-bus-4-i_6,-68.1215932617028
2020-11-22T09:00:00.0,bus-3-bus-4-i_6,-68.33284088785
2020-11-22T10:00:00.0,bus-3-bus-4-i_6,-68.48553019275928
2020-11-22T11:00:00.0,bus-3-bus-4-i_6,-68.59885967199804
2020-11-22T12:00:00.0,bus-3-bus-4-i_6,-68.62319248666103
2020-11-22T13:00:00.0,bus-3-bus-4-i_6,-68.64301377826737
2020-11-22T14:00:00.0,bus-3-bus-4-i_6,-68.62205302134599
2020-11-22T15:00:00.0,bus-3-bus-4-i_6,-68.61390968108574
2020-11-22T16:00:00.0,bus-3-bus-4-i_6,-68.92906828343754
2020-11-22T17:00:00.0,bus-3-bus-4-i_6,-69.53923590587097
2020-11-22T18:00:00.0,bus-3-bus-4-i_6,-69.48433448687578
2020-11-22T19:00:00.0,bus-3-bus-4-i_6,-69.33878271000792
2020-11-22T20:00:00.0,bus-3-bus-4-i_6,-69.14390097484633
2020-11-22T21:00:00.0,bus-3-bus-4-i_6,-68.91318025966692
2020-11-22T22:00:00.0,bus-3-bus-4-i_6,-68.69459711662115
2020-11-22T23:00:00.0,bus-3-bus-4-i_6,-68.381366056703
2020-11-23T00:00:00.0,bus-3-bus-4-i_6,-68.15950332573868
2020-11-23T01:00:00.0,bus-3-bus-4-i_6,-68.05302550405159
2020-11-23T02:00:00.0,bus-3-bus-4-i_6,-67.99267610018723
2020-11-23T03:00:00.0,bus-3-bus-4-i_6,-68.02530387752807
2020-11-23T04:00:00.0,bus-3-bus-4-i_6,-68.14154746804832
2020-11-23T05:00:00.0,bus-3-bus-4-i_6,-68.44269810392163
2020-11-23T06:00:00.0,bus-3-bus-4-i_6,-68.52760508448364
2020-11-23T07:00:00.0,bus-3-bus-4-i_6,-68.55390515559625
2020-11-23T08:00:00.0,bus-3-bus-4-i_6,-68.71584092818681
2020-11-23T09:00:00.0,bus-3-bus-4-i_6,-68.86073908599073
2020-11-23T10:00:00.0,bus-3-bus-4-i_6,-68.96234637715135
2020-11-23T11:00:00.0,bus-3-bus-4-i_6,-69.01559623935283
2020-11-23T12:00:00.0,bus-3-bus-4-i_6,-69.04554862898698
2020-11-23T13:00:00.0,bus-3-bus-4-i_6,-69.10722218003677
2020-11-23T14:00:00.0,bus-3-bus-4-i_6,-69.07816945118341
2020-11-23T15:00:00.0,bus-3-bus-4-i_6,-69.01440741739276
2020-11-23T16:00:00.0,bus-3-bus-4-i_6,-69.31124426891249
2020-11-23T17:00:00.0,bus-3-bus-4-i_6,-69.8771171639752
2020-11-23T18:00:00.0,bus-3-bus-4-i_6,-69.83052300911037
2020-11-23T19:00:00.0,bus-3-bus-4-i_6,-69.66973452421638
2020-11-23T20:00:00.0,bus-3-bus-4-i_6,-69.43636179854444
2020-11-23T21:00:00.0,bus-3-bus-4-i_6,-69.13881979872718
2020-11-23T22:00:00.0,bus-3-bus-4-i_6,-68.80280345233837
2020-11-23T23:00:00.0,bus-3-bus-4-i_6,-68.45282488143184
2020-11-24T00:00:00.0,bus-3-bus-4-i_6,-68.21901623692872
2020-11-24T01:00:00.0,bus-3-bus-4-i_6,-68.09966648390834
2020-11-24T02:00:00.0,bus-3-bus-4-i_6,-68.037606281887
2020-11-24T03:00:00.0,bus-3-bus-4-i_6,-68.04994524301736
2020-11-24T04:00:00.0,bus-3-bus-4-i_6,-68.15950332573868
2020-11-24T05:00:00.0,bus-3-bus-4-i_6,-68.3935604796985
2020-11-24T06:00:00.0,bus-3-bus-4-i_6,-68.53217273182875
2020-11-24T07:00:00.0,bus-3-bus-4-i_6,-68.57116158866192
2020-11-24T08:00:00.0,bus-3-bus-4-i_6,-68.73716688943638
2020-11-24T09:00:00.0,bus-3-bus-4-i_6,-68.85346523107918
2020-11-24T10:00:00.0,bus-3-bus-4-i_6,-69.00942996542796
2020-11-24T11:00:00.0,bus-3-bus-4-i_6,-69.07193980723008
2020-11-24T12:00:00.0,bus-3-bus-4-i_6,-69.03055420513616
2020-11-24T13:00:00.0,bus-3-bus-4-i_6,-69.07313309351287
2020-11-24T14:00:00.0,bus-3-bus-4-i_6,-69.06942724518227
2020-11-24T15:00:00.0,bus-3-bus-4-i_6,-69.01559623935283
2020-11-24T16:00:00.0,bus-3-bus-4-i_6,-69.39135583058889
2020-11-24T17:00:00.0,bus-3-bus-4-i_6,-69.92349688096382
2020-11-24T18:00:00.0,bus-3-bus-4-i_6,-69.82933747706063
2020-11-24T19:00:00.0,bus-3-bus-4-i_6,-69.68893839884203
2020-11-24T20:00:00.0,bus-3-bus-4-i_6,-69.47486175687479
2020-11-24T21:00:00.0,bus-3-bus-4-i_6,-69.19117410978824
2020-11-24T22:00:00.0,bus-3-bus-4-i_6,-68.87657189454812
2020-11-24T23:00:00.0,bus-3-bus-4-i_6,-68.51620372350523
2020-11-25T00:00:00.0,bus-3-bus-4-i_6,-68.24909250427282
2020-11-25T01:00:00.0,bus-3-bus-4-i_6,-68.11531416438248
2020-11-25T02:00:00.0,bus-3-bus-4-i_6,-68.03451700206926
2020-11-25T03:00:00.0,bus-3-bus-4-i_6,-68.02631690676844
2020-11-25T04:00:00.0,bus-3-bus-4-i_6,-68.11322316167141
2020-11-25T05:00:00.0,bus-3-bus-4-i_6,-68.38467889395776
2020-11-25T06:00:00.0,bus-3-bus-4-i_6,-68.45732556058385
2020-11-25T07:00:00.0,bus-3-bus-4-i_6,-68.51848196336722
2020-11-25T08:00:00.0,bus-3-bus-4-i_6,-68.70875052280219
2020-11-25T09:00:00.0,bus-3-bus-4-i_6,-68.8850512432139
2020-11-25T10:00:00.0,bus-3-bus-4-i_6,-69.0380468607784
2020-11-25T11:00:00.0,bus-3-bus-4-i_6,-69.04805124608578
2020-11-25T12:00:00.0,bus-3-bus-4-i_6,-69.04805124608578
2020-11-25T13:00:00.0,bus-3-bus-4-i_6,-69.05186770819287
2020-11-25T14:00:00.0,bus-3-bus-4-i_6,-68.98212641824976
2020-11-25T15:00:00.0,bus-3-bus-4-i_6,-68.90828594964637
2020-11-25T16:00:00.0,bus-3-bus-4-i_6,-69.29821900599285
2020-11-25T17:00:00.0,bus-3-bus-4-i_6,-69.79695491459026
2020-11-25T18:00:00.0,bus-3-bus-4-i_6,-69.72201084558583
2020-11-25T19:00:00.0,bus-3-bus-4-i_6,-69.56082680060689
2020-11-25T20:00:00.0,bus-3-bus-4-i_6,-69.3966354583567
2020-11-25T21:00:00.0,bus-3-bus-4-i_6,-69.20519091683977
2020-11-25T22:00:00.0,bus-3-bus-4-i_6,-68.95612900603174
2020-11-25T23:00:00.0,bus-3-bus-4-i_6,-68.58499236496934
2020-11-26T00:00:00.0,bus-3-bus-4-i_6,-68.28263519504614
2020-11-26T01:00:00.0,bus-3-bus-4-i_6,-68.10175088543792
2020-11-26T02:00:00.0,bus-3-bus-4-i_6,-67.9825332137733
2020-11-26T03:00:00.0,bus-3-bus-4-i_6,-67.94422168763681
2020-11-26T04:00:00.0,bus-3-bus-4-i_6,-67.95929017310414
2020-11-26T05:00:00.0,bus-3-bus-4-i_6,-68.0437711930296
2020-11-26T06:00:00.0,bus-3-bus-4-i_6,-67.9552634420732
2020-11-26T07:00:00.0,bus-3-bus-4-i_6,-67.9482372182521
2020-11-26T08:00:00.0,bus-3-bus-4-i_6,-68.20086291727803
2020-11-26T09:00:00.0,bus-3-bus-4-i_6,-68.45957740963846
2020-11-26T10:00:00.0,bus-3-bus-4-i_6,-68.63949083935947
2020-11-26T11:00:00.0,bus-3-bus-4-i_6,-68.71584092818681
2020-11-26T12:00:00.0,bus-3-bus-4-i_6,-68.7430750226496
2020-11-26T13:00:00.0,bus-3-bus-4-i_6,-68.69810436541188
2020-11-26T14:00:00.0,bus-3-bus-4-i_6,-68.57689960318032
2020-11-26T15:00:00.0,bus-3-bus-4-i_6,-68.49121002203479
2020-11-26T16:00:00.0,bus-3-bus-4-i_6,-68.70402865277822
2020-11-26T17:00:00.0,bus-3-bus-4-i_6,-68.99204079392587
2020-11-26T18:00:00.0,bus-3-bus-4-i_6,-68.8850512432139
2020-11-26T19:00:00.0,bus-3-bus-4-i_6,-68.79800216343304
2020-11-26T20:00:00.0,bus-3-bus-4-i_6,-68.67927943899934
2020-11-26T21:00:00.0,bus-3-bus-4-i_6,-68.62670386189293
2020-11-26T22:00:00.0,bus-3-bus-4-i_6,-68.56425989294817
2020-11-26T23:00:00.0,bus-3-bus-4-i_6,-68.35263271492244
2020-11-27T00:00:00.0,bus-3-bus-4-i_6,-68.14154746804832
2020-11-27T01:00:00.0,bus-3-bus-4-i_6,-68.0437711930296
2020-11-27T02:00:00.0,bus-3-bus-4-i_6,-67.9896200727959
2020-11-27T03:00:00.0,bus-3-bus-4-i_6,-67.99877401175537
2020-11-27T04:00:00.0,bus-3-bus-4-i_6,-68.05200529401402
2020-11-27T05:00:00.0,bus-3-bus-4-i_6,-68.22652741734494
2020-11-27T06:00:00.0,bus-3-bus-4-i_6,-68.20513018368534
2020-11-27T07:00:00.0,bus-3-bus-4-i_6,-68.16368727543383
2020-11-27T08:00:00.0,bus-3-bus-4-i_6,-68.30439778838927
2020-11-27T09:00:00.0,bus-3-bus-4-i_6,-68.4359686714493
2020-11-27T10:00:00.0,bus-3-bus-4-i_6,-68.50367427628008
2020-11-27T11:00:00.0,bus-3-bus-4-i_6,-68.52760508448364
2020-11-27T12:00:00.0,bus-3-bus-4-i_6,-68.49801430731594
2020-11-27T13:00:00.0,bus-3-bus-4-i_6,-68.46068804641519
2020-11-27T14:00:00.0,bus-3-bus-4-i_6,-68.42366941302967
2020-11-27T15:00:00.0,bus-3-bus-4-i_6,-68.42143378146068
2020-11-27T16:00:00.0,bus-3-bus-4-i_6,-68.79800216343304
2020-11-27T17:00:00.0,bus-3-bus-4-i_6,-69.32047791660789
2020-11-27T18:00:00.0,bus-3-bus-4-i_6,-69.30863641707026
2020-11-27T19:00:00.0,bus-3-bus-4-i_6,-69.22197587188332
2020-11-27T20:00:00.0,bus-3-bus-4-i_6,-69.10722218003677
2020-11-27T21:00:00.0,bus-3-bus-4-i_6,-69.0293641471579
2020-11-27T22:00:00.0,bus-3-bus-4-i_6,-68.8680221886675
2020-11-27T23:00:00.0,bus-3-bus-4-i_6,-68.64534780704179
2020-11-28T00:00:00.0,bus-3-bus-4-i_6,-68.381366056703
2020-11-28T01:00:00.0,bus-3-bus-4-i_6,-68.22652741734494
2020-11-28T02:00:00.0,bus-3-bus-4-i_6,-68.17427419426912
2020-11-28T03:00:00.0,bus-3-bus-4-i_6,-68.1215932617028
2020-11-28T04:00:00.0,bus-3-bus-4-i_6,-68.1732246489823
2020-11-28T05:00:00.0,bus-3-bus-4-i_6,-68.21367689557991
2020-11-28T06:00:00.0,bus-3-bus-4-i_6,-68.19765470069416
2020-11-28T07:00:00.0,bus-3-bus-4-i_6,-68.20513018368534
2020-11-28T08:00:00.0,bus-3-bus-4-i_6,-68.381366056703
2020-11-28T09:00:00.0,bus-3-bus-4-i_6,-68.50822037986921
2020-11-28T10:00:00.0,bus-3-bus-4-i_6,-68.56538971506438
2020-11-28T11:00:00.0,bus-3-bus-4-i_6,-68.56538971506438
2020-11-28T12:00:00.0,bus-3-bus-4-i_6,-68.49121002203479
2020-11-28T13:00:00.0,bus-3-bus-4-i_6,-68.44608146885149
2020-11-28T14:00:00.0,bus-3-bus-4-i_6,-68.39246299322897
2020-11-28T15:00:00.0,bus-3-bus-4-i_6,-68.381366056703
2020-11-28T16:00:00.0,bus-3-bus-4-i_6,-68.79800216343304
2020-11-28T17:00:00.0,bus-3-bus-4-i_6,-69.41105457927739
2020-11-28T18:00:00.0,bus-3-bus-4-i_6,-69.43636179854444
2020-11-28T19:00:00.0,bus-3-bus-4-i_6,-69.34926489979483
2020-11-28T20:00:00.0,bus-3-bus-4-i_6,-69.24121269301374
2020-11-28T21:00:00.0,bus-3-bus-4-i_6,-69.11480853889356
2020-11-28T22:00:00.0,bus-3-bus-4-i_6,-68.97094111809068
2020-11-28T23:00:00.0,bus-3-bus-4-i_6,-68.69810436541188
2020-11-29T00:00:00.0,bus-3-bus-4-i_6,-68.45732556058385
2020-11-29T01:00:00.0,bus-3-bus-4-i_6,-68.31421219629368
2020-11-29T02:00:00.0,bus-3-bus-4-i_6,-68.24371828300664
2020-11-29T03:00:00.0,bus-3-bus-4-i_6,-68.22758908441955
2020-11-29T04:00:00.0,bus-3-bus-4-i_6,-68.27719940378785
2020-11-29T05:00:00.0,bus-3-bus-4-i_6,-68.32626186755918
2020-11-29T06:00:00.0,bus-3-bus-4-i_6,-68.24693790689898
2020-11-29T07:00:00.0,bus-3-bus-4-i_6,-68.18068606060628
2020-11-29T08:00:00.0,bus-3-bus-4-i_6,-68.37029447347321
2020-11-29T09:00:00.0,bus-3-bus-4-i_6,-68.46068804641519
2020-11-29T10:00:00.0,bus-3-bus-4-i_6,-68.50367427628008
2020-11-29T11:00:00.0,bus-3-bus-4-i_6,-68.49574519995949
2020-11-29T12:00:00.0,bus-3-bus-4-i_6,-68.45282488143184
2020-11-29T13:00:00.0,bus-3-bus-4-i_6,-68.40804134123682
2020-11-29T14:00:00.0,bus-3-bus-4-i_6,-68.38467889395776
2020-11-29T15:00:00.0,bus-3-bus-4-i_6,-68.42143378146068
2020-11-29T16:00:00.0,bus-3-bus-4-i_6,-68.88261547752839
2020-11-29T17:00:00.0,bus-3-bus-4-i_6,-69.59332564245129
2020-11-29T18:00:00.0,bus-3-bus-4-i_6,-69.59602428305578
2020-11-29T19:00:00.0,bus-3-bus-4-i_6,-69.49893697308545
2020-11-29T20:00:00.0,bus-3-bus-4-i_6,-69.33354770174545
2020-11-29T21:00:00.0,bus-3-bus-4-i_6,-69.0669157031778
2020-11-29T22:00:00.0,bus-3-bus-4-i_6,-68.7944378593887
2020-11-29T23:00:00.0,bus-3-bus-4-i_6,-68.46068804641519
2020-11-30T00:00:00.0,bus-3-bus-4-i_6,-68.21367689557991
2020-11-30T01:00:00.0,bus-3-bus-4-i_6,-68.09236894898696
2020-11-30T02:00:00.0,bus-3-bus-4-i_6,-68.03248932293116
2020-11-30T03:00:00.0,bus-3-bus-4-i_6,-68.02940061854476
2020-11-30T04:00:00.0,bus-3-bus-4-i_6,-68.1215932617028
2020-11-30T05:00:00.0,bus-3-bus-4-i_6,-68.43038236563069
2020-11-30T06:00:00.0,bus-3-bus-4-i_6,-68.63135876744394
2020-11-30T07:00:00.0,bus-3-bus-4-i_6,-68.67108926737086
2020-11-30T08:00:00.0,bus-3-bus-4-i_6,-68.75857503551369
2020-11-30T09:00:00.0,bus-3-bus-4-i_6,-68.8257035867742
2020-11-30T10:00:00.0,bus-3-bus-4-i_6,-68.90828594964637
2020-11-30T11:00:00.0,bus-3-bus-4-i_6,-68.92661418730049
2020-11-30T12:00:00.0,bus-3-bus-4-i_6,-68.93771259932574
2020-11-30T13:00:00.0,bus-3-bus-4-i_6,-68.92416120185479
2020-11-30T14:00:00.0,bus-3-bus-4-i_6,-68.87045126512345
2020-11-30T15:00:00.0,bus-3-bus-4-i_6,-68.82088230879592
2020-11-30T16:00:00.0,bus-3-bus-4-i_6,-69.29701617769265
2020-11-30T17:00:00.0,bus-3-bus-4-i_6,-70.02048229209143
2020-11-30T18:00:00.0,bus-3-bus-4-i_6,-70.12621971001832
2020-11-30T19:00:00.0,bus-3-bus-4-i_6,-70.03197007828639
2020-11-30T20:00:00.0,bus-3-bus-4-i_6,-69.74690899302789
2020-11-30T21:00:00.0,bus-3-bus-4-i_6,-69.45231619894714
2020-11-30T22:00:00.0,bus-3-bus-4-i_6,-69.07193980723008
2020-11-30T23:00:00.0,bus-3-bus-4-i_6,-68.68868401387252
2020-12-01T00:00:00.0,bus-3-bus-4-i_6,-68.54470405698052
2020-12-01T01:00:00.0,bus-3-bus-4-i_6,-68.45732556058385
2020-12-01T02:00:00.0,bus-3-bus-4-i_6,-68.41696557926879
2020-12-01T03:00:00.0,bus-3-bus-4-i_6,-68.42701020559501
2020-12-01T04:00:00.0,bus-3-bus-4-i_6,-68.51620372350523
2020-12-01T05:00:00.0,bus-3-bus-4-i_6,-68.75619229454999
2020-12-01T06:00:00.0,bus-3-bus-4-i_6,-68.96234637715135
2020-12-01T07:00:00.0,bus-3-bus-4-i_6,-68.90584031899441
2020-12-01T08:00:00.0,bus-3-bus-4-i_6,-68.94135336508987
2020-12-01T09:00:00.0,bus-3-bus-4-i_6,-68.920529302633
2020-12-01T10:00:00.0,bus-3-bus-4-i_6,-68.85956606926396
2020-12-01T11:00:00.0,bus-3-bus-4-i_6,-68.94135336508987
2020-12-01T12:00:00.0,bus-3-bus-4-i_6,-68.92416120185479
2020-12-01T13:00:00.0,bus-3-bus-4-i_6,-68.86559351630952
2020-12-01T14:00:00.0,bus-3-bus-4-i_6,-68.830528915033
2020-12-01T15:00:00.0,bus-3-bus-4-i_6,-68.83652819624037
2020-12-01T16:00:00.0,bus-3-bus-4-i_6,-69.31385119454552
2020-12-01T17:00:00.0,bus-3-bus-4-i_6,-70.17978233785145
2020-12-01T18:00:00.0,bus-3-bus-4-i_6,-70.29756635684592
2020-12-01T19:00:00.0,bus-3-bus-4-i_6,-70.23847305656241
2020-12-01T20:00:00.0,bus-3-bus-4-i_6,-70.14187207416656
2020-12-01T21:00:00.0,bus-3-bus-4-i_6,-69.74296364184957
2020-12-01T22:00:00.0,bus-3-bus-4-i_6,-69.26327199206253
2020-12-01T23:00:00.0,bus-3-bus-4-i_6,-68.89606794105525
2020-12-02T00:00:00.0,bus-3-bus-4-i_6,-68.64649104947205
2020-12-02T01:00:00.0,bus-3-bus-4-i_6,-68.58151065392013
2020-12-02T02:00:00.0,bus-3-bus-4-i_6,-68.55390515559625
2020-12-02T03:00:00.0,bus-3-bus-4-i_6,-68.59192145073737
2020-12-02T04:00:00.0,bus-3-bus-4-i_6,-68.73716688943638
2020-12-02T05:00:00.0,bus-3-bus-4-i_6,-69.12240403716444
2020-12-02T06:00:00.0,bus-3-bus-4-i_6,-69.43901833689675
2020-12-02T07:00:00.0,bus-3-bus-4-i_6,-69.42574580968304
2020-12-02T08:00:00.0,bus-3-bus-4-i_6,-69.5138127821243
2020-12-02T09:00:00.0,bus-3-bus-4-i_6,-69.5596113801551
2020-12-02T10:00:00.0,bus-3-bus-4-i_6,-69.58397629230622
2020-12-02T11:00:00.0,bus-3-bus-4-i_6,-69.51649871313094
2020-12-02T12:00:00.0,bus-3-bus-4-i_6,-69.45497881417369
2020-12-02T13:00:00.0,bus-3-bus-4-i_6,-69.3834440107289
2020-12-02T14:00:00.0,bus-3-bus-4-i_6,-69.35188797455181
2020-12-02T15:00:00.0,bus-3-bus-4-i_6,-69.36622158285735
2020-12-02T16:00:00.0,bus-3-bus-4-i_6,-70.15644526192276
2020-12-02T17:00:00.0,bus-3-bus-4-i_6,-169.9598125311785
2020-12-02T18:00:00.0,bus-3-bus-4-i_6,-174.162325723539
2020-12-02T19:00:00.0,bus-3-bus-4-i_6,-173.21439110313855
2020-12-02T20:00:00.0,bus-3-bus-4-i_6,-167.47899012124287
2020-12-02T21:00:00.0,bus-3-bus-4-i_6,-153.84566540742856
2020-12-02T22:00:00.0,bus-3-bus-4-i_6,-70.3869620699402
2020-12-02T23:00:00.0,bus-3-bus-4-i_6,-69.70272033547636
2020-12-03T00:00:00.0,bus-3-bus-4-i_6,-69.60842328231021
2020-12-03T01:00:00.0,bus-3-bus-4-i_6,-69.24637480269232
2020-12-03T02:00:00.0,bus-3-bus-4-i_6,-69.20006121065595
2020-12-03T03:00:00.0,bus-3-bus-4-i_6,-69.20006121065595
2020-12-03T04:00:00.0,bus-3-bus-4-i_6,-69.3966354583567
2020-12-03T05:00:00.0,bus-3-bus-4-i_6,-69.8811120628931
2020-12-03T06:00:00.0,bus-3-bus-4-i_6,-70.38097411833392
2020-12-03T07:00:00.0,bus-3-bus-4-i_6,-70.15644526192276
2020-12-03T08:00:00.0,bus-3-bus-4-i_6,-69.94338293248106
2020-12-03T09:00:00.0,bus-3-bus-4-i_6,-69.70272033547636
2020-12-03T10:00:00.0,bus-3-bus-4-i_6,-69.399276779735
2020-12-03T11:00:00.0,bus-3-bus-4-i_6,-69.04805124608578
2020-12-03T12:00:00.0,bus-3-bus-4-i_6,-69.40312162994849
2020-12-03T13:00:00.0,bus-3-bus-4-i_6,-69.28002719530389
2020-12-03T14:00:00.0,bus-3-bus-4-i_6,-69.18213885731097
2020-12-03T15:00:00.0,bus-3-bus-4-i_6,-68.79560313505024
2020-12-03T16:00:00.0,bus-3-bus-4-i_6,-69.49771849132416
2020-12-03T17:00:00.0,bus-3-bus-4-i_6,-70.4772899607014
2020-12-03T18:00:00.0,bus-3-bus-4-i_6,-152.5576429015989
2020-12-03T19:00:00.0,bus-3-bus-4-i_6,-166.29896275853193
2020-12-03T20:00:00.0,bus-3-bus-4-i_6,-154.54395787460422
2020-12-03T21:00:00.0,bus-3-bus-4-i_6,-151.163894121325
2020-12-03T22:00:00.0,bus-3-bus-4-i_6,-70.44611487904989
2020-12-03T23:00:00.0,bus-3-bus-4-i_6,-69.82489875975295
2020-12-04T00:00:00.0,bus-3-bus-4-i_6,-69.27224600634396
2020-12-04T01:00:00.0,bus-3-bus-4-i_6,-69.23347700581877
2020-12-04T02:00:00.0,bus-3-bus-4-i_6,-69.2852200057117
2020-12-04T03:00:00.0,bus-3-bus-4-i_6,-68.88018073173888
2020-12-04T04:00:00.0,bus-3-bus-4-i_6,-69.02188121966518
2020-12-04T05:00:00.0,bus-3-bus-4-i_6,-69.52725255441791
2020-12-04T06:00:00.0,bus-3-bus-4-i_6,-69.69994657546641
2020-12-04T07:00:00.0,bus-3-bus-4-i_6,-70.15352538313513
2020-12-04T08:00:00.0,bus-3-bus-4-i_6,-69.62204041316
2020-12-04T09:00:00.0,bus-3-bus-4-i_6,-69.43901833689675
2020-12-04T10:00:00.0,bus-3-bus-4-i_6,-69.34402177328516
2020-12-04T11:00:00.0,bus-3-bus-4-i_6,-68.95859515834167
2020-12-04T12:00:00.0,bus-3-bus-4-i_6,-68.8257035867742
2020-12-04T13:00:00.0,bus-3-bus-4-i_6,-68.72057292916506
2020-12-04T14:00:00.0,bus-3-bus-4-i_6,-68.94755394549615
2020-12-04T15:00:00.0,bus-3-bus-4-i_6,-68.86316572700571
2020-12-04T16:00:00.0,bus-3-bus-4-i_6,-69.40985222371123
2020-12-04T17:00:00.0,bus-3-bus-4-i_6,-70.30943429057004
2020-12-04T18:00:00.0,bus-3-bus-4-i_6,-70.46517326524608
2020-12-04T19:00:00.0,bus-3-bus-4-i_6,-70.39598099574143
2020-12-04T20:00:00.0,bus-3-bus-4-i_6,-70.45913271887596
2020-12-04T21:00:00.0,bus-3-bus-4-i_6,-69.77628316257808
2020-12-04T22:00:00.0,bus-3-bus-4-i_6,-69.53923590587097
2020-12-04T23:00:00.0,bus-3-bus-4-i_6,-69.17072074461795
2020-12-05T00:00:00.0,bus-3-bus-4-i_6,-69.50307918900293
2020-12-05T01:00:00.0,bus-3-bus-4-i_6,-69.00942996542796
2020-12-05T02:00:00.0,bus-3-bus-4-i_6,-68.7324206847438
2020-12-05T03:00:00.0,bus-3-bus-4-i_6,-69.15287726022615
2020-12-05T04:00:00.0,bus-3-bus-4-i_6,-68.99452190509649
2020-12-05T05:00:00.0,bus-3-bus-4-i_6,-69.1300086539529
2020-12-05T06:00:00.0,bus-3-bus-4-i_6,-69.07816945118341
2020-12-05T07:00:00.0,bus-3-bus-4-i_6,-68.92661418730049
2020-12-05T08:00:00.0,bus-3-bus-4-i_6,-68.99948720307822
2020-12-05T09:00:00.0,bus-3-bus-4-i_6,-68.98212641824976
2020-12-05T10:00:00.0,bus-3-bus-4-i_6,-68.95612900603174
2020-12-05T11:00:00.0,bus-3-bus-4-i_6,-68.88992580459873
2020-12-05T12:00:00.0,bus-3-bus-4-i_6,-68.78964295467416
2020-12-05T13:00:00.0,bus-3-bus-4-i_6,-68.71820641417158
2020-12-05T14:00:00.0,bus-3-bus-4-i_6,-68.63368774117184
2020-12-05T15:00:00.0,bus-3-bus-4-i_6,-68.70875052280219
2020-12-05T16:00:00.0,bus-3-bus-4-i_6,-69.2180330459066
2020-12-05T17:00:00.0,bus-3-bus-4-i_6,-69.93484415965001
2020-12-05T18:00:00.0,bus-3-bus-4-i_6,-70.23742863881249
2020-12-05T19:00:00.0,bus-3-bus-4-i_6,-70.14187207416656
2020-12-05T20:00:00.0,bus-3-bus-4-i_6,-70.02335537716104
2020-12-05T21:00:00.0,bus-3-bus-4-i_6,-70.226729568364
2020-12-05T22:00:00.0,bus-3-bus-4-i_6,-69.70272033547636
2020-12-05T23:00:00.0,bus-3-bus-4-i_6,-69.38608028282341
2020-12-06T00:00:00.0,bus-3-bus-4-i_6,-69.09327164277741
2020-12-06T01:00:00.0,bus-3-bus-4-i_6,-68.98212641824976
2020-12-06T02:00:00.0,bus-3-bus-4-i_6,-68.9168083304323
2020-12-06T03:00:00.0,bus-3-bus-4-i_6,-68.88261547752839
2020-12-06T04:00:00.0,bus-3-bus-4-i_6,-68.92661418730049
2020-12-06T05:00:00.0,bus-3-bus-4-i_6,-69.0857119951608
2020-12-06T06:00:00.0,bus-3-bus-4-i_6,-69.09831620847191
2020-12-06T07:00:00.0,bus-3-bus-4-i_6,-68.94017141456007
2020-12-06T08:00:00.0,bus-3-bus-4-i_6,-68.95859515834167
2020-12-06T09:00:00.0,bus-3-bus-4-i_6,-68.95859515834167
2020-12-06T10:00:00.0,bus-3-bus-4-i_6,-68.9168083304323
2020-12-06T11:00:00.0,bus-3-bus-4-i_6,-68.8257035867742
2020-12-06T12:00:00.0,bus-3-bus-4-i_6,-68.7324206847438
2020-12-06T13:00:00.0,bus-3-bus-4-i_6,-68.6640567014546
2020-12-06T14:00:00.0,bus-3-bus-4-i_6,-68.61972911961965
2020-12-06T15:00:00.0,bus-3-bus-4-i_6,-68.66171454476753
2020-12-06T16:00:00.0,bus-3-bus-4-i_6,-69.25154100005733
2020-12-06T17:00:00.0,bus-3-bus-4-i_6,-70.29756635684592
2020-12-06T18:00:00.0,bus-3-bus-4-i_6,-70.4863472166422
2020-12-06T19:00:00.0,bus-3-bus-4-i_6,-70.4924060592055
2020-12-06T20:00:00.0,bus-3-bus-4-i_6,-70.43802277372126
2020-12-06T21:00:00.0,bus-3-bus-4-i_6,-70.14769973836017
2020-12-06T22:00:00.0,bus-3-bus-4-i_6,-69.74690899302789
2020-12-06T23:00:00.0,bus-3-bus-4-i_6,-69.35309104545757
2020-12-07T00:00:00.0,bus-3-bus-4-i_6,-69.100840061402
2020-12-07T01:00:00.0,bus-3-bus-4-i_6,-69.00694275189001
2020-12-07T02:00:00.0,bus-3-bus-4-i_6,-68.98708157204776
2020-12-07T03:00:00.0,bus-3-bus-4-i_6,-69.0380468607784
2020-12-07T04:00:00.0,bus-3-bus-4-i_6,-69.22969911949559
2020-12-07T05:00:00.0,bus-3-bus-4-i_6,-69.6795090306152
2020-12-07T06:00:00.0,bus-3-bus-4-i_6,-70.10121462944265
2020-12-07T07:00:00.0,bus-3-bus-4-i_6,-69.86137665403199
2020-12-07T08:00:00.0,bus-3-bus-4-i_6,-69.66973452421638
2020-12-07T09:00:00.0,bus-3-bus-4-i_6,-69.46150796704407
2020-12-07T10:00:00.0,bus-3-bus-4-i_6,-69.30082184296671
2020-12-07T11:00:00.0,bus-3-bus-4-i_6,-69.14898619899353
2020-12-07T12:00:00.0,bus-3-bus-4-i_6,-69.04304702789182
2020-12-07T13:00:00.0,bus-3-bus-4-i_6,-68.91435939543263
2020-12-07T14:00:00.0,bus-3-bus-4-i_6,-68.9549455864385
2020-12-07T15:00:00.0,bus-3-bus-4-i_6,-68.86316572700571
2020-12-07T16:00:00.0,bus-3-bus-4-i_6,-69.49771849132416
2020-12-07T17:00:00.0,bus-3-bus-4-i_6,-70.65139189576328
2020-12-07T18:00:00.0,bus-3-bus-4-i_6,-73.33553447461219
2020-12-07T19:00:00.0,bus-3-bus-4-i_6,-73.33553447458941
2020-12-07T20:00:00.0,bus-3-bus-4-i_6,-70.69780855912447
2020-12-07T21:00:00.0,bus-3-bus-4-i_6,-70.3183724706669
2020-12-07T22:00:00.0,bus-3-bus-4-i_6,-69.79695491459026
2020-12-07T23:00:00.0,bus-3-bus-4-i_6,-69.18725444943937
2020-12-08T00:00:00.0,bus-3-bus-4-i_6,-68.96728529533915
2020-12-08T01:00:00.0,bus-3-bus-4-i_6,-68.87288256299718
2020-12-08T02:00:00.0,bus-3-bus-4-i_6,-68.86073908599073
2020-12-08T03:00:00.0,bus-3-bus-4-i_6,-68.90584031899441
2020-12-08T04:00:00.0,bus-3-bus-4-i_6,-69.06308820195326
2020-12-08T05:00:00.0,bus-3-bus-4-i_6,-69.48968503715889
2020-12-08T06:00:00.0,bus-3-bus-4-i_6,-69.83893092071716
2020-12-08T07:00:00.0,bus-3-bus-4-i_6,-69.64935069085251
2020-12-08T08:00:00.0,bus-3-bus-4-i_6,-69.41105457927739
2020-12-08T09:00:00.0,bus-3-bus-4-i_6,-69.24637480269232
2020-12-08T10:00:00.0,bus-3-bus-4-i_6,-69.1376223939612
2020-12-08T11:00:00.0,bus-3-bus-4-i_6,-69.02188121966518
2020-12-08T12:00:00.0,bus-3-bus-4-i_6,-68.90828594964637
2020-12-08T13:00:00.0,bus-3-bus-4-i_6,-68.830528915033
2020-12-08T14:00:00.0,bus-3-bus-4-i_6,-68.78964295467416
2020-12-08T15:00:00.0,bus-3-bus-4-i_6,-68.75973536931994
2020-12-08T16:00:00.0,bus-3-bus-4-i_6,-69.27743245441667
2020-12-08T17:00:00.0,bus-3-bus-4-i_6,-70.32134471355525
2020-12-08T18:00:00.0,bus-3-bus-4-i_6,-70.4924060592055
2020-12-08T19:00:00.0,bus-3-bus-4-i_6,-70.45913271887596
2020-12-08T20:00:00.0,bus-3-bus-4-i_6,-70.2709519722844
2020-12-08T21:00:00.0,bus-3-bus-4-i_6,-69.96214850196166
2020-12-08T22:00:00.0,bus-3-bus-4-i_6,-69.52038376006307
2020-12-08T23:00:00.0,bus-3-bus-4-i_6,-69.0857119951608
2020-12-09T00:00:00.0,bus-3-bus-4-i_6,-68.86316572700571
2020-12-09T01:00:00.0,bus-3-bus-4-i_6,-68.76689051723011
2020-12-09T02:00:00.0,bus-3-bus-4-i_6,-68.71820641417158
2020-12-09T03:00:00.0,bus-3-bus-4-i_6,-68.74069904816045
2020-12-09T04:00:00.0,bus-3-bus-4-i_6,-68.8850512432139
2020-12-09T05:00:00.0,bus-3-bus-4-i_6,-69.27104389864309
2020-12-09T06:00:00.0,bus-3-bus-4-i_6,-69.5596113801551
2020-12-09T07:00:00.0,bus-3-bus-4-i_6,-69.41105457927739
2020-12-09T08:00:00.0,bus-3-bus-4-i_6,-69.18725444943937
2020-12-09T09:00:00.0,bus-3-bus-4-i_6,-69.07816945118341
2020-12-09T10:00:00.0,bus-3-bus-4-i_6,-69.00197136200981
2020-12-09T11:00:00.0,bus-3-bus-4-i_6,-68.8850512432139
2020-12-09T12:00:00.0,bus-3-bus-4-i_6,-68.8148252042744
2020-12-09T13:00:00.0,bus-3-bus-4-i_6,-68.75619229454999
2020-12-09T14:00:00.0,bus-3-bus-4-i_6,-68.72057292916506
2020-12-09T15:00:00.0,bus-3-bus-4-i_6,-68.73004909533446
2020-12-09T16:00:00.0,bus-3-bus-4-i_6,-69.17958257968442
2020-12-09T17:00:00.0,bus-3-bus-4-i_6,-70.13314584323274
2020-12-09T18:00:00.0,bus-3-bus-4-i_6,-70.20614339425882
2020-12-09T19:00:00.0,bus-3-bus-4-i_6,-70.14187207416656
2020-12-09T20:00:00.0,bus-3-bus-4-i_6,-69.94791329213167
2020-12-09T21:00:00.0,bus-3-bus-4-i_6,-69.66030319116014
2020-12-09T22:00:00.0,bus-3-bus-4-i_6,-69.22969911949559
2020-12-09T23:00:00.0,bus-3-bus-4-i_6,-68.85588897285109
2020-12-10T00:00:00.0,bus-3-bus-4-i_6,-68.6640567014546
2020-12-10T01:00:00.0,bus-3-bus-4-i_6,-68.57689960318032
2020-12-10T02:00:00.0,bus-3-bus-4-i_6,-68.5298883993347
2020-12-10T03:00:00.0,bus-3-bus-4-i_6,-68.55390515559625
2020-12-10T04:00:00.0,bus-3-bus-4-i_6,-68.67457850117793
2020-12-10T05:00:00.0,bus-3-bus-4-i_6,-68.98460348273213
2020-12-10T06:00:00.0,bus-3-bus-4-i_6,-69.32047791660789
2020-12-10T07:00:00.0,bus-3-bus-4-i_6,-69.19493543335511
2020-12-10T08:00:00.0,bus-3-bus-4-i_6,-69.1046954167422
2020-12-10T09:00:00.0,bus-3-bus-4-i_6,-69.100840061402
2020-12-10T10:00:00.0,bus-3-bus-4-i_6,-69.0380468607784
2020-12-10T11:00:00.0,bus-3-bus-4-i_6,-68.92661418730049
2020-12-10T12:00:00.0,bus-3-bus-4-i_6,-68.90828594964637
2020-12-10T13:00:00.0,bus-3-bus-4-i_6,-68.86316572700571
2020-12-10T14:00:00.0,bus-3-bus-4-i_6,-68.82811575394545
2020-12-10T15:00:00.0,bus-3-bus-4-i_6,-68.830528915033
2020-12-10T16:00:00.0,bus-3-bus-4-i_6,-69.23605455843935
2020-12-10T17:00:00.0,bus-3-bus-4-i_6,-70.08095423224177
2020-12-10T18:00:00.0,bus-3-bus-4-i_6,-70.12152041471118
2020-12-10T19:00:00.0,bus-3-bus-4-i_6,-70.0463480927204
2020-12-10T20:00:00.0,bus-3-bus-4-i_6,-69.8517855708829
2020-12-10T21:00:00.0,bus-3-bus-4-i_6,-69.56772389775972
2020-12-10T22:00:00.0,bus-3-bus-4-i_6,-69.19493543335511
2020-12-10T23:00:00.0,bus-3-bus-4-i_6,-68.86559351630952
2020-12-11T00:00:00.0,bus-3-bus-4-i_6,-68.68753410797119
2020-12-11T01:00:00.0,bus-3-bus-4-i_6,-68.61390968108574
2020-12-11T02:00:00.0,bus-3-bus-4-i_6,-68.57689960318032
2020-12-11T03:00:00.0,bus-3-bus-4-i_6,-68.59885967199804
2020-12-11T04:00:00.0,bus-3-bus-4-i_6,-68.69810436541188
2020-12-11T05:00:00.0,bus-3-bus-4-i_6,-69.00942996542796
2020-12-11T06:00:00.0,bus-3-bus-4-i_6,-69.27224600634396
2020-12-11T07:00:00.0,bus-3-bus-4-i_6,-69.14898619899353
2020-12-11T08:00:00.0,bus-3-bus-4-i_6,-69.1300086539529
2020-12-11T09:00:00.0,bus-3-bus-4-i_6,-69.03055420513616
2020-12-11T10:00:00.0,bus-3-bus-4-i_6,-68.97094111809068
2020-12-11T11:00:00.0,bus-3-bus-4-i_6,-68.8936273813449
2020-12-11T12:00:00.0,bus-3-bus-4-i_6,-68.8401917392407
2020-12-11T13:00:00.0,bus-3-bus-4-i_6,-68.82088230879592
2020-12-11T14:00:00.0,bus-3-bus-4-i_6,-68.77767346662395
2020-12-11T15:00:00.0,bus-3-bus-4-i_6,-68.78122859728535
2020-12-11T16:00:00.0,bus-3-bus-4-i_6,-69.30082184296671
2020-12-11T17:00:00.0,bus-3-bus-4-i_6,-70.07806547592435
2020-12-11T18:00:00.0,bus-3-bus-4-i_6,-70.0032653243432
2020-12-11T19:00:00.0,bus-3-bus-4-i_6,-69.88957553859683
2020-12-11T20:00:00.0,bus-3-bus-4-i_6,-69.74690899302789
2020-12-11T21:00:00.0,bus-3-bus-4-i_6,-69.56352991118138
2020-12-11T22:00:00.0,bus-3-bus-4-i_6,-69.2852200057117
2020-12-11T23:00:00.0,bus-3-bus-4-i_6,-68.98708157204776
2020-12-12T00:00:00.0,bus-3-bus-4-i_6,-68.74667147608433
2020-12-12T01:00:00.0,bus-3-bus-4-i_6,-68.60580702866734
2020-12-12T02:00:00.0,bus-3-bus-4-i_6,-68.5424142467582
2020-12-12T03:00:00.0,bus-3-bus-4-i_6,-68.52076122589364
2020-12-12T04:00:00.0,bus-3-bus-4-i_6,-68.55277736338795
2020-12-12T05:00:00.0,bus-3-bus-4-i_6,-68.67457850117793
2020-12-12T06:00:00.0,bus-3-bus-4-i_6,-68.73716688943638
2020-12-12T07:00:00.0,bus-3-bus-4-i_6,-68.6570332531187
2020-12-12T08:00:00.0,bus-3-bus-4-i_6,-68.68868401387252
2020-12-12T09:00:00.0,bus-3-bus-4-i_6,-68.7430750226496
2020-12-12T10:00:00.0,bus-3-bus-4-i_6,-68.74783207523265
2020-12-12T11:00:00.0,bus-3-bus-4-i_6,-68.68518180684323
2020-12-12T12:00:00.0,bus-3-bus-4-i_6,-68.64301377826737
2020-12-12T13:00:00.0,bus-3-bus-4-i_6,-68.60812483705931
2020-12-12T14:00:00.0,bus-3-bus-4-i_6,-68.57116158866192
2020-12-12T15:00:00.0,bus-3-bus-4-i_6,-68.61044366688148
2020-12-12T16:00:00.0,bus-3-bus-4-i_6,-69.02188121966518
2020-12-12T17:00:00.0,bus-3-bus-4-i_6,-69.80416088782763
2020-12-12T18:00:00.0,bus-3-bus-4-i_6,-69.77189034839061
2020-12-12T19:00:00.0,bus-3-bus-4-i_6,-69.62749436538631
2020-12-12T20:00:00.0,bus-3-bus-4-i_6,-69.48166071887148
2020-12-12T21:00:00.0,bus-3-bus-4-i_6,-69.37817454593234
2020-12-12T22:00:00.0,bus-3-bus-4-i_6,-69.13120563260398
2020-12-12T23:00:00.0,bus-3-bus-4-i_6,-68.88018073173888
2020-12-13T00:00:00.0,bus-3-bus-4-i_6,-68.67693084377817
2020-12-13T01:00:00.0,bus-3-bus-4-i_6,-68.5745955573359
2020-12-13T02:00:00.0,bus-3-bus-4-i_6,-68.49121002203479
2020-12-13T03:00:00.0,bus-3-bus-4-i_6,-68.46068804641519
2020-12-13T04:00:00.0,bus-3-bus-4-i_6,-68.45282488143184
2020-12-13T05:00:00.0,bus-3-bus-4-i_6,-68.51165027663897
2020-12-13T06:00:00.0,bus-3-bus-4-i_6,-68.46859500880885
2020-12-13T07:00:00.0,bus-3-bus-4-i_6,-68.80280345233837
2020-12-13T08:00:00.0,bus-3-bus-4-i_6,-68.52760508448364
2020-12-13T09:00:00.0,bus-3-bus-4-i_6,-68.58612576100853
2020-12-13T10:00:00.0,bus-3-bus-4-i_6,-68.62670386189293
2020-12-13T11:00:00.0,bus-3-bus-4-i_6,-68.61390968108574
2020-12-13T12:00:00.0,bus-3-bus-4-i_6,-68.60580702866734
2020-12-13T13:00:00.0,bus-3-bus-4-i_6,-68.57689960318032
2020-12-13T14:00:00.0,bus-3-bus-4-i_6,-68.55620005994459
2020-12-13T15:00:00.0,bus-3-bus-4-i_6,-68.58843483291733
2020-12-13T16:00:00.0,bus-3-bus-4-i_6,-69.0543731627411
2020-12-13T17:00:00.0,bus-3-bus-4-i_6,-70.45007957181468
2020-12-13T18:00:00.0,bus-3-bus-4-i_6,-70.0434673239605
2020-12-13T19:00:00.0,bus-3-bus-4-i_6,-70.01761708273895
2020-12-13T20:00:00.0,bus-3-bus-4-i_6,-69.83612792622915
2020-12-13T21:00:00.0,bus-3-bus-4-i_6,-69.50307918900293
2020-12-13T22:00:00.0,bus-3-bus-4-i_6,-69.18469615130638
2020-12-13T23:00:00.0,bus-3-bus-4-i_6,-68.85956606926396
2020-12-14T00:00:00.0,bus-3-bus-4-i_6,-68.66171454476753
2020-12-14T01:00:00.0,bus-3-bus-4-i_6,-68.59192145073737
2020-12-14T02:00:00.0,bus-3-bus-4-i_6,-68.57116158866192
2020-12-14T03:00:00.0,bus-3-bus-4-i_6,-68.59654592048649
2020-12-14T04:00:00.0,bus-3-bus-4-i_6,-68.73004909533446
2020-12-14T05:00:00.0,bus-3-bus-4-i_6,-69.0669157031778
2020-12-14T06:00:00.0,bus-3-bus-4-i_6,-69.36096633396636
2020-12-14T07:00:00.0,bus-3-bus-4-i_6,-69.24895739270687
2020-12-14T08:00:00.0,bus-3-bus-4-i_6,-69.16681637119213
2020-12-14T09:00:00.0,bus-3-bus-4-i_6,-69.13120563260398
2020-12-14T10:00:00.0,bus-3-bus-4-i_6,-69.09075064248631
2020-12-14T11:00:00.0,bus-3-bus-4-i_6,-68.96846983583504
2020-12-14T12:00:00.0,bus-3-bus-4-i_6,-68.89968708130914
2020-12-14T13:00:00.0,bus-3-bus-4-i_6,-68.86559351630952
2020-12-14T14:00:00.0,bus-3-bus-4-i_6,-68.81365801709988
2020-12-14T15:00:00.0,bus-3-bus-4-i_6,-68.82811575394545
2020-12-14T16:00:00.0,bus-3-bus-4-i_6,-69.44167588442747
2020-12-14T17:00:00.0,bus-3-bus-4-i_6,-70.41696241034421
2020-12-14T18:00:00.0,bus-3-bus-4-i_6,-70.50665071319095
2020-12-14T19:00:00.0,bus-3-bus-4-i_6,-70.45611396461395
2020-12-14T20:00:00.0,bus-3-bus-4-i_6,-70.30943429057004
2020-12-14T21:00:00.0,bus-3-bus-4-i_6,-69.98898687176904
2020-12-14T22:00:00.0,bus-3-bus-4-i_6,-69.4923618515597
2020-12-14T23:00:00.0,bus-3-bus-4-i_6,-69.0380468607784
2020-12-15T00:00:00.0,bus-3-bus-4-i_6,-68.80163781407747
2020-12-15T01:00:00.0,bus-3-bus-4-i_6,-68.71584092818681
2020-12-15T02:00:00.0,bus-3-bus-4-i_6,-68.68518180684323
2020-12-15T03:00:00.0,bus-3-bus-4-i_6,-68.7430750226496
2020-12-15T04:00:00.0,bus-3-bus-4-i_6,-68.8936273813449
2020-12-15T05:00:00.0,bus-3-bus-4-i_6,-69.20006121065595
2020-12-15T06:00:00.0,bus-3-bus-4-i_6,-69.51918565345707
2020-12-15T07:00:00.0,bus-3-bus-4-i_6,-69.37411204030957
2020-12-15T08:00:00.0,bus-3-bus-4-i_6,-69.20006121065595
2020-12-15T09:00:00.0,bus-3-bus-4-i_6,-69.14135987958181
2020-12-15T10:00:00.0,bus-3-bus-4-i_6,-69.03305074350277
2020-12-15T11:00:00.0,bus-3-bus-4-i_6,-69.0857119951608
2020-12-15T12:00:00.0,bus-3-bus-4-i_6,-69.07696797092589
2020-12-15T13:00:00.0,bus-3-bus-4-i_6,-69.0380468607784
2020-12-15T14:00:00.0,bus-3-bus-4-i_6,-68.88261547752839
2020-12-15T15:00:00.0,bus-3-bus-4-i_6,-68.96728529533915
2020-12-15T16:00:00.0,bus-3-bus-4-i_6,-69.58397629230622
2020-12-15T17:00:00.0,bus-3-bus-4-i_6,-70.65447956805357
2020-12-15T18:00:00.0,bus-3-bus-4-i_6,-71.5252198361042
2020-12-15T19:00:00.0,bus-3-bus-4-i_6,-70.78878389429448
2020-12-15T20:00:00.0,bus-3-bus-4-i_6,-70.5410239251477
2020-12-15T21:00:00.0,bus-3-bus-4-i_6,-70.15352538313513
2020-12-15T22:00:00.0,bus-3-bus-4-i_6,-69.64935069085251
2020-12-15T23:00:00.0,bus-3-bus-4-i_6,-69.18469615130638
2020-12-16T00:00:00.0,bus-3-bus-4-i_6,-68.9168083304323
2020-12-16T01:00:00.0,bus-3-bus-4-i_6,-68.82329245423303
2020-12-16T02:00:00.0,bus-3-bus-4-i_6,-68.7705039551084
2020-12-16T03:00:00.0,bus-3-bus-4-i_6,-68.7944378593887
2020-12-16T04:00:00.0,bus-3-bus-4-i_6,-68.96234637715135
2020-12-16T05:00:00.0,bus-3-bus-4-i_6,-69.35976331666332
2020-12-16T06:00:00.0,bus-3-bus-4-i_6,-69.66973452421638
2020-12-16T07:00:00.0,bus-3-bus-4-i_6,-69.40720684682205
2020-12-16T08:00:00.0,bus-3-bus-4-i_6,-69.24121269301374
2020-12-16T09:00:00.0,bus-3-bus-4-i_6,-69.14390097484633
2020-12-16T10:00:00.0,bus-3-bus-4-i_6,-69.07313309351287
2020-12-16T11:00:00.0,bus-3-bus-4-i_6,-68.9796503595321
2020-12-16T12:00:00.0,bus-3-bus-4-i_6,-68.91318025966692
2020-12-16T13:00:00.0,bus-3-bus-4-i_6,-68.83652819624037
2020-12-16T14:00:00.0,bus-3-bus-4-i_6,-68.81125195480514
2020-12-16T15:00:00.0,bus-3-bus-4-i_6,-68.87288256299718
2020-12-16T16:00:00.0,bus-3-bus-4-i_6,-69.49771849132416
2020-12-16T17:00:00.0,bus-3-bus-4-i_6,-70.4772899607014
2020-12-16T18:00:00.0,bus-3-bus-4-i_6,-70.53188808118867
2020-12-16T19:00:00.0,bus-3-bus-4-i_6,-70.46517326524608
2020-12-16T20:00:00.0,bus-3-bus-4-i_6,-70.28278383622803
2020-12-16T21:00:00.0,bus-3-bus-4-i_6,-69.97756318272579
2020-12-16T22:00:00.0,bus-3-bus-4-i_6,-69.44433442770438
2020-12-16T23:00:00.0,bus-3-bus-4-i_6,-69.05186770819287
2020-12-17T00:00:00.0,bus-3-bus-4-i_6,-68.82811575394545
2020-12-17T01:00:00.0,bus-3-bus-4-i_6,-68.73004909533446
2020-12-17T02:00:00.0,bus-3-bus-4-i_6,-68.65235604383281
2020-12-17T03:00:00.0,bus-3-bus-4-i_6,-68.67108926737086
2020-12-17T04:00:00.0,bus-3-bus-4-i_6,-68.78601595341874
2020-12-17T05:00:00.0,bus-3-bus-4-i_6,-69.11227874196673
2020-12-17T06:00:00.0,bus-3-bus-4-i_6,-69.45231619894714
2020-12-17T07:00:00.0,bus-3-bus-4-i_6,-69.34664282912841
2020-12-17T08:00:00.0,bus-3-bus-4-i_6,-69.31646010540709
2020-12-17T09:00:00.0,bus-3-bus-4-i_6,-69.22969911949559
2020-12-17T10:00:00.0,bus-3-bus-4-i_6,-69.17582800592929
2020-12-17T11:00:00.0,bus-3-bus-4-i_6,-69.04054643771138
2020-12-17T12:00:00.0,bus-3-bus-4-i_6,-68.93397931690046
2020-12-17T13:00:00.0,bus-3-bus-4-i_6,-68.88874932242761
2020-12-17T14:00:00.0,bus-3-bus-4-i_6,-68.86073908599073
2020-12-17T15:00:00.0,bus-3-bus-4-i_6,-68.87657189454812
2020-12-17T16:00:00.0,bus-3-bus-4-i_6,-69.46417352075889
2020-12-17T17:00:00.0,bus-3-bus-4-i_6,-70.44611487904989
2020-12-17T18:00:00.0,bus-3-bus-4-i_6,-70.44709399595908
2020-12-17T19:00:00.0,bus-3-bus-4-i_6,-70.46517326524608
2020-12-17T20:00:00.0,bus-3-bus-4-i_6,-70.25025963207172
2020-12-17T21:00:00.0,bus-3-bus-4-i_6,-69.88957553859683
2020-12-17T22:00:00.0,bus-3-bus-4-i_6,-69.47219526134339
2020-12-17T23:00:00.0,bus-3-bus-4-i_6,-69.0293641471579
2020-12-18T00:00:00.0,bus-3-bus-4-i_6,-68.80280345233837
2020-12-18T01:00:00.0,bus-3-bus-4-i_6,-68.67457850117793
2020-12-18T02:00:00.0,bus-3-bus-4-i_6,-68.65350051466021
2020-12-18T03:00:00.0,bus-3-bus-4-i_6,-68.67223667920213
2020-12-18T04:00:00.0,bus-3-bus-4-i_6,-68.78601595341874
2020-12-18T05:00:00.0,bus-3-bus-4-i_6,-69.09327164277741
2020-12-18T06:00:00.0,bus-3-bus-4-i_6,-69.38871755484304
2020-12-18T07:00:00.0,bus-3-bus-4-i_6,-69.29821900599285
2020-12-18T08:00:00.0,bus-3-bus-4-i_6,-69.19493543335511
2020-12-18T09:00:00.0,bus-3-bus-4-i_6,-69.09831620847191
2020-12-18T10:00:00.0,bus-3-bus-4-i_6,-69.0380468607784
2020-12-18T11:00:00.0,bus-3-bus-4-i_6,-68.96234637715135
2020-12-18T12:00:00.0,bus-3-bus-4-i_6,-68.85956606926396
2020-12-18T13:00:00.0,bus-3-bus-4-i_6,-68.80520577820661
2020-12-18T14:00:00.0,bus-3-bus-4-i_6,-68.75973536931994
2020-12-18T15:00:00.0,bus-3-bus-4-i_6,-68.86559351630952
2020-12-18T16:00:00.0,bus-3-bus-4-i_6,-69.38871755484304
2020-12-18T17:00:00.0,bus-3-bus-4-i_6,-70.17393564240626
2020-12-18T18:00:00.0,bus-3-bus-4-i_6,-70.20907752101735
2020-12-18T19:00:00.0,bus-3-bus-4-i_6,-70.0434673239605
2020-12-18T20:00:00.0,bus-3-bus-4-i_6,-69.91782941309414
2020-12-18T21:00:00.0,bus-3-bus-4-i_6,-69.65756352855058
2020-12-18T22:00:00.0,bus-3-bus-4-i_6,-69.41370091817225
2020-12-18T23:00:00.0,bus-3-bus-4-i_6,-69.02307066748534
2020-12-19T00:00:00.0,bus-3-bus-4-i_6,-68.75381055893804
2020-12-19T01:00:00.0,bus-3-bus-4-i_6,-68.64649104947205
2020-12-19T02:00:00.0,bus-3-bus-4-i_6,-68.58499236496934
2020-12-19T03:00:00.0,bus-3-bus-4-i_6,-68.57689960318032
2020-12-19T04:00:00.0,bus-3-bus-4-i_6,-68.60812483705931
2020-12-19T05:00:00.0,bus-3-bus-4-i_6,-68.71820641417158
2020-12-19T06:00:00.0,bus-3-bus-4-i_6,-68.77166577749767
2020-12-19T07:00:00.0,bus-3-bus-4-i_6,-68.73832625581997
2020-12-19T08:00:00.0,bus-3-bus-4-i_6,-68.87288256299718
2020-12-19T09:00:00.0,bus-3-bus-4-i_6,-68.96728529533915
2020-12-19T10:00:00.0,bus-3-bus-4-i_6,-68.97717532029431
2020-12-19T11:00:00.0,bus-3-bus-4-i_6,-68.91073258823785
2020-12-19T12:00:00.0,bus-3-bus-4-i_6,-68.8257035867742
2020-12-19T13:00:00.0,bus-3-bus-4-i_6,-68.7430750226496
2020-12-19T14:00:00.0,bus-3-bus-4-i_6,-68.74307538634233
2020-12-19T15:00:00.0,bus-3-bus-4-i_6,-68.83535830856971
2020-12-19T16:00:00.0,bus-3-bus-4-i_6,-69.41370091817225
2020-12-19T17:00:00.0,bus-3-bus-4-i_6,-70.18563345191487
2020-12-19T18:00:00.0,bus-3-bus-4-i_6,-70.13605471722704
2020-12-19T19:00:00.0,bus-3-bus-4-i_6,-69.98327293682374
2020-12-19T20:00:00.0,bus-3-bus-4-i_6,-69.8771171639752
2020-12-19T21:00:00.0,bus-3-bus-4-i_6,-69.08200021069348
2020-12-19T22:00:00.0,bus-3-bus-4-i_6,-69.3834440107289
2020-12-19T23:00:00.0,bus-3-bus-4-i_6,-69.05186770819287
2020-12-20T00:00:00.0,bus-3-bus-4-i_6,-68.84378076853883
2020-12-20T01:00:00.0,bus-3-bus-4-i_6,-68.72294045086733
2020-12-20T02:00:00.0,bus-3-bus-4-i_6,-68.67223667920213
2020-12-20T03:00:00.0,bus-3-bus-4-i_6,-68.68868401387252
2020-12-20T04:00:00.0,bus-3-bus-4-i_6,-68.75381055893804
2020-12-20T05:00:00.0,bus-3-bus-4-i_6,-68.80760846605796
2020-12-20T06:00:00.0,bus-3-bus-4-i_6,-68.86316572700571
2020-12-20T07:00:00.0,bus-3-bus-4-i_6,-68.7430750226496
2020-12-20T08:00:00.0,bus-3-bus-4-i_6,-68.81847320154229
2020-12-20T09:00:00.0,bus-3-bus-4-i_6,-68.8257035867742
2020-12-20T10:00:00.0,bus-3-bus-4-i_6,-68.81847320154229
2020-12-20T11:00:00.0,bus-3-bus-4-i_6,-68.7705039551084
2020-12-20T12:00:00.0,bus-3-bus-4-i_6,-68.76211945452368
2020-12-20T13:00:00.0,bus-3-bus-4-i_6,-68.77405507284848
2020-12-20T14:00:00.0,bus-3-bus-4-i_6,-68.78964295467416
2020-12-20T15:00:00.0,bus-3-bus-4-i_6,-68.81365801709988
2020-12-20T16:00:00.0,bus-3-bus-4-i_6,-68.24282105349727
2020-12-20T17:00:00.0,bus-3-bus-4-i_6,-70.46822572792166
2020-12-20T18:00:00.0,bus-3-bus-4-i_6,-70.63289986695108
2020-12-20T19:00:00.0,bus-3-bus-4-i_6,-70.61752046181343
2020-12-20T20:00:00.0,bus-3-bus-4-i_6,-70.48331927861504
2020-12-20T21:00:00.0,bus-3-bus-4-i_6,-70.25025963207172
2020-12-20T22:00:00.0,bus-3-bus-4-i_6,-69.89802509792342
2020-12-20T23:00:00.0,bus-3-bus-4-i_6,-69.4709757834126
2020-12-21T00:00:00.0,bus-3-bus-4-i_6,-69.1617169200959
2020-12-21T01:00:00.0,bus-3-bus-4-i_6,-69.04304702789182
2020-12-21T02:00:00.0,bus-3-bus-4-i_6,-68.96846983583504
2020-12-21T03:00:00.0,bus-3-bus-4-i_6,-68.96846983583504
2020-12-21T04:00:00.0,bus-3-bus-4-i_6,-69.11987118132446
2020-12-21T05:00:00.0,bus-3-bus-4-i_6,-69.40312162994849
2020-12-21T06:00:00.0,bus-3-bus-4-i_6,-69.65756352855058
2020-12-21T07:00:00.0,bus-3-bus-4-i_6,-69.4923618515597
2020-12-21T08:00:00.0,bus-3-bus-4-i_6,-69.42839827264456
2020-12-21T09:00:00.0,bus-3-bus-4-i_6,-69.46417352075889
2020-12-21T10:00:00.0,bus-3-bus-4-i_6,-69.44965460651369
2020-12-21T11:00:00.0,bus-3-bus-4-i_6,-69.35309104545757
2020-12-21T12:00:00.0,bus-3-bus-4-i_6,-69.27224600634396
2020-12-21T13:00:00.0,bus-3-bus-4-i_6,-69.24895739270687
2020-12-21T14:00:00.0,bus-3-bus-4-i_6,-69.28781778081748
2020-12-21T15:00:00.0,bus-3-bus-4-i_6,-69.44167588442747
2020-12-21T16:00:00.0,bus-3-bus-4-i_6,-70.2709519722844
2020-12-21T17:00:00.0,bus-3-bus-4-i_6,-168.95527689188444
2020-12-21T18:00:00.0,bus-3-bus-4-i_6,-171.31998669252945
2020-12-21T19:00:00.0,bus-3-bus-4-i_6,-168.18740509344937
2020-12-21T20:00:00.0,bus-3-bus-4-i_6,-119.04519277294759
2020-12-21T21:00:00.0,bus-3-bus-4-i_6,-70.66065333574869
2020-12-21T22:00:00.0,bus-3-bus-4-i_6,-70.00214179593551
2020-12-21T23:00:00.0,bus-3-bus-4-i_6,-69.46150796704407
2020-12-22T00:00:00.0,bus-3-bus-4-i_6,-69.13120563260398
2020-12-22T01:00:00.0,bus-3-bus-4-i_6,-68.9796503595321
2020-12-22T02:00:00.0,bus-3-bus-4-i_6,-68.92416120185479
2020-12-22T03:00:00.0,bus-3-bus-4-i_6,-68.98956067112877
2020-12-22T04:00:00.0,bus-3-bus-4-i_6,-69.15916879461568
2020-12-22T05:00:00.0,bus-3-bus-4-i_6,-69.5057610739428
2020-12-22T06:00:00.0,bus-3-bus-4-i_6,-69.78742209078497
2020-12-22T07:00:00.0,bus-3-bus-4-i_6,-69.77628316257808
2020-12-22T08:00:00.0,bus-3-bus-4-i_6,-69.84616746507999
2020-12-22T09:00:00.0,bus-3-bus-4-i_6,-69.88957553859683
2020-12-22T10:00:00.0,bus-3-bus-4-i_6,-69.70703212259728
2020-12-22T11:00:00.0,bus-3-bus-4-i_6,-69.45231619894714
2020-12-22T12:00:00.0,bus-3-bus-4-i_6,-69.28262321626653
2020-12-22T13:00:00.0,bus-3-bus-4-i_6,-69.13120563260398
2020-12-22T14:00:00.0,bus-3-bus-4-i_6,-69.0293641471579
2020-12-22T15:00:00.0,bus-3-bus-4-i_6,-69.06308820195326
2020-12-22T16:00:00.0,bus-3-bus-4-i_6,-69.77071976579128
2020-12-22T17:00:00.0,bus-3-bus-4-i_6,-93.00502448758537
2020-12-22T18:00:00.0,bus-3-bus-4-i_6,-154.114187168073
2020-12-22T19:00:00.0,bus-3-bus-4-i_6,-153.7382745563183
2020-12-22T20:00:00.0,bus-3-bus-4-i_6,-151.6461713156919
2020-12-22T21:00:00.0,bus-3-bus-4-i_6,-70.69780855912447
2020-12-22T22:00:00.0,bus-3-bus-4-i_6,-70.24921991210991
2020-12-22T23:00:00.0,bus-3-bus-4-i_6,-69.68621023859072
2020-12-23T00:00:00.0,bus-3-bus-4-i_6,-69.38871755484304
2020-12-23T01:00:00.0,bus-3-bus-4-i_6,-69.20006121065595
2020-12-23T02:00:00.0,bus-3-bus-4-i_6,-69.17582800592929
2020-12-23T03:00:00.0,bus-3-bus-4-i_6,-69.25154100005733
2020-12-23T04:00:00.0,bus-3-bus-4-i_6,-69.4189966300228
2020-12-23T05:00:00.0,bus-3-bus-4-i_6,-69.89521994108463
2020-12-23T06:00:00.0,bus-3-bus-4-i_6,-70.20907752101735
2020-12-23T07:00:00.0,bus-3-bus-4-i_6,-69.96214850196166
2020-12-23T08:00:00.0,bus-3-bus-4-i_6,-69.82373559132485
2020-12-23T09:00:00.0,bus-3-bus-4-i_6,-69.64388052409726
2020-12-23T10:00:00.0,bus-3-bus-4-i_6,-69.5138127821243
2020-12-23T11:00:00.0,bus-3-bus-4-i_6,-69.32047791660789
2020-12-23T12:00:00.0,bus-3-bus-4-i_6,-69.15916879461568
2020-12-23T13:00:00.0,bus-3-bus-4-i_6,-69.03055420513616
2020-12-23T14:00:00.0,bus-3-bus-4-i_6,-68.9549455864385
2020-12-23T15:00:00.0,bus-3-bus-4-i_6,-68.96728529533915
2020-12-23T16:00:00.0,bus-3-bus-4-i_6,-69.60298351763439
2020-12-23T17:00:00.0,bus-3-bus-4-i_6,-72.02399961604789
2020-12-23T18:00:00.0,bus-3-bus-4-i_6,-151.6461713156919
2020-12-23T19:00:00.0,bus-3-bus-4-i_6,-152.82586100588853
2020-12-23T20:00:00.0,bus-3-bus-4-i_6,-93.7973654152025
2020-12-23T21:00:00.0,bus-3-bus-4-i_6,-70.74455093422492
2020-12-23T22:00:00.0,bus-3-bus-4-i_6,-70.28867664221976
2020-12-23T23:00:00.0,bus-3-bus-4-i_6,-69.75682902699404
2020-12-24T00:00:00.0,bus-3-bus-4-i_6,-69.39135583058889
2020-12-24T01:00:00.0,bus-3-bus-4-i_6,-69.26706390501272
2020-12-24T02:00:00.0,bus-3-bus-4-i_6,-69.24895739270687
2020-12-24T03:00:00.0,bus-3-bus-4-i_6,-69.2852200057117
2020-12-24T04:00:00.0,bus-3-bus-4-i_6,-69.50307918900293
2020-12-24T05:00:00.0,bus-3-bus-4-i_6,-69.92349688096382
2020-12-24T06:00:00.0,bus-3-bus-4-i_6,-70.2208503567112
2020-12-24T07:00:00.0,bus-3-bus-4-i_6,-69.98212034285322
2020-12-24T08:00:00.0,bus-3-bus-4-i_6,-69.79416607998023
2020-12-24T09:00:00.0,bus-3-bus-4-i_6,-69.61931496180699
2020-12-24T10:00:00.0,bus-3-bus-4-i_6,-69.48166071887148
2020-12-24T11:00:00.0,bus-3-bus-4-i_6,-69.38871755484304
2020-12-24T12:00:00.0,bus-3-bus-4-i_6,-69.19749778455531
2020-12-24T13:00:00.0,bus-3-bus-4-i_6,-69.07816945118341
2020-12-24T14:00:00.0,bus-3-bus-4-i_6,-69.06942724518227
2020-12-24T15:00:00.0,bus-3-bus-4-i_6,-69.04304702789182
2020-12-24T16:00:00.0,bus-3-bus-4-i_6,-69.52038376006307
2020-12-24T17:00:00.0,bus-3-bus-4-i_6,-70.7602397861109
2020-12-24T18:00:00.0,bus-3-bus-4-i_6,-154.65142867412612
2020-12-24T19:00:00.0,bus-3-bus-4-i_6,-98.57268893972856
2020-12-24T20:00:00.0,bus-3-bus-4-i_6,-93.48559243645484
2020-12-24T21:00:00.0,bus-3-bus-4-i_6,-70.68230642857714
2020-12-24T22:00:00.0,bus-3-bus-4-i_6,-70.2149802528723
2020-12-24T23:00:00.0,bus-3-bus-4-i_6,-69.60570290114539
2020-12-25T00:00:00.0,bus-3-bus-4-i_6,-69.28262321626653
2020-12-25T01:00:00.0,bus-3-bus-4-i_6,-69.0957932331898
2020-12-25T02:00:00.0,bus-3-bus-4-i_6,-68.98460348273213
2020-12-25T03:00:00.0,bus-3-bus-4-i_6,-68.96846983583504
2020-12-25T04:00:00.0,bus-3-bus-4-i_6,-69.0857119951608
2020-12-25T05:00:00.0,bus-3-bus-4-i_6,-69.32570279557557
2020-12-25T06:00:00.0,bus-3-bus-4-i_6,-69.58397629230622
2020-12-25T07:00:00.0,bus-3-bus-4-i_6,-69.62749436538631
2020-12-25T08:00:00.0,bus-3-bus-4-i_6,-69.680691962274
2020-12-25T09:00:00.0,bus-3-bus-4-i_6,-69.68621023859072
2020-12-25T10:00:00.0,bus-3-bus-4-i_6,-69.56772389775972
2020-12-25T11:00:00.0,bus-3-bus-4-i_6,-69.41105457927739
2020-12-25T12:00:00.0,bus-3-bus-4-i_6,-69.13881979872718
2020-12-25T13:00:00.0,bus-3-bus-4-i_6,-68.96728529533915
2020-12-25T14:00:00.0,bus-3-bus-4-i_6,-68.8680221886675
2020-12-25T15:00:00.0,bus-3-bus-4-i_6,-68.8257035867742
2020-12-25T16:00:00.0,bus-3-bus-4-i_6,-69.39135583058889
2020-12-25T17:00:00.0,bus-3-bus-4-i_6,-70.49543700619827
2020-12-25T18:00:00.0,bus-3-bus-4-i_6,-70.61752046181343
2020-12-25T19:00:00.0,bus-3-bus-4-i_6,-70.5593234892639
2020-12-25T20:00:00.0,bus-3-bus-4-i_6,-70.3690392487764
2020-12-25T21:00:00.0,bus-3-bus-4-i_6,-70.18563345191487
2020-12-25T22:00:00.0,bus-3-bus-4-i_6,-69.88957553859683
2020-12-25T23:00:00.0,bus-3-bus-4-i_6,-69.53654202724111
2020-12-26T00:00:00.0,bus-3-bus-4-i_6,-69.19493543335511
2020-12-26T01:00:00.0,bus-3-bus-4-i_6,-69.004456553063
2020-12-26T02:00:00.0,bus-3-bus-4-i_6,-68.91318025966692
2020-12-26T03:00:00.0,bus-3-bus-4-i_6,-68.88992580459873
2020-12-26T04:00:00.0,bus-3-bus-4-i_6,-68.95248069984028
2020-12-26T05:00:00.0,bus-3-bus-4-i_6,-69.06942724518227
2020-12-26T06:00:00.0,bus-3-bus-4-i_6,-69.08955615093852
2020-12-26T07:00:00.0,bus-3-bus-4-i_6,-68.94509208496599
2020-12-26T08:00:00.0,bus-3-bus-4-i_6,-68.9796503595321
2020-12-26T09:00:00.0,bus-3-bus-4-i_6,-68.98956067112877
2020-12-26T10:00:00.0,bus-3-bus-4-i_6,-68.92661418730049
2020-12-26T11:00:00.0,bus-3-bus-4-i_6,-68.8257035867742
2020-12-26T12:00:00.0,bus-3-bus-4-i_6,-68.71820641417158
2020-12-26T13:00:00.0,bus-3-bus-4-i_6,-68.64649104947205
2020-12-26T14:00:00.0,bus-3-bus-4-i_6,-68.57689960318032
2020-12-26T15:00:00.0,bus-3-bus-4-i_6,-68.60812483705931
2020-12-26T16:00:00.0,bus-3-bus-4-i_6,-69.01440741739276
2020-12-26T17:00:00.0,bus-3-bus-4-i_6,-69.92066272605608
2020-12-26T18:00:00.0,bus-3-bus-4-i_6,-70.09542213124955
2020-12-26T19:00:00.0,bus-3-bus-4-i_6,-70.14187207416656
2020-12-26T20:00:00.0,bus-3-bus-4-i_6,-70.07229224369958
2020-12-26T21:00:00.0,bus-3-bus-4-i_6,-69.99641632299209
2020-12-26T22:00:00.0,bus-3-bus-4-i_6,-69.79695491459026
2020-12-26T23:00:00.0,bus-3-bus-4-i_6,-69.48968503715889
2020-12-27T00:00:00.0,bus-3-bus-4-i_6,-69.18213885731097
2020-12-27T01:00:00.0,bus-3-bus-4-i_6,-69.01191817840929
2020-12-27T02:00:00.0,bus-3-bus-4-i_6,-68.95859515834167
2020-12-27T03:00:00.0,bus-3-bus-4-i_6,-68.9500168173019
2020-12-27T04:00:00.0,bus-3-bus-4-i_6,-69.02188121966518
2020-12-27T05:00:00.0,bus-3-bus-4-i_6,-69.15916879461568
2020-12-27T06:00:00.0,bus-3-bus-4-i_6,-69.16681637119213
2020-12-27T07:00:00.0,bus-3-bus-4-i_6,-69.00197136200981
2020-12-27T08:00:00.0,bus-3-bus-4-i_6,-68.99204079392587
2020-12-27T09:00:00.0,bus-3-bus-4-i_6,-68.9500168173019
2020-12-27T10:00:00.0,bus-3-bus-4-i_6,-68.86316572700571
2020-12-27T11:00:00.0,bus-3-bus-4-i_6,-68.7705039551084
2020-12-27T12:00:00.0,bus-3-bus-4-i_6,-68.67223667920213
2020-12-27T13:00:00.0,bus-3-bus-4-i_6,-68.6174062283335
2020-12-27T14:00:00.0,bus-3-bus-4-i_6,-68.59192145073737
2020-12-27T15:00:00.0,bus-3-bus-4-i_6,-68.59999540703097
2020-12-27T16:00:00.0,bus-3-bus-4-i_6,-68.96234637715135
2020-12-27T17:00:00.0,bus-3-bus-4-i_6,-69.79974475535265
2020-12-27T18:00:00.0,bus-3-bus-4-i_6,-69.79020935568823
2020-12-27T19:00:00.0,bus-3-bus-4-i_6,-69.67676230727257
2020-12-27T20:00:00.0,bus-3-bus-4-i_6,-69.58788194022576
2020-12-27T21:00:00.0,bus-3-bus-4-i_6,-69.51918565345707
2020-12-27T22:00:00.0,bus-3-bus-4-i_6,-69.44167588442747
2020-12-27T23:00:00.0,bus-3-bus-4-i_6,-69.21426174224598
2020-12-28T00:00:00.0,bus-3-bus-4-i_6,-68.98708157204776
2020-12-28T01:00:00.0,bus-3-bus-4-i_6,-68.87045126512345
2020-12-28T02:00:00.0,bus-3-bus-4-i_6,-68.78964295467416
2020-12-28T03:00:00.0,bus-3-bus-4-i_6,-68.7705039551084
2020-12-28T04:00:00.0,bus-3-bus-4-i_6,-68.80280345233837
2020-12-28T05:00:00.0,bus-3-bus-4-i_6,-68.9168083304323
2020-12-28T06:00:00.0,bus-3-bus-4-i_6,-68.8148252042744
2020-12-28T07:00:00.0,bus-3-bus-4-i_6,-68.67693084377817
2020-12-28T08:00:00.0,bus-3-bus-4-i_6,-68.61390968108574
2020-12-28T09:00:00.0,bus-3-bus-4-i_6,-68.57689960318032
2020-12-28T10:00:00.0,bus-3-bus-4-i_6,-68.55048390262859
2020-12-28T11:00:00.0,bus-3-bus-4-i_6,-68.50028443365511
2020-12-28T12:00:00.0,bus-3-bus-4-i_6,-68.45732556058385
2020-12-28T13:00:00.0,bus-3-bus-4-i_6,-68.39024157875771
2020-12-28T14:00:00.0,bus-3-bus-4-i_6,-68.35372192958005
2020-12-28T15:00:00.0,bus-3-bus-4-i_6,-68.37029447347321
2020-12-28T16:00:00.0,bus-3-bus-4-i_6,-68.70166925418029
2020-12-28T17:00:00.0,bus-3-bus-4-i_6,-69.29181362370683
2020-12-28T18:00:00.0,bus-3-bus-4-i_6,-69.36501858695742
2020-12-28T19:00:00.0,bus-3-bus-4-i_6,-69.42574580968304
2020-12-28T20:00:00.0,bus-3-bus-4-i_6,-69.37817454593234
2020-12-28T21:00:00.0,bus-3-bus-4-i_6,-69.31124426891249
2020-12-28T22:00:00.0,bus-3-bus-4-i_6,-69.16681637119213
2020-12-28T23:00:00.0,bus-3-bus-4-i_6,-68.93771259932574
2020-12-29T00:00:00.0,bus-3-bus-4-i_6,-68.76450455254428
2020-12-29T01:00:00.0,bus-3-bus-4-i_6,-68.67457850117793
2020-12-29T02:00:00.0,bus-3-bus-4-i_6,-68.61972911961965
2020-12-29T03:00:00.0,bus-3-bus-4-i_6,-68.61390968108574
2020-12-29T04:00:00.0,bus-3-bus-4-i_6,-68.70875052280219
2020-12-29T05:00:00.0,bus-3-bus-4-i_6,-68.8850512432139
2020-12-29T06:00:00.0,bus-3-bus-4-i_6,-68.93771259932574
2020-12-29T07:00:00.0,bus-3-bus-4-i_6,-68.8850512432139
2020-12-29T08:00:00.0,bus-3-bus-4-i_6,-68.99452190509649
2020-12-29T09:00:00.0,bus-3-bus-4-i_6,-69.0857119951608
2020-12-29T10:00:00.0,bus-3-bus-4-i_6,-69.07816945118341
2020-12-29T11:00:00.0,bus-3-bus-4-i_6,-69.05186770819287
2020-12-29T12:00:00.0,bus-3-bus-4-i_6,-69.03554829779486
2020-12-29T13:00:00.0,bus-3-bus-4-i_6,-68.9500168173019
2020-12-29T14:00:00.0,bus-3-bus-4-i_6,-68.88018073173888
2020-12-29T15:00:00.0,bus-3-bus-4-i_6,-68.93771259932574
2020-12-29T16:00:00.0,bus-3-bus-4-i_6,-69.54732693658548
2020-12-29T17:00:00.0,bus-3-bus-4-i_6,-70.45611396461395
2020-12-29T18:00:00.0,bus-3-bus-4-i_6,-70.52275980456449
2020-12-29T19:00:00.0,bus-3-bus-4-i_6,-70.38097411833392
2020-12-29T20:00:00.0,bus-3-bus-4-i_6,-70.17393564240626
2020-12-29T21:00:00.0,bus-3-bus-4-i_6,-69.49893697308545
2020-12-29T22:00:00.0,bus-3-bus-4-i_6,-69.55690925191927
2020-12-29T23:00:00.0,bus-3-bus-4-i_6,-69.10722218003677
2020-12-30T00:00:00.0,bus-3-bus-4-i_6,-68.84260998649067
2020-12-30T01:00:00.0,bus-3-bus-4-i_6,-68.71820641417158
2020-12-30T02:00:00.0,bus-3-bus-4-i_6,-68.70875052280219
2020-12-30T03:00:00.0,bus-3-bus-4-i_6,-68.67457850117793
2020-12-30T04:00:00.0,bus-3-bus-4-i_6,-68.75619229454999
2020-12-30T05:00:00.0,bus-3-bus-4-i_6,-68.92416120185479
2020-12-30T06:00:00.0,bus-3-bus-4-i_6,-68.97717532029431
2020-12-30T07:00:00.0,bus-3-bus-4-i_6,-68.9168083304323
2020-12-30T08:00:00.0,bus-3-bus-4-i_6,-68.96481532417305
2020-12-30T09:00:00.0,bus-3-bus-4-i_6,-68.96728529533915
2020-12-30T10:00:00.0,bus-3-bus-4-i_6,-68.97094111809068
2020-12-30T11:00:00.0,bus-3-bus-4-i_6,-68.94135336508987
2020-12-30T12:00:00.0,bus-3-bus-4-i_6,-68.8850512432139
2020-12-30T13:00:00.0,bus-3-bus-4-i_6,-68.79800216343304
2020-12-30T14:00:00.0,bus-3-bus-4-i_6,-68.77405507284848
2020-12-30T15:00:00.0,bus-3-bus-4-i_6,-68.84987079799173
2020-12-30T16:00:00.0,bus-3-bus-4-i_6,-69.3834440107289
2020-12-30T17:00:00.0,bus-3-bus-4-i_6,-70.18563345191487
2020-12-30T18:00:00.0,bus-3-bus-4-i_6,-70.31240264707186
2020-12-30T19:00:00.0,bus-3-bus-4-i_6,-70.23847305656241
2020-12-30T20:00:00.0,bus-3-bus-4-i_6,-69.99641632299209
2020-12-30T21:00:00.0,bus-3-bus-4-i_6,-69.71530882041414
2020-12-30T22:00:00.0,bus-3-bus-4-i_6,-69.35188797455181
2020-12-30T23:00:00.0,bus-3-bus-4-i_6,-68.98708157204776
