DateTime,name,value
2020-01-01T00:00:00.0,bus-3-bus-4-i_6,-144.25122782985432
2020-01-01T01:00:00.0,bus-3-bus-4-i_6,-90.0043447865352
2020-01-01T02:00:00.0,bus-3-bus-4-i_6,-89.79201700109837
2020-01-01T03:00:00.0,bus-3-bus-4-i_6,-89.70102317152738
2020-01-01T04:00:00.0,bus-3-bus-4-i_6,-91.09626791728537
2020-01-01T05:00:00.0,bus-3-bus-4-i_6,-94.94840465529128
2020-01-01T06:00:00.0,bus-3-bus-4-i_6,-100.1654462115932
2020-01-01T07:00:00.0,bus-3-bus-4-i_6,-99.31616212233224
2020-01-01T08:00:00.0,bus-3-bus-4-i_6,-98.1938904417318
2020-01-01T09:00:00.0,bus-3-bus-4-i_6,-98.55789022814214
2020-01-01T10:00:00.0,bus-3-bus-4-i_6,-96.64697111599916
2020-01-01T11:00:00.0,bus-3-bus-4-i_6,-96.1616785215508
2020-01-01T12:00:00.0,bus-3-bus-4-i_6,-96.22232602545357
2020-01-01T13:00:00.0,bus-3-bus-4-i_6,-95.3427040972314
2020-01-01T14:00:00.0,bus-3-bus-4-i_6,-95.03940047744521
2020-01-01T15:00:00.0,bus-3-bus-4-i_6,-95.3427040972314
2020-01-01T16:00:00.0,bus-3-bus-4-i_6,-97.49626047212901
2020-01-01T17:00:00.0,bus-3-bus-4-i_6,-112.05493702653462
2020-01-01T18:00:00.0,bus-3-bus-4-i_6,-113.35904944301645
2020-01-01T19:00:00.0,bus-3-bus-4-i_6,-111.90329416242272
2020-01-01T20:00:00.0,bus-3-bus-4-i_6,-109.50731087673087
2020-01-01T21:00:00.0,bus-3-bus-4-i_6,-104.47250504455567
2020-01-01T22:00:00.0,bus-3-bus-4-i_6,-98.64888539714111
2020-01-01T23:00:00.0,bus-3-bus-4-i_6,-93.76546470416525
2020-01-02T00:00:00.0,bus-3-bus-4-i_6,-90.9749420652546
2020-01-02T01:00:00.0,bus-3-bus-4-i_6,-89.97400499917578
2020-01-02T02:00:00.0,bus-3-bus-4-i_6,-89.45837284834073
2020-01-02T03:00:00.0,bus-3-bus-4-i_6,-89.61002923756467
2020-01-02T04:00:00.0,bus-3-bus-4-i_6,-90.9749420652546
2020-01-02T05:00:00.0,bus-3-bus-4-i_6,-94.88774100628538
2020-01-02T06:00:00.0,bus-3-bus-4-i_6,-100.37780010489641
2020-01-02T07:00:00.0,bus-3-bus-4-i_6,-98.95218229192379
2020-01-02T08:00:00.0,bus-3-bus-4-i_6,-98.1938904417318
2020-01-02T09:00:00.0,bus-3-bus-4-i_6,-97.435614446304
2020-01-02T10:00:00.0,bus-3-bus-4-i_6,-96.91995702287402
2020-01-02T11:00:00.0,bus-3-bus-4-i_6,-96.40431675545666
2020-01-02T12:00:00.0,bus-3-bus-4-i_6,-95.49436319069463
2020-01-02T13:00:00.0,bus-3-bus-4-i_6,-95.46403138063572
2020-01-02T14:00:00.0,bus-3-bus-4-i_6,-94.73608187643869
2020-01-02T15:00:00.0,bus-3-bus-4-i_6,-94.34175546233774
2020-01-02T16:00:00.0,bus-3-bus-4-i_6,-98.9825341868688
2020-01-02T17:00:00.0,bus-3-bus-4-i_6,-110.53850355346685
2020-01-02T18:00:00.0,bus-3-bus-4-i_6,-111.60001012552753
2020-01-02T19:00:00.0,bus-3-bus-4-i_6,-111.26649195264133
2020-01-02T20:00:00.0,bus-3-bus-4-i_6,-108.65808451868368
2020-01-02T21:00:00.0,bus-3-bus-4-i_6,-103.59290743857645
2020-01-02T22:00:00.0,bus-3-bus-4-i_6,-98.37589979430945
2020-01-02T23:00:00.0,bus-3-bus-4-i_6,-93.58346170803777
2020-01-03T00:00:00.0,bus-3-bus-4-i_6,-91.12659954428538
2020-01-03T01:00:00.0,bus-3-bus-4-i_6,-90.24698744858003
2020-01-03T02:00:00.0,bus-3-bus-4-i_6,-89.57970530218785
2020-01-03T03:00:00.0,bus-3-bus-4-i_6,-89.85267970204356
2020-01-03T04:00:00.0,bus-3-bus-4-i_6,-91.30859808477227
2020-01-03T05:00:00.0,bus-3-bus-4-i_6,-95.52469498850279
2020-01-03T06:00:00.0,bus-3-bus-4-i_6,-101.28771019229173
2020-01-03T07:00:00.0,bus-3-bus-4-i_6,-99.43750886911613
2020-01-03T08:00:00.0,bus-3-bus-4-i_6,-98.92187078362143
2020-01-03T09:00:00.0,bus-3-bus-4-i_6,-98.1938904417318
2020-01-03T10:00:00.0,bus-3-bus-4-i_6,-97.435614446304
2020-01-03T11:00:00.0,bus-3-bus-4-i_6,-96.46498033879831
2020-01-03T12:00:00.0,bus-3-bus-4-i_6,-95.85836037309986
2020-01-03T13:00:00.0,bus-3-bus-4-i_6,-94.85740918307278
2020-01-03T14:00:00.0,bus-3-bus-4-i_6,-94.52374622402024
2020-01-03T15:00:00.0,bus-3-bus-4-i_6,-94.00811892148855
2020-01-03T16:00:00.0,bus-3-bus-4-i_6,-90.15599333645662
2020-01-03T17:00:00.0,bus-3-bus-4-i_6,-108.35478740328965
2020-01-03T18:00:00.0,bus-3-bus-4-i_6,-108.77940308780774
2020-01-03T19:00:00.0,bus-3-bus-4-i_6,-107.47518529490503
2020-01-03T20:00:00.0,bus-3-bus-4-i_6,-105.26110452574677
2020-01-03T21:00:00.0,bus-3-bus-4-i_6,-102.28864335185999
2020-01-03T22:00:00.0,bus-3-bus-4-i_6,-98.70952920757755
2020-01-03T23:00:00.0,bus-3-bus-4-i_6,-94.58442285623754
2020-01-04T00:00:00.0,bus-3-bus-4-i_6,-91.82422509877492
2020-01-04T01:00:00.0,bus-3-bus-4-i_6,-90.70195888013069
2020-01-04T02:00:00.0,bus-3-bus-4-i_6,-90.27731886651657
2020-01-04T03:00:00.0,bus-3-bus-4-i_6,-90.0043447865352
2020-01-04T04:00:00.0,bus-3-bus-4-i_6,-90.82329591694966
2020-01-04T05:00:00.0,bus-3-bus-4-i_6,-92.52185241320069
2020-01-04T06:00:00.0,bus-3-bus-4-i_6,-94.463082675987
2020-01-04T07:00:00.0,bus-3-bus-4-i_6,-92.976827576202
2020-01-04T08:00:00.0,bus-3-bus-4-i_6,-93.73513260448654
2020-01-04T09:00:00.0,bus-3-bus-4-i_6,-94.06876973133684
2020-01-04T10:00:00.0,bus-3-bus-4-i_6,-93.28014447259334
2020-01-04T11:00:00.0,bus-3-bus-4-i_6,-91.58157255282838
2020-01-04T12:00:00.0,bus-3-bus-4-i_6,-92.37019419869458
2020-01-04T13:00:00.0,bus-3-bus-4-i_6,-91.55124104831688
2020-01-04T14:00:00.0,bus-3-bus-4-i_6,-91.15694027441128
2020-01-04T15:00:00.0,bus-3-bus-4-i_6,-90.0043447865352
2020-01-04T16:00:00.0,bus-3-bus-4-i_6,-94.52374622402024
2020-01-04T17:00:00.0,bus-3-bus-4-i_6,-106.17098829724458
2020-01-04T18:00:00.0,bus-3-bus-4-i_6,-106.29234151444021
2020-01-04T19:00:00.0,bus-3-bus-4-i_6,-104.95779760599805
2020-01-04T20:00:00.0,bus-3-bus-4-i_6,-102.95595501849802
2020-01-04T21:00:00.0,bus-3-bus-4-i_6,-100.43845224329834
2020-01-04T22:00:00.0,bus-3-bus-4-i_6,-97.3142699689894
2020-01-04T23:00:00.0,bus-3-bus-4-i_6,-93.97777440901412
2020-01-05T00:00:00.0,bus-3-bus-4-i_6,-91.61191420476185
2020-01-05T01:00:00.0,bus-3-bus-4-i_6,-90.36831304640535
2020-01-05T02:00:00.0,bus-3-bus-4-i_6,-89.30672353068849
2020-01-05T03:00:00.0,bus-3-bus-4-i_6,-89.2460541153377
2020-01-05T04:00:00.0,bus-3-bus-4-i_6,-89.76169293096899
2020-01-05T05:00:00.0,bus-3-bus-4-i_6,-91.00528229133946
2020-01-05T06:00:00.0,bus-3-bus-4-i_6,-92.30954184363628
2020-01-05T07:00:00.0,bus-3-bus-4-i_6,-90.82329591694966
2020-01-05T08:00:00.0,bus-3-bus-4-i_6,-91.79390259935136
2020-01-05T09:00:00.0,bus-3-bus-4-i_6,-92.61285848398661
2020-01-05T10:00:00.0,bus-3-bus-4-i_6,-92.61285848398502
2020-01-05T11:00:00.0,bus-3-bus-4-i_6,-92.12755166477069
2020-01-05T12:00:00.0,bus-3-bus-4-i_6,-91.76356200401543
2020-01-05T13:00:00.0,bus-3-bus-4-i_6,-91.27826651928252
2020-01-05T14:00:00.0,bus-3-bus-4-i_6,-90.70195888013069
2020-01-05T15:00:00.0,bus-3-bus-4-i_6,-90.67162736743178
2020-01-05T16:00:00.0,bus-3-bus-4-i_6,-94.88774100628538
2020-01-05T17:00:00.0,bus-3-bus-4-i_6,-105.59471024276323
2020-01-05T18:00:00.0,bus-3-bus-4-i_6,-106.8685841064082
2020-01-05T19:00:00.0,bus-3-bus-4-i_6,-105.89801479733329
2020-01-05T20:00:00.0,bus-3-bus-4-i_6,-102.92562385453625
2020-01-05T21:00:00.0,bus-3-bus-4-i_6,-99.49817262877998
2020-01-05T22:00:00.0,bus-3-bus-4-i_6,-95.22139144827446
2020-01-05T23:00:00.0,bus-3-bus-4-i_6,-91.85455678936822
2020-01-06T00:00:00.0,bus-3-bus-4-i_6,-90.03467534050742
2020-01-06T01:00:00.0,bus-3-bus-4-i_6,-89.36737893923944
2020-01-06T02:00:00.0,bus-3-bus-4-i_6,-88.73043020761335
2020-01-06T03:00:00.0,bus-3-bus-4-i_6,-89.12473592614293
2020-01-06T04:00:00.0,bus-3-bus-4-i_6,-90.51997015284275
2020-01-06T05:00:00.0,bus-3-bus-4-i_6,-94.79673204495896
2020-01-06T06:00:00.0,bus-3-bus-4-i_6,-100.98439619489241
2020-01-06T07:00:00.0,bus-3-bus-4-i_6,-99.1948616214841
2020-01-06T08:00:00.0,bus-3-bus-4-i_6,-99.04319757989137
2020-01-06T09:00:00.0,bus-3-bus-4-i_6,-98.31521718196095
2020-01-06T10:00:00.0,bus-3-bus-4-i_6,-98.34556804797239
2020-01-06T11:00:00.0,bus-3-bus-4-i_6,-97.7692645736446
2020-01-06T12:00:00.0,bus-3-bus-4-i_6,-95.73703253413557
2020-01-06T13:00:00.0,bus-3-bus-4-i_6,-93.64412531284265
2020-01-06T14:00:00.0,bus-3-bus-4-i_6,-94.31142382112976
2020-01-06T15:00:00.0,bus-3-bus-4-i_6,-93.94745502919619
2020-01-06T16:00:00.0,bus-3-bus-4-i_6,-98.07256354026104
2020-01-06T17:00:00.0,bus-3-bus-4-i_6,-111.96395186065264
2020-01-06T18:00:00.0,bus-3-bus-4-i_6,-114.84508684544923
2020-01-06T19:00:00.0,bus-3-bus-4-i_6,-113.93521576239604
2020-01-06T20:00:00.0,bus-3-bus-4-i_6,-111.90329416242272
2020-01-06T21:00:00.0,bus-3-bus-4-i_6,-107.47518529490503
2020-01-06T22:00:00.0,bus-3-bus-4-i_6,-100.40812069276575
2020-01-06T23:00:00.0,bus-3-bus-4-i_6,-95.97967180717998
2020-01-07T00:00:00.0,bus-3-bus-4-i_6,-90.76262175303481
2020-01-07T01:00:00.0,bus-3-bus-4-i_6,-90.12566991469768
2020-01-07T02:00:00.0,bus-3-bus-4-i_6,-89.97400499917578
2020-01-07T03:00:00.0,bus-3-bus-4-i_6,-90.42897584012793
2020-01-07T04:00:00.0,bus-3-bus-4-i_6,-92.40052597004016
2020-01-07T05:00:00.0,bus-3-bus-4-i_6,-97.49626047212901
2020-01-07T06:00:00.0,bus-3-bus-4-i_6,-104.29049140016899
2020-01-07T07:00:00.0,bus-3-bus-4-i_6,-102.16734308606905
2020-01-07T08:00:00.0,bus-3-bus-4-i_6,-99.5588354727278
2020-01-07T09:00:00.0,bus-3-bus-4-i_6,-97.64791928070122
2020-01-07T10:00:00.0,bus-3-bus-4-i_6,-90.12566991469768
2020-01-07T11:00:00.0,bus-3-bus-4-i_6,-96.98063734271163
2020-01-07T12:00:00.0,bus-3-bus-4-i_6,-95.82802803619748
2020-01-07T13:00:00.0,bus-3-bus-4-i_6,-94.70573674131828
2020-01-07T14:00:00.0,bus-3-bus-4-i_6,-93.70480082620887
2020-01-07T15:00:00.0,bus-3-bus-4-i_6,-93.79578405824296
2020-01-07T16:00:00.0,bus-3-bus-4-i_6,-98.77019255152875
2020-01-07T17:00:00.0,bus-3-bus-4-i_6,-112.78281402142424
2020-01-07T18:00:00.0,bus-3-bus-4-i_6,-115.54254737923921
2020-01-07T19:00:00.0,bus-3-bus-4-i_6,-114.57208815717992
2020-01-07T20:00:00.0,bus-3-bus-4-i_6,-112.84346967321142
2020-01-07T21:00:00.0,bus-3-bus-4-i_6,-108.08181939615906
2020-01-07T22:00:00.0,bus-3-bus-4-i_6,-100.98439619489241
2020-01-07T23:00:00.0,bus-3-bus-4-i_6,-96.40431675545666
2020-01-08T00:00:00.0,bus-3-bus-4-i_6,-93.9171108850215
2020-01-08T01:00:00.0,bus-3-bus-4-i_6,-93.21949300255228
2020-01-08T02:00:00.0,bus-3-bus-4-i_6,-92.976827576202
2020-01-08T03:00:00.0,bus-3-bus-4-i_6,-93.49246661440873
2020-01-08T04:00:00.0,bus-3-bus-4-i_6,-95.97967180717998
2020-01-08T05:00:00.0,bus-3-bus-4-i_6,-102.228005175549
2020-01-08T06:00:00.0,bus-3-bus-4-i_6,-110.0229087134093
2020-01-08T07:00:00.0,bus-3-bus-4-i_6,-107.47518529490503
2020-01-08T08:00:00.0,bus-3-bus-4-i_6,-104.89710650243221
2020-01-08T09:00:00.0,bus-3-bus-4-i_6,-102.56162395563906
2020-01-08T10:00:00.0,bus-3-bus-4-i_6,-100.65075043011382
2020-01-08T11:00:00.0,bus-3-bus-4-i_6,-99.01286538160683
2020-01-08T12:00:00.0,bus-3-bus-4-i_6,-97.13229640527112
2020-01-08T13:00:00.0,bus-3-bus-4-i_6,-96.28300511942032
2020-01-08T14:00:00.0,bus-3-bus-4-i_6,-95.03940047744521
2020-01-08T15:00:00.0,bus-3-bus-4-i_6,-96.28300511942032
2020-01-08T16:00:00.0,bus-3-bus-4-i_6,-103.74453558316843
2020-01-08T17:00:00.0,bus-3-bus-4-i_6,-115.33031488654089
2020-01-08T18:00:00.0,bus-3-bus-4-i_6,-116.64923535668335
2020-01-08T19:00:00.0,bus-3-bus-4-i_6,-116.2097286785248
2020-01-08T20:00:00.0,bus-3-bus-4-i_6,-113.08609381851618
2020-01-08T21:00:00.0,bus-3-bus-4-i_6,-108.08181939615906
2020-01-08T22:00:00.0,bus-3-bus-4-i_6,-101.43939111521117
2020-01-08T23:00:00.0,bus-3-bus-4-i_6,-96.46498033879831
2020-01-09T00:00:00.0,bus-3-bus-4-i_6,-93.97777440901412
2020-01-09T01:00:00.0,bus-3-bus-4-i_6,-92.61285848398661
2020-01-09T02:00:00.0,bus-3-bus-4-i_6,-92.43085752563593
2020-01-09T03:00:00.0,bus-3-bus-4-i_6,-93.0981544728167
2020-01-09T04:00:00.0,bus-3-bus-4-i_6,-95.10006413229593
2020-01-09T05:00:00.0,bus-3-bus-4-i_6,-100.92373351751864
2020-01-09T06:00:00.0,bus-3-bus-4-i_6,-107.6875303514143
2020-01-09T07:00:00.0,bus-3-bus-4-i_6,-104.77581310275355
2020-01-09T08:00:00.0,bus-3-bus-4-i_6,-102.80427337008291
2020-01-09T09:00:00.0,bus-3-bus-4-i_6,-100.7114355009267
2020-01-09T10:00:00.0,bus-3-bus-4-i_6,-96.95030552719092
2020-01-09T11:00:00.0,bus-3-bus-4-i_6,-94.64508642107066
2020-01-09T12:00:00.0,bus-3-bus-4-i_6,-93.70480082620887
2020-01-09T13:00:00.0,bus-3-bus-4-i_6,-92.70384244466877
2020-01-09T14:00:00.0,bus-3-bus-4-i_6,-92.12755166477069
2020-01-09T15:00:00.0,bus-3-bus-4-i_6,-92.76451702774224
2020-01-09T16:00:00.0,bus-3-bus-4-i_6,-96.373985018596
2020-01-09T17:00:00.0,bus-3-bus-4-i_6,-110.20488409029186
2020-01-09T18:00:00.0,bus-3-bus-4-i_6,-112.78281402142424
2020-01-09T19:00:00.0,bus-3-bus-4-i_6,-111.87291928635526
2020-01-09T20:00:00.0,bus-3-bus-4-i_6,-109.14335686986625
2020-01-09T21:00:00.0,bus-3-bus-4-i_6,-104.47250504455567
2020-01-09T22:00:00.0,bus-3-bus-4-i_6,-98.80054401491998
2020-01-09T23:00:00.0,bus-3-bus-4-i_6,-94.463082675987
2020-01-10T00:00:00.0,bus-3-bus-4-i_6,-92.03654645197228
2020-01-10T01:00:00.0,bus-3-bus-4-i_6,-90.91427913081876
2020-01-10T02:00:00.0,bus-3-bus-4-i_6,-90.51997015284275
2020-01-10T03:00:00.0,bus-3-bus-4-i_6,-90.9749420652546
2020-01-10T04:00:00.0,bus-3-bus-4-i_6,-92.88583651892888
2020-01-10T05:00:00.0,bus-3-bus-4-i_6,-97.5265922096567
2020-01-10T06:00:00.0,bus-3-bus-4-i_6,-102.2583370040208
2020-01-10T07:00:00.0,bus-3-bus-4-i_6,-100.68108167256342
2020-01-10T08:00:00.0,bus-3-bus-4-i_6,-99.4678410288123
2020-01-10T09:00:00.0,bus-3-bus-4-i_6,-98.86120743801605
2020-01-10T10:00:00.0,bus-3-bus-4-i_6,-98.34556804797239
2020-01-10T11:00:00.0,bus-3-bus-4-i_6,-97.07163278329904
2020-01-10T12:00:00.0,bus-3-bus-4-i_6,-95.9493553715685
2020-01-10T13:00:00.0,bus-3-bus-4-i_6,-95.10006413229593
2020-01-10T14:00:00.0,bus-3-bus-4-i_6,-94.03843785989045
2020-01-10T15:00:00.0,bus-3-bus-4-i_6,-93.49246661440873
2020-01-10T16:00:00.0,bus-3-bus-4-i_6,-96.28300511942032
2020-01-10T17:00:00.0,bus-3-bus-4-i_6,-107.77852022428469
2020-01-10T18:00:00.0,bus-3-bus-4-i_6,-109.02203882112961
2020-01-10T19:00:00.0,bus-3-bus-4-i_6,-107.77852022428469
2020-01-10T20:00:00.0,bus-3-bus-4-i_6,-105.92838648952083
2020-01-10T21:00:00.0,bus-3-bus-4-i_6,-103.10758440994007
2020-01-10T22:00:00.0,bus-3-bus-4-i_6,-98.95218229192379
2020-01-10T23:00:00.0,bus-3-bus-4-i_6,-94.67540492212837
2020-01-11T00:00:00.0,bus-3-bus-4-i_6,-92.18820431986167
2020-01-11T01:00:00.0,bus-3-bus-4-i_6,-91.00528229133946
2020-01-11T02:00:00.0,bus-3-bus-4-i_6,-90.18632471684543
2020-01-11T03:00:00.0,bus-3-bus-4-i_6,-90.06499922003943
2020-01-11T04:00:00.0,bus-3-bus-4-i_6,-90.36831304640535
2020-01-11T05:00:00.0,bus-3-bus-4-i_6,-91.61191420476185
2020-01-11T06:00:00.0,bus-3-bus-4-i_6,-93.37113970495888
2020-01-11T07:00:00.0,bus-3-bus-4-i_6,-92.37019419869458
2020-01-11T08:00:00.0,bus-3-bus-4-i_6,-93.49246661440873
2020-01-11T09:00:00.0,bus-3-bus-4-i_6,-94.06876973133684
2020-01-11T10:00:00.0,bus-3-bus-4-i_6,-93.37113970495888
2020-01-11T11:00:00.0,bus-3-bus-4-i_6,-92.64319018605033
2020-01-11T12:00:00.0,bus-3-bus-4-i_6,-91.91523011013115
2020-01-11T13:00:00.0,bus-3-bus-4-i_6,-91.5209097226531
2020-01-11T14:00:00.0,bus-3-bus-4-i_6,-91.15694027441128
2020-01-11T15:00:00.0,bus-3-bus-4-i_6,-91.82422509877492
2020-01-11T16:00:00.0,bus-3-bus-4-i_6,-95.52469498850279
2020-01-11T17:00:00.0,bus-3-bus-4-i_6,-106.07999712801866
2020-01-11T18:00:00.0,bus-3-bus-4-i_6,-106.47429139234464
2020-01-11T19:00:00.0,bus-3-bus-4-i_6,-105.35206584159411
2020-01-11T20:00:00.0,bus-3-bus-4-i_6,-103.31990167730731
2020-01-11T21:00:00.0,bus-3-bus-4-i_6,-100.25646293029
2020-01-11T22:00:00.0,bus-3-bus-4-i_6,-96.8593100752143
2020-01-11T23:00:00.0,bus-3-bus-4-i_6,-93.4318172937848
2020-01-12T00:00:00.0,bus-3-bus-4-i_6,-91.06593657824095
2020-01-12T01:00:00.0,bus-3-bus-4-i_6,-90.03467534050742
2020-01-12T02:00:00.0,bus-3-bus-4-i_6,-89.06407393908538
2020-01-12T03:00:00.0,bus-3-bus-4-i_6,-88.82141725628026
2020-01-12T04:00:00.0,bus-3-bus-4-i_6,-89.2460541153377
2020-01-12T05:00:00.0,bus-3-bus-4-i_6,-90.51997015284275
2020-01-12T06:00:00.0,bus-3-bus-4-i_6,-91.94555155758017
2020-01-12T07:00:00.0,bus-3-bus-4-i_6,-90.67162736743178
2020-01-12T08:00:00.0,bus-3-bus-4-i_6,-91.79390259935136
2020-01-12T09:00:00.0,bus-3-bus-4-i_6,-92.85550088688262
2020-01-12T10:00:00.0,bus-3-bus-4-i_6,-92.61285848398661
2020-01-12T11:00:00.0,bus-3-bus-4-i_6,-93.37113970495888
2020-01-12T12:00:00.0,bus-3-bus-4-i_6,-92.55219508372423
2020-01-12T13:00:00.0,bus-3-bus-4-i_6,-92.58252686057486
2020-01-12T14:00:00.0,bus-3-bus-4-i_6,-92.30954184363628
2020-01-12T15:00:00.0,bus-3-bus-4-i_6,-92.70384244466877
2020-01-12T16:00:00.0,bus-3-bus-4-i_6,-96.61663941650455
2020-01-12T17:00:00.0,bus-3-bus-4-i_6,-110.50817405406744
2020-01-12T18:00:00.0,bus-3-bus-4-i_6,-113.05576591185647
2020-01-12T19:00:00.0,bus-3-bus-4-i_6,-111.75165269635565
2020-01-12T20:00:00.0,bus-3-bus-4-i_6,-109.41632257037898
2020-01-12T21:00:00.0,bus-3-bus-4-i_6,-106.53498545872458
2020-01-12T22:00:00.0,bus-3-bus-4-i_6,-102.92562385453625
2020-01-12T23:00:00.0,bus-3-bus-4-i_6,-98.46689445871047
2020-01-13T00:00:00.0,bus-3-bus-4-i_6,-95.73703253413557
2020-01-13T01:00:00.0,bus-3-bus-4-i_6,-94.43275067598164
2020-01-13T02:00:00.0,bus-3-bus-4-i_6,-93.79578405824296
2020-01-13T03:00:00.0,bus-3-bus-4-i_6,-94.28110025219694
2020-01-13T04:00:00.0,bus-3-bus-4-i_6,-95.97967180717998
2020-01-13T05:00:00.0,bus-3-bus-4-i_6,-99.86215171544166
2020-01-13T06:00:00.0,bus-3-bus-4-i_6,-104.07817554310775
2020-01-13T07:00:00.0,bus-3-bus-4-i_6,-101.80334309086305
2020-01-13T08:00:00.0,bus-3-bus-4-i_6,-102.62231194784962
2020-01-13T09:00:00.0,bus-3-bus-4-i_6,-103.83556102283347
2020-01-13T10:00:00.0,bus-3-bus-4-i_6,-102.37966206728544
2020-01-13T11:00:00.0,bus-3-bus-4-i_6,-100.65075043011382
2020-01-13T12:00:00.0,bus-3-bus-4-i_6,-99.13419214675017
2020-01-13T13:00:00.0,bus-3-bus-4-i_6,-97.58725562191779
2020-01-13T14:00:00.0,bus-3-bus-4-i_6,-96.43464862391798
2020-01-13T15:00:00.0,bus-3-bus-4-i_6,-95.97967180717998
2020-01-13T16:00:00.0,bus-3-bus-4-i_6,-100.68108167256342
2020-01-13T17:00:00.0,bus-3-bus-4-i_6,-116.41644950844683
2020-01-13T18:00:00.0,bus-3-bus-4-i_6,-111.35070224706749
2020-01-13T19:00:00.0,bus-3-bus-4-i_6,-111.55181883698431
2020-01-13T20:00:00.0,bus-3-bus-4-i_6,-116.53679049222967
2020-01-13T21:00:00.0,bus-3-bus-4-i_6,-112.26723453587188
2020-01-13T22:00:00.0,bus-3-bus-4-i_6,-106.44396122122821
2020-01-13T23:00:00.0,bus-3-bus-4-i_6,-100.59012774052454
2020-01-14T00:00:00.0,bus-3-bus-4-i_6,-97.37495084799966
2020-01-14T01:00:00.0,bus-3-bus-4-i_6,-96.28300511942032
2020-01-14T02:00:00.0,bus-3-bus-4-i_6,-95.6157061478498
2020-01-14T03:00:00.0,bus-3-bus-4-i_6,-96.373985018596
2020-01-14T04:00:00.0,bus-3-bus-4-i_6,-98.70952920757755
2020-01-14T05:00:00.0,bus-3-bus-4-i_6,-105.4127270102149
2020-01-14T06:00:00.0,bus-3-bus-4-i_6,-112.78281402142424
2020-01-14T07:00:00.0,bus-3-bus-4-i_6,-109.81060392439022
2020-01-14T08:00:00.0,bus-3-bus-4-i_6,-106.5653152685837
2020-01-14T09:00:00.0,bus-3-bus-4-i_6,-103.86585926250218
2020-01-14T10:00:00.0,bus-3-bus-4-i_6,-101.56071634071023
2020-01-14T11:00:00.0,bus-3-bus-4-i_6,-99.16450394389726
2020-01-14T12:00:00.0,bus-3-bus-4-i_6,-97.3142699689894
2020-01-14T13:00:00.0,bus-3-bus-4-i_6,-95.64603703236307
2020-01-14T14:00:00.0,bus-3-bus-4-i_6,-94.79673204495896
2020-01-14T15:00:00.0,bus-3-bus-4-i_6,-94.70573674131828
2020-01-14T16:00:00.0,bus-3-bus-4-i_6,-99.68016231828241
2020-01-14T17:00:00.0,bus-3-bus-4-i_6,-113.93521576239604
2020-01-14T18:00:00.0,bus-3-bus-4-i_6,-116.58269579440584
2020-01-14T19:00:00.0,bus-3-bus-4-i_6,-115.81552863917412
2020-01-14T20:00:00.0,bus-3-bus-4-i_6,-112.9041256859118
2020-01-14T21:00:00.0,bus-3-bus-4-i_6,-107.59650513614123
2020-01-14T22:00:00.0,bus-3-bus-4-i_6,-101.43939111521117
2020-01-14T23:00:00.0,bus-3-bus-4-i_6,-95.52469498850279
2020-01-15T00:00:00.0,bus-3-bus-4-i_6,-93.24982468277474
2020-01-15T01:00:00.0,bus-3-bus-4-i_6,-92.24886766874515
2020-01-15T02:00:00.0,bus-3-bus-4-i_6,-91.70289884996346
2020-01-15T03:00:00.0,bus-3-bus-4-i_6,-92.06687794112511
2020-01-15T04:00:00.0,bus-3-bus-4-i_6,-94.28110025219694
2020-01-15T05:00:00.0,bus-3-bus-4-i_6,-99.68016231828241
2020-01-15T06:00:00.0,bus-3-bus-4-i_6,-106.77762703931582
2020-01-15T07:00:00.0,bus-3-bus-4-i_6,-103.9871830041391
2020-01-15T08:00:00.0,bus-3-bus-4-i_6,-101.46969853162358
2020-01-15T09:00:00.0,bus-3-bus-4-i_6,-99.4678410288123
2020-01-15T10:00:00.0,bus-3-bus-4-i_6,-98.83087522460414
2020-01-15T11:00:00.0,bus-3-bus-4-i_6,-97.70860050348915
2020-01-15T12:00:00.0,bus-3-bus-4-i_6,-97.07163278329904
2020-01-15T13:00:00.0,bus-3-bus-4-i_6,-96.373985018596
2020-01-15T14:00:00.0,bus-3-bus-4-i_6,-95.25172327838396
2020-01-15T15:00:00.0,bus-3-bus-4-i_6,-94.73608187643869
2020-01-15T16:00:00.0,bus-3-bus-4-i_6,-99.13419214675017
2020-01-15T17:00:00.0,bus-3-bus-4-i_6,-112.05493702653462
2020-01-15T18:00:00.0,bus-3-bus-4-i_6,-114.1475620533675
2020-01-15T19:00:00.0,bus-3-bus-4-i_6,-112.41882750223144
2020-01-15T20:00:00.0,bus-3-bus-4-i_6,-108.99167140239658
2020-01-15T21:00:00.0,bus-3-bus-4-i_6,-103.83556102283347
2020-01-15T22:00:00.0,bus-3-bus-4-i_6,-97.435614446304
2020-01-15T23:00:00.0,bus-3-bus-4-i_6,-92.61285848398661
2020-01-16T00:00:00.0,bus-3-bus-4-i_6,-90.09533814922968
2020-01-16T01:00:00.0,bus-3-bus-4-i_6,-89.2460541153377
2020-01-16T02:00:00.0,bus-3-bus-4-i_6,-89.21572278623124
2020-01-16T03:00:00.0,bus-3-bus-4-i_6,-89.64036052990309
2020-01-16T04:00:00.0,bus-3-bus-4-i_6,-90.76262175303481
2020-01-16T05:00:00.0,bus-3-bus-4-i_6,-94.67540492212837
2020-01-16T06:00:00.0,bus-3-bus-4-i_6,-100.86309355049248
2020-01-16T07:00:00.0,bus-3-bus-4-i_6,-100.52942437757982
2020-01-16T08:00:00.0,bus-3-bus-4-i_6,-100.28677223137205
2020-01-16T09:00:00.0,bus-3-bus-4-i_6,-99.34649370676405
2020-01-16T10:00:00.0,bus-3-bus-4-i_6,-97.22329183004845
2020-01-16T11:00:00.0,bus-3-bus-4-i_6,-96.5256440050096
2020-01-16T12:00:00.0,bus-3-bus-4-i_6,-95.76735466719184
2020-01-16T13:00:00.0,bus-3-bus-4-i_6,-94.88774100628538
2020-01-16T14:00:00.0,bus-3-bus-4-i_6,-94.40241899678381
2020-01-16T15:00:00.0,bus-3-bus-4-i_6,-94.37210019376154
2020-01-16T16:00:00.0,bus-3-bus-4-i_6,-98.01190004236884
2020-01-16T17:00:00.0,bus-3-bus-4-i_6,-111.81230879129185
2020-01-16T18:00:00.0,bus-3-bus-4-i_6,-115.33031488654089
2020-01-16T19:00:00.0,bus-3-bus-4-i_6,-115.42124092991948
2020-01-16T20:00:00.0,bus-3-bus-4-i_6,-112.69177978091854
2020-01-16T21:00:00.0,bus-3-bus-4-i_6,-107.6875303514143
2020-01-16T22:00:00.0,bus-3-bus-4-i_6,-101.0754133154681
2020-01-16T23:00:00.0,bus-3-bus-4-i_6,-95.85836037309986
2020-01-17T00:00:00.0,bus-3-bus-4-i_6,-94.0991014764283
2020-01-17T01:00:00.0,bus-3-bus-4-i_6,-93.06782281863636
2020-01-17T02:00:00.0,bus-3-bus-4-i_6,-92.88583651892888
2020-01-17T03:00:00.0,bus-3-bus-4-i_6,-93.70480082620887
2020-01-17T04:00:00.0,bus-3-bus-4-i_6,-95.91900823088905
2020-01-17T05:00:00.0,bus-3-bus-4-i_6,-101.71234907819264
2020-01-17T06:00:00.0,bus-3-bus-4-i_6,-108.99167140239658
2020-01-17T07:00:00.0,bus-3-bus-4-i_6,-106.80795675747339
2020-01-17T08:00:00.0,bus-3-bus-4-i_6,-104.74548221097454
2020-01-17T09:00:00.0,bus-3-bus-4-i_6,-102.80427337008291
2020-01-17T10:00:00.0,bus-3-bus-4-i_6,-100.68108167256342
2020-01-17T11:00:00.0,bus-3-bus-4-i_6,-98.28490404611819
2020-01-17T12:00:00.0,bus-3-bus-4-i_6,-96.7682982946782
2020-01-17T13:00:00.0,bus-3-bus-4-i_6,-96.0403354765398
2020-01-17T14:00:00.0,bus-3-bus-4-i_6,-94.40241899678381
2020-01-17T15:00:00.0,bus-3-bus-4-i_6,-93.79578405824296
2020-01-17T16:00:00.0,bus-3-bus-4-i_6,-97.07163278329904
2020-01-17T17:00:00.0,bus-3-bus-4-i_6,-110.05323788729203
2020-01-17T18:00:00.0,bus-3-bus-4-i_6,-113.57134330984842
2020-01-17T19:00:00.0,bus-3-bus-4-i_6,-113.45003247315475
2020-01-17T20:00:00.0,bus-3-bus-4-i_6,-112.05493702653462
2020-01-17T21:00:00.0,bus-3-bus-4-i_6,-109.41632257037898
2020-01-17T22:00:00.0,bus-3-bus-4-i_6,-104.4421736876109
2020-01-17T23:00:00.0,bus-3-bus-4-i_6,-100.04414101771282
2020-01-18T00:00:00.0,bus-3-bus-4-i_6,-97.7692645736446
2020-01-18T01:00:00.0,bus-3-bus-4-i_6,-96.373985018596
2020-01-18T02:00:00.0,bus-3-bus-4-i_6,-95.70670083427224
2020-01-18T03:00:00.0,bus-3-bus-4-i_6,-96.07066723953908
2020-01-18T04:00:00.0,bus-3-bus-4-i_6,-97.37495084799966
2020-01-18T05:00:00.0,bus-3-bus-4-i_6,-100.19577769636892
2020-01-18T06:00:00.0,bus-3-bus-4-i_6,-103.1379155745185
2020-01-18T07:00:00.0,bus-3-bus-4-i_6,-101.46969853162358
2020-01-18T08:00:00.0,bus-3-bus-4-i_6,-101.22704757040688
2020-01-18T09:00:00.0,bus-3-bus-4-i_6,-100.98439619489241
2020-01-18T10:00:00.0,bus-3-bus-4-i_6,-98.9825341868688
2020-01-18T11:00:00.0,bus-3-bus-4-i_6,-95.82802803619748
2020-01-18T12:00:00.0,bus-3-bus-4-i_6,-94.22044114847354
2020-01-18T13:00:00.0,bus-3-bus-4-i_6,-92.64319018605033
2020-01-18T14:00:00.0,bus-3-bus-4-i_6,-91.85455678936822
2020-01-18T15:00:00.0,bus-3-bus-4-i_6,-91.61191420476185
2020-01-18T16:00:00.0,bus-3-bus-4-i_6,-95.1607277893173
2020-01-18T17:00:00.0,bus-3-bus-4-i_6,-108.02112310352186
2020-01-18T18:00:00.0,bus-3-bus-4-i_6,-110.96310896724705
2020-01-18T19:00:00.0,bus-3-bus-4-i_6,-110.35652864898577
2020-01-18T20:00:00.0,bus-3-bus-4-i_6,-109.08269819344343
2020-01-18T21:00:00.0,bus-3-bus-4-i_6,-106.8685841064082
2020-01-18T22:00:00.0,bus-3-bus-4-i_6,-103.83556102283347
2020-01-18T23:00:00.0,bus-3-bus-4-i_6,-99.61949926720521
2020-01-19T00:00:00.0,bus-3-bus-4-i_6,-97.22329183004845
2020-01-19T01:00:00.0,bus-3-bus-4-i_6,-95.43371419975871
2020-01-19T02:00:00.0,bus-3-bus-4-i_6,-94.76641371669041
2020-01-19T03:00:00.0,bus-3-bus-4-i_6,-94.28110025219694
2020-01-19T04:00:00.0,bus-3-bus-4-i_6,-94.64508642107066
2020-01-19T05:00:00.0,bus-3-bus-4-i_6,-95.1607277893173
2020-01-19T06:00:00.0,bus-3-bus-4-i_6,-96.64697111599916
2020-01-19T07:00:00.0,bus-3-bus-4-i_6,-95.79769670512508
2020-01-19T08:00:00.0,bus-3-bus-4-i_6,-97.37495084799966
2020-01-19T09:00:00.0,bus-3-bus-4-i_6,-97.61760592527207
2020-01-19T10:00:00.0,bus-3-bus-4-i_6,-96.2526578182045
2020-01-19T11:00:00.0,bus-3-bus-4-i_6,-95.28204070212847
2020-01-19T12:00:00.0,bus-3-bus-4-i_6,-93.85645973369812
2020-01-19T13:00:00.0,bus-3-bus-4-i_6,-92.61285848398661
2020-01-19T14:00:00.0,bus-3-bus-4-i_6,-91.42992439749429
2020-01-19T15:00:00.0,bus-3-bus-4-i_6,-91.85455678936822
2020-01-19T16:00:00.0,bus-3-bus-4-i_6,-95.009068650897
2020-01-19T17:00:00.0,bus-3-bus-4-i_6,-107.74818976450811
2020-01-19T18:00:00.0,bus-3-bus-4-i_6,-110.993436174474
2020-01-19T19:00:00.0,bus-3-bus-4-i_6,-110.81146393875451
2020-01-19T20:00:00.0,bus-3-bus-4-i_6,-108.65808451868368
2020-01-19T21:00:00.0,bus-3-bus-4-i_6,-104.56349747571912
2020-01-19T22:00:00.0,bus-3-bus-4-i_6,-100.10480503357809
2020-01-19T23:00:00.0,bus-3-bus-4-i_6,-95.82802803619748
2020-01-20T00:00:00.0,bus-3-bus-4-i_6,-93.18914950082437
2020-01-20T01:00:00.0,bus-3-bus-4-i_6,-92.15787294288626
2020-01-20T02:00:00.0,bus-3-bus-4-i_6,-92.03654645197228
2020-01-20T03:00:00.0,bus-3-bus-4-i_6,-92.82516913140462
2020-01-20T04:00:00.0,bus-3-bus-4-i_6,-95.13038176699685
2020-01-20T05:00:00.0,bus-3-bus-4-i_6,-100.8024075829121
2020-01-20T06:00:00.0,bus-3-bus-4-i_6,-107.65716502557467
2020-01-20T07:00:00.0,bus-3-bus-4-i_6,-105.7160321111436
2020-01-20T08:00:00.0,bus-3-bus-4-i_6,-103.9871830041391
2020-01-20T09:00:00.0,bus-3-bus-4-i_6,-102.56162395563906
2020-01-20T10:00:00.0,bus-3-bus-4-i_6,-100.52942437757982
2020-01-20T11:00:00.0,bus-3-bus-4-i_6,-98.34556804797239
2020-01-20T12:00:00.0,bus-3-bus-4-i_6,-97.34461904681638
2020-01-20T13:00:00.0,bus-3-bus-4-i_6,-95.9493553715685
2020-01-20T14:00:00.0,bus-3-bus-4-i_6,-95.009068650897
2020-01-20T15:00:00.0,bus-3-bus-4-i_6,-94.37210019376154
2020-01-20T16:00:00.0,bus-3-bus-4-i_6,-97.58725562191779
2020-01-20T17:00:00.0,bus-3-bus-4-i_6,-111.44836681274666
2020-01-20T18:00:00.0,bus-3-bus-4-i_6,-115.11802846867083
2020-01-20T19:00:00.0,bus-3-bus-4-i_6,-114.51149017931837
2020-01-20T20:00:00.0,bus-3-bus-4-i_6,-112.05493702653462
2020-01-20T21:00:00.0,bus-3-bus-4-i_6,-106.38330057087069
2020-01-20T22:00:00.0,bus-3-bus-4-i_6,-100.4687612992067
2020-01-20T23:00:00.0,bus-3-bus-4-i_6,-95.10006413229593
2020-01-21T00:00:00.0,bus-3-bus-4-i_6,-92.49152092001579
2020-01-21T01:00:00.0,bus-3-bus-4-i_6,-91.5209097226531
2020-01-21T02:00:00.0,bus-3-bus-4-i_6,-91.61191420476185
2020-01-21T03:00:00.0,bus-3-bus-4-i_6,-92.49152092001579
2020-01-21T04:00:00.0,bus-3-bus-4-i_6,-94.94840465529128
2020-01-21T05:00:00.0,bus-3-bus-4-i_6,-100.3171038997477
2020-01-21T06:00:00.0,bus-3-bus-4-i_6,-106.98993853428043
2020-01-21T07:00:00.0,bus-3-bus-4-i_6,-104.19949898379126
2020-01-21T08:00:00.0,bus-3-bus-4-i_6,-103.0469489278837
2020-01-21T09:00:00.0,bus-3-bus-4-i_6,-101.95499965659458
2020-01-21T10:00:00.0,bus-3-bus-4-i_6,-99.10384062925715
2020-01-21T11:00:00.0,bus-3-bus-4-i_6,-97.7692645736446
2020-01-21T12:00:00.0,bus-3-bus-4-i_6,-96.3436531919186
2020-01-21T13:00:00.0,bus-3-bus-4-i_6,-95.3427040972314
2020-01-21T14:00:00.0,bus-3-bus-4-i_6,-95.22139144827446
2020-01-21T15:00:00.0,bus-3-bus-4-i_6,-94.94840465529128
2020-01-21T16:00:00.0,bus-3-bus-4-i_6,-97.16262821460582
2020-01-21T17:00:00.0,bus-3-bus-4-i_6,-110.29587508035534
2020-01-21T18:00:00.0,bus-3-bus-4-i_6,-114.42050788198816
2020-01-21T19:00:00.0,bus-3-bus-4-i_6,-113.57134330984842
2020-01-21T20:00:00.0,bus-3-bus-4-i_6,-111.20573703628109
2020-01-21T21:00:00.0,bus-3-bus-4-i_6,-106.62597637263332
2020-01-21T22:00:00.0,bus-3-bus-4-i_6,-100.19577769636892
2020-01-21T23:00:00.0,bus-3-bus-4-i_6,-95.55502672154923
2020-01-22T00:00:00.0,bus-3-bus-4-i_6,-92.85550088688262
2020-01-22T01:00:00.0,bus-3-bus-4-i_6,-91.55124104831688
2020-01-22T02:00:00.0,bus-3-bus-4-i_6,-91.1872625814745
2020-01-22T03:00:00.0,bus-3-bus-4-i_6,-91.61191420476185
2020-01-22T04:00:00.0,bus-3-bus-4-i_6,-93.6744690495999
2020-01-22T05:00:00.0,bus-3-bus-4-i_6,-98.92187078362143
2020-01-22T06:00:00.0,bus-3-bus-4-i_6,-105.62507176756353
2020-01-22T07:00:00.0,bus-3-bus-4-i_6,-103.22893507504156
2020-01-22T08:00:00.0,bus-3-bus-4-i_6,-101.19671601834904
2020-01-22T09:00:00.0,bus-3-bus-4-i_6,-99.86215171544166
2020-01-22T10:00:00.0,bus-3-bus-4-i_6,-97.5265922096567
2020-01-22T11:00:00.0,bus-3-bus-4-i_6,-96.19199434792152
2020-01-22T12:00:00.0,bus-3-bus-4-i_6,-95.19105961855487
2020-01-22T13:00:00.0,bus-3-bus-4-i_6,-94.34175546233774
2020-01-22T14:00:00.0,bus-3-bus-4-i_6,-93.52281554245074
2020-01-22T15:00:00.0,bus-3-bus-4-i_6,-93.37113970495888
2020-01-22T16:00:00.0,bus-3-bus-4-i_6,-96.64697111599916
2020-01-22T17:00:00.0,bus-3-bus-4-i_6,-107.50551521439229
2020-01-22T18:00:00.0,bus-3-bus-4-i_6,-110.69014782647146
2020-01-22T19:00:00.0,bus-3-bus-4-i_6,-109.7196161009587
2020-01-22T20:00:00.0,bus-3-bus-4-i_6,-107.50551521439229
2020-01-22T21:00:00.0,bus-3-bus-4-i_6,-103.31990167730731
2020-01-22T22:00:00.0,bus-3-bus-4-i_6,-97.10196459478317
2020-01-22T23:00:00.0,bus-3-bus-4-i_6,-93.24982468277474
2020-01-23T00:00:00.0,bus-3-bus-4-i_6,-91.24792558691327
2020-01-23T01:00:00.0,bus-3-bus-4-i_6,-90.64129594453634
2020-01-23T02:00:00.0,bus-3-bus-4-i_6,-90.39865272071293
2020-01-23T03:00:00.0,bus-3-bus-4-i_6,-90.73229031935807
2020-01-23T04:00:00.0,bus-3-bus-4-i_6,-92.70384244466877
2020-01-23T05:00:00.0,bus-3-bus-4-i_6,-97.5265922096567
2020-01-23T06:00:00.0,bus-3-bus-4-i_6,-104.26016071299344
2020-01-23T07:00:00.0,bus-3-bus-4-i_6,-101.31804163752815
2020-01-23T08:00:00.0,bus-3-bus-4-i_6,-100.92373351751864
2020-01-23T09:00:00.0,bus-3-bus-4-i_6,-99.86215171544166
2020-01-23T10:00:00.0,bus-3-bus-4-i_6,-97.64791928070122
2020-01-23T11:00:00.0,bus-3-bus-4-i_6,-96.58630751187657
2020-01-23T12:00:00.0,bus-3-bus-4-i_6,-95.46403138063572
2020-01-23T13:00:00.0,bus-3-bus-4-i_6,-94.37210019376154
2020-01-23T14:00:00.0,bus-3-bus-4-i_6,-93.49246661440873
2020-01-23T15:00:00.0,bus-3-bus-4-i_6,-93.34081977509285
2020-01-23T16:00:00.0,bus-3-bus-4-i_6,-95.6157061478498
2020-01-23T17:00:00.0,bus-3-bus-4-i_6,-108.17280864929673
2020-01-23T18:00:00.0,bus-3-bus-4-i_6,-111.81230879129185
2020-01-23T19:00:00.0,bus-3-bus-4-i_6,-111.20573703628109
2020-01-23T20:00:00.0,bus-3-bus-4-i_6,-109.26467509208075
2020-01-23T21:00:00.0,bus-3-bus-4-i_6,-104.26016071299344
2020-01-23T22:00:00.0,bus-3-bus-4-i_6,-98.9825341868688
2020-01-23T23:00:00.0,bus-3-bus-4-i_6,-93.82612825312462
2020-01-24T00:00:00.0,bus-3-bus-4-i_6,-91.09626791728537
2020-01-24T01:00:00.0,bus-3-bus-4-i_6,-89.97400499917578
2020-01-24T02:00:00.0,bus-3-bus-4-i_6,-89.15506039315038
2020-01-24T03:00:00.0,bus-3-bus-4-i_6,-89.33704763926598
2020-01-24T04:00:00.0,bus-3-bus-4-i_6,-90.36831304640535
2020-01-24T05:00:00.0,bus-3-bus-4-i_6,-94.28110025219694
2020-01-24T06:00:00.0,bus-3-bus-4-i_6,-100.37780010489641
2020-01-24T07:00:00.0,bus-3-bus-4-i_6,-98.55789022814214
2020-01-24T08:00:00.0,bus-3-bus-4-i_6,-97.55694206277967
2020-01-24T09:00:00.0,bus-3-bus-4-i_6,-97.55696307582922
2020-01-24T10:00:00.0,bus-3-bus-4-i_6,-96.73796650929567
2020-01-24T11:00:00.0,bus-3-bus-4-i_6,-95.6157061478498
2020-01-24T12:00:00.0,bus-3-bus-4-i_6,-95.28204070212847
2020-01-24T13:00:00.0,bus-3-bus-4-i_6,-93.85645973369812
2020-01-24T14:00:00.0,bus-3-bus-4-i_6,-93.40148848890063
2020-01-24T15:00:00.0,bus-3-bus-4-i_6,-92.61285848398661
2020-01-24T16:00:00.0,bus-3-bus-4-i_6,-94.64508642107066
2020-01-24T17:00:00.0,bus-3-bus-4-i_6,-105.68570158809263
2020-01-24T18:00:00.0,bus-3-bus-4-i_6,-108.536765305763
2020-01-24T19:00:00.0,bus-3-bus-4-i_6,-107.6875303514143
2020-01-24T20:00:00.0,bus-3-bus-4-i_6,-105.5340491167857
2020-01-24T21:00:00.0,bus-3-bus-4-i_6,-103.16824663563757
2020-01-24T22:00:00.0,bus-3-bus-4-i_6,-99.68016231828241
2020-01-24T23:00:00.0,bus-3-bus-4-i_6,-95.22139144827446
2020-01-25T00:00:00.0,bus-3-bus-4-i_6,-92.76451702774224
2020-01-25T01:00:00.0,bus-3-bus-4-i_6,-91.70289884996346
2020-01-25T02:00:00.0,bus-3-bus-4-i_6,-91.09626791728537
2020-01-25T03:00:00.0,bus-3-bus-4-i_6,-91.03561416004595
2020-01-25T04:00:00.0,bus-3-bus-4-i_6,-91.46025597167286
2020-01-25T05:00:00.0,bus-3-bus-4-i_6,-93.4318172937848
2020-01-25T06:00:00.0,bus-3-bus-4-i_6,-95.19105961855487
2020-01-25T07:00:00.0,bus-3-bus-4-i_6,-93.82612825312462
2020-01-25T08:00:00.0,bus-3-bus-4-i_6,-95.03940047744521
2020-01-25T09:00:00.0,bus-3-bus-4-i_6,-96.13134630245996
2020-01-25T10:00:00.0,bus-3-bus-4-i_6,-95.10006413229593
2020-01-25T11:00:00.0,bus-3-bus-4-i_6,-94.49341431650467
2020-01-25T12:00:00.0,bus-3-bus-4-i_6,-93.49246661440873
2020-01-25T13:00:00.0,bus-3-bus-4-i_6,-92.30954184363628
2020-01-25T14:00:00.0,bus-3-bus-4-i_6,-91.61191420476185
2020-01-25T15:00:00.0,bus-3-bus-4-i_6,-91.76356200401543
2020-01-25T16:00:00.0,bus-3-bus-4-i_6,-94.67540492212837
2020-01-25T17:00:00.0,bus-3-bus-4-i_6,-106.44396122122821
2020-01-25T18:00:00.0,bus-3-bus-4-i_6,-108.77940308780774
2020-01-25T19:00:00.0,bus-3-bus-4-i_6,-107.65716502557467
2020-01-25T20:00:00.0,bus-3-bus-4-i_6,-105.89801479733329
2020-01-25T21:00:00.0,bus-3-bus-4-i_6,-103.16824663563757
2020-01-25T22:00:00.0,bus-3-bus-4-i_6,-100.7114355009267
2020-01-25T23:00:00.0,bus-3-bus-4-i_6,-96.7682982946782
2020-01-26T00:00:00.0,bus-3-bus-4-i_6,-94.19009674558161
2020-01-26T01:00:00.0,bus-3-bus-4-i_6,-92.70384244466877
2020-01-26T02:00:00.0,bus-3-bus-4-i_6,-92.09720949028925
2020-01-26T03:00:00.0,bus-3-bus-4-i_6,-92.06687794112511
2020-01-26T04:00:00.0,bus-3-bus-4-i_6,-92.49152092001579
2020-01-26T05:00:00.0,bus-3-bus-4-i_6,-94.25077332090288
2020-01-26T06:00:00.0,bus-3-bus-4-i_6,-95.64603703236307
2020-01-26T07:00:00.0,bus-3-bus-4-i_6,-94.1597731402763
2020-01-26T08:00:00.0,bus-3-bus-4-i_6,-94.61474151854196
2020-01-26T09:00:00.0,bus-3-bus-4-i_6,-94.94840465529128
2020-01-26T10:00:00.0,bus-3-bus-4-i_6,-93.49246661440873
2020-01-26T11:00:00.0,bus-3-bus-4-i_6,-92.52185241320069
2020-01-26T12:00:00.0,bus-3-bus-4-i_6,-91.61191420476185
2020-01-26T13:00:00.0,bus-3-bus-4-i_6,-90.67162736743178
2020-01-26T14:00:00.0,bus-3-bus-4-i_6,-90.03467534050742
2020-01-26T15:00:00.0,bus-3-bus-4-i_6,-90.15599333645662
2020-01-26T16:00:00.0,bus-3-bus-4-i_6,-92.15787294288626
2020-01-26T17:00:00.0,bus-3-bus-4-i_6,-102.62231194784962
2020-01-26T18:00:00.0,bus-3-bus-4-i_6,-106.8685841064082
2020-01-26T19:00:00.0,bus-3-bus-4-i_6,-106.47429139234464
2020-01-26T20:00:00.0,bus-3-bus-4-i_6,-104.56349747571912
2020-01-26T21:00:00.0,bus-3-bus-4-i_6,-101.43939111521117
2020-01-26T22:00:00.0,bus-3-bus-4-i_6,-96.98063734271163
2020-01-26T23:00:00.0,bus-3-bus-4-i_6,-93.6744690495999
2020-01-27T00:00:00.0,bus-3-bus-4-i_6,-91.3389201820467
2020-01-27T01:00:00.0,bus-3-bus-4-i_6,-90.39865272071293
2020-01-27T02:00:00.0,bus-3-bus-4-i_6,-90.18632471684543
2020-01-27T03:00:00.0,bus-3-bus-4-i_6,-90.4896387519501
2020-01-27T04:00:00.0,bus-3-bus-4-i_6,-92.40052597004016
2020-01-27T05:00:00.0,bus-3-bus-4-i_6,-97.7389144649189
2020-01-27T06:00:00.0,bus-3-bus-4-i_6,-104.59382958074428
2020-01-27T07:00:00.0,bus-3-bus-4-i_6,-102.10668047984495
2020-01-27T08:00:00.0,bus-3-bus-4-i_6,-100.86309355049248
2020-01-27T09:00:00.0,bus-3-bus-4-i_6,-99.5588354727278
2020-01-27T10:00:00.0,bus-3-bus-4-i_6,-97.82992813401492
2020-01-27T11:00:00.0,bus-3-bus-4-i_6,-96.22232602545357
2020-01-27T12:00:00.0,bus-3-bus-4-i_6,-95.58535870803568
2020-01-27T13:00:00.0,bus-3-bus-4-i_6,-95.1607277893173
2020-01-27T14:00:00.0,bus-3-bus-4-i_6,-94.61474151854196
2020-01-27T15:00:00.0,bus-3-bus-4-i_6,-94.1597731402763
2020-01-27T16:00:00.0,bus-3-bus-4-i_6,-95.88867644298308
2020-01-27T17:00:00.0,bus-3-bus-4-i_6,-107.50551521439229
2020-01-27T18:00:00.0,bus-3-bus-4-i_6,-111.56963538894536
2020-01-27T19:00:00.0,bus-3-bus-4-i_6,-110.44751525086892
2020-01-27T20:00:00.0,bus-3-bus-4-i_6,-107.59650513614123
2020-01-27T21:00:00.0,bus-3-bus-4-i_6,-102.92562385453625
2020-01-27T22:00:00.0,bus-3-bus-4-i_6,-97.10196459478317
2020-01-27T23:00:00.0,bus-3-bus-4-i_6,-91.85455678936822
2020-01-28T00:00:00.0,bus-3-bus-4-i_6,-89.70102317152738
2020-01-28T01:00:00.0,bus-3-bus-4-i_6,-88.73043020761335
2020-01-28T02:00:00.0,bus-3-bus-4-i_6,-88.18446418808308
2020-01-28T03:00:00.0,bus-3-bus-4-i_6,-88.45744371117644
2020-01-28T04:00:00.0,bus-3-bus-4-i_6,-89.94367370893639
2020-01-28T05:00:00.0,bus-3-bus-4-i_6,-93.82612825312462
2020-01-28T06:00:00.0,bus-3-bus-4-i_6,-98.67921663695603
2020-01-28T07:00:00.0,bus-3-bus-4-i_6,-96.98063734271163
2020-01-28T08:00:00.0,bus-3-bus-4-i_6,-96.46498033879831
2020-01-28T09:00:00.0,bus-3-bus-4-i_6,-97.07163278329904
2020-01-28T10:00:00.0,bus-3-bus-4-i_6,-96.2526578182045
2020-01-28T11:00:00.0,bus-3-bus-4-i_6,-95.6157061478498
2020-01-28T12:00:00.0,bus-3-bus-4-i_6,-95.58535870803568
2020-01-28T13:00:00.0,bus-3-bus-4-i_6,-94.40241899678381
2020-01-28T14:00:00.0,bus-3-bus-4-i_6,-91.27826651928252
2020-01-28T15:00:00.0,bus-3-bus-4-i_6,-90.82329591694966
2020-01-28T16:00:00.0,bus-3-bus-4-i_6,-92.52185241320069
2020-01-28T17:00:00.0,bus-3-bus-4-i_6,-102.04599349404972
2020-01-28T18:00:00.0,bus-3-bus-4-i_6,-105.98900607947317
2020-01-28T19:00:00.0,bus-3-bus-4-i_6,-104.89710650243221
2020-01-28T20:00:00.0,bus-3-bus-4-i_6,-102.80427337008291
2020-01-28T21:00:00.0,bus-3-bus-4-i_6,-98.61855319300562
2020-01-28T22:00:00.0,bus-3-bus-4-i_6,-93.58346170803777
2020-01-28T23:00:00.0,bus-3-bus-4-i_6,-89.67069172911879
2020-01-29T00:00:00.0,bus-3-bus-4-i_6,-87.63851158665514
2020-01-29T01:00:00.0,bus-3-bus-4-i_6,-86.8499085725087
2020-01-29T02:00:00.0,bus-3-bus-4-i_6,-86.48594011300614
2020-01-29T03:00:00.0,bus-3-bus-4-i_6,-86.60726296068316
2020-01-29T04:00:00.0,bus-3-bus-4-i_6,-87.63851158665514
2020-01-29T05:00:00.0,bus-3-bus-4-i_6,-90.88395894610517
2020-01-29T06:00:00.0,bus-3-bus-4-i_6,-93.9171108850215
2020-01-29T07:00:00.0,bus-3-bus-4-i_6,-95.13038176699685
2020-01-29T08:00:00.0,bus-3-bus-4-i_6,-94.37210019376154
2020-01-29T09:00:00.0,bus-3-bus-4-i_6,-95.6157061478498
2020-01-29T10:00:00.0,bus-3-bus-4-i_6,-95.73703253413557
2020-01-29T11:00:00.0,bus-3-bus-4-i_6,-95.6157061478498
2020-01-29T12:00:00.0,bus-3-bus-4-i_6,-95.10006413229593
2020-01-29T13:00:00.0,bus-3-bus-4-i_6,-94.55407788603104
2020-01-29T14:00:00.0,bus-3-bus-4-i_6,-94.76641371669041
2020-01-29T15:00:00.0,bus-3-bus-4-i_6,-94.28110025219694
2020-01-29T16:00:00.0,bus-3-bus-4-i_6,-95.64603703236307
2020-01-29T17:00:00.0,bus-3-bus-4-i_6,-105.44305746305646
2020-01-29T18:00:00.0,bus-3-bus-4-i_6,-109.26467509208075
2020-01-29T19:00:00.0,bus-3-bus-4-i_6,-108.59742600053212
2020-01-29T20:00:00.0,bus-3-bus-4-i_6,-105.59471024276323
2020-01-29T21:00:00.0,bus-3-bus-4-i_6,-101.65168668230382
2020-01-29T22:00:00.0,bus-3-bus-4-i_6,-96.4953121919194
2020-01-29T23:00:00.0,bus-3-bus-4-i_6,-91.70289884996346
2020-01-30T00:00:00.0,bus-3-bus-4-i_6,-89.21572278623124
2020-01-30T01:00:00.0,bus-3-bus-4-i_6,-88.3967875519382
2020-01-30T02:00:00.0,bus-3-bus-4-i_6,-88.21479528159074
2020-01-30T03:00:00.0,bus-3-bus-4-i_6,-88.42711273651219
2020-01-30T04:00:00.0,bus-3-bus-4-i_6,-89.8830109006491
2020-01-30T05:00:00.0,bus-3-bus-4-i_6,-93.82612825312462
2020-01-30T06:00:00.0,bus-3-bus-4-i_6,-99.16450394389726
2020-01-30T07:00:00.0,bus-3-bus-4-i_6,-97.64791928070122
2020-01-30T08:00:00.0,bus-3-bus-4-i_6,-97.55694206277967
2020-01-30T09:00:00.0,bus-3-bus-4-i_6,-96.67730277670692
2020-01-30T10:00:00.0,bus-3-bus-4-i_6,-96.13134630245996
2020-01-30T11:00:00.0,bus-3-bus-4-i_6,-95.28204070212847
2020-01-30T12:00:00.0,bus-3-bus-4-i_6,-95.1607277893173
2020-01-30T13:00:00.0,bus-3-bus-4-i_6,-95.10006413229593
2020-01-30T14:00:00.0,bus-3-bus-4-i_6,-94.70573674131828
2020-01-30T15:00:00.0,bus-3-bus-4-i_6,-94.40241899678381
2020-01-30T16:00:00.0,bus-3-bus-4-i_6,-95.76735466719184
2020-01-30T17:00:00.0,bus-3-bus-4-i_6,-105.74636258907613
2020-01-30T18:00:00.0,bus-3-bus-4-i_6,-109.08269819344343
2020-01-30T19:00:00.0,bus-3-bus-4-i_6,-107.89983993476575
2020-01-30T20:00:00.0,bus-3-bus-4-i_6,-105.5340491167857
2020-01-30T21:00:00.0,bus-3-bus-4-i_6,-100.65075043011382
2020-01-30T22:00:00.0,bus-3-bus-4-i_6,-95.46403138063572
2020-01-30T23:00:00.0,bus-3-bus-4-i_6,-91.5209097226531
2020-01-31T00:00:00.0,bus-3-bus-4-i_6,-89.03373553858589
2020-01-31T01:00:00.0,bus-3-bus-4-i_6,-87.94181613252542
2020-01-31T02:00:00.0,bus-3-bus-4-i_6,-87.48685215835069
2020-01-31T03:00:00.0,bus-3-bus-4-i_6,-87.5475138778758
2020-01-31T04:00:00.0,bus-3-bus-4-i_6,-88.70009275639816
2020-01-31T05:00:00.0,bus-3-bus-4-i_6,-92.15787294288626
2020-01-31T06:00:00.0,bus-3-bus-4-i_6,-96.73796650929567
2020-01-31T07:00:00.0,bus-3-bus-4-i_6,-95.46403138063572
2020-01-31T08:00:00.0,bus-3-bus-4-i_6,-95.70670083427224
2020-01-31T09:00:00.0,bus-3-bus-4-i_6,-96.10099885408113
2020-01-31T10:00:00.0,bus-3-bus-4-i_6,-95.88867644298308
2020-01-31T11:00:00.0,bus-3-bus-4-i_6,-95.85836037309986
2020-01-31T12:00:00.0,bus-3-bus-4-i_6,-95.03940047744521
2020-01-31T13:00:00.0,bus-3-bus-4-i_6,-94.79673204495896
2020-01-31T14:00:00.0,bus-3-bus-4-i_6,-94.31142382112976
2020-01-31T15:00:00.0,bus-3-bus-4-i_6,-93.94745502919619
2020-01-31T16:00:00.0,bus-3-bus-4-i_6,-94.34175546233774
2020-01-31T17:00:00.0,bus-3-bus-4-i_6,-102.92562385453625
2020-01-31T18:00:00.0,bus-3-bus-4-i_6,-106.68660299032136
2020-01-31T19:00:00.0,bus-3-bus-4-i_6,-105.04875969345133
2020-01-31T20:00:00.0,bus-3-bus-4-i_6,-102.92562385453625
2020-01-31T21:00:00.0,bus-3-bus-4-i_6,-100.1654462115932
2020-01-31T22:00:00.0,bus-3-bus-4-i_6,-96.67730277670692
2020-01-31T23:00:00.0,bus-3-bus-4-i_6,-92.91616416980264
2020-02-01T00:00:00.0,bus-3-bus-4-i_6,-86.8499085725087
2020-02-01T01:00:00.0,bus-3-bus-4-i_6,-85.75800298128817
2020-02-01T02:00:00.0,bus-3-bus-4-i_6,-85.1513973394998
2020-02-01T03:00:00.0,bus-3-bus-4-i_6,-85.12106480625413
2020-02-01T04:00:00.0,bus-3-bus-4-i_6,-85.78833615945263
2020-02-01T05:00:00.0,bus-3-bus-4-i_6,-87.42619037377082
2020-02-01T06:00:00.0,bus-3-bus-4-i_6,-88.5181060182966
2020-02-01T07:00:00.0,bus-3-bus-4-i_6,-87.57784969667438
2020-02-01T08:00:00.0,bus-3-bus-4-i_6,-88.9730731128673
2020-02-01T09:00:00.0,bus-3-bus-4-i_6,-90.12566991469768
2020-02-01T10:00:00.0,bus-3-bus-4-i_6,-89.42804870265275
2020-02-01T11:00:00.0,bus-3-bus-4-i_6,-89.03373553858589
2020-02-01T12:00:00.0,bus-3-bus-4-i_6,-88.30579424047933
2020-02-01T13:00:00.0,bus-3-bus-4-i_6,-87.82049222892635
2020-02-01T14:00:00.0,bus-3-bus-4-i_6,-87.27453602487654
2020-02-01T15:00:00.0,bus-3-bus-4-i_6,-87.21387886510152
2020-02-01T16:00:00.0,bus-3-bus-4-i_6,-88.91241736860609
2020-02-01T17:00:00.0,bus-3-bus-4-i_6,-99.31616212233224
2020-02-01T18:00:00.0,bus-3-bus-4-i_6,-102.19764957463036
2020-02-01T19:00:00.0,bus-3-bus-4-i_6,-101.01475097130026
2020-02-01T20:00:00.0,bus-3-bus-4-i_6,-98.80054401491998
2020-02-01T21:00:00.0,bus-3-bus-4-i_6,-95.79769670512508
2020-02-01T22:00:00.0,bus-3-bus-4-i_6,-92.91616416980264
2020-02-01T23:00:00.0,bus-3-bus-4-i_6,-89.2460541153377
2020-02-02T00:00:00.0,bus-3-bus-4-i_6,-86.27362213349384
2020-02-02T01:00:00.0,bus-3-bus-4-i_6,-84.69644144223531
2020-02-02T02:00:00.0,bus-3-bus-4-i_6,-84.02918037617954
2020-02-02T03:00:00.0,bus-3-bus-4-i_6,-83.8472004685456
2020-02-02T04:00:00.0,bus-3-bus-4-i_6,-83.93819038314567
2020-02-02T05:00:00.0,bus-3-bus-4-i_6,-85.12106480625413
2020-02-02T06:00:00.0,bus-3-bus-4-i_6,-85.81866707816252
2020-02-02T07:00:00.0,bus-3-bus-4-i_6,-84.78743767297073
2020-02-02T08:00:00.0,bus-3-bus-4-i_6,-86.2432914152718
2020-02-02T09:00:00.0,bus-3-bus-4-i_6,-87.79016126106116
2020-02-02T10:00:00.0,bus-3-bus-4-i_6,-87.85082903661743
2020-02-02T11:00:00.0,bus-3-bus-4-i_6,-88.00247826962494
2020-02-02T12:00:00.0,bus-3-bus-4-i_6,-87.82049222892635
2020-02-02T13:00:00.0,bus-3-bus-4-i_6,-87.42619037377082
2020-02-02T14:00:00.0,bus-3-bus-4-i_6,-86.7285820668694
2020-02-02T15:00:00.0,bus-3-bus-4-i_6,-86.2432914152718
2020-02-02T16:00:00.0,bus-3-bus-4-i_6,-86.60726296068316
2020-02-02T17:00:00.0,bus-3-bus-4-i_6,-94.52374622402024
2020-02-02T18:00:00.0,bus-3-bus-4-i_6,-98.13322697105016
2020-02-02T19:00:00.0,bus-3-bus-4-i_6,-99.28585104596802
2020-02-02T20:00:00.0,bus-3-bus-4-i_6,-99.31616212233224
2020-02-02T21:00:00.0,bus-3-bus-4-i_6,-95.67635389884441
2020-02-02T22:00:00.0,bus-3-bus-4-i_6,-91.91523011013115
2020-02-02T23:00:00.0,bus-3-bus-4-i_6,-88.03280924986872
2020-02-03T00:00:00.0,bus-3-bus-4-i_6,-86.09164179825588
2020-02-03T01:00:00.0,bus-3-bus-4-i_6,-85.2423860792115
2020-02-03T02:00:00.0,bus-3-bus-4-i_6,-85.24238619639286
2020-02-03T03:00:00.0,bus-3-bus-4-i_6,-85.75800298128817
2020-02-03T04:00:00.0,bus-3-bus-4-i_6,-87.72949940333382
2020-02-03T05:00:00.0,bus-3-bus-4-i_6,-92.91616416980264
2020-02-03T06:00:00.0,bus-3-bus-4-i_6,-99.37684554721275
2020-02-03T07:00:00.0,bus-3-bus-4-i_6,-97.46592882415199
2020-02-03T08:00:00.0,bus-3-bus-4-i_6,-96.46498033879831
2020-02-03T09:00:00.0,bus-3-bus-4-i_6,-95.10006413229593
2020-02-03T10:00:00.0,bus-3-bus-4-i_6,-94.28110025219694
2020-02-03T11:00:00.0,bus-3-bus-4-i_6,-93.0981544728167
2020-02-03T12:00:00.0,bus-3-bus-4-i_6,-92.18820431986167
2020-02-03T13:00:00.0,bus-3-bus-4-i_6,-91.49057784492383
2020-02-03T14:00:00.0,bus-3-bus-4-i_6,-90.64129594453634
2020-02-03T15:00:00.0,bus-3-bus-4-i_6,-89.79201700109837
2020-02-03T16:00:00.0,bus-3-bus-4-i_6,-91.70289884996346
2020-02-03T17:00:00.0,bus-3-bus-4-i_6,-103.9871830041391
2020-02-03T18:00:00.0,bus-3-bus-4-i_6,-109.59829897719608
2020-02-03T19:00:00.0,bus-3-bus-4-i_6,-109.29500423271496
2020-02-03T20:00:00.0,bus-3-bus-4-i_6,-107.08092885247606
2020-02-03T21:00:00.0,bus-3-bus-4-i_6,-101.68201790641824
2020-02-03T22:00:00.0,bus-3-bus-4-i_6,-95.58535870803568
2020-02-03T23:00:00.0,bus-3-bus-4-i_6,-90.70195888013069
2020-02-04T00:00:00.0,bus-3-bus-4-i_6,-88.36645643752435
2020-02-04T01:00:00.0,bus-3-bus-4-i_6,-87.12288628470324
2020-02-04T02:00:00.0,bus-3-bus-4-i_6,-86.9712326357521
2020-02-04T03:00:00.0,bus-3-bus-4-i_6,-87.69917354933186
2020-02-04T04:00:00.0,bus-3-bus-4-i_6,-89.97400499917578
2020-02-04T05:00:00.0,bus-3-bus-4-i_6,-95.64603703236307
2020-02-04T06:00:00.0,bus-3-bus-4-i_6,-102.34930593149367
2020-02-04T07:00:00.0,bus-3-bus-4-i_6,-99.98347666752699
2020-02-04T08:00:00.0,bus-3-bus-4-i_6,-98.2545728147677
2020-02-04T09:00:00.0,bus-3-bus-4-i_6,-96.67730277670692
2020-02-04T10:00:00.0,bus-3-bus-4-i_6,-94.55407788603104
2020-02-04T11:00:00.0,bus-3-bus-4-i_6,-92.94649571783873
2020-02-04T12:00:00.0,bus-3-bus-4-i_6,-91.88488840482081
2020-02-04T13:00:00.0,bus-3-bus-4-i_6,-91.64223558563327
2020-02-04T14:00:00.0,bus-3-bus-4-i_6,-91.12659954428538
2020-02-04T15:00:00.0,bus-3-bus-4-i_6,-82.02742299264152
2020-02-04T16:00:00.0,bus-3-bus-4-i_6,-81.45116831986353
2020-02-04T17:00:00.0,bus-3-bus-4-i_6,-101.83367447726867
2020-02-04T18:00:00.0,bus-3-bus-4-i_6,-105.8070555037527
2020-02-04T19:00:00.0,bus-3-bus-4-i_6,-107.26290999753299
2020-02-04T20:00:00.0,bus-3-bus-4-i_6,-104.38148394781533
2020-02-04T21:00:00.0,bus-3-bus-4-i_6,-101.46969853162358
2020-02-04T22:00:00.0,bus-3-bus-4-i_6,-95.40336774463157
2020-02-04T23:00:00.0,bus-3-bus-4-i_6,-89.54936655066922
2020-02-05T00:00:00.0,bus-3-bus-4-i_6,-87.42619037377082
2020-02-05T01:00:00.0,bus-3-bus-4-i_6,-86.5769322377432
2020-02-05T02:00:00.0,bus-3-bus-4-i_6,-86.0309805725164
2020-02-05T03:00:00.0,bus-3-bus-4-i_6,-86.60726296068316
2020-02-05T04:00:00.0,bus-3-bus-4-i_6,-88.48777484923286
2020-02-05T05:00:00.0,bus-3-bus-4-i_6,-93.79578405824296
2020-02-05T06:00:00.0,bus-3-bus-4-i_6,-99.25551937223776
2020-02-05T07:00:00.0,bus-3-bus-4-i_6,-97.13229640527112
2020-02-05T08:00:00.0,bus-3-bus-4-i_6,-95.46403138063572
2020-02-05T09:00:00.0,bus-3-bus-4-i_6,-94.88774100628538
2020-02-05T10:00:00.0,bus-3-bus-4-i_6,-93.28014447259334
2020-02-05T11:00:00.0,bus-3-bus-4-i_6,-93.28014456234386
2020-02-05T12:00:00.0,bus-3-bus-4-i_6,-92.33986249286711
2020-02-05T13:00:00.0,bus-3-bus-4-i_6,-91.73323045505029
2020-02-05T14:00:00.0,bus-3-bus-4-i_6,-91.76356200401543
2020-02-05T15:00:00.0,bus-3-bus-4-i_6,-91.39958323182883
2020-02-05T16:00:00.0,bus-3-bus-4-i_6,-92.55219508372423
2020-02-05T17:00:00.0,bus-3-bus-4-i_6,-101.04508237544736
2020-02-05T18:00:00.0,bus-3-bus-4-i_6,-106.0496993024648
2020-02-05T19:00:00.0,bus-3-bus-4-i_6,-105.95867563986513
2020-02-05T20:00:00.0,bus-3-bus-4-i_6,-102.68294883646473
2020-02-05T21:00:00.0,bus-3-bus-4-i_6,-98.43656328080883
2020-02-05T22:00:00.0,bus-3-bus-4-i_6,-93.12848601951646
2020-02-05T23:00:00.0,bus-3-bus-4-i_6,-88.00247826962494
2020-02-06T00:00:00.0,bus-3-bus-4-i_6,-85.90965830290385
2020-02-06T01:00:00.0,bus-3-bus-4-i_6,-84.81776380684916
2020-02-06T02:00:00.0,bus-3-bus-4-i_6,-84.45380025193255
2020-02-06T03:00:00.0,bus-3-bus-4-i_6,-84.75710184023517
2020-02-06T04:00:00.0,bus-3-bus-4-i_6,-86.45560589941319
2020-02-06T05:00:00.0,bus-3-bus-4-i_6,-90.9749420652546
2020-02-06T06:00:00.0,bus-3-bus-4-i_6,-96.28300511942032
2020-02-06T07:00:00.0,bus-3-bus-4-i_6,-93.9171108850215
2020-02-06T08:00:00.0,bus-3-bus-4-i_6,-93.18914950082437
2020-02-06T09:00:00.0,bus-3-bus-4-i_6,-92.94649571783873
2020-02-06T10:00:00.0,bus-3-bus-4-i_6,-93.18914950082437
2020-02-06T11:00:00.0,bus-3-bus-4-i_6,-92.55219508372423
2020-02-06T12:00:00.0,bus-3-bus-4-i_6,-92.73417404641457
2020-02-06T13:00:00.0,bus-3-bus-4-i_6,-92.70384244466877
2020-02-06T14:00:00.0,bus-3-bus-4-i_6,-92.30954184363628
2020-02-06T15:00:00.0,bus-3-bus-4-i_6,-91.3389201820467
2020-02-06T16:00:00.0,bus-3-bus-4-i_6,-92.82516913140462
2020-02-06T17:00:00.0,bus-3-bus-4-i_6,-101.10574530632248
2020-02-06T18:00:00.0,bus-3-bus-4-i_6,-106.50465450769431
2020-02-06T19:00:00.0,bus-3-bus-4-i_6,-105.32173521083574
2020-02-06T20:00:00.0,bus-3-bus-4-i_6,-102.01566209838712
2020-02-06T21:00:00.0,bus-3-bus-4-i_6,-97.5265922096567
2020-02-06T22:00:00.0,bus-3-bus-4-i_6,-92.33986249286711
2020-02-06T23:00:00.0,bus-3-bus-4-i_6,-87.66883741245132
2020-02-07T00:00:00.0,bus-3-bus-4-i_6,-85.33337700295787
2020-02-07T01:00:00.0,bus-3-bus-4-i_6,-84.33248005247466
2020-02-07T02:00:00.0,bus-3-bus-4-i_6,-84.15049971463408
2020-02-07T03:00:00.0,bus-3-bus-4-i_6,-84.45380025193255
2020-02-07T04:00:00.0,bus-3-bus-4-i_6,-85.81866707816252
2020-02-07T05:00:00.0,bus-3-bus-4-i_6,-89.97400499917578
2020-02-07T06:00:00.0,bus-3-bus-4-i_6,-94.28110025219694
2020-02-07T07:00:00.0,bus-3-bus-4-i_6,-93.28014447259334
2020-02-07T08:00:00.0,bus-3-bus-4-i_6,-92.79484927055093
2020-02-07T09:00:00.0,bus-3-bus-4-i_6,-93.61379358399098
2020-02-07T10:00:00.0,bus-3-bus-4-i_6,-93.15881781535388
2020-02-07T11:00:00.0,bus-3-bus-4-i_6,-92.40052597004016
2020-02-07T12:00:00.0,bus-3-bus-4-i_6,-92.12755166477069
2020-02-07T13:00:00.0,bus-3-bus-4-i_6,-91.79390259935136
2020-02-07T14:00:00.0,bus-3-bus-4-i_6,-91.27826651928252
2020-02-07T15:00:00.0,bus-3-bus-4-i_6,-90.82329591694966
2020-02-07T16:00:00.0,bus-3-bus-4-i_6,-91.42992439749429
2020-02-07T17:00:00.0,bus-3-bus-4-i_6,-98.9825341868688
2020-02-07T18:00:00.0,bus-3-bus-4-i_6,-103.74453558316843
2020-02-07T19:00:00.0,bus-3-bus-4-i_6,-102.34930593149367
2020-02-07T20:00:00.0,bus-3-bus-4-i_6,-99.4678410288123
2020-02-07T21:00:00.0,bus-3-bus-4-i_6,-96.95030552719092
2020-02-07T22:00:00.0,bus-3-bus-4-i_6,-92.91616416980264
2020-02-07T23:00:00.0,bus-3-bus-4-i_6,-88.6697616687949
2020-02-08T00:00:00.0,bus-3-bus-4-i_6,-86.00064695800069
2020-02-08T01:00:00.0,bus-3-bus-4-i_6,-84.75710184023517
2020-02-08T02:00:00.0,bus-3-bus-4-i_6,-84.27181991639878
2020-02-08T03:00:00.0,bus-3-bus-4-i_6,-84.21116062852167
2020-02-08T04:00:00.0,bus-3-bus-4-i_6,-85.12106480625413
2020-02-08T05:00:00.0,bus-3-bus-4-i_6,-86.8195782754965
2020-02-08T06:00:00.0,bus-3-bus-4-i_6,-88.15413329410683
2020-02-08T07:00:00.0,bus-3-bus-4-i_6,-87.66883741245132
2020-02-08T08:00:00.0,bus-3-bus-4-i_6,-89.36737893923944
2020-02-08T09:00:00.0,bus-3-bus-4-i_6,-90.45930726242091
2020-02-08T10:00:00.0,bus-3-bus-4-i_6,-89.79201700109837
2020-02-08T11:00:00.0,bus-3-bus-4-i_6,-88.5787743572636
2020-02-08T12:00:00.0,bus-3-bus-4-i_6,-87.85082903661743
2020-02-08T13:00:00.0,bus-3-bus-4-i_6,-86.8499085725087
2020-02-08T14:00:00.0,bus-3-bus-4-i_6,-86.42527873367669
2020-02-08T15:00:00.0,bus-3-bus-4-i_6,-86.21296082468233
2020-02-08T16:00:00.0,bus-3-bus-4-i_6,-87.39586419100362
2020-02-08T17:00:00.0,bus-3-bus-4-i_6,-95.58535870803568
2020-02-08T18:00:00.0,bus-3-bus-4-i_6,-101.40905970249186
2020-02-08T19:00:00.0,bus-3-bus-4-i_6,-100.55975580785763
2020-02-08T20:00:00.0,bus-3-bus-4-i_6,-98.77019255152875
2020-02-08T21:00:00.0,bus-3-bus-4-i_6,-97.16262821460582
2020-02-08T22:00:00.0,bus-3-bus-4-i_6,-94.25077332090288
2020-02-08T23:00:00.0,bus-3-bus-4-i_6,-90.76262175303481
2020-02-09T00:00:00.0,bus-3-bus-4-i_6,-87.79016126106116
2020-02-09T01:00:00.0,bus-3-bus-4-i_6,-86.60726296068316
2020-02-09T02:00:00.0,bus-3-bus-4-i_6,-86.09164179825588
2020-02-09T03:00:00.0,bus-3-bus-4-i_6,-85.93998885854717
2020-02-09T04:00:00.0,bus-3-bus-4-i_6,-86.91057101553218
2020-02-09T05:00:00.0,bus-3-bus-4-i_6,-88.45744371117644
2020-02-09T06:00:00.0,bus-3-bus-4-i_6,-89.2763852091215
2020-02-09T07:00:00.0,bus-3-bus-4-i_6,-87.97214722464844
2020-02-09T08:00:00.0,bus-3-bus-4-i_6,-88.85170366081638
2020-02-09T09:00:00.0,bus-3-bus-4-i_6,-89.06407393908538
2020-02-09T10:00:00.0,bus-3-bus-4-i_6,-87.82049222892635
2020-02-09T11:00:00.0,bus-3-bus-4-i_6,-87.244211121034
2020-02-09T12:00:00.0,bus-3-bus-4-i_6,-86.6982513373466
2020-02-09T13:00:00.0,bus-3-bus-4-i_6,-86.06130806554306
2020-02-09T14:00:00.0,bus-3-bus-4-i_6,-85.75800298128817
2020-02-09T15:00:00.0,bus-3-bus-4-i_6,-85.87933333414381
2020-02-09T16:00:00.0,bus-3-bus-4-i_6,-87.21387886510152
2020-02-09T17:00:00.0,bus-3-bus-4-i_6,-95.88867644298308
2020-02-09T18:00:00.0,bus-3-bus-4-i_6,-101.37870442100991
2020-02-09T19:00:00.0,bus-3-bus-4-i_6,-100.83273897263231
2020-02-09T20:00:00.0,bus-3-bus-4-i_6,-98.4972073570215
2020-02-09T21:00:00.0,bus-3-bus-4-i_6,-95.55502672154923
2020-02-09T22:00:00.0,bus-3-bus-4-i_6,-91.09626791728537
2020-02-09T23:00:00.0,bus-3-bus-4-i_6,-87.63851158665514
2020-02-10T00:00:00.0,bus-3-bus-4-i_6,-85.2423860792115
2020-02-10T01:00:00.0,bus-3-bus-4-i_6,-84.48413051241187
2020-02-10T02:00:00.0,bus-3-bus-4-i_6,-84.24149069854943
2020-02-10T03:00:00.0,bus-3-bus-4-i_6,-84.93908488525818
2020-02-10T04:00:00.0,bus-3-bus-4-i_6,-86.7285820668694
2020-02-10T05:00:00.0,bus-3-bus-4-i_6,-91.5209097226531
2020-02-10T06:00:00.0,bus-3-bus-4-i_6,-96.31333729084004
2020-02-10T07:00:00.0,bus-3-bus-4-i_6,-94.85740918307278
2020-02-10T08:00:00.0,bus-3-bus-4-i_6,-94.31142382112976
2020-02-10T09:00:00.0,bus-3-bus-4-i_6,-81.05689116398965
2020-02-10T10:00:00.0,bus-3-bus-4-i_6,-80.57162967028755
2020-02-10T11:00:00.0,bus-3-bus-4-i_6,-92.43085752563593
2020-02-10T12:00:00.0,bus-3-bus-4-i_6,-92.37019419869458
2020-02-10T13:00:00.0,bus-3-bus-4-i_6,-92.27919940842774
2020-02-10T14:00:00.0,bus-3-bus-4-i_6,-83.05862550227879
2020-02-10T15:00:00.0,bus-3-bus-4-i_6,-90.88395894610517
2020-02-10T16:00:00.0,bus-3-bus-4-i_6,-91.46025597167286
2020-02-10T17:00:00.0,bus-3-bus-4-i_6,-99.89246234996702
2020-02-10T18:00:00.0,bus-3-bus-4-i_6,-106.0496993024648
2020-02-10T19:00:00.0,bus-3-bus-4-i_6,-105.01845904900318
2020-02-10T20:00:00.0,bus-3-bus-4-i_6,-102.37966206728544
2020-02-10T21:00:00.0,bus-3-bus-4-i_6,-97.79959635461175
2020-02-10T22:00:00.0,bus-3-bus-4-i_6,-92.82516913140462
2020-02-10T23:00:00.0,bus-3-bus-4-i_6,-88.00247826962494
2020-02-11T00:00:00.0,bus-3-bus-4-i_6,-85.54569225715657
2020-02-11T01:00:00.0,bus-3-bus-4-i_6,-84.69644144223531
2020-02-11T02:00:00.0,bus-3-bus-4-i_6,-84.18082972623526
2020-02-11T03:00:00.0,bus-3-bus-4-i_6,-84.63578255357848
2020-02-11T04:00:00.0,bus-3-bus-4-i_6,-85.90965830290385
2020-02-11T05:00:00.0,bus-3-bus-4-i_6,-90.67162736743178
2020-02-11T06:00:00.0,bus-3-bus-4-i_6,-95.67635389884441
2020-02-11T07:00:00.0,bus-3-bus-4-i_6,-94.463082675987
2020-02-11T08:00:00.0,bus-3-bus-4-i_6,-94.85740918307278
2020-02-11T09:00:00.0,bus-3-bus-4-i_6,-94.88774100628538
2020-02-11T10:00:00.0,bus-3-bus-4-i_6,-93.4318172937848
2020-02-11T11:00:00.0,bus-3-bus-4-i_6,-92.55219508372423
2020-02-11T12:00:00.0,bus-3-bus-4-i_6,-91.64223558563327
2020-02-11T13:00:00.0,bus-3-bus-4-i_6,-90.4896387519501
2020-02-11T14:00:00.0,bus-3-bus-4-i_6,-89.97400499917578
2020-02-11T15:00:00.0,bus-3-bus-4-i_6,-89.42804870265275
2020-02-11T16:00:00.0,bus-3-bus-4-i_6,-90.58063301905375
2020-02-11T17:00:00.0,bus-3-bus-4-i_6,-98.70952920757755
2020-02-11T18:00:00.0,bus-3-bus-4-i_6,-106.17098829724458
2020-02-11T19:00:00.0,bus-3-bus-4-i_6,-104.59382958074428
2020-02-11T20:00:00.0,bus-3-bus-4-i_6,-102.16734308606905
2020-02-11T21:00:00.0,bus-3-bus-4-i_6,-97.82992813401492
2020-02-11T22:00:00.0,bus-3-bus-4-i_6,-92.27919940842774
2020-02-11T23:00:00.0,bus-3-bus-4-i_6,-87.85082903661743
2020-02-12T00:00:00.0,bus-3-bus-4-i_6,-84.90875460260922
2020-02-12T01:00:00.0,bus-3-bus-4-i_6,-83.87752995142729
2020-02-12T02:00:00.0,bus-3-bus-4-i_6,-83.33159286600572
2020-02-12T03:00:00.0,bus-3-bus-4-i_6,-82.96763659429548
2020-02-12T04:00:00.0,bus-3-bus-4-i_6,-83.99884993482148
2020-02-12T05:00:00.0,bus-3-bus-4-i_6,-87.27453602487654
2020-02-12T06:00:00.0,bus-3-bus-4-i_6,-90.82329591694966
2020-02-12T07:00:00.0,bus-3-bus-4-i_6,-89.7313542807399
2020-02-12T08:00:00.0,bus-3-bus-4-i_6,-90.70195888013069
2020-02-12T09:00:00.0,bus-3-bus-4-i_6,-91.49057784492383
2020-02-12T10:00:00.0,bus-3-bus-4-i_6,-91.42992439749429
2020-02-12T11:00:00.0,bus-3-bus-4-i_6,-91.42992439749429
2020-02-12T12:00:00.0,bus-3-bus-4-i_6,-90.82329591694966
2020-02-12T13:00:00.0,bus-3-bus-4-i_6,-90.94461061499727
2020-02-12T14:00:00.0,bus-3-bus-4-i_6,-90.03467534050742
2020-02-12T15:00:00.0,bus-3-bus-4-i_6,-89.30672353068849
2020-02-12T16:00:00.0,bus-3-bus-4-i_6,-87.5475138778758
2020-02-12T17:00:00.0,bus-3-bus-4-i_6,-100.7114355009267
2020-02-12T18:00:00.0,bus-3-bus-4-i_6,-109.93192162741849
2020-02-12T19:00:00.0,bus-3-bus-4-i_6,-110.14423368791932
2020-02-12T20:00:00.0,bus-3-bus-4-i_6,-107.77852022428469
2020-02-12T21:00:00.0,bus-3-bus-4-i_6,-103.1379155745185
2020-02-12T22:00:00.0,bus-3-bus-4-i_6,-97.16262821460582
2020-02-12T23:00:00.0,bus-3-bus-4-i_6,-92.00621481935704
2020-02-13T00:00:00.0,bus-3-bus-4-i_6,-88.94274200708868
2020-02-13T01:00:00.0,bus-3-bus-4-i_6,-87.85082903661743
2020-02-13T02:00:00.0,bus-3-bus-4-i_6,-87.79016126106116
2020-02-13T03:00:00.0,bus-3-bus-4-i_6,-88.42711273651219
2020-02-13T04:00:00.0,bus-3-bus-4-i_6,-90.85362742957004
2020-02-13T05:00:00.0,bus-3-bus-4-i_6,-97.16262821460582
2020-02-13T06:00:00.0,bus-3-bus-4-i_6,-102.44029940979391
2020-02-13T07:00:00.0,bus-3-bus-4-i_6,-100.55975580785763
2020-02-13T08:00:00.0,bus-3-bus-4-i_6,-98.86120743801605
2020-02-13T09:00:00.0,bus-3-bus-4-i_6,-98.34556804797239
2020-02-13T10:00:00.0,bus-3-bus-4-i_6,-96.10099885408113
2020-02-13T11:00:00.0,bus-3-bus-4-i_6,-94.61474151854196
2020-02-13T12:00:00.0,bus-3-bus-4-i_6,-93.12848601951646
2020-02-13T13:00:00.0,bus-3-bus-4-i_6,-91.85455678936822
2020-02-13T14:00:00.0,bus-3-bus-4-i_6,-90.85362742957004
2020-02-13T15:00:00.0,bus-3-bus-4-i_6,-90.85362742957004
2020-02-13T16:00:00.0,bus-3-bus-4-i_6,-93.70480082620887
2020-02-13T17:00:00.0,bus-3-bus-4-i_6,-106.47429139234464
2020-02-13T18:00:00.0,bus-3-bus-4-i_6,-114.11723467395825
2020-02-13T19:00:00.0,bus-3-bus-4-i_6,-113.90494249308576
2020-02-13T20:00:00.0,bus-3-bus-4-i_6,-111.32705222771978
2020-02-13T21:00:00.0,bus-3-bus-4-i_6,-106.5653152685837
2020-02-13T22:00:00.0,bus-3-bus-4-i_6,-100.04414101771282
2020-02-13T23:00:00.0,bus-3-bus-4-i_6,-94.22044114847354
2020-02-14T00:00:00.0,bus-3-bus-4-i_6,-91.09626791728537
2020-02-14T01:00:00.0,bus-3-bus-4-i_6,-89.76169293096899
2020-02-14T02:00:00.0,bus-3-bus-4-i_6,-89.79201700109837
2020-02-14T03:00:00.0,bus-3-bus-4-i_6,-89.61002923756467
2020-02-14T04:00:00.0,bus-3-bus-4-i_6,-91.97588322119073
2020-02-14T05:00:00.0,bus-3-bus-4-i_6,-98.04223170855833
2020-02-14T06:00:00.0,bus-3-bus-4-i_6,-104.0478446352732
2020-02-14T07:00:00.0,bus-3-bus-4-i_6,-102.01566209838712
2020-02-14T08:00:00.0,bus-3-bus-4-i_6,-100.52942437757982
2020-02-14T09:00:00.0,bus-3-bus-4-i_6,-98.58822196012262
2020-02-14T10:00:00.0,bus-3-bus-4-i_6,-96.10099885408113
2020-02-14T11:00:00.0,bus-3-bus-4-i_6,-94.00811892148855
2020-02-14T12:00:00.0,bus-3-bus-4-i_6,-92.55219508372423
2020-02-14T13:00:00.0,bus-3-bus-4-i_6,-91.49057784492383
2020-02-14T14:00:00.0,bus-3-bus-4-i_6,-90.30765023908589
2020-02-14T15:00:00.0,bus-3-bus-4-i_6,-89.21572278623124
2020-02-14T16:00:00.0,bus-3-bus-4-i_6,-90.30765023908589
2020-02-14T17:00:00.0,bus-3-bus-4-i_6,-99.95312541416197
2020-02-14T18:00:00.0,bus-3-bus-4-i_6,-107.47518529490503
2020-02-14T19:00:00.0,bus-3-bus-4-i_6,-106.41363089322529
2020-02-14T20:00:00.0,bus-3-bus-4-i_6,-104.1388372173335
2020-02-14T21:00:00.0,bus-3-bus-4-i_6,-101.37870442100991
2020-02-14T22:00:00.0,bus-3-bus-4-i_6,-96.79862991983399
2020-02-14T23:00:00.0,bus-3-bus-4-i_6,-92.06687794112511
2020-02-15T00:00:00.0,bus-3-bus-4-i_6,-88.5787743572636
2020-02-15T01:00:00.0,bus-3-bus-4-i_6,-87.00155872233543
2020-02-15T02:00:00.0,bus-3-bus-4-i_6,-86.36461381775335
2020-02-15T03:00:00.0,bus-3-bus-4-i_6,-86.21296082468233
2020-02-15T04:00:00.0,bus-3-bus-4-i_6,-86.7892471239009
2020-02-15T05:00:00.0,bus-3-bus-4-i_6,-88.82141725628026
2020-02-15T06:00:00.0,bus-3-bus-4-i_6,-89.30672353068849
2020-02-15T07:00:00.0,bus-3-bus-4-i_6,-88.85170366081638
2020-02-15T08:00:00.0,bus-3-bus-4-i_6,-90.12566991469768
2020-02-15T09:00:00.0,bus-3-bus-4-i_6,-91.49057784492383
2020-02-15T10:00:00.0,bus-3-bus-4-i_6,-91.06593657824095
2020-02-15T11:00:00.0,bus-3-bus-4-i_6,-90.30765023908589
2020-02-15T12:00:00.0,bus-3-bus-4-i_6,-89.39771014929737
2020-02-15T13:00:00.0,bus-3-bus-4-i_6,-88.09347118643814
2020-02-15T14:00:00.0,bus-3-bus-4-i_6,-87.36552863255326
2020-02-15T15:00:00.0,bus-3-bus-4-i_6,-87.244211121034
2020-02-15T16:00:00.0,bus-3-bus-4-i_6,-90.06499922003943
2020-02-15T17:00:00.0,bus-3-bus-4-i_6,-99.80146776220754
2020-02-15T18:00:00.0,bus-3-bus-4-i_6,-106.32267191898282
2020-02-15T19:00:00.0,bus-3-bus-4-i_6,-105.26110452574677
2020-02-15T20:00:00.0,bus-3-bus-4-i_6,-103.28957071297124
2020-02-15T21:00:00.0,bus-3-bus-4-i_6,-100.95408801528896
2020-02-15T22:00:00.0,bus-3-bus-4-i_6,-97.04130097078374
2020-02-15T23:00:00.0,bus-3-bus-4-i_6,-93.61379358399098
2020-02-16T00:00:00.0,bus-3-bus-4-i_6,-90.51997015284275
2020-02-16T01:00:00.0,bus-3-bus-4-i_6,-88.79108619787831
2020-02-16T02:00:00.0,bus-3-bus-4-i_6,-87.88115428882749
2020-02-16T03:00:00.0,bus-3-bus-4-i_6,-87.33520238654116
2020-02-16T04:00:00.0,bus-3-bus-4-i_6,-87.33520238591393
2020-02-16T05:00:00.0,bus-3-bus-4-i_6,-88.36645643752435
2020-02-16T06:00:00.0,bus-3-bus-4-i_6,-88.70009275639816
2020-02-16T07:00:00.0,bus-3-bus-4-i_6,-88.42711273651219
2020-02-16T08:00:00.0,bus-3-bus-4-i_6,-91.39958323182883
2020-02-16T09:00:00.0,bus-3-bus-4-i_6,-93.97777440901412
2020-02-16T10:00:00.0,bus-3-bus-4-i_6,-94.37210019376154
2020-02-16T11:00:00.0,bus-3-bus-4-i_6,-93.70480082620887
2020-02-16T12:00:00.0,bus-3-bus-4-i_6,-91.09626791728537
2020-02-16T13:00:00.0,bus-3-bus-4-i_6,-89.57970530218785
2020-02-16T14:00:00.0,bus-3-bus-4-i_6,-88.60909937152836
2020-02-16T15:00:00.0,bus-3-bus-4-i_6,-88.27545732870176
2020-02-16T16:00:00.0,bus-3-bus-4-i_6,-90.42897584012793
2020-02-16T17:00:00.0,bus-3-bus-4-i_6,-99.40715694171602
2020-02-16T18:00:00.0,bus-3-bus-4-i_6,-106.11032762577793
2020-02-16T19:00:00.0,bus-3-bus-4-i_6,-105.50371866436639
2020-02-16T20:00:00.0,bus-3-bus-4-i_6,-104.0478446352732
2020-02-16T21:00:00.0,bus-3-bus-4-i_6,-101.1360533579139
2020-02-16T22:00:00.0,bus-3-bus-4-i_6,-98.01190004236884
2020-02-16T23:00:00.0,bus-3-bus-4-i_6,-94.12944610378035
2020-02-17T00:00:00.0,bus-3-bus-4-i_6,-91.1872625814745
2020-02-17T01:00:00.0,bus-3-bus-4-i_6,-89.85267970204356
2020-02-17T02:00:00.0,bus-3-bus-4-i_6,-89.42804870265275
2020-02-17T03:00:00.0,bus-3-bus-4-i_6,-89.03373553858589
2020-02-17T04:00:00.0,bus-3-bus-4-i_6,-90.94461061499727
2020-02-17T05:00:00.0,bus-3-bus-4-i_6,-95.03940047744521
2020-02-17T06:00:00.0,bus-3-bus-4-i_6,-97.13229640527112
2020-02-17T07:00:00.0,bus-3-bus-4-i_6,-95.64603703236307
2020-02-17T08:00:00.0,bus-3-bus-4-i_6,-96.07066723953908
2020-02-17T09:00:00.0,bus-3-bus-4-i_6,-96.07066732195291
2020-02-17T10:00:00.0,bus-3-bus-4-i_6,-95.1607277893173
2020-02-17T11:00:00.0,bus-3-bus-4-i_6,-93.49246661440873
2020-02-17T12:00:00.0,bus-3-bus-4-i_6,-92.15787294288626
2020-02-17T13:00:00.0,bus-3-bus-4-i_6,-91.09626791728537
2020-02-17T14:00:00.0,bus-3-bus-4-i_6,-90.30765023908589
2020-02-17T15:00:00.0,bus-3-bus-4-i_6,-89.85267970204356
2020-02-17T16:00:00.0,bus-3-bus-4-i_6,-91.36926122135533
2020-02-17T17:00:00.0,bus-3-bus-4-i_6,-100.65075043011382
2020-02-17T18:00:00.0,bus-3-bus-4-i_6,-110.96310896724705
2020-02-17T19:00:00.0,bus-3-bus-4-i_6,-110.96310896724705
2020-02-17T20:00:00.0,bus-3-bus-4-i_6,-108.93105099132391
2020-02-17T21:00:00.0,bus-3-bus-4-i_6,-104.1388372173335
2020-02-17T22:00:00.0,bus-3-bus-4-i_6,-98.34556804797239
2020-02-17T23:00:00.0,bus-3-bus-4-i_6,-93.15881781535388
2020-02-18T00:00:00.0,bus-3-bus-4-i_6,-89.79201700109837
2020-02-18T01:00:00.0,bus-3-bus-4-i_6,-88.6394304463921
2020-02-18T02:00:00.0,bus-3-bus-4-i_6,-88.76075494340446
2020-02-18T03:00:00.0,bus-3-bus-4-i_6,-89.64036052990309
2020-02-18T04:00:00.0,bus-3-bus-4-i_6,-92.21854664322076
2020-02-18T05:00:00.0,bus-3-bus-4-i_6,-99.01286538160683
2020-02-18T06:00:00.0,bus-3-bus-4-i_6,-104.62415909042413
2020-02-18T07:00:00.0,bus-3-bus-4-i_6,-102.47065528698869
2020-02-18T08:00:00.0,bus-3-bus-4-i_6,-101.10574530632248
2020-02-18T09:00:00.0,bus-3-bus-4-i_6,-100.52942437757982
2020-02-18T10:00:00.0,bus-3-bus-4-i_6,-97.34461904681638
2020-02-18T11:00:00.0,bus-3-bus-4-i_6,-95.64603703236307
2020-02-18T12:00:00.0,bus-3-bus-4-i_6,-94.0991014764283
2020-02-18T13:00:00.0,bus-3-bus-4-i_6,-92.976827576202
2020-02-18T14:00:00.0,bus-3-bus-4-i_6,-91.39958323182883
2020-02-18T15:00:00.0,bus-3-bus-4-i_6,-90.70195888013069
2020-02-18T16:00:00.0,bus-3-bus-4-i_6,-92.30954184363628
2020-02-18T17:00:00.0,bus-3-bus-4-i_6,-101.7591692491476
2020-02-18T18:00:00.0,bus-3-bus-4-i_6,-113.11642223656241
2020-02-18T19:00:00.0,bus-3-bus-4-i_6,-113.5410158739033
2020-02-18T20:00:00.0,bus-3-bus-4-i_6,-110.84179199916129
2020-02-18T21:00:00.0,bus-3-bus-4-i_6,-105.26110452574677
2020-02-18T22:00:00.0,bus-3-bus-4-i_6,-99.71047288457372
2020-02-18T23:00:00.0,bus-3-bus-4-i_6,-93.85645973369812
2020-02-19T00:00:00.0,bus-3-bus-4-i_6,-90.51997015284275
2020-02-19T01:00:00.0,bus-3-bus-4-i_6,-88.9730731128673
2020-02-19T02:00:00.0,bus-3-bus-4-i_6,-88.3967875519382
2020-02-19T03:00:00.0,bus-3-bus-4-i_6,-89.03373553858589
2020-02-19T04:00:00.0,bus-3-bus-4-i_6,-90.9749420652546
2020-02-19T05:00:00.0,bus-3-bus-4-i_6,-97.13229640527112
2020-02-19T06:00:00.0,bus-3-bus-4-i_6,-100.92373351751864
2020-02-19T07:00:00.0,bus-3-bus-4-i_6,-99.80146776220754
2020-02-19T08:00:00.0,bus-3-bus-4-i_6,-98.22422208373162
2020-02-19T09:00:00.0,bus-3-bus-4-i_6,-97.22329183004845
2020-02-19T10:00:00.0,bus-3-bus-4-i_6,-95.28204070212847
2020-02-19T11:00:00.0,bus-3-bus-4-i_6,-93.06782281863636
2020-02-19T12:00:00.0,bus-3-bus-4-i_6,-92.82516913140462
2020-02-19T13:00:00.0,bus-3-bus-4-i_6,-91.97588322119073
2020-02-19T14:00:00.0,bus-3-bus-4-i_6,-90.70195888013069
2020-02-19T15:00:00.0,bus-3-bus-4-i_6,-90.3379895638798
2020-02-19T16:00:00.0,bus-3-bus-4-i_6,-91.21759412253057
2020-02-19T17:00:00.0,bus-3-bus-4-i_6,-99.40715694171602
2020-02-19T18:00:00.0,bus-3-bus-4-i_6,-108.41544690526004
2020-02-19T19:00:00.0,bus-3-bus-4-i_6,-108.77940308780774
2020-02-19T20:00:00.0,bus-3-bus-4-i_6,-105.65540232477026
2020-02-19T21:00:00.0,bus-3-bus-4-i_6,-101.83367447726867
2020-02-19T22:00:00.0,bus-3-bus-4-i_6,-95.88867644298308
2020-02-19T23:00:00.0,bus-3-bus-4-i_6,-90.70195888013069
2020-02-20T00:00:00.0,bus-3-bus-4-i_6,-87.75983550582626
2020-02-20T01:00:00.0,bus-3-bus-4-i_6,-86.8499085725087
2020-02-20T02:00:00.0,bus-3-bus-4-i_6,-86.54660117073487
2020-02-20T03:00:00.0,bus-3-bus-4-i_6,-87.09255106279163
2020-02-20T04:00:00.0,bus-3-bus-4-i_6,-89.00341146866033
2020-02-20T05:00:00.0,bus-3-bus-4-i_6,-94.73608187643869
2020-02-20T06:00:00.0,bus-3-bus-4-i_6,-98.89153914652482
2020-02-20T07:00:00.0,bus-3-bus-4-i_6,-97.07163278329904
2020-02-20T08:00:00.0,bus-3-bus-4-i_6,-96.3436531919186
2020-02-20T09:00:00.0,bus-3-bus-4-i_6,-95.19105961855487
2020-02-20T10:00:00.0,bus-3-bus-4-i_6,-94.31142382112976
2020-02-20T11:00:00.0,bus-3-bus-4-i_6,-93.18914950082437
2020-02-20T12:00:00.0,bus-3-bus-4-i_6,-92.70384244466877
2020-02-20T13:00:00.0,bus-3-bus-4-i_6,-92.09720949028925
2020-02-20T14:00:00.0,bus-3-bus-4-i_6,-91.5209097226531
2020-02-20T15:00:00.0,bus-3-bus-4-i_6,-90.9749420652546
2020-02-20T16:00:00.0,bus-3-bus-4-i_6,-91.64223558563327
2020-02-20T17:00:00.0,bus-3-bus-4-i_6,-98.2545728147677
2020-02-20T18:00:00.0,bus-3-bus-4-i_6,-107.23254529136396
2020-02-20T19:00:00.0,bus-3-bus-4-i_6,-107.17191930326564
2020-02-20T20:00:00.0,bus-3-bus-4-i_6,-103.95685202787477
2020-02-20T21:00:00.0,bus-3-bus-4-i_6,-99.61949926720521
2020-02-20T22:00:00.0,bus-3-bus-4-i_6,-93.94745502919619
2020-02-20T23:00:00.0,bus-3-bus-4-i_6,-88.06315079639234
2020-02-21T00:00:00.0,bus-3-bus-4-i_6,-86.60726296068316
2020-02-21T01:00:00.0,bus-3-bus-4-i_6,-85.87933333414381
2020-02-21T02:00:00.0,bus-3-bus-4-i_6,-85.36370753926057
2020-02-21T03:00:00.0,bus-3-bus-4-i_6,-85.66701414368461
2020-02-21T04:00:00.0,bus-3-bus-4-i_6,-87.45652127810271
2020-02-21T05:00:00.0,bus-3-bus-4-i_6,-91.97588322119073
2020-02-21T06:00:00.0,bus-3-bus-4-i_6,-95.70670083427224
2020-02-21T07:00:00.0,bus-3-bus-4-i_6,-94.58442285623754
2020-02-21T08:00:00.0,bus-3-bus-4-i_6,-94.463082675987
2020-02-21T09:00:00.0,bus-3-bus-4-i_6,-93.94745502919619
2020-02-21T10:00:00.0,bus-3-bus-4-i_6,-93.79578405824296
2020-02-21T11:00:00.0,bus-3-bus-4-i_6,-92.976827576202
2020-02-21T12:00:00.0,bus-3-bus-4-i_6,-92.64319018605033
2020-02-21T13:00:00.0,bus-3-bus-4-i_6,-92.06687794112511
2020-02-21T14:00:00.0,bus-3-bus-4-i_6,-91.67256731421514
2020-02-21T15:00:00.0,bus-3-bus-4-i_6,-90.85362742957004
2020-02-21T16:00:00.0,bus-3-bus-4-i_6,-90.94461061499727
2020-02-21T17:00:00.0,bus-3-bus-4-i_6,-96.40431675545666
2020-02-21T18:00:00.0,bus-3-bus-4-i_6,-103.80523003750497
2020-02-21T19:00:00.0,bus-3-bus-4-i_6,-102.37966206728544
2020-02-21T20:00:00.0,bus-3-bus-4-i_6,-99.89246234996702
2020-02-21T21:00:00.0,bus-3-bus-4-i_6,-96.88962515773555
2020-02-21T22:00:00.0,bus-3-bus-4-i_6,-92.88583651892888
2020-02-21T23:00:00.0,bus-3-bus-4-i_6,-88.54844320879414
2020-02-22T00:00:00.0,bus-3-bus-4-i_6,-86.30396147220372
2020-02-22T01:00:00.0,bus-3-bus-4-i_6,-84.93908488525818
2020-02-22T02:00:00.0,bus-3-bus-4-i_6,-84.42347022832259
2020-02-22T03:00:00.0,bus-3-bus-4-i_6,-84.54479196265301
2020-02-22T04:00:00.0,bus-3-bus-4-i_6,-85.36370753926057
2020-02-22T05:00:00.0,bus-3-bus-4-i_6,-87.03188952243518
2020-02-22T06:00:00.0,bus-3-bus-4-i_6,-86.7892471239009
2020-02-22T07:00:00.0,bus-3-bus-4-i_6,-86.45560589941319
2020-02-22T08:00:00.0,bus-3-bus-4-i_6,-87.69917354933186
2020-02-22T09:00:00.0,bus-3-bus-4-i_6,-88.5787743572636
2020-02-22T10:00:00.0,bus-3-bus-4-i_6,-88.6394304463921
2020-02-22T11:00:00.0,bus-3-bus-4-i_6,-88.00247826962494
2020-02-22T12:00:00.0,bus-3-bus-4-i_6,-87.66883741245132
2020-02-22T13:00:00.0,bus-3-bus-4-i_6,-87.39586419100362
2020-02-22T14:00:00.0,bus-3-bus-4-i_6,-87.06222510582845
2020-02-22T15:00:00.0,bus-3-bus-4-i_6,-86.75891279932435
2020-02-22T16:00:00.0,bus-3-bus-4-i_6,-87.51718306747097
2020-02-22T17:00:00.0,bus-3-bus-4-i_6,-93.28014447259334
2020-02-22T18:00:00.0,bus-3-bus-4-i_6,-99.95312541416197
2020-02-22T19:00:00.0,bus-3-bus-4-i_6,-98.67921663695603
2020-02-22T20:00:00.0,bus-3-bus-4-i_6,-96.31333729084004
2020-02-22T21:00:00.0,bus-3-bus-4-i_6,-93.94745502919619
2020-02-22T22:00:00.0,bus-3-bus-4-i_6,-91.06593657824095
2020-02-22T23:00:00.0,bus-3-bus-4-i_6,-88.09347118643814
2020-02-23T00:00:00.0,bus-3-bus-4-i_6,-85.69734196171233
2020-02-23T01:00:00.0,bus-3-bus-4-i_6,-84.45380025193255
2020-02-23T02:00:00.0,bus-3-bus-4-i_6,-83.3922523168773
2020-02-23T03:00:00.0,bus-3-bus-4-i_6,-83.11928486407213
2020-02-23T04:00:00.0,bus-3-bus-4-i_6,-83.27093303965624
2020-02-23T05:00:00.0,bus-3-bus-4-i_6,-84.45380025193255
2020-02-23T06:00:00.0,bus-3-bus-4-i_6,-84.27181991639878
2020-02-23T07:00:00.0,bus-3-bus-4-i_6,-84.02918037617954
2020-02-23T08:00:00.0,bus-3-bus-4-i_6,-85.45469838072816
2020-02-23T09:00:00.0,bus-3-bus-4-i_6,-86.66792451776799
2020-02-23T10:00:00.0,bus-3-bus-4-i_6,-86.8499085725087
2020-02-23T11:00:00.0,bus-3-bus-4-i_6,-87.06222510582845
2020-02-23T12:00:00.0,bus-3-bus-4-i_6,-86.6982513373466
2020-02-23T13:00:00.0,bus-3-bus-4-i_6,-86.54660117073487
2020-02-23T14:00:00.0,bus-3-bus-4-i_6,-86.5769322377432
2020-02-23T15:00:00.0,bus-3-bus-4-i_6,-86.45560589941319
2020-02-23T16:00:00.0,bus-3-bus-4-i_6,-87.45652127810271
2020-02-23T17:00:00.0,bus-3-bus-4-i_6,-94.1597731402763
2020-02-23T18:00:00.0,bus-3-bus-4-i_6,-101.1360533579139
2020-02-23T19:00:00.0,bus-3-bus-4-i_6,-99.98347666752699
2020-02-23T20:00:00.0,bus-3-bus-4-i_6,-97.67827375330774
2020-02-23T21:00:00.0,bus-3-bus-4-i_6,-94.52374622402024
2020-02-23T22:00:00.0,bus-3-bus-4-i_6,-90.64129594453634
2020-02-23T23:00:00.0,bus-3-bus-4-i_6,-86.5769322377432
2020-02-24T00:00:00.0,bus-3-bus-4-i_6,-84.36281013408552
2020-02-24T01:00:00.0,bus-3-bus-4-i_6,-83.27093303965624
2020-02-24T02:00:00.0,bus-3-bus-4-i_6,-82.6946692179301
2020-02-24T03:00:00.0,bus-3-bus-4-i_6,-82.93730616872823
2020-02-24T04:00:00.0,bus-3-bus-4-i_6,-84.12017046041456
2020-02-24T05:00:00.0,bus-3-bus-4-i_6,-87.69917354933186
2020-02-24T06:00:00.0,bus-3-bus-4-i_6,-90.21665612995518
2020-02-24T07:00:00.0,bus-3-bus-4-i_6,-90.39865272071293
2020-02-24T08:00:00.0,bus-3-bus-4-i_6,-91.12659954428538
2020-02-24T09:00:00.0,bus-3-bus-4-i_6,-92.49152092001579
2020-02-24T10:00:00.0,bus-3-bus-4-i_6,-92.70384244466877
2020-02-24T11:00:00.0,bus-3-bus-4-i_6,-93.46215201201149
2020-02-24T12:00:00.0,bus-3-bus-4-i_6,-93.64412531284265
2020-02-24T13:00:00.0,bus-3-bus-4-i_6,-93.52281554245074
2020-02-24T14:00:00.0,bus-3-bus-4-i_6,-93.12848601951646
2020-02-24T15:00:00.0,bus-3-bus-4-i_6,-92.21854664322076
2020-02-24T16:00:00.0,bus-3-bus-4-i_6,-93.37113970495888
2020-02-24T17:00:00.0,bus-3-bus-4-i_6,-100.65075043011382
2020-02-24T18:00:00.0,bus-3-bus-4-i_6,-107.62687083526441
2020-02-24T19:00:00.0,bus-3-bus-4-i_6,-106.32267191898282
2020-02-24T20:00:00.0,bus-3-bus-4-i_6,-102.68294883646473
2020-02-24T21:00:00.0,bus-3-bus-4-i_6,-97.7389144649189
2020-02-24T22:00:00.0,bus-3-bus-4-i_6,-92.21854664322076
2020-02-24T23:00:00.0,bus-3-bus-4-i_6,-86.9712326357521
2020-02-25T00:00:00.0,bus-3-bus-4-i_6,-84.5144606609167
2020-02-25T01:00:00.0,bus-3-bus-4-i_6,-83.08895459631205
2020-02-25T02:00:00.0,bus-3-bus-4-i_6,-82.48236243679247
2020-02-25T03:00:00.0,bus-3-bus-4-i_6,-81.99709376011309
2020-02-25T04:00:00.0,bus-3-bus-4-i_6,-81.51182648951153
2020-02-25T05:00:00.0,bus-3-bus-4-i_6,-84.05951021482392
2020-02-25T06:00:00.0,bus-3-bus-4-i_6,-86.9712326357521
2020-02-25T07:00:00.0,bus-3-bus-4-i_6,-87.03188952243518
2020-02-25T08:00:00.0,bus-3-bus-4-i_6,-88.79108619787831
2020-02-25T09:00:00.0,bus-3-bus-4-i_6,-90.58063301905375
2020-02-25T10:00:00.0,bus-3-bus-4-i_6,-92.33986249286711
2020-02-25T11:00:00.0,bus-3-bus-4-i_6,-92.18820431986167
2020-02-25T12:00:00.0,bus-3-bus-4-i_6,-91.15694027441128
2020-02-25T13:00:00.0,bus-3-bus-4-i_6,-90.45930726242091
2020-02-25T14:00:00.0,bus-3-bus-4-i_6,-90.12566991469768
2020-02-25T15:00:00.0,bus-3-bus-4-i_6,-89.51904229416687
2020-02-25T16:00:00.0,bus-3-bus-4-i_6,-89.09439790361905
2020-02-25T17:00:00.0,bus-3-bus-4-i_6,-94.58442285623754
2020-02-25T18:00:00.0,bus-3-bus-4-i_6,-103.89619016457672
2020-02-25T19:00:00.0,bus-3-bus-4-i_6,-103.62324399236851
2020-02-25T20:00:00.0,bus-3-bus-4-i_6,-100.62041874841121
2020-02-25T21:00:00.0,bus-3-bus-4-i_6,-95.82802803619748
2020-02-25T22:00:00.0,bus-3-bus-4-i_6,-90.21665612995518
2020-02-25T23:00:00.0,bus-3-bus-4-i_6,-85.81866707816252
2020-02-26T00:00:00.0,bus-3-bus-4-i_6,-83.4529120113275
2020-02-26T01:00:00.0,bus-3-bus-4-i_6,-82.60368947026899
2020-02-26T02:00:00.0,bus-3-bus-4-i_6,-82.11841111555009
2020-02-26T03:00:00.0,bus-3-bus-4-i_6,-82.27005784676422
2020-02-26T04:00:00.0,bus-3-bus-4-i_6,-83.48324168119392
2020-02-26T05:00:00.0,bus-3-bus-4-i_6,-87.1835481805873
2020-02-26T06:00:00.0,bus-3-bus-4-i_6,-89.64036052990309
2020-02-26T07:00:00.0,bus-3-bus-4-i_6,-90.15599333645662
2020-02-26T08:00:00.0,bus-3-bus-4-i_6,-90.4896387519501
2020-02-26T09:00:00.0,bus-3-bus-4-i_6,-90.82329591694966
2020-02-26T10:00:00.0,bus-3-bus-4-i_6,-91.5209097226531
2020-02-26T11:00:00.0,bus-3-bus-4-i_6,-91.64223558563327
2020-02-26T12:00:00.0,bus-3-bus-4-i_6,-89.00341146866033
2020-02-26T13:00:00.0,bus-3-bus-4-i_6,-88.5181060182966
2020-02-26T14:00:00.0,bus-3-bus-4-i_6,-88.24512643481263
2020-02-26T15:00:00.0,bus-3-bus-4-i_6,-87.57784969667438
2020-02-26T16:00:00.0,bus-3-bus-4-i_6,-88.12380207290587
2020-02-26T17:00:00.0,bus-3-bus-4-i_6,-92.79484927055093
2020-02-26T18:00:00.0,bus-3-bus-4-i_6,-101.37870442100991
2020-02-26T19:00:00.0,bus-3-bus-4-i_6,-101.40905970249186
2020-02-26T20:00:00.0,bus-3-bus-4-i_6,-100.52942437757982
2020-02-26T21:00:00.0,bus-3-bus-4-i_6,-94.31142382112976
2020-02-26T22:00:00.0,bus-3-bus-4-i_6,-88.76075494340446
2020-02-26T23:00:00.0,bus-3-bus-4-i_6,-85.03007578509079
2020-02-27T00:00:00.0,bus-3-bus-4-i_6,-83.2406036755793
2020-02-27T01:00:00.0,bus-3-bus-4-i_6,-82.20939734230792
2020-02-27T02:00:00.0,bus-3-bus-4-i_6,-81.93643513653537
2020-02-27T03:00:00.0,bus-3-bus-4-i_6,-82.20939734230792
2020-02-27T04:00:00.0,bus-3-bus-4-i_6,-83.4529120113275
2020-02-27T05:00:00.0,bus-3-bus-4-i_6,-87.1835481805873
2020-02-27T06:00:00.0,bus-3-bus-4-i_6,-89.06407393908538
2020-02-27T07:00:00.0,bus-3-bus-4-i_6,-89.06407394289609
2020-02-27T08:00:00.0,bus-3-bus-4-i_6,-89.2763852091215
2020-02-27T09:00:00.0,bus-3-bus-4-i_6,-89.45837284834073
2020-02-27T10:00:00.0,bus-3-bus-4-i_6,-89.06407393908538
2020-02-27T11:00:00.0,bus-3-bus-4-i_6,-88.85170366081638
2020-02-27T12:00:00.0,bus-3-bus-4-i_6,-89.03373553858589
2020-02-27T13:00:00.0,bus-3-bus-4-i_6,-88.91241736860609
2020-02-27T14:00:00.0,bus-3-bus-4-i_6,-88.94274200708868
2020-02-27T15:00:00.0,bus-3-bus-4-i_6,-88.24512643481263
2020-02-27T16:00:00.0,bus-3-bus-4-i_6,-88.76075494340446
2020-02-27T17:00:00.0,bus-3-bus-4-i_6,-93.18914950082437
2020-02-27T18:00:00.0,bus-3-bus-4-i_6,-101.80334309086305
2020-02-27T19:00:00.0,bus-3-bus-4-i_6,-101.5910239467678
2020-02-27T20:00:00.0,bus-3-bus-4-i_6,-102.47065528698869
2020-02-27T21:00:00.0,bus-3-bus-4-i_6,-98.04223170855833
2020-02-27T22:00:00.0,bus-3-bus-4-i_6,-92.64319018605033
2020-02-27T23:00:00.0,bus-3-bus-4-i_6,-87.79016126106116
2020-02-28T00:00:00.0,bus-3-bus-4-i_6,-85.36370753926057
2020-02-28T01:00:00.0,bus-3-bus-4-i_6,-84.54479196265301
2020-02-28T02:00:00.0,bus-3-bus-4-i_6,-84.05951021482392
2020-02-28T03:00:00.0,bus-3-bus-4-i_6,-84.27181991639878
2020-02-28T04:00:00.0,bus-3-bus-4-i_6,-85.51535940121974
2020-02-28T05:00:00.0,bus-3-bus-4-i_6,-89.51904229416687
2020-02-28T06:00:00.0,bus-3-bus-4-i_6,-91.24792558691327
2020-02-28T07:00:00.0,bus-3-bus-4-i_6,-91.79390259935136
2020-02-28T08:00:00.0,bus-3-bus-4-i_6,-92.52185241320069
2020-02-28T09:00:00.0,bus-3-bus-4-i_6,-93.34081977509285
2020-02-28T10:00:00.0,bus-3-bus-4-i_6,-92.91616416980264
2020-02-28T11:00:00.0,bus-3-bus-4-i_6,-92.91616426051262
2020-02-28T12:00:00.0,bus-3-bus-4-i_6,-92.18820431986167
2020-02-28T13:00:00.0,bus-3-bus-4-i_6,-91.97588322119073
2020-02-28T14:00:00.0,bus-3-bus-4-i_6,-91.5209097226531
2020-02-28T15:00:00.0,bus-3-bus-4-i_6,-90.3379895638798
2020-02-28T16:00:00.0,bus-3-bus-4-i_6,-91.06593657824095
2020-02-28T17:00:00.0,bus-3-bus-4-i_6,-96.55597594288732
2020-02-28T18:00:00.0,bus-3-bus-4-i_6,-105.4127270102149
2020-02-28T19:00:00.0,bus-3-bus-4-i_6,-104.1388372173335
2020-02-28T20:00:00.0,bus-3-bus-4-i_6,-101.89433687157926
2020-02-28T21:00:00.0,bus-3-bus-4-i_6,-98.86120743801605
2020-02-28T22:00:00.0,bus-3-bus-4-i_6,-94.85740918307278
2020-02-28T23:00:00.0,bus-3-bus-4-i_6,-90.4896387519501
2020-02-29T00:00:00.0,bus-3-bus-4-i_6,-87.69917354933186
2020-02-29T01:00:00.0,bus-3-bus-4-i_6,-85.90965830290385
2020-02-29T02:00:00.0,bus-3-bus-4-i_6,-85.12106480625413
2020-02-29T03:00:00.0,bus-3-bus-4-i_6,-84.99974547660788
2020-02-29T04:00:00.0,bus-3-bus-4-i_6,-85.57602784756637
2020-02-29T05:00:00.0,bus-3-bus-4-i_6,-87.33520238654116
2020-02-29T06:00:00.0,bus-3-bus-4-i_6,-86.48594011300614
2020-02-29T07:00:00.0,bus-3-bus-4-i_6,-86.8195782754965
2020-02-29T08:00:00.0,bus-3-bus-4-i_6,-88.5181060182966
2020-02-29T09:00:00.0,bus-3-bus-4-i_6,-89.79201700109837
2020-02-29T10:00:00.0,bus-3-bus-4-i_6,-89.42804870265275
2020-02-29T11:00:00.0,bus-3-bus-4-i_6,-88.42711273651219
2020-02-29T12:00:00.0,bus-3-bus-4-i_6,-87.69917354933186
2020-02-29T13:00:00.0,bus-3-bus-4-i_6,-86.88023969756216
2020-02-29T14:00:00.0,bus-3-bus-4-i_6,-86.33428321453955
2020-02-29T15:00:00.0,bus-3-bus-4-i_6,-86.09164179825588
2020-02-29T16:00:00.0,bus-3-bus-4-i_6,-86.54660117073487
2020-02-29T17:00:00.0,bus-3-bus-4-i_6,-91.46025597167286
2020-02-29T18:00:00.0,bus-3-bus-4-i_6,-100.62041874841121
2020-02-29T19:00:00.0,bus-3-bus-4-i_6,-100.43845224329834
2020-02-29T20:00:00.0,bus-3-bus-4-i_6,-97.95123661612207
2020-02-29T21:00:00.0,bus-3-bus-4-i_6,-95.67635389884441
2020-02-29T22:00:00.0,bus-3-bus-4-i_6,-93.18914950082437
2020-02-29T23:00:00.0,bus-3-bus-4-i_6,-89.70102317152738
2020-03-01T00:00:00.0,bus-3-bus-4-i_6,-83.60456114144094
2020-03-01T01:00:00.0,bus-3-bus-4-i_6,-82.20939734230792
2020-03-01T02:00:00.0,bus-3-bus-4-i_6,-81.02656220964755
2020-03-01T03:00:00.0,bus-3-bus-4-i_6,-80.69294475236592
2020-03-01T04:00:00.0,bus-3-bus-4-i_6,-80.87491480638906
2020-03-01T05:00:00.0,bus-3-bus-4-i_6,-82.20939734230792
2020-03-01T06:00:00.0,bus-3-bus-4-i_6,-81.99709376011309
2020-03-01T07:00:00.0,bus-3-bus-4-i_6,-81.72413060622866
2020-03-01T08:00:00.0,bus-3-bus-4-i_6,-83.33159286600572
2020-03-01T09:00:00.0,bus-3-bus-4-i_6,-84.72677152044909
2020-03-01T10:00:00.0,bus-3-bus-4-i_6,-84.90875460260922
2020-03-01T11:00:00.0,bus-3-bus-4-i_6,-85.1513973394998
2020-03-01T12:00:00.0,bus-3-bus-4-i_6,-84.75710184023517
2020-03-01T13:00:00.0,bus-3-bus-4-i_6,-84.5751207876633
2020-03-01T14:00:00.0,bus-3-bus-4-i_6,-84.60545232528003
2020-03-01T15:00:00.0,bus-3-bus-4-i_6,-84.48413051241187
2020-03-01T16:00:00.0,bus-3-bus-4-i_6,-85.60635070117593
2020-03-01T17:00:00.0,bus-3-bus-4-i_6,-93.28014447259334
2020-03-01T18:00:00.0,bus-3-bus-4-i_6,-101.28771019229173
2020-03-01T19:00:00.0,bus-3-bus-4-i_6,-99.92281345756044
2020-03-01T20:00:00.0,bus-3-bus-4-i_6,-97.28393835149099
2020-03-01T21:00:00.0,bus-3-bus-4-i_6,-93.64412531284265
2020-03-01T22:00:00.0,bus-3-bus-4-i_6,-89.2460541153377
2020-03-01T23:00:00.0,bus-3-bus-4-i_6,-84.63578255357848
2020-03-02T00:00:00.0,bus-3-bus-4-i_6,-82.11841111555009
2020-03-02T01:00:00.0,bus-3-bus-4-i_6,-80.87491480638906
2020-03-02T02:00:00.0,bus-3-bus-4-i_6,-80.23801420986503
2020-03-02T03:00:00.0,bus-3-bus-4-i_6,-80.51096827667266
2020-03-02T04:00:00.0,bus-3-bus-4-i_6,-81.81511597734135
2020-03-02T05:00:00.0,bus-3-bus-4-i_6,-85.87933333414381
2020-03-02T06:00:00.0,bus-3-bus-4-i_6,-88.76075494340446
2020-03-02T07:00:00.0,bus-3-bus-4-i_6,-88.94274200708868
2020-03-02T08:00:00.0,bus-3-bus-4-i_6,-89.79201700109837
2020-03-02T09:00:00.0,bus-3-bus-4-i_6,-91.3389201820467
2020-03-02T10:00:00.0,bus-3-bus-4-i_6,-91.58157255282838
2020-03-02T11:00:00.0,bus-3-bus-4-i_6,-92.4612000756188
2020-03-02T12:00:00.0,bus-3-bus-4-i_6,-92.67352189196897
2020-03-02T13:00:00.0,bus-3-bus-4-i_6,-92.55219508372423
2020-03-02T14:00:00.0,bus-3-bus-4-i_6,-92.06687794112511
2020-03-02T15:00:00.0,bus-3-bus-4-i_6,-91.03561416004595
2020-03-02T16:00:00.0,bus-3-bus-4-i_6,-92.37019419869458
2020-03-02T17:00:00.0,bus-3-bus-4-i_6,-100.7114355009267
2020-03-02T18:00:00.0,bus-3-bus-4-i_6,-108.71874333053735
2020-03-02T19:00:00.0,bus-3-bus-4-i_6,-107.2022494211943
2020-03-02T20:00:00.0,bus-3-bus-4-i_6,-103.0166177828147
2020-03-02T21:00:00.0,bus-3-bus-4-i_6,-97.37495084799966
2020-03-02T22:00:00.0,bus-3-bus-4-i_6,-91.03561416004595
2020-03-02T23:00:00.0,bus-3-bus-4-i_6,-85.06040610226573
2020-03-03T00:00:00.0,bus-3-bus-4-i_6,-82.3003872504358
2020-03-03T01:00:00.0,bus-3-bus-4-i_6,-80.66261593331011
2020-03-03T02:00:00.0,bus-3-bus-4-i_6,-79.99538116961335
2020-03-03T03:00:00.0,bus-3-bus-4-i_6,-79.4494692608261
2020-03-03T04:00:00.0,bus-3-bus-4-i_6,-78.93389587435651
2020-03-03T05:00:00.0,bus-3-bus-4-i_6,-81.78479172718247
2020-03-03T06:00:00.0,bus-3-bus-4-i_6,-85.06040610226573
2020-03-03T07:00:00.0,bus-3-bus-4-i_6,-85.12106480625413
2020-03-03T08:00:00.0,bus-3-bus-4-i_6,-87.12288628470324
2020-03-03T09:00:00.0,bus-3-bus-4-i_6,-89.15506039315038
2020-03-03T10:00:00.0,bus-3-bus-4-i_6,-91.15694027441128
2020-03-03T11:00:00.0,bus-3-bus-4-i_6,-91.00528229133946
2020-03-03T12:00:00.0,bus-3-bus-4-i_6,-89.8223483728984
2020-03-03T13:00:00.0,bus-3-bus-4-i_6,-89.03373553858589
2020-03-03T14:00:00.0,bus-3-bus-4-i_6,-88.6394304463921
2020-03-03T15:00:00.0,bus-3-bus-4-i_6,-87.94181613252542
2020-03-03T16:00:00.0,bus-3-bus-4-i_6,-87.48685215835069
2020-03-03T17:00:00.0,bus-3-bus-4-i_6,-93.73513260448654
2020-03-03T18:00:00.0,bus-3-bus-4-i_6,-104.4421736876109
2020-03-03T19:00:00.0,bus-3-bus-4-i_6,-104.10850624421764
2020-03-03T20:00:00.0,bus-3-bus-4-i_6,-100.65075043011382
2020-03-03T21:00:00.0,bus-3-bus-4-i_6,-95.1607277893173
2020-03-03T22:00:00.0,bus-3-bus-4-i_6,-88.76075494340446
2020-03-03T23:00:00.0,bus-3-bus-4-i_6,-83.75621535310134
2020-03-04T00:00:00.0,bus-3-bus-4-i_6,-81.08722001102531
2020-03-04T01:00:00.0,bus-3-bus-4-i_6,-80.1166954103989
2020-03-04T02:00:00.0,bus-3-bus-4-i_6,-79.60111102367402
2020-03-04T03:00:00.0,bus-3-bus-4-i_6,-79.75275806353294
2020-03-04T04:00:00.0,bus-3-bus-4-i_6,-81.11754897692165
2020-03-04T05:00:00.0,bus-3-bus-4-i_6,-85.27271856069984
2020-03-04T06:00:00.0,bus-3-bus-4-i_6,-88.09347118643814
2020-03-04T07:00:00.0,bus-3-bus-4-i_6,-88.6697616687949
2020-03-04T08:00:00.0,bus-3-bus-4-i_6,-89.06407393908538
2020-03-04T09:00:00.0,bus-3-bus-4-i_6,-89.42804870265275
2020-03-04T10:00:00.0,bus-3-bus-4-i_6,-90.24698744858003
2020-03-04T11:00:00.0,bus-3-bus-4-i_6,-90.36831304640535
2020-03-04T12:00:00.0,bus-3-bus-4-i_6,-87.36552863255326
2020-03-04T13:00:00.0,bus-3-bus-4-i_6,-86.8195782754965
2020-03-04T14:00:00.0,bus-3-bus-4-i_6,-86.51626715123484
2020-03-04T15:00:00.0,bus-3-bus-4-i_6,-85.72767246308757
2020-03-04T16:00:00.0,bus-3-bus-4-i_6,-86.36461381775335
2020-03-04T17:00:00.0,bus-3-bus-4-i_6,-91.70289884996346
2020-03-04T18:00:00.0,bus-3-bus-4-i_6,-101.53038494347655
2020-03-04T19:00:00.0,bus-3-bus-4-i_6,-101.5910239467678
2020-03-04T20:00:00.0,bus-3-bus-4-i_6,-100.55975580785763
2020-03-04T21:00:00.0,bus-3-bus-4-i_6,-93.4318172937848
2020-03-04T22:00:00.0,bus-3-bus-4-i_6,-87.09255106279163
2020-03-04T23:00:00.0,bus-3-bus-4-i_6,-82.8766468707392
2020-03-05T00:00:00.0,bus-3-bus-4-i_6,-80.84458878665485
2020-03-05T01:00:00.0,bus-3-bus-4-i_6,-79.69210126391746
2020-03-05T02:00:00.0,bus-3-bus-4-i_6,-79.35848435648066
2020-03-05T03:00:00.0,bus-3-bus-4-i_6,-79.69210126391746
2020-03-05T04:00:00.0,bus-3-bus-4-i_6,-81.08722001102531
2020-03-05T05:00:00.0,bus-3-bus-4-i_6,-85.27271856069984
2020-03-05T06:00:00.0,bus-3-bus-4-i_6,-87.45652127810271
2020-03-05T07:00:00.0,bus-3-bus-4-i_6,-87.45652095130667
2020-03-05T08:00:00.0,bus-3-bus-4-i_6,-87.69917354933186
2020-03-05T09:00:00.0,bus-3-bus-4-i_6,-87.88115428882749
2020-03-05T10:00:00.0,bus-3-bus-4-i_6,-87.45652127810271
2020-03-05T11:00:00.0,bus-3-bus-4-i_6,-87.21387886510152
2020-03-05T12:00:00.0,bus-3-bus-4-i_6,-87.42619037377082
2020-03-05T13:00:00.0,bus-3-bus-4-i_6,-87.27453602487654
2020-03-05T14:00:00.0,bus-3-bus-4-i_6,-87.30486687252781
2020-03-05T15:00:00.0,bus-3-bus-4-i_6,-86.51626715123484
2020-03-05T16:00:00.0,bus-3-bus-4-i_6,-87.09255106279163
2020-03-05T17:00:00.0,bus-3-bus-4-i_6,-92.15787294288626
2020-03-05T18:00:00.0,bus-3-bus-4-i_6,-102.01566209838712
2020-03-05T19:00:00.0,bus-3-bus-4-i_6,-101.80334309086305
2020-03-05T20:00:00.0,bus-3-bus-4-i_6,-102.80427337008291
2020-03-05T21:00:00.0,bus-3-bus-4-i_6,-97.70860050348915
2020-03-05T22:00:00.0,bus-3-bus-4-i_6,-91.55124104831688
2020-03-05T23:00:00.0,bus-3-bus-4-i_6,-86.00064695800069
2020-03-06T00:00:00.0,bus-3-bus-4-i_6,-83.2406036755793
2020-03-06T01:00:00.0,bus-3-bus-4-i_6,-82.3307149037275
2020-03-06T02:00:00.0,bus-3-bus-4-i_6,-81.78479172718247
2020-03-06T03:00:00.0,bus-3-bus-4-i_6,-81.99709376011309
2020-03-06T04:00:00.0,bus-3-bus-4-i_6,-83.3922523168773
2020-03-06T05:00:00.0,bus-3-bus-4-i_6,-87.94181613252542
2020-03-06T06:00:00.0,bus-3-bus-4-i_6,-89.94367370893639
2020-03-06T07:00:00.0,bus-3-bus-4-i_6,-90.58063301905375
2020-03-06T08:00:00.0,bus-3-bus-4-i_6,-91.36926122135533
2020-03-06T09:00:00.0,bus-3-bus-4-i_6,-92.33986249286711
2020-03-06T10:00:00.0,bus-3-bus-4-i_6,-91.82422509877492
2020-03-06T11:00:00.0,bus-3-bus-4-i_6,-91.82422509854602
2020-03-06T12:00:00.0,bus-3-bus-4-i_6,-91.00528229133946
2020-03-06T13:00:00.0,bus-3-bus-4-i_6,-90.76262175303481
2020-03-06T14:00:00.0,bus-3-bus-4-i_6,-90.24698744858003
2020-03-06T15:00:00.0,bus-3-bus-4-i_6,-88.91241736860609
2020-03-06T16:00:00.0,bus-3-bus-4-i_6,-89.70102317152738
2020-03-06T17:00:00.0,bus-3-bus-4-i_6,-96.01000365356644
2020-03-06T18:00:00.0,bus-3-bus-4-i_6,-106.17098829724458
2020-03-06T19:00:00.0,bus-3-bus-4-i_6,-104.71515154429731
2020-03-06T20:00:00.0,bus-3-bus-4-i_6,-102.10668047984495
2020-03-06T21:00:00.0,bus-3-bus-4-i_6,-98.64888539714111
2020-03-06T22:00:00.0,bus-3-bus-4-i_6,-94.03843785989045
2020-03-06T23:00:00.0,bus-3-bus-4-i_6,-89.06407393908538
2020-03-07T00:00:00.0,bus-3-bus-4-i_6,-85.87933333414381
2020-03-07T01:00:00.0,bus-3-bus-4-i_6,-83.87752995142729
2020-03-07T02:00:00.0,bus-3-bus-4-i_6,-82.93730616872823
2020-03-07T03:00:00.0,bus-3-bus-4-i_6,-82.81598849332349
2020-03-07T04:00:00.0,bus-3-bus-4-i_6,-83.48324168119392
2020-03-07T05:00:00.0,bus-3-bus-4-i_6,-85.48503136284282
2020-03-07T06:00:00.0,bus-3-bus-4-i_6,-84.5144606609167
2020-03-07T07:00:00.0,bus-3-bus-4-i_6,-84.87843133890448
2020-03-07T08:00:00.0,bus-3-bus-4-i_6,-86.8195782754965
2020-03-07T09:00:00.0,bus-3-bus-4-i_6,-88.27545732870176
2020-03-07T10:00:00.0,bus-3-bus-4-i_6,-87.85082903661743
2020-03-07T11:00:00.0,bus-3-bus-4-i_6,-86.7285820668694
2020-03-07T12:00:00.0,bus-3-bus-4-i_6,-85.87933333414381
2020-03-07T13:00:00.0,bus-3-bus-4-i_6,-84.96941347520371
2020-03-07T14:00:00.0,bus-3-bus-4-i_6,-84.33248005247466
2020-03-07T15:00:00.0,bus-3-bus-4-i_6,-84.05951021482392
2020-03-07T16:00:00.0,bus-3-bus-4-i_6,-84.5751207876633
2020-03-07T17:00:00.0,bus-3-bus-4-i_6,-90.18632471684543
2020-03-07T18:00:00.0,bus-3-bus-4-i_6,-100.65075043011382
2020-03-07T19:00:00.0,bus-3-bus-4-i_6,-100.43845224329834
2020-03-07T20:00:00.0,bus-3-bus-4-i_6,-97.61760592527207
2020-03-07T21:00:00.0,bus-3-bus-4-i_6,-94.9787364801249
2020-03-07T22:00:00.0,bus-3-bus-4-i_6,-92.15787294288626
2020-03-07T23:00:00.0,bus-3-bus-4-i_6,-88.15413329410683
2020-03-08T00:00:00.0,bus-3-bus-4-i_6,-85.33337700295787
2020-03-08T01:00:00.0,bus-3-bus-4-i_6,-83.66522074665393
2020-03-08T02:00:00.0,bus-3-bus-4-i_6,-83.11928486407213
2020-03-08T03:00:00.0,bus-3-bus-4-i_6,-83.17994429813446
2020-03-08T04:00:00.0,bus-3-bus-4-i_6,-83.5439013148108
2020-03-08T05:00:00.0,bus-3-bus-4-i_6,-85.33337700295787
2020-03-08T06:00:00.0,bus-3-bus-4-i_6,-83.81687089375245
2020-03-08T07:00:00.0,bus-3-bus-4-i_6,-83.81687070729483
2020-03-08T08:00:00.0,bus-3-bus-4-i_6,-84.93908488525818
2020-03-08T09:00:00.0,bus-3-bus-4-i_6,-86.00064695800069
2020-03-08T10:00:00.0,bus-3-bus-4-i_6,-85.33337700295787
2020-03-08T11:00:00.0,bus-3-bus-4-i_6,-85.03007578509079
2020-03-08T12:00:00.0,bus-3-bus-4-i_6,-84.96941347520371
2020-03-08T13:00:00.0,bus-3-bus-4-i_6,-84.33248005247466
2020-03-08T14:00:00.0,bus-3-bus-4-i_6,-84.15049971463408
2020-03-08T15:00:00.0,bus-3-bus-4-i_6,-84.18082972623526
2020-03-08T16:00:00.0,bus-3-bus-4-i_6,-84.75710184023517
2020-03-08T17:00:00.0,bus-3-bus-4-i_6,-90.9749420652546
2020-03-08T18:00:00.0,bus-3-bus-4-i_6,-100.59012774052454
2020-03-08T19:00:00.0,bus-3-bus-4-i_6,-99.68016231828241
2020-03-08T20:00:00.0,bus-3-bus-4-i_6,-97.40528263920095
2020-03-08T21:00:00.0,bus-3-bus-4-i_6,-92.76451702774224
2020-03-08T22:00:00.0,bus-3-bus-4-i_6,-88.73043020761335
2020-03-08T23:00:00.0,bus-3-bus-4-i_6,-84.27181991639878
2020-03-09T00:00:00.0,bus-3-bus-4-i_6,-82.39137537405142
2020-03-09T01:00:00.0,bus-3-bus-4-i_6,-81.11754897692165
2020-03-09T02:00:00.0,bus-3-bus-4-i_6,-80.7536023652064
2020-03-09T03:00:00.0,bus-3-bus-4-i_6,-81.02656220964755
2020-03-09T04:00:00.0,bus-3-bus-4-i_6,-82.20939734230792
2020-03-09T05:00:00.0,bus-3-bus-4-i_6,-86.33428321453955
2020-03-09T06:00:00.0,bus-3-bus-4-i_6,-89.57970530218785
2020-03-09T07:00:00.0,bus-3-bus-4-i_6,-91.24792558691327
2020-03-09T08:00:00.0,bus-3-bus-4-i_6,-93.28014447259334
2020-03-09T09:00:00.0,bus-3-bus-4-i_6,-93.34081977509285
2020-03-09T10:00:00.0,bus-3-bus-4-i_6,-92.79484927055093
2020-03-09T11:00:00.0,bus-3-bus-4-i_6,-92.06687794112511
2020-03-09T12:00:00.0,bus-3-bus-4-i_6,-92.12755166477069
2020-03-09T13:00:00.0,bus-3-bus-4-i_6,-91.67256731421514
2020-03-09T14:00:00.0,bus-3-bus-4-i_6,-90.82329591694966
2020-03-09T15:00:00.0,bus-3-bus-4-i_6,-89.94367370893639
2020-03-09T16:00:00.0,bus-3-bus-4-i_6,-90.45930726242091
2020-03-09T17:00:00.0,bus-3-bus-4-i_6,-96.61663941650455
2020-03-09T18:00:00.0,bus-3-bus-4-i_6,-107.89983993476575
2020-03-09T19:00:00.0,bus-3-bus-4-i_6,-107.56621036567167
2020-03-09T20:00:00.0,bus-3-bus-4-i_6,-103.4109216215625
2020-03-09T21:00:00.0,bus-3-bus-4-i_6,-97.89059085209648
2020-03-09T22:00:00.0,bus-3-bus-4-i_6,-91.30859808477227
2020-03-09T23:00:00.0,bus-3-bus-4-i_6,-85.93998885854717
2020-03-10T00:00:00.0,bus-3-bus-4-i_6,-82.90697724811257
2020-03-10T01:00:00.0,bus-3-bus-4-i_6,-81.42083919365523
2020-03-10T02:00:00.0,bus-3-bus-4-i_6,-80.54130091774412
2020-03-10T03:00:00.0,bus-3-bus-4-i_6,-80.7536023652064
2020-03-10T04:00:00.0,bus-3-bus-4-i_6,-81.63314549214888
2020-03-10T05:00:00.0,bus-3-bus-4-i_6,-85.21205566985218
2020-03-10T06:00:00.0,bus-3-bus-4-i_6,-87.12288628470324
2020-03-10T07:00:00.0,bus-3-bus-4-i_6,-88.9730731128673
2020-03-10T08:00:00.0,bus-3-bus-4-i_6,-90.51997015284275
2020-03-10T09:00:00.0,bus-3-bus-4-i_6,-91.70289884996346
2020-03-10T10:00:00.0,bus-3-bus-4-i_6,-91.42992439749429
2020-03-10T11:00:00.0,bus-3-bus-4-i_6,-91.3389201820467
2020-03-10T12:00:00.0,bus-3-bus-4-i_6,-91.09626791728537
2020-03-10T13:00:00.0,bus-3-bus-4-i_6,-90.76262175303481
2020-03-10T14:00:00.0,bus-3-bus-4-i_6,-89.91334248239941
2020-03-10T15:00:00.0,bus-3-bus-4-i_6,-89.33704763926598
2020-03-10T16:00:00.0,bus-3-bus-4-i_6,-89.94367370893639
2020-03-10T17:00:00.0,bus-3-bus-4-i_6,-96.64697111599916
2020-03-10T18:00:00.0,bus-3-bus-4-i_6,-109.08269819344343
2020-03-10T19:00:00.0,bus-3-bus-4-i_6,-108.77940308780774
2020-03-10T20:00:00.0,bus-3-bus-4-i_6,-105.89801479733329
2020-03-10T21:00:00.0,bus-3-bus-4-i_6,-99.83181861785155
2020-03-10T22:00:00.0,bus-3-bus-4-i_6,-92.91616416980264
2020-03-10T23:00:00.0,bus-3-bus-4-i_6,-87.244211121034
2020-03-11T00:00:00.0,bus-3-bus-4-i_6,-84.33248005247466
2020-03-11T01:00:00.0,bus-3-bus-4-i_6,-82.75532839173093
2020-03-11T02:00:00.0,bus-3-bus-4-i_6,-81.93643513653537
2020-03-11T03:00:00.0,bus-3-bus-4-i_6,-82.08808161939452
2020-03-11T04:00:00.0,bus-3-bus-4-i_6,-83.69555053767176
2020-03-11T05:00:00.0,bus-3-bus-4-i_6,-88.27545732870176
2020-03-11T06:00:00.0,bus-3-bus-4-i_6,-90.4896387519501
2020-03-11T07:00:00.0,bus-3-bus-4-i_6,-91.12659954428538
2020-03-11T08:00:00.0,bus-3-bus-4-i_6,-92.4612000756188
2020-03-11T09:00:00.0,bus-3-bus-4-i_6,-93.4318172937848
2020-03-11T10:00:00.0,bus-3-bus-4-i_6,-92.91616416980264
2020-03-11T11:00:00.0,bus-3-bus-4-i_6,-91.91523011013115
2020-03-11T12:00:00.0,bus-3-bus-4-i_6,-91.55124104831688
2020-03-11T13:00:00.0,bus-3-bus-4-i_6,-90.58063301905375
2020-03-11T14:00:00.0,bus-3-bus-4-i_6,-89.42804870265275
2020-03-11T15:00:00.0,bus-3-bus-4-i_6,-89.09439790361905
2020-03-11T16:00:00.0,bus-3-bus-4-i_6,-89.57970530218785
2020-03-11T17:00:00.0,bus-3-bus-4-i_6,-95.82802803619748
2020-03-11T18:00:00.0,bus-3-bus-4-i_6,-109.08269819344343
2020-03-11T19:00:00.0,bus-3-bus-4-i_6,-109.32529500738386
2020-03-11T20:00:00.0,bus-3-bus-4-i_6,-106.29234151444021
2020-03-11T21:00:00.0,bus-3-bus-4-i_6,-100.34745758059928
2020-03-11T22:00:00.0,bus-3-bus-4-i_6,-93.3104762980516
2020-03-11T23:00:00.0,bus-3-bus-4-i_6,-87.36552863255326
2020-03-12T00:00:00.0,bus-3-bus-4-i_6,-84.30214995230627
2020-03-12T01:00:00.0,bus-3-bus-4-i_6,-83.02829582464454
2020-03-12T02:00:00.0,bus-3-bus-4-i_6,-82.20939734230792
2020-03-12T03:00:00.0,bus-3-bus-4-i_6,-82.3003872504358
2020-03-12T04:00:00.0,bus-3-bus-4-i_6,-83.81687089375245
2020-03-12T05:00:00.0,bus-3-bus-4-i_6,-88.6697616687949
2020-03-12T06:00:00.0,bus-3-bus-4-i_6,-91.30859808477227
2020-03-12T07:00:00.0,bus-3-bus-4-i_6,-91.85455678936822
2020-03-12T08:00:00.0,bus-3-bus-4-i_6,-93.03749097817477
2020-03-12T09:00:00.0,bus-3-bus-4-i_6,-93.34081977509285
2020-03-12T10:00:00.0,bus-3-bus-4-i_6,-91.79390259935136
2020-03-12T11:00:00.0,bus-3-bus-4-i_6,-91.58157255282838
2020-03-12T12:00:00.0,bus-3-bus-4-i_6,-91.58157270506399
2020-03-12T13:00:00.0,bus-3-bus-4-i_6,-90.76262175303481
2020-03-12T14:00:00.0,bus-3-bus-4-i_6,-90.45930726242091
2020-03-12T15:00:00.0,bus-3-bus-4-i_6,-89.33704763926598
2020-03-12T16:00:00.0,bus-3-bus-4-i_6,-89.57970530218785
2020-03-12T17:00:00.0,bus-3-bus-4-i_6,-96.13134630245996
2020-03-12T18:00:00.0,bus-3-bus-4-i_6,-109.38599281937032
2020-03-12T19:00:00.0,bus-3-bus-4-i_6,-109.50731087673087
2020-03-12T20:00:00.0,bus-3-bus-4-i_6,-106.23168135746064
2020-03-12T21:00:00.0,bus-3-bus-4-i_6,-100.95408801528896
2020-03-12T22:00:00.0,bus-3-bus-4-i_6,-94.40241899678381
2020-03-12T23:00:00.0,bus-3-bus-4-i_6,-88.5787743572636
2020-03-13T00:00:00.0,bus-3-bus-4-i_6,-85.2423860792115
2020-03-13T01:00:00.0,bus-3-bus-4-i_6,-83.33159286600572
2020-03-13T02:00:00.0,bus-3-bus-4-i_6,-82.6643396433378
2020-03-13T03:00:00.0,bus-3-bus-4-i_6,-82.99796615522274
2020-03-13T04:00:00.0,bus-3-bus-4-i_6,-84.69644144223531
2020-03-13T05:00:00.0,bus-3-bus-4-i_6,-89.48870398329095
2020-03-13T06:00:00.0,bus-3-bus-4-i_6,-92.4612000756188
2020-03-13T07:00:00.0,bus-3-bus-4-i_6,-93.73513260448654
2020-03-13T08:00:00.0,bus-3-bus-4-i_6,-95.03940047744521
2020-03-13T09:00:00.0,bus-3-bus-4-i_6,-93.03749097817477
2020-03-13T10:00:00.0,bus-3-bus-4-i_6,-95.13038176699685
2020-03-13T11:00:00.0,bus-3-bus-4-i_6,-94.37210019376154
2020-03-13T12:00:00.0,bus-3-bus-4-i_6,-92.58252686057486
2020-03-13T13:00:00.0,bus-3-bus-4-i_6,-91.30859808477227
2020-03-13T14:00:00.0,bus-3-bus-4-i_6,-90.64129594453634
2020-03-13T15:00:00.0,bus-3-bus-4-i_6,-90.12566991469768
2020-03-13T16:00:00.0,bus-3-bus-4-i_6,-93.00715926428296
2020-03-13T17:00:00.0,bus-3-bus-4-i_6,-101.65168668230382
2020-03-13T18:00:00.0,bus-3-bus-4-i_6,-112.99511003003207
2020-03-13T19:00:00.0,bus-3-bus-4-i_6,-112.4795328462401
2020-03-13T20:00:00.0,bus-3-bus-4-i_6,-109.99258003149792
2020-03-13T21:00:00.0,bus-3-bus-4-i_6,-106.92927878954947
2020-03-13T22:00:00.0,bus-3-bus-4-i_6,-101.28771019229173
2020-03-13T23:00:00.0,bus-3-bus-4-i_6,-95.31238693998259
2020-03-14T00:00:00.0,bus-3-bus-4-i_6,-91.00528229133946
2020-03-14T01:00:00.0,bus-3-bus-4-i_6,-88.76075494340446
2020-03-14T02:00:00.0,bus-3-bus-4-i_6,-86.8195782754965
2020-03-14T03:00:00.0,bus-3-bus-4-i_6,-86.2432914152718
2020-03-14T04:00:00.0,bus-3-bus-4-i_6,-86.91057101553218
2020-03-14T05:00:00.0,bus-3-bus-4-i_6,-88.91241736860609
2020-03-14T06:00:00.0,bus-3-bus-4-i_6,-88.82141725628026
2020-03-14T07:00:00.0,bus-3-bus-4-i_6,-89.70102317152738
2020-03-14T08:00:00.0,bus-3-bus-4-i_6,-91.03561416004595
2020-03-14T09:00:00.0,bus-3-bus-4-i_6,-93.00715926428296
2020-03-14T10:00:00.0,bus-3-bus-4-i_6,-92.40052597004016
2020-03-14T11:00:00.0,bus-3-bus-4-i_6,-91.24792558691327
2020-03-14T12:00:00.0,bus-3-bus-4-i_6,-90.18632471684543
2020-03-14T13:00:00.0,bus-3-bus-4-i_6,-89.7313542807399
2020-03-14T14:00:00.0,bus-3-bus-4-i_6,-87.63851158665514
2020-03-14T15:00:00.0,bus-3-bus-4-i_6,-88.27545732870176
2020-03-14T16:00:00.0,bus-3-bus-4-i_6,-90.76262175303481
2020-03-14T17:00:00.0,bus-3-bus-4-i_6,-97.5265922096567
2020-03-14T18:00:00.0,bus-3-bus-4-i_6,-109.87124025533379
2020-03-14T19:00:00.0,bus-3-bus-4-i_6,-109.99258003149792
2020-03-14T20:00:00.0,bus-3-bus-4-i_6,-107.77852022428469
2020-03-14T21:00:00.0,bus-3-bus-4-i_6,-103.50191480245358
2020-03-14T22:00:00.0,bus-3-bus-4-i_6,-98.89153914652482
2020-03-14T23:00:00.0,bus-3-bus-4-i_6,-93.34081977509285
2020-03-15T00:00:00.0,bus-3-bus-4-i_6,-89.33704763926598
2020-03-15T01:00:00.0,bus-3-bus-4-i_6,-87.48685215835069
2020-03-15T02:00:00.0,bus-3-bus-4-i_6,-86.2432914152718
2020-03-15T03:00:00.0,bus-3-bus-4-i_6,-85.97032503966832
2020-03-15T04:00:00.0,bus-3-bus-4-i_6,-86.60726296068316
2020-03-15T05:00:00.0,bus-3-bus-4-i_6,-87.66883741245132
2020-03-15T06:00:00.0,bus-3-bus-4-i_6,-86.21296082468233
2020-03-15T07:00:00.0,bus-3-bus-4-i_6,-86.5769322377432
2020-03-15T08:00:00.0,bus-3-bus-4-i_6,-87.63851158665514
2020-03-15T09:00:00.0,bus-3-bus-4-i_6,-87.69917354933186
2020-03-15T10:00:00.0,bus-3-bus-4-i_6,-87.57784969667438
2020-03-15T11:00:00.0,bus-3-bus-4-i_6,-86.60726296068316
2020-03-15T12:00:00.0,bus-3-bus-4-i_6,-85.87933333414381
2020-03-15T13:00:00.0,bus-3-bus-4-i_6,-84.81776380684916
2020-03-15T14:00:00.0,bus-3-bus-4-i_6,-84.05951021482392
2020-03-15T15:00:00.0,bus-3-bus-4-i_6,-83.99884993482148
2020-03-15T16:00:00.0,bus-3-bus-4-i_6,-85.2423860792115
2020-03-15T17:00:00.0,bus-3-bus-4-i_6,-92.24886766874515
2020-03-15T18:00:00.0,bus-3-bus-4-i_6,-104.56349747571912
2020-03-15T19:00:00.0,bus-3-bus-4-i_6,-106.29234151444021
2020-03-15T20:00:00.0,bus-3-bus-4-i_6,-104.0478446352732
2020-03-15T21:00:00.0,bus-3-bus-4-i_6,-100.13511481882593
2020-03-15T22:00:00.0,bus-3-bus-4-i_6,-95.13038176699685
2020-03-15T23:00:00.0,bus-3-bus-4-i_6,-89.54936655066922
2020-03-16T00:00:00.0,bus-3-bus-4-i_6,-86.54660117073487
2020-03-16T01:00:00.0,bus-3-bus-4-i_6,-84.99974547660788
2020-03-16T02:00:00.0,bus-3-bus-4-i_6,-84.39314011054337
2020-03-16T03:00:00.0,bus-3-bus-4-i_6,-85.06040610226573
2020-03-16T04:00:00.0,bus-3-bus-4-i_6,-87.66883741245132
2020-03-16T05:00:00.0,bus-3-bus-4-i_6,-93.0981544728167
2020-03-16T06:00:00.0,bus-3-bus-4-i_6,-94.9787364801249
2020-03-16T07:00:00.0,bus-3-bus-4-i_6,-94.88774100628538
2020-03-16T08:00:00.0,bus-3-bus-4-i_6,-94.82706372477499
2020-03-16T09:00:00.0,bus-3-bus-4-i_6,-94.58442285623754
2020-03-16T10:00:00.0,bus-3-bus-4-i_6,-93.4318172937848
2020-03-16T11:00:00.0,bus-3-bus-4-i_6,-92.12755166477069
2020-03-16T12:00:00.0,bus-3-bus-4-i_6,-91.30859808477227
2020-03-16T13:00:00.0,bus-3-bus-4-i_6,-90.51997015284275
2020-03-16T14:00:00.0,bus-3-bus-4-i_6,-89.39771014929737
2020-03-16T15:00:00.0,bus-3-bus-4-i_6,-88.15413329410683
2020-03-16T16:00:00.0,bus-3-bus-4-i_6,-89.2460541153377
2020-03-16T17:00:00.0,bus-3-bus-4-i_6,-94.94840465529128
2020-03-16T18:00:00.0,bus-3-bus-4-i_6,-110.78113454790312
2020-03-16T19:00:00.0,bus-3-bus-4-i_6,-111.20573703628109
2020-03-16T20:00:00.0,bus-3-bus-4-i_6,-108.96138005694044
2020-03-16T21:00:00.0,bus-3-bus-4-i_6,-103.1379155745185
2020-03-16T22:00:00.0,bus-3-bus-4-i_6,-96.19199434792152
2020-03-16T23:00:00.0,bus-3-bus-4-i_6,-90.09533814922968
2020-03-17T00:00:00.0,bus-3-bus-4-i_6,-86.8195782754965
2020-03-17T01:00:00.0,bus-3-bus-4-i_6,-85.57602784756637
2020-03-17T02:00:00.0,bus-3-bus-4-i_6,-85.18172547173164
2020-03-17T03:00:00.0,bus-3-bus-4-i_6,-85.87933333414381
2020-03-17T04:00:00.0,bus-3-bus-4-i_6,-88.6394304463921
2020-03-17T05:00:00.0,bus-3-bus-4-i_6,-94.58442285623754
2020-03-17T06:00:00.0,bus-3-bus-4-i_6,-96.31333729084004
2020-03-17T07:00:00.0,bus-3-bus-4-i_6,-96.19199434792152
2020-03-17T08:00:00.0,bus-3-bus-4-i_6,-95.85836037309986
2020-03-17T09:00:00.0,bus-3-bus-4-i_6,-94.76641371669041
2020-03-17T10:00:00.0,bus-3-bus-4-i_6,-92.91616416980264
2020-03-17T11:00:00.0,bus-3-bus-4-i_6,-92.33986249286711
2020-03-17T12:00:00.0,bus-3-bus-4-i_6,-91.79390259935136
2020-03-17T13:00:00.0,bus-3-bus-4-i_6,-91.03561416004595
2020-03-17T14:00:00.0,bus-3-bus-4-i_6,-90.36831304640535
2020-03-17T15:00:00.0,bus-3-bus-4-i_6,-89.57970530218785
2020-03-17T16:00:00.0,bus-3-bus-4-i_6,-89.91334248239941
2020-03-17T17:00:00.0,bus-3-bus-4-i_6,-94.73608187643869
2020-03-17T18:00:00.0,bus-3-bus-4-i_6,-108.77940308780774
2020-03-17T19:00:00.0,bus-3-bus-4-i_6,-109.44665196373808
2020-03-17T20:00:00.0,bus-3-bus-4-i_6,-105.95867563986513
2020-03-17T21:00:00.0,bus-3-bus-4-i_6,-99.74082374910279
2020-03-17T22:00:00.0,bus-3-bus-4-i_6,-92.91616416980264
2020-03-17T23:00:00.0,bus-3-bus-4-i_6,-87.15321856236721
2020-03-18T00:00:00.0,bus-3-bus-4-i_6,-83.87752995142729
2020-03-18T01:00:00.0,bus-3-bus-4-i_6,-82.3610443492056
2020-03-18T02:00:00.0,bus-3-bus-4-i_6,-81.90610382030421
2020-03-18T03:00:00.0,bus-3-bus-4-i_6,-82.11841111555009
2020-03-18T04:00:00.0,bus-3-bus-4-i_6,-83.5439013148108
2020-03-18T05:00:00.0,bus-3-bus-4-i_6,-87.91148517661055
2020-03-18T06:00:00.0,bus-3-bus-4-i_6,-89.64036052990309
2020-03-18T07:00:00.0,bus-3-bus-4-i_6,-90.24698744858003
2020-03-18T08:00:00.0,bus-3-bus-4-i_6,-91.21759412253057
2020-03-18T09:00:00.0,bus-3-bus-4-i_6,-90.9749420652546
2020-03-18T10:00:00.0,bus-3-bus-4-i_6,-90.36831304640535
2020-03-18T11:00:00.0,bus-3-bus-4-i_6,-90.4896387519501
2020-03-18T12:00:00.0,bus-3-bus-4-i_6,-90.45930726242091
2020-03-18T13:00:00.0,bus-3-bus-4-i_6,-90.24698744858003
2020-03-18T14:00:00.0,bus-3-bus-4-i_6,-89.36737893923944
2020-03-18T15:00:00.0,bus-3-bus-4-i_6,-88.60909937152836
2020-03-18T16:00:00.0,bus-3-bus-4-i_6,-89.09439790361905
2020-03-18T17:00:00.0,bus-3-bus-4-i_6,-92.91616416980264
2020-03-18T18:00:00.0,bus-3-bus-4-i_6,-106.62597637263332
2020-03-18T19:00:00.0,bus-3-bus-4-i_6,-107.56621036567167
2020-03-18T20:00:00.0,bus-3-bus-4-i_6,-104.0478446352732
2020-03-18T21:00:00.0,bus-3-bus-4-i_6,-99.52848345147474
2020-03-18T22:00:00.0,bus-3-bus-4-i_6,-92.61285848398661
2020-03-18T23:00:00.0,bus-3-bus-4-i_6,-87.12288628470324
2020-03-19T00:00:00.0,bus-3-bus-4-i_6,-84.36281013408552
2020-03-19T01:00:00.0,bus-3-bus-4-i_6,-76.38638951170482
2020-03-19T02:00:00.0,bus-3-bus-4-i_6,-76.2650823237019
2020-03-19T03:00:00.0,bus-3-bus-4-i_6,-76.41671628653485
2020-03-19T04:00:00.0,bus-3-bus-4-i_6,-77.0839023677198
2020-03-19T05:00:00.0,bus-3-bus-4-i_6,-77.96340513752685
2020-03-19T06:00:00.0,bus-3-bus-4-i_6,-91.12659954428538
2020-03-19T07:00:00.0,bus-3-bus-4-i_6,-92.27919940842774
2020-03-19T08:00:00.0,bus-3-bus-4-i_6,-93.21949300255228
2020-03-19T09:00:00.0,bus-3-bus-4-i_6,-93.00715926428296
2020-03-19T10:00:00.0,bus-3-bus-4-i_6,-91.79390259935136
2020-03-19T11:00:00.0,bus-3-bus-4-i_6,-91.67256731421514
2020-03-19T12:00:00.0,bus-3-bus-4-i_6,-91.03561416004595
2020-03-19T13:00:00.0,bus-3-bus-4-i_6,-91.00528229133946
2020-03-19T14:00:00.0,bus-3-bus-4-i_6,-90.24698744858003
2020-03-19T15:00:00.0,bus-3-bus-4-i_6,-89.7313542807399
2020-03-19T16:00:00.0,bus-3-bus-4-i_6,-89.97400499917578
2020-03-19T17:00:00.0,bus-3-bus-4-i_6,-94.49341431650467
2020-03-19T18:00:00.0,bus-3-bus-4-i_6,-107.50551521439229
2020-03-19T19:00:00.0,bus-3-bus-4-i_6,-107.32357069469955
2020-03-19T20:00:00.0,bus-3-bus-4-i_6,-104.10850624421764
2020-03-19T21:00:00.0,bus-3-bus-4-i_6,-97.79959635461175
2020-03-19T22:00:00.0,bus-3-bus-4-i_6,-91.21759412253057
2020-03-19T23:00:00.0,bus-3-bus-4-i_6,-85.97032503966832
2020-03-20T00:00:00.0,bus-3-bus-4-i_6,-82.90697724811257
2020-03-20T01:00:00.0,bus-3-bus-4-i_6,-81.48149727418526
2020-03-20T02:00:00.0,bus-3-bus-4-i_6,-80.84458878665485
2020-03-20T03:00:00.0,bus-3-bus-4-i_6,-80.78393117626294
2020-03-20T04:00:00.0,bus-3-bus-4-i_6,-81.72413060622866
2020-03-20T05:00:00.0,bus-3-bus-4-i_6,-85.21205566985218
2020-03-20T06:00:00.0,bus-3-bus-4-i_6,-85.84900277619178
2020-03-20T07:00:00.0,bus-3-bus-4-i_6,-87.79016126106116
2020-03-20T08:00:00.0,bus-3-bus-4-i_6,-89.8223483728984
2020-03-20T09:00:00.0,bus-3-bus-4-i_6,-91.46025597167286
2020-03-20T10:00:00.0,bus-3-bus-4-i_6,-91.70289884996346
2020-03-20T11:00:00.0,bus-3-bus-4-i_6,-91.67256731421514
2020-03-20T12:00:00.0,bus-3-bus-4-i_6,-91.73323045505029
2020-03-20T13:00:00.0,bus-3-bus-4-i_6,-90.82329591694966
2020-03-20T14:00:00.0,bus-3-bus-4-i_6,-89.57970530218785
2020-03-20T15:00:00.0,bus-3-bus-4-i_6,-88.76075494340446
2020-03-20T16:00:00.0,bus-3-bus-4-i_6,-88.79108619787831
2020-03-20T17:00:00.0,bus-3-bus-4-i_6,-92.91616416980264
2020-03-20T18:00:00.0,bus-3-bus-4-i_6,-103.89619016457672
2020-03-20T19:00:00.0,bus-3-bus-4-i_6,-104.22982972402579
2020-03-20T20:00:00.0,bus-3-bus-4-i_6,-102.16734308606905
2020-03-20T21:00:00.0,bus-3-bus-4-i_6,-97.95123661612207
2020-03-20T22:00:00.0,bus-3-bus-4-i_6,-92.70384244466877
2020-03-20T23:00:00.0,bus-3-bus-4-i_6,-87.79016126106116
2020-03-21T00:00:00.0,bus-3-bus-4-i_6,-84.30214995230627
2020-03-21T01:00:00.0,bus-3-bus-4-i_6,-82.48236243679247
2020-03-21T02:00:00.0,bus-3-bus-4-i_6,-81.63314549214888
2020-03-21T03:00:00.0,bus-3-bus-4-i_6,-81.39050739044191
2020-03-21T04:00:00.0,bus-3-bus-4-i_6,-81.78479172718247
2020-03-21T05:00:00.0,bus-3-bus-4-i_6,-82.93730616872823
2020-03-21T06:00:00.0,bus-3-bus-4-i_6,-80.51096827667266
2020-03-21T07:00:00.0,bus-3-bus-4-i_6,-81.08722001102531
2020-03-21T08:00:00.0,bus-3-bus-4-i_6,-82.84631814221889
2020-03-21T09:00:00.0,bus-3-bus-4-i_6,-84.75710184023517
2020-03-21T10:00:00.0,bus-3-bus-4-i_6,-85.636683659861
2020-03-21T11:00:00.0,bus-3-bus-4-i_6,-85.84900277619178
2020-03-21T12:00:00.0,bus-3-bus-4-i_6,-85.21205566985218
2020-03-21T13:00:00.0,bus-3-bus-4-i_6,-84.84809247841432
2020-03-21T14:00:00.0,bus-3-bus-4-i_6,-83.99884993482148
2020-03-21T15:00:00.0,bus-3-bus-4-i_6,-83.66522074665393
2020-03-21T16:00:00.0,bus-3-bus-4-i_6,-84.54479196265301
2020-03-21T17:00:00.0,bus-3-bus-4-i_6,-90.3379895638798
2020-03-21T18:00:00.0,bus-3-bus-4-i_6,-101.5910239467678
2020-03-21T19:00:00.0,bus-3-bus-4-i_6,-101.86400578790251
2020-03-21T20:00:00.0,bus-3-bus-4-i_6,-100.25646293029
2020-03-21T21:00:00.0,bus-3-bus-4-i_6,-96.5256440050096
2020-03-21T22:00:00.0,bus-3-bus-4-i_6,-92.06687794112511
2020-03-21T23:00:00.0,bus-3-bus-4-i_6,-87.45652127810271
2020-03-22T00:00:00.0,bus-3-bus-4-i_6,-84.33248005247466
2020-03-22T01:00:00.0,bus-3-bus-4-i_6,-82.84631814221889
2020-03-22T02:00:00.0,bus-3-bus-4-i_6,-81.90610382030421
2020-03-22T03:00:00.0,bus-3-bus-4-i_6,-82.1487402624543
2020-03-22T04:00:00.0,bus-3-bus-4-i_6,-82.3610443492056
2020-03-22T05:00:00.0,bus-3-bus-4-i_6,-83.3922523168773
2020-03-22T06:00:00.0,bus-3-bus-4-i_6,-82.11841111555009
2020-03-22T07:00:00.0,bus-3-bus-4-i_6,-83.2406036755793
2020-03-22T08:00:00.0,bus-3-bus-4-i_6,-85.54569225715657
2020-03-22T09:00:00.0,bus-3-bus-4-i_6,-87.12288628470324
2020-03-22T10:00:00.0,bus-3-bus-4-i_6,-86.51626715123484
2020-03-22T11:00:00.0,bus-3-bus-4-i_6,-86.36461381775335
2020-03-22T12:00:00.0,bus-3-bus-4-i_6,-86.2432914152718
2020-03-22T13:00:00.0,bus-3-bus-4-i_6,-85.54569225715657
2020-03-22T14:00:00.0,bus-3-bus-4-i_6,-84.81776380684916
2020-03-22T15:00:00.0,bus-3-bus-4-i_6,-84.18082972623526
2020-03-22T16:00:00.0,bus-3-bus-4-i_6,-84.81776380684916
2020-03-22T17:00:00.0,bus-3-bus-4-i_6,-89.33704763926598
2020-03-22T18:00:00.0,bus-3-bus-4-i_6,-99.68016231828241
2020-03-22T19:00:00.0,bus-3-bus-4-i_6,-100.86309355049248
2020-03-22T20:00:00.0,bus-3-bus-4-i_6,-98.9825341868688
2020-03-22T21:00:00.0,bus-3-bus-4-i_6,-94.88774100628538
2020-03-22T22:00:00.0,bus-3-bus-4-i_6,-90.39865272071293
2020-03-22T23:00:00.0,bus-3-bus-4-i_6,-85.93998885854717
2020-03-23T00:00:00.0,bus-3-bus-4-i_6,-83.63488539019446
2020-03-23T01:00:00.0,bus-3-bus-4-i_6,-82.54302275292153
2020-03-23T02:00:00.0,bus-3-bus-4-i_6,-82.39137537405142
2020-03-23T03:00:00.0,bus-3-bus-4-i_6,-82.90697724811257
2020-03-23T04:00:00.0,bus-3-bus-4-i_6,-84.81776380684916
2020-03-23T05:00:00.0,bus-3-bus-4-i_6,-89.06407393908538
2020-03-23T06:00:00.0,bus-3-bus-4-i_6,-89.67069172911879
2020-03-23T07:00:00.0,bus-3-bus-4-i_6,-91.82422509877492
2020-03-23T08:00:00.0,bus-3-bus-4-i_6,-92.976827576202
2020-03-23T09:00:00.0,bus-3-bus-4-i_6,-92.91616416980264
2020-03-23T10:00:00.0,bus-3-bus-4-i_6,-91.36926122135533
2020-03-23T11:00:00.0,bus-3-bus-4-i_6,-90.4896387519501
2020-03-23T12:00:00.0,bus-3-bus-4-i_6,-90.06499922003943
2020-03-23T13:00:00.0,bus-3-bus-4-i_6,-89.57970530218785
2020-03-23T14:00:00.0,bus-3-bus-4-i_6,-88.60909937152836
2020-03-23T15:00:00.0,bus-3-bus-4-i_6,-87.66883741245132
2020-03-23T16:00:00.0,bus-3-bus-4-i_6,-88.6394304463921
2020-03-23T17:00:00.0,bus-3-bus-4-i_6,-94.31142382112976
2020-03-23T18:00:00.0,bus-3-bus-4-i_6,-107.08092885247606
2020-03-23T19:00:00.0,bus-3-bus-4-i_6,-108.71874333053735
2020-03-23T20:00:00.0,bus-3-bus-4-i_6,-104.50280707189317
2020-03-23T21:00:00.0,bus-3-bus-4-i_6,-98.2545728147677
2020-03-23T22:00:00.0,bus-3-bus-4-i_6,-91.30859808477227
2020-03-23T23:00:00.0,bus-3-bus-4-i_6,-85.33337700295787
2020-03-24T00:00:00.0,bus-3-bus-4-i_6,-82.60368947026899
2020-03-24T01:00:00.0,bus-3-bus-4-i_6,-81.32985198763556
2020-03-24T02:00:00.0,bus-3-bus-4-i_6,-80.69294475236592
2020-03-24T03:00:00.0,bus-3-bus-4-i_6,-80.90524658524286
2020-03-24T04:00:00.0,bus-3-bus-4-i_6,-82.08808161939452
2020-03-24T05:00:00.0,bus-3-bus-4-i_6,-86.5769322377432
2020-03-24T06:00:00.0,bus-3-bus-4-i_6,-90.85362742957004
2020-03-24T07:00:00.0,bus-3-bus-4-i_6,-91.55124104831688
2020-03-24T08:00:00.0,bus-3-bus-4-i_6,-92.91616416980264
2020-03-24T09:00:00.0,bus-3-bus-4-i_6,-93.82612825312462
2020-03-24T10:00:00.0,bus-3-bus-4-i_6,-92.33986249286711
2020-03-24T11:00:00.0,bus-3-bus-4-i_6,-92.40052597004016
2020-03-24T12:00:00.0,bus-3-bus-4-i_6,-94.31142382112976
2020-03-24T13:00:00.0,bus-3-bus-4-i_6,-93.00715926428296
2020-03-24T14:00:00.0,bus-3-bus-4-i_6,-91.73323045505029
2020-03-24T15:00:00.0,bus-3-bus-4-i_6,-89.8223483728984
2020-03-24T16:00:00.0,bus-3-bus-4-i_6,-90.64129594453634
2020-03-24T17:00:00.0,bus-3-bus-4-i_6,-94.73608187643869
2020-03-24T18:00:00.0,bus-3-bus-4-i_6,-110.65977531481172
2020-03-24T19:00:00.0,bus-3-bus-4-i_6,-112.4795328462401
2020-03-24T20:00:00.0,bus-3-bus-4-i_6,-108.77940308780774
2020-03-24T21:00:00.0,bus-3-bus-4-i_6,-101.53038494347655
2020-03-24T22:00:00.0,bus-3-bus-4-i_6,-93.4318172937848
2020-03-24T23:00:00.0,bus-3-bus-4-i_6,-87.51718306747097
2020-03-25T00:00:00.0,bus-3-bus-4-i_6,-84.5144606609167
2020-03-25T01:00:00.0,bus-3-bus-4-i_6,-83.5135714855735
2020-03-25T02:00:00.0,bus-3-bus-4-i_6,-83.11928486407213
2020-03-25T03:00:00.0,bus-3-bus-4-i_6,-83.60456114144094
2020-03-25T04:00:00.0,bus-3-bus-4-i_6,-85.69734196171233
2020-03-25T05:00:00.0,bus-3-bus-4-i_6,-89.94367370893639
2020-03-25T06:00:00.0,bus-3-bus-4-i_6,-91.73323045505029
2020-03-25T07:00:00.0,bus-3-bus-4-i_6,-91.61191420476185
2020-03-25T08:00:00.0,bus-3-bus-4-i_6,-91.21759412253057
2020-03-25T09:00:00.0,bus-3-bus-4-i_6,-90.76262175303481
2020-03-25T10:00:00.0,bus-3-bus-4-i_6,-90.09533814922968
2020-03-25T11:00:00.0,bus-3-bus-4-i_6,-89.36737893923944
2020-03-25T12:00:00.0,bus-3-bus-4-i_6,-88.9730731128673
2020-03-25T13:00:00.0,bus-3-bus-4-i_6,-88.6697616687949
2020-03-25T14:00:00.0,bus-3-bus-4-i_6,-87.72949940333382
2020-03-25T15:00:00.0,bus-3-bus-4-i_6,-86.7892471239009
2020-03-25T16:00:00.0,bus-3-bus-4-i_6,-87.09255106279163
2020-03-25T17:00:00.0,bus-3-bus-4-i_6,-90.45930726242091
2020-03-25T18:00:00.0,bus-3-bus-4-i_6,-102.47065528698869
2020-03-25T19:00:00.0,bus-3-bus-4-i_6,-103.68387361402598
2020-03-25T20:00:00.0,bus-3-bus-4-i_6,-100.92373351751864
2020-03-25T21:00:00.0,bus-3-bus-4-i_6,-95.40336774463157
2020-03-25T22:00:00.0,bus-3-bus-4-i_6,-88.48777484923286
2020-03-25T23:00:00.0,bus-3-bus-4-i_6,-83.36192271290595
2020-03-26T00:00:00.0,bus-3-bus-4-i_6,-81.26919398654022
2020-03-26T01:00:00.0,bus-3-bus-4-i_6,-80.29867153611849
2020-03-26T02:00:00.0,bus-3-bus-4-i_6,-79.81341003366724
2020-03-26T03:00:00.0,bus-3-bus-4-i_6,-79.96505592529317
2020-03-26T04:00:00.0,bus-3-bus-4-i_6,-81.48149727418526
2020-03-26T05:00:00.0,bus-3-bus-4-i_6,-84.75710184023517
2020-03-26T06:00:00.0,bus-3-bus-4-i_6,-86.51626715123484
2020-03-26T07:00:00.0,bus-3-bus-4-i_6,-87.5475138778758
2020-03-26T08:00:00.0,bus-3-bus-4-i_6,-88.03280924986872
2020-03-26T09:00:00.0,bus-3-bus-4-i_6,-88.9730731128673
2020-03-26T10:00:00.0,bus-3-bus-4-i_6,-89.36737893923944
2020-03-26T11:00:00.0,bus-3-bus-4-i_6,-89.70102317152738
2020-03-26T12:00:00.0,bus-3-bus-4-i_6,-89.91334248239941
2020-03-26T13:00:00.0,bus-3-bus-4-i_6,-89.67069172911879
2020-03-26T14:00:00.0,bus-3-bus-4-i_6,-89.09439790361905
2020-03-26T15:00:00.0,bus-3-bus-4-i_6,-88.3967875519382
2020-03-26T16:00:00.0,bus-3-bus-4-i_6,-88.42711273651219
2020-03-26T17:00:00.0,bus-3-bus-4-i_6,-91.24792558691327
2020-03-26T18:00:00.0,bus-3-bus-4-i_6,-102.86496198166918
2020-03-26T19:00:00.0,bus-3-bus-4-i_6,-103.9871830041391
2020-03-26T20:00:00.0,bus-3-bus-4-i_6,-100.86309355049248
2020-03-26T21:00:00.0,bus-3-bus-4-i_6,-94.58442285623754
2020-03-26T22:00:00.0,bus-3-bus-4-i_6,-87.63851158665514
2020-03-26T23:00:00.0,bus-3-bus-4-i_6,-82.8766468707392
2020-03-27T00:00:00.0,bus-3-bus-4-i_6,-80.38965332304211
2020-03-27T01:00:00.0,bus-3-bus-4-i_6,-79.35848435648066
2020-03-27T02:00:00.0,bus-3-bus-4-i_6,-78.90356162947666
2020-03-27T03:00:00.0,bus-3-bus-4-i_6,-78.87323355862037
2020-03-27T04:00:00.0,bus-3-bus-4-i_6,-80.05604162832904
2020-03-27T05:00:00.0,bus-3-bus-4-i_6,-82.39137537405142
2020-03-27T06:00:00.0,bus-3-bus-4-i_6,-83.5135714855735
2020-03-27T07:00:00.0,bus-3-bus-4-i_6,-85.42437050148122
2020-03-27T08:00:00.0,bus-3-bus-4-i_6,-87.00155872233543
2020-03-27T09:00:00.0,bus-3-bus-4-i_6,-88.48777484923286
2020-03-27T10:00:00.0,bus-3-bus-4-i_6,-89.33704763926598
2020-03-27T11:00:00.0,bus-3-bus-4-i_6,-89.94367370893639
2020-03-27T12:00:00.0,bus-3-bus-4-i_6,-90.61096434965464
2020-03-27T13:00:00.0,bus-3-bus-4-i_6,-90.70195888013069
2020-03-27T14:00:00.0,bus-3-bus-4-i_6,-90.82329591694966
2020-03-27T15:00:00.0,bus-3-bus-4-i_6,-89.85267970204356
2020-03-27T16:00:00.0,bus-3-bus-4-i_6,-89.51904229416687
2020-03-27T17:00:00.0,bus-3-bus-4-i_6,-92.37019419869458
2020-03-27T18:00:00.0,bus-3-bus-4-i_6,-102.71328003528788
2020-03-27T19:00:00.0,bus-3-bus-4-i_6,-102.31897465340356
2020-03-27T20:00:00.0,bus-3-bus-4-i_6,-99.34649370676405
2020-03-27T21:00:00.0,bus-3-bus-4-i_6,-94.19009674558161
2020-03-27T22:00:00.0,bus-3-bus-4-i_6,-89.2763852091215
2020-03-27T23:00:00.0,bus-3-bus-4-i_6,-84.66611133702308
2020-03-28T00:00:00.0,bus-3-bus-4-i_6,-81.39050739044191
2020-03-28T01:00:00.0,bus-3-bus-4-i_6,-79.90439551050845
2020-03-28T02:00:00.0,bus-3-bus-4-i_6,-79.2371770204368
2020-03-28T03:00:00.0,bus-3-bus-4-i_6,-78.96421782511659
2020-03-28T04:00:00.0,bus-3-bus-4-i_6,-79.29782782198127
2020-03-28T05:00:00.0,bus-3-bus-4-i_6,-79.5101259250801
2020-03-28T06:00:00.0,bus-3-bus-4-i_6,-78.69126539078385
2020-03-28T07:00:00.0,bus-3-bus-4-i_6,-79.81341003366724
2020-03-28T08:00:00.0,bus-3-bus-4-i_6,-81.96676243542407
2020-03-28T09:00:00.0,bus-3-bus-4-i_6,-84.84809247841432
2020-03-28T10:00:00.0,bus-3-bus-4-i_6,-85.45469838072816
2020-03-28T11:00:00.0,bus-3-bus-4-i_6,-85.78833615945263
2020-03-28T12:00:00.0,bus-3-bus-4-i_6,-86.5769322377432
2020-03-28T13:00:00.0,bus-3-bus-4-i_6,-86.30396147220372
2020-03-28T14:00:00.0,bus-3-bus-4-i_6,-85.69734196171233
2020-03-28T15:00:00.0,bus-3-bus-4-i_6,-85.87933333414381
2020-03-28T16:00:00.0,bus-3-bus-4-i_6,-86.54660117073487
2020-03-28T17:00:00.0,bus-3-bus-4-i_6,-89.57970530218785
2020-03-28T18:00:00.0,bus-3-bus-4-i_6,-100.13511481882593
2020-03-28T19:00:00.0,bus-3-bus-4-i_6,-100.34745758059928
2020-03-28T20:00:00.0,bus-3-bus-4-i_6,-97.3142699689894
2020-03-28T21:00:00.0,bus-3-bus-4-i_6,-93.03749097817477
2020-03-28T22:00:00.0,bus-3-bus-4-i_6,-89.33704763926598
2020-03-28T23:00:00.0,bus-3-bus-4-i_6,-84.93908488525818
2020-03-29T00:00:00.0,bus-3-bus-4-i_6,-81.78479172718247
2020-03-29T01:00:00.0,bus-3-bus-4-i_6,-80.17735699660751
2020-03-29T02:00:00.0,bus-3-bus-4-i_6,-79.29782782198127
2020-03-29T03:00:00.0,bus-3-bus-4-i_6,-78.78224941365168
2020-03-29T04:00:00.0,bus-3-bus-4-i_6,-79.1158643569328
2020-03-29T05:00:00.0,bus-3-bus-4-i_6,-78.84290549453301
2020-03-29T06:00:00.0,bus-3-bus-4-i_6,-77.84209484328768
2020-03-29T07:00:00.0,bus-3-bus-4-i_6,-79.17651491112501
2020-03-29T08:00:00.0,bus-3-bus-4-i_6,-81.32985198763556
2020-03-29T09:00:00.0,bus-3-bus-4-i_6,-83.5135714855735
2020-03-29T10:00:00.0,bus-3-bus-4-i_6,-83.90786039989449
2020-03-29T11:00:00.0,bus-3-bus-4-i_6,-84.66611133702308
2020-03-29T12:00:00.0,bus-3-bus-4-i_6,-84.81776380684916
2020-03-29T13:00:00.0,bus-3-bus-4-i_6,-84.90875460260922
2020-03-29T14:00:00.0,bus-3-bus-4-i_6,-84.99974547660788
2020-03-29T15:00:00.0,bus-3-bus-4-i_6,-85.09073455055724
2020-03-29T16:00:00.0,bus-3-bus-4-i_6,-85.42437050148122
2020-03-29T17:00:00.0,bus-3-bus-4-i_6,-87.75983550582626
2020-03-29T18:00:00.0,bus-3-bus-4-i_6,-98.2545728147677
2020-03-29T19:00:00.0,bus-3-bus-4-i_6,-98.89153914652482
2020-03-29T20:00:00.0,bus-3-bus-4-i_6,-96.373985018596
2020-03-29T21:00:00.0,bus-3-bus-4-i_6,-92.06687794112511
2020-03-29T22:00:00.0,bus-3-bus-4-i_6,-87.69917354933186
2020-03-29T23:00:00.0,bus-3-bus-4-i_6,-83.30126281868297
2020-03-30T00:00:00.0,bus-3-bus-4-i_6,-80.78393117626294
2020-03-30T01:00:00.0,bus-3-bus-4-i_6,-79.81341003366724
2020-03-30T02:00:00.0,bus-3-bus-4-i_6,-79.4494692608261
2020-03-30T03:00:00.0,bus-3-bus-4-i_6,-79.54045427382317
2020-03-30T04:00:00.0,bus-3-bus-4-i_6,-80.66261593331011
2020-03-30T05:00:00.0,bus-3-bus-4-i_6,-82.93730616872823
2020-03-30T06:00:00.0,bus-3-bus-4-i_6,-83.5135714855735
2020-03-30T07:00:00.0,bus-3-bus-4-i_6,-85.87933333414381
2020-03-30T08:00:00.0,bus-3-bus-4-i_6,-88.6394304463921
2020-03-30T09:00:00.0,bus-3-bus-4-i_6,-90.64129594453634
2020-03-30T10:00:00.0,bus-3-bus-4-i_6,-91.42992439749429
2020-03-30T11:00:00.0,bus-3-bus-4-i_6,-92.70384244466877
2020-03-30T12:00:00.0,bus-3-bus-4-i_6,-93.64412531284265
2020-03-30T13:00:00.0,bus-3-bus-4-i_6,-93.79578405824296
2020-03-30T14:00:00.0,bus-3-bus-4-i_6,-93.12848601951646
2020-03-30T15:00:00.0,bus-3-bus-4-i_6,-92.61285848398661
2020-03-30T16:00:00.0,bus-3-bus-4-i_6,-92.55219508372423
2020-03-30T17:00:00.0,bus-3-bus-4-i_6,-95.67635389884441
2020-03-30T18:00:00.0,bus-3-bus-4-i_6,-107.71782480678824
2020-03-30T19:00:00.0,bus-3-bus-4-i_6,-108.14247805854222
2020-03-30T20:00:00.0,bus-3-bus-4-i_6,-104.22982972402579
2020-03-30T21:00:00.0,bus-3-bus-4-i_6,-97.46592882415199
2020-03-30T22:00:00.0,bus-3-bus-4-i_6,-90.9749420652546
2020-03-30T23:00:00.0,bus-3-bus-4-i_6,-84.90875460260922
2020-03-31T00:00:00.0,bus-3-bus-4-i_6,-81.69380132794669
2020-03-31T01:00:00.0,bus-3-bus-4-i_6,-80.23801420986503
2020-03-31T02:00:00.0,bus-3-bus-4-i_6,-79.5707826422738
2020-03-31T03:00:00.0,bus-3-bus-4-i_6,-79.41914094434152
2020-03-31T04:00:00.0,bus-3-bus-4-i_6,-80.29867153611849
2020-03-31T05:00:00.0,bus-3-bus-4-i_6,-82.8766468707392
2020-03-31T06:00:00.0,bus-3-bus-4-i_6,-85.03007578509079
2020-03-31T07:00:00.0,bus-3-bus-4-i_6,-88.12380207290587
2020-03-31T08:00:00.0,bus-3-bus-4-i_6,-90.76262175303481
2020-03-31T09:00:00.0,bus-3-bus-4-i_6,-92.58252686057486
2020-03-31T10:00:00.0,bus-3-bus-4-i_6,-92.06687794112511
2020-03-31T11:00:00.0,bus-3-bus-4-i_6,-92.79484927055093
2020-03-31T12:00:00.0,bus-3-bus-4-i_6,-93.0981544728167
2020-03-31T13:00:00.0,bus-3-bus-4-i_6,-92.70384244466877
2020-03-31T14:00:00.0,bus-3-bus-4-i_6,-92.24886766874515
2020-03-31T15:00:00.0,bus-3-bus-4-i_6,-91.82422509877492
2020-03-31T16:00:00.0,bus-3-bus-4-i_6,-94.00811892148855
2020-03-31T17:00:00.0,bus-3-bus-4-i_6,-98.64888539714111
2020-03-31T18:00:00.0,bus-3-bus-4-i_6,-107.2022494211943
2020-03-31T19:00:00.0,bus-3-bus-4-i_6,-107.26290999753299
2020-03-31T20:00:00.0,bus-3-bus-4-i_6,-102.5919552569907
2020-03-31T21:00:00.0,bus-3-bus-4-i_6,-97.28393835149099
2020-03-31T22:00:00.0,bus-3-bus-4-i_6,-90.3379895638798
2020-03-31T23:00:00.0,bus-3-bus-4-i_6,-84.87843133890448
2020-04-01T00:00:00.0,bus-3-bus-4-i_6,-85.60635070117593
2020-04-01T01:00:00.0,bus-3-bus-4-i_6,-84.99974547660788
2020-04-01T02:00:00.0,bus-3-bus-4-i_6,-84.69644144223531
2020-04-01T03:00:00.0,bus-3-bus-4-i_6,-84.75710184023517
2020-04-01T04:00:00.0,bus-3-bus-4-i_6,-85.48503136284282
2020-04-01T05:00:00.0,bus-3-bus-4-i_6,-86.91057101553218
2020-04-01T06:00:00.0,bus-3-bus-4-i_6,-88.33611951595066
2020-04-01T07:00:00.0,bus-3-bus-4-i_6,-90.73229031935807
2020-04-01T08:00:00.0,bus-3-bus-4-i_6,-92.82516913140462
2020-04-01T09:00:00.0,bus-3-bus-4-i_6,-92.82516922235331
2020-04-01T10:00:00.0,bus-3-bus-4-i_6,-92.79484927055093
2020-04-01T11:00:00.0,bus-3-bus-4-i_6,-92.82516913140462
2020-04-01T12:00:00.0,bus-3-bus-4-i_6,-92.43085752563593
2020-04-01T13:00:00.0,bus-3-bus-4-i_6,-92.37019419869458
2020-04-01T14:00:00.0,bus-3-bus-4-i_6,-91.58157255282838
2020-04-01T15:00:00.0,bus-3-bus-4-i_6,-91.03561416004595
2020-04-01T16:00:00.0,bus-3-bus-4-i_6,-91.0356141600511
2020-04-01T17:00:00.0,bus-3-bus-4-i_6,-92.82516913140462
2020-04-01T18:00:00.0,bus-3-bus-4-i_6,-103.89619016457672
2020-04-01T19:00:00.0,bus-3-bus-4-i_6,-105.7160321111436
2020-04-01T20:00:00.0,bus-3-bus-4-i_6,-103.0469489278837
2020-04-01T21:00:00.0,bus-3-bus-4-i_6,-98.04223170855833
2020-04-01T22:00:00.0,bus-3-bus-4-i_6,-92.58252686057486
2020-04-01T23:00:00.0,bus-3-bus-4-i_6,-88.24512643481263
2020-04-02T00:00:00.0,bus-3-bus-4-i_6,-86.09164179825588
2020-04-02T01:00:00.0,bus-3-bus-4-i_6,-85.30304671899115
2020-04-02T02:00:00.0,bus-3-bus-4-i_6,-84.96941347520371
2020-04-02T03:00:00.0,bus-3-bus-4-i_6,-84.9694135934291
2020-04-02T04:00:00.0,bus-3-bus-4-i_6,-85.90965830290385
2020-04-02T05:00:00.0,bus-3-bus-4-i_6,-87.1835481805873
2020-04-02T06:00:00.0,bus-3-bus-4-i_6,-88.30579424047933
2020-04-02T07:00:00.0,bus-3-bus-4-i_6,-89.64036052990309
2020-04-02T08:00:00.0,bus-3-bus-4-i_6,-91.21759412253057
2020-04-02T09:00:00.0,bus-3-bus-4-i_6,-92.18820431986167
2020-04-02T10:00:00.0,bus-3-bus-4-i_6,-92.49152092001579
2020-04-02T11:00:00.0,bus-3-bus-4-i_6,-92.67352189196897
2020-04-02T12:00:00.0,bus-3-bus-4-i_6,-92.37019419869458
2020-04-02T13:00:00.0,bus-3-bus-4-i_6,-92.49152092001579
2020-04-02T14:00:00.0,bus-3-bus-4-i_6,-91.88488840482081
2020-04-02T15:00:00.0,bus-3-bus-4-i_6,-91.5209097226531
2020-04-02T16:00:00.0,bus-3-bus-4-i_6,-91.52090987484512
2020-04-02T17:00:00.0,bus-3-bus-4-i_6,-93.79578405824296
2020-04-02T18:00:00.0,bus-3-bus-4-i_6,-103.9871830041391
2020-04-02T19:00:00.0,bus-3-bus-4-i_6,-104.68479157674334
2020-04-02T20:00:00.0,bus-3-bus-4-i_6,-102.10668047984495
2020-04-02T21:00:00.0,bus-3-bus-4-i_6,-96.58630751187657
2020-04-02T22:00:00.0,bus-3-bus-4-i_6,-90.58063301905375
2020-04-02T23:00:00.0,bus-3-bus-4-i_6,-86.6982513373466
2020-04-03T00:00:00.0,bus-3-bus-4-i_6,-84.90875460260922
2020-04-03T01:00:00.0,bus-3-bus-4-i_6,-84.21116062852167
2020-04-03T02:00:00.0,bus-3-bus-4-i_6,-83.93819038314567
2020-04-03T03:00:00.0,bus-3-bus-4-i_6,-83.87752995142729
2020-04-03T04:00:00.0,bus-3-bus-4-i_6,-84.27181991639878
2020-04-03T05:00:00.0,bus-3-bus-4-i_6,-85.1513973394998
2020-04-03T06:00:00.0,bus-3-bus-4-i_6,-86.00064695800069
2020-04-03T07:00:00.0,bus-3-bus-4-i_6,-88.06315079639234
2020-04-03T08:00:00.0,bus-3-bus-4-i_6,-89.36737893923944
2020-04-03T09:00:00.0,bus-3-bus-4-i_6,-90.64129594453634
2020-04-03T10:00:00.0,bus-3-bus-4-i_6,-91.21759412253057
2020-04-03T11:00:00.0,bus-3-bus-4-i_6,-91.88488840482081
2020-04-03T12:00:00.0,bus-3-bus-4-i_6,-92.58252686057486
2020-04-03T13:00:00.0,bus-3-bus-4-i_6,-92.15787294288626
2020-04-03T14:00:00.0,bus-3-bus-4-i_6,-91.70289884996346
2020-04-03T15:00:00.0,bus-3-bus-4-i_6,-90.85362742957004
2020-04-03T16:00:00.0,bus-3-bus-4-i_6,-90.82329591694966
2020-04-03T17:00:00.0,bus-3-bus-4-i_6,-92.91616416980264
2020-04-03T18:00:00.0,bus-3-bus-4-i_6,-102.68294883646473
2020-04-03T19:00:00.0,bus-3-bus-4-i_6,-103.10758440994007
2020-04-03T20:00:00.0,bus-3-bus-4-i_6,-100.55975580785763
2020-04-03T21:00:00.0,bus-3-bus-4-i_6,-96.98063734271163
2020-04-03T22:00:00.0,bus-3-bus-4-i_6,-92.55219508372423
2020-04-03T23:00:00.0,bus-3-bus-4-i_6,-88.70009275639816
2020-04-04T00:00:00.0,bus-3-bus-4-i_6,-86.36461381775335
2020-04-04T01:00:00.0,bus-3-bus-4-i_6,-85.45469838072816
2020-04-04T02:00:00.0,bus-3-bus-4-i_6,-84.84809247841432
2020-04-04T03:00:00.0,bus-3-bus-4-i_6,-84.5751207876633
2020-04-04T04:00:00.0,bus-3-bus-4-i_6,-84.75710184023517
2020-04-04T05:00:00.0,bus-3-bus-4-i_6,-84.60545232528003
2020-04-04T06:00:00.0,bus-3-bus-4-i_6,-84.21116062852167
2020-04-04T07:00:00.0,bus-3-bus-4-i_6,-85.03007578509079
2020-04-04T08:00:00.0,bus-3-bus-4-i_6,-86.6982513373466
2020-04-04T09:00:00.0,bus-3-bus-4-i_6,-88.6394304463921
2020-04-04T10:00:00.0,bus-3-bus-4-i_6,-88.70009275639816
2020-04-04T11:00:00.0,bus-3-bus-4-i_6,-88.6697616687949
2020-04-04T12:00:00.0,bus-3-bus-4-i_6,-88.48777484923286
2020-04-04T13:00:00.0,bus-3-bus-4-i_6,-87.97214722464844
2020-04-04T14:00:00.0,bus-3-bus-4-i_6,-87.6081757084598
2020-04-04T15:00:00.0,bus-3-bus-4-i_6,-87.51718306747097
2020-04-04T16:00:00.0,bus-3-bus-4-i_6,-87.57784969667438
2020-04-04T17:00:00.0,bus-3-bus-4-i_6,-89.03373553858589
2020-04-04T18:00:00.0,bus-3-bus-4-i_6,-97.46592882415199
2020-04-04T19:00:00.0,bus-3-bus-4-i_6,-98.64888539714111
2020-04-04T20:00:00.0,bus-3-bus-4-i_6,-96.55597594288732
2020-04-04T21:00:00.0,bus-3-bus-4-i_6,-93.97777440901412
2020-04-04T22:00:00.0,bus-3-bus-4-i_6,-91.06593657824095
2020-04-04T23:00:00.0,bus-3-bus-4-i_6,-88.03280924986872
2020-04-05T00:00:00.0,bus-3-bus-4-i_6,-86.00064695800069
2020-04-05T01:00:00.0,bus-3-bus-4-i_6,-84.93908488525818
2020-04-05T02:00:00.0,bus-3-bus-4-i_6,-84.5144606609167
2020-04-05T03:00:00.0,bus-3-bus-4-i_6,-84.51446078090524
2020-04-05T04:00:00.0,bus-3-bus-4-i_6,-84.81776380684916
2020-04-05T05:00:00.0,bus-3-bus-4-i_6,-84.5751207876633
2020-04-05T06:00:00.0,bus-3-bus-4-i_6,-84.12017046041456
2020-04-05T07:00:00.0,bus-3-bus-4-i_6,-84.66611133702308
2020-04-05T08:00:00.0,bus-3-bus-4-i_6,-85.90965830290385
2020-04-05T09:00:00.0,bus-3-bus-4-i_6,-86.60726296068316
2020-04-05T10:00:00.0,bus-3-bus-4-i_6,-87.42619037377082
2020-04-05T11:00:00.0,bus-3-bus-4-i_6,-88.33611951595066
2020-04-05T12:00:00.0,bus-3-bus-4-i_6,-88.45744371117644
2020-04-05T13:00:00.0,bus-3-bus-4-i_6,-88.45744381584365
2020-04-05T14:00:00.0,bus-3-bus-4-i_6,-88.6697616687949
2020-04-05T15:00:00.0,bus-3-bus-4-i_6,-88.94274200708868
2020-04-05T16:00:00.0,bus-3-bus-4-i_6,-89.12473592614293
2020-04-05T17:00:00.0,bus-3-bus-4-i_6,-90.58063301905375
2020-04-05T18:00:00.0,bus-3-bus-4-i_6,-99.1948616214841
2020-04-05T19:00:00.0,bus-3-bus-4-i_6,-99.5588354727278
2020-04-05T20:00:00.0,bus-3-bus-4-i_6,-96.43464862391798
2020-04-05T21:00:00.0,bus-3-bus-4-i_6,-92.61285848398661
2020-04-05T22:00:00.0,bus-3-bus-4-i_6,-88.06315079639234
2020-04-05T23:00:00.0,bus-3-bus-4-i_6,-85.48503136284282
2020-04-06T00:00:00.0,bus-3-bus-4-i_6,-84.30214995230627
2020-04-06T01:00:00.0,bus-3-bus-4-i_6,-83.90786039989449
2020-04-06T02:00:00.0,bus-3-bus-4-i_6,-83.8472004685456
2020-04-06T03:00:00.0,bus-3-bus-4-i_6,-84.15049971463408
2020-04-06T04:00:00.0,bus-3-bus-4-i_6,-85.54569225715657
2020-04-06T05:00:00.0,bus-3-bus-4-i_6,-87.33520238654116
2020-04-06T06:00:00.0,bus-3-bus-4-i_6,-88.03280924986872
2020-04-06T07:00:00.0,bus-3-bus-4-i_6,-89.91334248239941
2020-04-06T08:00:00.0,bus-3-bus-4-i_6,-92.21854664322076
2020-04-06T09:00:00.0,bus-3-bus-4-i_6,-93.58346170803777
2020-04-06T10:00:00.0,bus-3-bus-4-i_6,-95.46403138063572
2020-04-06T11:00:00.0,bus-3-bus-4-i_6,-97.25362363603752
2020-04-06T12:00:00.0,bus-3-bus-4-i_6,-98.34556804797239
2020-04-06T13:00:00.0,bus-3-bus-4-i_6,-92.58252686057486
2020-04-06T14:00:00.0,bus-3-bus-4-i_6,-99.5588354727278
2020-04-06T15:00:00.0,bus-3-bus-4-i_6,-99.31616212233224
2020-04-06T16:00:00.0,bus-3-bus-4-i_6,-98.1635587376527
2020-04-06T17:00:00.0,bus-3-bus-4-i_6,-101.0754133154681
2020-04-06T18:00:00.0,bus-3-bus-4-i_6,-109.96225083503653
2020-04-06T19:00:00.0,bus-3-bus-4-i_6,-109.05236917448022
2020-04-06T20:00:00.0,bus-3-bus-4-i_6,-103.44125268794919
2020-04-06T21:00:00.0,bus-3-bus-4-i_6,-96.73796650929567
2020-04-06T22:00:00.0,bus-3-bus-4-i_6,-90.21665612995518
2020-04-06T23:00:00.0,bus-3-bus-4-i_6,-86.91057101553218
2020-04-07T00:00:00.0,bus-3-bus-4-i_6,-85.39403789083431
2020-04-07T01:00:00.0,bus-3-bus-4-i_6,-84.69644144223531
2020-04-07T02:00:00.0,bus-3-bus-4-i_6,-84.39314011054337
2020-04-07T03:00:00.0,bus-3-bus-4-i_6,-84.72677152044909
2020-04-07T04:00:00.0,bus-3-bus-4-i_6,-86.33428321453955
2020-04-07T05:00:00.0,bus-3-bus-4-i_6,-88.36645643752435
2020-04-07T06:00:00.0,bus-3-bus-4-i_6,-88.91241736860609
2020-04-07T07:00:00.0,bus-3-bus-4-i_6,-91.30859808477227
2020-04-07T08:00:00.0,bus-3-bus-4-i_6,-93.97777440901412
2020-04-07T09:00:00.0,bus-3-bus-4-i_6,-95.55502672154923
2020-04-07T10:00:00.0,bus-3-bus-4-i_6,-98.22422208373162
2020-04-07T11:00:00.0,bus-3-bus-4-i_6,-99.31616212233224
2020-04-07T12:00:00.0,bus-3-bus-4-i_6,-100.34745758059928
2020-04-07T13:00:00.0,bus-3-bus-4-i_6,-100.83273897263231
2020-04-07T14:00:00.0,bus-3-bus-4-i_6,-100.62041874841121
2020-04-07T15:00:00.0,bus-3-bus-4-i_6,-100.7114355009267
2020-04-07T16:00:00.0,bus-3-bus-4-i_6,-99.95312541416197
2020-04-07T17:00:00.0,bus-3-bus-4-i_6,-100.89340193617467
2020-04-07T18:00:00.0,bus-3-bus-4-i_6,-110.81146393875451
2020-04-07T19:00:00.0,bus-3-bus-4-i_6,-111.32705222771978
2020-04-07T20:00:00.0,bus-3-bus-4-i_6,-105.07909056774783
2020-04-07T21:00:00.0,bus-3-bus-4-i_6,-96.82896169026908
2020-04-07T22:00:00.0,bus-3-bus-4-i_6,-90.79295310601594
2020-04-07T23:00:00.0,bus-3-bus-4-i_6,-86.91057101553218
2020-04-08T00:00:00.0,bus-3-bus-4-i_6,-85.12106480625413
2020-04-08T01:00:00.0,bus-3-bus-4-i_6,-84.36281013408552
2020-04-08T02:00:00.0,bus-3-bus-4-i_6,-84.02918037617954
2020-04-08T03:00:00.0,bus-3-bus-4-i_6,-84.27181991639878
2020-04-08T04:00:00.0,bus-3-bus-4-i_6,-85.75800298128817
2020-04-08T05:00:00.0,bus-3-bus-4-i_6,-87.88115428882749
2020-04-08T06:00:00.0,bus-3-bus-4-i_6,-88.33611951595066
2020-04-08T07:00:00.0,bus-3-bus-4-i_6,-89.7313542807399
2020-04-08T08:00:00.0,bus-3-bus-4-i_6,-91.67256731421514
2020-04-08T09:00:00.0,bus-3-bus-4-i_6,-93.21949300255228
2020-04-08T10:00:00.0,bus-3-bus-4-i_6,-93.55313017497872
2020-04-08T11:00:00.0,bus-3-bus-4-i_6,-93.46215201201149
2020-04-08T12:00:00.0,bus-3-bus-4-i_6,-93.3104762980516
2020-04-08T13:00:00.0,bus-3-bus-4-i_6,-92.49152092001579
2020-04-08T14:00:00.0,bus-3-bus-4-i_6,-91.73323045505029
2020-04-08T15:00:00.0,bus-3-bus-4-i_6,-92.49152092001579
2020-04-08T16:00:00.0,bus-3-bus-4-i_6,-92.43085752563593
2020-04-08T17:00:00.0,bus-3-bus-4-i_6,-95.03940047744521
2020-04-08T18:00:00.0,bus-3-bus-4-i_6,-104.83644510841911
2020-04-08T19:00:00.0,bus-3-bus-4-i_6,-105.86771651854473
2020-04-08T20:00:00.0,bus-3-bus-4-i_6,-101.86400578790251
2020-04-08T21:00:00.0,bus-3-bus-4-i_6,-95.19105961855487
2020-04-08T22:00:00.0,bus-3-bus-4-i_6,-89.67069172911879
2020-04-08T23:00:00.0,bus-3-bus-4-i_6,-86.8499085725087
2020-04-09T00:00:00.0,bus-3-bus-4-i_6,-85.90965830290385
2020-04-09T01:00:00.0,bus-3-bus-4-i_6,-85.45469838072816
2020-04-09T02:00:00.0,bus-3-bus-4-i_6,-85.48503136284282
2020-04-09T03:00:00.0,bus-3-bus-4-i_6,-86.2432914152718
2020-04-09T04:00:00.0,bus-3-bus-4-i_6,-89.2763852091215
2020-04-09T05:00:00.0,bus-3-bus-4-i_6,-92.58252686057486
2020-04-09T06:00:00.0,bus-3-bus-4-i_6,-92.67352189196897
2020-04-09T07:00:00.0,bus-3-bus-4-i_6,-93.52281554245074
2020-04-09T08:00:00.0,bus-3-bus-4-i_6,-94.55407788603104
2020-04-09T09:00:00.0,bus-3-bus-4-i_6,-93.03749097817477
2020-04-09T10:00:00.0,bus-3-bus-4-i_6,-93.34081977509285
2020-04-09T11:00:00.0,bus-3-bus-4-i_6,-93.55313017497872
2020-04-09T12:00:00.0,bus-3-bus-4-i_6,-93.82612825312462
2020-04-09T13:00:00.0,bus-3-bus-4-i_6,-93.73513260448654
2020-04-09T14:00:00.0,bus-3-bus-4-i_6,-93.70480082620887
2020-04-09T15:00:00.0,bus-3-bus-4-i_6,-93.70480082620887
2020-04-09T16:00:00.0,bus-3-bus-4-i_6,-93.76546470416525
2020-04-09T17:00:00.0,bus-3-bus-4-i_6,-94.55407788603104
2020-04-09T18:00:00.0,bus-3-bus-4-i_6,-103.50191480245358
2020-04-09T19:00:00.0,bus-3-bus-4-i_6,-105.5340491167857
2020-04-09T20:00:00.0,bus-3-bus-4-i_6,-100.98439619489241
2020-04-09T21:00:00.0,bus-3-bus-4-i_6,-94.40241899678381
2020-04-09T22:00:00.0,bus-3-bus-4-i_6,-89.00341146866033
2020-04-09T23:00:00.0,bus-3-bus-4-i_6,-86.42527873367669
2020-04-10T00:00:00.0,bus-3-bus-4-i_6,-85.36370753926057
2020-04-10T01:00:00.0,bus-3-bus-4-i_6,-84.72677152044909
2020-04-10T02:00:00.0,bus-3-bus-4-i_6,-84.5144606609167
2020-04-10T03:00:00.0,bus-3-bus-4-i_6,-85.09073455055724
2020-04-10T04:00:00.0,bus-3-bus-4-i_6,-87.36552863255326
2020-04-10T05:00:00.0,bus-3-bus-4-i_6,-89.2763852091215
2020-04-10T06:00:00.0,bus-3-bus-4-i_6,-90.0043447865352
2020-04-10T07:00:00.0,bus-3-bus-4-i_6,-91.58157255282838
2020-04-10T08:00:00.0,bus-3-bus-4-i_6,-93.06782281863636
2020-04-10T09:00:00.0,bus-3-bus-4-i_6,-93.37113970495888
2020-04-10T10:00:00.0,bus-3-bus-4-i_6,-94.34175546233774
2020-04-10T11:00:00.0,bus-3-bus-4-i_6,-95.37303593089138
2020-04-10T12:00:00.0,bus-3-bus-4-i_6,-96.0403354765398
2020-04-10T13:00:00.0,bus-3-bus-4-i_6,-96.04033551408072
2020-04-10T14:00:00.0,bus-3-bus-4-i_6,-96.3436531919186
2020-04-10T15:00:00.0,bus-3-bus-4-i_6,-95.49436319069463
2020-04-10T16:00:00.0,bus-3-bus-4-i_6,-95.19105961855487
2020-04-10T17:00:00.0,bus-3-bus-4-i_6,-95.64603703236307
2020-04-10T18:00:00.0,bus-3-bus-4-i_6,-103.0166177828147
2020-04-10T19:00:00.0,bus-3-bus-4-i_6,-104.47250504455567
2020-04-10T20:00:00.0,bus-3-bus-4-i_6,-100.83273897263231
2020-04-10T21:00:00.0,bus-3-bus-4-i_6,-96.0403354765398
2020-04-10T22:00:00.0,bus-3-bus-4-i_6,-90.79295310601594
2020-04-10T23:00:00.0,bus-3-bus-4-i_6,-87.1835481805873
2020-04-11T00:00:00.0,bus-3-bus-4-i_6,-85.69734196171233
2020-04-11T01:00:00.0,bus-3-bus-4-i_6,-84.87843133890448
2020-04-11T02:00:00.0,bus-3-bus-4-i_6,-84.45380025193255
2020-04-11T03:00:00.0,bus-3-bus-4-i_6,-84.39314011054337
2020-04-11T04:00:00.0,bus-3-bus-4-i_6,-84.81776380684916
2020-04-11T05:00:00.0,bus-3-bus-4-i_6,-84.5751207876633
2020-04-11T06:00:00.0,bus-3-bus-4-i_6,-84.63578255357848
2020-04-11T07:00:00.0,bus-3-bus-4-i_6,-86.54660117073487
2020-04-11T08:00:00.0,bus-3-bus-4-i_6,-89.15506039315038
2020-04-11T09:00:00.0,bus-3-bus-4-i_6,-90.0043447865352
2020-04-11T10:00:00.0,bus-3-bus-4-i_6,-90.79295310601594
2020-04-11T11:00:00.0,bus-3-bus-4-i_6,-91.12659954428538
2020-04-11T12:00:00.0,bus-3-bus-4-i_6,-92.00621481935704
2020-04-11T13:00:00.0,bus-3-bus-4-i_6,-92.30954184363628
2020-04-11T14:00:00.0,bus-3-bus-4-i_6,-93.03749097817477
2020-04-11T15:00:00.0,bus-3-bus-4-i_6,-93.37113970495888
2020-04-11T16:00:00.0,bus-3-bus-4-i_6,-94.34175546233774
2020-04-11T17:00:00.0,bus-3-bus-4-i_6,-94.28110025219694
2020-04-11T18:00:00.0,bus-3-bus-4-i_6,-101.40905970249186
2020-04-11T19:00:00.0,bus-3-bus-4-i_6,-102.95595501849802
2020-04-11T20:00:00.0,bus-3-bus-4-i_6,-99.71047288457372
2020-04-11T21:00:00.0,bus-3-bus-4-i_6,-95.25172327838396
2020-04-11T22:00:00.0,bus-3-bus-4-i_6,-90.39865272071293
2020-04-11T23:00:00.0,bus-3-bus-4-i_6,-87.09255106279163
2020-04-12T00:00:00.0,bus-3-bus-4-i_6,-85.33337700295787
2020-04-12T01:00:00.0,bus-3-bus-4-i_6,-84.48413051241187
2020-04-12T02:00:00.0,bus-3-bus-4-i_6,-84.15049971463408
2020-04-12T03:00:00.0,bus-3-bus-4-i_6,-83.9685198710831
2020-04-12T04:00:00.0,bus-3-bus-4-i_6,-84.24149069854943
2020-04-12T05:00:00.0,bus-3-bus-4-i_6,-83.72588542213046
2020-04-12T06:00:00.0,bus-3-bus-4-i_6,-83.81687089375245
2020-04-12T07:00:00.0,bus-3-bus-4-i_6,-85.03007578509079
2020-04-12T08:00:00.0,bus-3-bus-4-i_6,-86.9712326357521
2020-04-12T09:00:00.0,bus-3-bus-4-i_6,-88.6697616687949
2020-04-12T10:00:00.0,bus-3-bus-4-i_6,-90.03467534050742
2020-04-12T11:00:00.0,bus-3-bus-4-i_6,-91.00528229133946
2020-04-12T12:00:00.0,bus-3-bus-4-i_6,-91.70289884996346
2020-04-12T13:00:00.0,bus-3-bus-4-i_6,-92.4612000756188
2020-04-12T14:00:00.0,bus-3-bus-4-i_6,-93.58346170803777
2020-04-12T15:00:00.0,bus-3-bus-4-i_6,-94.64508642107066
2020-04-12T16:00:00.0,bus-3-bus-4-i_6,-94.82706372477499
2020-04-12T17:00:00.0,bus-3-bus-4-i_6,-94.34175546233774
2020-04-12T18:00:00.0,bus-3-bus-4-i_6,-101.25737895740686
2020-04-12T19:00:00.0,bus-3-bus-4-i_6,-102.7739684321439
2020-04-12T20:00:00.0,bus-3-bus-4-i_6,-99.07353042286657
2020-04-12T21:00:00.0,bus-3-bus-4-i_6,-94.31142382112976
2020-04-12T22:00:00.0,bus-3-bus-4-i_6,-88.73043020761335
2020-04-12T23:00:00.0,bus-3-bus-4-i_6,-86.18263351694434
2020-04-13T00:00:00.0,bus-3-bus-4-i_6,-84.81776380684916
2020-04-13T01:00:00.0,bus-3-bus-4-i_6,-84.15049971463408
2020-04-13T02:00:00.0,bus-3-bus-4-i_6,-84.12017046041456
2020-04-13T03:00:00.0,bus-3-bus-4-i_6,-84.48413051241187
2020-04-13T04:00:00.0,bus-3-bus-4-i_6,-85.90965830290385
2020-04-13T05:00:00.0,bus-3-bus-4-i_6,-86.36461381775335
2020-04-13T06:00:00.0,bus-3-bus-4-i_6,-87.51718306747097
2020-04-13T07:00:00.0,bus-3-bus-4-i_6,-89.94367370893639
2020-04-13T08:00:00.0,bus-3-bus-4-i_6,-93.28014447259334
2020-04-13T09:00:00.0,bus-3-bus-4-i_6,-94.22044114847354
2020-04-13T10:00:00.0,bus-3-bus-4-i_6,-94.58442285623754
2020-04-13T11:00:00.0,bus-3-bus-4-i_6,-95.64603703236307
2020-04-13T12:00:00.0,bus-3-bus-4-i_6,-95.82802803619748
2020-04-13T13:00:00.0,bus-3-bus-4-i_6,-95.40336774463157
2020-04-13T14:00:00.0,bus-3-bus-4-i_6,-94.31142382112976
2020-04-13T15:00:00.0,bus-3-bus-4-i_6,-93.49246661440873
2020-04-13T16:00:00.0,bus-3-bus-4-i_6,-92.76451702774224
2020-04-13T17:00:00.0,bus-3-bus-4-i_6,-93.55313017497872
2020-04-13T18:00:00.0,bus-3-bus-4-i_6,-102.10668047984495
2020-04-13T19:00:00.0,bus-3-bus-4-i_6,-103.25926617824885
2020-04-13T20:00:00.0,bus-3-bus-4-i_6,-99.37684554721275
2020-04-13T21:00:00.0,bus-3-bus-4-i_6,-94.0991014764283
2020-04-13T22:00:00.0,bus-3-bus-4-i_6,-88.88208635108626
2020-04-13T23:00:00.0,bus-3-bus-4-i_6,-86.15229966181447
2020-04-14T00:00:00.0,bus-3-bus-4-i_6,-84.78743767297073
2020-04-14T01:00:00.0,bus-3-bus-4-i_6,-84.24149069854943
2020-04-14T02:00:00.0,bus-3-bus-4-i_6,-84.15049971463408
2020-04-14T03:00:00.0,bus-3-bus-4-i_6,-84.54479196265301
2020-04-14T04:00:00.0,bus-3-bus-4-i_6,-86.09164179825588
2020-04-14T05:00:00.0,bus-3-bus-4-i_6,-86.48594011300614
2020-04-14T06:00:00.0,bus-3-bus-4-i_6,-87.33520238654116
2020-04-14T07:00:00.0,bus-3-bus-4-i_6,-89.45837284834073
2020-04-14T08:00:00.0,bus-3-bus-4-i_6,-91.70289884996346
2020-04-14T09:00:00.0,bus-3-bus-4-i_6,-92.91616416980264
2020-04-14T10:00:00.0,bus-3-bus-4-i_6,-91.91523011013115
2020-04-14T11:00:00.0,bus-3-bus-4-i_6,-92.24886766874515
2020-04-14T12:00:00.0,bus-3-bus-4-i_6,-92.79484927055093
2020-04-14T13:00:00.0,bus-3-bus-4-i_6,-93.0981544728167
2020-04-14T14:00:00.0,bus-3-bus-4-i_6,-92.91616416980264
2020-04-14T15:00:00.0,bus-3-bus-4-i_6,-92.64319018605033
2020-04-14T16:00:00.0,bus-3-bus-4-i_6,-91.82422509877492
2020-04-14T17:00:00.0,bus-3-bus-4-i_6,-95.25172327838396
2020-04-14T18:00:00.0,bus-3-bus-4-i_6,-104.4421736876109
2020-04-14T19:00:00.0,bus-3-bus-4-i_6,-104.59382958074428
2020-04-14T20:00:00.0,bus-3-bus-4-i_6,-100.7114355009267
2020-04-14T21:00:00.0,bus-3-bus-4-i_6,-94.73608187643869
2020-04-14T22:00:00.0,bus-3-bus-4-i_6,-89.18539156059796
2020-04-14T23:00:00.0,bus-3-bus-4-i_6,-86.36461381775335
2020-04-15T00:00:00.0,bus-3-bus-4-i_6,-84.90875460260922
2020-04-15T01:00:00.0,bus-3-bus-4-i_6,-84.21116062852167
2020-04-15T02:00:00.0,bus-3-bus-4-i_6,-84.08983983810812
2020-04-15T03:00:00.0,bus-3-bus-4-i_6,-84.36281013408552
2020-04-15T04:00:00.0,bus-3-bus-4-i_6,-85.636683659861
2020-04-15T05:00:00.0,bus-3-bus-4-i_6,-85.97032503966832
2020-04-15T06:00:00.0,bus-3-bus-4-i_6,-87.244211121034
2020-04-15T07:00:00.0,bus-3-bus-4-i_6,-88.48777484923286
2020-04-15T08:00:00.0,bus-3-bus-4-i_6,-90.64129594453634
2020-04-15T09:00:00.0,bus-3-bus-4-i_6,-92.18820431986167
2020-04-15T10:00:00.0,bus-3-bus-4-i_6,-94.40241899678381
2020-04-15T11:00:00.0,bus-3-bus-4-i_6,-97.34461904681638
2020-04-15T12:00:00.0,bus-3-bus-4-i_6,-100.89340193617467
2020-04-15T13:00:00.0,bus-3-bus-4-i_6,-102.92562385453625
2020-04-15T14:00:00.0,bus-3-bus-4-i_6,-103.68387361402598
2020-04-15T15:00:00.0,bus-3-bus-4-i_6,-103.92652120536255
2020-04-15T16:00:00.0,bus-3-bus-4-i_6,-105.8070555037527
2020-04-15T17:00:00.0,bus-3-bus-4-i_6,-104.83644510841911
2020-04-15T18:00:00.0,bus-3-bus-4-i_6,-111.90329416242272
2020-04-15T19:00:00.0,bus-3-bus-4-i_6,-113.78357854409182
2020-04-15T20:00:00.0,bus-3-bus-4-i_6,-107.23254529136396
2020-04-15T21:00:00.0,bus-3-bus-4-i_6,-98.77019255152875
2020-04-15T22:00:00.0,bus-3-bus-4-i_6,-92.18820431986167
2020-04-15T23:00:00.0,bus-3-bus-4-i_6,-87.88115428882749
2020-04-16T00:00:00.0,bus-3-bus-4-i_6,-86.12197796585504
2020-04-16T01:00:00.0,bus-3-bus-4-i_6,-85.30304671899115
2020-04-16T02:00:00.0,bus-3-bus-4-i_6,-84.78743767297073
2020-04-16T03:00:00.0,bus-3-bus-4-i_6,-85.2423860792115
2020-04-16T04:00:00.0,bus-3-bus-4-i_6,-86.63758981407345
2020-04-16T05:00:00.0,bus-3-bus-4-i_6,-86.5769322377432
2020-04-16T06:00:00.0,bus-3-bus-4-i_6,-88.00247826962494
2020-04-16T07:00:00.0,bus-3-bus-4-i_6,-91.03561416004595
2020-04-16T08:00:00.0,bus-3-bus-4-i_6,-96.2526578182045
2020-04-16T09:00:00.0,bus-3-bus-4-i_6,-99.64983083822112
2020-04-16T10:00:00.0,bus-3-bus-4-i_6,-102.13701178545503
2020-04-16T11:00:00.0,bus-3-bus-4-i_6,-104.92743731504032
2020-04-16T12:00:00.0,bus-3-bus-4-i_6,-108.02112310352186
2020-04-16T13:00:00.0,bus-3-bus-4-i_6,-111.20573703628109
2020-04-16T14:00:00.0,bus-3-bus-4-i_6,-114.81475975200155
2020-04-16T15:00:00.0,bus-3-bus-4-i_6,-113.2228727814832
2020-04-16T16:00:00.0,bus-3-bus-4-i_6,-112.10364121842638
2020-04-16T17:00:00.0,bus-3-bus-4-i_6,-116.36100973976711
2020-04-16T18:00:00.0,bus-3-bus-4-i_6,-112.37020571905506
2020-04-16T19:00:00.0,bus-3-bus-4-i_6,-113.30534365016935
2020-04-16T20:00:00.0,bus-3-bus-4-i_6,-111.42472946589517
2020-04-16T21:00:00.0,bus-3-bus-4-i_6,-107.02026866421359
2020-04-16T22:00:00.0,bus-3-bus-4-i_6,-97.19296002292275
2020-04-16T23:00:00.0,bus-3-bus-4-i_6,-91.3389201820467
2020-04-17T00:00:00.0,bus-3-bus-4-i_6,-88.03280924986872
2020-04-17T01:00:00.0,bus-3-bus-4-i_6,-86.33428321453955
2020-04-17T02:00:00.0,bus-3-bus-4-i_6,-85.54569225715657
2020-04-17T03:00:00.0,bus-3-bus-4-i_6,-85.42437050148122
2020-04-17T04:00:00.0,bus-3-bus-4-i_6,-86.8195782754965
2020-04-17T05:00:00.0,bus-3-bus-4-i_6,-87.03188952243518
2020-04-17T06:00:00.0,bus-3-bus-4-i_6,-87.72949940333382
2020-04-17T07:00:00.0,bus-3-bus-4-i_6,-91.00528229133946
2020-04-17T08:00:00.0,bus-3-bus-4-i_6,-92.43085752563593
2020-04-17T09:00:00.0,bus-3-bus-4-i_6,-95.3427040972314
2020-04-17T10:00:00.0,bus-3-bus-4-i_6,-97.34461904681638
2020-04-17T11:00:00.0,bus-3-bus-4-i_6,-98.13322697105016
2020-04-17T12:00:00.0,bus-3-bus-4-i_6,-98.95218229192379
2020-04-17T13:00:00.0,bus-3-bus-4-i_6,-97.95123661612207
2020-04-17T14:00:00.0,bus-3-bus-4-i_6,-96.43464862391798
2020-04-17T15:00:00.0,bus-3-bus-4-i_6,-93.55313017497872
2020-04-17T16:00:00.0,bus-3-bus-4-i_6,-94.00811892148855
2020-04-17T17:00:00.0,bus-3-bus-4-i_6,-94.28110025219694
2020-04-17T18:00:00.0,bus-3-bus-4-i_6,-100.3171038997477
2020-04-17T19:00:00.0,bus-3-bus-4-i_6,-102.10668047984495
2020-04-17T20:00:00.0,bus-3-bus-4-i_6,-98.80054401491998
2020-04-17T21:00:00.0,bus-3-bus-4-i_6,-94.28110025219694
2020-04-17T22:00:00.0,bus-3-bus-4-i_6,-89.54936655066922
2020-04-17T23:00:00.0,bus-3-bus-4-i_6,-86.5769322377432
2020-04-18T00:00:00.0,bus-3-bus-4-i_6,-84.99974547660788
2020-04-18T01:00:00.0,bus-3-bus-4-i_6,-84.45380025193255
2020-04-18T02:00:00.0,bus-3-bus-4-i_6,-84.15049971463408
2020-04-18T03:00:00.0,bus-3-bus-4-i_6,-84.08983983810812
2020-04-18T04:00:00.0,bus-3-bus-4-i_6,-84.42347022832259
2020-04-18T05:00:00.0,bus-3-bus-4-i_6,-83.87752995142729
2020-04-18T06:00:00.0,bus-3-bus-4-i_6,-84.27181991639878
2020-04-18T07:00:00.0,bus-3-bus-4-i_6,-86.0309805725164
2020-04-18T08:00:00.0,bus-3-bus-4-i_6,-88.6697616687949
2020-04-18T09:00:00.0,bus-3-bus-4-i_6,-91.3389201820467
2020-04-18T10:00:00.0,bus-3-bus-4-i_6,-92.33986249286711
2020-04-18T11:00:00.0,bus-3-bus-4-i_6,-91.03561416004595
2020-04-18T12:00:00.0,bus-3-bus-4-i_6,-91.64223558563327
2020-04-18T13:00:00.0,bus-3-bus-4-i_6,-91.39958323182883
2020-04-18T14:00:00.0,bus-3-bus-4-i_6,-91.91523011013115
2020-04-18T15:00:00.0,bus-3-bus-4-i_6,-92.27919940842774
2020-04-18T16:00:00.0,bus-3-bus-4-i_6,-92.55219508372423
2020-04-18T17:00:00.0,bus-3-bus-4-i_6,-93.15881781535388
2020-04-18T18:00:00.0,bus-3-bus-4-i_6,-101.43939111521117
2020-04-18T19:00:00.0,bus-3-bus-4-i_6,-104.53313770631614
2020-04-18T20:00:00.0,bus-3-bus-4-i_6,-100.98439619489241
2020-04-18T21:00:00.0,bus-3-bus-4-i_6,-96.19199434792152
2020-04-18T22:00:00.0,bus-3-bus-4-i_6,-90.94461061499727
2020-04-18T23:00:00.0,bus-3-bus-4-i_6,-87.12288628470324
2020-04-19T00:00:00.0,bus-3-bus-4-i_6,-85.33337700295787
2020-04-19T01:00:00.0,bus-3-bus-4-i_6,-84.33248005247466
2020-04-19T02:00:00.0,bus-3-bus-4-i_6,-83.9685198710831
2020-04-19T03:00:00.0,bus-3-bus-4-i_6,-83.90786039989449
2020-04-19T04:00:00.0,bus-3-bus-4-i_6,-84.08983983810812
2020-04-19T05:00:00.0,bus-3-bus-4-i_6,-83.42258207714983
2020-04-19T06:00:00.0,bus-3-bus-4-i_6,-83.72588542213046
2020-04-19T07:00:00.0,bus-3-bus-4-i_6,-84.93908488525818
2020-04-19T08:00:00.0,bus-3-bus-4-i_6,-87.00155872233543
2020-04-19T09:00:00.0,bus-3-bus-4-i_6,-88.54844320879414
2020-04-19T10:00:00.0,bus-3-bus-4-i_6,-89.64036052990309
2020-04-19T11:00:00.0,bus-3-bus-4-i_6,-90.61096434965464
2020-04-19T12:00:00.0,bus-3-bus-4-i_6,-91.06593657824095
2020-04-19T13:00:00.0,bus-3-bus-4-i_6,-90.9749420652546
2020-04-19T14:00:00.0,bus-3-bus-4-i_6,-90.94461061499727
2020-04-19T15:00:00.0,bus-3-bus-4-i_6,-90.9749420652546
2020-04-19T16:00:00.0,bus-3-bus-4-i_6,-90.67162736743178
2020-04-19T17:00:00.0,bus-3-bus-4-i_6,-90.27731886651657
2020-04-19T18:00:00.0,bus-3-bus-4-i_6,-96.19199434792152
2020-04-19T19:00:00.0,bus-3-bus-4-i_6,-99.98347666752699
2020-04-19T20:00:00.0,bus-3-bus-4-i_6,-96.70763470109314
2020-04-19T21:00:00.0,bus-3-bus-4-i_6,-92.49152092001579
2020-04-19T22:00:00.0,bus-3-bus-4-i_6,-87.79016126106116
2020-04-19T23:00:00.0,bus-3-bus-4-i_6,-85.51535940121974
2020-04-20T00:00:00.0,bus-3-bus-4-i_6,-84.33248005247466
2020-04-20T01:00:00.0,bus-3-bus-4-i_6,-83.81687089375245
2020-04-20T02:00:00.0,bus-3-bus-4-i_6,-83.72588542213046
2020-04-20T03:00:00.0,bus-3-bus-4-i_6,-83.99884993482148
2020-04-20T04:00:00.0,bus-3-bus-4-i_6,-85.36370753926057
2020-04-20T05:00:00.0,bus-3-bus-4-i_6,-85.81866707816252
2020-04-20T06:00:00.0,bus-3-bus-4-i_6,-86.9712326357521
2020-04-20T07:00:00.0,bus-3-bus-4-i_6,-89.36737893923944
2020-04-20T08:00:00.0,bus-3-bus-4-i_6,-91.55124104831688
2020-04-20T09:00:00.0,bus-3-bus-4-i_6,-92.33986249286711
2020-04-20T10:00:00.0,bus-3-bus-4-i_6,-93.00715926428296
2020-04-20T11:00:00.0,bus-3-bus-4-i_6,-92.82516913140462
2020-04-20T12:00:00.0,bus-3-bus-4-i_6,-90.73229031935807
2020-04-20T13:00:00.0,bus-3-bus-4-i_6,-90.76262175303481
2020-04-20T14:00:00.0,bus-3-bus-4-i_6,-90.58063301905375
2020-04-20T15:00:00.0,bus-3-bus-4-i_6,-90.18632471684543
2020-04-20T16:00:00.0,bus-3-bus-4-i_6,-90.09533814922968
2020-04-20T17:00:00.0,bus-3-bus-4-i_6,-91.55124104831688
2020-04-20T18:00:00.0,bus-3-bus-4-i_6,-99.95312541416197
2020-04-20T19:00:00.0,bus-3-bus-4-i_6,-102.95595501849802
2020-04-20T20:00:00.0,bus-3-bus-4-i_6,-99.25551937223776
2020-04-20T21:00:00.0,bus-3-bus-4-i_6,-93.28014447259334
2020-04-20T22:00:00.0,bus-3-bus-4-i_6,-88.18446418808308
2020-04-20T23:00:00.0,bus-3-bus-4-i_6,-85.636683659861
2020-04-21T00:00:00.0,bus-3-bus-4-i_6,-84.54479196265301
2020-04-21T01:00:00.0,bus-3-bus-4-i_6,-83.69555053767176
2020-04-21T02:00:00.0,bus-3-bus-4-i_6,-83.60456114144094
2020-04-21T03:00:00.0,bus-3-bus-4-i_6,-83.87752995142729
2020-04-21T04:00:00.0,bus-3-bus-4-i_6,-85.1513973394998
2020-04-21T05:00:00.0,bus-3-bus-4-i_6,-85.84900277619178
2020-04-21T06:00:00.0,bus-3-bus-4-i_6,-87.12288628470324
2020-04-21T07:00:00.0,bus-3-bus-4-i_6,-88.6394304463921
2020-04-21T08:00:00.0,bus-3-bus-4-i_6,-90.4896387519501
2020-04-21T09:00:00.0,bus-3-bus-4-i_6,-91.24792558691327
2020-04-21T10:00:00.0,bus-3-bus-4-i_6,-91.67256731421514
2020-04-21T11:00:00.0,bus-3-bus-4-i_6,-91.85455678936822
2020-04-21T12:00:00.0,bus-3-bus-4-i_6,-90.39865272071293
2020-04-21T13:00:00.0,bus-3-bus-4-i_6,-90.03467534050742
2020-04-21T14:00:00.0,bus-3-bus-4-i_6,-89.97400499917578
2020-04-21T15:00:00.0,bus-3-bus-4-i_6,-93.06782281863636
2020-04-21T16:00:00.0,bus-3-bus-4-i_6,-92.76451702774224
2020-04-21T17:00:00.0,bus-3-bus-4-i_6,-94.00811892148855
2020-04-21T18:00:00.0,bus-3-bus-4-i_6,-102.01566209838712
2020-04-21T19:00:00.0,bus-3-bus-4-i_6,-106.23168135746064
2020-04-21T20:00:00.0,bus-3-bus-4-i_6,-101.53038494347655
2020-04-21T21:00:00.0,bus-3-bus-4-i_6,-93.46215201201149
2020-04-21T22:00:00.0,bus-3-bus-4-i_6,-88.45744371117644
2020-04-21T23:00:00.0,bus-3-bus-4-i_6,-85.78833615945263
2020-04-22T00:00:00.0,bus-3-bus-4-i_6,-84.72677152044909
2020-04-22T01:00:00.0,bus-3-bus-4-i_6,-84.21116062852167
2020-04-22T02:00:00.0,bus-3-bus-4-i_6,-84.08983983810812
2020-04-22T03:00:00.0,bus-3-bus-4-i_6,-84.5144606609167
2020-04-22T04:00:00.0,bus-3-bus-4-i_6,-86.27362213349384
2020-04-22T05:00:00.0,bus-3-bus-4-i_6,-87.1835481805873
2020-04-22T06:00:00.0,bus-3-bus-4-i_6,-88.76075494340446
2020-04-22T07:00:00.0,bus-3-bus-4-i_6,-90.51997015284275
2020-04-22T08:00:00.0,bus-3-bus-4-i_6,-92.4612000756188
2020-04-22T09:00:00.0,bus-3-bus-4-i_6,-93.34081977509285
2020-04-22T10:00:00.0,bus-3-bus-4-i_6,-94.463082675987
2020-04-22T11:00:00.0,bus-3-bus-4-i_6,-93.06782281863636
2020-04-22T12:00:00.0,bus-3-bus-4-i_6,-94.37210019376154
2020-04-22T13:00:00.0,bus-3-bus-4-i_6,-94.76641371669041
2020-04-22T14:00:00.0,bus-3-bus-4-i_6,-96.2526578182045
2020-04-22T15:00:00.0,bus-3-bus-4-i_6,-98.01190004236884
2020-04-22T16:00:00.0,bus-3-bus-4-i_6,-98.10289508670154
2020-04-22T17:00:00.0,bus-3-bus-4-i_6,-98.04223170855833
2020-04-22T18:00:00.0,bus-3-bus-4-i_6,-105.5340491167857
2020-04-22T19:00:00.0,bus-3-bus-4-i_6,-108.6884141746819
2020-04-22T20:00:00.0,bus-3-bus-4-i_6,-103.19857751281573
2020-04-22T21:00:00.0,bus-3-bus-4-i_6,-95.06973230455303
2020-04-22T22:00:00.0,bus-3-bus-4-i_6,-89.21572278623124
2020-04-22T23:00:00.0,bus-3-bus-4-i_6,-86.2432914152718
2020-04-23T00:00:00.0,bus-3-bus-4-i_6,-84.78743767297073
2020-04-23T01:00:00.0,bus-3-bus-4-i_6,-84.18082972623526
2020-04-23T02:00:00.0,bus-3-bus-4-i_6,-84.08983983810812
2020-04-23T03:00:00.0,bus-3-bus-4-i_6,-84.30214995230627
2020-04-23T04:00:00.0,bus-3-bus-4-i_6,-85.60635070117593
2020-04-23T05:00:00.0,bus-3-bus-4-i_6,-86.48594011300614
2020-04-23T06:00:00.0,bus-3-bus-4-i_6,-87.97214722464844
2020-04-23T07:00:00.0,bus-3-bus-4-i_6,-90.58063301905375
2020-04-23T08:00:00.0,bus-3-bus-4-i_6,-93.55313017497872
2020-04-23T09:00:00.0,bus-3-bus-4-i_6,-95.37303593089138
2020-04-23T10:00:00.0,bus-3-bus-4-i_6,-96.8593100752143
2020-04-23T11:00:00.0,bus-3-bus-4-i_6,-96.73796650929567
2020-04-23T12:00:00.0,bus-3-bus-4-i_6,-99.25551937223776
2020-04-23T13:00:00.0,bus-3-bus-4-i_6,-102.53131820291337
2020-04-23T14:00:00.0,bus-3-bus-4-i_6,-102.13701178545503
2020-04-23T15:00:00.0,bus-3-bus-4-i_6,-103.50191480245358
2020-04-23T16:00:00.0,bus-3-bus-4-i_6,-104.77581310275355
2020-04-23T17:00:00.0,bus-3-bus-4-i_6,-104.62415909042413
2020-04-23T18:00:00.0,bus-3-bus-4-i_6,-113.35904944301645
2020-04-23T19:00:00.0,bus-3-bus-4-i_6,-115.42124092991948
2020-04-23T20:00:00.0,bus-3-bus-4-i_6,-108.56709499910046
2020-04-23T21:00:00.0,bus-3-bus-4-i_6,-98.22422208373162
2020-04-23T22:00:00.0,bus-3-bus-4-i_6,-90.94461061499727
2020-04-23T23:00:00.0,bus-3-bus-4-i_6,-87.30486687252781
2020-04-24T00:00:00.0,bus-3-bus-4-i_6,-85.51535940121974
2020-04-24T01:00:00.0,bus-3-bus-4-i_6,-84.75710184023517
2020-04-24T02:00:00.0,bus-3-bus-4-i_6,-84.5144606609167
2020-04-24T03:00:00.0,bus-3-bus-4-i_6,-84.78743767297073
2020-04-24T04:00:00.0,bus-3-bus-4-i_6,-86.36461381775335
2020-04-24T05:00:00.0,bus-3-bus-4-i_6,-87.36552863255326
2020-04-24T06:00:00.0,bus-3-bus-4-i_6,-89.06407393908538
2020-04-24T07:00:00.0,bus-3-bus-4-i_6,-92.06687794112511
2020-04-24T08:00:00.0,bus-3-bus-4-i_6,-95.03940047744521
2020-04-24T09:00:00.0,bus-3-bus-4-i_6,-96.07066723953908
2020-04-24T10:00:00.0,bus-3-bus-4-i_6,-97.7692645736446
2020-04-24T11:00:00.0,bus-3-bus-4-i_6,-95.97967180717998
2020-04-24T12:00:00.0,bus-3-bus-4-i_6,-97.7692645736446
2020-04-24T13:00:00.0,bus-3-bus-4-i_6,-100.92373351751864
2020-04-24T14:00:00.0,bus-3-bus-4-i_6,-104.89710650243221
2020-04-24T15:00:00.0,bus-3-bus-4-i_6,-106.83828819551131
2020-04-24T16:00:00.0,bus-3-bus-4-i_6,-106.59564546633436
2020-04-24T17:00:00.0,bus-3-bus-4-i_6,-108.7490729524774
2020-04-24T18:00:00.0,bus-3-bus-4-i_6,-111.02376489050525
2020-04-24T19:00:00.0,bus-3-bus-4-i_6,-114.87541418068254
2020-04-24T20:00:00.0,bus-3-bus-4-i_6,-109.23434614456013
2020-04-24T21:00:00.0,bus-3-bus-4-i_6,-101.95499965659458
2020-04-24T22:00:00.0,bus-3-bus-4-i_6,-93.97777440901412
2020-04-24T23:00:00.0,bus-3-bus-4-i_6,-89.33704763926598
2020-04-25T00:00:00.0,bus-3-bus-4-i_6,-87.00155872233543
2020-04-25T01:00:00.0,bus-3-bus-4-i_6,-85.54569225715657
2020-04-25T02:00:00.0,bus-3-bus-4-i_6,-84.75710184023517
2020-04-25T03:00:00.0,bus-3-bus-4-i_6,-84.69644144223531
2020-04-25T04:00:00.0,bus-3-bus-4-i_6,-84.96941347520371
2020-04-25T05:00:00.0,bus-3-bus-4-i_6,-84.12017046041456
2020-04-25T06:00:00.0,bus-3-bus-4-i_6,-85.06040610226573
2020-04-25T07:00:00.0,bus-3-bus-4-i_6,-88.00247826962494
2020-04-25T08:00:00.0,bus-3-bus-4-i_6,-91.5209097226531
2020-04-25T09:00:00.0,bus-3-bus-4-i_6,-93.8867791408235
2020-04-25T10:00:00.0,bus-3-bus-4-i_6,-93.24982468277474
2020-04-25T11:00:00.0,bus-3-bus-4-i_6,-97.435614446304
2020-04-25T12:00:00.0,bus-3-bus-4-i_6,-99.58914658422103
2020-04-25T13:00:00.0,bus-3-bus-4-i_6,-100.89340193617467
2020-04-25T14:00:00.0,bus-3-bus-4-i_6,-102.19764957463036
2020-04-25T15:00:00.0,bus-3-bus-4-i_6,-101.68201790641824
2020-04-25T16:00:00.0,bus-3-bus-4-i_6,-101.80334309086305
2020-04-25T17:00:00.0,bus-3-bus-4-i_6,-99.1948616214841
2020-04-25T18:00:00.0,bus-3-bus-4-i_6,-103.7748942150444
2020-04-25T19:00:00.0,bus-3-bus-4-i_6,-107.86951003518881
2020-04-25T20:00:00.0,bus-3-bus-4-i_6,-103.44125268794919
2020-04-25T21:00:00.0,bus-3-bus-4-i_6,-97.7692645736446
2020-04-25T22:00:00.0,bus-3-bus-4-i_6,-92.06687794112511
2020-04-25T23:00:00.0,bus-3-bus-4-i_6,-88.09347118643814
2020-04-26T00:00:00.0,bus-3-bus-4-i_6,-85.84900277619178
2020-04-26T01:00:00.0,bus-3-bus-4-i_6,-84.87843133890448
2020-04-26T02:00:00.0,bus-3-bus-4-i_6,-84.33248005247466
2020-04-26T03:00:00.0,bus-3-bus-4-i_6,-84.05951021482392
2020-04-26T04:00:00.0,bus-3-bus-4-i_6,-84.21116062852167
2020-04-26T05:00:00.0,bus-3-bus-4-i_6,-83.42258207714983
2020-04-26T06:00:00.0,bus-3-bus-4-i_6,-83.78654020449
2020-04-26T07:00:00.0,bus-3-bus-4-i_6,-85.33337700295787
2020-04-26T08:00:00.0,bus-3-bus-4-i_6,-87.244211121034
2020-04-26T09:00:00.0,bus-3-bus-4-i_6,-88.48777484923286
2020-04-26T10:00:00.0,bus-3-bus-4-i_6,-89.61002923756467
2020-04-26T11:00:00.0,bus-3-bus-4-i_6,-90.3379895638798
2020-04-26T12:00:00.0,bus-3-bus-4-i_6,-90.67162736743178
2020-04-26T13:00:00.0,bus-3-bus-4-i_6,-90.91427913081876
2020-04-26T14:00:00.0,bus-3-bus-4-i_6,-91.12659954428538
2020-04-26T15:00:00.0,bus-3-bus-4-i_6,-90.9749420652546
2020-04-26T16:00:00.0,bus-3-bus-4-i_6,-91.55124104831688
2020-04-26T17:00:00.0,bus-3-bus-4-i_6,-91.49057784492383
2020-04-26T18:00:00.0,bus-3-bus-4-i_6,-96.4953121919194
2020-04-26T19:00:00.0,bus-3-bus-4-i_6,-100.98439619489241
2020-04-26T20:00:00.0,bus-3-bus-4-i_6,-97.92090482945468
2020-04-26T21:00:00.0,bus-3-bus-4-i_6,-93.0981544728167
2020-04-26T22:00:00.0,bus-3-bus-4-i_6,-88.60909937152836
2020-04-26T23:00:00.0,bus-3-bus-4-i_6,-85.78833615945263
2020-04-27T00:00:00.0,bus-3-bus-4-i_6,-84.78743767297073
2020-04-27T01:00:00.0,bus-3-bus-4-i_6,-84.15049971463408
2020-04-27T02:00:00.0,bus-3-bus-4-i_6,-84.15049983656304
2020-04-27T03:00:00.0,bus-3-bus-4-i_6,-84.30214995230627
2020-04-27T04:00:00.0,bus-3-bus-4-i_6,-85.84900277619178
2020-04-27T05:00:00.0,bus-3-bus-4-i_6,-86.48594011300614
2020-04-27T06:00:00.0,bus-3-bus-4-i_6,-87.88115428882749
2020-04-27T07:00:00.0,bus-3-bus-4-i_6,-89.2460541153377
2020-04-27T08:00:00.0,bus-3-bus-4-i_6,-91.06593657824095
2020-04-27T09:00:00.0,bus-3-bus-4-i_6,-92.82516913140462
2020-04-27T10:00:00.0,bus-3-bus-4-i_6,-94.73608187643869
2020-04-27T11:00:00.0,bus-3-bus-4-i_6,-95.64603703236307
2020-04-27T12:00:00.0,bus-3-bus-4-i_6,-97.49626047212901
2020-04-27T13:00:00.0,bus-3-bus-4-i_6,-98.10289508670154
2020-04-27T14:00:00.0,bus-3-bus-4-i_6,-99.31616212233224
2020-04-27T15:00:00.0,bus-3-bus-4-i_6,-99.5588354727278
2020-04-27T16:00:00.0,bus-3-bus-4-i_6,-99.16450394389726
2020-04-27T17:00:00.0,bus-3-bus-4-i_6,-99.16450401966404
2020-04-27T18:00:00.0,bus-3-bus-4-i_6,-105.38239640672364
2020-04-27T19:00:00.0,bus-3-bus-4-i_6,-112.41882750223144
2020-04-27T20:00:00.0,bus-3-bus-4-i_6,-107.02026866421359
2020-04-27T21:00:00.0,bus-3-bus-4-i_6,-98.43656328080883
2020-04-27T22:00:00.0,bus-3-bus-4-i_6,-90.76262175303481
2020-04-27T23:00:00.0,bus-3-bus-4-i_6,-86.94090131552512
2020-04-28T00:00:00.0,bus-3-bus-4-i_6,-85.48503136284282
2020-04-28T01:00:00.0,bus-3-bus-4-i_6,-84.75710184023517
2020-04-28T02:00:00.0,bus-3-bus-4-i_6,-84.5144606609167
2020-04-28T03:00:00.0,bus-3-bus-4-i_6,-84.93908488525818
2020-04-28T04:00:00.0,bus-3-bus-4-i_6,-86.66792451776799
2020-04-28T05:00:00.0,bus-3-bus-4-i_6,-86.91057101553218
2020-04-28T06:00:00.0,bus-3-bus-4-i_6,-89.15506039315038
2020-04-28T07:00:00.0,bus-3-bus-4-i_6,-92.88583651892888
2020-04-28T08:00:00.0,bus-3-bus-4-i_6,-95.79769670512508
2020-04-28T09:00:00.0,bus-3-bus-4-i_6,-98.1635587376527
2020-04-28T10:00:00.0,bus-3-bus-4-i_6,-101.16640822022731
2020-04-28T11:00:00.0,bus-3-bus-4-i_6,-103.5322458505405
2020-04-28T12:00:00.0,bus-3-bus-4-i_6,-105.95867563986513
2020-04-28T13:00:00.0,bus-3-bus-4-i_6,-108.90072090765952
2020-04-28T14:00:00.0,bus-3-bus-4-i_6,-110.75080615802328
2020-04-28T15:00:00.0,bus-3-bus-4-i_6,-111.7212774334174
2020-04-28T16:00:00.0,bus-3-bus-4-i_6,-110.0229087134093
2020-04-28T17:00:00.0,bus-3-bus-4-i_6,-107.32357069469955
2020-04-28T18:00:00.0,bus-3-bus-4-i_6,-113.14674923725525
2020-04-28T19:00:00.0,bus-3-bus-4-i_6,-116.058127876338
2020-04-28T20:00:00.0,bus-3-bus-4-i_6,-108.7490729524774
2020-04-28T21:00:00.0,bus-3-bus-4-i_6,-99.95312541416197
2020-04-28T22:00:00.0,bus-3-bus-4-i_6,-91.85455678936822
2020-04-28T23:00:00.0,bus-3-bus-4-i_6,-87.69917354933186
2020-04-29T00:00:00.0,bus-3-bus-4-i_6,-86.0309805725164
2020-04-29T01:00:00.0,bus-3-bus-4-i_6,-84.93908488525818
2020-04-29T02:00:00.0,bus-3-bus-4-i_6,-84.60545232528003
2020-04-29T03:00:00.0,bus-3-bus-4-i_6,-84.75710184023517
2020-04-29T04:00:00.0,bus-3-bus-4-i_6,-86.15229966181447
2020-04-29T05:00:00.0,bus-3-bus-4-i_6,-86.51626715123484
2020-04-29T06:00:00.0,bus-3-bus-4-i_6,-88.6697616687949
2020-04-29T07:00:00.0,bus-3-bus-4-i_6,-92.03654645197228
2020-04-29T08:00:00.0,bus-3-bus-4-i_6,-96.46498033879831
2020-04-29T09:00:00.0,bus-3-bus-4-i_6,-99.07353042286657
2020-04-29T10:00:00.0,bus-3-bus-4-i_6,-101.31804163752815
2020-04-29T11:00:00.0,bus-3-bus-4-i_6,-101.22704757040688
2020-04-29T12:00:00.0,bus-3-bus-4-i_6,-103.59290743857645
2020-04-29T13:00:00.0,bus-3-bus-4-i_6,-105.74636258907613
2020-04-29T14:00:00.0,bus-3-bus-4-i_6,-106.38330057087069
2020-04-29T15:00:00.0,bus-3-bus-4-i_6,-105.5340491167857
2020-04-29T16:00:00.0,bus-3-bus-4-i_6,-103.19857751281573
2020-04-29T17:00:00.0,bus-3-bus-4-i_6,-102.47065528698869
2020-04-29T18:00:00.0,bus-3-bus-4-i_6,-111.53935296635116
2020-04-29T19:00:00.0,bus-3-bus-4-i_6,-114.89828253160357
2020-04-29T20:00:00.0,bus-3-bus-4-i_6,-109.84095029191509
2020-04-29T21:00:00.0,bus-3-bus-4-i_6,-99.89246234996702
2020-04-29T22:00:00.0,bus-3-bus-4-i_6,-92.49152092001579
2020-04-29T23:00:00.0,bus-3-bus-4-i_6,-88.21479528159074
2020-04-30T00:00:00.0,bus-3-bus-4-i_6,-86.18263351694434
2020-04-30T01:00:00.0,bus-3-bus-4-i_6,-85.18172547173164
2020-04-30T02:00:00.0,bus-3-bus-4-i_6,-84.84809247841432
2020-04-30T03:00:00.0,bus-3-bus-4-i_6,-85.09073455055724
2020-04-30T04:00:00.0,bus-3-bus-4-i_6,-86.8499085725087
2020-04-30T05:00:00.0,bus-3-bus-4-i_6,-88.27545732870176
2020-04-30T06:00:00.0,bus-3-bus-4-i_6,-90.12566991469768
2020-04-30T07:00:00.0,bus-3-bus-4-i_6,-92.91616416980264
2020-04-30T08:00:00.0,bus-3-bus-4-i_6,-96.95030552719092
2020-04-30T09:00:00.0,bus-3-bus-4-i_6,-100.49909287691297
2020-04-30T10:00:00.0,bus-3-bus-4-i_6,-102.68294883646473
2020-04-30T11:00:00.0,bus-3-bus-4-i_6,-104.92743731504032
2020-04-30T12:00:00.0,bus-3-bus-4-i_6,-104.59382958074428
2020-04-30T13:00:00.0,bus-3-bus-4-i_6,-100.92373351751864
2020-04-30T14:00:00.0,bus-3-bus-4-i_6,-100.55975580785763
2020-04-30T15:00:00.0,bus-3-bus-4-i_6,-101.04508237544736
2020-04-30T16:00:00.0,bus-3-bus-4-i_6,-100.04414101771282
2020-04-30T17:00:00.0,bus-3-bus-4-i_6,-102.10668047984495
2020-04-30T18:00:00.0,bus-3-bus-4-i_6,-108.84006742055534
2020-04-30T19:00:00.0,bus-3-bus-4-i_6,-111.26649195264133
2020-04-30T20:00:00.0,bus-3-bus-4-i_6,-105.44305746305646
2020-04-30T21:00:00.0,bus-3-bus-4-i_6,-97.37495084799966
2020-04-30T22:00:00.0,bus-3-bus-4-i_6,-91.1872625814745
2020-04-30T23:00:00.0,bus-3-bus-4-i_6,-87.48685215835069
2020-05-01T00:00:00.0,bus-3-bus-4-i_6,-81.147877993867
2020-05-01T01:00:00.0,bus-3-bus-4-i_6,-79.78308156230068
2020-05-01T02:00:00.0,bus-3-bus-4-i_6,-79.05520220563264
2020-05-01T03:00:00.0,bus-3-bus-4-i_6,-79.66177283831247
2020-05-01T04:00:00.0,bus-3-bus-4-i_6,-81.45116831986353
2020-05-01T05:00:00.0,bus-3-bus-4-i_6,-81.7544574733601
2020-05-01T06:00:00.0,bus-3-bus-4-i_6,-84.54479196265301
2020-05-01T07:00:00.0,bus-3-bus-4-i_6,-87.79016126106116
2020-05-01T08:00:00.0,bus-3-bus-4-i_6,-91.27826651928252
2020-05-01T09:00:00.0,bus-3-bus-4-i_6,-93.12848601951646
2020-05-01T10:00:00.0,bus-3-bus-4-i_6,-95.70670083427224
2020-05-01T11:00:00.0,bus-3-bus-4-i_6,-98.1938904417318
2020-05-01T12:00:00.0,bus-3-bus-4-i_6,-100.74174457042872
2020-05-01T13:00:00.0,bus-3-bus-4-i_6,-103.07727903965853
2020-05-01T14:00:00.0,bus-3-bus-4-i_6,-105.7160321111436
2020-05-01T15:00:00.0,bus-3-bus-4-i_6,-107.74818976450811
2020-05-01T16:00:00.0,bus-3-bus-4-i_6,-108.44577613565265
2020-05-01T17:00:00.0,bus-3-bus-4-i_6,-107.56621036567167
2020-05-01T18:00:00.0,bus-3-bus-4-i_6,-108.87039124078264
2020-05-01T19:00:00.0,bus-3-bus-4-i_6,-109.38599281937032
2020-05-01T20:00:00.0,bus-3-bus-4-i_6,-105.5340491167857
2020-05-01T21:00:00.0,bus-3-bus-4-i_6,-100.74174457042872
2020-05-01T22:00:00.0,bus-3-bus-4-i_6,-94.82706372477499
2020-05-01T23:00:00.0,bus-3-bus-4-i_6,-89.54936655066922
2020-05-02T00:00:00.0,bus-3-bus-4-i_6,-86.3949480552032
2020-05-02T01:00:00.0,bus-3-bus-4-i_6,-83.69555053767176
2020-05-02T02:00:00.0,bus-3-bus-4-i_6,-82.3307149037275
2020-05-02T03:00:00.0,bus-3-bus-4-i_6,-81.42083919365523
2020-05-02T04:00:00.0,bus-3-bus-4-i_6,-80.99623000670384
2020-05-02T05:00:00.0,bus-3-bus-4-i_6,-79.60111102367402
2020-05-02T06:00:00.0,bus-3-bus-4-i_6,-82.3003872504358
2020-05-02T07:00:00.0,bus-3-bus-4-i_6,-87.06222510582845
2020-05-02T08:00:00.0,bus-3-bus-4-i_6,-90.27731886651657
2020-05-02T09:00:00.0,bus-3-bus-4-i_6,-95.91900823088905
2020-05-02T10:00:00.0,bus-3-bus-4-i_6,-98.58822196012262
2020-05-02T11:00:00.0,bus-3-bus-4-i_6,-101.34837314786536
2020-05-02T12:00:00.0,bus-3-bus-4-i_6,-103.50191480245358
2020-05-02T13:00:00.0,bus-3-bus-4-i_6,-106.07999712801866
2020-05-02T14:00:00.0,bus-3-bus-4-i_6,-108.90072090765952
2020-05-02T15:00:00.0,bus-3-bus-4-i_6,-111.2360664885829
2020-05-02T16:00:00.0,bus-3-bus-4-i_6,-111.96395186065264
2020-05-02T17:00:00.0,bus-3-bus-4-i_6,-110.08356706749254
2020-05-02T18:00:00.0,bus-3-bus-4-i_6,-110.11389620100702
2020-05-02T19:00:00.0,bus-3-bus-4-i_6,-110.50817405406744
2020-05-02T20:00:00.0,bus-3-bus-4-i_6,-107.11122507596009
2020-05-02T21:00:00.0,bus-3-bus-4-i_6,-102.56162395563906
2020-05-02T22:00:00.0,bus-3-bus-4-i_6,-96.82896169026908
2020-05-02T23:00:00.0,bus-3-bus-4-i_6,-91.30859808477227
2020-05-03T00:00:00.0,bus-3-bus-4-i_6,-87.33520238654116
2020-05-03T01:00:00.0,bus-3-bus-4-i_6,-84.33248005247466
2020-05-03T02:00:00.0,bus-3-bus-4-i_6,-82.54302275292153
2020-05-03T03:00:00.0,bus-3-bus-4-i_6,-81.66346980479982
2020-05-03T04:00:00.0,bus-3-bus-4-i_6,-80.99623000670384
2020-05-03T05:00:00.0,bus-3-bus-4-i_6,-78.6609438621168
2020-05-03T06:00:00.0,bus-3-bus-4-i_6,-81.45116831986353
2020-05-03T07:00:00.0,bus-3-bus-4-i_6,-86.33428321453955
2020-05-03T08:00:00.0,bus-3-bus-4-i_6,-92.15787294288626
2020-05-03T09:00:00.0,bus-3-bus-4-i_6,-97.5265922096567
2020-05-03T10:00:00.0,bus-3-bus-4-i_6,-102.10668047984495
2020-05-03T11:00:00.0,bus-3-bus-4-i_6,-105.8070555037527
2020-05-03T12:00:00.0,bus-3-bus-4-i_6,-109.29500423271496
2020-05-03T13:00:00.0,bus-3-bus-4-i_6,-112.99511003003207
2020-05-03T14:00:00.0,bus-3-bus-4-i_6,-115.9974815531794
2020-05-03T15:00:00.0,bus-3-bus-4-i_6,-114.23683758897634
2020-05-03T16:00:00.0,bus-3-bus-4-i_6,-116.49176566959407
2020-05-03T17:00:00.0,bus-3-bus-4-i_6,-110.78113454790312
2020-05-03T18:00:00.0,bus-3-bus-4-i_6,-112.20659365735268
2020-05-03T19:00:00.0,bus-3-bus-4-i_6,-114.75410843480705
2020-05-03T20:00:00.0,bus-3-bus-4-i_6,-110.81146393875451
2020-05-03T21:00:00.0,bus-3-bus-4-i_6,-104.22982972402579
2020-05-03T22:00:00.0,bus-3-bus-4-i_6,-97.07163278329904
2020-05-03T23:00:00.0,bus-3-bus-4-i_6,-91.39958323182883
2020-05-04T00:00:00.0,bus-3-bus-4-i_6,-87.63851158665514
2020-05-04T01:00:00.0,bus-3-bus-4-i_6,-85.33337700295787
2020-05-04T02:00:00.0,bus-3-bus-4-i_6,-83.72588542213046
2020-05-04T03:00:00.0,bus-3-bus-4-i_6,-83.21027395851154
2020-05-04T04:00:00.0,bus-3-bus-4-i_6,-83.90786039989449
2020-05-04T05:00:00.0,bus-3-bus-4-i_6,-84.69644144223531
2020-05-04T06:00:00.0,bus-3-bus-4-i_6,-89.54936655066922
2020-05-04T07:00:00.0,bus-3-bus-4-i_6,-94.88774100628538
2020-05-04T08:00:00.0,bus-3-bus-4-i_6,-101.62137898891518
2020-05-04T09:00:00.0,bus-3-bus-4-i_6,-107.71782480678824
2020-05-04T10:00:00.0,bus-3-bus-4-i_6,-112.99511003003207
2020-05-04T11:00:00.0,bus-3-bus-4-i_6,-116.63353078879359
2020-05-04T12:00:00.0,bus-3-bus-4-i_6,-111.98877231753261
2020-05-04T13:00:00.0,bus-3-bus-4-i_6,-113.54682746586526
2020-05-04T14:00:00.0,bus-3-bus-4-i_6,-113.75352951555158
2020-05-04T15:00:00.0,bus-3-bus-4-i_6,-113.8223651494088
2020-05-04T16:00:00.0,bus-3-bus-4-i_6,-115.49066075965948
2020-05-04T17:00:00.0,bus-3-bus-4-i_6,-113.66166896142494
2020-05-04T18:00:00.0,bus-3-bus-4-i_6,-113.87967873688281
2020-05-04T19:00:00.0,bus-3-bus-4-i_6,-114.25760834673717
2020-05-04T20:00:00.0,bus-3-bus-4-i_6,-111.717276930717
2020-05-04T21:00:00.0,bus-3-bus-4-i_6,-109.99258003149792
2020-05-04T22:00:00.0,bus-3-bus-4-i_6,-101.40905970249186
2020-05-04T23:00:00.0,bus-3-bus-4-i_6,-94.70573674131828
2020-05-05T00:00:00.0,bus-3-bus-4-i_6,-90.27731886651657
2020-05-05T01:00:00.0,bus-3-bus-4-i_6,-87.5475138778758
2020-05-05T02:00:00.0,bus-3-bus-4-i_6,-85.90965830290385
2020-05-05T03:00:00.0,bus-3-bus-4-i_6,-85.66701414368461
2020-05-05T04:00:00.0,bus-3-bus-4-i_6,-86.6982513373466
2020-05-05T05:00:00.0,bus-3-bus-4-i_6,-87.69917354933186
2020-05-05T06:00:00.0,bus-3-bus-4-i_6,-92.49152092001579
2020-05-05T07:00:00.0,bus-3-bus-4-i_6,-98.77019255152875
2020-05-05T08:00:00.0,bus-3-bus-4-i_6,-104.4421736876109
2020-05-05T09:00:00.0,bus-3-bus-4-i_6,-110.38685718800798
2020-05-05T10:00:00.0,bus-3-bus-4-i_6,-116.53679049222967
2020-05-05T11:00:00.0,bus-3-bus-4-i_6,-112.16561309438448
2020-05-05T12:00:00.0,bus-3-bus-4-i_6,-113.7764673142271
2020-05-05T13:00:00.0,bus-3-bus-4-i_6,-119.79470273077517
2020-05-05T14:00:00.0,bus-3-bus-4-i_6,-122.15115281990015
2020-05-05T15:00:00.0,bus-3-bus-4-i_6,-125.09716651331316
2020-05-05T16:00:00.0,bus-3-bus-4-i_6,-123.23884731321853
2020-05-05T17:00:00.0,bus-3-bus-4-i_6,-118.43543012173177
2020-05-05T18:00:00.0,bus-3-bus-4-i_6,-117.52928892286425
2020-05-05T19:00:00.0,bus-3-bus-4-i_6,-116.12487248510735
2020-05-05T20:00:00.0,bus-3-bus-4-i_6,-111.96518025258197
2020-05-05T21:00:00.0,bus-3-bus-4-i_6,-110.14423368791932
2020-05-05T22:00:00.0,bus-3-bus-4-i_6,-101.77301187112835
2020-05-05T23:00:00.0,bus-3-bus-4-i_6,-95.6157061478498
2020-05-06T00:00:00.0,bus-3-bus-4-i_6,-91.39958323182883
2020-05-06T01:00:00.0,bus-3-bus-4-i_6,-88.91241736860609
2020-05-06T02:00:00.0,bus-3-bus-4-i_6,-87.00155872233543
2020-05-06T03:00:00.0,bus-3-bus-4-i_6,-86.7285820668694
2020-05-06T04:00:00.0,bus-3-bus-4-i_6,-88.03280924986872
2020-05-06T05:00:00.0,bus-3-bus-4-i_6,-89.03373553858589
2020-05-06T06:00:00.0,bus-3-bus-4-i_6,-93.37113970495888
2020-05-06T07:00:00.0,bus-3-bus-4-i_6,-98.92187078362143
2020-05-06T08:00:00.0,bus-3-bus-4-i_6,-104.53313770631614
2020-05-06T09:00:00.0,bus-3-bus-4-i_6,-109.08269819344343
2020-05-06T10:00:00.0,bus-3-bus-4-i_6,-113.2680660313326
2020-05-06T11:00:00.0,bus-3-bus-4-i_6,-116.38989504081914
2020-05-06T12:00:00.0,bus-3-bus-4-i_6,-111.44537303361157
2020-05-06T13:00:00.0,bus-3-bus-4-i_6,-112.74034803845119
2020-05-06T14:00:00.0,bus-3-bus-4-i_6,-113.76499311928376
2020-05-06T15:00:00.0,bus-3-bus-4-i_6,-113.4088587613027
2020-05-06T16:00:00.0,bus-3-bus-4-i_6,-112.9019461928656
2020-05-06T17:00:00.0,bus-3-bus-4-i_6,-112.1184731949783
2020-05-06T18:00:00.0,bus-3-bus-4-i_6,-112.07132014379249
2020-05-06T19:00:00.0,bus-3-bus-4-i_6,-112.33546241607017
2020-05-06T20:00:00.0,bus-3-bus-4-i_6,-115.60325114393049
2020-05-06T21:00:00.0,bus-3-bus-4-i_6,-107.89983993476575
2020-05-06T22:00:00.0,bus-3-bus-4-i_6,-99.83181861785155
2020-05-06T23:00:00.0,bus-3-bus-4-i_6,-93.6744690495999
2020-05-07T00:00:00.0,bus-3-bus-4-i_6,-89.97400499917578
2020-05-07T01:00:00.0,bus-3-bus-4-i_6,-87.51718306747097
2020-05-07T02:00:00.0,bus-3-bus-4-i_6,-85.97032503966832
2020-05-07T03:00:00.0,bus-3-bus-4-i_6,-86.06130806554306
2020-05-07T04:00:00.0,bus-3-bus-4-i_6,-87.51718306747097
2020-05-07T05:00:00.0,bus-3-bus-4-i_6,-88.36645643752435
2020-05-07T06:00:00.0,bus-3-bus-4-i_6,-91.82422509877492
2020-05-07T07:00:00.0,bus-3-bus-4-i_6,-94.79673204495896
2020-05-07T08:00:00.0,bus-3-bus-4-i_6,-99.40715694171602
2020-05-07T09:00:00.0,bus-3-bus-4-i_6,-101.43939111521117
2020-05-07T10:00:00.0,bus-3-bus-4-i_6,-104.22982972402579
2020-05-07T11:00:00.0,bus-3-bus-4-i_6,-106.07999712801866
2020-05-07T12:00:00.0,bus-3-bus-4-i_6,-109.4769810039406
2020-05-07T13:00:00.0,bus-3-bus-4-i_6,-112.29751485919914
2020-05-07T14:00:00.0,bus-3-bus-4-i_6,-114.2991987770358
2020-05-07T15:00:00.0,bus-3-bus-4-i_6,-115.42124092991948
2020-05-07T16:00:00.0,bus-3-bus-4-i_6,-114.2991987770358
2020-05-07T17:00:00.0,bus-3-bus-4-i_6,-110.90245001692267
2020-05-07T18:00:00.0,bus-3-bus-4-i_6,-110.65977531481172
2020-05-07T19:00:00.0,bus-3-bus-4-i_6,-112.78281402142424
2020-05-07T20:00:00.0,bus-3-bus-4-i_6,-108.0514900440713
2020-05-07T21:00:00.0,bus-3-bus-4-i_6,-101.04508237544736
2020-05-07T22:00:00.0,bus-3-bus-4-i_6,-93.97777440901412
2020-05-07T23:00:00.0,bus-3-bus-4-i_6,-88.91241736860609
2020-05-08T00:00:00.0,bus-3-bus-4-i_6,-85.66701414368461
2020-05-08T01:00:00.0,bus-3-bus-4-i_6,-83.48324168119392
2020-05-08T02:00:00.0,bus-3-bus-4-i_6,-82.20939734230792
2020-05-08T03:00:00.0,bus-3-bus-4-i_6,-82.6946692179301
2020-05-08T04:00:00.0,bus-3-bus-4-i_6,-84.12017046041456
2020-05-08T05:00:00.0,bus-3-bus-4-i_6,-85.03007578509079
2020-05-08T06:00:00.0,bus-3-bus-4-i_6,-88.48777484923286
2020-05-08T07:00:00.0,bus-3-bus-4-i_6,-93.37113970495888
2020-05-08T08:00:00.0,bus-3-bus-4-i_6,-97.28393835149099
2020-05-08T09:00:00.0,bus-3-bus-4-i_6,-99.86215171544166
2020-05-08T10:00:00.0,bus-3-bus-4-i_6,-101.16640822022731
2020-05-08T11:00:00.0,bus-3-bus-4-i_6,-101.40905970249186
2020-05-08T12:00:00.0,bus-3-bus-4-i_6,-101.04508237544736
2020-05-08T13:00:00.0,bus-3-bus-4-i_6,-101.34837314786536
2020-05-08T14:00:00.0,bus-3-bus-4-i_6,-103.25926617824885
2020-05-08T15:00:00.0,bus-3-bus-4-i_6,-105.04875969345133
2020-05-08T16:00:00.0,bus-3-bus-4-i_6,-105.5644105088987
2020-05-08T17:00:00.0,bus-3-bus-4-i_6,-104.4421736876109
2020-05-08T18:00:00.0,bus-3-bus-4-i_6,-104.74548221097454
2020-05-08T19:00:00.0,bus-3-bus-4-i_6,-106.62597637263332
2020-05-08T20:00:00.0,bus-3-bus-4-i_6,-102.98628617265106
2020-05-08T21:00:00.0,bus-3-bus-4-i_6,-97.7389144649189
2020-05-08T22:00:00.0,bus-3-bus-4-i_6,-91.97588322119073
2020-05-08T23:00:00.0,bus-3-bus-4-i_6,-87.244211121034
2020-05-09T00:00:00.0,bus-3-bus-4-i_6,-83.9685198710831
2020-05-09T01:00:00.0,bus-3-bus-4-i_6,-82.05775234112723
2020-05-09T02:00:00.0,bus-3-bus-4-i_6,-80.57162967028755
2020-05-09T03:00:00.0,bus-3-bus-4-i_6,-80.41998608438607
2020-05-09T04:00:00.0,bus-3-bus-4-i_6,-79.99538116961335
2020-05-09T05:00:00.0,bus-3-bus-4-i_6,-78.90356162947666
2020-05-09T06:00:00.0,bus-3-bus-4-i_6,-81.54215306012303
2020-05-09T07:00:00.0,bus-3-bus-4-i_6,-85.93998885854717
2020-05-09T08:00:00.0,bus-3-bus-4-i_6,-90.55030163724001
2020-05-09T09:00:00.0,bus-3-bus-4-i_6,-94.463082675987
2020-05-09T10:00:00.0,bus-3-bus-4-i_6,-97.22329183004845
2020-05-09T11:00:00.0,bus-3-bus-4-i_6,-100.10480503357809
2020-05-09T12:00:00.0,bus-3-bus-4-i_6,-102.95595501849802
2020-05-09T13:00:00.0,bus-3-bus-4-i_6,-106.5653152685837
2020-05-09T14:00:00.0,bus-3-bus-4-i_6,-109.29500423271496
2020-05-09T15:00:00.0,bus-3-bus-4-i_6,-111.17540822611589
2020-05-09T16:00:00.0,bus-3-bus-4-i_6,-111.7212774334174
2020-05-09T17:00:00.0,bus-3-bus-4-i_6,-110.05323788729203
2020-05-09T18:00:00.0,bus-3-bus-4-i_6,-108.93105099132391
2020-05-09T19:00:00.0,bus-3-bus-4-i_6,-110.65977531481172
2020-05-09T20:00:00.0,bus-3-bus-4-i_6,-106.50465450769431
2020-05-09T21:00:00.0,bus-3-bus-4-i_6,-101.46969853162358
2020-05-09T22:00:00.0,bus-3-bus-4-i_6,-95.25172327838396
2020-05-09T23:00:00.0,bus-3-bus-4-i_6,-90.15599333645662
2020-05-10T00:00:00.0,bus-3-bus-4-i_6,-86.18263351694434
2020-05-10T01:00:00.0,bus-3-bus-4-i_6,-83.93819038314567
2020-05-10T02:00:00.0,bus-3-bus-4-i_6,-82.3003872504358
2020-05-10T03:00:00.0,bus-3-bus-4-i_6,-81.7544574733601
2020-05-10T04:00:00.0,bus-3-bus-4-i_6,-80.90524658524286
2020-05-10T05:00:00.0,bus-3-bus-4-i_6,-78.90356162947666
2020-05-10T06:00:00.0,bus-3-bus-4-i_6,-81.93643513653537
2020-05-10T07:00:00.0,bus-3-bus-4-i_6,-86.94090131552512
2020-05-10T08:00:00.0,bus-3-bus-4-i_6,-92.64319018605033
2020-05-10T09:00:00.0,bus-3-bus-4-i_6,-98.28490404611819
2020-05-10T10:00:00.0,bus-3-bus-4-i_6,-103.25926617824885
2020-05-10T11:00:00.0,bus-3-bus-4-i_6,-107.83918011235114
2020-05-10T12:00:00.0,bus-3-bus-4-i_6,-107.6875303514143
2020-05-10T13:00:00.0,bus-3-bus-4-i_6,-113.90494249308576
2020-05-10T14:00:00.0,bus-3-bus-4-i_6,-111.82979034127527
2020-05-10T15:00:00.0,bus-3-bus-4-i_6,-112.19641119261298
2020-05-10T16:00:00.0,bus-3-bus-4-i_6,-112.3122725602185
2020-05-10T17:00:00.0,bus-3-bus-4-i_6,-111.7645228827426
2020-05-10T18:00:00.0,bus-3-bus-4-i_6,-111.37437452329206
2020-05-10T19:00:00.0,bus-3-bus-4-i_6,-111.74090145132678
2020-05-10T20:00:00.0,bus-3-bus-4-i_6,-114.17788943662414
2020-05-10T21:00:00.0,bus-3-bus-4-i_6,-108.38508000073818
2020-05-10T22:00:00.0,bus-3-bus-4-i_6,-101.1360533579139
2020-05-10T23:00:00.0,bus-3-bus-4-i_6,-94.67540492212837
2020-05-11T00:00:00.0,bus-3-bus-4-i_6,-90.51997015284275
2020-05-11T01:00:00.0,bus-3-bus-4-i_6,-87.91148517661055
2020-05-11T02:00:00.0,bus-3-bus-4-i_6,-85.93998885854717
2020-05-11T03:00:00.0,bus-3-bus-4-i_6,-85.90965830290385
2020-05-11T04:00:00.0,bus-3-bus-4-i_6,-86.9712326357521
2020-05-11T05:00:00.0,bus-3-bus-4-i_6,-88.21479528159074
2020-05-11T06:00:00.0,bus-3-bus-4-i_6,-93.46215201201149
2020-05-11T07:00:00.0,bus-3-bus-4-i_6,-99.80146776220754
2020-05-11T08:00:00.0,bus-3-bus-4-i_6,-105.07909056774783
2020-05-11T09:00:00.0,bus-3-bus-4-i_6,-110.50817405406744
2020-05-11T10:00:00.0,bus-3-bus-4-i_6,-116.2097286785248
2020-05-11T11:00:00.0,bus-3-bus-4-i_6,-112.26595241860609
2020-05-11T12:00:00.0,bus-3-bus-4-i_6,-113.73056531310688
2020-05-11T13:00:00.0,bus-3-bus-4-i_6,-120.11194150193867
2020-05-11T14:00:00.0,bus-3-bus-4-i_6,-128.40642732186987
2020-05-11T15:00:00.0,bus-3-bus-4-i_6,-132.35125884215208
2020-05-11T16:00:00.0,bus-3-bus-4-i_6,-130.9001698673533
2020-05-11T17:00:00.0,bus-3-bus-4-i_6,-124.37194253559052
2020-05-11T18:00:00.0,bus-3-bus-4-i_6,-121.87924103008791
2020-05-11T19:00:00.0,bus-3-bus-4-i_6,-122.559029471365
2020-05-11T20:00:00.0,bus-3-bus-4-i_6,-114.07447379808495
2020-05-11T21:00:00.0,bus-3-bus-4-i_6,-116.53679049222967
2020-05-11T22:00:00.0,bus-3-bus-4-i_6,-106.14069061887506
2020-05-11T23:00:00.0,bus-3-bus-4-i_6,-98.34556804797239
2020-05-12T00:00:00.0,bus-3-bus-4-i_6,-93.55313017497872
2020-05-12T01:00:00.0,bus-3-bus-4-i_6,-90.18632471684543
2020-05-12T02:00:00.0,bus-3-bus-4-i_6,-88.21479528159074
2020-05-12T03:00:00.0,bus-3-bus-4-i_6,-88.12380207290587
2020-05-12T04:00:00.0,bus-3-bus-4-i_6,-88.76075494340446
2020-05-12T05:00:00.0,bus-3-bus-4-i_6,-89.97400499917578
2020-05-12T06:00:00.0,bus-3-bus-4-i_6,-95.49436319069463
2020-05-12T07:00:00.0,bus-3-bus-4-i_6,-101.19671601834904
2020-05-12T08:00:00.0,bus-3-bus-4-i_6,-107.32357069469955
2020-05-12T09:00:00.0,bus-3-bus-4-i_6,-112.20659365735268
2020-05-12T10:00:00.0,bus-3-bus-4-i_6,-115.9974815531794
2020-05-12T11:00:00.0,bus-3-bus-4-i_6,-111.50455513673234
2020-05-12T12:00:00.0,bus-3-bus-4-i_6,-112.34704438452361
2020-05-12T13:00:00.0,bus-3-bus-4-i_6,-113.94848572628118
2020-05-12T14:00:00.0,bus-3-bus-4-i_6,-119.65880317195933
2020-05-12T15:00:00.0,bus-3-bus-4-i_6,-123.37481443258378
2020-05-12T16:00:00.0,bus-3-bus-4-i_6,-123.05755975301173
2020-05-12T17:00:00.0,bus-3-bus-4-i_6,-116.94032506275943
2020-05-12T18:00:00.0,bus-3-bus-4-i_6,-114.06302222388875
2020-05-12T19:00:00.0,bus-3-bus-4-i_6,-113.87967873688281
2020-05-12T20:00:00.0,bus-3-bus-4-i_6,-111.52816961279237
2020-05-12T21:00:00.0,bus-3-bus-4-i_6,-110.0229087134093
2020-05-12T22:00:00.0,bus-3-bus-4-i_6,-100.7114355009267
2020-05-12T23:00:00.0,bus-3-bus-4-i_6,-94.22044114847354
2020-05-13T00:00:00.0,bus-3-bus-4-i_6,-89.91334248239941
2020-05-13T01:00:00.0,bus-3-bus-4-i_6,-87.00155872233543
2020-05-13T02:00:00.0,bus-3-bus-4-i_6,-85.1513973394998
2020-05-13T03:00:00.0,bus-3-bus-4-i_6,-84.93908488525818
2020-05-13T04:00:00.0,bus-3-bus-4-i_6,-85.87933333414381
2020-05-13T05:00:00.0,bus-3-bus-4-i_6,-87.42619037377082
2020-05-13T06:00:00.0,bus-3-bus-4-i_6,-93.85645973369812
2020-05-13T07:00:00.0,bus-3-bus-4-i_6,-96.95030552719092
2020-05-13T08:00:00.0,bus-3-bus-4-i_6,-102.83460451127348
2020-05-13T09:00:00.0,bus-3-bus-4-i_6,-106.98993853428043
2020-05-13T10:00:00.0,bus-3-bus-4-i_6,-110.08356706749254
2020-05-13T11:00:00.0,bus-3-bus-4-i_6,-113.2680660313326
2020-05-13T12:00:00.0,bus-3-bus-4-i_6,-115.75483314641828
2020-05-13T13:00:00.0,bus-3-bus-4-i_6,-112.13025947517403
2020-05-13T14:00:00.0,bus-3-bus-4-i_6,-113.9599460139872
2020-05-13T15:00:00.0,bus-3-bus-4-i_6,-117.30273257915371
2020-05-13T16:00:00.0,bus-3-bus-4-i_6,-117.66517732370278
2020-05-13T17:00:00.0,bus-3-bus-4-i_6,-113.67316823245146
2020-05-13T18:00:00.0,bus-3-bus-4-i_6,-112.77496707647057
2020-05-13T19:00:00.0,bus-3-bus-4-i_6,-112.84423602923346
2020-05-13T20:00:00.0,bus-3-bus-4-i_6,-116.49176566959407
2020-05-13T21:00:00.0,bus-3-bus-4-i_6,-107.71782480678824
2020-05-13T22:00:00.0,bus-3-bus-4-i_6,-99.22516715543152
2020-05-13T23:00:00.0,bus-3-bus-4-i_6,-92.73417404641457
2020-05-14T00:00:00.0,bus-3-bus-4-i_6,-88.45744371117644
2020-05-14T01:00:00.0,bus-3-bus-4-i_6,-85.69734196171233
2020-05-14T02:00:00.0,bus-3-bus-4-i_6,-84.5144606609167
2020-05-14T03:00:00.0,bus-3-bus-4-i_6,-84.21116062852167
2020-05-14T04:00:00.0,bus-3-bus-4-i_6,-85.51535940121974
2020-05-14T05:00:00.0,bus-3-bus-4-i_6,-86.6982513373466
2020-05-14T06:00:00.0,bus-3-bus-4-i_6,-91.24792558691327
2020-05-14T07:00:00.0,bus-3-bus-4-i_6,-96.4953121919194
2020-05-14T08:00:00.0,bus-3-bus-4-i_6,-102.62231194784962
2020-05-14T09:00:00.0,bus-3-bus-4-i_6,-106.62597637263332
2020-05-14T10:00:00.0,bus-3-bus-4-i_6,-110.08356706749254
2020-05-14T11:00:00.0,bus-3-bus-4-i_6,-116.38989504081914
2020-05-14T12:00:00.0,bus-3-bus-4-i_6,-112.27753956439219
2020-05-14T13:00:00.0,bus-3-bus-4-i_6,-114.29191641610852
2020-05-14T14:00:00.0,bus-3-bus-4-i_6,-121.96987780480609
2020-05-14T15:00:00.0,bus-3-bus-4-i_6,-126.32105804573027
2020-05-14T16:00:00.0,bus-3-bus-4-i_6,-123.60144229163434
2020-05-14T17:00:00.0,bus-3-bus-4-i_6,-120.74632547794111
2020-05-14T18:00:00.0,bus-3-bus-4-i_6,-117.2121517245468
2020-05-14T19:00:00.0,bus-3-bus-4-i_6,-115.89833757654185
2020-05-14T20:00:00.0,bus-3-bus-4-i_6,-111.96518025258197
2020-05-14T21:00:00.0,bus-3-bus-4-i_6,-110.65977531481172
2020-05-14T22:00:00.0,bus-3-bus-4-i_6,-101.50002982841941
2020-05-14T23:00:00.0,bus-3-bus-4-i_6,-94.94840465529128
2020-05-15T00:00:00.0,bus-3-bus-4-i_6,-90.42897584012793
2020-05-15T01:00:00.0,bus-3-bus-4-i_6,-87.39586419100362
2020-05-15T02:00:00.0,bus-3-bus-4-i_6,-85.72767246308757
2020-05-15T03:00:00.0,bus-3-bus-4-i_6,-85.36370753926057
2020-05-15T04:00:00.0,bus-3-bus-4-i_6,-86.27362213349384
2020-05-15T05:00:00.0,bus-3-bus-4-i_6,-87.91148517661055
2020-05-15T06:00:00.0,bus-3-bus-4-i_6,-92.976827576202
2020-05-15T07:00:00.0,bus-3-bus-4-i_6,-99.07353042286657
2020-05-15T08:00:00.0,bus-3-bus-4-i_6,-105.92838648952083
2020-05-15T09:00:00.0,bus-3-bus-4-i_6,-112.08526451398795
2020-05-15T10:00:00.0,bus-3-bus-4-i_6,-111.43354186861467
2020-05-15T11:00:00.0,bus-3-bus-4-i_6,-115.94366651352574
2020-05-15T12:00:00.0,bus-3-bus-4-i_6,-123.96401889310171
2020-05-15T13:00:00.0,bus-3-bus-4-i_6,-136.47853641271485
2020-05-15T14:00:00.0,bus-3-bus-4-i_6,-146.824277946827
2020-05-15T15:00:00.0,bus-3-bus-4-i_6,-151.9089725566654
2020-05-15T16:00:00.0,bus-3-bus-4-i_6,-148.2314778817371
2020-05-15T17:00:00.0,bus-3-bus-4-i_6,-139.0189486040723
2020-05-15T18:00:00.0,bus-3-bus-4-i_6,-132.35125884215208
2020-05-15T19:00:00.0,bus-3-bus-4-i_6,-130.26536113518566
2020-05-15T20:00:00.0,bus-3-bus-4-i_6,-119.88536415690359
2020-05-15T21:00:00.0,bus-3-bus-4-i_6,-112.77496707647057
2020-05-15T22:00:00.0,bus-3-bus-4-i_6,-114.32952184573884
2020-05-15T23:00:00.0,bus-3-bus-4-i_6,-107.56621036567167
2020-05-16T00:00:00.0,bus-3-bus-4-i_6,-102.28864335185999
2020-05-16T01:00:00.0,bus-3-bus-4-i_6,-98.43656328080883
2020-05-16T02:00:00.0,bus-3-bus-4-i_6,-95.1607277893173
2020-05-16T03:00:00.0,bus-3-bus-4-i_6,-92.91616416980264
2020-05-16T04:00:00.0,bus-3-bus-4-i_6,-91.1872625814745
2020-05-16T05:00:00.0,bus-3-bus-4-i_6,-89.8830109006491
2020-05-16T06:00:00.0,bus-3-bus-4-i_6,-94.55407788603104
2020-05-16T07:00:00.0,bus-3-bus-4-i_6,-102.56162395563906
2020-05-16T08:00:00.0,bus-3-bus-4-i_6,-112.84346967321142
2020-05-16T09:00:00.0,bus-3-bus-4-i_6,-112.41651797717695
2020-05-16T10:00:00.0,bus-3-bus-4-i_6,-119.16038045087171
2020-05-16T11:00:00.0,bus-3-bus-4-i_6,-128.63311461151795
2020-05-16T12:00:00.0,bus-3-bus-4-i_6,-136.56925820831063
2020-05-16T13:00:00.0,bus-3-bus-4-i_6,-145.05411485431262
2020-05-16T14:00:00.0,bus-3-bus-4-i_6,-151.27329220557706
2020-05-16T15:00:00.0,bus-3-bus-4-i_6,-153.86158744957504
2020-05-16T16:00:00.0,bus-3-bus-4-i_6,-151.63654979199578
2020-05-16T17:00:00.0,bus-3-bus-4-i_6,-143.46568206989355
2020-05-16T18:00:00.0,bus-3-bus-4-i_6,-135.07241691938626
2020-05-16T19:00:00.0,bus-3-bus-4-i_6,-132.35125884215208
2020-05-16T20:00:00.0,bus-3-bus-4-i_6,-121.47138200412464
2020-05-16T21:00:00.0,bus-3-bus-4-i_6,-112.68254395179417
2020-05-16T22:00:00.0,bus-3-bus-4-i_6,-113.3287213172005
2020-05-16T23:00:00.0,bus-3-bus-4-i_6,-105.62507176756353
2020-05-17T00:00:00.0,bus-3-bus-4-i_6,-99.80146776220754
2020-05-17T01:00:00.0,bus-3-bus-4-i_6,-95.58535870803568
2020-05-17T02:00:00.0,bus-3-bus-4-i_6,-92.30954184363628
2020-05-17T03:00:00.0,bus-3-bus-4-i_6,-90.09533814922968
2020-05-17T04:00:00.0,bus-3-bus-4-i_6,-87.69917354933186
2020-05-17T05:00:00.0,bus-3-bus-4-i_6,-86.15229966181447
2020-05-17T06:00:00.0,bus-3-bus-4-i_6,-91.21759412253057
2020-05-17T07:00:00.0,bus-3-bus-4-i_6,-99.64983083822112
2020-05-17T08:00:00.0,bus-3-bus-4-i_6,-108.6884141746819
2020-05-17T09:00:00.0,bus-3-bus-4-i_6,-114.67895157664982
2020-05-17T10:00:00.0,bus-3-bus-4-i_6,-114.07447379808495
2020-05-17T11:00:00.0,bus-3-bus-4-i_6,-124.59857142337935
2020-05-17T12:00:00.0,bus-3-bus-4-i_6,-133.43966467502622
2020-05-17T13:00:00.0,bus-3-bus-4-i_6,-144.1010353650122
2020-05-17T14:00:00.0,bus-3-bus-4-i_6,-152.22682284061665
2020-05-17T15:00:00.0,bus-3-bus-4-i_6,-157.0862295816252
2020-05-17T16:00:00.0,bus-3-bus-4-i_6,-156.4049089708866
2020-05-17T17:00:00.0,bus-3-bus-4-i_6,-147.50516489277814
2020-05-17T18:00:00.0,bus-3-bus-4-i_6,-139.9717114151953
2020-05-17T19:00:00.0,bus-3-bus-4-i_6,-137.56723312278615
2020-05-17T20:00:00.0,bus-3-bus-4-i_6,-124.05466769697794
2020-05-17T21:00:00.0,bus-3-bus-4-i_6,-112.72876246152252
2020-05-17T22:00:00.0,bus-3-bus-4-i_6,-112.41882750223144
2020-05-17T23:00:00.0,bus-3-bus-4-i_6,-105.13978184679829
2020-05-18T00:00:00.0,bus-3-bus-4-i_6,-99.52848345147474
2020-05-18T01:00:00.0,bus-3-bus-4-i_6,-95.43371419975871
2020-05-18T02:00:00.0,bus-3-bus-4-i_6,-92.67352189196897
2020-05-18T03:00:00.0,bus-3-bus-4-i_6,-91.79390259935136
2020-05-18T04:00:00.0,bus-3-bus-4-i_6,-92.09720949028925
2020-05-18T05:00:00.0,bus-3-bus-4-i_6,-94.88774100628538
2020-05-18T06:00:00.0,bus-3-bus-4-i_6,-102.95595501849802
2020-05-18T07:00:00.0,bus-3-bus-4-i_6,-108.0514900440713
2020-05-18T08:00:00.0,bus-3-bus-4-i_6,-114.35979814366144
2020-05-18T09:00:00.0,bus-3-bus-4-i_6,-112.68254395179417
2020-05-18T10:00:00.0,bus-3-bus-4-i_6,-120.972902088843
2020-05-18T11:00:00.0,bus-3-bus-4-i_6,-134.52814704426447
2020-05-18T12:00:00.0,bus-3-bus-4-i_6,-146.55193181794215
2020-05-18T13:00:00.0,bus-3-bus-4-i_6,-156.04155085472354
2020-05-18T14:00:00.0,bus-3-bus-4-i_6,-157.76758146830764
2020-05-18T15:00:00.0,bus-3-bus-4-i_6,-153.86158744957504
2020-05-18T16:00:00.0,bus-3-bus-4-i_6,-147.55055844192685
2020-05-18T17:00:00.0,bus-3-bus-4-i_6,-140.10782523230873
2020-05-18T18:00:00.0,bus-3-bus-4-i_6,-141.74128514508286
2020-05-18T19:00:00.0,bus-3-bus-4-i_6,-141.37827895097055
2020-05-18T20:00:00.0,bus-3-bus-4-i_6,-129.49455677898052
2020-05-18T21:00:00.0,bus-3-bus-4-i_6,-114.82634942137433
2020-05-18T22:00:00.0,bus-3-bus-4-i_6,-116.62356672003557
2020-05-18T23:00:00.0,bus-3-bus-4-i_6,-109.29500423271496
2020-05-19T00:00:00.0,bus-3-bus-4-i_6,-103.25926617824885
2020-05-19T01:00:00.0,bus-3-bus-4-i_6,-99.04319757989137
2020-05-19T02:00:00.0,bus-3-bus-4-i_6,-95.91900823088905
2020-05-19T03:00:00.0,bus-3-bus-4-i_6,-94.58442285623754
2020-05-19T04:00:00.0,bus-3-bus-4-i_6,-95.009068650897
2020-05-19T05:00:00.0,bus-3-bus-4-i_6,-96.43464862391798
2020-05-19T06:00:00.0,bus-3-bus-4-i_6,-100.62041874841121
2020-05-19T07:00:00.0,bus-3-bus-4-i_6,-105.8070555037527
2020-05-19T08:00:00.0,bus-3-bus-4-i_6,-111.84263776158714
2020-05-19T09:00:00.0,bus-3-bus-4-i_6,-116.19358861529938
2020-05-19T10:00:00.0,bus-3-bus-4-i_6,-112.32387958020995
2020-05-19T11:00:00.0,bus-3-bus-4-i_6,-115.4000338518968
2020-05-19T12:00:00.0,bus-3-bus-4-i_6,-124.19064188509567
2020-05-19T13:00:00.0,bus-3-bus-4-i_6,-135.11777361637004
2020-05-19T14:00:00.0,bus-3-bus-4-i_6,-143.60184140183688
2020-05-19T15:00:00.0,bus-3-bus-4-i_6,-149.36641168450328
2020-05-19T16:00:00.0,bus-3-bus-4-i_6,-144.2371859431626
2020-05-19T17:00:00.0,bus-3-bus-4-i_6,-135.52598988516155
2020-05-19T18:00:00.0,bus-3-bus-4-i_6,-133.07685419930118
2020-05-19T19:00:00.0,bus-3-bus-4-i_6,-132.6687026742995
2020-05-19T20:00:00.0,bus-3-bus-4-i_6,-122.64967016437728
2020-05-19T21:00:00.0,bus-3-bus-4-i_6,-112.5206697936024
2020-05-19T22:00:00.0,bus-3-bus-4-i_6,-112.44920426967013
2020-05-19T23:00:00.0,bus-3-bus-4-i_6,-103.59290743857645
2020-05-20T00:00:00.0,bus-3-bus-4-i_6,-98.64888539714111
2020-05-20T01:00:00.0,bus-3-bus-4-i_6,-94.79673204495896
2020-05-20T02:00:00.0,bus-3-bus-4-i_6,-92.4612000756188
2020-05-20T03:00:00.0,bus-3-bus-4-i_6,-91.76356200401543
2020-05-20T04:00:00.0,bus-3-bus-4-i_6,-92.33986249286711
2020-05-20T05:00:00.0,bus-3-bus-4-i_6,-94.52374622402024
2020-05-20T06:00:00.0,bus-3-bus-4-i_6,-102.53131820291337
2020-05-20T07:00:00.0,bus-3-bus-4-i_6,-110.81146393875451
2020-05-20T08:00:00.0,bus-3-bus-4-i_6,-111.98877231753261
2020-05-20T09:00:00.0,bus-3-bus-4-i_6,-117.84643247461028
2020-05-20T10:00:00.0,bus-3-bus-4-i_6,-130.71879326892017
2020-05-20T11:00:00.0,bus-3-bus-4-i_6,-143.05725473495573
2020-05-20T12:00:00.0,bus-3-bus-4-i_6,-152.18141524642252
2020-05-20T13:00:00.0,bus-3-bus-4-i_6,-166.15140756788094
2020-05-20T14:00:00.0,bus-3-bus-4-i_6,-167.29523962485277
2020-05-20T15:00:00.0,bus-3-bus-4-i_6,-164.8902241297732
2020-05-20T16:00:00.0,bus-3-bus-4-i_6,-165.39664230449782
2020-05-20T17:00:00.0,bus-3-bus-4-i_6,-169.80741316039217
2020-05-20T18:00:00.0,bus-3-bus-4-i_6,-162.67443394309842
2020-05-20T19:00:00.0,bus-3-bus-4-i_6,-157.5858845250587
2020-05-20T20:00:00.0,bus-3-bus-4-i_6,-141.60515681320445
2020-05-20T21:00:00.0,bus-3-bus-4-i_6,-121.56197763175038
2020-05-20T22:00:00.0,bus-3-bus-4-i_6,-111.43354186861467
2020-05-20T23:00:00.0,bus-3-bus-4-i_6,-109.81060392439022
2020-05-21T00:00:00.0,bus-3-bus-4-i_6,-103.95685202787477
2020-05-21T01:00:00.0,bus-3-bus-4-i_6,-99.37684554721275
2020-05-21T02:00:00.0,bus-3-bus-4-i_6,-96.22232602545357
2020-05-21T03:00:00.0,bus-3-bus-4-i_6,-95.40336774463157
2020-05-21T04:00:00.0,bus-3-bus-4-i_6,-95.46403138063572
2020-05-21T05:00:00.0,bus-3-bus-4-i_6,-98.31521718196095
2020-05-21T06:00:00.0,bus-3-bus-4-i_6,-106.50465450769431
2020-05-21T07:00:00.0,bus-3-bus-4-i_6,-116.17941092899767
2020-05-21T08:00:00.0,bus-3-bus-4-i_6,-113.59278522028563
2020-05-21T09:00:00.0,bus-3-bus-4-i_6,-126.6383788159244
2020-05-21T10:00:00.0,bus-3-bus-4-i_6,-138.29307367782047
2020-05-21T11:00:00.0,bus-3-bus-4-i_6,-152.27223057176937
2020-05-21T12:00:00.0,bus-3-bus-4-i_6,-164.91510194737083
2020-05-21T13:00:00.0,bus-3-bus-4-i_6,-167.25040513729746
2020-05-21T14:00:00.0,bus-3-bus-4-i_6,-165.28140413216587
2020-05-21T15:00:00.0,bus-3-bus-4-i_6,-159.448385731379
2020-05-21T16:00:00.0,bus-3-bus-4-i_6,-157.31335856382015
2020-05-21T17:00:00.0,bus-3-bus-4-i_6,-154.49737725782063
2020-05-21T18:00:00.0,bus-3-bus-4-i_6,-152.22682284061665
2020-05-21T19:00:00.0,bus-3-bus-4-i_6,-151.99978623897107
2020-05-21T20:00:00.0,bus-3-bus-4-i_6,-141.65053278926644
2020-05-21T21:00:00.0,bus-3-bus-4-i_6,-124.46259369753356
2020-05-21T22:00:00.0,bus-3-bus-4-i_6,-112.55535954945768
2020-05-21T23:00:00.0,bus-3-bus-4-i_6,-114.72377870749688
2020-05-22T00:00:00.0,bus-3-bus-4-i_6,-108.80973270277427
2020-05-22T01:00:00.0,bus-3-bus-4-i_6,-103.95685202787477
2020-05-22T02:00:00.0,bus-3-bus-4-i_6,-100.89340193617467
2020-05-22T03:00:00.0,bus-3-bus-4-i_6,-98.22422208373162
2020-05-22T04:00:00.0,bus-3-bus-4-i_6,-97.04130097078374
2020-05-22T05:00:00.0,bus-3-bus-4-i_6,-100.01380826749653
2020-05-22T06:00:00.0,bus-3-bus-4-i_6,-108.77940308780774
2020-05-22T07:00:00.0,bus-3-bus-4-i_6,-113.901996990654
2020-05-22T08:00:00.0,bus-3-bus-4-i_6,-116.48729081352221
2020-05-22T09:00:00.0,bus-3-bus-4-i_6,-131.0362037059205
2020-05-22T10:00:00.0,bus-3-bus-4-i_6,-141.78666152485562
2020-05-22T11:00:00.0,bus-3-bus-4-i_6,-152.9987728060136
2020-05-22T12:00:00.0,bus-3-bus-4-i_6,-160.31157820904724
2020-05-22T13:00:00.0,bus-3-bus-4-i_6,-168.29259367219197
2020-05-22T14:00:00.0,bus-3-bus-4-i_6,-168.63284725145772
2020-05-22T15:00:00.0,bus-3-bus-4-i_6,-168.0002419882561
2020-05-22T16:00:00.0,bus-3-bus-4-i_6,-169.33764340008793
2020-05-22T17:00:00.0,bus-3-bus-4-i_6,-162.71990207832005
2020-05-22T18:00:00.0,bus-3-bus-4-i_6,-152.36304644499947
2020-05-22T19:00:00.0,bus-3-bus-4-i_6,-149.3210126946859
2020-05-22T20:00:00.0,bus-3-bus-4-i_6,-138.24770763320018
2020-05-22T21:00:00.0,bus-3-bus-4-i_6,-122.377708609763
2020-05-22T22:00:00.0,bus-3-bus-4-i_6,-112.28912586903768
2020-05-22T23:00:00.0,bus-3-bus-4-i_6,-113.14674923725525
2020-05-23T00:00:00.0,bus-3-bus-4-i_6,-106.59564546633436
2020-05-23T01:00:00.0,bus-3-bus-4-i_6,-101.80334309086305
2020-05-23T02:00:00.0,bus-3-bus-4-i_6,-98.4972073570215
2020-05-23T03:00:00.0,bus-3-bus-4-i_6,-96.0403354765398
2020-05-23T04:00:00.0,bus-3-bus-4-i_6,-93.64412531284265
2020-05-23T05:00:00.0,bus-3-bus-4-i_6,-93.4318172937848
2020-05-23T06:00:00.0,bus-3-bus-4-i_6,-99.83181861785155
2020-05-23T07:00:00.0,bus-3-bus-4-i_6,-109.35566391647112
2020-05-23T08:00:00.0,bus-3-bus-4-i_6,-111.48086190744242
2020-05-23T09:00:00.0,bus-3-bus-4-i_6,-116.3966853269427
2020-05-23T10:00:00.0,bus-3-bus-4-i_6,-127.63571484309435
2020-05-23T11:00:00.0,bus-3-bus-4-i_6,-135.97957607991998
2020-05-23T12:00:00.0,bus-3-bus-4-i_6,-140.65229248385106
2020-05-23T13:00:00.0,bus-3-bus-4-i_6,-147.59595212689277
2020-05-23T14:00:00.0,bus-3-bus-4-i_6,-152.49927128235515
2020-05-23T15:00:00.0,bus-3-bus-4-i_6,-154.08866712477948
2020-05-23T16:00:00.0,bus-3-bus-4-i_6,-150.50143063209646
2020-05-23T17:00:00.0,bus-3-bus-4-i_6,-142.64883822203745
2020-05-23T18:00:00.0,bus-3-bus-4-i_6,-133.53036862252648
2020-05-23T19:00:00.0,bus-3-bus-4-i_6,-133.34896125902617
2020-05-23T20:00:00.0,bus-3-bus-4-i_6,-123.14820332204977
2020-05-23T21:00:00.0,bus-3-bus-4-i_6,-113.23623673407397
2020-05-23T22:00:00.0,bus-3-bus-4-i_6,-115.81552863917412
2020-05-23T23:00:00.0,bus-3-bus-4-i_6,-107.89983993476575
2020-05-24T00:00:00.0,bus-3-bus-4-i_6,-102.28864335185999
2020-05-24T01:00:00.0,bus-3-bus-4-i_6,-97.61760592527207
2020-05-24T02:00:00.0,bus-3-bus-4-i_6,-94.03843785989045
2020-05-24T03:00:00.0,bus-3-bus-4-i_6,-91.67256731421514
2020-05-24T04:00:00.0,bus-3-bus-4-i_6,-88.76075494340446
2020-05-24T05:00:00.0,bus-3-bus-4-i_6,-88.00247826962494
2020-05-24T06:00:00.0,bus-3-bus-4-i_6,-93.58346170803777
2020-05-24T07:00:00.0,bus-3-bus-4-i_6,-102.44029940979391
2020-05-24T08:00:00.0,bus-3-bus-4-i_6,-112.23690662254886
2020-05-24T09:00:00.0,bus-3-bus-4-i_6,-112.40491763941031
2020-05-24T10:00:00.0,bus-3-bus-4-i_6,-118.2088766467598
2020-05-24T11:00:00.0,bus-3-bus-4-i_6,-125.73176493984684
2020-05-24T12:00:00.0,bus-3-bus-4-i_6,-129.90262486835144
2020-05-24T13:00:00.0,bus-3-bus-4-i_6,-131.6710440439346
2020-05-24T14:00:00.0,bus-3-bus-4-i_6,-131.35362062986945
2020-05-24T15:00:00.0,bus-3-bus-4-i_6,-132.26056179842107
2020-05-24T16:00:00.0,bus-3-bus-4-i_6,-127.31837381211477
2020-05-24T17:00:00.0,bus-3-bus-4-i_6,-118.07293273757136
2020-05-24T18:00:00.0,bus-3-bus-4-i_6,-117.16681793740821
2020-05-24T19:00:00.0,bus-3-bus-4-i_6,-122.33238904153269
2020-05-24T20:00:00.0,bus-3-bus-4-i_6,-115.21883640732793
2020-05-24T21:00:00.0,bus-3-bus-4-i_6,-111.53999461068977
2020-05-24T22:00:00.0,bus-3-bus-4-i_6,-110.11389620100702
2020-05-24T23:00:00.0,bus-3-bus-4-i_6,-102.7739684321439
2020-05-25T00:00:00.0,bus-3-bus-4-i_6,-97.5265922096567
2020-05-25T01:00:00.0,bus-3-bus-4-i_6,-94.00811892148855
2020-05-25T02:00:00.0,bus-3-bus-4-i_6,-92.52185241320069
2020-05-25T03:00:00.0,bus-3-bus-4-i_6,-92.70384244466877
2020-05-25T04:00:00.0,bus-3-bus-4-i_6,-93.52281554245074
2020-05-25T05:00:00.0,bus-3-bus-4-i_6,-94.1597731402763
2020-05-25T06:00:00.0,bus-3-bus-4-i_6,-96.4953121919194
2020-05-25T07:00:00.0,bus-3-bus-4-i_6,-98.28490404611819
2020-05-25T08:00:00.0,bus-3-bus-4-i_6,-100.28677223137205
2020-05-25T09:00:00.0,bus-3-bus-4-i_6,-102.28864335185999
2020-05-25T10:00:00.0,bus-3-bus-4-i_6,-104.01751390325327
2020-05-25T11:00:00.0,bus-3-bus-4-i_6,-104.53313770631614
2020-05-25T12:00:00.0,bus-3-bus-4-i_6,-103.47155687329345
2020-05-25T13:00:00.0,bus-3-bus-4-i_6,-104.0478446352732
2020-05-25T14:00:00.0,bus-3-bus-4-i_6,-104.8668052707333
2020-05-25T15:00:00.0,bus-3-bus-4-i_6,-105.62507176756353
2020-05-25T16:00:00.0,bus-3-bus-4-i_6,-105.44305746305646
2020-05-25T17:00:00.0,bus-3-bus-4-i_6,-104.68479157674334
2020-05-25T18:00:00.0,bus-3-bus-4-i_6,-106.0496993024648
2020-05-25T19:00:00.0,bus-3-bus-4-i_6,-110.32619880239687
2020-05-25T20:00:00.0,bus-3-bus-4-i_6,-107.38422968621802
2020-05-25T21:00:00.0,bus-3-bus-4-i_6,-101.04508237544736
2020-05-25T22:00:00.0,bus-3-bus-4-i_6,-94.52374622402024
2020-05-25T23:00:00.0,bus-3-bus-4-i_6,-89.30672353068849
2020-05-26T00:00:00.0,bus-3-bus-4-i_6,-86.21296082468233
2020-05-26T01:00:00.0,bus-3-bus-4-i_6,-84.21116062852167
2020-05-26T02:00:00.0,bus-3-bus-4-i_6,-83.21027395851154
2020-05-26T03:00:00.0,bus-3-bus-4-i_6,-83.57423114385922
2020-05-26T04:00:00.0,bus-3-bus-4-i_6,-83.99884993482148
2020-05-26T05:00:00.0,bus-3-bus-4-i_6,-86.00064695800069
2020-05-26T06:00:00.0,bus-3-bus-4-i_6,-90.73229031935807
2020-05-26T07:00:00.0,bus-3-bus-4-i_6,-95.25172327838396
2020-05-26T08:00:00.0,bus-3-bus-4-i_6,-100.43845224329834
2020-05-26T09:00:00.0,bus-3-bus-4-i_6,-104.1388372173335
2020-05-26T10:00:00.0,bus-3-bus-4-i_6,-107.17191930326564
2020-05-26T11:00:00.0,bus-3-bus-4-i_6,-109.50731087673087
2020-05-26T12:00:00.0,bus-3-bus-4-i_6,-111.96395186065264
2020-05-26T13:00:00.0,bus-3-bus-4-i_6,-116.6511916478826
2020-05-26T14:00:00.0,bus-3-bus-4-i_6,-112.26595241860609
2020-05-26T15:00:00.0,bus-3-bus-4-i_6,-113.97140543145818
2020-05-26T16:00:00.0,bus-3-bus-4-i_6,-114.76106066183766
2020-05-26T17:00:00.0,bus-3-bus-4-i_6,-113.78792343805917
2020-05-26T18:00:00.0,bus-3-bus-4-i_6,-113.02883209838288
2020-05-26T19:00:00.0,bus-3-bus-4-i_6,-113.70760909133996
2020-05-26T20:00:00.0,bus-3-bus-4-i_6,-111.563642291605
2020-05-26T21:00:00.0,bus-3-bus-4-i_6,-110.26554150633245
2020-05-26T22:00:00.0,bus-3-bus-4-i_6,-101.19671601834904
2020-05-26T23:00:00.0,bus-3-bus-4-i_6,-94.19009674558161
2020-05-27T00:00:00.0,bus-3-bus-4-i_6,-89.91334248239941
2020-05-27T01:00:00.0,bus-3-bus-4-i_6,-87.30486687252781
2020-05-27T02:00:00.0,bus-3-bus-4-i_6,-85.66701414368461
2020-05-27T03:00:00.0,bus-3-bus-4-i_6,-85.75800298128817
2020-05-27T04:00:00.0,bus-3-bus-4-i_6,-86.15229966181447
2020-05-27T05:00:00.0,bus-3-bus-4-i_6,-88.36645643752435
2020-05-27T06:00:00.0,bus-3-bus-4-i_6,-93.79578405824296
2020-05-27T07:00:00.0,bus-3-bus-4-i_6,-99.89246234996702
2020-05-27T08:00:00.0,bus-3-bus-4-i_6,-106.89894711535075
2020-05-27T09:00:00.0,bus-3-bus-4-i_6,-113.87461444432489
2020-05-27T10:00:00.0,bus-3-bus-4-i_6,-111.70546351203355
2020-05-27T11:00:00.0,bus-3-bus-4-i_6,-113.62724433261499
2020-05-27T12:00:00.0,bus-3-bus-4-i_6,-119.25100159358956
2020-05-27T13:00:00.0,bus-3-bus-4-i_6,-130.26536113518566
2020-05-27T14:00:00.0,bus-3-bus-4-i_6,-142.05892263018836
2020-05-27T15:00:00.0,bus-3-bus-4-i_6,-150.68304159261407
2020-05-27T16:00:00.0,bus-3-bus-4-i_6,-154.1794789320687
2020-05-27T17:00:00.0,bus-3-bus-4-i_6,-149.59342345085832
2020-05-27T18:00:00.0,bus-3-bus-4-i_6,-140.5615465819723
2020-05-27T19:00:00.0,bus-3-bus-4-i_6,-138.42917261492423
2020-05-27T20:00:00.0,bus-3-bus-4-i_6,-123.78272285671889
2020-05-27T21:00:00.0,bus-3-bus-4-i_6,-112.3122725602185
2020-05-27T22:00:00.0,bus-3-bus-4-i_6,-111.08437797667439
2020-05-27T23:00:00.0,bus-3-bus-4-i_6,-102.31897465340356
2020-05-28T00:00:00.0,bus-3-bus-4-i_6,-96.82896169026908
2020-05-28T01:00:00.0,bus-3-bus-4-i_6,-93.00715926428296
2020-05-28T02:00:00.0,bus-3-bus-4-i_6,-90.64129594453634
2020-05-28T03:00:00.0,bus-3-bus-4-i_6,-89.7313542807399
2020-05-28T04:00:00.0,bus-3-bus-4-i_6,-89.39771014929737
2020-05-28T05:00:00.0,bus-3-bus-4-i_6,-92.33986249286711
2020-05-28T06:00:00.0,bus-3-bus-4-i_6,-98.9825341868688
2020-05-28T07:00:00.0,bus-3-bus-4-i_6,-106.50465450769431
2020-05-28T08:00:00.0,bus-3-bus-4-i_6,-115.20900941242438
2020-05-28T09:00:00.0,bus-3-bus-4-i_6,-113.30534365016935
2020-05-28T10:00:00.0,bus-3-bus-4-i_6,-122.33238904153269
2020-05-28T11:00:00.0,bus-3-bus-4-i_6,-134.165311042229
2020-05-28T12:00:00.0,bus-3-bus-4-i_6,-142.83035532412626
2020-05-28T13:00:00.0,bus-3-bus-4-i_6,-155.04236151978353
2020-05-28T14:00:00.0,bus-3-bus-4-i_6,-166.33457175570533
2020-05-28T15:00:00.0,bus-3-bus-4-i_6,-169.1569383139771
2020-05-28T16:00:00.0,bus-3-bus-4-i_6,-169.4279922896234
2020-05-28T17:00:00.0,bus-3-bus-4-i_6,-163.99939848306815
2020-05-28T18:00:00.0,bus-3-bus-4-i_6,-151.99978623897107
2020-05-28T19:00:00.0,bus-3-bus-4-i_6,-147.3689850601366
2020-05-28T20:00:00.0,bus-3-bus-4-i_6,-133.2129071314293
2020-05-28T21:00:00.0,bus-3-bus-4-i_6,-114.3147842984063
2020-05-28T22:00:00.0,bus-3-bus-4-i_6,-115.51227384124228
2020-05-28T23:00:00.0,bus-3-bus-4-i_6,-106.83828819551131
2020-05-29T00:00:00.0,bus-3-bus-4-i_6,-100.65075043011382
2020-05-29T01:00:00.0,bus-3-bus-4-i_6,-97.0109523256569
2020-05-29T02:00:00.0,bus-3-bus-4-i_6,-94.22044114847354
2020-05-29T03:00:00.0,bus-3-bus-4-i_6,-93.06782281863636
2020-05-29T04:00:00.0,bus-3-bus-4-i_6,-91.61191420476185
2020-05-29T05:00:00.0,bus-3-bus-4-i_6,-93.24982468277474
2020-05-29T06:00:00.0,bus-3-bus-4-i_6,-99.5588354727278
2020-05-29T07:00:00.0,bus-3-bus-4-i_6,-107.59650513614123
2020-05-29T08:00:00.0,bus-3-bus-4-i_6,-116.56762445075901
2020-05-29T09:00:00.0,bus-3-bus-4-i_6,-114.02868946660027
2020-05-29T10:00:00.0,bus-3-bus-4-i_6,-125.86775368617819
2020-05-29T11:00:00.0,bus-3-bus-4-i_6,-134.9362824657125
2020-05-29T12:00:00.0,bus-3-bus-4-i_6,-140.5615465819723
2020-05-29T13:00:00.0,bus-3-bus-4-i_6,-148.0952915271804
2020-05-29T14:00:00.0,bus-3-bus-4-i_6,-152.4538628662179
2020-05-29T15:00:00.0,bus-3-bus-4-i_6,-151.95437932937529
2020-05-29T16:00:00.0,bus-3-bus-4-i_6,-142.10429995228088
2020-05-29T17:00:00.0,bus-3-bus-4-i_6,-128.45176453627118
2020-05-29T18:00:00.0,bus-3-bus-4-i_6,-123.82804666941314
2020-05-29T19:00:00.0,bus-3-bus-4-i_6,-125.95841350709343
2020-05-29T20:00:00.0,bus-3-bus-4-i_6,-116.89503393713481
2020-05-29T21:00:00.0,bus-3-bus-4-i_6,-111.8707810880629
2020-05-29T22:00:00.0,bus-3-bus-4-i_6,-111.50897827215071
2020-05-29T23:00:00.0,bus-3-bus-4-i_6,-103.62324399236851
2020-05-30T00:00:00.0,bus-3-bus-4-i_6,-98.34556804797239
2020-05-30T01:00:00.0,bus-3-bus-4-i_6,-93.76546470416525
2020-05-30T02:00:00.0,bus-3-bus-4-i_6,-90.70195888013069
2020-05-30T03:00:00.0,bus-3-bus-4-i_6,-88.33611951595066
2020-05-30T04:00:00.0,bus-3-bus-4-i_6,-85.84900277619178
2020-05-30T05:00:00.0,bus-3-bus-4-i_6,-84.36281013408552
2020-05-30T06:00:00.0,bus-3-bus-4-i_6,-87.39586419100362
2020-05-30T07:00:00.0,bus-3-bus-4-i_6,-91.61191420476185
2020-05-30T08:00:00.0,bus-3-bus-4-i_6,-95.03940047744521
2020-05-30T09:00:00.0,bus-3-bus-4-i_6,-97.10196459478317
2020-05-30T10:00:00.0,bus-3-bus-4-i_6,-98.46689445871047
2020-05-30T11:00:00.0,bus-3-bus-4-i_6,-97.46592882415199
2020-05-30T12:00:00.0,bus-3-bus-4-i_6,-95.10006413229593
2020-05-30T13:00:00.0,bus-3-bus-4-i_6,-95.06973230455303
2020-05-30T14:00:00.0,bus-3-bus-4-i_6,-96.3436531919186
2020-05-30T15:00:00.0,bus-3-bus-4-i_6,-97.7389144649189
2020-05-30T16:00:00.0,bus-3-bus-4-i_6,-98.37589979430945
2020-05-30T17:00:00.0,bus-3-bus-4-i_6,-97.04130097078374
2020-05-30T18:00:00.0,bus-3-bus-4-i_6,-96.40431675545666
2020-05-30T19:00:00.0,bus-3-bus-4-i_6,-99.68016231828241
2020-05-30T20:00:00.0,bus-3-bus-4-i_6,-97.7389144649189
2020-05-30T21:00:00.0,bus-3-bus-4-i_6,-94.49341431650467
2020-05-30T22:00:00.0,bus-3-bus-4-i_6,-90.21665612995518
2020-05-30T23:00:00.0,bus-3-bus-4-i_6,-86.5769322377432
2020-05-31T00:00:00.0,bus-3-bus-4-i_6,-84.08983983810812
2020-05-31T01:00:00.0,bus-3-bus-4-i_6,-81.93643513653537
2020-05-31T02:00:00.0,bus-3-bus-4-i_6,-81.1782036034999
2020-05-31T03:00:00.0,bus-3-bus-4-i_6,-80.66261593331011
2020-05-31T04:00:00.0,bus-3-bus-4-i_6,-78.81257745068133
2020-05-31T05:00:00.0,bus-3-bus-4-i_6,-77.56913993400599
2020-05-31T06:00:00.0,bus-3-bus-4-i_6,-79.87407018887964
2020-05-31T07:00:00.0,bus-3-bus-4-i_6,-83.48324168119392
2020-05-31T08:00:00.0,bus-3-bus-4-i_6,-87.15321856236721
2020-05-31T09:00:00.0,bus-3-bus-4-i_6,-90.18632471684543
2020-05-31T10:00:00.0,bus-3-bus-4-i_6,-92.43085752563593
2020-05-31T11:00:00.0,bus-3-bus-4-i_6,-93.21949300255228
2020-05-31T12:00:00.0,bus-3-bus-4-i_6,-93.21949300255228
2020-05-31T13:00:00.0,bus-3-bus-4-i_6,-95.73703253413557
2020-05-31T14:00:00.0,bus-3-bus-4-i_6,-98.37589979430945
2020-05-31T15:00:00.0,bus-3-bus-4-i_6,-100.62041874841121
2020-05-31T16:00:00.0,bus-3-bus-4-i_6,-101.68201790641824
2020-05-31T17:00:00.0,bus-3-bus-4-i_6,-100.83273897263231
2020-05-31T18:00:00.0,bus-3-bus-4-i_6,-100.40812069276575
2020-05-31T19:00:00.0,bus-3-bus-4-i_6,-103.9871830041391
2020-05-31T20:00:00.0,bus-3-bus-4-i_6,-101.04508237544736
2020-05-31T21:00:00.0,bus-3-bus-4-i_6,-97.07163278329904
2020-05-31T22:00:00.0,bus-3-bus-4-i_6,-91.91523011013115
2020-05-31T23:00:00.0,bus-3-bus-4-i_6,-87.48685215835069
2020-06-01T00:00:00.0,bus-3-bus-4-i_6,-81.90610382030421
2020-06-01T01:00:00.0,bus-3-bus-4-i_6,-79.47979758354151
2020-06-01T02:00:00.0,bus-3-bus-4-i_6,-77.8724224114984
2020-06-01T03:00:00.0,bus-3-bus-4-i_6,-77.66012984250375
2020-06-01T04:00:00.0,bus-3-bus-4-i_6,-75.5372329790037
2020-06-01T05:00:00.0,bus-3-bus-4-i_6,-73.92996908964243
2020-06-01T06:00:00.0,bus-3-bus-4-i_6,-76.8716206250492
2020-06-01T07:00:00.0,bus-3-bus-4-i_6,-81.78479172718247
2020-06-01T08:00:00.0,bus-3-bus-4-i_6,-87.66883741245132
2020-06-01T09:00:00.0,bus-3-bus-4-i_6,-91.70289884996346
2020-06-01T10:00:00.0,bus-3-bus-4-i_6,-95.19105961855487
2020-06-01T11:00:00.0,bus-3-bus-4-i_6,-97.7692645736446
2020-06-01T12:00:00.0,bus-3-bus-4-i_6,-99.16450394389726
2020-06-01T13:00:00.0,bus-3-bus-4-i_6,-102.71328003528788
2020-06-01T14:00:00.0,bus-3-bus-4-i_6,-106.95960784063328
2020-06-01T15:00:00.0,bus-3-bus-4-i_6,-110.14423368791932
2020-06-01T16:00:00.0,bus-3-bus-4-i_6,-112.17625001983234
2020-06-01T17:00:00.0,bus-3-bus-4-i_6,-111.20573703628109
2020-06-01T18:00:00.0,bus-3-bus-4-i_6,-110.35652864898577
2020-06-01T19:00:00.0,bus-3-bus-4-i_6,-113.14674923725525
2020-06-01T20:00:00.0,bus-3-bus-4-i_6,-109.05236917448022
2020-06-01T21:00:00.0,bus-3-bus-4-i_6,-101.1360533579139
2020-06-01T22:00:00.0,bus-3-bus-4-i_6,-93.52281554245074
2020-06-01T23:00:00.0,bus-3-bus-4-i_6,-87.45652127810271
2020-06-02T00:00:00.0,bus-3-bus-4-i_6,-83.27093303965624
2020-06-02T01:00:00.0,bus-3-bus-4-i_6,-80.90524658524286
2020-06-02T02:00:00.0,bus-3-bus-4-i_6,-79.66177283831247
2020-06-02T03:00:00.0,bus-3-bus-4-i_6,-80.26833598562895
2020-06-02T04:00:00.0,bus-3-bus-4-i_6,-80.45031481585075
2020-06-02T05:00:00.0,bus-3-bus-4-i_6,-83.14961450443971
2020-06-02T06:00:00.0,bus-3-bus-4-i_6,-87.97214722464844
2020-06-02T07:00:00.0,bus-3-bus-4-i_6,-94.0991014764283
2020-06-02T08:00:00.0,bus-3-bus-4-i_6,-100.01380826749653
2020-06-02T09:00:00.0,bus-3-bus-4-i_6,-104.32082247854149
2020-06-02T10:00:00.0,bus-3-bus-4-i_6,-108.96138005694044
2020-06-02T11:00:00.0,bus-3-bus-4-i_6,-111.99428026216749
2020-06-02T12:00:00.0,bus-3-bus-4-i_6,-115.69418013042534
2020-06-02T13:00:00.0,bus-3-bus-4-i_6,-112.17739514977647
2020-06-02T14:00:00.0,bus-3-bus-4-i_6,-113.9599460139872
2020-06-02T15:00:00.0,bus-3-bus-4-i_6,-118.1182615084071
2020-06-02T16:00:00.0,bus-3-bus-4-i_6,-119.38693428270102
2020-06-02T17:00:00.0,bus-3-bus-4-i_6,-116.35135466316898
2020-06-02T18:00:00.0,bus-3-bus-4-i_6,-114.16608241621687
2020-06-02T19:00:00.0,bus-3-bus-4-i_6,-113.47786473725972
2020-06-02T20:00:00.0,bus-3-bus-4-i_6,-111.33886498772871
2020-06-02T21:00:00.0,bus-3-bus-4-i_6,-109.62862753844217
2020-06-02T22:00:00.0,bus-3-bus-4-i_6,-100.25646293029
2020-06-02T23:00:00.0,bus-3-bus-4-i_6,-93.49246661440873
2020-06-03T00:00:00.0,bus-3-bus-4-i_6,-89.00341146866033
2020-06-03T01:00:00.0,bus-3-bus-4-i_6,-85.66701414368461
2020-06-03T02:00:00.0,bus-3-bus-4-i_6,-83.66522074665393
2020-06-03T03:00:00.0,bus-3-bus-4-i_6,-83.30126281868297
2020-06-03T04:00:00.0,bus-3-bus-4-i_6,-83.27093303965624
2020-06-03T05:00:00.0,bus-3-bus-4-i_6,-86.09164179825588
2020-06-03T06:00:00.0,bus-3-bus-4-i_6,-92.52185241320069
2020-06-03T07:00:00.0,bus-3-bus-4-i_6,-99.49817262877998
2020-06-03T08:00:00.0,bus-3-bus-4-i_6,-106.35297027647846
2020-06-03T09:00:00.0,bus-3-bus-4-i_6,-112.66150170950517
2020-06-03T10:00:00.0,bus-3-bus-4-i_6,-111.4098784151518
2020-06-03T11:00:00.0,bus-3-bus-4-i_6,-113.35133984131912
2020-06-03T12:00:00.0,bus-3-bus-4-i_6,-118.29950578502859
2020-06-03T13:00:00.0,bus-3-bus-4-i_6,-128.27041646975314
2020-06-03T14:00:00.0,bus-3-bus-4-i_6,-137.20432563407616
2020-06-03T15:00:00.0,bus-3-bus-4-i_6,-143.32953847823987
2020-06-03T16:00:00.0,bus-3-bus-4-i_6,-145.05411485431262
2020-06-03T17:00:00.0,bus-3-bus-4-i_6,-140.0624538257093
2020-06-03T18:00:00.0,bus-3-bus-4-i_6,-132.6687026742995
2020-06-03T19:00:00.0,bus-3-bus-4-i_6,-129.53989716061196
2020-06-03T20:00:00.0,bus-3-bus-4-i_6,-117.84643247461028
2020-06-03T21:00:00.0,bus-3-bus-4-i_6,-111.70234373603974
2020-06-03T22:00:00.0,bus-3-bus-4-i_6,-107.6875303514143
2020-06-03T23:00:00.0,bus-3-bus-4-i_6,-99.37684554721275
2020-06-04T00:00:00.0,bus-3-bus-4-i_6,-93.46215201201149
2020-06-04T01:00:00.0,bus-3-bus-4-i_6,-89.51904229416687
2020-06-04T02:00:00.0,bus-3-bus-4-i_6,-87.06222510582845
2020-06-04T03:00:00.0,bus-3-bus-4-i_6,-86.48594011300614
2020-06-04T04:00:00.0,bus-3-bus-4-i_6,-85.97032503966832
2020-06-04T05:00:00.0,bus-3-bus-4-i_6,-89.18539156059796
2020-06-04T06:00:00.0,bus-3-bus-4-i_6,-95.85836037309986
2020-06-04T07:00:00.0,bus-3-bus-4-i_6,-104.29049140016899
2020-06-04T08:00:00.0,bus-3-bus-4-i_6,-112.4795328462401
2020-06-04T09:00:00.0,bus-3-bus-4-i_6,-111.5991080248604
2020-06-04T10:00:00.0,bus-3-bus-4-i_6,-115.30943485674258
2020-06-04T11:00:00.0,bus-3-bus-4-i_6,-126.27572701849088
2020-06-04T12:00:00.0,bus-3-bus-4-i_6,-137.74869007609087
2020-06-04T13:00:00.0,bus-3-bus-4-i_6,-149.04862161593718
2020-06-04T14:00:00.0,bus-3-bus-4-i_6,-159.3575259736951
2020-06-04T15:00:00.0,bus-3-bus-4-i_6,-166.10561680243566
2020-06-04T16:00:00.0,bus-3-bus-4-i_6,-166.47194603209638
2020-06-04T17:00:00.0,bus-3-bus-4-i_6,-161.22026427214035
2020-06-04T18:00:00.0,bus-3-bus-4-i_6,-152.045193285461
2020-06-04T19:00:00.0,bus-3-bus-4-i_6,-146.96045289310825
2020-06-04T20:00:00.0,bus-3-bus-4-i_6,-132.6687026742995
2020-06-04T21:00:00.0,bus-3-bus-4-i_6,-116.07957079797151
2020-06-04T22:00:00.0,bus-3-bus-4-i_6,-116.62250340823093
2020-06-04T23:00:00.0,bus-3-bus-4-i_6,-108.14247805854222
2020-06-05T00:00:00.0,bus-3-bus-4-i_6,-101.0754133154681
2020-06-05T01:00:00.0,bus-3-bus-4-i_6,-95.9493553715685
2020-06-05T02:00:00.0,bus-3-bus-4-i_6,-93.12848601951646
2020-06-05T03:00:00.0,bus-3-bus-4-i_6,-92.00621481935704
2020-06-05T04:00:00.0,bus-3-bus-4-i_6,-91.21759412253057
2020-06-05T05:00:00.0,bus-3-bus-4-i_6,-94.82706372477499
2020-06-05T06:00:00.0,bus-3-bus-4-i_6,-102.13701178545503
2020-06-05T07:00:00.0,bus-3-bus-4-i_6,-111.08437797667439
2020-06-05T08:00:00.0,bus-3-bus-4-i_6,-112.10364121842638
2020-06-05T09:00:00.0,bus-3-bus-4-i_6,-117.48398321989954
2020-06-05T10:00:00.0,bus-3-bus-4-i_6,-131.8524316660354
2020-06-05T11:00:00.0,bus-3-bus-4-i_6,-139.74485773747625
2020-06-05T12:00:00.0,bus-3-bus-4-i_6,-153.72535026185693
2020-06-05T13:00:00.0,bus-3-bus-4-i_6,-163.58739481833408
2020-06-05T14:00:00.0,bus-3-bus-4-i_6,-170.00601622292214
2020-06-05T15:00:00.0,bus-3-bus-4-i_6,-169.96676708911656
2020-06-05T16:00:00.0,bus-3-bus-4-i_6,-165.5561370768881
2020-06-05T17:00:00.0,bus-3-bus-4-i_6,-157.0862295816252
2020-06-05T18:00:00.0,bus-3-bus-4-i_6,-146.23420071910184
2020-06-05T19:00:00.0,bus-3-bus-4-i_6,-141.01528146626285
2020-06-05T20:00:00.0,bus-3-bus-4-i_6,-129.90262486835144
2020-06-05T21:00:00.0,bus-3-bus-4-i_6,-117.43867764659517
2020-06-05T22:00:00.0,bus-3-bus-4-i_6,-111.70546351203355
2020-06-05T23:00:00.0,bus-3-bus-4-i_6,-112.02460865084805
2020-06-06T00:00:00.0,bus-3-bus-4-i_6,-106.20135568947333
2020-06-06T01:00:00.0,bus-3-bus-4-i_6,-100.95408801528896
2020-06-06T02:00:00.0,bus-3-bus-4-i_6,-97.64791928070122
2020-06-06T03:00:00.0,bus-3-bus-4-i_6,-95.28204070212847
2020-06-06T04:00:00.0,bus-3-bus-4-i_6,-91.70289884996346
2020-06-06T05:00:00.0,bus-3-bus-4-i_6,-91.7028990017391
2020-06-06T06:00:00.0,bus-3-bus-4-i_6,-98.61855319300562
2020-06-06T07:00:00.0,bus-3-bus-4-i_6,-109.23434614456013
2020-06-06T08:00:00.0,bus-3-bus-4-i_6,-112.00056718920428
2020-06-06T09:00:00.0,bus-3-bus-4-i_6,-118.43543012173177
2020-06-06T10:00:00.0,bus-3-bus-4-i_6,-132.62335315733935
2020-06-06T11:00:00.0,bus-3-bus-4-i_6,-144.19180228202308
2020-06-06T12:00:00.0,bus-3-bus-4-i_6,-154.49737725782063
2020-06-06T13:00:00.0,bus-3-bus-4-i_6,-162.81086342757644
2020-06-06T14:00:00.0,bus-3-bus-4-i_6,-169.18347014435363
2020-06-06T15:00:00.0,bus-3-bus-4-i_6,-169.39185305642917
2020-06-06T16:00:00.0,bus-3-bus-4-i_6,-170.00601622292214
2020-06-06T17:00:00.0,bus-3-bus-4-i_6,-163.1299102837023
2020-06-06T18:00:00.0,bus-3-bus-4-i_6,-151.86356602203728
2020-06-06T19:00:00.0,bus-3-bus-4-i_6,-147.59595212689277
2020-06-06T20:00:00.0,bus-3-bus-4-i_6,-137.97551427729732
2020-06-06T21:00:00.0,bus-3-bus-4-i_6,-126.36638920440033
2020-06-06T22:00:00.0,bus-3-bus-4-i_6,-113.76499311928376
2020-06-06T23:00:00.0,bus-3-bus-4-i_6,-116.53679049222967
2020-06-07T00:00:00.0,bus-3-bus-4-i_6,-109.17368669098661
2020-06-07T01:00:00.0,bus-3-bus-4-i_6,-104.01751390325327
2020-06-07T02:00:00.0,bus-3-bus-4-i_6,-100.19577769636892
2020-06-07T03:00:00.0,bus-3-bus-4-i_6,-97.5265922096567
2020-06-07T04:00:00.0,bus-3-bus-4-i_6,-93.4318172937848
2020-06-07T05:00:00.0,bus-3-bus-4-i_6,-92.49152092001579
2020-06-07T06:00:00.0,bus-3-bus-4-i_6,-100.59012774052454
2020-06-07T07:00:00.0,bus-3-bus-4-i_6,-111.2360664885829
2020-06-07T08:00:00.0,bus-3-bus-4-i_6,-113.20170076465442
2020-06-07T09:00:00.0,bus-3-bus-4-i_6,-125.55044844970541
2020-06-07T10:00:00.0,bus-3-bus-4-i_6,-140.87915958990092
2020-06-07T11:00:00.0,bus-3-bus-4-i_6,-155.04236151978353
2020-06-07T12:00:00.0,bus-3-bus-4-i_6,-164.82352817039265
2020-06-07T13:00:00.0,bus-3-bus-4-i_6,-169.28343287618475
2020-06-07T14:00:00.0,bus-3-bus-4-i_6,-166.71669911151216
2020-06-07T15:00:00.0,bus-3-bus-4-i_6,-166.21041828214018
2020-06-07T16:00:00.0,bus-3-bus-4-i_6,-168.01831761655387
2020-06-07T17:00:00.0,bus-3-bus-4-i_6,-165.78508474452582
2020-06-07T18:00:00.0,bus-3-bus-4-i_6,-156.04155085472354
2020-06-07T19:00:00.0,bus-3-bus-4-i_6,-154.49737725782063
2020-06-07T20:00:00.0,bus-3-bus-4-i_6,-144.78180031639369
2020-06-07T21:00:00.0,bus-3-bus-4-i_6,-132.16986528523282
2020-06-07T22:00:00.0,bus-3-bus-4-i_6,-116.84968830673661
2020-06-07T23:00:00.0,bus-3-bus-4-i_6,-112.1184731949783
2020-06-08T00:00:00.0,bus-3-bus-4-i_6,-114.1475620533675
2020-06-08T01:00:00.0,bus-3-bus-4-i_6,-109.35566391647112
2020-06-08T02:00:00.0,bus-3-bus-4-i_6,-105.23074374138864
2020-06-08T03:00:00.0,bus-3-bus-4-i_6,-102.95595501849802
2020-06-08T04:00:00.0,bus-3-bus-4-i_6,-101.22704757040688
2020-06-08T05:00:00.0,bus-3-bus-4-i_6,-104.8668052707333
2020-06-08T06:00:00.0,bus-3-bus-4-i_6,-113.84428544198013
2020-06-08T07:00:00.0,bus-3-bus-4-i_6,-113.10953661397969
2020-06-08T08:00:00.0,bus-3-bus-4-i_6,-124.91585737196802
2020-06-08T09:00:00.0,bus-3-bus-4-i_6,-136.93215073198127
2020-06-08T10:00:00.0,bus-3-bus-4-i_6,-149.09401978861092
2020-06-08T11:00:00.0,bus-3-bus-4-i_6,-163.221324307528
2020-06-08T12:00:00.0,bus-3-bus-4-i_6,-168.3978896799533
2020-06-08T13:00:00.0,bus-3-bus-4-i_6,-164.51037631291223
2020-06-08T14:00:00.0,bus-3-bus-4-i_6,-162.44783738570527
2020-06-08T15:00:00.0,bus-3-bus-4-i_6,-161.50675178912329
2020-06-08T16:00:00.0,bus-3-bus-4-i_6,-162.44783738570527
2020-06-08T17:00:00.0,bus-3-bus-4-i_6,-165.21578471523927
2020-06-08T18:00:00.0,bus-3-bus-4-i_6,-169.40992272899456
2020-06-08T19:00:00.0,bus-3-bus-4-i_6,-164.96088912701921
2020-06-08T20:00:00.0,bus-3-bus-4-i_6,-150.77384789213463
2020-06-08T21:00:00.0,bus-3-bus-4-i_6,-134.48279207826687
2020-06-08T22:00:00.0,bus-3-bus-4-i_6,-115.26413556174705
2020-06-08T23:00:00.0,bus-3-bus-4-i_6,-115.116556475783
2020-06-09T00:00:00.0,bus-3-bus-4-i_6,-110.0229087134093
2020-06-09T01:00:00.0,bus-3-bus-4-i_6,-104.71515154429731
2020-06-09T02:00:00.0,bus-3-bus-4-i_6,-101.25737895740686
2020-06-09T03:00:00.0,bus-3-bus-4-i_6,-99.52848345147474
2020-06-09T04:00:00.0,bus-3-bus-4-i_6,-97.95123661612207
2020-06-09T05:00:00.0,bus-3-bus-4-i_6,-101.10574530632248
2020-06-09T06:00:00.0,bus-3-bus-4-i_6,-107.2022494211943
2020-06-09T07:00:00.0,bus-3-bus-4-i_6,-116.61407542940087
2020-06-09T08:00:00.0,bus-3-bus-4-i_6,-116.17017430172334
2020-06-09T09:00:00.0,bus-3-bus-4-i_6,-128.40642732186987
2020-06-09T10:00:00.0,bus-3-bus-4-i_6,-142.19505500044235
2020-06-09T11:00:00.0,bus-3-bus-4-i_6,-157.9492806601808
2020-06-09T12:00:00.0,bus-3-bus-4-i_6,-169.91578311586017
2020-06-09T13:00:00.0,bus-3-bus-4-i_6,-165.84875668989562
2020-06-09T14:00:00.0,bus-3-bus-4-i_6,-162.5564131086494
2020-06-09T15:00:00.0,bus-3-bus-4-i_6,-161.66964411311406
2020-06-09T16:00:00.0,bus-3-bus-4-i_6,-163.66013491727892
2020-06-09T17:00:00.0,bus-3-bus-4-i_6,-166.91558061454305
2020-06-09T18:00:00.0,bus-3-bus-4-i_6,-169.4442877459066
2020-06-09T19:00:00.0,bus-3-bus-4-i_6,-165.28140413216587
2020-06-09T20:00:00.0,bus-3-bus-4-i_6,-154.86069789358154
2020-06-09T21:00:00.0,bus-3-bus-4-i_6,-139.9717114151953
2020-06-09T22:00:00.0,bus-3-bus-4-i_6,-122.60434975253345
2020-06-09T23:00:00.0,bus-3-bus-4-i_6,-112.9134975127382
2020-06-10T00:00:00.0,bus-3-bus-4-i_6,-116.63278722949188
2020-06-10T01:00:00.0,bus-3-bus-4-i_6,-113.6926541601389
2020-06-10T02:00:00.0,bus-3-bus-4-i_6,-112.69177978091854
2020-06-10T03:00:00.0,bus-3-bus-4-i_6,-113.2680660313326
2020-06-10T04:00:00.0,bus-3-bus-4-i_6,-113.48036020442258
2020-06-10T05:00:00.0,bus-3-bus-4-i_6,-114.96639916155172
2020-06-10T06:00:00.0,bus-3-bus-4-i_6,-112.06566576189361
2020-06-10T07:00:00.0,bus-3-bus-4-i_6,-113.36285727456206
2020-06-10T08:00:00.0,bus-3-bus-4-i_6,-122.8309531187187
2020-06-10T09:00:00.0,bus-3-bus-4-i_6,-133.48501658233795
2020-06-10T10:00:00.0,bus-3-bus-4-i_6,-134.3920825455231
2020-06-10T11:00:00.0,bus-3-bus-4-i_6,-116.94032506275943
2020-06-10T12:00:00.0,bus-3-bus-4-i_6,-116.98560022855347
2020-06-10T13:00:00.0,bus-3-bus-4-i_6,-113.32832617585464
2020-06-10T14:00:00.0,bus-3-bus-4-i_6,-113.63871954249225
2020-06-10T15:00:00.0,bus-3-bus-4-i_6,-114.1317186275293
2020-06-10T16:00:00.0,bus-3-bus-4-i_6,-114.25760834673717
2020-06-10T17:00:00.0,bus-3-bus-4-i_6,-113.91407258926152
2020-06-10T18:00:00.0,bus-3-bus-4-i_6,-113.20170076465442
2020-06-10T19:00:00.0,bus-3-bus-4-i_6,-114.04014366345203
2020-06-10T20:00:00.0,bus-3-bus-4-i_6,-112.72876246152252
2020-06-10T21:00:00.0,bus-3-bus-4-i_6,-116.55183245460839
2020-06-10T22:00:00.0,bus-3-bus-4-i_6,-108.29409090611375
2020-06-10T23:00:00.0,bus-3-bus-4-i_6,-101.83367447726867
2020-06-11T00:00:00.0,bus-3-bus-4-i_6,-97.70860050348915
2020-06-11T01:00:00.0,bus-3-bus-4-i_6,-94.94840465529128
2020-06-11T02:00:00.0,bus-3-bus-4-i_6,-93.00715926428296
2020-06-11T03:00:00.0,bus-3-bus-4-i_6,-92.73417404641457
2020-06-11T04:00:00.0,bus-3-bus-4-i_6,-93.52281554245074
2020-06-11T05:00:00.0,bus-3-bus-4-i_6,-95.52469498850279
2020-06-11T06:00:00.0,bus-3-bus-4-i_6,-102.83460451127348
2020-06-11T07:00:00.0,bus-3-bus-4-i_6,-111.14508034825263
2020-06-11T08:00:00.0,bus-3-bus-4-i_6,-112.05723724037409
2020-06-11T09:00:00.0,bus-3-bus-4-i_6,-112.85577979935537
2020-06-11T10:00:00.0,bus-3-bus-4-i_6,-116.84968830673661
2020-06-11T11:00:00.0,bus-3-bus-4-i_6,-127.22770610207475
2020-06-11T12:00:00.0,bus-3-bus-4-i_6,-135.20848741000754
2020-06-11T13:00:00.0,bus-3-bus-4-i_6,-144.7364150333922
2020-06-11T14:00:00.0,bus-3-bus-4-i_6,-152.68090631740066
2020-06-11T15:00:00.0,bus-3-bus-4-i_6,-155.36029320308847
2020-06-11T16:00:00.0,bus-3-bus-4-i_6,-155.26944405548386
2020-06-11T17:00:00.0,bus-3-bus-4-i_6,-150.50143063209646
2020-06-11T18:00:00.0,bus-3-bus-4-i_6,-143.1933959996266
2020-06-11T19:00:00.0,bus-3-bus-4-i_6,-141.55978097169304
2020-06-11T20:00:00.0,bus-3-bus-4-i_6,-132.62335315733935
2020-06-11T21:00:00.0,bus-3-bus-4-i_6,-120.06661518613085
2020-06-11T22:00:00.0,bus-3-bus-4-i_6,-112.12683884733678
2020-06-11T23:00:00.0,bus-3-bus-4-i_6,-112.05493702653462
2020-06-12T00:00:00.0,bus-3-bus-4-i_6,-105.89801479733329
2020-06-12T01:00:00.0,bus-3-bus-4-i_6,-100.89340193617467
2020-06-12T02:00:00.0,bus-3-bus-4-i_6,-98.01190004236884
2020-06-12T03:00:00.0,bus-3-bus-4-i_6,-96.55597594288732
2020-06-12T04:00:00.0,bus-3-bus-4-i_6,-95.10006413229593
2020-06-12T05:00:00.0,bus-3-bus-4-i_6,-98.28490404611819
2020-06-12T06:00:00.0,bus-3-bus-4-i_6,-107.02026866421359
2020-06-12T07:00:00.0,bus-3-bus-4-i_6,-116.6511916478826
2020-06-12T08:00:00.0,bus-3-bus-4-i_6,-113.8223651494088
2020-06-12T09:00:00.0,bus-3-bus-4-i_6,-122.24175029670383
2020-06-12T10:00:00.0,bus-3-bus-4-i_6,-132.0791693025135
2020-06-12T11:00:00.0,bus-3-bus-4-i_6,-141.24215394890047
2020-06-12T12:00:00.0,bus-3-bus-4-i_6,-148.2314778817371
2020-06-12T13:00:00.0,bus-3-bus-4-i_6,-154.36113429227163
2020-06-12T14:00:00.0,bus-3-bus-4-i_6,-159.49381511972388
2020-06-12T15:00:00.0,bus-3-bus-4-i_6,-159.94812198937996
2020-06-12T16:00:00.0,bus-3-bus-4-i_6,-157.76758146830764
2020-06-12T17:00:00.0,bus-3-bus-4-i_6,-151.77275316090487
2020-06-12T18:00:00.0,bus-3-bus-4-i_6,-143.55644520645058
2020-06-12T19:00:00.0,bus-3-bus-4-i_6,-139.9263404112629
2020-06-12T20:00:00.0,bus-3-bus-4-i_6,-130.76407376063156
2020-06-12T21:00:00.0,bus-3-bus-4-i_6,-118.84321064638374
2020-06-12T22:00:00.0,bus-3-bus-4-i_6,-112.05952992550627
2020-06-12T23:00:00.0,bus-3-bus-4-i_6,-112.23690662254886
2020-06-13T00:00:00.0,bus-3-bus-4-i_6,-105.5644105088987
2020-06-13T01:00:00.0,bus-3-bus-4-i_6,-101.04508237544736
2020-06-13T02:00:00.0,bus-3-bus-4-i_6,-97.34461904681638
2020-06-13T03:00:00.0,bus-3-bus-4-i_6,-94.79673204495896
2020-06-13T04:00:00.0,bus-3-bus-4-i_6,-91.5209097226531
2020-06-13T05:00:00.0,bus-3-bus-4-i_6,-91.36926122135533
2020-06-13T06:00:00.0,bus-3-bus-4-i_6,-97.40528263920095
2020-06-13T07:00:00.0,bus-3-bus-4-i_6,-106.83828819551131
2020-06-13T08:00:00.0,bus-3-bus-4-i_6,-116.27034430094001
2020-06-13T09:00:00.0,bus-3-bus-4-i_6,-112.54379322760735
2020-06-13T10:00:00.0,bus-3-bus-4-i_6,-115.30943485674258
2020-06-13T11:00:00.0,bus-3-bus-4-i_6,-124.37194253559052
2020-06-13T12:00:00.0,bus-3-bus-4-i_6,-131.94312632290206
2020-06-13T13:00:00.0,bus-3-bus-4-i_6,-140.24394015645285
2020-06-13T14:00:00.0,bus-3-bus-4-i_6,-146.86966945991995
2020-06-13T15:00:00.0,bus-3-bus-4-i_6,-150.0928139552925
2020-06-13T16:00:00.0,bus-3-bus-4-i_6,-150.13821526251422
2020-06-13T17:00:00.0,bus-3-bus-4-i_6,-143.91950315179903
2020-06-13T18:00:00.0,bus-3-bus-4-i_6,-134.346727978762
2020-06-13T19:00:00.0,bus-3-bus-4-i_6,-131.98847385018914
2020-06-13T20:00:00.0,bus-3-bus-4-i_6,-123.91869468759462
2020-06-13T21:00:00.0,bus-3-bus-4-i_6,-113.9599460139872
2020-06-13T22:00:00.0,bus-3-bus-4-i_6,-116.66048088442858
2020-06-13T23:00:00.0,bus-3-bus-4-i_6,-108.7490729524774
2020-06-14T00:00:00.0,bus-3-bus-4-i_6,-102.228005175549
2020-06-14T01:00:00.0,bus-3-bus-4-i_6,-97.82992813401492
2020-06-14T02:00:00.0,bus-3-bus-4-i_6,-94.64508642107066
2020-06-14T03:00:00.0,bus-3-bus-4-i_6,-92.09720949028925
2020-06-14T04:00:00.0,bus-3-bus-4-i_6,-88.3967875519382
2020-06-14T05:00:00.0,bus-3-bus-4-i_6,-88.24512643481263
2020-06-14T06:00:00.0,bus-3-bus-4-i_6,-94.0991014764283
2020-06-14T07:00:00.0,bus-3-bus-4-i_6,-103.50191480245358
2020-06-14T08:00:00.0,bus-3-bus-4-i_6,-113.48036020442258
2020-06-14T09:00:00.0,bus-3-bus-4-i_6,-112.07132014379249
2020-06-14T10:00:00.0,bus-3-bus-4-i_6,-116.62321263710922
2020-06-14T11:00:00.0,bus-3-bus-4-i_6,-128.04373435261445
2020-06-14T12:00:00.0,bus-3-bus-4-i_6,-137.83941935524103
2020-06-14T13:00:00.0,bus-3-bus-4-i_6,-146.0526430730532
2020-06-14T14:00:00.0,bus-3-bus-4-i_6,-151.95437932937529
2020-06-14T15:00:00.0,bus-3-bus-4-i_6,-154.45196279827823
2020-06-14T16:00:00.0,bus-3-bus-4-i_6,-154.63362146282708
2020-06-14T17:00:00.0,bus-3-bus-4-i_6,-148.64004428889422
2020-06-14T18:00:00.0,bus-3-bus-4-i_6,-138.65600685479916
2020-06-14T19:00:00.0,bus-3-bus-4-i_6,-135.70742280337856
2020-06-14T20:00:00.0,bus-3-bus-4-i_6,-127.18237244448396
2020-06-14T21:00:00.0,bus-3-bus-4-i_6,-115.17353740407673
2020-06-14T22:00:00.0,bus-3-bus-4-i_6,-116.62356672003557
2020-06-14T23:00:00.0,bus-3-bus-4-i_6,-107.89983993476575
2020-06-15T00:00:00.0,bus-3-bus-4-i_6,-101.16640822022731
2020-06-15T01:00:00.0,bus-3-bus-4-i_6,-96.43464862391798
2020-06-15T02:00:00.0,bus-3-bus-4-i_6,-93.03749097817477
2020-06-15T03:00:00.0,bus-3-bus-4-i_6,-91.79390259935136
2020-06-15T04:00:00.0,bus-3-bus-4-i_6,-91.21759412253057
2020-06-15T05:00:00.0,bus-3-bus-4-i_6,-93.61379358399098
2020-06-15T06:00:00.0,bus-3-bus-4-i_6,-101.62137898891518
2020-06-15T07:00:00.0,bus-3-bus-4-i_6,-111.32705222771978
2020-06-15T08:00:00.0,bus-3-bus-4-i_6,-111.92978635407376
2020-06-15T09:00:00.0,bus-3-bus-4-i_6,-114.22329259666944
2020-06-15T10:00:00.0,bus-3-bus-4-i_6,-123.6920756240611
2020-06-15T11:00:00.0,bus-3-bus-4-i_6,-133.2129071314293
2020-06-15T12:00:00.0,bus-3-bus-4-i_6,-139.79022820465002
2020-06-15T13:00:00.0,bus-3-bus-4-i_6,-143.46568206989355
2020-06-15T14:00:00.0,bus-3-bus-4-i_6,-154.08866712477948
2020-06-15T15:00:00.0,bus-3-bus-4-i_6,-157.04080723345965
2020-06-15T16:00:00.0,bus-3-bus-4-i_6,-154.90611359327175
2020-06-15T17:00:00.0,bus-3-bus-4-i_6,-148.73083821904734
2020-06-15T18:00:00.0,bus-3-bus-4-i_6,-139.47263775159513
2020-06-15T19:00:00.0,bus-3-bus-4-i_6,-136.20637422954582
2020-06-15T20:00:00.0,bus-3-bus-4-i_6,-126.86504052575592
2020-06-15T21:00:00.0,bus-3-bus-4-i_6,-114.08595175255378
2020-06-15T22:00:00.0,bus-3-bus-4-i_6,-115.93683257731446
2020-06-15T23:00:00.0,bus-3-bus-4-i_6,-106.80795675747339
2020-06-16T00:00:00.0,bus-3-bus-4-i_6,-99.95312541416197
2020-06-16T01:00:00.0,bus-3-bus-4-i_6,-95.43371419975871
2020-06-16T02:00:00.0,bus-3-bus-4-i_6,-92.70384244466877
2020-06-16T03:00:00.0,bus-3-bus-4-i_6,-92.61285848398661
2020-06-16T04:00:00.0,bus-3-bus-4-i_6,-92.37019419869458
2020-06-16T05:00:00.0,bus-3-bus-4-i_6,-94.03843785989045
2020-06-16T06:00:00.0,bus-3-bus-4-i_6,-100.62041874841121
2020-06-16T07:00:00.0,bus-3-bus-4-i_6,-108.62775485256289
2020-06-16T08:00:00.0,bus-3-bus-4-i_6,-114.67895157664982
2020-06-16T09:00:00.0,bus-3-bus-4-i_6,-112.94811058226148
2020-06-16T10:00:00.0,bus-3-bus-4-i_6,-114.82634942137433
2020-06-16T11:00:00.0,bus-3-bus-4-i_6,-124.4172680510415
2020-06-16T12:00:00.0,bus-3-bus-4-i_6,-132.35125884215208
2020-06-16T13:00:00.0,bus-3-bus-4-i_6,-140.51617383254026
2020-06-16T14:00:00.0,bus-3-bus-4-i_6,-145.68953428384313
2020-06-16T15:00:00.0,bus-3-bus-4-i_6,-147.09662906057218
2020-06-16T16:00:00.0,bus-3-bus-4-i_6,-144.37333773723236
2020-06-16T17:00:00.0,bus-3-bus-4-i_6,-137.02287509748086
2020-06-16T18:00:00.0,bus-3-bus-4-i_6,-127.63571484309435
2020-06-16T19:00:00.0,bus-3-bus-4-i_6,-124.59857142337935
2020-06-16T20:00:00.0,bus-3-bus-4-i_6,-114.3147842984063
2020-06-16T21:00:00.0,bus-3-bus-4-i_6,-111.48086190744242
2020-06-16T22:00:00.0,bus-3-bus-4-i_6,-109.4769810039406
2020-06-16T23:00:00.0,bus-3-bus-4-i_6,-101.71234907819264
2020-06-17T00:00:00.0,bus-3-bus-4-i_6,-95.73703253413557
2020-06-17T01:00:00.0,bus-3-bus-4-i_6,-91.61191420476185
2020-06-17T02:00:00.0,bus-3-bus-4-i_6,-89.48870398329095
2020-06-17T03:00:00.0,bus-3-bus-4-i_6,-89.57970530218785
2020-06-17T04:00:00.0,bus-3-bus-4-i_6,-88.27545732870176
2020-06-17T05:00:00.0,bus-3-bus-4-i_6,-90.21665612995518
2020-06-17T06:00:00.0,bus-3-bus-4-i_6,-96.40431675545666
2020-06-17T07:00:00.0,bus-3-bus-4-i_6,-103.16824663563757
2020-06-17T08:00:00.0,bus-3-bus-4-i_6,-108.96138005694044
2020-06-17T09:00:00.0,bus-3-bus-4-i_6,-113.8140559066187
2020-06-17T10:00:00.0,bus-3-bus-4-i_6,-114.34780362688008
2020-06-17T11:00:00.0,bus-3-bus-4-i_6,-112.11524045416886
2020-06-17T12:00:00.0,bus-3-bus-4-i_6,-112.75185462460232
2020-06-17T13:00:00.0,bus-3-bus-4-i_6,-113.76499311928376
2020-06-17T14:00:00.0,bus-3-bus-4-i_6,-119.25100159358956
2020-06-17T15:00:00.0,bus-3-bus-4-i_6,-121.78860477749663
2020-06-17T16:00:00.0,bus-3-bus-4-i_6,-124.64389759414343
2020-06-17T17:00:00.0,bus-3-bus-4-i_6,-122.8309531187187
2020-06-17T18:00:00.0,bus-3-bus-4-i_6,-116.17017430172334
2020-06-17T19:00:00.0,bus-3-bus-4-i_6,-115.62653364121562
2020-06-17T20:00:00.0,bus-3-bus-4-i_6,-113.01730136062676
2020-06-17T21:00:00.0,bus-3-bus-4-i_6,-116.02780523136622
2020-06-17T22:00:00.0,bus-3-bus-4-i_6,-107.11122507596009
2020-06-17T23:00:00.0,bus-3-bus-4-i_6,-98.83087522460414
2020-06-18T00:00:00.0,bus-3-bus-4-i_6,-93.00715926428296
2020-06-18T01:00:00.0,bus-3-bus-4-i_6,-89.48870398329095
2020-06-18T02:00:00.0,bus-3-bus-4-i_6,-87.51718306747097
2020-06-18T03:00:00.0,bus-3-bus-4-i_6,-87.5475138778758
2020-06-18T04:00:00.0,bus-3-bus-4-i_6,-86.88023969756216
2020-06-18T05:00:00.0,bus-3-bus-4-i_6,-88.30579424047933
2020-06-18T06:00:00.0,bus-3-bus-4-i_6,-94.463082675987
2020-06-18T07:00:00.0,bus-3-bus-4-i_6,-102.37966206728544
2020-06-18T08:00:00.0,bus-3-bus-4-i_6,-110.0229087134093
2020-06-18T09:00:00.0,bus-3-bus-4-i_6,-115.36064139836641
2020-06-18T10:00:00.0,bus-3-bus-4-i_6,-112.15003307305213
2020-06-18T11:00:00.0,bus-3-bus-4-i_6,-114.25760834673717
2020-06-18T12:00:00.0,bus-3-bus-4-i_6,-121.69798233219029
2020-06-18T13:00:00.0,bus-3-bus-4-i_6,-129.35853642649278
2020-06-18T14:00:00.0,bus-3-bus-4-i_6,-135.2992017365911
2020-06-18T15:00:00.0,bus-3-bus-4-i_6,-137.83941935524103
2020-06-18T16:00:00.0,bus-3-bus-4-i_6,-136.34245472052706
2020-06-18T17:00:00.0,bus-3-bus-4-i_6,-131.308274957739
2020-06-18T18:00:00.0,bus-3-bus-4-i_6,-123.05755975301173
2020-06-18T19:00:00.0,bus-3-bus-4-i_6,-121.47138200412464
2020-06-18T20:00:00.0,bus-3-bus-4-i_6,-115.08294006323831
2020-06-18T21:00:00.0,bus-3-bus-4-i_6,-112.08310958295948
2020-06-18T22:00:00.0,bus-3-bus-4-i_6,-111.56963538894536
2020-06-18T23:00:00.0,bus-3-bus-4-i_6,-103.65357501565367
2020-06-19T00:00:00.0,bus-3-bus-4-i_6,-97.40528263920095
2020-06-19T01:00:00.0,bus-3-bus-4-i_6,-93.3104762980516
2020-06-19T02:00:00.0,bus-3-bus-4-i_6,-91.12659954428538
2020-06-19T03:00:00.0,bus-3-bus-4-i_6,-90.9749420652546
2020-06-19T04:00:00.0,bus-3-bus-4-i_6,-89.7313542807399
2020-06-19T05:00:00.0,bus-3-bus-4-i_6,-92.37019419869458
2020-06-19T06:00:00.0,bus-3-bus-4-i_6,-99.80146776220754
2020-06-19T07:00:00.0,bus-3-bus-4-i_6,-108.11214924391095
2020-06-19T08:00:00.0,bus-3-bus-4-i_6,-115.93683257731446
2020-06-19T09:00:00.0,bus-3-bus-4-i_6,-112.0123612866641
2020-06-19T10:00:00.0,bus-3-bus-4-i_6,-113.63871954249225
2020-06-19T11:00:00.0,bus-3-bus-4-i_6,-119.06975982809756
2020-06-19T12:00:00.0,bus-3-bus-4-i_6,-126.5477150525193
2020-06-19T13:00:00.0,bus-3-bus-4-i_6,-134.07460337213988
2020-06-19T14:00:00.0,bus-3-bus-4-i_6,-141.65053278926644
2020-06-19T15:00:00.0,bus-3-bus-4-i_6,-146.0526430730532
2020-06-19T16:00:00.0,bus-3-bus-4-i_6,-147.2328064494914
2020-06-19T17:00:00.0,bus-3-bus-4-i_6,-142.83035532412626
2020-06-19T18:00:00.0,bus-3-bus-4-i_6,-134.11995714067615
2020-06-19T19:00:00.0,bus-3-bus-4-i_6,-130.12933404364736
2020-06-19T20:00:00.0,bus-3-bus-4-i_6,-120.79160269440305
2020-06-19T21:00:00.0,bus-3-bus-4-i_6,-113.05190287113112
2020-06-19T22:00:00.0,bus-3-bus-4-i_6,-114.4811614488606
2020-06-19T23:00:00.0,bus-3-bus-4-i_6,-106.50465450769431
2020-06-20T00:00:00.0,bus-3-bus-4-i_6,-100.07447344377134
2020-06-20T01:00:00.0,bus-3-bus-4-i_6,-95.88867644298308
2020-06-20T02:00:00.0,bus-3-bus-4-i_6,-92.94649571783873
2020-06-20T03:00:00.0,bus-3-bus-4-i_6,-90.76262175303481
2020-06-20T04:00:00.0,bus-3-bus-4-i_6,-87.5475138778758
2020-06-20T05:00:00.0,bus-3-bus-4-i_6,-88.5787743572636
2020-06-20T06:00:00.0,bus-3-bus-4-i_6,-95.43371419975871
2020-06-20T07:00:00.0,bus-3-bus-4-i_6,-104.80614330929453
2020-06-20T08:00:00.0,bus-3-bus-4-i_6,-115.60325114393049
2020-06-20T09:00:00.0,bus-3-bus-4-i_6,-113.05190287113112
2020-06-20T10:00:00.0,bus-3-bus-4-i_6,-119.43220922661801
2020-06-20T11:00:00.0,bus-3-bus-4-i_6,-130.94551434783722
2020-06-20T12:00:00.0,bus-3-bus-4-i_6,-141.33290378207363
2020-06-20T13:00:00.0,bus-3-bus-4-i_6,-151.27329220557706
2020-06-20T14:00:00.0,bus-3-bus-4-i_6,-160.17528098123304
2020-06-20T15:00:00.0,bus-3-bus-4-i_6,-166.0598261523932
2020-06-20T16:00:00.0,bus-3-bus-4-i_6,-167.15882529348326
2020-06-20T17:00:00.0,bus-3-bus-4-i_6,-162.5835129975103
2020-06-20T18:00:00.0,bus-3-bus-4-i_6,-151.77275316090487
2020-06-20T19:00:00.0,bus-3-bus-4-i_6,-144.78180031639369
2020-06-20T20:00:00.0,bus-3-bus-4-i_6,-133.258258374454
2020-06-20T21:00:00.0,bus-3-bus-4-i_6,-120.65569574576753
2020-06-20T22:00:00.0,bus-3-bus-4-i_6,-112.16162889732644
2020-06-20T23:00:00.0,bus-3-bus-4-i_6,-112.14592257931311
2020-06-21T00:00:00.0,bus-3-bus-4-i_6,-105.5340491167857
2020-06-21T01:00:00.0,bus-3-bus-4-i_6,-100.98439619489241
2020-06-21T02:00:00.0,bus-3-bus-4-i_6,-97.95123661612207
2020-06-21T03:00:00.0,bus-3-bus-4-i_6,-95.49436319069463
2020-06-21T04:00:00.0,bus-3-bus-4-i_6,-91.64223558563327
2020-06-21T05:00:00.0,bus-3-bus-4-i_6,-91.85455678936822
2020-06-21T06:00:00.0,bus-3-bus-4-i_6,-99.07353042286657
2020-06-21T07:00:00.0,bus-3-bus-4-i_6,-109.56796893195542
2020-06-21T08:00:00.0,bus-3-bus-4-i_6,-112.45124305992458
2020-06-21T09:00:00.0,bus-3-bus-4-i_6,-121.10881128348252
2020-06-21T10:00:00.0,bus-3-bus-4-i_6,-137.74869007609087
2020-06-21T11:00:00.0,bus-3-bus-4-i_6,-151.45491245651957
2020-06-21T12:00:00.0,bus-3-bus-4-i_6,-162.12903756581773
2020-06-21T13:00:00.0,bus-3-bus-4-i_6,-169.86160307886783
2020-06-21T14:00:00.0,bus-3-bus-4-i_6,-167.18677419536112
2020-06-21T15:00:00.0,bus-3-bus-4-i_6,-165.86684043669234
2020-06-21T16:00:00.0,bus-3-bus-4-i_6,-166.31891149543065
2020-06-21T17:00:00.0,bus-3-bus-4-i_6,-168.9039368734451
2020-06-21T18:00:00.0,bus-3-bus-4-i_6,-164.31988257664787
2020-06-21T19:00:00.0,bus-3-bus-4-i_6,-158.49439170933283
2020-06-21T20:00:00.0,bus-3-bus-4-i_6,-147.1874138507844
2020-06-21T21:00:00.0,bus-3-bus-4-i_6,-134.2560192444086
2020-06-21T22:00:00.0,bus-3-bus-4-i_6,-118.70727217926658
2020-06-21T23:00:00.0,bus-3-bus-4-i_6,-112.11524045416886
2020-06-22T00:00:00.0,bus-3-bus-4-i_6,-114.93607218204511
2020-06-22T01:00:00.0,bus-3-bus-4-i_6,-110.23521269288761
2020-06-22T02:00:00.0,bus-3-bus-4-i_6,-106.5653152685837
2020-06-22T03:00:00.0,bus-3-bus-4-i_6,-105.92838648952083
2020-06-22T04:00:00.0,bus-3-bus-4-i_6,-104.38148394781533
2020-06-22T05:00:00.0,bus-3-bus-4-i_6,-106.71693327787438
2020-06-22T06:00:00.0,bus-3-bus-4-i_6,-115.60325114393049
2020-06-22T07:00:00.0,bus-3-bus-4-i_6,-113.75352951555158
2020-06-22T08:00:00.0,bus-3-bus-4-i_6,-129.94796643906074
2020-06-22T09:00:00.0,bus-3-bus-4-i_6,-142.14967740902958
2020-06-22T10:00:00.0,bus-3-bus-4-i_6,-153.95241292873382
2020-06-22T11:00:00.0,bus-3-bus-4-i_6,-163.8162752583642
2020-06-22T12:00:00.0,bus-3-bus-4-i_6,-169.1569383139771
2020-06-22T13:00:00.0,bus-3-bus-4-i_6,-164.14858938535792
2020-06-22T14:00:00.0,bus-3-bus-4-i_6,-163.8772316637361
2020-06-22T15:00:00.0,bus-3-bus-4-i_6,-162.61070012150242
2020-06-22T16:00:00.0,bus-3-bus-4-i_6,-163.33447116637598
2020-06-22T17:00:00.0,bus-3-bus-4-i_6,-165.36047132218545
2020-06-22T18:00:00.0,bus-3-bus-4-i_6,-169.40992272899456
2020-06-22T19:00:00.0,bus-3-bus-4-i_6,-166.92986587446245
2020-06-22T20:00:00.0,bus-3-bus-4-i_6,-156.1323895773594
2020-06-22T21:00:00.0,bus-3-bus-4-i_6,-140.65229248385106
2020-06-22T22:00:00.0,bus-3-bus-4-i_6,-124.46259369753356
2020-06-22T23:00:00.0,bus-3-bus-4-i_6,-113.32832617585464
2020-06-23T00:00:00.0,bus-3-bus-4-i_6,-116.64144013878621
2020-06-23T01:00:00.0,bus-3-bus-4-i_6,-111.96395186065264
2020-06-23T02:00:00.0,bus-3-bus-4-i_6,-108.3244576364951
2020-06-23T03:00:00.0,bus-3-bus-4-i_6,-106.68660299032136
2020-06-23T04:00:00.0,bus-3-bus-4-i_6,-104.92743731504032
2020-06-23T05:00:00.0,bus-3-bus-4-i_6,-106.20135568947333
2020-06-23T06:00:00.0,bus-3-bus-4-i_6,-112.44920426967013
2020-06-23T07:00:00.0,bus-3-bus-4-i_6,-112.13025947517403
2020-06-23T08:00:00.0,bus-3-bus-4-i_6,-118.66196012582404
2020-06-23T09:00:00.0,bus-3-bus-4-i_6,-130.26536113518566
2020-06-23T10:00:00.0,bus-3-bus-4-i_6,-140.92453341427498
2020-06-23T11:00:00.0,bus-3-bus-4-i_6,-151.59112908053208
2020-06-23T12:00:00.0,bus-3-bus-4-i_6,-160.72047825216683
2020-06-23T13:00:00.0,bus-3-bus-4-i_6,-168.87965625426096
2020-06-23T14:00:00.0,bus-3-bus-4-i_6,-168.25329442078987
2020-06-23T15:00:00.0,bus-3-bus-4-i_6,-167.04213552884437
2020-06-23T16:00:00.0,bus-3-bus-4-i_6,-167.74717594175368
2020-06-23T17:00:00.0,bus-3-bus-4-i_6,-169.60868068922647
2020-06-23T18:00:00.0,bus-3-bus-4-i_6,-161.0839567180748
2020-06-23T19:00:00.0,bus-3-bus-4-i_6,-154.63362146282708
2020-06-23T20:00:00.0,bus-3-bus-4-i_6,-141.74128514508286
2020-06-23T21:00:00.0,bus-3-bus-4-i_6,-126.91037326230727
2020-06-23T22:00:00.0,bus-3-bus-4-i_6,-113.06343100278448
2020-06-23T23:00:00.0,bus-3-bus-4-i_6,-113.75330916403648
2020-06-24T00:00:00.0,bus-3-bus-4-i_6,-107.02026866421359
2020-06-24T01:00:00.0,bus-3-bus-4-i_6,-102.07632471797903
2020-06-24T02:00:00.0,bus-3-bus-4-i_6,-98.83087522460414
2020-06-24T03:00:00.0,bus-3-bus-4-i_6,-97.37495084799966
2020-06-24T04:00:00.0,bus-3-bus-4-i_6,-95.70670083427224
2020-06-24T05:00:00.0,bus-3-bus-4-i_6,-98.46689445871047
2020-06-24T06:00:00.0,bus-3-bus-4-i_6,-106.23168135746064
2020-06-24T07:00:00.0,bus-3-bus-4-i_6,-115.72455563594812
2020-06-24T08:00:00.0,bus-3-bus-4-i_6,-114.25760834673717
2020-06-24T09:00:00.0,bus-3-bus-4-i_6,-125.73176493984684
2020-06-24T10:00:00.0,bus-3-bus-4-i_6,-139.83559880599975
2020-06-24T11:00:00.0,bus-3-bus-4-i_6,-153.58911431097368
2020-06-24T12:00:00.0,bus-3-bus-4-i_6,-164.82352817039265
2020-06-24T13:00:00.0,bus-3-bus-4-i_6,-167.94601468815347
2020-06-24T14:00:00.0,bus-3-bus-4-i_6,-164.58273061521774
2020-06-24T15:00:00.0,bus-3-bus-4-i_6,-162.44783738570527
2020-06-24T16:00:00.0,bus-3-bus-4-i_6,-162.99069287563754
2020-06-24T17:00:00.0,bus-3-bus-4-i_6,-164.98065972820163
2020-06-24T18:00:00.0,bus-3-bus-4-i_6,-169.04851147639636
2020-06-24T19:00:00.0,bus-3-bus-4-i_6,-166.74669718363563
2020-06-24T20:00:00.0,bus-3-bus-4-i_6,-154.04323885668026
2020-06-24T21:00:00.0,bus-3-bus-4-i_6,-137.38577830897972
2020-06-24T22:00:00.0,bus-3-bus-4-i_6,-118.61666203420258
2020-06-24T23:00:00.0,bus-3-bus-4-i_6,-111.77633243992142
2020-06-25T00:00:00.0,bus-3-bus-4-i_6,-111.90329416242272
2020-06-25T01:00:00.0,bus-3-bus-4-i_6,-106.20135568947333
2020-06-25T02:00:00.0,bus-3-bus-4-i_6,-102.10668047984495
2020-06-25T03:00:00.0,bus-3-bus-4-i_6,-100.89340193617467
2020-06-25T04:00:00.0,bus-3-bus-4-i_6,-98.67921663695603
2020-06-25T05:00:00.0,bus-3-bus-4-i_6,-99.07353042286657
2020-06-25T06:00:00.0,bus-3-bus-4-i_6,-109.78027399070798
2020-06-25T07:00:00.0,bus-3-bus-4-i_6,-111.90618655590202
2020-06-25T08:00:00.0,bus-3-bus-4-i_6,-120.65569574576753
2020-06-25T09:00:00.0,bus-3-bus-4-i_6,-133.75713081709773
2020-06-25T10:00:00.0,bus-3-bus-4-i_6,-146.86966945991995
2020-06-25T11:00:00.0,bus-3-bus-4-i_6,-159.13038087839354
2020-06-25T12:00:00.0,bus-3-bus-4-i_6,-167.77233466421606
2020-06-25T13:00:00.0,bus-3-bus-4-i_6,-166.42740124674106
2020-06-25T14:00:00.0,bus-3-bus-4-i_6,-162.5383173088866
2020-06-25T15:00:00.0,bus-3-bus-4-i_6,-160.34826154316545
2020-06-25T16:00:00.0,bus-3-bus-4-i_6,-160.34826154316545
2020-06-25T17:00:00.0,bus-3-bus-4-i_6,-162.4116449508116
2020-06-25T18:00:00.0,bus-3-bus-4-i_6,-166.51780933120267
2020-06-25T19:00:00.0,bus-3-bus-4-i_6,-169.96994220389712
2020-06-25T20:00:00.0,bus-3-bus-4-i_6,-156.45032937214688
2020-06-25T21:00:00.0,bus-3-bus-4-i_6,-140.47080121743303
2020-06-25T22:00:00.0,bus-3-bus-4-i_6,-122.51366809784017
2020-06-25T23:00:00.0,bus-3-bus-4-i_6,-112.61317826610819
2020-06-26T00:00:00.0,bus-3-bus-4-i_6,-114.84508684544923
2020-06-26T01:00:00.0,bus-3-bus-4-i_6,-108.7490729524774
2020-06-26T02:00:00.0,bus-3-bus-4-i_6,-104.89710650243221
2020-06-26T03:00:00.0,bus-3-bus-4-i_6,-103.0166177828147
2020-06-26T04:00:00.0,bus-3-bus-4-i_6,-100.89340193617467
2020-06-26T05:00:00.0,bus-3-bus-4-i_6,-103.22893507504156
2020-06-26T06:00:00.0,bus-3-bus-4-i_6,-112.38854875533202
2020-06-26T07:00:00.0,bus-3-bus-4-i_6,-112.5322260119089
2020-06-26T08:00:00.0,bus-3-bus-4-i_6,-125.09716651331316
2020-06-26T09:00:00.0,bus-3-bus-4-i_6,-140.10782523230873
2020-06-26T10:00:00.0,bus-3-bus-4-i_6,-153.86158744957504
2020-06-26T11:00:00.0,bus-3-bus-4-i_6,-167.42976159859714
2020-06-26T12:00:00.0,bus-3-bus-4-i_6,-166.77093860187696
2020-06-26T13:00:00.0,bus-3-bus-4-i_6,-162.35735581756083
2020-06-26T14:00:00.0,bus-3-bus-4-i_6,-158.71881836976368
2020-06-26T15:00:00.0,bus-3-bus-4-i_6,-157.02727350077313
2020-06-26T16:00:00.0,bus-3-bus-4-i_6,-157.090488884956
2020-06-26T17:00:00.0,bus-3-bus-4-i_6,-161.09044918636624
2020-06-26T18:00:00.0,bus-3-bus-4-i_6,-165.64983146124862
2020-06-26T19:00:00.0,bus-3-bus-4-i_6,-168.3978896799533
2020-06-26T20:00:00.0,bus-3-bus-4-i_6,-162.31081379924285
2020-06-26T21:00:00.0,bus-3-bus-4-i_6,-146.0980322813066
2020-06-26T22:00:00.0,bus-3-bus-4-i_6,-129.72125990698845
2020-06-26T23:00:00.0,bus-3-bus-4-i_6,-114.96330231826661
2020-06-27T00:00:00.0,bus-3-bus-4-i_6,-111.85897771111696
2020-06-27T01:00:00.0,bus-3-bus-4-i_6,-114.17788943662414
2020-06-27T02:00:00.0,bus-3-bus-4-i_6,-109.96225083503653
2020-06-27T03:00:00.0,bus-3-bus-4-i_6,-106.77762703931582
2020-06-27T04:00:00.0,bus-3-bus-4-i_6,-102.89529217893853
2020-06-27T05:00:00.0,bus-3-bus-4-i_6,-102.37966206728544
2020-06-27T06:00:00.0,bus-3-bus-4-i_6,-108.56709499910046
2020-06-27T07:00:00.0,bus-3-bus-4-i_6,-112.1066861133261
2020-06-27T08:00:00.0,bus-3-bus-4-i_6,-125.00646702093317
2020-06-27T09:00:00.0,bus-3-bus-4-i_6,-141.96816838992956
2020-06-27T10:00:00.0,bus-3-bus-4-i_6,-156.99538502466152
2020-06-27T11:00:00.0,bus-3-bus-4-i_6,-169.28343287618475
2020-06-27T12:00:00.0,bus-3-bus-4-i_6,-165.43281302376468
2020-06-27T13:00:00.0,bus-3-bus-4-i_6,-161.7782361761739
2020-06-27T14:00:00.0,bus-3-bus-4-i_6,-159.17153370097625
2020-06-27T15:00:00.0,bus-3-bus-4-i_6,-157.5453023318861
2020-06-27T16:00:00.0,bus-3-bus-4-i_6,-157.77810753703673
2020-06-27T17:00:00.0,bus-3-bus-4-i_6,-159.3706962551573
2020-06-27T18:00:00.0,bus-3-bus-4-i_6,-165.55940727702705
2020-06-27T19:00:00.0,bus-3-bus-4-i_6,-169.2653624963234
2020-06-27T20:00:00.0,bus-3-bus-4-i_6,-158.90323848409008
2020-06-27T21:00:00.0,bus-3-bus-4-i_6,-142.60345928346047
2020-06-27T22:00:00.0,bus-3-bus-4-i_6,-127.36370786458156
2020-06-27T23:00:00.0,bus-3-bus-4-i_6,-118.0276601140398
2020-06-28T00:00:00.0,bus-3-bus-4-i_6,-112.5206697936024
2020-06-28T01:00:00.0,bus-3-bus-4-i_6,-116.08842357861839
2020-06-28T02:00:00.0,bus-3-bus-4-i_6,-110.993436174474
2020-06-28T03:00:00.0,bus-3-bus-4-i_6,-107.14158915679377
2020-06-28T04:00:00.0,bus-3-bus-4-i_6,-103.19857751281573
2020-06-28T05:00:00.0,bus-3-bus-4-i_6,-102.92562385453625
2020-06-28T06:00:00.0,bus-3-bus-4-i_6,-109.81060392439022
2020-06-28T07:00:00.0,bus-3-bus-4-i_6,-112.32387958020995
2020-06-28T08:00:00.0,bus-3-bus-4-i_6,-126.45705181501947
2020-06-28T09:00:00.0,bus-3-bus-4-i_6,-144.2825697394038
2020-06-28T10:00:00.0,bus-3-bus-4-i_6,-159.08495212512062
2020-06-28T11:00:00.0,bus-3-bus-4-i_6,-169.06658246713118
2020-06-28T12:00:00.0,bus-3-bus-4-i_6,-166.409320638311
2020-06-28T13:00:00.0,bus-3-bus-4-i_6,-161.3619544597594
2020-06-28T14:00:00.0,bus-3-bus-4-i_6,-159.35251217231948
2020-06-28T15:00:00.0,bus-3-bus-4-i_6,-158.97229302762233
2020-06-28T16:00:00.0,bus-3-bus-4-i_6,-159.71461730918136
2020-06-28T17:00:00.0,bus-3-bus-4-i_6,-161.88682603642297
2020-06-28T18:00:00.0,bus-3-bus-4-i_6,-165.5774929921022
2020-06-28T19:00:00.0,bus-3-bus-4-i_6,-167.04213552884437
2020-06-28T20:00:00.0,bus-3-bus-4-i_6,-168.3399548733682
2020-06-28T21:00:00.0,bus-3-bus-4-i_6,-154.36113429227163
2020-06-28T22:00:00.0,bus-3-bus-4-i_6,-137.79404244967841
2020-06-28T23:00:00.0,bus-3-bus-4-i_6,-118.07293273757136
2020-06-29T00:00:00.0,bus-3-bus-4-i_6,-112.33546241607017
2020-06-29T01:00:00.0,bus-3-bus-4-i_6,-115.87618289942733
2020-06-29T02:00:00.0,bus-3-bus-4-i_6,-111.66066771899207
2020-06-29T03:00:00.0,bus-3-bus-4-i_6,-110.23521269288761
2020-06-29T04:00:00.0,bus-3-bus-4-i_6,-108.47610638292548
2020-06-29T05:00:00.0,bus-3-bus-4-i_6,-110.69014782647146
2020-06-29T06:00:00.0,bus-3-bus-4-i_6,-115.22530943315014
2020-06-29T07:00:00.0,bus-3-bus-4-i_6,-115.21883640732793
2020-06-29T08:00:00.0,bus-3-bus-4-i_6,-130.8094813034551
2020-06-29T09:00:00.0,bus-3-bus-4-i_6,-143.10263502164685
2020-06-29T10:00:00.0,bus-3-bus-4-i_6,-154.9515294308544
2020-06-29T11:00:00.0,bus-3-bus-4-i_6,-168.38732503600414
2020-06-29T12:00:00.0,bus-3-bus-4-i_6,-167.96409052399017
2020-06-29T13:00:00.0,bus-3-bus-4-i_6,-164.27521689459832
2020-06-29T14:00:00.0,bus-3-bus-4-i_6,-161.59724813947903
2020-06-29T15:00:00.0,bus-3-bus-4-i_6,-159.93187354635933
2020-06-29T16:00:00.0,bus-3-bus-4-i_6,-159.66030237184066
2020-06-29T17:00:00.0,bus-3-bus-4-i_6,-165.00669224490457
2020-06-29T18:00:00.0,bus-3-bus-4-i_6,-166.89828766669362
2020-06-29T19:00:00.0,bus-3-bus-4-i_6,-167.72909927935854
2020-06-29T20:00:00.0,bus-3-bus-4-i_6,-167.25040513729746
2020-06-29T21:00:00.0,bus-3-bus-4-i_6,-152.18141524642252
2020-06-29T22:00:00.0,bus-3-bus-4-i_6,-136.52389724375865
2020-06-29T23:00:00.0,bus-3-bus-4-i_6,-122.60434975253345
2020-06-30T00:00:00.0,bus-3-bus-4-i_6,-114.0172343997612
2020-06-30T01:00:00.0,bus-3-bus-4-i_6,-111.98877231753261
2020-06-30T02:00:00.0,bus-3-bus-4-i_6,-115.17862701335405
2020-06-30T03:00:00.0,bus-3-bus-4-i_6,-113.51068792095145
2020-06-30T04:00:00.0,bus-3-bus-4-i_6,-112.3582205694281
2020-06-30T05:00:00.0,bus-3-bus-4-i_6,-111.50897827215071
2020-06-30T06:00:00.0,bus-3-bus-4-i_6,-112.99327830277888
2020-06-30T07:00:00.0,bus-3-bus-4-i_6,-114.3376215285969
2020-06-30T08:00:00.0,bus-3-bus-4-i_6,-129.31319657310127
2020-06-30T09:00:00.0,bus-3-bus-4-i_6,-145.46259579296023
2020-06-30T10:00:00.0,bus-3-bus-4-i_6,-158.85781058585965
2020-06-30T11:00:00.0,bus-3-bus-4-i_6,-169.3737832759505
2020-06-30T12:00:00.0,bus-3-bus-4-i_6,-165.84875668989562
2020-06-30T13:00:00.0,bus-3-bus-4-i_6,-162.50212555662767
2020-06-30T14:00:00.0,bus-3-bus-4-i_6,-162.3935486370595
2020-06-30T15:00:00.0,bus-3-bus-4-i_6,-165.55940727702705
2020-06-30T16:00:00.0,bus-3-bus-4-i_6,-166.42740124674106
2020-06-30T17:00:00.0,bus-3-bus-4-i_6,-168.9039368734451
2020-06-30T18:00:00.0,bus-3-bus-4-i_6,-166.10561680243566
2020-06-30T19:00:00.0,bus-3-bus-4-i_6,-162.53805800229486
2020-06-30T20:00:00.0,bus-3-bus-4-i_6,-152.95336298295524
2020-06-30T21:00:00.0,bus-3-bus-4-i_6,-138.29307367782047
2020-06-30T22:00:00.0,bus-3-bus-4-i_6,-123.05755975301173
2020-06-30T23:00:00.0,bus-3-bus-4-i_6,-113.06343100278448
2020-07-01T00:00:00.0,bus-3-bus-4-i_6,-112.39336358339527
2020-07-01T01:00:00.0,bus-3-bus-4-i_6,-116.6557114174629
2020-07-01T02:00:00.0,bus-3-bus-4-i_6,-114.2081618552506
2020-07-01T03:00:00.0,bus-3-bus-4-i_6,-113.99587046548767
2020-07-01T04:00:00.0,bus-3-bus-4-i_6,-113.63199863933372
2020-07-01T05:00:00.0,bus-3-bus-4-i_6,-115.87618289942733
2020-07-01T06:00:00.0,bus-3-bus-4-i_6,-112.9827158322149
2020-07-01T07:00:00.0,bus-3-bus-4-i_6,-122.876274184092
2020-07-01T08:00:00.0,bus-3-bus-4-i_6,-136.52389724375865
2020-07-01T09:00:00.0,bus-3-bus-4-i_6,-145.82569906393968
2020-07-01T10:00:00.0,bus-3-bus-4-i_6,-157.4950368947662
2020-07-01T11:00:00.0,bus-3-bus-4-i_6,-166.79248931907927
2020-07-01T12:00:00.0,bus-3-bus-4-i_6,-168.52440677866466
2020-07-01T13:00:00.0,bus-3-bus-4-i_6,-166.80710074608402
2020-07-01T14:00:00.0,bus-3-bus-4-i_6,-165.1976985972155
2020-07-01T15:00:00.0,bus-3-bus-4-i_6,-165.47706259915134
2020-07-01T16:00:00.0,bus-3-bus-4-i_6,-168.3978896799533
2020-07-01T17:00:00.0,bus-3-bus-4-i_6,-169.57482798501147
2020-07-01T18:00:00.0,bus-3-bus-4-i_6,-161.99271260274375
2020-07-01T19:00:00.0,bus-3-bus-4-i_6,-161.7200742771823
2020-07-01T20:00:00.0,bus-3-bus-4-i_6,-154.2703063369153
2020-07-01T21:00:00.0,bus-3-bus-4-i_6,-141.0606556938952
2020-07-01T22:00:00.0,bus-3-bus-4-i_6,-125.50511965537581
2020-07-01T23:00:00.0,bus-3-bus-4-i_6,-113.73056531310688
2020-07-02T00:00:00.0,bus-3-bus-4-i_6,-111.37437452329206
2020-07-02T01:00:00.0,bus-3-bus-4-i_6,-113.63199863933372
2020-07-02T02:00:00.0,bus-3-bus-4-i_6,-110.29587508035534
2020-07-02T03:00:00.0,bus-3-bus-4-i_6,-109.68928661083082
2020-07-02T04:00:00.0,bus-3-bus-4-i_6,-108.0514900440713
2020-07-02T05:00:00.0,bus-3-bus-4-i_6,-109.87124025533379
2020-07-02T06:00:00.0,bus-3-bus-4-i_6,-111.32702703152884
2020-07-02T07:00:00.0,bus-3-bus-4-i_6,-120.11194150193867
2020-07-02T08:00:00.0,bus-3-bus-4-i_6,-137.8847841954732
2020-07-02T09:00:00.0,bus-3-bus-4-i_6,-150.86465463671965
2020-07-02T10:00:00.0,bus-3-bus-4-i_6,-164.3656673059381
2020-07-02T11:00:00.0,bus-3-bus-4-i_6,-167.78332906085137
2020-07-02T12:00:00.0,bus-3-bus-4-i_6,-163.4068424962823
2020-07-02T13:00:00.0,bus-3-bus-4-i_6,-159.04471570454146
2020-07-02T14:00:00.0,bus-3-bus-4-i_6,-155.8756232049574
2020-07-02T15:00:00.0,bus-3-bus-4-i_6,-154.50360237690134
2020-07-02T16:00:00.0,bus-3-bus-4-i_6,-154.80324605962332
2020-07-02T17:00:00.0,bus-3-bus-4-i_6,-157.32851583262544
2020-07-02T18:00:00.0,bus-3-bus-4-i_6,-161.2895543474976
2020-07-02T19:00:00.0,bus-3-bus-4-i_6,-162.91831554105266
2020-07-02T20:00:00.0,bus-3-bus-4-i_6,-166.31891149543065
2020-07-02T21:00:00.0,bus-3-bus-4-i_6,-163.63316744251176
2020-07-02T22:00:00.0,bus-3-bus-4-i_6,-145.05411485431262
2020-07-02T23:00:00.0,bus-3-bus-4-i_6,-128.95048249852934
2020-07-03T00:00:00.0,bus-3-bus-4-i_6,-117.12154226299938
2020-07-03T01:00:00.0,bus-3-bus-4-i_6,-112.87887662422395
2020-07-03T02:00:00.0,bus-3-bus-4-i_6,-112.17526302395122
2020-07-03T03:00:00.0,bus-3-bus-4-i_6,-116.6102527852099
2020-07-03T04:00:00.0,bus-3-bus-4-i_6,-113.99587046548767
2020-07-03T05:00:00.0,bus-3-bus-4-i_6,-115.14830021126308
2020-07-03T06:00:00.0,bus-3-bus-4-i_6,-113.1440916522737
2020-07-03T07:00:00.0,bus-3-bus-4-i_6,-123.05755975301173
2020-07-03T08:00:00.0,bus-3-bus-4-i_6,-144.60025999559818
2020-07-03T09:00:00.0,bus-3-bus-4-i_6,-157.76758146830764
2020-07-03T10:00:00.0,bus-3-bus-4-i_6,-169.68095126262574
2020-07-03T11:00:00.0,bus-3-bus-4-i_6,-164.51037631291223
2020-07-03T12:00:00.0,bus-3-bus-4-i_6,-160.40257099123423
2020-07-03T13:00:00.0,bus-3-bus-4-i_6,-156.39607707780442
2020-07-03T14:00:00.0,bus-3-bus-4-i_6,-153.82544151291367
2020-07-03T15:00:00.0,bus-3-bus-4-i_6,-152.7213823999019
2020-07-03T16:00:00.0,bus-3-bus-4-i_6,-153.4784623412146
2020-07-03T17:00:00.0,bus-3-bus-4-i_6,-156.7115702052818
2020-07-03T18:00:00.0,bus-3-bus-4-i_6,-160.45687990691317
2020-07-03T19:00:00.0,bus-3-bus-4-i_6,-161.6877429118137
2020-07-03T20:00:00.0,bus-3-bus-4-i_6,-165.7221739989755
2020-07-03T21:00:00.0,bus-3-bus-4-i_6,-168.38732503600414
2020-07-03T22:00:00.0,bus-3-bus-4-i_6,-151.72736183768626
2020-07-03T23:00:00.0,bus-3-bus-4-i_6,-138.06624489433213
2020-07-04T00:00:00.0,bus-3-bus-4-i_6,-127.09170552410347
2020-07-04T01:00:00.0,bus-3-bus-4-i_6,-116.17017430172334
2020-07-04T02:00:00.0,bus-3-bus-4-i_6,-112.72876246152252
2020-07-04T03:00:00.0,bus-3-bus-4-i_6,-111.37437452329206
2020-07-04T04:00:00.0,bus-3-bus-4-i_6,-114.72377870749688
2020-07-04T05:00:00.0,bus-3-bus-4-i_6,-112.44920426967013
2020-07-04T06:00:00.0,bus-3-bus-4-i_6,-111.81175647698494
2020-07-04T07:00:00.0,bus-3-bus-4-i_6,-121.78860477749663
2020-07-04T08:00:00.0,bus-3-bus-4-i_6,-141.37827895097055
2020-07-04T09:00:00.0,bus-3-bus-4-i_6,-156.35948870838803
2020-07-04T10:00:00.0,bus-3-bus-4-i_6,-169.35730851178786
2020-07-04T11:00:00.0,bus-3-bus-4-i_6,-164.94448567915776
2020-07-04T12:00:00.0,bus-3-bus-4-i_6,-160.78272301293302
2020-07-04T13:00:00.0,bus-3-bus-4-i_6,-156.9640962975674
2020-07-04T14:00:00.0,bus-3-bus-4-i_6,-155.21327226441804
2020-07-04T15:00:00.0,bus-3-bus-4-i_6,-156.4749434165119
2020-07-04T16:00:00.0,bus-3-bus-4-i_6,-158.41113928141547
2020-07-04T17:00:00.0,bus-3-bus-4-i_6,-160.56549631977757
2020-07-04T18:00:00.0,bus-3-bus-4-i_6,-163.69631837260465
2020-07-04T19:00:00.0,bus-3-bus-4-i_6,-164.43802105813043
2020-07-04T20:00:00.0,bus-3-bus-4-i_6,-167.51217402132258
2020-07-04T21:00:00.0,bus-3-bus-4-i_6,-165.6935053565694
2020-07-04T22:00:00.0,bus-3-bus-4-i_6,-151.27329220557706
2020-07-04T23:00:00.0,bus-3-bus-4-i_6,-138.06624489433213
2020-07-05T00:00:00.0,bus-3-bus-4-i_6,-126.5023833680357
2020-07-05T01:00:00.0,bus-3-bus-4-i_6,-116.66847432468734
2020-07-05T02:00:00.0,bus-3-bus-4-i_6,-112.49751915681283
2020-07-05T03:00:00.0,bus-3-bus-4-i_6,-113.56408893681909
2020-07-05T04:00:00.0,bus-3-bus-4-i_6,-113.6926541601389
2020-07-05T05:00:00.0,bus-3-bus-4-i_6,-110.26554150633245
2020-07-05T06:00:00.0,bus-3-bus-4-i_6,-111.42472946589517
2020-07-05T07:00:00.0,bus-3-bus-4-i_6,-120.6103810751098
2020-07-05T08:00:00.0,bus-3-bus-4-i_6,-141.28752874767133
2020-07-05T09:00:00.0,bus-3-bus-4-i_6,-157.17707469625867
2020-07-05T10:00:00.0,bus-3-bus-4-i_6,-169.5364070689304
2020-07-05T11:00:00.0,bus-3-bus-4-i_6,-163.99978898136013
2020-07-05T12:00:00.0,bus-3-bus-4-i_6,-160.16722639050275
2020-07-05T13:00:00.0,bus-3-bus-4-i_6,-156.9956811592526
2020-07-05T14:00:00.0,bus-3-bus-4-i_6,-156.11218444076576
2020-07-05T15:00:00.0,bus-3-bus-4-i_6,-157.83219698364127
2020-07-05T16:00:00.0,bus-3-bus-4-i_6,-157.58064042098962
2020-07-05T17:00:00.0,bus-3-bus-4-i_6,-160.63790613476385
2020-07-05T18:00:00.0,bus-3-bus-4-i_6,-163.9134135420161
2020-07-05T19:00:00.0,bus-3-bus-4-i_6,-165.07109363760418
2020-07-05T20:00:00.0,bus-3-bus-4-i_6,-168.28944365750021
2020-07-05T21:00:00.0,bus-3-bus-4-i_6,-145.23562924443536
2020-07-05T22:00:00.0,bus-3-bus-4-i_6,-150.50143063209646
2020-07-05T23:00:00.0,bus-3-bus-4-i_6,-137.15896279948456
2020-07-06T00:00:00.0,bus-3-bus-4-i_6,-126.23039612267233
2020-07-06T01:00:00.0,bus-3-bus-4-i_6,-116.804413330133
2020-07-06T02:00:00.0,bus-3-bus-4-i_6,-113.4203599414548
2020-07-06T03:00:00.0,bus-3-bus-4-i_6,-112.6016162590628
2020-07-06T04:00:00.0,bus-3-bus-4-i_6,-111.64638483620676
2020-07-06T05:00:00.0,bus-3-bus-4-i_6,-116.63353078879359
2020-07-06T06:00:00.0,bus-3-bus-4-i_6,-111.96518025258197
2020-07-06T07:00:00.0,bus-3-bus-4-i_6,-115.49066075965948
2020-07-06T08:00:00.0,bus-3-bus-4-i_6,-128.54243925959875
2020-07-06T09:00:00.0,bus-3-bus-4-i_6,-139.42726822338827
2020-07-06T10:00:00.0,bus-3-bus-4-i_6,-148.64004428889422
2020-07-06T11:00:00.0,bus-3-bus-4-i_6,-159.99355333965886
2020-07-06T12:00:00.0,bus-3-bus-4-i_6,-163.77049641262528
2020-07-06T13:00:00.0,bus-3-bus-4-i_6,-160.22071323098024
2020-07-06T14:00:00.0,bus-3-bus-4-i_6,-158.76695499791066
2020-07-06T15:00:00.0,bus-3-bus-4-i_6,-157.63130855041453
2020-07-06T16:00:00.0,bus-3-bus-4-i_6,-159.1759569134148
2020-07-06T17:00:00.0,bus-3-bus-4-i_6,-155.08777777117135
2020-07-06T18:00:00.0,bus-3-bus-4-i_6,-152.18141524642252
2020-07-06T19:00:00.0,bus-3-bus-4-i_6,-155.8144564711199
2020-07-06T20:00:00.0,bus-3-bus-4-i_6,-149.59342345085832
2020-07-06T21:00:00.0,bus-3-bus-4-i_6,-140.5615465819723
2020-07-06T22:00:00.0,bus-3-bus-4-i_6,-128.08907051244321
2020-07-06T23:00:00.0,bus-3-bus-4-i_6,-116.5325934958342
2020-07-07T00:00:00.0,bus-3-bus-4-i_6,-112.99424917775198
2020-07-07T01:00:00.0,bus-3-bus-4-i_6,-111.35070224706749
2020-07-07T02:00:00.0,bus-3-bus-4-i_6,-116.2097286785248
2020-07-07T03:00:00.0,bus-3-bus-4-i_6,-113.6623265328087
2020-07-07T04:00:00.0,bus-3-bus-4-i_6,-112.02460865084805
2020-07-07T05:00:00.0,bus-3-bus-4-i_6,-109.56796893195542
2020-07-07T06:00:00.0,bus-3-bus-4-i_6,-108.26379806917852
2020-07-07T07:00:00.0,bus-3-bus-4-i_6,-113.6623265328087
2020-07-07T08:00:00.0,bus-3-bus-4-i_6,-112.72876246152252
2020-07-07T09:00:00.0,bus-3-bus-4-i_6,-115.21883640732793
2020-07-07T10:00:00.0,bus-3-bus-4-i_6,-125.18782187105487
2020-07-07T11:00:00.0,bus-3-bus-4-i_6,-135.20848741000754
2020-07-07T12:00:00.0,bus-3-bus-4-i_6,-138.33843985630855
2020-07-07T13:00:00.0,bus-3-bus-4-i_6,-135.70742280337856
2020-07-07T14:00:00.0,bus-3-bus-4-i_6,-133.2129071314293
2020-07-07T15:00:00.0,bus-3-bus-4-i_6,-131.2629294180509
2020-07-07T16:00:00.0,bus-3-bus-4-i_6,-132.7140523239788
2020-07-07T17:00:00.0,bus-3-bus-4-i_6,-129.40387641193007
2020-07-07T18:00:00.0,bus-3-bus-4-i_6,-124.82520358820284
2020-07-07T19:00:00.0,bus-3-bus-4-i_6,-127.18237244448396
2020-07-07T20:00:00.0,bus-3-bus-4-i_6,-120.33849618908867
2020-07-07T21:00:00.0,bus-3-bus-4-i_6,-117.03094638642115
2020-07-07T22:00:00.0,bus-3-bus-4-i_6,-112.87887662422395
2020-07-07T23:00:00.0,bus-3-bus-4-i_6,-115.69418013042534
2020-07-08T00:00:00.0,bus-3-bus-4-i_6,-109.59829897719608
2020-07-08T01:00:00.0,bus-3-bus-4-i_6,-105.47338804943742
2020-07-08T02:00:00.0,bus-3-bus-4-i_6,-102.86496198166918
2020-07-08T03:00:00.0,bus-3-bus-4-i_6,-102.37966206728544
2020-07-08T04:00:00.0,bus-3-bus-4-i_6,-101.71234907819264
2020-07-08T05:00:00.0,bus-3-bus-4-i_6,-103.16824663563757
2020-07-08T06:00:00.0,bus-3-bus-4-i_6,-111.53935296635116
2020-07-08T07:00:00.0,bus-3-bus-4-i_6,-112.49751915681283
2020-07-08T08:00:00.0,bus-3-bus-4-i_6,-123.14820332204977
2020-07-08T09:00:00.0,bus-3-bus-4-i_6,-135.8888578550066
2020-07-08T10:00:00.0,bus-3-bus-4-i_6,-147.3689850601366
2020-07-08T11:00:00.0,bus-3-bus-4-i_6,-160.35701079085135
2020-07-08T12:00:00.0,bus-3-bus-4-i_6,-169.93383944177967
2020-07-08T13:00:00.0,bus-3-bus-4-i_6,-165.4689834932169
2020-07-08T14:00:00.0,bus-3-bus-4-i_6,-165.68600029085206
2020-07-08T15:00:00.0,bus-3-bus-4-i_6,-169.87968537663392
2020-07-08T16:00:00.0,bus-3-bus-4-i_6,-161.1748281853389
2020-07-08T17:00:00.0,bus-3-bus-4-i_6,-151.1824977694093
2020-07-08T18:00:00.0,bus-3-bus-4-i_6,-148.68544123653146
2020-07-08T19:00:00.0,bus-3-bus-4-i_6,-149.59342345085832
2020-07-08T20:00:00.0,bus-3-bus-4-i_6,-142.8757349366411
2020-07-08T21:00:00.0,bus-3-bus-4-i_6,-131.53501841546773
2020-07-08T22:00:00.0,bus-3-bus-4-i_6,-116.804413330133
2020-07-08T23:00:00.0,bus-3-bus-4-i_6,-112.04773892968873
2020-07-09T00:00:00.0,bus-3-bus-4-i_6,-114.9057453697403
2020-07-09T01:00:00.0,bus-3-bus-4-i_6,-110.65977531481172
2020-07-09T02:00:00.0,bus-3-bus-4-i_6,-107.62687083526441
2020-07-09T03:00:00.0,bus-3-bus-4-i_6,-107.35390011717473
2020-07-09T04:00:00.0,bus-3-bus-4-i_6,-106.95960784063328
2020-07-09T05:00:00.0,bus-3-bus-4-i_6,-108.44577613565265
2020-07-09T06:00:00.0,bus-3-bus-4-i_6,-115.00754960096093
2020-07-09T07:00:00.0,bus-3-bus-4-i_6,-117.43867764659517
2020-07-09T08:00:00.0,bus-3-bus-4-i_6,-134.346727978762
2020-07-09T09:00:00.0,bus-3-bus-4-i_6,-147.14202138781476
2020-07-09T10:00:00.0,bus-3-bus-4-i_6,-160.76591244092748
2020-07-09T11:00:00.0,bus-3-bus-4-i_6,-169.28343287618475
2020-07-09T12:00:00.0,bus-3-bus-4-i_6,-167.65679194292406
2020-07-09T13:00:00.0,bus-3-bus-4-i_6,-167.92793878325108
2020-07-09T14:00:00.0,bus-3-bus-4-i_6,-169.4279922896234
2020-07-09T15:00:00.0,bus-3-bus-4-i_6,-168.83629766969372
2020-07-09T16:00:00.0,bus-3-bus-4-i_6,-169.69901830847834
2020-07-09T17:00:00.0,bus-3-bus-4-i_6,-168.29259367219197
2020-07-09T18:00:00.0,bus-3-bus-4-i_6,-160.40244381196123
2020-07-09T19:00:00.0,bus-3-bus-4-i_6,-159.67553617343282
2020-07-09T20:00:00.0,bus-3-bus-4-i_6,-151.5457234024291
2020-07-09T21:00:00.0,bus-3-bus-4-i_6,-138.11161030245054
2020-07-09T22:00:00.0,bus-3-bus-4-i_6,-123.28416955552184
2020-07-09T23:00:00.0,bus-3-bus-4-i_6,-113.09801195857479
2020-07-10T00:00:00.0,bus-3-bus-4-i_6,-116.62356672003557
2020-07-10T01:00:00.0,bus-3-bus-4-i_6,-112.08526451398795
2020-07-10T02:00:00.0,bus-3-bus-4-i_6,-108.3244576364951
2020-07-10T03:00:00.0,bus-3-bus-4-i_6,-107.17191930326564
2020-07-10T04:00:00.0,bus-3-bus-4-i_6,-105.65540232477026
2020-07-10T05:00:00.0,bus-3-bus-4-i_6,-106.71693327787438
2020-07-10T06:00:00.0,bus-3-bus-4-i_6,-115.9065078540447
2020-07-10T07:00:00.0,bus-3-bus-4-i_6,-114.3376215285969
2020-07-10T08:00:00.0,bus-3-bus-4-i_6,-130.53741888871912
2020-07-10T09:00:00.0,bus-3-bus-4-i_6,-142.60345928346047
2020-07-10T10:00:00.0,bus-3-bus-4-i_6,-154.67903647335257
2020-07-10T11:00:00.0,bus-3-bus-4-i_6,-165.73929503886296
2020-07-10T12:00:00.0,bus-3-bus-4-i_6,-168.32559261331497
2020-07-10T13:00:00.0,bus-3-bus-4-i_6,-166.35507369248037
2020-07-10T14:00:00.0,bus-3-bus-4-i_6,-166.59013216205878
2020-07-10T15:00:00.0,bus-3-bus-4-i_6,-166.31891149543065
2020-07-10T16:00:00.0,bus-3-bus-4-i_6,-167.2048463415246
2020-07-10T17:00:00.0,bus-3-bus-4-i_6,-169.55447571777015
2020-07-10T18:00:00.0,bus-3-bus-4-i_6,-163.0842401027645
2020-07-10T19:00:00.0,bus-3-bus-4-i_6,-161.6746357163431
2020-07-10T20:00:00.0,bus-3-bus-4-i_6,-151.27329220557706
2020-07-10T21:00:00.0,bus-3-bus-4-i_6,-138.47453919507146
2020-07-10T22:00:00.0,bus-3-bus-4-i_6,-124.59857142337935
2020-07-10T23:00:00.0,bus-3-bus-4-i_6,-113.47786473725972
2020-07-11T00:00:00.0,bus-3-bus-4-i_6,-114.78874829694179
2020-07-11T01:00:00.0,bus-3-bus-4-i_6,-112.84346967321142
2020-07-11T02:00:00.0,bus-3-bus-4-i_6,-109.53763976625011
2020-07-11T03:00:00.0,bus-3-bus-4-i_6,-107.65716502557467
2020-07-11T04:00:00.0,bus-3-bus-4-i_6,-105.26110452574677
2020-07-11T05:00:00.0,bus-3-bus-4-i_6,-103.10758440994007
2020-07-11T06:00:00.0,bus-3-bus-4-i_6,-106.01933631614654
2020-07-11T07:00:00.0,bus-3-bus-4-i_6,-113.6623265328087
2020-07-11T08:00:00.0,bus-3-bus-4-i_6,-112.8904058975727
2020-07-11T09:00:00.0,bus-3-bus-4-i_6,-123.23884731321853
2020-07-11T10:00:00.0,bus-3-bus-4-i_6,-139.3818988292823
2020-07-11T11:00:00.0,bus-3-bus-4-i_6,-153.63454117626407
2020-07-11T12:00:00.0,bus-3-bus-4-i_6,-166.19719844736363
2020-07-11T13:00:00.0,bus-3-bus-4-i_6,-167.22292498532263
2020-07-11T14:00:00.0,bus-3-bus-4-i_6,-164.05813841995908
2020-07-11T15:00:00.0,bus-3-bus-4-i_6,-163.02688117290688
2020-07-11T16:00:00.0,bus-3-bus-4-i_6,-165.2700412681071
2020-07-11T17:00:00.0,bus-3-bus-4-i_6,-170.05998054148094
2020-07-11T18:00:00.0,bus-3-bus-4-i_6,-159.53924573585658
2020-07-11T19:00:00.0,bus-3-bus-4-i_6,-157.81300605520738
2020-07-11T20:00:00.0,bus-3-bus-4-i_6,-150.4560282332564
2020-07-11T21:00:00.0,bus-3-bus-4-i_6,-141.0606556938952
2020-07-11T22:00:00.0,bus-3-bus-4-i_6,-128.08907051244321
2020-07-11T23:00:00.0,bus-3-bus-4-i_6,-114.17752618449852
2020-07-12T00:00:00.0,bus-3-bus-4-i_6,-111.57546497450244
2020-07-12T01:00:00.0,bus-3-bus-4-i_6,-113.84428544198013
2020-07-12T02:00:00.0,bus-3-bus-4-i_6,-109.78027399070798
2020-07-12T03:00:00.0,bus-3-bus-4-i_6,-106.7472962620367
2020-07-12T04:00:00.0,bus-3-bus-4-i_6,-103.35023287984066
2020-07-12T05:00:00.0,bus-3-bus-4-i_6,-102.01566209838712
2020-07-12T06:00:00.0,bus-3-bus-4-i_6,-109.87124025533379
2020-07-12T07:00:00.0,bus-3-bus-4-i_6,-112.18480611337655
2020-07-12T08:00:00.0,bus-3-bus-4-i_6,-124.68923732547579
2020-07-12T09:00:00.0,bus-3-bus-4-i_6,-140.38005639015853
2020-07-12T10:00:00.0,bus-3-bus-4-i_6,-154.1794789320687
2020-07-12T11:00:00.0,bus-3-bus-4-i_6,-164.7777415944324
2020-07-12T12:00:00.0,bus-3-bus-4-i_6,-169.24729202340805
2020-07-12T13:00:00.0,bus-3-bus-4-i_6,-168.07254404540487
2020-07-12T14:00:00.0,bus-3-bus-4-i_6,-160.17528098123304
2020-07-12T15:00:00.0,bus-3-bus-4-i_6,-150.68304159261407
2020-07-12T16:00:00.0,bus-3-bus-4-i_6,-152.36304644499947
2020-07-12T17:00:00.0,bus-3-bus-4-i_6,-151.681940847104
2020-07-12T18:00:00.0,bus-3-bus-4-i_6,-143.01187458312052
2020-07-12T19:00:00.0,bus-3-bus-4-i_6,-142.8757349366411
2020-07-12T20:00:00.0,bus-3-bus-4-i_6,-135.7527813662545
2020-07-12T21:00:00.0,bus-3-bus-4-i_6,-125.41446246051153
2020-07-12T22:00:00.0,bus-3-bus-4-i_6,-114.04014366345203
2020-07-12T23:00:00.0,bus-3-bus-4-i_6,-112.87785568603277
2020-07-13T00:00:00.0,bus-3-bus-4-i_6,-111.66066771899207
2020-07-13T01:00:00.0,bus-3-bus-4-i_6,-106.7472962620367
2020-07-13T02:00:00.0,bus-3-bus-4-i_6,-103.44125268794919
2020-07-13T03:00:00.0,bus-3-bus-4-i_6,-102.92562385453625
2020-07-13T04:00:00.0,bus-3-bus-4-i_6,-102.19764957463036
2020-07-13T05:00:00.0,bus-3-bus-4-i_6,-103.80523003750497
2020-07-13T06:00:00.0,bus-3-bus-4-i_6,-112.7524859651242
2020-07-13T07:00:00.0,bus-3-bus-4-i_6,-113.15561282994946
2020-07-13T08:00:00.0,bus-3-bus-4-i_6,-126.32105804573027
2020-07-13T09:00:00.0,bus-3-bus-4-i_6,-138.97358041645273
2020-07-13T10:00:00.0,bus-3-bus-4-i_6,-152.8171340330891
2020-07-13T11:00:00.0,bus-3-bus-4-i_6,-167.2046156803134
2020-07-13T12:00:00.0,bus-3-bus-4-i_6,-166.21041828214018
2020-07-13T13:00:00.0,bus-3-bus-4-i_6,-161.94112012084378
2020-07-13T14:00:00.0,bus-3-bus-4-i_6,-158.80942091624172
2020-07-13T15:00:00.0,bus-3-bus-4-i_6,-157.39300675051808
2020-07-13T16:00:00.0,bus-3-bus-4-i_6,-157.9587510944114
2020-07-13T17:00:00.0,bus-3-bus-4-i_6,-160.9637422149804
2020-07-13T18:00:00.0,bus-3-bus-4-i_6,-165.25195676344939
2020-07-13T19:00:00.0,bus-3-bus-4-i_6,-167.4579411573439
2020-07-13T20:00:00.0,bus-3-bus-4-i_6,-165.3729812250498
2020-07-13T21:00:00.0,bus-3-bus-4-i_6,-148.95780026386143
2020-07-13T22:00:00.0,bus-3-bus-4-i_6,-131.17223873596342
2020-07-13T23:00:00.0,bus-3-bus-4-i_6,-114.6975382853789
2020-07-14T00:00:00.0,bus-3-bus-4-i_6,-111.78814122473244
2020-07-14T01:00:00.0,bus-3-bus-4-i_6,-114.69345142555558
2020-07-14T02:00:00.0,bus-3-bus-4-i_6,-111.29667848670492
2020-07-14T03:00:00.0,bus-3-bus-4-i_6,-110.53850355346685
2020-07-14T04:00:00.0,bus-3-bus-4-i_6,-109.17368669098661
2020-07-14T05:00:00.0,bus-3-bus-4-i_6,-110.993436174474
2020-07-14T06:00:00.0,bus-3-bus-4-i_6,-111.94158509352631
2020-07-14T07:00:00.0,bus-3-bus-4-i_6,-121.19946752933217
2020-07-14T08:00:00.0,bus-3-bus-4-i_6,-139.2457914514752
2020-07-14T09:00:00.0,bus-3-bus-4-i_6,-152.045193285461
2020-07-14T10:00:00.0,bus-3-bus-4-i_6,-166.65511312131122
2020-07-14T11:00:00.0,bus-3-bus-4-i_6,-165.84875668989562
2020-07-14T12:00:00.0,bus-3-bus-4-i_6,-161.54295051314566
2020-07-14T13:00:00.0,bus-3-bus-4-i_6,-158.33872015944297
2020-07-14T14:00:00.0,bus-3-bus-4-i_6,-156.4749434165119
2020-07-14T15:00:00.0,bus-3-bus-4-i_6,-155.7494599531932
2020-07-14T16:00:00.0,bus-3-bus-4-i_6,-156.34875924678397
2020-07-14T17:00:00.0,bus-3-bus-4-i_6,-159.24395665399226
2020-07-14T18:00:00.0,bus-3-bus-4-i_6,-163.8410495253301
2020-07-14T19:00:00.0,bus-3-bus-4-i_6,-165.7583364079345
2020-07-14T20:00:00.0,bus-3-bus-4-i_6,-167.55110288745482
2020-07-14T21:00:00.0,bus-3-bus-4-i_6,-151.40950718869058
2020-07-14T22:00:00.0,bus-3-bus-4-i_6,-132.0791693025135
2020-07-14T23:00:00.0,bus-3-bus-4-i_6,-116.17017430172334
2020-07-15T00:00:00.0,bus-3-bus-4-i_6,-112.08310958295948
2020-07-15T01:00:00.0,bus-3-bus-4-i_6,-114.75410843480705
2020-07-15T02:00:00.0,bus-3-bus-4-i_6,-110.87211399815811
2020-07-15T03:00:00.0,bus-3-bus-4-i_6,-109.32529500738386
2020-07-15T04:00:00.0,bus-3-bus-4-i_6,-107.50551521439229
2020-07-15T05:00:00.0,bus-3-bus-4-i_6,-108.71874333053735
2020-07-15T06:00:00.0,bus-3-bus-4-i_6,-116.6557114174629
2020-07-15T07:00:00.0,bus-3-bus-4-i_6,-115.12823858140133
2020-07-15T08:00:00.0,bus-3-bus-4-i_6,-130.9908589606886
2020-07-15T09:00:00.0,bus-3-bus-4-i_6,-142.60345928346047
2020-07-15T10:00:00.0,bus-3-bus-4-i_6,-154.63362146282708
2020-07-15T11:00:00.0,bus-3-bus-4-i_6,-166.51773766230323
2020-07-15T12:00:00.0,bus-3-bus-4-i_6,-167.53025150604347
2020-07-15T13:00:00.0,bus-3-bus-4-i_6,-164.76361159719062
2020-07-15T14:00:00.0,bus-3-bus-4-i_6,-160.3663647467315
2020-07-15T15:00:00.0,bus-3-bus-4-i_6,-158.66450441949672
2020-07-15T16:00:00.0,bus-3-bus-4-i_6,-158.95418740786874
2020-07-15T17:00:00.0,bus-3-bus-4-i_6,-160.9999444923835
2020-07-15T18:00:00.0,bus-3-bus-4-i_6,-165.41472672168368
2020-07-15T19:00:00.0,bus-3-bus-4-i_6,-168.36174128775454
2020-07-15T20:00:00.0,bus-3-bus-4-i_6,-162.40170851680716
2020-07-15T21:00:00.0,bus-3-bus-4-i_6,-146.23420071910184
2020-07-15T22:00:00.0,bus-3-bus-4-i_6,-128.08907051244321
2020-07-15T23:00:00.0,bus-3-bus-4-i_6,-113.87967873688281
2020-07-16T00:00:00.0,bus-3-bus-4-i_6,-113.2228727814832
2020-07-16T01:00:00.0,bus-3-bus-4-i_6,-112.78281402142424
2020-07-16T02:00:00.0,bus-3-bus-4-i_6,-108.62775485256289
2020-07-16T03:00:00.0,bus-3-bus-4-i_6,-107.77852022428469
2020-07-16T04:00:00.0,bus-3-bus-4-i_6,-106.5653152685837
2020-07-16T05:00:00.0,bus-3-bus-4-i_6,-107.71782480678824
2020-07-16T06:00:00.0,bus-3-bus-4-i_6,-116.66314455735281
2020-07-16T07:00:00.0,bus-3-bus-4-i_6,-116.17017430172334
2020-07-16T08:00:00.0,bus-3-bus-4-i_6,-134.02924973660734
2020-07-16T09:00:00.0,bus-3-bus-4-i_6,-147.4143782018931
2020-07-16T10:00:00.0,bus-3-bus-4-i_6,-164.0451807527885
2020-07-16T11:00:00.0,bus-3-bus-4-i_6,-166.825180887749
2020-07-16T12:00:00.0,bus-3-bus-4-i_6,-162.50212555662767
2020-07-16T13:00:00.0,bus-3-bus-4-i_6,-158.26624343893636
2020-07-16T14:00:00.0,bus-3-bus-4-i_6,-155.27635315947475
2020-07-16T15:00:00.0,bus-3-bus-4-i_6,-153.79389833958314
2020-07-16T16:00:00.0,bus-3-bus-4-i_6,-154.06201292130953
2020-07-16T17:00:00.0,bus-3-bus-4-i_6,-156.15949797287567
2020-07-16T18:00:00.0,bus-3-bus-4-i_6,-159.85953533373186
2020-07-16T19:00:00.0,bus-3-bus-4-i_6,-162.95450435851953
2020-07-16T20:00:00.0,bus-3-bus-4-i_6,-168.6870665115725
2020-07-16T21:00:00.0,bus-3-bus-4-i_6,-156.26864859953545
2020-07-16T22:00:00.0,bus-3-bus-4-i_6,-137.20432563407616
2020-07-16T23:00:00.0,bus-3-bus-4-i_6,-120.74632547794111
2020-07-17T00:00:00.0,bus-3-bus-4-i_6,-113.21321759694234
2020-07-17T01:00:00.0,bus-3-bus-4-i_6,-115.33382635986085
2020-07-17T02:00:00.0,bus-3-bus-4-i_6,-114.51149017931837
2020-07-17T03:00:00.0,bus-3-bus-4-i_6,-112.93445327005251
2020-07-17T04:00:00.0,bus-3-bus-4-i_6,-111.78193419434442
2020-07-17T05:00:00.0,bus-3-bus-4-i_6,-111.29667848670492
2020-07-17T06:00:00.0,bus-3-bus-4-i_6,-113.45072183557005
2020-07-17T07:00:00.0,bus-3-bus-4-i_6,-119.06975982809756
2020-07-17T08:00:00.0,bus-3-bus-4-i_6,-137.83941935524103
2020-07-17T09:00:00.0,bus-3-bus-4-i_6,-156.72285469577741
2020-07-17T10:00:00.0,bus-3-bus-4-i_6,-168.45211173759571
2020-07-17T11:00:00.0,bus-3-bus-4-i_6,-162.91831554105266
2020-07-17T12:00:00.0,bus-3-bus-4-i_6,-157.99491600520355
2020-07-17T13:00:00.0,bus-3-bus-4-i_6,-153.63618134636033
2020-07-17T14:00:00.0,bus-3-bus-4-i_6,-150.7495830159857
2020-07-17T15:00:00.0,bus-3-bus-4-i_6,-149.36122392324936
2020-07-17T16:00:00.0,bus-3-bus-4-i_6,-149.59788852663007
2020-07-17T17:00:00.0,bus-3-bus-4-i_6,-151.96425274600261
2020-07-17T18:00:00.0,bus-3-bus-4-i_6,-155.71791931793473
2020-07-17T19:00:00.0,bus-3-bus-4-i_6,-158.0672670915386
2020-07-17T20:00:00.0,bus-3-bus-4-i_6,-163.4068424962823
2020-07-17T21:00:00.0,bus-3-bus-4-i_6,-169.4442877459066
2020-07-17T22:00:00.0,bus-3-bus-4-i_6,-150.86465463671965
2020-07-17T23:00:00.0,bus-3-bus-4-i_6,-134.346727978762
2020-07-18T00:00:00.0,bus-3-bus-4-i_6,-120.92756158261967
2020-07-18T01:00:00.0,bus-3-bus-4-i_6,-113.46636790476322
2020-07-18T02:00:00.0,bus-3-bus-4-i_6,-111.42170993421598
2020-07-18T03:00:00.0,bus-3-bus-4-i_6,-115.81552863917412
2020-07-18T04:00:00.0,bus-3-bus-4-i_6,-112.81314206407185
2020-07-18T05:00:00.0,bus-3-bus-4-i_6,-110.56883202310956
2020-07-18T06:00:00.0,bus-3-bus-4-i_6,-114.67895157664982
2020-07-18T07:00:00.0,bus-3-bus-4-i_6,-120.70097281240821
2020-07-18T08:00:00.0,bus-3-bus-4-i_6,-143.60184140183688
2020-07-18T09:00:00.0,bus-3-bus-4-i_6,-162.94742390460596
2020-07-18T10:00:00.0,bus-3-bus-4-i_6,-164.94448567915776
2020-07-18T11:00:00.0,bus-3-bus-4-i_6,-157.58064042098962
2020-07-18T12:00:00.0,bus-3-bus-4-i_6,-153.76235508946334
2020-07-18T13:00:00.0,bus-3-bus-4-i_6,-150.3551807812902
2020-07-18T14:00:00.0,bus-3-bus-4-i_6,-148.20938633279877
2020-07-18T15:00:00.0,bus-3-bus-4-i_6,-147.01046515673167
2020-07-18T16:00:00.0,bus-3-bus-4-i_6,-147.47684028532237
2020-07-18T17:00:00.0,bus-3-bus-4-i_6,-150.0712023185904
2020-07-18T18:00:00.0,bus-3-bus-4-i_6,-153.69926839196077
2020-07-18T19:00:00.0,bus-3-bus-4-i_6,-155.95447602707452
2020-07-18T20:00:00.0,bus-3-bus-4-i_6,-160.74651913981714
2020-07-18T21:00:00.0,bus-3-bus-4-i_6,-167.53025150604347
2020-07-18T22:00:00.0,bus-3-bus-4-i_6,-158.4035384290166
2020-07-18T23:00:00.0,bus-3-bus-4-i_6,-141.74128514508286
2020-07-19T00:00:00.0,bus-3-bus-4-i_6,-128.36109023932073
2020-07-19T01:00:00.0,bus-3-bus-4-i_6,-117.2121517245468
2020-07-19T02:00:00.0,bus-3-bus-4-i_6,-112.99424917775198
2020-07-19T03:00:00.0,bus-3-bus-4-i_6,-111.65820211558545
2020-07-19T04:00:00.0,bus-3-bus-4-i_6,-115.66390443308947
2020-07-19T05:00:00.0,bus-3-bus-4-i_6,-113.38937688165069
2020-07-19T06:00:00.0,bus-3-bus-4-i_6,-112.08310958295948
2020-07-19T07:00:00.0,bus-3-bus-4-i_6,-124.05466769697794
2020-07-19T08:00:00.0,bus-3-bus-4-i_6,-145.46259579296023
2020-07-19T09:00:00.0,bus-3-bus-4-i_6,-163.5416165797567
2020-07-19T10:00:00.0,bus-3-bus-4-i_6,-165.43281302376468
2020-07-19T11:00:00.0,bus-3-bus-4-i_6,-158.64640001302251
2020-07-19T12:00:00.0,bus-3-bus-4-i_6,-154.72439284555634
2020-07-19T13:00:00.0,bus-3-bus-4-i_6,-150.78113458250212
2020-07-19T14:00:00.0,bus-3-bus-4-i_6,-148.14626910326987
2020-07-19T15:00:00.0,bus-3-bus-4-i_6,-146.8611448643352
2020-07-19T16:00:00.0,bus-3-bus-4-i_6,-147.32771781056186
2020-07-19T17:00:00.0,bus-3-bus-4-i_6,-149.3770017218253
2020-07-19T18:00:00.0,bus-3-bus-4-i_6,-153.25765236011466
2020-07-19T19:00:00.0,bus-3-bus-4-i_6,-154.39320619942558
2020-07-19T20:00:00.0,bus-3-bus-4-i_6,-158.48346911642955
2020-07-19T21:00:00.0,bus-3-bus-4-i_6,-164.35734921870448
2020-07-19T22:00:00.0,bus-3-bus-4-i_6,-166.65511312131122
2020-07-19T23:00:00.0,bus-3-bus-4-i_6,-152.95336298295524
2020-07-20T00:00:00.0,bus-3-bus-4-i_6,-141.96816838992956
2020-07-20T01:00:00.0,bus-3-bus-4-i_6,-130.4013894167904
2020-07-20T02:00:00.0,bus-3-bus-4-i_6,-122.4230694118539
2020-07-20T03:00:00.0,bus-3-bus-4-i_6,-120.15724153219575
2020-07-20T04:00:00.0,bus-3-bus-4-i_6,-119.61350455189972
2020-07-20T05:00:00.0,bus-3-bus-4-i_6,-120.11194150193867
2020-07-20T06:00:00.0,bus-3-bus-4-i_6,-134.52814704426447
2020-07-20T07:00:00.0,bus-3-bus-4-i_6,-152.86254354589514
2020-07-20T08:00:00.0,bus-3-bus-4-i_6,-169.71708506817512
2020-07-20T09:00:00.0,bus-3-bus-4-i_6,-164.51037631291223
2020-07-20T10:00:00.0,bus-3-bus-4-i_6,-158.95418740786874
2020-07-20T11:00:00.0,bus-3-bus-4-i_6,-154.62976865033488
2020-07-20T12:00:00.0,bus-3-bus-4-i_6,-151.83805953246753
2020-07-20T13:00:00.0,bus-3-bus-4-i_6,-148.55652695338026
2020-07-20T14:00:00.0,bus-3-bus-4-i_6,-145.96505938874023
2020-07-20T15:00:00.0,bus-3-bus-4-i_6,-144.25122782985432
2020-07-20T16:00:00.0,bus-3-bus-4-i_6,-146.20777774998186
2020-07-20T17:00:00.0,bus-3-bus-4-i_6,-148.58808471408506
2020-07-20T18:00:00.0,bus-3-bus-4-i_6,-150.79690228349813
2020-07-20T19:00:00.0,bus-3-bus-4-i_6,-152.21663496594599
2020-07-20T20:00:00.0,bus-3-bus-4-i_6,-162.73736755964663
2020-07-20T21:00:00.0,bus-3-bus-4-i_6,-160.53874317052666
2020-07-20T22:00:00.0,bus-3-bus-4-i_6,-138.51990590912303
2020-07-20T23:00:00.0,bus-3-bus-4-i_6,-127.9077266637553
2020-07-21T00:00:00.0,bus-3-bus-4-i_6,-117.80112586383824
2020-07-21T01:00:00.0,bus-3-bus-4-i_6,-112.8904058975727
2020-07-21T02:00:00.0,bus-3-bus-4-i_6,-111.45720342866592
2020-07-21T03:00:00.0,bus-3-bus-4-i_6,-113.3369646823861
2020-07-21T04:00:00.0,bus-3-bus-4-i_6,-111.31518837338442
2020-07-21T05:00:00.0,bus-3-bus-4-i_6,-111.49268999058779
2020-07-21T06:00:00.0,bus-3-bus-4-i_6,-112.41651797717695
2020-07-21T07:00:00.0,bus-3-bus-4-i_6,-112.99424917775198
2020-07-21T08:00:00.0,bus-3-bus-4-i_6,-135.4352742258887
2020-07-21T09:00:00.0,bus-3-bus-4-i_6,-148.3222694646077
2020-07-21T10:00:00.0,bus-3-bus-4-i_6,-163.26705740519475
2020-07-21T11:00:00.0,bus-3-bus-4-i_6,-166.78902052791287
2020-07-21T12:00:00.0,bus-3-bus-4-i_6,-162.4116449508116
2020-07-21T13:00:00.0,bus-3-bus-4-i_6,-158.30251884194126
2020-07-21T14:00:00.0,bus-3-bus-4-i_6,-154.96094732663178
2020-07-21T15:00:00.0,bus-3-bus-4-i_6,-152.7687013339526
2020-07-21T16:00:00.0,bus-3-bus-4-i_6,-152.53210474693017
2020-07-21T17:00:00.0,bus-3-bus-4-i_6,-153.98315624649717
2020-07-21T18:00:00.0,bus-3-bus-4-i_6,-156.69580819375724
2020-07-21T19:00:00.0,bus-3-bus-4-i_6,-157.05887524059173
2020-07-21T20:00:00.0,bus-3-bus-4-i_6,-161.92302215561628
2020-07-21T21:00:00.0,bus-3-bus-4-i_6,-168.05446862506312
2020-07-21T22:00:00.0,bus-3-bus-4-i_6,-157.90385565103077
2020-07-21T23:00:00.0,bus-3-bus-4-i_6,-143.42027008183135
2020-07-22T00:00:00.0,bus-3-bus-4-i_6,-132.12451722756896
2020-07-22T01:00:00.0,bus-3-bus-4-i_6,-123.46545983298407
2020-07-22T02:00:00.0,bus-3-bus-4-i_6,-117.57456535961697
2020-07-22T03:00:00.0,bus-3-bus-4-i_6,-115.58126089139824
2020-07-22T04:00:00.0,bus-3-bus-4-i_6,-114.38335236312338
2020-07-22T05:00:00.0,bus-3-bus-4-i_6,-114.06302222388875
2020-07-22T06:00:00.0,bus-3-bus-4-i_6,-120.6103810751098
2020-07-22T07:00:00.0,bus-3-bus-4-i_6,-132.0791693025135
2020-07-22T08:00:00.0,bus-3-bus-4-i_6,-146.86966945991995
2020-07-22T09:00:00.0,bus-3-bus-4-i_6,-161.7200742771823
2020-07-22T10:00:00.0,bus-3-bus-4-i_6,-166.73477960249264
2020-07-22T11:00:00.0,bus-3-bus-4-i_6,-162.77355767442972
2020-07-22T12:00:00.0,bus-3-bus-4-i_6,-163.38874975198686
2020-07-22T13:00:00.0,bus-3-bus-4-i_6,-165.3423846589802
2020-07-22T14:00:00.0,bus-3-bus-4-i_6,-165.07109363760418
2020-07-22T15:00:00.0,bus-3-bus-4-i_6,-166.89828766669362
2020-07-22T16:00:00.0,bus-3-bus-4-i_6,-169.13886731165277
2020-07-22T17:00:00.0,bus-3-bus-4-i_6,-165.28140413216587
2020-07-22T18:00:00.0,bus-3-bus-4-i_6,-164.5945945601743
2020-07-22T19:00:00.0,bus-3-bus-4-i_6,-165.92245490705443
2020-07-22T20:00:00.0,bus-3-bus-4-i_6,-157.63130855041453
2020-07-22T21:00:00.0,bus-3-bus-4-i_6,-145.37183582962174
2020-07-22T22:00:00.0,bus-3-bus-4-i_6,-130.35604652401216
2020-07-22T23:00:00.0,bus-3-bus-4-i_6,-117.07622480285855
2020-07-23T00:00:00.0,bus-3-bus-4-i_6,-112.48594846920088
2020-07-23T01:00:00.0,bus-3-bus-4-i_6,-116.44257055932582
2020-07-23T02:00:00.0,bus-3-bus-4-i_6,-113.72307333931855
2020-07-23T03:00:00.0,bus-3-bus-4-i_6,-112.84346967321142
2020-07-23T04:00:00.0,bus-3-bus-4-i_6,-113.45003247315475
2020-07-23T05:00:00.0,bus-3-bus-4-i_6,-113.57134330984842
2020-07-23T06:00:00.0,bus-3-bus-4-i_6,-111.42170993421598
2020-07-23T07:00:00.0,bus-3-bus-4-i_6,-119.02444971165505
2020-07-23T08:00:00.0,bus-3-bus-4-i_6,-139.2911604433344
2020-07-23T09:00:00.0,bus-3-bus-4-i_6,-155.7690380095819
2020-07-23T10:00:00.0,bus-3-bus-4-i_6,-169.03043955473862
2020-07-23T11:00:00.0,bus-3-bus-4-i_6,-162.68308190232472
2020-07-23T12:00:00.0,bus-3-bus-4-i_6,-157.616260166703
2020-07-23T13:00:00.0,bus-3-bus-4-i_6,-153.69926839196077
2020-07-23T14:00:00.0,bus-3-bus-4-i_6,-151.14397102158307
2020-07-23T15:00:00.0,bus-3-bus-4-i_6,-153.4784623412146
2020-07-23T16:00:00.0,bus-3-bus-4-i_6,-160.58359885864832
2020-07-23T17:00:00.0,bus-3-bus-4-i_6,-164.8902241297732
2020-07-23T18:00:00.0,bus-3-bus-4-i_6,-168.23521969741577
2020-07-23T19:00:00.0,bus-3-bus-4-i_6,-168.1267698895787
2020-07-23T20:00:00.0,bus-3-bus-4-i_6,-166.79248931907927
2020-07-23T21:00:00.0,bus-3-bus-4-i_6,-153.63454117626407
2020-07-23T22:00:00.0,bus-3-bus-4-i_6,-139.51800741391258
2020-07-23T23:00:00.0,bus-3-bus-4-i_6,-125.55044844970541
2020-07-24T00:00:00.0,bus-3-bus-4-i_6,-115.49066075965948
2020-07-24T01:00:00.0,bus-3-bus-4-i_6,-112.8904058975727
2020-07-24T02:00:00.0,bus-3-bus-4-i_6,-111.88258366596315
2020-07-24T03:00:00.0,bus-3-bus-4-i_6,-111.37437452329206
2020-07-24T04:00:00.0,bus-3-bus-4-i_6,-112.52879574281091
2020-07-24T05:00:00.0,bus-3-bus-4-i_6,-111.43354186861467
2020-07-24T06:00:00.0,bus-3-bus-4-i_6,-117.30273257915371
2020-07-24T07:00:00.0,bus-3-bus-4-i_6,-136.161014332776
2020-07-24T08:00:00.0,bus-3-bus-4-i_6,-154.72445162166989
2020-07-24T09:00:00.0,bus-3-bus-4-i_6,-169.4442877459066
2020-07-24T10:00:00.0,bus-3-bus-4-i_6,-164.34757546833998
2020-07-24T11:00:00.0,bus-3-bus-4-i_6,-159.22585093125028
2020-07-24T12:00:00.0,bus-3-bus-4-i_6,-155.0082584346371
2020-07-24T13:00:00.0,bus-3-bus-4-i_6,-151.66454147562865
2020-07-24T14:00:00.0,bus-3-bus-4-i_6,-149.17188862020802
2020-07-24T15:00:00.0,bus-3-bus-4-i_6,-147.90957901918648
2020-07-24T16:00:00.0,bus-3-bus-4-i_6,-148.39873680750594
2020-07-24T17:00:00.0,bus-3-bus-4-i_6,-150.43406233980616
2020-07-24T18:00:00.0,bus-3-bus-4-i_6,-153.88852763123725
2020-07-24T19:00:00.0,bus-3-bus-4-i_6,-155.89139371204075
2020-07-24T20:00:00.0,bus-3-bus-4-i_6,-160.76462110502453
2020-07-24T21:00:00.0,bus-3-bus-4-i_6,-166.825180887749
2020-07-24T22:00:00.0,bus-3-bus-4-i_6,-160.4478766104248
2020-07-24T23:00:00.0,bus-3-bus-4-i_6,-145.68953428384313
2020-07-25T00:00:00.0,bus-3-bus-4-i_6,-136.52389724375865
2020-07-25T01:00:00.0,bus-3-bus-4-i_6,-127.68104981724422
2020-07-25T02:00:00.0,bus-3-bus-4-i_6,-120.02130220834539
2020-07-25T03:00:00.0,bus-3-bus-4-i_6,-116.21547624781657
2020-07-25T04:00:00.0,bus-3-bus-4-i_6,-114.15461047697586
2020-07-25T05:00:00.0,bus-3-bus-4-i_6,-113.69613924630997
2020-07-25T06:00:00.0,bus-3-bus-4-i_6,-122.24175029670383
2020-07-25T07:00:00.0,bus-3-bus-4-i_6,-138.61063973897728
2020-07-25T08:00:00.0,bus-3-bus-4-i_6,-153.04418286748364
2020-07-25T09:00:00.0,bus-3-bus-4-i_6,-154.81528233176584
2020-07-25T10:00:00.0,bus-3-bus-4-i_6,-156.81369758215288
2020-07-25T11:00:00.0,bus-3-bus-4-i_6,-160.31157820904724
2020-07-25T12:00:00.0,bus-3-bus-4-i_6,-167.42976159859714
2020-07-25T13:00:00.0,bus-3-bus-4-i_6,-168.7774304816317
2020-07-25T14:00:00.0,bus-3-bus-4-i_6,-166.68053794211275
2020-07-25T15:00:00.0,bus-3-bus-4-i_6,-163.04497522388672
2020-07-25T16:00:00.0,bus-3-bus-4-i_6,-161.2895543474976
2020-07-25T17:00:00.0,bus-3-bus-4-i_6,-163.0630692097447
2020-07-25T18:00:00.0,bus-3-bus-4-i_6,-165.39664230449782
2020-07-25T19:00:00.0,bus-3-bus-4-i_6,-164.79978702396699
2020-07-25T20:00:00.0,bus-3-bus-4-i_6,-167.98216629075108
2020-07-25T21:00:00.0,bus-3-bus-4-i_6,-163.31280204120898
2020-07-25T22:00:00.0,bus-3-bus-4-i_6,-150.22901828619476
2020-07-25T23:00:00.0,bus-3-bus-4-i_6,-137.74869007609087
2020-07-26T00:00:00.0,bus-3-bus-4-i_6,-126.81970792074537
2020-07-26T01:00:00.0,bus-3-bus-4-i_6,-117.84643247461028
2020-07-26T02:00:00.0,bus-3-bus-4-i_6,-113.47786473725972
2020-07-26T03:00:00.0,bus-3-bus-4-i_6,-112.45124305992458
2020-07-26T04:00:00.0,bus-3-bus-4-i_6,-111.717276930717
2020-07-26T05:00:00.0,bus-3-bus-4-i_6,-116.58269579440584
2020-07-26T06:00:00.0,bus-3-bus-4-i_6,-112.02415460956776
2020-07-26T07:00:00.0,bus-3-bus-4-i_6,-123.6920756240611
2020-07-26T08:00:00.0,bus-3-bus-4-i_6,-145.87108759484178
2020-07-26T09:00:00.0,bus-3-bus-4-i_6,-163.0842401027645
2020-07-26T10:00:00.0,bus-3-bus-4-i_6,-166.1742534040835
2020-07-26T11:00:00.0,bus-3-bus-4-i_6,-160.6198037664858
2020-07-26T12:00:00.0,bus-3-bus-4-i_6,-155.98601734519275
2020-07-26T13:00:00.0,bus-3-bus-4-i_6,-152.18508749924112
2020-07-26T14:00:00.0,bus-3-bus-4-i_6,-149.48744567915105
2020-07-26T15:00:00.0,bus-3-bus-4-i_6,-148.50919011064664
2020-07-26T16:00:00.0,bus-3-bus-4-i_6,-148.87210114344433
2020-07-26T17:00:00.0,bus-3-bus-4-i_6,-151.14397102158307
2020-07-26T18:00:00.0,bus-3-bus-4-i_6,-154.48783153247447
2020-07-26T19:00:00.0,bus-3-bus-4-i_6,-155.8756232049574
2020-07-26T20:00:00.0,bus-3-bus-4-i_6,-160.58359885864832
2020-07-26T21:00:00.0,bus-3-bus-4-i_6,-167.02405620560512
2020-07-26T22:00:00.0,bus-3-bus-4-i_6,-160.85678133495733
2020-07-26T23:00:00.0,bus-3-bus-4-i_6,-148.3222694646077
2020-07-27T00:00:00.0,bus-3-bus-4-i_6,-137.6579613319645
2020-07-27T01:00:00.0,bus-3-bus-4-i_6,-130.8548255192298
2020-07-27T02:00:00.0,bus-3-bus-4-i_6,-126.09435799497292
2020-07-27T03:00:00.0,bus-3-bus-4-i_6,-124.87053041451617
2020-07-27T04:00:00.0,bus-3-bus-4-i_6,-121.92455935217659
2020-07-27T05:00:00.0,bus-3-bus-4-i_6,-115.49066075965948
2020-07-27T06:00:00.0,bus-3-bus-4-i_6,-128.95048249852934
2020-07-27T07:00:00.0,bus-3-bus-4-i_6,-147.6413459476872
2020-07-27T08:00:00.0,bus-3-bus-4-i_6,-166.47194603209638
2020-07-27T09:00:00.0,bus-3-bus-4-i_6,-165.17961240745595
2020-07-27T10:00:00.0,bus-3-bus-4-i_6,-159.13532222132596
2020-07-27T11:00:00.0,bus-3-bus-4-i_6,-153.88852763123725
2020-07-27T12:00:00.0,bus-3-bus-4-i_6,-149.8818792701897
2020-07-27T13:00:00.0,bus-3-bus-4-i_6,-146.84247919041925
2020-07-27T14:00:00.0,bus-3-bus-4-i_6,-148.20938633279877
2020-07-27T15:00:00.0,bus-3-bus-4-i_6,-151.00199296364354
2020-07-27T16:00:00.0,bus-3-bus-4-i_6,-153.7465834354377
2020-07-27T17:00:00.0,bus-3-bus-4-i_6,-156.7115702052818
2020-07-27T18:00:00.0,bus-3-bus-4-i_6,-159.58796125527297
2020-07-27T19:00:00.0,bus-3-bus-4-i_6,-159.4793293126565
2020-07-27T20:00:00.0,bus-3-bus-4-i_6,-161.9773158628686
2020-07-27T21:00:00.0,bus-3-bus-4-i_6,-168.10869467769103
2020-07-27T22:00:00.0,bus-3-bus-4-i_6,-157.90385565103077
2020-07-27T23:00:00.0,bus-3-bus-4-i_6,-142.96649456612926
2020-07-28T00:00:00.0,bus-3-bus-4-i_6,-132.03382151005675
2020-07-28T01:00:00.0,bus-3-bus-4-i_6,-125.27847775358252
2020-07-28T02:00:00.0,bus-3-bus-4-i_6,-119.97598946172694
2020-07-28T03:00:00.0,bus-3-bus-4-i_6,-117.12154226299938
2020-07-28T04:00:00.0,bus-3-bus-4-i_6,-116.07957079797151
2020-07-28T05:00:00.0,bus-3-bus-4-i_6,-113.92556254012867
2020-07-28T06:00:00.0,bus-3-bus-4-i_6,-125.32380579063256
2020-07-28T07:00:00.0,bus-3-bus-4-i_6,-143.7833554097919
2020-07-28T08:00:00.0,bus-3-bus-4-i_6,-161.9018316803677
2020-07-28T09:00:00.0,bus-3-bus-4-i_6,-167.04213552884437
2020-07-28T10:00:00.0,bus-3-bus-4-i_6,-160.7103150355327
2020-07-28T11:00:00.0,bus-3-bus-4-i_6,-155.2290424703635
2020-07-28T12:00:00.0,bus-3-bus-4-i_6,-151.44369641320696
2020-07-28T13:00:00.0,bus-3-bus-4-i_6,-149.28233462741994
2020-07-28T14:00:00.0,bus-3-bus-4-i_6,-151.41214675278025
2020-07-28T15:00:00.0,bus-3-bus-4-i_6,-155.76523029341934
2020-07-28T16:00:00.0,bus-3-bus-4-i_6,-158.97229302762233
2020-07-28T17:00:00.0,bus-3-bus-4-i_6,-161.16285190042547
2020-07-28T18:00:00.0,bus-3-bus-4-i_6,-162.84593712657073
2020-07-28T19:00:00.0,bus-3-bus-4-i_6,-162.91831554105266
2020-07-28T20:00:00.0,bus-3-bus-4-i_6,-166.51780933120267
2020-07-28T21:00:00.0,bus-3-bus-4-i_6,-166.8840736332629
2020-07-28T22:00:00.0,bus-3-bus-4-i_6,-152.7717246574146
2020-07-28T23:00:00.0,bus-3-bus-4-i_6,-140.42542873664243
2020-07-29T00:00:00.0,bus-3-bus-4-i_6,-132.21521347551396
2020-07-29T01:00:00.0,bus-3-bus-4-i_6,-124.59857142337935
2020-07-29T02:00:00.0,bus-3-bus-4-i_6,-120.972902088843
2020-07-29T03:00:00.0,bus-3-bus-4-i_6,-121.56197763175038
2020-07-29T04:00:00.0,bus-3-bus-4-i_6,-121.51666041029094
2020-07-29T05:00:00.0,bus-3-bus-4-i_6,-120.06661518613085
2020-07-29T06:00:00.0,bus-3-bus-4-i_6,-129.58523757325665
2020-07-29T07:00:00.0,bus-3-bus-4-i_6,-143.05725473495573
2020-07-29T08:00:00.0,bus-3-bus-4-i_6,-158.4489803214148
2020-07-29T09:00:00.0,bus-3-bus-4-i_6,-169.4279922896234
2020-07-29T10:00:00.0,bus-3-bus-4-i_6,-163.4068424962823
2020-07-29T11:00:00.0,bus-3-bus-4-i_6,-157.90452260755734
2020-07-29T12:00:00.0,bus-3-bus-4-i_6,-154.0304703056567
2020-07-29T13:00:00.0,bus-3-bus-4-i_6,-151.23862200410414
2020-07-29T14:00:00.0,bus-3-bus-4-i_6,-149.45589037589065
2020-07-29T15:00:00.0,bus-3-bus-4-i_6,-151.0335438021403
2020-07-29T16:00:00.0,bus-3-bus-4-i_6,-154.18818264152802
2020-07-29T17:00:00.0,bus-3-bus-4-i_6,-157.74197347284826
2020-07-29T18:00:00.0,bus-3-bus-4-i_6,-160.54739372439766
2020-07-29T19:00:00.0,bus-3-bus-4-i_6,-160.3301582852519
2020-07-29T20:00:00.0,bus-3-bus-4-i_6,-163.67822667626868
2020-07-29T21:00:00.0,bus-3-bus-4-i_6,-168.63284725145772
2020-07-29T22:00:00.0,bus-3-bus-4-i_6,-158.99409506605392
2020-07-29T23:00:00.0,bus-3-bus-4-i_6,-145.37183582962174
2020-07-30T00:00:00.0,bus-3-bus-4-i_6,-134.48279207826687
2020-07-30T01:00:00.0,bus-3-bus-4-i_6,-126.81970792074537
2020-07-30T02:00:00.0,bus-3-bus-4-i_6,-121.10881128348252
2020-07-30T03:00:00.0,bus-3-bus-4-i_6,-118.97913972517556
2020-07-30T04:00:00.0,bus-3-bus-4-i_6,-117.98236609488868
2020-07-30T05:00:00.0,bus-3-bus-4-i_6,-117.75581938277391
2020-07-30T06:00:00.0,bus-3-bus-4-i_6,-127.49971071079811
2020-07-30T07:00:00.0,bus-3-bus-4-i_6,-143.28415751713743
2020-07-30T08:00:00.0,bus-3-bus-4-i_6,-159.40295551333867
2020-07-30T09:00:00.0,bus-3-bus-4-i_6,-169.82547723980045
2020-07-30T10:00:00.0,bus-3-bus-4-i_6,-164.83596213908464
2020-07-30T11:00:00.0,bus-3-bus-4-i_6,-160.27584819042593
2020-07-30T12:00:00.0,bus-3-bus-4-i_6,-156.9009437269914
2020-07-30T13:00:00.0,bus-3-bus-4-i_6,-153.57309398435862
2020-07-30T14:00:00.0,bus-3-bus-4-i_6,-151.9169304453066
2020-07-30T15:00:00.0,bus-3-bus-4-i_6,-151.47524598332916
2020-07-30T16:00:00.0,bus-3-bus-4-i_6,-151.23862200410414
2020-07-30T17:00:00.0,bus-3-bus-4-i_6,-153.80966993582499
2020-07-30T18:00:00.0,bus-3-bus-4-i_6,-156.8220262183164
2020-07-30T19:00:00.0,bus-3-bus-4-i_6,-156.93251750764165
2020-07-30T20:00:00.0,bus-3-bus-4-i_6,-161.1809524329025
2020-07-30T21:00:00.0,bus-3-bus-4-i_6,-167.18677419536112
2020-07-30T22:00:00.0,bus-3-bus-4-i_6,-160.40244381196123
2020-07-30T23:00:00.0,bus-3-bus-4-i_6,-145.55337072245206
2020-07-31T00:00:00.0,bus-3-bus-4-i_6,-135.2992017365911
2020-07-31T01:00:00.0,bus-3-bus-4-i_6,-126.45705181501947
2020-07-31T02:00:00.0,bus-3-bus-4-i_6,-121.06353364558427
2020-07-31T03:00:00.0,bus-3-bus-4-i_6,-118.39008682643622
2020-07-31T04:00:00.0,bus-3-bus-4-i_6,-116.84968830673661
2020-07-31T05:00:00.0,bus-3-bus-4-i_6,-115.62653364121562
2020-07-31T06:00:00.0,bus-3-bus-4-i_6,-126.81970792074537
2020-07-31T07:00:00.0,bus-3-bus-4-i_6,-144.69102988559902
2020-07-31T08:00:00.0,bus-3-bus-4-i_6,-161.6291974373665
2020-07-31T09:00:00.0,bus-3-bus-4-i_6,-168.32559261331497
2020-07-31T10:00:00.0,bus-3-bus-4-i_6,-163.49730523408954
2020-07-31T11:00:00.0,bus-3-bus-4-i_6,-158.51967419515657
2020-07-31T12:00:00.0,bus-3-bus-4-i_6,-154.83478728438382
2020-07-31T13:00:00.0,bus-3-bus-4-i_6,-151.3332722063214
2020-07-31T14:00:00.0,bus-3-bus-4-i_6,-148.76165112380608
2020-07-31T15:00:00.0,bus-3-bus-4-i_6,-148.05159297194467
2020-07-31T16:00:00.0,bus-3-bus-4-i_6,-149.25077873750982
2020-07-31T17:00:00.0,bus-3-bus-4-i_6,-151.8696079787473
2020-07-31T18:00:00.0,bus-3-bus-4-i_6,-154.36166428939177
2020-07-31T19:00:00.0,bus-3-bus-4-i_6,-155.41828501551743
2020-07-31T20:00:00.0,bus-3-bus-4-i_6,-161.23525367680895
2020-07-31T21:00:00.0,bus-3-bus-4-i_6,-168.54248037053995
2020-07-31T22:00:00.0,bus-3-bus-4-i_6,-155.31486099698208
2020-07-31T23:00:00.0,bus-3-bus-4-i_6,-138.7921090059542
2020-08-01T00:00:00.0,bus-3-bus-4-i_6,-123.28416955552184
2020-08-01T01:00:00.0,bus-3-bus-4-i_6,-114.06302222388875
2020-08-01T02:00:00.0,bus-3-bus-4-i_6,-112.23118570350445
2020-08-01T03:00:00.0,bus-3-bus-4-i_6,-112.6456310102609
2020-08-01T04:00:00.0,bus-3-bus-4-i_6,-116.53532485759108
2020-08-01T05:00:00.0,bus-3-bus-4-i_6,-114.02625077701897
2020-08-01T06:00:00.0,bus-3-bus-4-i_6,-114.56886280061698
2020-08-01T07:00:00.0,bus-3-bus-4-i_6,-114.22329259666944
2020-08-01T08:00:00.0,bus-3-bus-4-i_6,-129.94796643906074
2020-08-01T09:00:00.0,bus-3-bus-4-i_6,-141.01528146626285
2020-08-01T10:00:00.0,bus-3-bus-4-i_6,-156.4049089708866
2020-08-01T11:00:00.0,bus-3-bus-4-i_6,-169.57254421050442
2020-08-01T12:00:00.0,bus-3-bus-4-i_6,-164.38375302761858
2020-08-01T13:00:00.0,bus-3-bus-4-i_6,-158.64640001302251
2020-08-01T14:00:00.0,bus-3-bus-4-i_6,-154.88209903157983
2020-08-01T15:00:00.0,bus-3-bus-4-i_6,-153.28919689514126
2020-08-01T16:00:00.0,bus-3-bus-4-i_6,-153.3996020822936
2020-08-01T17:00:00.0,bus-3-bus-4-i_6,-156.08064237741215
2020-08-01T18:00:00.0,bus-3-bus-4-i_6,-159.4612238719059
2020-08-01T19:00:00.0,bus-3-bus-4-i_6,-160.00429071416784
2020-08-01T20:00:00.0,bus-3-bus-4-i_6,-164.60081895098432
2020-08-01T21:00:00.0,bus-3-bus-4-i_6,-169.91578311586017
2020-08-01T22:00:00.0,bus-3-bus-4-i_6,-154.72445162166989
2020-08-01T23:00:00.0,bus-3-bus-4-i_6,-138.20234172243778
2020-08-02T00:00:00.0,bus-3-bus-4-i_6,-126.36638920440033
2020-08-02T01:00:00.0,bus-3-bus-4-i_6,-117.80112586383824
2020-08-02T02:00:00.0,bus-3-bus-4-i_6,-113.56978142135415
2020-08-02T03:00:00.0,bus-3-bus-4-i_6,-112.25436438016274
2020-08-02T04:00:00.0,bus-3-bus-4-i_6,-111.563642291605
2020-08-02T05:00:00.0,bus-3-bus-4-i_6,-116.41644950844683
2020-08-02T06:00:00.0,bus-3-bus-4-i_6,-112.47438877606805
2020-08-02T07:00:00.0,bus-3-bus-4-i_6,-122.60434975253345
2020-08-02T08:00:00.0,bus-3-bus-4-i_6,-140.01708255334114
2020-08-02T09:00:00.0,bus-3-bus-4-i_6,-154.58820659007682
2020-08-02T10:00:00.0,bus-3-bus-4-i_6,-169.18347014435363
2020-08-02T11:00:00.0,bus-3-bus-4-i_6,-165.23387077719516
2020-08-02T12:00:00.0,bus-3-bus-4-i_6,-161.47055282101707
2020-08-02T13:00:00.0,bus-3-bus-4-i_6,-157.52778296970797
2020-08-02T14:00:00.0,bus-3-bus-4-i_6,-154.83478728438382
2020-08-02T15:00:00.0,bus-3-bus-4-i_6,-154.0146989707883
2020-08-02T16:00:00.0,bus-3-bus-4-i_6,-155.24481270551757
2020-08-02T17:00:00.0,bus-3-bus-4-i_6,-158.6826089622966
2020-08-02T18:00:00.0,bus-3-bus-4-i_6,-163.71441000151208
2020-08-02T19:00:00.0,bus-3-bus-4-i_6,-165.10726670102795
2020-08-02T20:00:00.0,bus-3-bus-4-i_6,-169.82547723980045
2020-08-02T21:00:00.0,bus-3-bus-4-i_6,-156.63201236553473
2020-08-02T22:00:00.0,bus-3-bus-4-i_6,-139.51800741391258
2020-08-02T23:00:00.0,bus-3-bus-4-i_6,-125.23314974670153
2020-08-03T00:00:00.0,bus-3-bus-4-i_6,-115.26413556174705
2020-08-03T01:00:00.0,bus-3-bus-4-i_6,-112.79806417294331
2020-08-03T02:00:00.0,bus-3-bus-4-i_6,-111.64638483620676
2020-08-03T03:00:00.0,bus-3-bus-4-i_6,-113.10825683521986
2020-08-03T04:00:00.0,bus-3-bus-4-i_6,-114.89828253160357
2020-08-03T05:00:00.0,bus-3-bus-4-i_6,-115.97994750175702
2020-08-03T06:00:00.0,bus-3-bus-4-i_6,-113.1901830630425
2020-08-03T07:00:00.0,bus-3-bus-4-i_6,-124.14531702473637
2020-08-03T08:00:00.0,bus-3-bus-4-i_6,-138.1569759455239
2020-08-03T09:00:00.0,bus-3-bus-4-i_6,-149.86580946504472
2020-08-03T10:00:00.0,bus-3-bus-4-i_6,-162.17448040253774
2020-08-03T11:00:00.0,bus-3-bus-4-i_6,-167.98216629075108
2020-08-03T12:00:00.0,bus-3-bus-4-i_6,-164.0762287299333
2020-08-03T13:00:00.0,bus-3-bus-4-i_6,-160.42067399120202
2020-08-03T14:00:00.0,bus-3-bus-4-i_6,-157.21710980141034
2020-08-03T15:00:00.0,bus-3-bus-4-i_6,-156.64847268566123
2020-08-03T16:00:00.0,bus-3-bus-4-i_6,-158.5739841207023
2020-08-03T17:00:00.0,bus-3-bus-4-i_6,-162.26687264938482
2020-08-03T18:00:00.0,bus-3-bus-4-i_6,-166.26466516048052
2020-08-03T19:00:00.0,bus-3-bus-4-i_6,-167.34947358605254
2020-08-03T20:00:00.0,bus-3-bus-4-i_6,-162.85636305955256
2020-08-03T21:00:00.0,bus-3-bus-4-i_6,-146.55193181794215
2020-08-03T22:00:00.0,bus-3-bus-4-i_6,-129.90262486835144
2020-08-03T23:00:00.0,bus-3-bus-4-i_6,-115.6718615437386
2020-08-04T00:00:00.0,bus-3-bus-4-i_6,-112.2196246162223
2020-08-04T01:00:00.0,bus-3-bus-4-i_6,-116.38989504081914
2020-08-04T02:00:00.0,bus-3-bus-4-i_6,-113.3287213172005
2020-08-04T03:00:00.0,bus-3-bus-4-i_6,-112.41882750223144
2020-08-04T04:00:00.0,bus-3-bus-4-i_6,-111.96395186065264
2020-08-04T05:00:00.0,bus-3-bus-4-i_6,-111.60001012552753
2020-08-04T06:00:00.0,bus-3-bus-4-i_6,-115.87281598388903
2020-08-04T07:00:00.0,bus-3-bus-4-i_6,-113.86821237032589
2020-08-04T08:00:00.0,bus-3-bus-4-i_6,-124.55324538369297
2020-08-04T09:00:00.0,bus-3-bus-4-i_6,-133.2129071314293
2020-08-04T10:00:00.0,bus-3-bus-4-i_6,-142.60345928346047
2020-08-04T11:00:00.0,bus-3-bus-4-i_6,-153.67995316270614
2020-08-04T12:00:00.0,bus-3-bus-4-i_6,-161.22026427214035
2020-08-04T13:00:00.0,bus-3-bus-4-i_6,-169.8796645138298
2020-08-04T14:00:00.0,bus-3-bus-4-i_6,-166.80710074608402
2020-08-04T15:00:00.0,bus-3-bus-4-i_6,-165.45089830326285
2020-08-04T16:00:00.0,bus-3-bus-4-i_6,-166.46356532978393
2020-08-04T17:00:00.0,bus-3-bus-4-i_6,-169.91578311586017
2020-08-04T18:00:00.0,bus-3-bus-4-i_6,-160.76591244092748
2020-08-04T19:00:00.0,bus-3-bus-4-i_6,-157.4496132896581
2020-08-04T20:00:00.0,bus-3-bus-4-i_6,-143.73803294508906
2020-08-04T21:00:00.0,bus-3-bus-4-i_6,-126.91037326230727
2020-08-04T22:00:00.0,bus-3-bus-4-i_6,-113.56978142135415
2020-08-04T23:00:00.0,bus-3-bus-4-i_6,-116.64316254863604
2020-08-05T00:00:00.0,bus-3-bus-4-i_6,-110.62949253153766
2020-08-05T01:00:00.0,bus-3-bus-4-i_6,-106.71693327787438
2020-08-05T02:00:00.0,bus-3-bus-4-i_6,-103.86585926250218
2020-08-05T03:00:00.0,bus-3-bus-4-i_6,-103.71420469623803
2020-08-05T04:00:00.0,bus-3-bus-4-i_6,-103.89619016457672
2020-08-05T05:00:00.0,bus-3-bus-4-i_6,-104.26016071299344
2020-08-05T06:00:00.0,bus-3-bus-4-i_6,-110.93277887343262
2020-08-05T07:00:00.0,bus-3-bus-4-i_6,-111.9179868414962
2020-08-05T08:00:00.0,bus-3-bus-4-i_6,-114.76106066183766
2020-08-05T09:00:00.0,bus-3-bus-4-i_6,-127.77172016066594
2020-08-05T10:00:00.0,bus-3-bus-4-i_6,-144.7364150333922
2020-08-05T11:00:00.0,bus-3-bus-4-i_6,-157.17707469625867
2020-08-05T12:00:00.0,bus-3-bus-4-i_6,-167.9141124555705
2020-08-05T13:00:00.0,bus-3-bus-4-i_6,-166.28274732041479
2020-08-05T14:00:00.0,bus-3-bus-4-i_6,-162.52022148502104
2020-08-05T15:00:00.0,bus-3-bus-4-i_6,-160.7103150355327
2020-08-05T16:00:00.0,bus-3-bus-4-i_6,-161.54295051314566
2020-08-05T17:00:00.0,bus-3-bus-4-i_6,-164.7816993541264
2020-08-05T18:00:00.0,bus-3-bus-4-i_6,-168.27136907419046
2020-08-05T19:00:00.0,bus-3-bus-4-i_6,-168.81357555181918
2020-08-05T20:00:00.0,bus-3-bus-4-i_6,-160.4478766104248
2020-08-05T21:00:00.0,bus-3-bus-4-i_6,-144.2825697394038
2020-08-05T22:00:00.0,bus-3-bus-4-i_6,-127.04637226129884
2020-08-05T23:00:00.0,bus-3-bus-4-i_6,-114.18896908585947
2020-08-06T00:00:00.0,bus-3-bus-4-i_6,-111.90618655590202
2020-08-06T01:00:00.0,bus-3-bus-4-i_6,-115.66390443308947
2020-08-06T02:00:00.0,bus-3-bus-4-i_6,-112.78281402142424
2020-08-06T03:00:00.0,bus-3-bus-4-i_6,-111.44836681274666
2020-08-06T04:00:00.0,bus-3-bus-4-i_6,-111.87291928635526
2020-08-06T05:00:00.0,bus-3-bus-4-i_6,-111.20573703628109
2020-08-06T06:00:00.0,bus-3-bus-4-i_6,-111.29151126952519
2020-08-06T07:00:00.0,bus-3-bus-4-i_6,-117.39337236777443
2020-08-06T08:00:00.0,bus-3-bus-4-i_6,-135.8434988920598
2020-08-06T09:00:00.0,bus-3-bus-4-i_6,-147.77752812394814
2020-08-06T10:00:00.0,bus-3-bus-4-i_6,-160.08441692209666
2020-08-06T11:00:00.0,bus-3-bus-4-i_6,-169.71708506817512
2020-08-06T12:00:00.0,bus-3-bus-4-i_6,-169.69901830847834
2020-08-06T13:00:00.0,bus-3-bus-4-i_6,-166.42740124674106
2020-08-06T14:00:00.0,bus-3-bus-4-i_6,-162.80974753000885
2020-08-06T15:00:00.0,bus-3-bus-4-i_6,-161.2895543474976
2020-08-06T16:00:00.0,bus-3-bus-4-i_6,-163.24400548092387
2020-08-06T17:00:00.0,bus-3-bus-4-i_6,-167.65679194292406
2020-08-06T18:00:00.0,bus-3-bus-4-i_6,-168.29259367219197
2020-08-06T19:00:00.0,bus-3-bus-4-i_6,-165.3729812250498
2020-08-06T20:00:00.0,bus-3-bus-4-i_6,-150.95546202889474
2020-08-06T21:00:00.0,bus-3-bus-4-i_6,-135.57134791473797
2020-08-06T22:00:00.0,bus-3-bus-4-i_6,-119.34162325631465
2020-08-06T23:00:00.0,bus-3-bus-4-i_6,-112.38178508502914
2020-08-07T00:00:00.0,bus-3-bus-4-i_6,-115.11802846867083
2020-08-07T01:00:00.0,bus-3-bus-4-i_6,-110.56883202310956
2020-08-07T02:00:00.0,bus-3-bus-4-i_6,-107.29324085113691
2020-08-07T03:00:00.0,bus-3-bus-4-i_6,-106.95960784063328
2020-08-07T04:00:00.0,bus-3-bus-4-i_6,-107.2022494211943
2020-08-07T05:00:00.0,bus-3-bus-4-i_6,-106.65630602585851
2020-08-07T06:00:00.0,bus-3-bus-4-i_6,-111.9336230901051
2020-08-07T07:00:00.0,bus-3-bus-4-i_6,-111.45720342866592
2020-08-07T08:00:00.0,bus-3-bus-4-i_6,-113.73056531310688
2020-08-07T09:00:00.0,bus-3-bus-4-i_6,-116.62321263710922
2020-08-07T10:00:00.0,bus-3-bus-4-i_6,-123.1028394633507
2020-08-07T11:00:00.0,bus-3-bus-4-i_6,-129.85728342979553
2020-08-07T12:00:00.0,bus-3-bus-4-i_6,-136.75070340173238
2020-08-07T13:00:00.0,bus-3-bus-4-i_6,-145.87108759484178
2020-08-07T14:00:00.0,bus-3-bus-4-i_6,-154.72445162166989
2020-08-07T15:00:00.0,bus-3-bus-4-i_6,-160.08441692209666
2020-08-07T16:00:00.0,bus-3-bus-4-i_6,-159.99355333965886
2020-08-07T17:00:00.0,bus-3-bus-4-i_6,-154.49737725782063
2020-08-07T18:00:00.0,bus-3-bus-4-i_6,-147.09662906057218
2020-08-07T19:00:00.0,bus-3-bus-4-i_6,-146.59732241605693
2020-08-07T20:00:00.0,bus-3-bus-4-i_6,-136.0702949395261
2020-08-07T21:00:00.0,bus-3-bus-4-i_6,-124.9611844605626
2020-08-07T22:00:00.0,bus-3-bus-4-i_6,-113.63871954249225
2020-08-07T23:00:00.0,bus-3-bus-4-i_6,-116.40641105125229
2020-08-08T00:00:00.0,bus-3-bus-4-i_6,-111.7212774334174
2020-08-08T01:00:00.0,bus-3-bus-4-i_6,-107.53587982345306
2020-08-08T02:00:00.0,bus-3-bus-4-i_6,-104.53313770631614
2020-08-08T03:00:00.0,bus-3-bus-4-i_6,-102.65261764073641
2020-08-08T04:00:00.0,bus-3-bus-4-i_6,-101.7591692491476
2020-08-08T05:00:00.0,bus-3-bus-4-i_6,-99.4678410288123
2020-08-08T06:00:00.0,bus-3-bus-4-i_6,-105.23074374138864
2020-08-08T07:00:00.0,bus-3-bus-4-i_6,-115.11802846867083
2020-08-08T08:00:00.0,bus-3-bus-4-i_6,-113.81089441844769
2020-08-08T09:00:00.0,bus-3-bus-4-i_6,-123.60144229163434
2020-08-08T10:00:00.0,bus-3-bus-4-i_6,-134.80027963562557
2020-08-08T11:00:00.0,bus-3-bus-4-i_6,-146.00725400028983
2020-08-08T12:00:00.0,bus-3-bus-4-i_6,-154.04323885668026
2020-08-08T13:00:00.0,bus-3-bus-4-i_6,-163.49584613112808
2020-08-08T14:00:00.0,bus-3-bus-4-i_6,-169.93383944177967
2020-08-08T15:00:00.0,bus-3-bus-4-i_6,-168.47018557449482
2020-08-08T16:00:00.0,bus-3-bus-4-i_6,-168.63284725145772
2020-08-08T17:00:00.0,bus-3-bus-4-i_6,-166.380363076272
2020-08-08T18:00:00.0,bus-3-bus-4-i_6,-156.72285469577741
2020-08-08T19:00:00.0,bus-3-bus-4-i_6,-153.1804138751581
2020-08-08T20:00:00.0,bus-3-bus-4-i_6,-142.28581058729824
2020-08-08T21:00:00.0,bus-3-bus-4-i_6,-129.4492165294228
2020-08-08T22:00:00.0,bus-3-bus-4-i_6,-115.30943485674258
2020-08-08T23:00:00.0,bus-3-bus-4-i_6,-111.27970388354247
2020-08-09T00:00:00.0,bus-3-bus-4-i_6,-112.44920426967013
2020-08-09T01:00:00.0,bus-3-bus-4-i_6,-107.80881449507238
2020-08-09T02:00:00.0,bus-3-bus-4-i_6,-104.01751390325327
2020-08-09T03:00:00.0,bus-3-bus-4-i_6,-101.5910239467678
2020-08-09T04:00:00.0,bus-3-bus-4-i_6,-100.22613135798326
2020-08-09T05:00:00.0,bus-3-bus-4-i_6,-97.435614446304
2020-08-09T06:00:00.0,bus-3-bus-4-i_6,-102.228005175549
2020-08-09T07:00:00.0,bus-3-bus-4-i_6,-110.56883202310956
2020-08-09T08:00:00.0,bus-3-bus-4-i_6,-112.23118570350445
2020-08-09T09:00:00.0,bus-3-bus-4-i_6,-120.51971461103221
2020-08-09T10:00:00.0,bus-3-bus-4-i_6,-136.70534190307194
2020-08-09T11:00:00.0,bus-3-bus-4-i_6,-151.5003178610982
2020-08-09T12:00:00.0,bus-3-bus-4-i_6,-163.8620550127868
2020-08-09T13:00:00.0,bus-3-bus-4-i_6,-167.98216629075108
2020-08-09T14:00:00.0,bus-3-bus-4-i_6,-164.13049926396175
2020-08-09T15:00:00.0,bus-3-bus-4-i_6,-162.19448496636284
2020-08-09T16:00:00.0,bus-3-bus-4-i_6,-162.46593350683298
2020-08-09T17:00:00.0,bus-3-bus-4-i_6,-165.7221739989755
2020-08-09T18:00:00.0,bus-3-bus-4-i_6,-169.91578311586017
2020-08-09T19:00:00.0,bus-3-bus-4-i_6,-165.83087467633516
2020-08-09T20:00:00.0,bus-3-bus-4-i_6,-153.77076252031583
2020-08-09T21:00:00.0,bus-3-bus-4-i_6,-136.70534190307194
2020-08-09T22:00:00.0,bus-3-bus-4-i_6,-120.20255490051474
2020-08-09T23:00:00.0,bus-3-bus-4-i_6,-112.24277726995322
2020-08-10T00:00:00.0,bus-3-bus-4-i_6,-114.39018012618205
2020-08-10T01:00:00.0,bus-3-bus-4-i_6,-109.65895762232363
2020-08-10T02:00:00.0,bus-3-bus-4-i_6,-106.47429139234464
2020-08-10T03:00:00.0,bus-3-bus-4-i_6,-105.98900607947317
2020-08-10T04:00:00.0,bus-3-bus-4-i_6,-106.0496993024648
2020-08-10T05:00:00.0,bus-3-bus-4-i_6,-105.65540232477026
2020-08-10T06:00:00.0,bus-3-bus-4-i_6,-112.14592257931311
2020-08-10T07:00:00.0,bus-3-bus-4-i_6,-112.49751915681283
2020-08-10T08:00:00.0,bus-3-bus-4-i_6,-123.82804666941314
2020-08-10T09:00:00.0,bus-3-bus-4-i_6,-139.33652956926733
2020-08-10T10:00:00.0,bus-3-bus-4-i_6,-155.1331940592993
2020-08-10T11:00:00.0,bus-3-bus-4-i_6,-169.74900081219477
2020-08-10T12:00:00.0,bus-3-bus-4-i_6,-166.409320638311
2020-08-10T13:00:00.0,bus-3-bus-4-i_6,-162.64689114104777
2020-08-10T14:00:00.0,bus-3-bus-4-i_6,-160.0223948967103
2020-08-10T15:00:00.0,bus-3-bus-4-i_6,-158.95418740786874
2020-08-10T16:00:00.0,bus-3-bus-4-i_6,-159.69641764458257
2020-08-10T17:00:00.0,bus-3-bus-4-i_6,-163.15353816113767
2020-08-10T18:00:00.0,bus-3-bus-4-i_6,-167.15061004227044
2020-08-10T19:00:00.0,bus-3-bus-4-i_6,-168.9664063772269
2020-08-10T20:00:00.0,bus-3-bus-4-i_6,-150.68304159261407
2020-08-10T21:00:00.0,bus-3-bus-4-i_6,-131.5803509774753
2020-08-10T22:00:00.0,bus-3-bus-4-i_6,-115.03764386252806
2020-08-10T23:00:00.0,bus-3-bus-4-i_6,-112.41145379379911
2020-08-11T00:00:00.0,bus-3-bus-4-i_6,-112.41882750223144
2020-08-11T01:00:00.0,bus-3-bus-4-i_6,-108.17280864929673
2020-08-11T02:00:00.0,bus-3-bus-4-i_6,-104.92743731504032
2020-08-11T03:00:00.0,bus-3-bus-4-i_6,-103.95685202787477
2020-08-11T04:00:00.0,bus-3-bus-4-i_6,-103.89619016457672
2020-08-11T05:00:00.0,bus-3-bus-4-i_6,-103.35023287984066
2020-08-11T06:00:00.0,bus-3-bus-4-i_6,-109.44665196373808
2020-08-11T07:00:00.0,bus-3-bus-4-i_6,-111.37437452329206
2020-08-11T08:00:00.0,bus-3-bus-4-i_6,-117.93704598435086
2020-08-11T09:00:00.0,bus-3-bus-4-i_6,-133.3036097503161
2020-08-11T10:00:00.0,bus-3-bus-4-i_6,-149.82042376313868
2020-08-11T11:00:00.0,bus-3-bus-4-i_6,-169.00979781014377
2020-08-11T12:00:00.0,bus-3-bus-4-i_6,-164.56464202405684
2020-08-11T13:00:00.0,bus-3-bus-4-i_6,-159.02661001208247
2020-08-11T14:00:00.0,bus-3-bus-4-i_6,-155.24481270551757
2020-08-11T15:00:00.0,bus-3-bus-4-i_6,-153.52577825329058
2020-08-11T16:00:00.0,bus-3-bus-4-i_6,-153.76235508946334
2020-08-11T17:00:00.0,bus-3-bus-4-i_6,-156.01755884912242
2020-08-11T18:00:00.0,bus-3-bus-4-i_6,-159.51554010338208
2020-08-11T19:00:00.0,bus-3-bus-4-i_6,-161.5248511817466
2020-08-11T20:00:00.0,bus-3-bus-4-i_6,-168.94008088543683
2020-08-11T21:00:00.0,bus-3-bus-4-i_6,-152.59008852575434
2020-08-11T22:00:00.0,bus-3-bus-4-i_6,-132.94080246238687
2020-08-11T23:00:00.0,bus-3-bus-4-i_6,-117.80112586383824
2020-08-12T00:00:00.0,bus-3-bus-4-i_6,-112.23118570350445
2020-08-12T01:00:00.0,bus-3-bus-4-i_6,-116.49176566959407
2020-08-12T02:00:00.0,bus-3-bus-4-i_6,-113.6623265328087
2020-08-12T03:00:00.0,bus-3-bus-4-i_6,-112.7524859651242
2020-08-12T04:00:00.0,bus-3-bus-4-i_6,-112.99511003003207
2020-08-12T05:00:00.0,bus-3-bus-4-i_6,-112.3582205694281
2020-08-12T06:00:00.0,bus-3-bus-4-i_6,-112.17526302395122
2020-08-12T07:00:00.0,bus-3-bus-4-i_6,-116.35135466316898
2020-08-12T08:00:00.0,bus-3-bus-4-i_6,-133.62107310160542
2020-08-12T09:00:00.0,bus-3-bus-4-i_6,-149.6842084283871
2020-08-12T10:00:00.0,bus-3-bus-4-i_6,-166.79248931907927
2020-08-12T11:00:00.0,bus-3-bus-4-i_6,-164.79978702396699
2020-08-12T12:00:00.0,bus-3-bus-4-i_6,-159.406907379963
2020-08-12T13:00:00.0,bus-3-bus-4-i_6,-154.14086911408097
2020-08-12T14:00:00.0,bus-3-bus-4-i_6,-151.49102073454102
2020-08-12T15:00:00.0,bus-3-bus-4-i_6,-150.97044203426105
2020-08-12T16:00:00.0,bus-3-bus-4-i_6,-152.6109708309244
2020-08-12T17:00:00.0,bus-3-bus-4-i_6,-156.26989874214283
2020-08-12T18:00:00.0,bus-3-bus-4-i_6,-159.78703692462705
2020-08-12T19:00:00.0,bus-3-bus-4-i_6,-160.80082486147953
2020-08-12T20:00:00.0,bus-3-bus-4-i_6,-166.825180887749
2020-08-12T21:00:00.0,bus-3-bus-4-i_6,-161.53832331661982
2020-08-12T22:00:00.0,bus-3-bus-4-i_6,-143.51106357069733
2020-08-12T23:00:00.0,bus-3-bus-4-i_6,-127.27305344806719
2020-08-13T00:00:00.0,bus-3-bus-4-i_6,-115.94366651352574
2020-08-13T01:00:00.0,bus-3-bus-4-i_6,-112.78650417514426
2020-08-13T02:00:00.0,bus-3-bus-4-i_6,-111.58728688561558
2020-08-13T03:00:00.0,bus-3-bus-4-i_6,-112.41145379379911
2020-08-13T04:00:00.0,bus-3-bus-4-i_6,-112.29359042137705
2020-08-13T05:00:00.0,bus-3-bus-4-i_6,-113.56408893681909
2020-08-13T06:00:00.0,bus-3-bus-4-i_6,-113.48936051404577
2020-08-13T07:00:00.0,bus-3-bus-4-i_6,-127.54504528986973
2020-08-13T08:00:00.0,bus-3-bus-4-i_6,-142.96649456612926
2020-08-13T09:00:00.0,bus-3-bus-4-i_6,-157.5858845250587
2020-08-13T10:00:00.0,bus-3-bus-4-i_6,-169.17500923098126
2020-08-13T11:00:00.0,bus-3-bus-4-i_6,-162.62879566356983
2020-08-13T12:00:00.0,bus-3-bus-4-i_6,-158.19392623364104
2020-08-13T13:00:00.0,bus-3-bus-4-i_6,-156.86937413466643
2020-08-13T14:00:00.0,bus-3-bus-4-i_6,-156.19104065662813
2020-08-13T15:00:00.0,bus-3-bus-4-i_6,-155.6232977021291
2020-08-13T16:00:00.0,bus-3-bus-4-i_6,-156.33298694246642
2020-08-13T17:00:00.0,bus-3-bus-4-i_6,-159.51554010338208
2020-08-13T18:00:00.0,bus-3-bus-4-i_6,-161.81443304612682
2020-08-13T19:00:00.0,bus-3-bus-4-i_6,-161.2895543474976
2020-08-13T20:00:00.0,bus-3-bus-4-i_6,-166.55397171052834
2020-08-13T21:00:00.0,bus-3-bus-4-i_6,-163.45007849813743
2020-08-13T22:00:00.0,bus-3-bus-4-i_6,-145.87108759484178
2020-08-13T23:00:00.0,bus-3-bus-4-i_6,-131.94312632290206
2020-08-14T00:00:00.0,bus-3-bus-4-i_6,-121.10881128348252
2020-08-14T01:00:00.0,bus-3-bus-4-i_6,-113.73056531310688
2020-08-14T02:00:00.0,bus-3-bus-4-i_6,-112.16162889732644
2020-08-14T03:00:00.0,bus-3-bus-4-i_6,-111.88258366596315
2020-08-14T04:00:00.0,bus-3-bus-4-i_6,-112.03594715744627
2020-08-14T05:00:00.0,bus-3-bus-4-i_6,-111.52816961279237
2020-08-14T06:00:00.0,bus-3-bus-4-i_6,-113.61573216441197
2020-08-14T07:00:00.0,bus-3-bus-4-i_6,-128.36109023932073
2020-08-14T08:00:00.0,bus-3-bus-4-i_6,-144.7364150333922
2020-08-14T09:00:00.0,bus-3-bus-4-i_6,-160.4478766104248
2020-08-14T10:00:00.0,bus-3-bus-4-i_6,-168.28944365750021
2020-08-14T11:00:00.0,bus-3-bus-4-i_6,-162.46593350683298
2020-08-14T12:00:00.0,bus-3-bus-4-i_6,-158.24822016389598
2020-08-14T13:00:00.0,bus-3-bus-4-i_6,-154.55091482759272
2020-08-14T14:00:00.0,bus-3-bus-4-i_6,-152.98952046821697
2020-08-14T15:00:00.0,bus-3-bus-4-i_6,-152.4847848345212
2020-08-14T16:00:00.0,bus-3-bus-4-i_6,-154.36166428939177
2020-08-14T17:00:00.0,bus-3-bus-4-i_6,-158.17582953091497
2020-08-14T18:00:00.0,bus-3-bus-4-i_6,-161.9773158628686
2020-08-14T19:00:00.0,bus-3-bus-4-i_6,-164.27521689459832
2020-08-14T20:00:00.0,bus-3-bus-4-i_6,-170.07778388527925
2020-08-14T21:00:00.0,bus-3-bus-4-i_6,-155.4511126501118
2020-08-14T22:00:00.0,bus-3-bus-4-i_6,-139.0189486040723
2020-08-14T23:00:00.0,bus-3-bus-4-i_6,-124.59857142337935
2020-08-15T00:00:00.0,bus-3-bus-4-i_6,-113.94848572628118
2020-08-15T01:00:00.0,bus-3-bus-4-i_6,-111.7999492370985
2020-08-15T02:00:00.0,bus-3-bus-4-i_6,-116.14909278494245
2020-08-15T03:00:00.0,bus-3-bus-4-i_6,-113.90494249308576
2020-08-15T04:00:00.0,bus-3-bus-4-i_6,-112.7524859651242
2020-08-15T05:00:00.0,bus-3-bus-4-i_6,-110.26554150633245
2020-08-15T06:00:00.0,bus-3-bus-4-i_6,-115.11802846867083
2020-08-15T07:00:00.0,bus-3-bus-4-i_6,-114.2385441660814
2020-08-15T08:00:00.0,bus-3-bus-4-i_6,-127.00103913006897
2020-08-15T09:00:00.0,bus-3-bus-4-i_6,-141.01528146626285
2020-08-15T10:00:00.0,bus-3-bus-4-i_6,-153.45287959650148
2020-08-15T11:00:00.0,bus-3-bus-4-i_6,-164.64038065436227
2020-08-15T12:00:00.0,bus-3-bus-4-i_6,-169.2292214590573
2020-08-15T13:00:00.0,bus-3-bus-4-i_6,-164.8902241297732
2020-08-15T14:00:00.0,bus-3-bus-4-i_6,-162.4116449508116
2020-08-15T15:00:00.0,bus-3-bus-4-i_6,-161.16285190042547
2020-08-15T16:00:00.0,bus-3-bus-4-i_6,-162.88212646365423
2020-08-15T17:00:00.0,bus-3-bus-4-i_6,-167.18677419536112
2020-08-15T18:00:00.0,bus-3-bus-4-i_6,-167.77233466421606
2020-08-15T19:00:00.0,bus-3-bus-4-i_6,-162.31081379924285
2020-08-15T20:00:00.0,bus-3-bus-4-i_6,-148.27687360518223
2020-08-15T21:00:00.0,bus-3-bus-4-i_6,-134.9362824657125
2020-08-15T22:00:00.0,bus-3-bus-4-i_6,-120.92756158261967
2020-08-15T23:00:00.0,bus-3-bus-4-i_6,-112.71720913665666
2020-08-16T00:00:00.0,bus-3-bus-4-i_6,-116.53532485759108
2020-08-16T01:00:00.0,bus-3-bus-4-i_6,-111.41803818501066
2020-08-16T02:00:00.0,bus-3-bus-4-i_6,-107.86951003518881
2020-08-16T03:00:00.0,bus-3-bus-4-i_6,-105.50371866436639
2020-08-16T04:00:00.0,bus-3-bus-4-i_6,-104.1388372173335
2020-08-16T05:00:00.0,bus-3-bus-4-i_6,-100.49909287691297
2020-08-16T06:00:00.0,bus-3-bus-4-i_6,-105.13978184679829
2020-08-16T07:00:00.0,bus-3-bus-4-i_6,-114.57208815717992
2020-08-16T08:00:00.0,bus-3-bus-4-i_6,-113.46636790476322
2020-08-16T09:00:00.0,bus-3-bus-4-i_6,-127.36370786458156
2020-08-16T10:00:00.0,bus-3-bus-4-i_6,-144.2825697394038
2020-08-16T11:00:00.0,bus-3-bus-4-i_6,-161.94727193208456
2020-08-16T12:00:00.0,bus-3-bus-4-i_6,-168.81357555181918
2020-08-16T13:00:00.0,bus-3-bus-4-i_6,-165.66791590765416
2020-08-16T14:00:00.0,bus-3-bus-4-i_6,-164.38375302761858
2020-08-16T15:00:00.0,bus-3-bus-4-i_6,-162.68308190232472
2020-08-16T16:00:00.0,bus-3-bus-4-i_6,-163.24400548092387
2020-08-16T17:00:00.0,bus-3-bus-4-i_6,-165.61366235800787
2020-08-16T18:00:00.0,bus-3-bus-4-i_6,-168.32559261331497
2020-08-16T19:00:00.0,bus-3-bus-4-i_6,-169.44606173471922
2020-08-16T20:00:00.0,bus-3-bus-4-i_6,-157.04080723345965
2020-08-16T21:00:00.0,bus-3-bus-4-i_6,-141.19677918345852
2020-08-16T22:00:00.0,bus-3-bus-4-i_6,-124.05466769697794
2020-08-16T23:00:00.0,bus-3-bus-4-i_6,-113.70760909133996
2020-08-17T00:00:00.0,bus-3-bus-4-i_6,-111.7999492370985
2020-08-17T01:00:00.0,bus-3-bus-4-i_6,-116.44257055932582
2020-08-17T02:00:00.0,bus-3-bus-4-i_6,-113.41970464204816
2020-08-17T03:00:00.0,bus-3-bus-4-i_6,-112.08526451398795
2020-08-17T04:00:00.0,bus-3-bus-4-i_6,-112.8737986041787
2020-08-17T05:00:00.0,bus-3-bus-4-i_6,-112.26723453587188
2020-08-17T06:00:00.0,bus-3-bus-4-i_6,-111.35070224706749
2020-08-17T07:00:00.0,bus-3-bus-4-i_6,-119.02444971165505
2020-08-17T08:00:00.0,bus-3-bus-4-i_6,-119.06975982809756
2020-08-17T09:00:00.0,bus-3-bus-4-i_6,-153.9978258745672
2020-08-17T10:00:00.0,bus-3-bus-4-i_6,-169.6628839570454
2020-08-17T11:00:00.0,bus-3-bus-4-i_6,-163.94959517454913
2020-08-17T12:00:00.0,bus-3-bus-4-i_6,-159.9499779192934
2020-08-17T13:00:00.0,bus-3-bus-4-i_6,-156.86937413466643
2020-08-17T14:00:00.0,bus-3-bus-4-i_6,-154.80324605962332
2020-08-17T15:00:00.0,bus-3-bus-4-i_6,-155.0082584346371
2020-08-17T16:00:00.0,bus-3-bus-4-i_6,-156.04910052037616
2020-08-17T17:00:00.0,bus-3-bus-4-i_6,-158.9179762525165
2020-08-17T18:00:00.0,bus-3-bus-4-i_6,-161.70584168890923
2020-08-17T19:00:00.0,bus-3-bus-4-i_6,-163.85914062792307
2020-08-17T20:00:00.0,bus-3-bus-4-i_6,-167.55110288745482
2020-08-17T21:00:00.0,bus-3-bus-4-i_6,-150.27442000267902
2020-08-17T22:00:00.0,bus-3-bus-4-i_6,-133.07685419930118
2020-08-17T23:00:00.0,bus-3-bus-4-i_6,-117.57456535961697
2020-08-18T00:00:00.0,bus-3-bus-4-i_6,-112.47438877606805
2020-08-18T01:00:00.0,bus-3-bus-4-i_6,-116.33089057321224
2020-08-18T02:00:00.0,bus-3-bus-4-i_6,-112.78281402142424
2020-08-18T03:00:00.0,bus-3-bus-4-i_6,-111.05409367897659
2020-08-18T04:00:00.0,bus-3-bus-4-i_6,-111.78193419434442
2020-08-18T05:00:00.0,bus-3-bus-4-i_6,-111.53935296635116
2020-08-18T06:00:00.0,bus-3-bus-4-i_6,-115.87281598388903
2020-08-18T07:00:00.0,bus-3-bus-4-i_6,-114.6975382853789
2020-08-18T08:00:00.0,bus-3-bus-4-i_6,-129.22251726241979
2020-08-18T09:00:00.0,bus-3-bus-4-i_6,-143.46568206989355
2020-08-18T10:00:00.0,bus-3-bus-4-i_6,-158.4035384290166
2020-08-18T11:00:00.0,bus-3-bus-4-i_6,-169.3557133896451
2020-08-18T12:00:00.0,bus-3-bus-4-i_6,-165.08918018330044
2020-08-18T13:00:00.0,bus-3-bus-4-i_6,-160.7103150355327
2020-08-18T14:00:00.0,bus-3-bus-4-i_6,-157.83219698364127
2020-08-18T15:00:00.0,bus-3-bus-4-i_6,-156.4749434165119
2020-08-18T16:00:00.0,bus-3-bus-4-i_6,-157.52778296970797
2020-08-18T17:00:00.0,bus-3-bus-4-i_6,-161.63344624979726
2020-08-18T18:00:00.0,bus-3-bus-4-i_6,-164.94448567915776
2020-08-18T19:00:00.0,bus-3-bus-4-i_6,-167.43986339922313
2020-08-18T20:00:00.0,bus-3-bus-4-i_6,-159.53924573585658
2020-08-18T21:00:00.0,bus-3-bus-4-i_6,-140.87915958990092
2020-08-18T22:00:00.0,bus-3-bus-4-i_6,-124.23596687645846
2020-08-18T23:00:00.0,bus-3-bus-4-i_6,-113.4203599414548
2020-08-19T00:00:00.0,bus-3-bus-4-i_6,-112.99327830277888
2020-08-19T01:00:00.0,bus-3-bus-4-i_6,-113.93521576239604
2020-08-19T02:00:00.0,bus-3-bus-4-i_6,-110.35652864898577
2020-08-19T03:00:00.0,bus-3-bus-4-i_6,-109.11302812183851
2020-08-19T04:00:00.0,bus-3-bus-4-i_6,-109.53763976625011
2020-08-19T05:00:00.0,bus-3-bus-4-i_6,-109.23434614456013
2020-08-19T06:00:00.0,bus-3-bus-4-i_6,-115.23933573654404
2020-08-19T07:00:00.0,bus-3-bus-4-i_6,-113.50085579285522
2020-08-19T08:00:00.0,bus-3-bus-4-i_6,-125.95841350709343
2020-08-19T09:00:00.0,bus-3-bus-4-i_6,-141.01528146626285
2020-08-19T10:00:00.0,bus-3-bus-4-i_6,-156.49574991220473
2020-08-19T11:00:00.0,bus-3-bus-4-i_6,-169.7925604561556
2020-08-19T12:00:00.0,bus-3-bus-4-i_6,-166.12000540523795
2020-08-19T13:00:00.0,bus-3-bus-4-i_6,-162.28496941077532
2020-08-19T14:00:00.0,bus-3-bus-4-i_6,-159.406907379963
2020-08-19T15:00:00.0,bus-3-bus-4-i_6,-158.75502833981017
2020-08-19T16:00:00.0,bus-3-bus-4-i_6,-160.29395160861517
2020-08-19T17:00:00.0,bus-3-bus-4-i_6,-165.36047132218545
2020-08-19T18:00:00.0,bus-3-bus-4-i_6,-169.3737832759505
2020-08-19T19:00:00.0,bus-3-bus-4-i_6,-166.380363076272
2020-08-19T20:00:00.0,bus-3-bus-4-i_6,-149.77502340776869
2020-08-19T21:00:00.0,bus-3-bus-4-i_6,-133.62107310160542
2020-08-19T22:00:00.0,bus-3-bus-4-i_6,-118.79786571278692
2020-08-19T23:00:00.0,bus-3-bus-4-i_6,-112.18916538461252
2020-08-20T00:00:00.0,bus-3-bus-4-i_6,-114.45083459069194
2020-08-20T01:00:00.0,bus-3-bus-4-i_6,-109.4769810039406
2020-08-20T02:00:00.0,bus-3-bus-4-i_6,-106.23168135746064
2020-08-20T03:00:00.0,bus-3-bus-4-i_6,-104.80614330929453
2020-08-20T04:00:00.0,bus-3-bus-4-i_6,-105.26110452574677
2020-08-20T05:00:00.0,bus-3-bus-4-i_6,-104.80614330929453
2020-08-20T06:00:00.0,bus-3-bus-4-i_6,-110.08356706749254
2020-08-20T07:00:00.0,bus-3-bus-4-i_6,-111.43354186861467
2020-08-20T08:00:00.0,bus-3-bus-4-i_6,-115.94366651352574
2020-08-20T09:00:00.0,bus-3-bus-4-i_6,-128.9958212958821
2020-08-20T10:00:00.0,bus-3-bus-4-i_6,-141.1060300559651
2020-08-20T11:00:00.0,bus-3-bus-4-i_6,-152.36304644499947
2020-08-20T12:00:00.0,bus-3-bus-4-i_6,-161.40201077601807
2020-08-20T13:00:00.0,bus-3-bus-4-i_6,-169.60868068922647
2020-08-20T14:00:00.0,bus-3-bus-4-i_6,-166.46356532978393
2020-08-20T15:00:00.0,bus-3-bus-4-i_6,-165.08918018330044
2020-08-20T16:00:00.0,bus-3-bus-4-i_6,-166.06575700207688
2020-08-20T17:00:00.0,bus-3-bus-4-i_6,-169.93383944177967
2020-08-20T18:00:00.0,bus-3-bus-4-i_6,-161.31113704836287
2020-08-20T19:00:00.0,bus-3-bus-4-i_6,-154.67903647335257
2020-08-20T20:00:00.0,bus-3-bus-4-i_6,-138.1569759455239
2020-08-20T21:00:00.0,bus-3-bus-4-i_6,-122.01519638798635
2020-08-20T22:00:00.0,bus-3-bus-4-i_6,-112.24277726995322
2020-08-20T23:00:00.0,bus-3-bus-4-i_6,-112.11559336106698
2020-08-21T00:00:00.0,bus-3-bus-4-i_6,-105.95867563986513
2020-08-21T01:00:00.0,bus-3-bus-4-i_6,-101.80334309086305
2020-08-21T02:00:00.0,bus-3-bus-4-i_6,-99.16450394389726
2020-08-21T03:00:00.0,bus-3-bus-4-i_6,-97.86025940892662
2020-08-21T04:00:00.0,bus-3-bus-4-i_6,-98.40623153859389
2020-08-21T05:00:00.0,bus-3-bus-4-i_6,-98.40623153859389
2020-08-21T06:00:00.0,bus-3-bus-4-i_6,-102.95595501849802
2020-08-21T07:00:00.0,bus-3-bus-4-i_6,-110.29587508035534
2020-08-21T08:00:00.0,bus-3-bus-4-i_6,-112.87785568603277
2020-08-21T09:00:00.0,bus-3-bus-4-i_6,-113.56978142135415
2020-08-21T10:00:00.0,bus-3-bus-4-i_6,-123.46545983298407
2020-08-21T11:00:00.0,bus-3-bus-4-i_6,-139.1096853813707
2020-08-21T12:00:00.0,bus-3-bus-4-i_6,-152.13600778917362
2020-08-21T13:00:00.0,bus-3-bus-4-i_6,-166.24298943952815
2020-08-21T14:00:00.0,bus-3-bus-4-i_6,-168.0363931755532
2020-08-21T15:00:00.0,bus-3-bus-4-i_6,-166.228500645782
2020-08-21T16:00:00.0,bus-3-bus-4-i_6,-166.87941999015567
2020-08-21T17:00:00.0,bus-3-bus-4-i_6,-169.74900081219477
2020-08-21T18:00:00.0,bus-3-bus-4-i_6,-162.62897136209097
2020-08-21T19:00:00.0,bus-3-bus-4-i_6,-154.58820659007682
2020-08-21T20:00:00.0,bus-3-bus-4-i_6,-141.55978097169304
2020-08-21T21:00:00.0,bus-3-bus-4-i_6,-127.49971071079811
2020-08-21T22:00:00.0,bus-3-bus-4-i_6,-114.04014366345203
2020-08-21T23:00:00.0,bus-3-bus-4-i_6,-114.89828253160357
2020-08-22T00:00:00.0,bus-3-bus-4-i_6,-111.87291928635526
2020-08-22T01:00:00.0,bus-3-bus-4-i_6,-107.08092885247606
2020-08-22T02:00:00.0,bus-3-bus-4-i_6,-104.19949898379126
2020-08-22T03:00:00.0,bus-3-bus-4-i_6,-102.19764957463036
2020-08-22T04:00:00.0,bus-3-bus-4-i_6,-101.65168668230382
2020-08-22T05:00:00.0,bus-3-bus-4-i_6,-99.71047288457372
2020-08-22T06:00:00.0,bus-3-bus-4-i_6,-104.53313770631614
2020-08-22T07:00:00.0,bus-3-bus-4-i_6,-114.05657983935767
2020-08-22T08:00:00.0,bus-3-bus-4-i_6,-113.3743500028029
2020-08-22T09:00:00.0,bus-3-bus-4-i_6,-125.9130835309691
2020-08-22T10:00:00.0,bus-3-bus-4-i_6,-140.92453341427498
2020-08-22T11:00:00.0,bus-3-bus-4-i_6,-156.04155085472354
2020-08-22T12:00:00.0,bus-3-bus-4-i_6,-168.9664063772269
2020-08-22T13:00:00.0,bus-3-bus-4-i_6,-165.86684043669234
2020-08-22T14:00:00.0,bus-3-bus-4-i_6,-162.32116274192722
2020-08-22T15:00:00.0,bus-3-bus-4-i_6,-160.89133291638063
2020-08-22T16:00:00.0,bus-3-bus-4-i_6,-161.56104978337694
2020-08-22T17:00:00.0,bus-3-bus-4-i_6,-165.37855684944356
2020-08-22T18:00:00.0,bus-3-bus-4-i_6,-168.48825938051252
2020-08-22T19:00:00.0,bus-3-bus-4-i_6,-168.66304104982265
2020-08-22T20:00:00.0,bus-3-bus-4-i_6,-153.27123523313864
2020-08-22T21:00:00.0,bus-3-bus-4-i_6,-138.02087951890894
2020-08-22T22:00:00.0,bus-3-bus-4-i_6,-122.4230694118539
2020-08-22T23:00:00.0,bus-3-bus-4-i_6,-112.62473940495501
2020-08-23T00:00:00.0,bus-3-bus-4-i_6,-115.11802846867083
2020-08-23T01:00:00.0,bus-3-bus-4-i_6,-109.78027399070798
2020-08-23T02:00:00.0,bus-3-bus-4-i_6,-105.8070555037527
2020-08-23T03:00:00.0,bus-3-bus-4-i_6,-103.4109216215625
2020-08-23T04:00:00.0,bus-3-bus-4-i_6,-102.01566209838712
2020-08-23T05:00:00.0,bus-3-bus-4-i_6,-98.58822196012262
2020-08-23T06:00:00.0,bus-3-bus-4-i_6,-102.68294883646473
2020-08-23T07:00:00.0,bus-3-bus-4-i_6,-111.7212774334174
2020-08-23T08:00:00.0,bus-3-bus-4-i_6,-112.39336358339527
2020-08-23T09:00:00.0,bus-3-bus-4-i_6,-123.60144229163434
2020-08-23T10:00:00.0,bus-3-bus-4-i_6,-140.69766563631654
2020-08-23T11:00:00.0,bus-3-bus-4-i_6,-159.13038087839354
2020-08-23T12:00:00.0,bus-3-bus-4-i_6,-168.74128511448117
2020-08-23T13:00:00.0,bus-3-bus-4-i_6,-163.47921281770124
2020-08-23T14:00:00.0,bus-3-bus-4-i_6,-159.78703692462705
2020-08-23T15:00:00.0,bus-3-bus-4-i_6,-158.0491771097575
2020-08-23T16:00:00.0,bus-3-bus-4-i_6,-158.46536690998744
2020-08-23T17:00:00.0,bus-3-bus-4-i_6,-162.5383173088866
2020-08-23T18:00:00.0,bus-3-bus-4-i_6,-166.44548383032281
2020-08-23T19:00:00.0,bus-3-bus-4-i_6,-166.33457175570533
2020-08-23T20:00:00.0,bus-3-bus-4-i_6,-156.49574991220473
2020-08-23T21:00:00.0,bus-3-bus-4-i_6,-139.15505386993675
2020-08-23T22:00:00.0,bus-3-bus-4-i_6,-122.01519638798635
2020-08-23T23:00:00.0,bus-3-bus-4-i_6,-112.77496707647057
2020-08-24T00:00:00.0,bus-3-bus-4-i_6,-116.11877158363826
2020-08-24T01:00:00.0,bus-3-bus-4-i_6,-111.08437797667439
2020-08-24T02:00:00.0,bus-3-bus-4-i_6,-107.77852022428469
2020-08-24T03:00:00.0,bus-3-bus-4-i_6,-106.89894711535075
2020-08-24T04:00:00.0,bus-3-bus-4-i_6,-107.59650513614123
2020-08-24T05:00:00.0,bus-3-bus-4-i_6,-107.2022494211943
2020-08-24T06:00:00.0,bus-3-bus-4-i_6,-113.45003247315475
2020-08-24T07:00:00.0,bus-3-bus-4-i_6,-112.87887662422395
2020-08-24T08:00:00.0,bus-3-bus-4-i_6,-126.32105804573027
2020-08-24T09:00:00.0,bus-3-bus-4-i_6,-143.10263502164685
2020-08-24T10:00:00.0,bus-3-bus-4-i_6,-162.3562604203451
2020-08-24T11:00:00.0,bus-3-bus-4-i_6,-165.03492028980844
2020-08-24T12:00:00.0,bus-3-bus-4-i_6,-159.26206236335665
2020-08-24T13:00:00.0,bus-3-bus-4-i_6,-155.21327226441804
2020-08-24T14:00:00.0,bus-3-bus-4-i_6,-153.33651354250136
2020-08-24T15:00:00.0,bus-3-bus-4-i_6,-154.0304703056567
2020-08-24T16:00:00.0,bus-3-bus-4-i_6,-155.35520421801553
2020-08-24T17:00:00.0,bus-3-bus-4-i_6,-158.08535831531762
2020-08-24T18:00:00.0,bus-3-bus-4-i_6,-160.29395160861517
2020-08-24T19:00:00.0,bus-3-bus-4-i_6,-163.60585923862567
2020-08-24T20:00:00.0,bus-3-bus-4-i_6,-167.67791600744434
2020-08-24T21:00:00.0,bus-3-bus-4-i_6,-148.73083821904734
2020-08-24T22:00:00.0,bus-3-bus-4-i_6,-129.90262486835144
2020-08-24T23:00:00.0,bus-3-bus-4-i_6,-114.89363922630491
2020-08-25T00:00:00.0,bus-3-bus-4-i_6,-112.05952992550627
2020-08-25T01:00:00.0,bus-3-bus-4-i_6,-115.81552863917412
2020-08-25T02:00:00.0,bus-3-bus-4-i_6,-112.99511003003207
2020-08-25T03:00:00.0,bus-3-bus-4-i_6,-111.56963538894536
2020-08-25T04:00:00.0,bus-3-bus-4-i_6,-112.9647820703682
2020-08-25T05:00:00.0,bus-3-bus-4-i_6,-113.35904944301645
2020-08-25T06:00:00.0,bus-3-bus-4-i_6,-111.58728688561558
2020-08-25T07:00:00.0,bus-3-bus-4-i_6,-118.39008682643622
2020-08-25T08:00:00.0,bus-3-bus-4-i_6,-136.97751289849177
2020-08-25T09:00:00.0,bus-3-bus-4-i_6,-154.58820659007682
2020-08-25T10:00:00.0,bus-3-bus-4-i_6,-161.9018316803677
2020-08-25T11:00:00.0,bus-3-bus-4-i_6,-161.70584168890923
2020-08-25T12:00:00.0,bus-3-bus-4-i_6,-156.15949797287567
2020-08-25T13:00:00.0,bus-3-bus-4-i_6,-152.20086124366253
2020-08-25T14:00:00.0,bus-3-bus-4-i_6,-148.9509933297482
2020-08-25T15:00:00.0,bus-3-bus-4-i_6,-148.47763211811503
2020-08-25T16:00:00.0,bus-3-bus-4-i_6,-150.6075998386551
2020-08-25T17:00:00.0,bus-3-bus-4-i_6,-154.5351440242444
2020-08-25T18:00:00.0,bus-3-bus-4-i_6,-156.34875924678397
2020-08-25T19:00:00.0,bus-3-bus-4-i_6,-158.33872015944297
2020-08-25T20:00:00.0,bus-3-bus-4-i_6,-164.60081895098432
2020-08-25T21:00:00.0,bus-3-bus-4-i_6,-166.47194603209638
2020-08-25T22:00:00.0,bus-3-bus-4-i_6,-147.91371162420646
2020-08-25T23:00:00.0,bus-3-bus-4-i_6,-131.4896584410056
2020-08-26T00:00:00.0,bus-3-bus-4-i_6,-120.02130220834539
2020-08-26T01:00:00.0,bus-3-bus-4-i_6,-113.63871954249225
2020-08-26T02:00:00.0,bus-3-bus-4-i_6,-112.13843638868263
2020-08-26T03:00:00.0,bus-3-bus-4-i_6,-111.65820211558545
2020-08-26T04:00:00.0,bus-3-bus-4-i_6,-111.92978635407376
2020-08-26T05:00:00.0,bus-3-bus-4-i_6,-111.92978635407127
2020-08-26T06:00:00.0,bus-3-bus-4-i_6,-113.99432165587152
2020-08-26T07:00:00.0,bus-3-bus-4-i_6,-129.08649928651852
2020-08-26T08:00:00.0,bus-3-bus-4-i_6,-144.7364150333922
2020-08-26T09:00:00.0,bus-3-bus-4-i_6,-162.44715845132757
2020-08-26T10:00:00.0,bus-3-bus-4-i_6,-166.33699349191477
2020-08-26T11:00:00.0,bus-3-bus-4-i_6,-159.35251217231948
2020-08-26T12:00:00.0,bus-3-bus-4-i_6,-154.2828092396752
2020-08-26T13:00:00.0,bus-3-bus-4-i_6,-151.4279215942843
2020-08-26T14:00:00.0,bus-3-bus-4-i_6,-149.3927794978318
2020-08-26T15:00:00.0,bus-3-bus-4-i_6,-148.7143150807662
2020-08-26T16:00:00.0,bus-3-bus-4-i_6,-150.10275584637193
2020-08-26T17:00:00.0,bus-3-bus-4-i_6,-154.0935554654368
2020-08-26T18:00:00.0,bus-3-bus-4-i_6,-156.56959055112267
2020-08-26T19:00:00.0,bus-3-bus-4-i_6,-159.11721645758763
2020-08-26T20:00:00.0,bus-3-bus-4-i_6,-165.5413111314063
2020-08-26T21:00:00.0,bus-3-bus-4-i_6,-163.77049641262528
2020-08-26T22:00:00.0,bus-3-bus-4-i_6,-146.7334953276183
2020-08-26T23:00:00.0,bus-3-bus-4-i_6,-131.308274957739
2020-08-27T00:00:00.0,bus-3-bus-4-i_6,-120.38380967578641
2020-08-27T01:00:00.0,bus-3-bus-4-i_6,-113.54682746586526
2020-08-27T02:00:00.0,bus-3-bus-4-i_6,-112.1184731949783
2020-08-27T03:00:00.0,bus-3-bus-4-i_6,-111.32702703152884
2020-08-27T04:00:00.0,bus-3-bus-4-i_6,-111.62274796130886
2020-08-27T05:00:00.0,bus-3-bus-4-i_6,-111.563642291605
2020-08-27T06:00:00.0,bus-3-bus-4-i_6,-113.75352951555158
2020-08-27T07:00:00.0,bus-3-bus-4-i_6,-128.08907051244321
2020-08-27T08:00:00.0,bus-3-bus-4-i_6,-144.82718573461267
2020-08-27T09:00:00.0,bus-3-bus-4-i_6,-160.31157820904724
2020-08-27T10:00:00.0,bus-3-bus-4-i_6,-168.25329442078987
2020-08-27T11:00:00.0,bus-3-bus-4-i_6,-162.86508908050345
2020-08-27T12:00:00.0,bus-3-bus-4-i_6,-159.35251217231948
2020-08-27T13:00:00.0,bus-3-bus-4-i_6,-156.8535907012866
2020-08-27T14:00:00.0,bus-3-bus-4-i_6,-155.56021683078453
2020-08-27T15:00:00.0,bus-3-bus-4-i_6,-155.63906794662267
2020-08-27T16:00:00.0,bus-3-bus-4-i_6,-157.51039028458197
2020-08-27T17:00:00.0,bus-3-bus-4-i_6,-162.0497065901704
2020-08-27T18:00:00.0,bus-3-bus-4-i_6,-164.56464202405684
2020-08-27T19:00:00.0,bus-3-bus-4-i_6,-167.38562971597605
2020-08-27T20:00:00.0,bus-3-bus-4-i_6,-163.58739481833408
2020-08-27T21:00:00.0,bus-3-bus-4-i_6,-147.4143782018931
2020-08-27T22:00:00.0,bus-3-bus-4-i_6,-132.21521347551396
2020-08-27T23:00:00.0,bus-3-bus-4-i_6,-118.29950578502859
2020-08-28T00:00:00.0,bus-3-bus-4-i_6,-112.92503607138507
2020-08-28T01:00:00.0,bus-3-bus-4-i_6,-111.39804376056779
2020-08-28T02:00:00.0,bus-3-bus-4-i_6,-116.02780523136622
2020-08-28T03:00:00.0,bus-3-bus-4-i_6,-114.2081618552506
2020-08-28T04:00:00.0,bus-3-bus-4-i_6,-114.60247035764417
2020-08-28T05:00:00.0,bus-3-bus-4-i_6,-114.32952184573884
2020-08-28T06:00:00.0,bus-3-bus-4-i_6,-111.58728688561558
2020-08-28T07:00:00.0,bus-3-bus-4-i_6,-117.12154226299938
2020-08-28T08:00:00.0,bus-3-bus-4-i_6,-129.85728342979553
2020-08-28T09:00:00.0,bus-3-bus-4-i_6,-140.01708255334114
2020-08-28T10:00:00.0,bus-3-bus-4-i_6,-150.59223583930805
2020-08-28T11:00:00.0,bus-3-bus-4-i_6,-157.1316520692031
2020-08-28T12:00:00.0,bus-3-bus-4-i_6,-169.83612327682803
2020-08-28T13:00:00.0,bus-3-bus-4-i_6,-167.3313961711802
2020-08-28T14:00:00.0,bus-3-bus-4-i_6,-165.43281302376468
2020-08-28T15:00:00.0,bus-3-bus-4-i_6,-164.94448567915776
2020-08-28T16:00:00.0,bus-3-bus-4-i_6,-166.60821478814265
2020-08-28T17:00:00.0,bus-3-bus-4-i_6,-168.38732503600414
2020-08-28T18:00:00.0,bus-3-bus-4-i_6,-162.21992396885406
2020-08-28T19:00:00.0,bus-3-bus-4-i_6,-154.58820659007682
2020-08-28T20:00:00.0,bus-3-bus-4-i_6,-142.24043272652813
2020-08-28T21:00:00.0,bus-3-bus-4-i_6,-129.6759189969704
2020-08-28T22:00:00.0,bus-3-bus-4-i_6,-116.07957079797151
2020-08-28T23:00:00.0,bus-3-bus-4-i_6,-111.7999492370985
2020-08-29T00:00:00.0,bus-3-bus-4-i_6,-114.32952184573884
2020-08-29T01:00:00.0,bus-3-bus-4-i_6,-109.74994550784551
2020-08-29T02:00:00.0,bus-3-bus-4-i_6,-106.07999712801866
2020-08-29T03:00:00.0,bus-3-bus-4-i_6,-103.92652120536255
2020-08-29T04:00:00.0,bus-3-bus-4-i_6,-102.5919552569907
2020-08-29T05:00:00.0,bus-3-bus-4-i_6,-99.92281345756044
2020-08-29T06:00:00.0,bus-3-bus-4-i_6,-103.4109216215625
2020-08-29T07:00:00.0,bus-3-bus-4-i_6,-111.20573703628109
2020-08-29T08:00:00.0,bus-3-bus-4-i_6,-111.78814122473244
2020-08-29T09:00:00.0,bus-3-bus-4-i_6,-115.80776339482641
2020-08-29T10:00:00.0,bus-3-bus-4-i_6,-128.36109023932073
2020-08-29T11:00:00.0,bus-3-bus-4-i_6,-140.7430389231445
2020-08-29T12:00:00.0,bus-3-bus-4-i_6,-151.681940847104
2020-08-29T13:00:00.0,bus-3-bus-4-i_6,-163.1756068949783
2020-08-29T14:00:00.0,bus-3-bus-4-i_6,-169.5364070689304
2020-08-29T15:00:00.0,bus-3-bus-4-i_6,-167.65679194292406
2020-08-29T16:00:00.0,bus-3-bus-4-i_6,-168.74128511448117
2020-08-29T17:00:00.0,bus-3-bus-4-i_6,-163.45007849813743
2020-08-29T18:00:00.0,bus-3-bus-4-i_6,-157.22251270725863
2020-08-29T19:00:00.0,bus-3-bus-4-i_6,-150.68304159261407
2020-08-29T20:00:00.0,bus-3-bus-4-i_6,-137.06823753115316
2020-08-29T21:00:00.0,bus-3-bus-4-i_6,-123.42013706736176
2020-08-29T22:00:00.0,bus-3-bus-4-i_6,-113.4088587613027
2020-08-29T23:00:00.0,bus-3-bus-4-i_6,-116.30063474086418
2020-08-30T00:00:00.0,bus-3-bus-4-i_6,-110.14423368791932
2020-08-30T01:00:00.0,bus-3-bus-4-i_6,-105.8070555037527
2020-08-30T02:00:00.0,bus-3-bus-4-i_6,-102.40996809843483
2020-08-30T03:00:00.0,bus-3-bus-4-i_6,-100.4687612992067
2020-08-30T04:00:00.0,bus-3-bus-4-i_6,-99.34649370676405
2020-08-30T05:00:00.0,bus-3-bus-4-i_6,-96.40431675545666
2020-08-30T06:00:00.0,bus-3-bus-4-i_6,-99.49817262877998
2020-08-30T07:00:00.0,bus-3-bus-4-i_6,-107.86951003518881
2020-08-30T08:00:00.0,bus-3-bus-4-i_6,-115.55011575900231
2020-08-30T09:00:00.0,bus-3-bus-4-i_6,-114.1317186275293
2020-08-30T10:00:00.0,bus-3-bus-4-i_6,-128.40642732186987
2020-08-30T11:00:00.0,bus-3-bus-4-i_6,-143.82873785544174
2020-08-30T12:00:00.0,bus-3-bus-4-i_6,-157.22251270725863
2020-08-30T13:00:00.0,bus-3-bus-4-i_6,-169.27036897831061
2020-08-30T14:00:00.0,bus-3-bus-4-i_6,-166.77093860187696
2020-08-30T15:00:00.0,bus-3-bus-4-i_6,-164.96257273005054
2020-08-30T16:00:00.0,bus-3-bus-4-i_6,-165.47706259915134
2020-08-30T17:00:00.0,bus-3-bus-4-i_6,-170.01020632252474
2020-08-30T18:00:00.0,bus-3-bus-4-i_6,-162.53805800229486
2020-08-30T19:00:00.0,bus-3-bus-4-i_6,-155.7690380095819
2020-08-30T20:00:00.0,bus-3-bus-4-i_6,-139.79022820465002
2020-08-30T21:00:00.0,bus-3-bus-4-i_6,-124.59857142337935
2020-08-30T22:00:00.0,bus-3-bus-4-i_6,-112.9019461928656
2020-08-30T23:00:00.0,bus-3-bus-4-i_6,-114.69345142555558
2020-08-31T00:00:00.0,bus-3-bus-4-i_6,-109.59829897719608
2020-08-31T01:00:00.0,bus-3-bus-4-i_6,-105.5340491167857
2020-08-31T02:00:00.0,bus-3-bus-4-i_6,-102.83460451127348
2020-08-31T03:00:00.0,bus-3-bus-4-i_6,-102.07632471797903
2020-08-31T04:00:00.0,bus-3-bus-4-i_6,-103.19857751281573
2020-08-31T05:00:00.0,bus-3-bus-4-i_6,-103.38056390977393
2020-08-31T06:00:00.0,bus-3-bus-4-i_6,-107.96046364394351
2020-08-31T07:00:00.0,bus-3-bus-4-i_6,-116.46868500044201
2020-08-31T08:00:00.0,bus-3-bus-4-i_6,-114.15461047697586
2020-08-31T09:00:00.0,bus-3-bus-4-i_6,-129.17717780511256
2020-08-31T10:00:00.0,bus-3-bus-4-i_6,-145.37183582962174
2020-08-31T11:00:00.0,bus-3-bus-4-i_6,-162.49261071180962
2020-08-31T12:00:00.0,bus-3-bus-4-i_6,-167.49409646834516
2020-08-31T13:00:00.0,bus-3-bus-4-i_6,-161.9049241273096
2020-08-31T14:00:00.0,bus-3-bus-4-i_6,-157.8503268124821
2020-08-31T15:00:00.0,bus-3-bus-4-i_6,-156.64847268566123
2020-08-31T16:00:00.0,bus-3-bus-4-i_6,-157.81422334152333
2020-08-31T17:00:00.0,bus-3-bus-4-i_6,-162.17638788645257
2020-08-31T18:00:00.0,bus-3-bus-4-i_6,-165.7221739989755
2020-08-31T19:00:00.0,bus-3-bus-4-i_6,-168.5294833293055
2020-08-31T20:00:00.0,bus-3-bus-4-i_6,-149.4572100728806
2020-08-31T21:00:00.0,bus-3-bus-4-i_6,-132.0791693025135
2020-08-31T22:00:00.0,bus-3-bus-4-i_6,-114.40126422306989
2020-08-31T23:00:00.0,bus-3-bus-4-i_6,-114.56886280061698
2020-09-01T00:00:00.0,bus-3-bus-4-i_6,-112.81314206407185
2020-09-01T01:00:00.0,bus-3-bus-4-i_6,-107.86951003518881
2020-09-01T02:00:00.0,bus-3-bus-4-i_6,-104.16916815150392
2020-09-01T03:00:00.0,bus-3-bus-4-i_6,-102.5919552569907
2020-09-01T04:00:00.0,bus-3-bus-4-i_6,-104.19949898379126
2020-09-01T05:00:00.0,bus-3-bus-4-i_6,-104.50280707189317
2020-09-01T06:00:00.0,bus-3-bus-4-i_6,-109.99258003149792
2020-09-01T07:00:00.0,bus-3-bus-4-i_6,-111.52816961279237
2020-09-01T08:00:00.0,bus-3-bus-4-i_6,-116.84968830673661
2020-09-01T09:00:00.0,bus-3-bus-4-i_6,-132.0791693025135
2020-09-01T10:00:00.0,bus-3-bus-4-i_6,-149.04862161593718
2020-09-01T11:00:00.0,bus-3-bus-4-i_6,-165.6477158011103
2020-09-01T12:00:00.0,bus-3-bus-4-i_6,-165.64983146124862
2020-09-01T13:00:00.0,bus-3-bus-4-i_6,-160.9637422149804
2020-09-01T14:00:00.0,bus-3-bus-4-i_6,-158.44726518221808
2020-09-01T15:00:00.0,bus-3-bus-4-i_6,-158.08535831531762
2020-09-01T16:00:00.0,bus-3-bus-4-i_6,-160.16722639050275
2020-09-01T17:00:00.0,bus-3-bus-4-i_6,-164.02195760244868
2020-09-01T18:00:00.0,bus-3-bus-4-i_6,-165.37855684944356
2020-09-01T19:00:00.0,bus-3-bus-4-i_6,-169.1569383139771
2020-09-01T20:00:00.0,bus-3-bus-4-i_6,-157.67673271600646
2020-09-01T21:00:00.0,bus-3-bus-4-i_6,-142.83035532412626
2020-09-01T22:00:00.0,bus-3-bus-4-i_6,-127.13703891849599
2020-09-01T23:00:00.0,bus-3-bus-4-i_6,-114.16608241621687
2020-09-02T00:00:00.0,bus-3-bus-4-i_6,-111.83536863922411
2020-09-02T01:00:00.0,bus-3-bus-4-i_6,-115.66390443308947
2020-09-02T02:00:00.0,bus-3-bus-4-i_6,-112.57051733877191
2020-09-02T03:00:00.0,bus-3-bus-4-i_6,-111.50897827215071
2020-09-02T04:00:00.0,bus-3-bus-4-i_6,-113.78357854409182
2020-09-02T05:00:00.0,bus-3-bus-4-i_6,-115.75483314641828
2020-09-02T06:00:00.0,bus-3-bus-4-i_6,-112.18480611337655
2020-09-02T07:00:00.0,bus-3-bus-4-i_6,-120.83691783076543
2020-09-02T08:00:00.0,bus-3-bus-4-i_6,-136.02493544302297
2020-09-02T09:00:00.0,bus-3-bus-4-i_6,-151.04626996754052
2020-09-02T10:00:00.0,bus-3-bus-4-i_6,-163.31280204120898
2020-09-02T11:00:00.0,bus-3-bus-4-i_6,-168.1267698895787
2020-09-02T12:00:00.0,bus-3-bus-4-i_6,-164.25712823956073
2020-09-02T13:00:00.0,bus-3-bus-4-i_6,-160.9999444923835
2020-09-02T14:00:00.0,bus-3-bus-4-i_6,-158.99047626280446
2020-09-02T15:00:00.0,bus-3-bus-4-i_6,-158.17582953091497
2020-09-02T16:00:00.0,bus-3-bus-4-i_6,-159.3706962551573
2020-09-02T17:00:00.0,bus-3-bus-4-i_6,-163.0087870568917
2020-09-02T18:00:00.0,bus-3-bus-4-i_6,-164.0762287299333
2020-09-02T19:00:00.0,bus-3-bus-4-i_6,-167.85563447324608
2020-09-02T20:00:00.0,bus-3-bus-4-i_6,-159.3120966509699
2020-09-02T21:00:00.0,bus-3-bus-4-i_6,-142.6942172953835
2020-09-02T22:00:00.0,bus-3-bus-4-i_6,-126.36638920440033
2020-09-02T23:00:00.0,bus-3-bus-4-i_6,-113.97140543145818
2020-09-03T00:00:00.0,bus-3-bus-4-i_6,-111.65820211558545
2020-09-03T01:00:00.0,bus-3-bus-4-i_6,-114.78443275675498
2020-09-03T02:00:00.0,bus-3-bus-4-i_6,-111.56963538894536
2020-09-03T03:00:00.0,bus-3-bus-4-i_6,-110.59911763836297
2020-09-03T04:00:00.0,bus-3-bus-4-i_6,-111.84263776158714
2020-09-03T05:00:00.0,bus-3-bus-4-i_6,-112.9647820703682
2020-09-03T06:00:00.0,bus-3-bus-4-i_6,-112.17526302395122
2020-09-03T07:00:00.0,bus-3-bus-4-i_6,-117.34806688890207
2020-09-03T08:00:00.0,bus-3-bus-4-i_6,-133.1222050438622
2020-09-03T09:00:00.0,bus-3-bus-4-i_6,-147.3689850601366
2020-09-03T10:00:00.0,bus-3-bus-4-i_6,-161.1293923650151
2020-09-03T11:00:00.0,bus-3-bus-4-i_6,-168.57862733896917
2020-09-03T12:00:00.0,bus-3-bus-4-i_6,-164.35734921870448
2020-09-03T13:00:00.0,bus-3-bus-4-i_6,-161.14475130935512
2020-09-03T14:00:00.0,bus-3-bus-4-i_6,-159.1534279429099
2020-09-03T15:00:00.0,bus-3-bus-4-i_6,-158.21202360702046
2020-09-03T16:00:00.0,bus-3-bus-4-i_6,-159.49735588073483
2020-09-03T17:00:00.0,bus-3-bus-4-i_6,-163.47921281770124
2020-09-03T18:00:00.0,bus-3-bus-4-i_6,-164.6912600140072
2020-09-03T19:00:00.0,bus-3-bus-4-i_6,-168.74128511448117
2020-09-03T20:00:00.0,bus-3-bus-4-i_6,-157.0862295816252
2020-09-03T21:00:00.0,bus-3-bus-4-i_6,-139.47263775159513
2020-09-03T22:00:00.0,bus-3-bus-4-i_6,-122.1057932594106
2020-09-03T23:00:00.0,bus-3-bus-4-i_6,-112.93656186612316
2020-09-04T00:00:00.0,bus-3-bus-4-i_6,-115.33382635986085
2020-09-04T01:00:00.0,bus-3-bus-4-i_6,-112.54018918736885
2020-09-04T02:00:00.0,bus-3-bus-4-i_6,-109.81060392439022
2020-09-04T03:00:00.0,bus-3-bus-4-i_6,-109.14335686986625
2020-09-04T04:00:00.0,bus-3-bus-4-i_6,-111.56963538894536
2020-09-04T05:00:00.0,bus-3-bus-4-i_6,-113.20735363051
2020-09-04T06:00:00.0,bus-3-bus-4-i_6,-111.29151126952519
2020-09-04T07:00:00.0,bus-3-bus-4-i_6,-117.57456535961697
2020-09-04T08:00:00.0,bus-3-bus-4-i_6,-132.4873054026775
2020-09-04T09:00:00.0,bus-3-bus-4-i_6,-148.73083821904734
2020-09-04T10:00:00.0,bus-3-bus-4-i_6,-161.94727193208456
2020-09-04T11:00:00.0,bus-3-bus-4-i_6,-168.92200891787058
2020-09-04T12:00:00.0,bus-3-bus-4-i_6,-165.37855684944356
2020-09-04T13:00:00.0,bus-3-bus-4-i_6,-161.86872788275554
2020-09-04T14:00:00.0,bus-3-bus-4-i_6,-161.05424748127524
2020-09-04T15:00:00.0,bus-3-bus-4-i_6,-161.85062966637594
2020-09-04T16:00:00.0,bus-3-bus-4-i_6,-163.1173507761516
2020-09-04T17:00:00.0,bus-3-bus-4-i_6,-167.15061004227044
2020-09-04T18:00:00.0,bus-3-bus-4-i_6,-167.43986339922313
2020-09-04T19:00:00.0,bus-3-bus-4-i_6,-168.66304104982265
2020-09-04T20:00:00.0,bus-3-bus-4-i_6,-153.13500340204146
2020-09-04T21:00:00.0,bus-3-bus-4-i_6,-138.70137410456286
2020-09-04T22:00:00.0,bus-3-bus-4-i_6,-123.28416955552184
2020-09-04T23:00:00.0,bus-3-bus-4-i_6,-113.00578165437747
2020-09-05T00:00:00.0,bus-3-bus-4-i_6,-116.64144013878621
2020-09-05T01:00:00.0,bus-3-bus-4-i_6,-112.11559336106698
2020-09-05T02:00:00.0,bus-3-bus-4-i_6,-108.0514900440713
2020-09-05T03:00:00.0,bus-3-bus-4-i_6,-105.38239640672364
2020-09-05T04:00:00.0,bus-3-bus-4-i_6,-104.38148394781533
2020-09-05T05:00:00.0,bus-3-bus-4-i_6,-101.71234907819264
2020-09-05T06:00:00.0,bus-3-bus-4-i_6,-105.10942117468909
2020-09-05T07:00:00.0,bus-3-bus-4-i_6,-116.63353078879359
2020-09-05T08:00:00.0,bus-3-bus-4-i_6,-117.57456535961697
2020-09-05T09:00:00.0,bus-3-bus-4-i_6,-135.2992017365911
2020-09-05T10:00:00.0,bus-3-bus-4-i_6,-150.54683316744376
2020-09-05T11:00:00.0,bus-3-bus-4-i_6,-163.8620550127868
2020-09-05T12:00:00.0,bus-3-bus-4-i_6,-169.13886731165277
2020-09-05T13:00:00.0,bus-3-bus-4-i_6,-164.9263985064622
2020-09-05T14:00:00.0,bus-3-bus-4-i_6,-162.1401813580462
2020-09-05T15:00:00.0,bus-3-bus-4-i_6,-161.3619544597594
2020-09-05T16:00:00.0,bus-3-bus-4-i_6,-163.28019195132936
2020-09-05T17:00:00.0,bus-3-bus-4-i_6,-167.15061004227044
2020-09-05T18:00:00.0,bus-3-bus-4-i_6,-168.47018557449482
2020-09-05T19:00:00.0,bus-3-bus-4-i_6,-166.380363076272
2020-09-05T20:00:00.0,bus-3-bus-4-i_6,-153.90700012040935
2020-09-05T21:00:00.0,bus-3-bus-4-i_6,-139.3818988292823
2020-09-05T22:00:00.0,bus-3-bus-4-i_6,-125.9130835309691
2020-09-05T23:00:00.0,bus-3-bus-4-i_6,-113.93699748900966
2020-09-06T00:00:00.0,bus-3-bus-4-i_6,-112.13025947517403
2020-09-06T01:00:00.0,bus-3-bus-4-i_6,-116.30010120814622
2020-09-06T02:00:00.0,bus-3-bus-4-i_6,-114.63279748283541
2020-09-06T03:00:00.0,bus-3-bus-4-i_6,-111.44836681274666
2020-09-06T04:00:00.0,bus-3-bus-4-i_6,-110.4171862234003
2020-09-06T05:00:00.0,bus-3-bus-4-i_6,-106.92927878954947
2020-09-06T06:00:00.0,bus-3-bus-4-i_6,-110.05323788729203
2020-09-06T07:00:00.0,bus-3-bus-4-i_6,-112.17739514977647
2020-09-06T08:00:00.0,bus-3-bus-4-i_6,-122.06047447433406
2020-09-06T09:00:00.0,bus-3-bus-4-i_6,-137.11360009852714
2020-09-06T10:00:00.0,bus-3-bus-4-i_6,-150.04741278447585
2020-09-06T11:00:00.0,bus-3-bus-4-i_6,-160.4478766104248
2020-09-06T12:00:00.0,bus-3-bus-4-i_6,-167.3419565317475
2020-09-06T13:00:00.0,bus-3-bus-4-i_6,-167.71102254817387
2020-09-06T14:00:00.0,bus-3-bus-4-i_6,-166.9517382341538
2020-09-06T15:00:00.0,bus-3-bus-4-i_6,-168.74128511448117
2020-09-06T16:00:00.0,bus-3-bus-4-i_6,-166.60932121116946
2020-09-06T17:00:00.0,bus-3-bus-4-i_6,-160.12984887123943
2020-09-06T18:00:00.0,bus-3-bus-4-i_6,-160.76591244092748
2020-09-06T19:00:00.0,bus-3-bus-4-i_6,-155.40571042363948
2020-09-06T20:00:00.0,bus-3-bus-4-i_6,-144.2825697394038
2020-09-06T21:00:00.0,bus-3-bus-4-i_6,-132.57801759945883
2020-09-06T22:00:00.0,bus-3-bus-4-i_6,-120.06661518613085
2020-09-06T23:00:00.0,bus-3-bus-4-i_6,-112.5322260119089
2020-09-07T00:00:00.0,bus-3-bus-4-i_6,-116.33089057321224
2020-09-07T01:00:00.0,bus-3-bus-4-i_6,-111.14508034825263
2020-09-07T02:00:00.0,bus-3-bus-4-i_6,-107.80881449507238
2020-09-07T03:00:00.0,bus-3-bus-4-i_6,-106.0496993024648
2020-09-07T04:00:00.0,bus-3-bus-4-i_6,-105.50371866436639
2020-09-07T05:00:00.0,bus-3-bus-4-i_6,-102.83460451127348
2020-09-07T06:00:00.0,bus-3-bus-4-i_6,-106.41363089322529
2020-09-07T07:00:00.0,bus-3-bus-4-i_6,-114.23683758897634
2020-09-07T08:00:00.0,bus-3-bus-4-i_6,-119.93063994030568
2020-09-07T09:00:00.0,bus-3-bus-4-i_6,-137.83941935524103
2020-09-07T10:00:00.0,bus-3-bus-4-i_6,-153.86158744957504
2020-09-07T11:00:00.0,bus-3-bus-4-i_6,-166.79248931907927
2020-09-07T12:00:00.0,bus-3-bus-4-i_6,-167.81948190469356
2020-09-07T13:00:00.0,bus-3-bus-4-i_6,-165.90300692066623
2020-09-07T14:00:00.0,bus-3-bus-4-i_6,-163.8772316637361
2020-09-07T15:00:00.0,bus-3-bus-4-i_6,-163.0992569859335
2020-09-07T16:00:00.0,bus-3-bus-4-i_6,-164.40184214749522
2020-09-07T17:00:00.0,bus-3-bus-4-i_6,-167.4037076786929
2020-09-07T18:00:00.0,bus-3-bus-4-i_6,-167.56640627041648
2020-09-07T19:00:00.0,bus-3-bus-4-i_6,-169.09661283890617
2020-09-07T20:00:00.0,bus-3-bus-4-i_6,-154.90611359327175
2020-09-07T21:00:00.0,bus-3-bus-4-i_6,-140.69766563631654
2020-09-07T22:00:00.0,bus-3-bus-4-i_6,-126.95570613040657
2020-09-07T23:00:00.0,bus-3-bus-4-i_6,-115.7171620647068
2020-09-08T00:00:00.0,bus-3-bus-4-i_6,-112.13843638868263
2020-09-08T01:00:00.0,bus-3-bus-4-i_6,-115.9065078540447
2020-09-08T02:00:00.0,bus-3-bus-4-i_6,-112.7221578951414
2020-09-08T03:00:00.0,bus-3-bus-4-i_6,-110.993436174474
2020-09-08T04:00:00.0,bus-3-bus-4-i_6,-113.14674923725525
2020-09-08T05:00:00.0,bus-3-bus-4-i_6,-114.2385441660814
2020-09-08T06:00:00.0,bus-3-bus-4-i_6,-111.4098784151518
2020-09-08T07:00:00.0,bus-3-bus-4-i_6,-117.66517732370278
2020-09-08T08:00:00.0,bus-3-bus-4-i_6,-132.89545214897595
2020-09-08T09:00:00.0,bus-3-bus-4-i_6,-147.55055844192685
2020-09-08T10:00:00.0,bus-3-bus-4-i_6,-161.22026427214035
2020-09-08T11:00:00.0,bus-3-bus-4-i_6,-169.2292214590573
2020-09-08T12:00:00.0,bus-3-bus-4-i_6,-165.59557770767688
2020-09-08T13:00:00.0,bus-3-bus-4-i_6,-161.03614654209372
2020-09-08T14:00:00.0,bus-3-bus-4-i_6,-158.51967419515657
2020-09-08T15:00:00.0,bus-3-bus-4-i_6,-157.39300675051808
2020-09-08T16:00:00.0,bus-3-bus-4-i_6,-158.6826089622966
2020-09-08T17:00:00.0,bus-3-bus-4-i_6,-162.7554626492853
2020-09-08T18:00:00.0,bus-3-bus-4-i_6,-162.97259862942806
2020-09-08T19:00:00.0,bus-3-bus-4-i_6,-166.68053794211275
2020-09-08T20:00:00.0,bus-3-bus-4-i_6,-164.22831395998614
2020-09-08T21:00:00.0,bus-3-bus-4-i_6,-146.59732241605693
2020-09-08T22:00:00.0,bus-3-bus-4-i_6,-131.308274957739
2020-09-08T23:00:00.0,bus-3-bus-4-i_6,-117.57456535961697
2020-09-09T00:00:00.0,bus-3-bus-4-i_6,-112.9134975127382
2020-09-09T01:00:00.0,bus-3-bus-4-i_6,-114.56886280061698
2020-09-09T02:00:00.0,bus-3-bus-4-i_6,-114.2385441660814
2020-09-09T03:00:00.0,bus-3-bus-4-i_6,-113.38937688165069
2020-09-09T04:00:00.0,bus-3-bus-4-i_6,-116.41644950844683
2020-09-09T05:00:00.0,bus-3-bus-4-i_6,-113.41970464204816
2020-09-09T06:00:00.0,bus-3-bus-4-i_6,-113.45487020246354
2020-09-09T07:00:00.0,bus-3-bus-4-i_6,-121.06353364558427
2020-09-09T08:00:00.0,bus-3-bus-4-i_6,-124.82520358820284
2020-09-09T09:00:00.0,bus-3-bus-4-i_6,-136.2517342597557
2020-09-09T10:00:00.0,bus-3-bus-4-i_6,-150.41062597090033
2020-09-09T11:00:00.0,bus-3-bus-4-i_6,-162.71990207832005
2020-09-09T12:00:00.0,bus-3-bus-4-i_6,-169.80741316039217
2020-09-09T13:00:00.0,bus-3-bus-4-i_6,-165.88492333954702
2020-09-09T14:00:00.0,bus-3-bus-4-i_6,-162.23067893531456
2020-09-09T15:00:00.0,bus-3-bus-4-i_6,-160.9456409913002
2020-09-09T16:00:00.0,bus-3-bus-4-i_6,-163.0992569859335
2020-09-09T17:00:00.0,bus-3-bus-4-i_6,-166.19233589740148
2020-09-09T18:00:00.0,bus-3-bus-4-i_6,-165.28812854071137
2020-09-09T19:00:00.0,bus-3-bus-4-i_6,-168.9230258867956
2020-09-09T20:00:00.0,bus-3-bus-4-i_6,-151.22788748461625
2020-09-09T21:00:00.0,bus-3-bus-4-i_6,-133.57572079561893
2020-09-09T22:00:00.0,bus-3-bus-4-i_6,-117.30273257915371
2020-09-09T23:00:00.0,bus-3-bus-4-i_6,-111.75271255320469
2020-09-10T00:00:00.0,bus-3-bus-4-i_6,-113.35904944301645
2020-09-10T01:00:00.0,bus-3-bus-4-i_6,-108.0514900440713
2020-09-10T02:00:00.0,bus-3-bus-4-i_6,-105.35206584159411
2020-09-10T03:00:00.0,bus-3-bus-4-i_6,-104.19949898379126
2020-09-10T04:00:00.0,bus-3-bus-4-i_6,-106.26201649215776
2020-09-10T05:00:00.0,bus-3-bus-4-i_6,-108.96138005694044
2020-09-10T06:00:00.0,bus-3-bus-4-i_6,-112.41882750223144
2020-09-10T07:00:00.0,bus-3-bus-4-i_6,-112.18916538461252
2020-09-10T08:00:00.0,bus-3-bus-4-i_6,-117.43867764659517
2020-09-10T09:00:00.0,bus-3-bus-4-i_6,-129.76660094912683
2020-09-10T10:00:00.0,bus-3-bus-4-i_6,-140.5615465819723
2020-09-10T11:00:00.0,bus-3-bus-4-i_6,-150.31982185562188
2020-09-10T12:00:00.0,bus-3-bus-4-i_6,-154.1794789320687
2020-09-10T13:00:00.0,bus-3-bus-4-i_6,-152.045193285461
2020-09-10T14:00:00.0,bus-3-bus-4-i_6,-148.7762354388438
2020-09-10T15:00:00.0,bus-3-bus-4-i_6,-144.37333773723236
2020-09-10T16:00:00.0,bus-3-bus-4-i_6,-142.42194487664892
2020-09-10T17:00:00.0,bus-3-bus-4-i_6,-141.37827895097055
2020-09-10T18:00:00.0,bus-3-bus-4-i_6,-145.78031066848015
2020-09-10T19:00:00.0,bus-3-bus-4-i_6,-135.70742280337856
2020-09-10T20:00:00.0,bus-3-bus-4-i_6,-123.01223816465097
2020-09-10T21:00:00.0,bus-3-bus-4-i_6,-112.71720913665666
2020-09-10T22:00:00.0,bus-3-bus-4-i_6,-114.2385441660814
2020-09-10T23:00:00.0,bus-3-bus-4-i_6,-107.23254529136396
2020-09-11T00:00:00.0,bus-3-bus-4-i_6,-103.35023287984066
2020-09-11T01:00:00.0,bus-3-bus-4-i_6,-100.13511481882593
2020-09-11T02:00:00.0,bus-3-bus-4-i_6,-98.31521718196095
2020-09-11T03:00:00.0,bus-3-bus-4-i_6,-98.4972073570215
2020-09-11T04:00:00.0,bus-3-bus-4-i_6,-101.1360533579139
2020-09-11T05:00:00.0,bus-3-bus-4-i_6,-103.47155687329345
2020-09-11T06:00:00.0,bus-3-bus-4-i_6,-106.71693327787438
2020-09-11T07:00:00.0,bus-3-bus-4-i_6,-114.66312457832757
2020-09-11T08:00:00.0,bus-3-bus-4-i_6,-112.15003307305213
2020-09-11T09:00:00.0,bus-3-bus-4-i_6,-116.21547624781657
2020-09-11T10:00:00.0,bus-3-bus-4-i_6,-125.27847775358252
2020-09-11T11:00:00.0,bus-3-bus-4-i_6,-134.52814704426447
2020-09-11T12:00:00.0,bus-3-bus-4-i_6,-142.83035532412626
2020-09-11T13:00:00.0,bus-3-bus-4-i_6,-152.907953195845
2020-09-11T14:00:00.0,bus-3-bus-4-i_6,-160.17528098123304
2020-09-11T15:00:00.0,bus-3-bus-4-i_6,-161.1748281853389
2020-09-11T16:00:00.0,bus-3-bus-4-i_6,-157.76758146830764
2020-09-11T17:00:00.0,bus-3-bus-4-i_6,-149.18481654246335
2020-09-11T18:00:00.0,bus-3-bus-4-i_6,-149.2756138410734
2020-09-11T19:00:00.0,bus-3-bus-4-i_6,-142.01354544274062
2020-09-11T20:00:00.0,bus-3-bus-4-i_6,-131.308274957739
2020-09-11T21:00:00.0,bus-3-bus-4-i_6,-120.33849618908867
2020-09-11T22:00:00.0,bus-3-bus-4-i_6,-112.78650417514426
2020-09-11T23:00:00.0,bus-3-bus-4-i_6,-115.75483314641828
2020-09-12T00:00:00.0,bus-3-bus-4-i_6,-110.87211399815811
2020-09-12T01:00:00.0,bus-3-bus-4-i_6,-106.5653152685837
2020-09-12T02:00:00.0,bus-3-bus-4-i_6,-102.98628617265106
2020-09-12T03:00:00.0,bus-3-bus-4-i_6,-100.4687612992067
2020-09-12T04:00:00.0,bus-3-bus-4-i_6,-99.52848345147474
2020-09-12T05:00:00.0,bus-3-bus-4-i_6,-97.10196459478317
2020-09-12T06:00:00.0,bus-3-bus-4-i_6,-99.83181861785155
2020-09-12T07:00:00.0,bus-3-bus-4-i_6,-109.68928661083082
2020-09-12T08:00:00.0,bus-3-bus-4-i_6,-111.81175647698494
2020-09-12T09:00:00.0,bus-3-bus-4-i_6,-116.17017430172334
2020-09-12T10:00:00.0,bus-3-bus-4-i_6,-125.6864356203681
2020-09-12T11:00:00.0,bus-3-bus-4-i_6,-134.02924973660734
2020-09-12T12:00:00.0,bus-3-bus-4-i_6,-139.2457914514752
2020-09-12T13:00:00.0,bus-3-bus-4-i_6,-145.37183582962174
2020-09-12T14:00:00.0,bus-3-bus-4-i_6,-149.2302151236699
2020-09-12T15:00:00.0,bus-3-bus-4-i_6,-150.41062597090033
2020-09-12T16:00:00.0,bus-3-bus-4-i_6,-145.73492240845036
2020-09-12T17:00:00.0,bus-3-bus-4-i_6,-136.2970944234072
2020-09-12T18:00:00.0,bus-3-bus-4-i_6,-136.161014332776
2020-09-12T19:00:00.0,bus-3-bus-4-i_6,-128.54243925959875
2020-09-12T20:00:00.0,bus-3-bus-4-i_6,-117.34806688890207
2020-09-12T21:00:00.0,bus-3-bus-4-i_6,-112.34704438452361
2020-09-12T22:00:00.0,bus-3-bus-4-i_6,-113.75330916403648
2020-09-12T23:00:00.0,bus-3-bus-4-i_6,-106.0496993024648
2020-09-13T00:00:00.0,bus-3-bus-4-i_6,-100.3171038997477
2020-09-13T01:00:00.0,bus-3-bus-4-i_6,-95.73703253413557
2020-09-13T02:00:00.0,bus-3-bus-4-i_6,-92.49152092001579
2020-09-13T03:00:00.0,bus-3-bus-4-i_6,-90.51997015284275
2020-09-13T04:00:00.0,bus-3-bus-4-i_6,-90.09533814922968
2020-09-13T05:00:00.0,bus-3-bus-4-i_6,-87.45652127810271
2020-09-13T06:00:00.0,bus-3-bus-4-i_6,-89.57970530218785
2020-09-13T07:00:00.0,bus-3-bus-4-i_6,-98.4972073570215
2020-09-13T08:00:00.0,bus-3-bus-4-i_6,-107.59650513614123
2020-09-13T09:00:00.0,bus-3-bus-4-i_6,-115.93683257731446
2020-09-13T10:00:00.0,bus-3-bus-4-i_6,-113.85677198629463
2020-09-13T11:00:00.0,bus-3-bus-4-i_6,-124.64389759414343
2020-09-13T12:00:00.0,bus-3-bus-4-i_6,-136.20637422954582
2020-09-13T13:00:00.0,bus-3-bus-4-i_6,-145.28104735590705
2020-09-13T14:00:00.0,bus-3-bus-4-i_6,-150.77384789213463
2020-09-13T15:00:00.0,bus-3-bus-4-i_6,-153.22582448551887
2020-09-13T16:00:00.0,bus-3-bus-4-i_6,-151.04626996754052
2020-09-13T17:00:00.0,bus-3-bus-4-i_6,-142.51270181057416
2020-09-13T18:00:00.0,bus-3-bus-4-i_6,-141.87741468817703
2020-09-13T19:00:00.0,bus-3-bus-4-i_6,-133.57572079561893
2020-09-13T20:00:00.0,bus-3-bus-4-i_6,-123.32949192864015
2020-09-13T21:00:00.0,bus-3-bus-4-i_6,-113.24776287775906
2020-09-13T22:00:00.0,bus-3-bus-4-i_6,-114.26881650833671
2020-09-13T23:00:00.0,bus-3-bus-4-i_6,-107.32357069469955
2020-09-14T00:00:00.0,bus-3-bus-4-i_6,-101.56071634071023
2020-09-14T01:00:00.0,bus-3-bus-4-i_6,-97.7692645736446
2020-09-14T02:00:00.0,bus-3-bus-4-i_6,-95.43371419975871
2020-09-14T03:00:00.0,bus-3-bus-4-i_6,-95.22139144827446
2020-09-14T04:00:00.0,bus-3-bus-4-i_6,-98.13322697105016
2020-09-14T05:00:00.0,bus-3-bus-4-i_6,-100.4687612992067
2020-09-14T06:00:00.0,bus-3-bus-4-i_6,-104.41181460111906
2020-09-14T07:00:00.0,bus-3-bus-4-i_6,-112.26723453587188
2020-09-14T08:00:00.0,bus-3-bus-4-i_6,-112.26595241860609
2020-09-14T09:00:00.0,bus-3-bus-4-i_6,-118.0276601140398
2020-09-14T10:00:00.0,bus-3-bus-4-i_6,-130.8094813034551
2020-09-14T11:00:00.0,bus-3-bus-4-i_6,-143.55644520645058
2020-09-14T12:00:00.0,bus-3-bus-4-i_6,-153.45287959650148
2020-09-14T13:00:00.0,bus-3-bus-4-i_6,-162.5835129975103
2020-09-14T14:00:00.0,bus-3-bus-4-i_6,-170.09484803416552
2020-09-14T15:00:00.0,bus-3-bus-4-i_6,-168.99429632277904
2020-09-14T16:00:00.0,bus-3-bus-4-i_6,-169.09661283890617
2020-09-14T17:00:00.0,bus-3-bus-4-i_6,-161.0839567180748
2020-09-14T18:00:00.0,bus-3-bus-4-i_6,-159.13038087839354
2020-09-14T19:00:00.0,bus-3-bus-4-i_6,-148.2314778817371
2020-09-14T20:00:00.0,bus-3-bus-4-i_6,-134.70956823932602
2020-09-14T21:00:00.0,bus-3-bus-4-i_6,-118.84321064638374
2020-09-14T22:00:00.0,bus-3-bus-4-i_6,-111.69364932116603
2020-09-14T23:00:00.0,bus-3-bus-4-i_6,-112.05493702653462
2020-09-15T00:00:00.0,bus-3-bus-4-i_6,-105.89801479733329
2020-09-15T01:00:00.0,bus-3-bus-4-i_6,-101.7591692491476
2020-09-15T02:00:00.0,bus-3-bus-4-i_6,-99.40715694171602
2020-09-15T03:00:00.0,bus-3-bus-4-i_6,-98.86120743801605
2020-09-15T04:00:00.0,bus-3-bus-4-i_6,-101.5910239467678
2020-09-15T05:00:00.0,bus-3-bus-4-i_6,-104.10850624421764
2020-09-15T06:00:00.0,bus-3-bus-4-i_6,-107.02026866421359
2020-09-15T07:00:00.0,bus-3-bus-4-i_6,-115.29993407071963
2020-09-15T08:00:00.0,bus-3-bus-4-i_6,-113.52392877953935
2020-09-15T09:00:00.0,bus-3-bus-4-i_6,-122.33238904153269
2020-09-15T10:00:00.0,bus-3-bus-4-i_6,-136.70534190307194
2020-09-15T11:00:00.0,bus-3-bus-4-i_6,-150.77384789213463
2020-09-15T12:00:00.0,bus-3-bus-4-i_6,-162.12903756581773
2020-09-15T13:00:00.0,bus-3-bus-4-i_6,-168.97622458843838
2020-09-15T14:00:00.0,bus-3-bus-4-i_6,-166.13808822425753
2020-09-15T15:00:00.0,bus-3-bus-4-i_6,-165.17961240745595
2020-09-15T16:00:00.0,bus-3-bus-4-i_6,-166.93365950344733
2020-09-15T17:00:00.0,bus-3-bus-4-i_6,-168.61966903722535
2020-09-15T18:00:00.0,bus-3-bus-4-i_6,-165.92245490705443
2020-09-15T19:00:00.0,bus-3-bus-4-i_6,-154.2703063369153
2020-09-15T20:00:00.0,bus-3-bus-4-i_6,-139.5633772103488
2020-09-15T21:00:00.0,bus-3-bus-4-i_6,-123.87338400284133
2020-09-15T22:00:00.0,bus-3-bus-4-i_6,-112.4280956687145
2020-09-15T23:00:00.0,bus-3-bus-4-i_6,-114.26881650833671
2020-09-16T00:00:00.0,bus-3-bus-4-i_6,-108.44577613565265
2020-09-16T01:00:00.0,bus-3-bus-4-i_6,-104.0478446352732
2020-09-16T02:00:00.0,bus-3-bus-4-i_6,-101.37870442100991
2020-09-16T03:00:00.0,bus-3-bus-4-i_6,-100.89340193617467
2020-09-16T04:00:00.0,bus-3-bus-4-i_6,-103.16824663563757
2020-09-16T05:00:00.0,bus-3-bus-4-i_6,-105.32173521083574
2020-09-16T06:00:00.0,bus-3-bus-4-i_6,-108.11214924391095
2020-09-16T07:00:00.0,bus-3-bus-4-i_6,-116.33089057321224
2020-09-16T08:00:00.0,bus-3-bus-4-i_6,-113.61573216441197
2020-09-16T09:00:00.0,bus-3-bus-4-i_6,-122.06047447433406
2020-09-16T10:00:00.0,bus-3-bus-4-i_6,-134.61885737556267
2020-09-16T11:00:00.0,bus-3-bus-4-i_6,-147.9591063960763
2020-09-16T12:00:00.0,bus-3-bus-4-i_6,-158.4489803214148
2020-09-16T13:00:00.0,bus-3-bus-4-i_6,-168.5294833293055
2020-09-16T14:00:00.0,bus-3-bus-4-i_6,-167.62063786326715
2020-09-16T15:00:00.0,bus-3-bus-4-i_6,-166.4997280335526
2020-09-16T16:00:00.0,bus-3-bus-4-i_6,-168.92200891787058
2020-09-16T17:00:00.0,bus-3-bus-4-i_6,-163.0842401027645
2020-09-16T18:00:00.0,bus-3-bus-4-i_6,-164.09096347628557
2020-09-16T19:00:00.0,bus-3-bus-4-i_6,-156.35948870838803
2020-09-16T20:00:00.0,bus-3-bus-4-i_6,-142.46732327624545
2020-09-16T21:00:00.0,bus-3-bus-4-i_6,-128.85980529970382
2020-09-16T22:00:00.0,bus-3-bus-4-i_6,-114.21185229089889
2020-09-16T23:00:00.0,bus-3-bus-4-i_6,-113.3369646823861
2020-09-17T00:00:00.0,bus-3-bus-4-i_6,-112.23690662254886
2020-09-17T01:00:00.0,bus-3-bus-4-i_6,-108.56709499910046
2020-09-17T02:00:00.0,bus-3-bus-4-i_6,-105.68570158809263
2020-09-17T03:00:00.0,bus-3-bus-4-i_6,-104.74548221097454
2020-09-17T04:00:00.0,bus-3-bus-4-i_6,-107.38422968621802
2020-09-17T05:00:00.0,bus-3-bus-4-i_6,-110.81146393875451
2020-09-17T06:00:00.0,bus-3-bus-4-i_6,-112.7221578951414
2020-09-17T07:00:00.0,bus-3-bus-4-i_6,-115.22530943315014
2020-09-17T08:00:00.0,bus-3-bus-4-i_6,-113.25927623261629
2020-09-17T09:00:00.0,bus-3-bus-4-i_6,-120.29318202772168
2020-09-17T10:00:00.0,bus-3-bus-4-i_6,-127.63571484309435
2020-09-17T11:00:00.0,bus-3-bus-4-i_6,-134.11995714067615
2020-09-17T12:00:00.0,bus-3-bus-4-i_6,-143.10263502164685
2020-09-17T13:00:00.0,bus-3-bus-4-i_6,-151.77275316090487
2020-09-17T14:00:00.0,bus-3-bus-4-i_6,-157.5858845250587
2020-09-17T15:00:00.0,bus-3-bus-4-i_6,-152.72631541885593
2020-09-17T16:00:00.0,bus-3-bus-4-i_6,-149.139418097453
2020-09-17T17:00:00.0,bus-3-bus-4-i_6,-143.05725473495573
2020-09-17T18:00:00.0,bus-3-bus-4-i_6,-147.77752812394814
2020-09-17T19:00:00.0,bus-3-bus-4-i_6,-142.14967740902958
2020-09-17T20:00:00.0,bus-3-bus-4-i_6,-130.35604652401216
2020-09-17T21:00:00.0,bus-3-bus-4-i_6,-117.66517732370278
2020-09-17T22:00:00.0,bus-3-bus-4-i_6,-111.97697667190702
2020-09-17T23:00:00.0,bus-3-bus-4-i_6,-112.02460865084805
2020-09-18T00:00:00.0,bus-3-bus-4-i_6,-106.65630602585851
2020-09-18T01:00:00.0,bus-3-bus-4-i_6,-102.16734308606905
2020-09-18T02:00:00.0,bus-3-bus-4-i_6,-99.74082374910279
2020-09-18T03:00:00.0,bus-3-bus-4-i_6,-98.92187078362143
2020-09-18T04:00:00.0,bus-3-bus-4-i_6,-101.37870442100991
2020-09-18T05:00:00.0,bus-3-bus-4-i_6,-103.74453558316843
2020-09-18T06:00:00.0,bus-3-bus-4-i_6,-104.9880986060834
2020-09-18T07:00:00.0,bus-3-bus-4-i_6,-110.993436174474
2020-09-18T08:00:00.0,bus-3-bus-4-i_6,-115.26966176030338
2020-09-18T09:00:00.0,bus-3-bus-4-i_6,-114.78874829694179
2020-09-18T10:00:00.0,bus-3-bus-4-i_6,-111.84717356149427
2020-09-18T11:00:00.0,bus-3-bus-4-i_6,-112.84423602923346
2020-09-18T12:00:00.0,bus-3-bus-4-i_6,-113.50085579285522
2020-09-18T13:00:00.0,bus-3-bus-4-i_6,-114.21185229089889
2020-09-18T14:00:00.0,bus-3-bus-4-i_6,-116.84968830673661
2020-09-18T15:00:00.0,bus-3-bus-4-i_6,-115.4000338518968
2020-09-18T16:00:00.0,bus-3-bus-4-i_6,-113.1440916522737
2020-09-18T17:00:00.0,bus-3-bus-4-i_6,-111.70234373603974
2020-09-18T18:00:00.0,bus-3-bus-4-i_6,-112.1066861133261
2020-09-18T19:00:00.0,bus-3-bus-4-i_6,-116.53532485759108
2020-09-18T20:00:00.0,bus-3-bus-4-i_6,-111.66066771899207
2020-09-18T21:00:00.0,bus-3-bus-4-i_6,-107.11122507596009
2020-09-18T22:00:00.0,bus-3-bus-4-i_6,-101.16640822022731
2020-09-18T23:00:00.0,bus-3-bus-4-i_6,-95.22139144827446
2020-09-19T00:00:00.0,bus-3-bus-4-i_6,-90.91427913081876
2020-09-19T01:00:00.0,bus-3-bus-4-i_6,-87.94181613252542
2020-09-19T02:00:00.0,bus-3-bus-4-i_6,-86.30396147220372
2020-09-19T03:00:00.0,bus-3-bus-4-i_6,-85.39403789083431
2020-09-19T04:00:00.0,bus-3-bus-4-i_6,-85.84900277619178
2020-09-19T05:00:00.0,bus-3-bus-4-i_6,-84.30214995230627
2020-09-19T06:00:00.0,bus-3-bus-4-i_6,-85.03007578509079
2020-09-19T07:00:00.0,bus-3-bus-4-i_6,-91.42992439749429
2020-09-19T08:00:00.0,bus-3-bus-4-i_6,-90.42897584012793
2020-09-19T09:00:00.0,bus-3-bus-4-i_6,-93.49246661440873
2020-09-19T10:00:00.0,bus-3-bus-4-i_6,-101.43939111521117
2020-09-19T11:00:00.0,bus-3-bus-4-i_6,-103.86585926250218
2020-09-19T12:00:00.0,bus-3-bus-4-i_6,-105.4127270102149
2020-09-19T13:00:00.0,bus-3-bus-4-i_6,-107.86951003518881
2020-09-19T14:00:00.0,bus-3-bus-4-i_6,-109.90159190504956
2020-09-19T15:00:00.0,bus-3-bus-4-i_6,-111.14508034825263
2020-09-19T16:00:00.0,bus-3-bus-4-i_6,-110.17455446960311
2020-09-19T17:00:00.0,bus-3-bus-4-i_6,-108.536765305763
2020-09-19T18:00:00.0,bus-3-bus-4-i_6,-112.9647820703682
2020-09-19T19:00:00.0,bus-3-bus-4-i_6,-111.32705222771978
2020-09-19T20:00:00.0,bus-3-bus-4-i_6,-106.89894711535075
2020-09-19T21:00:00.0,bus-3-bus-4-i_6,-103.16824663563757
2020-09-19T22:00:00.0,bus-3-bus-4-i_6,-97.16262821460582
2020-09-19T23:00:00.0,bus-3-bus-4-i_6,-91.76356200401543
2020-09-20T00:00:00.0,bus-3-bus-4-i_6,-87.72949940333382
2020-09-20T01:00:00.0,bus-3-bus-4-i_6,-85.1513973394998
2020-09-20T02:00:00.0,bus-3-bus-4-i_6,-83.3922523168773
2020-09-20T03:00:00.0,bus-3-bus-4-i_6,-82.39137537405142
2020-09-20T04:00:00.0,bus-3-bus-4-i_6,-82.2397283881319
2020-09-20T05:00:00.0,bus-3-bus-4-i_6,-80.1166954103989
2020-09-20T06:00:00.0,bus-3-bus-4-i_6,-80.87491480638906
2020-09-20T07:00:00.0,bus-3-bus-4-i_6,-86.18263351694434
2020-09-20T08:00:00.0,bus-3-bus-4-i_6,-91.97588322119073
2020-09-20T09:00:00.0,bus-3-bus-4-i_6,-94.73608187643869
2020-09-20T10:00:00.0,bus-3-bus-4-i_6,-98.40623153859389
2020-09-20T11:00:00.0,bus-3-bus-4-i_6,-101.7591692491476
2020-09-20T12:00:00.0,bus-3-bus-4-i_6,-104.95779760599805
2020-09-20T13:00:00.0,bus-3-bus-4-i_6,-109.56796893195542
2020-09-20T14:00:00.0,bus-3-bus-4-i_6,-113.5410158739033
2020-09-20T15:00:00.0,bus-3-bus-4-i_6,-115.69418013042534
2020-09-20T16:00:00.0,bus-3-bus-4-i_6,-115.33031488654089
2020-09-20T17:00:00.0,bus-3-bus-4-i_6,-113.63199863933372
2020-09-20T18:00:00.0,bus-3-bus-4-i_6,-115.22530943315014
2020-09-20T19:00:00.0,bus-3-bus-4-i_6,-114.39018012618205
2020-09-20T20:00:00.0,bus-3-bus-4-i_6,-109.74994550784551
2020-09-20T21:00:00.0,bus-3-bus-4-i_6,-103.80523003750497
2020-09-20T22:00:00.0,bus-3-bus-4-i_6,-97.46592882415199
2020-09-20T23:00:00.0,bus-3-bus-4-i_6,-91.67256731421514
2020-09-21T00:00:00.0,bus-3-bus-4-i_6,-87.88115428882749
2020-09-21T01:00:00.0,bus-3-bus-4-i_6,-85.03007578509079
2020-09-21T02:00:00.0,bus-3-bus-4-i_6,-83.93819038314567
2020-09-21T03:00:00.0,bus-3-bus-4-i_6,-84.36281013408552
2020-09-21T04:00:00.0,bus-3-bus-4-i_6,-87.79016126106116
2020-09-21T05:00:00.0,bus-3-bus-4-i_6,-90.27731886651657
2020-09-21T06:00:00.0,bus-3-bus-4-i_6,-91.94555155758017
2020-09-21T07:00:00.0,bus-3-bus-4-i_6,-97.28393835149099
2020-09-21T08:00:00.0,bus-3-bus-4-i_6,-102.40996809843483
2020-09-21T09:00:00.0,bus-3-bus-4-i_6,-105.35206584159411
2020-09-21T10:00:00.0,bus-3-bus-4-i_6,-109.14335686986625
2020-09-21T11:00:00.0,bus-3-bus-4-i_6,-113.05576591185647
2020-09-21T12:00:00.0,bus-3-bus-4-i_6,-116.44257055932582
2020-09-21T13:00:00.0,bus-3-bus-4-i_6,-112.1538295245823
2020-09-21T14:00:00.0,bus-3-bus-4-i_6,-113.56978142135415
2020-09-21T15:00:00.0,bus-3-bus-4-i_6,-115.17353740407673
2020-09-21T16:00:00.0,bus-3-bus-4-i_6,-114.1317186275293
2020-09-21T17:00:00.0,bus-3-bus-4-i_6,-113.08648465892333
2020-09-21T18:00:00.0,bus-3-bus-4-i_6,-114.12029868930259
2020-09-21T19:00:00.0,bus-3-bus-4-i_6,-112.13843638868263
2020-09-21T20:00:00.0,bus-3-bus-4-i_6,-114.9967069554009
2020-09-21T21:00:00.0,bus-3-bus-4-i_6,-107.62687083526441
2020-09-21T22:00:00.0,bus-3-bus-4-i_6,-99.07353042286657
2020-09-21T23:00:00.0,bus-3-bus-4-i_6,-93.00715926428296
2020-09-22T00:00:00.0,bus-3-bus-4-i_6,-88.6697616687949
2020-09-22T01:00:00.0,bus-3-bus-4-i_6,-86.21296082468233
2020-09-22T02:00:00.0,bus-3-bus-4-i_6,-84.93908488525818
2020-09-22T03:00:00.0,bus-3-bus-4-i_6,-85.57602784756637
2020-09-22T04:00:00.0,bus-3-bus-4-i_6,-88.82141725628026
2020-09-22T05:00:00.0,bus-3-bus-4-i_6,-90.9749420652546
2020-09-22T06:00:00.0,bus-3-bus-4-i_6,-91.91523011013115
2020-09-22T07:00:00.0,bus-3-bus-4-i_6,-97.25362363603752
2020-09-22T08:00:00.0,bus-3-bus-4-i_6,-102.98628617265106
2020-09-22T09:00:00.0,bus-3-bus-4-i_6,-105.98900607947317
2020-09-22T10:00:00.0,bus-3-bus-4-i_6,-111.35738089230792
2020-09-22T11:00:00.0,bus-3-bus-4-i_6,-116.30010120814622
2020-09-22T12:00:00.0,bus-3-bus-4-i_6,-113.02883209838288
2020-09-22T13:00:00.0,bus-3-bus-4-i_6,-119.47752045964148
2020-09-22T14:00:00.0,bus-3-bus-4-i_6,-127.59038000064847
2020-09-22T15:00:00.0,bus-3-bus-4-i_6,-130.8094813034551
2020-09-22T16:00:00.0,bus-3-bus-4-i_6,-127.09170552410347
2020-09-22T17:00:00.0,bus-3-bus-4-i_6,-121.10881128348252
2020-09-22T18:00:00.0,bus-3-bus-4-i_6,-124.9611844605626
2020-09-22T19:00:00.0,bus-3-bus-4-i_6,-119.34162325631465
2020-09-22T20:00:00.0,bus-3-bus-4-i_6,-113.13256960538783
2020-09-22T21:00:00.0,bus-3-bus-4-i_6,-116.5758519309849
2020-09-22T22:00:00.0,bus-3-bus-4-i_6,-108.56709499910046
2020-09-22T23:00:00.0,bus-3-bus-4-i_6,-101.34837314786536
2020-09-23T00:00:00.0,bus-3-bus-4-i_6,-96.8593100752143
2020-09-23T01:00:00.0,bus-3-bus-4-i_6,-93.00715926428296
2020-09-23T02:00:00.0,bus-3-bus-4-i_6,-91.24792558691327
2020-09-23T03:00:00.0,bus-3-bus-4-i_6,-91.5209097226531
2020-09-23T04:00:00.0,bus-3-bus-4-i_6,-93.94745502919619
2020-09-23T05:00:00.0,bus-3-bus-4-i_6,-96.95030552719092
2020-09-23T06:00:00.0,bus-3-bus-4-i_6,-98.01190004236884
2020-09-23T07:00:00.0,bus-3-bus-4-i_6,-103.1379155745185
2020-09-23T08:00:00.0,bus-3-bus-4-i_6,-107.53587982345306
2020-09-23T09:00:00.0,bus-3-bus-4-i_6,-109.74994550784551
2020-09-23T10:00:00.0,bus-3-bus-4-i_6,-112.20659365735268
2020-09-23T11:00:00.0,bus-3-bus-4-i_6,-114.66312457832757
2020-09-23T12:00:00.0,bus-3-bus-4-i_6,-116.11877158363826
2020-09-23T13:00:00.0,bus-3-bus-4-i_6,-115.116556475783
2020-09-23T14:00:00.0,bus-3-bus-4-i_6,-111.37437452329206
2020-09-23T15:00:00.0,bus-3-bus-4-i_6,-111.49268999058779
2020-09-23T16:00:00.0,bus-3-bus-4-i_6,-116.58269579440584
2020-09-23T17:00:00.0,bus-3-bus-4-i_6,-114.63279748283541
2020-09-23T18:00:00.0,bus-3-bus-4-i_6,-111.32702703152884
2020-09-23T19:00:00.0,bus-3-bus-4-i_6,-116.02780523136622
2020-09-23T20:00:00.0,bus-3-bus-4-i_6,-110.14423368791932
2020-09-23T21:00:00.0,bus-3-bus-4-i_6,-103.95685202787477
2020-09-23T22:00:00.0,bus-3-bus-4-i_6,-96.4953121919194
2020-09-23T23:00:00.0,bus-3-bus-4-i_6,-91.64223558563327
2020-09-24T00:00:00.0,bus-3-bus-4-i_6,-87.5475138778758
2020-09-24T01:00:00.0,bus-3-bus-4-i_6,-85.09073455055724
2020-09-24T02:00:00.0,bus-3-bus-4-i_6,-84.08983983810812
2020-09-24T03:00:00.0,bus-3-bus-4-i_6,-83.93819038314567
2020-09-24T04:00:00.0,bus-3-bus-4-i_6,-87.42619037377082
2020-09-24T05:00:00.0,bus-3-bus-4-i_6,-89.7313542807399
2020-09-24T06:00:00.0,bus-3-bus-4-i_6,-90.55030163724001
2020-09-24T07:00:00.0,bus-3-bus-4-i_6,-95.22139144827446
2020-09-24T08:00:00.0,bus-3-bus-4-i_6,-99.07353042286657
2020-09-24T09:00:00.0,bus-3-bus-4-i_6,-100.62041874841121
2020-09-24T10:00:00.0,bus-3-bus-4-i_6,-105.07909056774783
2020-09-24T11:00:00.0,bus-3-bus-4-i_6,-107.89983993476575
2020-09-24T12:00:00.0,bus-3-bus-4-i_6,-111.44836681274666
2020-09-24T13:00:00.0,bus-3-bus-4-i_6,-115.66390443308947
2020-09-24T14:00:00.0,bus-3-bus-4-i_6,-111.85897771111696
2020-09-24T15:00:00.0,bus-3-bus-4-i_6,-113.01730136062676
2020-09-24T16:00:00.0,bus-3-bus-4-i_6,-112.38178508502914
2020-09-24T17:00:00.0,bus-3-bus-4-i_6,-112.00056718920428
2020-09-24T18:00:00.0,bus-3-bus-4-i_6,-113.29381108061298
2020-09-24T19:00:00.0,bus-3-bus-4-i_6,-112.25436438016274
2020-09-24T20:00:00.0,bus-3-bus-4-i_6,-115.57292626841456
2020-09-24T21:00:00.0,bus-3-bus-4-i_6,-108.65808451868368
2020-09-24T22:00:00.0,bus-3-bus-4-i_6,-101.10574530632248
2020-09-24T23:00:00.0,bus-3-bus-4-i_6,-95.13038176699685
2020-09-25T00:00:00.0,bus-3-bus-4-i_6,-90.91427913081876
2020-09-25T01:00:00.0,bus-3-bus-4-i_6,-88.36645643752435
2020-09-25T02:00:00.0,bus-3-bus-4-i_6,-87.27453602487654
2020-09-25T03:00:00.0,bus-3-bus-4-i_6,-87.69917354933186
2020-09-25T04:00:00.0,bus-3-bus-4-i_6,-90.51997015284275
2020-09-25T05:00:00.0,bus-3-bus-4-i_6,-93.85645973369812
2020-09-25T06:00:00.0,bus-3-bus-4-i_6,-94.40241899678381
2020-09-25T07:00:00.0,bus-3-bus-4-i_6,-98.527558493935
2020-09-25T08:00:00.0,bus-3-bus-4-i_6,-102.47065528698869
2020-09-25T09:00:00.0,bus-3-bus-4-i_6,-103.07727903965853
2020-09-25T10:00:00.0,bus-3-bus-4-i_6,-104.9880986060834
2020-09-25T11:00:00.0,bus-3-bus-4-i_6,-106.23168135746064
2020-09-25T12:00:00.0,bus-3-bus-4-i_6,-107.53587982345306
2020-09-25T13:00:00.0,bus-3-bus-4-i_6,-109.38599281937032
2020-09-25T14:00:00.0,bus-3-bus-4-i_6,-110.23521269288761
2020-09-25T15:00:00.0,bus-3-bus-4-i_6,-110.50817405406744
2020-09-25T16:00:00.0,bus-3-bus-4-i_6,-108.3244576364951
2020-09-25T17:00:00.0,bus-3-bus-4-i_6,-107.89983993476575
2020-09-25T18:00:00.0,bus-3-bus-4-i_6,-112.44920426967013
2020-09-25T19:00:00.0,bus-3-bus-4-i_6,-110.38685718800798
2020-09-25T20:00:00.0,bus-3-bus-4-i_6,-98.1938904417318
2020-09-25T21:00:00.0,bus-3-bus-4-i_6,-101.37870442100991
2020-09-25T22:00:00.0,bus-3-bus-4-i_6,-96.01000365356644
2020-09-25T23:00:00.0,bus-3-bus-4-i_6,-90.76262175303481
2020-09-26T00:00:00.0,bus-3-bus-4-i_6,-86.60726296068316
2020-09-26T01:00:00.0,bus-3-bus-4-i_6,-84.42347022832259
2020-09-26T02:00:00.0,bus-3-bus-4-i_6,-82.96763659429548
2020-09-26T03:00:00.0,bus-3-bus-4-i_6,-82.6643396433378
2020-09-26T04:00:00.0,bus-3-bus-4-i_6,-82.93730616872823
2020-09-26T05:00:00.0,bus-3-bus-4-i_6,-82.17906971480618
2020-09-26T06:00:00.0,bus-3-bus-4-i_6,-82.48236243679247
2020-09-26T07:00:00.0,bus-3-bus-4-i_6,-87.88115428882749
2020-09-26T08:00:00.0,bus-3-bus-4-i_6,-92.33986249286711
2020-09-26T09:00:00.0,bus-3-bus-4-i_6,-93.94745502919619
2020-09-26T10:00:00.0,bus-3-bus-4-i_6,-96.10099885408113
2020-09-26T11:00:00.0,bus-3-bus-4-i_6,-98.2545728147677
2020-09-26T12:00:00.0,bus-3-bus-4-i_6,-100.07447344377134
2020-09-26T13:00:00.0,bus-3-bus-4-i_6,-102.62231194784962
2020-09-26T14:00:00.0,bus-3-bus-4-i_6,-105.20044320122786
2020-09-26T15:00:00.0,bus-3-bus-4-i_6,-106.0496993024648
2020-09-26T16:00:00.0,bus-3-bus-4-i_6,-105.26110452574677
2020-09-26T17:00:00.0,bus-3-bus-4-i_6,-104.80614330929453
2020-09-26T18:00:00.0,bus-3-bus-4-i_6,-109.20401617175432
2020-09-26T19:00:00.0,bus-3-bus-4-i_6,-107.23254529136396
2020-09-26T20:00:00.0,bus-3-bus-4-i_6,-103.35023287984066
2020-09-26T21:00:00.0,bus-3-bus-4-i_6,-99.61949926720521
2020-09-26T22:00:00.0,bus-3-bus-4-i_6,-94.67540492212837
2020-09-26T23:00:00.0,bus-3-bus-4-i_6,-89.57970530218785
2020-09-27T00:00:00.0,bus-3-bus-4-i_6,-85.72767246308757
2020-09-27T01:00:00.0,bus-3-bus-4-i_6,-82.78565799764088
2020-09-27T02:00:00.0,bus-3-bus-4-i_6,-81.45116831986353
2020-09-27T03:00:00.0,bus-3-bus-4-i_6,-80.63228725657116
2020-09-27T04:00:00.0,bus-3-bus-4-i_6,-81.147877993867
2020-09-27T05:00:00.0,bus-3-bus-4-i_6,-79.66177283831247
2020-09-27T06:00:00.0,bus-3-bus-4-i_6,-79.29782782198127
2020-09-27T07:00:00.0,bus-3-bus-4-i_6,-85.12106480625413
2020-09-27T08:00:00.0,bus-3-bus-4-i_6,-90.03467534050742
2020-09-27T09:00:00.0,bus-3-bus-4-i_6,-93.34081977509285
2020-09-27T10:00:00.0,bus-3-bus-4-i_6,-96.67730277670692
2020-09-27T11:00:00.0,bus-3-bus-4-i_6,-100.25646293029
2020-09-27T12:00:00.0,bus-3-bus-4-i_6,-102.47065528698869
2020-09-27T13:00:00.0,bus-3-bus-4-i_6,-106.26201649215776
2020-09-27T14:00:00.0,bus-3-bus-4-i_6,-109.26467509208075
2020-09-27T15:00:00.0,bus-3-bus-4-i_6,-110.993436174474
2020-09-27T16:00:00.0,bus-3-bus-4-i_6,-110.05323788729203
2020-09-27T17:00:00.0,bus-3-bus-4-i_6,-109.74994550784551
2020-09-27T18:00:00.0,bus-3-bus-4-i_6,-113.20735363051
2020-09-27T19:00:00.0,bus-3-bus-4-i_6,-110.0229087134093
2020-09-27T20:00:00.0,bus-3-bus-4-i_6,-104.8668052707333
2020-09-27T21:00:00.0,bus-3-bus-4-i_6,-99.5588354727278
2020-09-27T22:00:00.0,bus-3-bus-4-i_6,-93.52281554245074
2020-09-27T23:00:00.0,bus-3-bus-4-i_6,-88.09347118643814
2020-09-28T00:00:00.0,bus-3-bus-4-i_6,-84.69644144223531
2020-09-28T01:00:00.0,bus-3-bus-4-i_6,-82.54302275292153
2020-09-28T02:00:00.0,bus-3-bus-4-i_6,-81.93643513653537
2020-09-28T03:00:00.0,bus-3-bus-4-i_6,-82.72499880297218
2020-09-28T04:00:00.0,bus-3-bus-4-i_6,-85.90965830290385
2020-09-28T05:00:00.0,bus-3-bus-4-i_6,-89.2460541153377
2020-09-28T06:00:00.0,bus-3-bus-4-i_6,-89.8830109006491
2020-09-28T07:00:00.0,bus-3-bus-4-i_6,-95.1607277893173
2020-09-28T08:00:00.0,bus-3-bus-4-i_6,-99.77113608504115
2020-09-28T09:00:00.0,bus-3-bus-4-i_6,-102.37966206728544
2020-09-28T10:00:00.0,bus-3-bus-4-i_6,-106.89894711535075
2020-09-28T11:00:00.0,bus-3-bus-4-i_6,-110.81146393875451
2020-09-28T12:00:00.0,bus-3-bus-4-i_6,-115.29993407071963
2020-09-28T13:00:00.0,bus-3-bus-4-i_6,-112.1184731949783
2020-09-28T14:00:00.0,bus-3-bus-4-i_6,-113.58127041207963
2020-09-28T15:00:00.0,bus-3-bus-4-i_6,-115.44537388372598
2020-09-28T16:00:00.0,bus-3-bus-4-i_6,-114.3376215285969
2020-09-28T17:00:00.0,bus-3-bus-4-i_6,-113.78792343805917
2020-09-28T18:00:00.0,bus-3-bus-4-i_6,-115.21883640732793
2020-09-28T19:00:00.0,bus-3-bus-4-i_6,-112.78650417514426
2020-09-28T20:00:00.0,bus-3-bus-4-i_6,-115.93683257731446
2020-09-28T21:00:00.0,bus-3-bus-4-i_6,-108.41544690526004
2020-09-28T22:00:00.0,bus-3-bus-4-i_6,-100.92373351751864
2020-09-28T23:00:00.0,bus-3-bus-4-i_6,-94.64508642107066
2020-09-29T00:00:00.0,bus-3-bus-4-i_6,-90.03467534050742
2020-09-29T01:00:00.0,bus-3-bus-4-i_6,-87.45652127810271
2020-09-29T02:00:00.0,bus-3-bus-4-i_6,-86.12197796585504
2020-09-29T03:00:00.0,bus-3-bus-4-i_6,-86.60726296068316
2020-09-29T04:00:00.0,bus-3-bus-4-i_6,-89.76169293096899
2020-09-29T05:00:00.0,bus-3-bus-4-i_6,-92.43085752563593
2020-09-29T06:00:00.0,bus-3-bus-4-i_6,-93.8867791408235
2020-09-29T07:00:00.0,bus-3-bus-4-i_6,-99.31616212233224
2020-09-29T08:00:00.0,bus-3-bus-4-i_6,-105.04875969345133
2020-09-29T09:00:00.0,bus-3-bus-4-i_6,-108.7490729524774
2020-09-29T10:00:00.0,bus-3-bus-4-i_6,-114.32952184573884
2020-09-29T11:00:00.0,bus-3-bus-4-i_6,-112.11524045416886
2020-09-29T12:00:00.0,bus-3-bus-4-i_6,-115.01444498164525
2020-09-29T13:00:00.0,bus-3-bus-4-i_6,-124.91585737196802
2020-09-29T14:00:00.0,bus-3-bus-4-i_6,-133.2129071314293
2020-09-29T15:00:00.0,bus-3-bus-4-i_6,-138.42917261492423
2020-09-29T16:00:00.0,bus-3-bus-4-i_6,-135.2992017365911
2020-09-29T17:00:00.0,bus-3-bus-4-i_6,-129.90262486835144
2020-09-29T18:00:00.0,bus-3-bus-4-i_6,-130.8548255192298
2020-09-29T19:00:00.0,bus-3-bus-4-i_6,-122.01519638798635
2020-09-29T20:00:00.0,bus-3-bus-4-i_6,-113.22473355991
2020-09-29T21:00:00.0,bus-3-bus-4-i_6,-115.9065078540447
2020-09-29T22:00:00.0,bus-3-bus-4-i_6,-106.98993853428043
2020-09-29T23:00:00.0,bus-3-bus-4-i_6,-98.80054401491998
2020-09-30T00:00:00.0,bus-3-bus-4-i_6,-94.12944610378035
2020-09-30T01:00:00.0,bus-3-bus-4-i_6,-90.85362742957004
2020-09-30T02:00:00.0,bus-3-bus-4-i_6,-88.94274200708868
2020-09-30T03:00:00.0,bus-3-bus-4-i_6,-89.06407393908538
2020-09-30T04:00:00.0,bus-3-bus-4-i_6,-92.09720949028925
2020-09-30T05:00:00.0,bus-3-bus-4-i_6,-95.03940047744521
2020-09-30T06:00:00.0,bus-3-bus-4-i_6,-96.2526578182045
2020-09-30T07:00:00.0,bus-3-bus-4-i_6,-102.56162395563906
2020-09-30T08:00:00.0,bus-3-bus-4-i_6,-109.08269819344343
2020-09-30T09:00:00.0,bus-3-bus-4-i_6,-113.87461444432489
2020-09-30T10:00:00.0,bus-3-bus-4-i_6,-111.9179868414962
2020-09-30T11:00:00.0,bus-3-bus-4-i_6,-115.35473428760818
2020-09-30T12:00:00.0,bus-3-bus-4-i_6,-126.95570613040657
2020-09-30T13:00:00.0,bus-3-bus-4-i_6,-137.29505170420194
2020-09-30T14:00:00.0,bus-3-bus-4-i_6,-144.82718573461267
2020-09-30T15:00:00.0,bus-3-bus-4-i_6,-147.1874138507844
2020-09-30T16:00:00.0,bus-3-bus-4-i_6,-142.5580804796425
2020-09-30T17:00:00.0,bus-3-bus-4-i_6,-136.47853641271485
2020-09-30T18:00:00.0,bus-3-bus-4-i_6,-133.53036862252648
2020-09-30T19:00:00.0,bus-3-bus-4-i_6,-123.82804666941314
2020-09-30T20:00:00.0,bus-3-bus-4-i_6,-113.36285727456206
2020-09-30T21:00:00.0,bus-3-bus-4-i_6,-116.59693707087928
2020-09-30T22:00:00.0,bus-3-bus-4-i_6,-107.14158915679377
2020-09-30T23:00:00.0,bus-3-bus-4-i_6,-99.1948616214841
2020-10-01T00:00:00.0,bus-3-bus-4-i_6,-96.10099885408113
2020-10-01T01:00:00.0,bus-3-bus-4-i_6,-92.00621481935704
2020-10-01T02:00:00.0,bus-3-bus-4-i_6,-88.54844320879414
2020-10-01T03:00:00.0,bus-3-bus-4-i_6,-88.88208635108626
2020-10-01T04:00:00.0,bus-3-bus-4-i_6,-93.21949300255228
2020-10-01T05:00:00.0,bus-3-bus-4-i_6,-97.25362363603752
2020-10-01T06:00:00.0,bus-3-bus-4-i_6,-98.61855319300562
2020-10-01T07:00:00.0,bus-3-bus-4-i_6,-105.26110452574677
2020-10-01T08:00:00.0,bus-3-bus-4-i_6,-111.17540822611589
2020-10-01T09:00:00.0,bus-3-bus-4-i_6,-115.81552863917412
2020-10-01T10:00:00.0,bus-3-bus-4-i_6,-112.16162889732644
2020-10-01T11:00:00.0,bus-3-bus-4-i_6,-114.06302222388875
2020-10-01T12:00:00.0,bus-3-bus-4-i_6,-118.39008682643622
2020-10-01T13:00:00.0,bus-3-bus-4-i_6,-121.51666041029094
2020-10-01T14:00:00.0,bus-3-bus-4-i_6,-122.74031138013567
2020-10-01T15:00:00.0,bus-3-bus-4-i_6,-122.8309531187187
2020-10-01T16:00:00.0,bus-3-bus-4-i_6,-121.83392283853118
2020-10-01T17:00:00.0,bus-3-bus-4-i_6,-121.06353364558427
2020-10-01T18:00:00.0,bus-3-bus-4-i_6,-120.56502896607158
2020-10-01T19:00:00.0,bus-3-bus-4-i_6,-116.84968830673661
2020-10-01T20:00:00.0,bus-3-bus-4-i_6,-113.38585379196817
2020-10-01T21:00:00.0,bus-3-bus-4-i_6,-111.43354186861467
2020-10-01T22:00:00.0,bus-3-bus-4-i_6,-111.35738089230792
2020-10-01T23:00:00.0,bus-3-bus-4-i_6,-102.83460451127348
2020-10-02T00:00:00.0,bus-3-bus-4-i_6,-96.82896169026908
2020-10-02T01:00:00.0,bus-3-bus-4-i_6,-92.73417404641457
2020-10-02T02:00:00.0,bus-3-bus-4-i_6,-89.85267970204356
2020-10-02T03:00:00.0,bus-3-bus-4-i_6,-90.09533814922968
2020-10-02T04:00:00.0,bus-3-bus-4-i_6,-93.6744690495999
2020-10-02T05:00:00.0,bus-3-bus-4-i_6,-97.5265922096567
2020-10-02T06:00:00.0,bus-3-bus-4-i_6,-98.01190004236884
2020-10-02T07:00:00.0,bus-3-bus-4-i_6,-104.50280707189317
2020-10-02T08:00:00.0,bus-3-bus-4-i_6,-110.87211399815811
2020-10-02T09:00:00.0,bus-3-bus-4-i_6,-115.84585774458516
2020-10-02T10:00:00.0,bus-3-bus-4-i_6,-112.04773892968873
2020-10-02T11:00:00.0,bus-3-bus-4-i_6,-113.81089441844769
2020-10-02T12:00:00.0,bus-3-bus-4-i_6,-117.66517732370278
2020-10-02T13:00:00.0,bus-3-bus-4-i_6,-121.06353364558427
2020-10-02T14:00:00.0,bus-3-bus-4-i_6,-122.876274184092
2020-10-02T15:00:00.0,bus-3-bus-4-i_6,-123.1028394633507
2020-10-02T16:00:00.0,bus-3-bus-4-i_6,-122.51366809784017
2020-10-02T17:00:00.0,bus-3-bus-4-i_6,-121.24475981934593
2020-10-02T18:00:00.0,bus-3-bus-4-i_6,-120.06661518613085
2020-10-02T19:00:00.0,bus-3-bus-4-i_6,-115.62653364121562
2020-10-02T20:00:00.0,bus-3-bus-4-i_6,-113.01730136062676
2020-10-02T21:00:00.0,bus-3-bus-4-i_6,-111.43354186861467
2020-10-02T22:00:00.0,bus-3-bus-4-i_6,-112.29751485919914
2020-10-02T23:00:00.0,bus-3-bus-4-i_6,-104.74548221097454
2020-10-03T00:00:00.0,bus-3-bus-4-i_6,-98.95218229192379
2020-10-03T01:00:00.0,bus-3-bus-4-i_6,-94.463082675987
2020-10-03T02:00:00.0,bus-3-bus-4-i_6,-90.94461061499727
2020-10-03T03:00:00.0,bus-3-bus-4-i_6,-89.06407393908538
2020-10-03T04:00:00.0,bus-3-bus-4-i_6,-89.06407394289609
2020-10-03T05:00:00.0,bus-3-bus-4-i_6,-88.91241736860609
2020-10-03T06:00:00.0,bus-3-bus-4-i_6,-87.45652127810271
2020-10-03T07:00:00.0,bus-3-bus-4-i_6,-94.9180589698048
2020-10-03T08:00:00.0,bus-3-bus-4-i_6,-104.4421736876109
2020-10-03T09:00:00.0,bus-3-bus-4-i_6,-108.7490729524774
2020-10-03T10:00:00.0,bus-3-bus-4-i_6,-116.56762445075901
2020-10-03T11:00:00.0,bus-3-bus-4-i_6,-112.67098715347616
2020-10-03T12:00:00.0,bus-3-bus-4-i_6,-115.17353740407673
2020-10-03T13:00:00.0,bus-3-bus-4-i_6,-119.88536415690359
2020-10-03T14:00:00.0,bus-3-bus-4-i_6,-121.60733383840197
2020-10-03T15:00:00.0,bus-3-bus-4-i_6,-121.2900762586178
2020-10-03T16:00:00.0,bus-3-bus-4-i_6,-119.52286850176156
2020-10-03T17:00:00.0,bus-3-bus-4-i_6,-118.66196012582404
2020-10-03T18:00:00.0,bus-3-bus-4-i_6,-118.61666203420258
2020-10-03T19:00:00.0,bus-3-bus-4-i_6,-115.58126089139824
2020-10-03T20:00:00.0,bus-3-bus-4-i_6,-113.28230033405413
2020-10-03T21:00:00.0,bus-3-bus-4-i_6,-112.00056718920428
2020-10-03T22:00:00.0,bus-3-bus-4-i_6,-115.29993407071963
2020-10-03T23:00:00.0,bus-3-bus-4-i_6,-109.05236917448022
2020-10-04T00:00:00.0,bus-3-bus-4-i_6,-104.74548221097454
2020-10-04T01:00:00.0,bus-3-bus-4-i_6,-100.86309355049248
2020-10-04T02:00:00.0,bus-3-bus-4-i_6,-98.1938904417318
2020-10-04T03:00:00.0,bus-3-bus-4-i_6,-96.0403354765398
2020-10-04T04:00:00.0,bus-3-bus-4-i_6,-95.82802803619748
2020-10-04T05:00:00.0,bus-3-bus-4-i_6,-85.60635070117593
2020-10-04T06:00:00.0,bus-3-bus-4-i_6,-93.28014447259334
2020-10-04T07:00:00.0,bus-3-bus-4-i_6,-82.84631814221889
2020-10-04T08:00:00.0,bus-3-bus-4-i_6,-104.22982972402579
2020-10-04T09:00:00.0,bus-3-bus-4-i_6,-106.62597637263332
2020-10-04T10:00:00.0,bus-3-bus-4-i_6,-114.1475620533675
2020-10-04T11:00:00.0,bus-3-bus-4-i_6,-116.63353078879359
2020-10-04T12:00:00.0,bus-3-bus-4-i_6,-112.05723724037409
2020-10-04T13:00:00.0,bus-3-bus-4-i_6,-112.69409988177914
2020-10-04T14:00:00.0,bus-3-bus-4-i_6,-112.94811058226148
2020-10-04T15:00:00.0,bus-3-bus-4-i_6,-113.08648465892333
2020-10-04T16:00:00.0,bus-3-bus-4-i_6,-113.08648465892333
2020-10-04T17:00:00.0,bus-3-bus-4-i_6,-114.0515969903987
2020-10-04T18:00:00.0,bus-3-bus-4-i_6,-114.6975382853789
2020-10-04T19:00:00.0,bus-3-bus-4-i_6,-114.14319230222509
2020-10-04T20:00:00.0,bus-3-bus-4-i_6,-113.30534365016935
2020-10-04T21:00:00.0,bus-3-bus-4-i_6,-111.5991080248604
2020-10-04T22:00:00.0,bus-3-bus-4-i_6,-113.05576591185647
2020-10-04T23:00:00.0,bus-3-bus-4-i_6,-107.14158915679377
2020-10-05T00:00:00.0,bus-3-bus-4-i_6,-102.37966206728544
2020-10-05T01:00:00.0,bus-3-bus-4-i_6,-97.98156832409784
2020-10-05T02:00:00.0,bus-3-bus-4-i_6,-95.43371419975871
2020-10-05T03:00:00.0,bus-3-bus-4-i_6,-96.13134630245996
2020-10-05T04:00:00.0,bus-3-bus-4-i_6,-100.34745758059928
2020-10-05T05:00:00.0,bus-3-bus-4-i_6,-105.98900607947317
2020-10-05T06:00:00.0,bus-3-bus-4-i_6,-106.80795675747339
2020-10-05T07:00:00.0,bus-3-bus-4-i_6,-111.14508034825263
2020-10-05T08:00:00.0,bus-3-bus-4-i_6,-115.54254737923921
2020-10-05T09:00:00.0,bus-3-bus-4-i_6,-112.03594715744627
2020-10-05T10:00:00.0,bus-3-bus-4-i_6,-112.9827158322149
2020-10-05T11:00:00.0,bus-3-bus-4-i_6,-113.58127041207963
2020-10-05T12:00:00.0,bus-3-bus-4-i_6,-114.06302222388875
2020-10-05T13:00:00.0,bus-3-bus-4-i_6,-115.6718615437386
2020-10-05T14:00:00.0,bus-3-bus-4-i_6,-118.39008682643622
2020-10-05T15:00:00.0,bus-3-bus-4-i_6,-119.43220922661801
2020-10-05T16:00:00.0,bus-3-bus-4-i_6,-118.2088766467598
2020-10-05T17:00:00.0,bus-3-bus-4-i_6,-117.75581938277391
2020-10-05T18:00:00.0,bus-3-bus-4-i_6,-118.93382996964878
2020-10-05T19:00:00.0,bus-3-bus-4-i_6,-116.44198573257607
2020-10-05T20:00:00.0,bus-3-bus-4-i_6,-113.5123516322095
2020-10-05T21:00:00.0,bus-3-bus-4-i_6,-112.6456310102609
2020-10-05T22:00:00.0,bus-3-bus-4-i_6,-110.17455446960311
2020-10-05T23:00:00.0,bus-3-bus-4-i_6,-103.0469489278837
2020-10-06T00:00:00.0,bus-3-bus-4-i_6,-97.25362363603752
2020-10-06T01:00:00.0,bus-3-bus-4-i_6,-93.18914950082437
2020-10-06T02:00:00.0,bus-3-bus-4-i_6,-90.94461061499727
2020-10-06T03:00:00.0,bus-3-bus-4-i_6,-91.24792558691327
2020-10-06T04:00:00.0,bus-3-bus-4-i_6,-95.13038176699685
2020-10-06T05:00:00.0,bus-3-bus-4-i_6,-98.61855319300562
2020-10-06T06:00:00.0,bus-3-bus-4-i_6,-98.31521718196095
2020-10-06T07:00:00.0,bus-3-bus-4-i_6,-105.77672448280539
2020-10-06T08:00:00.0,bus-3-bus-4-i_6,-112.60079585491707
2020-10-06T09:00:00.0,bus-3-bus-4-i_6,-111.44537303361157
2020-10-06T10:00:00.0,bus-3-bus-4-i_6,-113.28230033405413
2020-10-06T11:00:00.0,bus-3-bus-4-i_6,-114.82634942137433
2020-10-06T12:00:00.0,bus-3-bus-4-i_6,-119.02444971165505
2020-10-06T13:00:00.0,bus-3-bus-4-i_6,-120.92756158261967
2020-10-06T14:00:00.0,bus-3-bus-4-i_6,-121.42602635852984
2020-10-06T15:00:00.0,bus-3-bus-4-i_6,-121.10881128348252
2020-10-06T16:00:00.0,bus-3-bus-4-i_6,-119.38693428270102
2020-10-06T17:00:00.0,bus-3-bus-4-i_6,-120.02130220834539
2020-10-06T18:00:00.0,bus-3-bus-4-i_6,-120.74632547794111
2020-10-06T19:00:00.0,bus-3-bus-4-i_6,-118.57135579440427
2020-10-06T20:00:00.0,bus-3-bus-4-i_6,-113.94848572628118
2020-10-06T21:00:00.0,bus-3-bus-4-i_6,-111.51634384340991
2020-10-06T22:00:00.0,bus-3-bus-4-i_6,-111.11475155612479
2020-10-06T23:00:00.0,bus-3-bus-4-i_6,-104.10850624421764
2020-10-07T00:00:00.0,bus-3-bus-4-i_6,-99.22516715543152
2020-10-07T01:00:00.0,bus-3-bus-4-i_6,-94.64508642107066
2020-10-07T02:00:00.0,bus-3-bus-4-i_6,-92.37019419869458
2020-10-07T03:00:00.0,bus-3-bus-4-i_6,-92.49152092001579
2020-10-07T04:00:00.0,bus-3-bus-4-i_6,-96.70763470109314
2020-10-07T05:00:00.0,bus-3-bus-4-i_6,-101.19671601834904
2020-10-07T06:00:00.0,bus-3-bus-4-i_6,-100.7114355009267
2020-10-07T07:00:00.0,bus-3-bus-4-i_6,-104.74548221097454
2020-10-07T08:00:00.0,bus-3-bus-4-i_6,-108.80973270277427
2020-10-07T09:00:00.0,bus-3-bus-4-i_6,-115.26966176030338
2020-10-07T10:00:00.0,bus-3-bus-4-i_6,-112.07132014379249
2020-10-07T11:00:00.0,bus-3-bus-4-i_6,-112.92503607138507
2020-10-07T12:00:00.0,bus-3-bus-4-i_6,-113.90260883355703
2020-10-07T13:00:00.0,bus-3-bus-4-i_6,-115.26413556174705
2020-10-07T14:00:00.0,bus-3-bus-4-i_6,-116.21547624781657
2020-10-07T15:00:00.0,bus-3-bus-4-i_6,-117.39337236777443
2020-10-07T16:00:00.0,bus-3-bus-4-i_6,-115.94366651352574
2020-10-07T17:00:00.0,bus-3-bus-4-i_6,-116.98560022855347
2020-10-07T18:00:00.0,bus-3-bus-4-i_6,-118.61666203420258
2020-10-07T19:00:00.0,bus-3-bus-4-i_6,-117.07622480285855
2020-10-07T20:00:00.0,bus-3-bus-4-i_6,-113.83383501011801
2020-10-07T21:00:00.0,bus-3-bus-4-i_6,-111.78814122473244
2020-10-07T22:00:00.0,bus-3-bus-4-i_6,-112.38854875533202
2020-10-07T23:00:00.0,bus-3-bus-4-i_6,-104.68479157674334
2020-10-08T00:00:00.0,bus-3-bus-4-i_6,-99.1948616214841
2020-10-08T01:00:00.0,bus-3-bus-4-i_6,-95.009068650897
2020-10-08T02:00:00.0,bus-3-bus-4-i_6,-92.76451702774224
2020-10-08T03:00:00.0,bus-3-bus-4-i_6,-92.67352189196897
2020-10-08T04:00:00.0,bus-3-bus-4-i_6,-96.55597594288732
2020-10-08T05:00:00.0,bus-3-bus-4-i_6,-102.228005175549
2020-10-08T06:00:00.0,bus-3-bus-4-i_6,-102.37966206728544
2020-10-08T07:00:00.0,bus-3-bus-4-i_6,-104.56349747571912
2020-10-08T08:00:00.0,bus-3-bus-4-i_6,-107.59650513614123
2020-10-08T09:00:00.0,bus-3-bus-4-i_6,-109.56796893195542
2020-10-08T10:00:00.0,bus-3-bus-4-i_6,-109.84095029191509
2020-10-08T11:00:00.0,bus-3-bus-4-i_6,-109.17368669098661
2020-10-08T12:00:00.0,bus-3-bus-4-i_6,-108.44577613565265
2020-10-08T13:00:00.0,bus-3-bus-4-i_6,-108.41544690526004
2020-10-08T14:00:00.0,bus-3-bus-4-i_6,-107.62687083526441
2020-10-08T15:00:00.0,bus-3-bus-4-i_6,-107.32357069469955
2020-10-08T16:00:00.0,bus-3-bus-4-i_6,-106.77762703931582
2020-10-08T17:00:00.0,bus-3-bus-4-i_6,-111.02376489050525
2020-10-08T18:00:00.0,bus-3-bus-4-i_6,-114.4811614488606
2020-10-08T19:00:00.0,bus-3-bus-4-i_6,-114.08690677680389
2020-10-08T20:00:00.0,bus-3-bus-4-i_6,-110.0229087134093
2020-10-08T21:00:00.0,bus-3-bus-4-i_6,-104.26016071299344
2020-10-08T22:00:00.0,bus-3-bus-4-i_6,-96.73796650929567
2020-10-08T23:00:00.0,bus-3-bus-4-i_6,-90.0043447865352
2020-10-09T00:00:00.0,bus-3-bus-4-i_6,-86.27362213349384
2020-10-09T01:00:00.0,bus-3-bus-4-i_6,-83.27093303965624
2020-10-09T02:00:00.0,bus-3-bus-4-i_6,-82.17906971480618
2020-10-09T03:00:00.0,bus-3-bus-4-i_6,-83.5135714855735
2020-10-09T04:00:00.0,bus-3-bus-4-i_6,-87.66883741245132
2020-10-09T05:00:00.0,bus-3-bus-4-i_6,-93.21949300255228
2020-10-09T06:00:00.0,bus-3-bus-4-i_6,-92.58252686057486
2020-10-09T07:00:00.0,bus-3-bus-4-i_6,-96.40431675545666
2020-10-09T08:00:00.0,bus-3-bus-4-i_6,-101.43939111521117
2020-10-09T09:00:00.0,bus-3-bus-4-i_6,-106.80795675747339
2020-10-09T10:00:00.0,bus-3-bus-4-i_6,-108.87039124078264
2020-10-09T11:00:00.0,bus-3-bus-4-i_6,-111.02376489050525
2020-10-09T12:00:00.0,bus-3-bus-4-i_6,-112.05493702653462
2020-10-09T13:00:00.0,bus-3-bus-4-i_6,-113.3287213172005
2020-10-09T14:00:00.0,bus-3-bus-4-i_6,-113.84428544198013
2020-10-09T15:00:00.0,bus-3-bus-4-i_6,-111.75165269635565
2020-10-09T16:00:00.0,bus-3-bus-4-i_6,-108.20313848050473
2020-10-09T17:00:00.0,bus-3-bus-4-i_6,-109.93192162741849
2020-10-09T18:00:00.0,bus-3-bus-4-i_6,-112.41882750223144
2020-10-09T19:00:00.0,bus-3-bus-4-i_6,-110.72047724990564
2020-10-09T20:00:00.0,bus-3-bus-4-i_6,-107.77852022428469
2020-10-09T21:00:00.0,bus-3-bus-4-i_6,-100.62041874841121
2020-10-09T22:00:00.0,bus-3-bus-4-i_6,-93.58346170803777
2020-10-09T23:00:00.0,bus-3-bus-4-i_6,-86.8195782754965
2020-10-10T00:00:00.0,bus-3-bus-4-i_6,-82.3610443492056
2020-10-10T01:00:00.0,bus-3-bus-4-i_6,-77.4478379192263
2020-10-10T02:00:00.0,bus-3-bus-4-i_6,-75.9618152934312
2020-10-10T03:00:00.0,bus-3-bus-4-i_6,-74.93071981638766
2020-10-10T04:00:00.0,bus-3-bus-4-i_6,-76.02246854231589
2020-10-10T05:00:00.0,bus-3-bus-4-i_6,-76.50769684957184
2020-10-10T06:00:00.0,bus-3-bus-4-i_6,-74.77908997456144
2020-10-10T07:00:00.0,bus-3-bus-4-i_6,-80.7536023652064
2020-10-10T08:00:00.0,bus-3-bus-4-i_6,-88.06315079639234
2020-10-10T09:00:00.0,bus-3-bus-4-i_6,-92.73417404641457
2020-10-10T10:00:00.0,bus-3-bus-4-i_6,-95.52469498850279
2020-10-10T11:00:00.0,bus-3-bus-4-i_6,-97.46592882415199
2020-10-10T12:00:00.0,bus-3-bus-4-i_6,-99.80146776220754
2020-10-10T13:00:00.0,bus-3-bus-4-i_6,-101.77301187112835
2020-10-10T14:00:00.0,bus-3-bus-4-i_6,-103.28957071297124
2020-10-10T15:00:00.0,bus-3-bus-4-i_6,-104.41181460111906
2020-10-10T16:00:00.0,bus-3-bus-4-i_6,-103.5322458505405
2020-10-10T17:00:00.0,bus-3-bus-4-i_6,-107.59650513614123
2020-10-10T18:00:00.0,bus-3-bus-4-i_6,-109.99258003149792
2020-10-10T19:00:00.0,bus-3-bus-4-i_6,-107.99083029501257
2020-10-10T20:00:00.0,bus-3-bus-4-i_6,-104.59382958074428
2020-10-10T21:00:00.0,bus-3-bus-4-i_6,-99.52848345147474
2020-10-10T22:00:00.0,bus-3-bus-4-i_6,-92.94649571783873
2020-10-10T23:00:00.0,bus-3-bus-4-i_6,-86.09164179825588
2020-10-11T00:00:00.0,bus-3-bus-4-i_6,-81.26919398654022
2020-10-11T01:00:00.0,bus-3-bus-4-i_6,-77.23554669808121
2020-10-11T02:00:00.0,bus-3-bus-4-i_6,-75.41593899383534
2020-10-11T03:00:00.0,bus-3-bus-4-i_6,-74.59713424301323
2020-10-11T04:00:00.0,bus-3-bus-4-i_6,-75.7495925584776
2020-10-11T05:00:00.0,bus-3-bus-4-i_6,-74.38485330825904
2020-10-11T06:00:00.0,bus-3-bus-4-i_6,-72.9595623600076
2020-10-11T07:00:00.0,bus-3-bus-4-i_6,-81.20853590724812
2020-10-11T08:00:00.0,bus-3-bus-4-i_6,-88.48777484923286
2020-10-11T09:00:00.0,bus-3-bus-4-i_6,-94.85740918307278
2020-10-11T10:00:00.0,bus-3-bus-4-i_6,-98.67921663695603
2020-10-11T11:00:00.0,bus-3-bus-4-i_6,-101.65168668230382
2020-10-11T12:00:00.0,bus-3-bus-4-i_6,-104.10850624421764
2020-10-11T13:00:00.0,bus-3-bus-4-i_6,-107.17191930326564
2020-10-11T14:00:00.0,bus-3-bus-4-i_6,-110.17455446960311
2020-10-11T15:00:00.0,bus-3-bus-4-i_6,-111.20573703628109
2020-10-11T16:00:00.0,bus-3-bus-4-i_6,-110.32619880239687
2020-10-11T17:00:00.0,bus-3-bus-4-i_6,-112.9647820703682
2020-10-11T18:00:00.0,bus-3-bus-4-i_6,-114.78443275675498
2020-10-11T19:00:00.0,bus-3-bus-4-i_6,-113.38937688165069
2020-10-11T20:00:00.0,bus-3-bus-4-i_6,-108.62775485256289
2020-10-11T21:00:00.0,bus-3-bus-4-i_6,-101.53038494347655
2020-10-11T22:00:00.0,bus-3-bus-4-i_6,-94.06876973133684
2020-10-11T23:00:00.0,bus-3-bus-4-i_6,-85.69734196171233
2020-10-12T00:00:00.0,bus-3-bus-4-i_6,-81.32985198763556
2020-10-12T01:00:00.0,bus-3-bus-4-i_6,-78.41832087798602
2020-10-12T02:00:00.0,bus-3-bus-4-i_6,-77.4478379192263
2020-10-12T03:00:00.0,bus-3-bus-4-i_6,-78.994545936298
2020-10-12T04:00:00.0,bus-3-bus-4-i_6,-84.30214995230627
2020-10-12T05:00:00.0,bus-3-bus-4-i_6,-92.30954184363628
2020-10-12T06:00:00.0,bus-3-bus-4-i_6,-92.94649571783873
2020-10-12T07:00:00.0,bus-3-bus-4-i_6,-96.82896169026908
2020-10-12T08:00:00.0,bus-3-bus-4-i_6,-100.49909287691297
2020-10-12T09:00:00.0,bus-3-bus-4-i_6,-105.8070555037527
2020-10-12T10:00:00.0,bus-3-bus-4-i_6,-109.17368669098661
2020-10-12T11:00:00.0,bus-3-bus-4-i_6,-111.44836681274666
2020-10-12T12:00:00.0,bus-3-bus-4-i_6,-114.17788943662414
2020-10-12T13:00:00.0,bus-3-bus-4-i_6,-115.08770169028399
2020-10-12T14:00:00.0,bus-3-bus-4-i_6,-116.66314455735281
2020-10-12T15:00:00.0,bus-3-bus-4-i_6,-115.116556475783
2020-10-12T16:00:00.0,bus-3-bus-4-i_6,-116.55183245460839
2020-10-12T17:00:00.0,bus-3-bus-4-i_6,-111.82979034127527
2020-10-12T18:00:00.0,bus-3-bus-4-i_6,-111.97697667190702
2020-10-12T19:00:00.0,bus-3-bus-4-i_6,-111.36253876241659
2020-10-12T20:00:00.0,bus-3-bus-4-i_6,-99.86215171544166
2020-10-12T21:00:00.0,bus-3-bus-4-i_6,-107.14158915679377
2020-10-12T22:00:00.0,bus-3-bus-4-i_6,-98.61855319300562
2020-10-12T23:00:00.0,bus-3-bus-4-i_6,-92.12755166477069
2020-10-13T00:00:00.0,bus-3-bus-4-i_6,-87.45652127810271
2020-10-13T01:00:00.0,bus-3-bus-4-i_6,-84.60545232528003
2020-10-13T02:00:00.0,bus-3-bus-4-i_6,-82.81598849332349
2020-10-13T03:00:00.0,bus-3-bus-4-i_6,-83.14961450443971
2020-10-13T04:00:00.0,bus-3-bus-4-i_6,-88.15413329410683
2020-10-13T05:00:00.0,bus-3-bus-4-i_6,-95.009068650897
2020-10-13T06:00:00.0,bus-3-bus-4-i_6,-93.70480082620887
2020-10-13T07:00:00.0,bus-3-bus-4-i_6,-96.10099885408113
2020-10-13T08:00:00.0,bus-3-bus-4-i_6,-100.22613135798326
2020-10-13T09:00:00.0,bus-3-bus-4-i_6,-104.74548221097454
2020-10-13T10:00:00.0,bus-3-bus-4-i_6,-107.53587982345306
2020-10-13T11:00:00.0,bus-3-bus-4-i_6,-110.4171862234003
2020-10-13T12:00:00.0,bus-3-bus-4-i_6,-113.51068792095145
2020-10-13T13:00:00.0,bus-3-bus-4-i_6,-116.14909278494245
2020-10-13T14:00:00.0,bus-3-bus-4-i_6,-116.62356672003557
2020-10-13T15:00:00.0,bus-3-bus-4-i_6,-116.66158347452983
2020-10-13T16:00:00.0,bus-3-bus-4-i_6,-114.60247035764417
2020-10-13T17:00:00.0,bus-3-bus-4-i_6,-114.67895157664982
2020-10-13T18:00:00.0,bus-3-bus-4-i_6,-111.44537303361157
2020-10-13T19:00:00.0,bus-3-bus-4-i_6,-116.59506860815463
2020-10-13T20:00:00.0,bus-3-bus-4-i_6,-112.93445327005251
2020-10-13T21:00:00.0,bus-3-bus-4-i_6,-104.8668052707333
2020-10-13T22:00:00.0,bus-3-bus-4-i_6,-95.73703253413557
2020-10-13T23:00:00.0,bus-3-bus-4-i_6,-88.45744371117644
2020-10-14T00:00:00.0,bus-3-bus-4-i_6,-83.4529120113275
2020-10-14T01:00:00.0,bus-3-bus-4-i_6,-80.45031481585075
2020-10-14T02:00:00.0,bus-3-bus-4-i_6,-78.50929836871912
2020-10-14T03:00:00.0,bus-3-bus-4-i_6,-80.29867153611849
2020-10-14T04:00:00.0,bus-3-bus-4-i_6,-84.75710184023517
2020-10-14T05:00:00.0,bus-3-bus-4-i_6,-91.06593657824095
2020-10-14T06:00:00.0,bus-3-bus-4-i_6,-89.67069172911879
2020-10-14T07:00:00.0,bus-3-bus-4-i_6,-94.12944610378035
2020-10-14T08:00:00.0,bus-3-bus-4-i_6,-99.28585104596802
2020-10-14T09:00:00.0,bus-3-bus-4-i_6,-103.56254969294145
2020-10-14T10:00:00.0,bus-3-bus-4-i_6,-106.35297027647846
2020-10-14T11:00:00.0,bus-3-bus-4-i_6,-108.77940308780774
2020-10-14T12:00:00.0,bus-3-bus-4-i_6,-111.29667848670492
2020-10-14T13:00:00.0,bus-3-bus-4-i_6,-114.4811614488606
2020-10-14T14:00:00.0,bus-3-bus-4-i_6,-115.84585774458516
2020-10-14T15:00:00.0,bus-3-bus-4-i_6,-116.46868500044201
2020-10-14T16:00:00.0,bus-3-bus-4-i_6,-114.78443275675498
2020-10-14T17:00:00.0,bus-3-bus-4-i_6,-116.058127876338
2020-10-14T18:00:00.0,bus-3-bus-4-i_6,-114.56886280061698
2020-10-14T19:00:00.0,bus-3-bus-4-i_6,-115.36064139836641
2020-10-14T20:00:00.0,bus-3-bus-4-i_6,-109.99258003149792
2020-10-14T21:00:00.0,bus-3-bus-4-i_6,-102.07632471797903
2020-10-14T22:00:00.0,bus-3-bus-4-i_6,-93.0981544728167
2020-10-14T23:00:00.0,bus-3-bus-4-i_6,-86.27362213349384
2020-10-15T00:00:00.0,bus-3-bus-4-i_6,-82.6643396433378
2020-10-15T01:00:00.0,bus-3-bus-4-i_6,-79.5707826422738
2020-10-15T02:00:00.0,bus-3-bus-4-i_6,-78.26668202906099
2020-10-15T03:00:00.0,bus-3-bus-4-i_6,-79.87407018887964
2020-10-15T04:00:00.0,bus-3-bus-4-i_6,-84.54479196265301
2020-10-15T05:00:00.0,bus-3-bus-4-i_6,-89.54936655066922
2020-10-15T06:00:00.0,bus-3-bus-4-i_6,-89.2460541153377
2020-10-15T07:00:00.0,bus-3-bus-4-i_6,-93.76546470416525
2020-10-15T08:00:00.0,bus-3-bus-4-i_6,-98.43656328080883
2020-10-15T09:00:00.0,bus-3-bus-4-i_6,-103.1379155745185
2020-10-15T10:00:00.0,bus-3-bus-4-i_6,-106.50465450769431
2020-10-15T11:00:00.0,bus-3-bus-4-i_6,-108.35478740328965
2020-10-15T12:00:00.0,bus-3-bus-4-i_6,-112.14592257931311
2020-10-15T13:00:00.0,bus-3-bus-4-i_6,-115.54254737923921
2020-10-15T14:00:00.0,bus-3-bus-4-i_6,-116.64144013878621
2020-10-15T15:00:00.0,bus-3-bus-4-i_6,-114.78874829694179
2020-10-15T16:00:00.0,bus-3-bus-4-i_6,-116.41644950844683
2020-10-15T17:00:00.0,bus-3-bus-4-i_6,-111.33886498772871
2020-10-15T18:00:00.0,bus-3-bus-4-i_6,-111.46903305338598
2020-10-15T19:00:00.0,bus-3-bus-4-i_6,-116.63353078879359
2020-10-15T20:00:00.0,bus-3-bus-4-i_6,-111.75165269635565
2020-10-15T21:00:00.0,bus-3-bus-4-i_6,-103.86585926250218
2020-10-15T22:00:00.0,bus-3-bus-4-i_6,-95.40336774463157
2020-10-15T23:00:00.0,bus-3-bus-4-i_6,-88.06315079639234
2020-10-16T00:00:00.0,bus-3-bus-4-i_6,-83.9685198710831
2020-10-16T01:00:00.0,bus-3-bus-4-i_6,-80.60195848061528
2020-10-16T02:00:00.0,bus-3-bus-4-i_6,-79.14618937688128
2020-10-16T03:00:00.0,bus-3-bus-4-i_6,-80.90524658524286
2020-10-16T04:00:00.0,bus-3-bus-4-i_6,-85.636683659861
2020-10-16T05:00:00.0,bus-3-bus-4-i_6,-90.36831304640535
2020-10-16T06:00:00.0,bus-3-bus-4-i_6,-90.3379895638798
2020-10-16T07:00:00.0,bus-3-bus-4-i_6,-93.52281554245074
2020-10-16T08:00:00.0,bus-3-bus-4-i_6,-98.61855319300562
2020-10-16T09:00:00.0,bus-3-bus-4-i_6,-102.62231194784962
2020-10-16T10:00:00.0,bus-3-bus-4-i_6,-104.59382958074428
2020-10-16T11:00:00.0,bus-3-bus-4-i_6,-106.62597637263332
2020-10-16T12:00:00.0,bus-3-bus-4-i_6,-109.74994550784551
2020-10-16T13:00:00.0,bus-3-bus-4-i_6,-109.84095029191509
2020-10-16T14:00:00.0,bus-3-bus-4-i_6,-108.99167140239658
2020-10-16T15:00:00.0,bus-3-bus-4-i_6,-108.59742600053212
2020-10-16T16:00:00.0,bus-3-bus-4-i_6,-107.6875303514143
2020-10-16T17:00:00.0,bus-3-bus-4-i_6,-112.26723453587188
2020-10-16T18:00:00.0,bus-3-bus-4-i_6,-113.3287213172005
2020-10-16T19:00:00.0,bus-3-bus-4-i_6,-110.72047724990564
2020-10-16T20:00:00.0,bus-3-bus-4-i_6,-107.4145602687109
2020-10-16T21:00:00.0,bus-3-bus-4-i_6,-102.71328003528788
2020-10-16T22:00:00.0,bus-3-bus-4-i_6,-95.9493553715685
2020-10-16T23:00:00.0,bus-3-bus-4-i_6,-89.85267970204356
2020-10-17T00:00:00.0,bus-3-bus-4-i_6,-84.93908488525818
2020-10-17T01:00:00.0,bus-3-bus-4-i_6,-81.78479172718247
2020-10-17T02:00:00.0,bus-3-bus-4-i_6,-79.99538116961335
2020-10-17T03:00:00.0,bus-3-bus-4-i_6,-79.5707826422738
2020-10-17T04:00:00.0,bus-3-bus-4-i_6,-81.05689116398965
2020-10-17T05:00:00.0,bus-3-bus-4-i_6,-83.11928486407213
2020-10-17T06:00:00.0,bus-3-bus-4-i_6,-82.99796615522274
2020-10-17T07:00:00.0,bus-3-bus-4-i_6,-90.88395894610517
2020-10-17T08:00:00.0,bus-3-bus-4-i_6,-93.18914950082437
2020-10-17T09:00:00.0,bus-3-bus-4-i_6,-93.85645973369812
2020-10-17T10:00:00.0,bus-3-bus-4-i_6,-94.9180589698048
2020-10-17T11:00:00.0,bus-3-bus-4-i_6,-94.22044114847354
2020-10-17T12:00:00.0,bus-3-bus-4-i_6,-94.76641371669041
2020-10-17T13:00:00.0,bus-3-bus-4-i_6,-95.25172327838396
2020-10-17T14:00:00.0,bus-3-bus-4-i_6,-95.73703253413557
2020-10-17T15:00:00.0,bus-3-bus-4-i_6,-94.34175546233774
2020-10-17T16:00:00.0,bus-3-bus-4-i_6,-94.61474151854196
2020-10-17T17:00:00.0,bus-3-bus-4-i_6,-103.16824663563757
2020-10-17T18:00:00.0,bus-3-bus-4-i_6,-104.4421736876109
2020-10-17T19:00:00.0,bus-3-bus-4-i_6,-103.16824663563757
2020-10-17T20:00:00.0,bus-3-bus-4-i_6,-99.86215171544166
2020-10-17T21:00:00.0,bus-3-bus-4-i_6,-95.22139144827446
2020-10-17T22:00:00.0,bus-3-bus-4-i_6,-89.45837284834073
2020-10-17T23:00:00.0,bus-3-bus-4-i_6,-84.5144606609167
2020-10-18T00:00:00.0,bus-3-bus-4-i_6,-80.17735699660751
2020-10-18T01:00:00.0,bus-3-bus-4-i_6,-77.14456511311347
2020-10-18T02:00:00.0,bus-3-bus-4-i_6,-75.4765801441945
2020-10-18T03:00:00.0,bus-3-bus-4-i_6,-75.35528629113402
2020-10-18T04:00:00.0,bus-3-bus-4-i_6,-75.7495925584776
2020-10-18T05:00:00.0,bus-3-bus-4-i_6,-76.02246854231589
2020-10-18T06:00:00.0,bus-3-bus-4-i_6,-73.77832755593627
2020-10-18T07:00:00.0,bus-3-bus-4-i_6,-79.41914094434152
2020-10-18T08:00:00.0,bus-3-bus-4-i_6,-86.12197796585504
2020-10-18T09:00:00.0,bus-3-bus-4-i_6,-91.12659954428538
2020-10-18T10:00:00.0,bus-3-bus-4-i_6,-94.03843785989045
2020-10-18T11:00:00.0,bus-3-bus-4-i_6,-95.49436319069463
2020-10-18T12:00:00.0,bus-3-bus-4-i_6,-96.91995702287402
2020-10-18T13:00:00.0,bus-3-bus-4-i_6,-98.55789022814214
2020-10-18T14:00:00.0,bus-3-bus-4-i_6,-100.10480503357809
2020-10-18T15:00:00.0,bus-3-bus-4-i_6,-100.25646293029
2020-10-18T16:00:00.0,bus-3-bus-4-i_6,-99.98347666752699
2020-10-18T17:00:00.0,bus-3-bus-4-i_6,-106.95960784063328
2020-10-18T18:00:00.0,bus-3-bus-4-i_6,-108.62775485256289
2020-10-18T19:00:00.0,bus-3-bus-4-i_6,-106.95960784063328
2020-10-18T20:00:00.0,bus-3-bus-4-i_6,-103.0166177828147
2020-10-18T21:00:00.0,bus-3-bus-4-i_6,-97.79959635461175
2020-10-18T22:00:00.0,bus-3-bus-4-i_6,-90.15599333645662
2020-10-18T23:00:00.0,bus-3-bus-4-i_6,-83.99884993482148
2020-10-19T00:00:00.0,bus-3-bus-4-i_6,-80.23801420986503
2020-10-19T01:00:00.0,bus-3-bus-4-i_6,-77.14456511311347
2020-10-19T02:00:00.0,bus-3-bus-4-i_6,-76.65933159451556
2020-10-19T03:00:00.0,bus-3-bus-4-i_6,-78.56995355597056
2020-10-19T04:00:00.0,bus-3-bus-4-i_6,-83.69555053767176
2020-10-19T05:00:00.0,bus-3-bus-4-i_6,-89.64036052990309
2020-10-19T06:00:00.0,bus-3-bus-4-i_6,-89.33704763926598
2020-10-19T07:00:00.0,bus-3-bus-4-i_6,-93.00715926428296
2020-10-19T08:00:00.0,bus-3-bus-4-i_6,-97.89059085209648
2020-10-19T09:00:00.0,bus-3-bus-4-i_6,-102.04599349404972
2020-10-19T10:00:00.0,bus-3-bus-4-i_6,-104.80614330929453
2020-10-19T11:00:00.0,bus-3-bus-4-i_6,-105.89801479733329
2020-10-19T12:00:00.0,bus-3-bus-4-i_6,-107.89983993476575
2020-10-19T13:00:00.0,bus-3-bus-4-i_6,-109.32529500738386
2020-10-19T14:00:00.0,bus-3-bus-4-i_6,-110.20488409029186
2020-10-19T15:00:00.0,bus-3-bus-4-i_6,-110.14423368791932
2020-10-19T16:00:00.0,bus-3-bus-4-i_6,-108.62775485256289
2020-10-19T17:00:00.0,bus-3-bus-4-i_6,-113.90494249308576
2020-10-19T18:00:00.0,bus-3-bus-4-i_6,-114.78443275675498
2020-10-19T19:00:00.0,bus-3-bus-4-i_6,-112.26723453587188
2020-10-19T20:00:00.0,bus-3-bus-4-i_6,-107.80881449507238
2020-10-19T21:00:00.0,bus-3-bus-4-i_6,-99.92281345756044
2020-10-19T22:00:00.0,bus-3-bus-4-i_6,-91.67256731421514
2020-10-19T23:00:00.0,bus-3-bus-4-i_6,-84.45380025193255
2020-10-20T00:00:00.0,bus-3-bus-4-i_6,-80.7536023652064
2020-10-20T01:00:00.0,bus-3-bus-4-i_6,-78.20601766868012
2020-10-20T02:00:00.0,bus-3-bus-4-i_6,-77.4478379192263
2020-10-20T03:00:00.0,bus-3-bus-4-i_6,-78.6609438621168
2020-10-20T04:00:00.0,bus-3-bus-4-i_6,-84.05951021482392
2020-10-20T05:00:00.0,bus-3-bus-4-i_6,-90.3379895638798
2020-10-20T06:00:00.0,bus-3-bus-4-i_6,-89.45837284834073
2020-10-20T07:00:00.0,bus-3-bus-4-i_6,-92.55219508372423
2020-10-20T08:00:00.0,bus-3-bus-4-i_6,-96.61663941650455
2020-10-20T09:00:00.0,bus-3-bus-4-i_6,-99.43750886911613
2020-10-20T10:00:00.0,bus-3-bus-4-i_6,-101.28771019229173
2020-10-20T11:00:00.0,bus-3-bus-4-i_6,-101.65168668230382
2020-10-20T12:00:00.0,bus-3-bus-4-i_6,-102.68294883646473
2020-10-20T13:00:00.0,bus-3-bus-4-i_6,-103.0469489278837
2020-10-20T14:00:00.0,bus-3-bus-4-i_6,-102.7739684321439
2020-10-20T15:00:00.0,bus-3-bus-4-i_6,-101.86400578790251
2020-10-20T16:00:00.0,bus-3-bus-4-i_6,-101.65168668230382
2020-10-20T17:00:00.0,bus-3-bus-4-i_6,-108.80973270277427
2020-10-20T18:00:00.0,bus-3-bus-4-i_6,-109.81060392439022
2020-10-20T19:00:00.0,bus-3-bus-4-i_6,-106.80795675747339
2020-10-20T20:00:00.0,bus-3-bus-4-i_6,-102.50096166289325
2020-10-20T21:00:00.0,bus-3-bus-4-i_6,-96.0403354765398
2020-10-20T22:00:00.0,bus-3-bus-4-i_6,-88.3967875519382
2020-10-20T23:00:00.0,bus-3-bus-4-i_6,-82.45203419537035
2020-10-21T00:00:00.0,bus-3-bus-4-i_6,-78.35765837144358
2020-10-21T01:00:00.0,bus-3-bus-4-i_6,-76.38638951170482
2020-10-21T02:00:00.0,bus-3-bus-4-i_6,-75.14300266664081
2020-10-21T03:00:00.0,bus-3-bus-4-i_6,-77.02324793962836
2020-10-21T04:00:00.0,bus-3-bus-4-i_6,-82.6946692179301
2020-10-21T05:00:00.0,bus-3-bus-4-i_6,-88.82141725628026
2020-10-21T06:00:00.0,bus-3-bus-4-i_6,-87.45652127810271
2020-10-21T07:00:00.0,bus-3-bus-4-i_6,-90.27731886651657
2020-10-21T08:00:00.0,bus-3-bus-4-i_6,-94.52374622402024
2020-10-21T09:00:00.0,bus-3-bus-4-i_6,-96.2526578182045
2020-10-21T10:00:00.0,bus-3-bus-4-i_6,-98.55789022814214
2020-10-21T11:00:00.0,bus-3-bus-4-i_6,-98.89153914652482
2020-10-21T12:00:00.0,bus-3-bus-4-i_6,-99.5588354727278
2020-10-21T13:00:00.0,bus-3-bus-4-i_6,-100.01380826749653
2020-10-21T14:00:00.0,bus-3-bus-4-i_6,-99.5588354727278
2020-10-21T15:00:00.0,bus-3-bus-4-i_6,-99.10384062925715
2020-10-21T16:00:00.0,bus-3-bus-4-i_6,-99.64983083822112
2020-10-21T17:00:00.0,bus-3-bus-4-i_6,-108.08181939615906
2020-10-21T18:00:00.0,bus-3-bus-4-i_6,-109.78027399070798
2020-10-21T19:00:00.0,bus-3-bus-4-i_6,-107.62687083526441
2020-10-21T20:00:00.0,bus-3-bus-4-i_6,-102.95595501849802
2020-10-21T21:00:00.0,bus-3-bus-4-i_6,-95.52469498850279
2020-10-21T22:00:00.0,bus-3-bus-4-i_6,-87.45652127810271
2020-10-21T23:00:00.0,bus-3-bus-4-i_6,-81.39050739044191
2020-10-22T00:00:00.0,bus-3-bus-4-i_6,-77.41751051581063
2020-10-22T01:00:00.0,bus-3-bus-4-i_6,-75.26430757032244
2020-10-22T02:00:00.0,bus-3-bus-4-i_6,-74.77908997456144
2020-10-22T03:00:00.0,bus-3-bus-4-i_6,-76.59867773892714
2020-10-22T04:00:00.0,bus-3-bus-4-i_6,-82.39137537405142
2020-10-22T05:00:00.0,bus-3-bus-4-i_6,-88.70009275639816
2020-10-22T06:00:00.0,bus-3-bus-4-i_6,-87.30486687252781
2020-10-22T07:00:00.0,bus-3-bus-4-i_6,-89.85267970204356
2020-10-22T08:00:00.0,bus-3-bus-4-i_6,-93.79578405824296
2020-10-22T09:00:00.0,bus-3-bus-4-i_6,-96.2526578182045
2020-10-22T10:00:00.0,bus-3-bus-4-i_6,-97.55694206277967
2020-10-22T11:00:00.0,bus-3-bus-4-i_6,-99.1948616214841
2020-10-22T12:00:00.0,bus-3-bus-4-i_6,-100.04414101771282
2020-10-22T13:00:00.0,bus-3-bus-4-i_6,-100.8024075829121
2020-10-22T14:00:00.0,bus-3-bus-4-i_6,-100.95408801528896
2020-10-22T15:00:00.0,bus-3-bus-4-i_6,-100.83273897263231
2020-10-22T16:00:00.0,bus-3-bus-4-i_6,-101.0754133154681
2020-10-22T17:00:00.0,bus-3-bus-4-i_6,-108.65808451868368
2020-10-22T18:00:00.0,bus-3-bus-4-i_6,-111.78193419434442
2020-10-22T19:00:00.0,bus-3-bus-4-i_6,-108.65808451868368
2020-10-22T20:00:00.0,bus-3-bus-4-i_6,-104.4421736876109
2020-10-22T21:00:00.0,bus-3-bus-4-i_6,-97.25362363603752
2020-10-22T22:00:00.0,bus-3-bus-4-i_6,-89.33704763926598
2020-10-22T23:00:00.0,bus-3-bus-4-i_6,-83.05862550227879
2020-10-23T00:00:00.0,bus-3-bus-4-i_6,-78.93389587435651
2020-10-23T01:00:00.0,bus-3-bus-4-i_6,-76.17410201428524
2020-10-23T02:00:00.0,bus-3-bus-4-i_6,-76.23475546783203
2020-10-23T03:00:00.0,bus-3-bus-4-i_6,-77.4478379192263
2020-10-23T04:00:00.0,bus-3-bus-4-i_6,-83.27093303965624
2020-10-23T05:00:00.0,bus-3-bus-4-i_6,-89.76169293096899
2020-10-23T06:00:00.0,bus-3-bus-4-i_6,-88.6394304463921
2020-10-23T07:00:00.0,bus-3-bus-4-i_6,-91.73323045505029
2020-10-23T08:00:00.0,bus-3-bus-4-i_6,-96.40431675545666
2020-10-23T09:00:00.0,bus-3-bus-4-i_6,-98.9825341868688
2020-10-23T10:00:00.0,bus-3-bus-4-i_6,-101.22704757040688
2020-10-23T11:00:00.0,bus-3-bus-4-i_6,-102.68294883646473
2020-10-23T12:00:00.0,bus-3-bus-4-i_6,-104.35118162470012
2020-10-23T13:00:00.0,bus-3-bus-4-i_6,-105.89801479733329
2020-10-23T14:00:00.0,bus-3-bus-4-i_6,-107.11122507596009
2020-10-23T15:00:00.0,bus-3-bus-4-i_6,-107.14158915679377
2020-10-23T16:00:00.0,bus-3-bus-4-i_6,-106.47429139234464
2020-10-23T17:00:00.0,bus-3-bus-4-i_6,-111.38770954499932
2020-10-23T18:00:00.0,bus-3-bus-4-i_6,-111.81230879129185
2020-10-23T19:00:00.0,bus-3-bus-4-i_6,-108.87039124078264
2020-10-23T20:00:00.0,bus-3-bus-4-i_6,-105.35206584159411
2020-10-23T21:00:00.0,bus-3-bus-4-i_6,-99.80146776220754
2020-10-23T22:00:00.0,bus-3-bus-4-i_6,-92.40052597004016
2020-10-23T23:00:00.0,bus-3-bus-4-i_6,-86.5769322377432
2020-10-24T00:00:00.0,bus-3-bus-4-i_6,-81.78479172718247
2020-10-24T01:00:00.0,bus-3-bus-4-i_6,-78.63061599709343
2020-10-24T02:00:00.0,bus-3-bus-4-i_6,-76.53802383530358
2020-10-24T03:00:00.0,bus-3-bus-4-i_6,-76.23475546783203
2020-10-24T04:00:00.0,bus-3-bus-4-i_6,-77.99373281384834
2020-10-24T05:00:00.0,bus-3-bus-4-i_6,-78.78224941365168
2020-10-24T06:00:00.0,bus-3-bus-4-i_6,-75.90116212183382
2020-10-24T07:00:00.0,bus-3-bus-4-i_6,-82.02742299264152
2020-10-24T08:00:00.0,bus-3-bus-4-i_6,-88.3967875519382
2020-10-24T09:00:00.0,bus-3-bus-4-i_6,-92.58252686057486
2020-10-24T10:00:00.0,bus-3-bus-4-i_6,-93.40148848890063
2020-10-24T11:00:00.0,bus-3-bus-4-i_6,-93.94745502919619
2020-10-24T12:00:00.0,bus-3-bus-4-i_6,-95.10006413229593
2020-10-24T13:00:00.0,bus-3-bus-4-i_6,-95.91900823088905
2020-10-24T14:00:00.0,bus-3-bus-4-i_6,-96.82896169026908
2020-10-24T15:00:00.0,bus-3-bus-4-i_6,-97.0109523256569
2020-10-24T16:00:00.0,bus-3-bus-4-i_6,-97.34461904681638
2020-10-24T17:00:00.0,bus-3-bus-4-i_6,-104.65448959470471
2020-10-24T18:00:00.0,bus-3-bus-4-i_6,-105.65540232477026
2020-10-24T19:00:00.0,bus-3-bus-4-i_6,-103.10758440994007
2020-10-24T20:00:00.0,bus-3-bus-4-i_6,-99.61949926720521
2020-10-24T21:00:00.0,bus-3-bus-4-i_6,-95.19105961855487
2020-10-24T22:00:00.0,bus-3-bus-4-i_6,-89.39771014929737
2020-10-24T23:00:00.0,bus-3-bus-4-i_6,-83.30126281868297
2020-10-25T00:00:00.0,bus-3-bus-4-i_6,-78.78224941365168
2020-10-25T01:00:00.0,bus-3-bus-4-i_6,-75.4765801441945
2020-10-25T02:00:00.0,bus-3-bus-4-i_6,-74.17256001755517
2020-10-25T03:00:00.0,bus-3-bus-4-i_6,-73.96029456009033
2020-10-25T04:00:00.0,bus-3-bus-4-i_6,-75.35528629113402
2020-10-25T05:00:00.0,bus-3-bus-4-i_6,-74.93071981638766
2020-10-25T06:00:00.0,bus-3-bus-4-i_6,-71.41299746287936
2020-10-25T07:00:00.0,bus-3-bus-4-i_6,-77.41751051581063
2020-10-25T08:00:00.0,bus-3-bus-4-i_6,-83.69555053767176
2020-10-25T09:00:00.0,bus-3-bus-4-i_6,-88.88208635108626
2020-10-25T10:00:00.0,bus-3-bus-4-i_6,-90.94461061499727
2020-10-25T11:00:00.0,bus-3-bus-4-i_6,-91.67256731421514
2020-10-25T12:00:00.0,bus-3-bus-4-i_6,-92.73417404641457
2020-10-25T13:00:00.0,bus-3-bus-4-i_6,-94.37210019376154
2020-10-25T14:00:00.0,bus-3-bus-4-i_6,-95.52469498850279
2020-10-25T15:00:00.0,bus-3-bus-4-i_6,-96.43464862391798
2020-10-25T16:00:00.0,bus-3-bus-4-i_6,-97.7389144649189
2020-10-25T17:00:00.0,bus-3-bus-4-i_6,-105.74636258907613
2020-10-25T18:00:00.0,bus-3-bus-4-i_6,-107.17191930326564
2020-10-25T19:00:00.0,bus-3-bus-4-i_6,-105.13978184679829
2020-10-25T20:00:00.0,bus-3-bus-4-i_6,-100.25646293029
2020-10-25T21:00:00.0,bus-3-bus-4-i_6,-93.8867791408235
2020-10-25T22:00:00.0,bus-3-bus-4-i_6,-86.66792451776799
2020-10-25T23:00:00.0,bus-3-bus-4-i_6,-81.02656220964755
2020-10-26T00:00:00.0,bus-3-bus-4-i_6,-77.14456511311347
2020-10-26T01:00:00.0,bus-3-bus-4-i_6,-74.93071981638766
2020-10-26T02:00:00.0,bus-3-bus-4-i_6,-74.4455050408651
2020-10-26T03:00:00.0,bus-3-bus-4-i_6,-76.11343506802217
2020-10-26T04:00:00.0,bus-3-bus-4-i_6,-82.84631814221889
2020-10-26T05:00:00.0,bus-3-bus-4-i_6,-88.88208635108626
2020-10-26T06:00:00.0,bus-3-bus-4-i_6,-87.5475138778758
2020-10-26T07:00:00.0,bus-3-bus-4-i_6,-91.21759412253057
2020-10-26T08:00:00.0,bus-3-bus-4-i_6,-95.13038176699685
2020-10-26T09:00:00.0,bus-3-bus-4-i_6,-98.67921663695603
2020-10-26T10:00:00.0,bus-3-bus-4-i_6,-100.92373351751864
2020-10-26T11:00:00.0,bus-3-bus-4-i_6,-102.28864335185999
2020-10-26T12:00:00.0,bus-3-bus-4-i_6,-103.65357501565367
2020-10-26T13:00:00.0,bus-3-bus-4-i_6,-105.29143536401068
2020-10-26T14:00:00.0,bus-3-bus-4-i_6,-105.59471024276323
2020-10-26T15:00:00.0,bus-3-bus-4-i_6,-105.44305746305646
2020-10-26T16:00:00.0,bus-3-bus-4-i_6,-105.62507176756353
2020-10-26T17:00:00.0,bus-3-bus-4-i_6,-112.44920426967013
2020-10-26T18:00:00.0,bus-3-bus-4-i_6,-113.23773786253683
2020-10-26T19:00:00.0,bus-3-bus-4-i_6,-110.62949253153766
2020-10-26T20:00:00.0,bus-3-bus-4-i_6,-105.26110452574677
2020-10-26T21:00:00.0,bus-3-bus-4-i_6,-97.92090482945468
2020-10-26T22:00:00.0,bus-3-bus-4-i_6,-90.15599333645662
2020-10-26T23:00:00.0,bus-3-bus-4-i_6,-83.90786039989449
2020-10-27T00:00:00.0,bus-3-bus-4-i_6,-80.23801420986503
2020-10-27T01:00:00.0,bus-3-bus-4-i_6,-77.99373281384834
2020-10-27T02:00:00.0,bus-3-bus-4-i_6,-77.02324793962836
2020-10-27T03:00:00.0,bus-3-bus-4-i_6,-78.7215933870665
2020-10-27T04:00:00.0,bus-3-bus-4-i_6,-84.84809247841432
2020-10-27T05:00:00.0,bus-3-bus-4-i_6,-92.12755166477069
2020-10-27T06:00:00.0,bus-3-bus-4-i_6,-92.94649571783873
2020-10-27T07:00:00.0,bus-3-bus-4-i_6,-94.12944610378035
2020-10-27T08:00:00.0,bus-3-bus-4-i_6,-97.98156832409784
2020-10-27T09:00:00.0,bus-3-bus-4-i_6,-99.98347666752699
2020-10-27T10:00:00.0,bus-3-bus-4-i_6,-101.22704757040688
2020-10-27T11:00:00.0,bus-3-bus-4-i_6,-100.74174457042872
2020-10-27T12:00:00.0,bus-3-bus-4-i_6,-101.46969853162358
2020-10-27T13:00:00.0,bus-3-bus-4-i_6,-100.4687612992067
2020-10-27T14:00:00.0,bus-3-bus-4-i_6,-99.86215171544166
2020-10-27T15:00:00.0,bus-3-bus-4-i_6,-99.31616212233224
2020-10-27T16:00:00.0,bus-3-bus-4-i_6,-100.62041874841121
2020-10-27T17:00:00.0,bus-3-bus-4-i_6,-109.38599281937032
2020-10-27T18:00:00.0,bus-3-bus-4-i_6,-110.72047724990564
2020-10-27T19:00:00.0,bus-3-bus-4-i_6,-108.41544690526004
2020-10-27T20:00:00.0,bus-3-bus-4-i_6,-103.16824663563757
2020-10-27T21:00:00.0,bus-3-bus-4-i_6,-96.10099885408113
2020-10-27T22:00:00.0,bus-3-bus-4-i_6,-88.6394304463921
2020-10-27T23:00:00.0,bus-3-bus-4-i_6,-82.84631814221889
2020-10-28T00:00:00.0,bus-3-bus-4-i_6,-79.72242466472083
2020-10-28T01:00:00.0,bus-3-bus-4-i_6,-77.41751051581063
2020-10-28T02:00:00.0,bus-3-bus-4-i_6,-76.65933159451556
2020-10-28T03:00:00.0,bus-3-bus-4-i_6,-78.2970027301915
2020-10-28T04:00:00.0,bus-3-bus-4-i_6,-84.84809247841432
2020-10-28T05:00:00.0,bus-3-bus-4-i_6,-90.85362742957004
2020-10-28T06:00:00.0,bus-3-bus-4-i_6,-89.57970530218785
2020-10-28T07:00:00.0,bus-3-bus-4-i_6,-91.12659954428538
2020-10-28T08:00:00.0,bus-3-bus-4-i_6,-96.0403354765398
2020-10-28T09:00:00.0,bus-3-bus-4-i_6,-98.55789022814214
2020-10-28T10:00:00.0,bus-3-bus-4-i_6,-100.3171038997477
2020-10-28T11:00:00.0,bus-3-bus-4-i_6,-99.01286538160683
2020-10-28T12:00:00.0,bus-3-bus-4-i_6,-99.31616212233224
2020-10-28T13:00:00.0,bus-3-bus-4-i_6,-99.4678410288123
2020-10-28T14:00:00.0,bus-3-bus-4-i_6,-98.9825341868688
2020-10-28T15:00:00.0,bus-3-bus-4-i_6,-98.22422208373162
2020-10-28T16:00:00.0,bus-3-bus-4-i_6,-98.89153914652482
2020-10-28T17:00:00.0,bus-3-bus-4-i_6,-107.77852022428469
2020-10-28T18:00:00.0,bus-3-bus-4-i_6,-108.65808451868368
2020-10-28T19:00:00.0,bus-3-bus-4-i_6,-107.14158915679377
2020-10-28T20:00:00.0,bus-3-bus-4-i_6,-102.95595501849802
2020-10-28T21:00:00.0,bus-3-bus-4-i_6,-96.13134630245996
2020-10-28T22:00:00.0,bus-3-bus-4-i_6,-88.5787743572636
2020-10-28T23:00:00.0,bus-3-bus-4-i_6,-82.39137537405142
2020-10-29T00:00:00.0,bus-3-bus-4-i_6,-78.84290549453301
2020-10-29T01:00:00.0,bus-3-bus-4-i_6,-76.65933159451556
2020-10-29T02:00:00.0,bus-3-bus-4-i_6,-76.29540903806765
2020-10-29T03:00:00.0,bus-3-bus-4-i_6,-78.14536386848778
2020-10-29T04:00:00.0,bus-3-bus-4-i_6,-84.39314011054337
2020-10-29T05:00:00.0,bus-3-bus-4-i_6,-90.42897584012793
2020-10-29T06:00:00.0,bus-3-bus-4-i_6,-89.45837284834073
2020-10-29T07:00:00.0,bus-3-bus-4-i_6,-91.94555155758017
2020-10-29T08:00:00.0,bus-3-bus-4-i_6,-94.73608187643869
2020-10-29T09:00:00.0,bus-3-bus-4-i_6,-96.43464862391798
2020-10-29T10:00:00.0,bus-3-bus-4-i_6,-97.58725562191779
2020-10-29T11:00:00.0,bus-3-bus-4-i_6,-100.19577769636892
2020-10-29T12:00:00.0,bus-3-bus-4-i_6,-96.0403354765398
2020-10-29T13:00:00.0,bus-3-bus-4-i_6,-96.2526578182045
2020-10-29T14:00:00.0,bus-3-bus-4-i_6,-95.6157061478498
2020-10-29T15:00:00.0,bus-3-bus-4-i_6,-94.85740918307278
2020-10-29T16:00:00.0,bus-3-bus-4-i_6,-96.4953121919194
2020-10-29T17:00:00.0,bus-3-bus-4-i_6,-105.29143536401068
2020-10-29T18:00:00.0,bus-3-bus-4-i_6,-106.53498545872458
2020-10-29T19:00:00.0,bus-3-bus-4-i_6,-105.10942117468909
2020-10-29T20:00:00.0,bus-3-bus-4-i_6,-100.74174457042872
2020-10-29T21:00:00.0,bus-3-bus-4-i_6,-95.03940047744521
2020-10-29T22:00:00.0,bus-3-bus-4-i_6,-87.63851158665514
2020-10-29T23:00:00.0,bus-3-bus-4-i_6,-82.6643396433378
2020-10-30T00:00:00.0,bus-3-bus-4-i_6,-79.05520220563264
2020-10-30T01:00:00.0,bus-3-bus-4-i_6,-77.0839023677198
2020-10-30T02:00:00.0,bus-3-bus-4-i_6,-76.3257357737908
2020-10-30T03:00:00.0,bus-3-bus-4-i_6,-77.99373281384834
2020-10-30T04:00:00.0,bus-3-bus-4-i_6,-82.75532839173093
2020-10-30T05:00:00.0,bus-3-bus-4-i_6,-86.09164179825588
2020-10-30T06:00:00.0,bus-3-bus-4-i_6,-83.90786039989449
2020-10-30T07:00:00.0,bus-3-bus-4-i_6,-88.06315079639234
2020-10-30T08:00:00.0,bus-3-bus-4-i_6,-92.30954184363628
2020-10-30T09:00:00.0,bus-3-bus-4-i_6,-95.25172327838396
2020-10-30T10:00:00.0,bus-3-bus-4-i_6,-95.82802803619748
2020-10-30T11:00:00.0,bus-3-bus-4-i_6,-95.40336774463157
2020-10-30T12:00:00.0,bus-3-bus-4-i_6,-95.6157061478498
2020-10-30T13:00:00.0,bus-3-bus-4-i_6,-96.22232602545357
2020-10-30T14:00:00.0,bus-3-bus-4-i_6,-96.31333729084004
2020-10-30T15:00:00.0,bus-3-bus-4-i_6,-96.13134630245996
2020-10-30T16:00:00.0,bus-3-bus-4-i_6,-97.64791928070122
2020-10-30T17:00:00.0,bus-3-bus-4-i_6,-105.62507176756353
2020-10-30T18:00:00.0,bus-3-bus-4-i_6,-106.17098829724458
2020-10-30T19:00:00.0,bus-3-bus-4-i_6,-104.29049140016899
2020-10-30T20:00:00.0,bus-3-bus-4-i_6,-101.10574530632248
2020-10-30T21:00:00.0,bus-3-bus-4-i_6,-95.9493553715685
2020-10-30T22:00:00.0,bus-3-bus-4-i_6,-89.06407393908538
2020-10-30T23:00:00.0,bus-3-bus-4-i_6,-83.5135714855735
2020-10-31T00:00:00.0,bus-3-bus-4-i_6,-76.78064861577126
2020-10-31T01:00:00.0,bus-3-bus-4-i_6,-80.8142600555522
2020-10-31T02:00:00.0,bus-3-bus-4-i_6,-75.9618152934312
2020-10-31T03:00:00.0,bus-3-bus-4-i_6,-76.3257357737908
2020-10-31T04:00:00.0,bus-3-bus-4-i_6,-78.63061599709343
2020-10-31T05:00:00.0,bus-3-bus-4-i_6,-79.78308156230068
2020-10-31T06:00:00.0,bus-3-bus-4-i_6,-78.41832087798602
2020-10-31T07:00:00.0,bus-3-bus-4-i_6,-82.45203419537035
2020-10-31T08:00:00.0,bus-3-bus-4-i_6,-87.45652127810271
2020-10-31T09:00:00.0,bus-3-bus-4-i_6,-90.06499922003943
2020-10-31T10:00:00.0,bus-3-bus-4-i_6,-91.30859808477227
2020-10-31T11:00:00.0,bus-3-bus-4-i_6,-91.76356200401543
2020-10-31T12:00:00.0,bus-3-bus-4-i_6,-91.82422509877492
2020-10-31T13:00:00.0,bus-3-bus-4-i_6,-92.09720949028925
2020-10-31T14:00:00.0,bus-3-bus-4-i_6,-92.27919940842774
2020-10-31T15:00:00.0,bus-3-bus-4-i_6,-92.55219508372423
2020-10-31T16:00:00.0,bus-3-bus-4-i_6,-95.52469498850279
2020-10-31T17:00:00.0,bus-3-bus-4-i_6,-103.95685202787477
2020-10-31T18:00:00.0,bus-3-bus-4-i_6,-104.4421736876109
2020-10-31T19:00:00.0,bus-3-bus-4-i_6,-102.71328003528788
2020-10-31T20:00:00.0,bus-3-bus-4-i_6,-99.92281345756044
2020-10-31T21:00:00.0,bus-3-bus-4-i_6,-94.73608187643869
2020-10-31T22:00:00.0,bus-3-bus-4-i_6,-88.82141725628026
2020-10-31T23:00:00.0,bus-3-bus-4-i_6,-83.05862550227879
2020-11-01T00:00:00.0,bus-3-bus-4-i_6,-86.36461381775335
2020-11-01T01:00:00.0,bus-3-bus-4-i_6,-84.42347022832259
2020-11-01T02:00:00.0,bus-3-bus-4-i_6,-82.51269319528446
2020-11-01T03:00:00.0,bus-3-bus-4-i_6,-81.66346980479982
2020-11-01T04:00:00.0,bus-3-bus-4-i_6,-81.26919398654022
2020-11-01T05:00:00.0,bus-3-bus-4-i_6,-80.60195848061528
2020-11-01T06:00:00.0,bus-3-bus-4-i_6,-81.72413060622866
2020-11-01T07:00:00.0,bus-3-bus-4-i_6,-80.26833598562895
2020-11-01T08:00:00.0,bus-3-bus-4-i_6,-82.6643396433378
2020-11-01T09:00:00.0,bus-3-bus-4-i_6,-86.30396147220372
2020-11-01T10:00:00.0,bus-3-bus-4-i_6,-89.33704763926598
2020-11-01T11:00:00.0,bus-3-bus-4-i_6,-91.12659954428538
2020-11-01T12:00:00.0,bus-3-bus-4-i_6,-91.88488840482081
2020-11-01T13:00:00.0,bus-3-bus-4-i_6,-92.03654645197228
2020-11-01T14:00:00.0,bus-3-bus-4-i_6,-92.67352189196897
2020-11-01T15:00:00.0,bus-3-bus-4-i_6,-93.00715926428296
2020-11-01T16:00:00.0,bus-3-bus-4-i_6,-93.24982468277474
2020-11-01T17:00:00.0,bus-3-bus-4-i_6,-95.25172327838396
2020-11-01T18:00:00.0,bus-3-bus-4-i_6,-103.92652120536255
2020-11-01T19:00:00.0,bus-3-bus-4-i_6,-103.62324399236851
2020-11-01T20:00:00.0,bus-3-bus-4-i_6,-102.47065528698869
2020-11-01T21:00:00.0,bus-3-bus-4-i_6,-100.40812069276575
2020-11-01T22:00:00.0,bus-3-bus-4-i_6,-97.0109523256569
2020-11-01T23:00:00.0,bus-3-bus-4-i_6,-90.73229031935807
2020-11-02T00:00:00.0,bus-3-bus-4-i_6,-84.63578255357848
2020-11-02T01:00:00.0,bus-3-bus-4-i_6,-82.90697724811257
2020-11-02T02:00:00.0,bus-3-bus-4-i_6,-81.93643513653537
2020-11-02T03:00:00.0,bus-3-bus-4-i_6,-81.90610382030421
2020-11-02T04:00:00.0,bus-3-bus-4-i_6,-83.33159286600572
2020-11-02T05:00:00.0,bus-3-bus-4-i_6,-87.51718306747097
2020-11-02T06:00:00.0,bus-3-bus-4-i_6,-88.03280924986872
2020-11-02T07:00:00.0,bus-3-bus-4-i_6,-90.58063301905375
2020-11-02T08:00:00.0,bus-3-bus-4-i_6,-93.61379358399098
2020-11-02T09:00:00.0,bus-3-bus-4-i_6,-96.61663941650455
2020-11-02T10:00:00.0,bus-3-bus-4-i_6,-97.98156832409784
2020-11-02T11:00:00.0,bus-3-bus-4-i_6,-99.34649370676405
2020-11-02T12:00:00.0,bus-3-bus-4-i_6,-99.89246234996702
2020-11-02T13:00:00.0,bus-3-bus-4-i_6,-100.65075043011382
2020-11-02T14:00:00.0,bus-3-bus-4-i_6,-100.83273897263231
2020-11-02T15:00:00.0,bus-3-bus-4-i_6,-99.95312541416197
2020-11-02T16:00:00.0,bus-3-bus-4-i_6,-101.65168668230382
2020-11-02T17:00:00.0,bus-3-bus-4-i_6,-109.14335686986625
2020-11-02T18:00:00.0,bus-3-bus-4-i_6,-108.536765305763
2020-11-02T19:00:00.0,bus-3-bus-4-i_6,-107.53587982345306
2020-11-02T20:00:00.0,bus-3-bus-4-i_6,-105.13978184679829
2020-11-02T21:00:00.0,bus-3-bus-4-i_6,-100.43845224329834
2020-11-02T22:00:00.0,bus-3-bus-4-i_6,-94.85740918307278
2020-11-02T23:00:00.0,bus-3-bus-4-i_6,-90.15599333645662
2020-11-03T00:00:00.0,bus-3-bus-4-i_6,-86.8195782754965
2020-11-03T01:00:00.0,bus-3-bus-4-i_6,-84.87843133890448
2020-11-03T02:00:00.0,bus-3-bus-4-i_6,-83.75621535310134
2020-11-03T03:00:00.0,bus-3-bus-4-i_6,-83.81687089375245
2020-11-03T04:00:00.0,bus-3-bus-4-i_6,-85.2423860792115
2020-11-03T05:00:00.0,bus-3-bus-4-i_6,-89.18539156059796
2020-11-03T06:00:00.0,bus-3-bus-4-i_6,-89.30672353068849
2020-11-03T07:00:00.0,bus-3-bus-4-i_6,-91.55124104831688
2020-11-03T08:00:00.0,bus-3-bus-4-i_6,-94.31142382112976
2020-11-03T09:00:00.0,bus-3-bus-4-i_6,-96.43464862391798
2020-11-03T10:00:00.0,bus-3-bus-4-i_6,-98.1635587376527
2020-11-03T11:00:00.0,bus-3-bus-4-i_6,-99.01286538160683
2020-11-03T12:00:00.0,bus-3-bus-4-i_6,-99.4678410288123
2020-11-03T13:00:00.0,bus-3-bus-4-i_6,-100.43845224329834
2020-11-03T14:00:00.0,bus-3-bus-4-i_6,-100.13511481882593
2020-11-03T15:00:00.0,bus-3-bus-4-i_6,-99.58914658422103
2020-11-03T16:00:00.0,bus-3-bus-4-i_6,-101.62137898891518
2020-11-03T17:00:00.0,bus-3-bus-4-i_6,-108.23346783906966
2020-11-03T18:00:00.0,bus-3-bus-4-i_6,-105.8070555037527
2020-11-03T19:00:00.0,bus-3-bus-4-i_6,-104.80614330929453
2020-11-03T20:00:00.0,bus-3-bus-4-i_6,-103.0469489278837
2020-11-03T21:00:00.0,bus-3-bus-4-i_6,-99.71047288457372
2020-11-03T22:00:00.0,bus-3-bus-4-i_6,-94.34175546233774
2020-11-03T23:00:00.0,bus-3-bus-4-i_6,-89.79201700109837
2020-11-04T00:00:00.0,bus-3-bus-4-i_6,-86.2432914152718
2020-11-04T01:00:00.0,bus-3-bus-4-i_6,-84.69644144223531
2020-11-04T02:00:00.0,bus-3-bus-4-i_6,-83.63488539019446
2020-11-04T03:00:00.0,bus-3-bus-4-i_6,-83.78654020449
2020-11-04T04:00:00.0,bus-3-bus-4-i_6,-85.42437050148122
2020-11-04T05:00:00.0,bus-3-bus-4-i_6,-88.6697616687949
2020-11-04T06:00:00.0,bus-3-bus-4-i_6,-89.30672353068849
2020-11-04T07:00:00.0,bus-3-bus-4-i_6,-91.49057784492383
2020-11-04T08:00:00.0,bus-3-bus-4-i_6,-93.34081977509285
2020-11-04T09:00:00.0,bus-3-bus-4-i_6,-95.73703253413557
2020-11-04T10:00:00.0,bus-3-bus-4-i_6,-96.55597594288732
2020-11-04T11:00:00.0,bus-3-bus-4-i_6,-97.89059085209648
2020-11-04T12:00:00.0,bus-3-bus-4-i_6,-98.13322697105016
2020-11-04T13:00:00.0,bus-3-bus-4-i_6,-98.1635587376527
2020-11-04T14:00:00.0,bus-3-bus-4-i_6,-97.70860050348915
2020-11-04T15:00:00.0,bus-3-bus-4-i_6,-96.7682982946782
2020-11-04T16:00:00.0,bus-3-bus-4-i_6,-99.95312541416197
2020-11-04T17:00:00.0,bus-3-bus-4-i_6,-107.96046364394351
2020-11-04T18:00:00.0,bus-3-bus-4-i_6,-108.26379806917852
2020-11-04T19:00:00.0,bus-3-bus-4-i_6,-107.29324085113691
2020-11-04T20:00:00.0,bus-3-bus-4-i_6,-104.80614330929453
2020-11-04T21:00:00.0,bus-3-bus-4-i_6,-100.37780010489641
2020-11-04T22:00:00.0,bus-3-bus-4-i_6,-94.94840465529128
2020-11-04T23:00:00.0,bus-3-bus-4-i_6,-89.8830109006491
2020-11-05T00:00:00.0,bus-3-bus-4-i_6,-86.21296082468233
2020-11-05T01:00:00.0,bus-3-bus-4-i_6,-84.39314011054337
2020-11-05T02:00:00.0,bus-3-bus-4-i_6,-83.27093303965624
2020-11-05T03:00:00.0,bus-3-bus-4-i_6,-83.48324168119392
2020-11-05T04:00:00.0,bus-3-bus-4-i_6,-84.96941347520371
2020-11-05T05:00:00.0,bus-3-bus-4-i_6,-89.18539156059796
2020-11-05T06:00:00.0,bus-3-bus-4-i_6,-90.12566991469768
2020-11-05T07:00:00.0,bus-3-bus-4-i_6,-91.91523011013115
2020-11-05T08:00:00.0,bus-3-bus-4-i_6,-93.4318172937848
2020-11-05T09:00:00.0,bus-3-bus-4-i_6,-94.9787364801249
2020-11-05T10:00:00.0,bus-3-bus-4-i_6,-96.10099885408113
2020-11-05T11:00:00.0,bus-3-bus-4-i_6,-96.67730277670692
2020-11-05T12:00:00.0,bus-3-bus-4-i_6,-93.37113970495888
2020-11-05T13:00:00.0,bus-3-bus-4-i_6,-93.70480082620887
2020-11-05T14:00:00.0,bus-3-bus-4-i_6,-94.25077332090288
2020-11-05T15:00:00.0,bus-3-bus-4-i_6,-96.55597594288732
2020-11-05T16:00:00.0,bus-3-bus-4-i_6,-98.95218229192379
2020-11-05T17:00:00.0,bus-3-bus-4-i_6,-107.26290999753299
2020-11-05T18:00:00.0,bus-3-bus-4-i_6,-107.74818976450811
2020-11-05T19:00:00.0,bus-3-bus-4-i_6,-106.8685841064082
2020-11-05T20:00:00.0,bus-3-bus-4-i_6,-104.53313770631614
2020-11-05T21:00:00.0,bus-3-bus-4-i_6,-100.10480503357809
2020-11-05T22:00:00.0,bus-3-bus-4-i_6,-95.58535870803568
2020-11-05T23:00:00.0,bus-3-bus-4-i_6,-90.55030163724001
2020-11-06T00:00:00.0,bus-3-bus-4-i_6,-86.8499085725087
2020-11-06T01:00:00.0,bus-3-bus-4-i_6,-85.2423860792115
2020-11-06T02:00:00.0,bus-3-bus-4-i_6,-84.18082972623526
2020-11-06T03:00:00.0,bus-3-bus-4-i_6,-84.21116062852167
2020-11-06T04:00:00.0,bus-3-bus-4-i_6,-85.72767246308757
2020-11-06T05:00:00.0,bus-3-bus-4-i_6,-89.33704763926598
2020-11-06T06:00:00.0,bus-3-bus-4-i_6,-89.21572278623124
2020-11-06T07:00:00.0,bus-3-bus-4-i_6,-91.42992439749429
2020-11-06T08:00:00.0,bus-3-bus-4-i_6,-93.37113970495888
2020-11-06T09:00:00.0,bus-3-bus-4-i_6,-95.64603703236307
2020-11-06T10:00:00.0,bus-3-bus-4-i_6,-97.89059085209648
2020-11-06T11:00:00.0,bus-3-bus-4-i_6,-98.86120743801605
2020-11-06T12:00:00.0,bus-3-bus-4-i_6,-98.04223170855833
2020-11-06T13:00:00.0,bus-3-bus-4-i_6,-98.07256354026104
2020-11-06T14:00:00.0,bus-3-bus-4-i_6,-97.67827375330774
2020-11-06T15:00:00.0,bus-3-bus-4-i_6,-96.40431675545666
2020-11-06T16:00:00.0,bus-3-bus-4-i_6,-98.92187078362143
2020-11-06T17:00:00.0,bus-3-bus-4-i_6,-106.38330057087069
2020-11-06T18:00:00.0,bus-3-bus-4-i_6,-106.01933631614654
2020-11-06T19:00:00.0,bus-3-bus-4-i_6,-105.59471024276323
2020-11-06T20:00:00.0,bus-3-bus-4-i_6,-103.28957071297124
2020-11-06T21:00:00.0,bus-3-bus-4-i_6,-99.95312541416197
2020-11-06T22:00:00.0,bus-3-bus-4-i_6,-96.10099885408113
2020-11-06T23:00:00.0,bus-3-bus-4-i_6,-91.55124104831688
2020-11-07T00:00:00.0,bus-3-bus-4-i_6,-85.27271856069984
2020-11-07T01:00:00.0,bus-3-bus-4-i_6,-82.8766468707392
2020-11-07T02:00:00.0,bus-3-bus-4-i_6,-81.48149727418526
2020-11-07T03:00:00.0,bus-3-bus-4-i_6,-80.7536023652064
2020-11-07T04:00:00.0,bus-3-bus-4-i_6,-80.87491480638906
2020-11-07T05:00:00.0,bus-3-bus-4-i_6,-82.48236243679247
2020-11-07T06:00:00.0,bus-3-bus-4-i_6,-79.90439551050845
2020-11-07T07:00:00.0,bus-3-bus-4-i_6,-80.32900012391117
2020-11-07T08:00:00.0,bus-3-bus-4-i_6,-83.99884993482148
2020-11-07T09:00:00.0,bus-3-bus-4-i_6,-87.30486687252781
2020-11-07T10:00:00.0,bus-3-bus-4-i_6,-89.97400499917578
2020-11-07T11:00:00.0,bus-3-bus-4-i_6,-93.6744690495999
2020-11-07T12:00:00.0,bus-3-bus-4-i_6,-93.94745502919619
2020-11-07T13:00:00.0,bus-3-bus-4-i_6,-94.12944610378035
2020-11-07T14:00:00.0,bus-3-bus-4-i_6,-93.76546470416525
2020-11-07T15:00:00.0,bus-3-bus-4-i_6,-93.85645973369812
2020-11-07T16:00:00.0,bus-3-bus-4-i_6,-96.7682982946782
2020-11-07T17:00:00.0,bus-3-bus-4-i_6,-104.50280707189317
2020-11-07T18:00:00.0,bus-3-bus-4-i_6,-103.83556102283347
2020-11-07T19:00:00.0,bus-3-bus-4-i_6,-101.56071634071023
2020-11-07T20:00:00.0,bus-3-bus-4-i_6,-100.04414101771282
2020-11-07T21:00:00.0,bus-3-bus-4-i_6,-97.49626047212901
2020-11-07T22:00:00.0,bus-3-bus-4-i_6,-94.85740918307278
2020-11-07T23:00:00.0,bus-3-bus-4-i_6,-90.45930726242091
2020-11-08T00:00:00.0,bus-3-bus-4-i_6,-86.33428321453955
2020-11-08T01:00:00.0,bus-3-bus-4-i_6,-83.9685198710831
2020-11-08T02:00:00.0,bus-3-bus-4-i_6,-82.20939734230792
2020-11-08T03:00:00.0,bus-3-bus-4-i_6,-81.69380132794669
2020-11-08T04:00:00.0,bus-3-bus-4-i_6,-81.51182648951153
2020-11-08T05:00:00.0,bus-3-bus-4-i_6,-82.57335099602368
2020-11-08T06:00:00.0,bus-3-bus-4-i_6,-80.02570966836014
2020-11-08T07:00:00.0,bus-3-bus-4-i_6,-80.51096827667266
2020-11-08T08:00:00.0,bus-3-bus-4-i_6,-84.02918037617954
2020-11-08T09:00:00.0,bus-3-bus-4-i_6,-87.79016126106116
2020-11-08T10:00:00.0,bus-3-bus-4-i_6,-90.55030163724001
2020-11-08T11:00:00.0,bus-3-bus-4-i_6,-91.85455678936822
2020-11-08T12:00:00.0,bus-3-bus-4-i_6,-92.30954184363628
2020-11-08T13:00:00.0,bus-3-bus-4-i_6,-92.43085752563593
2020-11-08T14:00:00.0,bus-3-bus-4-i_6,-92.15787294288626
2020-11-08T15:00:00.0,bus-3-bus-4-i_6,-92.00621481935704
2020-11-08T16:00:00.0,bus-3-bus-4-i_6,-95.40336774463157
2020-11-08T17:00:00.0,bus-3-bus-4-i_6,-104.47250504455567
2020-11-08T18:00:00.0,bus-3-bus-4-i_6,-103.62324399236851
2020-11-08T19:00:00.0,bus-3-bus-4-i_6,-101.53038494347655
2020-11-08T20:00:00.0,bus-3-bus-4-i_6,-98.04223170855833
2020-11-08T21:00:00.0,bus-3-bus-4-i_6,-94.19009674558161
2020-11-08T22:00:00.0,bus-3-bus-4-i_6,-90.3379895638798
2020-11-08T23:00:00.0,bus-3-bus-4-i_6,-86.06130806554306
2020-11-09T00:00:00.0,bus-3-bus-4-i_6,-82.99796615522274
2020-11-09T01:00:00.0,bus-3-bus-4-i_6,-80.96590448423314
2020-11-09T02:00:00.0,bus-3-bus-4-i_6,-80.02570966836014
2020-11-09T03:00:00.0,bus-3-bus-4-i_6,-79.63143941124872
2020-11-09T04:00:00.0,bus-3-bus-4-i_6,-81.147877993867
2020-11-09T05:00:00.0,bus-3-bus-4-i_6,-85.21205566985218
2020-11-09T06:00:00.0,bus-3-bus-4-i_6,-85.87933333414381
2020-11-09T07:00:00.0,bus-3-bus-4-i_6,-88.00247826962494
2020-11-09T08:00:00.0,bus-3-bus-4-i_6,-90.88395894610517
2020-11-09T09:00:00.0,bus-3-bus-4-i_6,-94.12944610378035
2020-11-09T10:00:00.0,bus-3-bus-4-i_6,-97.10196459478317
2020-11-09T11:00:00.0,bus-3-bus-4-i_6,-98.22422208373162
2020-11-09T12:00:00.0,bus-3-bus-4-i_6,-100.1654462115932
2020-11-09T13:00:00.0,bus-3-bus-4-i_6,-100.28677223137205
2020-11-09T14:00:00.0,bus-3-bus-4-i_6,-101.25737895740686
2020-11-09T15:00:00.0,bus-3-bus-4-i_6,-100.43845224329834
2020-11-09T16:00:00.0,bus-3-bus-4-i_6,-102.92562385453625
2020-11-09T17:00:00.0,bus-3-bus-4-i_6,-110.47780203956312
2020-11-09T18:00:00.0,bus-3-bus-4-i_6,-109.14335686986625
2020-11-09T19:00:00.0,bus-3-bus-4-i_6,-107.02026866421359
2020-11-09T20:00:00.0,bus-3-bus-4-i_6,-103.62324399236851
2020-11-09T21:00:00.0,bus-3-bus-4-i_6,-98.95218229192379
2020-11-09T22:00:00.0,bus-3-bus-4-i_6,-94.28110025219694
2020-11-09T23:00:00.0,bus-3-bus-4-i_6,-89.39771014929737
2020-11-10T00:00:00.0,bus-3-bus-4-i_6,-85.33337700295787
2020-11-10T01:00:00.0,bus-3-bus-4-i_6,-83.66522074665393
2020-11-10T02:00:00.0,bus-3-bus-4-i_6,-82.57335099602368
2020-11-10T03:00:00.0,bus-3-bus-4-i_6,-81.93643513653537
2020-11-10T04:00:00.0,bus-3-bus-4-i_6,-82.93730616872823
2020-11-10T05:00:00.0,bus-3-bus-4-i_6,-86.91057101553218
2020-11-10T06:00:00.0,bus-3-bus-4-i_6,-87.51718306747097
2020-11-10T07:00:00.0,bus-3-bus-4-i_6,-89.97400499917578
2020-11-10T08:00:00.0,bus-3-bus-4-i_6,-92.82516913140462
2020-11-10T09:00:00.0,bus-3-bus-4-i_6,-94.79673204495896
2020-11-10T10:00:00.0,bus-3-bus-4-i_6,-97.5265922096567
2020-11-10T11:00:00.0,bus-3-bus-4-i_6,-99.5588354727278
2020-11-10T12:00:00.0,bus-3-bus-4-i_6,-100.83273897263231
2020-11-10T13:00:00.0,bus-3-bus-4-i_6,-102.34930593149367
2020-11-10T14:00:00.0,bus-3-bus-4-i_6,-104.95779760599805
2020-11-10T15:00:00.0,bus-3-bus-4-i_6,-104.35118162470012
2020-11-10T16:00:00.0,bus-3-bus-4-i_6,-105.13978184679829
2020-11-10T17:00:00.0,bus-3-bus-4-i_6,-111.7212774334174
2020-11-10T18:00:00.0,bus-3-bus-4-i_6,-110.47780203956312
2020-11-10T19:00:00.0,bus-3-bus-4-i_6,-108.536765305763
2020-11-10T20:00:00.0,bus-3-bus-4-i_6,-104.95779760599805
2020-11-10T21:00:00.0,bus-3-bus-4-i_6,-100.65075043011382
2020-11-10T22:00:00.0,bus-3-bus-4-i_6,-95.58535870803568
2020-11-10T23:00:00.0,bus-3-bus-4-i_6,-90.58063301905375
2020-11-11T00:00:00.0,bus-3-bus-4-i_6,-86.27362213349384
2020-11-11T01:00:00.0,bus-3-bus-4-i_6,-83.99884993482148
2020-11-11T02:00:00.0,bus-3-bus-4-i_6,-82.93730616872823
2020-11-11T03:00:00.0,bus-3-bus-4-i_6,-82.75532839173093
2020-11-11T04:00:00.0,bus-3-bus-4-i_6,-84.15049971463408
2020-11-11T05:00:00.0,bus-3-bus-4-i_6,-88.03280924986872
2020-11-11T06:00:00.0,bus-3-bus-4-i_6,-88.21479528159074
2020-11-11T07:00:00.0,bus-3-bus-4-i_6,-90.39865272071293
2020-11-11T08:00:00.0,bus-3-bus-4-i_6,-92.61285848398661
2020-11-11T09:00:00.0,bus-3-bus-4-i_6,-95.79769670512508
2020-11-11T10:00:00.0,bus-3-bus-4-i_6,-98.95218229192379
2020-11-11T11:00:00.0,bus-3-bus-4-i_6,-101.31804163752815
2020-11-11T12:00:00.0,bus-3-bus-4-i_6,-102.92562385453625
2020-11-11T13:00:00.0,bus-3-bus-4-i_6,-103.44125268794919
2020-11-11T14:00:00.0,bus-3-bus-4-i_6,-103.59290743857645
2020-11-11T15:00:00.0,bus-3-bus-4-i_6,-103.92652120536255
2020-11-11T16:00:00.0,bus-3-bus-4-i_6,-105.59471024276323
2020-11-11T17:00:00.0,bus-3-bus-4-i_6,-112.81314206407185
2020-11-11T18:00:00.0,bus-3-bus-4-i_6,-112.02460865084805
2020-11-11T19:00:00.0,bus-3-bus-4-i_6,-109.7196161009587
2020-11-11T20:00:00.0,bus-3-bus-4-i_6,-106.7472962620367
2020-11-11T21:00:00.0,bus-3-bus-4-i_6,-102.47065528698869
2020-11-11T22:00:00.0,bus-3-bus-4-i_6,-97.7692645736446
2020-11-11T23:00:00.0,bus-3-bus-4-i_6,-92.43085752563593
2020-11-12T00:00:00.0,bus-3-bus-4-i_6,-88.82141725628026
2020-11-12T01:00:00.0,bus-3-bus-4-i_6,-85.90965830290385
2020-11-12T02:00:00.0,bus-3-bus-4-i_6,-84.36281013408552
2020-11-12T03:00:00.0,bus-3-bus-4-i_6,-83.87752995142729
2020-11-12T04:00:00.0,bus-3-bus-4-i_6,-84.69644144223531
2020-11-12T05:00:00.0,bus-3-bus-4-i_6,-88.21479528159074
2020-11-12T06:00:00.0,bus-3-bus-4-i_6,-88.36645643752435
2020-11-12T07:00:00.0,bus-3-bus-4-i_6,-91.09626791728537
2020-11-12T08:00:00.0,bus-3-bus-4-i_6,-95.43371419975871
2020-11-12T09:00:00.0,bus-3-bus-4-i_6,-98.64888539714111
2020-11-12T10:00:00.0,bus-3-bus-4-i_6,-101.1360533579139
2020-11-12T11:00:00.0,bus-3-bus-4-i_6,-102.34930593149367
2020-11-12T12:00:00.0,bus-3-bus-4-i_6,-102.98628617265106
2020-11-12T13:00:00.0,bus-3-bus-4-i_6,-102.28864335185999
2020-11-12T14:00:00.0,bus-3-bus-4-i_6,-102.74361115083128
2020-11-12T15:00:00.0,bus-3-bus-4-i_6,-101.28771019229173
2020-11-12T16:00:00.0,bus-3-bus-4-i_6,-102.95595501849802
2020-11-12T17:00:00.0,bus-3-bus-4-i_6,-109.78027399070798
2020-11-12T18:00:00.0,bus-3-bus-4-i_6,-108.62775485256289
2020-11-12T19:00:00.0,bus-3-bus-4-i_6,-106.23168135746064
2020-11-12T20:00:00.0,bus-3-bus-4-i_6,-103.47155687329345
2020-11-12T21:00:00.0,bus-3-bus-4-i_6,-99.4678410288123
2020-11-12T22:00:00.0,bus-3-bus-4-i_6,-95.85836037309986
2020-11-12T23:00:00.0,bus-3-bus-4-i_6,-90.61096434965464
2020-11-13T00:00:00.0,bus-3-bus-4-i_6,-87.15321856236721
2020-11-13T01:00:00.0,bus-3-bus-4-i_6,-84.87843133890448
2020-11-13T02:00:00.0,bus-3-bus-4-i_6,-83.14961450443971
2020-11-13T03:00:00.0,bus-3-bus-4-i_6,-83.21027395851154
2020-11-13T04:00:00.0,bus-3-bus-4-i_6,-83.81687089375245
2020-11-13T05:00:00.0,bus-3-bus-4-i_6,-86.5769322377432
2020-11-13T06:00:00.0,bus-3-bus-4-i_6,-85.12106480625413
2020-11-13T07:00:00.0,bus-3-bus-4-i_6,-86.6982513373466
2020-11-13T08:00:00.0,bus-3-bus-4-i_6,-89.8830109006491
2020-11-13T09:00:00.0,bus-3-bus-4-i_6,-92.79484927055093
2020-11-13T10:00:00.0,bus-3-bus-4-i_6,-95.10006413229593
2020-11-13T11:00:00.0,bus-3-bus-4-i_6,-95.67635389884441
2020-11-13T12:00:00.0,bus-3-bus-4-i_6,-96.1616785215508
2020-11-13T13:00:00.0,bus-3-bus-4-i_6,-95.97967180717998
2020-11-13T14:00:00.0,bus-3-bus-4-i_6,-95.55502672154923
2020-11-13T15:00:00.0,bus-3-bus-4-i_6,-95.13038176699685
2020-11-13T16:00:00.0,bus-3-bus-4-i_6,-98.01190004236884
2020-11-13T17:00:00.0,bus-3-bus-4-i_6,-105.35206584159411
2020-11-13T18:00:00.0,bus-3-bus-4-i_6,-103.95685202787477
2020-11-13T19:00:00.0,bus-3-bus-4-i_6,-102.44029940979391
2020-11-13T20:00:00.0,bus-3-bus-4-i_6,-100.22613135798326
2020-11-13T21:00:00.0,bus-3-bus-4-i_6,-97.67827375330774
2020-11-13T22:00:00.0,bus-3-bus-4-i_6,-94.88774100628538
2020-11-13T23:00:00.0,bus-3-bus-4-i_6,-91.27826651928252
2020-11-14T00:00:00.0,bus-3-bus-4-i_6,-87.94181613252542
2020-11-14T01:00:00.0,bus-3-bus-4-i_6,-85.72767246308757
2020-11-14T02:00:00.0,bus-3-bus-4-i_6,-84.39314011054337
2020-11-14T03:00:00.0,bus-3-bus-4-i_6,-84.18082972623526
2020-11-14T04:00:00.0,bus-3-bus-4-i_6,-84.48413051241187
2020-11-14T05:00:00.0,bus-3-bus-4-i_6,-86.06130806554306
2020-11-14T06:00:00.0,bus-3-bus-4-i_6,-85.636683659861
2020-11-14T07:00:00.0,bus-3-bus-4-i_6,-85.75800298128817
2020-11-14T08:00:00.0,bus-3-bus-4-i_6,-88.42711273651219
2020-11-14T09:00:00.0,bus-3-bus-4-i_6,-91.55124104831688
2020-11-14T10:00:00.0,bus-3-bus-4-i_6,-92.976827576202
2020-11-14T11:00:00.0,bus-3-bus-4-i_6,-93.79578405824296
2020-11-14T12:00:00.0,bus-3-bus-4-i_6,-93.24982468277474
2020-11-14T13:00:00.0,bus-3-bus-4-i_6,-93.4318172937848
2020-11-14T14:00:00.0,bus-3-bus-4-i_6,-92.94649571783873
2020-11-14T15:00:00.0,bus-3-bus-4-i_6,-92.79484927055093
2020-11-14T16:00:00.0,bus-3-bus-4-i_6,-96.0403354765398
2020-11-14T17:00:00.0,bus-3-bus-4-i_6,-103.28957071297124
2020-11-14T18:00:00.0,bus-3-bus-4-i_6,-102.74361115083128
2020-11-14T19:00:00.0,bus-3-bus-4-i_6,-101.19671601834904
2020-11-14T20:00:00.0,bus-3-bus-4-i_6,-99.04319757989137
2020-11-14T21:00:00.0,bus-3-bus-4-i_6,-97.04130097078374
2020-11-14T22:00:00.0,bus-3-bus-4-i_6,-94.64508642107066
2020-11-14T23:00:00.0,bus-3-bus-4-i_6,-91.36926122135533
2020-11-15T00:00:00.0,bus-3-bus-4-i_6,-88.06315079639234
2020-11-15T01:00:00.0,bus-3-bus-4-i_6,-84.75710184023517
2020-11-15T02:00:00.0,bus-3-bus-4-i_6,-83.63488539019446
2020-11-15T03:00:00.0,bus-3-bus-4-i_6,-82.8766468707392
2020-11-15T04:00:00.0,bus-3-bus-4-i_6,-82.8766468707392
2020-11-15T05:00:00.0,bus-3-bus-4-i_6,-83.36192271290595
2020-11-15T06:00:00.0,bus-3-bus-4-i_6,-81.51182648951153
2020-11-15T07:00:00.0,bus-3-bus-4-i_6,-82.3610443492056
2020-11-15T08:00:00.0,bus-3-bus-4-i_6,-85.51535940121974
2020-11-15T09:00:00.0,bus-3-bus-4-i_6,-87.69917354933186
2020-11-15T10:00:00.0,bus-3-bus-4-i_6,-89.42804870265275
2020-11-15T11:00:00.0,bus-3-bus-4-i_6,-89.97400499917578
2020-11-15T12:00:00.0,bus-3-bus-4-i_6,-90.06499922003943
2020-11-15T13:00:00.0,bus-3-bus-4-i_6,-89.64036052990309
2020-11-15T14:00:00.0,bus-3-bus-4-i_6,-88.79108619787831
2020-11-15T15:00:00.0,bus-3-bus-4-i_6,-89.09439790361905
2020-11-15T16:00:00.0,bus-3-bus-4-i_6,-94.19009674558161
2020-11-15T17:00:00.0,bus-3-bus-4-i_6,-102.31897465340356
2020-11-15T18:00:00.0,bus-3-bus-4-i_6,-102.53131820291337
2020-11-15T19:00:00.0,bus-3-bus-4-i_6,-101.10574530632248
2020-11-15T20:00:00.0,bus-3-bus-4-i_6,-99.1948616214841
2020-11-15T21:00:00.0,bus-3-bus-4-i_6,-96.55597594288732
2020-11-15T22:00:00.0,bus-3-bus-4-i_6,-93.55313017497872
2020-11-15T23:00:00.0,bus-3-bus-4-i_6,-89.48870398329095
2020-11-16T00:00:00.0,bus-3-bus-4-i_6,-86.15229966181447
2020-11-16T01:00:00.0,bus-3-bus-4-i_6,-84.42347022832259
2020-11-16T02:00:00.0,bus-3-bus-4-i_6,-84.08983983810812
2020-11-16T03:00:00.0,bus-3-bus-4-i_6,-84.18082972623526
2020-11-16T04:00:00.0,bus-3-bus-4-i_6,-85.78833615945263
2020-11-16T05:00:00.0,bus-3-bus-4-i_6,-89.33704763926598
2020-11-16T06:00:00.0,bus-3-bus-4-i_6,-92.06687794112511
2020-11-16T07:00:00.0,bus-3-bus-4-i_6,-92.91616416980264
2020-11-16T08:00:00.0,bus-3-bus-4-i_6,-94.03843785989045
2020-11-16T09:00:00.0,bus-3-bus-4-i_6,-94.88774100628538
2020-11-16T10:00:00.0,bus-3-bus-4-i_6,-95.9493553715685
2020-11-16T11:00:00.0,bus-3-bus-4-i_6,-100.13511481882593
2020-11-16T12:00:00.0,bus-3-bus-4-i_6,-103.59290743857645
2020-11-16T13:00:00.0,bus-3-bus-4-i_6,-102.50096166289325
2020-11-16T14:00:00.0,bus-3-bus-4-i_6,-99.98347666752699
2020-11-16T15:00:00.0,bus-3-bus-4-i_6,-93.58346170803777
2020-11-16T16:00:00.0,bus-3-bus-4-i_6,-98.95218229192379
2020-11-16T17:00:00.0,bus-3-bus-4-i_6,-106.80795675747339
2020-11-16T18:00:00.0,bus-3-bus-4-i_6,-107.26290999753299
2020-11-16T19:00:00.0,bus-3-bus-4-i_6,-106.95960784063328
2020-11-16T20:00:00.0,bus-3-bus-4-i_6,-103.22893507504156
2020-11-16T21:00:00.0,bus-3-bus-4-i_6,-99.28585104596802
2020-11-16T22:00:00.0,bus-3-bus-4-i_6,-95.1607277893173
2020-11-16T23:00:00.0,bus-3-bus-4-i_6,-90.18632471684543
2020-11-17T00:00:00.0,bus-3-bus-4-i_6,-86.7285820668694
2020-11-17T01:00:00.0,bus-3-bus-4-i_6,-84.87843133890448
2020-11-17T02:00:00.0,bus-3-bus-4-i_6,-84.30214995230627
2020-11-17T03:00:00.0,bus-3-bus-4-i_6,-84.60545232528003
2020-11-17T04:00:00.0,bus-3-bus-4-i_6,-85.87933333414381
2020-11-17T05:00:00.0,bus-3-bus-4-i_6,-89.39771014929737
2020-11-17T06:00:00.0,bus-3-bus-4-i_6,-89.8830109006491
2020-11-17T07:00:00.0,bus-3-bus-4-i_6,-90.94461061499727
2020-11-17T08:00:00.0,bus-3-bus-4-i_6,-92.43085752563593
2020-11-17T09:00:00.0,bus-3-bus-4-i_6,-94.22044114847354
2020-11-17T10:00:00.0,bus-3-bus-4-i_6,-95.79769670512508
2020-11-17T11:00:00.0,bus-3-bus-4-i_6,-96.82896169026908
2020-11-17T12:00:00.0,bus-3-bus-4-i_6,-97.19296002292275
2020-11-17T13:00:00.0,bus-3-bus-4-i_6,-97.95123661612207
2020-11-17T14:00:00.0,bus-3-bus-4-i_6,-97.5265922096567
2020-11-17T15:00:00.0,bus-3-bus-4-i_6,-96.82896169026908
2020-11-17T16:00:00.0,bus-3-bus-4-i_6,-100.65075043011382
2020-11-17T17:00:00.0,bus-3-bus-4-i_6,-106.95960784063328
2020-11-17T18:00:00.0,bus-3-bus-4-i_6,-107.17191930326564
2020-11-17T19:00:00.0,bus-3-bus-4-i_6,-105.35206584159411
2020-11-17T20:00:00.0,bus-3-bus-4-i_6,-102.5919552569907
2020-11-17T21:00:00.0,bus-3-bus-4-i_6,-98.89153914652482
2020-11-17T22:00:00.0,bus-3-bus-4-i_6,-94.9180589698048
2020-11-17T23:00:00.0,bus-3-bus-4-i_6,-89.57970530218785
2020-11-18T00:00:00.0,bus-3-bus-4-i_6,-94.03843785989045
2020-11-18T01:00:00.0,bus-3-bus-4-i_6,-92.4612000756188
2020-11-18T02:00:00.0,bus-3-bus-4-i_6,-92.09720949028925
2020-11-18T03:00:00.0,bus-3-bus-4-i_6,-92.03654645197228
2020-11-18T04:00:00.0,bus-3-bus-4-i_6,-93.85645973369812
2020-11-18T05:00:00.0,bus-3-bus-4-i_6,-98.07256354026104
2020-11-18T06:00:00.0,bus-3-bus-4-i_6,-99.34649370676405
2020-11-18T07:00:00.0,bus-3-bus-4-i_6,-99.98347666752699
2020-11-18T08:00:00.0,bus-3-bus-4-i_6,-100.86309355049248
2020-11-18T09:00:00.0,bus-3-bus-4-i_6,-101.95499965659458
2020-11-18T10:00:00.0,bus-3-bus-4-i_6,-102.74361115083128
2020-11-18T11:00:00.0,bus-3-bus-4-i_6,-104.07817554310775
2020-11-18T12:00:00.0,bus-3-bus-4-i_6,-104.35118162470012
2020-11-18T13:00:00.0,bus-3-bus-4-i_6,-104.38148394781533
2020-11-18T14:00:00.0,bus-3-bus-4-i_6,-104.01751390325327
2020-11-18T15:00:00.0,bus-3-bus-4-i_6,-103.25926617824885
2020-11-18T16:00:00.0,bus-3-bus-4-i_6,-107.26290999753299
2020-11-18T17:00:00.0,bus-3-bus-4-i_6,-115.17862701335405
2020-11-18T18:00:00.0,bus-3-bus-4-i_6,-115.17862706509652
2020-11-18T19:00:00.0,bus-3-bus-4-i_6,-113.63199863933372
2020-11-18T20:00:00.0,bus-3-bus-4-i_6,-111.20573703628109
2020-11-18T21:00:00.0,bus-3-bus-4-i_6,-108.41544690526004
2020-11-18T22:00:00.0,bus-3-bus-4-i_6,-104.16916815150392
2020-11-18T23:00:00.0,bus-3-bus-4-i_6,-99.28585104596802
2020-11-19T00:00:00.0,bus-3-bus-4-i_6,-87.79016126106116
2020-11-19T01:00:00.0,bus-3-bus-4-i_6,-85.87933333414381
2020-11-19T02:00:00.0,bus-3-bus-4-i_6,-85.12106480625413
2020-11-19T03:00:00.0,bus-3-bus-4-i_6,-85.54569225715657
2020-11-19T04:00:00.0,bus-3-bus-4-i_6,-87.5475138778758
2020-11-19T05:00:00.0,bus-3-bus-4-i_6,-92.52185241320069
2020-11-19T06:00:00.0,bus-3-bus-4-i_6,-93.46215201201149
2020-11-19T07:00:00.0,bus-3-bus-4-i_6,-93.46215193785036
2020-11-19T08:00:00.0,bus-3-bus-4-i_6,-94.22044114847354
2020-11-19T09:00:00.0,bus-3-bus-4-i_6,-95.10006413229593
2020-11-19T10:00:00.0,bus-3-bus-4-i_6,-95.9493553715685
2020-11-19T11:00:00.0,bus-3-bus-4-i_6,-95.40336774463157
2020-11-19T12:00:00.0,bus-3-bus-4-i_6,-95.58535870803568
2020-11-19T13:00:00.0,bus-3-bus-4-i_6,-95.52469498850279
2020-11-19T14:00:00.0,bus-3-bus-4-i_6,-95.37303593089138
2020-11-19T15:00:00.0,bus-3-bus-4-i_6,-94.55407788603104
2020-11-19T16:00:00.0,bus-3-bus-4-i_6,-98.4972073570215
2020-11-19T17:00:00.0,bus-3-bus-4-i_6,-105.86771651854473
2020-11-19T18:00:00.0,bus-3-bus-4-i_6,-106.14069061887506
2020-11-19T19:00:00.0,bus-3-bus-4-i_6,-104.74548221097454
2020-11-19T20:00:00.0,bus-3-bus-4-i_6,-102.44029940979391
2020-11-19T21:00:00.0,bus-3-bus-4-i_6,-99.40715694171602
2020-11-19T22:00:00.0,bus-3-bus-4-i_6,-95.10006413229593
2020-11-19T23:00:00.0,bus-3-bus-4-i_6,-90.76262175303481
2020-11-20T00:00:00.0,bus-3-bus-4-i_6,-87.63851158665514
2020-11-20T01:00:00.0,bus-3-bus-4-i_6,-85.90965830290385
2020-11-20T02:00:00.0,bus-3-bus-4-i_6,-85.27271856069984
2020-11-20T03:00:00.0,bus-3-bus-4-i_6,-85.51535940121974
2020-11-20T04:00:00.0,bus-3-bus-4-i_6,-87.33520238654116
2020-11-20T05:00:00.0,bus-3-bus-4-i_6,-91.5209097226531
2020-11-20T06:00:00.0,bus-3-bus-4-i_6,-93.21949300255228
2020-11-20T07:00:00.0,bus-3-bus-4-i_6,-92.85550088688262
2020-11-20T08:00:00.0,bus-3-bus-4-i_6,-94.03843785989045
2020-11-20T09:00:00.0,bus-3-bus-4-i_6,-95.46403138063572
2020-11-20T10:00:00.0,bus-3-bus-4-i_6,-95.49436319069463
2020-11-20T11:00:00.0,bus-3-bus-4-i_6,-96.373985018596
2020-11-20T12:00:00.0,bus-3-bus-4-i_6,-96.3436531919186
2020-11-20T13:00:00.0,bus-3-bus-4-i_6,-96.46498033879831
2020-11-20T14:00:00.0,bus-3-bus-4-i_6,-95.64603703236307
2020-11-20T15:00:00.0,bus-3-bus-4-i_6,-94.94840465529128
2020-11-20T16:00:00.0,bus-3-bus-4-i_6,-98.10289508670154
2020-11-20T17:00:00.0,bus-3-bus-4-i_6,-104.8668052707333
2020-11-20T18:00:00.0,bus-3-bus-4-i_6,-103.92652120536255
2020-11-20T19:00:00.0,bus-3-bus-4-i_6,-102.34930593149367
2020-11-20T20:00:00.0,bus-3-bus-4-i_6,-100.07447344377134
2020-11-20T21:00:00.0,bus-3-bus-4-i_6,-97.95123661612207
2020-11-20T22:00:00.0,bus-3-bus-4-i_6,-95.3427040972314
2020-11-20T23:00:00.0,bus-3-bus-4-i_6,-91.36926122135533
2020-11-21T00:00:00.0,bus-3-bus-4-i_6,-88.06315079639234
2020-11-21T01:00:00.0,bus-3-bus-4-i_6,-85.84900277619178
2020-11-21T02:00:00.0,bus-3-bus-4-i_6,-84.87843133890448
2020-11-21T03:00:00.0,bus-3-bus-4-i_6,-84.72677152044909
2020-11-21T04:00:00.0,bus-3-bus-4-i_6,-85.39403789083431
2020-11-21T05:00:00.0,bus-3-bus-4-i_6,-87.15321856236721
2020-11-21T06:00:00.0,bus-3-bus-4-i_6,-86.00064695800069
2020-11-21T07:00:00.0,bus-3-bus-4-i_6,-85.54569225715657
2020-11-21T08:00:00.0,bus-3-bus-4-i_6,-88.03280924986872
2020-11-21T09:00:00.0,bus-3-bus-4-i_6,-90.0043447865352
2020-11-21T10:00:00.0,bus-3-bus-4-i_6,-91.1872625814745
2020-11-21T11:00:00.0,bus-3-bus-4-i_6,-92.21854664322076
2020-11-21T12:00:00.0,bus-3-bus-4-i_6,-92.61285848398661
2020-11-21T13:00:00.0,bus-3-bus-4-i_6,-92.40052597004016
2020-11-21T14:00:00.0,bus-3-bus-4-i_6,-92.4612000756188
2020-11-21T15:00:00.0,bus-3-bus-4-i_6,-92.12755166477069
2020-11-21T16:00:00.0,bus-3-bus-4-i_6,-96.10099885408113
2020-11-21T17:00:00.0,bus-3-bus-4-i_6,-105.07909056774783
2020-11-21T18:00:00.0,bus-3-bus-4-i_6,-102.01566209838712
2020-11-21T19:00:00.0,bus-3-bus-4-i_6,-99.98347666752699
2020-11-21T20:00:00.0,bus-3-bus-4-i_6,-97.7692645736446
2020-11-21T21:00:00.0,bus-3-bus-4-i_6,-96.07066723953908
2020-11-21T22:00:00.0,bus-3-bus-4-i_6,-93.97777440901412
2020-11-21T23:00:00.0,bus-3-bus-4-i_6,-90.21665612995518
2020-11-22T00:00:00.0,bus-3-bus-4-i_6,-86.75891279932435
2020-11-22T01:00:00.0,bus-3-bus-4-i_6,-84.60545232528003
2020-11-22T02:00:00.0,bus-3-bus-4-i_6,-83.17994429813446
2020-11-22T03:00:00.0,bus-3-bus-4-i_6,-82.90697724811257
2020-11-22T04:00:00.0,bus-3-bus-4-i_6,-83.11928486407213
2020-11-22T05:00:00.0,bus-3-bus-4-i_6,-84.30214995230627
2020-11-22T06:00:00.0,bus-3-bus-4-i_6,-82.48236243679247
2020-11-22T07:00:00.0,bus-3-bus-4-i_6,-82.48243649144973
2020-11-22T08:00:00.0,bus-3-bus-4-i_6,-85.03007578509079
2020-11-22T09:00:00.0,bus-3-bus-4-i_6,-88.00247826962494
2020-11-22T10:00:00.0,bus-3-bus-4-i_6,-90.09533814922968
2020-11-22T11:00:00.0,bus-3-bus-4-i_6,-91.58157255282838
2020-11-22T12:00:00.0,bus-3-bus-4-i_6,-91.91523011013115
2020-11-22T13:00:00.0,bus-3-bus-4-i_6,-92.15787294288626
2020-11-22T14:00:00.0,bus-3-bus-4-i_6,-91.88488840482081
2020-11-22T15:00:00.0,bus-3-bus-4-i_6,-91.79390259935136
2020-11-22T16:00:00.0,bus-3-bus-4-i_6,-95.79769670512508
2020-11-22T17:00:00.0,bus-3-bus-4-i_6,-102.98628617265106
2020-11-22T18:00:00.0,bus-3-bus-4-i_6,-102.34930593149367
2020-11-22T19:00:00.0,bus-3-bus-4-i_6,-100.68108167256342
2020-11-22T20:00:00.0,bus-3-bus-4-i_6,-98.40623153859389
2020-11-22T21:00:00.0,bus-3-bus-4-i_6,-95.58535870803568
2020-11-22T22:00:00.0,bus-3-bus-4-i_6,-92.82516913140462
2020-11-22T23:00:00.0,bus-3-bus-4-i_6,-88.6697616687949
2020-11-23T00:00:00.0,bus-3-bus-4-i_6,-85.57602784756637
2020-11-23T01:00:00.0,bus-3-bus-4-i_6,-84.02918037617954
2020-11-23T02:00:00.0,bus-3-bus-4-i_6,-83.11928486407213
2020-11-23T03:00:00.0,bus-3-bus-4-i_6,-83.60456114144094
2020-11-23T04:00:00.0,bus-3-bus-4-i_6,-85.30304671899115
2020-11-23T05:00:00.0,bus-3-bus-4-i_6,-89.51904229416687
2020-11-23T06:00:00.0,bus-3-bus-4-i_6,-90.64129594453634
2020-11-23T07:00:00.0,bus-3-bus-4-i_6,-91.00528229133946
2020-11-23T08:00:00.0,bus-3-bus-4-i_6,-93.0981544728167
2020-11-23T09:00:00.0,bus-3-bus-4-i_6,-94.94840465529128
2020-11-23T10:00:00.0,bus-3-bus-4-i_6,-96.19199434792152
2020-11-23T11:00:00.0,bus-3-bus-4-i_6,-96.8593100752143
2020-11-23T12:00:00.0,bus-3-bus-4-i_6,-97.22329183004845
2020-11-23T13:00:00.0,bus-3-bus-4-i_6,-97.95123661612207
2020-11-23T14:00:00.0,bus-3-bus-4-i_6,-97.61760592527207
2020-11-23T15:00:00.0,bus-3-bus-4-i_6,-96.82896169026908
2020-11-23T16:00:00.0,bus-3-bus-4-i_6,-100.37780010489641
2020-11-23T17:00:00.0,bus-3-bus-4-i_6,-106.68660299032136
2020-11-23T18:00:00.0,bus-3-bus-4-i_6,-106.20135568947333
2020-11-23T19:00:00.0,bus-3-bus-4-i_6,-104.4421736876109
2020-11-23T20:00:00.0,bus-3-bus-4-i_6,-101.80334309086305
2020-11-23T21:00:00.0,bus-3-bus-4-i_6,-98.34556804797239
2020-11-23T22:00:00.0,bus-3-bus-4-i_6,-94.22044114847354
2020-11-23T23:00:00.0,bus-3-bus-4-i_6,-89.64036052990309
2020-11-24T00:00:00.0,bus-3-bus-4-i_6,-86.42527873367669
2020-11-24T01:00:00.0,bus-3-bus-4-i_6,-84.69644144223531
2020-11-24T02:00:00.0,bus-3-bus-4-i_6,-83.78654020449
2020-11-24T03:00:00.0,bus-3-bus-4-i_6,-83.9685198710831
2020-11-24T04:00:00.0,bus-3-bus-4-i_6,-85.57602784756637
2020-11-24T05:00:00.0,bus-3-bus-4-i_6,-88.85170366081638
2020-11-24T06:00:00.0,bus-3-bus-4-i_6,-90.70195888013069
2020-11-24T07:00:00.0,bus-3-bus-4-i_6,-91.21759412253057
2020-11-24T08:00:00.0,bus-3-bus-4-i_6,-93.37113970495888
2020-11-24T09:00:00.0,bus-3-bus-4-i_6,-94.85740918307278
2020-11-24T10:00:00.0,bus-3-bus-4-i_6,-96.7682982946782
2020-11-24T11:00:00.0,bus-3-bus-4-i_6,-97.5265922096567
2020-11-24T12:00:00.0,bus-3-bus-4-i_6,-97.04130097078374
2020-11-24T13:00:00.0,bus-3-bus-4-i_6,-97.55694206277967
2020-11-24T14:00:00.0,bus-3-bus-4-i_6,-97.49626047212901
2020-11-24T15:00:00.0,bus-3-bus-4-i_6,-96.8593100752143
2020-11-24T16:00:00.0,bus-3-bus-4-i_6,-101.28771019229173
2020-11-24T17:00:00.0,bus-3-bus-4-i_6,-107.2022494211943
2020-11-24T18:00:00.0,bus-3-bus-4-i_6,-106.17098829724458
2020-11-24T19:00:00.0,bus-3-bus-4-i_6,-104.65448959470471
2020-11-24T20:00:00.0,bus-3-bus-4-i_6,-102.2583370040208
2020-11-24T21:00:00.0,bus-3-bus-4-i_6,-98.95218229192379
2020-11-24T22:00:00.0,bus-3-bus-4-i_6,-95.13038176699685
2020-11-24T23:00:00.0,bus-3-bus-4-i_6,-90.4896387519501
2020-11-25T00:00:00.0,bus-3-bus-4-i_6,-86.8499085725087
2020-11-25T01:00:00.0,bus-3-bus-4-i_6,-84.93908488525818
2020-11-25T02:00:00.0,bus-3-bus-4-i_6,-83.75621535310134
2020-11-25T03:00:00.0,bus-3-bus-4-i_6,-83.63488539019446
2020-11-25T04:00:00.0,bus-3-bus-4-i_6,-84.90875460260922
2020-11-25T05:00:00.0,bus-3-bus-4-i_6,-88.73043020761335
2020-11-25T06:00:00.0,bus-3-bus-4-i_6,-89.70102317152738
2020-11-25T07:00:00.0,bus-3-bus-4-i_6,-90.51997015284275
2020-11-25T08:00:00.0,bus-3-bus-4-i_6,-93.00715926428296
2020-11-25T09:00:00.0,bus-3-bus-4-i_6,-95.25172327838396
2020-11-25T10:00:00.0,bus-3-bus-4-i_6,-97.13229640527112
2020-11-25T11:00:00.0,bus-3-bus-4-i_6,-97.25362363603752
2020-11-25T12:00:00.0,bus-3-bus-4-i_6,-97.25362363603752
2020-11-25T13:00:00.0,bus-3-bus-4-i_6,-97.28393835149099
2020-11-25T14:00:00.0,bus-3-bus-4-i_6,-96.43464862391798
2020-11-25T15:00:00.0,bus-3-bus-4-i_6,-95.52469498850279
2020-11-25T16:00:00.0,bus-3-bus-4-i_6,-100.22613135798326
2020-11-25T17:00:00.0,bus-3-bus-4-i_6,-105.83738601514096
2020-11-25T18:00:00.0,bus-3-bus-4-i_6,-105.01845904900318
2020-11-25T19:00:00.0,bus-3-bus-4-i_6,-103.22893507504156
2020-11-25T20:00:00.0,bus-3-bus-4-i_6,-101.34837314786536
2020-11-25T21:00:00.0,bus-3-bus-4-i_6,-99.13419214675017
2020-11-25T22:00:00.0,bus-3-bus-4-i_6,-96.13134630245996
2020-11-25T23:00:00.0,bus-3-bus-4-i_6,-91.39958323182883
2020-11-26T00:00:00.0,bus-3-bus-4-i_6,-87.30486687252781
2020-11-26T01:00:00.0,bus-3-bus-4-i_6,-84.72677152044909
2020-11-26T02:00:00.0,bus-3-bus-4-i_6,-82.96763659429548
2020-11-26T03:00:00.0,bus-3-bus-4-i_6,-82.39137537405142
2020-11-26T04:00:00.0,bus-3-bus-4-i_6,-82.63401008602531
2020-11-26T05:00:00.0,bus-3-bus-4-i_6,-83.87752995142729
2020-11-26T06:00:00.0,bus-3-bus-4-i_6,-82.57335099602368
2020-11-26T07:00:00.0,bus-3-bus-4-i_6,-82.45203419537035
2020-11-26T08:00:00.0,bus-3-bus-4-i_6,-86.15229966181447
2020-11-26T09:00:00.0,bus-3-bus-4-i_6,-89.7313542807399
2020-11-26T10:00:00.0,bus-3-bus-4-i_6,-92.12755166477069
2020-11-26T11:00:00.0,bus-3-bus-4-i_6,-93.0981544728167
2020-11-26T12:00:00.0,bus-3-bus-4-i_6,-93.46215201201149
2020-11-26T13:00:00.0,bus-3-bus-4-i_6,-92.88583651892888
2020-11-26T14:00:00.0,bus-3-bus-4-i_6,-91.30859808477227
2020-11-26T15:00:00.0,bus-3-bus-4-i_6,-90.15599333645662
2020-11-26T16:00:00.0,bus-3-bus-4-i_6,-92.94649571783873
2020-11-26T17:00:00.0,bus-3-bus-4-i_6,-96.55597594288732
2020-11-26T18:00:00.0,bus-3-bus-4-i_6,-95.25172327838396
2020-11-26T19:00:00.0,bus-3-bus-4-i_6,-94.1597731402763
2020-11-26T20:00:00.0,bus-3-bus-4-i_6,-92.64319018605033
2020-11-26T21:00:00.0,bus-3-bus-4-i_6,-91.94555155758017
2020-11-26T22:00:00.0,bus-3-bus-4-i_6,-91.12659954428538
2020-11-26T23:00:00.0,bus-3-bus-4-i_6,-88.27545732870176
2020-11-27T00:00:00.0,bus-3-bus-4-i_6,-85.30304671899115
2020-11-27T01:00:00.0,bus-3-bus-4-i_6,-83.87752995142729
2020-11-27T02:00:00.0,bus-3-bus-4-i_6,-83.08895459631205
2020-11-27T03:00:00.0,bus-3-bus-4-i_6,-83.21027395851154
2020-11-27T04:00:00.0,bus-3-bus-4-i_6,-83.99884993482148
2020-11-27T05:00:00.0,bus-3-bus-4-i_6,-86.51626715123484
2020-11-27T06:00:00.0,bus-3-bus-4-i_6,-86.21296082468233
2020-11-27T07:00:00.0,bus-3-bus-4-i_6,-85.636683659861
2020-11-27T08:00:00.0,bus-3-bus-4-i_6,-87.6081757084598
2020-11-27T09:00:00.0,bus-3-bus-4-i_6,-89.42804870265275
2020-11-27T10:00:00.0,bus-3-bus-4-i_6,-90.3379895638798
2020-11-27T11:00:00.0,bus-3-bus-4-i_6,-90.64129594453634
2020-11-27T12:00:00.0,bus-3-bus-4-i_6,-90.24698744858003
2020-11-27T13:00:00.0,bus-3-bus-4-i_6,-89.76169293096899
2020-11-27T14:00:00.0,bus-3-bus-4-i_6,-89.2460541153377
2020-11-27T15:00:00.0,bus-3-bus-4-i_6,-89.21572278623124
2020-11-27T16:00:00.0,bus-3-bus-4-i_6,-94.1597731402763
2020-11-27T17:00:00.0,bus-3-bus-4-i_6,-100.4687612992067
2020-11-27T18:00:00.0,bus-3-bus-4-i_6,-100.34745758059928
2020-11-27T19:00:00.0,bus-3-bus-4-i_6,-99.31616212233224
2020-11-27T20:00:00.0,bus-3-bus-4-i_6,-97.95123661612207
2020-11-27T21:00:00.0,bus-3-bus-4-i_6,-97.0109523256569
2020-11-27T22:00:00.0,bus-3-bus-4-i_6,-95.03940047744521
2020-11-27T23:00:00.0,bus-3-bus-4-i_6,-92.18820431986167
2020-11-28T00:00:00.0,bus-3-bus-4-i_6,-88.6697616687949
2020-11-28T01:00:00.0,bus-3-bus-4-i_6,-86.51626715123484
2020-11-28T02:00:00.0,bus-3-bus-4-i_6,-85.78833615945263
2020-11-28T03:00:00.0,bus-3-bus-4-i_6,-85.03007578509079
2020-11-28T04:00:00.0,bus-3-bus-4-i_6,-85.75800298128817
2020-11-28T05:00:00.0,bus-3-bus-4-i_6,-86.33428321453955
2020-11-28T06:00:00.0,bus-3-bus-4-i_6,-86.12197796585504
2020-11-28T07:00:00.0,bus-3-bus-4-i_6,-86.21296082468233
2020-11-28T08:00:00.0,bus-3-bus-4-i_6,-88.6697616687949
2020-11-28T09:00:00.0,bus-3-bus-4-i_6,-90.39865272071293
2020-11-28T10:00:00.0,bus-3-bus-4-i_6,-91.15694027441128
2020-11-28T11:00:00.0,bus-3-bus-4-i_6,-91.15694027441128
2020-11-28T12:00:00.0,bus-3-bus-4-i_6,-90.15599333645662
2020-11-28T13:00:00.0,bus-3-bus-4-i_6,-89.54936655066922
2020-11-28T14:00:00.0,bus-3-bus-4-i_6,-88.82141725628026
2020-11-28T15:00:00.0,bus-3-bus-4-i_6,-88.6697616687949
2020-11-28T16:00:00.0,bus-3-bus-4-i_6,-94.1597731402763
2020-11-28T17:00:00.0,bus-3-bus-4-i_6,-101.53038494347655
2020-11-28T18:00:00.0,bus-3-bus-4-i_6,-101.80334309086305
2020-11-28T19:00:00.0,bus-3-bus-4-i_6,-100.8024075829121
2020-11-28T20:00:00.0,bus-3-bus-4-i_6,-99.5588354727278
2020-11-28T21:00:00.0,bus-3-bus-4-i_6,-98.04223170855833
2020-11-28T22:00:00.0,bus-3-bus-4-i_6,-96.31333729084004
2020-11-28T23:00:00.0,bus-3-bus-4-i_6,-92.88583651892888
2020-11-29T00:00:00.0,bus-3-bus-4-i_6,-89.70102317152738
2020-11-29T01:00:00.0,bus-3-bus-4-i_6,-87.75983550582626
2020-11-29T02:00:00.0,bus-3-bus-4-i_6,-86.75891279932435
2020-11-29T03:00:00.0,bus-3-bus-4-i_6,-86.54660117073487
2020-11-29T04:00:00.0,bus-3-bus-4-i_6,-87.244211121034
2020-11-29T05:00:00.0,bus-3-bus-4-i_6,-87.91148517661055
2020-11-29T06:00:00.0,bus-3-bus-4-i_6,-86.8195782754965
2020-11-29T07:00:00.0,bus-3-bus-4-i_6,-85.87933333414381
2020-11-29T08:00:00.0,bus-3-bus-4-i_6,-88.5181060182966
2020-11-29T09:00:00.0,bus-3-bus-4-i_6,-89.76169293096899
2020-11-29T10:00:00.0,bus-3-bus-4-i_6,-90.3379895638798
2020-11-29T11:00:00.0,bus-3-bus-4-i_6,-90.21665612995518
2020-11-29T12:00:00.0,bus-3-bus-4-i_6,-89.64036052990309
2020-11-29T13:00:00.0,bus-3-bus-4-i_6,-89.03373553858589
2020-11-29T14:00:00.0,bus-3-bus-4-i_6,-88.73043020761335
2020-11-29T15:00:00.0,bus-3-bus-4-i_6,-89.21572278623124
2020-11-29T16:00:00.0,bus-3-bus-4-i_6,-95.22139144827446
2020-11-29T17:00:00.0,bus-3-bus-4-i_6,-103.59290743857645
2020-11-29T18:00:00.0,bus-3-bus-4-i_6,-103.62324399236851
2020-11-29T19:00:00.0,bus-3-bus-4-i_6,-102.53131820291337
2020-11-29T20:00:00.0,bus-3-bus-4-i_6,-100.62041874841121
2020-11-29T21:00:00.0,bus-3-bus-4-i_6,-97.46592882415199
2020-11-29T22:00:00.0,bus-3-bus-4-i_6,-94.0991014764283
2020-11-29T23:00:00.0,bus-3-bus-4-i_6,-89.76169293096899
2020-11-30T00:00:00.0,bus-3-bus-4-i_6,-86.33428321453955
2020-11-30T01:00:00.0,bus-3-bus-4-i_6,-84.60545232528003
2020-11-30T02:00:00.0,bus-3-bus-4-i_6,-83.72588542213046
2020-11-30T03:00:00.0,bus-3-bus-4-i_6,-83.66522074665393
2020-11-30T04:00:00.0,bus-3-bus-4-i_6,-85.03007578509079
2020-11-30T05:00:00.0,bus-3-bus-4-i_6,-89.33704763926598
2020-11-30T06:00:00.0,bus-3-bus-4-i_6,-92.00621481935704
2020-11-30T07:00:00.0,bus-3-bus-4-i_6,-92.52185241320069
2020-11-30T08:00:00.0,bus-3-bus-4-i_6,-93.64412531284265
2020-11-30T09:00:00.0,bus-3-bus-4-i_6,-94.49341431650467
2020-11-30T10:00:00.0,bus-3-bus-4-i_6,-95.52469498850279
2020-11-30T11:00:00.0,bus-3-bus-4-i_6,-95.76735466719184
2020-11-30T12:00:00.0,bus-3-bus-4-i_6,-95.88867644298308
2020-11-30T13:00:00.0,bus-3-bus-4-i_6,-95.73703253413557
2020-11-30T14:00:00.0,bus-3-bus-4-i_6,-95.06973230455303
2020-11-30T15:00:00.0,bus-3-bus-4-i_6,-94.43275067598164
2020-11-30T16:00:00.0,bus-3-bus-4-i_6,-100.19577769636892
2020-11-30T17:00:00.0,bus-3-bus-4-i_6,-108.23346783906966
2020-11-30T18:00:00.0,bus-3-bus-4-i_6,-109.32529500738386
2020-11-30T19:00:00.0,bus-3-bus-4-i_6,-108.35478740328965
2020-11-30T20:00:00.0,bus-3-bus-4-i_6,-105.29143536401068
2020-11-30T21:00:00.0,bus-3-bus-4-i_6,-101.98533082439363
2020-11-30T22:00:00.0,bus-3-bus-4-i_6,-97.5265922096567
2020-11-30T23:00:00.0,bus-3-bus-4-i_6,-92.76451702774224
2020-12-01T00:00:00.0,bus-3-bus-4-i_6,-90.88395894610517
2020-12-01T01:00:00.0,bus-3-bus-4-i_6,-89.70102317152738
2020-12-01T02:00:00.0,bus-3-bus-4-i_6,-89.15506039315038
2020-12-01T03:00:00.0,bus-3-bus-4-i_6,-89.30672353068849
2020-12-01T04:00:00.0,bus-3-bus-4-i_6,-90.4896387519501
2020-12-01T05:00:00.0,bus-3-bus-4-i_6,-93.61379358399098
2020-12-01T06:00:00.0,bus-3-bus-4-i_6,-96.19199434792152
2020-12-01T07:00:00.0,bus-3-bus-4-i_6,-95.49436319069463
2020-12-01T08:00:00.0,bus-3-bus-4-i_6,-95.9493553715685
2020-12-01T09:00:00.0,bus-3-bus-4-i_6,-95.67635389884441
2020-12-01T10:00:00.0,bus-3-bus-4-i_6,-94.9180589698048
2020-12-01T11:00:00.0,bus-3-bus-4-i_6,-95.9493553715685
2020-12-01T12:00:00.0,bus-3-bus-4-i_6,-95.73703253413557
2020-12-01T13:00:00.0,bus-3-bus-4-i_6,-95.009068650897
2020-12-01T14:00:00.0,bus-3-bus-4-i_6,-94.55407788603104
2020-12-01T15:00:00.0,bus-3-bus-4-i_6,-94.64508642107066
2020-12-01T16:00:00.0,bus-3-bus-4-i_6,-100.40812069276575
2020-12-01T17:00:00.0,bus-3-bus-4-i_6,-109.90159190504956
2020-12-01T18:00:00.0,bus-3-bus-4-i_6,-111.11475155612479
2020-12-01T19:00:00.0,bus-3-bus-4-i_6,-110.50817405406744
2020-12-01T20:00:00.0,bus-3-bus-4-i_6,-109.50731087673087
2020-12-01T21:00:00.0,bus-3-bus-4-i_6,-105.23074374138864
2020-12-01T22:00:00.0,bus-3-bus-4-i_6,-99.80146776220754
2020-12-01T23:00:00.0,bus-3-bus-4-i_6,-95.37303593089138
2020-12-02T00:00:00.0,bus-3-bus-4-i_6,-92.21854664322076
2020-12-02T01:00:00.0,bus-3-bus-4-i_6,-91.36926122135533
2020-12-02T02:00:00.0,bus-3-bus-4-i_6,-91.00528229133946
2020-12-02T03:00:00.0,bus-3-bus-4-i_6,-91.49057784492383
2020-12-02T04:00:00.0,bus-3-bus-4-i_6,-93.37113970495888
2020-12-02T05:00:00.0,bus-3-bus-4-i_6,-98.13322697105016
2020-12-02T06:00:00.0,bus-3-bus-4-i_6,-101.83367447726867
2020-12-02T07:00:00.0,bus-3-bus-4-i_6,-101.68201790641824
2020-12-02T08:00:00.0,bus-3-bus-4-i_6,-102.68294883646473
2020-12-02T09:00:00.0,bus-3-bus-4-i_6,-103.19857751281573
2020-12-02T10:00:00.0,bus-3-bus-4-i_6,-103.47155687329345
2020-12-02T11:00:00.0,bus-3-bus-4-i_6,-102.71328003528788
2020-12-02T12:00:00.0,bus-3-bus-4-i_6,-102.01566209838712
2020-12-02T13:00:00.0,bus-3-bus-4-i_6,-101.19671601834904
2020-12-02T14:00:00.0,bus-3-bus-4-i_6,-100.83273897263231
2020-12-02T15:00:00.0,bus-3-bus-4-i_6,-101.01475097130026
2020-12-02T16:00:00.0,bus-3-bus-4-i_6,-109.65895762232363
2020-12-02T17:00:00.0,bus-3-bus-4-i_6,-112.80961141838111
2020-12-02T18:00:00.0,bus-3-bus-4-i_6,-113.62724433261499
2020-12-02T19:00:00.0,bus-3-bus-4-i_6,-113.44335969264839
2020-12-02T20:00:00.0,bus-3-bus-4-i_6,-112.32387958020995
2020-12-02T21:00:00.0,bus-3-bus-4-i_6,-111.9179868414962
2020-12-02T22:00:00.0,bus-3-bus-4-i_6,-112.02460865084805
2020-12-02T23:00:00.0,bus-3-bus-4-i_6,-104.80614330929453
2020-12-03T00:00:00.0,bus-3-bus-4-i_6,-103.74453558316843
2020-12-03T01:00:00.0,bus-3-bus-4-i_6,-99.61949926720521
2020-12-03T02:00:00.0,bus-3-bus-4-i_6,-99.07353042286657
2020-12-03T03:00:00.0,bus-3-bus-4-i_6,-99.07353042286657
2020-12-03T04:00:00.0,bus-3-bus-4-i_6,-101.34837314786536
2020-12-03T05:00:00.0,bus-3-bus-4-i_6,-106.7472962620367
2020-12-03T06:00:00.0,bus-3-bus-4-i_6,-111.96395186065264
2020-12-03T07:00:00.0,bus-3-bus-4-i_6,-109.65895762232363
2020-12-03T08:00:00.0,bus-3-bus-4-i_6,-107.4145602687109
2020-12-03T09:00:00.0,bus-3-bus-4-i_6,-104.80614330929453
2020-12-03T10:00:00.0,bus-3-bus-4-i_6,-101.37870442100991
2020-12-03T11:00:00.0,bus-3-bus-4-i_6,-97.25362363603752
2020-12-03T12:00:00.0,bus-3-bus-4-i_6,-101.43939111521117
2020-12-03T13:00:00.0,bus-3-bus-4-i_6,-100.01380826749653
2020-12-03T14:00:00.0,bus-3-bus-4-i_6,-98.86120743801605
2020-12-03T15:00:00.0,bus-3-bus-4-i_6,-94.12944610378035
2020-12-03T16:00:00.0,bus-3-bus-4-i_6,-102.50096166289325
2020-12-03T17:00:00.0,bus-3-bus-4-i_6,-112.93445327005251
2020-12-03T18:00:00.0,bus-3-bus-4-i_6,-111.63456678476736
2020-12-03T19:00:00.0,bus-3-bus-4-i_6,-112.0920411583338
2020-12-03T20:00:00.0,bus-3-bus-4-i_6,-112.07132014379249
2020-12-03T21:00:00.0,bus-3-bus-4-i_6,-111.32702703152884
2020-12-03T22:00:00.0,bus-3-bus-4-i_6,-112.60079585491707
2020-12-03T23:00:00.0,bus-3-bus-4-i_6,-106.14069061887506
2020-12-04T00:00:00.0,bus-3-bus-4-i_6,-99.92281345756044
2020-12-04T01:00:00.0,bus-3-bus-4-i_6,-99.4678410288123
2020-12-04T02:00:00.0,bus-3-bus-4-i_6,-100.07447344377134
2020-12-04T03:00:00.0,bus-3-bus-4-i_6,-95.19105961855487
2020-12-04T04:00:00.0,bus-3-bus-4-i_6,-96.91995702287402
2020-12-04T05:00:00.0,bus-3-bus-4-i_6,-102.83460451127348
2020-12-04T06:00:00.0,bus-3-bus-4-i_6,-104.77581310275355
2020-12-04T07:00:00.0,bus-3-bus-4-i_6,-109.62862753844217
2020-12-04T08:00:00.0,bus-3-bus-4-i_6,-103.89619016457672
2020-12-04T09:00:00.0,bus-3-bus-4-i_6,-101.83367447726867
2020-12-04T10:00:00.0,bus-3-bus-4-i_6,-100.74174457042872
2020-12-04T11:00:00.0,bus-3-bus-4-i_6,-96.1616785215508
2020-12-04T12:00:00.0,bus-3-bus-4-i_6,-94.49341431650467
2020-12-04T13:00:00.0,bus-3-bus-4-i_6,-93.15881781535388
2020-12-04T14:00:00.0,bus-3-bus-4-i_6,-96.01000365356644
2020-12-04T15:00:00.0,bus-3-bus-4-i_6,-94.9787364801249
2020-12-04T16:00:00.0,bus-3-bus-4-i_6,-101.50002982841941
2020-12-04T17:00:00.0,bus-3-bus-4-i_6,-111.2360664885829
2020-12-04T18:00:00.0,bus-3-bus-4-i_6,-112.81314206407185
2020-12-04T19:00:00.0,bus-3-bus-4-i_6,-112.11559336106698
2020-12-04T20:00:00.0,bus-3-bus-4-i_6,-112.7524859651242
2020-12-04T21:00:00.0,bus-3-bus-4-i_6,-105.59471024276323
2020-12-04T22:00:00.0,bus-3-bus-4-i_6,-102.98628617265106
2020-12-04T23:00:00.0,bus-3-bus-4-i_6,-98.70952920757755
2020-12-05T00:00:00.0,bus-3-bus-4-i_6,-102.56162395563906
2020-12-05T01:00:00.0,bus-3-bus-4-i_6,-96.7682982946782
2020-12-05T02:00:00.0,bus-3-bus-4-i_6,-93.3104762980516
2020-12-05T03:00:00.0,bus-3-bus-4-i_6,-98.4972073570215
2020-12-05T04:00:00.0,bus-3-bus-4-i_6,-96.58630751187657
2020-12-05T05:00:00.0,bus-3-bus-4-i_6,-98.22422208373162
2020-12-05T06:00:00.0,bus-3-bus-4-i_6,-97.61760592527207
2020-12-05T07:00:00.0,bus-3-bus-4-i_6,-95.76735466719184
2020-12-05T08:00:00.0,bus-3-bus-4-i_6,-96.64697111599916
2020-12-05T09:00:00.0,bus-3-bus-4-i_6,-96.43464862391798
2020-12-05T10:00:00.0,bus-3-bus-4-i_6,-96.13134630245996
2020-12-05T11:00:00.0,bus-3-bus-4-i_6,-95.31238693998259
2020-12-05T12:00:00.0,bus-3-bus-4-i_6,-94.03843785989045
2020-12-05T13:00:00.0,bus-3-bus-4-i_6,-93.12848601951646
2020-12-05T14:00:00.0,bus-3-bus-4-i_6,-92.03654645197228
2020-12-05T15:00:00.0,bus-3-bus-4-i_6,-93.00715926428296
2020-12-05T16:00:00.0,bus-3-bus-4-i_6,-99.28585104596802
2020-12-05T17:00:00.0,bus-3-bus-4-i_6,-107.32357069469955
2020-12-05T18:00:00.0,bus-3-bus-4-i_6,-110.47780203956312
2020-12-05T19:00:00.0,bus-3-bus-4-i_6,-109.50731087673087
2020-12-05T20:00:00.0,bus-3-bus-4-i_6,-108.26379806917852
2020-12-05T21:00:00.0,bus-3-bus-4-i_6,-110.38685718800798
2020-12-05T22:00:00.0,bus-3-bus-4-i_6,-104.80614330929453
2020-12-05T23:00:00.0,bus-3-bus-4-i_6,-101.22704757040688
2020-12-06T00:00:00.0,bus-3-bus-4-i_6,-97.79959635461175
2020-12-06T01:00:00.0,bus-3-bus-4-i_6,-96.43464862391798
2020-12-06T02:00:00.0,bus-3-bus-4-i_6,-95.64603703236307
2020-12-06T03:00:00.0,bus-3-bus-4-i_6,-95.22139144827446
2020-12-06T04:00:00.0,bus-3-bus-4-i_6,-95.76735466719184
2020-12-06T05:00:00.0,bus-3-bus-4-i_6,-97.70860050348915
2020-12-06T06:00:00.0,bus-3-bus-4-i_6,-97.86025940892662
2020-12-06T07:00:00.0,bus-3-bus-4-i_6,-95.91900823088905
2020-12-06T08:00:00.0,bus-3-bus-4-i_6,-96.1616785215508
2020-12-06T09:00:00.0,bus-3-bus-4-i_6,-96.1616785215508
2020-12-06T10:00:00.0,bus-3-bus-4-i_6,-95.64603703236307
2020-12-06T11:00:00.0,bus-3-bus-4-i_6,-94.49341431650467
2020-12-06T12:00:00.0,bus-3-bus-4-i_6,-93.3104762980516
2020-12-06T13:00:00.0,bus-3-bus-4-i_6,-92.43085752563593
2020-12-06T14:00:00.0,bus-3-bus-4-i_6,-91.85455678936822
2020-12-06T15:00:00.0,bus-3-bus-4-i_6,-92.40052597004016
2020-12-06T16:00:00.0,bus-3-bus-4-i_6,-99.68016231828241
2020-12-06T17:00:00.0,bus-3-bus-4-i_6,-111.11475155612479
2020-12-06T18:00:00.0,bus-3-bus-4-i_6,-113.02543796348961
2020-12-06T19:00:00.0,bus-3-bus-4-i_6,-113.08609381851618
2020-12-06T20:00:00.0,bus-3-bus-4-i_6,-112.54018918736885
2020-12-06T21:00:00.0,bus-3-bus-4-i_6,-109.56796893195542
2020-12-06T22:00:00.0,bus-3-bus-4-i_6,-105.29143536401068
2020-12-06T23:00:00.0,bus-3-bus-4-i_6,-100.86309355049248
2020-12-07T00:00:00.0,bus-3-bus-4-i_6,-97.89059085209648
2020-12-07T01:00:00.0,bus-3-bus-4-i_6,-96.73796650929567
2020-12-07T02:00:00.0,bus-3-bus-4-i_6,-96.4953121919194
2020-12-07T03:00:00.0,bus-3-bus-4-i_6,-97.13229640527112
2020-12-07T04:00:00.0,bus-3-bus-4-i_6,-99.40715694171602
2020-12-07T05:00:00.0,bus-3-bus-4-i_6,-104.53313770631614
2020-12-07T06:00:00.0,bus-3-bus-4-i_6,-109.08269819344343
2020-12-07T07:00:00.0,bus-3-bus-4-i_6,-106.53498545872458
2020-12-07T08:00:00.0,bus-3-bus-4-i_6,-104.4421736876109
2020-12-07T09:00:00.0,bus-3-bus-4-i_6,-102.10668047984495
2020-12-07T10:00:00.0,bus-3-bus-4-i_6,-100.25646293029
2020-12-07T11:00:00.0,bus-3-bus-4-i_6,-98.46689445871047
2020-12-07T12:00:00.0,bus-3-bus-4-i_6,-97.19296002292275
2020-12-07T13:00:00.0,bus-3-bus-4-i_6,-95.6157061478498
2020-12-07T14:00:00.0,bus-3-bus-4-i_6,-96.10099885408113
2020-12-07T15:00:00.0,bus-3-bus-4-i_6,-94.9787364801249
2020-12-07T16:00:00.0,bus-3-bus-4-i_6,-102.50096166289325
2020-12-07T17:00:00.0,bus-3-bus-4-i_6,-114.66312457832757
2020-12-07T18:00:00.0,bus-3-bus-4-i_6,-116.56762445075901
2020-12-07T19:00:00.0,bus-3-bus-4-i_6,-116.56762445075482
2020-12-07T20:00:00.0,bus-3-bus-4-i_6,-115.11802846867083
2020-12-07T21:00:00.0,bus-3-bus-4-i_6,-111.32705222771978
2020-12-07T22:00:00.0,bus-3-bus-4-i_6,-105.83738601514096
2020-12-07T23:00:00.0,bus-3-bus-4-i_6,-98.92187078362143
2020-12-08T00:00:00.0,bus-3-bus-4-i_6,-96.2526578182045
2020-12-08T01:00:00.0,bus-3-bus-4-i_6,-95.10006413229593
2020-12-08T02:00:00.0,bus-3-bus-4-i_6,-94.94840465529128
2020-12-08T03:00:00.0,bus-3-bus-4-i_6,-95.49436319069463
2020-12-08T04:00:00.0,bus-3-bus-4-i_6,-97.435614446304
2020-12-08T05:00:00.0,bus-3-bus-4-i_6,-102.40996809843483
2020-12-08T06:00:00.0,bus-3-bus-4-i_6,-106.29234151444021
2020-12-08T07:00:00.0,bus-3-bus-4-i_6,-104.19949898379126
2020-12-08T08:00:00.0,bus-3-bus-4-i_6,-101.53038494347655
2020-12-08T09:00:00.0,bus-3-bus-4-i_6,-99.61949926720521
2020-12-08T10:00:00.0,bus-3-bus-4-i_6,-98.31521718196095
2020-12-08T11:00:00.0,bus-3-bus-4-i_6,-96.91995702287402
2020-12-08T12:00:00.0,bus-3-bus-4-i_6,-95.52469498850279
2020-12-08T13:00:00.0,bus-3-bus-4-i_6,-94.55407788603104
2020-12-08T14:00:00.0,bus-3-bus-4-i_6,-94.03843785989045
2020-12-08T15:00:00.0,bus-3-bus-4-i_6,-93.6744690495999
2020-12-08T16:00:00.0,bus-3-bus-4-i_6,-99.98347666752699
2020-12-08T17:00:00.0,bus-3-bus-4-i_6,-111.35738089230792
2020-12-08T18:00:00.0,bus-3-bus-4-i_6,-113.08609381851618
2020-12-08T19:00:00.0,bus-3-bus-4-i_6,-112.7524859651242
2020-12-08T20:00:00.0,bus-3-bus-4-i_6,-110.84179199916129
2020-12-08T21:00:00.0,bus-3-bus-4-i_6,-107.59650513614123
2020-12-08T22:00:00.0,bus-3-bus-4-i_6,-102.7739684321439
2020-12-08T23:00:00.0,bus-3-bus-4-i_6,-97.70860050348915
2020-12-09T00:00:00.0,bus-3-bus-4-i_6,-94.9787364801249
2020-12-09T01:00:00.0,bus-3-bus-4-i_6,-93.76546470416525
2020-12-09T02:00:00.0,bus-3-bus-4-i_6,-93.12848601951646
2020-12-09T03:00:00.0,bus-3-bus-4-i_6,-93.4318172937848
2020-12-09T04:00:00.0,bus-3-bus-4-i_6,-95.25172327838396
2020-12-09T05:00:00.0,bus-3-bus-4-i_6,-99.89246234996702
2020-12-09T06:00:00.0,bus-3-bus-4-i_6,-103.19857751281573
2020-12-09T07:00:00.0,bus-3-bus-4-i_6,-101.53038494347655
2020-12-09T08:00:00.0,bus-3-bus-4-i_6,-98.92187078362143
2020-12-09T09:00:00.0,bus-3-bus-4-i_6,-97.61760592527207
2020-12-09T10:00:00.0,bus-3-bus-4-i_6,-96.67730277670692
2020-12-09T11:00:00.0,bus-3-bus-4-i_6,-95.25172327838396
2020-12-09T12:00:00.0,bus-3-bus-4-i_6,-94.37210019376154
2020-12-09T13:00:00.0,bus-3-bus-4-i_6,-93.61379358399098
2020-12-09T14:00:00.0,bus-3-bus-4-i_6,-93.15881781535388
2020-12-09T15:00:00.0,bus-3-bus-4-i_6,-93.28014447259334
2020-12-09T16:00:00.0,bus-3-bus-4-i_6,-98.83087522460414
2020-12-09T17:00:00.0,bus-3-bus-4-i_6,-109.41632257037898
2020-12-09T18:00:00.0,bus-3-bus-4-i_6,-110.17455446960311
2020-12-09T19:00:00.0,bus-3-bus-4-i_6,-109.50731087673087
2020-12-09T20:00:00.0,bus-3-bus-4-i_6,-107.4448553005507
2020-12-09T21:00:00.0,bus-3-bus-4-i_6,-104.32082247854149
2020-12-09T22:00:00.0,bus-3-bus-4-i_6,-99.40715694171602
2020-12-09T23:00:00.0,bus-3-bus-4-i_6,-94.88774100628538
2020-12-10T00:00:00.0,bus-3-bus-4-i_6,-92.43085752563593
2020-12-10T01:00:00.0,bus-3-bus-4-i_6,-91.30859808477227
2020-12-10T02:00:00.0,bus-3-bus-4-i_6,-90.67162736743178
2020-12-10T03:00:00.0,bus-3-bus-4-i_6,-91.00528229133946
2020-12-10T04:00:00.0,bus-3-bus-4-i_6,-92.58252686057486
2020-12-10T05:00:00.0,bus-3-bus-4-i_6,-96.46498033879831
2020-12-10T06:00:00.0,bus-3-bus-4-i_6,-100.4687612992067
2020-12-10T07:00:00.0,bus-3-bus-4-i_6,-99.01286538160683
2020-12-10T08:00:00.0,bus-3-bus-4-i_6,-97.92090482945468
2020-12-10T09:00:00.0,bus-3-bus-4-i_6,-97.89059085209648
2020-12-10T10:00:00.0,bus-3-bus-4-i_6,-97.13229640527112
2020-12-10T11:00:00.0,bus-3-bus-4-i_6,-95.76735466719184
2020-12-10T12:00:00.0,bus-3-bus-4-i_6,-95.52469498850279
2020-12-10T13:00:00.0,bus-3-bus-4-i_6,-94.9787364801249
2020-12-10T14:00:00.0,bus-3-bus-4-i_6,-94.52374622402024
2020-12-10T15:00:00.0,bus-3-bus-4-i_6,-94.55407788603104
2020-12-10T16:00:00.0,bus-3-bus-4-i_6,-99.49817262877998
2020-12-10T17:00:00.0,bus-3-bus-4-i_6,-108.87039124078264
2020-12-10T18:00:00.0,bus-3-bus-4-i_6,-109.29500423271496
2020-12-10T19:00:00.0,bus-3-bus-4-i_6,-108.50643598882729
2020-12-10T20:00:00.0,bus-3-bus-4-i_6,-106.41363089322529
2020-12-10T21:00:00.0,bus-3-bus-4-i_6,-103.28957071297124
2020-12-10T22:00:00.0,bus-3-bus-4-i_6,-99.01286538160683
2020-12-10T23:00:00.0,bus-3-bus-4-i_6,-95.009068650897
2020-12-11T00:00:00.0,bus-3-bus-4-i_6,-92.73417404641457
2020-12-11T01:00:00.0,bus-3-bus-4-i_6,-91.79390259935136
2020-12-11T02:00:00.0,bus-3-bus-4-i_6,-91.30859808477227
2020-12-11T03:00:00.0,bus-3-bus-4-i_6,-91.58157255282838
2020-12-11T04:00:00.0,bus-3-bus-4-i_6,-92.88583651892888
2020-12-11T05:00:00.0,bus-3-bus-4-i_6,-96.7682982946782
2020-12-11T06:00:00.0,bus-3-bus-4-i_6,-99.92281345756044
2020-12-11T07:00:00.0,bus-3-bus-4-i_6,-98.46689445871047
2020-12-11T08:00:00.0,bus-3-bus-4-i_6,-98.22422208373162
2020-12-11T09:00:00.0,bus-3-bus-4-i_6,-97.04130097078374
2020-12-11T10:00:00.0,bus-3-bus-4-i_6,-96.31333729084004
2020-12-11T11:00:00.0,bus-3-bus-4-i_6,-95.3427040972314
2020-12-11T12:00:00.0,bus-3-bus-4-i_6,-94.67540492212837
2020-12-11T13:00:00.0,bus-3-bus-4-i_6,-94.43275067598164
2020-12-11T14:00:00.0,bus-3-bus-4-i_6,-93.8867791408235
2020-12-11T15:00:00.0,bus-3-bus-4-i_6,-93.94745502919619
2020-12-11T16:00:00.0,bus-3-bus-4-i_6,-100.25646293029
2020-12-11T17:00:00.0,bus-3-bus-4-i_6,-108.84006742055534
2020-12-11T18:00:00.0,bus-3-bus-4-i_6,-108.0514900440713
2020-12-11T19:00:00.0,bus-3-bus-4-i_6,-106.83828819551131
2020-12-11T20:00:00.0,bus-3-bus-4-i_6,-105.29143536401068
2020-12-11T21:00:00.0,bus-3-bus-4-i_6,-103.25926617824885
2020-12-11T22:00:00.0,bus-3-bus-4-i_6,-100.07447344377134
2020-12-11T23:00:00.0,bus-3-bus-4-i_6,-96.4953121919194
2020-12-12T00:00:00.0,bus-3-bus-4-i_6,-93.49246661440873
2020-12-12T01:00:00.0,bus-3-bus-4-i_6,-91.67256731421514
2020-12-12T02:00:00.0,bus-3-bus-4-i_6,-90.85362742957004
2020-12-12T03:00:00.0,bus-3-bus-4-i_6,-90.55030163724001
2020-12-12T04:00:00.0,bus-3-bus-4-i_6,-90.9749420652546
2020-12-12T05:00:00.0,bus-3-bus-4-i_6,-92.58252686057486
2020-12-12T06:00:00.0,bus-3-bus-4-i_6,-93.37113970495888
2020-12-12T07:00:00.0,bus-3-bus-4-i_6,-92.33986249286711
2020-12-12T08:00:00.0,bus-3-bus-4-i_6,-92.76451702774224
2020-12-12T09:00:00.0,bus-3-bus-4-i_6,-93.46215201201149
2020-12-12T10:00:00.0,bus-3-bus-4-i_6,-93.52281554245074
2020-12-12T11:00:00.0,bus-3-bus-4-i_6,-92.70384244466877
2020-12-12T12:00:00.0,bus-3-bus-4-i_6,-92.15787294288626
2020-12-12T13:00:00.0,bus-3-bus-4-i_6,-91.70289884996346
2020-12-12T14:00:00.0,bus-3-bus-4-i_6,-91.21759412253057
2020-12-12T15:00:00.0,bus-3-bus-4-i_6,-91.73323045505029
2020-12-12T16:00:00.0,bus-3-bus-4-i_6,-96.91995702287402
2020-12-12T17:00:00.0,bus-3-bus-4-i_6,-105.89801479733329
2020-12-12T18:00:00.0,bus-3-bus-4-i_6,-105.5644105088987
2020-12-12T19:00:00.0,bus-3-bus-4-i_6,-103.95685202787477
2020-12-12T20:00:00.0,bus-3-bus-4-i_6,-102.31897465340356
2020-12-12T21:00:00.0,bus-3-bus-4-i_6,-101.1360533579139
2020-12-12T22:00:00.0,bus-3-bus-4-i_6,-98.2545728147677
2020-12-12T23:00:00.0,bus-3-bus-4-i_6,-95.19105961855487
2020-12-13T00:00:00.0,bus-3-bus-4-i_6,-92.61285848398661
2020-12-13T01:00:00.0,bus-3-bus-4-i_6,-91.27826651928252
2020-12-13T02:00:00.0,bus-3-bus-4-i_6,-90.15599333645662
2020-12-13T03:00:00.0,bus-3-bus-4-i_6,-89.76169293096899
2020-12-13T04:00:00.0,bus-3-bus-4-i_6,-89.64036052990309
2020-12-13T05:00:00.0,bus-3-bus-4-i_6,-90.42897584012793
2020-12-13T06:00:00.0,bus-3-bus-4-i_6,-89.85267970204356
2020-12-13T07:00:00.0,bus-3-bus-4-i_6,-94.22044114847354
2020-12-13T08:00:00.0,bus-3-bus-4-i_6,-90.64129594453634
2020-12-13T09:00:00.0,bus-3-bus-4-i_6,-91.42992439749429
2020-12-13T10:00:00.0,bus-3-bus-4-i_6,-91.94555155758017
2020-12-13T11:00:00.0,bus-3-bus-4-i_6,-91.79390259935136
2020-12-13T12:00:00.0,bus-3-bus-4-i_6,-91.67256731421514
2020-12-13T13:00:00.0,bus-3-bus-4-i_6,-91.30859808477227
2020-12-13T14:00:00.0,bus-3-bus-4-i_6,-91.03561416004595
2020-12-13T15:00:00.0,bus-3-bus-4-i_6,-91.46025597167286
2020-12-13T16:00:00.0,bus-3-bus-4-i_6,-97.3142699689894
2020-12-13T17:00:00.0,bus-3-bus-4-i_6,-112.66150170950517
2020-12-13T18:00:00.0,bus-3-bus-4-i_6,-108.47610638292548
2020-12-13T19:00:00.0,bus-3-bus-4-i_6,-108.20313848050473
2020-12-13T20:00:00.0,bus-3-bus-4-i_6,-106.26201649215776
2020-12-13T21:00:00.0,bus-3-bus-4-i_6,-102.56162395563906
2020-12-13T22:00:00.0,bus-3-bus-4-i_6,-98.89153914652482
2020-12-13T23:00:00.0,bus-3-bus-4-i_6,-94.9180589698048
2020-12-14T00:00:00.0,bus-3-bus-4-i_6,-92.40052597004016
2020-12-14T01:00:00.0,bus-3-bus-4-i_6,-91.49057784492383
2020-12-14T02:00:00.0,bus-3-bus-4-i_6,-91.21759412253057
2020-12-14T03:00:00.0,bus-3-bus-4-i_6,-91.55124104831688
2020-12-14T04:00:00.0,bus-3-bus-4-i_6,-93.28014447259334
2020-12-14T05:00:00.0,bus-3-bus-4-i_6,-97.46592882415199
2020-12-14T06:00:00.0,bus-3-bus-4-i_6,-100.95408801528896
2020-12-14T07:00:00.0,bus-3-bus-4-i_6,-99.64983083822112
2020-12-14T08:00:00.0,bus-3-bus-4-i_6,-98.67921663695603
2020-12-14T09:00:00.0,bus-3-bus-4-i_6,-98.2545728147677
2020-12-14T10:00:00.0,bus-3-bus-4-i_6,-97.7692645736446
2020-12-14T11:00:00.0,bus-3-bus-4-i_6,-96.28300511942032
2020-12-14T12:00:00.0,bus-3-bus-4-i_6,-95.43371419975871
2020-12-14T13:00:00.0,bus-3-bus-4-i_6,-95.009068650897
2020-12-14T14:00:00.0,bus-3-bus-4-i_6,-94.34175546233774
2020-12-14T15:00:00.0,bus-3-bus-4-i_6,-94.52374622402024
2020-12-14T16:00:00.0,bus-3-bus-4-i_6,-101.86400578790251
2020-12-14T17:00:00.0,bus-3-bus-4-i_6,-112.32790673446664
2020-12-14T18:00:00.0,bus-3-bus-4-i_6,-113.20735363051
2020-12-14T19:00:00.0,bus-3-bus-4-i_6,-112.7221578951414
2020-12-14T20:00:00.0,bus-3-bus-4-i_6,-111.2360664885829
2020-12-14T21:00:00.0,bus-3-bus-4-i_6,-107.89983993476575
2020-12-14T22:00:00.0,bus-3-bus-4-i_6,-102.44029940979391
2020-12-14T23:00:00.0,bus-3-bus-4-i_6,-97.13229640527112
2020-12-15T00:00:00.0,bus-3-bus-4-i_6,-94.19009674558161
2020-12-15T01:00:00.0,bus-3-bus-4-i_6,-93.0981544728167
2020-12-15T02:00:00.0,bus-3-bus-4-i_6,-92.70384244466877
2020-12-15T03:00:00.0,bus-3-bus-4-i_6,-93.46215201201149
2020-12-15T04:00:00.0,bus-3-bus-4-i_6,-95.3427040972314
2020-12-15T05:00:00.0,bus-3-bus-4-i_6,-99.07353042286657
2020-12-15T06:00:00.0,bus-3-bus-4-i_6,-102.74361115083128
2020-12-15T07:00:00.0,bus-3-bus-4-i_6,-101.10574530632248
2020-12-15T08:00:00.0,bus-3-bus-4-i_6,-99.07353042286657
2020-12-15T09:00:00.0,bus-3-bus-4-i_6,-98.37589979430945
2020-12-15T10:00:00.0,bus-3-bus-4-i_6,-97.07163278329904
2020-12-15T11:00:00.0,bus-3-bus-4-i_6,-97.70860050348915
2020-12-15T12:00:00.0,bus-3-bus-4-i_6,-97.58725562191779
2020-12-15T13:00:00.0,bus-3-bus-4-i_6,-97.13229640527112
2020-12-15T14:00:00.0,bus-3-bus-4-i_6,-95.22139144827446
2020-12-15T15:00:00.0,bus-3-bus-4-i_6,-96.2526578182045
2020-12-15T16:00:00.0,bus-3-bus-4-i_6,-103.47155687329345
2020-12-15T17:00:00.0,bus-3-bus-4-i_6,-114.69345142555558
2020-12-15T18:00:00.0,bus-3-bus-4-i_6,-116.49176566959407
2020-12-15T19:00:00.0,bus-3-bus-4-i_6,-115.9974815531794
2020-12-15T20:00:00.0,bus-3-bus-4-i_6,-113.57134330984842
2020-12-15T21:00:00.0,bus-3-bus-4-i_6,-109.62862753844217
2020-12-15T22:00:00.0,bus-3-bus-4-i_6,-104.19949898379126
2020-12-15T23:00:00.0,bus-3-bus-4-i_6,-98.89153914652482
2020-12-16T00:00:00.0,bus-3-bus-4-i_6,-95.64603703236307
2020-12-16T01:00:00.0,bus-3-bus-4-i_6,-94.463082675987
2020-12-16T02:00:00.0,bus-3-bus-4-i_6,-93.79578405824296
2020-12-16T03:00:00.0,bus-3-bus-4-i_6,-94.0991014764283
2020-12-16T04:00:00.0,bus-3-bus-4-i_6,-96.19199434792152
2020-12-16T05:00:00.0,bus-3-bus-4-i_6,-100.92373351751864
2020-12-16T06:00:00.0,bus-3-bus-4-i_6,-104.4421736876109
2020-12-16T07:00:00.0,bus-3-bus-4-i_6,-101.46969853162358
2020-12-16T08:00:00.0,bus-3-bus-4-i_6,-99.5588354727278
2020-12-16T09:00:00.0,bus-3-bus-4-i_6,-98.40623153859389
2020-12-16T10:00:00.0,bus-3-bus-4-i_6,-97.55694206277967
2020-12-16T11:00:00.0,bus-3-bus-4-i_6,-96.40431675545666
2020-12-16T12:00:00.0,bus-3-bus-4-i_6,-95.58535870803568
2020-12-16T13:00:00.0,bus-3-bus-4-i_6,-94.64508642107066
2020-12-16T14:00:00.0,bus-3-bus-4-i_6,-94.31142382112976
2020-12-16T15:00:00.0,bus-3-bus-4-i_6,-95.10006413229593
2020-12-16T16:00:00.0,bus-3-bus-4-i_6,-102.50096166289325
2020-12-16T17:00:00.0,bus-3-bus-4-i_6,-112.93445327005251
2020-12-16T18:00:00.0,bus-3-bus-4-i_6,-113.48036020442258
2020-12-16T19:00:00.0,bus-3-bus-4-i_6,-112.81314206407185
2020-12-16T20:00:00.0,bus-3-bus-4-i_6,-110.96310896724705
2020-12-16T21:00:00.0,bus-3-bus-4-i_6,-107.77852022428469
2020-12-16T22:00:00.0,bus-3-bus-4-i_6,-101.89433687157926
2020-12-16T23:00:00.0,bus-3-bus-4-i_6,-97.28393835149099
2020-12-17T00:00:00.0,bus-3-bus-4-i_6,-94.52374622402024
2020-12-17T01:00:00.0,bus-3-bus-4-i_6,-93.28014447259334
2020-12-17T02:00:00.0,bus-3-bus-4-i_6,-92.27919940842774
2020-12-17T03:00:00.0,bus-3-bus-4-i_6,-92.52185241320069
2020-12-17T04:00:00.0,bus-3-bus-4-i_6,-94.00811892148855
2020-12-17T05:00:00.0,bus-3-bus-4-i_6,-98.01190004236884
2020-12-17T06:00:00.0,bus-3-bus-4-i_6,-101.98533082439363
2020-12-17T07:00:00.0,bus-3-bus-4-i_6,-100.77207609394404
2020-12-17T08:00:00.0,bus-3-bus-4-i_6,-100.43845224329834
2020-12-17T09:00:00.0,bus-3-bus-4-i_6,-99.40715694171602
2020-12-17T10:00:00.0,bus-3-bus-4-i_6,-98.77019255152875
2020-12-17T11:00:00.0,bus-3-bus-4-i_6,-97.16262821460582
2020-12-17T12:00:00.0,bus-3-bus-4-i_6,-95.85836037309986
2020-12-17T13:00:00.0,bus-3-bus-4-i_6,-95.28204070212847
2020-12-17T14:00:00.0,bus-3-bus-4-i_6,-94.94840465529128
2020-12-17T15:00:00.0,bus-3-bus-4-i_6,-95.13038176699685
2020-12-17T16:00:00.0,bus-3-bus-4-i_6,-102.13701178545503
2020-12-17T17:00:00.0,bus-3-bus-4-i_6,-112.60079585491707
2020-12-17T18:00:00.0,bus-3-bus-4-i_6,-112.63117268817567
2020-12-17T19:00:00.0,bus-3-bus-4-i_6,-112.81314206407185
2020-12-17T20:00:00.0,bus-3-bus-4-i_6,-110.62949253153766
2020-12-17T21:00:00.0,bus-3-bus-4-i_6,-106.83828819551131
2020-12-17T22:00:00.0,bus-3-bus-4-i_6,-102.228005175549
2020-12-17T23:00:00.0,bus-3-bus-4-i_6,-97.0109523256569
2020-12-18T00:00:00.0,bus-3-bus-4-i_6,-94.22044114847354
2020-12-18T01:00:00.0,bus-3-bus-4-i_6,-92.58252686057486
2020-12-18T02:00:00.0,bus-3-bus-4-i_6,-92.30954184363628
2020-12-18T03:00:00.0,bus-3-bus-4-i_6,-92.55219508372423
2020-12-18T04:00:00.0,bus-3-bus-4-i_6,-94.00811892148855
2020-12-18T05:00:00.0,bus-3-bus-4-i_6,-97.79959635461175
2020-12-18T06:00:00.0,bus-3-bus-4-i_6,-101.25737895740686
2020-12-18T07:00:00.0,bus-3-bus-4-i_6,-100.22613135798326
2020-12-18T08:00:00.0,bus-3-bus-4-i_6,-99.01286538160683
2020-12-18T09:00:00.0,bus-3-bus-4-i_6,-97.86025940892662
2020-12-18T10:00:00.0,bus-3-bus-4-i_6,-97.13229640527112
2020-12-18T11:00:00.0,bus-3-bus-4-i_6,-96.19199434792152
2020-12-18T12:00:00.0,bus-3-bus-4-i_6,-94.9180589698048
2020-12-18T13:00:00.0,bus-3-bus-4-i_6,-94.25077332090288
2020-12-18T14:00:00.0,bus-3-bus-4-i_6,-93.6744690495999
2020-12-18T15:00:00.0,bus-3-bus-4-i_6,-95.009068650897
2020-12-18T16:00:00.0,bus-3-bus-4-i_6,-101.25737895740686
2020-12-18T17:00:00.0,bus-3-bus-4-i_6,-109.84095029191509
2020-12-18T18:00:00.0,bus-3-bus-4-i_6,-110.20488409029186
2020-12-18T19:00:00.0,bus-3-bus-4-i_6,-108.47610638292548
2020-12-18T20:00:00.0,bus-3-bus-4-i_6,-107.14158915679377
2020-12-18T21:00:00.0,bus-3-bus-4-i_6,-104.29049140016899
2020-12-18T22:00:00.0,bus-3-bus-4-i_6,-101.56071634071023
2020-12-18T23:00:00.0,bus-3-bus-4-i_6,-96.95030552719092
2020-12-19T00:00:00.0,bus-3-bus-4-i_6,-93.58346170803777
2020-12-19T01:00:00.0,bus-3-bus-4-i_6,-92.21854664322076
2020-12-19T02:00:00.0,bus-3-bus-4-i_6,-91.39958323182883
2020-12-19T03:00:00.0,bus-3-bus-4-i_6,-91.30859808477227
2020-12-19T04:00:00.0,bus-3-bus-4-i_6,-91.70289884996346
2020-12-19T05:00:00.0,bus-3-bus-4-i_6,-93.12848601951646
2020-12-19T06:00:00.0,bus-3-bus-4-i_6,-93.82612825312462
2020-12-19T07:00:00.0,bus-3-bus-4-i_6,-93.40148848890063
2020-12-19T08:00:00.0,bus-3-bus-4-i_6,-95.10006413229593
2020-12-19T09:00:00.0,bus-3-bus-4-i_6,-96.2526578182045
2020-12-19T10:00:00.0,bus-3-bus-4-i_6,-96.373985018596
2020-12-19T11:00:00.0,bus-3-bus-4-i_6,-95.55502672154923
2020-12-19T12:00:00.0,bus-3-bus-4-i_6,-94.49341431650467
2020-12-19T13:00:00.0,bus-3-bus-4-i_6,-93.46215201201149
2020-12-19T14:00:00.0,bus-3-bus-4-i_6,-93.46215193785036
2020-12-19T15:00:00.0,bus-3-bus-4-i_6,-94.61474151854196
2020-12-19T16:00:00.0,bus-3-bus-4-i_6,-101.56071634071023
2020-12-19T17:00:00.0,bus-3-bus-4-i_6,-109.96225083503653
2020-12-19T18:00:00.0,bus-3-bus-4-i_6,-109.44665196373808
2020-12-19T19:00:00.0,bus-3-bus-4-i_6,-107.83918011235114
2020-12-19T20:00:00.0,bus-3-bus-4-i_6,-106.68660299032136
2020-12-19T21:00:00.0,bus-3-bus-4-i_6,-97.64791928070122
2020-12-19T22:00:00.0,bus-3-bus-4-i_6,-101.19671601834904
2020-12-19T23:00:00.0,bus-3-bus-4-i_6,-97.28393835149099
2020-12-20T00:00:00.0,bus-3-bus-4-i_6,-94.73608187643869
2020-12-20T01:00:00.0,bus-3-bus-4-i_6,-93.18914950082437
2020-12-20T02:00:00.0,bus-3-bus-4-i_6,-92.55219508372423
2020-12-20T03:00:00.0,bus-3-bus-4-i_6,-92.76451702774224
2020-12-20T04:00:00.0,bus-3-bus-4-i_6,-93.58346170803777
2020-12-20T05:00:00.0,bus-3-bus-4-i_6,-94.28110025219694
2020-12-20T06:00:00.0,bus-3-bus-4-i_6,-94.9787364801249
2020-12-20T07:00:00.0,bus-3-bus-4-i_6,-93.46215201201149
2020-12-20T08:00:00.0,bus-3-bus-4-i_6,-94.40241899678381
2020-12-20T09:00:00.0,bus-3-bus-4-i_6,-94.49341431650467
2020-12-20T10:00:00.0,bus-3-bus-4-i_6,-94.40241899678381
2020-12-20T11:00:00.0,bus-3-bus-4-i_6,-93.79578405824296
2020-12-20T12:00:00.0,bus-3-bus-4-i_6,-93.70480082620887
2020-12-20T13:00:00.0,bus-3-bus-4-i_6,-93.85645973369812
2020-12-20T14:00:00.0,bus-3-bus-4-i_6,-94.03843785989045
2020-12-20T15:00:00.0,bus-3-bus-4-i_6,-94.34175546233774
2020-12-20T16:00:00.0,bus-3-bus-4-i_6,-101.7591692491476
2020-12-20T17:00:00.0,bus-3-bus-4-i_6,-112.84346967321142
2020-12-20T18:00:00.0,bus-3-bus-4-i_6,-114.4811614488606
2020-12-20T19:00:00.0,bus-3-bus-4-i_6,-114.32952184573884
2020-12-20T20:00:00.0,bus-3-bus-4-i_6,-112.99511003003207
2020-12-20T21:00:00.0,bus-3-bus-4-i_6,-110.62949253153766
2020-12-20T22:00:00.0,bus-3-bus-4-i_6,-106.92927878954947
2020-12-20T23:00:00.0,bus-3-bus-4-i_6,-102.19764957463036
2020-12-21T00:00:00.0,bus-3-bus-4-i_6,-98.61855319300562
2020-12-21T01:00:00.0,bus-3-bus-4-i_6,-97.19296002292275
2020-12-21T02:00:00.0,bus-3-bus-4-i_6,-96.28300511942032
2020-12-21T03:00:00.0,bus-3-bus-4-i_6,-96.28300511942032
2020-12-21T04:00:00.0,bus-3-bus-4-i_6,-98.10289508670154
2020-12-21T05:00:00.0,bus-3-bus-4-i_6,-101.43939111521117
2020-12-21T06:00:00.0,bus-3-bus-4-i_6,-104.29049140016899
2020-12-21T07:00:00.0,bus-3-bus-4-i_6,-102.44029940979391
2020-12-21T08:00:00.0,bus-3-bus-4-i_6,-101.71234907819264
2020-12-21T09:00:00.0,bus-3-bus-4-i_6,-102.13701178545503
2020-12-21T10:00:00.0,bus-3-bus-4-i_6,-101.95499965659458
2020-12-21T11:00:00.0,bus-3-bus-4-i_6,-100.86309355049248
2020-12-21T12:00:00.0,bus-3-bus-4-i_6,-99.92281345756044
2020-12-21T13:00:00.0,bus-3-bus-4-i_6,-99.64983083822112
2020-12-21T14:00:00.0,bus-3-bus-4-i_6,-100.10480503357809
2020-12-21T15:00:00.0,bus-3-bus-4-i_6,-101.86400578790251
2020-12-21T16:00:00.0,bus-3-bus-4-i_6,-110.84179199916129
2020-12-21T17:00:00.0,bus-3-bus-4-i_6,-112.61317826610819
2020-12-21T18:00:00.0,bus-3-bus-4-i_6,-113.07495826538813
2020-12-21T19:00:00.0,bus-3-bus-4-i_6,-112.4628181483214
2020-12-21T20:00:00.0,bus-3-bus-4-i_6,-111.82979034127527
2020-12-21T21:00:00.0,bus-3-bus-4-i_6,-114.75410843480705
2020-12-21T22:00:00.0,bus-3-bus-4-i_6,-108.02112310352186
2020-12-21T23:00:00.0,bus-3-bus-4-i_6,-102.10668047984495
2020-12-22T00:00:00.0,bus-3-bus-4-i_6,-98.2545728147677
2020-12-22T01:00:00.0,bus-3-bus-4-i_6,-96.40431675545666
2020-12-22T02:00:00.0,bus-3-bus-4-i_6,-95.73703253413557
2020-12-22T03:00:00.0,bus-3-bus-4-i_6,-96.5256440050096
2020-12-22T04:00:00.0,bus-3-bus-4-i_6,-98.58822196012262
2020-12-22T05:00:00.0,bus-3-bus-4-i_6,-102.5919552569907
2020-12-22T06:00:00.0,bus-3-bus-4-i_6,-105.7160321111436
2020-12-22T07:00:00.0,bus-3-bus-4-i_6,-105.59471024276323
2020-12-22T08:00:00.0,bus-3-bus-4-i_6,-106.35297027647846
2020-12-22T09:00:00.0,bus-3-bus-4-i_6,-106.83828819551131
2020-12-22T10:00:00.0,bus-3-bus-4-i_6,-104.83644510841911
2020-12-22T11:00:00.0,bus-3-bus-4-i_6,-101.98533082439363
2020-12-22T12:00:00.0,bus-3-bus-4-i_6,-100.04414101771282
2020-12-22T13:00:00.0,bus-3-bus-4-i_6,-98.2545728147677
2020-12-22T14:00:00.0,bus-3-bus-4-i_6,-97.0109523256569
2020-12-22T15:00:00.0,bus-3-bus-4-i_6,-97.435614446304
2020-12-22T16:00:00.0,bus-3-bus-4-i_6,-105.5340491167857
2020-12-22T17:00:00.0,bus-3-bus-4-i_6,-114.01393798008137
2020-12-22T18:00:00.0,bus-3-bus-4-i_6,-111.97697667190702
2020-12-22T19:00:00.0,bus-3-bus-4-i_6,-111.89438549735064
2020-12-22T20:00:00.0,bus-3-bus-4-i_6,-111.43354186861467
2020-12-22T21:00:00.0,bus-3-bus-4-i_6,-115.11802846867083
2020-12-22T22:00:00.0,bus-3-bus-4-i_6,-110.59911763836297
2020-12-22T23:00:00.0,bus-3-bus-4-i_6,-104.62415909042413
2020-12-23T00:00:00.0,bus-3-bus-4-i_6,-101.25737895740686
2020-12-23T01:00:00.0,bus-3-bus-4-i_6,-99.07353042286657
2020-12-23T02:00:00.0,bus-3-bus-4-i_6,-98.77019255152875
2020-12-23T03:00:00.0,bus-3-bus-4-i_6,-99.68016231828241
2020-12-23T04:00:00.0,bus-3-bus-4-i_6,-101.62137898891518
2020-12-23T05:00:00.0,bus-3-bus-4-i_6,-106.89894711535075
2020-12-23T06:00:00.0,bus-3-bus-4-i_6,-110.20488409029186
2020-12-23T07:00:00.0,bus-3-bus-4-i_6,-107.59650513614123
2020-12-23T08:00:00.0,bus-3-bus-4-i_6,-106.11032762577793
2020-12-23T09:00:00.0,bus-3-bus-4-i_6,-104.1388372173335
2020-12-23T10:00:00.0,bus-3-bus-4-i_6,-102.68294883646473
2020-12-23T11:00:00.0,bus-3-bus-4-i_6,-100.4687612992067
2020-12-23T12:00:00.0,bus-3-bus-4-i_6,-98.58822196012262
2020-12-23T13:00:00.0,bus-3-bus-4-i_6,-97.04130097078374
2020-12-23T14:00:00.0,bus-3-bus-4-i_6,-96.10099885408113
2020-12-23T15:00:00.0,bus-3-bus-4-i_6,-96.2526578182045
2020-12-23T16:00:00.0,bus-3-bus-4-i_6,-103.68387361402598
2020-12-23T17:00:00.0,bus-3-bus-4-i_6,-116.53679049222967
2020-12-23T18:00:00.0,bus-3-bus-4-i_6,-111.43354186861467
2020-12-23T19:00:00.0,bus-3-bus-4-i_6,-111.69364932116603
2020-12-23T20:00:00.0,bus-3-bus-4-i_6,-113.56408893681909
2020-12-23T21:00:00.0,bus-3-bus-4-i_6,-115.57292626841456
2020-12-23T22:00:00.0,bus-3-bus-4-i_6,-111.02376489050525
2020-12-23T23:00:00.0,bus-3-bus-4-i_6,-105.38239640672364
2020-12-24T00:00:00.0,bus-3-bus-4-i_6,-101.28771019229173
2020-12-24T01:00:00.0,bus-3-bus-4-i_6,-99.86215171544166
2020-12-24T02:00:00.0,bus-3-bus-4-i_6,-99.64983083822112
2020-12-24T03:00:00.0,bus-3-bus-4-i_6,-100.07447344377134
2020-12-24T04:00:00.0,bus-3-bus-4-i_6,-102.56162395563906
2020-12-24T05:00:00.0,bus-3-bus-4-i_6,-107.2022494211943
2020-12-24T06:00:00.0,bus-3-bus-4-i_6,-110.32619880239687
2020-12-24T07:00:00.0,bus-3-bus-4-i_6,-107.80881449507238
2020-12-24T08:00:00.0,bus-3-bus-4-i_6,-105.8070555037527
2020-12-24T09:00:00.0,bus-3-bus-4-i_6,-103.86585926250218
2020-12-24T10:00:00.0,bus-3-bus-4-i_6,-102.31897465340356
2020-12-24T11:00:00.0,bus-3-bus-4-i_6,-101.25737895740686
2020-12-24T12:00:00.0,bus-3-bus-4-i_6,-99.04319757989137
2020-12-24T13:00:00.0,bus-3-bus-4-i_6,-97.61760592527207
2020-12-24T14:00:00.0,bus-3-bus-4-i_6,-97.49626047212901
2020-12-24T15:00:00.0,bus-3-bus-4-i_6,-97.19296002292275
2020-12-24T16:00:00.0,bus-3-bus-4-i_6,-102.7739684321439
2020-12-24T17:00:00.0,bus-3-bus-4-i_6,-115.72455563594812
2020-12-24T18:00:00.0,bus-3-bus-4-i_6,-112.09489824066812
2020-12-24T19:00:00.0,bus-3-bus-4-i_6,-112.17526302395122
2020-12-24T20:00:00.0,bus-3-bus-4-i_6,-116.40641105125229
2020-12-24T21:00:00.0,bus-3-bus-4-i_6,-114.96639916155172
2020-12-24T22:00:00.0,bus-3-bus-4-i_6,-110.26554150633245
2020-12-24T23:00:00.0,bus-3-bus-4-i_6,-103.71420469623803
2020-12-25T00:00:00.0,bus-3-bus-4-i_6,-100.04414101771282
2020-12-25T01:00:00.0,bus-3-bus-4-i_6,-97.82992813401492
2020-12-25T02:00:00.0,bus-3-bus-4-i_6,-96.46498033879831
2020-12-25T03:00:00.0,bus-3-bus-4-i_6,-96.28300511942032
2020-12-25T04:00:00.0,bus-3-bus-4-i_6,-97.70860050348915
2020-12-25T05:00:00.0,bus-3-bus-4-i_6,-100.52942437757982
2020-12-25T06:00:00.0,bus-3-bus-4-i_6,-103.47155687329345
2020-12-25T07:00:00.0,bus-3-bus-4-i_6,-103.95685202787477
2020-12-25T08:00:00.0,bus-3-bus-4-i_6,-104.56349747571912
2020-12-25T09:00:00.0,bus-3-bus-4-i_6,-104.62415909042413
2020-12-25T10:00:00.0,bus-3-bus-4-i_6,-103.28957071297124
2020-12-25T11:00:00.0,bus-3-bus-4-i_6,-101.53038494347655
2020-12-25T12:00:00.0,bus-3-bus-4-i_6,-98.34556804797239
2020-12-25T13:00:00.0,bus-3-bus-4-i_6,-96.2526578182045
2020-12-25T14:00:00.0,bus-3-bus-4-i_6,-95.03940047744521
2020-12-25T15:00:00.0,bus-3-bus-4-i_6,-94.49341431650467
2020-12-25T16:00:00.0,bus-3-bus-4-i_6,-101.28771019229173
2020-12-25T17:00:00.0,bus-3-bus-4-i_6,-113.11642223656241
2020-12-25T18:00:00.0,bus-3-bus-4-i_6,-114.32952184573884
2020-12-25T19:00:00.0,bus-3-bus-4-i_6,-113.75330916403648
2020-12-25T20:00:00.0,bus-3-bus-4-i_6,-111.84263776158714
2020-12-25T21:00:00.0,bus-3-bus-4-i_6,-109.96225083503653
2020-12-25T22:00:00.0,bus-3-bus-4-i_6,-106.83828819551131
2020-12-25T23:00:00.0,bus-3-bus-4-i_6,-102.95595501849802
2020-12-26T00:00:00.0,bus-3-bus-4-i_6,-99.01286538160683
2020-12-26T01:00:00.0,bus-3-bus-4-i_6,-96.70763470109314
2020-12-26T02:00:00.0,bus-3-bus-4-i_6,-95.58535870803568
2020-12-26T03:00:00.0,bus-3-bus-4-i_6,-95.31238693998259
2020-12-26T04:00:00.0,bus-3-bus-4-i_6,-96.07066723953908
2020-12-26T05:00:00.0,bus-3-bus-4-i_6,-97.49626047212901
2020-12-26T06:00:00.0,bus-3-bus-4-i_6,-97.7389144649189
2020-12-26T07:00:00.0,bus-3-bus-4-i_6,-95.97967180717998
2020-12-26T08:00:00.0,bus-3-bus-4-i_6,-96.40431675545666
2020-12-26T09:00:00.0,bus-3-bus-4-i_6,-96.5256440050096
2020-12-26T10:00:00.0,bus-3-bus-4-i_6,-95.76735466719184
2020-12-26T11:00:00.0,bus-3-bus-4-i_6,-94.49341431650467
2020-12-26T12:00:00.0,bus-3-bus-4-i_6,-93.12848601951646
2020-12-26T13:00:00.0,bus-3-bus-4-i_6,-92.21854664322076
2020-12-26T14:00:00.0,bus-3-bus-4-i_6,-91.30859808477227
2020-12-26T15:00:00.0,bus-3-bus-4-i_6,-91.70289884996346
2020-12-26T16:00:00.0,bus-3-bus-4-i_6,-96.82896169026908
2020-12-26T17:00:00.0,bus-3-bus-4-i_6,-107.17191930326564
2020-12-26T18:00:00.0,bus-3-bus-4-i_6,-109.02203882112961
2020-12-26T19:00:00.0,bus-3-bus-4-i_6,-109.50731087673087
2020-12-26T20:00:00.0,bus-3-bus-4-i_6,-108.77940308780774
2020-12-26T21:00:00.0,bus-3-bus-4-i_6,-107.96046364394351
2020-12-26T22:00:00.0,bus-3-bus-4-i_6,-105.83738601514096
2020-12-26T23:00:00.0,bus-3-bus-4-i_6,-102.40996809843483
2020-12-27T00:00:00.0,bus-3-bus-4-i_6,-98.86120743801605
2020-12-27T01:00:00.0,bus-3-bus-4-i_6,-96.79862991983399
2020-12-27T02:00:00.0,bus-3-bus-4-i_6,-96.1616785215508
2020-12-27T03:00:00.0,bus-3-bus-4-i_6,-96.0403354765398
2020-12-27T04:00:00.0,bus-3-bus-4-i_6,-96.91995702287402
2020-12-27T05:00:00.0,bus-3-bus-4-i_6,-98.58822196012262
2020-12-27T06:00:00.0,bus-3-bus-4-i_6,-98.67921663695603
2020-12-27T07:00:00.0,bus-3-bus-4-i_6,-96.67730277670692
2020-12-27T08:00:00.0,bus-3-bus-4-i_6,-96.55597594288732
2020-12-27T09:00:00.0,bus-3-bus-4-i_6,-96.0403354765398
2020-12-27T10:00:00.0,bus-3-bus-4-i_6,-94.9787364801249
2020-12-27T11:00:00.0,bus-3-bus-4-i_6,-93.79578405824296
2020-12-27T12:00:00.0,bus-3-bus-4-i_6,-92.55219508372423
2020-12-27T13:00:00.0,bus-3-bus-4-i_6,-91.82422509877492
2020-12-27T14:00:00.0,bus-3-bus-4-i_6,-91.49057784492383
2020-12-27T15:00:00.0,bus-3-bus-4-i_6,-91.61191420476185
2020-12-27T16:00:00.0,bus-3-bus-4-i_6,-96.19199434792152
2020-12-27T17:00:00.0,bus-3-bus-4-i_6,-105.86771651854473
2020-12-27T18:00:00.0,bus-3-bus-4-i_6,-105.74636258907613
2020-12-27T19:00:00.0,bus-3-bus-4-i_6,-104.50280707189317
2020-12-27T20:00:00.0,bus-3-bus-4-i_6,-103.5322458505405
2020-12-27T21:00:00.0,bus-3-bus-4-i_6,-102.74361115083128
2020-12-27T22:00:00.0,bus-3-bus-4-i_6,-101.86400578790251
2020-12-27T23:00:00.0,bus-3-bus-4-i_6,-99.22516715543152
2020-12-28T00:00:00.0,bus-3-bus-4-i_6,-96.4953121919194
2020-12-28T01:00:00.0,bus-3-bus-4-i_6,-95.06973230455303
2020-12-28T02:00:00.0,bus-3-bus-4-i_6,-94.03843785989045
2020-12-28T03:00:00.0,bus-3-bus-4-i_6,-93.79578405824296
2020-12-28T04:00:00.0,bus-3-bus-4-i_6,-94.22044114847354
2020-12-28T05:00:00.0,bus-3-bus-4-i_6,-95.64603703236307
2020-12-28T06:00:00.0,bus-3-bus-4-i_6,-94.37210019376154
2020-12-28T07:00:00.0,bus-3-bus-4-i_6,-92.61285848398661
2020-12-28T08:00:00.0,bus-3-bus-4-i_6,-91.79390259935136
2020-12-28T09:00:00.0,bus-3-bus-4-i_6,-91.30859808477227
2020-12-28T10:00:00.0,bus-3-bus-4-i_6,-90.94461061499727
2020-12-28T11:00:00.0,bus-3-bus-4-i_6,-90.27731886651657
2020-12-28T12:00:00.0,bus-3-bus-4-i_6,-89.70102317152738
2020-12-28T13:00:00.0,bus-3-bus-4-i_6,-88.79108619787831
2020-12-28T14:00:00.0,bus-3-bus-4-i_6,-88.30579424047933
2020-12-28T15:00:00.0,bus-3-bus-4-i_6,-88.5181060182966
2020-12-28T16:00:00.0,bus-3-bus-4-i_6,-92.91616416980264
2020-12-28T17:00:00.0,bus-3-bus-4-i_6,-100.13511481882593
2020-12-28T18:00:00.0,bus-3-bus-4-i_6,-100.98439619489241
2020-12-28T19:00:00.0,bus-3-bus-4-i_6,-101.68201790641824
2020-12-28T20:00:00.0,bus-3-bus-4-i_6,-101.1360533579139
2020-12-28T21:00:00.0,bus-3-bus-4-i_6,-100.37780010489641
2020-12-28T22:00:00.0,bus-3-bus-4-i_6,-98.67921663695603
2020-12-28T23:00:00.0,bus-3-bus-4-i_6,-95.88867644298308
2020-12-29T00:00:00.0,bus-3-bus-4-i_6,-93.73513260448654
2020-12-29T01:00:00.0,bus-3-bus-4-i_6,-92.58252686057486
2020-12-29T02:00:00.0,bus-3-bus-4-i_6,-91.85455678936822
2020-12-29T03:00:00.0,bus-3-bus-4-i_6,-91.79390259935136
2020-12-29T04:00:00.0,bus-3-bus-4-i_6,-93.00715926428296
2020-12-29T05:00:00.0,bus-3-bus-4-i_6,-95.25172327838396
2020-12-29T06:00:00.0,bus-3-bus-4-i_6,-95.88867644298308
2020-12-29T07:00:00.0,bus-3-bus-4-i_6,-95.25172327838396
2020-12-29T08:00:00.0,bus-3-bus-4-i_6,-96.58630751187657
2020-12-29T09:00:00.0,bus-3-bus-4-i_6,-97.70860050348915
2020-12-29T10:00:00.0,bus-3-bus-4-i_6,-97.61760592527207
2020-12-29T11:00:00.0,bus-3-bus-4-i_6,-97.28393835149099
2020-12-29T12:00:00.0,bus-3-bus-4-i_6,-97.10196459478317
2020-12-29T13:00:00.0,bus-3-bus-4-i_6,-96.0403354765398
2020-12-29T14:00:00.0,bus-3-bus-4-i_6,-95.19105961855487
2020-12-29T15:00:00.0,bus-3-bus-4-i_6,-95.88867644298308
2020-12-29T16:00:00.0,bus-3-bus-4-i_6,-103.07727903965853
2020-12-29T17:00:00.0,bus-3-bus-4-i_6,-112.7221578951414
2020-12-29T18:00:00.0,bus-3-bus-4-i_6,-113.38937688165069
2020-12-29T19:00:00.0,bus-3-bus-4-i_6,-111.96395186065264
2020-12-29T20:00:00.0,bus-3-bus-4-i_6,-109.84095029191509
2020-12-29T21:00:00.0,bus-3-bus-4-i_6,-102.53131820291337
2020-12-29T22:00:00.0,bus-3-bus-4-i_6,-103.16824663563757
2020-12-29T23:00:00.0,bus-3-bus-4-i_6,-97.95123661612207
2020-12-30T00:00:00.0,bus-3-bus-4-i_6,-94.70573674131828
2020-12-30T01:00:00.0,bus-3-bus-4-i_6,-93.12848601951646
2020-12-30T02:00:00.0,bus-3-bus-4-i_6,-93.00715926428296
2020-12-30T03:00:00.0,bus-3-bus-4-i_6,-92.58252686057486
2020-12-30T04:00:00.0,bus-3-bus-4-i_6,-93.61379358399098
2020-12-30T05:00:00.0,bus-3-bus-4-i_6,-95.73703253413557
2020-12-30T06:00:00.0,bus-3-bus-4-i_6,-96.373985018596
2020-12-30T07:00:00.0,bus-3-bus-4-i_6,-95.64603703236307
2020-12-30T08:00:00.0,bus-3-bus-4-i_6,-96.22232602545357
2020-12-30T09:00:00.0,bus-3-bus-4-i_6,-96.2526578182045
2020-12-30T10:00:00.0,bus-3-bus-4-i_6,-96.31333729084004
2020-12-30T11:00:00.0,bus-3-bus-4-i_6,-95.9493553715685
2020-12-30T12:00:00.0,bus-3-bus-4-i_6,-95.25172327838396
2020-12-30T13:00:00.0,bus-3-bus-4-i_6,-94.1597731402763
2020-12-30T14:00:00.0,bus-3-bus-4-i_6,-93.85645973369812
2020-12-30T15:00:00.0,bus-3-bus-4-i_6,-94.79673204495896
2020-12-30T16:00:00.0,bus-3-bus-4-i_6,-101.19671601834904
2020-12-30T17:00:00.0,bus-3-bus-4-i_6,-109.96225083503653
2020-12-30T18:00:00.0,bus-3-bus-4-i_6,-111.26649195264133
2020-12-30T19:00:00.0,bus-3-bus-4-i_6,-110.50817405406744
2020-12-30T20:00:00.0,bus-3-bus-4-i_6,-107.96046364394351
2020-12-30T21:00:00.0,bus-3-bus-4-i_6,-104.92743731504032
2020-12-30T22:00:00.0,bus-3-bus-4-i_6,-100.83273897263231
2020-12-30T23:00:00.0,bus-3-bus-4-i_6,-96.4953121919194
