name,available,bus_name,bus_number,area,active_power,reactive_power,max_active_power,max_reactive_power
bus685,true,bus-685,685,"Area(0, 0.0, 0.0, 0.0, Dict{String, Any}(""I"" => """", ""ARNAME"" => """", ""PTOL"" => """", ""PDES"" => """", ""ISW"" => """"))",0.543063558,0.163491554,0.543063558,0.163491554
bus1470,true,bus-1470,1470,"Area(0, 0.0, 0.0, 0.0, Dict{String, Any}(""I"" => """", ""ARNAME"" => """", ""PTOL"" => """", ""PDES"" => """", ""ISW"" => """"))",0.128046512,0.0390671692,0.128046512,0.0390671692
bus1297,true,bus-1297,1297,"Area(0, 0.0, 0.0, 0.0, Dict{String, Any}(""I"" => """", ""ARNAME"" => """", ""PTOL"" => """", ""PDES"" => """", ""ISW"" => """"))",0.0406711224,0.0164718301,0.0406711224,0.0164718301
bus4585,true,bus-4585,4585,"Area(0, 0.0, 0.0, 0.0, Dict{String, Any}(""I"" => """", ""ARNAME"" => """", ""PTOL"" => """", ""PDES"" => """", ""ISW"" => """"))",0.178538822,0.0360031694,0.182885,0.0360031694
bus789,true,bus-789,789,"Area(0, 0.0, 0.0, 0.0, Dict{String, Any}(""I"" => """", ""ARNAME"" => """", ""PTOL"" => """", ""PDES"" => """", ""ISW"" => """"))",0.151825243,0.0285285121,0.153193,0.0285285121
bus12,true,bus-12,12,"Area(0, 0.0, 0.0, 0.0, Dict{String, Any}(""I"" => """", ""ARNAME"" => """", ""PTOL"" => """", ""PDES"" => """", ""ISW"" => """"))",0.0586119021,0.0180931205,0.0586119021,0.0180931205
bus584,true,bus-584,584,"Area(0, 0.0, 0.0, 0.0, Dict{String, Any}(""I"" => """", ""ARNAME"" => """", ""PTOL"" => """", ""PDES"" => """", ""ISW"" => """"))",0.214677287,0.06878711509999999,0.214677287,0.06878711509999999
bus403,true,bus-403,403,"Area(0, 0.0, 0.0, 0.0, Dict{String, Any}(""I"" => """", ""ARNAME"" => """", ""PTOL"" => """", ""PDES"" => """", ""ISW"" => """"))",0.586754629,0.148570372,0.586754629,0.148570372
bus823,true,bus-823,823,"Area(0, 0.0, 0.0, 0.0, Dict{String, Any}(""I"" => """", ""ARNAME"" => """", ""PTOL"" => """", ""PDES"" => """", ""ISW"" => """"))",0.0338061926,0.013944297100000001,0.0338061926,0.013944297100000001
bus8476,true,bus-8476,8476,"Area(0, 0.0, 0.0, 0.0, Dict{String, Any}(""I"" => """", ""ARNAME"" => """", ""PTOL"" => """", ""PDES"" => """", ""ISW"" => """"))",0.0758894576,0.024777686499999996,0.0758894576,0.024777686499999996
bus1188,true,bus-1188,1188,"Area(0, 0.0, 0.0, 0.0, Dict{String, Any}(""I"" => """", ""ARNAME"" => """", ""PTOL"" => """", ""PDES"" => """", ""ISW"" => """"))",0.601361444,0.145419628,0.607438,0.145419628
bus1261,true,bus-1261,1261,"Area(0, 0.0, 0.0, 0.0, Dict{String, Any}(""I"" => """", ""ARNAME"" => """", ""PTOL"" => """", ""PDES"" => """", ""ISW"" => """"))",0.6672801730000001,0.24222319599999997,0.6672801730000001,0.24222319599999997
bus8052,true,bus-8052,8052,"Area(0, 0.0, 0.0, 0.0, Dict{String, Any}(""I"" => """", ""ARNAME"" => """", ""PTOL"" => """", ""PDES"" => """", ""ISW"" => """"))",0.0350293397,0.0133716856,0.0350293397,0.0133716856
bus442,true,bus-442,442,"Area(0, 0.0, 0.0, 0.0, Dict{String, Any}(""I"" => """", ""ARNAME"" => """", ""PTOL"" => """", ""PDES"" => """", ""ISW"" => """"))",0.0389644554,0.014973294100000001,0.0389644554,0.014973294100000001
bus966,true,bus-966,966,"Area(0, 0.0, 0.0, 0.0, Dict{String, Any}(""I"" => """", ""ARNAME"" => """", ""PTOL"" => """", ""PDES"" => """", ""ISW"" => """"))",0.0267486447,0.0107533583,0.0267486447,0.0107533583
bus641,true,bus-641,641,"Area(0, 0.0, 0.0, 0.0, Dict{String, Any}(""I"" => """", ""ARNAME"" => """", ""PTOL"" => """", ""PDES"" => """", ""ISW"" => """"))",0.0365346482,0.0135338223,0.0365346482,0.0135338223
bus884,true,bus-884,884,"Area(0, 0.0, 0.0, 0.0, Dict{String, Any}(""I"" => """", ""ARNAME"" => """", ""PTOL"" => """", ""PDES"" => """", ""ISW"" => """"))",0.0694681999,0.024224235400000002,0.0694681999,0.024224235400000002
bus2232,true,bus-2232,2232,"Area(0, 0.0, 0.0, 0.0, Dict{String, Any}(""I"" => """", ""ARNAME"" => """", ""PTOL"" => """", ""PDES"" => """", ""ISW"" => """"))",0.116749769,0.036790140400000004,0.116749769,0.036790140400000004
bus2510,true,bus-2510,2510,"Area(0, 0.0, 0.0, 0.0, Dict{String, Any}(""I"" => """", ""ARNAME"" => """", ""PTOL"" => """", ""PDES"" => """", ""ISW"" => """"))",0.06027099909999999,0.0207316166,0.06027099909999999,0.0207316166
bus280,true,bus-280,280,"Area(0, 0.0, 0.0, 0.0, Dict{String, Any}(""I"" => """", ""ARNAME"" => """", ""PTOL"" => """", ""PDES"" => """", ""ISW"" => """"))",0.375493383,0.122883333,0.375493383,0.122883333
bus3150,true,bus-3150,3150,"Area(0, 0.0, 0.0, 0.0, Dict{String, Any}(""I"" => """", ""ARNAME"" => """", ""PTOL"" => """", ""PDES"" => """", ""ISW"" => """"))",0.11151646400000001,0.0310495475,0.11151646400000001,0.0310495475
bus458,true,bus-458,458,"Area(0, 0.0, 0.0, 0.0, Dict{String, Any}(""I"" => """", ""ARNAME"" => """", ""PTOL"" => """", ""PDES"" => """", ""ISW"" => """"))",0.398928521,0.088896891,0.420939,0.088896891
bus942,true,bus-942,942,"Area(0, 0.0, 0.0, 0.0, Dict{String, Any}(""I"" => """", ""ARNAME"" => """", ""PTOL"" => """", ""PDES"" => """", ""ISW"" => """"))",0.039067537799999996,0.0126582855,0.039067537799999996,0.0126582855
bus7806,true,bus-7806,7806,"Area(0, 0.0, 0.0, 0.0, Dict{String, Any}(""I"" => """", ""ARNAME"" => """", ""PTOL"" => """", ""PDES"" => """", ""ISW"" => """"))",0.614198483,0.22450304299999999,0.614198483,0.22450304299999999
bus1514,true,bus-1514,1514,"Area(0, 0.0, 0.0, 0.0, Dict{String, Any}(""I"" => """", ""ARNAME"" => """", ""PTOL"" => """", ""PDES"" => """", ""ISW"" => """"))",0.265796308,0.0971872847,0.265796308,0.0971872847
bus2644,true,bus-2644,2644,"Area(0, 0.0, 0.0, 0.0, Dict{String, Any}(""I"" => """", ""ARNAME"" => """", ""PTOL"" => """", ""PDES"" => """", ""ISW"" => """"))",0.00260864036,0.00081791396,0.00260864036,0.00081791396
bus8074,true,bus-8074,8074,"Area(0, 0.0, 0.0, 0.0, Dict{String, Any}(""I"" => """", ""ARNAME"" => """", ""PTOL"" => """", ""PDES"" => """", ""ISW"" => """"))",0.414410623,0.0666580306,0.42865200000000003,0.0666580306
bus812,true,bus-812,812,"Area(0, 0.0, 0.0, 0.0, Dict{String, Any}(""I"" => """", ""ARNAME"" => """", ""PTOL"" => """", ""PDES"" => """", ""ISW"" => """"))",0.386939598,0.11829791699999999,0.386939598,0.11829791699999999
bus7452,true,bus-7452,7452,"Area(0, 0.0, 0.0, 0.0, Dict{String, Any}(""I"" => """", ""ARNAME"" => """", ""PTOL"" => """", ""PDES"" => """", ""ISW"" => """"))",0.041456458700000004,0.0136384916,0.041456458700000004,0.0136384916
bus1622,true,bus-1622,1622,"Area(0, 0.0, 0.0, 0.0, Dict{String, Any}(""I"" => """", ""ARNAME"" => """", ""PTOL"" => """", ""PDES"" => """", ""ISW"" => """"))",0.0191990795,0.00841477229,0.0191990795,0.00841477229
bus686,true,bus-686,686,"Area(0, 0.0, 0.0, 0.0, Dict{String, Any}(""I"" => """", ""ARNAME"" => """", ""PTOL"" => """", ""PDES"" => """", ""ISW"" => """"))",0.35260613,0.129651944,0.35260613,0.129651944
bus1467,true,bus-1467,1467,"Area(0, 0.0, 0.0, 0.0, Dict{String, Any}(""I"" => """", ""ARNAME"" => """", ""PTOL"" => """", ""PDES"" => """", ""ISW"" => """"))",0.202775049,0.0693689961,0.202775049,0.0693689961
bus7546,true,bus-7546,7546,"Area(0, 0.0, 0.0, 0.0, Dict{String, Any}(""I"" => """", ""ARNAME"" => """", ""PTOL"" => """", ""PDES"" => """", ""ISW"" => """"))",0.0734795864,0.024173221300000002,0.0734795864,0.024173221300000002
bus2110,true,bus-2110,2110,"Area(0, 0.0, 0.0, 0.0, Dict{String, Any}(""I"" => """", ""ARNAME"" => """", ""PTOL"" => """", ""PDES"" => """", ""ISW"" => """"))",0.0941042269,0.027493103900000003,0.0941042269,0.027493103900000003
bus704,true,bus-704,704,"Area(0, 0.0, 0.0, 0.0, Dict{String, Any}(""I"" => """", ""ARNAME"" => """", ""PTOL"" => """", ""PDES"" => """", ""ISW"" => """"))",0.118746553,0.044408962,0.118746553,0.044408962
bus2097,true,bus-2097,2097,"Area(0, 0.0, 0.0, 0.0, Dict{String, Any}(""I"" => """", ""ARNAME"" => """", ""PTOL"" => """", ""PDES"" => """", ""ISW"" => """"))",0.466098089,0.104709731,0.503264,0.104709731
bus8021,true,bus-8021,8021,"Area(0, 0.0, 0.0, 0.0, Dict{String, Any}(""I"" => """", ""ARNAME"" => """", ""PTOL"" => """", ""PDES"" => """", ""ISW"" => """"))",0.462960191,0.112111289,0.476374,0.112111289
bus2408,true,bus-2408,2408,"Area(0, 0.0, 0.0, 0.0, Dict{String, Any}(""I"" => """", ""ARNAME"" => """", ""PTOL"" => """", ""PDES"" => """", ""ISW"" => """"))",0.0595516367,0.0194662392,0.0595516367,0.0194662392
bus1509,true,bus-1509,1509,"Area(0, 0.0, 0.0, 0.0, Dict{String, Any}(""I"" => """", ""ARNAME"" => """", ""PTOL"" => """", ""PDES"" => """", ""ISW"" => """"))",0.183397321,0.06280968299999999,0.183397321,0.06280968299999999
bus109,true,bus-109,109,"Area(0, 0.0, 0.0, 0.0, Dict{String, Any}(""I"" => """", ""ARNAME"" => """", ""PTOL"" => """", ""PDES"" => """", ""ISW"" => """"))",0.016909094200000002,0.00645520634,0.016909094200000002,0.00645520634
bus2124,true,bus-2124,2124,"Area(0, 0.0, 0.0, 0.0, Dict{String, Any}(""I"" => """", ""ARNAME"" => """", ""PTOL"" => """", ""PDES"" => """", ""ISW"" => """"))",0.0617579599,0.0174987607,0.0617579599,0.0174987607
bus3220,true,bus-3220,3220,"Area(0, 0.0, 0.0, 0.0, Dict{String, Any}(""I"" => """", ""ARNAME"" => """", ""PTOL"" => """", ""PDES"" => """", ""ISW"" => """"))",0.0329505627,0.0101214706,0.0329505627,0.0101214706
bus1045,true,bus-1045,1045,"Area(0, 0.0, 0.0, 0.0, Dict{String, Any}(""I"" => """", ""ARNAME"" => """", ""PTOL"" => """", ""PDES"" => """", ""ISW"" => """"))",0.694956229,0.261723985,0.694956229,0.261723985
bus5253,true,bus-5253,5253,"Area(0, 0.0, 0.0, 0.0, Dict{String, Any}(""I"" => """", ""ARNAME"" => """", ""PTOL"" => """", ""PDES"" => """", ""ISW"" => """"))",0.112236367,0.04416061,0.112236367,0.04416061
bus7869,true,bus-7869,7869,"Area(0, 0.0, 0.0, 0.0, Dict{String, Any}(""I"" => """", ""ARNAME"" => """", ""PTOL"" => """", ""PDES"" => """", ""ISW"" => """"))",0.18244497899999998,0.061002843599999995,0.18244497899999998,0.061002843599999995
bus452,true,bus-452,452,"Area(0, 0.0, 0.0, 0.0, Dict{String, Any}(""I"" => """", ""ARNAME"" => """", ""PTOL"" => """", ""PDES"" => """", ""ISW"" => """"))",0.07582915039999999,0.0238330415,0.07582915039999999,0.0238330415
bus174,true,bus-174,174,"Area(0, 0.0, 0.0, 0.0, Dict{String, Any}(""I"" => """", ""ARNAME"" => """", ""PTOL"" => """", ""PDES"" => """", ""ISW"" => """"))",0.056117703399999996,0.021154747600000003,0.056117703399999996,0.021154747600000003
bus247,true,bus-247,247,"Area(0, 0.0, 0.0, 0.0, Dict{String, Any}(""I"" => """", ""ARNAME"" => """", ""PTOL"" => """", ""PDES"" => """", ""ISW"" => """"))",0.034933354300000004,0.015254151799999999,0.034933354300000004,0.015254151799999999
bus171,true,bus-171,171,"Area(0, 0.0, 0.0, 0.0, Dict{String, Any}(""I"" => """", ""ARNAME"" => """", ""PTOL"" => """", ""PDES"" => """", ""ISW"" => """"))",0.0516631547,0.0165275168,0.0516631547,0.0165275168
bus2822,true,bus-2822,2822,"Area(0, 0.0, 0.0, 0.0, Dict{String, Any}(""I"" => """", ""ARNAME"" => """", ""PTOL"" => """", ""PDES"" => """", ""ISW"" => """"))",0.136358332,0.0311356689,0.136358332,0.0311356689
bus161,true,bus-161,161,"Area(0, 0.0, 0.0, 0.0, Dict{String, Any}(""I"" => """", ""ARNAME"" => """", ""PTOL"" => """", ""PDES"" => """", ""ISW"" => """"))",0.0401075163,0.014181790100000001,0.0401075163,0.014181790100000001
bus2197,true,bus-2197,2197,"Area(0, 0.0, 0.0, 0.0, Dict{String, Any}(""I"" => """", ""ARNAME"" => """", ""PTOL"" => """", ""PDES"" => """", ""ISW"" => """"))",0.29355389,0.085439508,0.29355389,0.085439508
bus7684,true,bus-7684,7684,"Area(0, 0.0, 0.0, 0.0, Dict{String, Any}(""I"" => """", ""ARNAME"" => """", ""PTOL"" => """", ""PDES"" => """", ""ISW"" => """"))",0.285630314,0.0997788366,0.285630314,0.0997788366
bus2192,true,bus-2192,2192,"Area(0, 0.0, 0.0, 0.0, Dict{String, Any}(""I"" => """", ""ARNAME"" => """", ""PTOL"" => """", ""PDES"" => """", ""ISW"" => """"))",0.0740703112,0.0262864808,0.0740703112,0.0262864808
bus2227,true,bus-2227,2227,"Area(0, 0.0, 0.0, 0.0, Dict{String, Any}(""I"" => """", ""ARNAME"" => """", ""PTOL"" => """", ""PDES"" => """", ""ISW"" => """"))",0.344669713,0.134166305,0.344669713,0.134166305
bus429,true,bus-429,429,"Area(0, 0.0, 0.0, 0.0, Dict{String, Any}(""I"" => """", ""ARNAME"" => """", ""PTOL"" => """", ""PDES"" => """", ""ISW"" => """"))",0.506589203,0.12628103599999999,0.506589203,0.12628103599999999
bus2265,true,bus-2265,2265,"Area(0, 0.0, 0.0, 0.0, Dict{String, Any}(""I"" => """", ""ARNAME"" => """", ""PTOL"" => """", ""PDES"" => """", ""ISW"" => """"))",0.0188901575,0.00655873627,0.0188901575,0.00655873627
bus2053,true,bus-2053,2053,"Area(0, 0.0, 0.0, 0.0, Dict{String, Any}(""I"" => """", ""ARNAME"" => """", ""PTOL"" => """", ""PDES"" => """", ""ISW"" => """"))",0.553577984,0.127053283,0.553577984,0.127053283
bus8384,true,bus-8384,8384,"Area(0, 0.0, 0.0, 0.0, Dict{String, Any}(""I"" => """", ""ARNAME"" => """", ""PTOL"" => """", ""PDES"" => """", ""ISW"" => """"))",0.247450417,0.0771307275,0.247450417,0.0771307275
bus4348,true,bus-4348,4348,"Area(0, 0.0, 0.0, 0.0, Dict{String, Any}(""I"" => """", ""ARNAME"" => """", ""PTOL"" => """", ""PDES"" => """", ""ISW"" => """"))",0.016845244500000002,0.00577011858,0.016845244500000002,0.00577011858
bus803,true,bus-803,803,"Area(0, 0.0, 0.0, 0.0, Dict{String, Any}(""I"" => """", ""ARNAME"" => """", ""PTOL"" => """", ""PDES"" => """", ""ISW"" => """"))",0.252831218,0.0911540426,0.252831218,0.0911540426
bus8210,true,bus-8210,8210,"Area(0, 0.0, 0.0, 0.0, Dict{String, Any}(""I"" => """", ""ARNAME"" => """", ""PTOL"" => """", ""PDES"" => """", ""ISW"" => """"))",0.344957104,0.12868222299999998,0.344957104,0.12868222299999998
bus2661,true,bus-2661,2661,"Area(0, 0.0, 0.0, 0.0, Dict{String, Any}(""I"" => """", ""ARNAME"" => """", ""PTOL"" => """", ""PDES"" => """", ""ISW"" => """"))",0.0597470932,0.0198397189,0.0597470932,0.0198397189
bus1156,true,bus-1156,1156,"Area(0, 0.0, 0.0, 0.0, Dict{String, Any}(""I"" => """", ""ARNAME"" => """", ""PTOL"" => """", ""PDES"" => """", ""ISW"" => """"))",0.127883552,0.0356632126,0.127883552,0.0356632126
bus75,true,bus-75,75,"Area(0, 0.0, 0.0, 0.0, Dict{String, Any}(""I"" => """", ""ARNAME"" => """", ""PTOL"" => """", ""PDES"" => """", ""ISW"" => """"))",0.07424550619999999,0.0251135487,0.07424550619999999,0.0251135487
bus4838,true,bus-4838,4838,"Area(0, 0.0, 0.0, 0.0, Dict{String, Any}(""I"" => """", ""ARNAME"" => """", ""PTOL"" => """", ""PDES"" => """", ""ISW"" => """"))",0.047415208800000004,0.0181212186,0.047415208800000004,0.0181212186
bus2344,true,bus-2344,2344,"Area(0, 0.0, 0.0, 0.0, Dict{String, Any}(""I"" => """", ""ARNAME"" => """", ""PTOL"" => """", ""PDES"" => """", ""ISW"" => """"))",0.0300250283,0.010476663399999999,0.0300250283,0.010476663399999999
bus3652,true,bus-3652,3652,"Area(0, 0.0, 0.0, 0.0, Dict{String, Any}(""I"" => """", ""ARNAME"" => """", ""PTOL"" => """", ""PDES"" => """", ""ISW"" => """"))",0.0602378354,0.019985025,0.0602378354,0.019985025
bus1836,true,bus-1836,1836,"Area(0, 0.0, 0.0, 0.0, Dict{String, Any}(""I"" => """", ""ARNAME"" => """", ""PTOL"" => """", ""PDES"" => """", ""ISW"" => """"))",0.0912493652,0.0177873793,0.0912493652,0.0177873793
bus1358,true,bus-1358,1358,"Area(0, 0.0, 0.0, 0.0, Dict{String, Any}(""I"" => """", ""ARNAME"" => """", ""PTOL"" => """", ""PDES"" => """", ""ISW"" => """"))",0.0537359653,0.0201936946,0.0537359653,0.0201936946
bus470,true,bus-470,470,"Area(0, 0.0, 0.0, 0.0, Dict{String, Any}(""I"" => """", ""ARNAME"" => """", ""PTOL"" => """", ""PDES"" => """", ""ISW"" => """"))",0.78171656,0.164950543,0.844146,0.164950543
bus183,true,bus-183,183,"Area(0, 0.0, 0.0, 0.0, Dict{String, Any}(""I"" => """", ""ARNAME"" => """", ""PTOL"" => """", ""PDES"" => """", ""ISW"" => """"))",0.020435413800000003,0.00854943639,0.020435413800000003,0.00854943639
bus1541,true,bus-1541,1541,"Area(0, 0.0, 0.0, 0.0, Dict{String, Any}(""I"" => """", ""ARNAME"" => """", ""PTOL"" => """", ""PDES"" => """", ""ISW"" => """"))",0.112670915,0.0307150874,0.112670915,0.0307150874
bus6693,true,bus-6693,6693,"Area(0, 0.0, 0.0, 0.0, Dict{String, Any}(""I"" => """", ""ARNAME"" => """", ""PTOL"" => """", ""PDES"" => """", ""ISW"" => """"))",0.0791988065,0.0255112044,0.0791988065,0.0255112044
bus1062,true,bus-1062,1062,"Area(0, 0.0, 0.0, 0.0, Dict{String, Any}(""I"" => """", ""ARNAME"" => """", ""PTOL"" => """", ""PDES"" => """", ""ISW"" => """"))",0.178118686,0.056834132999999995,0.178118686,0.056834132999999995
bus4329,true,bus-4329,4329,"Area(0, 0.0, 0.0, 0.0, Dict{String, Any}(""I"" => """", ""ARNAME"" => """", ""PTOL"" => """", ""PDES"" => """", ""ISW"" => """"))",0.0535910697,0.0185817467,0.0535910697,0.0185817467
bus1228,true,bus-1228,1228,"Area(0, 0.0, 0.0, 0.0, Dict{String, Any}(""I"" => """", ""ARNAME"" => """", ""PTOL"" => """", ""PDES"" => """", ""ISW"" => """"))",0.0380604534,0.0135360648,0.0380604534,0.0135360648
bus47,true,bus-47,47,"Area(0, 0.0, 0.0, 0.0, Dict{String, Any}(""I"" => """", ""ARNAME"" => """", ""PTOL"" => """", ""PDES"" => """", ""ISW"" => """"))",0.142293846,0.0350808234,0.142293846,0.0350808234
bus1555,true,bus-1555,1555,"Area(0, 0.0, 0.0, 0.0, Dict{String, Any}(""I"" => """", ""ARNAME"" => """", ""PTOL"" => """", ""PDES"" => """", ""ISW"" => """"))",0.0362018941,0.0131058556,0.0362018941,0.0131058556
bus2140,true,bus-2140,2140,"Area(0, 0.0, 0.0, 0.0, Dict{String, Any}(""I"" => """", ""ARNAME"" => """", ""PTOL"" => """", ""PDES"" => """", ""ISW"" => """"))",0.036997179899999996,0.0127213204,0.036997179899999996,0.0127213204
bus623,true,bus-623,623,"Area(0, 0.0, 0.0, 0.0, Dict{String, Any}(""I"" => """", ""ARNAME"" => """", ""PTOL"" => """", ""PDES"" => """", ""ISW"" => """"))",0.0509611464,0.0167997778,0.0509611464,0.0167997778
bus868,true,bus-868,868,"Area(0, 0.0, 0.0, 0.0, Dict{String, Any}(""I"" => """", ""ARNAME"" => """", ""PTOL"" => """", ""PDES"" => """", ""ISW"" => """"))",0.055440604799999994,0.0206805167,0.055440604799999994,0.0206805167
bus102,true,bus-102,102,"Area(0, 0.0, 0.0, 0.0, Dict{String, Any}(""I"" => """", ""ARNAME"" => """", ""PTOL"" => """", ""PDES"" => """", ""ISW"" => """"))",0.0798153293,0.026111608199999997,0.0798153293,0.026111608199999997
bus1414,true,bus-1414,1414,"Area(0, 0.0, 0.0, 0.0, Dict{String, Any}(""I"" => """", ""ARNAME"" => """", ""PTOL"" => """", ""PDES"" => """", ""ISW"" => """"))",0.0695660432,0.0222853695,0.0695660432,0.0222853695
bus2271,true,bus-2271,2271,"Area(0, 0.0, 0.0, 0.0, Dict{String, Any}(""I"" => """", ""ARNAME"" => """", ""PTOL"" => """", ""PDES"" => """", ""ISW"" => """"))",0.0281527954,0.0113906511,0.0281527954,0.0113906511
bus2174,true,bus-2174,2174,"Area(0, 0.0, 0.0, 0.0, Dict{String, Any}(""I"" => """", ""ARNAME"" => """", ""PTOL"" => """", ""PDES"" => """", ""ISW"" => """"))",0.100470221,0.0317118352,0.100470221,0.0317118352
bus6994,true,bus-6994,6994,"Area(0, 0.0, 0.0, 0.0, Dict{String, Any}(""I"" => """", ""ARNAME"" => """", ""PTOL"" => """", ""PDES"" => """", ""ISW"" => """"))",0.348642052,0.099119542,0.36950000000000005,0.099119542
bus1573,true,bus-1573,1573,"Area(0, 0.0, 0.0, 0.0, Dict{String, Any}(""I"" => """", ""ARNAME"" => """", ""PTOL"" => """", ""PDES"" => """", ""ISW"" => """"))",0.0395659991,0.015487532500000002,0.0395659991,0.015487532500000002
bus1469,true,bus-1469,1469,"Area(0, 0.0, 0.0, 0.0, Dict{String, Any}(""I"" => """", ""ARNAME"" => """", ""PTOL"" => """", ""PDES"" => """", ""ISW"" => """"))",0.500872298,0.153069856,0.500872298,0.153069856
bus2187,true,bus-2187,2187,"Area(0, 0.0, 0.0, 0.0, Dict{String, Any}(""I"" => """", ""ARNAME"" => """", ""PTOL"" => """", ""PDES"" => """", ""ISW"" => """"))",0.0358299018,0.00697733097,0.036273,0.00697733097
bus1040,true,bus-1040,1040,"Area(0, 0.0, 0.0, 0.0, Dict{String, Any}(""I"" => """", ""ARNAME"" => """", ""PTOL"" => """", ""PDES"" => """", ""ISW"" => """"))",0.30790197599999997,0.0969082931,0.30790197599999997,0.0969082931
bus855,true,bus-855,855,"Area(0, 0.0, 0.0, 0.0, Dict{String, Any}(""I"" => """", ""ARNAME"" => """", ""PTOL"" => """", ""PDES"" => """", ""ISW"" => """"))",0.0453461013,0.014372982400000001,0.0453461013,0.014372982400000001
bus177,true,bus-177,177,"Area(0, 0.0, 0.0, 0.0, Dict{String, Any}(""I"" => """", ""ARNAME"" => """", ""PTOL"" => """", ""PDES"" => """", ""ISW"" => """"))",0.0582997179,0.017152536,0.0582997179,0.017152536
bus1211,true,bus-1211,1211,"Area(0, 0.0, 0.0, 0.0, Dict{String, Any}(""I"" => """", ""ARNAME"" => """", ""PTOL"" => """", ""PDES"" => """", ""ISW"" => """"))",0.946955256,0.238266518,1.014352,0.238266518
bus31,true,bus-31,31,"Area(0, 0.0, 0.0, 0.0, Dict{String, Any}(""I"" => """", ""ARNAME"" => """", ""PTOL"" => """", ""PDES"" => """", ""ISW"" => """"))",0.025834098700000002,0.00908727711,0.025834098700000002,0.00908727711
bus2333,true,bus-2333,2333,"Area(0, 0.0, 0.0, 0.0, Dict{String, Any}(""I"" => """", ""ARNAME"" => """", ""PTOL"" => """", ""PDES"" => """", ""ISW"" => """"))",0.19163069,0.050346741699999996,0.19235700000000003,0.050346741699999996
bus1413,true,bus-1413,1413,"Area(0, 0.0, 0.0, 0.0, Dict{String, Any}(""I"" => """", ""ARNAME"" => """", ""PTOL"" => """", ""PDES"" => """", ""ISW"" => """"))",0.195209125,0.0563017034,0.195209125,0.0563017034
bus2138,true,bus-2138,2138,"Area(0, 0.0, 0.0, 0.0, Dict{String, Any}(""I"" => """", ""ARNAME"" => """", ""PTOL"" => """", ""PDES"" => """", ""ISW"" => """"))",0.323195873,0.0829400134,0.323195873,0.0829400134
bus8083,true,bus-8083,8083,"Area(0, 0.0, 0.0, 0.0, Dict{String, Any}(""I"" => """", ""ARNAME"" => """", ""PTOL"" => """", ""PDES"" => """", ""ISW"" => """"))",0.0568588479,0.0188754806,0.0568588479,0.0188754806
bus2273,true,bus-2273,2273,"Area(0, 0.0, 0.0, 0.0, Dict{String, Any}(""I"" => """", ""ARNAME"" => """", ""PTOL"" => """", ""PDES"" => """", ""ISW"" => """"))",0.14070295,0.044822174199999995,0.14070295,0.044822174199999995
bus3014,true,bus-3014,3014,"Area(0, 0.0, 0.0, 0.0, Dict{String, Any}(""I"" => """", ""ARNAME"" => """", ""PTOL"" => """", ""PDES"" => """", ""ISW"" => """"))",0.0394419145,0.0124745449,0.0394419145,0.0124745449
bus4616,true,bus-4616,4616,"Area(0, 0.0, 0.0, 0.0, Dict{String, Any}(""I"" => """", ""ARNAME"" => """", ""PTOL"" => """", ""PDES"" => """", ""ISW"" => """"))",0.0372373011,0.013421113600000001,0.0372373011,0.013421113600000001
bus1157,true,bus-1157,1157,"Area(0, 0.0, 0.0, 0.0, Dict{String, Any}(""I"" => """", ""ARNAME"" => """", ""PTOL"" => """", ""PDES"" => """", ""ISW"" => """"))",0.031799026700000003,0.009859625910000001,0.031799026700000003,0.009859625910000001
bus99,true,bus-99,99,"Area(0, 0.0, 0.0, 0.0, Dict{String, Any}(""I"" => """", ""ARNAME"" => """", ""PTOL"" => """", ""PDES"" => """", ""ISW"" => """"))",0.127397467,0.0405430365,0.127397467,0.0405430365
bus735,true,bus-735,735,"Area(0, 0.0, 0.0, 0.0, Dict{String, Any}(""I"" => """", ""ARNAME"" => """", ""PTOL"" => """", ""PDES"" => """", ""ISW"" => """"))",0.0452794714,0.014061497499999999,0.0452794714,0.014061497499999999
bus601,true,bus-601,601,"Area(0, 0.0, 0.0, 0.0, Dict{String, Any}(""I"" => """", ""ARNAME"" => """", ""PTOL"" => """", ""PDES"" => """", ""ISW"" => """"))",0.188883705,0.0521960509,0.194287,0.0521960509
bus2253,true,bus-2253,2253,"Area(0, 0.0, 0.0, 0.0, Dict{String, Any}(""I"" => """", ""ARNAME"" => """", ""PTOL"" => """", ""PDES"" => """", ""ISW"" => """"))",0.157746574,0.0549241809,0.157746574,0.0549241809
bus7068,true,bus-7068,7068,"Area(0, 0.0, 0.0, 0.0, Dict{String, Any}(""I"" => """", ""ARNAME"" => """", ""PTOL"" => """", ""PDES"" => """", ""ISW"" => """"))",0.0494209136,0.0158579863,0.0494209136,0.0158579863
bus359,true,bus-359,359,"Area(0, 0.0, 0.0, 0.0, Dict{String, Any}(""I"" => """", ""ARNAME"" => """", ""PTOL"" => """", ""PDES"" => """", ""ISW"" => """"))",0.208721608,0.0713501663,0.208721608,0.0713501663
bus366,true,bus-366,366,"Area(0, 0.0, 0.0, 0.0, Dict{String, Any}(""I"" => """", ""ARNAME"" => """", ""PTOL"" => """", ""PDES"" => """", ""ISW"" => """"))",0.256263519,0.0868452643,0.256263519,0.0868452643
bus1945,true,bus-1945,1945,"Area(0, 0.0, 0.0, 0.0, Dict{String, Any}(""I"" => """", ""ARNAME"" => """", ""PTOL"" => """", ""PDES"" => """", ""ISW"" => """"))",0.6849417870000001,0.174480729,0.6849417870000001,0.174480729
bus597,true,bus-597,597,"Area(0, 0.0, 0.0, 0.0, Dict{String, Any}(""I"" => """", ""ARNAME"" => """", ""PTOL"" => """", ""PDES"" => """", ""ISW"" => """"))",0.029583248200000002,0.012840369599999998,0.029583248200000002,0.012840369599999998
bus1456,true,bus-1456,1456,"Area(0, 0.0, 0.0, 0.0, Dict{String, Any}(""I"" => """", ""ARNAME"" => """", ""PTOL"" => """", ""PDES"" => """", ""ISW"" => """"))",0.261193359,0.0923832169,0.261193359,0.0923832169
bus1697,true,bus-1697,1697,"Area(0, 0.0, 0.0, 0.0, Dict{String, Any}(""I"" => """", ""ARNAME"" => """", ""PTOL"" => """", ""PDES"" => """", ""ISW"" => """"))",0.0093533977,0.00357342259,0.0093533977,0.00357342259
bus6501,true,bus-6501,6501,"Area(0, 0.0, 0.0, 0.0, Dict{String, Any}(""I"" => """", ""ARNAME"" => """", ""PTOL"" => """", ""PDES"" => """", ""ISW"" => """"))",0.08840231620000001,0.025664276,0.08840231620000001,0.025664276
bus4710,true,bus-4710,4710,"Area(0, 0.0, 0.0, 0.0, Dict{String, Any}(""I"" => """", ""ARNAME"" => """", ""PTOL"" => """", ""PDES"" => """", ""ISW"" => """"))",0.091655796,0.0322855137,0.091655796,0.0322855137
bus1551,true,bus-1551,1551,"Area(0, 0.0, 0.0, 0.0, Dict{String, Any}(""I"" => """", ""ARNAME"" => """", ""PTOL"" => """", ""PDES"" => """", ""ISW"" => """"))",0.08603049909999999,0.0208783035,0.08603049909999999,0.0208783035
bus391,true,bus-391,391,"Area(0, 0.0, 0.0, 0.0, Dict{String, Any}(""I"" => """", ""ARNAME"" => """", ""PTOL"" => """", ""PDES"" => """", ""ISW"" => """"))",0.46582424600000005,0.161486615,0.46582424600000005,0.161486615
bus378,true,bus-378,378,"Area(0, 0.0, 0.0, 0.0, Dict{String, Any}(""I"" => """", ""ARNAME"" => """", ""PTOL"" => """", ""PDES"" => """", ""ISW"" => """"))",0.309302817,0.0946746186,0.309302817,0.0946746186
bus1165,true,bus-1165,1165,"Area(0, 0.0, 0.0, 0.0, Dict{String, Any}(""I"" => """", ""ARNAME"" => """", ""PTOL"" => """", ""PDES"" => """", ""ISW"" => """"))",0.06668806799999999,0.0236007798,0.06668806799999999,0.0236007798
bus7657,true,bus-7657,7657,"Area(0, 0.0, 0.0, 0.0, Dict{String, Any}(""I"" => """", ""ARNAME"" => """", ""PTOL"" => """", ""PDES"" => """", ""ISW"" => """"))",0.0947610559,0.028321510600000002,0.0947610559,0.028321510600000002
bus5882,true,bus-5882,5882,"Area(0, 0.0, 0.0, 0.0, Dict{String, Any}(""I"" => """", ""ARNAME"" => """", ""PTOL"" => """", ""PDES"" => """", ""ISW"" => """"))",0.0213015307,0.00658946701,0.0213015307,0.00658946701
bus2376,true,bus-2376,2376,"Area(0, 0.0, 0.0, 0.0, Dict{String, Any}(""I"" => """", ""ARNAME"" => """", ""PTOL"" => """", ""PDES"" => """", ""ISW"" => """"))",0.06483837669999999,0.022625814499999997,0.06483837669999999,0.022625814499999997
bus1094,true,bus-1094,1094,"Area(0, 0.0, 0.0, 0.0, Dict{String, Any}(""I"" => """", ""ARNAME"" => """", ""PTOL"" => """", ""PDES"" => """", ""ISW"" => """"))",0.280048644,0.09042564520000002,0.280048644,0.09042564520000002
bus764,true,bus-764,764,"Area(0, 0.0, 0.0, 0.0, Dict{String, Any}(""I"" => """", ""ARNAME"" => """", ""PTOL"" => """", ""PDES"" => """", ""ISW"" => """"))",0.103415873,0.0293480167,0.10354200000000001,0.0293480167
bus1272,true,bus-1272,1272,"Area(0, 0.0, 0.0, 0.0, Dict{String, Any}(""I"" => """", ""ARNAME"" => """", ""PTOL"" => """", ""PDES"" => """", ""ISW"" => """"))",0.0903144118,0.034828935799999995,0.0903144118,0.034828935799999995
bus53,true,bus-53,53,"Area(0, 0.0, 0.0, 0.0, Dict{String, Any}(""I"" => """", ""ARNAME"" => """", ""PTOL"" => """", ""PDES"" => """", ""ISW"" => """"))",0.0463394452,0.0128715016,0.0463394452,0.0128715016
bus882,true,bus-882,882,"Area(0, 0.0, 0.0, 0.0, Dict{String, Any}(""I"" => """", ""ARNAME"" => """", ""PTOL"" => """", ""PDES"" => """", ""ISW"" => """"))",0.020841106100000003,0.00704387196,0.020841106100000003,0.00704387196
bus2017,true,bus-2017,2017,"Area(0, 0.0, 0.0, 0.0, Dict{String, Any}(""I"" => """", ""ARNAME"" => """", ""PTOL"" => """", ""PDES"" => """", ""ISW"" => """"))",0.0493115494,0.0165153928,0.0493115494,0.0165153928
bus1521,true,bus-1521,1521,"Area(0, 0.0, 0.0, 0.0, Dict{String, Any}(""I"" => """", ""ARNAME"" => """", ""PTOL"" => """", ""PDES"" => """", ""ISW"" => """"))",0.0403060361,0.0151786555,0.0403060361,0.0151786555
bus999,true,bus-999,999,"Area(0, 0.0, 0.0, 0.0, Dict{String, Any}(""I"" => """", ""ARNAME"" => """", ""PTOL"" => """", ""PDES"" => """", ""ISW"" => """"))",0.186279127,0.043324213199999996,0.186279127,0.043324213199999996
bus7057,true,bus-7057,7057,"Area(0, 0.0, 0.0, 0.0, Dict{String, Any}(""I"" => """", ""ARNAME"" => """", ""PTOL"" => """", ""PDES"" => """", ""ISW"" => """"))",0.0461364509,0.0189132436,0.0461364509,0.0189132436
bus593,true,bus-593,593,"Area(0, 0.0, 0.0, 0.0, Dict{String, Any}(""I"" => """", ""ARNAME"" => """", ""PTOL"" => """", ""PDES"" => """", ""ISW"" => """"))",0.144391239,0.0438400254,0.144391239,0.0438400254
bus4421,true,bus-4421,4421,"Area(0, 0.0, 0.0, 0.0, Dict{String, Any}(""I"" => """", ""ARNAME"" => """", ""PTOL"" => """", ""PDES"" => """", ""ISW"" => """"))",0.16293666399999998,0.0273381226,0.16847,0.0273381226
bus1839,true,bus-1839,1839,"Area(0, 0.0, 0.0, 0.0, Dict{String, Any}(""I"" => """", ""ARNAME"" => """", ""PTOL"" => """", ""PDES"" => """", ""ISW"" => """"))",0.25758976100000003,0.0964390562,0.25758976100000003,0.0964390562
bus2788,true,bus-2788,2788,"Area(0, 0.0, 0.0, 0.0, Dict{String, Any}(""I"" => """", ""ARNAME"" => """", ""PTOL"" => """", ""PDES"" => """", ""ISW"" => """"))",0.0504064396,0.0137281973,0.0504064396,0.0137281973
bus8608,true,bus-8608,8608,"Area(0, 0.0, 0.0, 0.0, Dict{String, Any}(""I"" => """", ""ARNAME"" => """", ""PTOL"" => """", ""PDES"" => """", ""ISW"" => """"))",1.5649605299999998,0.535062074,1.5649605299999998,0.535062074
bus514,true,bus-514,514,"Area(0, 0.0, 0.0, 0.0, Dict{String, Any}(""I"" => """", ""ARNAME"" => """", ""PTOL"" => """", ""PDES"" => """", ""ISW"" => """"))",0.385720705,0.12473371200000001,0.385720705,0.12473371200000001
bus4396,true,bus-4396,4396,"Area(0, 0.0, 0.0, 0.0, Dict{String, Any}(""I"" => """", ""ARNAME"" => """", ""PTOL"" => """", ""PDES"" => """", ""ISW"" => """"))",0.0249884536,0.010900361300000001,0.0249884536,0.010900361300000001
bus991,true,bus-991,991,"Area(0, 0.0, 0.0, 0.0, Dict{String, Any}(""I"" => """", ""ARNAME"" => """", ""PTOL"" => """", ""PDES"" => """", ""ISW"" => """"))",0.24532936500000002,0.0523771799,0.253745,0.0523771799
bus987,true,bus-987,987,"Area(0, 0.0, 0.0, 0.0, Dict{String, Any}(""I"" => """", ""ARNAME"" => """", ""PTOL"" => """", ""PDES"" => """", ""ISW"" => """"))",0.0899607756,0.023371219600000003,0.0899607756,0.023371219600000003
bus2365,true,bus-2365,2365,"Area(0, 0.0, 0.0, 0.0, Dict{String, Any}(""I"" => """", ""ARNAME"" => """", ""PTOL"" => """", ""PDES"" => """", ""ISW"" => """"))",0.159112018,0.0323994781,0.159112018,0.0323994781
bus516,true,bus-516,516,"Area(0, 0.0, 0.0, 0.0, Dict{String, Any}(""I"" => """", ""ARNAME"" => """", ""PTOL"" => """", ""PDES"" => """", ""ISW"" => """"))",0.38614356,0.112224364,0.38614356,0.112224364
bus1146,true,bus-1146,1146,"Area(0, 0.0, 0.0, 0.0, Dict{String, Any}(""I"" => """", ""ARNAME"" => """", ""PTOL"" => """", ""PDES"" => """", ""ISW"" => """"))",1.01546763,0.224318405,1.054855,0.224318405
bus1965,true,bus-1965,1965,"Area(0, 0.0, 0.0, 0.0, Dict{String, Any}(""I"" => """", ""ARNAME"" => """", ""PTOL"" => """", ""PDES"" => """", ""ISW"" => """"))",0.0518225544,0.018248811,0.0518225544,0.018248811
bus2166,true,bus-2166,2166,"Area(0, 0.0, 0.0, 0.0, Dict{String, Any}(""I"" => """", ""ARNAME"" => """", ""PTOL"" => """", ""PDES"" => """", ""ISW"" => """"))",0.118602244,0.0381503133,0.118602244,0.0381503133
bus1531,true,bus-1531,1531,"Area(0, 0.0, 0.0, 0.0, Dict{String, Any}(""I"" => """", ""ARNAME"" => """", ""PTOL"" => """", ""PDES"" => """", ""ISW"" => """"))",0.0696864877,0.0236124914,0.0696864877,0.0236124914
bus729,true,bus-729,729,"Area(0, 0.0, 0.0, 0.0, Dict{String, Any}(""I"" => """", ""ARNAME"" => """", ""PTOL"" => """", ""PDES"" => """", ""ISW"" => """"))",0.365213924,0.115691247,0.365213924,0.115691247
bus2257,true,bus-2257,2257,"Area(0, 0.0, 0.0, 0.0, Dict{String, Any}(""I"" => """", ""ARNAME"" => """", ""PTOL"" => """", ""PDES"" => """", ""ISW"" => """"))",0.042466749000000005,0.0107999238,0.042466749000000005,0.0107999238
bus8809,true,bus-8809,8809,"Area(0, 0.0, 0.0, 0.0, Dict{String, Any}(""I"" => """", ""ARNAME"" => """", ""PTOL"" => """", ""PDES"" => """", ""ISW"" => """"))",0.23696093399999998,0.075239176,0.23696093399999998,0.075239176
bus1200,true,bus-1200,1200,"Area(0, 0.0, 0.0, 0.0, Dict{String, Any}(""I"" => """", ""ARNAME"" => """", ""PTOL"" => """", ""PDES"" => """", ""ISW"" => """"))",0.37014998,0.12253610399999999,0.37014998,0.12253610399999999
bus3283,true,bus-3283,3283,"Area(0, 0.0, 0.0, 0.0, Dict{String, Any}(""I"" => """", ""ARNAME"" => """", ""PTOL"" => """", ""PDES"" => """", ""ISW"" => """"))",0.298267879,0.10116146799999999,0.298267879,0.10116146799999999
bus7978,true,bus-7978,7978,"Area(0, 0.0, 0.0, 0.0, Dict{String, Any}(""I"" => """", ""ARNAME"" => """", ""PTOL"" => """", ""PDES"" => """", ""ISW"" => """"))",0.394189813,0.107089983,0.394189813,0.107089983
bus2244,true,bus-2244,2244,"Area(0, 0.0, 0.0, 0.0, Dict{String, Any}(""I"" => """", ""ARNAME"" => """", ""PTOL"" => """", ""PDES"" => """", ""ISW"" => """"))",0.0523817385,0.0180479419,0.0523817385,0.0180479419
bus6764,true,bus-6764,6764,"Area(0, 0.0, 0.0, 0.0, Dict{String, Any}(""I"" => """", ""ARNAME"" => """", ""PTOL"" => """", ""PDES"" => """", ""ISW"" => """"))",0.120486159,0.0319674639,0.120486159,0.0319674639
bus1118,true,bus-1118,1118,"Area(0, 0.0, 0.0, 0.0, Dict{String, Any}(""I"" => """", ""ARNAME"" => """", ""PTOL"" => """", ""PDES"" => """", ""ISW"" => """"))",0.6449579559999999,0.22795976299999998,0.6449579559999999,0.22795976299999998
bus181,true,bus-181,181,"Area(0, 0.0, 0.0, 0.0, Dict{String, Any}(""I"" => """", ""ARNAME"" => """", ""PTOL"" => """", ""PDES"" => """", ""ISW"" => """"))",0.0763892679,0.0215730456,0.0763892679,0.0215730456
bus523,true,bus-523,523,"Area(0, 0.0, 0.0, 0.0, Dict{String, Any}(""I"" => """", ""ARNAME"" => """", ""PTOL"" => """", ""PDES"" => """", ""ISW"" => """"))",0.27983103400000003,0.0928308069,0.27983103400000003,0.0928308069
bus993,true,bus-993,993,"Area(0, 0.0, 0.0, 0.0, Dict{String, Any}(""I"" => """", ""ARNAME"" => """", ""PTOL"" => """", ""PDES"" => """", ""ISW"" => """"))",0.174436558,0.06454630459999999,0.174436558,0.06454630459999999
bus2894,true,bus-2894,2894,"Area(0, 0.0, 0.0, 0.0, Dict{String, Any}(""I"" => """", ""ARNAME"" => """", ""PTOL"" => """", ""PDES"" => """", ""ISW"" => """"))",0.0071381193,0.0031505115,0.0071381193,0.0031505115
bus6547,true,bus-6547,6547,"Area(0, 0.0, 0.0, 0.0, Dict{String, Any}(""I"" => """", ""ARNAME"" => """", ""PTOL"" => """", ""PDES"" => """", ""ISW"" => """"))",1.71637583,0.387721277,1.8535030000000001,0.387721277
bus652,true,bus-652,652,"Area(0, 0.0, 0.0, 0.0, Dict{String, Any}(""I"" => """", ""ARNAME"" => """", ""PTOL"" => """", ""PDES"" => """", ""ISW"" => """"))",0.0377143634,0.0134955666,0.0377143634,0.0134955666
bus5830,true,bus-5830,5830,"Area(0, 0.0, 0.0, 0.0, Dict{String, Any}(""I"" => """", ""ARNAME"" => """", ""PTOL"" => """", ""PDES"" => """", ""ISW"" => """"))",0.0173757093,0.006915500650000001,0.0173757093,0.006915500650000001
bus1638,true,bus-1638,1638,"Area(0, 0.0, 0.0, 0.0, Dict{String, Any}(""I"" => """", ""ARNAME"" => """", ""PTOL"" => """", ""PDES"" => """", ""ISW"" => """"))",0.09082701730000001,0.0317520698,0.09082701730000001,0.0317520698
bus1104,true,bus-1104,1104,"Area(0, 0.0, 0.0, 0.0, Dict{String, Any}(""I"" => """", ""ARNAME"" => """", ""PTOL"" => """", ""PDES"" => """", ""ISW"" => """"))",0.38627004,0.119236699,0.38627004,0.119236699
bus4536,true,bus-4536,4536,"Area(0, 0.0, 0.0, 0.0, Dict{String, Any}(""I"" => """", ""ARNAME"" => """", ""PTOL"" => """", ""PDES"" => """", ""ISW"" => """"))",0.0492878807,0.0160852849,0.0492878807,0.0160852849
bus2811,true,bus-2811,2811,"Area(0, 0.0, 0.0, 0.0, Dict{String, Any}(""I"" => """", ""ARNAME"" => """", ""PTOL"" => """", ""PDES"" => """", ""ISW"" => """"))",0.0370307771,0.0152516109,0.0370307771,0.0152516109
bus1922,true,bus-1922,1922,"Area(0, 0.0, 0.0, 0.0, Dict{String, Any}(""I"" => """", ""ARNAME"" => """", ""PTOL"" => """", ""PDES"" => """", ""ISW"" => """"))",0.00378379164,0.0014496515900000002,0.00378379164,0.0014496515900000002
bus2761,true,bus-2761,2761,"Area(0, 0.0, 0.0, 0.0, Dict{String, Any}(""I"" => """", ""ARNAME"" => """", ""PTOL"" => """", ""PDES"" => """", ""ISW"" => """"))",0.11952757800000001,0.031062305600000003,0.119648,0.031062305600000003
bus6594,true,bus-6594,6594,"Area(0, 0.0, 0.0, 0.0, Dict{String, Any}(""I"" => """", ""ARNAME"" => """", ""PTOL"" => """", ""PDES"" => """", ""ISW"" => """"))",0.354698793,0.0648376229,0.36288899999999996,0.0648376229
bus559,true,bus-559,559,"Area(0, 0.0, 0.0, 0.0, Dict{String, Any}(""I"" => """", ""ARNAME"" => """", ""PTOL"" => """", ""PDES"" => """", ""ISW"" => """"))",0.0701440666,0.0155113459,0.072139,0.0155113459
bus4576,true,bus-4576,4576,"Area(0, 0.0, 0.0, 0.0, Dict{String, Any}(""I"" => """", ""ARNAME"" => """", ""PTOL"" => """", ""PDES"" => """", ""ISW"" => """"))",0.056000257500000004,0.0195952115,0.056000257500000004,0.0195952115
bus1344,true,bus-1344,1344,"Area(0, 0.0, 0.0, 0.0, Dict{String, Any}(""I"" => """", ""ARNAME"" => """", ""PTOL"" => """", ""PDES"" => """", ""ISW"" => """"))",0.311180203,0.0806901894,0.311180203,0.0806901894
bus671,true,bus-671,671,"Area(0, 0.0, 0.0, 0.0, Dict{String, Any}(""I"" => """", ""ARNAME"" => """", ""PTOL"" => """", ""PDES"" => """", ""ISW"" => """"))",0.195932968,0.0681253406,0.195932968,0.0681253406
bus4320,true,bus-4320,4320,"Area(0, 0.0, 0.0, 0.0, Dict{String, Any}(""I"" => """", ""ARNAME"" => """", ""PTOL"" => """", ""PDES"" => """", ""ISW"" => """"))",0.131607898,0.0289805054,0.13617300000000002,0.0289805054
bus2513,true,bus-2513,2513,"Area(0, 0.0, 0.0, 0.0, Dict{String, Any}(""I"" => """", ""ARNAME"" => """", ""PTOL"" => """", ""PDES"" => """", ""ISW"" => """"))",0.0379997597,0.0119795063,0.0379997597,0.0119795063
bus6549,true,bus-6549,6549,"Area(0, 0.0, 0.0, 0.0, Dict{String, Any}(""I"" => """", ""ARNAME"" => """", ""PTOL"" => """", ""PDES"" => """", ""ISW"" => """"))",0.0803280359,0.0258988795,0.0803280359,0.0258988795
bus938,true,bus-938,938,"Area(0, 0.0, 0.0, 0.0, Dict{String, Any}(""I"" => """", ""ARNAME"" => """", ""PTOL"" => """", ""PDES"" => """", ""ISW"" => """"))",0.0820929797,0.0308945667,0.0820929797,0.0308945667
bus4422,true,bus-4422,4422,"Area(0, 0.0, 0.0, 0.0, Dict{String, Any}(""I"" => """", ""ARNAME"" => """", ""PTOL"" => """", ""PDES"" => """", ""ISW"" => """"))",0.07071484980000001,0.0222939381,0.07071484980000001,0.0222939381
bus2274,true,bus-2274,2274,"Area(0, 0.0, 0.0, 0.0, Dict{String, Any}(""I"" => """", ""ARNAME"" => """", ""PTOL"" => """", ""PDES"" => """", ""ISW"" => """"))",0.23882452,0.0539193578,0.248267,0.0539193578
bus4748,true,bus-4748,4748,"Area(0, 0.0, 0.0, 0.0, Dict{String, Any}(""I"" => """", ""ARNAME"" => """", ""PTOL"" => """", ""PDES"" => """", ""ISW"" => """"))",0.157530495,0.0596913345,0.157530495,0.0596913345
bus393,true,bus-393,393,"Area(0, 0.0, 0.0, 0.0, Dict{String, Any}(""I"" => """", ""ARNAME"" => """", ""PTOL"" => """", ""PDES"" => """", ""ISW"" => """"))",0.0738376939,0.0288200511,0.0738376939,0.0288200511
bus790,true,bus-790,790,"Area(0, 0.0, 0.0, 0.0, Dict{String, Any}(""I"" => """", ""ARNAME"" => """", ""PTOL"" => """", ""PDES"" => """", ""ISW"" => """"))",0.17354507300000002,0.0597370655,0.17354507300000002,0.0597370655
bus5333,true,bus-5333,5333,"Area(0, 0.0, 0.0, 0.0, Dict{String, Any}(""I"" => """", ""ARNAME"" => """", ""PTOL"" => """", ""PDES"" => """", ""ISW"" => """"))",0.148505749,0.0585030744,0.148505749,0.0585030744
bus7710,true,bus-7710,7710,"Area(0, 0.0, 0.0, 0.0, Dict{String, Any}(""I"" => """", ""ARNAME"" => """", ""PTOL"" => """", ""PDES"" => """", ""ISW"" => """"))",0.023541760699999997,0.0074709154,0.023541760699999997,0.0074709154
bus876,true,bus-876,876,"Area(0, 0.0, 0.0, 0.0, Dict{String, Any}(""I"" => """", ""ARNAME"" => """", ""PTOL"" => """", ""PDES"" => """", ""ISW"" => """"))",0.037767832700000004,0.0158499758,0.037767832700000004,0.0158499758
bus578,true,bus-578,578,"Area(0, 0.0, 0.0, 0.0, Dict{String, Any}(""I"" => """", ""ARNAME"" => """", ""PTOL"" => """", ""PDES"" => """", ""ISW"" => """"))",0.178289417,0.0471388327,0.178289417,0.0471388327
bus1566,true,bus-1566,1566,"Area(0, 0.0, 0.0, 0.0, Dict{String, Any}(""I"" => """", ""ARNAME"" => """", ""PTOL"" => """", ""PDES"" => """", ""ISW"" => """"))",0.0572760295,0.02288961,0.0572760295,0.02288961
bus2071,true,bus-2071,2071,"Area(0, 0.0, 0.0, 0.0, Dict{String, Any}(""I"" => """", ""ARNAME"" => """", ""PTOL"" => """", ""PDES"" => """", ""ISW"" => """"))",0.0258080642,0.010374918300000001,0.0258080642,0.010374918300000001
bus4298,true,bus-4298,4298,"Area(0, 0.0, 0.0, 0.0, Dict{String, Any}(""I"" => """", ""ARNAME"" => """", ""PTOL"" => """", ""PDES"" => """", ""ISW"" => """"))",0.11917764,0.028298699799999997,0.11917764,0.028298699799999997
bus3647,true,bus-3647,3647,"Area(0, 0.0, 0.0, 0.0, Dict{String, Any}(""I"" => """", ""ARNAME"" => """", ""PTOL"" => """", ""PDES"" => """", ""ISW"" => """"))",0.0384596945,0.013572832,0.0384596945,0.013572832
bus8695,true,bus-8695,8695,"Area(0, 0.0, 0.0, 0.0, Dict{String, Any}(""I"" => """", ""ARNAME"" => """", ""PTOL"" => """", ""PDES"" => """", ""ISW"" => """"))",0.0357834412,0.013628587999999999,0.0357834412,0.013628587999999999
bus1876,true,bus-1876,1876,"Area(0, 0.0, 0.0, 0.0, Dict{String, Any}(""I"" => """", ""ARNAME"" => """", ""PTOL"" => """", ""PDES"" => """", ""ISW"" => """"))",0.168150749,0.0660723291,0.168150749,0.0660723291
bus1998,true,bus-1998,1998,"Area(0, 0.0, 0.0, 0.0, Dict{String, Any}(""I"" => """", ""ARNAME"" => """", ""PTOL"" => """", ""PDES"" => """", ""ISW"" => """"))",0.200238493,0.058554497899999995,0.200238493,0.058554497899999995
bus2091,true,bus-2091,2091,"Area(0, 0.0, 0.0, 0.0, Dict{String, Any}(""I"" => """", ""ARNAME"" => """", ""PTOL"" => """", ""PDES"" => """", ""ISW"" => """"))",0.33358369099999996,0.11501563199999999,0.33358369099999996,0.11501563199999999
bus1367,true,bus-1367,1367,"Area(0, 0.0, 0.0, 0.0, Dict{String, Any}(""I"" => """", ""ARNAME"" => """", ""PTOL"" => """", ""PDES"" => """", ""ISW"" => """"))",0.0328794615,0.0110031359,0.0328794615,0.0110031359
bus3930,true,bus-3930,3930,"Area(0, 0.0, 0.0, 0.0, Dict{String, Any}(""I"" => """", ""ARNAME"" => """", ""PTOL"" => """", ""PDES"" => """", ""ISW"" => """"))",0.012102669399999998,0.0038565546099999996,0.012102669399999998,0.0038565546099999996
bus606,true,bus-606,606,"Area(0, 0.0, 0.0, 0.0, Dict{String, Any}(""I"" => """", ""ARNAME"" => """", ""PTOL"" => """", ""PDES"" => """", ""ISW"" => """"))",0.0699922507,0.0217653571,0.0699922507,0.0217653571
bus1980,true,bus-1980,1980,"Area(0, 0.0, 0.0, 0.0, Dict{String, Any}(""I"" => """", ""ARNAME"" => """", ""PTOL"" => """", ""PDES"" => """", ""ISW"" => """"))",0.395093386,0.12889739,0.395093386,0.12889739
bus5660,true,bus-5660,5660,"Area(0, 0.0, 0.0, 0.0, Dict{String, Any}(""I"" => """", ""ARNAME"" => """", ""PTOL"" => """", ""PDES"" => """", ""ISW"" => """"))",0.0466908668,0.0155279066,0.0466908668,0.0155279066
bus8147,true,bus-8147,8147,"Area(0, 0.0, 0.0, 0.0, Dict{String, Any}(""I"" => """", ""ARNAME"" => """", ""PTOL"" => """", ""PDES"" => """", ""ISW"" => """"))",0.126313466,0.0449672547,0.126313466,0.0449672547
bus6757,true,bus-6757,6757,"Area(0, 0.0, 0.0, 0.0, Dict{String, Any}(""I"" => """", ""ARNAME"" => """", ""PTOL"" => """", ""PDES"" => """", ""ISW"" => """"))",0.040313516,0.0161319765,0.040313516,0.0161319765
bus234,true,bus-234,234,"Area(0, 0.0, 0.0, 0.0, Dict{String, Any}(""I"" => """", ""ARNAME"" => """", ""PTOL"" => """", ""PDES"" => """", ""ISW"" => """"))",0.0281481188,0.0119570767,0.0281481188,0.0119570767
bus2832,true,bus-2832,2832,"Area(0, 0.0, 0.0, 0.0, Dict{String, Any}(""I"" => """", ""ARNAME"" => """", ""PTOL"" => """", ""PDES"" => """", ""ISW"" => """"))",0.149724851,0.029440696800000003,0.149724851,0.029440696800000003
bus3636,true,bus-3636,3636,"Area(0, 0.0, 0.0, 0.0, Dict{String, Any}(""I"" => """", ""ARNAME"" => """", ""PTOL"" => """", ""PDES"" => """", ""ISW"" => """"))",0.025263868399999997,0.00906105235,0.025263868399999997,0.00906105235
bus7930,true,bus-7930,7930,"Area(0, 0.0, 0.0, 0.0, Dict{String, Any}(""I"" => """", ""ARNAME"" => """", ""PTOL"" => """", ""PDES"" => """", ""ISW"" => """"))",0.0304868365,0.011547924199999999,0.0304868365,0.011547924199999999
bus7037,true,bus-7037,7037,"Area(0, 0.0, 0.0, 0.0, Dict{String, Any}(""I"" => """", ""ARNAME"" => """", ""PTOL"" => """", ""PDES"" => """", ""ISW"" => """"))",0.192478359,0.0557034675,0.192478359,0.0557034675
bus497,true,bus-497,497,"Area(0, 0.0, 0.0, 0.0, Dict{String, Any}(""I"" => """", ""ARNAME"" => """", ""PTOL"" => """", ""PDES"" => """", ""ISW"" => """"))",0.0210267744,0.00832504295,0.0210267744,0.00832504295
bus1246,true,bus-1246,1246,"Area(0, 0.0, 0.0, 0.0, Dict{String, Any}(""I"" => """", ""ARNAME"" => """", ""PTOL"" => """", ""PDES"" => """", ""ISW"" => """"))",0.498976519,0.159891429,0.498976519,0.159891429
bus840,true,bus-840,840,"Area(0, 0.0, 0.0, 0.0, Dict{String, Any}(""I"" => """", ""ARNAME"" => """", ""PTOL"" => """", ""PDES"" => """", ""ISW"" => """"))",0.126164253,0.0494315104,0.126164253,0.0494315104
bus1002,true,bus-1002,1002,"Area(0, 0.0, 0.0, 0.0, Dict{String, Any}(""I"" => """", ""ARNAME"" => """", ""PTOL"" => """", ""PDES"" => """", ""ISW"" => """"))",0.37514369100000006,0.0908032126,0.37514369100000006,0.0908032126
bus1534,true,bus-1534,1534,"Area(0, 0.0, 0.0, 0.0, Dict{String, Any}(""I"" => """", ""ARNAME"" => """", ""PTOL"" => """", ""PDES"" => """", ""ISW"" => """"))",0.9642223169999999,0.195280203,1.0360209999999999,0.195280203
bus673,true,bus-673,673,"Area(0, 0.0, 0.0, 0.0, Dict{String, Any}(""I"" => """", ""ARNAME"" => """", ""PTOL"" => """", ""PDES"" => """", ""ISW"" => """"))",0.24023582799999998,0.0932912558,0.24023582799999998,0.0932912558
bus334,true,bus-334,334,"Area(0, 0.0, 0.0, 0.0, Dict{String, Any}(""I"" => """", ""ARNAME"" => """", ""PTOL"" => """", ""PDES"" => """", ""ISW"" => """"))",0.0648848862,0.020198278099999998,0.0648848862,0.020198278099999998
bus1206,true,bus-1206,1206,"Area(0, 0.0, 0.0, 0.0, Dict{String, Any}(""I"" => """", ""ARNAME"" => """", ""PTOL"" => """", ""PDES"" => """", ""ISW"" => """"))",0.127266417,0.0464681268,0.127266417,0.0464681268
bus4527,true,bus-4527,4527,"Area(0, 0.0, 0.0, 0.0, Dict{String, Any}(""I"" => """", ""ARNAME"" => """", ""PTOL"" => """", ""PDES"" => """", ""ISW"" => """"))",0.120115976,0.026601008699999998,0.120115976,0.026601008699999998
bus2496,true,bus-2496,2496,"Area(0, 0.0, 0.0, 0.0, Dict{String, Any}(""I"" => """", ""ARNAME"" => """", ""PTOL"" => """", ""PDES"" => """", ""ISW"" => """"))",0.0705700276,0.0248100121,0.0705700276,0.0248100121
bus55,true,bus-55,55,"Area(0, 0.0, 0.0, 0.0, Dict{String, Any}(""I"" => """", ""ARNAME"" => """", ""PTOL"" => """", ""PDES"" => """", ""ISW"" => """"))",0.0317523238,0.0128323777,0.0317523238,0.0128323777
bus546,true,bus-546,546,"Area(0, 0.0, 0.0, 0.0, Dict{String, Any}(""I"" => """", ""ARNAME"" => """", ""PTOL"" => """", ""PDES"" => """", ""ISW"" => """"))",0.24485396099999998,0.0729525434,0.24485396099999998,0.0729525434
bus2018,true,bus-2018,2018,"Area(0, 0.0, 0.0, 0.0, Dict{String, Any}(""I"" => """", ""ARNAME"" => """", ""PTOL"" => """", ""PDES"" => """", ""ISW"" => """"))",0.0534346775,0.0183372892,0.0534346775,0.0183372892
bus657,true,bus-657,657,"Area(0, 0.0, 0.0, 0.0, Dict{String, Any}(""I"" => """", ""ARNAME"" => """", ""PTOL"" => """", ""PDES"" => """", ""ISW"" => """"))",0.164662091,0.0449505409,0.164662091,0.0449505409
bus4384,true,bus-4384,4384,"Area(0, 0.0, 0.0, 0.0, Dict{String, Any}(""I"" => """", ""ARNAME"" => """", ""PTOL"" => """", ""PDES"" => """", ""ISW"" => """"))",0.0978007843,0.026684437600000003,0.0978007843,0.026684437600000003
bus1099,true,bus-1099,1099,"Area(0, 0.0, 0.0, 0.0, Dict{String, Any}(""I"" => """", ""ARNAME"" => """", ""PTOL"" => """", ""PDES"" => """", ""ISW"" => """"))",0.570444579,0.21177732999999999,0.570444579,0.21177732999999999
bus1388,true,bus-1388,1388,"Area(0, 0.0, 0.0, 0.0, Dict{String, Any}(""I"" => """", ""ARNAME"" => """", ""PTOL"" => """", ""PDES"" => """", ""ISW"" => """"))",0.201375708,0.0529160932,0.201375708,0.0529160932
bus482,true,bus-482,482,"Area(0, 0.0, 0.0, 0.0, Dict{String, Any}(""I"" => """", ""ARNAME"" => """", ""PTOL"" => """", ""PDES"" => """", ""ISW"" => """"))",0.07807241770000001,0.0280721674,0.07807241770000001,0.0280721674
bus431,true,bus-431,431,"Area(0, 0.0, 0.0, 0.0, Dict{String, Any}(""I"" => """", ""ARNAME"" => """", ""PTOL"" => """", ""PDES"" => """", ""ISW"" => """"))",0.258416557,0.08808482890000001,0.258416557,0.08808482890000001
bus1685,true,bus-1685,1685,"Area(0, 0.0, 0.0, 0.0, Dict{String, Any}(""I"" => """", ""ARNAME"" => """", ""PTOL"" => """", ""PDES"" => """", ""ISW"" => """"))",0.024682458,0.006997088780000001,0.024682458,0.006997088780000001
bus899,true,bus-899,899,"Area(0, 0.0, 0.0, 0.0, Dict{String, Any}(""I"" => """", ""ARNAME"" => """", ""PTOL"" => """", ""PDES"" => """", ""ISW"" => """"))",0.0667997195,0.022509362999999998,0.0667997195,0.022509362999999998
bus8007,true,bus-8007,8007,"Area(0, 0.0, 0.0, 0.0, Dict{String, Any}(""I"" => """", ""ARNAME"" => """", ""PTOL"" => """", ""PDES"" => """", ""ISW"" => """"))",0.045998808,0.0174973272,0.045998808,0.0174973272
bus727,true,bus-727,727,"Area(0, 0.0, 0.0, 0.0, Dict{String, Any}(""I"" => """", ""ARNAME"" => """", ""PTOL"" => """", ""PDES"" => """", ""ISW"" => """"))",0.536380887,0.173735298,0.536380887,0.173735298
bus1859,true,bus-1859,1859,"Area(0, 0.0, 0.0, 0.0, Dict{String, Any}(""I"" => """", ""ARNAME"" => """", ""PTOL"" => """", ""PDES"" => """", ""ISW"" => """"))",0.205972027,0.049228854999999995,0.205972027,0.049228854999999995
bus440,true,bus-440,440,"Area(0, 0.0, 0.0, 0.0, Dict{String, Any}(""I"" => """", ""ARNAME"" => """", ""PTOL"" => """", ""PDES"" => """", ""ISW"" => """"))",0.23452023,0.0672266574,0.24522300000000002,0.0672266574
bus151,true,bus-151,151,"Area(0, 0.0, 0.0, 0.0, Dict{String, Any}(""I"" => """", ""ARNAME"" => """", ""PTOL"" => """", ""PDES"" => """", ""ISW"" => """"))",0.0485304924,0.0145562543,0.0485304924,0.0145562543
bus240,true,bus-240,240,"Area(0, 0.0, 0.0, 0.0, Dict{String, Any}(""I"" => """", ""ARNAME"" => """", ""PTOL"" => """", ""PDES"" => """", ""ISW"" => """"))",0.343349117,0.110077106,0.343349117,0.110077106
bus980,true,bus-980,980,"Area(0, 0.0, 0.0, 0.0, Dict{String, Any}(""I"" => """", ""ARNAME"" => """", ""PTOL"" => """", ""PDES"" => """", ""ISW"" => """"))",0.0348803039,0.013667644599999999,0.0348803039,0.013667644599999999
bus1033,true,bus-1033,1033,"Area(0, 0.0, 0.0, 0.0, Dict{String, Any}(""I"" => """", ""ARNAME"" => """", ""PTOL"" => """", ""PDES"" => """", ""ISW"" => """"))",0.21290326499999998,0.07386316629999999,0.21290326499999998,0.07386316629999999
bus2291,true,bus-2291,2291,"Area(0, 0.0, 0.0, 0.0, Dict{String, Any}(""I"" => """", ""ARNAME"" => """", ""PTOL"" => """", ""PDES"" => """", ""ISW"" => """"))",0.171628957,0.061047694300000004,0.171628957,0.061047694300000004
bus2809,true,bus-2809,2809,"Area(0, 0.0, 0.0, 0.0, Dict{String, Any}(""I"" => """", ""ARNAME"" => """", ""PTOL"" => """", ""PDES"" => """", ""ISW"" => """"))",0.0510075878,0.0169270835,0.0510075878,0.0169270835
bus3247,true,bus-3247,3247,"Area(0, 0.0, 0.0, 0.0, Dict{String, Any}(""I"" => """", ""ARNAME"" => """", ""PTOL"" => """", ""PDES"" => """", ""ISW"" => """"))",0.0648133969,0.0225240965,0.0648133969,0.0225240965
bus4745,true,bus-4745,4745,"Area(0, 0.0, 0.0, 0.0, Dict{String, Any}(""I"" => """", ""ARNAME"" => """", ""PTOL"" => """", ""PDES"" => """", ""ISW"" => """"))",0.0264276651,0.00832095129,0.0264276651,0.00832095129
bus1243,true,bus-1243,1243,"Area(0, 0.0, 0.0, 0.0, Dict{String, Any}(""I"" => """", ""ARNAME"" => """", ""PTOL"" => """", ""PDES"" => """", ""ISW"" => """"))",0.24329550900000002,0.0764697579,0.24329550900000002,0.0764697579
bus1420,true,bus-1420,1420,"Area(0, 0.0, 0.0, 0.0, Dict{String, Any}(""I"" => """", ""ARNAME"" => """", ""PTOL"" => """", ""PDES"" => """", ""ISW"" => """"))",0.0548164266,0.0230854231,0.0548164266,0.0230854231
bus3026,true,bus-3026,3026,"Area(0, 0.0, 0.0, 0.0, Dict{String, Any}(""I"" => """", ""ARNAME"" => """", ""PTOL"" => """", ""PDES"" => """", ""ISW"" => """"))",0.022385133499999998,0.00878579314,0.022385133499999998,0.00878579314
bus8085,true,bus-8085,8085,"Area(0, 0.0, 0.0, 0.0, Dict{String, Any}(""I"" => """", ""ARNAME"" => """", ""PTOL"" => """", ""PDES"" => """", ""ISW"" => """"))",0.0841963223,0.0292461118,0.0841963223,0.0292461118
bus7637,true,bus-7637,7637,"Area(0, 0.0, 0.0, 0.0, Dict{String, Any}(""I"" => """", ""ARNAME"" => """", ""PTOL"" => """", ""PDES"" => """", ""ISW"" => """"))",0.0603848189,0.0211253631,0.0603848189,0.0211253631
bus2193,true,bus-2193,2193,"Area(0, 0.0, 0.0, 0.0, Dict{String, Any}(""I"" => """", ""ARNAME"" => """", ""PTOL"" => """", ""PDES"" => """", ""ISW"" => """"))",0.0393964159,0.014184287499999998,0.0393964159,0.014184287499999998
bus1268,true,bus-1268,1268,"Area(0, 0.0, 0.0, 0.0, Dict{String, Any}(""I"" => """", ""ARNAME"" => """", ""PTOL"" => """", ""PDES"" => """", ""ISW"" => """"))",1.04996869,0.291512304,1.04996869,0.291512304
bus8344,true,bus-8344,8344,"Area(0, 0.0, 0.0, 0.0, Dict{String, Any}(""I"" => """", ""ARNAME"" => """", ""PTOL"" => """", ""PDES"" => """", ""ISW"" => """"))",0.0386978008,0.0140187889,0.0386978008,0.0140187889
bus6540,true,bus-6540,6540,"Area(0, 0.0, 0.0, 0.0, Dict{String, Any}(""I"" => """", ""ARNAME"" => """", ""PTOL"" => """", ""PDES"" => """", ""ISW"" => """"))",0.0363044157,0.0132572435,0.0363044157,0.0132572435
bus2054,true,bus-2054,2054,"Area(0, 0.0, 0.0, 0.0, Dict{String, Any}(""I"" => """", ""ARNAME"" => """", ""PTOL"" => """", ""PDES"" => """", ""ISW"" => """"))",0.13296528900000001,0.0478150215,0.13296528900000001,0.0478150215
bus7893,true,bus-7893,7893,"Area(0, 0.0, 0.0, 0.0, Dict{String, Any}(""I"" => """", ""ARNAME"" => """", ""PTOL"" => """", ""PDES"" => """", ""ISW"" => """"))",0.410131874,0.114022696,0.410131874,0.114022696
bus6537,true,bus-6537,6537,"Area(0, 0.0, 0.0, 0.0, Dict{String, Any}(""I"" => """", ""ARNAME"" => """", ""PTOL"" => """", ""PDES"" => """", ""ISW"" => """"))",0.391124539,0.105509609,0.391124539,0.105509609
bus963,true,bus-963,963,"Area(0, 0.0, 0.0, 0.0, Dict{String, Any}(""I"" => """", ""ARNAME"" => """", ""PTOL"" => """", ""PDES"" => """", ""ISW"" => """"))",0.0681962249,0.021970567499999996,0.0681962249,0.021970567499999996
bus2878,true,bus-2878,2878,"Area(0, 0.0, 0.0, 0.0, Dict{String, Any}(""I"" => """", ""ARNAME"" => """", ""PTOL"" => """", ""PDES"" => """", ""ISW"" => """"))",0.041280663100000003,0.0134124397,0.041280663100000003,0.0134124397
bus1612,true,bus-1612,1612,"Area(0, 0.0, 0.0, 0.0, Dict{String, Any}(""I"" => """", ""ARNAME"" => """", ""PTOL"" => """", ""PDES"" => """", ""ISW"" => """"))",0.623626375,0.191495903,0.623626375,0.191495903
bus2062,true,bus-2062,2062,"Area(0, 0.0, 0.0, 0.0, Dict{String, Any}(""I"" => """", ""ARNAME"" => """", ""PTOL"" => """", ""PDES"" => """", ""ISW"" => """"))",0.19415167100000003,0.0692865447,0.19415167100000003,0.0692865447
bus2256,true,bus-2256,2256,"Area(0, 0.0, 0.0, 0.0, Dict{String, Any}(""I"" => """", ""ARNAME"" => """", ""PTOL"" => """", ""PDES"" => """", ""ISW"" => """"))",0.0484970486,0.0166294498,0.0484970486,0.0166294498
bus2821,true,bus-2821,2821,"Area(0, 0.0, 0.0, 0.0, Dict{String, Any}(""I"" => """", ""ARNAME"" => """", ""PTOL"" => """", ""PDES"" => """", ""ISW"" => """"))",0.11973917099999999,0.0369024128,0.11973917099999999,0.0369024128
bus447,true,bus-447,447,"Area(0, 0.0, 0.0, 0.0, Dict{String, Any}(""I"" => """", ""ARNAME"" => """", ""PTOL"" => """", ""PDES"" => """", ""ISW"" => """"))",0.141124949,0.0399523067,0.141124949,0.0399523067
bus1428,true,bus-1428,1428,"Area(0, 0.0, 0.0, 0.0, Dict{String, Any}(""I"" => """", ""ARNAME"" => """", ""PTOL"" => """", ""PDES"" => """", ""ISW"" => """"))",0.157997419,0.0508252639,0.157997419,0.0508252639
bus2651,true,bus-2651,2651,"Area(0, 0.0, 0.0, 0.0, Dict{String, Any}(""I"" => """", ""ARNAME"" => """", ""PTOL"" => """", ""PDES"" => """", ""ISW"" => """"))",0.0419334274,0.015049460800000001,0.0419334274,0.015049460800000001
bus416,true,bus-416,416,"Area(0, 0.0, 0.0, 0.0, Dict{String, Any}(""I"" => """", ""ARNAME"" => """", ""PTOL"" => """", ""PDES"" => """", ""ISW"" => """"))",0.338221944,0.10981706100000001,0.338221944,0.10981706100000001
bus1116,true,bus-1116,1116,"Area(0, 0.0, 0.0, 0.0, Dict{String, Any}(""I"" => """", ""ARNAME"" => """", ""PTOL"" => """", ""PDES"" => """", ""ISW"" => """"))",0.16559305800000002,0.0569490987,0.16559305800000002,0.0569490987
bus1252,true,bus-1252,1252,"Area(0, 0.0, 0.0, 0.0, Dict{String, Any}(""I"" => """", ""ARNAME"" => """", ""PTOL"" => """", ""PDES"" => """", ""ISW"" => """"))",0.7996178449999999,0.27962332,0.7996178449999999,0.27962332
bus669,true,bus-669,669,"Area(0, 0.0, 0.0, 0.0, Dict{String, Any}(""I"" => """", ""ARNAME"" => """", ""PTOL"" => """", ""PDES"" => """", ""ISW"" => """"))",0.403657451,0.143748019,0.403657451,0.143748019
bus8823,true,bus-8823,8823,"Area(0, 0.0, 0.0, 0.0, Dict{String, Any}(""I"" => """", ""ARNAME"" => """", ""PTOL"" => """", ""PDES"" => """", ""ISW"" => """"))",0.213964281,0.0781671091,0.213964281,0.0781671091
bus996,true,bus-996,996,"Area(0, 0.0, 0.0, 0.0, Dict{String, Any}(""I"" => """", ""ARNAME"" => """", ""PTOL"" => """", ""PDES"" => """", ""ISW"" => """"))",0.11085142899999999,0.0433002235,0.11085142899999999,0.0433002235
bus2951,true,bus-2951,2951,"Area(0, 0.0, 0.0, 0.0, Dict{String, Any}(""I"" => """", ""ARNAME"" => """", ""PTOL"" => """", ""PDES"" => """", ""ISW"" => """"))",0.04566347279999999,0.0163661371,0.04566347279999999,0.0163661371
bus4,true,bus-4,4,"Area(0, 0.0, 0.0, 0.0, Dict{String, Any}(""I"" => """", ""ARNAME"" => """", ""PTOL"" => """", ""PDES"" => """", ""ISW"" => """"))",0.227970837,0.0837324562,0.227970837,0.0837324562
bus6615,true,bus-6615,6615,"Area(0, 0.0, 0.0, 0.0, Dict{String, Any}(""I"" => """", ""ARNAME"" => """", ""PTOL"" => """", ""PDES"" => """", ""ISW"" => """"))",0.08070110959999999,0.0225628445,0.08070110959999999,0.0225628445
bus8793,true,bus-8793,8793,"Area(0, 0.0, 0.0, 0.0, Dict{String, Any}(""I"" => """", ""ARNAME"" => """", ""PTOL"" => """", ""PDES"" => """", ""ISW"" => """"))",0.147179472,0.0462850128,0.147179472,0.0462850128
bus1429,true,bus-1429,1429,"Area(0, 0.0, 0.0, 0.0, Dict{String, Any}(""I"" => """", ""ARNAME"" => """", ""PTOL"" => """", ""PDES"" => """", ""ISW"" => """"))",0.19863756500000002,0.0634687669,0.19863756500000002,0.0634687669
bus1950,true,bus-1950,1950,"Area(0, 0.0, 0.0, 0.0, Dict{String, Any}(""I"" => """", ""ARNAME"" => """", ""PTOL"" => """", ""PDES"" => """", ""ISW"" => """"))",1.94128896,0.40900128799999996,2.066994,0.40900128799999996
bus7456,true,bus-7456,7456,"Area(0, 0.0, 0.0, 0.0, Dict{String, Any}(""I"" => """", ""ARNAME"" => """", ""PTOL"" => """", ""PDES"" => """", ""ISW"" => """"))",0.0387058365,0.015666251899999997,0.0387058365,0.015666251899999997
bus648,true,bus-648,648,"Area(0, 0.0, 0.0, 0.0, Dict{String, Any}(""I"" => """", ""ARNAME"" => """", ""PTOL"" => """", ""PDES"" => """", ""ISW"" => """"))",0.060454503400000005,0.0154586974,0.060454503400000005,0.0154586974
bus7142,true,bus-7142,7142,"Area(0, 0.0, 0.0, 0.0, Dict{String, Any}(""I"" => """", ""ARNAME"" => """", ""PTOL"" => """", ""PDES"" => """", ""ISW"" => """"))",0.155374758,0.0384087635,0.15612800000000002,0.0384087635
bus2483,true,bus-2483,2483,"Area(0, 0.0, 0.0, 0.0, Dict{String, Any}(""I"" => """", ""ARNAME"" => """", ""PTOL"" => """", ""PDES"" => """", ""ISW"" => """"))",0.132790042,0.034997463199999995,0.132790042,0.034997463199999995
bus1135,true,bus-1135,1135,"Area(0, 0.0, 0.0, 0.0, Dict{String, Any}(""I"" => """", ""ARNAME"" => """", ""PTOL"" => """", ""PDES"" => """", ""ISW"" => """"))",0.0664798634,0.0205119328,0.0664798634,0.0205119328
bus350,true,bus-350,350,"Area(0, 0.0, 0.0, 0.0, Dict{String, Any}(""I"" => """", ""ARNAME"" => """", ""PTOL"" => """", ""PDES"" => """", ""ISW"" => """"))",0.4124252,0.070269298,0.428876,0.070269298
bus3753,true,bus-3753,3753,"Area(0, 0.0, 0.0, 0.0, Dict{String, Any}(""I"" => """", ""ARNAME"" => """", ""PTOL"" => """", ""PDES"" => """", ""ISW"" => """"))",0.018319119800000002,0.007149626449999999,0.018319119800000002,0.007149626449999999
bus2892,true,bus-2892,2892,"Area(0, 0.0, 0.0, 0.0, Dict{String, Any}(""I"" => """", ""ARNAME"" => """", ""PTOL"" => """", ""PDES"" => """", ""ISW"" => """"))",0.0180540657,0.00599142494,0.0180540657,0.00599142494
bus2157,true,bus-2157,2157,"Area(0, 0.0, 0.0, 0.0, Dict{String, Any}(""I"" => """", ""ARNAME"" => """", ""PTOL"" => """", ""PDES"" => """", ""ISW"" => """"))",0.423732026,0.135078355,0.423732026,0.135078355
bus2290,true,bus-2290,2290,"Area(0, 0.0, 0.0, 0.0, Dict{String, Any}(""I"" => """", ""ARNAME"" => """", ""PTOL"" => """", ""PDES"" => """", ""ISW"" => """"))",0.856726871,0.08901857769999999,0.912162,0.08901857769999999
bus7542,true,bus-7542,7542,"Area(0, 0.0, 0.0, 0.0, Dict{String, Any}(""I"" => """", ""ARNAME"" => """", ""PTOL"" => """", ""PDES"" => """", ""ISW"" => """"))",0.0723429623,0.0198628891,0.0723429623,0.0198628891
bus2,true,bus-2,2,"Area(0, 0.0, 0.0, 0.0, Dict{String, Any}(""I"" => """", ""ARNAME"" => """", ""PTOL"" => """", ""PDES"" => """", ""ISW"" => """"))",0.121925924,0.025316579899999997,0.12789,0.025316579899999997
bus426,true,bus-426,426,"Area(0, 0.0, 0.0, 0.0, Dict{String, Any}(""I"" => """", ""ARNAME"" => """", ""PTOL"" => """", ""PDES"" => """", ""ISW"" => """"))",0.729723879,0.228652982,0.729723879,0.228652982
bus1000,true,bus-1000,1000,"Area(0, 0.0, 0.0, 0.0, Dict{String, Any}(""I"" => """", ""ARNAME"" => """", ""PTOL"" => """", ""PDES"" => """", ""ISW"" => """"))",0.11669803200000001,0.038396603800000005,0.11669803200000001,0.038396603800000005
bus266,true,bus-266,266,"Area(0, 0.0, 0.0, 0.0, Dict{String, Any}(""I"" => """", ""ARNAME"" => """", ""PTOL"" => """", ""PDES"" => """", ""ISW"" => """"))",0.0748365022,0.0290880767,0.0748365022,0.0290880767
bus7136,true,bus-7136,7136,"Area(0, 0.0, 0.0, 0.0, Dict{String, Any}(""I"" => """", ""ARNAME"" => """", ""PTOL"" => """", ""PDES"" => """", ""ISW"" => """"))",0.027776546299999996,0.0110995065,0.027776546299999996,0.0110995065
bus1197,true,bus-1197,1197,"Area(0, 0.0, 0.0, 0.0, Dict{String, Any}(""I"" => """", ""ARNAME"" => """", ""PTOL"" => """", ""PDES"" => """", ""ISW"" => """"))",1.02328648,0.256850013,1.066328,0.256850013
bus1831,true,bus-1831,1831,"Area(0, 0.0, 0.0, 0.0, Dict{String, Any}(""I"" => """", ""ARNAME"" => """", ""PTOL"" => """", ""PDES"" => """", ""ISW"" => """"))",0.0340977054,0.0109805889,0.0340977054,0.0109805889
bus864,true,bus-864,864,"Area(0, 0.0, 0.0, 0.0, Dict{String, Any}(""I"" => """", ""ARNAME"" => """", ""PTOL"" => """", ""PDES"" => """", ""ISW"" => """"))",0.08667193279999999,0.021269902200000003,0.08667193279999999,0.021269902200000003
bus850,true,bus-850,850,"Area(0, 0.0, 0.0, 0.0, Dict{String, Any}(""I"" => """", ""ARNAME"" => """", ""PTOL"" => """", ""PDES"" => """", ""ISW"" => """"))",0.0203844305,0.0073024030699999996,0.0203844305,0.0073024030699999996
bus445,true,bus-445,445,"Area(0, 0.0, 0.0, 0.0, Dict{String, Any}(""I"" => """", ""ARNAME"" => """", ""PTOL"" => """", ""PDES"" => """", ""ISW"" => """"))",0.11990514499999999,0.038920102399999996,0.11990514499999999,0.038920102399999996
bus364,true,bus-364,364,"Area(0, 0.0, 0.0, 0.0, Dict{String, Any}(""I"" => """", ""ARNAME"" => """", ""PTOL"" => """", ""PDES"" => """", ""ISW"" => """"))",0.026563659899999998,0.0112949519,0.026563659899999998,0.0112949519
bus4643,true,bus-4643,4643,"Area(0, 0.0, 0.0, 0.0, Dict{String, Any}(""I"" => """", ""ARNAME"" => """", ""PTOL"" => """", ""PDES"" => """", ""ISW"" => """"))",0.29013662100000004,0.08840794190000001,0.29013662100000004,0.08840794190000001
bus91,true,bus-91,91,"Area(0, 0.0, 0.0, 0.0, Dict{String, Any}(""I"" => """", ""ARNAME"" => """", ""PTOL"" => """", ""PDES"" => """", ""ISW"" => """"))",0.0455639825,0.0183593505,0.0455639825,0.0183593505
bus237,true,bus-237,237,"Area(0, 0.0, 0.0, 0.0, Dict{String, Any}(""I"" => """", ""ARNAME"" => """", ""PTOL"" => """", ""PDES"" => """", ""ISW"" => """"))",0.106136713,0.0146958401,0.106136713,0.0146958401
bus2092,true,bus-2092,2092,"Area(0, 0.0, 0.0, 0.0, Dict{String, Any}(""I"" => """", ""ARNAME"" => """", ""PTOL"" => """", ""PDES"" => """", ""ISW"" => """"))",0.110319944,0.0385025972,0.110319944,0.0385025972
bus2135,true,bus-2135,2135,"Area(0, 0.0, 0.0, 0.0, Dict{String, Any}(""I"" => """", ""ARNAME"" => """", ""PTOL"" => """", ""PDES"" => """", ""ISW"" => """"))",0.704245691,0.17679238900000002,0.704245691,0.17679238900000002
bus1199,true,bus-1199,1199,"Area(0, 0.0, 0.0, 0.0, Dict{String, Any}(""I"" => """", ""ARNAME"" => """", ""PTOL"" => """", ""PDES"" => """", ""ISW"" => """"))",0.120031585,0.0408125408,0.120031585,0.0408125408
bus2844,true,bus-2844,2844,"Area(0, 0.0, 0.0, 0.0, Dict{String, Any}(""I"" => """", ""ARNAME"" => """", ""PTOL"" => """", ""PDES"" => """", ""ISW"" => """"))",0.0054212785399999994,0.00182509428,0.0054212785399999994,0.00182509428
bus897,true,bus-897,897,"Area(0, 0.0, 0.0, 0.0, Dict{String, Any}(""I"" => """", ""ARNAME"" => """", ""PTOL"" => """", ""PDES"" => """", ""ISW"" => """"))",0.0278433609,0.009599315990000001,0.0278433609,0.009599315990000001
bus2098,true,bus-2098,2098,"Area(0, 0.0, 0.0, 0.0, Dict{String, Any}(""I"" => """", ""ARNAME"" => """", ""PTOL"" => """", ""PDES"" => """", ""ISW"" => """"))",0.39283995099999997,0.0591729795,0.42429000000000006,0.0591729795
bus968,true,bus-968,968,"Area(0, 0.0, 0.0, 0.0, Dict{String, Any}(""I"" => """", ""ARNAME"" => """", ""PTOL"" => """", ""PDES"" => """", ""ISW"" => """"))",0.0340412904,0.013212399399999998,0.0340412904,0.013212399399999998
bus710,true,bus-710,710,"Area(0, 0.0, 0.0, 0.0, Dict{String, Any}(""I"" => """", ""ARNAME"" => """", ""PTOL"" => """", ""PDES"" => """", ""ISW"" => """"))",0.193293839,0.0520202305,0.193293839,0.0520202305
bus1207,true,bus-1207,1207,"Area(0, 0.0, 0.0, 0.0, Dict{String, Any}(""I"" => """", ""ARNAME"" => """", ""PTOL"" => """", ""PDES"" => """", ""ISW"" => """"))",0.038159434,0.0124625635,0.038159434,0.0124625635
bus2036,true,bus-2036,2036,"Area(0, 0.0, 0.0, 0.0, Dict{String, Any}(""I"" => """", ""ARNAME"" => """", ""PTOL"" => """", ""PDES"" => """", ""ISW"" => """"))",0.270431198,0.0936581217,0.270431198,0.0936581217
bus997,true,bus-997,997,"Area(0, 0.0, 0.0, 0.0, Dict{String, Any}(""I"" => """", ""ARNAME"" => """", ""PTOL"" => """", ""PDES"" => """", ""ISW"" => """"))",0.176945469,0.0559074756,0.176945469,0.0559074756
bus982,true,bus-982,982,"Area(0, 0.0, 0.0, 0.0, Dict{String, Any}(""I"" => """", ""ARNAME"" => """", ""PTOL"" => """", ""PDES"" => """", ""ISW"" => """"))",0.109986222,0.0284691312,0.109986222,0.0284691312
bus2076,true,bus-2076,2076,"Area(0, 0.0, 0.0, 0.0, Dict{String, Any}(""I"" => """", ""ARNAME"" => """", ""PTOL"" => """", ""PDES"" => """", ""ISW"" => """"))",0.230742434,0.087064897,0.230742434,0.087064897
bus772,true,bus-772,772,"Area(0, 0.0, 0.0, 0.0, Dict{String, Any}(""I"" => """", ""ARNAME"" => """", ""PTOL"" => """", ""PDES"" => """", ""ISW"" => """"))",0.020269738,0.007893146089999999,0.020269738,0.007893146089999999
bus577,true,bus-577,577,"Area(0, 0.0, 0.0, 0.0, Dict{String, Any}(""I"" => """", ""ARNAME"" => """", ""PTOL"" => """", ""PDES"" => """", ""ISW"" => """"))",0.17166530600000002,0.0416186183,0.17166530600000002,0.0416186183
bus971,true,bus-971,971,"Area(0, 0.0, 0.0, 0.0, Dict{String, Any}(""I"" => """", ""ARNAME"" => """", ""PTOL"" => """", ""PDES"" => """", ""ISW"" => """"))",0.0355376675,0.012560379,0.0355376675,0.012560379
bus3977,true,bus-3977,3977,"Area(0, 0.0, 0.0, 0.0, Dict{String, Any}(""I"" => """", ""ARNAME"" => """", ""PTOL"" => """", ""PDES"" => """", ""ISW"" => """"))",0.0770858349,0.0228323081,0.0770858349,0.0228323081
bus2384,true,bus-2384,2384,"Area(0, 0.0, 0.0, 0.0, Dict{String, Any}(""I"" => """", ""ARNAME"" => """", ""PTOL"" => """", ""PDES"" => """", ""ISW"" => """"))",0.154166797,0.0481788255,0.154166797,0.0481788255
bus2287,true,bus-2287,2287,"Area(0, 0.0, 0.0, 0.0, Dict{String, Any}(""I"" => """", ""ARNAME"" => """", ""PTOL"" => """", ""PDES"" => """", ""ISW"" => """"))",0.405662685,0.110882167,0.405662685,0.110882167
bus614,true,bus-614,614,"Area(0, 0.0, 0.0, 0.0, Dict{String, Any}(""I"" => """", ""ARNAME"" => """", ""PTOL"" => """", ""PDES"" => """", ""ISW"" => """"))",0.0697086596,0.0158911707,0.069859,0.0158911707
bus7547,true,bus-7547,7547,"Area(0, 0.0, 0.0, 0.0, Dict{String, Any}(""I"" => """", ""ARNAME"" => """", ""PTOL"" => """", ""PDES"" => """", ""ISW"" => """"))",0.153996008,0.0543818299,0.153996008,0.0543818299
bus6567,true,bus-6567,6567,"Area(0, 0.0, 0.0, 0.0, Dict{String, Any}(""I"" => """", ""ARNAME"" => """", ""PTOL"" => """", ""PDES"" => """", ""ISW"" => """"))",0.0421970341,0.016276544,0.0421970341,0.016276544
bus1014,true,bus-1014,1014,"Area(0, 0.0, 0.0, 0.0, Dict{String, Any}(""I"" => """", ""ARNAME"" => """", ""PTOL"" => """", ""PDES"" => """", ""ISW"" => """"))",0.282839143,0.0938820912,0.282839143,0.0938820912
bus8863,true,bus-8863,8863,"Area(0, 0.0, 0.0, 0.0, Dict{String, Any}(""I"" => """", ""ARNAME"" => """", ""PTOL"" => """", ""PDES"" => """", ""ISW"" => """"))",0.155465994,0.0513136509,0.155465994,0.0513136509
bus1637,true,bus-1637,1637,"Area(0, 0.0, 0.0, 0.0, Dict{String, Any}(""I"" => """", ""ARNAME"" => """", ""PTOL"" => """", ""PDES"" => """", ""ISW"" => """"))",0.129071879,0.0452281378,0.129071879,0.0452281378
bus2122,true,bus-2122,2122,"Area(0, 0.0, 0.0, 0.0, Dict{String, Any}(""I"" => """", ""ARNAME"" => """", ""PTOL"" => """", ""PDES"" => """", ""ISW"" => """"))",0.145037746,0.0504886186,0.145037746,0.0504886186
bus5792,true,bus-5792,5792,"Area(0, 0.0, 0.0, 0.0, Dict{String, Any}(""I"" => """", ""ARNAME"" => """", ""PTOL"" => """", ""PDES"" => """", ""ISW"" => """"))",0.260530707,0.0954981772,0.260530707,0.0954981772
bus1512,true,bus-1512,1512,"Area(0, 0.0, 0.0, 0.0, Dict{String, Any}(""I"" => """", ""ARNAME"" => """", ""PTOL"" => """", ""PDES"" => """", ""ISW"" => """"))",0.374080667,0.0939928113,0.374080667,0.0939928113
bus6558,true,bus-6558,6558,"Area(0, 0.0, 0.0, 0.0, Dict{String, Any}(""I"" => """", ""ARNAME"" => """", ""PTOL"" => """", ""PDES"" => """", ""ISW"" => """"))",0.211236863,0.0609291483,0.211236863,0.0609291483
bus114,true,bus-114,114,"Area(0, 0.0, 0.0, 0.0, Dict{String, Any}(""I"" => """", ""ARNAME"" => """", ""PTOL"" => """", ""PDES"" => """", ""ISW"" => """"))",0.115169429,0.0214096752,0.115169429,0.0214096752
bus450,true,bus-450,450,"Area(0, 0.0, 0.0, 0.0, Dict{String, Any}(""I"" => """", ""ARNAME"" => """", ""PTOL"" => """", ""PDES"" => """", ""ISW"" => """"))",0.244451715,0.0717361522,0.244451715,0.0717361522
bus7840,true,bus-7840,7840,"Area(0, 0.0, 0.0, 0.0, Dict{String, Any}(""I"" => """", ""ARNAME"" => """", ""PTOL"" => """", ""PDES"" => """", ""ISW"" => """"))",0.153728692,0.0511627312,0.153728692,0.0511627312
bus1143,true,bus-1143,1143,"Area(0, 0.0, 0.0, 0.0, Dict{String, Any}(""I"" => """", ""ARNAME"" => """", ""PTOL"" => """", ""PDES"" => """", ""ISW"" => """"))",0.2669975,0.0819513376,0.2669975,0.0819513376
bus453,true,bus-453,453,"Area(0, 0.0, 0.0, 0.0, Dict{String, Any}(""I"" => """", ""ARNAME"" => """", ""PTOL"" => """", ""PDES"" => """", ""ISW"" => """"))",0.569661989,0.18741885,0.569661989,0.18741885
bus1552,true,bus-1552,1552,"Area(0, 0.0, 0.0, 0.0, Dict{String, Any}(""I"" => """", ""ARNAME"" => """", ""PTOL"" => """", ""PDES"" => """", ""ISW"" => """"))",0.195862245,0.052445617,0.201598,0.052445617
bus626,true,bus-626,626,"Area(0, 0.0, 0.0, 0.0, Dict{String, Any}(""I"" => """", ""ARNAME"" => """", ""PTOL"" => """", ""PDES"" => """", ""ISW"" => """"))",0.0206174982,0.0066687551599999995,0.0206174982,0.0066687551599999995
bus1408,true,bus-1408,1408,"Area(0, 0.0, 0.0, 0.0, Dict{String, Any}(""I"" => """", ""ARNAME"" => """", ""PTOL"" => """", ""PDES"" => """", ""ISW"" => """"))",0.029218574,0.00972011989,0.029218574,0.00972011989
bus1524,true,bus-1524,1524,"Area(0, 0.0, 0.0, 0.0, Dict{String, Any}(""I"" => """", ""ARNAME"" => """", ""PTOL"" => """", ""PDES"" => """", ""ISW"" => """"))",0.22081120899999998,0.0736022878,0.22081120899999998,0.0736022878
bus4520,true,bus-4520,4520,"Area(0, 0.0, 0.0, 0.0, Dict{String, Any}(""I"" => """", ""ARNAME"" => """", ""PTOL"" => """", ""PDES"" => """", ""ISW"" => """"))",0.0206759318,0.0070959236999999994,0.0206759318,0.0070959236999999994
bus886,true,bus-886,886,"Area(0, 0.0, 0.0, 0.0, Dict{String, Any}(""I"" => """", ""ARNAME"" => """", ""PTOL"" => """", ""PDES"" => """", ""ISW"" => """"))",0.0687443295,0.0197099692,0.0687443295,0.0197099692
bus478,true,bus-478,478,"Area(0, 0.0, 0.0, 0.0, Dict{String, Any}(""I"" => """", ""ARNAME"" => """", ""PTOL"" => """", ""PDES"" => """", ""ISW"" => """"))",0.140590466,0.0468286783,0.140590466,0.0468286783
bus1968,true,bus-1968,1968,"Area(0, 0.0, 0.0, 0.0, Dict{String, Any}(""I"" => """", ""ARNAME"" => """", ""PTOL"" => """", ""PDES"" => """", ""ISW"" => """"))",0.17832416599999998,0.0491168569,0.17832416599999998,0.0491168569
bus3717,true,bus-3717,3717,"Area(0, 0.0, 0.0, 0.0, Dict{String, Any}(""I"" => """", ""ARNAME"" => """", ""PTOL"" => """", ""PDES"" => """", ""ISW"" => """"))",0.0147685227,0.00610534749,0.0147685227,0.00610534749
bus4915,true,bus-4915,4915,"Area(0, 0.0, 0.0, 0.0, Dict{String, Any}(""I"" => """", ""ARNAME"" => """", ""PTOL"" => """", ""PDES"" => """", ""ISW"" => """"))",0.09844067029999999,0.0346965593,0.09844067029999999,0.0346965593
bus1613,true,bus-1613,1613,"Area(0, 0.0, 0.0, 0.0, Dict{String, Any}(""I"" => """", ""ARNAME"" => """", ""PTOL"" => """", ""PDES"" => """", ""ISW"" => """"))",0.378025296,0.11275605300000001,0.378025296,0.11275605300000001
bus536,true,bus-536,536,"Area(0, 0.0, 0.0, 0.0, Dict{String, Any}(""I"" => """", ""ARNAME"" => """", ""PTOL"" => """", ""PDES"" => """", ""ISW"" => """"))",0.133573541,0.04579481430000001,0.133573541,0.04579481430000001
bus976,true,bus-976,976,"Area(0, 0.0, 0.0, 0.0, Dict{String, Any}(""I"" => """", ""ARNAME"" => """", ""PTOL"" => """", ""PDES"" => """", ""ISW"" => """"))",0.0290714449,0.011694730399999999,0.0290714449,0.011694730399999999
bus994,true,bus-994,994,"Area(0, 0.0, 0.0, 0.0, Dict{String, Any}(""I"" => """", ""ARNAME"" => """", ""PTOL"" => """", ""PDES"" => """", ""ISW"" => """"))",0.0633673984,0.0225183118,0.0633673984,0.0225183118
bus7430,true,bus-7430,7430,"Area(0, 0.0, 0.0, 0.0, Dict{String, Any}(""I"" => """", ""ARNAME"" => """", ""PTOL"" => """", ""PDES"" => """", ""ISW"" => """"))",0.0402253407,0.0150201337,0.0402253407,0.0150201337
bus6583,true,bus-6583,6583,"Area(0, 0.0, 0.0, 0.0, Dict{String, Any}(""I"" => """", ""ARNAME"" => """", ""PTOL"" => """", ""PDES"" => """", ""ISW"" => """"))",0.476848541,0.059198499,0.515024,0.059198499
bus1095,true,bus-1095,1095,"Area(0, 0.0, 0.0, 0.0, Dict{String, Any}(""I"" => """", ""ARNAME"" => """", ""PTOL"" => """", ""PDES"" => """", ""ISW"" => """"))",0.42113867,0.14681750799999999,0.42113867,0.14681750799999999
bus8839,true,bus-8839,8839,"Area(0, 0.0, 0.0, 0.0, Dict{String, Any}(""I"" => """", ""ARNAME"" => """", ""PTOL"" => """", ""PDES"" => """", ""ISW"" => """"))",0.37725422100000006,0.11541586499999999,0.37725422100000006,0.11541586499999999
bus6483,true,bus-6483,6483,"Area(0, 0.0, 0.0, 0.0, Dict{String, Any}(""I"" => """", ""ARNAME"" => """", ""PTOL"" => """", ""PDES"" => """", ""ISW"" => """"))",0.0840288297,0.028202668900000002,0.0840288297,0.028202668900000002
bus1590,true,bus-1590,1590,"Area(0, 0.0, 0.0, 0.0, Dict{String, Any}(""I"" => """", ""ARNAME"" => """", ""PTOL"" => """", ""PDES"" => """", ""ISW"" => """"))",0.102545746,0.034730177200000004,0.102545746,0.034730177200000004
bus1028,true,bus-1028,1028,"Area(0, 0.0, 0.0, 0.0, Dict{String, Any}(""I"" => """", ""ARNAME"" => """", ""PTOL"" => """", ""PDES"" => """", ""ISW"" => """"))",0.321980772,0.11936832600000001,0.321980772,0.11936832600000001
bus481,true,bus-481,481,"Area(0, 0.0, 0.0, 0.0, Dict{String, Any}(""I"" => """", ""ARNAME"" => """", ""PTOL"" => """", ""PDES"" => """", ""ISW"" => """"))",0.412267742,0.1300183,0.412267742,0.1300183
bus1010,true,bus-1010,1010,"Area(0, 0.0, 0.0, 0.0, Dict{String, Any}(""I"" => """", ""ARNAME"" => """", ""PTOL"" => """", ""PDES"" => """", ""ISW"" => """"))",0.553909431,0.07231121339999999,0.568949,0.07231121339999999
bus383,true,bus-383,383,"Area(0, 0.0, 0.0, 0.0, Dict{String, Any}(""I"" => """", ""ARNAME"" => """", ""PTOL"" => """", ""PDES"" => """", ""ISW"" => """"))",0.33359473700000003,0.116064089,0.33359473700000003,0.116064089
bus7324,true,bus-7324,7324,"Area(0, 0.0, 0.0, 0.0, Dict{String, Any}(""I"" => """", ""ARNAME"" => """", ""PTOL"" => """", ""PDES"" => """", ""ISW"" => """"))",0.087847486,0.0245326778,0.087847486,0.0245326778
bus721,true,bus-721,721,"Area(0, 0.0, 0.0, 0.0, Dict{String, Any}(""I"" => """", ""ARNAME"" => """", ""PTOL"" => """", ""PDES"" => """", ""ISW"" => """"))",0.044815655999999995,0.0137149158,0.044815655999999995,0.0137149158
bus6474,true,bus-6474,6474,"Area(0, 0.0, 0.0, 0.0, Dict{String, Any}(""I"" => """", ""ARNAME"" => """", ""PTOL"" => """", ""PDES"" => """", ""ISW"" => """"))",0.015284814,0.0052103698200000005,0.015284814,0.0052103698200000005
bus1354,true,bus-1354,1354,"Area(0, 0.0, 0.0, 0.0, Dict{String, Any}(""I"" => """", ""ARNAME"" => """", ""PTOL"" => """", ""PDES"" => """", ""ISW"" => """"))",0.138825975,0.0344273551,0.138825975,0.0344273551
bus1148,true,bus-1148,1148,"Area(0, 0.0, 0.0, 0.0, Dict{String, Any}(""I"" => """", ""ARNAME"" => """", ""PTOL"" => """", ""PDES"" => """", ""ISW"" => """"))",0.108465761,0.0354632128,0.108465761,0.0354632128
bus7438,true,bus-7438,7438,"Area(0, 0.0, 0.0, 0.0, Dict{String, Any}(""I"" => """", ""ARNAME"" => """", ""PTOL"" => """", ""PDES"" => """", ""ISW"" => """"))",0.0183991178,0.0068366722,0.0183991178,0.0068366722
bus1800,true,bus-1800,1800,"Area(0, 0.0, 0.0, 0.0, Dict{String, Any}(""I"" => """", ""ARNAME"" => """", ""PTOL"" => """", ""PDES"" => """", ""ISW"" => """"))",0.052143602299999994,0.0193948532,0.052143602299999994,0.0193948532
bus708,true,bus-708,708,"Area(0, 0.0, 0.0, 0.0, Dict{String, Any}(""I"" => """", ""ARNAME"" => """", ""PTOL"" => """", ""PDES"" => """", ""ISW"" => """"))",0.47762543999999996,0.171394523,0.47762543999999996,0.171394523
bus1693,true,bus-1693,1693,"Area(0, 0.0, 0.0, 0.0, Dict{String, Any}(""I"" => """", ""ARNAME"" => """", ""PTOL"" => """", ""PDES"" => """", ""ISW"" => """"))",0.0240939878,0.008825039770000001,0.0240939878,0.008825039770000001
bus8195,true,bus-8195,8195,"Area(0, 0.0, 0.0, 0.0, Dict{String, Any}(""I"" => """", ""ARNAME"" => """", ""PTOL"" => """", ""PDES"" => """", ""ISW"" => """"))",0.123038547,0.031742051199999996,0.123038547,0.031742051199999996
bus224,true,bus-224,224,"Area(0, 0.0, 0.0, 0.0, Dict{String, Any}(""I"" => """", ""ARNAME"" => """", ""PTOL"" => """", ""PDES"" => """", ""ISW"" => """"))",0.0711352154,0.024863066,0.0711352154,0.024863066
bus672,true,bus-672,672,"Area(0, 0.0, 0.0, 0.0, Dict{String, Any}(""I"" => """", ""ARNAME"" => """", ""PTOL"" => """", ""PDES"" => """", ""ISW"" => """"))",0.018709970899999998,0.005818513480000001,0.018709970899999998,0.005818513480000001
bus15,true,bus-15,15,"Area(0, 0.0, 0.0, 0.0, Dict{String, Any}(""I"" => """", ""ARNAME"" => """", ""PTOL"" => """", ""PDES"" => """", ""ISW"" => """"))",0.249681545,0.08944599119999999,0.249681545,0.08944599119999999
bus2731,true,bus-2731,2731,"Area(0, 0.0, 0.0, 0.0, Dict{String, Any}(""I"" => """", ""ARNAME"" => """", ""PTOL"" => """", ""PDES"" => """", ""ISW"" => """"))",0.11966146800000001,0.033572007,0.11966146800000001,0.033572007
bus794,true,bus-794,794,"Area(0, 0.0, 0.0, 0.0, Dict{String, Any}(""I"" => """", ""ARNAME"" => """", ""PTOL"" => """", ""PDES"" => """", ""ISW"" => """"))",0.115229683,0.0397578985,0.115229683,0.0397578985
bus3873,true,bus-3873,3873,"Area(0, 0.0, 0.0, 0.0, Dict{String, Any}(""I"" => """", ""ARNAME"" => """", ""PTOL"" => """", ""PDES"" => """", ""ISW"" => """"))",0.204305341,0.0643733352,0.21016100000000001,0.0643733352
bus924,true,bus-924,924,"Area(0, 0.0, 0.0, 0.0, Dict{String, Any}(""I"" => """", ""ARNAME"" => """", ""PTOL"" => """", ""PDES"" => """", ""ISW"" => """"))",0.0644924725,0.0248344891,0.0644924725,0.0248344891
bus7074,true,bus-7074,7074,"Area(0, 0.0, 0.0, 0.0, Dict{String, Any}(""I"" => """", ""ARNAME"" => """", ""PTOL"" => """", ""PDES"" => """", ""ISW"" => """"))",0.0311083776,0.0105291147,0.0311083776,0.0105291147
bus1350,true,bus-1350,1350,"Area(0, 0.0, 0.0, 0.0, Dict{String, Any}(""I"" => """", ""ARNAME"" => """", ""PTOL"" => """", ""PDES"" => """", ""ISW"" => """"))",0.0333933139,0.011959165599999998,0.0333933139,0.011959165599999998
bus2094,true,bus-2094,2094,"Area(0, 0.0, 0.0, 0.0, Dict{String, Any}(""I"" => """", ""ARNAME"" => """", ""PTOL"" => """", ""PDES"" => """", ""ISW"" => """"))",0.26427938900000003,0.0932290528,0.26427938900000003,0.0932290528
bus4586,true,bus-4586,4586,"Area(0, 0.0, 0.0, 0.0, Dict{String, Any}(""I"" => """", ""ARNAME"" => """", ""PTOL"" => """", ""PDES"" => """", ""ISW"" => """"))",0.048764474800000006,0.0127814721,0.048764474800000006,0.0127814721
bus1329,true,bus-1329,1329,"Area(0, 0.0, 0.0, 0.0, Dict{String, Any}(""I"" => """", ""ARNAME"" => """", ""PTOL"" => """", ""PDES"" => """", ""ISW"" => """"))",0.226730682,0.05596661830000001,0.227419,0.05596661830000001
bus1198,true,bus-1198,1198,"Area(0, 0.0, 0.0, 0.0, Dict{String, Any}(""I"" => """", ""ARNAME"" => """", ""PTOL"" => """", ""PDES"" => """", ""ISW"" => """"))",0.07706006979999999,0.0248783402,0.07706006979999999,0.0248783402
bus389,true,bus-389,389,"Area(0, 0.0, 0.0, 0.0, Dict{String, Any}(""I"" => """", ""ARNAME"" => """", ""PTOL"" => """", ""PDES"" => """", ""ISW"" => """"))",0.33286622,0.117096857,0.33286622,0.117096857
bus184,true,bus-184,184,"Area(0, 0.0, 0.0, 0.0, Dict{String, Any}(""I"" => """", ""ARNAME"" => """", ""PTOL"" => """", ""PDES"" => """", ""ISW"" => """"))",0.0687473334,0.0217697341,0.06962600000000001,0.0217697341
bus1070,true,bus-1070,1070,"Area(0, 0.0, 0.0, 0.0, Dict{String, Any}(""I"" => """", ""ARNAME"" => """", ""PTOL"" => """", ""PDES"" => """", ""ISW"" => """"))",0.805450757,0.20590874800000003,0.83403,0.20590874800000003
bus2309,true,bus-2309,2309,"Area(0, 0.0, 0.0, 0.0, Dict{String, Any}(""I"" => """", ""ARNAME"" => """", ""PTOL"" => """", ""PDES"" => """", ""ISW"" => """"))",0.0512157226,0.0127707361,0.0512157226,0.0127707361
bus679,true,bus-679,679,"Area(0, 0.0, 0.0, 0.0, Dict{String, Any}(""I"" => """", ""ARNAME"" => """", ""PTOL"" => """", ""PDES"" => """", ""ISW"" => """"))",0.34575736300000004,0.116832046,0.34575736300000004,0.116832046
bus2077,true,bus-2077,2077,"Area(0, 0.0, 0.0, 0.0, Dict{String, Any}(""I"" => """", ""ARNAME"" => """", ""PTOL"" => """", ""PDES"" => """", ""ISW"" => """"))",0.45400541099999997,0.138462968,0.45400541099999997,0.138462968
bus2049,true,bus-2049,2049,"Area(0, 0.0, 0.0, 0.0, Dict{String, Any}(""I"" => """", ""ARNAME"" => """", ""PTOL"" => """", ""PDES"" => """", ""ISW"" => """"))",0.0714933391,0.029605647300000003,0.0714933391,0.029605647300000003
bus755,true,bus-755,755,"Area(0, 0.0, 0.0, 0.0, Dict{String, Any}(""I"" => """", ""ARNAME"" => """", ""PTOL"" => """", ""PDES"" => """", ""ISW"" => """"))",0.127449647,0.0427008033,0.127449647,0.0427008033
bus525,true,bus-525,525,"Area(0, 0.0, 0.0, 0.0, Dict{String, Any}(""I"" => """", ""ARNAME"" => """", ""PTOL"" => """", ""PDES"" => """", ""ISW"" => """"))",0.109146608,0.0406459135,0.109146608,0.0406459135
bus1059,true,bus-1059,1059,"Area(0, 0.0, 0.0, 0.0, Dict{String, Any}(""I"" => """", ""ARNAME"" => """", ""PTOL"" => """", ""PDES"" => """", ""ISW"" => """"))",0.629324058,0.205030872,0.629324058,0.205030872
bus279,true,bus-279,279,"Area(0, 0.0, 0.0, 0.0, Dict{String, Any}(""I"" => """", ""ARNAME"" => """", ""PTOL"" => """", ""PDES"" => """", ""ISW"" => """"))",0.0525335493,0.0159573499,0.0525335493,0.0159573499
bus8797,true,bus-8797,8797,"Area(0, 0.0, 0.0, 0.0, Dict{String, Any}(""I"" => """", ""ARNAME"" => """", ""PTOL"" => """", ""PDES"" => """", ""ISW"" => """"))",0.0261439714,0.00964330946,0.0261439714,0.00964330946
bus1781,true,bus-1781,1781,"Area(0, 0.0, 0.0, 0.0, Dict{String, Any}(""I"" => """", ""ARNAME"" => """", ""PTOL"" => """", ""PDES"" => """", ""ISW"" => """"))",0.157028844,0.0496830714,0.157028844,0.0496830714
bus133,true,bus-133,133,"Area(0, 0.0, 0.0, 0.0, Dict{String, Any}(""I"" => """", ""ARNAME"" => """", ""PTOL"" => """", ""PDES"" => """", ""ISW"" => """"))",0.029570706000000002,0.00898348595,0.029570706000000002,0.00898348595
bus784,true,bus-784,784,"Area(0, 0.0, 0.0, 0.0, Dict{String, Any}(""I"" => """", ""ARNAME"" => """", ""PTOL"" => """", ""PDES"" => """", ""ISW"" => """"))",0.373117941,0.105633675,0.373117941,0.105633675
bus7098,true,bus-7098,7098,"Area(0, 0.0, 0.0, 0.0, Dict{String, Any}(""I"" => """", ""ARNAME"" => """", ""PTOL"" => """", ""PDES"" => """", ""ISW"" => """"))",0.0276347445,0.0114833473,0.0276347445,0.0114833473
bus2115,true,bus-2115,2115,"Area(0, 0.0, 0.0, 0.0, Dict{String, Any}(""I"" => """", ""ARNAME"" => """", ""PTOL"" => """", ""PDES"" => """", ""ISW"" => """"))",0.0576577555,0.0223169389,0.0576577555,0.0223169389
bus2354,true,bus-2354,2354,"Area(0, 0.0, 0.0, 0.0, Dict{String, Any}(""I"" => """", ""ARNAME"" => """", ""PTOL"" => """", ""PDES"" => """", ""ISW"" => """"))",0.040771610699999995,0.0143896574,0.040771610699999995,0.0143896574
bus2088,true,bus-2088,2088,"Area(0, 0.0, 0.0, 0.0, Dict{String, Any}(""I"" => """", ""ARNAME"" => """", ""PTOL"" => """", ""PDES"" => """", ""ISW"" => """"))",0.0629476855,0.019027448199999998,0.0629476855,0.019027448199999998
bus7508,true,bus-7508,7508,"Area(0, 0.0, 0.0, 0.0, Dict{String, Any}(""I"" => """", ""ARNAME"" => """", ""PTOL"" => """", ""PDES"" => """", ""ISW"" => """"))",0.07348453890000001,0.024509642399999997,0.07348453890000001,0.024509642399999997
bus1978,true,bus-1978,1978,"Area(0, 0.0, 0.0, 0.0, Dict{String, Any}(""I"" => """", ""ARNAME"" => """", ""PTOL"" => """", ""PDES"" => """", ""ISW"" => """"))",0.580767293,0.179341617,0.6042580000000001,0.179341617
bus3028,true,bus-3028,3028,"Area(0, 0.0, 0.0, 0.0, Dict{String, Any}(""I"" => """", ""ARNAME"" => """", ""PTOL"" => """", ""PDES"" => """", ""ISW"" => """"))",0.0317416425,0.012325718000000001,0.0317416425,0.012325718000000001
bus796,true,bus-796,796,"Area(0, 0.0, 0.0, 0.0, Dict{String, Any}(""I"" => """", ""ARNAME"" => """", ""PTOL"" => """", ""PDES"" => """", ""ISW"" => """"))",0.042559836000000004,0.016498935,0.042559836000000004,0.016498935
bus6545,true,bus-6545,6545,"Area(0, 0.0, 0.0, 0.0, Dict{String, Any}(""I"" => """", ""ARNAME"" => """", ""PTOL"" => """", ""PDES"" => """", ""ISW"" => """"))",0.021660499899999998,0.00846960653,0.021660499899999998,0.00846960653
bus1256,true,bus-1256,1256,"Area(0, 0.0, 0.0, 0.0, Dict{String, Any}(""I"" => """", ""ARNAME"" => """", ""PTOL"" => """", ""PDES"" => """", ""ISW"" => """"))",0.718530556,0.20868646600000001,0.718530556,0.20868646600000001
bus1081,true,bus-1081,1081,"Area(0, 0.0, 0.0, 0.0, Dict{String, Any}(""I"" => """", ""ARNAME"" => """", ""PTOL"" => """", ""PDES"" => """", ""ISW"" => """"))",0.205815736,0.0699747002,0.205815736,0.0699747002
bus1865,true,bus-1865,1865,"Area(0, 0.0, 0.0, 0.0, Dict{String, Any}(""I"" => """", ""ARNAME"" => """", ""PTOL"" => """", ""PDES"" => """", ""ISW"" => """"))",0.14483269399999998,0.053816333099999995,0.14483269399999998,0.053816333099999995
bus2363,true,bus-2363,2363,"Area(0, 0.0, 0.0, 0.0, Dict{String, Any}(""I"" => """", ""ARNAME"" => """", ""PTOL"" => """", ""PDES"" => """", ""ISW"" => """"))",0.17795444,0.057844482,0.17795444,0.057844482
bus1608,true,bus-1608,1608,"Area(0, 0.0, 0.0, 0.0, Dict{String, Any}(""I"" => """", ""ARNAME"" => """", ""PTOL"" => """", ""PDES"" => """", ""ISW"" => """"))",0.431477236,0.144567178,0.431477236,0.144567178
bus2079,true,bus-2079,2079,"Area(0, 0.0, 0.0, 0.0, Dict{String, Any}(""I"" => """", ""ARNAME"" => """", ""PTOL"" => """", ""PDES"" => """", ""ISW"" => """"))",0.30837562900000004,0.104358476,0.30837562900000004,0.104358476
bus154,true,bus-154,154,"Area(0, 0.0, 0.0, 0.0, Dict{String, Any}(""I"" => """", ""ARNAME"" => """", ""PTOL"" => """", ""PDES"" => """", ""ISW"" => """"))",0.0577528991,0.0160763523,0.0577528991,0.0160763523
bus7955,true,bus-7955,7955,"Area(0, 0.0, 0.0, 0.0, Dict{String, Any}(""I"" => """", ""ARNAME"" => """", ""PTOL"" => """", ""PDES"" => """", ""ISW"" => """"))",0.211507632,0.0794025295,0.211507632,0.0794025295
bus792,true,bus-792,792,"Area(0, 0.0, 0.0, 0.0, Dict{String, Any}(""I"" => """", ""ARNAME"" => """", ""PTOL"" => """", ""PDES"" => """", ""ISW"" => """"))",0.138267003,0.0412240414,0.138267003,0.0412240414
bus1392,true,bus-1392,1392,"Area(0, 0.0, 0.0, 0.0, Dict{String, Any}(""I"" => """", ""ARNAME"" => """", ""PTOL"" => """", ""PDES"" => """", ""ISW"" => """"))",0.040947465599999996,0.0113714253,0.040947465599999996,0.0113714253
bus8728,true,bus-8728,8728,"Area(0, 0.0, 0.0, 0.0, Dict{String, Any}(""I"" => """", ""ARNAME"" => """", ""PTOL"" => """", ""PDES"" => """", ""ISW"" => """"))",0.289795981,0.08646688279999999,0.289795981,0.08646688279999999
bus1331,true,bus-1331,1331,"Area(0, 0.0, 0.0, 0.0, Dict{String, Any}(""I"" => """", ""ARNAME"" => """", ""PTOL"" => """", ""PDES"" => """", ""ISW"" => """"))",0.153796891,0.042878398899999996,0.15920700000000002,0.042878398899999996
bus42,true,bus-42,42,"Area(0, 0.0, 0.0, 0.0, Dict{String, Any}(""I"" => """", ""ARNAME"" => """", ""PTOL"" => """", ""PDES"" => """", ""ISW"" => """"))",0.0498218492,0.015074445,0.0498218492,0.015074445
bus6619,true,bus-6619,6619,"Area(0, 0.0, 0.0, 0.0, Dict{String, Any}(""I"" => """", ""ARNAME"" => """", ""PTOL"" => """", ""PDES"" => """", ""ISW"" => """"))",0.0401196441,0.014333169299999999,0.0401196441,0.014333169299999999
bus4680,true,bus-4680,4680,"Area(0, 0.0, 0.0, 0.0, Dict{String, Any}(""I"" => """", ""ARNAME"" => """", ""PTOL"" => """", ""PDES"" => """", ""ISW"" => """"))",0.0881214509,0.024490366899999998,0.0881214509,0.024490366899999998
bus2046,true,bus-2046,2046,"Area(0, 0.0, 0.0, 0.0, Dict{String, Any}(""I"" => """", ""ARNAME"" => """", ""PTOL"" => """", ""PDES"" => """", ""ISW"" => """"))",0.244779513,0.0771893665,0.244779513,0.0771893665
bus4369,true,bus-4369,4369,"Area(0, 0.0, 0.0, 0.0, Dict{String, Any}(""I"" => """", ""ARNAME"" => """", ""PTOL"" => """", ""PDES"" => """", ""ISW"" => """"))",0.0879757758,0.0265573719,0.0879757758,0.0265573719
bus2913,true,bus-2913,2913,"Area(0, 0.0, 0.0, 0.0, Dict{String, Any}(""I"" => """", ""ARNAME"" => """", ""PTOL"" => """", ""PDES"" => """", ""ISW"" => """"))",0.10153671299999999,0.021879087899999997,0.102632,0.021879087899999997
bus376,true,bus-376,376,"Area(0, 0.0, 0.0, 0.0, Dict{String, Any}(""I"" => """", ""ARNAME"" => """", ""PTOL"" => """", ""PDES"" => """", ""ISW"" => """"))",0.226597838,0.0685956581,0.226597838,0.0685956581
bus1818,true,bus-1818,1818,"Area(0, 0.0, 0.0, 0.0, Dict{String, Any}(""I"" => """", ""ARNAME"" => """", ""PTOL"" => """", ""PDES"" => """", ""ISW"" => """"))",0.0502389886,0.0143113729,0.0502389886,0.0143113729
bus3313,true,bus-3313,3313,"Area(0, 0.0, 0.0, 0.0, Dict{String, Any}(""I"" => """", ""ARNAME"" => """", ""PTOL"" => """", ""PDES"" => """", ""ISW"" => """"))",0.0384698216,0.0149197633,0.0384698216,0.0149197633
bus2239,true,bus-2239,2239,"Area(0, 0.0, 0.0, 0.0, Dict{String, Any}(""I"" => """", ""ARNAME"" => """", ""PTOL"" => """", ""PDES"" => """", ""ISW"" => """"))",0.0463266384,0.0149024964,0.0463266384,0.0149024964
bus480,true,bus-480,480,"Area(0, 0.0, 0.0, 0.0, Dict{String, Any}(""I"" => """", ""ARNAME"" => """", ""PTOL"" => """", ""PDES"" => """", ""ISW"" => """"))",0.009168791170000001,0.004048742189999999,0.009168791170000001,0.004048742189999999
bus2078,true,bus-2078,2078,"Area(0, 0.0, 0.0, 0.0, Dict{String, Any}(""I"" => """", ""ARNAME"" => """", ""PTOL"" => """", ""PDES"" => """", ""ISW"" => """"))",0.251340717,0.0686354723,0.251340717,0.0686354723
bus2294,true,bus-2294,2294,"Area(0, 0.0, 0.0, 0.0, Dict{String, Any}(""I"" => """", ""ARNAME"" => """", ""PTOL"" => """", ""PDES"" => """", ""ISW"" => """"))",0.0892350115,0.028133503100000002,0.0892350115,0.028133503100000002
bus817,true,bus-817,817,"Area(0, 0.0, 0.0, 0.0, Dict{String, Any}(""I"" => """", ""ARNAME"" => """", ""PTOL"" => """", ""PDES"" => """", ""ISW"" => """"))",0.165449664,0.06063998909999999,0.165449664,0.06063998909999999
bus594,true,bus-594,594,"Area(0, 0.0, 0.0, 0.0, Dict{String, Any}(""I"" => """", ""ARNAME"" => """", ""PTOL"" => """", ""PDES"" => """", ""ISW"" => """"))",0.0262635338,0.00771507011,0.0262635338,0.00771507011
bus2063,true,bus-2063,2063,"Area(0, 0.0, 0.0, 0.0, Dict{String, Any}(""I"" => """", ""ARNAME"" => """", ""PTOL"" => """", ""PDES"" => """", ""ISW"" => """"))",0.588654063,0.156191468,0.588654063,0.156191468
bus2340,true,bus-2340,2340,"Area(0, 0.0, 0.0, 0.0, Dict{String, Any}(""I"" => """", ""ARNAME"" => """", ""PTOL"" => """", ""PDES"" => """", ""ISW"" => """"))",0.035586939399999996,0.0130465908,0.035586939399999996,0.0130465908
bus1767,true,bus-1767,1767,"Area(0, 0.0, 0.0, 0.0, Dict{String, Any}(""I"" => """", ""ARNAME"" => """", ""PTOL"" => """", ""PDES"" => """", ""ISW"" => """"))",0.041584610499999994,0.015519287900000001,0.041584610499999994,0.015519287900000001
bus1158,true,bus-1158,1158,"Area(0, 0.0, 0.0, 0.0, Dict{String, Any}(""I"" => """", ""ARNAME"" => """", ""PTOL"" => """", ""PDES"" => """", ""ISW"" => """"))",0.15136186000000001,0.041443941100000006,0.15136186000000001,0.041443941100000006
bus813,true,bus-813,813,"Area(0, 0.0, 0.0, 0.0, Dict{String, Any}(""I"" => """", ""ARNAME"" => """", ""PTOL"" => """", ""PDES"" => """", ""ISW"" => """"))",0.0945529728,0.0309323918,0.0945529728,0.0309323918
bus586,true,bus-586,586,"Area(0, 0.0, 0.0, 0.0, Dict{String, Any}(""I"" => """", ""ARNAME"" => """", ""PTOL"" => """", ""PDES"" => """", ""ISW"" => """"))",0.0983368362,0.028443358600000003,0.0983368362,0.028443358600000003
bus851,true,bus-851,851,"Area(0, 0.0, 0.0, 0.0, Dict{String, Any}(""I"" => """", ""ARNAME"" => """", ""PTOL"" => """", ""PDES"" => """", ""ISW"" => """"))",0.0268177839,0.010452097700000001,0.0268177839,0.010452097700000001
bus1078,true,bus-1078,1078,"Area(0, 0.0, 0.0, 0.0, Dict{String, Any}(""I"" => """", ""ARNAME"" => """", ""PTOL"" => """", ""PDES"" => """", ""ISW"" => """"))",0.1371571,0.0449193759,0.1371571,0.0449193759
bus411,true,bus-411,411,"Area(0, 0.0, 0.0, 0.0, Dict{String, Any}(""I"" => """", ""ARNAME"" => """", ""PTOL"" => """", ""PDES"" => """", ""ISW"" => """"))",0.815579999,0.152579867,0.874165,0.152579867
bus128,true,bus-128,128,"Area(0, 0.0, 0.0, 0.0, Dict{String, Any}(""I"" => """", ""ARNAME"" => """", ""PTOL"" => """", ""PDES"" => """", ""ISW"" => """"))",0.0550750283,0.020663188899999997,0.0550750283,0.020663188899999997
bus1751,true,bus-1751,1751,"Area(0, 0.0, 0.0, 0.0, Dict{String, Any}(""I"" => """", ""ARNAME"" => """", ""PTOL"" => """", ""PDES"" => """", ""ISW"" => """"))",0.0165465485,0.0058321797399999995,0.0165465485,0.0058321797399999995
bus4641,true,bus-4641,4641,"Area(0, 0.0, 0.0, 0.0, Dict{String, Any}(""I"" => """", ""ARNAME"" => """", ""PTOL"" => """", ""PDES"" => """", ""ISW"" => """"))",0.0592162952,0.0199256792,0.0592162952,0.0199256792
bus953,true,bus-953,953,"Area(0, 0.0, 0.0, 0.0, Dict{String, Any}(""I"" => """", ""ARNAME"" => """", ""PTOL"" => """", ""PDES"" => """", ""ISW"" => """"))",0.0334815522,0.011993692,0.0334815522,0.011993692
bus879,true,bus-879,879,"Area(0, 0.0, 0.0, 0.0, Dict{String, Any}(""I"" => """", ""ARNAME"" => """", ""PTOL"" => """", ""PDES"" => """", ""ISW"" => """"))",0.026356634200000003,0.00911483552,0.026356634200000003,0.00911483552
bus7052,true,bus-7052,7052,"Area(0, 0.0, 0.0, 0.0, Dict{String, Any}(""I"" => """", ""ARNAME"" => """", ""PTOL"" => """", ""PDES"" => """", ""ISW"" => """"))",0.0219681775,0.00999312156,0.0219681775,0.00999312156
bus4420,true,bus-4420,4420,"Area(0, 0.0, 0.0, 0.0, Dict{String, Any}(""I"" => """", ""ARNAME"" => """", ""PTOL"" => """", ""PDES"" => """", ""ISW"" => """"))",0.030530081400000002,0.01140938,0.030530081400000002,0.01140938
bus2185,true,bus-2185,2185,"Area(0, 0.0, 0.0, 0.0, Dict{String, Any}(""I"" => """", ""ARNAME"" => """", ""PTOL"" => """", ""PDES"" => """", ""ISW"" => """"))",0.3750497,0.12289257299999999,0.3750497,0.12289257299999999
bus3319,true,bus-3319,3319,"Area(0, 0.0, 0.0, 0.0, Dict{String, Any}(""I"" => """", ""ARNAME"" => """", ""PTOL"" => """", ""PDES"" => """", ""ISW"" => """"))",0.0584412537,0.0140104617,0.0584412537,0.0140104617
bus283,true,bus-283,283,"Area(0, 0.0, 0.0, 0.0, Dict{String, Any}(""I"" => """", ""ARNAME"" => """", ""PTOL"" => """", ""PDES"" => """", ""ISW"" => """"))",0.0464272907,0.0171256377,0.0464272907,0.0171256377
bus2005,true,bus-2005,2005,"Area(0, 0.0, 0.0, 0.0, Dict{String, Any}(""I"" => """", ""ARNAME"" => """", ""PTOL"" => """", ""PDES"" => """", ""ISW"" => """"))",0.19878511899999998,0.0710567688,0.19878511899999998,0.0710567688
bus2164,true,bus-2164,2164,"Area(0, 0.0, 0.0, 0.0, Dict{String, Any}(""I"" => """", ""ARNAME"" => """", ""PTOL"" => """", ""PDES"" => """", ""ISW"" => """"))",0.12018965100000001,0.041481749299999995,0.12018965100000001,0.041481749299999995
bus2682,true,bus-2682,2682,"Area(0, 0.0, 0.0, 0.0, Dict{String, Any}(""I"" => """", ""ARNAME"" => """", ""PTOL"" => """", ""PDES"" => """", ""ISW"" => """"))",0.0292130768,0.00932430315,0.0292130768,0.00932430315
bus1650,true,bus-1650,1650,"Area(0, 0.0, 0.0, 0.0, Dict{String, Any}(""I"" => """", ""ARNAME"" => """", ""PTOL"" => """", ""PDES"" => """", ""ISW"" => """"))",0.842561904,0.234238547,0.842561904,0.234238547
bus446,true,bus-446,446,"Area(0, 0.0, 0.0, 0.0, Dict{String, Any}(""I"" => """", ""ARNAME"" => """", ""PTOL"" => """", ""PDES"" => """", ""ISW"" => """"))",0.7053166249999999,0.190411882,0.7053166249999999,0.190411882
bus2303,true,bus-2303,2303,"Area(0, 0.0, 0.0, 0.0, Dict{String, Any}(""I"" => """", ""ARNAME"" => """", ""PTOL"" => """", ""PDES"" => """", ""ISW"" => """"))",0.0386536933,0.0119303286,0.0386536933,0.0119303286
bus25,true,bus-25,25,"Area(0, 0.0, 0.0, 0.0, Dict{String, Any}(""I"" => """", ""ARNAME"" => """", ""PTOL"" => """", ""PDES"" => """", ""ISW"" => """"))",0.0442639756,0.0161663677,0.0442639756,0.0161663677
bus215,true,bus-215,215,"Area(0, 0.0, 0.0, 0.0, Dict{String, Any}(""I"" => """", ""ARNAME"" => """", ""PTOL"" => """", ""PDES"" => """", ""ISW"" => """"))",0.17887307,0.0494574636,0.17887307,0.0494574636
bus1441,true,bus-1441,1441,"Area(0, 0.0, 0.0, 0.0, Dict{String, Any}(""I"" => """", ""ARNAME"" => """", ""PTOL"" => """", ""PDES"" => """", ""ISW"" => """"))",0.0687119824,0.0258090466,0.0687119824,0.0258090466
bus946,true,bus-946,946,"Area(0, 0.0, 0.0, 0.0, Dict{String, Any}(""I"" => """", ""ARNAME"" => """", ""PTOL"" => """", ""PDES"" => """", ""ISW"" => """"))",0.031963875499999995,0.011621267900000001,0.031963875499999995,0.011621267900000001
bus2281,true,bus-2281,2281,"Area(0, 0.0, 0.0, 0.0, Dict{String, Any}(""I"" => """", ""ARNAME"" => """", ""PTOL"" => """", ""PDES"" => """", ""ISW"" => """"))",0.0275122116,0.0111732916,0.0275122116,0.0111732916
bus6720,true,bus-6720,6720,"Area(0, 0.0, 0.0, 0.0, Dict{String, Any}(""I"" => """", ""ARNAME"" => """", ""PTOL"" => """", ""PDES"" => """", ""ISW"" => """"))",0.0260295212,0.011522589100000001,0.0260295212,0.011522589100000001
bus6578,true,bus-6578,6578,"Area(0, 0.0, 0.0, 0.0, Dict{String, Any}(""I"" => """", ""ARNAME"" => """", ""PTOL"" => """", ""PDES"" => """", ""ISW"" => """"))",1.9687210400000001,0.6723282349999999,1.9687210400000001,0.6723282349999999
bus2282,true,bus-2282,2282,"Area(0, 0.0, 0.0, 0.0, Dict{String, Any}(""I"" => """", ""ARNAME"" => """", ""PTOL"" => """", ""PDES"" => """", ""ISW"" => """"))",0.14866733399999998,0.0339570661,0.16037800000000002,0.0339570661
bus1949,true,bus-1949,1949,"Area(0, 0.0, 0.0, 0.0, Dict{String, Any}(""I"" => """", ""ARNAME"" => """", ""PTOL"" => """", ""PDES"" => """", ""ISW"" => """"))",0.12082796800000001,0.0404472908,0.12082796800000001,0.0404472908
bus2047,true,bus-2047,2047,"Area(0, 0.0, 0.0, 0.0, Dict{String, Any}(""I"" => """", ""ARNAME"" => """", ""PTOL"" => """", ""PDES"" => """", ""ISW"" => """"))",0.44983671000000003,0.129382056,0.44983671000000003,0.129382056
bus2262,true,bus-2262,2262,"Area(0, 0.0, 0.0, 0.0, Dict{String, Any}(""I"" => """", ""ARNAME"" => """", ""PTOL"" => """", ""PDES"" => """", ""ISW"" => """"))",1.15071406e-5,5.06038284e-6,1.15071406e-5,5.06038284e-6
bus1816,true,bus-1816,1816,"Area(0, 0.0, 0.0, 0.0, Dict{String, Any}(""I"" => """", ""ARNAME"" => """", ""PTOL"" => """", ""PDES"" => """", ""ISW"" => """"))",0.051145979099999996,0.0204657556,0.051145979099999996,0.0204657556
bus1052,true,bus-1052,1052,"Area(0, 0.0, 0.0, 0.0, Dict{String, Any}(""I"" => """", ""ARNAME"" => """", ""PTOL"" => """", ""PDES"" => """", ""ISW"" => """"))",0.030213869600000002,0.011152295000000001,0.030213869600000002,0.011152295000000001
bus1517,true,bus-1517,1517,"Area(0, 0.0, 0.0, 0.0, Dict{String, Any}(""I"" => """", ""ARNAME"" => """", ""PTOL"" => """", ""PDES"" => """", ""ISW"" => """"))",0.7423797360000001,0.238154744,0.7423797360000001,0.238154744
bus6519,true,bus-6519,6519,"Area(0, 0.0, 0.0, 0.0, Dict{String, Any}(""I"" => """", ""ARNAME"" => """", ""PTOL"" => """", ""PDES"" => """", ""ISW"" => """"))",0.337845438,0.0746610761,0.337845438,0.0746610761
bus534,true,bus-534,534,"Area(0, 0.0, 0.0, 0.0, Dict{String, Any}(""I"" => """", ""ARNAME"" => """", ""PTOL"" => """", ""PDES"" => """", ""ISW"" => """"))",0.237710315,0.0796405605,0.237710315,0.0796405605
bus1880,true,bus-1880,1880,"Area(0, 0.0, 0.0, 0.0, Dict{String, Any}(""I"" => """", ""ARNAME"" => """", ""PTOL"" => """", ""PDES"" => """", ""ISW"" => """"))",0.0241219204,0.0088941944,0.0241219204,0.0088941944
bus4899,true,bus-4899,4899,"Area(0, 0.0, 0.0, 0.0, Dict{String, Any}(""I"" => """", ""ARNAME"" => """", ""PTOL"" => """", ""PDES"" => """", ""ISW"" => """"))",0.0973346381,0.0315540806,0.0973346381,0.0315540806
bus88,true,bus-88,88,"Area(0, 0.0, 0.0, 0.0, Dict{String, Any}(""I"" => """", ""ARNAME"" => """", ""PTOL"" => """", ""PDES"" => """", ""ISW"" => """"))",0.21290718600000003,0.059638177900000006,0.21290718600000003,0.059638177900000006
bus3240,true,bus-3240,3240,"Area(0, 0.0, 0.0, 0.0, Dict{String, Any}(""I"" => """", ""ARNAME"" => """", ""PTOL"" => """", ""PDES"" => """", ""ISW"" => """"))",0.045058259100000005,0.0132645056,0.045058259100000005,0.0132645056
bus537,true,bus-537,537,"Area(0, 0.0, 0.0, 0.0, Dict{String, Any}(""I"" => """", ""ARNAME"" => """", ""PTOL"" => """", ""PDES"" => """", ""ISW"" => """"))",0.0754182179,0.0234107641,0.0754182179,0.0234107641
bus1669,true,bus-1669,1669,"Area(0, 0.0, 0.0, 0.0, Dict{String, Any}(""I"" => """", ""ARNAME"" => """", ""PTOL"" => """", ""PDES"" => """", ""ISW"" => """"))",0.0206224334,0.00801477586,0.0206224334,0.00801477586
bus6630,true,bus-6630,6630,"Area(0, 0.0, 0.0, 0.0, Dict{String, Any}(""I"" => """", ""ARNAME"" => """", ""PTOL"" => """", ""PDES"" => """", ""ISW"" => """"))",0.23874935399999997,0.08256863149999999,0.23874935399999997,0.08256863149999999
bus6521,true,bus-6521,6521,"Area(0, 0.0, 0.0, 0.0, Dict{String, Any}(""I"" => """", ""ARNAME"" => """", ""PTOL"" => """", ""PDES"" => """", ""ISW"" => """"))",0.11185655300000001,0.0395229681,0.11185655300000001,0.0395229681
bus491,true,bus-491,491,"Area(0, 0.0, 0.0, 0.0, Dict{String, Any}(""I"" => """", ""ARNAME"" => """", ""PTOL"" => """", ""PDES"" => """", ""ISW"" => """"))",0.0217356741,0.00631575063,0.0217356741,0.00631575063
bus3721,true,bus-3721,3721,"Area(0, 0.0, 0.0, 0.0, Dict{String, Any}(""I"" => """", ""ARNAME"" => """", ""PTOL"" => """", ""PDES"" => """", ""ISW"" => """"))",0.7137467599999999,0.238795043,0.7137467599999999,0.238795043
bus197,true,bus-197,197,"Area(0, 0.0, 0.0, 0.0, Dict{String, Any}(""I"" => """", ""ARNAME"" => """", ""PTOL"" => """", ""PDES"" => """", ""ISW"" => """"))",0.0544687009,0.020646421300000002,0.0544687009,0.020646421300000002
bus90,true,bus-90,90,"Area(0, 0.0, 0.0, 0.0, Dict{String, Any}(""I"" => """", ""ARNAME"" => """", ""PTOL"" => """", ""PDES"" => """", ""ISW"" => """"))",0.042381863900000004,0.0141811241,0.042381863900000004,0.0141811241
bus1788,true,bus-1788,1788,"Area(0, 0.0, 0.0, 0.0, Dict{String, Any}(""I"" => """", ""ARNAME"" => """", ""PTOL"" => """", ""PDES"" => """", ""ISW"" => """"))",0.361167779,0.108061314,0.361167779,0.108061314
bus1615,true,bus-1615,1615,"Area(0, 0.0, 0.0, 0.0, Dict{String, Any}(""I"" => """", ""ARNAME"" => """", ""PTOL"" => """", ""PDES"" => """", ""ISW"" => """"))",0.069716297,0.0214108907,0.069716297,0.0214108907
bus3447,true,bus-3447,3447,"Area(0, 0.0, 0.0, 0.0, Dict{String, Any}(""I"" => """", ""ARNAME"" => """", ""PTOL"" => """", ""PDES"" => """", ""ISW"" => """"))",0.0166571917,0.00531570801,0.0166571917,0.00531570801
bus776,true,bus-776,776,"Area(0, 0.0, 0.0, 0.0, Dict{String, Any}(""I"" => """", ""ARNAME"" => """", ""PTOL"" => """", ""PDES"" => """", ""ISW"" => """"))",0.0340382285,0.0120088591,0.0340382285,0.0120088591
bus1317,true,bus-1317,1317,"Area(0, 0.0, 0.0, 0.0, Dict{String, Any}(""I"" => """", ""ARNAME"" => """", ""PTOL"" => """", ""PDES"" => """", ""ISW"" => """"))",0.0697567049,0.0221796152,0.0697567049,0.0221796152
bus2311,true,bus-2311,2311,"Area(0, 0.0, 0.0, 0.0, Dict{String, Any}(""I"" => """", ""ARNAME"" => """", ""PTOL"" => """", ""PDES"" => """", ""ISW"" => """"))",0.034457026599999996,0.0108528423,0.034457026599999996,0.0108528423
bus1476,true,bus-1476,1476,"Area(0, 0.0, 0.0, 0.0, Dict{String, Any}(""I"" => """", ""ARNAME"" => """", ""PTOL"" => """", ""PDES"" => """", ""ISW"" => """"))",0.0964668004,0.035640076,0.0964668004,0.035640076
bus836,true,bus-836,836,"Area(0, 0.0, 0.0, 0.0, Dict{String, Any}(""I"" => """", ""ARNAME"" => """", ""PTOL"" => """", ""PDES"" => """", ""ISW"" => """"))",0.022611386,0.00845440914,0.022611386,0.00845440914
bus2112,true,bus-2112,2112,"Area(0, 0.0, 0.0, 0.0, Dict{String, Any}(""I"" => """", ""ARNAME"" => """", ""PTOL"" => """", ""PDES"" => """", ""ISW"" => """"))",0.048326621,0.0179633041,0.048326621,0.0179633041
bus2229,true,bus-2229,2229,"Area(0, 0.0, 0.0, 0.0, Dict{String, Any}(""I"" => """", ""ARNAME"" => """", ""PTOL"" => """", ""PDES"" => """", ""ISW"" => """"))",0.152418375,0.057267875200000005,0.152418375,0.057267875200000005
bus467,true,bus-467,467,"Area(0, 0.0, 0.0, 0.0, Dict{String, Any}(""I"" => """", ""ARNAME"" => """", ""PTOL"" => """", ""PDES"" => """", ""ISW"" => """"))",0.054778507100000005,0.0184369814,0.054778507100000005,0.0184369814
bus2388,true,bus-2388,2388,"Area(0, 0.0, 0.0, 0.0, Dict{String, Any}(""I"" => """", ""ARNAME"" => """", ""PTOL"" => """", ""PDES"" => """", ""ISW"" => """"))",0.0364476654,0.0145243542,0.0364476654,0.0145243542
bus1991,true,bus-1991,1991,"Area(0, 0.0, 0.0, 0.0, Dict{String, Any}(""I"" => """", ""ARNAME"" => """", ""PTOL"" => """", ""PDES"" => """", ""ISW"" => """"))",0.0613230292,0.018534883499999998,0.0613230292,0.018534883499999998
bus4072,true,bus-4072,4072,"Area(0, 0.0, 0.0, 0.0, Dict{String, Any}(""I"" => """", ""ARNAME"" => """", ""PTOL"" => """", ""PDES"" => """", ""ISW"" => """"))",0.035118994,0.00957380983,0.035118994,0.00957380983
bus1083,true,bus-1083,1083,"Area(0, 0.0, 0.0, 0.0, Dict{String, Any}(""I"" => """", ""ARNAME"" => """", ""PTOL"" => """", ""PDES"" => """", ""ISW"" => """"))",0.512667258,0.17254053800000002,0.512667258,0.17254053800000002
bus1237,true,bus-1237,1237,"Area(0, 0.0, 0.0, 0.0, Dict{String, Any}(""I"" => """", ""ARNAME"" => """", ""PTOL"" => """", ""PDES"" => """", ""ISW"" => """"))",0.487801502,0.100565982,0.508243,0.100565982
bus4617,true,bus-4617,4617,"Area(0, 0.0, 0.0, 0.0, Dict{String, Any}(""I"" => """", ""ARNAME"" => """", ""PTOL"" => """", ""PDES"" => """", ""ISW"" => """"))",0.437264614,0.145415715,0.437264614,0.145415715
bus2386,true,bus-2386,2386,"Area(0, 0.0, 0.0, 0.0, Dict{String, Any}(""I"" => """", ""ARNAME"" => """", ""PTOL"" => """", ""PDES"" => """", ""ISW"" => """"))",0.0202264819,0.00707518112,0.0202264819,0.00707518112
bus3019,true,bus-3019,3019,"Area(0, 0.0, 0.0, 0.0, Dict{String, Any}(""I"" => """", ""ARNAME"" => """", ""PTOL"" => """", ""PDES"" => """", ""ISW"" => """"))",0.040228566,0.0102229814,0.040228566,0.0102229814
bus1770,true,bus-1770,1770,"Area(0, 0.0, 0.0, 0.0, Dict{String, Any}(""I"" => """", ""ARNAME"" => """", ""PTOL"" => """", ""PDES"" => """", ""ISW"" => """"))",0.050893637299999996,0.0187795099,0.050893637299999996,0.0187795099
bus8301,true,bus-8301,8301,"Area(0, 0.0, 0.0, 0.0, Dict{String, Any}(""I"" => """", ""ARNAME"" => """", ""PTOL"" => """", ""PDES"" => """", ""ISW"" => """"))",0.0453956207,0.015851197299999998,0.0453956207,0.015851197299999998
bus5209,true,bus-5209,5209,"Area(0, 0.0, 0.0, 0.0, Dict{String, Any}(""I"" => """", ""ARNAME"" => """", ""PTOL"" => """", ""PDES"" => """", ""ISW"" => """"))",0.0374751263,0.0136224794,0.0374751263,0.0136224794
bus1262,true,bus-1262,1262,"Area(0, 0.0, 0.0, 0.0, Dict{String, Any}(""I"" => """", ""ARNAME"" => """", ""PTOL"" => """", ""PDES"" => """", ""ISW"" => """"))",1.5197647,0.269830782,1.6183770000000002,0.269830782
bus2001,true,bus-2001,2001,"Area(0, 0.0, 0.0, 0.0, Dict{String, Any}(""I"" => """", ""ARNAME"" => """", ""PTOL"" => """", ""PDES"" => """", ""ISW"" => """"))",0.46019254699999995,0.1492378,0.46019254699999995,0.1492378
bus26,true,bus-26,26,"Area(0, 0.0, 0.0, 0.0, Dict{String, Any}(""I"" => """", ""ARNAME"" => """", ""PTOL"" => """", ""PDES"" => """", ""ISW"" => """"))",0.0537260916,0.0155738785,0.0537260916,0.0155738785
bus972,true,bus-972,972,"Area(0, 0.0, 0.0, 0.0, Dict{String, Any}(""I"" => """", ""ARNAME"" => """", ""PTOL"" => """", ""PDES"" => """", ""ISW"" => """"))",0.033843755999999996,0.011047761199999999,0.033843755999999996,0.011047761199999999
bus921,true,bus-921,921,"Area(0, 0.0, 0.0, 0.0, Dict{String, Any}(""I"" => """", ""ARNAME"" => """", ""PTOL"" => """", ""PDES"" => """", ""ISW"" => """"))",0.046900267600000003,0.0167281492,0.046900267600000003,0.0167281492
bus2296,true,bus-2296,2296,"Area(0, 0.0, 0.0, 0.0, Dict{String, Any}(""I"" => """", ""ARNAME"" => """", ""PTOL"" => """", ""PDES"" => """", ""ISW"" => """"))",0.055634553999999996,0.0161836518,0.055634553999999996,0.0161836518
bus874,true,bus-874,874,"Area(0, 0.0, 0.0, 0.0, Dict{String, Any}(""I"" => """", ""ARNAME"" => """", ""PTOL"" => """", ""PDES"" => """", ""ISW"" => """"))",0.0252103751,0.0111412825,0.0252103751,0.0111412825
bus2346,true,bus-2346,2346,"Area(0, 0.0, 0.0, 0.0, Dict{String, Any}(""I"" => """", ""ARNAME"" => """", ""PTOL"" => """", ""PDES"" => """", ""ISW"" => """"))",0.0415980056,0.0177258453,0.0415980056,0.0177258453
bus4103,true,bus-4103,4103,"Area(0, 0.0, 0.0, 0.0, Dict{String, Any}(""I"" => """", ""ARNAME"" => """", ""PTOL"" => """", ""PDES"" => """", ""ISW"" => """"))",0.202002342,0.047970702899999995,0.202002342,0.047970702899999995
bus123,true,bus-123,123,"Area(0, 0.0, 0.0, 0.0, Dict{String, Any}(""I"" => """", ""ARNAME"" => """", ""PTOL"" => """", ""PDES"" => """", ""ISW"" => """"))",0.052771966,0.018743563,0.052771966,0.018743563
bus528,true,bus-528,528,"Area(0, 0.0, 0.0, 0.0, Dict{String, Any}(""I"" => """", ""ARNAME"" => """", ""PTOL"" => """", ""PDES"" => """", ""ISW"" => """"))",0.0489465995,0.0184869512,0.0489465995,0.0184869512
bus4716,true,bus-4716,4716,"Area(0, 0.0, 0.0, 0.0, Dict{String, Any}(""I"" => """", ""ARNAME"" => """", ""PTOL"" => """", ""PDES"" => """", ""ISW"" => """"))",0.0656431289,0.025753838799999998,0.0656431289,0.025753838799999998
bus888,true,bus-888,888,"Area(0, 0.0, 0.0, 0.0, Dict{String, Any}(""I"" => """", ""ARNAME"" => """", ""PTOL"" => """", ""PDES"" => """", ""ISW"" => """"))",0.0332290423,0.0128016699,0.0332290423,0.0128016699
bus1875,true,bus-1875,1875,"Area(0, 0.0, 0.0, 0.0, Dict{String, Any}(""I"" => """", ""ARNAME"" => """", ""PTOL"" => """", ""PDES"" => """", ""ISW"" => """"))",0.0532575461,0.0192568295,0.0532575461,0.0192568295
bus7406,true,bus-7406,7406,"Area(0, 0.0, 0.0, 0.0, Dict{String, Any}(""I"" => """", ""ARNAME"" => """", ""PTOL"" => """", ""PDES"" => """", ""ISW"" => """"))",0.0292333474,0.012433521400000001,0.0292333474,0.012433521400000001
bus7085,true,bus-7085,7085,"Area(0, 0.0, 0.0, 0.0, Dict{String, Any}(""I"" => """", ""ARNAME"" => """", ""PTOL"" => """", ""PDES"" => """", ""ISW"" => """"))",0.0473096333,0.0159513792,0.0473096333,0.0159513792
bus1166,true,bus-1166,1166,"Area(0, 0.0, 0.0, 0.0, Dict{String, Any}(""I"" => """", ""ARNAME"" => """", ""PTOL"" => """", ""PDES"" => """", ""ISW"" => """"))",0.213148848,0.054447151,0.213148848,0.054447151
bus7029,true,bus-7029,7029,"Area(0, 0.0, 0.0, 0.0, Dict{String, Any}(""I"" => """", ""ARNAME"" => """", ""PTOL"" => """", ""PDES"" => """", ""ISW"" => """"))",0.317512595,0.112810887,0.317512595,0.112810887
bus697,true,bus-697,697,"Area(0, 0.0, 0.0, 0.0, Dict{String, Any}(""I"" => """", ""ARNAME"" => """", ""PTOL"" => """", ""PDES"" => """", ""ISW"" => """"))",0.435249193,0.0927769889,0.435249193,0.0927769889
bus4328,true,bus-4328,4328,"Area(0, 0.0, 0.0, 0.0, Dict{String, Any}(""I"" => """", ""ARNAME"" => """", ""PTOL"" => """", ""PDES"" => """", ""ISW"" => """"))",0.0196558446,0.00667463162,0.0196558446,0.00667463162
bus677,true,bus-677,677,"Area(0, 0.0, 0.0, 0.0, Dict{String, Any}(""I"" => """", ""ARNAME"" => """", ""PTOL"" => """", ""PDES"" => """", ""ISW"" => """"))",0.268158928,0.0920460057,0.268158928,0.0920460057
bus1058,true,bus-1058,1058,"Area(0, 0.0, 0.0, 0.0, Dict{String, Any}(""I"" => """", ""ARNAME"" => """", ""PTOL"" => """", ""PDES"" => """", ""ISW"" => """"))",0.389646908,0.122750543,0.389646908,0.122750543
bus2154,true,bus-2154,2154,"Area(0, 0.0, 0.0, 0.0, Dict{String, Any}(""I"" => """", ""ARNAME"" => """", ""PTOL"" => """", ""PDES"" => """", ""ISW"" => """"))",0.569323393,0.13493909199999998,0.600272,0.13493909199999998
bus1240,true,bus-1240,1240,"Area(0, 0.0, 0.0, 0.0, Dict{String, Any}(""I"" => """", ""ARNAME"" => """", ""PTOL"" => """", ""PDES"" => """", ""ISW"" => """"))",0.192948956,0.0621802917,0.192948956,0.0621802917
bus2240,true,bus-2240,2240,"Area(0, 0.0, 0.0, 0.0, Dict{String, Any}(""I"" => """", ""ARNAME"" => """", ""PTOL"" => """", ""PDES"" => """", ""ISW"" => """"))",0.34210000399999996,0.111357335,0.34210000399999996,0.111357335
bus81,true,bus-81,81,"Area(0, 0.0, 0.0, 0.0, Dict{String, Any}(""I"" => """", ""ARNAME"" => """", ""PTOL"" => """", ""PDES"" => """", ""ISW"" => """"))",0.0396635966,0.0160188639,0.0396635966,0.0160188639
bus1259,true,bus-1259,1259,"Area(0, 0.0, 0.0, 0.0, Dict{String, Any}(""I"" => """", ""ARNAME"" => """", ""PTOL"" => """", ""PDES"" => """", ""ISW"" => """"))",0.428637786,0.13708726699999998,0.428637786,0.13708726699999998
bus4401,true,bus-4401,4401,"Area(0, 0.0, 0.0, 0.0, Dict{String, Any}(""I"" => """", ""ARNAME"" => """", ""PTOL"" => """", ""PDES"" => """", ""ISW"" => """"))",0.0230574059,0.00764774044,0.0230574059,0.00764774044
bus1430,true,bus-1430,1430,"Area(0, 0.0, 0.0, 0.0, Dict{String, Any}(""I"" => """", ""ARNAME"" => """", ""PTOL"" => """", ""PDES"" => """", ""ISW"" => """"))",0.17975575800000002,0.0567659268,0.17975575800000002,0.0567659268
bus3454,true,bus-3454,3454,"Area(0, 0.0, 0.0, 0.0, Dict{String, Any}(""I"" => """", ""ARNAME"" => """", ""PTOL"" => """", ""PDES"" => """", ""ISW"" => """"))",0.118170413,0.023327916,0.118170413,0.023327916
bus2501,true,bus-2501,2501,"Area(0, 0.0, 0.0, 0.0, Dict{String, Any}(""I"" => """", ""ARNAME"" => """", ""PTOL"" => """", ""PDES"" => """", ""ISW"" => """"))",0.0520917183,0.0158499063,0.0520917183,0.0158499063
bus2082,true,bus-2082,2082,"Area(0, 0.0, 0.0, 0.0, Dict{String, Any}(""I"" => """", ""ARNAME"" => """", ""PTOL"" => """", ""PDES"" => """", ""ISW"" => """"))",0.187385667,0.050658983600000006,0.187385667,0.050658983600000006
bus3083,true,bus-3083,3083,"Area(0, 0.0, 0.0, 0.0, Dict{String, Any}(""I"" => """", ""ARNAME"" => """", ""PTOL"" => """", ""PDES"" => """", ""ISW"" => """"))",0.0790430724,0.0205720088,0.0790430724,0.0205720088
bus2181,true,bus-2181,2181,"Area(0, 0.0, 0.0, 0.0, Dict{String, Any}(""I"" => """", ""ARNAME"" => """", ""PTOL"" => """", ""PDES"" => """", ""ISW"" => """"))",0.20208075699999997,0.06708782590000001,0.20208075699999997,0.06708782590000001
bus2988,true,bus-2988,2988,"Area(0, 0.0, 0.0, 0.0, Dict{String, Any}(""I"" => """", ""ARNAME"" => """", ""PTOL"" => """", ""PDES"" => """", ""ISW"" => """"))",0.0979631659,0.027216294099999996,0.0979631659,0.027216294099999996
bus2343,true,bus-2343,2343,"Area(0, 0.0, 0.0, 0.0, Dict{String, Any}(""I"" => """", ""ARNAME"" => """", ""PTOL"" => """", ""PDES"" => """", ""ISW"" => """"))",0.06859613569999999,0.026097489600000003,0.06859613569999999,0.026097489600000003
bus1126,true,bus-1126,1126,"Area(0, 0.0, 0.0, 0.0, Dict{String, Any}(""I"" => """", ""ARNAME"" => """", ""PTOL"" => """", ""PDES"" => """", ""ISW"" => """"))",0.055917868200000005,0.0207716502,0.055917868200000005,0.0207716502
bus902,true,bus-902,902,"Area(0, 0.0, 0.0, 0.0, Dict{String, Any}(""I"" => """", ""ARNAME"" => """", ""PTOL"" => """", ""PDES"" => """", ""ISW"" => """"))",0.12450533800000001,0.048680257100000006,0.12450533800000001,0.048680257100000006
bus2484,true,bus-2484,2484,"Area(0, 0.0, 0.0, 0.0, Dict{String, Any}(""I"" => """", ""ARNAME"" => """", ""PTOL"" => """", ""PDES"" => """", ""ISW"" => """"))",0.044582289399999996,0.0146752105,0.044582289399999996,0.0146752105
bus638,true,bus-638,638,"Area(0, 0.0, 0.0, 0.0, Dict{String, Any}(""I"" => """", ""ARNAME"" => """", ""PTOL"" => """", ""PDES"" => """", ""ISW"" => """"))",0.164991646,0.0471951227,0.164991646,0.0471951227
bus777,true,bus-777,777,"Area(0, 0.0, 0.0, 0.0, Dict{String, Any}(""I"" => """", ""ARNAME"" => """", ""PTOL"" => """", ""PDES"" => """", ""ISW"" => """"))",0.011076392,0.00397214953,0.011076392,0.00397214953
bus2137,true,bus-2137,2137,"Area(0, 0.0, 0.0, 0.0, Dict{String, Any}(""I"" => """", ""ARNAME"" => """", ""PTOL"" => """", ""PDES"" => """", ""ISW"" => """"))",0.18960935599999998,0.0539811191,0.18960935599999998,0.0539811191
bus1475,true,bus-1475,1475,"Area(0, 0.0, 0.0, 0.0, Dict{String, Any}(""I"" => """", ""ARNAME"" => """", ""PTOL"" => """", ""PDES"" => """", ""ISW"" => """"))",0.156994355,0.05391037,0.156994355,0.05391037
bus688,true,bus-688,688,"Area(0, 0.0, 0.0, 0.0, Dict{String, Any}(""I"" => """", ""ARNAME"" => """", ""PTOL"" => """", ""PDES"" => """", ""ISW"" => """"))",0.314214034,0.09966197239999999,0.314214034,0.09966197239999999
bus405,true,bus-405,405,"Area(0, 0.0, 0.0, 0.0, Dict{String, Any}(""I"" => """", ""ARNAME"" => """", ""PTOL"" => """", ""PDES"" => """", ""ISW"" => """"))",0.055461687499999995,0.019428551999999998,0.055461687499999995,0.019428551999999998
bus4580,true,bus-4580,4580,"Area(0, 0.0, 0.0, 0.0, Dict{String, Any}(""I"" => """", ""ARNAME"" => """", ""PTOL"" => """", ""PDES"" => """", ""ISW"" => """"))",0.0610938044,0.0180124228,0.0610938044,0.0180124228
bus878,true,bus-878,878,"Area(0, 0.0, 0.0, 0.0, Dict{String, Any}(""I"" => """", ""ARNAME"" => """", ""PTOL"" => """", ""PDES"" => """", ""ISW"" => """"))",0.138905588,0.029054117700000003,0.138905588,0.029054117700000003
bus298,true,bus-298,298,"Area(0, 0.0, 0.0, 0.0, Dict{String, Any}(""I"" => """", ""ARNAME"" => """", ""PTOL"" => """", ""PDES"" => """", ""ISW"" => """"))",0.0826732204,0.0275411521,0.0826732204,0.0275411521
bus2896,true,bus-2896,2896,"Area(0, 0.0, 0.0, 0.0, Dict{String, Any}(""I"" => """", ""ARNAME"" => """", ""PTOL"" => """", ""PDES"" => """", ""ISW"" => """"))",0.0531994648,0.0156720539,0.0531994648,0.0156720539
bus2037,true,bus-2037,2037,"Area(0, 0.0, 0.0, 0.0, Dict{String, Any}(""I"" => """", ""ARNAME"" => """", ""PTOL"" => """", ""PDES"" => """", ""ISW"" => """"))",0.018935690999999998,0.00772269242,0.018935690999999998,0.00772269242
bus1550,true,bus-1550,1550,"Area(0, 0.0, 0.0, 0.0, Dict{String, Any}(""I"" => """", ""ARNAME"" => """", ""PTOL"" => """", ""PDES"" => """", ""ISW"" => """"))",0.078602773,0.029296217000000003,0.078602773,0.029296217000000003
bus356,true,bus-356,356,"Area(0, 0.0, 0.0, 0.0, Dict{String, Any}(""I"" => """", ""ARNAME"" => """", ""PTOL"" => """", ""PDES"" => """", ""ISW"" => """"))",0.555924986,0.18802246700000003,0.555924986,0.18802246700000003
bus4968,true,bus-4968,4968,"Area(0, 0.0, 0.0, 0.0, Dict{String, Any}(""I"" => """", ""ARNAME"" => """", ""PTOL"" => """", ""PDES"" => """", ""ISW"" => """"))",0.0372590373,0.0137011904,0.0372590373,0.0137011904
bus661,true,bus-661,661,"Area(0, 0.0, 0.0, 0.0, Dict{String, Any}(""I"" => """", ""ARNAME"" => """", ""PTOL"" => """", ""PDES"" => """", ""ISW"" => """"))",0.0368775759,0.0114716126,0.0368775759,0.0114716126
bus4598,true,bus-4598,4598,"Area(0, 0.0, 0.0, 0.0, Dict{String, Any}(""I"" => """", ""ARNAME"" => """", ""PTOL"" => """", ""PDES"" => """", ""ISW"" => """"))",0.0691986482,0.019175576,0.0691986482,0.019175576
bus977,true,bus-977,977,"Area(0, 0.0, 0.0, 0.0, Dict{String, Any}(""I"" => """", ""ARNAME"" => """", ""PTOL"" => """", ""PDES"" => """", ""ISW"" => """"))",0.0503132267,0.0187824761,0.0503132267,0.0187824761
bus535,true,bus-535,535,"Area(0, 0.0, 0.0, 0.0, Dict{String, Any}(""I"" => """", ""ARNAME"" => """", ""PTOL"" => """", ""PDES"" => """", ""ISW"" => """"))",0.21074595899999998,0.0739293013,0.21074595899999998,0.0739293013
bus108,true,bus-108,108,"Area(0, 0.0, 0.0, 0.0, Dict{String, Any}(""I"" => """", ""ARNAME"" => """", ""PTOL"" => """", ""PDES"" => """", ""ISW"" => """"))",0.331997529,0.1035987,0.331997529,0.1035987
bus3389,true,bus-3389,3389,"Area(0, 0.0, 0.0, 0.0, Dict{String, Any}(""I"" => """", ""ARNAME"" => """", ""PTOL"" => """", ""PDES"" => """", ""ISW"" => """"))",0.155543759,0.0496496327,0.155543759,0.0496496327
bus1673,true,bus-1673,1673,"Area(0, 0.0, 0.0, 0.0, Dict{String, Any}(""I"" => """", ""ARNAME"" => """", ""PTOL"" => """", ""PDES"" => """", ""ISW"" => """"))",0.024008093,0.00921771649,0.024008093,0.00921771649
bus6741,true,bus-6741,6741,"Area(0, 0.0, 0.0, 0.0, Dict{String, Any}(""I"" => """", ""ARNAME"" => """", ""PTOL"" => """", ""PDES"" => """", ""ISW"" => """"))",0.158990741,0.0559407299,0.158990741,0.0559407299
bus489,true,bus-489,489,"Area(0, 0.0, 0.0, 0.0, Dict{String, Any}(""I"" => """", ""ARNAME"" => """", ""PTOL"" => """", ""PDES"" => """", ""ISW"" => """"))",0.244029969,0.0825102367,0.244029969,0.0825102367
bus314,true,bus-314,314,"Area(0, 0.0, 0.0, 0.0, Dict{String, Any}(""I"" => """", ""ARNAME"" => """", ""PTOL"" => """", ""PDES"" => """", ""ISW"" => """"))",0.0616947905,0.0158348578,0.0616947905,0.0158348578
bus2025,true,bus-2025,2025,"Area(0, 0.0, 0.0, 0.0, Dict{String, Any}(""I"" => """", ""ARNAME"" => """", ""PTOL"" => """", ""PDES"" => """", ""ISW"" => """"))",0.224826886,0.0755825365,0.224826886,0.0755825365
bus7424,true,bus-7424,7424,"Area(0, 0.0, 0.0, 0.0, Dict{String, Any}(""I"" => """", ""ARNAME"" => """", ""PTOL"" => """", ""PDES"" => """", ""ISW"" => """"))",0.063002252,0.023883289900000004,0.063002252,0.023883289900000004
bus1017,true,bus-1017,1017,"Area(0, 0.0, 0.0, 0.0, Dict{String, Any}(""I"" => """", ""ARNAME"" => """", ""PTOL"" => """", ""PDES"" => """", ""ISW"" => """"))",0.118225336,0.0284682816,0.12344300000000001,0.0284682816
bus1036,true,bus-1036,1036,"Area(0, 0.0, 0.0, 0.0, Dict{String, Any}(""I"" => """", ""ARNAME"" => """", ""PTOL"" => """", ""PDES"" => """", ""ISW"" => """"))",0.058113156000000006,0.0178473209,0.058113156000000006,0.0178473209
bus374,true,bus-374,374,"Area(0, 0.0, 0.0, 0.0, Dict{String, Any}(""I"" => """", ""ARNAME"" => """", ""PTOL"" => """", ""PDES"" => """", ""ISW"" => """"))",0.194915938,0.0696679848,0.194915938,0.0696679848
bus263,true,bus-263,263,"Area(0, 0.0, 0.0, 0.0, Dict{String, Any}(""I"" => """", ""ARNAME"" => """", ""PTOL"" => """", ""PDES"" => """", ""ISW"" => """"))",0.137034546,0.039258137400000004,0.137034546,0.039258137400000004
bus1202,true,bus-1202,1202,"Area(0, 0.0, 0.0, 0.0, Dict{String, Any}(""I"" => """", ""ARNAME"" => """", ""PTOL"" => """", ""PDES"" => """", ""ISW"" => """"))",0.130825558,0.0444432428,0.130825558,0.0444432428
bus2134,true,bus-2134,2134,"Area(0, 0.0, 0.0, 0.0, Dict{String, Any}(""I"" => """", ""ARNAME"" => """", ""PTOL"" => """", ""PDES"" => """", ""ISW"" => """"))",0.0246417365,0.00814631181,0.0246417365,0.00814631181
bus4343,true,bus-4343,4343,"Area(0, 0.0, 0.0, 0.0, Dict{String, Any}(""I"" => """", ""ARNAME"" => """", ""PTOL"" => """", ""PDES"" => """", ""ISW"" => """"))",0.0540043261,0.0158991356,0.0540043261,0.0158991356
bus7845,true,bus-7845,7845,"Area(0, 0.0, 0.0, 0.0, Dict{String, Any}(""I"" => """", ""ARNAME"" => """", ""PTOL"" => """", ""PDES"" => """", ""ISW"" => """"))",0.469884921,0.16144411900000002,0.469884921,0.16144411900000002
bus4568,true,bus-4568,4568,"Area(0, 0.0, 0.0, 0.0, Dict{String, Any}(""I"" => """", ""ARNAME"" => """", ""PTOL"" => """", ""PDES"" => """", ""ISW"" => """"))",0.119133611,0.0347190316,0.119133611,0.0347190316
bus1270,true,bus-1270,1270,"Area(0, 0.0, 0.0, 0.0, Dict{String, Any}(""I"" => """", ""ARNAME"" => """", ""PTOL"" => """", ""PDES"" => """", ""ISW"" => """"))",0.327909796,0.112148559,0.327909796,0.112148559
bus821,true,bus-821,821,"Area(0, 0.0, 0.0, 0.0, Dict{String, Any}(""I"" => """", ""ARNAME"" => """", ""PTOL"" => """", ""PDES"" => """", ""ISW"" => """"))",0.110324391,0.018797687100000002,0.112846,0.018797687100000002
bus473,true,bus-473,473,"Area(0, 0.0, 0.0, 0.0, Dict{String, Any}(""I"" => """", ""ARNAME"" => """", ""PTOL"" => """", ""PDES"" => """", ""ISW"" => """"))",0.0587084513,0.020880035,0.0587084513,0.020880035
bus1087,true,bus-1087,1087,"Area(0, 0.0, 0.0, 0.0, Dict{String, Any}(""I"" => """", ""ARNAME"" => """", ""PTOL"" => """", ""PDES"" => """", ""ISW"" => """"))",0.277800993,0.0777154905,0.277800993,0.0777154905
bus890,true,bus-890,890,"Area(0, 0.0, 0.0, 0.0, Dict{String, Any}(""I"" => """", ""ARNAME"" => """", ""PTOL"" => """", ""PDES"" => """", ""ISW"" => """"))",0.0469320299,0.0183512996,0.0469320299,0.0183512996
bus2289,true,bus-2289,2289,"Area(0, 0.0, 0.0, 0.0, Dict{String, Any}(""I"" => """", ""ARNAME"" => """", ""PTOL"" => """", ""PDES"" => """", ""ISW"" => """"))",0.16429593,0.0403261002,0.17022500000000002,0.0403261002
bus6526,true,bus-6526,6526,"Area(0, 0.0, 0.0, 0.0, Dict{String, Any}(""I"" => """", ""ARNAME"" => """", ""PTOL"" => """", ""PDES"" => """", ""ISW"" => """"))",0.027998657599999997,0.0116984467,0.027998657599999997,0.0116984467
bus349,true,bus-349,349,"Area(0, 0.0, 0.0, 0.0, Dict{String, Any}(""I"" => """", ""ARNAME"" => """", ""PTOL"" => """", ""PDES"" => """", ""ISW"" => """"))",1.02541639,0.35915231200000003,1.02541639,0.35915231200000003
bus815,true,bus-815,815,"Area(0, 0.0, 0.0, 0.0, Dict{String, Any}(""I"" => """", ""ARNAME"" => """", ""PTOL"" => """", ""PDES"" => """", ""ISW"" => """"))",0.0188780031,0.00707483866,0.0188780031,0.00707483866
bus819,true,bus-819,819,"Area(0, 0.0, 0.0, 0.0, Dict{String, Any}(""I"" => """", ""ARNAME"" => """", ""PTOL"" => """", ""PDES"" => """", ""ISW"" => """"))",0.0784513924,0.0245331189,0.0784513924,0.0245331189
bus1159,true,bus-1159,1159,"Area(0, 0.0, 0.0, 0.0, Dict{String, Any}(""I"" => """", ""ARNAME"" => """", ""PTOL"" => """", ""PDES"" => """", ""ISW"" => """"))",0.243170117,0.0786424089,0.243170117,0.0786424089
bus1127,true,bus-1127,1127,"Area(0, 0.0, 0.0, 0.0, Dict{String, Any}(""I"" => """", ""ARNAME"" => """", ""PTOL"" => """", ""PDES"" => """", ""ISW"" => """"))",1.64290446,0.5493137300000001,1.64290446,0.5493137300000001
bus1182,true,bus-1182,1182,"Area(0, 0.0, 0.0, 0.0, Dict{String, Any}(""I"" => """", ""ARNAME"" => """", ""PTOL"" => """", ""PDES"" => """", ""ISW"" => """"))",0.5193027579999999,0.174348667,0.5193027579999999,0.174348667
bus3432,true,bus-3432,3432,"Area(0, 0.0, 0.0, 0.0, Dict{String, Any}(""I"" => """", ""ARNAME"" => """", ""PTOL"" => """", ""PDES"" => """", ""ISW"" => """"))",0.0520085554,0.0161731768,0.0520085554,0.0161731768
bus2100,true,bus-2100,2100,"Area(0, 0.0, 0.0, 0.0, Dict{String, Any}(""I"" => """", ""ARNAME"" => """", ""PTOL"" => """", ""PDES"" => """", ""ISW"" => """"))",0.19941856300000002,0.0599543642,0.19941856300000002,0.0599543642
bus1817,true,bus-1817,1817,"Area(0, 0.0, 0.0, 0.0, Dict{String, Any}(""I"" => """", ""ARNAME"" => """", ""PTOL"" => """", ""PDES"" => """", ""ISW"" => """"))",0.0589508424,0.0214707694,0.0589508424,0.0214707694
bus413,true,bus-413,413,"Area(0, 0.0, 0.0, 0.0, Dict{String, Any}(""I"" => """", ""ARNAME"" => """", ""PTOL"" => """", ""PDES"" => """", ""ISW"" => """"))",0.399186187,0.0942497219,0.399186187,0.0942497219
bus2003,true,bus-2003,2003,"Area(0, 0.0, 0.0, 0.0, Dict{String, Any}(""I"" => """", ""ARNAME"" => """", ""PTOL"" => """", ""PDES"" => """", ""ISW"" => """"))",0.494190793,0.150020084,0.494190793,0.150020084
bus1792,true,bus-1792,1792,"Area(0, 0.0, 0.0, 0.0, Dict{String, Any}(""I"" => """", ""ARNAME"" => """", ""PTOL"" => """", ""PDES"" => """", ""ISW"" => """"))",0.0726920602,0.0243858857,0.0726920602,0.0243858857
bus7571,true,bus-7571,7571,"Area(0, 0.0, 0.0, 0.0, Dict{String, Any}(""I"" => """", ""ARNAME"" => """", ""PTOL"" => """", ""PDES"" => """", ""ISW"" => """"))",0.0421228659,0.0151797318,0.0421228659,0.0151797318
bus2329,true,bus-2329,2329,"Area(0, 0.0, 0.0, 0.0, Dict{String, Any}(""I"" => """", ""ARNAME"" => """", ""PTOL"" => """", ""PDES"" => """", ""ISW"" => """"))",0.106188064,0.037536767900000004,0.106188064,0.037536767900000004
bus1942,true,bus-1942,1942,"Area(0, 0.0, 0.0, 0.0, Dict{String, Any}(""I"" => """", ""ARNAME"" => """", ""PTOL"" => """", ""PDES"" => """", ""ISW"" => """"))",0.0728343483,0.0250802489,0.0728343483,0.0250802489
bus560,true,bus-560,560,"Area(0, 0.0, 0.0, 0.0, Dict{String, Any}(""I"" => """", ""ARNAME"" => """", ""PTOL"" => """", ""PDES"" => """", ""ISW"" => """"))",0.009765240579999999,0.00391577298,0.009765240579999999,0.00391577298
bus687,true,bus-687,687,"Area(0, 0.0, 0.0, 0.0, Dict{String, Any}(""I"" => """", ""ARNAME"" => """", ""PTOL"" => """", ""PDES"" => """", ""ISW"" => """"))",0.0686006195,0.024636671,0.0686006195,0.024636671
bus781,true,bus-781,781,"Area(0, 0.0, 0.0, 0.0, Dict{String, Any}(""I"" => """", ""ARNAME"" => """", ""PTOL"" => """", ""PDES"" => """", ""ISW"" => """"))",0.196182945,0.06012161790000001,0.196182945,0.06012161790000001
bus8158,true,bus-8158,8158,"Area(0, 0.0, 0.0, 0.0, Dict{String, Any}(""I"" => """", ""ARNAME"" => """", ""PTOL"" => """", ""PDES"" => """", ""ISW"" => """"))",0.0550126303,0.020545176000000002,0.0550126303,0.020545176000000002
bus1089,true,bus-1089,1089,"Area(0, 0.0, 0.0, 0.0, Dict{String, Any}(""I"" => """", ""ARNAME"" => """", ""PTOL"" => """", ""PDES"" => """", ""ISW"" => """"))",0.109285513,0.041468484300000004,0.109285513,0.041468484300000004
bus2022,true,bus-2022,2022,"Area(0, 0.0, 0.0, 0.0, Dict{String, Any}(""I"" => """", ""ARNAME"" => """", ""PTOL"" => """", ""PDES"" => """", ""ISW"" => """"))",0.7784025130000001,0.140239231,0.80522,0.140239231
bus5131,true,bus-5131,5131,"Area(0, 0.0, 0.0, 0.0, Dict{String, Any}(""I"" => """", ""ARNAME"" => """", ""PTOL"" => """", ""PDES"" => """", ""ISW"" => """"))",0.0327691998,0.011699436,0.0327691998,0.011699436
bus1130,true,bus-1130,1130,"Area(0, 0.0, 0.0, 0.0, Dict{String, Any}(""I"" => """", ""ARNAME"" => """", ""PTOL"" => """", ""PDES"" => """", ""ISW"" => """"))",0.839162641,0.252539139,0.839162641,0.252539139
bus1232,true,bus-1232,1232,"Area(0, 0.0, 0.0, 0.0, Dict{String, Any}(""I"" => """", ""ARNAME"" => """", ""PTOL"" => """", ""PDES"" => """", ""ISW"" => """"))",0.0362252708,0.0138387171,0.0362252708,0.0138387171
bus1973,true,bus-1973,1973,"Area(0, 0.0, 0.0, 0.0, Dict{String, Any}(""I"" => """", ""ARNAME"" => """", ""PTOL"" => """", ""PDES"" => """", ""ISW"" => """"))",0.126151216,0.0394813309,0.126151216,0.0394813309
bus802,true,bus-802,802,"Area(0, 0.0, 0.0, 0.0, Dict{String, Any}(""I"" => """", ""ARNAME"" => """", ""PTOL"" => """", ""PDES"" => """", ""ISW"" => """"))",0.45587233099999996,0.16191754199999997,0.45587233099999996,0.16191754199999997
bus701,true,bus-701,701,"Area(0, 0.0, 0.0, 0.0, Dict{String, Any}(""I"" => """", ""ARNAME"" => """", ""PTOL"" => """", ""PDES"" => """", ""ISW"" => """"))",0.121661752,0.0432803947,0.121661752,0.0432803947
bus881,true,bus-881,881,"Area(0, 0.0, 0.0, 0.0, Dict{String, Any}(""I"" => """", ""ARNAME"" => """", ""PTOL"" => """", ""PDES"" => """", ""ISW"" => """"))",0.040759833399999994,0.015081802200000001,0.040759833399999994,0.015081802200000001
bus8776,true,bus-8776,8776,"Area(0, 0.0, 0.0, 0.0, Dict{String, Any}(""I"" => """", ""ARNAME"" => """", ""PTOL"" => """", ""PDES"" => """", ""ISW"" => """"))",0.181760435,0.0512574604,0.181760435,0.0512574604
bus709,true,bus-709,709,"Area(0, 0.0, 0.0, 0.0, Dict{String, Any}(""I"" => """", ""ARNAME"" => """", ""PTOL"" => """", ""PDES"" => """", ""ISW"" => """"))",0.162607422,0.0430121104,0.162607422,0.0430121104
bus1773,true,bus-1773,1773,"Area(0, 0.0, 0.0, 0.0, Dict{String, Any}(""I"" => """", ""ARNAME"" => """", ""PTOL"" => """", ""PDES"" => """", ""ISW"" => """"))",0.0447253538,0.0179910758,0.0447253538,0.0179910758
bus1377,true,bus-1377,1377,"Area(0, 0.0, 0.0, 0.0, Dict{String, Any}(""I"" => """", ""ARNAME"" => """", ""PTOL"" => """", ""PDES"" => """", ""ISW"" => """"))",0.07990649150000001,0.0232697645,0.07990649150000001,0.0232697645
bus2317,true,bus-2317,2317,"Area(0, 0.0, 0.0, 0.0, Dict{String, Any}(""I"" => """", ""ARNAME"" => """", ""PTOL"" => """", ""PDES"" => """", ""ISW"" => """"))",0.0197853132,0.00666814771,0.0197853132,0.00666814771
bus1249,true,bus-1249,1249,"Area(0, 0.0, 0.0, 0.0, Dict{String, Any}(""I"" => """", ""ARNAME"" => """", ""PTOL"" => """", ""PDES"" => """", ""ISW"" => """"))",0.20526035,0.069679029,0.20526035,0.069679029
bus582,true,bus-582,582,"Area(0, 0.0, 0.0, 0.0, Dict{String, Any}(""I"" => """", ""ARNAME"" => """", ""PTOL"" => """", ""PDES"" => """", ""ISW"" => """"))",0.329380133,0.102527735,0.329380133,0.102527735
bus1802,true,bus-1802,1802,"Area(0, 0.0, 0.0, 0.0, Dict{String, Any}(""I"" => """", ""ARNAME"" => """", ""PTOL"" => """", ""PDES"" => """", ""ISW"" => """"))",0.21631286500000002,0.057114690100000004,0.228105,0.057114690100000004
bus2050,true,bus-2050,2050,"Area(0, 0.0, 0.0, 0.0, Dict{String, Any}(""I"" => """", ""ARNAME"" => """", ""PTOL"" => """", ""PDES"" => """", ""ISW"" => """"))",0.259844163,0.09290876649999999,0.259844163,0.09290876649999999
bus64,true,bus-64,64,"Area(0, 0.0, 0.0, 0.0, Dict{String, Any}(""I"" => """", ""ARNAME"" => """", ""PTOL"" => """", ""PDES"" => """", ""ISW"" => """"))",0.0669755973,0.0197266917,0.0669755973,0.0197266917
bus1038,true,bus-1038,1038,"Area(0, 0.0, 0.0, 0.0, Dict{String, Any}(""I"" => """", ""ARNAME"" => """", ""PTOL"" => """", ""PDES"" => """", ""ISW"" => """"))",0.129993537,0.043038241399999996,0.129993537,0.043038241399999996
bus6704,true,bus-6704,6704,"Area(0, 0.0, 0.0, 0.0, Dict{String, Any}(""I"" => """", ""ARNAME"" => """", ""PTOL"" => """", ""PDES"" => """", ""ISW"" => """"))",0.0789685322,0.0222527701,0.0789685322,0.0222527701
bus1765,true,bus-1765,1765,"Area(0, 0.0, 0.0, 0.0, Dict{String, Any}(""I"" => """", ""ARNAME"" => """", ""PTOL"" => """", ""PDES"" => """", ""ISW"" => """"))",0.039836175599999996,0.0166142014,0.039836175599999996,0.0166142014
bus2884,true,bus-2884,2884,"Area(0, 0.0, 0.0, 0.0, Dict{String, Any}(""I"" => """", ""ARNAME"" => """", ""PTOL"" => """", ""PDES"" => """", ""ISW"" => """"))",0.087028865,0.0333487292,0.087028865,0.0333487292
bus2222,true,bus-2222,2222,"Area(0, 0.0, 0.0, 0.0, Dict{String, Any}(""I"" => """", ""ARNAME"" => """", ""PTOL"" => """", ""PDES"" => """", ""ISW"" => """"))",0.169524852,0.039915348,0.169524852,0.039915348
bus1251,true,bus-1251,1251,"Area(0, 0.0, 0.0, 0.0, Dict{String, Any}(""I"" => """", ""ARNAME"" => """", ""PTOL"" => """", ""PDES"" => """", ""ISW"" => """"))",0.351664416,0.123367058,0.351664416,0.123367058
bus2108,true,bus-2108,2108,"Area(0, 0.0, 0.0, 0.0, Dict{String, Any}(""I"" => """", ""ARNAME"" => """", ""PTOL"" => """", ""PDES"" => """", ""ISW"" => """"))",0.0328942687,0.012644135700000001,0.0328942687,0.012644135700000001
bus926,true,bus-926,926,"Area(0, 0.0, 0.0, 0.0, Dict{String, Any}(""I"" => """", ""ARNAME"" => """", ""PTOL"" => """", ""PDES"" => """", ""ISW"" => """"))",0.034762434099999996,0.0124979907,0.034762434099999996,0.0124979907
bus2993,true,bus-2993,2993,"Area(0, 0.0, 0.0, 0.0, Dict{String, Any}(""I"" => """", ""ARNAME"" => """", ""PTOL"" => """", ""PDES"" => """", ""ISW"" => """"))",0.0497841529,0.013924294299999999,0.0497841529,0.013924294299999999
bus785,true,bus-785,785,"Area(0, 0.0, 0.0, 0.0, Dict{String, Any}(""I"" => """", ""ARNAME"" => """", ""PTOL"" => """", ""PDES"" => """", ""ISW"" => """"))",0.17501051499999998,0.0632648743,0.17501051499999998,0.0632648743
bus8337,true,bus-8337,8337,"Area(0, 0.0, 0.0, 0.0, Dict{String, Any}(""I"" => """", ""ARNAME"" => """", ""PTOL"" => """", ""PDES"" => """", ""ISW"" => """"))",0.184189372,0.0621129342,0.184189372,0.0621129342
bus1672,true,bus-1672,1672,"Area(0, 0.0, 0.0, 0.0, Dict{String, Any}(""I"" => """", ""ARNAME"" => """", ""PTOL"" => """", ""PDES"" => """", ""ISW"" => """"))",0.11711045,0.0383457461,0.11711045,0.0383457461
bus1575,true,bus-1575,1575,"Area(0, 0.0, 0.0, 0.0, Dict{String, Any}(""I"" => """", ""ARNAME"" => """", ""PTOL"" => """", ""PDES"" => """", ""ISW"" => """"))",0.0891122307,0.024465064999999998,0.0891122307,0.024465064999999998
bus1868,true,bus-1868,1868,"Area(0, 0.0, 0.0, 0.0, Dict{String, Any}(""I"" => """", ""ARNAME"" => """", ""PTOL"" => """", ""PDES"" => """", ""ISW"" => """"))",0.0547858425,0.022373994,0.0547858425,0.022373994
bus2368,true,bus-2368,2368,"Area(0, 0.0, 0.0, 0.0, Dict{String, Any}(""I"" => """", ""ARNAME"" => """", ""PTOL"" => """", ""PDES"" => """", ""ISW"" => """"))",0.061763886799999994,0.0220734552,0.061763886799999994,0.0220734552
bus2730,true,bus-2730,2730,"Area(0, 0.0, 0.0, 0.0, Dict{String, Any}(""I"" => """", ""ARNAME"" => """", ""PTOL"" => """", ""PDES"" => """", ""ISW"" => """"))",0.201152005,0.0541683209,0.201152005,0.0541683209
bus1160,true,bus-1160,1160,"Area(0, 0.0, 0.0, 0.0, Dict{String, Any}(""I"" => """", ""ARNAME"" => """", ""PTOL"" => """", ""PDES"" => """", ""ISW"" => """"))",0.69353826,0.15756908,0.732222,0.15756908
bus1342,true,bus-1342,1342,"Area(0, 0.0, 0.0, 0.0, Dict{String, Any}(""I"" => """", ""ARNAME"" => """", ""PTOL"" => """", ""PDES"" => """", ""ISW"" => """"))",0.354399293,0.122351738,0.354399293,0.122351738
bus1332,true,bus-1332,1332,"Area(0, 0.0, 0.0, 0.0, Dict{String, Any}(""I"" => """", ""ARNAME"" => """", ""PTOL"" => """", ""PDES"" => """", ""ISW"" => """"))",0.119248425,0.0399818824,0.119248425,0.0399818824
bus353,true,bus-353,353,"Area(0, 0.0, 0.0, 0.0, Dict{String, Any}(""I"" => """", ""ARNAME"" => """", ""PTOL"" => """", ""PDES"" => """", ""ISW"" => """"))",0.37290609199999997,0.130263966,0.37290609199999997,0.130263966
bus1319,true,bus-1319,1319,"Area(0, 0.0, 0.0, 0.0, Dict{String, Any}(""I"" => """", ""ARNAME"" => """", ""PTOL"" => """", ""PDES"" => """", ""ISW"" => """"))",0.055971869099999995,0.0189240669,0.055971869099999995,0.0189240669
bus2905,true,bus-2905,2905,"Area(0, 0.0, 0.0, 0.0, Dict{String, Any}(""I"" => """", ""ARNAME"" => """", ""PTOL"" => """", ""PDES"" => """", ""ISW"" => """"))",0.0340529625,0.0128008737,0.0340529625,0.0128008737
bus2923,true,bus-2923,2923,"Area(0, 0.0, 0.0, 0.0, Dict{String, Any}(""I"" => """", ""ARNAME"" => """", ""PTOL"" => """", ""PDES"" => """", ""ISW"" => """"))",0.0481994451,0.0171212201,0.0481994451,0.0171212201
bus4826,true,bus-4826,4826,"Area(0, 0.0, 0.0, 0.0, Dict{String, Any}(""I"" => """", ""ARNAME"" => """", ""PTOL"" => """", ""PDES"" => """", ""ISW"" => """"))",0.20301078100000003,0.0331317557,0.206632,0.0331317557
bus1533,true,bus-1533,1533,"Area(0, 0.0, 0.0, 0.0, Dict{String, Any}(""I"" => """", ""ARNAME"" => """", ""PTOL"" => """", ""PDES"" => """", ""ISW"" => """"))",0.063192488,0.0150603544,0.063192488,0.0150603544
bus1020,true,bus-1020,1020,"Area(0, 0.0, 0.0, 0.0, Dict{String, Any}(""I"" => """", ""ARNAME"" => """", ""PTOL"" => """", ""PDES"" => """", ""ISW"" => """"))",0.102176291,0.0299099892,0.102176291,0.0299099892
bus736,true,bus-736,736,"Area(0, 0.0, 0.0, 0.0, Dict{String, Any}(""I"" => """", ""ARNAME"" => """", ""PTOL"" => """", ""PDES"" => """", ""ISW"" => """"))",0.0183751524,0.00539823646,0.0183751524,0.00539823646
bus4340,true,bus-4340,4340,"Area(0, 0.0, 0.0, 0.0, Dict{String, Any}(""I"" => """", ""ARNAME"" => """", ""PTOL"" => """", ""PDES"" => """", ""ISW"" => """"))",0.0714869392,0.0214687176,0.0714869392,0.0214687176
bus2288,true,bus-2288,2288,"Area(0, 0.0, 0.0, 0.0, Dict{String, Any}(""I"" => """", ""ARNAME"" => """", ""PTOL"" => """", ""PDES"" => """", ""ISW"" => """"))",0.0321168569,0.0120917693,0.0321168569,0.0120917693
bus3513,true,bus-3513,3513,"Area(0, 0.0, 0.0, 0.0, Dict{String, Any}(""I"" => """", ""ARNAME"" => """", ""PTOL"" => """", ""PDES"" => """", ""ISW"" => """"))",0.0365850645,0.0150758687,0.0365850645,0.0150758687
bus1503,true,bus-1503,1503,"Area(0, 0.0, 0.0, 0.0, Dict{String, Any}(""I"" => """", ""ARNAME"" => """", ""PTOL"" => """", ""PDES"" => """", ""ISW"" => """"))",0.142131364,0.0383636088,0.142131364,0.0383636088
bus1754,true,bus-1754,1754,"Area(0, 0.0, 0.0, 0.0, Dict{String, Any}(""I"" => """", ""ARNAME"" => """", ""PTOL"" => """", ""PDES"" => """", ""ISW"" => """"))",0.055382570900000004,0.013792324600000001,0.055382570900000004,0.013792324600000001
bus2224,true,bus-2224,2224,"Area(0, 0.0, 0.0, 0.0, Dict{String, Any}(""I"" => """", ""ARNAME"" => """", ""PTOL"" => """", ""PDES"" => """", ""ISW"" => """"))",0.0734771762,0.0259943963,0.0734771762,0.0259943963
bus2219,true,bus-2219,2219,"Area(0, 0.0, 0.0, 0.0, Dict{String, Any}(""I"" => """", ""ARNAME"" => """", ""PTOL"" => """", ""PDES"" => """", ""ISW"" => """"))",0.264525554,0.0926524803,0.264525554,0.0926524803
bus831,true,bus-831,831,"Area(0, 0.0, 0.0, 0.0, Dict{String, Any}(""I"" => """", ""ARNAME"" => """", ""PTOL"" => """", ""PDES"" => """", ""ISW"" => """"))",0.0619171748,0.0178375993,0.0619171748,0.0178375993
bus3259,true,bus-3259,3259,"Area(0, 0.0, 0.0, 0.0, Dict{String, Any}(""I"" => """", ""ARNAME"" => """", ""PTOL"" => """", ""PDES"" => """", ""ISW"" => """"))",0.0167796311,0.0057419824799999995,0.0167796311,0.0057419824799999995
bus257,true,bus-257,257,"Area(0, 0.0, 0.0, 0.0, Dict{String, Any}(""I"" => """", ""ARNAME"" => """", ""PTOL"" => """", ""PDES"" => """", ""ISW"" => """"))",0.026964845999999997,0.00791054032,0.026964845999999997,0.00791054032
bus749,true,bus-749,749,"Area(0, 0.0, 0.0, 0.0, Dict{String, Any}(""I"" => """", ""ARNAME"" => """", ""PTOL"" => """", ""PDES"" => """", ""ISW"" => """"))",0.20793434900000002,0.053031967299999996,0.20793434900000002,0.053031967299999996
bus1829,true,bus-1829,1829,"Area(0, 0.0, 0.0, 0.0, Dict{String, Any}(""I"" => """", ""ARNAME"" => """", ""PTOL"" => """", ""PDES"" => """", ""ISW"" => """"))",0.0868115178,0.014805257700000001,0.08829100000000001,0.014805257700000001
bus2120,true,bus-2120,2120,"Area(0, 0.0, 0.0, 0.0, Dict{String, Any}(""I"" => """", ""ARNAME"" => """", ""PTOL"" => """", ""PDES"" => """", ""ISW"" => """"))",0.0512725584,0.0133926533,0.0512725584,0.0133926533
bus2255,true,bus-2255,2255,"Area(0, 0.0, 0.0, 0.0, Dict{String, Any}(""I"" => """", ""ARNAME"" => """", ""PTOL"" => """", ""PDES"" => """", ""ISW"" => """"))",0.0341893406,0.0106016589,0.0341893406,0.0106016589
bus659,true,bus-659,659,"Area(0, 0.0, 0.0, 0.0, Dict{String, Any}(""I"" => """", ""ARNAME"" => """", ""PTOL"" => """", ""PDES"" => """", ""ISW"" => """"))",0.452069084,0.128072452,0.452069084,0.128072452
bus7094,true,bus-7094,7094,"Area(0, 0.0, 0.0, 0.0, Dict{String, Any}(""I"" => """", ""ARNAME"" => """", ""PTOL"" => """", ""PDES"" => """", ""ISW"" => """"))",0.0780545705,0.0238992629,0.0780545705,0.0238992629
bus2397,true,bus-2397,2397,"Area(0, 0.0, 0.0, 0.0, Dict{String, Any}(""I"" => """", ""ARNAME"" => """", ""PTOL"" => """", ""PDES"" => """", ""ISW"" => """"))",0.00572895609,0.0024205675300000003,0.00572895609,0.0024205675300000003
bus4367,true,bus-4367,4367,"Area(0, 0.0, 0.0, 0.0, Dict{String, Any}(""I"" => """", ""ARNAME"" => """", ""PTOL"" => """", ""PDES"" => """", ""ISW"" => """"))",0.11941876300000001,0.0347846915,0.11941876300000001,0.0347846915
bus1777,true,bus-1777,1777,"Area(0, 0.0, 0.0, 0.0, Dict{String, Any}(""I"" => """", ""ARNAME"" => """", ""PTOL"" => """", ""PDES"" => """", ""ISW"" => """"))",0.045987045000000004,0.016317629099999998,0.045987045000000004,0.016317629099999998
bus769,true,bus-769,769,"Area(0, 0.0, 0.0, 0.0, Dict{String, Any}(""I"" => """", ""ARNAME"" => """", ""PTOL"" => """", ""PDES"" => """", ""ISW"" => """"))",0.0393150062,0.0138607499,0.0393150062,0.0138607499
bus757,true,bus-757,757,"Area(0, 0.0, 0.0, 0.0, Dict{String, Any}(""I"" => """", ""ARNAME"" => """", ""PTOL"" => """", ""PDES"" => """", ""ISW"" => """"))",0.232560226,0.072650618,0.232560226,0.072650618
bus4033,true,bus-4033,4033,"Area(0, 0.0, 0.0, 0.0, Dict{String, Any}(""I"" => """", ""ARNAME"" => """", ""PTOL"" => """", ""PDES"" => """", ""ISW"" => """"))",0.0691815608,0.0223073471,0.0691815608,0.0223073471
bus441,true,bus-441,441,"Area(0, 0.0, 0.0, 0.0, Dict{String, Any}(""I"" => """", ""ARNAME"" => """", ""PTOL"" => """", ""PDES"" => """", ""ISW"" => """"))",0.380242609,0.0837289334,0.380242609,0.0837289334
bus622,true,bus-622,622,"Area(0, 0.0, 0.0, 0.0, Dict{String, Any}(""I"" => """", ""ARNAME"" => """", ""PTOL"" => """", ""PDES"" => """", ""ISW"" => """"))",0.0264120981,0.00790652979,0.0264120981,0.00790652979
bus4381,true,bus-4381,4381,"Area(0, 0.0, 0.0, 0.0, Dict{String, Any}(""I"" => """", ""ARNAME"" => """", ""PTOL"" => """", ""PDES"" => """", ""ISW"" => """"))",0.0669919491,0.0223596878,0.0669919491,0.0223596878
bus7987,true,bus-7987,7987,"Area(0, 0.0, 0.0, 0.0, Dict{String, Any}(""I"" => """", ""ARNAME"" => """", ""PTOL"" => """", ""PDES"" => """", ""ISW"" => """"))",0.6782224119999999,0.20820574,0.6782224119999999,0.20820574
bus1981,true,bus-1981,1981,"Area(0, 0.0, 0.0, 0.0, Dict{String, Any}(""I"" => """", ""ARNAME"" => """", ""PTOL"" => """", ""PDES"" => """", ""ISW"" => """"))",0.154956641,0.0359433412,0.154956641,0.0359433412
bus7436,true,bus-7436,7436,"Area(0, 0.0, 0.0, 0.0, Dict{String, Any}(""I"" => """", ""ARNAME"" => """", ""PTOL"" => """", ""PDES"" => """", ""ISW"" => """"))",0.0448436168,0.013229059199999999,0.0448436168,0.013229059199999999
bus2325,true,bus-2325,2325,"Area(0, 0.0, 0.0, 0.0, Dict{String, Any}(""I"" => """", ""ARNAME"" => """", ""PTOL"" => """", ""PDES"" => """", ""ISW"" => """"))",0.0755269288,0.026138810499999998,0.0755269288,0.026138810499999998
bus351,true,bus-351,351,"Area(0, 0.0, 0.0, 0.0, Dict{String, Any}(""I"" => """", ""ARNAME"" => """", ""PTOL"" => """", ""PDES"" => """", ""ISW"" => """"))",0.22722397900000002,0.0654742058,0.22722397900000002,0.0654742058
bus2752,true,bus-2752,2752,"Area(0, 0.0, 0.0, 0.0, Dict{String, Any}(""I"" => """", ""ARNAME"" => """", ""PTOL"" => """", ""PDES"" => """", ""ISW"" => """"))",0.0745716944,0.0239240491,0.0745716944,0.0239240491
bus437,true,bus-437,437,"Area(0, 0.0, 0.0, 0.0, Dict{String, Any}(""I"" => """", ""ARNAME"" => """", ""PTOL"" => """", ""PDES"" => """", ""ISW"" => """"))",0.171135528,0.0627442803,0.171135528,0.0627442803
bus750,true,bus-750,750,"Area(0, 0.0, 0.0, 0.0, Dict{String, Any}(""I"" => """", ""ARNAME"" => """", ""PTOL"" => """", ""PDES"" => """", ""ISW"" => """"))",0.106800307,0.0361648351,0.106800307,0.0361648351
bus1029,true,bus-1029,1029,"Area(0, 0.0, 0.0, 0.0, Dict{String, Any}(""I"" => """", ""ARNAME"" => """", ""PTOL"" => """", ""PDES"" => """", ""ISW"" => """"))",0.055071632399999994,0.0173938084,0.055071632399999994,0.0173938084
bus1860,true,bus-1860,1860,"Area(0, 0.0, 0.0, 0.0, Dict{String, Any}(""I"" => """", ""ARNAME"" => """", ""PTOL"" => """", ""PDES"" => """", ""ISW"" => """"))",0.0131922191,0.0045893624,0.0131922191,0.0045893624
bus627,true,bus-627,627,"Area(0, 0.0, 0.0, 0.0, Dict{String, Any}(""I"" => """", ""ARNAME"" => """", ""PTOL"" => """", ""PDES"" => """", ""ISW"" => """"))",0.024472588599999998,0.0075323366,0.024472588599999998,0.0075323366
bus1813,true,bus-1813,1813,"Area(0, 0.0, 0.0, 0.0, Dict{String, Any}(""I"" => """", ""ARNAME"" => """", ""PTOL"" => """", ""PDES"" => """", ""ISW"" => """"))",0.389263646,0.13440354799999998,0.389263646,0.13440354799999998
bus5155,true,bus-5155,5155,"Area(0, 0.0, 0.0, 0.0, Dict{String, Any}(""I"" => """", ""ARNAME"" => """", ""PTOL"" => """", ""PDES"" => """", ""ISW"" => """"))",0.0363059516,0.015334516199999999,0.0363059516,0.015334516199999999
bus1021,true,bus-1021,1021,"Area(0, 0.0, 0.0, 0.0, Dict{String, Any}(""I"" => """", ""ARNAME"" => """", ""PTOL"" => """", ""PDES"" => """", ""ISW"" => """"))",0.320747777,0.110907025,0.320747777,0.110907025
bus3386,true,bus-3386,3386,"Area(0, 0.0, 0.0, 0.0, Dict{String, Any}(""I"" => """", ""ARNAME"" => """", ""PTOL"" => """", ""PDES"" => """", ""ISW"" => """"))",0.041779897,0.0144317663,0.041779897,0.0144317663
bus423,true,bus-423,423,"Area(0, 0.0, 0.0, 0.0, Dict{String, Any}(""I"" => """", ""ARNAME"" => """", ""PTOL"" => """", ""PDES"" => """", ""ISW"" => """"))",0.0780367124,0.0299755276,0.0780367124,0.0299755276
bus869,true,bus-869,869,"Area(0, 0.0, 0.0, 0.0, Dict{String, Any}(""I"" => """", ""ARNAME"" => """", ""PTOL"" => """", ""PDES"" => """", ""ISW"" => """"))",0.0946813841,0.026196860800000003,0.0946813841,0.026196860800000003
bus754,true,bus-754,754,"Area(0, 0.0, 0.0, 0.0, Dict{String, Any}(""I"" => """", ""ARNAME"" => """", ""PTOL"" => """", ""PDES"" => """", ""ISW"" => """"))",0.0577645085,0.0218489407,0.0577645085,0.0218489407
bus1525,true,bus-1525,1525,"Area(0, 0.0, 0.0, 0.0, Dict{String, Any}(""I"" => """", ""ARNAME"" => """", ""PTOL"" => """", ""PDES"" => """", ""ISW"" => """"))",0.0629743162,0.0167388212,0.0629743162,0.0167388212
bus2323,true,bus-2323,2323,"Area(0, 0.0, 0.0, 0.0, Dict{String, Any}(""I"" => """", ""ARNAME"" => """", ""PTOL"" => """", ""PDES"" => """", ""ISW"" => """"))",0.8146169600000001,0.26271022,0.8146169600000001,0.26271022
bus2270,true,bus-2270,2270,"Area(0, 0.0, 0.0, 0.0, Dict{String, Any}(""I"" => """", ""ARNAME"" => """", ""PTOL"" => """", ""PDES"" => """", ""ISW"" => """"))",0.0464830388,0.0153455334,0.0464830388,0.0153455334
bus342,true,bus-342,342,"Area(0, 0.0, 0.0, 0.0, Dict{String, Any}(""I"" => """", ""ARNAME"" => """", ""PTOL"" => """", ""PDES"" => """", ""ISW"" => """"))",1.32802985,0.44553871200000006,1.32802985,0.44553871200000006
bus4656,true,bus-4656,4656,"Area(0, 0.0, 0.0, 0.0, Dict{String, Any}(""I"" => """", ""ARNAME"" => """", ""PTOL"" => """", ""PDES"" => """", ""ISW"" => """"))",0.0384173134,0.0109935155,0.0384173134,0.0109935155
bus1304,true,bus-1304,1304,"Area(0, 0.0, 0.0, 0.0, Dict{String, Any}(""I"" => """", ""ARNAME"" => """", ""PTOL"" => """", ""PDES"" => """", ""ISW"" => """"))",0.032155107599999996,0.0118400947,0.032155107599999996,0.0118400947
bus6110,true,bus-6110,6110,"Area(0, 0.0, 0.0, 0.0, Dict{String, Any}(""I"" => """", ""ARNAME"" => """", ""PTOL"" => """", ""PDES"" => """", ""ISW"" => """"))",0.036164189699999995,0.013508783,0.036164189699999995,0.013508783
bus96,true,bus-96,96,"Area(0, 0.0, 0.0, 0.0, Dict{String, Any}(""I"" => """", ""ARNAME"" => """", ""PTOL"" => """", ""PDES"" => """", ""ISW"" => """"))",0.0664334114,0.0214152049,0.0664334114,0.0214152049
bus7654,true,bus-7654,7654,"Area(0, 0.0, 0.0, 0.0, Dict{String, Any}(""I"" => """", ""ARNAME"" => """", ""PTOL"" => """", ""PDES"" => """", ""ISW"" => """"))",0.09142793369999999,0.0355593337,0.09142793369999999,0.0355593337
bus4597,true,bus-4597,4597,"Area(0, 0.0, 0.0, 0.0, Dict{String, Any}(""I"" => """", ""ARNAME"" => """", ""PTOL"" => """", ""PDES"" => """", ""ISW"" => """"))",0.27135545499999997,0.07085595559999999,0.27135545499999997,0.07085595559999999
bus2121,true,bus-2121,2121,"Area(0, 0.0, 0.0, 0.0, Dict{String, Any}(""I"" => """", ""ARNAME"" => """", ""PTOL"" => """", ""PDES"" => """", ""ISW"" => """"))",0.107355166,0.035654127199999996,0.107355166,0.035654127199999996
bus703,true,bus-703,703,"Area(0, 0.0, 0.0, 0.0, Dict{String, Any}(""I"" => """", ""ARNAME"" => """", ""PTOL"" => """", ""PDES"" => """", ""ISW"" => """"))",0.333958299,0.128427885,0.333958299,0.128427885
bus2042,true,bus-2042,2042,"Area(0, 0.0, 0.0, 0.0, Dict{String, Any}(""I"" => """", ""ARNAME"" => """", ""PTOL"" => """", ""PDES"" => """", ""ISW"" => """"))",0.0646894889,0.0193739708,0.0646894889,0.0193739708
bus4394,true,bus-4394,4394,"Area(0, 0.0, 0.0, 0.0, Dict{String, Any}(""I"" => """", ""ARNAME"" => """", ""PTOL"" => """", ""PDES"" => """", ""ISW"" => """"))",0.105113556,0.0362539225,0.105113556,0.0362539225
bus3678,true,bus-3678,3678,"Area(0, 0.0, 0.0, 0.0, Dict{String, Any}(""I"" => """", ""ARNAME"" => """", ""PTOL"" => """", ""PDES"" => """", ""ISW"" => """"))",0.138282183,0.0483602432,0.138282183,0.0483602432
bus759,true,bus-759,759,"Area(0, 0.0, 0.0, 0.0, Dict{String, Any}(""I"" => """", ""ARNAME"" => """", ""PTOL"" => """", ""PDES"" => """", ""ISW"" => """"))",0.0273682537,0.0109304562,0.0273682537,0.0109304562
bus915,true,bus-915,915,"Area(0, 0.0, 0.0, 0.0, Dict{String, Any}(""I"" => """", ""ARNAME"" => """", ""PTOL"" => """", ""PDES"" => """", ""ISW"" => """"))",0.0507505424,0.014485768100000001,0.0507505424,0.014485768100000001
bus2020,true,bus-2020,2020,"Area(0, 0.0, 0.0, 0.0, Dict{String, Any}(""I"" => """", ""ARNAME"" => """", ""PTOL"" => """", ""PDES"" => """", ""ISW"" => """"))",0.0739372173,0.0211356308,0.0739372173,0.0211356308
bus8584,true,bus-8584,8584,"Area(0, 0.0, 0.0, 0.0, Dict{String, Any}(""I"" => """", ""ARNAME"" => """", ""PTOL"" => """", ""PDES"" => """", ""ISW"" => """"))",0.174212265,0.06779420059999999,0.174212265,0.06779420059999999
bus1516,true,bus-1516,1516,"Area(0, 0.0, 0.0, 0.0, Dict{String, Any}(""I"" => """", ""ARNAME"" => """", ""PTOL"" => """", ""PDES"" => """", ""ISW"" => """"))",0.281867018,0.10105173799999999,0.281867018,0.10105173799999999
bus2687,true,bus-2687,2687,"Area(0, 0.0, 0.0, 0.0, Dict{String, Any}(""I"" => """", ""ARNAME"" => """", ""PTOL"" => """", ""PDES"" => """", ""ISW"" => """"))",0.07846963009999999,0.0208062572,0.07846963009999999,0.0208062572
bus2207,true,bus-2207,2207,"Area(0, 0.0, 0.0, 0.0, Dict{String, Any}(""I"" => """", ""ARNAME"" => """", ""PTOL"" => """", ""PDES"" => """", ""ISW"" => """"))",0.147939004,0.053079221499999996,0.147939004,0.053079221499999996
bus2322,true,bus-2322,2322,"Area(0, 0.0, 0.0, 0.0, Dict{String, Any}(""I"" => """", ""ARNAME"" => """", ""PTOL"" => """", ""PDES"" => """", ""ISW"" => """"))",0.40121815400000005,0.110772777,0.40121815400000005,0.110772777
bus477,true,bus-477,477,"Area(0, 0.0, 0.0, 0.0, Dict{String, Any}(""I"" => """", ""ARNAME"" => """", ""PTOL"" => """", ""PDES"" => """", ""ISW"" => """"))",0.39068220400000003,0.136238904,0.39068220400000003,0.136238904
bus2068,true,bus-2068,2068,"Area(0, 0.0, 0.0, 0.0, Dict{String, Any}(""I"" => """", ""ARNAME"" => """", ""PTOL"" => """", ""PDES"" => """", ""ISW"" => """"))",0.612966727,0.184519963,0.612966727,0.184519963
bus1085,true,bus-1085,1085,"Area(0, 0.0, 0.0, 0.0, Dict{String, Any}(""I"" => """", ""ARNAME"" => """", ""PTOL"" => """", ""PDES"" => """", ""ISW"" => """"))",1.1542882,0.39404274200000006,1.1542882,0.39404274200000006
bus2665,true,bus-2665,2665,"Area(0, 0.0, 0.0, 0.0, Dict{String, Any}(""I"" => """", ""ARNAME"" => """", ""PTOL"" => """", ""PDES"" => """", ""ISW"" => """"))",0.0604982928,0.022850678000000003,0.0604982928,0.022850678000000003
bus2831,true,bus-2831,2831,"Area(0, 0.0, 0.0, 0.0, Dict{String, Any}(""I"" => """", ""ARNAME"" => """", ""PTOL"" => """", ""PDES"" => """", ""ISW"" => """"))",0.15667620599999998,0.0441233257,0.15667620599999998,0.0441233257
bus4110,true,bus-4110,4110,"Area(0, 0.0, 0.0, 0.0, Dict{String, Any}(""I"" => """", ""ARNAME"" => """", ""PTOL"" => """", ""PDES"" => """", ""ISW"" => """"))",0.143059058,0.0370296315,0.143059058,0.0370296315
bus3001,true,bus-3001,3001,"Area(0, 0.0, 0.0, 0.0, Dict{String, Any}(""I"" => """", ""ARNAME"" => """", ""PTOL"" => """", ""PDES"" => """", ""ISW"" => """"))",0.0248831516,0.0109861715,0.0248831516,0.0109861715
bus2853,true,bus-2853,2853,"Area(0, 0.0, 0.0, 0.0, Dict{String, Any}(""I"" => """", ""ARNAME"" => """", ""PTOL"" => """", ""PDES"" => """", ""ISW"" => """"))",0.028906259799999997,0.0110848045,0.028906259799999997,0.0110848045
bus7628,true,bus-7628,7628,"Area(0, 0.0, 0.0, 0.0, Dict{String, Any}(""I"" => """", ""ARNAME"" => """", ""PTOL"" => """", ""PDES"" => """", ""ISW"" => """"))",0.09197962999999999,0.0353164365,0.09197962999999999,0.0353164365
bus2061,true,bus-2061,2061,"Area(0, 0.0, 0.0, 0.0, Dict{String, Any}(""I"" => """", ""ARNAME"" => """", ""PTOL"" => """", ""PDES"" => """", ""ISW"" => """"))",0.164113972,0.0607538776,0.164113972,0.0607538776
bus1885,true,bus-1885,1885,"Area(0, 0.0, 0.0, 0.0, Dict{String, Any}(""I"" => """", ""ARNAME"" => """", ""PTOL"" => """", ""PDES"" => """", ""ISW"" => """"))",0.032049333799999996,0.00958521563,0.032049333799999996,0.00958521563
bus475,true,bus-475,475,"Area(0, 0.0, 0.0, 0.0, Dict{String, Any}(""I"" => """", ""ARNAME"" => """", ""PTOL"" => """", ""PDES"" => """", ""ISW"" => """"))",0.24435379000000002,0.0724842404,0.24435379000000002,0.0724842404
bus741,true,bus-741,741,"Area(0, 0.0, 0.0, 0.0, Dict{String, Any}(""I"" => """", ""ARNAME"" => """", ""PTOL"" => """", ""PDES"" => """", ""ISW"" => """"))",0.191780584,0.05365665929999999,0.191780584,0.05365665929999999
bus3271,true,bus-3271,3271,"Area(0, 0.0, 0.0, 0.0, Dict{String, Any}(""I"" => """", ""ARNAME"" => """", ""PTOL"" => """", ""PDES"" => """", ""ISW"" => """"))",0.217358935,0.0662404547,0.217358935,0.0662404547
bus3013,true,bus-3013,3013,"Area(0, 0.0, 0.0, 0.0, Dict{String, Any}(""I"" => """", ""ARNAME"" => """", ""PTOL"" => """", ""PDES"" => """", ""ISW"" => """"))",0.0314126465,0.00900177246,0.0314126465,0.00900177246
bus455,true,bus-455,455,"Area(0, 0.0, 0.0, 0.0, Dict{String, Any}(""I"" => """", ""ARNAME"" => """", ""PTOL"" => """", ""PDES"" => """", ""ISW"" => """"))",0.0322068645,0.00968733519,0.0322068645,0.00968733519
bus1216,true,bus-1216,1216,"Area(0, 0.0, 0.0, 0.0, Dict{String, Any}(""I"" => """", ""ARNAME"" => """", ""PTOL"" => """", ""PDES"" => """", ""ISW"" => """"))",0.0353125365,0.0127838904,0.0353125365,0.0127838904
bus1522,true,bus-1522,1522,"Area(0, 0.0, 0.0, 0.0, Dict{String, Any}(""I"" => """", ""ARNAME"" => """", ""PTOL"" => """", ""PDES"" => """", ""ISW"" => """"))",0.09623973279999999,0.026859620299999998,0.102369,0.026859620299999998
bus732,true,bus-732,732,"Area(0, 0.0, 0.0, 0.0, Dict{String, Any}(""I"" => """", ""ARNAME"" => """", ""PTOL"" => """", ""PDES"" => """", ""ISW"" => """"))",0.14652268,0.0465418409,0.14652268,0.0465418409
bus1401,true,bus-1401,1401,"Area(0, 0.0, 0.0, 0.0, Dict{String, Any}(""I"" => """", ""ARNAME"" => """", ""PTOL"" => """", ""PDES"" => """", ""ISW"" => """"))",0.163810254,0.053373536699999995,0.163810254,0.053373536699999995
bus1066,true,bus-1066,1066,"Area(0, 0.0, 0.0, 0.0, Dict{String, Any}(""I"" => """", ""ARNAME"" => """", ""PTOL"" => """", ""PDES"" => """", ""ISW"" => """"))",0.700266482,0.220001998,0.700266482,0.220001998
bus693,true,bus-693,693,"Area(0, 0.0, 0.0, 0.0, Dict{String, Any}(""I"" => """", ""ARNAME"" => """", ""PTOL"" => """", ""PDES"" => """", ""ISW"" => """"))",0.336747131,0.0748180193,0.34762,0.0748180193
bus6531,true,bus-6531,6531,"Area(0, 0.0, 0.0, 0.0, Dict{String, Any}(""I"" => """", ""ARNAME"" => """", ""PTOL"" => """", ""PDES"" => """", ""ISW"" => """"))",0.0133350164,0.00471420919,0.0133350164,0.00471420919
bus1526,true,bus-1526,1526,"Area(0, 0.0, 0.0, 0.0, Dict{String, Any}(""I"" => """", ""ARNAME"" => """", ""PTOL"" => """", ""PDES"" => """", ""ISW"" => """"))",0.126924097,0.0459313385,0.126924097,0.0459313385
bus329,true,bus-329,329,"Area(0, 0.0, 0.0, 0.0, Dict{String, Any}(""I"" => """", ""ARNAME"" => """", ""PTOL"" => """", ""PDES"" => """", ""ISW"" => """"))",0.0663209621,0.021875623900000002,0.0663209621,0.021875623900000002
bus6762,true,bus-6762,6762,"Area(0, 0.0, 0.0, 0.0, Dict{String, Any}(""I"" => """", ""ARNAME"" => """", ""PTOL"" => """", ""PDES"" => """", ""ISW"" => """"))",0.0158063667,0.005902469150000001,0.0158063667,0.005902469150000001
bus1295,true,bus-1295,1295,"Area(0, 0.0, 0.0, 0.0, Dict{String, Any}(""I"" => """", ""ARNAME"" => """", ""PTOL"" => """", ""PDES"" => """", ""ISW"" => """"))",0.040996303899999996,0.011225441899999999,0.040996303899999996,0.011225441899999999
bus3127,true,bus-3127,3127,"Area(0, 0.0, 0.0, 0.0, Dict{String, Any}(""I"" => """", ""ARNAME"" => """", ""PTOL"" => """", ""PDES"" => """", ""ISW"" => """"))",0.0621266147,0.0236214389,0.0621266147,0.0236214389
bus172,true,bus-172,172,"Area(0, 0.0, 0.0, 0.0, Dict{String, Any}(""I"" => """", ""ARNAME"" => """", ""PTOL"" => """", ""PDES"" => """", ""ISW"" => """"))",0.112415249,0.00763814777,0.11769299999999999,0.00763814777
bus361,true,bus-361,361,"Area(0, 0.0, 0.0, 0.0, Dict{String, Any}(""I"" => """", ""ARNAME"" => """", ""PTOL"" => """", ""PDES"" => """", ""ISW"" => """"))",0.0796623382,0.0248182372,0.0796623382,0.0248182372
bus4747,true,bus-4747,4747,"Area(0, 0.0, 0.0, 0.0, Dict{String, Any}(""I"" => """", ""ARNAME"" => """", ""PTOL"" => """", ""PDES"" => """", ""ISW"" => """"))",0.08569074730000001,0.0313022691,0.08569074730000001,0.0313022691
bus2028,true,bus-2028,2028,"Area(0, 0.0, 0.0, 0.0, Dict{String, Any}(""I"" => """", ""ARNAME"" => """", ""PTOL"" => """", ""PDES"" => """", ""ISW"" => """"))",0.0969860303,0.034354515499999995,0.0969860303,0.034354515499999995
bus2180,true,bus-2180,2180,"Area(0, 0.0, 0.0, 0.0, Dict{String, Any}(""I"" => """", ""ARNAME"" => """", ""PTOL"" => """", ""PDES"" => """", ""ISW"" => """"))",0.0247209345,0.00962699003,0.0247209345,0.00962699003
bus5399,true,bus-5399,5399,"Area(0, 0.0, 0.0, 0.0, Dict{String, Any}(""I"" => """", ""ARNAME"" => """", ""PTOL"" => """", ""PDES"" => """", ""ISW"" => """"))",0.030770708600000002,0.011907210800000002,0.030770708600000002,0.011907210800000002
bus336,true,bus-336,336,"Area(0, 0.0, 0.0, 0.0, Dict{String, Any}(""I"" => """", ""ARNAME"" => """", ""PTOL"" => """", ""PDES"" => """", ""ISW"" => """"))",0.0507272865,0.0130501741,0.0507272865,0.0130501741
bus7426,true,bus-7426,7426,"Area(0, 0.0, 0.0, 0.0, Dict{String, Any}(""I"" => """", ""ARNAME"" => """", ""PTOL"" => """", ""PDES"" => """", ""ISW"" => """"))",0.0775788902,0.018948356,0.0775788902,0.018948356
bus3372,true,bus-3372,3372,"Area(0, 0.0, 0.0, 0.0, Dict{String, Any}(""I"" => """", ""ARNAME"" => """", ""PTOL"" => """", ""PDES"" => """", ""ISW"" => """"))",0.157553936,0.040474356399999994,0.158313,0.040474356399999994
bus1183,true,bus-1183,1183,"Area(0, 0.0, 0.0, 0.0, Dict{String, Any}(""I"" => """", ""ARNAME"" => """", ""PTOL"" => """", ""PDES"" => """", ""ISW"" => """"))",0.30148965,0.09270434509999999,0.30148965,0.09270434509999999
bus1473,true,bus-1473,1473,"Area(0, 0.0, 0.0, 0.0, Dict{String, Any}(""I"" => """", ""ARNAME"" => """", ""PTOL"" => """", ""PDES"" => """", ""ISW"" => """"))",0.560544214,0.14937621099999998,0.560544214,0.14937621099999998
bus7084,true,bus-7084,7084,"Area(0, 0.0, 0.0, 0.0, Dict{String, Any}(""I"" => """", ""ARNAME"" => """", ""PTOL"" => """", ""PDES"" => """", ""ISW"" => """"))",0.022465595,0.00734256088,0.022465595,0.00734256088
bus2202,true,bus-2202,2202,"Area(0, 0.0, 0.0, 0.0, Dict{String, Any}(""I"" => """", ""ARNAME"" => """", ""PTOL"" => """", ""PDES"" => """", ""ISW"" => """"))",0.06870071259999999,0.020813159799999998,0.06870071259999999,0.020813159799999998
bus6652,true,bus-6652,6652,"Area(0, 0.0, 0.0, 0.0, Dict{String, Any}(""I"" => """", ""ARNAME"" => """", ""PTOL"" => """", ""PDES"" => """", ""ISW"" => """"))",0.042799942599999995,0.0144206379,0.042799942599999995,0.0144206379
bus2326,true,bus-2326,2326,"Area(0, 0.0, 0.0, 0.0, Dict{String, Any}(""I"" => """", ""ARNAME"" => """", ""PTOL"" => """", ""PDES"" => """", ""ISW"" => """"))",0.056725315600000006,0.0155659298,0.056725315600000006,0.0155659298
bus1465,true,bus-1465,1465,"Area(0, 0.0, 0.0, 0.0, Dict{String, Any}(""I"" => """", ""ARNAME"" => """", ""PTOL"" => """", ""PDES"" => """", ""ISW"" => """"))",0.529119505,0.135291541,0.529119505,0.135291541
bus1196,true,bus-1196,1196,"Area(0, 0.0, 0.0, 0.0, Dict{String, Any}(""I"" => """", ""ARNAME"" => """", ""PTOL"" => """", ""PDES"" => """", ""ISW"" => """"))",0.0322681561,0.0126486516,0.0322681561,0.0126486516
bus6539,true,bus-6539,6539,"Area(0, 0.0, 0.0, 0.0, Dict{String, Any}(""I"" => """", ""ARNAME"" => """", ""PTOL"" => """", ""PDES"" => """", ""ISW"" => """"))",0.393248666,0.126342616,0.393248666,0.126342616
bus1699,true,bus-1699,1699,"Area(0, 0.0, 0.0, 0.0, Dict{String, Any}(""I"" => """", ""ARNAME"" => """", ""PTOL"" => """", ""PDES"" => """", ""ISW"" => """"))",0.0441465895,0.0154744973,0.0441465895,0.0154744973
bus94,true,bus-94,94,"Area(0, 0.0, 0.0, 0.0, Dict{String, Any}(""I"" => """", ""ARNAME"" => """", ""PTOL"" => """", ""PDES"" => """", ""ISW"" => """"))",0.10220178,0.0337516303,0.10220178,0.0337516303
bus2319,true,bus-2319,2319,"Area(0, 0.0, 0.0, 0.0, Dict{String, Any}(""I"" => """", ""ARNAME"" => """", ""PTOL"" => """", ""PDES"" => """", ""ISW"" => """"))",0.132733553,0.0332513651,0.133639,0.0332513651
bus1439,true,bus-1439,1439,"Area(0, 0.0, 0.0, 0.0, Dict{String, Any}(""I"" => """", ""ARNAME"" => """", ""PTOL"" => """", ""PDES"" => """", ""ISW"" => """"))",0.129364778,0.035382826299999996,0.129364778,0.035382826299999996
bus4032,true,bus-4032,4032,"Area(0, 0.0, 0.0, 0.0, Dict{String, Any}(""I"" => """", ""ARNAME"" => """", ""PTOL"" => """", ""PDES"" => """", ""ISW"" => """"))",0.10434273100000001,0.0332052892,0.10434273100000001,0.0332052892
bus4856,true,bus-4856,4856,"Area(0, 0.0, 0.0, 0.0, Dict{String, Any}(""I"" => """", ""ARNAME"" => """", ""PTOL"" => """", ""PDES"" => """", ""ISW"" => """"))",0.8255886499999999,0.16422593,0.881487,0.16422593
bus2006,true,bus-2006,2006,"Area(0, 0.0, 0.0, 0.0, Dict{String, Any}(""I"" => """", ""ARNAME"" => """", ""PTOL"" => """", ""PDES"" => """", ""ISW"" => """"))",0.179078382,0.059889545599999996,0.179078382,0.059889545599999996
bus645,true,bus-645,645,"Area(0, 0.0, 0.0, 0.0, Dict{String, Any}(""I"" => """", ""ARNAME"" => """", ""PTOL"" => """", ""PDES"" => """", ""ISW"" => """"))",0.2867019,0.0973410837,0.2867019,0.0973410837
bus543,true,bus-543,543,"Area(0, 0.0, 0.0, 0.0, Dict{String, Any}(""I"" => """", ""ARNAME"" => """", ""PTOL"" => """", ""PDES"" => """", ""ISW"" => """"))",0.223252873,0.0276430007,0.232308,0.0276430007
bus1879,true,bus-1879,1879,"Area(0, 0.0, 0.0, 0.0, Dict{String, Any}(""I"" => """", ""ARNAME"" => """", ""PTOL"" => """", ""PDES"" => """", ""ISW"" => """"))",0.250973996,0.08216322549999999,0.250973996,0.08216322549999999
bus2032,true,bus-2032,2032,"Area(0, 0.0, 0.0, 0.0, Dict{String, Any}(""I"" => """", ""ARNAME"" => """", ""PTOL"" => """", ""PDES"" => """", ""ISW"" => """"))",0.515654637,0.170019116,0.515654637,0.170019116
bus1101,true,bus-1101,1101,"Area(0, 0.0, 0.0, 0.0, Dict{String, Any}(""I"" => """", ""ARNAME"" => """", ""PTOL"" => """", ""PDES"" => """", ""ISW"" => """"))",0.309928231,0.111159572,0.309928231,0.111159572
bus1565,true,bus-1565,1565,"Area(0, 0.0, 0.0, 0.0, Dict{String, Any}(""I"" => """", ""ARNAME"" => """", ""PTOL"" => """", ""PDES"" => """", ""ISW"" => """"))",0.0757502192,0.0209191781,0.0757502192,0.0209191781
bus2307,true,bus-2307,2307,"Area(0, 0.0, 0.0, 0.0, Dict{String, Any}(""I"" => """", ""ARNAME"" => """", ""PTOL"" => """", ""PDES"" => """", ""ISW"" => """"))",0.865987548,0.251993799,0.865987548,0.251993799
bus2358,true,bus-2358,2358,"Area(0, 0.0, 0.0, 0.0, Dict{String, Any}(""I"" => """", ""ARNAME"" => """", ""PTOL"" => """", ""PDES"" => """", ""ISW"" => """"))",0.031747456199999996,0.01175122,0.031747456199999996,0.01175122
bus6628,true,bus-6628,6628,"Area(0, 0.0, 0.0, 0.0, Dict{String, Any}(""I"" => """", ""ARNAME"" => """", ""PTOL"" => """", ""PDES"" => """", ""ISW"" => """"))",0.23549544,0.0590583217,0.23549544,0.0590583217
bus4028,true,bus-4028,4028,"Area(0, 0.0, 0.0, 0.0, Dict{String, Any}(""I"" => """", ""ARNAME"" => """", ""PTOL"" => """", ""PDES"" => """", ""ISW"" => """"))",0.054390910699999996,0.0182017758,0.054390910699999996,0.0182017758
bus2114,true,bus-2114,2114,"Area(0, 0.0, 0.0, 0.0, Dict{String, Any}(""I"" => """", ""ARNAME"" => """", ""PTOL"" => """", ""PDES"" => """", ""ISW"" => """"))",0.032121850300000004,0.00959344398,0.032121850300000004,0.00959344398
bus2818,true,bus-2818,2818,"Area(0, 0.0, 0.0, 0.0, Dict{String, Any}(""I"" => """", ""ARNAME"" => """", ""PTOL"" => """", ""PDES"" => """", ""ISW"" => """"))",0.34100392300000004,0.118496594,0.34100392300000004,0.118496594
bus1109,true,bus-1109,1109,"Area(0, 0.0, 0.0, 0.0, Dict{String, Any}(""I"" => """", ""ARNAME"" => """", ""PTOL"" => """", ""PDES"" => """", ""ISW"" => """"))",0.7686397030000001,0.212227425,0.7686397030000001,0.212227425
bus8512,true,bus-8512,8512,"Area(0, 0.0, 0.0, 0.0, Dict{String, Any}(""I"" => """", ""ARNAME"" => """", ""PTOL"" => """", ""PDES"" => """", ""ISW"" => """"))",0.174013202,0.0596384195,0.174013202,0.0596384195
bus7885,true,bus-7885,7885,"Area(0, 0.0, 0.0, 0.0, Dict{String, Any}(""I"" => """", ""ARNAME"" => """", ""PTOL"" => """", ""PDES"" => """", ""ISW"" => """"))",0.0642295442,0.018922604,0.0642295442,0.018922604
bus1257,true,bus-1257,1257,"Area(0, 0.0, 0.0, 0.0, Dict{String, Any}(""I"" => """", ""ARNAME"" => """", ""PTOL"" => """", ""PDES"" => """", ""ISW"" => """"))",0.497086309,0.145156389,0.497086309,0.145156389
bus6656,true,bus-6656,6656,"Area(0, 0.0, 0.0, 0.0, Dict{String, Any}(""I"" => """", ""ARNAME"" => """", ""PTOL"" => """", ""PDES"" => """", ""ISW"" => """"))",0.043889802900000004,0.0152324472,0.043889802900000004,0.0152324472
bus7835,true,bus-7835,7835,"Area(0, 0.0, 0.0, 0.0, Dict{String, Any}(""I"" => """", ""ARNAME"" => """", ""PTOL"" => """", ""PDES"" => """", ""ISW"" => """"))",0.012553244299999999,0.0054731460700000005,0.012553244299999999,0.0054731460700000005
bus115,true,bus-115,115,"Area(0, 0.0, 0.0, 0.0, Dict{String, Any}(""I"" => """", ""ARNAME"" => """", ""PTOL"" => """", ""PDES"" => """", ""ISW"" => """"))",0.0703469662,0.0230488372,0.0703469662,0.0230488372
bus1124,true,bus-1124,1124,"Area(0, 0.0, 0.0, 0.0, Dict{String, Any}(""I"" => """", ""ARNAME"" => """", ""PTOL"" => """", ""PDES"" => """", ""ISW"" => """"))",0.453189414,0.156196428,0.453189414,0.156196428
bus6561,true,bus-6561,6561,"Area(0, 0.0, 0.0, 0.0, Dict{String, Any}(""I"" => """", ""ARNAME"" => """", ""PTOL"" => """", ""PDES"" => """", ""ISW"" => """"))",0.195073821,0.070137073,0.195073821,0.070137073
bus773,true,bus-773,773,"Area(0, 0.0, 0.0, 0.0, Dict{String, Any}(""I"" => """", ""ARNAME"" => """", ""PTOL"" => """", ""PDES"" => """", ""ISW"" => """"))",0.0834434738,0.0275002934,0.0834434738,0.0275002934
bus424,true,bus-424,424,"Area(0, 0.0, 0.0, 0.0, Dict{String, Any}(""I"" => """", ""ARNAME"" => """", ""PTOL"" => """", ""PDES"" => """", ""ISW"" => """"))",0.353822599,0.122730078,0.353822599,0.122730078
bus1431,true,bus-1431,1431,"Area(0, 0.0, 0.0, 0.0, Dict{String, Any}(""I"" => """", ""ARNAME"" => """", ""PTOL"" => """", ""PDES"" => """", ""ISW"" => """"))",0.434768029,0.10640111,0.434768029,0.10640111
bus722,true,bus-722,722,"Area(0, 0.0, 0.0, 0.0, Dict{String, Any}(""I"" => """", ""ARNAME"" => """", ""PTOL"" => """", ""PDES"" => """", ""ISW"" => """"))",0.534933513,0.186848304,0.534933513,0.186848304
bus1001,true,bus-1001,1001,"Area(0, 0.0, 0.0, 0.0, Dict{String, Any}(""I"" => """", ""ARNAME"" => """", ""PTOL"" => """", ""PDES"" => """", ""ISW"" => """"))",0.448279506,0.0824378512,0.47045400000000004,0.0824378512
bus367,true,bus-367,367,"Area(0, 0.0, 0.0, 0.0, Dict{String, Any}(""I"" => """", ""ARNAME"" => """", ""PTOL"" => """", ""PDES"" => """", ""ISW"" => """"))",0.21751968000000002,0.0661569304,0.21751968000000002,0.0661569304
bus3191,true,bus-3191,3191,"Area(0, 0.0, 0.0, 0.0, Dict{String, Any}(""I"" => """", ""ARNAME"" => """", ""PTOL"" => """", ""PDES"" => """", ""ISW"" => """"))",0.0496699159,0.0140048326,0.0496699159,0.0140048326
bus2293,true,bus-2293,2293,"Area(0, 0.0, 0.0, 0.0, Dict{String, Any}(""I"" => """", ""ARNAME"" => """", ""PTOL"" => """", ""PDES"" => """", ""ISW"" => """"))",0.0872529006,0.0203162839,0.0872529006,0.0203162839
bus8320,true,bus-8320,8320,"Area(0, 0.0, 0.0, 0.0, Dict{String, Any}(""I"" => """", ""ARNAME"" => """", ""PTOL"" => """", ""PDES"" => """", ""ISW"" => """"))",0.418310057,0.11721900099999999,0.418310057,0.11721900099999999
bus6611,true,bus-6611,6611,"Area(0, 0.0, 0.0, 0.0, Dict{String, Any}(""I"" => """", ""ARNAME"" => """", ""PTOL"" => """", ""PDES"" => """", ""ISW"" => """"))",1.15797277,0.225335193,1.2506780000000002,0.225335193
bus1436,true,bus-1436,1436,"Area(0, 0.0, 0.0, 0.0, Dict{String, Any}(""I"" => """", ""ARNAME"" => """", ""PTOL"" => """", ""PDES"" => """", ""ISW"" => """"))",0.0948329128,0.0310249896,0.0948329128,0.0310249896
bus2350,true,bus-2350,2350,"Area(0, 0.0, 0.0, 0.0, Dict{String, Any}(""I"" => """", ""ARNAME"" => """", ""PTOL"" => """", ""PDES"" => """", ""ISW"" => """"))",0.18124847500000002,0.0542460174,0.18124847500000002,0.0542460174
bus404,true,bus-404,404,"Area(0, 0.0, 0.0, 0.0, Dict{String, Any}(""I"" => """", ""ARNAME"" => """", ""PTOL"" => """", ""PDES"" => """", ""ISW"" => """"))",0.248797284,0.09226960890000001,0.248797284,0.09226960890000001
bus4417,true,bus-4417,4417,"Area(0, 0.0, 0.0, 0.0, Dict{String, Any}(""I"" => """", ""ARNAME"" => """", ""PTOL"" => """", ""PDES"" => """", ""ISW"" => """"))",0.053205139600000007,0.0144653611,0.053205139600000007,0.0144653611
bus2836,true,bus-2836,2836,"Area(0, 0.0, 0.0, 0.0, Dict{String, Any}(""I"" => """", ""ARNAME"" => """", ""PTOL"" => """", ""PDES"" => """", ""ISW"" => """"))",0.0507287934,0.0171861636,0.0507287934,0.0171861636
bus5,true,bus-5,5,"Area(0, 0.0, 0.0, 0.0, Dict{String, Any}(""I"" => """", ""ARNAME"" => """", ""PTOL"" => """", ""PDES"" => """", ""ISW"" => """"))",1.15972748,0.314555386,1.15972748,0.314555386
bus3497,true,bus-3497,3497,"Area(0, 0.0, 0.0, 0.0, Dict{String, Any}(""I"" => """", ""ARNAME"" => """", ""PTOL"" => """", ""PDES"" => """", ""ISW"" => """"))",0.050197864499999995,0.011730337,0.050197864499999995,0.011730337
bus251,true,bus-251,251,"Area(0, 0.0, 0.0, 0.0, Dict{String, Any}(""I"" => """", ""ARNAME"" => """", ""PTOL"" => """", ""PDES"" => """", ""ISW"" => """"))",0.142078705,0.046070819500000006,0.142078705,0.046070819500000006
bus5555,true,bus-5555,5555,"Area(0, 0.0, 0.0, 0.0, Dict{String, Any}(""I"" => """", ""ARNAME"" => """", ""PTOL"" => """", ""PDES"" => """", ""ISW"" => """"))",0.0640824743,0.0244126877,0.0640824743,0.0244126877
bus649,true,bus-649,649,"Area(0, 0.0, 0.0, 0.0, Dict{String, Any}(""I"" => """", ""ARNAME"" => """", ""PTOL"" => """", ""PDES"" => """", ""ISW"" => """"))",0.30892564,0.0708339813,0.32256100000000004,0.0708339813
bus347,true,bus-347,347,"Area(0, 0.0, 0.0, 0.0, Dict{String, Any}(""I"" => """", ""ARNAME"" => """", ""PTOL"" => """", ""PDES"" => """", ""ISW"" => """"))",2.20867498,0.7449390370000001,2.20867498,0.7449390370000001
bus1994,true,bus-1994,1994,"Area(0, 0.0, 0.0, 0.0, Dict{String, Any}(""I"" => """", ""ARNAME"" => """", ""PTOL"" => """", ""PDES"" => """", ""ISW"" => """"))",0.0605738864,0.0193098799,0.0605738864,0.0193098799
bus7480,true,bus-7480,7480,"Area(0, 0.0, 0.0, 0.0, Dict{String, Any}(""I"" => """", ""ARNAME"" => """", ""PTOL"" => """", ""PDES"" => """", ""ISW"" => """"))",0.04851279210000001,0.0193917668,0.04851279210000001,0.0193917668
bus2073,true,bus-2073,2073,"Area(0, 0.0, 0.0, 0.0, Dict{String, Any}(""I"" => """", ""ARNAME"" => """", ""PTOL"" => """", ""PDES"" => """", ""ISW"" => """"))",0.11117202799999999,0.0379349982,0.11117202799999999,0.0379349982
bus1954,true,bus-1954,1954,"Area(0, 0.0, 0.0, 0.0, Dict{String, Any}(""I"" => """", ""ARNAME"" => """", ""PTOL"" => """", ""PDES"" => """", ""ISW"" => """"))",0.205918618,0.08433762480000001,0.205918618,0.08433762480000001
bus160,true,bus-160,160,"Area(0, 0.0, 0.0, 0.0, Dict{String, Any}(""I"" => """", ""ARNAME"" => """", ""PTOL"" => """", ""PDES"" => """", ""ISW"" => """"))",0.126652367,0.0379349975,0.126652367,0.0379349975
bus2342,true,bus-2342,2342,"Area(0, 0.0, 0.0, 0.0, Dict{String, Any}(""I"" => """", ""ARNAME"" => """", ""PTOL"" => """", ""PDES"" => """", ""ISW"" => """"))",0.080478666,0.027747685799999998,0.080478666,0.027747685799999998
bus518,true,bus-518,518,"Area(0, 0.0, 0.0, 0.0, Dict{String, Any}(""I"" => """", ""ARNAME"" => """", ""PTOL"" => """", ""PDES"" => """", ""ISW"" => """"))",0.646281645,0.21076762699999999,0.646281645,0.21076762699999999
bus4625,true,bus-4625,4625,"Area(0, 0.0, 0.0, 0.0, Dict{String, Any}(""I"" => """", ""ARNAME"" => """", ""PTOL"" => """", ""PDES"" => """", ""ISW"" => """"))",0.0350956615,0.0120328473,0.0350956615,0.0120328473
bus530,true,bus-530,530,"Area(0, 0.0, 0.0, 0.0, Dict{String, Any}(""I"" => """", ""ARNAME"" => """", ""PTOL"" => """", ""PDES"" => """", ""ISW"" => """"))",0.133776369,0.0322207396,0.133776369,0.0322207396
bus1851,true,bus-1851,1851,"Area(0, 0.0, 0.0, 0.0, Dict{String, Any}(""I"" => """", ""ARNAME"" => """", ""PTOL"" => """", ""PDES"" => """", ""ISW"" => """"))",0.0136608835,0.00606674618,0.0136608835,0.00606674618
bus2906,true,bus-2906,2906,"Area(0, 0.0, 0.0, 0.0, Dict{String, Any}(""I"" => """", ""ARNAME"" => """", ""PTOL"" => """", ""PDES"" => """", ""ISW"" => """"))",0.0258967595,0.00926705122,0.0258967595,0.00926705122
bus7691,true,bus-7691,7691,"Area(0, 0.0, 0.0, 0.0, Dict{String, Any}(""I"" => """", ""ARNAME"" => """", ""PTOL"" => """", ""PDES"" => """", ""ISW"" => """"))",0.19634863800000002,0.053809445,0.19634863800000002,0.053809445
bus931,true,bus-931,931,"Area(0, 0.0, 0.0, 0.0, Dict{String, Any}(""I"" => """", ""ARNAME"" => """", ""PTOL"" => """", ""PDES"" => """", ""ISW"" => """"))",0.07451205050000001,0.0265851089,0.07451205050000001,0.0265851089
bus550,true,bus-550,550,"Area(0, 0.0, 0.0, 0.0, Dict{String, Any}(""I"" => """", ""ARNAME"" => """", ""PTOL"" => """", ""PDES"" => """", ""ISW"" => """"))",0.236227305,0.091783086,0.236227305,0.091783086
bus8313,true,bus-8313,8313,"Area(0, 0.0, 0.0, 0.0, Dict{String, Any}(""I"" => """", ""ARNAME"" => """", ""PTOL"" => """", ""PDES"" => """", ""ISW"" => """"))",0.317654649,0.106862797,0.317654649,0.106862797
bus1761,true,bus-1761,1761,"Area(0, 0.0, 0.0, 0.0, Dict{String, Any}(""I"" => """", ""ARNAME"" => """", ""PTOL"" => """", ""PDES"" => """", ""ISW"" => """"))",0.203002337,0.0655711695,0.203002337,0.0655711695
bus3674,true,bus-3674,3674,"Area(0, 0.0, 0.0, 0.0, Dict{String, Any}(""I"" => """", ""ARNAME"" => """", ""PTOL"" => """", ""PDES"" => """", ""ISW"" => """"))",0.0738517757,0.023718119299999996,0.0738517757,0.023718119299999996
bus798,true,bus-798,798,"Area(0, 0.0, 0.0, 0.0, Dict{String, Any}(""I"" => """", ""ARNAME"" => """", ""PTOL"" => """", ""PDES"" => """", ""ISW"" => """"))",0.00879968515,0.0035016204899999998,0.00879968515,0.0035016204899999998
bus2922,true,bus-2922,2922,"Area(0, 0.0, 0.0, 0.0, Dict{String, Any}(""I"" => """", ""ARNAME"" => """", ""PTOL"" => """", ""PDES"" => """", ""ISW"" => """"))",0.0493231939,0.014329110300000001,0.0493231939,0.014329110300000001
bus7940,true,bus-7940,7940,"Area(0, 0.0, 0.0, 0.0, Dict{String, Any}(""I"" => """", ""ARNAME"" => """", ""PTOL"" => """", ""PDES"" => """", ""ISW"" => """"))",0.0816356818,0.034468462899999996,0.0816356818,0.034468462899999996
bus4702,true,bus-4702,4702,"Area(0, 0.0, 0.0, 0.0, Dict{String, Any}(""I"" => """", ""ARNAME"" => """", ""PTOL"" => """", ""PDES"" => """", ""ISW"" => """"))",0.201542165,0.0493918462,0.201542165,0.0493918462
bus1529,true,bus-1529,1529,"Area(0, 0.0, 0.0, 0.0, Dict{String, Any}(""I"" => """", ""ARNAME"" => """", ""PTOL"" => """", ""PDES"" => """", ""ISW"" => """"))",0.032542859800000004,0.012611854499999998,0.032542859800000004,0.012611854499999998
bus7590,true,bus-7590,7590,"Area(0, 0.0, 0.0, 0.0, Dict{String, Any}(""I"" => """", ""ARNAME"" => """", ""PTOL"" => """", ""PDES"" => """", ""ISW"" => """"))",0.06203944510000001,0.0185105888,0.06203944510000001,0.0185105888
bus3460,true,bus-3460,3460,"Area(0, 0.0, 0.0, 0.0, Dict{String, Any}(""I"" => """", ""ARNAME"" => """", ""PTOL"" => """", ""PDES"" => """", ""ISW"" => """"))",0.08868332840000001,0.027235735499999997,0.08868332840000001,0.027235735499999997
bus1866,true,bus-1866,1866,"Area(0, 0.0, 0.0, 0.0, Dict{String, Any}(""I"" => """", ""ARNAME"" => """", ""PTOL"" => """", ""PDES"" => """", ""ISW"" => """"))",1.0679235599999999,0.25010113900000003,1.093271,0.25010113900000003
bus7781,true,bus-7781,7781,"Area(0, 0.0, 0.0, 0.0, Dict{String, Any}(""I"" => """", ""ARNAME"" => """", ""PTOL"" => """", ""PDES"" => """", ""ISW"" => """"))",0.102451954,0.0352054914,0.102451954,0.0352054914
bus4603,true,bus-4603,4603,"Area(0, 0.0, 0.0, 0.0, Dict{String, Any}(""I"" => """", ""ARNAME"" => """", ""PTOL"" => """", ""PDES"" => """", ""ISW"" => """"))",0.026261142199999997,0.0106866203,0.026261142199999997,0.0106866203
bus2010,true,bus-2010,2010,"Area(0, 0.0, 0.0, 0.0, Dict{String, Any}(""I"" => """", ""ARNAME"" => """", ""PTOL"" => """", ""PDES"" => """", ""ISW"" => """"))",0.0506348325,0.0167782837,0.0506348325,0.0167782837
bus1090,true,bus-1090,1090,"Area(0, 0.0, 0.0, 0.0, Dict{String, Any}(""I"" => """", ""ARNAME"" => """", ""PTOL"" => """", ""PDES"" => """", ""ISW"" => """"))",0.37390953600000004,0.11498785399999999,0.37390953600000004,0.11498785399999999
bus590,true,bus-590,590,"Area(0, 0.0, 0.0, 0.0, Dict{String, Any}(""I"" => """", ""ARNAME"" => """", ""PTOL"" => """", ""PDES"" => """", ""ISW"" => """"))",0.0653476994,0.021317885900000003,0.0653476994,0.021317885900000003
bus770,true,bus-770,770,"Area(0, 0.0, 0.0, 0.0, Dict{String, Any}(""I"" => """", ""ARNAME"" => """", ""PTOL"" => """", ""PDES"" => """", ""ISW"" => """"))",0.0471966697,0.0179198185,0.0471966697,0.0179198185
bus1065,true,bus-1065,1065,"Area(0, 0.0, 0.0, 0.0, Dict{String, Any}(""I"" => """", ""ARNAME"" => """", ""PTOL"" => """", ""PDES"" => """", ""ISW"" => """"))",0.34610615699999997,0.07099184389999999,0.369152,0.07099184389999999
bus2161,true,bus-2161,2161,"Area(0, 0.0, 0.0, 0.0, Dict{String, Any}(""I"" => """", ""ARNAME"" => """", ""PTOL"" => """", ""PDES"" => """", ""ISW"" => """"))",0.0505149103,0.0183147627,0.0505149103,0.0183147627
bus218,true,bus-218,218,"Area(0, 0.0, 0.0, 0.0, Dict{String, Any}(""I"" => """", ""ARNAME"" => """", ""PTOL"" => """", ""PDES"" => """", ""ISW"" => """"))",0.20465299,0.055497299900000005,0.215375,0.055497299900000005
bus1499,true,bus-1499,1499,"Area(0, 0.0, 0.0, 0.0, Dict{String, Any}(""I"" => """", ""ARNAME"" => """", ""PTOL"" => """", ""PDES"" => """", ""ISW"" => """"))",0.0333135329,0.0125012404,0.0333135329,0.0125012404
bus9,true,bus-9,9,"Area(0, 0.0, 0.0, 0.0, Dict{String, Any}(""I"" => """", ""ARNAME"" => """", ""PTOL"" => """", ""PDES"" => """", ""ISW"" => """"))",0.0812221285,0.030370596399999998,0.0812221285,0.030370596399999998
bus8638,true,bus-8638,8638,"Area(0, 0.0, 0.0, 0.0, Dict{String, Any}(""I"" => """", ""ARNAME"" => """", ""PTOL"" => """", ""PDES"" => """", ""ISW"" => """"))",0.173099644,0.0485672071,0.173099644,0.0485672071
bus617,true,bus-617,617,"Area(0, 0.0, 0.0, 0.0, Dict{String, Any}(""I"" => """", ""ARNAME"" => """", ""PTOL"" => """", ""PDES"" => """", ""ISW"" => """"))",0.194291698,0.041450603600000004,0.194291698,0.041450603600000004
bus2479,true,bus-2479,2479,"Area(0, 0.0, 0.0, 0.0, Dict{String, Any}(""I"" => """", ""ARNAME"" => """", ""PTOL"" => """", ""PDES"" => """", ""ISW"" => """"))",0.096785036,0.0326481063,0.096785036,0.0326481063
bus1999,true,bus-1999,1999,"Area(0, 0.0, 0.0, 0.0, Dict{String, Any}(""I"" => """", ""ARNAME"" => """", ""PTOL"" => """", ""PDES"" => """", ""ISW"" => """"))",0.0883946432,0.0326069729,0.0883946432,0.0326069729
bus118,true,bus-118,118,"Area(0, 0.0, 0.0, 0.0, Dict{String, Any}(""I"" => """", ""ARNAME"" => """", ""PTOL"" => """", ""PDES"" => """", ""ISW"" => """"))",0.0535696083,0.0106867683,0.0535696083,0.0106867683
bus487,true,bus-487,487,"Area(0, 0.0, 0.0, 0.0, Dict{String, Any}(""I"" => """", ""ARNAME"" => """", ""PTOL"" => """", ""PDES"" => """", ""ISW"" => """"))",0.147967193,0.0515596981,0.147967193,0.0515596981
bus7034,true,bus-7034,7034,"Area(0, 0.0, 0.0, 0.0, Dict{String, Any}(""I"" => """", ""ARNAME"" => """", ""PTOL"" => """", ""PDES"" => """", ""ISW"" => """"))",0.210988112,0.056151598299999994,0.215763,0.056151598299999994
bus6939,true,bus-6939,6939,"Area(0, 0.0, 0.0, 0.0, Dict{String, Any}(""I"" => """", ""ARNAME"" => """", ""PTOL"" => """", ""PDES"" => """", ""ISW"" => """"))",0.23744281,0.0684922048,0.23744281,0.0684922048
bus1814,true,bus-1814,1814,"Area(0, 0.0, 0.0, 0.0, Dict{String, Any}(""I"" => """", ""ARNAME"" => """", ""PTOL"" => """", ""PDES"" => """", ""ISW"" => """"))",0.20596829,0.0689893389,0.20596829,0.0689893389
bus358,true,bus-358,358,"Area(0, 0.0, 0.0, 0.0, Dict{String, Any}(""I"" => """", ""ARNAME"" => """", ""PTOL"" => """", ""PDES"" => """", ""ISW"" => """"))",0.485503775,0.157760861,0.485503775,0.157760861
bus2175,true,bus-2175,2175,"Area(0, 0.0, 0.0, 0.0, Dict{String, Any}(""I"" => """", ""ARNAME"" => """", ""PTOL"" => """", ""PDES"" => """", ""ISW"" => """"))",0.0614960837,0.0230612943,0.0614960837,0.0230612943
bus8761,true,bus-8761,8761,"Area(0, 0.0, 0.0, 0.0, Dict{String, Any}(""I"" => """", ""ARNAME"" => """", ""PTOL"" => """", ""PDES"" => """", ""ISW"" => """"))",0.00363589073,0.0013608046,0.00363589073,0.0013608046
bus828,true,bus-828,828,"Area(0, 0.0, 0.0, 0.0, Dict{String, Any}(""I"" => """", ""ARNAME"" => """", ""PTOL"" => """", ""PDES"" => """", ""ISW"" => """"))",0.0370373254,0.0140254309,0.0370373254,0.0140254309
bus1789,true,bus-1789,1789,"Area(0, 0.0, 0.0, 0.0, Dict{String, Any}(""I"" => """", ""ARNAME"" => """", ""PTOL"" => """", ""PDES"" => """", ""ISW"" => """"))",0.284969164,0.08020132390000001,0.284969164,0.08020132390000001
bus293,true,bus-293,293,"Area(0, 0.0, 0.0, 0.0, Dict{String, Any}(""I"" => """", ""ARNAME"" => """", ""PTOL"" => """", ""PDES"" => """", ""ISW"" => """"))",0.0733723046,0.0229290408,0.077185,0.0229290408
bus148,true,bus-148,148,"Area(0, 0.0, 0.0, 0.0, Dict{String, Any}(""I"" => """", ""ARNAME"" => """", ""PTOL"" => """", ""PDES"" => """", ""ISW"" => """"))",0.127199757,0.031553552,0.127199757,0.031553552
bus84,true,bus-84,84,"Area(0, 0.0, 0.0, 0.0, Dict{String, Any}(""I"" => """", ""ARNAME"" => """", ""PTOL"" => """", ""PDES"" => """", ""ISW"" => """"))",0.11132180800000001,0.0407691895,0.11132180800000001,0.0407691895
bus1768,true,bus-1768,1768,"Area(0, 0.0, 0.0, 0.0, Dict{String, Any}(""I"" => """", ""ARNAME"" => """", ""PTOL"" => """", ""PDES"" => """", ""ISW"" => """"))",0.032560974900000005,0.012433230900000002,0.032560974900000005,0.012433230900000002
bus3023,true,bus-3023,3023,"Area(0, 0.0, 0.0, 0.0, Dict{String, Any}(""I"" => """", ""ARNAME"" => """", ""PTOL"" => """", ""PDES"" => """", ""ISW"" => """"))",0.03915007,0.011849414599999998,0.03915007,0.011849414599999998
bus4756,true,bus-4756,4756,"Area(0, 0.0, 0.0, 0.0, Dict{String, Any}(""I"" => """", ""ARNAME"" => """", ""PTOL"" => """", ""PDES"" => """", ""ISW"" => """"))",0.08285875250000001,0.0302440441,0.08285875250000001,0.0302440441
bus2066,true,bus-2066,2066,"Area(0, 0.0, 0.0, 0.0, Dict{String, Any}(""I"" => """", ""ARNAME"" => """", ""PTOL"" => """", ""PDES"" => """", ""ISW"" => """"))",0.30424628200000003,0.108934786,0.30424628200000003,0.108934786
bus8316,true,bus-8316,8316,"Area(0, 0.0, 0.0, 0.0, Dict{String, Any}(""I"" => """", ""ARNAME"" => """", ""PTOL"" => """", ""PDES"" => """", ""ISW"" => """"))",0.22314478000000001,0.0535084049,0.228649,0.0535084049
bus385,true,bus-385,385,"Area(0, 0.0, 0.0, 0.0, Dict{String, Any}(""I"" => """", ""ARNAME"" => """", ""PTOL"" => """", ""PDES"" => """", ""ISW"" => """"))",0.9027132840000001,0.186343344,0.906722,0.186343344
bus3443,true,bus-3443,3443,"Area(0, 0.0, 0.0, 0.0, Dict{String, Any}(""I"" => """", ""ARNAME"" => """", ""PTOL"" => """", ""PDES"" => """", ""ISW"" => """"))",0.06419400730000001,0.022236353599999998,0.06419400730000001,0.022236353599999998
bus6658,true,bus-6658,6658,"Area(0, 0.0, 0.0, 0.0, Dict{String, Any}(""I"" => """", ""ARNAME"" => """", ""PTOL"" => """", ""PDES"" => """", ""ISW"" => """"))",0.103610939,0.0327995132,0.103610939,0.0327995132
bus2072,true,bus-2072,2072,"Area(0, 0.0, 0.0, 0.0, Dict{String, Any}(""I"" => """", ""ARNAME"" => """", ""PTOL"" => """", ""PDES"" => """", ""ISW"" => """"))",0.324203355,0.08061082089999999,0.32608800000000004,0.08061082089999999
bus399,true,bus-399,399,"Area(0, 0.0, 0.0, 0.0, Dict{String, Any}(""I"" => """", ""ARNAME"" => """", ""PTOL"" => """", ""PDES"" => """", ""ISW"" => """"))",0.5114679639999999,0.155790502,0.5114679639999999,0.155790502
bus2223,true,bus-2223,2223,"Area(0, 0.0, 0.0, 0.0, Dict{String, Any}(""I"" => """", ""ARNAME"" => """", ""PTOL"" => """", ""PDES"" => """", ""ISW"" => """"))",0.0102148949,0.00418684594,0.0102148949,0.00418684594
bus1861,true,bus-1861,1861,"Area(0, 0.0, 0.0, 0.0, Dict{String, Any}(""I"" => """", ""ARNAME"" => """", ""PTOL"" => """", ""PDES"" => """", ""ISW"" => """"))",0.44966140699999996,0.126207691,0.44966140699999996,0.126207691
bus8618,true,bus-8618,8618,"Area(0, 0.0, 0.0, 0.0, Dict{String, Any}(""I"" => """", ""ARNAME"" => """", ""PTOL"" => """", ""PDES"" => """", ""ISW"" => """"))",0.15947562599999998,0.0475361723,0.15947562599999998,0.0475361723
bus398,true,bus-398,398,"Area(0, 0.0, 0.0, 0.0, Dict{String, Any}(""I"" => """", ""ARNAME"" => """", ""PTOL"" => """", ""PDES"" => """", ""ISW"" => """"))",0.17172891,0.056942922400000005,0.17172891,0.056942922400000005
bus602,true,bus-602,602,"Area(0, 0.0, 0.0, 0.0, Dict{String, Any}(""I"" => """", ""ARNAME"" => """", ""PTOL"" => """", ""PDES"" => """", ""ISW"" => """"))",0.0265609261,0.0080753858,0.0265609261,0.0080753858
bus5613,true,bus-5613,5613,"Area(0, 0.0, 0.0, 0.0, Dict{String, Any}(""I"" => """", ""ARNAME"" => """", ""PTOL"" => """", ""PDES"" => """", ""ISW"" => """"))",0.248042257,0.0938850295,0.248042257,0.0938850295
bus1315,true,bus-1315,1315,"Area(0, 0.0, 0.0, 0.0, Dict{String, Any}(""I"" => """", ""ARNAME"" => """", ""PTOL"" => """", ""PDES"" => """", ""ISW"" => """"))",0.0338636053,0.0126627146,0.0338636053,0.0126627146
bus2146,true,bus-2146,2146,"Area(0, 0.0, 0.0, 0.0, Dict{String, Any}(""I"" => """", ""ARNAME"" => """", ""PTOL"" => """", ""PDES"" => """", ""ISW"" => """"))",0.284029058,0.0948181204,0.284029058,0.0948181204
bus4694,true,bus-4694,4694,"Area(0, 0.0, 0.0, 0.0, Dict{String, Any}(""I"" => """", ""ARNAME"" => """", ""PTOL"" => """", ""PDES"" => """", ""ISW"" => """"))",0.053554468699999996,0.0208337471,0.053554468699999996,0.0208337471
bus4374,true,bus-4374,4374,"Area(0, 0.0, 0.0, 0.0, Dict{String, Any}(""I"" => """", ""ARNAME"" => """", ""PTOL"" => """", ""PDES"" => """", ""ISW"" => """"))",0.0314799498,0.0101106386,0.0314799498,0.0101106386
bus222,true,bus-222,222,"Area(0, 0.0, 0.0, 0.0, Dict{String, Any}(""I"" => """", ""ARNAME"" => """", ""PTOL"" => """", ""PDES"" => """", ""ISW"" => """"))",0.134581089,0.049333588500000004,0.134581089,0.049333588500000004
bus2865,true,bus-2865,2865,"Area(0, 0.0, 0.0, 0.0, Dict{String, Any}(""I"" => """", ""ARNAME"" => """", ""PTOL"" => """", ""PDES"" => """", ""ISW"" => """"))",0.08356591760000001,0.033526372,0.08356591760000001,0.033526372
bus187,true,bus-187,187,"Area(0, 0.0, 0.0, 0.0, Dict{String, Any}(""I"" => """", ""ARNAME"" => """", ""PTOL"" => """", ""PDES"" => """", ""ISW"" => """"))",0.116706536,0.0374795647,0.116706536,0.0374795647
bus126,true,bus-126,126,"Area(0, 0.0, 0.0, 0.0, Dict{String, Any}(""I"" => """", ""ARNAME"" => """", ""PTOL"" => """", ""PDES"" => """", ""ISW"" => """"))",0.0718418508,0.0259634329,0.0718418508,0.0259634329
bus7982,true,bus-7982,7982,"Area(0, 0.0, 0.0, 0.0, Dict{String, Any}(""I"" => """", ""ARNAME"" => """", ""PTOL"" => """", ""PDES"" => """", ""ISW"" => """"))",0.209307904,0.058265967099999996,0.209307904,0.058265967099999996
bus1026,true,bus-1026,1026,"Area(0, 0.0, 0.0, 0.0, Dict{String, Any}(""I"" => """", ""ARNAME"" => """", ""PTOL"" => """", ""PDES"" => """", ""ISW"" => """"))",0.0376475488,0.012412546600000001,0.0376475488,0.012412546600000001
bus837,true,bus-837,837,"Area(0, 0.0, 0.0, 0.0, Dict{String, Any}(""I"" => """", ""ARNAME"" => """", ""PTOL"" => """", ""PDES"" => """", ""ISW"" => """"))",0.0341829034,0.0108008559,0.0341829034,0.0108008559
bus1203,true,bus-1203,1203,"Area(0, 0.0, 0.0, 0.0, Dict{String, Any}(""I"" => """", ""ARNAME"" => """", ""PTOL"" => """", ""PDES"" => """", ""ISW"" => """"))",0.193323735,0.0742432244,0.193323735,0.0742432244
bus8144,true,bus-8144,8144,"Area(0, 0.0, 0.0, 0.0, Dict{String, Any}(""I"" => """", ""ARNAME"" => """", ""PTOL"" => """", ""PDES"" => """", ""ISW"" => """"))",0.503765471,0.18810673900000002,0.503765471,0.18810673900000002
bus1068,true,bus-1068,1068,"Area(0, 0.0, 0.0, 0.0, Dict{String, Any}(""I"" => """", ""ARNAME"" => """", ""PTOL"" => """", ""PDES"" => """", ""ISW"" => """"))",0.199022452,0.0712882306,0.199022452,0.0712882306
bus1758,true,bus-1758,1758,"Area(0, 0.0, 0.0, 0.0, Dict{String, Any}(""I"" => """", ""ARNAME"" => """", ""PTOL"" => """", ""PDES"" => """", ""ISW"" => """"))",0.0552578885,0.0162140001,0.0552578885,0.0162140001
bus2014,true,bus-2014,2014,"Area(0, 0.0, 0.0, 0.0, Dict{String, Any}(""I"" => """", ""ARNAME"" => """", ""PTOL"" => """", ""PDES"" => """", ""ISW"" => """"))",0.07257662029999999,0.019470144300000002,0.07257662029999999,0.019470144300000002
bus1184,true,bus-1184,1184,"Area(0, 0.0, 0.0, 0.0, Dict{String, Any}(""I"" => """", ""ARNAME"" => """", ""PTOL"" => """", ""PDES"" => """", ""ISW"" => """"))",0.183959819,0.058105262399999996,0.183959819,0.058105262399999996
bus2188,true,bus-2188,2188,"Area(0, 0.0, 0.0, 0.0, Dict{String, Any}(""I"" => """", ""ARNAME"" => """", ""PTOL"" => """", ""PDES"" => """", ""ISW"" => """"))",0.400676667,0.110140346,0.400676667,0.110140346
bus1327,true,bus-1327,1327,"Area(0, 0.0, 0.0, 0.0, Dict{String, Any}(""I"" => """", ""ARNAME"" => """", ""PTOL"" => """", ""PDES"" => """", ""ISW"" => """"))",0.0343436545,0.012190570199999999,0.0343436545,0.012190570199999999
bus558,true,bus-558,558,"Area(0, 0.0, 0.0, 0.0, Dict{String, Any}(""I"" => """", ""ARNAME"" => """", ""PTOL"" => """", ""PDES"" => """", ""ISW"" => """"))",0.112522026,0.0353349212,0.112522026,0.0353349212
bus1368,true,bus-1368,1368,"Area(0, 0.0, 0.0, 0.0, Dict{String, Any}(""I"" => """", ""ARNAME"" => """", ""PTOL"" => """", ""PDES"" => """", ""ISW"" => """"))",0.11288334000000001,0.0387376974,0.11288334000000001,0.0387376974
bus4429,true,bus-4429,4429,"Area(0, 0.0, 0.0, 0.0, Dict{String, Any}(""I"" => """", ""ARNAME"" => """", ""PTOL"" => """", ""PDES"" => """", ""ISW"" => """"))",0.047782498,0.0118462891,0.047782498,0.0118462891
bus4577,true,bus-4577,4577,"Area(0, 0.0, 0.0, 0.0, Dict{String, Any}(""I"" => """", ""ARNAME"" => """", ""PTOL"" => """", ""PDES"" => """", ""ISW"" => """"))",0.056182911200000005,0.0210903498,0.056182911200000005,0.0210903498
bus2133,true,bus-2133,2133,"Area(0, 0.0, 0.0, 0.0, Dict{String, Any}(""I"" => """", ""ARNAME"" => """", ""PTOL"" => """", ""PDES"" => """", ""ISW"" => """"))",0.11307940600000001,0.0407387505,0.11307940600000001,0.0407387505
bus680,true,bus-680,680,"Area(0, 0.0, 0.0, 0.0, Dict{String, Any}(""I"" => """", ""ARNAME"" => """", ""PTOL"" => """", ""PDES"" => """", ""ISW"" => """"))",0.483641126,0.127043726,0.483641126,0.127043726
bus1900,true,bus-1900,1900,"Area(0, 0.0, 0.0, 0.0, Dict{String, Any}(""I"" => """", ""ARNAME"" => """", ""PTOL"" => """", ""PDES"" => """", ""ISW"" => """"))",0.162588647,0.0489553714,0.162588647,0.0489553714
bus2152,true,bus-2152,2152,"Area(0, 0.0, 0.0, 0.0, Dict{String, Any}(""I"" => """", ""ARNAME"" => """", ""PTOL"" => """", ""PDES"" => """", ""ISW"" => """"))",0.292989189,0.091765944,0.292989189,0.091765944
bus2226,true,bus-2226,2226,"Area(0, 0.0, 0.0, 0.0, Dict{String, Any}(""I"" => """", ""ARNAME"" => """", ""PTOL"" => """", ""PDES"" => """", ""ISW"" => """"))",0.0333701734,0.012273166,0.0333701734,0.012273166
bus6360,true,bus-6360,6360,"Area(0, 0.0, 0.0, 0.0, Dict{String, Any}(""I"" => """", ""ARNAME"" => """", ""PTOL"" => """", ""PDES"" => """", ""ISW"" => """"))",0.107296725,0.0391790398,0.107296725,0.0391790398
bus100,true,bus-100,100,"Area(0, 0.0, 0.0, 0.0, Dict{String, Any}(""I"" => """", ""ARNAME"" => """", ""PTOL"" => """", ""PDES"" => """", ""ISW"" => """"))",0.0840409689,0.0247461992,0.0840409689,0.0247461992
bus7801,true,bus-7801,7801,"Area(0, 0.0, 0.0, 0.0, Dict{String, Any}(""I"" => """", ""ARNAME"" => """", ""PTOL"" => """", ""PDES"" => """", ""ISW"" => """"))",0.265979541,0.0841992505,0.265979541,0.0841992505
bus27,true,bus-27,27,"Area(0, 0.0, 0.0, 0.0, Dict{String, Any}(""I"" => """", ""ARNAME"" => """", ""PTOL"" => """", ""PDES"" => """", ""ISW"" => """"))",0.0526240942,0.0178375022,0.0526240942,0.0178375022
bus1391,true,bus-1391,1391,"Area(0, 0.0, 0.0, 0.0, Dict{String, Any}(""I"" => """", ""ARNAME"" => """", ""PTOL"" => """", ""PDES"" => """", ""ISW"" => """"))",0.041458749600000004,0.0127006635,0.041458749600000004,0.0127006635
bus752,true,bus-752,752,"Area(0, 0.0, 0.0, 0.0, Dict{String, Any}(""I"" => """", ""ARNAME"" => """", ""PTOL"" => """", ""PDES"" => """", ""ISW"" => """"))",0.07271618590000001,0.0244052544,0.07271618590000001,0.0244052544
bus7648,true,bus-7648,7648,"Area(0, 0.0, 0.0, 0.0, Dict{String, Any}(""I"" => """", ""ARNAME"" => """", ""PTOL"" => """", ""PDES"" => """", ""ISW"" => """"))",0.330723093,0.10438021600000001,0.330723093,0.10438021600000001
bus325,true,bus-325,325,"Area(0, 0.0, 0.0, 0.0, Dict{String, Any}(""I"" => """", ""ARNAME"" => """", ""PTOL"" => """", ""PDES"" => """", ""ISW"" => """"))",0.0649808838,0.0200355331,0.0649808838,0.0200355331
bus908,true,bus-908,908,"Area(0, 0.0, 0.0, 0.0, Dict{String, Any}(""I"" => """", ""ARNAME"" => """", ""PTOL"" => """", ""PDES"" => """", ""ISW"" => """"))",0.0189812913,0.007073268579999999,0.0189812913,0.007073268579999999
bus227,true,bus-227,227,"Area(0, 0.0, 0.0, 0.0, Dict{String, Any}(""I"" => """", ""ARNAME"" => """", ""PTOL"" => """", ""PDES"" => """", ""ISW"" => """"))",0.11045548399999999,0.0386322423,0.11045548399999999,0.0386322423
bus2308,true,bus-2308,2308,"Area(0, 0.0, 0.0, 0.0, Dict{String, Any}(""I"" => """", ""ARNAME"" => """", ""PTOL"" => """", ""PDES"" => """", ""ISW"" => """"))",0.0352983095,0.0123379422,0.0352983095,0.0123379422
bus666,true,bus-666,666,"Area(0, 0.0, 0.0, 0.0, Dict{String, Any}(""I"" => """", ""ARNAME"" => """", ""PTOL"" => """", ""PDES"" => """", ""ISW"" => """"))",0.407468546,0.09574581759999999,0.407468546,0.09574581759999999
bus6321,true,bus-6321,6321,"Area(0, 0.0, 0.0, 0.0, Dict{String, Any}(""I"" => """", ""ARNAME"" => """", ""PTOL"" => """", ""PDES"" => """", ""ISW"" => """"))",0.10127766899999999,0.0358327883,0.10127766899999999,0.0358327883
bus4762,true,bus-4762,4762,"Area(0, 0.0, 0.0, 0.0, Dict{String, Any}(""I"" => """", ""ARNAME"" => """", ""PTOL"" => """", ""PDES"" => """", ""ISW"" => """"))",0.095682265,0.0362770259,0.095682265,0.0362770259
bus4127,true,bus-4127,4127,"Area(0, 0.0, 0.0, 0.0, Dict{String, Any}(""I"" => """", ""ARNAME"" => """", ""PTOL"" => """", ""PDES"" => """", ""ISW"" => """"))",0.0803566781,0.0208466219,0.0803566781,0.0208466219
bus2974,true,bus-2974,2974,"Area(0, 0.0, 0.0, 0.0, Dict{String, Any}(""I"" => """", ""ARNAME"" => """", ""PTOL"" => """", ""PDES"" => """", ""ISW"" => """"))",0.22448646100000003,0.0658851594,0.229268,0.0658851594
bus2825,true,bus-2825,2825,"Area(0, 0.0, 0.0, 0.0, Dict{String, Any}(""I"" => """", ""ARNAME"" => """", ""PTOL"" => """", ""PDES"" => """", ""ISW"" => """"))",0.045078940799999995,0.0166769139,0.045078940799999995,0.0166769139
bus2129,true,bus-2129,2129,"Area(0, 0.0, 0.0, 0.0, Dict{String, Any}(""I"" => """", ""ARNAME"" => """", ""PTOL"" => """", ""PDES"" => """", ""ISW"" => """"))",0.041602634500000006,0.0171495875,0.041602634500000006,0.0171495875
bus742,true,bus-742,742,"Area(0, 0.0, 0.0, 0.0, Dict{String, Any}(""I"" => """", ""ARNAME"" => """", ""PTOL"" => """", ""PDES"" => """", ""ISW"" => """"))",0.08594342899999999,0.025569484099999998,0.08594342899999999,0.025569484099999998
bus7017,true,bus-7017,7017,"Area(0, 0.0, 0.0, 0.0, Dict{String, Any}(""I"" => """", ""ARNAME"" => """", ""PTOL"" => """", ""PDES"" => """", ""ISW"" => """"))",0.0371059132,0.012031716400000001,0.0371059132,0.012031716400000001
bus7614,true,bus-7614,7614,"Area(0, 0.0, 0.0, 0.0, Dict{String, Any}(""I"" => """", ""ARNAME"" => """", ""PTOL"" => """", ""PDES"" => """", ""ISW"" => """"))",0.0543872507,0.0209309152,0.0543872507,0.0209309152
bus20,true,bus-20,20,"Area(0, 0.0, 0.0, 0.0, Dict{String, Any}(""I"" => """", ""ARNAME"" => """", ""PTOL"" => """", ""PDES"" => """", ""ISW"" => """"))",0.7268817049999999,0.230951179,0.7268817049999999,0.230951179
bus1647,true,bus-1647,1647,"Area(0, 0.0, 0.0, 0.0, Dict{String, Any}(""I"" => """", ""ARNAME"" => """", ""PTOL"" => """", ""PDES"" => """", ""ISW"" => """"))",0.0223301832,0.00524199525,0.0223301832,0.00524199525
bus323,true,bus-323,323,"Area(0, 0.0, 0.0, 0.0, Dict{String, Any}(""I"" => """", ""ARNAME"" => """", ""PTOL"" => """", ""PDES"" => """", ""ISW"" => """"))",0.036982842200000005,0.0162402157,0.036982842200000005,0.0162402157
bus1132,true,bus-1132,1132,"Area(0, 0.0, 0.0, 0.0, Dict{String, Any}(""I"" => """", ""ARNAME"" => """", ""PTOL"" => """", ""PDES"" => """", ""ISW"" => """"))",0.10566941699999999,0.0281558773,0.10566941699999999,0.0281558773
bus2029,true,bus-2029,2029,"Area(0, 0.0, 0.0, 0.0, Dict{String, Any}(""I"" => """", ""ARNAME"" => """", ""PTOL"" => """", ""PDES"" => """", ""ISW"" => """"))",0.09056773359999999,0.0325759987,0.09056773359999999,0.0325759987
bus1193,true,bus-1193,1193,"Area(0, 0.0, 0.0, 0.0, Dict{String, Any}(""I"" => """", ""ARNAME"" => """", ""PTOL"" => """", ""PDES"" => """", ""ISW"" => """"))",0.570252926,0.156712025,0.570252926,0.156712025
bus7596,true,bus-7596,7596,"Area(0, 0.0, 0.0, 0.0, Dict{String, Any}(""I"" => """", ""ARNAME"" => """", ""PTOL"" => """", ""PDES"" => """", ""ISW"" => """"))",0.008966115810000001,0.00312216172,0.008966115810000001,0.00312216172
bus1336,true,bus-1336,1336,"Area(0, 0.0, 0.0, 0.0, Dict{String, Any}(""I"" => """", ""ARNAME"" => """", ""PTOL"" => """", ""PDES"" => """", ""ISW"" => """"))",0.283380127,0.07502077060000001,0.28881799999999996,0.07502077060000001
bus930,true,bus-930,930,"Area(0, 0.0, 0.0, 0.0, Dict{String, Any}(""I"" => """", ""ARNAME"" => """", ""PTOL"" => """", ""PDES"" => """", ""ISW"" => """"))",0.0615431082,0.0184674849,0.0615431082,0.0184674849
bus1061,true,bus-1061,1061,"Area(0, 0.0, 0.0, 0.0, Dict{String, Any}(""I"" => """", ""ARNAME"" => """", ""PTOL"" => """", ""PDES"" => """", ""ISW"" => """"))",0.40703671300000005,0.126985552,0.40703671300000005,0.126985552
bus156,true,bus-156,156,"Area(0, 0.0, 0.0, 0.0, Dict{String, Any}(""I"" => """", ""ARNAME"" => """", ""PTOL"" => """", ""PDES"" => """", ""ISW"" => """"))",0.049370406,0.014184082300000001,0.049387,0.014184082300000001
bus8368,true,bus-8368,8368,"Area(0, 0.0, 0.0, 0.0, Dict{String, Any}(""I"" => """", ""ARNAME"" => """", ""PTOL"" => """", ""PDES"" => """", ""ISW"" => """"))",0.130618257,0.0347575891,0.130618257,0.0347575891
bus373,true,bus-373,373,"Area(0, 0.0, 0.0, 0.0, Dict{String, Any}(""I"" => """", ""ARNAME"" => """", ""PTOL"" => """", ""PDES"" => """", ""ISW"" => """"))",0.237073261,0.07994716539999999,0.237073261,0.07994716539999999
bus3594,true,bus-3594,3594,"Area(0, 0.0, 0.0, 0.0, Dict{String, Any}(""I"" => """", ""ARNAME"" => """", ""PTOL"" => """", ""PDES"" => """", ""ISW"" => """"))",0.0435896009,0.014783790100000001,0.0435896009,0.014783790100000001
bus801,true,bus-801,801,"Area(0, 0.0, 0.0, 0.0, Dict{String, Any}(""I"" => """", ""ARNAME"" => """", ""PTOL"" => """", ""PDES"" => """", ""ISW"" => """"))",0.180311166,0.0505012657,0.180311166,0.0505012657
bus1411,true,bus-1411,1411,"Area(0, 0.0, 0.0, 0.0, Dict{String, Any}(""I"" => """", ""ARNAME"" => """", ""PTOL"" => """", ""PDES"" => """", ""ISW"" => """"))",0.037553022500000005,0.0141725545,0.037553022500000005,0.0141725545
bus1518,true,bus-1518,1518,"Area(0, 0.0, 0.0, 0.0, Dict{String, Any}(""I"" => """", ""ARNAME"" => """", ""PTOL"" => """", ""PDES"" => """", ""ISW"" => """"))",0.34747244,0.0788283682,0.34747244,0.0788283682
bus2316,true,bus-2316,2316,"Area(0, 0.0, 0.0, 0.0, Dict{String, Any}(""I"" => """", ""ARNAME"" => """", ""PTOL"" => """", ""PDES"" => """", ""ISW"" => """"))",0.0187067954,0.00616820545,0.0187067954,0.00616820545
bus6592,true,bus-6592,6592,"Area(0, 0.0, 0.0, 0.0, Dict{String, Any}(""I"" => """", ""ARNAME"" => """", ""PTOL"" => """", ""PDES"" => """", ""ISW"" => """"))",0.201503374,0.0630228724,0.201503374,0.0630228724
bus1491,true,bus-1491,1491,"Area(0, 0.0, 0.0, 0.0, Dict{String, Any}(""I"" => """", ""ARNAME"" => """", ""PTOL"" => """", ""PDES"" => """", ""ISW"" => """"))",0.0668774278,0.021470613,0.0668774278,0.021470613
bus542,true,bus-542,542,"Area(0, 0.0, 0.0, 0.0, Dict{String, Any}(""I"" => """", ""ARNAME"" => """", ""PTOL"" => """", ""PDES"" => """", ""ISW"" => """"))",0.32317429799999997,0.09875902310000001,0.32317429799999997,0.09875902310000001
bus483,true,bus-483,483,"Area(0, 0.0, 0.0, 0.0, Dict{String, Any}(""I"" => """", ""ARNAME"" => """", ""PTOL"" => """", ""PDES"" => """", ""ISW"" => """"))",0.041647513299999994,0.012809222600000001,0.041647513299999994,0.012809222600000001
bus541,true,bus-541,541,"Area(0, 0.0, 0.0, 0.0, Dict{String, Any}(""I"" => """", ""ARNAME"" => """", ""PTOL"" => """", ""PDES"" => """", ""ISW"" => """"))",0.238036577,0.0850286999,0.238036577,0.0850286999
bus3591,true,bus-3591,3591,"Area(0, 0.0, 0.0, 0.0, Dict{String, Any}(""I"" => """", ""ARNAME"" => """", ""PTOL"" => """", ""PDES"" => """", ""ISW"" => """"))",0.039778434800000005,0.014018776100000001,0.039778434800000005,0.014018776100000001
bus841,true,bus-841,841,"Area(0, 0.0, 0.0, 0.0, Dict{String, Any}(""I"" => """", ""ARNAME"" => """", ""PTOL"" => """", ""PDES"" => """", ""ISW"" => """"))",0.139537012,0.050521735400000004,0.139537012,0.050521735400000004
bus1984,true,bus-1984,1984,"Area(0, 0.0, 0.0, 0.0, Dict{String, Any}(""I"" => """", ""ARNAME"" => """", ""PTOL"" => """", ""PDES"" => """", ""ISW"" => """"))",0.0650874338,0.0204914008,0.06697700000000001,0.0204914008
bus2016,true,bus-2016,2016,"Area(0, 0.0, 0.0, 0.0, Dict{String, Any}(""I"" => """", ""ARNAME"" => """", ""PTOL"" => """", ""PDES"" => """", ""ISW"" => """"))",0.0766058077,0.025424398799999998,0.0766058077,0.025424398799999998
bus462,true,bus-462,462,"Area(0, 0.0, 0.0, 0.0, Dict{String, Any}(""I"" => """", ""ARNAME"" => """", ""PTOL"" => """", ""PDES"" => """", ""ISW"" => """"))",0.35936446099999997,0.12422171600000001,0.35936446099999997,0.12422171600000001
bus4261,true,bus-4261,4261,"Area(0, 0.0, 0.0, 0.0, Dict{String, Any}(""I"" => """", ""ARNAME"" => """", ""PTOL"" => """", ""PDES"" => """", ""ISW"" => """"))",0.0226259919,0.009187164060000001,0.0226259919,0.009187164060000001
bus1744,true,bus-1744,1744,"Area(0, 0.0, 0.0, 0.0, Dict{String, Any}(""I"" => """", ""ARNAME"" => """", ""PTOL"" => """", ""PDES"" => """", ""ISW"" => """"))",0.0661037805,0.021550354,0.0661037805,0.021550354
bus599,true,bus-599,599,"Area(0, 0.0, 0.0, 0.0, Dict{String, Any}(""I"" => """", ""ARNAME"" => """", ""PTOL"" => """", ""PDES"" => """", ""ISW"" => """"))",0.028578179999999998,0.00935455451,0.028578179999999998,0.00935455451
bus6932,true,bus-6932,6932,"Area(0, 0.0, 0.0, 0.0, Dict{String, Any}(""I"" => """", ""ARNAME"" => """", ""PTOL"" => """", ""PDES"" => """", ""ISW"" => """"))",0.046937286800000005,0.0153786363,0.046937286800000005,0.0153786363
bus2252,true,bus-2252,2252,"Area(0, 0.0, 0.0, 0.0, Dict{String, Any}(""I"" => """", ""ARNAME"" => """", ""PTOL"" => """", ""PDES"" => """", ""ISW"" => """"))",0.18411681900000001,0.056573486199999995,0.18411681900000001,0.056573486199999995
bus2904,true,bus-2904,2904,"Area(0, 0.0, 0.0, 0.0, Dict{String, Any}(""I"" => """", ""ARNAME"" => """", ""PTOL"" => """", ""PDES"" => """", ""ISW"" => """"))",0.123813759,0.0395640661,0.123813759,0.0395640661
bus2090,true,bus-2090,2090,"Area(0, 0.0, 0.0, 0.0, Dict{String, Any}(""I"" => """", ""ARNAME"" => """", ""PTOL"" => """", ""PDES"" => """", ""ISW"" => """"))",0.126436266,0.04771707100000001,0.126436266,0.04771707100000001
bus1352,true,bus-1352,1352,"Area(0, 0.0, 0.0, 0.0, Dict{String, Any}(""I"" => """", ""ARNAME"" => """", ""PTOL"" => """", ""PDES"" => """", ""ISW"" => """"))",0.136508991,0.0446817954,0.136508991,0.0446817954
bus2759,true,bus-2759,2759,"Area(0, 0.0, 0.0, 0.0, Dict{String, Any}(""I"" => """", ""ARNAME"" => """", ""PTOL"" => """", ""PDES"" => """", ""ISW"" => """"))",0.0191926295,0.0050278801,0.0191926295,0.0050278801
bus1220,true,bus-1220,1220,"Area(0, 0.0, 0.0, 0.0, Dict{String, Any}(""I"" => """", ""ARNAME"" => """", ""PTOL"" => """", ""PDES"" => """", ""ISW"" => """"))",0.192015081,0.0590037299,0.192015081,0.0590037299
bus1372,true,bus-1372,1372,"Area(0, 0.0, 0.0, 0.0, Dict{String, Any}(""I"" => """", ""ARNAME"" => """", ""PTOL"" => """", ""PDES"" => """", ""ISW"" => """"))",0.144459846,0.0360635241,0.144459846,0.0360635241
bus758,true,bus-758,758,"Area(0, 0.0, 0.0, 0.0, Dict{String, Any}(""I"" => """", ""ARNAME"" => """", ""PTOL"" => """", ""PDES"" => """", ""ISW"" => """"))",0.036813905,0.0109279762,0.036813905,0.0109279762
bus4327,true,bus-4327,4327,"Area(0, 0.0, 0.0, 0.0, Dict{String, Any}(""I"" => """", ""ARNAME"" => """", ""PTOL"" => """", ""PDES"" => """", ""ISW"" => """"))",0.122756083,0.0255490762,0.122756083,0.0255490762
bus1544,true,bus-1544,1544,"Area(0, 0.0, 0.0, 0.0, Dict{String, Any}(""I"" => """", ""ARNAME"" => """", ""PTOL"" => """", ""PDES"" => """", ""ISW"" => """"))",0.0158146264,0.006905134469999999,0.0158146264,0.006905134469999999
bus656,true,bus-656,656,"Area(0, 0.0, 0.0, 0.0, Dict{String, Any}(""I"" => """", ""ARNAME"" => """", ""PTOL"" => """", ""PDES"" => """", ""ISW"" => """"))",0.029660116400000002,0.010483048299999999,0.029660116400000002,0.010483048299999999
bus486,true,bus-486,486,"Area(0, 0.0, 0.0, 0.0, Dict{String, Any}(""I"" => """", ""ARNAME"" => """", ""PTOL"" => """", ""PDES"" => """", ""ISW"" => """"))",0.0325764311,0.0114231014,0.0325764311,0.0114231014
bus6487,true,bus-6487,6487,"Area(0, 0.0, 0.0, 0.0, Dict{String, Any}(""I"" => """", ""ARNAME"" => """", ""PTOL"" => """", ""PDES"" => """", ""ISW"" => """"))",0.0649962848,0.0213981298,0.0649962848,0.0213981298
bus8341,true,bus-8341,8341,"Area(0, 0.0, 0.0, 0.0, Dict{String, Any}(""I"" => """", ""ARNAME"" => """", ""PTOL"" => """", ""PDES"" => """", ""ISW"" => """"))",0.104787212,0.0359478418,0.104787212,0.0359478418
bus1173,true,bus-1173,1173,"Area(0, 0.0, 0.0, 0.0, Dict{String, Any}(""I"" => """", ""ARNAME"" => """", ""PTOL"" => """", ""PDES"" => """", ""ISW"" => """"))",0.215930833,0.0762475501,0.215930833,0.0762475501
bus1382,true,bus-1382,1382,"Area(0, 0.0, 0.0, 0.0, Dict{String, Any}(""I"" => """", ""ARNAME"" => """", ""PTOL"" => """", ""PDES"" => """", ""ISW"" => """"))",0.18796857800000003,0.051960736699999996,0.19898800000000003,0.051960736699999996
bus674,true,bus-674,674,"Area(0, 0.0, 0.0, 0.0, Dict{String, Any}(""I"" => """", ""ARNAME"" => """", ""PTOL"" => """", ""PDES"" => """", ""ISW"" => """"))",0.70616947,0.246605635,0.70616947,0.246605635
bus5020,true,bus-5020,5020,"Area(0, 0.0, 0.0, 0.0, Dict{String, Any}(""I"" => """", ""ARNAME"" => """", ""PTOL"" => """", ""PDES"" => """", ""ISW"" => """"))",0.043988177100000005,0.0143017336,0.043988177100000005,0.0143017336
bus2168,true,bus-2168,2168,"Area(0, 0.0, 0.0, 0.0, Dict{String, Any}(""I"" => """", ""ARNAME"" => """", ""PTOL"" => """", ""PDES"" => """", ""ISW"" => """"))",0.118295071,0.039654248499999996,0.118295071,0.039654248499999996
bus1110,true,bus-1110,1110,"Area(0, 0.0, 0.0, 0.0, Dict{String, Any}(""I"" => """", ""ARNAME"" => """", ""PTOL"" => """", ""PDES"" => """", ""ISW"" => """"))",0.189727052,0.0710977351,0.189727052,0.0710977351
bus2123,true,bus-2123,2123,"Area(0, 0.0, 0.0, 0.0, Dict{String, Any}(""I"" => """", ""ARNAME"" => """", ""PTOL"" => """", ""PDES"" => """", ""ISW"" => """"))",0.29267475600000004,0.101597358,0.29267475600000004,0.101597358
bus2024,true,bus-2024,2024,"Area(0, 0.0, 0.0, 0.0, Dict{String, Any}(""I"" => """", ""ARNAME"" => """", ""PTOL"" => """", ""PDES"" => """", ""ISW"" => """"))",0.0469880799,0.0143383814,0.0469880799,0.0143383814
bus1212,true,bus-1212,1212,"Area(0, 0.0, 0.0, 0.0, Dict{String, Any}(""I"" => """", ""ARNAME"" => """", ""PTOL"" => """", ""PDES"" => """", ""ISW"" => """"))",0.0623242797,0.021127777,0.0623242797,0.021127777
bus1324,true,bus-1324,1324,"Area(0, 0.0, 0.0, 0.0, Dict{String, Any}(""I"" => """", ""ARNAME"" => """", ""PTOL"" => """", ""PDES"" => """", ""ISW"" => """"))",0.07885154700000001,0.0241653187,0.07885154700000001,0.0241653187
bus808,true,bus-808,808,"Area(0, 0.0, 0.0, 0.0, Dict{String, Any}(""I"" => """", ""ARNAME"" => """", ""PTOL"" => """", ""PDES"" => """", ""ISW"" => """"))",0.209765816,0.074227567,0.209765816,0.074227567
bus2083,true,bus-2083,2083,"Area(0, 0.0, 0.0, 0.0, Dict{String, Any}(""I"" => """", ""ARNAME"" => """", ""PTOL"" => """", ""PDES"" => """", ""ISW"" => """"))",0.12181618300000001,0.045240957899999996,0.12181618300000001,0.045240957899999996
bus910,true,bus-910,910,"Area(0, 0.0, 0.0, 0.0, Dict{String, Any}(""I"" => """", ""ARNAME"" => """", ""PTOL"" => """", ""PDES"" => """", ""ISW"" => """"))",0.0394856577,0.012634221000000001,0.0394856577,0.012634221000000001
bus6575,true,bus-6575,6575,"Area(0, 0.0, 0.0, 0.0, Dict{String, Any}(""I"" => """", ""ARNAME"" => """", ""PTOL"" => """", ""PDES"" => """", ""ISW"" => """"))",0.044510482500000004,0.0160628064,0.044510482500000004,0.0160628064
bus896,true,bus-896,896,"Area(0, 0.0, 0.0, 0.0, Dict{String, Any}(""I"" => """", ""ARNAME"" => """", ""PTOL"" => """", ""PDES"" => """", ""ISW"" => """"))",0.0221956826,0.00783868786,0.0221956826,0.00783868786
bus1630,true,bus-1630,1630,"Area(0, 0.0, 0.0, 0.0, Dict{String, Any}(""I"" => """", ""ARNAME"" => """", ""PTOL"" => """", ""PDES"" => """", ""ISW"" => """"))",0.0788883799,0.0262689557,0.0788883799,0.0262689557
bus1820,true,bus-1820,1820,"Area(0, 0.0, 0.0, 0.0, Dict{String, Any}(""I"" => """", ""ARNAME"" => """", ""PTOL"" => """", ""PDES"" => """", ""ISW"" => """"))",0.0259300949,0.010121578099999999,0.0259300949,0.010121578099999999
bus2145,true,bus-2145,2145,"Area(0, 0.0, 0.0, 0.0, Dict{String, Any}(""I"" => """", ""ARNAME"" => """", ""PTOL"" => """", ""PDES"" => """", ""ISW"" => """"))",0.338011993,0.107083081,0.338011993,0.107083081
bus1943,true,bus-1943,1943,"Area(0, 0.0, 0.0, 0.0, Dict{String, Any}(""I"" => """", ""ARNAME"" => """", ""PTOL"" => """", ""PDES"" => """", ""ISW"" => """"))",0.18121127999999997,0.0533573239,0.18121127999999997,0.0533573239
bus1170,true,bus-1170,1170,"Area(0, 0.0, 0.0, 0.0, Dict{String, Any}(""I"" => """", ""ARNAME"" => """", ""PTOL"" => """", ""PDES"" => """", ""ISW"" => """"))",0.0495144626,0.013388636300000001,0.0495144626,0.013388636300000001
bus1235,true,bus-1235,1235,"Area(0, 0.0, 0.0, 0.0, Dict{String, Any}(""I"" => """", ""ARNAME"" => """", ""PTOL"" => """", ""PDES"" => """", ""ISW"" => """"))",0.459854549,0.138978041,0.459854549,0.138978041
bus199,true,bus-199,199,"Area(0, 0.0, 0.0, 0.0, Dict{String, Any}(""I"" => """", ""ARNAME"" => """", ""PTOL"" => """", ""PDES"" => """", ""ISW"" => """"))",0.0620466944,0.020491478299999998,0.0620466944,0.020491478299999998
bus2394,true,bus-2394,2394,"Area(0, 0.0, 0.0, 0.0, Dict{String, Any}(""I"" => """", ""ARNAME"" => """", ""PTOL"" => """", ""PDES"" => """", ""ISW"" => """"))",0.0457931222,0.0154553246,0.0457931222,0.0154553246
bus5071,true,bus-5071,5071,"Area(0, 0.0, 0.0, 0.0, Dict{String, Any}(""I"" => """", ""ARNAME"" => """", ""PTOL"" => """", ""PDES"" => """", ""ISW"" => """"))",0.0445004069,0.0182631776,0.0445004069,0.0182631776
bus2130,true,bus-2130,2130,"Area(0, 0.0, 0.0, 0.0, Dict{String, Any}(""I"" => """", ""ARNAME"" => """", ""PTOL"" => """", ""PDES"" => """", ""ISW"" => """"))",0.0503077915,0.015710534,0.0503077915,0.015710534
bus760,true,bus-760,760,"Area(0, 0.0, 0.0, 0.0, Dict{String, Any}(""I"" => """", ""ARNAME"" => """", ""PTOL"" => """", ""PDES"" => """", ""ISW"" => """"))",0.148536488,0.04235396910000001,0.148536488,0.04235396910000001
bus387,true,bus-387,387,"Area(0, 0.0, 0.0, 0.0, Dict{String, Any}(""I"" => """", ""ARNAME"" => """", ""PTOL"" => """", ""PDES"" => """", ""ISW"" => """"))",0.0718246124,0.022351428800000003,0.0718246124,0.022351428800000003
bus1030,true,bus-1030,1030,"Area(0, 0.0, 0.0, 0.0, Dict{String, Any}(""I"" => """", ""ARNAME"" => """", ""PTOL"" => """", ""PDES"" => """", ""ISW"" => """"))",0.0724583264,0.025248942200000003,0.0724583264,0.025248942200000003
bus1138,true,bus-1138,1138,"Area(0, 0.0, 0.0, 0.0, Dict{String, Any}(""I"" => """", ""ARNAME"" => """", ""PTOL"" => """", ""PDES"" => """", ""ISW"" => """"))",0.0742292605,0.0259973309,0.0742292605,0.0259973309
bus1896,true,bus-1896,1896,"Area(0, 0.0, 0.0, 0.0, Dict{String, Any}(""I"" => """", ""ARNAME"" => """", ""PTOL"" => """", ""PDES"" => """", ""ISW"" => """"))",0.0804890367,0.0286881979,0.0804890367,0.0286881979
bus797,true,bus-797,797,"Area(0, 0.0, 0.0, 0.0, Dict{String, Any}(""I"" => """", ""ARNAME"" => """", ""PTOL"" => """", ""PDES"" => """", ""ISW"" => """"))",0.285198518,0.0996630498,0.285198518,0.0996630498
bus664,true,bus-664,664,"Area(0, 0.0, 0.0, 0.0, Dict{String, Any}(""I"" => """", ""ARNAME"" => """", ""PTOL"" => """", ""PDES"" => """", ""ISW"" => """"))",0.11215799900000001,0.028172210500000003,0.11676600000000001,0.028172210500000003
bus6554,true,bus-6554,6554,"Area(0, 0.0, 0.0, 0.0, Dict{String, Any}(""I"" => """", ""ARNAME"" => """", ""PTOL"" => """", ""PDES"" => """", ""ISW"" => """"))",0.126588959,0.0440548074,0.126588959,0.0440548074
bus7597,true,bus-7597,7597,"Area(0, 0.0, 0.0, 0.0, Dict{String, Any}(""I"" => """", ""ARNAME"" => """", ""PTOL"" => """", ""PDES"" => """", ""ISW"" => """"))",0.22703415700000001,0.0564294575,0.240809,0.0564294575
bus1713,true,bus-1713,1713,"Area(0, 0.0, 0.0, 0.0, Dict{String, Any}(""I"" => """", ""ARNAME"" => """", ""PTOL"" => """", ""PDES"" => """", ""ISW"" => """"))",0.04706097309999999,0.0127965704,0.04706097309999999,0.0127965704
bus1539,true,bus-1539,1539,"Area(0, 0.0, 0.0, 0.0, Dict{String, Any}(""I"" => """", ""ARNAME"" => """", ""PTOL"" => """", ""PDES"" => """", ""ISW"" => """"))",0.17974887299999998,0.0632298699,0.17974887299999998,0.0632298699
bus3659,true,bus-3659,3659,"Area(0, 0.0, 0.0, 0.0, Dict{String, Any}(""I"" => """", ""ARNAME"" => """", ""PTOL"" => """", ""PDES"" => """", ""ISW"" => """"))",0.0406176798,0.0164195064,0.0406176798,0.0164195064
bus7010,true,bus-7010,7010,"Area(0, 0.0, 0.0, 0.0, Dict{String, Any}(""I"" => """", ""ARNAME"" => """", ""PTOL"" => """", ""PDES"" => """", ""ISW"" => """"))",0.0968668422,0.0350594479,0.0968668422,0.0350594479
bus1333,true,bus-1333,1333,"Area(0, 0.0, 0.0, 0.0, Dict{String, Any}(""I"" => """", ""ARNAME"" => """", ""PTOL"" => """", ""PDES"" => """", ""ISW"" => """"))",0.10352035600000001,0.0309224632,0.10352035600000001,0.0309224632
bus1919,true,bus-1919,1919,"Area(0, 0.0, 0.0, 0.0, Dict{String, Any}(""I"" => """", ""ARNAME"" => """", ""PTOL"" => """", ""PDES"" => """", ""ISW"" => """"))",0.160510343,0.047513389200000006,0.160510343,0.047513389200000006
bus854,true,bus-854,854,"Area(0, 0.0, 0.0, 0.0, Dict{String, Any}(""I"" => """", ""ARNAME"" => """", ""PTOL"" => """", ""PDES"" => """", ""ISW"" => """"))",0.22247965099999997,0.045533016499999995,0.234984,0.045533016499999995
bus6489,true,bus-6489,6489,"Area(0, 0.0, 0.0, 0.0, Dict{String, Any}(""I"" => """", ""ARNAME"" => """", ""PTOL"" => """", ""PDES"" => """", ""ISW"" => """"))",0.0418421178,0.010463370000000001,0.0418421178,0.010463370000000001
bus787,true,bus-787,787,"Area(0, 0.0, 0.0, 0.0, Dict{String, Any}(""I"" => """", ""ARNAME"" => """", ""PTOL"" => """", ""PDES"" => """", ""ISW"" => """"))",0.112679332,0.0380276662,0.112679332,0.0380276662
bus402,true,bus-402,402,"Area(0, 0.0, 0.0, 0.0, Dict{String, Any}(""I"" => """", ""ARNAME"" => """", ""PTOL"" => """", ""PDES"" => """", ""ISW"" => """"))",0.10812364199999999,0.0396362325,0.10812364199999999,0.0396362325
bus1056,true,bus-1056,1056,"Area(0, 0.0, 0.0, 0.0, Dict{String, Any}(""I"" => """", ""ARNAME"" => """", ""PTOL"" => """", ""PDES"" => """", ""ISW"" => """"))",0.15063564,0.0498285121,0.15063564,0.0498285121
bus354,true,bus-354,354,"Area(0, 0.0, 0.0, 0.0, Dict{String, Any}(""I"" => """", ""ARNAME"" => """", ""PTOL"" => """", ""PDES"" => """", ""ISW"" => """"))",0.6822812899999999,0.193748977,0.6822812899999999,0.193748977
bus4965,true,bus-4965,4965,"Area(0, 0.0, 0.0, 0.0, Dict{String, Any}(""I"" => """", ""ARNAME"" => """", ""PTOL"" => """", ""PDES"" => """", ""ISW"" => """"))",0.0452269602,0.0123194073,0.0452269602,0.0123194073
bus2279,true,bus-2279,2279,"Area(0, 0.0, 0.0, 0.0, Dict{String, Any}(""I"" => """", ""ARNAME"" => """", ""PTOL"" => """", ""PDES"" => """", ""ISW"" => """"))",0.0688395102,0.022398376,0.0688395102,0.022398376
bus85,true,bus-85,85,"Area(0, 0.0, 0.0, 0.0, Dict{String, Any}(""I"" => """", ""ARNAME"" => """", ""PTOL"" => """", ""PDES"" => """", ""ISW"" => """"))",0.0334525308,0.0116007433,0.0334525308,0.0116007433
bus500,true,bus-500,500,"Area(0, 0.0, 0.0, 0.0, Dict{String, Any}(""I"" => """", ""ARNAME"" => """", ""PTOL"" => """", ""PDES"" => """", ""ISW"" => """"))",0.5020660259999999,0.188780687,0.5020660259999999,0.188780687
bus581,true,bus-581,581,"Area(0, 0.0, 0.0, 0.0, Dict{String, Any}(""I"" => """", ""ARNAME"" => """", ""PTOL"" => """", ""PDES"" => """", ""ISW"" => """"))",0.389897979,0.132173619,0.389897979,0.132173619
bus3561,true,bus-3561,3561,"Area(0, 0.0, 0.0, 0.0, Dict{String, Any}(""I"" => """", ""ARNAME"" => """", ""PTOL"" => """", ""PDES"" => """", ""ISW"" => """"))",0.102096644,0.0358733099,0.102096644,0.0358733099
bus2084,true,bus-2084,2084,"Area(0, 0.0, 0.0, 0.0, Dict{String, Any}(""I"" => """", ""ARNAME"" => """", ""PTOL"" => """", ""PDES"" => """", ""ISW"" => """"))",0.33532217799999997,0.114032515,0.33532217799999997,0.114032515
bus1217,true,bus-1217,1217,"Area(0, 0.0, 0.0, 0.0, Dict{String, Any}(""I"" => """", ""ARNAME"" => """", ""PTOL"" => """", ""PDES"" => """", ""ISW"" => """"))",0.0343470152,0.0123611368,0.0343470152,0.0123611368
bus2285,true,bus-2285,2285,"Area(0, 0.0, 0.0, 0.0, Dict{String, Any}(""I"" => """", ""ARNAME"" => """", ""PTOL"" => """", ""PDES"" => """", ""ISW"" => """"))",0.35027592599999996,0.13304855200000001,0.35027592599999996,0.13304855200000001
bus1003,true,bus-1003,1003,"Area(0, 0.0, 0.0, 0.0, Dict{String, Any}(""I"" => """", ""ARNAME"" => """", ""PTOL"" => """", ""PDES"" => """", ""ISW"" => """"))",0.17326836199999998,0.0636272023,0.17326836199999998,0.0636272023
bus254,true,bus-254,254,"Area(0, 0.0, 0.0, 0.0, Dict{String, Any}(""I"" => """", ""ARNAME"" => """", ""PTOL"" => """", ""PDES"" => """", ""ISW"" => """"))",0.601365473,0.136887735,0.636304,0.136887735
bus2382,true,bus-2382,2382,"Area(0, 0.0, 0.0, 0.0, Dict{String, Any}(""I"" => """", ""ARNAME"" => """", ""PTOL"" => """", ""PDES"" => """", ""ISW"" => """"))",0.142124624,0.047012477500000004,0.142124624,0.047012477500000004
bus8098,true,bus-8098,8098,"Area(0, 0.0, 0.0, 0.0, Dict{String, Any}(""I"" => """", ""ARNAME"" => """", ""PTOL"" => """", ""PDES"" => """", ""ISW"" => """"))",0.0684089473,0.02263907,0.0684089473,0.02263907
bus940,true,bus-940,940,"Area(0, 0.0, 0.0, 0.0, Dict{String, Any}(""I"" => """", ""ARNAME"" => """", ""PTOL"" => """", ""PDES"" => """", ""ISW"" => """"))",0.0520345739,0.019927250100000002,0.0520345739,0.019927250100000002
bus1140,true,bus-1140,1140,"Area(0, 0.0, 0.0, 0.0, Dict{String, Any}(""I"" => """", ""ARNAME"" => """", ""PTOL"" => """", ""PDES"" => """", ""ISW"" => """"))",0.0754044671,0.0237556482,0.0754044671,0.0237556482
bus6514,true,bus-6514,6514,"Area(0, 0.0, 0.0, 0.0, Dict{String, Any}(""I"" => """", ""ARNAME"" => """", ""PTOL"" => """", ""PDES"" => """", ""ISW"" => """"))",0.0764970834,0.0244386124,0.0764970834,0.0244386124
bus918,true,bus-918,918,"Area(0, 0.0, 0.0, 0.0, Dict{String, Any}(""I"" => """", ""ARNAME"" => """", ""PTOL"" => """", ""PDES"" => """", ""ISW"" => """"))",0.0342754773,0.0113950293,0.0342754773,0.0113950293
bus120,true,bus-120,120,"Area(0, 0.0, 0.0, 0.0, Dict{String, Any}(""I"" => """", ""ARNAME"" => """", ""PTOL"" => """", ""PDES"" => """", ""ISW"" => """"))",0.041610614100000005,0.0133904115,0.041610614100000005,0.0133904115
bus1201,true,bus-1201,1201,"Area(0, 0.0, 0.0, 0.0, Dict{String, Any}(""I"" => """", ""ARNAME"" => """", ""PTOL"" => """", ""PDES"" => """", ""ISW"" => """"))",0.0886400603,0.031380271099999996,0.0886400603,0.031380271099999996
bus2205,true,bus-2205,2205,"Area(0, 0.0, 0.0, 0.0, Dict{String, Any}(""I"" => """", ""ARNAME"" => """", ""PTOL"" => """", ""PDES"" => """", ""ISW"" => """"))",0.203737541,0.0276334445,0.211017,0.0276334445
bus37,true,bus-37,37,"Area(0, 0.0, 0.0, 0.0, Dict{String, Any}(""I"" => """", ""ARNAME"" => """", ""PTOL"" => """", ""PDES"" => """", ""ISW"" => """"))",0.128963875,0.0283768363,0.130403,0.0283768363
bus6542,true,bus-6542,6542,"Area(0, 0.0, 0.0, 0.0, Dict{String, Any}(""I"" => """", ""ARNAME"" => """", ""PTOL"" => """", ""PDES"" => """", ""ISW"" => """"))",0.223890709,0.0847711378,0.223890709,0.0847711378
bus6602,true,bus-6602,6602,"Area(0, 0.0, 0.0, 0.0, Dict{String, Any}(""I"" => """", ""ARNAME"" => """", ""PTOL"" => """", ""PDES"" => """", ""ISW"" => """"))",0.0339018414,0.011017550499999999,0.0339018414,0.011017550499999999
bus4418,true,bus-4418,4418,"Area(0, 0.0, 0.0, 0.0, Dict{String, Any}(""I"" => """", ""ARNAME"" => """", ""PTOL"" => """", ""PDES"" => """", ""ISW"" => """"))",0.0524707829,0.015178237800000001,0.0524707829,0.015178237800000001
bus873,true,bus-873,873,"Area(0, 0.0, 0.0, 0.0, Dict{String, Any}(""I"" => """", ""ARNAME"" => """", ""PTOL"" => """", ""PDES"" => """", ""ISW"" => """"))",0.0290390296,0.011585389800000002,0.0290390296,0.011585389800000002
bus7454,true,bus-7454,7454,"Area(0, 0.0, 0.0, 0.0, Dict{String, Any}(""I"" => """", ""ARNAME"" => """", ""PTOL"" => """", ""PDES"" => """", ""ISW"" => """"))",0.0345307422,0.012802871300000001,0.0345307422,0.012802871300000001
bus806,true,bus-806,806,"Area(0, 0.0, 0.0, 0.0, Dict{String, Any}(""I"" => """", ""ARNAME"" => """", ""PTOL"" => """", ""PDES"" => """", ""ISW"" => """"))",0.18226387500000002,0.0576800013,0.18226387500000002,0.0576800013
bus124,true,bus-124,124,"Area(0, 0.0, 0.0, 0.0, Dict{String, Any}(""I"" => """", ""ARNAME"" => """", ""PTOL"" => """", ""PDES"" => """", ""ISW"" => """"))",0.116802862,0.029254248299999997,0.116802862,0.029254248299999997
bus1142,true,bus-1142,1142,"Area(0, 0.0, 0.0, 0.0, Dict{String, Any}(""I"" => """", ""ARNAME"" => """", ""PTOL"" => """", ""PDES"" => """", ""ISW"" => """"))",0.0919706807,0.024933514,0.09239599999999999,0.024933514
bus526,true,bus-526,526,"Area(0, 0.0, 0.0, 0.0, Dict{String, Any}(""I"" => """", ""ARNAME"" => """", ""PTOL"" => """", ""PDES"" => """", ""ISW"" => """"))",0.123242809,0.047745733799999995,0.123242809,0.047745733799999995
bus625,true,bus-625,625,"Area(0, 0.0, 0.0, 0.0, Dict{String, Any}(""I"" => """", ""ARNAME"" => """", ""PTOL"" => """", ""PDES"" => """", ""ISW"" => """"))",0.0516750094,0.018423263199999998,0.0516750094,0.018423263199999998
bus1060,true,bus-1060,1060,"Area(0, 0.0, 0.0, 0.0, Dict{String, Any}(""I"" => """", ""ARNAME"" => """", ""PTOL"" => """", ""PDES"" => """", ""ISW"" => """"))",0.5476674109999999,0.187446887,0.5476674109999999,0.187446887
bus7106,true,bus-7106,7106,"Area(0, 0.0, 0.0, 0.0, Dict{String, Any}(""I"" => """", ""ARNAME"" => """", ""PTOL"" => """", ""PDES"" => """", ""ISW"" => """"))",0.0712287316,0.010852310700000001,0.07410800000000001,0.010852310700000001
bus8783,true,bus-8783,8783,"Area(0, 0.0, 0.0, 0.0, Dict{String, Any}(""I"" => """", ""ARNAME"" => """", ""PTOL"" => """", ""PDES"" => """", ""ISW"" => """"))",0.387228993,0.10939666799999999,0.387228993,0.10939666799999999
bus4735,true,bus-4735,4735,"Area(0, 0.0, 0.0, 0.0, Dict{String, Any}(""I"" => """", ""ARNAME"" => """", ""PTOL"" => """", ""PDES"" => """", ""ISW"" => """"))",0.09467960019999999,0.031191189100000002,0.09467960019999999,0.031191189100000002
bus419,true,bus-419,419,"Area(0, 0.0, 0.0, 0.0, Dict{String, Any}(""I"" => """", ""ARNAME"" => """", ""PTOL"" => """", ""PDES"" => """", ""ISW"" => """"))",0.0270822526,0.0105516689,0.0270822526,0.0105516689
bus4398,true,bus-4398,4398,"Area(0, 0.0, 0.0, 0.0, Dict{String, Any}(""I"" => """", ""ARNAME"" => """", ""PTOL"" => """", ""PDES"" => """", ""ISW"" => """"))",0.09287390000000001,0.013417874599999999,0.09287390000000001,0.013417874599999999
bus783,true,bus-783,783,"Area(0, 0.0, 0.0, 0.0, Dict{String, Any}(""I"" => """", ""ARNAME"" => """", ""PTOL"" => """", ""PDES"" => """", ""ISW"" => """"))",0.104918397,0.0380304512,0.104918397,0.0380304512
bus8331,true,bus-8331,8331,"Area(0, 0.0, 0.0, 0.0, Dict{String, Any}(""I"" => """", ""ARNAME"" => """", ""PTOL"" => """", ""PDES"" => """", ""ISW"" => """"))",0.34470432,0.125670541,0.34470432,0.125670541
bus647,true,bus-647,647,"Area(0, 0.0, 0.0, 0.0, Dict{String, Any}(""I"" => """", ""ARNAME"" => """", ""PTOL"" => """", ""PDES"" => """", ""ISW"" => """"))",0.0732129976,0.0230762436,0.0732129976,0.0230762436
bus2817,true,bus-2817,2817,"Area(0, 0.0, 0.0, 0.0, Dict{String, Any}(""I"" => """", ""ARNAME"" => """", ""PTOL"" => """", ""PDES"" => """", ""ISW"" => """"))",0.0771777592,0.017310241900000002,0.0771777592,0.017310241900000002
bus1484,true,bus-1484,1484,"Area(0, 0.0, 0.0, 0.0, Dict{String, Any}(""I"" => """", ""ARNAME"" => """", ""PTOL"" => """", ""PDES"" => """", ""ISW"" => """"))",0.0942101851,0.030934437699999998,0.0942101851,0.030934437699999998
bus4966,true,bus-4966,4966,"Area(0, 0.0, 0.0, 0.0, Dict{String, Any}(""I"" => """", ""ARNAME"" => """", ""PTOL"" => """", ""PDES"" => """", ""ISW"" => """"))",0.0445289018,0.0164646011,0.0445289018,0.0164646011
bus1799,true,bus-1799,1799,"Area(0, 0.0, 0.0, 0.0, Dict{String, Any}(""I"" => """", ""ARNAME"" => """", ""PTOL"" => """", ""PDES"" => """", ""ISW"" => """"))",0.166442109,0.044284706099999994,0.166442109,0.044284706099999994
bus1925,true,bus-1925,1925,"Area(0, 0.0, 0.0, 0.0, Dict{String, Any}(""I"" => """", ""ARNAME"" => """", ""PTOL"" => """", ""PDES"" => """", ""ISW"" => """"))",0.127434659,0.0378486318,0.127434659,0.0378486318
bus2785,true,bus-2785,2785,"Area(0, 0.0, 0.0, 0.0, Dict{String, Any}(""I"" => """", ""ARNAME"" => """", ""PTOL"" => """", ""PDES"" => """", ""ISW"" => """"))",0.048041495100000005,0.0170306182,0.048041495100000005,0.0170306182
bus1598,true,bus-1598,1598,"Area(0, 0.0, 0.0, 0.0, Dict{String, Any}(""I"" => """", ""ARNAME"" => """", ""PTOL"" => """", ""PDES"" => """", ""ISW"" => """"))",0.0653911043,0.0175454198,0.0653911043,0.0175454198
bus3244,true,bus-3244,3244,"Area(0, 0.0, 0.0, 0.0, Dict{String, Any}(""I"" => """", ""ARNAME"" => """", ""PTOL"" => """", ""PDES"" => """", ""ISW"" => """"))",0.0309973497,0.0123801038,0.0309973497,0.0123801038
bus778,true,bus-778,778,"Area(0, 0.0, 0.0, 0.0, Dict{String, Any}(""I"" => """", ""ARNAME"" => """", ""PTOL"" => """", ""PDES"" => """", ""ISW"" => """"))",0.054240944000000006,0.0167704536,0.054240944000000006,0.0167704536
bus4376,true,bus-4376,4376,"Area(0, 0.0, 0.0, 0.0, Dict{String, Any}(""I"" => """", ""ARNAME"" => """", ""PTOL"" => """", ""PDES"" => """", ""ISW"" => """"))",0.0347662839,0.0100707343,0.0347662839,0.0100707343
bus1187,true,bus-1187,1187,"Area(0, 0.0, 0.0, 0.0, Dict{String, Any}(""I"" => """", ""ARNAME"" => """", ""PTOL"" => """", ""PDES"" => """", ""ISW"" => """"))",0.25951261200000003,0.0489954654,0.265266,0.0489954654
bus2558,true,bus-2558,2558,"Area(0, 0.0, 0.0, 0.0, Dict{String, Any}(""I"" => """", ""ARNAME"" => """", ""PTOL"" => """", ""PDES"" => """", ""ISW"" => """"))",0.0520851049,0.020803869000000003,0.0520851049,0.020803869000000003
bus1125,true,bus-1125,1125,"Area(0, 0.0, 0.0, 0.0, Dict{String, Any}(""I"" => """", ""ARNAME"" => """", ""PTOL"" => """", ""PDES"" => """", ""ISW"" => """"))",0.027994347300000003,0.00796188934,0.027994347300000003,0.00796188934
bus341,true,bus-341,341,"Area(0, 0.0, 0.0, 0.0, Dict{String, Any}(""I"" => """", ""ARNAME"" => """", ""PTOL"" => """", ""PDES"" => """", ""ISW"" => """"))",0.217359536,0.0536713418,0.217359536,0.0536713418
bus705,true,bus-705,705,"Area(0, 0.0, 0.0, 0.0, Dict{String, Any}(""I"" => """", ""ARNAME"" => """", ""PTOL"" => """", ""PDES"" => """", ""ISW"" => """"))",0.583685446,0.192723931,0.583685446,0.192723931
bus1309,true,bus-1309,1309,"Area(0, 0.0, 0.0, 0.0, Dict{String, Any}(""I"" => """", ""ARNAME"" => """", ""PTOL"" => """", ""PDES"" => """", ""ISW"" => """"))",0.0641663372,0.018845017,0.0641663372,0.018845017
bus365,true,bus-365,365,"Area(0, 0.0, 0.0, 0.0, Dict{String, Any}(""I"" => """", ""ARNAME"" => """", ""PTOL"" => """", ""PDES"" => """", ""ISW"" => """"))",0.34040032,0.0777520205,0.35564700000000005,0.0777520205
bus2210,true,bus-2210,2210,"Area(0, 0.0, 0.0, 0.0, Dict{String, Any}(""I"" => """", ""ARNAME"" => """", ""PTOL"" => """", ""PDES"" => """", ""ISW"" => """"))",0.37006799,0.107957671,0.37006799,0.107957671
bus479,true,bus-479,479,"Area(0, 0.0, 0.0, 0.0, Dict{String, Any}(""I"" => """", ""ARNAME"" => """", ""PTOL"" => """", ""PDES"" => """", ""ISW"" => """"))",0.0186452599,0.00746125059,0.0186452599,0.00746125059
bus2009,true,bus-2009,2009,"Area(0, 0.0, 0.0, 0.0, Dict{String, Any}(""I"" => """", ""ARNAME"" => """", ""PTOL"" => """", ""PDES"" => """", ""ISW"" => """"))",0.032926298799999996,0.010891808599999999,0.032926298799999996,0.010891808599999999
bus4931,true,bus-4931,4931,"Area(0, 0.0, 0.0, 0.0, Dict{String, Any}(""I"" => """", ""ARNAME"" => """", ""PTOL"" => """", ""PDES"" => """", ""ISW"" => """"))",0.202753662,0.0587677395,0.202753662,0.0587677395
bus2234,true,bus-2234,2234,"Area(0, 0.0, 0.0, 0.0, Dict{String, Any}(""I"" => """", ""ARNAME"" => """", ""PTOL"" => """", ""PDES"" => """", ""ISW"" => """"))",0.0406635985,0.0147104989,0.0406635985,0.0147104989
bus494,true,bus-494,494,"Area(0, 0.0, 0.0, 0.0, Dict{String, Any}(""I"" => """", ""ARNAME"" => """", ""PTOL"" => """", ""PDES"" => """", ""ISW"" => """"))",0.32049698200000004,0.0514217813,0.342683,0.0514217813
bus3738,true,bus-3738,3738,"Area(0, 0.0, 0.0, 0.0, Dict{String, Any}(""I"" => """", ""ARNAME"" => """", ""PTOL"" => """", ""PDES"" => """", ""ISW"" => """"))",0.0564100878,0.0183205658,0.0564100878,0.0183205658
bus449,true,bus-449,449,"Area(0, 0.0, 0.0, 0.0, Dict{String, Any}(""I"" => """", ""ARNAME"" => """", ""PTOL"" => """", ""PDES"" => """", ""ISW"" => """"))",0.11458687599999999,0.0402439256,0.11458687599999999,0.0402439256
bus52,true,bus-52,52,"Area(0, 0.0, 0.0, 0.0, Dict{String, Any}(""I"" => """", ""ARNAME"" => """", ""PTOL"" => """", ""PDES"" => """", ""ISW"" => """"))",0.0209453206,0.00752592196,0.0209453206,0.00752592196
bus527,true,bus-527,527,"Area(0, 0.0, 0.0, 0.0, Dict{String, Any}(""I"" => """", ""ARNAME"" => """", ""PTOL"" => """", ""PDES"" => """", ""ISW"" => """"))",0.216067781,0.0745506285,0.216067781,0.0745506285
bus2156,true,bus-2156,2156,"Area(0, 0.0, 0.0, 0.0, Dict{String, Any}(""I"" => """", ""ARNAME"" => """", ""PTOL"" => """", ""PDES"" => """", ""ISW"" => """"))",0.164842522,0.057700366499999996,0.164842522,0.057700366499999996
bus814,true,bus-814,814,"Area(0, 0.0, 0.0, 0.0, Dict{String, Any}(""I"" => """", ""ARNAME"" => """", ""PTOL"" => """", ""PDES"" => """", ""ISW"" => """"))",0.338082231,0.0973798952,0.338082231,0.0973798952
bus1091,true,bus-1091,1091,"Area(0, 0.0, 0.0, 0.0, Dict{String, Any}(""I"" => """", ""ARNAME"" => """", ""PTOL"" => """", ""PDES"" => """", ""ISW"" => """"))",0.31809981400000004,0.11866740399999999,0.31809981400000004,0.11866740399999999
bus3567,true,bus-3567,3567,"Area(0, 0.0, 0.0, 0.0, Dict{String, Any}(""I"" => """", ""ARNAME"" => """", ""PTOL"" => """", ""PDES"" => """", ""ISW"" => """"))",0.102462572,0.031761643,0.102462572,0.031761643
bus1678,true,bus-1678,1678,"Area(0, 0.0, 0.0, 0.0, Dict{String, Any}(""I"" => """", ""ARNAME"" => """", ""PTOL"" => """", ""PDES"" => """", ""ISW"" => """"))",0.111290427,0.0405527773,0.111290427,0.0405527773
bus7064,true,bus-7064,7064,"Area(0, 0.0, 0.0, 0.0, Dict{String, Any}(""I"" => """", ""ARNAME"" => """", ""PTOL"" => """", ""PDES"" => """", ""ISW"" => """"))",0.0597486194,0.0190554837,0.0597486194,0.0190554837
bus2105,true,bus-2105,2105,"Area(0, 0.0, 0.0, 0.0, Dict{String, Any}(""I"" => """", ""ARNAME"" => """", ""PTOL"" => """", ""PDES"" => """", ""ISW"" => """"))",0.19000483299999998,0.06255755040000001,0.19000483299999998,0.06255755040000001
bus332,true,bus-332,332,"Area(0, 0.0, 0.0, 0.0, Dict{String, Any}(""I"" => """", ""ARNAME"" => """", ""PTOL"" => """", ""PDES"" => """", ""ISW"" => """"))",0.145810622,0.0393611834,0.145810622,0.0393611834
bus4380,true,bus-4380,4380,"Area(0, 0.0, 0.0, 0.0, Dict{String, Any}(""I"" => """", ""ARNAME"" => """", ""PTOL"" => """", ""PDES"" => """", ""ISW"" => """"))",0.179152837,0.058569539,0.1814,0.058569539
bus4415,true,bus-4415,4415,"Area(0, 0.0, 0.0, 0.0, Dict{String, Any}(""I"" => """", ""ARNAME"" => """", ""PTOL"" => """", ""PDES"" => """", ""ISW"" => """"))",0.20440945500000002,0.06499036180000001,0.22073399999999999,0.06499036180000001
bus1063,true,bus-1063,1063,"Area(0, 0.0, 0.0, 0.0, Dict{String, Any}(""I"" => """", ""ARNAME"" => """", ""PTOL"" => """", ""PDES"" => """", ""ISW"" => """"))",0.029561420799999998,0.009946907,0.029561420799999998,0.009946907
bus1325,true,bus-1325,1325,"Area(0, 0.0, 0.0, 0.0, Dict{String, Any}(""I"" => """", ""ARNAME"" => """", ""PTOL"" => """", ""PDES"" => """", ""ISW"" => """"))",0.0364440231,0.011344095,0.0364440231,0.011344095
bus2013,true,bus-2013,2013,"Area(0, 0.0, 0.0, 0.0, Dict{String, Any}(""I"" => """", ""ARNAME"" => """", ""PTOL"" => """", ""PDES"" => """", ""ISW"" => """"))",0.0460868487,0.0149669383,0.0460868487,0.0149669383
bus1407,true,bus-1407,1407,"Area(0, 0.0, 0.0, 0.0, Dict{String, Any}(""I"" => """", ""ARNAME"" => """", ""PTOL"" => """", ""PDES"" => """", ""ISW"" => """"))",0.0357239557,0.0104892756,0.0357239557,0.0104892756
bus1175,true,bus-1175,1175,"Area(0, 0.0, 0.0, 0.0, Dict{String, Any}(""I"" => """", ""ARNAME"" => """", ""PTOL"" => """", ""PDES"" => """", ""ISW"" => """"))",0.0298751232,0.010538478200000001,0.0298751232,0.010538478200000001
bus862,true,bus-862,862,"Area(0, 0.0, 0.0, 0.0, Dict{String, Any}(""I"" => """", ""ARNAME"" => """", ""PTOL"" => """", ""PDES"" => """", ""ISW"" => """"))",0.0570118,0.0196584526,0.0570118,0.0196584526
bus3801,true,bus-3801,3801,"Area(0, 0.0, 0.0, 0.0, Dict{String, Any}(""I"" => """", ""ARNAME"" => """", ""PTOL"" => """", ""PDES"" => """", ""ISW"" => """"))",0.0563858253,0.0187564983,0.0563858253,0.0187564983
bus960,true,bus-960,960,"Area(0, 0.0, 0.0, 0.0, Dict{String, Any}(""I"" => """", ""ARNAME"" => """", ""PTOL"" => """", ""PDES"" => """", ""ISW"" => """"))",0.0906019301,0.0336639808,0.0906019301,0.0336639808
bus4334,true,bus-4334,4334,"Area(0, 0.0, 0.0, 0.0, Dict{String, Any}(""I"" => """", ""ARNAME"" => """", ""PTOL"" => """", ""PDES"" => """", ""ISW"" => """"))",0.045218945899999995,0.017030572799999998,0.045218945899999995,0.017030572799999998
bus857,true,bus-857,857,"Area(0, 0.0, 0.0, 0.0, Dict{String, Any}(""I"" => """", ""ARNAME"" => """", ""PTOL"" => """", ""PDES"" => """", ""ISW"" => """"))",0.0314772823,0.0105484359,0.0314772823,0.0105484359
bus8184,true,bus-8184,8184,"Area(0, 0.0, 0.0, 0.0, Dict{String, Any}(""I"" => """", ""ARNAME"" => """", ""PTOL"" => """", ""PDES"" => """", ""ISW"" => """"))",0.0699066495,0.0235662414,0.0699066495,0.0235662414
bus640,true,bus-640,640,"Area(0, 0.0, 0.0, 0.0, Dict{String, Any}(""I"" => """", ""ARNAME"" => """", ""PTOL"" => """", ""PDES"" => """", ""ISW"" => """"))",0.462246778,0.150102148,0.462246778,0.150102148
bus3324,true,bus-3324,3324,"Area(0, 0.0, 0.0, 0.0, Dict{String, Any}(""I"" => """", ""ARNAME"" => """", ""PTOL"" => """", ""PDES"" => """", ""ISW"" => """"))",0.0419727407,0.012455774,0.0419727407,0.012455774
bus575,true,bus-575,575,"Area(0, 0.0, 0.0, 0.0, Dict{String, Any}(""I"" => """", ""ARNAME"" => """", ""PTOL"" => """", ""PDES"" => """", ""ISW"" => """"))",0.0689176514,0.022316779800000002,0.0689176514,0.022316779800000002
bus4186,true,bus-4186,4186,"Area(0, 0.0, 0.0, 0.0, Dict{String, Any}(""I"" => """", ""ARNAME"" => """", ""PTOL"" => """", ""PDES"" => """", ""ISW"" => """"))",0.0577174693,0.0177947629,0.0577174693,0.0177947629
bus1444,true,bus-1444,1444,"Area(0, 0.0, 0.0, 0.0, Dict{String, Any}(""I"" => """", ""ARNAME"" => """", ""PTOL"" => """", ""PDES"" => """", ""ISW"" => """"))",0.10569751699999999,0.0306998128,0.10569751699999999,0.0306998128
bus563,true,bus-563,563,"Area(0, 0.0, 0.0, 0.0, Dict{String, Any}(""I"" => """", ""ARNAME"" => """", ""PTOL"" => """", ""PDES"" => """", ""ISW"" => """"))",0.333589956,0.092976285,0.333589956,0.092976285
bus438,true,bus-438,438,"Area(0, 0.0, 0.0, 0.0, Dict{String, Any}(""I"" => """", ""ARNAME"" => """", ""PTOL"" => """", ""PDES"" => """", ""ISW"" => """"))",0.0777127369,0.0264128165,0.0777127369,0.0264128165
bus995,true,bus-995,995,"Area(0, 0.0, 0.0, 0.0, Dict{String, Any}(""I"" => """", ""ARNAME"" => """", ""PTOL"" => """", ""PDES"" => """", ""ISW"" => """"))",0.486841794,0.175359807,0.486841794,0.175359807
bus1025,true,bus-1025,1025,"Area(0, 0.0, 0.0, 0.0, Dict{String, Any}(""I"" => """", ""ARNAME"" => """", ""PTOL"" => """", ""PDES"" => """", ""ISW"" => """"))",0.174248086,0.060505483699999994,0.174248086,0.060505483699999994
bus3278,true,bus-3278,3278,"Area(0, 0.0, 0.0, 0.0, Dict{String, Any}(""I"" => """", ""ARNAME"" => """", ""PTOL"" => """", ""PDES"" => """", ""ISW"" => """"))",0.0311819802,0.00956058064,0.0311819802,0.00956058064
bus2096,true,bus-2096,2096,"Area(0, 0.0, 0.0, 0.0, Dict{String, Any}(""I"" => """", ""ARNAME"" => """", ""PTOL"" => """", ""PDES"" => """", ""ISW"" => """"))",0.115718924,0.0449189096,0.115718924,0.0449189096
bus2345,true,bus-2345,2345,"Area(0, 0.0, 0.0, 0.0, Dict{String, Any}(""I"" => """", ""ARNAME"" => """", ""PTOL"" => """", ""PDES"" => """", ""ISW"" => """"))",0.10935224,0.0382346332,0.10935224,0.0382346332
bus6148,true,bus-6148,6148,"Area(0, 0.0, 0.0, 0.0, Dict{String, Any}(""I"" => """", ""ARNAME"" => """", ""PTOL"" => """", ""PDES"" => """", ""ISW"" => """"))",0.14779246799999998,0.055815664099999995,0.14779246799999998,0.055815664099999995
bus1137,true,bus-1137,1137,"Area(0, 0.0, 0.0, 0.0, Dict{String, Any}(""I"" => """", ""ARNAME"" => """", ""PTOL"" => """", ""PDES"" => """", ""ISW"" => """"))",0.491481696,0.12578513600000002,0.513806,0.12578513600000002
bus6565,true,bus-6565,6565,"Area(0, 0.0, 0.0, 0.0, Dict{String, Any}(""I"" => """", ""ARNAME"" => """", ""PTOL"" => """", ""PDES"" => """", ""ISW"" => """"))",0.0516392152,0.0217466413,0.0516392152,0.0217466413
bus4845,true,bus-4845,4845,"Area(0, 0.0, 0.0, 0.0, Dict{String, Any}(""I"" => """", ""ARNAME"" => """", ""PTOL"" => """", ""PDES"" => """", ""ISW"" => """"))",0.00618042404,0.00208401948,0.00618042404,0.00208401948
bus2113,true,bus-2113,2113,"Area(0, 0.0, 0.0, 0.0, Dict{String, Any}(""I"" => """", ""ARNAME"" => """", ""PTOL"" => """", ""PDES"" => """", ""ISW"" => """"))",0.373401175,0.11737126999999999,0.373401175,0.11737126999999999
bus6000,true,bus-6000,6000,"Area(0, 0.0, 0.0, 0.0, Dict{String, Any}(""I"" => """", ""ARNAME"" => """", ""PTOL"" => """", ""PDES"" => """", ""ISW"" => """"))",0.0239988494,0.00929697275,0.0239988494,0.00929697275
bus1959,true,bus-1959,1959,"Area(0, 0.0, 0.0, 0.0, Dict{String, Any}(""I"" => """", ""ARNAME"" => """", ""PTOL"" => """", ""PDES"" => """", ""ISW"" => """"))",0.0371098855,0.0129644771,0.0371098855,0.0129644771
bus694,true,bus-694,694,"Area(0, 0.0, 0.0, 0.0, Dict{String, Any}(""I"" => """", ""ARNAME"" => """", ""PTOL"" => """", ""PDES"" => """", ""ISW"" => """"))",0.17369724,0.047404035000000004,0.17369724,0.047404035000000004
bus8667,true,bus-8667,8667,"Area(0, 0.0, 0.0, 0.0, Dict{String, Any}(""I"" => """", ""ARNAME"" => """", ""PTOL"" => """", ""PDES"" => """", ""ISW"" => """"))",0.0482720064,0.0166631311,0.0482720064,0.0166631311
bus1903,true,bus-1903,1903,"Area(0, 0.0, 0.0, 0.0, Dict{String, Any}(""I"" => """", ""ARNAME"" => """", ""PTOL"" => """", ""PDES"" => """", ""ISW"" => """"))",0.0159376974,0.00640179078,0.0159376974,0.00640179078
bus3603,true,bus-3603,3603,"Area(0, 0.0, 0.0, 0.0, Dict{String, Any}(""I"" => """", ""ARNAME"" => """", ""PTOL"" => """", ""PDES"" => """", ""ISW"" => """"))",0.0314847901,0.010139984099999999,0.0314847901,0.010139984099999999
bus663,true,bus-663,663,"Area(0, 0.0, 0.0, 0.0, Dict{String, Any}(""I"" => """", ""ARNAME"" => """", ""PTOL"" => """", ""PDES"" => """", ""ISW"" => """"))",0.0605428323,0.0226386949,0.0605428323,0.0226386949
bus1837,true,bus-1837,1837,"Area(0, 0.0, 0.0, 0.0, Dict{String, Any}(""I"" => """", ""ARNAME"" => """", ""PTOL"" => """", ""PDES"" => """", ""ISW"" => """"))",0.0682593965,0.014652654000000001,0.0682593965,0.014652654000000001
bus8253,true,bus-8253,8253,"Area(0, 0.0, 0.0, 0.0, Dict{String, Any}(""I"" => """", ""ARNAME"" => """", ""PTOL"" => """", ""PDES"" => """", ""ISW"" => """"))",0.303260778,0.112167108,0.303260778,0.112167108
bus513,true,bus-513,513,"Area(0, 0.0, 0.0, 0.0, Dict{String, Any}(""I"" => """", ""ARNAME"" => """", ""PTOL"" => """", ""PDES"" => """", ""ISW"" => """"))",0.396207255,0.126523335,0.396207255,0.126523335
bus1443,true,bus-1443,1443,"Area(0, 0.0, 0.0, 0.0, Dict{String, Any}(""I"" => """", ""ARNAME"" => """", ""PTOL"" => """", ""PDES"" => """", ""ISW"" => """"))",0.13761689,0.0430683076,0.13761689,0.0430683076
bus1278,true,bus-1278,1278,"Area(0, 0.0, 0.0, 0.0, Dict{String, Any}(""I"" => """", ""ARNAME"" => """", ""PTOL"" => """", ""PDES"" => """", ""ISW"" => """"))",0.08332088300000001,0.0195767009,0.08332088300000001,0.0195767009
bus1054,true,bus-1054,1054,"Area(0, 0.0, 0.0, 0.0, Dict{String, Any}(""I"" => """", ""ARNAME"" => """", ""PTOL"" => """", ""PDES"" => """", ""ISW"" => """"))",0.0775539516,0.0270546121,0.0775539516,0.0270546121
bus842,true,bus-842,842,"Area(0, 0.0, 0.0, 0.0, Dict{String, Any}(""I"" => """", ""ARNAME"" => """", ""PTOL"" => """", ""PDES"" => """", ""ISW"" => """"))",0.018381921699999998,0.00680616781,0.018381921699999998,0.00680616781
bus7524,true,bus-7524,7524,"Area(0, 0.0, 0.0, 0.0, Dict{String, Any}(""I"" => """", ""ARNAME"" => """", ""PTOL"" => """", ""PDES"" => """", ""ISW"" => """"))",0.07404139800000001,0.0216365439,0.07404139800000001,0.0216365439
bus7024,true,bus-7024,7024,"Area(0, 0.0, 0.0, 0.0, Dict{String, Any}(""I"" => """", ""ARNAME"" => """", ""PTOL"" => """", ""PDES"" => """", ""ISW"" => """"))",0.0136608835,0.005187115789999999,0.0136608835,0.005187115789999999
bus1154,true,bus-1154,1154,"Area(0, 0.0, 0.0, 0.0, Dict{String, Any}(""I"" => """", ""ARNAME"" => """", ""PTOL"" => """", ""PDES"" => """", ""ISW"" => """"))",0.035670060499999996,0.011436118399999999,0.035670060499999996,0.011436118399999999
bus1841,true,bus-1841,1841,"Area(0, 0.0, 0.0, 0.0, Dict{String, Any}(""I"" => """", ""ARNAME"" => """", ""PTOL"" => """", ""PDES"" => """", ""ISW"" => """"))",0.067495577,0.0289829291,0.067495577,0.0289829291
bus2367,true,bus-2367,2367,"Area(0, 0.0, 0.0, 0.0, Dict{String, Any}(""I"" => """", ""ARNAME"" => """", ""PTOL"" => """", ""PDES"" => """", ""ISW"" => """"))",0.543879354,0.164547907,0.543879354,0.164547907
bus345,true,bus-345,345,"Area(0, 0.0, 0.0, 0.0, Dict{String, Any}(""I"" => """", ""ARNAME"" => """", ""PTOL"" => """", ""PDES"" => """", ""ISW"" => """"))",2.2097649,0.7357370520000001,2.2097649,0.7357370520000001
bus6597,true,bus-6597,6597,"Area(0, 0.0, 0.0, 0.0, Dict{String, Any}(""I"" => """", ""ARNAME"" => """", ""PTOL"" => """", ""PDES"" => """", ""ISW"" => """"))",0.187091485,0.0490550106,0.187091485,0.0490550106
bus451,true,bus-451,451,"Area(0, 0.0, 0.0, 0.0, Dict{String, Any}(""I"" => """", ""ARNAME"" => """", ""PTOL"" => """", ""PDES"" => """", ""ISW"" => """"))",0.140708033,0.040197774500000005,0.140708033,0.040197774500000005
bus4074,true,bus-4074,4074,"Area(0, 0.0, 0.0, 0.0, Dict{String, Any}(""I"" => """", ""ARNAME"" => """", ""PTOL"" => """", ""PDES"" => """", ""ISW"" => """"))",0.161533508,0.0425712827,0.161533508,0.0425712827
bus809,true,bus-809,809,"Area(0, 0.0, 0.0, 0.0, Dict{String, Any}(""I"" => """", ""ARNAME"" => """", ""PTOL"" => """", ""PDES"" => """", ""ISW"" => """"))",0.15494809,0.0497122249,0.15494809,0.0497122249
bus782,true,bus-782,782,"Area(0, 0.0, 0.0, 0.0, Dict{String, Any}(""I"" => """", ""ARNAME"" => """", ""PTOL"" => """", ""PDES"" => """", ""ISW"" => """"))",0.5878226630000001,0.19396338899999999,0.5878226630000001,0.19396338899999999
bus1283,true,bus-1283,1283,"Area(0, 0.0, 0.0, 0.0, Dict{String, Any}(""I"" => """", ""ARNAME"" => """", ""PTOL"" => """", ""PDES"" => """", ""ISW"" => """"))",0.039357459399999996,0.013397773699999999,0.039357459399999996,0.013397773699999999
bus1780,true,bus-1780,1780,"Area(0, 0.0, 0.0, 0.0, Dict{String, Any}(""I"" => """", ""ARNAME"" => """", ""PTOL"" => """", ""PDES"" => """", ""ISW"" => """"))",0.0409412005,0.0140805697,0.0409412005,0.0140805697
bus8299,true,bus-8299,8299,"Area(0, 0.0, 0.0, 0.0, Dict{String, Any}(""I"" => """", ""ARNAME"" => """", ""PTOL"" => """", ""PDES"" => """", ""ISW"" => """"))",0.09229322290000001,0.0324397816,0.09229322290000001,0.0324397816
bus7755,true,bus-7755,7755,"Area(0, 0.0, 0.0, 0.0, Dict{String, Any}(""I"" => """", ""ARNAME"" => """", ""PTOL"" => """", ""PDES"" => """", ""ISW"" => """"))",0.26788611,0.08991485839999999,0.26788611,0.08991485839999999
bus2680,true,bus-2680,2680,"Area(0, 0.0, 0.0, 0.0, Dict{String, Any}(""I"" => """", ""ARNAME"" => """", ""PTOL"" => """", ""PDES"" => """", ""ISW"" => """"))",0.12340359299999999,0.0375774424,0.12340359299999999,0.0375774424
bus2666,true,bus-2666,2666,"Area(0, 0.0, 0.0, 0.0, Dict{String, Any}(""I"" => """", ""ARNAME"" => """", ""PTOL"" => """", ""PDES"" => """", ""ISW"" => """"))",0.279874663,0.102474051,0.279874663,0.102474051
bus795,true,bus-795,795,"Area(0, 0.0, 0.0, 0.0, Dict{String, Any}(""I"" => """", ""ARNAME"" => """", ""PTOL"" => """", ""PDES"" => """", ""ISW"" => """"))",0.0932430046,0.0328161837,0.0932430046,0.0328161837
bus8653,true,bus-8653,8653,"Area(0, 0.0, 0.0, 0.0, Dict{String, Any}(""I"" => """", ""ARNAME"" => """", ""PTOL"" => """", ""PDES"" => """", ""ISW"" => """"))",0.12332467700000001,0.04321570709999999,0.12332467700000001,0.04321570709999999
bus1759,true,bus-1759,1759,"Area(0, 0.0, 0.0, 0.0, Dict{String, Any}(""I"" => """", ""ARNAME"" => """", ""PTOL"" => """", ""PDES"" => """", ""ISW"" => """"))",0.05489048999999999,0.0190215588,0.05489048999999999,0.0190215588
bus2292,true,bus-2292,2292,"Area(0, 0.0, 0.0, 0.0, Dict{String, Any}(""I"" => """", ""ARNAME"" => """", ""PTOL"" => """", ""PDES"" => """", ""ISW"" => """"))",1.00108223,0.163380566,1.0729710000000001,0.163380566
bus7063,true,bus-7063,7063,"Area(0, 0.0, 0.0, 0.0, Dict{String, Any}(""I"" => """", ""ARNAME"" => """", ""PTOL"" => """", ""PDES"" => """", ""ISW"" => """"))",0.0821145536,0.026336883000000002,0.0821145536,0.026336883000000002
bus1537,true,bus-1537,1537,"Area(0, 0.0, 0.0, 0.0, Dict{String, Any}(""I"" => """", ""ARNAME"" => """", ""PTOL"" => """", ""PDES"" => """", ""ISW"" => """"))",0.35430173699999995,0.10203011399999999,0.35430173699999995,0.10203011399999999
bus7957,true,bus-7957,7957,"Area(0, 0.0, 0.0, 0.0, Dict{String, Any}(""I"" => """", ""ARNAME"" => """", ""PTOL"" => """", ""PDES"" => """", ""ISW"" => """"))",0.5424214159999999,0.18419996600000002,0.5424214159999999,0.18419996600000002
bus1714,true,bus-1714,1714,"Area(0, 0.0, 0.0, 0.0, Dict{String, Any}(""I"" => """", ""ARNAME"" => """", ""PTOL"" => """", ""PDES"" => """", ""ISW"" => """"))",0.011737009199999999,0.00428550203,0.011737009199999999,0.00428550203
bus1106,true,bus-1106,1106,"Area(0, 0.0, 0.0, 0.0, Dict{String, Any}(""I"" => """", ""ARNAME"" => """", ""PTOL"" => """", ""PDES"" => """", ""ISW"" => """"))",0.0743297194,0.0281031573,0.0743297194,0.0281031573
bus10,true,bus-10,10,"Area(0, 0.0, 0.0, 0.0, Dict{String, Any}(""I"" => """", ""ARNAME"" => """", ""PTOL"" => """", ""PDES"" => """", ""ISW"" => """"))",0.249280246,0.06611186100000001,0.249280246,0.06611186100000001
bus6562,true,bus-6562,6562,"Area(0, 0.0, 0.0, 0.0, Dict{String, Any}(""I"" => """", ""ARNAME"" => """", ""PTOL"" => """", ""PDES"" => """", ""ISW"" => """"))",0.179199941,0.0645408975,0.179199941,0.0645408975
bus556,true,bus-556,556,"Area(0, 0.0, 0.0, 0.0, Dict{String, Any}(""I"" => """", ""ARNAME"" => """", ""PTOL"" => """", ""PDES"" => """", ""ISW"" => """"))",0.25763089699999997,0.0917957416,0.25763089699999997,0.0917957416
bus290,true,bus-290,290,"Area(0, 0.0, 0.0, 0.0, Dict{String, Any}(""I"" => """", ""ARNAME"" => """", ""PTOL"" => """", ""PDES"" => """", ""ISW"" => """"))",0.0513720272,0.0193012762,0.0513720272,0.0193012762
bus895,true,bus-895,895,"Area(0, 0.0, 0.0, 0.0, Dict{String, Any}(""I"" => """", ""ARNAME"" => """", ""PTOL"" => """", ""PDES"" => """", ""ISW"" => """"))",0.106206499,0.0382700219,0.106206499,0.0382700219
bus5178,true,bus-5178,5178,"Area(0, 0.0, 0.0, 0.0, Dict{String, Any}(""I"" => """", ""ARNAME"" => """", ""PTOL"" => """", ""PDES"" => """", ""ISW"" => """"))",0.054612148,0.0206665307,0.054612148,0.0206665307
bus2102,true,bus-2102,2102,"Area(0, 0.0, 0.0, 0.0, Dict{String, Any}(""I"" => """", ""ARNAME"" => """", ""PTOL"" => """", ""PDES"" => """", ""ISW"" => """"))",0.616803779,0.131991675,0.654931,0.131991675
bus1186,true,bus-1186,1186,"Area(0, 0.0, 0.0, 0.0, Dict{String, Any}(""I"" => """", ""ARNAME"" => """", ""PTOL"" => """", ""PDES"" => """", ""ISW"" => """"))",0.19372366100000002,0.0499714839,0.19372366100000002,0.0499714839
bus4390,true,bus-4390,4390,"Area(0, 0.0, 0.0, 0.0, Dict{String, Any}(""I"" => """", ""ARNAME"" => """", ""PTOL"" => """", ""PDES"" => """", ""ISW"" => """"))",0.0600419856,0.0174617956,0.0600419856,0.0174617956
bus539,true,bus-539,539,"Area(0, 0.0, 0.0, 0.0, Dict{String, Any}(""I"" => """", ""ARNAME"" => """", ""PTOL"" => """", ""PDES"" => """", ""ISW"" => """"))",0.130142767,0.046055080400000004,0.130142767,0.046055080400000004
bus4699,true,bus-4699,4699,"Area(0, 0.0, 0.0, 0.0, Dict{String, Any}(""I"" => """", ""ARNAME"" => """", ""PTOL"" => """", ""PDES"" => """", ""ISW"" => """"))",0.0146270592,0.006301704849999999,0.0146270592,0.006301704849999999
bus571,true,bus-571,571,"Area(0, 0.0, 0.0, 0.0, Dict{String, Any}(""I"" => """", ""ARNAME"" => """", ""PTOL"" => """", ""PDES"" => """", ""ISW"" => """"))",0.174768164,0.038326782000000004,0.174768164,0.038326782000000004
bus1912,true,bus-1912,1912,"Area(0, 0.0, 0.0, 0.0, Dict{String, Any}(""I"" => """", ""ARNAME"" => """", ""PTOL"" => """", ""PDES"" => """", ""ISW"" => """"))",0.023179895899999997,0.00913503246,0.023179895899999997,0.00913503246
bus2128,true,bus-2128,2128,"Area(0, 0.0, 0.0, 0.0, Dict{String, Any}(""I"" => """", ""ARNAME"" => """", ""PTOL"" => """", ""PDES"" => """", ""ISW"" => """"))",0.12405563300000001,0.044301044000000005,0.12405563300000001,0.044301044000000005
bus463,true,bus-463,463,"Area(0, 0.0, 0.0, 0.0, Dict{String, Any}(""I"" => """", ""ARNAME"" => """", ""PTOL"" => """", ""PDES"" => """", ""ISW"" => """"))",0.0767081035,0.0287888944,0.0767081035,0.0287888944
bus4430,true,bus-4430,4430,"Area(0, 0.0, 0.0, 0.0, Dict{String, Any}(""I"" => """", ""ARNAME"" => """", ""PTOL"" => """", ""PDES"" => """", ""ISW"" => """"))",0.0454922792,0.0169842529,0.0454922792,0.0169842529
bus2911,true,bus-2911,2911,"Area(0, 0.0, 0.0, 0.0, Dict{String, Any}(""I"" => """", ""ARNAME"" => """", ""PTOL"" => """", ""PDES"" => """", ""ISW"" => """"))",0.0281614495,0.00909010683,0.0281614495,0.00909010683
bus8011,true,bus-8011,8011,"Area(0, 0.0, 0.0, 0.0, Dict{String, Any}(""I"" => """", ""ARNAME"" => """", ""PTOL"" => """", ""PDES"" => """", ""ISW"" => """"))",0.268848762,0.08641821520000001,0.268848762,0.08641821520000001
bus2002,true,bus-2002,2002,"Area(0, 0.0, 0.0, 0.0, Dict{String, Any}(""I"" => """", ""ARNAME"" => """", ""PTOL"" => """", ""PDES"" => """", ""ISW"" => """"))",0.0590110535,0.019608237,0.0590110535,0.019608237
bus1023,true,bus-1023,1023,"Area(0, 0.0, 0.0, 0.0, Dict{String, Any}(""I"" => """", ""ARNAME"" => """", ""PTOL"" => """", ""PDES"" => """", ""ISW"" => """"))",0.15738907400000002,0.0563168085,0.15738907400000002,0.0563168085
bus1976,true,bus-1976,1976,"Area(0, 0.0, 0.0, 0.0, Dict{String, Any}(""I"" => """", ""ARNAME"" => """", ""PTOL"" => """", ""PDES"" => """", ""ISW"" => """"))",0.05020964829999999,0.0183084826,0.05020964829999999,0.0183084826
bus7413,true,bus-7413,7413,"Area(0, 0.0, 0.0, 0.0, Dict{String, Any}(""I"" => """", ""ARNAME"" => """", ""PTOL"" => """", ""PDES"" => """", ""ISW"" => """"))",0.051679194,0.018408868199999998,0.051679194,0.018408868199999998
bus2225,true,bus-2225,2225,"Area(0, 0.0, 0.0, 0.0, Dict{String, Any}(""I"" => """", ""ARNAME"" => """", ""PTOL"" => """", ""PDES"" => """", ""ISW"" => """"))",0.048460854500000004,0.0194308498,0.048460854500000004,0.0194308498
bus872,true,bus-872,872,"Area(0, 0.0, 0.0, 0.0, Dict{String, Any}(""I"" => """", ""ARNAME"" => """", ""PTOL"" => """", ""PDES"" => """", ""ISW"" => """"))",0.0242175096,0.00794501637,0.0242175096,0.00794501637
bus186,true,bus-186,186,"Area(0, 0.0, 0.0, 0.0, Dict{String, Any}(""I"" => """", ""ARNAME"" => """", ""PTOL"" => """", ""PDES"" => """", ""ISW"" => """"))",0.15039292299999998,0.053216582,0.15039292299999998,0.053216582
bus2364,true,bus-2364,2364,"Area(0, 0.0, 0.0, 0.0, Dict{String, Any}(""I"" => """", ""ARNAME"" => """", ""PTOL"" => """", ""PDES"" => """", ""ISW"" => """"))",0.17004965800000002,0.060873624099999996,0.17004965800000002,0.060873624099999996
bus107,true,bus-107,107,"Area(0, 0.0, 0.0, 0.0, Dict{String, Any}(""I"" => """", ""ARNAME"" => """", ""PTOL"" => """", ""PDES"" => """", ""ISW"" => """"))",0.341070171,0.08032545819999999,0.341070171,0.08032545819999999
bus1226,true,bus-1226,1226,"Area(0, 0.0, 0.0, 0.0, Dict{String, Any}(""I"" => """", ""ARNAME"" => """", ""PTOL"" => """", ""PDES"" => """", ""ISW"" => """"))",0.292546759,0.0944695364,0.292546759,0.0944695364
bus4185,true,bus-4185,4185,"Area(0, 0.0, 0.0, 0.0, Dict{String, Any}(""I"" => """", ""ARNAME"" => """", ""PTOL"" => """", ""PDES"" => """", ""ISW"" => """"))",0.06415351229999999,0.0205549833,0.06415351229999999,0.0205549833
bus2155,true,bus-2155,2155,"Area(0, 0.0, 0.0, 0.0, Dict{String, Any}(""I"" => """", ""ARNAME"" => """", ""PTOL"" => """", ""PDES"" => """", ""ISW"" => """"))",0.402586717,0.138186635,0.402586717,0.138186635
bus8200,true,bus-8200,8200,"Area(0, 0.0, 0.0, 0.0, Dict{String, Any}(""I"" => """", ""ARNAME"" => """", ""PTOL"" => """", ""PDES"" => """", ""ISW"" => """"))",0.350255843,0.109370664,0.350255843,0.109370664
bus2999,true,bus-2999,2999,"Area(0, 0.0, 0.0, 0.0, Dict{String, Any}(""I"" => """", ""ARNAME"" => """", ""PTOL"" => """", ""PDES"" => """", ""ISW"" => """"))",0.0810272406,0.0270842196,0.0810272406,0.0270842196
bus2125,true,bus-2125,2125,"Area(0, 0.0, 0.0, 0.0, Dict{String, Any}(""I"" => """", ""ARNAME"" => """", ""PTOL"" => """", ""PDES"" => """", ""ISW"" => """"))",0.143606165,0.0544001285,0.143606165,0.0544001285
bus970,true,bus-970,970,"Area(0, 0.0, 0.0, 0.0, Dict{String, Any}(""I"" => """", ""ARNAME"" => """", ""PTOL"" => """", ""PDES"" => """", ""ISW"" => """"))",0.06546211440000001,0.0179864754,0.06546211440000001,0.0179864754
bus807,true,bus-807,807,"Area(0, 0.0, 0.0, 0.0, Dict{String, Any}(""I"" => """", ""ARNAME"" => """", ""PTOL"" => """", ""PDES"" => """", ""ISW"" => """"))",0.0425675074,0.0152287464,0.0425675074,0.0152287464
bus1348,true,bus-1348,1348,"Area(0, 0.0, 0.0, 0.0, Dict{String, Any}(""I"" => """", ""ARNAME"" => """", ""PTOL"" => """", ""PDES"" => """", ""ISW"" => """"))",0.151441067,0.0448167824,0.151441067,0.0448167824
bus1185,true,bus-1185,1185,"Area(0, 0.0, 0.0, 0.0, Dict{String, Any}(""I"" => """", ""ARNAME"" => """", ""PTOL"" => """", ""PDES"" => """", ""ISW"" => """"))",0.35561502500000003,0.09595888070000001,0.35561502500000003,0.09595888070000001
bus8599,true,bus-8599,8599,"Area(0, 0.0, 0.0, 0.0, Dict{String, Any}(""I"" => """", ""ARNAME"" => """", ""PTOL"" => """", ""PDES"" => """", ""ISW"" => """"))",0.20200032799999998,0.0698160227,0.20200032799999998,0.0698160227
bus7435,true,bus-7435,7435,"Area(0, 0.0, 0.0, 0.0, Dict{String, Any}(""I"" => """", ""ARNAME"" => """", ""PTOL"" => """", ""PDES"" => """", ""ISW"" => """"))",0.0485368593,0.0177381717,0.0485368593,0.0177381717
bus7056,true,bus-7056,7056,"Area(0, 0.0, 0.0, 0.0, Dict{String, Any}(""I"" => """", ""ARNAME"" => """", ""PTOL"" => """", ""PDES"" => """", ""ISW"" => """"))",0.0296860394,0.011505489099999999,0.0296860394,0.011505489099999999
bus748,true,bus-748,748,"Area(0, 0.0, 0.0, 0.0, Dict{String, Any}(""I"" => """", ""ARNAME"" => """", ""PTOL"" => """", ""PDES"" => """", ""ISW"" => """"))",0.0446234211,0.0138524843,0.0446234211,0.0138524843
bus8849,true,bus-8849,8849,"Area(0, 0.0, 0.0, 0.0, Dict{String, Any}(""I"" => """", ""ARNAME"" => """", ""PTOL"" => """", ""PDES"" => """", ""ISW"" => """"))",0.2154413,0.0777364028,0.2154413,0.0777364028
bus465,true,bus-465,465,"Area(0, 0.0, 0.0, 0.0, Dict{String, Any}(""I"" => """", ""ARNAME"" => """", ""PTOL"" => """", ""PDES"" => """", ""ISW"" => """"))",0.444228582,0.139184359,0.444228582,0.139184359
bus6590,true,bus-6590,6590,"Area(0, 0.0, 0.0, 0.0, Dict{String, Any}(""I"" => """", ""ARNAME"" => """", ""PTOL"" => """", ""PDES"" => """", ""ISW"" => """"))",0.725010382,0.136398075,0.773021,0.136398075
bus380,true,bus-380,380,"Area(0, 0.0, 0.0, 0.0, Dict{String, Any}(""I"" => """", ""ARNAME"" => """", ""PTOL"" => """", ""PDES"" => """", ""ISW"" => """"))",0.34067726299999995,0.115555409,0.34067726299999995,0.115555409
bus1794,true,bus-1794,1794,"Area(0, 0.0, 0.0, 0.0, Dict{String, Any}(""I"" => """", ""ARNAME"" => """", ""PTOL"" => """", ""PDES"" => """", ""ISW"" => """"))",0.0759391617,0.0244480012,0.0759391617,0.0244480012
bus723,true,bus-723,723,"Area(0, 0.0, 0.0, 0.0, Dict{String, Any}(""I"" => """", ""ARNAME"" => """", ""PTOL"" => """", ""PDES"" => """", ""ISW"" => """"))",0.08637781520000001,0.0286983975,0.08637781520000001,0.0286983975
bus8349,true,bus-8349,8349,"Area(0, 0.0, 0.0, 0.0, Dict{String, Any}(""I"" => """", ""ARNAME"" => """", ""PTOL"" => """", ""PDES"" => """", ""ISW"" => """"))",0.0782852964,0.023640134,0.0782852964,0.023640134
bus1361,true,bus-1361,1361,"Area(0, 0.0, 0.0, 0.0, Dict{String, Any}(""I"" => """", ""ARNAME"" => """", ""PTOL"" => """", ""PDES"" => """", ""ISW"" => """"))",0.113060056,0.0488959474,0.113060056,0.0488959474
bus3241,true,bus-3241,3241,"Area(0, 0.0, 0.0, 0.0, Dict{String, Any}(""I"" => """", ""ARNAME"" => """", ""PTOL"" => """", ""PDES"" => """", ""ISW"" => """"))",0.12593057800000002,0.0408931713,0.12593057800000002,0.0408931713
bus3563,true,bus-3563,3563,"Area(0, 0.0, 0.0, 0.0, Dict{String, Any}(""I"" => """", ""ARNAME"" => """", ""PTOL"" => """", ""PDES"" => """", ""ISW"" => """"))",0.037105147399999996,0.013368185800000001,0.037105147399999996,0.013368185800000001
bus1478,true,bus-1478,1478,"Area(0, 0.0, 0.0, 0.0, Dict{String, Any}(""I"" => """", ""ARNAME"" => """", ""PTOL"" => """", ""PDES"" => """", ""ISW"" => """"))",0.0404259829,0.011602281400000001,0.0404259829,0.011602281400000001
bus8556,true,bus-8556,8556,"Area(0, 0.0, 0.0, 0.0, Dict{String, Any}(""I"" => """", ""ARNAME"" => """", ""PTOL"" => """", ""PDES"" => """", ""ISW"" => """"))",0.23255561100000002,0.0780878699,0.23255561100000002,0.0780878699
bus779,true,bus-779,779,"Area(0, 0.0, 0.0, 0.0, Dict{String, Any}(""I"" => """", ""ARNAME"" => """", ""PTOL"" => """", ""PDES"" => """", ""ISW"" => """"))",0.181653477,0.057225290299999995,0.181653477,0.057225290299999995
bus8283,true,bus-8283,8283,"Area(0, 0.0, 0.0, 0.0, Dict{String, Any}(""I"" => """", ""ARNAME"" => """", ""PTOL"" => """", ""PDES"" => """", ""ISW"" => """"))",0.0427137897,0.0155015656,0.0427137897,0.0155015656
bus1843,true,bus-1843,1843,"Area(0, 0.0, 0.0, 0.0, Dict{String, Any}(""I"" => """", ""ARNAME"" => """", ""PTOL"" => """", ""PDES"" => """", ""ISW"" => """"))",0.0379955579,0.0119293614,0.0379955579,0.0119293614
bus2159,true,bus-2159,2159,"Area(0, 0.0, 0.0, 0.0, Dict{String, Any}(""I"" => """", ""ARNAME"" => """", ""PTOL"" => """", ""PDES"" => """", ""ISW"" => """"))",0.34425057700000006,0.123088176,0.34425057700000006,0.123088176
bus1511,true,bus-1511,1511,"Area(0, 0.0, 0.0, 0.0, Dict{String, Any}(""I"" => """", ""ARNAME"" => """", ""PTOL"" => """", ""PDES"" => """", ""ISW"" => """"))",0.0692983615,0.0234272907,0.0692983615,0.0234272907
bus1519,true,bus-1519,1519,"Area(0, 0.0, 0.0, 0.0, Dict{String, Any}(""I"" => """", ""ARNAME"" => """", ""PTOL"" => """", ""PDES"" => """", ""ISW"" => """"))",0.0347728878,0.0132340509,0.0347728878,0.0132340509
bus255,true,bus-255,255,"Area(0, 0.0, 0.0, 0.0, Dict{String, Any}(""I"" => """", ""ARNAME"" => """", ""PTOL"" => """", ""PDES"" => """", ""ISW"" => """"))",0.06867846179999999,0.0194311441,0.06867846179999999,0.0194311441
bus1482,true,bus-1482,1482,"Area(0, 0.0, 0.0, 0.0, Dict{String, Any}(""I"" => """", ""ARNAME"" => """", ""PTOL"" => """", ""PDES"" => """", ""ISW"" => """"))",0.340201232,0.0995059595,0.340201232,0.0995059595
bus1248,true,bus-1248,1248,"Area(0, 0.0, 0.0, 0.0, Dict{String, Any}(""I"" => """", ""ARNAME"" => """", ""PTOL"" => """", ""PDES"" => """", ""ISW"" => """"))",0.43961774200000003,0.144734164,0.43961774200000003,0.144734164
bus1611,true,bus-1611,1611,"Area(0, 0.0, 0.0, 0.0, Dict{String, Any}(""I"" => """", ""ARNAME"" => """", ""PTOL"" => """", ""PDES"" => """", ""ISW"" => """"))",0.5034741060000001,0.190034163,0.5034741060000001,0.190034163
bus1022,true,bus-1022,1022,"Area(0, 0.0, 0.0, 0.0, Dict{String, Any}(""I"" => """", ""ARNAME"" => """", ""PTOL"" => """", ""PDES"" => """", ""ISW"" => """"))",0.113094228,0.0288415401,0.113094228,0.0288415401
bus6633,true,bus-6633,6633,"Area(0, 0.0, 0.0, 0.0, Dict{String, Any}(""I"" => """", ""ARNAME"" => """", ""PTOL"" => """", ""PDES"" => """", ""ISW"" => """"))",0.013929128099999999,0.00518718557,0.013929128099999999,0.00518718557
bus6478,true,bus-6478,6478,"Area(0, 0.0, 0.0, 0.0, Dict{String, Any}(""I"" => """", ""ARNAME"" => """", ""PTOL"" => """", ""PDES"" => """", ""ISW"" => """"))",0.0060994277,0.00208703151,0.0060994277,0.00208703151
bus2398,true,bus-2398,2398,"Area(0, 0.0, 0.0, 0.0, Dict{String, Any}(""I"" => """", ""ARNAME"" => """", ""PTOL"" => """", ""PDES"" => """", ""ISW"" => """"))",0.0151828367,0.0052801282,0.0151828367,0.0052801282
bus7951,true,bus-7951,7951,"Area(0, 0.0, 0.0, 0.0, Dict{String, Any}(""I"" => """", ""ARNAME"" => """", ""PTOL"" => """", ""PDES"" => """", ""ISW"" => """"))",0.37564126600000003,0.11420175,0.37564126600000003,0.11420175
bus4551,true,bus-4551,4551,"Area(0, 0.0, 0.0, 0.0, Dict{String, Any}(""I"" => """", ""ARNAME"" => """", ""PTOL"" => """", ""PDES"" => """", ""ISW"" => """"))",0.0171684076,0.0074025032199999995,0.0171684076,0.0074025032199999995
bus4498,true,bus-4498,4498,"Area(0, 0.0, 0.0, 0.0, Dict{String, Any}(""I"" => """", ""ARNAME"" => """", ""PTOL"" => """", ""PDES"" => """", ""ISW"" => """"))",0.024309648899999998,0.0104078921,0.024309648899999998,0.0104078921
bus959,true,bus-959,959,"Area(0, 0.0, 0.0, 0.0, Dict{String, Any}(""I"" => """", ""ARNAME"" => """", ""PTOL"" => """", ""PDES"" => """", ""ISW"" => """"))",0.0516846608,0.0167636792,0.0516846608,0.0167636792
bus6699,true,bus-6699,6699,"Area(0, 0.0, 0.0, 0.0, Dict{String, Any}(""I"" => """", ""ARNAME"" => """", ""PTOL"" => """", ""PDES"" => """", ""ISW"" => """"))",0.14684192599999998,0.0517774985,0.14684192599999998,0.0517774985
bus702,true,bus-702,702,"Area(0, 0.0, 0.0, 0.0, Dict{String, Any}(""I"" => """", ""ARNAME"" => """", ""PTOL"" => """", ""PDES"" => """", ""ISW"" => """"))",0.525266187,0.165721646,0.525266187,0.165721646
bus408,true,bus-408,408,"Area(0, 0.0, 0.0, 0.0, Dict{String, Any}(""I"" => """", ""ARNAME"" => """", ""PTOL"" => """", ""PDES"" => """", ""ISW"" => """"))",0.277910259,0.09637986529999999,0.277910259,0.09637986529999999
bus737,true,bus-737,737,"Area(0, 0.0, 0.0, 0.0, Dict{String, Any}(""I"" => """", ""ARNAME"" => """", ""PTOL"" => """", ""PDES"" => """", ""ISW"" => """"))",0.00843282762,0.00301816124,0.00843282762,0.00301816124
bus512,true,bus-512,512,"Area(0, 0.0, 0.0, 0.0, Dict{String, Any}(""I"" => """", ""ARNAME"" => """", ""PTOL"" => """", ""PDES"" => """", ""ISW"" => """"))",0.149768084,0.0531479211,0.149768084,0.0531479211
bus3879,true,bus-3879,3879,"Area(0, 0.0, 0.0, 0.0, Dict{String, Any}(""I"" => """", ""ARNAME"" => """", ""PTOL"" => """", ""PDES"" => """", ""ISW"" => """"))",0.0569176976,0.0189261626,0.0569176976,0.0189261626
bus1006,true,bus-1006,1006,"Area(0, 0.0, 0.0, 0.0, Dict{String, Any}(""I"" => """", ""ARNAME"" => """", ""PTOL"" => """", ""PDES"" => """", ""ISW"" => """"))",0.75432484,0.20940178199999998,0.75432484,0.20940178199999998
bus390,true,bus-390,390,"Area(0, 0.0, 0.0, 0.0, Dict{String, Any}(""I"" => """", ""ARNAME"" => """", ""PTOL"" => """", ""PDES"" => """", ""ISW"" => """"))",0.0740081501,0.0198606908,0.0740081501,0.0198606908
bus858,true,bus-858,858,"Area(0, 0.0, 0.0, 0.0, Dict{String, Any}(""I"" => """", ""ARNAME"" => """", ""PTOL"" => """", ""PDES"" => """", ""ISW"" => """"))",0.0577282343,0.0217993702,0.0577282343,0.0217993702
bus1869,true,bus-1869,1869,"Area(0, 0.0, 0.0, 0.0, Dict{String, Any}(""I"" => """", ""ARNAME"" => """", ""PTOL"" => """", ""PDES"" => """", ""ISW"" => """"))",0.118283804,0.037109513399999995,0.118283804,0.037109513399999995
bus521,true,bus-521,521,"Area(0, 0.0, 0.0, 0.0, Dict{String, Any}(""I"" => """", ""ARNAME"" => """", ""PTOL"" => """", ""PDES"" => """", ""ISW"" => """"))",0.146903143,0.0260351752,0.149583,0.0260351752
bus5898,true,bus-5898,5898,"Area(0, 0.0, 0.0, 0.0, Dict{String, Any}(""I"" => """", ""ARNAME"" => """", ""PTOL"" => """", ""PDES"" => """", ""ISW"" => """"))",0.0520042134,0.0143379143,0.0520042134,0.0143379143
bus2918,true,bus-2918,2918,"Area(0, 0.0, 0.0, 0.0, Dict{String, Any}(""I"" => """", ""ARNAME"" => """", ""PTOL"" => """", ""PDES"" => """", ""ISW"" => """"))",0.0246142045,0.00950801997,0.0246142045,0.00950801997
bus682,true,bus-682,682,"Area(0, 0.0, 0.0, 0.0, Dict{String, Any}(""I"" => """", ""ARNAME"" => """", ""PTOL"" => """", ""PDES"" => """", ""ISW"" => """"))",0.193706584,0.078195877,0.193706584,0.078195877
bus1726,true,bus-1726,1726,"Area(0, 0.0, 0.0, 0.0, Dict{String, Any}(""I"" => """", ""ARNAME"" => """", ""PTOL"" => """", ""PDES"" => """", ""ISW"" => """"))",0.0488097125,0.0184399611,0.0488097125,0.0184399611
bus1075,true,bus-1075,1075,"Area(0, 0.0, 0.0, 0.0, Dict{String, Any}(""I"" => """", ""ARNAME"" => """", ""PTOL"" => """", ""PDES"" => """", ""ISW"" => """"))",0.612623973,0.21417165000000002,0.612623973,0.21417165000000002
bus929,true,bus-929,929,"Area(0, 0.0, 0.0, 0.0, Dict{String, Any}(""I"" => """", ""ARNAME"" => """", ""PTOL"" => """", ""PDES"" => """", ""ISW"" => """"))",0.018051908699999997,0.006004529880000001,0.018051908699999997,0.006004529880000001
bus1338,true,bus-1338,1338,"Area(0, 0.0, 0.0, 0.0, Dict{String, Any}(""I"" => """", ""ARNAME"" => """", ""PTOL"" => """", ""PDES"" => """", ""ISW"" => """"))",0.0224153672,0.00760546274,0.0224153672,0.00760546274
bus2664,true,bus-2664,2664,"Area(0, 0.0, 0.0, 0.0, Dict{String, Any}(""I"" => """", ""ARNAME"" => """", ""PTOL"" => """", ""PDES"" => """", ""ISW"" => """"))",0.181389988,0.0702506462,0.181389988,0.0702506462
bus8463,true,bus-8463,8463,"Area(0, 0.0, 0.0, 0.0, Dict{String, Any}(""I"" => """", ""ARNAME"" => """", ""PTOL"" => """", ""PDES"" => """", ""ISW"" => """"))",0.532574756,0.183788637,0.532574756,0.183788637
bus962,true,bus-962,962,"Area(0, 0.0, 0.0, 0.0, Dict{String, Any}(""I"" => """", ""ARNAME"" => """", ""PTOL"" => """", ""PDES"" => """", ""ISW"" => """"))",0.173079236,0.0486629971,0.173079236,0.0486629971
bus2310,true,bus-2310,2310,"Area(0, 0.0, 0.0, 0.0, Dict{String, Any}(""I"" => """", ""ARNAME"" => """", ""PTOL"" => """", ""PDES"" => """", ""ISW"" => """"))",0.0397197297,0.013218379899999999,0.0397197297,0.013218379899999999
bus7653,true,bus-7653,7653,"Area(0, 0.0, 0.0, 0.0, Dict{String, Any}(""I"" => """", ""ARNAME"" => """", ""PTOL"" => """", ""PDES"" => """", ""ISW"" => """"))",0.153304809,0.046100751200000005,0.153304809,0.046100751200000005
bus1619,true,bus-1619,1619,"Area(0, 0.0, 0.0, 0.0, Dict{String, Any}(""I"" => """", ""ARNAME"" => """", ""PTOL"" => """", ""PDES"" => """", ""ISW"" => """"))",0.11945058700000001,0.0396216747,0.11945058700000001,0.0396216747
bus912,true,bus-912,912,"Area(0, 0.0, 0.0, 0.0, Dict{String, Any}(""I"" => """", ""ARNAME"" => """", ""PTOL"" => """", ""PDES"" => """", ""ISW"" => """"))",0.0656205122,0.021607070199999998,0.0656205122,0.021607070199999998
bus459,true,bus-459,459,"Area(0, 0.0, 0.0, 0.0, Dict{String, Any}(""I"" => """", ""ARNAME"" => """", ""PTOL"" => """", ""PDES"" => """", ""ISW"" => """"))",0.21605709,0.0687229664,0.21605709,0.0687229664
bus1807,true,bus-1807,1807,"Area(0, 0.0, 0.0, 0.0, Dict{String, Any}(""I"" => """", ""ARNAME"" => """", ""PTOL"" => """", ""PDES"" => """", ""ISW"" => """"))",0.31116504500000003,0.0963987564,0.31116504500000003,0.0963987564
bus1376,true,bus-1376,1376,"Area(0, 0.0, 0.0, 0.0, Dict{String, Any}(""I"" => """", ""ARNAME"" => """", ""PTOL"" => """", ""PDES"" => """", ""ISW"" => """"))",0.0586203617,0.0183363807,0.0586203617,0.0183363807
bus2352,true,bus-2352,2352,"Area(0, 0.0, 0.0, 0.0, Dict{String, Any}(""I"" => """", ""ARNAME"" => """", ""PTOL"" => """", ""PDES"" => """", ""ISW"" => """"))",0.0204913252,0.00689084107,0.0204913252,0.00689084107
bus70,true,bus-70,70,"Area(0, 0.0, 0.0, 0.0, Dict{String, Any}(""I"" => """", ""ARNAME"" => """", ""PTOL"" => """", ""PDES"" => """", ""ISW"" => """"))",0.0244323077,0.00942751512,0.0244323077,0.00942751512
bus1234,true,bus-1234,1234,"Area(0, 0.0, 0.0, 0.0, Dict{String, Any}(""I"" => """", ""ARNAME"" => """", ""PTOL"" => """", ""PDES"" => """", ""ISW"" => """"))",0.0853297961,0.028111873100000004,0.0853297961,0.028111873100000004
bus646,true,bus-646,646,"Area(0, 0.0, 0.0, 0.0, Dict{String, Any}(""I"" => """", ""ARNAME"" => """", ""PTOL"" => """", ""PDES"" => """", ""ISW"" => """"))",0.0922366905,0.0287206903,0.0922366905,0.0287206903
bus3601,true,bus-3601,3601,"Area(0, 0.0, 0.0, 0.0, Dict{String, Any}(""I"" => """", ""ARNAME"" => """", ""PTOL"" => """", ""PDES"" => """", ""ISW"" => """"))",0.0566261804,0.0184987464,0.0566261804,0.0184987464
bus8524,true,bus-8524,8524,"Area(0, 0.0, 0.0, 0.0, Dict{String, Any}(""I"" => """", ""ARNAME"" => """", ""PTOL"" => """", ""PDES"" => """", ""ISW"" => """"))",0.39255914199999997,0.125254018,0.39255914199999997,0.125254018
bus436,true,bus-436,436,"Area(0, 0.0, 0.0, 0.0, Dict{String, Any}(""I"" => """", ""ARNAME"" => """", ""PTOL"" => """", ""PDES"" => """", ""ISW"" => """"))",0.576732828,0.11988469800000001,0.598467,0.11988469800000001
bus1074,true,bus-1074,1074,"Area(0, 0.0, 0.0, 0.0, Dict{String, Any}(""I"" => """", ""ARNAME"" => """", ""PTOL"" => """", ""PDES"" => """", ""ISW"" => """"))",0.0268414483,0.00954043527,0.0268414483,0.00954043527
bus4734,true,bus-4734,4734,"Area(0, 0.0, 0.0, 0.0, Dict{String, Any}(""I"" => """", ""ARNAME"" => """", ""PTOL"" => """", ""PDES"" => """", ""ISW"" => """"))",0.0467837922,0.0137434017,0.0467837922,0.0137434017
bus608,true,bus-608,608,"Area(0, 0.0, 0.0, 0.0, Dict{String, Any}(""I"" => """", ""ARNAME"" => """", ""PTOL"" => """", ""PDES"" => """", ""ISW"" => """"))",0.045879485000000005,0.0145662822,0.045879485000000005,0.0145662822
bus238,true,bus-238,238,"Area(0, 0.0, 0.0, 0.0, Dict{String, Any}(""I"" => """", ""ARNAME"" => """", ""PTOL"" => """", ""PDES"" => """", ""ISW"" => """"))",0.047049254,0.015386819099999999,0.047049254,0.015386819099999999
bus7824,true,bus-7824,7824,"Area(0, 0.0, 0.0, 0.0, Dict{String, Any}(""I"" => """", ""ARNAME"" => """", ""PTOL"" => """", ""PDES"" => """", ""ISW"" => """"))",0.8885832480000001,0.17670446299999998,0.943496,0.17670446299999998
bus2131,true,bus-2131,2131,"Area(0, 0.0, 0.0, 0.0, Dict{String, Any}(""I"" => """", ""ARNAME"" => """", ""PTOL"" => """", ""PDES"" => """", ""ISW"" => """"))",0.30159132,0.0918736628,0.30159132,0.0918736628
bus532,true,bus-532,532,"Area(0, 0.0, 0.0, 0.0, Dict{String, Any}(""I"" => """", ""ARNAME"" => """", ""PTOL"" => """", ""PDES"" => """", ""ISW"" => """"))",0.194095644,0.06536851760000001,0.194095644,0.06536851760000001
bus1648,true,bus-1648,1648,"Area(0, 0.0, 0.0, 0.0, Dict{String, Any}(""I"" => """", ""ARNAME"" => """", ""PTOL"" => """", ""PDES"" => """", ""ISW"" => """"))",0.053109398499999995,0.0195472478,0.053109398499999995,0.0195472478
bus596,true,bus-596,596,"Area(0, 0.0, 0.0, 0.0, Dict{String, Any}(""I"" => """", ""ARNAME"" => """", ""PTOL"" => """", ""PDES"" => """", ""ISW"" => """"))",0.0547588571,0.0178236185,0.0547588571,0.0178236185
bus2898,true,bus-2898,2898,"Area(0, 0.0, 0.0, 0.0, Dict{String, Any}(""I"" => """", ""ARNAME"" => """", ""PTOL"" => """", ""PDES"" => """", ""ISW"" => """"))",0.050554105099999996,0.014896207500000001,0.050554105099999996,0.014896207500000001
bus1543,true,bus-1543,1543,"Area(0, 0.0, 0.0, 0.0, Dict{String, Any}(""I"" => """", ""ARNAME"" => """", ""PTOL"" => """", ""PDES"" => """", ""ISW"" => """"))",0.0666481768,0.0186851035,0.0666481768,0.0186851035
bus2043,true,bus-2043,2043,"Area(0, 0.0, 0.0, 0.0, Dict{String, Any}(""I"" => """", ""ARNAME"" => """", ""PTOL"" => """", ""PDES"" => """", ""ISW"" => """"))",0.022029713000000003,0.0072796076,0.022029713000000003,0.0072796076
bus6609,true,bus-6609,6609,"Area(0, 0.0, 0.0, 0.0, Dict{String, Any}(""I"" => """", ""ARNAME"" => """", ""PTOL"" => """", ""PDES"" => """", ""ISW"" => """"))",0.118208772,0.0326720811,0.121709,0.0326720811
bus2241,true,bus-2241,2241,"Area(0, 0.0, 0.0, 0.0, Dict{String, Any}(""I"" => """", ""ARNAME"" => """", ""PTOL"" => """", ""PDES"" => """", ""ISW"" => """"))",0.0698145313,0.0133562923,0.0698145313,0.0133562923
bus14,true,bus-14,14,"Area(0, 0.0, 0.0, 0.0, Dict{String, Any}(""I"" => """", ""ARNAME"" => """", ""PTOL"" => """", ""PDES"" => """", ""ISW"" => """"))",0.38528429699999994,0.119347169,0.38528429699999994,0.119347169
bus937,true,bus-937,937,"Area(0, 0.0, 0.0, 0.0, Dict{String, Any}(""I"" => """", ""ARNAME"" => """", ""PTOL"" => """", ""PDES"" => """", ""ISW"" => """"))",0.0210526392,0.007770036740000001,0.0210526392,0.007770036740000001
bus1695,true,bus-1695,1695,"Area(0, 0.0, 0.0, 0.0, Dict{String, Any}(""I"" => """", ""ARNAME"" => """", ""PTOL"" => """", ""PDES"" => """", ""ISW"" => """"))",0.152141849,0.039943772700000005,0.152141849,0.039943772700000005
bus8114,true,bus-8114,8114,"Area(0, 0.0, 0.0, 0.0, Dict{String, Any}(""I"" => """", ""ARNAME"" => """", ""PTOL"" => """", ""PDES"" => """", ""ISW"" => """"))",0.12787410700000001,0.043836497,0.12787410700000001,0.043836497
bus2030,true,bus-2030,2030,"Area(0, 0.0, 0.0, 0.0, Dict{String, Any}(""I"" => """", ""ARNAME"" => """", ""PTOL"" => """", ""PDES"" => """", ""ISW"" => """"))",0.17858031900000002,0.06855091919999999,0.17858031900000002,0.06855091919999999
bus2915,true,bus-2915,2915,"Area(0, 0.0, 0.0, 0.0, Dict{String, Any}(""I"" => """", ""ARNAME"" => """", ""PTOL"" => """", ""PDES"" => """", ""ISW"" => """"))",0.0813483482,0.0317233684,0.0813483482,0.0317233684
bus747,true,bus-747,747,"Area(0, 0.0, 0.0, 0.0, Dict{String, Any}(""I"" => """", ""ARNAME"" => """", ""PTOL"" => """", ""PDES"" => """", ""ISW"" => """"))",0.162649398,0.043153323400000006,0.16611599999999999,0.043153323400000006
bus3032,true,bus-3032,3032,"Area(0, 0.0, 0.0, 0.0, Dict{String, Any}(""I"" => """", ""ARNAME"" => """", ""PTOL"" => """", ""PDES"" => """", ""ISW"" => """"))",0.0401450141,0.0135307667,0.0401450141,0.0135307667
bus1,true,bus-1,1,"Area(0, 0.0, 0.0, 0.0, Dict{String, Any}(""I"" => """", ""ARNAME"" => """", ""PTOL"" => """", ""PDES"" => """", ""ISW"" => """"))",0.566305477,0.168298619,0.566305477,0.168298619
bus1881,true,bus-1881,1881,"Area(0, 0.0, 0.0, 0.0, Dict{String, Any}(""I"" => """", ""ARNAME"" => """", ""PTOL"" => """", ""PDES"" => """", ""ISW"" => """"))",0.43722132100000005,0.136758033,0.43722132100000005,0.136758033
bus2143,true,bus-2143,2143,"Area(0, 0.0, 0.0, 0.0, Dict{String, Any}(""I"" => """", ""ARNAME"" => """", ""PTOL"" => """", ""PDES"" => """", ""ISW"" => """"))",0.0798097014,0.0295789066,0.0798097014,0.0295789066
bus6576,true,bus-6576,6576,"Area(0, 0.0, 0.0, 0.0, Dict{String, Any}(""I"" => """", ""ARNAME"" => """", ""PTOL"" => """", ""PDES"" => """", ""ISW"" => """"))",0.770877291,0.156832168,0.770877291,0.156832168
bus1653,true,bus-1653,1653,"Area(0, 0.0, 0.0, 0.0, Dict{String, Any}(""I"" => """", ""ARNAME"" => """", ""PTOL"" => """", ""PDES"" => """", ""ISW"" => """"))",0.145648369,0.0406469735,0.145648369,0.0406469735
bus421,true,bus-421,421,"Area(0, 0.0, 0.0, 0.0, Dict{String, Any}(""I"" => """", ""ARNAME"" => """", ""PTOL"" => """", ""PDES"" => """", ""ISW"" => """"))",0.0687280236,0.0136988893,0.0687280236,0.0136988893
bus41,true,bus-41,41,"Area(0, 0.0, 0.0, 0.0, Dict{String, Any}(""I"" => """", ""ARNAME"" => """", ""PTOL"" => """", ""PDES"" => """", ""ISW"" => """"))",0.0350269781,0.0120284334,0.0350269781,0.0120284334
bus4621,true,bus-4621,4621,"Area(0, 0.0, 0.0, 0.0, Dict{String, Any}(""I"" => """", ""ARNAME"" => """", ""PTOL"" => """", ""PDES"" => """", ""ISW"" => """"))",0.127639739,0.035686743,0.127639739,0.035686743
bus7758,true,bus-7758,7758,"Area(0, 0.0, 0.0, 0.0, Dict{String, Any}(""I"" => """", ""ARNAME"" => """", ""PTOL"" => """", ""PDES"" => """", ""ISW"" => """"))",0.682562168,0.20688119900000002,0.682562168,0.20688119900000002
bus1769,true,bus-1769,1769,"Area(0, 0.0, 0.0, 0.0, Dict{String, Any}(""I"" => """", ""ARNAME"" => """", ""PTOL"" => """", ""PDES"" => """", ""ISW"" => """"))",0.0519266231,0.0184247626,0.0519266231,0.0184247626
bus2147,true,bus-2147,2147,"Area(0, 0.0, 0.0, 0.0, Dict{String, Any}(""I"" => """", ""ARNAME"" => """", ""PTOL"" => """", ""PDES"" => """", ""ISW"" => """"))",0.039348347,0.0153696651,0.039348347,0.0153696651
bus3250,true,bus-3250,3250,"Area(0, 0.0, 0.0, 0.0, Dict{String, Any}(""I"" => """", ""ARNAME"" => """", ""PTOL"" => """", ""PDES"" => """", ""ISW"" => """"))",0.021050018700000003,0.00797996762,0.021050018700000003,0.00797996762
bus870,true,bus-870,870,"Area(0, 0.0, 0.0, 0.0, Dict{String, Any}(""I"" => """", ""ARNAME"" => """", ""PTOL"" => """", ""PDES"" => """", ""ISW"" => """"))",0.0643472053,0.0271376657,0.0643472053,0.0271376657
bus986,true,bus-986,986,"Area(0, 0.0, 0.0, 0.0, Dict{String, Any}(""I"" => """", ""ARNAME"" => """", ""PTOL"" => """", ""PDES"" => """", ""ISW"" => """"))",0.039536273,0.016058653,0.039536273,0.016058653
bus208,true,bus-208,208,"Area(0, 0.0, 0.0, 0.0, Dict{String, Any}(""I"" => """", ""ARNAME"" => """", ""PTOL"" => """", ""PDES"" => """", ""ISW"" => """"))",0.0278582291,0.010355923,0.0278582291,0.010355923
bus7511,true,bus-7511,7511,"Area(0, 0.0, 0.0, 0.0, Dict{String, Any}(""I"" => """", ""ARNAME"" => """", ""PTOL"" => """", ""PDES"" => """", ""ISW"" => """"))",0.102665372,0.0358814743,0.102665372,0.0358814743
bus5270,true,bus-5270,5270,"Area(0, 0.0, 0.0, 0.0, Dict{String, Any}(""I"" => """", ""ARNAME"" => """", ""PTOL"" => """", ""PDES"" => """", ""ISW"" => """"))",0.21503958399999998,0.0687570294,0.21503958399999998,0.0687570294
bus2907,true,bus-2907,2907,"Area(0, 0.0, 0.0, 0.0, Dict{String, Any}(""I"" => """", ""ARNAME"" => """", ""PTOL"" => """", ""PDES"" => """", ""ISW"" => """"))",0.28424381,0.0874288587,0.28424381,0.0874288587
bus93,true,bus-93,93,"Area(0, 0.0, 0.0, 0.0, Dict{String, Any}(""I"" => """", ""ARNAME"" => """", ""PTOL"" => """", ""PDES"" => """", ""ISW"" => """"))",0.438934269,0.109223832,0.44738900000000004,0.109223832
bus865,true,bus-865,865,"Area(0, 0.0, 0.0, 0.0, Dict{String, Any}(""I"" => """", ""ARNAME"" => """", ""PTOL"" => """", ""PDES"" => """", ""ISW"" => """"))",0.040630118800000004,0.0134470362,0.040630118800000004,0.0134470362
bus1155,true,bus-1155,1155,"Area(0, 0.0, 0.0, 0.0, Dict{String, Any}(""I"" => """", ""ARNAME"" => """", ""PTOL"" => """", ""PDES"" => """", ""ISW"" => """"))",0.0327747498,0.0116676343,0.0327747498,0.0116676343
bus548,true,bus-548,548,"Area(0, 0.0, 0.0, 0.0, Dict{String, Any}(""I"" => """", ""ARNAME"" => """", ""PTOL"" => """", ""PDES"" => """", ""ISW"" => """"))",0.166477631,0.0520906337,0.166477631,0.0520906337
bus7871,true,bus-7871,7871,"Area(0, 0.0, 0.0, 0.0, Dict{String, Any}(""I"" => """", ""ARNAME"" => """", ""PTOL"" => """", ""PDES"" => """", ""ISW"" => """"))",0.39294404,0.13309264499999998,0.39294404,0.13309264499999998
bus496,true,bus-496,496,"Area(0, 0.0, 0.0, 0.0, Dict{String, Any}(""I"" => """", ""ARNAME"" => """", ""PTOL"" => """", ""PDES"" => """", ""ISW"" => """"))",0.23379554800000002,0.0856555698,0.23379554800000002,0.0856555698
bus1774,true,bus-1774,1774,"Area(0, 0.0, 0.0, 0.0, Dict{String, Any}(""I"" => """", ""ARNAME"" => """", ""PTOL"" => """", ""PDES"" => """", ""ISW"" => """"))",0.0789975857,0.023493114899999997,0.0789975857,0.023493114899999997
bus1334,true,bus-1334,1334,"Area(0, 0.0, 0.0, 0.0, Dict{String, Any}(""I"" => """", ""ARNAME"" => """", ""PTOL"" => """", ""PDES"" => """", ""ISW"" => """"))",0.113277362,0.038113232,0.113277362,0.038113232
bus4571,true,bus-4571,4571,"Area(0, 0.0, 0.0, 0.0, Dict{String, Any}(""I"" => """", ""ARNAME"" => """", ""PTOL"" => """", ""PDES"" => """", ""ISW"" => """"))",0.0979002355,0.0285542994,0.0979002355,0.0285542994
bus7528,true,bus-7528,7528,"Area(0, 0.0, 0.0, 0.0, Dict{String, Any}(""I"" => """", ""ARNAME"" => """", ""PTOL"" => """", ""PDES"" => """", ""ISW"" => """"))",0.0749181052,0.029086037199999998,0.0749181052,0.029086037199999998
bus6524,true,bus-6524,6524,"Area(0, 0.0, 0.0, 0.0, Dict{String, Any}(""I"" => """", ""ARNAME"" => """", ""PTOL"" => """", ""PDES"" => """", ""ISW"" => """"))",0.703070515,0.230110907,0.703070515,0.230110907
bus3508,true,bus-3508,3508,"Area(0, 0.0, 0.0, 0.0, Dict{String, Any}(""I"" => """", ""ARNAME"" => """", ""PTOL"" => """", ""PDES"" => """", ""ISW"" => """"))",0.132391913,0.0334043255,0.132391913,0.0334043255
bus8176,true,bus-8176,8176,"Area(0, 0.0, 0.0, 0.0, Dict{String, Any}(""I"" => """", ""ARNAME"" => """", ""PTOL"" => """", ""PDES"" => """", ""ISW"" => """"))",0.0827141855,0.0250008909,0.0827141855,0.0250008909
bus901,true,bus-901,901,"Area(0, 0.0, 0.0, 0.0, Dict{String, Any}(""I"" => """", ""ARNAME"" => """", ""PTOL"" => """", ""PDES"" => """", ""ISW"" => """"))",0.026197642499999996,0.0108538645,0.026197642499999996,0.0108538645
bus6713,true,bus-6713,6713,"Area(0, 0.0, 0.0, 0.0, Dict{String, Any}(""I"" => """", ""ARNAME"" => """", ""PTOL"" => """", ""PDES"" => """", ""ISW"" => """"))",0.24896835800000003,0.0547650932,0.24896835800000003,0.0547650932
bus3635,true,bus-3635,3635,"Area(0, 0.0, 0.0, 0.0, Dict{String, Any}(""I"" => """", ""ARNAME"" => """", ""PTOL"" => """", ""PDES"" => """", ""ISW"" => """"))",0.0363972321,0.010610319399999998,0.0363972321,0.010610319399999998
bus7138,true,bus-7138,7138,"Area(0, 0.0, 0.0, 0.0, Dict{String, Any}(""I"" => """", ""ARNAME"" => """", ""PTOL"" => """", ""PDES"" => """", ""ISW"" => """"))",0.07381167890000001,0.0198401957,0.07381167890000001,0.0198401957
bus2328,true,bus-2328,2328,"Area(0, 0.0, 0.0, 0.0, Dict{String, Any}(""I"" => """", ""ARNAME"" => """", ""PTOL"" => """", ""PDES"" => """", ""ISW"" => """"))",0.165641259,0.0538237972,0.165641259,0.0538237972
bus1396,true,bus-1396,1396,"Area(0, 0.0, 0.0, 0.0, Dict{String, Any}(""I"" => """", ""ARNAME"" => """", ""PTOL"" => """", ""PDES"" => """", ""ISW"" => """"))",0.0830154508,0.0243795585,0.0830154508,0.0243795585
bus1477,true,bus-1477,1477,"Area(0, 0.0, 0.0, 0.0, Dict{String, Any}(""I"" => """", ""ARNAME"" => """", ""PTOL"" => """", ""PDES"" => """", ""ISW"" => """"))",0.12783382599999998,0.0427829265,0.12783382599999998,0.0427829265
bus904,true,bus-904,904,"Area(0, 0.0, 0.0, 0.0, Dict{String, Any}(""I"" => """", ""ARNAME"" => """", ""PTOL"" => """", ""PDES"" => """", ""ISW"" => """"))",0.0630252721,0.0243529221,0.0630252721,0.0243529221
bus474,true,bus-474,474,"Area(0, 0.0, 0.0, 0.0, Dict{String, Any}(""I"" => """", ""ARNAME"" => """", ""PTOL"" => """", ""PDES"" => """", ""ISW"" => """"))",0.320845052,0.11634198400000001,0.320845052,0.11634198400000001
bus2167,true,bus-2167,2167,"Area(0, 0.0, 0.0, 0.0, Dict{String, Any}(""I"" => """", ""ARNAME"" => """", ""PTOL"" => """", ""PDES"" => """", ""ISW"" => """"))",0.105630142,0.0268407822,0.10808999999999999,0.0268407822
bus193,true,bus-193,193,"Area(0, 0.0, 0.0, 0.0, Dict{String, Any}(""I"" => """", ""ARNAME"" => """", ""PTOL"" => """", ""PDES"" => """", ""ISW"" => """"))",0.0161401553,0.005156963380000001,0.0161401553,0.005156963380000001
bus6534,true,bus-6534,6534,"Area(0, 0.0, 0.0, 0.0, Dict{String, Any}(""I"" => """", ""ARNAME"" => """", ""PTOL"" => """", ""PDES"" => """", ""ISW"" => """"))",0.608552936,0.142149186,0.622059,0.142149186
bus6716,true,bus-6716,6716,"Area(0, 0.0, 0.0, 0.0, Dict{String, Any}(""I"" => """", ""ARNAME"" => """", ""PTOL"" => """", ""PDES"" => """", ""ISW"" => """"))",0.11035212700000001,0.0382824267,0.11035212700000001,0.0382824267
bus5514,true,bus-5514,5514,"Area(0, 0.0, 0.0, 0.0, Dict{String, Any}(""I"" => """", ""ARNAME"" => """", ""PTOL"" => """", ""PDES"" => """", ""ISW"" => """"))",0.0126813197,0.0042114499500000005,0.0126813197,0.0042114499500000005
bus1958,true,bus-1958,1958,"Area(0, 0.0, 0.0, 0.0, Dict{String, Any}(""I"" => """", ""ARNAME"" => """", ""PTOL"" => """", ""PDES"" => """", ""ISW"" => """"))",0.046129900800000005,0.0157335207,0.046129900800000005,0.0157335207
bus1374,true,bus-1374,1374,"Area(0, 0.0, 0.0, 0.0, Dict{String, Any}(""I"" => """", ""ARNAME"" => """", ""PTOL"" => """", ""PDES"" => """", ""ISW"" => """"))",0.0802259454,0.024582543999999998,0.0802259454,0.024582543999999998
bus505,true,bus-505,505,"Area(0, 0.0, 0.0, 0.0, Dict{String, Any}(""I"" => """", ""ARNAME"" => """", ""PTOL"" => """", ""PDES"" => """", ""ISW"" => """"))",0.859418333,0.144234601,0.9169889999999999,0.144234601
bus1463,true,bus-1463,1463,"Area(0, 0.0, 0.0, 0.0, Dict{String, Any}(""I"" => """", ""ARNAME"" => """", ""PTOL"" => """", ""PDES"" => """", ""ISW"" => """"))",0.643606123,0.23009492399999998,0.643606123,0.23009492399999998
bus529,true,bus-529,529,"Area(0, 0.0, 0.0, 0.0, Dict{String, Any}(""I"" => """", ""ARNAME"" => """", ""PTOL"" => """", ""PDES"" => """", ""ISW"" => """"))",0.0964716063,0.0397128878,0.0964716063,0.0397128878
bus928,true,bus-928,928,"Area(0, 0.0, 0.0, 0.0, Dict{String, Any}(""I"" => """", ""ARNAME"" => """", ""PTOL"" => """", ""PDES"" => """", ""ISW"" => """"))",0.0646783109,0.0246299305,0.0646783109,0.0246299305
bus2387,true,bus-2387,2387,"Area(0, 0.0, 0.0, 0.0, Dict{String, Any}(""I"" => """", ""ARNAME"" => """", ""PTOL"" => """", ""PDES"" => """", ""ISW"" => """"))",0.026391204199999997,0.008882304399999999,0.026391204199999997,0.008882304399999999
bus2081,true,bus-2081,2081,"Area(0, 0.0, 0.0, 0.0, Dict{String, Any}(""I"" => """", ""ARNAME"" => """", ""PTOL"" => """", ""PDES"" => """", ""ISW"" => """"))",0.0966396467,0.030559002999999998,0.0966396467,0.030559002999999998
bus1873,true,bus-1873,1873,"Area(0, 0.0, 0.0, 0.0, Dict{String, Any}(""I"" => """", ""ARNAME"" => """", ""PTOL"" => """", ""PDES"" => """", ""ISW"" => """"))",0.110111384,0.0369128571,0.110111384,0.0369128571
bus923,true,bus-923,923,"Area(0, 0.0, 0.0, 0.0, Dict{String, Any}(""I"" => """", ""ARNAME"" => """", ""PTOL"" => """", ""PDES"" => """", ""ISW"" => """"))",0.0274069949,0.0111422837,0.0274069949,0.0111422837
bus1181,true,bus-1181,1181,"Area(0, 0.0, 0.0, 0.0, Dict{String, Any}(""I"" => """", ""ARNAME"" => """", ""PTOL"" => """", ""PDES"" => """", ""ISW"" => """"))",0.19688940200000002,0.065166806,0.19688940200000002,0.065166806
bus951,true,bus-951,951,"Area(0, 0.0, 0.0, 0.0, Dict{String, Any}(""I"" => """", ""ARNAME"" => """", ""PTOL"" => """", ""PDES"" => """", ""ISW"" => """"))",0.0689419805,0.0224760094,0.0689419805,0.0224760094
bus2258,true,bus-2258,2258,"Area(0, 0.0, 0.0, 0.0, Dict{String, Any}(""I"" => """", ""ARNAME"" => """", ""PTOL"" => """", ""PDES"" => """", ""ISW"" => """"))",0.0811863413,0.0251581609,0.0811863413,0.0251581609
bus372,true,bus-372,372,"Area(0, 0.0, 0.0, 0.0, Dict{String, Any}(""I"" => """", ""ARNAME"" => """", ""PTOL"" => """", ""PDES"" => """", ""ISW"" => """"))",0.078181573,0.031186608900000003,0.078181573,0.031186608900000003
bus352,true,bus-352,352,"Area(0, 0.0, 0.0, 0.0, Dict{String, Any}(""I"" => """", ""ARNAME"" => """", ""PTOL"" => """", ""PDES"" => """", ""ISW"" => """"))",0.308985633,0.0636649853,0.32087200000000005,0.0636649853
bus1117,true,bus-1117,1117,"Area(0, 0.0, 0.0, 0.0, Dict{String, Any}(""I"" => """", ""ARNAME"" => """", ""PTOL"" => """", ""PDES"" => """", ""ISW"" => """"))",0.637174852,0.230284637,0.637174852,0.230284637
bus3276,true,bus-3276,3276,"Area(0, 0.0, 0.0, 0.0, Dict{String, Any}(""I"" => """", ""ARNAME"" => """", ""PTOL"" => """", ""PDES"" => """", ""ISW"" => """"))",0.0718159859,0.0219599586,0.0718159859,0.0219599586
bus4100,true,bus-4100,4100,"Area(0, 0.0, 0.0, 0.0, Dict{String, Any}(""I"" => """", ""ARNAME"" => """", ""PTOL"" => """", ""PDES"" => """", ""ISW"" => """"))",0.0183854624,0.007539706120000001,0.0183854624,0.007539706120000001
bus1048,true,bus-1048,1048,"Area(0, 0.0, 0.0, 0.0, Dict{String, Any}(""I"" => """", ""ARNAME"" => """", ""PTOL"" => """", ""PDES"" => """", ""ISW"" => """"))",0.251729121,0.0955969133,0.251729121,0.0955969133
bus16,true,bus-16,16,"Area(0, 0.0, 0.0, 0.0, Dict{String, Any}(""I"" => """", ""ARNAME"" => """", ""PTOL"" => """", ""PDES"" => """", ""ISW"" => """"))",0.225232238,0.0649471098,0.225232238,0.0649471098
bus167,true,bus-167,167,"Area(0, 0.0, 0.0, 0.0, Dict{String, Any}(""I"" => """", ""ARNAME"" => """", ""PTOL"" => """", ""PDES"" => """", ""ISW"" => """"))",0.038868750300000005,0.0121421185,0.038868750300000005,0.0121421185
bus4623,true,bus-4623,4623,"Area(0, 0.0, 0.0, 0.0, Dict{String, Any}(""I"" => """", ""ARNAME"" => """", ""PTOL"" => """", ""PDES"" => """", ""ISW"" => """"))",0.253445675,0.0769920368,0.253445675,0.0769920368
bus2230,true,bus-2230,2230,"Area(0, 0.0, 0.0, 0.0, Dict{String, Any}(""I"" => """", ""ARNAME"" => """", ""PTOL"" => """", ""PDES"" => """", ""ISW"" => """"))",0.315435119,0.109194947,0.315435119,0.109194947
bus739,true,bus-739,739,"Area(0, 0.0, 0.0, 0.0, Dict{String, Any}(""I"" => """", ""ARNAME"" => """", ""PTOL"" => """", ""PDES"" => """", ""ISW"" => """"))",0.0214911897,0.00579372671,0.0214911897,0.00579372671
bus1093,true,bus-1093,1093,"Area(0, 0.0, 0.0, 0.0, Dict{String, Any}(""I"" => """", ""ARNAME"" => """", ""PTOL"" => """", ""PDES"" => """", ""ISW"" => """"))",0.32775504400000005,0.10817908,0.32775504400000005,0.10817908
bus933,true,bus-933,933,"Area(0, 0.0, 0.0, 0.0, Dict{String, Any}(""I"" => """", ""ARNAME"" => """", ""PTOL"" => """", ""PDES"" => """", ""ISW"" => """"))",0.0531440297,0.020783323399999998,0.0531440297,0.020783323399999998
bus320,true,bus-320,320,"Area(0, 0.0, 0.0, 0.0, Dict{String, Any}(""I"" => """", ""ARNAME"" => """", ""PTOL"" => """", ""PDES"" => """", ""ISW"" => """"))",0.0759959454,0.0240957855,0.0759959454,0.0240957855
bus861,true,bus-861,861,"Area(0, 0.0, 0.0, 0.0, Dict{String, Any}(""I"" => """", ""ARNAME"" => """", ""PTOL"" => """", ""PDES"" => """", ""ISW"" => """"))",0.038020040399999996,0.015046650100000001,0.038020040399999996,0.015046650100000001
bus485,true,bus-485,485,"Area(0, 0.0, 0.0, 0.0, Dict{String, Any}(""I"" => """", ""ARNAME"" => """", ""PTOL"" => """", ""PDES"" => """", ""ISW"" => """"))",0.12551054,0.0416651642,0.12551054,0.0416651642
bus1603,true,bus-1603,1603,"Area(0, 0.0, 0.0, 0.0, Dict{String, Any}(""I"" => """", ""ARNAME"" => """", ""PTOL"" => """", ""PDES"" => """", ""ISW"" => """"))",0.290203476,0.0922827143,0.290203476,0.0922827143
bus4761,true,bus-4761,4761,"Area(0, 0.0, 0.0, 0.0, Dict{String, Any}(""I"" => """", ""ARNAME"" => """", ""PTOL"" => """", ""PDES"" => """", ""ISW"" => """"))",0.038721527299999996,0.013319852,0.038721527299999996,0.013319852
bus591,true,bus-591,591,"Area(0, 0.0, 0.0, 0.0, Dict{String, Any}(""I"" => """", ""ARNAME"" => """", ""PTOL"" => """", ""PDES"" => """", ""ISW"" => """"))",0.023578001199999997,0.00817116092,0.023578001199999997,0.00817116092
bus7019,true,bus-7019,7019,"Area(0, 0.0, 0.0, 0.0, Dict{String, Any}(""I"" => """", ""ARNAME"" => """", ""PTOL"" => """", ""PDES"" => """", ""ISW"" => """"))",0.0316644044,0.0110955724,0.0316644044,0.0110955724
bus1562,true,bus-1562,1562,"Area(0, 0.0, 0.0, 0.0, Dict{String, Any}(""I"" => """", ""ARNAME"" => """", ""PTOL"" => """", ""PDES"" => """", ""ISW"" => """"))",0.0421621154,0.0143155774,0.0421621154,0.0143155774
bus1558,true,bus-1558,1558,"Area(0, 0.0, 0.0, 0.0, Dict{String, Any}(""I"" => """", ""ARNAME"" => """", ""PTOL"" => """", ""PDES"" => """", ""ISW"" => """"))",0.0622613697,0.0158104863,0.0622613697,0.0158104863
bus8208,true,bus-8208,8208,"Area(0, 0.0, 0.0, 0.0, Dict{String, Any}(""I"" => """", ""ARNAME"" => """", ""PTOL"" => """", ""PDES"" => """", ""ISW"" => """"))",0.0649251273,0.0228899297,0.0649251273,0.0228899297
bus5117,true,bus-5117,5117,"Area(0, 0.0, 0.0, 0.0, Dict{String, Any}(""I"" => """", ""ARNAME"" => """", ""PTOL"" => """", ""PDES"" => """", ""ISW"" => """"))",0.040666937,0.0133342589,0.040666937,0.0133342589
bus950,true,bus-950,950,"Area(0, 0.0, 0.0, 0.0, Dict{String, Any}(""I"" => """", ""ARNAME"" => """", ""PTOL"" => """", ""PDES"" => """", ""ISW"" => """"))",0.0311894581,0.00991407016,0.0311894581,0.00991407016
bus1803,true,bus-1803,1803,"Area(0, 0.0, 0.0, 0.0, Dict{String, Any}(""I"" => """", ""ARNAME"" => """", ""PTOL"" => """", ""PDES"" => """", ""ISW"" => """"))",0.0628657636,0.0194081611,0.0628657636,0.0194081611
bus2347,true,bus-2347,2347,"Area(0, 0.0, 0.0, 0.0, Dict{String, Any}(""I"" => """", ""ARNAME"" => """", ""PTOL"" => """", ""PDES"" => """", ""ISW"" => """"))",0.112044011,0.0397924135,0.112044011,0.0397924135
bus1737,true,bus-1737,1737,"Area(0, 0.0, 0.0, 0.0, Dict{String, Any}(""I"" => """", ""ARNAME"" => """", ""PTOL"" => """", ""PDES"" => """", ""ISW"" => """"))",0.0328286349,0.011120475400000001,0.0328286349,0.011120475400000001
bus1144,true,bus-1144,1144,"Area(0, 0.0, 0.0, 0.0, Dict{String, Any}(""I"" => """", ""ARNAME"" => """", ""PTOL"" => """", ""PDES"" => """", ""ISW"" => """"))",0.19111057299999998,0.0550943826,0.19111057299999998,0.0550943826
bus1886,true,bus-1886,1886,"Area(0, 0.0, 0.0, 0.0, Dict{String, Any}(""I"" => """", ""ARNAME"" => """", ""PTOL"" => """", ""PDES"" => """", ""ISW"" => """"))",0.07455787800000001,0.0296576098,0.07455787800000001,0.0296576098
bus490,true,bus-490,490,"Area(0, 0.0, 0.0, 0.0, Dict{String, Any}(""I"" => """", ""ARNAME"" => """", ""PTOL"" => """", ""PDES"" => """", ""ISW"" => """"))",0.126601688,0.0390961554,0.126601688,0.0390961554
bus1069,true,bus-1069,1069,"Area(0, 0.0, 0.0, 0.0, Dict{String, Any}(""I"" => """", ""ARNAME"" => """", ""PTOL"" => """", ""PDES"" => """", ""ISW"" => """"))",0.275139419,0.0901576944,0.275139419,0.0901576944
bus2162,true,bus-2162,2162,"Area(0, 0.0, 0.0, 0.0, Dict{String, Any}(""I"" => """", ""ARNAME"" => """", ""PTOL"" => """", ""PDES"" => """", ""ISW"" => """"))",0.0290832333,0.009029813939999999,0.0290832333,0.009029813939999999
bus119,true,bus-119,119,"Area(0, 0.0, 0.0, 0.0, Dict{String, Any}(""I"" => """", ""ARNAME"" => """", ""PTOL"" => """", ""PDES"" => """", ""ISW"" => """"))",0.155623155,0.0477506887,0.155623155,0.0477506887
bus1219,true,bus-1219,1219,"Area(0, 0.0, 0.0, 0.0, Dict{String, Any}(""I"" => """", ""ARNAME"" => """", ""PTOL"" => """", ""PDES"" => """", ""ISW"" => """"))",0.116990622,0.033968362499999995,0.116990622,0.033968362499999995
bus1303,true,bus-1303,1303,"Area(0, 0.0, 0.0, 0.0, Dict{String, Any}(""I"" => """", ""ARNAME"" => """", ""PTOL"" => """", ""PDES"" => """", ""ISW"" => """"))",0.044174640099999996,0.0153080105,0.044174640099999996,0.0153080105
bus2260,true,bus-2260,2260,"Area(0, 0.0, 0.0, 0.0, Dict{String, Any}(""I"" => """", ""ARNAME"" => """", ""PTOL"" => """", ""PDES"" => """", ""ISW"" => """"))",0.0626303657,0.0207778841,0.0626303657,0.0207778841
bus1548,true,bus-1548,1548,"Area(0, 0.0, 0.0, 0.0, Dict{String, Any}(""I"" => """", ""ARNAME"" => """", ""PTOL"" => """", ""PDES"" => """", ""ISW"" => """"))",0.0131100248,0.0053019120799999995,0.0131100248,0.0053019120799999995
bus3219,true,bus-3219,3219,"Area(0, 0.0, 0.0, 0.0, Dict{String, Any}(""I"" => """", ""ARNAME"" => """", ""PTOL"" => """", ""PDES"" => """", ""ISW"" => """"))",0.05580068169999999,0.0202110631,0.05580068169999999,0.0202110631
bus1390,true,bus-1390,1390,"Area(0, 0.0, 0.0, 0.0, Dict{String, Any}(""I"" => """", ""ARNAME"" => """", ""PTOL"" => """", ""PDES"" => """", ""ISW"" => """"))",0.153579008,0.04852967750000001,0.153579008,0.04852967750000001
bus611,true,bus-611,611,"Area(0, 0.0, 0.0, 0.0, Dict{String, Any}(""I"" => """", ""ARNAME"" => """", ""PTOL"" => """", ""PDES"" => """", ""ISW"" => """"))",0.0249057036,0.00903148783,0.0249057036,0.00903148783
bus1736,true,bus-1736,1736,"Area(0, 0.0, 0.0, 0.0, Dict{String, Any}(""I"" => """", ""ARNAME"" => """", ""PTOL"" => """", ""PDES"" => """", ""ISW"" => """"))",0.0138869168,0.00507942607,0.0138869168,0.00507942607
bus217,true,bus-217,217,"Area(0, 0.0, 0.0, 0.0, Dict{String, Any}(""I"" => """", ""ARNAME"" => """", ""PTOL"" => """", ""PDES"" => """", ""ISW"" => """"))",0.08596921699999999,0.028053676099999997,0.08596921699999999,0.028053676099999997
bus695,true,bus-695,695,"Area(0, 0.0, 0.0, 0.0, Dict{String, Any}(""I"" => """", ""ARNAME"" => """", ""PTOL"" => """", ""PDES"" => """", ""ISW"" => """"))",0.277930547,0.0821839477,0.277930547,0.0821839477
bus1320,true,bus-1320,1320,"Area(0, 0.0, 0.0, 0.0, Dict{String, Any}(""I"" => """", ""ARNAME"" => """", ""PTOL"" => """", ""PDES"" => """", ""ISW"" => """"))",0.197043698,0.0446156755,0.20092700000000002,0.0446156755
bus4469,true,bus-4469,4469,"Area(0, 0.0, 0.0, 0.0, Dict{String, Any}(""I"" => """", ""ARNAME"" => """", ""PTOL"" => """", ""PDES"" => """", ""ISW"" => """"))",0.290337928,0.0922243244,0.290337928,0.0922243244
bus39,true,bus-39,39,"Area(0, 0.0, 0.0, 0.0, Dict{String, Any}(""I"" => """", ""ARNAME"" => """", ""PTOL"" => """", ""PDES"" => """", ""ISW"" => """"))",0.0598058171,0.0208841931,0.0598058171,0.0208841931
bus7476,true,bus-7476,7476,"Area(0, 0.0, 0.0, 0.0, Dict{String, Any}(""I"" => """", ""ARNAME"" => """", ""PTOL"" => """", ""PDES"" => """", ""ISW"" => """"))",0.044182496999999994,0.0183807231,0.044182496999999994,0.0183807231
bus8107,true,bus-8107,8107,"Area(0, 0.0, 0.0, 0.0, Dict{String, Any}(""I"" => """", ""ARNAME"" => """", ""PTOL"" => """", ""PDES"" => """", ""ISW"" => """"))",0.11080435899999999,0.0427028676,0.11080435899999999,0.0427028676
bus7949,true,bus-7949,7949,"Area(0, 0.0, 0.0, 0.0, Dict{String, Any}(""I"" => """", ""ARNAME"" => """", ""PTOL"" => """", ""PDES"" => """", ""ISW"" => """"))",0.124589035,0.0367161119,0.124589035,0.0367161119
bus849,true,bus-849,849,"Area(0, 0.0, 0.0, 0.0, Dict{String, Any}(""I"" => """", ""ARNAME"" => """", ""PTOL"" => """", ""PDES"" => """", ""ISW"" => """"))",0.022562778699999998,0.00469148942,0.022562778699999998,0.00469148942
bus2070,true,bus-2070,2070,"Area(0, 0.0, 0.0, 0.0, Dict{String, Any}(""I"" => """", ""ARNAME"" => """", ""PTOL"" => """", ""PDES"" => """", ""ISW"" => """"))",0.0592160226,0.0224577114,0.0592160226,0.0224577114
bus4566,true,bus-4566,4566,"Area(0, 0.0, 0.0, 0.0, Dict{String, Any}(""I"" => """", ""ARNAME"" => """", ""PTOL"" => """", ""PDES"" => """", ""ISW"" => """"))",0.0868361997,0.020439223399999998,0.0868361997,0.020439223399999998
bus824,true,bus-824,824,"Area(0, 0.0, 0.0, 0.0, Dict{String, Any}(""I"" => """", ""ARNAME"" => """", ""PTOL"" => """", ""PDES"" => """", ""ISW"" => """"))",0.0944514723,0.0346751407,0.0944514723,0.0346751407
bus2514,true,bus-2514,2514,"Area(0, 0.0, 0.0, 0.0, Dict{String, Any}(""I"" => """", ""ARNAME"" => """", ""PTOL"" => """", ""PDES"" => """", ""ISW"" => """"))",0.0253995353,0.011043212,0.0253995353,0.011043212
bus681,true,bus-681,681,"Area(0, 0.0, 0.0, 0.0, Dict{String, Any}(""I"" => """", ""ARNAME"" => """", ""PTOL"" => """", ""PDES"" => """", ""ISW"" => """"))",0.020577195700000002,0.00772473047,0.020577195700000002,0.00772473047
bus6730,true,bus-6730,6730,"Area(0, 0.0, 0.0, 0.0, Dict{String, Any}(""I"" => """", ""ARNAME"" => """", ""PTOL"" => """", ""PDES"" => """", ""ISW"" => """"))",0.0284325935,0.00977188229,0.0284325935,0.00977188229
bus1386,true,bus-1386,1386,"Area(0, 0.0, 0.0, 0.0, Dict{String, Any}(""I"" => """", ""ARNAME"" => """", ""PTOL"" => """", ""PDES"" => """", ""ISW"" => """"))",0.070565841,0.0175502736,0.07557900000000001,0.0175502736
bus316,true,bus-316,316,"Area(0, 0.0, 0.0, 0.0, Dict{String, Any}(""I"" => """", ""ARNAME"" => """", ""PTOL"" => """", ""PDES"" => """", ""ISW"" => """"))",0.0921450495,0.0288234124,0.0921450495,0.0288234124
bus1510,true,bus-1510,1510,"Area(0, 0.0, 0.0, 0.0, Dict{String, Any}(""I"" => """", ""ARNAME"" => """", ""PTOL"" => """", ""PDES"" => """", ""ISW"" => """"))",0.71650223,0.17030914200000002,0.7199530000000001,0.17030914200000002
bus368,true,bus-368,368,"Area(0, 0.0, 0.0, 0.0, Dict{String, Any}(""I"" => """", ""ARNAME"" => """", ""PTOL"" => """", ""PDES"" => """", ""ISW"" => """"))",0.295901623,0.0611884624,0.307747,0.0611884624
bus1395,true,bus-1395,1395,"Area(0, 0.0, 0.0, 0.0, Dict{String, Any}(""I"" => """", ""ARNAME"" => """", ""PTOL"" => """", ""PDES"" => """", ""ISW"" => """"))",0.19771513,0.060973092400000005,0.19771513,0.060973092400000005
bus1264,true,bus-1264,1264,"Area(0, 0.0, 0.0, 0.0, Dict{String, Any}(""I"" => """", ""ARNAME"" => """", ""PTOL"" => """", ""PDES"" => """", ""ISW"" => """"))",0.31277472700000003,0.111252199,0.31277472700000003,0.111252199
bus6084,true,bus-6084,6084,"Area(0, 0.0, 0.0, 0.0, Dict{String, Any}(""I"" => """", ""ARNAME"" => """", ""PTOL"" => """", ""PDES"" => """", ""ISW"" => """"))",0.5163936840000001,0.187133011,0.5163936840000001,0.187133011
bus4557,true,bus-4557,4557,"Area(0, 0.0, 0.0, 0.0, Dict{String, Any}(""I"" => """", ""ARNAME"" => """", ""PTOL"" => """", ""PDES"" => """", ""ISW"" => """"))",0.35889975900000004,0.0841722925,0.366146,0.0841722925
bus2059,true,bus-2059,2059,"Area(0, 0.0, 0.0, 0.0, Dict{String, Any}(""I"" => """", ""ARNAME"" => """", ""PTOL"" => """", ""PDES"" => """", ""ISW"" => """"))",0.0825319104,0.0315190302,0.0825319104,0.0315190302
bus110,true,bus-110,110,"Area(0, 0.0, 0.0, 0.0, Dict{String, Any}(""I"" => """", ""ARNAME"" => """", ""PTOL"" => """", ""PDES"" => """", ""ISW"" => """"))",0.10740166300000001,0.0273404865,0.1091,0.0273404865
bus357,true,bus-357,357,"Area(0, 0.0, 0.0, 0.0, Dict{String, Any}(""I"" => """", ""ARNAME"" => """", ""PTOL"" => """", ""PDES"" => """", ""ISW"" => """"))",0.107003202,0.0342025264,0.107003202,0.0342025264
bus1321,true,bus-1321,1321,"Area(0, 0.0, 0.0, 0.0, Dict{String, Any}(""I"" => """", ""ARNAME"" => """", ""PTOL"" => """", ""PDES"" => """", ""ISW"" => """"))",0.152494432,0.0345592558,0.152494432,0.0345592558
bus1351,true,bus-1351,1351,"Area(0, 0.0, 0.0, 0.0, Dict{String, Any}(""I"" => """", ""ARNAME"" => """", ""PTOL"" => """", ""PDES"" => """", ""ISW"" => """"))",0.108046589,0.0328481012,0.108046589,0.0328481012
bus907,true,bus-907,907,"Area(0, 0.0, 0.0, 0.0, Dict{String, Any}(""I"" => """", ""ARNAME"" => """", ""PTOL"" => """", ""PDES"" => """", ""ISW"" => """"))",0.023448013599999998,0.0084969123,0.023448013599999998,0.0084969123
bus7549,true,bus-7549,7549,"Area(0, 0.0, 0.0, 0.0, Dict{String, Any}(""I"" => """", ""ARNAME"" => """", ""PTOL"" => """", ""PDES"" => """", ""ISW"" => """"))",0.0442423401,0.0122134157,0.0442423401,0.0122134157
bus3144,true,bus-3144,3144,"Area(0, 0.0, 0.0, 0.0, Dict{String, Any}(""I"" => """", ""ARNAME"" => """", ""PTOL"" => """", ""PDES"" => """", ""ISW"" => """"))",0.0892318752,0.0312356149,0.0892318752,0.0312356149
bus756,true,bus-756,756,"Area(0, 0.0, 0.0, 0.0, Dict{String, Any}(""I"" => """", ""ARNAME"" => """", ""PTOL"" => """", ""PDES"" => """", ""ISW"" => """"))",0.0514348708,0.0173830503,0.0514348708,0.0173830503
bus3512,true,bus-3512,3512,"Area(0, 0.0, 0.0, 0.0, Dict{String, Any}(""I"" => """", ""ARNAME"" => """", ""PTOL"" => """", ""PDES"" => """", ""ISW"" => """"))",0.0269088651,0.00938951098,0.0269088651,0.00938951098
bus395,true,bus-395,395,"Area(0, 0.0, 0.0, 0.0, Dict{String, Any}(""I"" => """", ""ARNAME"" => """", ""PTOL"" => """", ""PDES"" => """", ""ISW"" => """"))",0.022113566900000003,0.00732107521,0.022113566900000003,0.00732107521
bus6292,true,bus-6292,6292,"Area(0, 0.0, 0.0, 0.0, Dict{String, Any}(""I"" => """", ""ARNAME"" => """", ""PTOL"" => """", ""PDES"" => """", ""ISW"" => """"))",0.311713361,0.10644564100000001,0.311713361,0.10644564100000001
bus1844,true,bus-1844,1844,"Area(0, 0.0, 0.0, 0.0, Dict{String, Any}(""I"" => """", ""ARNAME"" => """", ""PTOL"" => """", ""PDES"" => """", ""ISW"" => """"))",0.7476042359999999,0.192411909,0.794683,0.192411909
bus11,true,bus-11,11,"Area(0, 0.0, 0.0, 0.0, Dict{String, Any}(""I"" => """", ""ARNAME"" => """", ""PTOL"" => """", ""PDES"" => """", ""ISW"" => """"))",0.0628923383,0.0145492275,0.06487,0.0145492275
bus2315,true,bus-2315,2315,"Area(0, 0.0, 0.0, 0.0, Dict{String, Any}(""I"" => """", ""ARNAME"" => """", ""PTOL"" => """", ""PDES"" => """", ""ISW"" => """"))",0.186093581,0.063759367,0.186093581,0.063759367
bus1147,true,bus-1147,1147,"Area(0, 0.0, 0.0, 0.0, Dict{String, Any}(""I"" => """", ""ARNAME"" => """", ""PTOL"" => """", ""PDES"" => """", ""ISW"" => """"))",0.570292751,0.206738143,0.570292751,0.206738143
bus2119,true,bus-2119,2119,"Area(0, 0.0, 0.0, 0.0, Dict{String, Any}(""I"" => """", ""ARNAME"" => """", ""PTOL"" => """", ""PDES"" => """", ""ISW"" => """"))",0.0524163256,0.0187667716,0.0524163256,0.0187667716
bus989,true,bus-989,989,"Area(0, 0.0, 0.0, 0.0, Dict{String, Any}(""I"" => """", ""ARNAME"" => """", ""PTOL"" => """", ""PDES"" => """", ""ISW"" => """"))",0.183871478,0.06241257670000001,0.183871478,0.06241257670000001
bus1316,true,bus-1316,1316,"Area(0, 0.0, 0.0, 0.0, Dict{String, Any}(""I"" => """", ""ARNAME"" => """", ""PTOL"" => """", ""PDES"" => """", ""ISW"" => """"))",0.052616268599999995,0.011934800800000001,0.052616268599999995,0.011934800800000001
bus460,true,bus-460,460,"Area(0, 0.0, 0.0, 0.0, Dict{String, Any}(""I"" => """", ""ARNAME"" => """", ""PTOL"" => """", ""PDES"" => """", ""ISW"" => """"))",0.153953536,0.053248372599999996,0.153953536,0.053248372599999996
bus1450,true,bus-1450,1450,"Area(0, 0.0, 0.0, 0.0, Dict{String, Any}(""I"" => """", ""ARNAME"" => """", ""PTOL"" => """", ""PDES"" => """", ""ISW"" => """"))",0.0438771398,0.012473297999999999,0.0438771398,0.012473297999999999
bus587,true,bus-587,587,"Area(0, 0.0, 0.0, 0.0, Dict{String, Any}(""I"" => """", ""ARNAME"" => """", ""PTOL"" => """", ""PDES"" => """", ""ISW"" => """"))",0.0619908208,0.0227313704,0.0619908208,0.0227313704
bus911,true,bus-911,911,"Area(0, 0.0, 0.0, 0.0, Dict{String, Any}(""I"" => """", ""ARNAME"" => """", ""PTOL"" => """", ""PDES"" => """", ""ISW"" => """"))",0.071682642,0.0246505324,0.071682642,0.0246505324
bus2035,true,bus-2035,2035,"Area(0, 0.0, 0.0, 0.0, Dict{String, Any}(""I"" => """", ""ARNAME"" => """", ""PTOL"" => """", ""PDES"" => """", ""ISW"" => """"))",0.395757946,0.0853079067,0.395757946,0.0853079067
bus5078,true,bus-5078,5078,"Area(0, 0.0, 0.0, 0.0, Dict{String, Any}(""I"" => """", ""ARNAME"" => """", ""PTOL"" => """", ""PDES"" => """", ""ISW"" => """"))",0.046613470399999996,0.0196197868,0.046613470399999996,0.0196197868
bus691,true,bus-691,691,"Area(0, 0.0, 0.0, 0.0, Dict{String, Any}(""I"" => """", ""ARNAME"" => """", ""PTOL"" => """", ""PDES"" => """", ""ISW"" => """"))",0.134259303,0.0489157192,0.134259303,0.0489157192
bus1136,true,bus-1136,1136,"Area(0, 0.0, 0.0, 0.0, Dict{String, Any}(""I"" => """", ""ARNAME"" => """", ""PTOL"" => """", ""PDES"" => """", ""ISW"" => """"))",0.0862469267,0.0214862923,0.0862469267,0.0214862923
bus988,true,bus-988,988,"Area(0, 0.0, 0.0, 0.0, Dict{String, Any}(""I"" => """", ""ARNAME"" => """", ""PTOL"" => """", ""PDES"" => """", ""ISW"" => """"))",0.0554841006,0.0179377996,0.0554841006,0.0179377996
bus2074,true,bus-2074,2074,"Area(0, 0.0, 0.0, 0.0, Dict{String, Any}(""I"" => """", ""ARNAME"" => """", ""PTOL"" => """", ""PDES"" => """", ""ISW"" => """"))",0.40201417,0.13268971699999998,0.40201417,0.13268971699999998
bus1231,true,bus-1231,1231,"Area(0, 0.0, 0.0, 0.0, Dict{String, Any}(""I"" => """", ""ARNAME"" => """", ""PTOL"" => """", ""PDES"" => """", ""ISW"" => """"))",0.250592318,0.0722679849,0.250592318,0.0722679849
bus2973,true,bus-2973,2973,"Area(0, 0.0, 0.0, 0.0, Dict{String, Any}(""I"" => """", ""ARNAME"" => """", ""PTOL"" => """", ""PDES"" => """", ""ISW"" => """"))",0.0311919592,0.011991241,0.0311919592,0.011991241
bus2349,true,bus-2349,2349,"Area(0, 0.0, 0.0, 0.0, Dict{String, Any}(""I"" => """", ""ARNAME"" => """", ""PTOL"" => """", ""PDES"" => """", ""ISW"" => """"))",0.33973230899999995,0.074394609,0.35586599999999996,0.074394609
bus1649,true,bus-1649,1649,"Area(0, 0.0, 0.0, 0.0, Dict{String, Any}(""I"" => """", ""ARNAME"" => """", ""PTOL"" => """", ""PDES"" => """", ""ISW"" => """"))",0.0592047933,0.0199980958,0.0592047933,0.0199980958
bus275,true,bus-275,275,"Area(0, 0.0, 0.0, 0.0, Dict{String, Any}(""I"" => """", ""ARNAME"" => """", ""PTOL"" => """", ""PDES"" => """", ""ISW"" => """"))",0.07536228689999999,0.0259434832,0.07536228689999999,0.0259434832
bus2023,true,bus-2023,2023,"Area(0, 0.0, 0.0, 0.0, Dict{String, Any}(""I"" => """", ""ARNAME"" => """", ""PTOL"" => """", ""PDES"" => """", ""ISW"" => """"))",0.349931875,0.11903069000000001,0.349931875,0.11903069000000001
bus4451,true,bus-4451,4451,"Area(0, 0.0, 0.0, 0.0, Dict{String, Any}(""I"" => """", ""ARNAME"" => """", ""PTOL"" => """", ""PDES"" => """", ""ISW"" => """"))",0.157446574,0.0470715561,0.157446574,0.0470715561
bus533,true,bus-533,533,"Area(0, 0.0, 0.0, 0.0, Dict{String, Any}(""I"" => """", ""ARNAME"" => """", ""PTOL"" => """", ""PDES"" => """", ""ISW"" => """"))",0.103222156,0.0333506737,0.103222156,0.0333506737
bus261,true,bus-261,261,"Area(0, 0.0, 0.0, 0.0, Dict{String, Any}(""I"" => """", ""ARNAME"" => """", ""PTOL"" => """", ""PDES"" => """", ""ISW"" => """"))",0.100187676,0.0342723523,0.100187676,0.0342723523
bus2246,true,bus-2246,2246,"Area(0, 0.0, 0.0, 0.0, Dict{String, Any}(""I"" => """", ""ARNAME"" => """", ""PTOL"" => """", ""PDES"" => """", ""ISW"" => """"))",0.248615663,0.0808590877,0.248615663,0.0808590877
bus434,true,bus-434,434,"Area(0, 0.0, 0.0, 0.0, Dict{String, Any}(""I"" => """", ""ARNAME"" => """", ""PTOL"" => """", ""PDES"" => """", ""ISW"" => """"))",0.0858164869,0.033593419799999996,0.0858164869,0.033593419799999996
bus140,true,bus-140,140,"Area(0, 0.0, 0.0, 0.0, Dict{String, Any}(""I"" => """", ""ARNAME"" => """", ""PTOL"" => """", ""PDES"" => """", ""ISW"" => """"))",0.195985169,0.0592936968,0.195985169,0.0592936968
bus307,true,bus-307,307,"Area(0, 0.0, 0.0, 0.0, Dict{String, Any}(""I"" => """", ""ARNAME"" => """", ""PTOL"" => """", ""PDES"" => """", ""ISW"" => """"))",0.037436962,0.0142296997,0.037436962,0.0142296997
bus2982,true,bus-2982,2982,"Area(0, 0.0, 0.0, 0.0, Dict{String, Any}(""I"" => """", ""ARNAME"" => """", ""PTOL"" => """", ""PDES"" => """", ""ISW"" => """"))",0.0765134385,0.0221760452,0.0765134385,0.0221760452
bus5954,true,bus-5954,5954,"Area(0, 0.0, 0.0, 0.0, Dict{String, Any}(""I"" => """", ""ARNAME"" => """", ""PTOL"" => """", ""PDES"" => """", ""ISW"" => """"))",0.261591406,0.0911319523,0.261591406,0.0911319523
bus2985,true,bus-2985,2985,"Area(0, 0.0, 0.0, 0.0, Dict{String, Any}(""I"" => """", ""ARNAME"" => """", ""PTOL"" => """", ""PDES"" => """", ""ISW"" => """"))",0.0783953879,0.022872418900000004,0.0783953879,0.022872418900000004
bus2669,true,bus-2669,2669,"Area(0, 0.0, 0.0, 0.0, Dict{String, Any}(""I"" => """", ""ARNAME"" => """", ""PTOL"" => """", ""PDES"" => """", ""ISW"" => """"))",0.047722558,0.0176653582,0.047722558,0.0176653582
bus343,true,bus-343,343,"Area(0, 0.0, 0.0, 0.0, Dict{String, Any}(""I"" => """", ""ARNAME"" => """", ""PTOL"" => """", ""PDES"" => """", ""ISW"" => """"))",0.0715821343,0.022306659,0.0715821343,0.022306659
bus6750,true,bus-6750,6750,"Area(0, 0.0, 0.0, 0.0, Dict{String, Any}(""I"" => """", ""ARNAME"" => """", ""PTOL"" => """", ""PDES"" => """", ""ISW"" => """"))",0.0283769601,0.00961775041,0.0283769601,0.00961775041
bus3596,true,bus-3596,3596,"Area(0, 0.0, 0.0, 0.0, Dict{String, Any}(""I"" => """", ""ARNAME"" => """", ""PTOL"" => """", ""PDES"" => """", ""ISW"" => """"))",0.0372185091,0.0129970064,0.0372185091,0.0129970064
bus7048,true,bus-7048,7048,"Area(0, 0.0, 0.0, 0.0, Dict{String, Any}(""I"" => """", ""ARNAME"" => """", ""PTOL"" => """", ""PDES"" => """", ""ISW"" => """"))",0.0281928792,0.010265883200000001,0.0281928792,0.010265883200000001
bus916,true,bus-916,916,"Area(0, 0.0, 0.0, 0.0, Dict{String, Any}(""I"" => """", ""ARNAME"" => """", ""PTOL"" => """", ""PDES"" => """", ""ISW"" => """"))",0.0181529758,0.00761775006,0.0181529758,0.00761775006
bus1983,true,bus-1983,1983,"Area(0, 0.0, 0.0, 0.0, Dict{String, Any}(""I"" => """", ""ARNAME"" => """", ""PTOL"" => """", ""PDES"" => """", ""ISW"" => """"))",0.09626857899999999,0.031852923400000004,0.09626857899999999,0.031852923400000004
bus7680,true,bus-7680,7680,"Area(0, 0.0, 0.0, 0.0, Dict{String, Any}(""I"" => """", ""ARNAME"" => """", ""PTOL"" => """", ""PDES"" => """", ""ISW"" => """"))",0.23778665499999999,0.0706620432,0.23778665499999999,0.0706620432
bus7536,true,bus-7536,7536,"Area(0, 0.0, 0.0, 0.0, Dict{String, Any}(""I"" => """", ""ARNAME"" => """", ""PTOL"" => """", ""PDES"" => """", ""ISW"" => """"))",0.07359777120000001,0.0208295701,0.07359777120000001,0.0208295701
bus188,true,bus-188,188,"Area(0, 0.0, 0.0, 0.0, Dict{String, Any}(""I"" => """", ""ARNAME"" => """", ""PTOL"" => """", ""PDES"" => """", ""ISW"" => """"))",0.098672335,0.034273112,0.098672335,0.034273112
bus1177,true,bus-1177,1177,"Area(0, 0.0, 0.0, 0.0, Dict{String, Any}(""I"" => """", ""ARNAME"" => """", ""PTOL"" => """", ""PDES"" => """", ""ISW"" => """"))",0.024547476600000003,0.00689661266,0.024547476600000003,0.00689661266
bus190,true,bus-190,190,"Area(0, 0.0, 0.0, 0.0, Dict{String, Any}(""I"" => """", ""ARNAME"" => """", ""PTOL"" => """", ""PDES"" => """", ""ISW"" => """"))",0.0425502742,0.012236879700000002,0.042770999999999997,0.012236879700000002
bus4849,true,bus-4849,4849,"Area(0, 0.0, 0.0, 0.0, Dict{String, Any}(""I"" => """", ""ARNAME"" => """", ""PTOL"" => """", ""PDES"" => """", ""ISW"" => """"))",0.0232471375,0.0074137301,0.0232471375,0.0074137301
bus551,true,bus-551,551,"Area(0, 0.0, 0.0, 0.0, Dict{String, Any}(""I"" => """", ""ARNAME"" => """", ""PTOL"" => """", ""PDES"" => """", ""ISW"" => """"))",0.255485906,0.08606378919999999,0.255485906,0.08606378919999999
bus4333,true,bus-4333,4333,"Area(0, 0.0, 0.0, 0.0, Dict{String, Any}(""I"" => """", ""ARNAME"" => """", ""PTOL"" => """", ""PDES"" => """", ""ISW"" => """"))",0.021048673,0.00731915057,0.021048673,0.00731915057
bus86,true,bus-86,86,"Area(0, 0.0, 0.0, 0.0, Dict{String, Any}(""I"" => """", ""ARNAME"" => """", ""PTOL"" => """", ""PDES"" => """", ""ISW"" => """"))",0.0398569855,0.013380436499999999,0.0398569855,0.013380436499999999
bus2392,true,bus-2392,2392,"Area(0, 0.0, 0.0, 0.0, Dict{String, Any}(""I"" => """", ""ARNAME"" => """", ""PTOL"" => """", ""PDES"" => """", ""ISW"" => """"))",0.011981092200000001,0.0037541287699999998,0.011981092200000001,0.0037541287699999998
bus259,true,bus-259,259,"Area(0, 0.0, 0.0, 0.0, Dict{String, Any}(""I"" => """", ""ARNAME"" => """", ""PTOL"" => """", ""PDES"" => """", ""ISW"" => """"))",0.32827437600000003,0.114021086,0.32827437600000003,0.114021086
bus1269,true,bus-1269,1269,"Area(0, 0.0, 0.0, 0.0, Dict{String, Any}(""I"" => """", ""ARNAME"" => """", ""PTOL"" => """", ""PDES"" => """", ""ISW"" => """"))",0.0246083946,0.00820467021,0.0246083946,0.00820467021
bus643,true,bus-643,643,"Area(0, 0.0, 0.0, 0.0, Dict{String, Any}(""I"" => """", ""ARNAME"" => """", ""PTOL"" => """", ""PDES"" => """", ""ISW"" => """"))",0.041874366700000006,0.013679099100000001,0.041874366700000006,0.013679099100000001
bus2812,true,bus-2812,2812,"Area(0, 0.0, 0.0, 0.0, Dict{String, Any}(""I"" => """", ""ARNAME"" => """", ""PTOL"" => """", ""PDES"" => """", ""ISW"" => """"))",0.12149177800000001,0.0258945524,0.12149177800000001,0.0258945524
bus6737,true,bus-6737,6737,"Area(0, 0.0, 0.0, 0.0, Dict{String, Any}(""I"" => """", ""ARNAME"" => """", ""PTOL"" => """", ""PDES"" => """", ""ISW"" => """"))",0.135022119,0.039808746199999995,0.137739,0.039808746199999995
bus2383,true,bus-2383,2383,"Area(0, 0.0, 0.0, 0.0, Dict{String, Any}(""I"" => """", ""ARNAME"" => """", ""PTOL"" => """", ""PDES"" => """", ""ISW"" => """"))",0.192698272,0.05727022179999999,0.19680399999999998,0.05727022179999999
bus725,true,bus-725,725,"Area(0, 0.0, 0.0, 0.0, Dict{String, Any}(""I"" => """", ""ARNAME"" => """", ""PTOL"" => """", ""PDES"" => """", ""ISW"" => """"))",0.260026042,0.08385295720000001,0.260026042,0.08385295720000001
bus6717,true,bus-6717,6717,"Area(0, 0.0, 0.0, 0.0, Dict{String, Any}(""I"" => """", ""ARNAME"" => """", ""PTOL"" => """", ""PDES"" => """", ""ISW"" => """"))",0.026444985600000002,0.0112962703,0.026444985600000002,0.0112962703
bus6711,true,bus-6711,6711,"Area(0, 0.0, 0.0, 0.0, Dict{String, Any}(""I"" => """", ""ARNAME"" => """", ""PTOL"" => """", ""PDES"" => """", ""ISW"" => """"))",0.0203487559,0.00742318174,0.0203487559,0.00742318174
bus1385,true,bus-1385,1385,"Area(0, 0.0, 0.0, 0.0, Dict{String, Any}(""I"" => """", ""ARNAME"" => """", ""PTOL"" => """", ""PDES"" => """", ""ISW"" => """"))",0.29775963,0.0815779186,0.302217,0.0815779186
bus2089,true,bus-2089,2089,"Area(0, 0.0, 0.0, 0.0, Dict{String, Any}(""I"" => """", ""ARNAME"" => """", ""PTOL"" => """", ""PDES"" => """", ""ISW"" => """"))",0.266913095,0.06290231,0.266913095,0.06290231
bus8842,true,bus-8842,8842,"Area(0, 0.0, 0.0, 0.0, Dict{String, Any}(""I"" => """", ""ARNAME"" => """", ""PTOL"" => """", ""PDES"" => """", ""ISW"" => """"))",0.42718330899999996,0.111024242,0.42718330899999996,0.111024242
bus1335,true,bus-1335,1335,"Area(0, 0.0, 0.0, 0.0, Dict{String, Any}(""I"" => """", ""ARNAME"" => """", ""PTOL"" => """", ""PDES"" => """", ""ISW"" => """"))",0.058715809300000005,0.016475959,0.058715809300000005,0.016475959
bus4559,true,bus-4559,4559,"Area(0, 0.0, 0.0, 0.0, Dict{String, Any}(""I"" => """", ""ARNAME"" => """", ""PTOL"" => """", ""PDES"" => """", ""ISW"" => """"))",0.0641144038,0.0214797275,0.0641144038,0.0214797275
bus4825,true,bus-4825,4825,"Area(0, 0.0, 0.0, 0.0, Dict{String, Any}(""I"" => """", ""ARNAME"" => """", ""PTOL"" => """", ""PDES"" => """", ""ISW"" => """"))",0.0252295596,0.0101103301,0.0252295596,0.0101103301
bus4712,true,bus-4712,4712,"Area(0, 0.0, 0.0, 0.0, Dict{String, Any}(""I"" => """", ""ARNAME"" => """", ""PTOL"" => """", ""PDES"" => """", ""ISW"" => """"))",0.0384300881,0.012902429200000001,0.0384300881,0.012902429200000001
bus2348,true,bus-2348,2348,"Area(0, 0.0, 0.0, 0.0, Dict{String, Any}(""I"" => """", ""ARNAME"" => """", ""PTOL"" => """", ""PDES"" => """", ""ISW"" => """"))",0.0492183812,0.014181577899999999,0.0492183812,0.014181577899999999
bus7732,true,bus-7732,7732,"Area(0, 0.0, 0.0, 0.0, Dict{String, Any}(""I"" => """", ""ARNAME"" => """", ""PTOL"" => """", ""PDES"" => """", ""ISW"" => """"))",0.769953777,0.267519063,0.769953777,0.267519063
bus1939,true,bus-1939,1939,"Area(0, 0.0, 0.0, 0.0, Dict{String, Any}(""I"" => """", ""ARNAME"" => """", ""PTOL"" => """", ""PDES"" => """", ""ISW"" => """"))",0.159693927,0.05376502699999999,0.159693927,0.05376502699999999
bus1179,true,bus-1179,1179,"Area(0, 0.0, 0.0, 0.0, Dict{String, Any}(""I"" => """", ""ARNAME"" => """", ""PTOL"" => """", ""PDES"" => """", ""ISW"" => """"))",0.21028517300000002,0.0631748014,0.21028517300000002,0.0631748014
bus1819,true,bus-1819,1819,"Area(0, 0.0, 0.0, 0.0, Dict{String, Any}(""I"" => """", ""ARNAME"" => """", ""PTOL"" => """", ""PDES"" => """", ""ISW"" => """"))",0.041938091999999996,0.0142844163,0.041938091999999996,0.0142844163
bus2075,true,bus-2075,2075,"Area(0, 0.0, 0.0, 0.0, Dict{String, Any}(""I"" => """", ""ARNAME"" => """", ""PTOL"" => """", ""PDES"" => """", ""ISW"" => """"))",0.44685746000000004,0.089794427,0.44685746000000004,0.089794427
bus2401,true,bus-2401,2401,"Area(0, 0.0, 0.0, 0.0, Dict{String, Any}(""I"" => """", ""ARNAME"" => """", ""PTOL"" => """", ""PDES"" => """", ""ISW"" => """"))",0.00385527925,0.000895155541,0.004164,0.000895155541
bus7789,true,bus-7789,7789,"Area(0, 0.0, 0.0, 0.0, Dict{String, Any}(""I"" => """", ""ARNAME"" => """", ""PTOL"" => """", ""PDES"" => """", ""ISW"" => """"))",0.34539626300000004,0.12202932699999999,0.34539626300000004,0.12202932699999999
bus8044,true,bus-8044,8044,"Area(0, 0.0, 0.0, 0.0, Dict{String, Any}(""I"" => """", ""ARNAME"" => """", ""PTOL"" => """", ""PDES"" => """", ""ISW"" => """"))",0.184582333,0.041009004200000004,0.184582333,0.041009004200000004
bus1966,true,bus-1966,1966,"Area(0, 0.0, 0.0, 0.0, Dict{String, Any}(""I"" => """", ""ARNAME"" => """", ""PTOL"" => """", ""PDES"" => """", ""ISW"" => """"))",0.0789954921,0.0236588742,0.0789954921,0.0236588742
bus469,true,bus-469,469,"Area(0, 0.0, 0.0, 0.0, Dict{String, Any}(""I"" => """", ""ARNAME"" => """", ""PTOL"" => """", ""PDES"" => """", ""ISW"" => """"))",0.0923855949,0.0325412425,0.0923855949,0.0325412425
bus894,true,bus-894,894,"Area(0, 0.0, 0.0, 0.0, Dict{String, Any}(""I"" => """", ""ARNAME"" => """", ""PTOL"" => """", ""PDES"" => """", ""ISW"" => """"))",0.06444156549999999,0.021034975,0.06444156549999999,0.021034975
bus8042,true,bus-8042,8042,"Area(0, 0.0, 0.0, 0.0, Dict{String, Any}(""I"" => """", ""ARNAME"" => """", ""PTOL"" => """", ""PDES"" => """", ""ISW"" => """"))",0.0506169243,0.017871836999999998,0.0506169243,0.017871836999999998
bus1381,true,bus-1381,1381,"Area(0, 0.0, 0.0, 0.0, Dict{String, Any}(""I"" => """", ""ARNAME"" => """", ""PTOL"" => """", ""PDES"" => """", ""ISW"" => """"))",0.08526877349999999,0.0247905402,0.08526877349999999,0.0247905402
bus1753,true,bus-1753,1753,"Area(0, 0.0, 0.0, 0.0, Dict{String, Any}(""I"" => """", ""ARNAME"" => """", ""PTOL"" => """", ""PDES"" => """", ""ISW"" => """"))",0.0555199673,0.0172036166,0.0555199673,0.0172036166
bus1341,true,bus-1341,1341,"Area(0, 0.0, 0.0, 0.0, Dict{String, Any}(""I"" => """", ""ARNAME"" => """", ""PTOL"" => """", ""PDES"" => """", ""ISW"" => """"))",0.0499666693,0.0154703322,0.0499666693,0.0154703322
bus3566,true,bus-3566,3566,"Area(0, 0.0, 0.0, 0.0, Dict{String, Any}(""I"" => """", ""ARNAME"" => """", ""PTOL"" => """", ""PDES"" => """", ""ISW"" => """"))",0.0425139209,0.0150445318,0.0425139209,0.0150445318
bus2148,true,bus-2148,2148,"Area(0, 0.0, 0.0, 0.0, Dict{String, Any}(""I"" => """", ""ARNAME"" => """", ""PTOL"" => """", ""PDES"" => """", ""ISW"" => """"))",0.0903548334,0.0318491666,0.0903548334,0.0318491666
bus670,true,bus-670,670,"Area(0, 0.0, 0.0, 0.0, Dict{String, Any}(""I"" => """", ""ARNAME"" => """", ""PTOL"" => """", ""PDES"" => """", ""ISW"" => """"))",0.301642781,0.106858977,0.301642781,0.106858977
bus272,true,bus-272,272,"Area(0, 0.0, 0.0, 0.0, Dict{String, Any}(""I"" => """", ""ARNAME"" => """", ""PTOL"" => """", ""PDES"" => """", ""ISW"" => """"))",0.26782599,0.0691909276,0.282028,0.0691909276
bus136,true,bus-136,136,"Area(0, 0.0, 0.0, 0.0, Dict{String, Any}(""I"" => """", ""ARNAME"" => """", ""PTOL"" => """", ""PDES"" => """", ""ISW"" => """"))",0.105497909,0.0264716879,0.105497909,0.0264716879
bus1536,true,bus-1536,1536,"Area(0, 0.0, 0.0, 0.0, Dict{String, Any}(""I"" => """", ""ARNAME"" => """", ""PTOL"" => """", ""PDES"" => """", ""ISW"" => """"))",0.0958838063,0.025880655099999997,0.0958838063,0.025880655099999997
bus738,true,bus-738,738,"Area(0, 0.0, 0.0, 0.0, Dict{String, Any}(""I"" => """", ""ARNAME"" => """", ""PTOL"" => """", ""PDES"" => """", ""ISW"" => """"))",0.13910529800000002,0.0411139791,0.13910529800000002,0.0411139791
bus1701,true,bus-1701,1701,"Area(0, 0.0, 0.0, 0.0, Dict{String, Any}(""I"" => """", ""ARNAME"" => """", ""PTOL"" => """", ""PDES"" => """", ""ISW"" => """"))",0.145231668,0.0419793021,0.145231668,0.0419793021
bus5479,true,bus-5479,5479,"Area(0, 0.0, 0.0, 0.0, Dict{String, Any}(""I"" => """", ""ARNAME"" => """", ""PTOL"" => """", ""PDES"" => """", ""ISW"" => """"))",0.040321651300000004,0.0128819133,0.040321651300000004,0.0128819133
bus711,true,bus-711,711,"Area(0, 0.0, 0.0, 0.0, Dict{String, Any}(""I"" => """", ""ARNAME"" => """", ""PTOL"" => """", ""PDES"" => """", ""ISW"" => """"))",0.579823259,0.164969052,0.579823259,0.164969052
bus517,true,bus-517,517,"Area(0, 0.0, 0.0, 0.0, Dict{String, Any}(""I"" => """", ""ARNAME"" => """", ""PTOL"" => """", ""PDES"" => """", ""ISW"" => """"))",0.345838242,0.0993429037,0.363352,0.0993429037
bus1260,true,bus-1260,1260,"Area(0, 0.0, 0.0, 0.0, Dict{String, Any}(""I"" => """", ""ARNAME"" => """", ""PTOL"" => """", ""PDES"" => """", ""ISW"" => """"))",0.7459322319999999,0.219102842,0.7459322319999999,0.219102842
bus644,true,bus-644,644,"Area(0, 0.0, 0.0, 0.0, Dict{String, Any}(""I"" => """", ""ARNAME"" => """", ""PTOL"" => """", ""PDES"" => """", ""ISW"" => """"))",0.0437289517,0.0146679978,0.0437289517,0.0146679978
bus5369,true,bus-5369,5369,"Area(0, 0.0, 0.0, 0.0, Dict{String, Any}(""I"" => """", ""ARNAME"" => """", ""PTOL"" => """", ""PDES"" => """", ""ISW"" => """"))",0.21326607200000003,0.061282848699999996,0.22623100000000002,0.061282848699999996
bus2019,true,bus-2019,2019,"Area(0, 0.0, 0.0, 0.0, Dict{String, Any}(""I"" => """", ""ARNAME"" => """", ""PTOL"" => """", ""PDES"" => """", ""ISW"" => """"))",0.144593023,0.052841415200000005,0.144593023,0.052841415200000005
bus1893,true,bus-1893,1893,"Area(0, 0.0, 0.0, 0.0, Dict{String, Any}(""I"" => """", ""ARNAME"" => """", ""PTOL"" => """", ""PDES"" => """", ""ISW"" => """"))",0.257093819,0.0619388471,0.264393,0.0619388471
bus456,true,bus-456,456,"Area(0, 0.0, 0.0, 0.0, Dict{String, Any}(""I"" => """", ""ARNAME"" => """", ""PTOL"" => """", ""PDES"" => """", ""ISW"" => """"))",0.034010056999999996,0.0111490169,0.034010056999999996,0.0111490169
bus891,true,bus-891,891,"Area(0, 0.0, 0.0, 0.0, Dict{String, Any}(""I"" => """", ""ARNAME"" => """", ""PTOL"" => """", ""PDES"" => """", ""ISW"" => """"))",0.0950951612,0.0344846479,0.0950951612,0.0344846479
bus2948,true,bus-2948,2948,"Area(0, 0.0, 0.0, 0.0, Dict{String, Any}(""I"" => """", ""ARNAME"" => """", ""PTOL"" => """", ""PDES"" => """", ""ISW"" => """"))",0.0707478019,0.0263598944,0.0707478019,0.0263598944
bus508,true,bus-508,508,"Area(0, 0.0, 0.0, 0.0, Dict{String, Any}(""I"" => """", ""ARNAME"" => """", ""PTOL"" => """", ""PDES"" => """", ""ISW"" => """"))",0.0923069185,0.0243349307,0.0923069185,0.0243349307
bus583,true,bus-583,583,"Area(0, 0.0, 0.0, 0.0, Dict{String, Any}(""I"" => """", ""ARNAME"" => """", ""PTOL"" => """", ""PDES"" => """", ""ISW"" => """"))",0.0204063741,0.00599522345,0.0204063741,0.00599522345
bus3709,true,bus-3709,3709,"Area(0, 0.0, 0.0, 0.0, Dict{String, Any}(""I"" => """", ""ARNAME"" => """", ""PTOL"" => """", ""PDES"" => """", ""ISW"" => """"))",0.076155051,0.020027660200000002,0.076155051,0.020027660200000002
bus13,true,bus-13,13,"Area(0, 0.0, 0.0, 0.0, Dict{String, Any}(""I"" => """", ""ARNAME"" => """", ""PTOL"" => """", ""PDES"" => """", ""ISW"" => """"))",0.351203816,0.11563322599999999,0.351203816,0.11563322599999999
bus8835,true,bus-8835,8835,"Area(0, 0.0, 0.0, 0.0, Dict{String, Any}(""I"" => """", ""ARNAME"" => """", ""PTOL"" => """", ""PDES"" => """", ""ISW"" => """"))",0.33086831099999997,0.11958991199999999,0.33086831099999997,0.11958991199999999
bus1610,true,bus-1610,1610,"Area(0, 0.0, 0.0, 0.0, Dict{String, Any}(""I"" => """", ""ARNAME"" => """", ""PTOL"" => """", ""PDES"" => """", ""ISW"" => """"))",0.33188425899999996,0.10086426700000001,0.334247,0.10086426700000001
bus7105,true,bus-7105,7105,"Area(0, 0.0, 0.0, 0.0, Dict{String, Any}(""I"" => """", ""ARNAME"" => """", ""PTOL"" => """", ""PDES"" => """", ""ISW"" => """"))",0.0185048108,0.00661114445,0.0185048108,0.00661114445
bus5981,true,bus-5981,5981,"Area(0, 0.0, 0.0, 0.0, Dict{String, Any}(""I"" => """", ""ARNAME"" => """", ""PTOL"" => """", ""PDES"" => """", ""ISW"" => """"))",0.08550887469999999,0.0248734199,0.08550887469999999,0.0248734199
bus1072,true,bus-1072,1072,"Area(0, 0.0, 0.0, 0.0, Dict{String, Any}(""I"" => """", ""ARNAME"" => """", ""PTOL"" => """", ""PDES"" => """", ""ISW"" => """"))",1.0427649700000001,0.278987586,1.1196210000000002,0.278987586
bus4030,true,bus-4030,4030,"Area(0, 0.0, 0.0, 0.0, Dict{String, Any}(""I"" => """", ""ARNAME"" => """", ""PTOL"" => """", ""PDES"" => """", ""ISW"" => """"))",0.0285373872,0.0118430003,0.0285373872,0.0118430003
bus1134,true,bus-1134,1134,"Area(0, 0.0, 0.0, 0.0, Dict{String, Any}(""I"" => """", ""ARNAME"" => """", ""PTOL"" => """", ""PDES"" => """", ""ISW"" => """"))",0.034744644500000005,0.0122129434,0.034744644500000005,0.0122129434
bus2182,true,bus-2182,2182,"Area(0, 0.0, 0.0, 0.0, Dict{String, Any}(""I"" => """", ""ARNAME"" => """", ""PTOL"" => """", ""PDES"" => """", ""ISW"" => """"))",0.036217312700000004,0.014275442599999999,0.036217312700000004,0.014275442599999999
bus2360,true,bus-2360,2360,"Area(0, 0.0, 0.0, 0.0, Dict{String, Any}(""I"" => """", ""ARNAME"" => """", ""PTOL"" => """", ""PDES"" => """", ""ISW"" => """"))",0.046373697500000005,0.017337196699999998,0.046373697500000005,0.017337196699999998
bus7515,true,bus-7515,7515,"Area(0, 0.0, 0.0, 0.0, Dict{String, Any}(""I"" => """", ""ARNAME"" => """", ""PTOL"" => """", ""PDES"" => """", ""ISW"" => """"))",0.285591244,0.0621041974,0.296387,0.0621041974
bus511,true,bus-511,511,"Area(0, 0.0, 0.0, 0.0, Dict{String, Any}(""I"" => """", ""ARNAME"" => """", ""PTOL"" => """", ""PDES"" => """", ""ISW"" => """"))",0.139546478,0.045598779,0.139546478,0.045598779
bus104,true,bus-104,104,"Area(0, 0.0, 0.0, 0.0, Dict{String, Any}(""I"" => """", ""ARNAME"" => """", ""PTOL"" => """", ""PDES"" => """", ""ISW"" => """"))",0.0718614121,0.025461361400000004,0.0718614121,0.025461361400000004
bus1455,true,bus-1455,1455,"Area(0, 0.0, 0.0, 0.0, Dict{String, Any}(""I"" => """", ""ARNAME"" => """", ""PTOL"" => """", ""PDES"" => """", ""ISW"" => """"))",0.285408143,0.0802586127,0.285408143,0.0802586127
bus788,true,bus-788,788,"Area(0, 0.0, 0.0, 0.0, Dict{String, Any}(""I"" => """", ""ARNAME"" => """", ""PTOL"" => """", ""PDES"" => """", ""ISW"" => """"))",0.0436990045,0.013955242299999998,0.0436990045,0.013955242299999998
bus1092,true,bus-1092,1092,"Area(0, 0.0, 0.0, 0.0, Dict{String, Any}(""I"" => """", ""ARNAME"" => """", ""PTOL"" => """", ""PDES"" => """", ""ISW"" => """"))",0.579123949,0.19730831599999998,0.579123949,0.19730831599999998
bus4874,true,bus-4874,4874,"Area(0, 0.0, 0.0, 0.0, Dict{String, Any}(""I"" => """", ""ARNAME"" => """", ""PTOL"" => """", ""PDES"" => """", ""ISW"" => """"))",0.0232646847,0.00977637712,0.0232646847,0.00977637712
bus7942,true,bus-7942,7942,"Area(0, 0.0, 0.0, 0.0, Dict{String, Any}(""I"" => """", ""ARNAME"" => """", ""PTOL"" => """", ""PDES"" => """", ""ISW"" => """"))",0.231064242,0.08021106169999999,0.231064242,0.08021106169999999
bus2976,true,bus-2976,2976,"Area(0, 0.0, 0.0, 0.0, Dict{String, Any}(""I"" => """", ""ARNAME"" => """", ""PTOL"" => """", ""PDES"" => """", ""ISW"" => """"))",0.0274505115,0.0105410165,0.0274505115,0.0105410165
bus2142,true,bus-2142,2142,"Area(0, 0.0, 0.0, 0.0, Dict{String, Any}(""I"" => """", ""ARNAME"" => """", ""PTOL"" => """", ""PDES"" => """", ""ISW"" => """"))",0.231164689,0.0834210693,0.231164689,0.0834210693
bus410,true,bus-410,410,"Area(0, 0.0, 0.0, 0.0, Dict{String, Any}(""I"" => """", ""ARNAME"" => """", ""PTOL"" => """", ""PDES"" => """", ""ISW"" => """"))",0.20335794299999999,0.0764319591,0.20335794299999999,0.0764319591
bus8125,true,bus-8125,8125,"Area(0, 0.0, 0.0, 0.0, Dict{String, Any}(""I"" => """", ""ARNAME"" => """", ""PTOL"" => """", ""PDES"" => """", ""ISW"" => """"))",0.19158575500000002,0.0598369484,0.19158575500000002,0.0598369484
bus311,true,bus-311,311,"Area(0, 0.0, 0.0, 0.0, Dict{String, Any}(""I"" => """", ""ARNAME"" => """", ""PTOL"" => """", ""PDES"" => """", ""ISW"" => """"))",0.083243207,0.0211052851,0.083243207,0.0211052851
bus5324,true,bus-5324,5324,"Area(0, 0.0, 0.0, 0.0, Dict{String, Any}(""I"" => """", ""ARNAME"" => """", ""PTOL"" => """", ""PDES"" => """", ""ISW"" => """"))",0.17327306,0.0552075097,0.17327306,0.0552075097
bus866,true,bus-866,866,"Area(0, 0.0, 0.0, 0.0, Dict{String, Any}(""I"" => """", ""ARNAME"" => """", ""PTOL"" => """", ""PDES"" => """", ""ISW"" => """"))",0.0555860865,0.021697141200000002,0.0555860865,0.021697141200000002
bus1749,true,bus-1749,1749,"Area(0, 0.0, 0.0, 0.0, Dict{String, Any}(""I"" => """", ""ARNAME"" => """", ""PTOL"" => """", ""PDES"" => """", ""ISW"" => """"))",0.12249892400000001,0.029718703899999997,0.12249892400000001,0.029718703899999997
bus1764,true,bus-1764,1764,"Area(0, 0.0, 0.0, 0.0, Dict{String, Any}(""I"" => """", ""ARNAME"" => """", ""PTOL"" => """", ""PDES"" => """", ""ISW"" => """"))",0.06253349970000001,0.0197386629,0.06253349970000001,0.0197386629
bus22,true,bus-22,22,"Area(0, 0.0, 0.0, 0.0, Dict{String, Any}(""I"" => """", ""ARNAME"" => """", ""PTOL"" => """", ""PDES"" => """", ""ISW"" => """"))",0.0830597002,0.027006326299999998,0.0830597002,0.027006326299999998
bus3388,true,bus-3388,3388,"Area(0, 0.0, 0.0, 0.0, Dict{String, Any}(""I"" => """", ""ARNAME"" => """", ""PTOL"" => """", ""PDES"" => """", ""ISW"" => """"))",0.09135599170000001,0.029742356299999998,0.09135599170000001,0.029742356299999998
bus1229,true,bus-1229,1229,"Area(0, 0.0, 0.0, 0.0, Dict{String, Any}(""I"" => """", ""ARNAME"" => """", ""PTOL"" => """", ""PDES"" => """", ""ISW"" => """"))",0.316557475,0.0970045678,0.316557475,0.0970045678
bus1908,true,bus-1908,1908,"Area(0, 0.0, 0.0, 0.0, Dict{String, Any}(""I"" => """", ""ARNAME"" => """", ""PTOL"" => """", ""PDES"" => """", ""ISW"" => """"))",0.198465478,0.054006997200000004,0.198465478,0.054006997200000004
bus7880,true,bus-7880,7880,"Area(0, 0.0, 0.0, 0.0, Dict{String, Any}(""I"" => """", ""ARNAME"" => """", ""PTOL"" => """", ""PDES"" => """", ""ISW"" => """"))",0.0257369192,0.007683864,0.0257369192,0.007683864
bus1076,true,bus-1076,1076,"Area(0, 0.0, 0.0, 0.0, Dict{String, Any}(""I"" => """", ""ARNAME"" => """", ""PTOL"" => """", ""PDES"" => """", ""ISW"" => """"))",0.0351792935,0.0128202614,0.0351792935,0.0128202614
bus504,true,bus-504,504,"Area(0, 0.0, 0.0, 0.0, Dict{String, Any}(""I"" => """", ""ARNAME"" => """", ""PTOL"" => """", ""PDES"" => """", ""ISW"" => """"))",0.047683770599999994,0.016408112500000002,0.047683770599999994,0.016408112500000002
bus1779,true,bus-1779,1779,"Area(0, 0.0, 0.0, 0.0, Dict{String, Any}(""I"" => """", ""ARNAME"" => """", ""PTOL"" => """", ""PDES"" => """", ""ISW"" => """"))",0.0346457034,0.0103070935,0.0346457034,0.0103070935
bus1189,true,bus-1189,1189,"Area(0, 0.0, 0.0, 0.0, Dict{String, Any}(""I"" => """", ""ARNAME"" => """", ""PTOL"" => """", ""PDES"" => """", ""ISW"" => """"))",0.233468512,0.0692382357,0.233468512,0.0692382357
bus1696,true,bus-1696,1696,"Area(0, 0.0, 0.0, 0.0, Dict{String, Any}(""I"" => """", ""ARNAME"" => """", ""PTOL"" => """", ""PDES"" => """", ""ISW"" => """"))",1.67231611,0.6094843,1.67231611,0.6094843
bus822,true,bus-822,822,"Area(0, 0.0, 0.0, 0.0, Dict{String, Any}(""I"" => """", ""ARNAME"" => """", ""PTOL"" => """", ""PDES"" => """", ""ISW"" => """"))",0.0199181061,0.00834054314,0.0199181061,0.00834054314
bus6672,true,bus-6672,6672,"Area(0, 0.0, 0.0, 0.0, Dict{String, Any}(""I"" => """", ""ARNAME"" => """", ""PTOL"" => """", ""PDES"" => """", ""ISW"" => """"))",0.297447584,0.09349810019999999,0.297447584,0.09349810019999999
bus4155,true,bus-4155,4155,"Area(0, 0.0, 0.0, 0.0, Dict{String, Any}(""I"" => """", ""ARNAME"" => """", ""PTOL"" => """", ""PDES"" => """", ""ISW"" => """"))",0.0350678157,0.011948437499999999,0.0350678157,0.011948437499999999
bus579,true,bus-579,579,"Area(0, 0.0, 0.0, 0.0, Dict{String, Any}(""I"" => """", ""ARNAME"" => """", ""PTOL"" => """", ""PDES"" => """", ""ISW"" => """"))",0.0229447768,0.0080914794,0.0229447768,0.0080914794
bus1452,true,bus-1452,1452,"Area(0, 0.0, 0.0, 0.0, Dict{String, Any}(""I"" => """", ""ARNAME"" => """", ""PTOL"" => """", ""PDES"" => """", ""ISW"" => """"))",0.0464670801,0.014202333499999999,0.0464670801,0.014202333499999999
bus4831,true,bus-4831,4831,"Area(0, 0.0, 0.0, 0.0, Dict{String, Any}(""I"" => """", ""ARNAME"" => """", ""PTOL"" => """", ""PDES"" => """", ""ISW"" => """"))",0.015265040700000001,0.00578390128,0.015265040700000001,0.00578390128
bus734,true,bus-734,734,"Area(0, 0.0, 0.0, 0.0, Dict{String, Any}(""I"" => """", ""ARNAME"" => """", ""PTOL"" => """", ""PDES"" => """", ""ISW"" => """"))",0.388470056,0.143427665,0.388470056,0.143427665
bus7488,true,bus-7488,7488,"Area(0, 0.0, 0.0, 0.0, Dict{String, Any}(""I"" => """", ""ARNAME"" => """", ""PTOL"" => """", ""PDES"" => """", ""ISW"" => """"))",0.109457081,0.0313650331,0.109457081,0.0313650331
bus6495,true,bus-6495,6495,"Area(0, 0.0, 0.0, 0.0, Dict{String, Any}(""I"" => """", ""ARNAME"" => """", ""PTOL"" => """", ""PDES"" => """", ""ISW"" => """"))",0.0112209994,0.00331278598,0.012092,0.00331278598
bus7592,true,bus-7592,7592,"Area(0, 0.0, 0.0, 0.0, Dict{String, Any}(""I"" => """", ""ARNAME"" => """", ""PTOL"" => """", ""PDES"" => """", ""ISW"" => """"))",0.0961072671,0.0263629679,0.0961072671,0.0263629679
bus306,true,bus-306,306,"Area(0, 0.0, 0.0, 0.0, Dict{String, Any}(""I"" => """", ""ARNAME"" => """", ""PTOL"" => """", ""PDES"" => """", ""ISW"" => """"))",0.242665577,0.06341530299999999,0.242665577,0.06341530299999999
bus7522,true,bus-7522,7522,"Area(0, 0.0, 0.0, 0.0, Dict{String, Any}(""I"" => """", ""ARNAME"" => """", ""PTOL"" => """", ""PDES"" => """", ""ISW"" => """"))",0.30532018,0.0735296828,0.31205900000000003,0.0735296828
bus271,true,bus-271,271,"Area(0, 0.0, 0.0, 0.0, Dict{String, Any}(""I"" => """", ""ARNAME"" => """", ""PTOL"" => """", ""PDES"" => """", ""ISW"" => """"))",0.0542211162,0.01447313,0.05486,0.01447313
bus8744,true,bus-8744,8744,"Area(0, 0.0, 0.0, 0.0, Dict{String, Any}(""I"" => """", ""ARNAME"" => """", ""PTOL"" => """", ""PDES"" => """", ""ISW"" => """"))",0.227452235,0.0755705398,0.227452235,0.0755705398
bus1808,true,bus-1808,1808,"Area(0, 0.0, 0.0, 0.0, Dict{String, Any}(""I"" => """", ""ARNAME"" => """", ""PTOL"" => """", ""PDES"" => """", ""ISW"" => """"))",0.0314155754,0.0104432511,0.0314155754,0.0104432511
bus1371,true,bus-1371,1371,"Area(0, 0.0, 0.0, 0.0, Dict{String, Any}(""I"" => """", ""ARNAME"" => """", ""PTOL"" => """", ""PDES"" => """", ""ISW"" => """"))",0.0571641961,0.0160189998,0.0571641961,0.0160189998
bus2064,true,bus-2064,2064,"Area(0, 0.0, 0.0, 0.0, Dict{String, Any}(""I"" => """", ""ARNAME"" => """", ""PTOL"" => """", ""PDES"" => """", ""ISW"" => """"))",0.272828068,0.091974047,0.272828068,0.091974047
bus1107,true,bus-1107,1107,"Area(0, 0.0, 0.0, 0.0, Dict{String, Any}(""I"" => """", ""ARNAME"" => """", ""PTOL"" => """", ""PDES"" => """", ""ISW"" => """"))",0.190510799,0.0713219277,0.190510799,0.0713219277
bus1909,true,bus-1909,1909,"Area(0, 0.0, 0.0, 0.0, Dict{String, Any}(""I"" => """", ""ARNAME"" => """", ""PTOL"" => """", ""PDES"" => """", ""ISW"" => """"))",0.0819955792,0.0270671933,0.0819955792,0.0270671933
bus827,true,bus-827,827,"Area(0, 0.0, 0.0, 0.0, Dict{String, Any}(""I"" => """", ""ARNAME"" => """", ""PTOL"" => """", ""PDES"" => """", ""ISW"" => """"))",0.032707963699999995,0.011172648,0.032707963699999995,0.011172648
bus1359,true,bus-1359,1359,"Area(0, 0.0, 0.0, 0.0, Dict{String, Any}(""I"" => """", ""ARNAME"" => """", ""PTOL"" => """", ""PDES"" => """", ""ISW"" => """"))",0.11814699,0.036065948099999995,0.11814699,0.036065948099999995
bus211,true,bus-211,211,"Area(0, 0.0, 0.0, 0.0, Dict{String, Any}(""I"" => """", ""ARNAME"" => """", ""PTOL"" => """", ""PDES"" => """", ""ISW"" => """"))",0.10221840500000001,0.0297449467,0.10221840500000001,0.0297449467
bus1044,true,bus-1044,1044,"Area(0, 0.0, 0.0, 0.0, Dict{String, Any}(""I"" => """", ""ARNAME"" => """", ""PTOL"" => """", ""PDES"" => """", ""ISW"" => """"))",0.171559873,0.0538113684,0.171559873,0.0538113684
bus2116,true,bus-2116,2116,"Area(0, 0.0, 0.0, 0.0, Dict{String, Any}(""I"" => """", ""ARNAME"" => """", ""PTOL"" => """", ""PDES"" => """", ""ISW"" => """"))",0.284498596,0.09363511880000001,0.284498596,0.09363511880000001
bus1967,true,bus-1967,1967,"Area(0, 0.0, 0.0, 0.0, Dict{String, Any}(""I"" => """", ""ARNAME"" => """", ""PTOL"" => """", ""PDES"" => """", ""ISW"" => """"))",0.0657471914,0.0243254479,0.0657471914,0.0243254479
bus2238,true,bus-2238,2238,"Area(0, 0.0, 0.0, 0.0, Dict{String, Any}(""I"" => """", ""ARNAME"" => """", ""PTOL"" => """", ""PDES"" => """", ""ISW"" => """"))",0.866691419,0.166365108,0.9269799999999999,0.166365108
bus887,true,bus-887,887,"Area(0, 0.0, 0.0, 0.0, Dict{String, Any}(""I"" => """", ""ARNAME"" => """", ""PTOL"" => """", ""PDES"" => """", ""ISW"" => """"))",0.0870261454,0.034450099,0.0870261454,0.034450099
bus2184,true,bus-2184,2184,"Area(0, 0.0, 0.0, 0.0, Dict{String, Any}(""I"" => """", ""ARNAME"" => """", ""PTOL"" => """", ""PDES"" => """", ""ISW"" => """"))",0.0501292155,0.0169235444,0.0501292155,0.0169235444
bus964,true,bus-964,964,"Area(0, 0.0, 0.0, 0.0, Dict{String, Any}(""I"" => """", ""ARNAME"" => """", ""PTOL"" => """", ""PDES"" => """", ""ISW"" => """"))",0.14081237,0.050221646800000005,0.14081237,0.050221646800000005
bus1318,true,bus-1318,1318,"Area(0, 0.0, 0.0, 0.0, Dict{String, Any}(""I"" => """", ""ARNAME"" => """", ""PTOL"" => """", ""PDES"" => """", ""ISW"" => """"))",0.0350526303,0.012243219100000001,0.0350526303,0.012243219100000001
bus724,true,bus-724,724,"Area(0, 0.0, 0.0, 0.0, Dict{String, Any}(""I"" => """", ""ARNAME"" => """", ""PTOL"" => """", ""PDES"" => """", ""ISW"" => """"))",0.766040794,0.17534366299999998,0.766040794,0.17534366299999998
bus4590,true,bus-4590,4590,"Area(0, 0.0, 0.0, 0.0, Dict{String, Any}(""I"" => """", ""ARNAME"" => """", ""PTOL"" => """", ""PDES"" => """", ""ISW"" => """"))",0.037407069599999995,0.0149401216,0.037407069599999995,0.0149401216
bus1461,true,bus-1461,1461,"Area(0, 0.0, 0.0, 0.0, Dict{String, Any}(""I"" => """", ""ARNAME"" => """", ""PTOL"" => """", ""PDES"" => """", ""ISW"" => """"))",0.19804141900000002,0.063859023,0.19804141900000002,0.063859023
bus969,true,bus-969,969,"Area(0, 0.0, 0.0, 0.0, Dict{String, Any}(""I"" => """", ""ARNAME"" => """", ""PTOL"" => """", ""PDES"" => """", ""ISW"" => """"))",0.059724974800000004,0.016040810000000003,0.059724974800000004,0.016040810000000003
bus1084,true,bus-1084,1084,"Area(0, 0.0, 0.0, 0.0, Dict{String, Any}(""I"" => """", ""ARNAME"" => """", ""PTOL"" => """", ""PDES"" => """", ""ISW"" => """"))",0.0802165604,0.031423507,0.0802165604,0.031423507
bus7913,true,bus-7913,7913,"Area(0, 0.0, 0.0, 0.0, Dict{String, Any}(""I"" => """", ""ARNAME"" => """", ""PTOL"" => """", ""PDES"" => """", ""ISW"" => """"))",0.031329590500000004,0.011862688400000002,0.031329590500000004,0.011862688400000002
bus2286,true,bus-2286,2286,"Area(0, 0.0, 0.0, 0.0, Dict{String, Any}(""I"" => """", ""ARNAME"" => """", ""PTOL"" => """", ""PDES"" => """", ""ISW"" => """"))",0.216898983,0.0718859915,0.216898983,0.0718859915
bus2178,true,bus-2178,2178,"Area(0, 0.0, 0.0, 0.0, Dict{String, Any}(""I"" => """", ""ARNAME"" => """", ""PTOL"" => """", ""PDES"" => """", ""ISW"" => """"))",0.0449465555,0.0146223395,0.0449465555,0.0146223395
bus651,true,bus-651,651,"Area(0, 0.0, 0.0, 0.0, Dict{String, Any}(""I"" => """", ""ARNAME"" => """", ""PTOL"" => """", ""PDES"" => """", ""ISW"" => """"))",0.026250547000000003,0.00791685438,0.026250547000000003,0.00791685438
bus2086,true,bus-2086,2086,"Area(0, 0.0, 0.0, 0.0, Dict{String, Any}(""I"" => """", ""ARNAME"" => """", ""PTOL"" => """", ""PDES"" => """", ""ISW"" => """"))",0.239305879,0.0909635762,0.239305879,0.0909635762
bus382,true,bus-382,382,"Area(0, 0.0, 0.0, 0.0, Dict{String, Any}(""I"" => """", ""ARNAME"" => """", ""PTOL"" => """", ""PDES"" => """", ""ISW"" => """"))",0.251238689,0.0902261796,0.251238689,0.0902261796
bus1071,true,bus-1071,1071,"Area(0, 0.0, 0.0, 0.0, Dict{String, Any}(""I"" => """", ""ARNAME"" => """", ""PTOL"" => """", ""PDES"" => """", ""ISW"" => """"))",0.260255866,0.0760850154,0.26394,0.0760850154
bus1911,true,bus-1911,1911,"Area(0, 0.0, 0.0, 0.0, Dict{String, Any}(""I"" => """", ""ARNAME"" => """", ""PTOL"" => """", ""PDES"" => """", ""ISW"" => """"))",0.207670636,0.055340779099999994,0.208904,0.055340779099999994
bus432,true,bus-432,432,"Area(0, 0.0, 0.0, 0.0, Dict{String, Any}(""I"" => """", ""ARNAME"" => """", ""PTOL"" => """", ""PDES"" => """", ""ISW"" => """"))",0.109533945,0.0321122988,0.109533945,0.0321122988
bus457,true,bus-457,457,"Area(0, 0.0, 0.0, 0.0, Dict{String, Any}(""I"" => """", ""ARNAME"" => """", ""PTOL"" => """", ""PDES"" => """", ""ISW"" => """"))",0.0891458487,0.0277447642,0.0891458487,0.0277447642
bus1906,true,bus-1906,1906,"Area(0, 0.0, 0.0, 0.0, Dict{String, Any}(""I"" => """", ""ARNAME"" => """", ""PTOL"" => """", ""PDES"" => """", ""ISW"" => """"))",0.603436884,0.18233972699999998,0.603436884,0.18233972699999998
bus7444,true,bus-7444,7444,"Area(0, 0.0, 0.0, 0.0, Dict{String, Any}(""I"" => """", ""ARNAME"" => """", ""PTOL"" => """", ""PDES"" => """", ""ISW"" => """"))",0.0475717269,0.016449918100000002,0.0475717269,0.016449918100000002
bus7020,true,bus-7020,7020,"Area(0, 0.0, 0.0, 0.0, Dict{String, Any}(""I"" => """", ""ARNAME"" => """", ""PTOL"" => """", ""PDES"" => """", ""ISW"" => """"))",0.155657509,0.051042069200000005,0.155657509,0.051042069200000005
bus501,true,bus-501,501,"Area(0, 0.0, 0.0, 0.0, Dict{String, Any}(""I"" => """", ""ARNAME"" => """", ""PTOL"" => """", ""PDES"" => """", ""ISW"" => """"))",0.286620369,0.0875918816,0.286620369,0.0875918816
bus30,true,bus-30,30,"Area(0, 0.0, 0.0, 0.0, Dict{String, Any}(""I"" => """", ""ARNAME"" => """", ""PTOL"" => """", ""PDES"" => """", ""ISW"" => """"))",0.045760343800000006,0.0157384767,0.045760343800000006,0.0157384767
bus8791,true,bus-8791,8791,"Area(0, 0.0, 0.0, 0.0, Dict{String, Any}(""I"" => """", ""ARNAME"" => """", ""PTOL"" => """", ""PDES"" => """", ""ISW"" => """"))",0.708701756,0.174655206,0.708701756,0.174655206
bus4772,true,bus-4772,4772,"Area(0, 0.0, 0.0, 0.0, Dict{String, Any}(""I"" => """", ""ARNAME"" => """", ""PTOL"" => """", ""PDES"" => """", ""ISW"" => """"))",0.22513340299999998,0.0823359982,0.22513340299999998,0.0823359982
bus965,true,bus-965,965,"Area(0, 0.0, 0.0, 0.0, Dict{String, Any}(""I"" => """", ""ARNAME"" => """", ""PTOL"" => """", ""PDES"" => """", ""ISW"" => """"))",0.0464887533,0.015592825400000001,0.0464887533,0.015592825400000001
bus8641,true,bus-8641,8641,"Area(0, 0.0, 0.0, 0.0, Dict{String, Any}(""I"" => """", ""ARNAME"" => """", ""PTOL"" => """", ""PDES"" => """", ""ISW"" => """"))",0.297761246,0.102343188,0.297761246,0.102343188
bus3445,true,bus-3445,3445,"Area(0, 0.0, 0.0, 0.0, Dict{String, Any}(""I"" => """", ""ARNAME"" => """", ""PTOL"" => """", ""PDES"" => """", ""ISW"" => """"))",0.12951547100000002,0.0387318601,0.12951547100000002,0.0387318601
bus719,true,bus-719,719,"Area(0, 0.0, 0.0, 0.0, Dict{String, Any}(""I"" => """", ""ARNAME"" => """", ""PTOL"" => """", ""PDES"" => """", ""ISW"" => """"))",0.628108573,0.143159336,0.628108573,0.143159336
bus33,true,bus-33,33,"Area(0, 0.0, 0.0, 0.0, Dict{String, Any}(""I"" => """", ""ARNAME"" => """", ""PTOL"" => """", ""PDES"" => """", ""ISW"" => """"))",0.0494620865,0.0180658103,0.0494620865,0.0180658103
bus564,true,bus-564,564,"Area(0, 0.0, 0.0, 0.0, Dict{String, Any}(""I"" => """", ""ARNAME"" => """", ""PTOL"" => """", ""PDES"" => """", ""ISW"" => """"))",0.08770289160000001,0.0292760186,0.08770289160000001,0.0292760186
bus7918,true,bus-7918,7918,"Area(0, 0.0, 0.0, 0.0, Dict{String, Any}(""I"" => """", ""ARNAME"" => """", ""PTOL"" => """", ""PDES"" => """", ""ISW"" => """"))",0.521765164,0.18239843,0.521765164,0.18239843
bus1364,true,bus-1364,1364,"Area(0, 0.0, 0.0, 0.0, Dict{String, Any}(""I"" => """", ""ARNAME"" => """", ""PTOL"" => """", ""PDES"" => """", ""ISW"" => """"))",0.0376425322,0.013128991100000001,0.0376425322,0.013128991100000001
bus6623,true,bus-6623,6623,"Area(0, 0.0, 0.0, 0.0, Dict{String, Any}(""I"" => """", ""ARNAME"" => """", ""PTOL"" => """", ""PDES"" => """", ""ISW"" => """"))",0.11347127,0.0414807396,0.11347127,0.0414807396
bus2404,true,bus-2404,2404,"Area(0, 0.0, 0.0, 0.0, Dict{String, Any}(""I"" => """", ""ARNAME"" => """", ""PTOL"" => """", ""PDES"" => """", ""ISW"" => """"))",0.15168907,0.0518991938,0.15168907,0.0518991938
bus4875,true,bus-4875,4875,"Area(0, 0.0, 0.0, 0.0, Dict{String, Any}(""I"" => """", ""ARNAME"" => """", ""PTOL"" => """", ""PDES"" => """", ""ISW"" => """"))",0.050526749,0.0127023645,0.050526749,0.0127023645
bus838,true,bus-838,838,"Area(0, 0.0, 0.0, 0.0, Dict{String, Any}(""I"" => """", ""ARNAME"" => """", ""PTOL"" => """", ""PDES"" => """", ""ISW"" => """"))",0.0865127103,0.023399044400000003,0.0865127103,0.023399044400000003
bus2637,true,bus-2637,2637,"Area(0, 0.0, 0.0, 0.0, Dict{String, Any}(""I"" => """", ""ARNAME"" => """", ""PTOL"" => """", ""PDES"" => """", ""ISW"" => """"))",0.0461133116,0.0114854797,0.0461133116,0.0114854797
bus8285,true,bus-8285,8285,"Area(0, 0.0, 0.0, 0.0, Dict{String, Any}(""I"" => """", ""ARNAME"" => """", ""PTOL"" => """", ""PDES"" => """", ""ISW"" => """"))",0.046312655700000004,0.0173908123,0.046312655700000004,0.0173908123
bus1005,true,bus-1005,1005,"Area(0, 0.0, 0.0, 0.0, Dict{String, Any}(""I"" => """", ""ARNAME"" => """", ""PTOL"" => """", ""PDES"" => """", ""ISW"" => """"))",0.0220342525,0.00837141808,0.0220342525,0.00837141808
bus2919,true,bus-2919,2919,"Area(0, 0.0, 0.0, 0.0, Dict{String, Any}(""I"" => """", ""ARNAME"" => """", ""PTOL"" => """", ""PDES"" => """", ""ISW"" => """"))",0.131431105,0.0313206442,0.131963,0.0313206442
bus4272,true,bus-4272,4272,"Area(0, 0.0, 0.0, 0.0, Dict{String, Any}(""I"" => """", ""ARNAME"" => """", ""PTOL"" => """", ""PDES"" => """", ""ISW"" => """"))",0.030134794399999998,0.009237738530000001,0.030134794399999998,0.009237738530000001
bus3731,true,bus-3731,3731,"Area(0, 0.0, 0.0, 0.0, Dict{String, Any}(""I"" => """", ""ARNAME"" => """", ""PTOL"" => """", ""PDES"" => """", ""ISW"" => """"))",0.0778413904,0.0220330971,0.0778413904,0.0220330971
bus6675,true,bus-6675,6675,"Area(0, 0.0, 0.0, 0.0, Dict{String, Any}(""I"" => """", ""ARNAME"" => """", ""PTOL"" => """", ""PDES"" => """", ""ISW"" => """"))",0.08243643029999999,0.0188447257,0.08458700000000001,0.0188447257
bus1326,true,bus-1326,1326,"Area(0, 0.0, 0.0, 0.0, Dict{String, Any}(""I"" => """", ""ARNAME"" => """", ""PTOL"" => """", ""PDES"" => """", ""ISW"" => """"))",1.05451923,0.195364173,1.1152630000000001,0.195364173
bus1209,true,bus-1209,1209,"Area(0, 0.0, 0.0, 0.0, Dict{String, Any}(""I"" => """", ""ARNAME"" => """", ""PTOL"" => """", ""PDES"" => """", ""ISW"" => """"))",0.0633323196,0.023198936899999998,0.0633323196,0.023198936899999998
bus1712,true,bus-1712,1712,"Area(0, 0.0, 0.0, 0.0, Dict{String, Any}(""I"" => """", ""ARNAME"" => """", ""PTOL"" => """", ""PDES"" => """", ""ISW"" => """"))",0.0453767876,0.0163250419,0.0453767876,0.0163250419
bus1588,true,bus-1588,1588,"Area(0, 0.0, 0.0, 0.0, Dict{String, Any}(""I"" => """", ""ARNAME"" => """", ""PTOL"" => """", ""PDES"" => """", ""ISW"" => """"))",0.040925275399999995,0.0148147607,0.040925275399999995,0.0148147607
bus5134,true,bus-5134,5134,"Area(0, 0.0, 0.0, 0.0, Dict{String, Any}(""I"" => """", ""ARNAME"" => """", ""PTOL"" => """", ""PDES"" => """", ""ISW"" => """"))",0.10143706699999999,0.028208220399999998,0.10143706699999999,0.028208220399999998
bus8574,true,bus-8574,8574,"Area(0, 0.0, 0.0, 0.0, Dict{String, Any}(""I"" => """", ""ARNAME"" => """", ""PTOL"" => """", ""PDES"" => """", ""ISW"" => """"))",0.103199969,0.0329288128,0.103199969,0.0329288128
bus820,true,bus-820,820,"Area(0, 0.0, 0.0, 0.0, Dict{String, Any}(""I"" => """", ""ARNAME"" => """", ""PTOL"" => """", ""PDES"" => """", ""ISW"" => """"))",0.025840929300000003,0.00951800887,0.025840929300000003,0.00951800887
bus6973,true,bus-6973,6973,"Area(0, 0.0, 0.0, 0.0, Dict{String, Any}(""I"" => """", ""ARNAME"" => """", ""PTOL"" => """", ""PDES"" => """", ""ISW"" => """"))",0.122219464,0.0444878529,0.122219464,0.0444878529
bus668,true,bus-668,668,"Area(0, 0.0, 0.0, 0.0, Dict{String, Any}(""I"" => """", ""ARNAME"" => """", ""PTOL"" => """", ""PDES"" => """", ""ISW"" => """"))",0.331306502,0.112323551,0.331306502,0.112323551
bus7465,true,bus-7465,7465,"Area(0, 0.0, 0.0, 0.0, Dict{String, Any}(""I"" => """", ""ARNAME"" => """", ""PTOL"" => """", ""PDES"" => """", ""ISW"" => """"))",0.0489051321,0.0189341832,0.0489051321,0.0189341832
bus2321,true,bus-2321,2321,"Area(0, 0.0, 0.0, 0.0, Dict{String, Any}(""I"" => """", ""ARNAME"" => """", ""PTOL"" => """", ""PDES"" => """", ""ISW"" => """"))",0.732278273,0.222064676,0.732278273,0.222064676
bus1907,true,bus-1907,1907,"Area(0, 0.0, 0.0, 0.0, Dict{String, Any}(""I"" => """", ""ARNAME"" => """", ""PTOL"" => """", ""PDES"" => """", ""ISW"" => """"))",0.461819598,0.14572607299999998,0.461819598,0.14572607299999998
bus875,true,bus-875,875,"Area(0, 0.0, 0.0, 0.0, Dict{String, Any}(""I"" => """", ""ARNAME"" => """", ""PTOL"" => """", ""PDES"" => """", ""ISW"" => """"))",0.0304565059,0.010625867300000001,0.0304565059,0.010625867300000001
bus7051,true,bus-7051,7051,"Area(0, 0.0, 0.0, 0.0, Dict{String, Any}(""I"" => """", ""ARNAME"" => """", ""PTOL"" => """", ""PDES"" => """", ""ISW"" => """"))",0.0551832011,0.020089815999999996,0.0551832011,0.020089815999999996
bus898,true,bus-898,898,"Area(0, 0.0, 0.0, 0.0, Dict{String, Any}(""I"" => """", ""ARNAME"" => """", ""PTOL"" => """", ""PDES"" => """", ""ISW"" => """"))",0.021547804099999998,0.00728409194,0.021547804099999998,0.00728409194
bus430,true,bus-430,430,"Area(0, 0.0, 0.0, 0.0, Dict{String, Any}(""I"" => """", ""ARNAME"" => """", ""PTOL"" => """", ""PDES"" => """", ""ISW"" => """"))",0.21769304,0.05221667,0.21769304,0.05221667
bus3754,true,bus-3754,3754,"Area(0, 0.0, 0.0, 0.0, Dict{String, Any}(""I"" => """", ""ARNAME"" => """", ""PTOL"" => """", ""PDES"" => """", ""ISW"" => """"))",0.040669718,0.0144228578,0.040669718,0.0144228578
bus1815,true,bus-1815,1815,"Area(0, 0.0, 0.0, 0.0, Dict{String, Any}(""I"" => """", ""ARNAME"" => """", ""PTOL"" => """", ""PDES"" => """", ""ISW"" => """"))",0.6444904300000001,0.18459114499999998,0.6444904300000001,0.18459114499999998
bus3325,true,bus-3325,3325,"Area(0, 0.0, 0.0, 0.0, Dict{String, Any}(""I"" => """", ""ARNAME"" => """", ""PTOL"" => """", ""PDES"" => """", ""ISW"" => """"))",0.04008781510000001,0.0158645462,0.04008781510000001,0.0158645462
bus1508,true,bus-1508,1508,"Area(0, 0.0, 0.0, 0.0, Dict{String, Any}(""I"" => """", ""ARNAME"" => """", ""PTOL"" => """", ""PDES"" => """", ""ISW"" => """"))",0.0663297545,0.0283176448,0.0663297545,0.0283176448
bus7748,true,bus-7748,7748,"Area(0, 0.0, 0.0, 0.0, Dict{String, Any}(""I"" => """", ""ARNAME"" => """", ""PTOL"" => """", ""PDES"" => """", ""ISW"" => """"))",0.1280802,0.0465782046,0.1280802,0.0465782046
bus6608,true,bus-6608,6608,"Area(0, 0.0, 0.0, 0.0, Dict{String, Any}(""I"" => """", ""ARNAME"" => """", ""PTOL"" => """", ""PDES"" => """", ""ISW"" => """"))",0.286565755,0.080112523,0.286565755,0.080112523
bus3000,true,bus-3000,3000,"Area(0, 0.0, 0.0, 0.0, Dict{String, Any}(""I"" => """", ""ARNAME"" => """", ""PTOL"" => """", ""PDES"" => """", ""ISW"" => """"))",0.0335623854,0.012286558400000001,0.0335623854,0.012286558400000001
bus1874,true,bus-1874,1874,"Area(0, 0.0, 0.0, 0.0, Dict{String, Any}(""I"" => """", ""ARNAME"" => """", ""PTOL"" => """", ""PDES"" => """", ""ISW"" => """"))",0.0194498172,0.00718588554,0.0194498172,0.00718588554
bus3282,true,bus-3282,3282,"Area(0, 0.0, 0.0, 0.0, Dict{String, Any}(""I"" => """", ""ARNAME"" => """", ""PTOL"" => """", ""PDES"" => """", ""ISW"" => """"))",0.0821820861,0.028097775999999998,0.0821820861,0.028097775999999998
bus7107,true,bus-7107,7107,"Area(0, 0.0, 0.0, 0.0, Dict{String, Any}(""I"" => """", ""ARNAME"" => """", ""PTOL"" => """", ""PDES"" => """", ""ISW"" => """"))",0.014811136600000002,0.00543990658,0.014811136600000002,0.00543990658
bus8540,true,bus-8540,8540,"Area(0, 0.0, 0.0, 0.0, Dict{String, Any}(""I"" => """", ""ARNAME"" => """", ""PTOL"" => """", ""PDES"" => """", ""ISW"" => """"))",0.6554318840000001,0.21333735399999998,0.6554318840000001,0.21333735399999998
bus78,true,bus-78,78,"Area(0, 0.0, 0.0, 0.0, Dict{String, Any}(""I"" => """", ""ARNAME"" => """", ""PTOL"" => """", ""PDES"" => """", ""ISW"" => """"))",0.0395046175,0.0134712272,0.0395046175,0.0134712272
bus2106,true,bus-2106,2106,"Area(0, 0.0, 0.0, 0.0, Dict{String, Any}(""I"" => """", ""ARNAME"" => """", ""PTOL"" => """", ""PDES"" => """", ""ISW"" => """"))",0.123893558,0.0395031895,0.123893558,0.0395031895
bus106,true,bus-106,106,"Area(0, 0.0, 0.0, 0.0, Dict{String, Any}(""I"" => """", ""ARNAME"" => """", ""PTOL"" => """", ""PDES"" => """", ""ISW"" => """"))",0.0540467383,0.0157043521,0.0540467383,0.0157043521
bus3131,true,bus-3131,3131,"Area(0, 0.0, 0.0, 0.0, Dict{String, Any}(""I"" => """", ""ARNAME"" => """", ""PTOL"" => """", ""PDES"" => """", ""ISW"" => """"))",0.148174086,0.045295433100000004,0.148174086,0.045295433100000004
bus1805,true,bus-1805,1805,"Area(0, 0.0, 0.0, 0.0, Dict{String, Any}(""I"" => """", ""ARNAME"" => """", ""PTOL"" => """", ""PDES"" => """", ""ISW"" => """"))",0.102169314,0.033763294,0.102169314,0.033763294
bus2324,true,bus-2324,2324,"Area(0, 0.0, 0.0, 0.0, Dict{String, Any}(""I"" => """", ""ARNAME"" => """", ""PTOL"" => """", ""PDES"" => """", ""ISW"" => """"))",2.01988566,0.7217191839999999,2.01988566,0.7217191839999999
bus1426,true,bus-1426,1426,"Area(0, 0.0, 0.0, 0.0, Dict{String, Any}(""I"" => """", ""ARNAME"" => """", ""PTOL"" => """", ""PDES"" => """", ""ISW"" => """"))",0.0240484359,0.00818529797,0.0240484359,0.00818529797
bus6004,true,bus-6004,6004,"Area(0, 0.0, 0.0, 0.0, Dict{String, Any}(""I"" => """", ""ARNAME"" => """", ""PTOL"" => """", ""PDES"" => """", ""ISW"" => """"))",0.0840976569,0.0207618032,0.085224,0.0207618032
bus3252,true,bus-3252,3252,"Area(0, 0.0, 0.0, 0.0, Dict{String, Any}(""I"" => """", ""ARNAME"" => """", ""PTOL"" => """", ""PDES"" => """", ""ISW"" => """"))",0.08291475990000001,0.0197343461,0.08291475990000001,0.0197343461
bus983,true,bus-983,983,"Area(0, 0.0, 0.0, 0.0, Dict{String, Any}(""I"" => """", ""ARNAME"" => """", ""PTOL"" => """", ""PDES"" => """", ""ISW"" => """"))",0.0155285447,0.005408891999999999,0.0155285447,0.005408891999999999
bus3012,true,bus-3012,3012,"Area(0, 0.0, 0.0, 0.0, Dict{String, Any}(""I"" => """", ""ARNAME"" => """", ""PTOL"" => """", ""PDES"" => """", ""ISW"" => """"))",0.14465023300000002,0.0373679558,0.14465023300000002,0.0373679558
bus6572,true,bus-6572,6572,"Area(0, 0.0, 0.0, 0.0, Dict{String, Any}(""I"" => """", ""ARNAME"" => """", ""PTOL"" => """", ""PDES"" => """", ""ISW"" => """"))",0.175889223,0.0537661154,0.175889223,0.0537661154
bus4395,true,bus-4395,4395,"Area(0, 0.0, 0.0, 0.0, Dict{String, Any}(""I"" => """", ""ARNAME"" => """", ""PTOL"" => """", ""PDES"" => """", ""ISW"" => """"))",0.488440342,0.101427163,0.514212,0.101427163
bus1290,true,bus-1290,1290,"Area(0, 0.0, 0.0, 0.0, Dict{String, Any}(""I"" => """", ""ARNAME"" => """", ""PTOL"" => """", ""PDES"" => """", ""ISW"" => """"))",0.154693763,0.0356570275,0.159046,0.0356570275
bus900,true,bus-900,900,"Area(0, 0.0, 0.0, 0.0, Dict{String, Any}(""I"" => """", ""ARNAME"" => """", ""PTOL"" => """", ""PDES"" => """", ""ISW"" => """"))",0.0284073523,0.0099790886,0.0284073523,0.0099790886
bus1306,true,bus-1306,1306,"Area(0, 0.0, 0.0, 0.0, Dict{String, Any}(""I"" => """", ""ARNAME"" => """", ""PTOL"" => """", ""PDES"" => """", ""ISW"" => """"))",0.0376645587,0.0135723515,0.0376645587,0.0135723515
bus1363,true,bus-1363,1363,"Area(0, 0.0, 0.0, 0.0, Dict{String, Any}(""I"" => """", ""ARNAME"" => """", ""PTOL"" => """", ""PDES"" => """", ""ISW"" => """"))",0.0592348966,0.0195384242,0.0592348966,0.0195384242
bus3752,true,bus-3752,3752,"Area(0, 0.0, 0.0, 0.0, Dict{String, Any}(""I"" => """", ""ARNAME"" => """", ""PTOL"" => """", ""PDES"" => """", ""ISW"" => """"))",0.028137761299999998,0.0098784165,0.028137761299999998,0.0098784165
bus883,true,bus-883,883,"Area(0, 0.0, 0.0, 0.0, Dict{String, Any}(""I"" => """", ""ARNAME"" => """", ""PTOL"" => """", ""PDES"" => """", ""ISW"" => """"))",0.027318840400000002,0.0110298182,0.027318840400000002,0.0110298182
bus1128,true,bus-1128,1128,"Area(0, 0.0, 0.0, 0.0, Dict{String, Any}(""I"" => """", ""ARNAME"" => """", ""PTOL"" => """", ""PDES"" => """", ""ISW"" => """"))",0.407753176,0.123335276,0.407753176,0.123335276
bus829,true,bus-829,829,"Area(0, 0.0, 0.0, 0.0, Dict{String, Any}(""I"" => """", ""ARNAME"" => """", ""PTOL"" => """", ""PDES"" => """", ""ISW"" => """"))",0.08282293040000001,0.0223698045,0.08282293040000001,0.0223698045
bus1570,true,bus-1570,1570,"Area(0, 0.0, 0.0, 0.0, Dict{String, Any}(""I"" => """", ""ARNAME"" => """", ""PTOL"" => """", ""PDES"" => """", ""ISW"" => """"))",0.0149962304,0.00630003249,0.0149962304,0.00630003249
bus3742,true,bus-3742,3742,"Area(0, 0.0, 0.0, 0.0, Dict{String, Any}(""I"" => """", ""ARNAME"" => """", ""PTOL"" => """", ""PDES"" => """", ""ISW"" => """"))",0.025912131600000003,0.00956276691,0.025912131600000003,0.00956276691
bus1993,true,bus-1993,1993,"Area(0, 0.0, 0.0, 0.0, Dict{String, Any}(""I"" => """", ""ARNAME"" => """", ""PTOL"" => """", ""PDES"" => """", ""ISW"" => """"))",0.17927655,0.0651128451,0.17927655,0.0651128451
bus1899,true,bus-1899,1899,"Area(0, 0.0, 0.0, 0.0, Dict{String, Any}(""I"" => """", ""ARNAME"" => """", ""PTOL"" => """", ""PDES"" => """", ""ISW"" => """"))",0.0143738215,0.00420971155,0.0143738215,0.00420971155
bus6635,true,bus-6635,6635,"Area(0, 0.0, 0.0, 0.0, Dict{String, Any}(""I"" => """", ""ARNAME"" => """", ""PTOL"" => """", ""PDES"" => """", ""ISW"" => """"))",0.0316106644,0.012876473,0.0316106644,0.012876473
bus1082,true,bus-1082,1082,"Area(0, 0.0, 0.0, 0.0, Dict{String, Any}(""I"" => """", ""ARNAME"" => """", ""PTOL"" => """", ""PDES"" => """", ""ISW"" => """"))",0.184134109,0.06398706609999999,0.184134109,0.06398706609999999
bus2051,true,bus-2051,2051,"Area(0, 0.0, 0.0, 0.0, Dict{String, Any}(""I"" => """", ""ARNAME"" => """", ""PTOL"" => """", ""PDES"" => """", ""ISW"" => """"))",0.166289556,0.0582991442,0.166289556,0.0582991442
bus8660,true,bus-8660,8660,"Area(0, 0.0, 0.0, 0.0, Dict{String, Any}(""I"" => """", ""ARNAME"" => """", ""PTOL"" => """", ""PDES"" => """", ""ISW"" => """"))",0.0807116904,0.021733285499999998,0.0807116904,0.021733285499999998
bus2099,true,bus-2099,2099,"Area(0, 0.0, 0.0, 0.0, Dict{String, Any}(""I"" => """", ""ARNAME"" => """", ""PTOL"" => """", ""PDES"" => """", ""ISW"" => """"))",0.12165530000000001,0.044596820599999996,0.12165530000000001,0.044596820599999996
bus1971,true,bus-1971,1971,"Area(0, 0.0, 0.0, 0.0, Dict{String, Any}(""I"" => """", ""ARNAME"" => """", ""PTOL"" => """", ""PDES"" => """", ""ISW"" => """"))",0.11432445200000001,0.0258956368,0.11432445200000001,0.0258956368
bus1901,true,bus-1901,1901,"Area(0, 0.0, 0.0, 0.0, Dict{String, Any}(""I"" => """", ""ARNAME"" => """", ""PTOL"" => """", ""PDES"" => """", ""ISW"" => """"))",0.419646259,0.10056082599999999,0.43244,0.10056082599999999
bus2004,true,bus-2004,2004,"Area(0, 0.0, 0.0, 0.0, Dict{String, Any}(""I"" => """", ""ARNAME"" => """", ""PTOL"" => """", ""PDES"" => """", ""ISW"" => """"))",0.412953332,0.13871715699999998,0.412953332,0.13871715699999998
bus1266,true,bus-1266,1266,"Area(0, 0.0, 0.0, 0.0, Dict{String, Any}(""I"" => """", ""ARNAME"" => """", ""PTOL"" => """", ""PDES"" => """", ""ISW"" => """"))",0.0720920515,0.0246001712,0.0720920515,0.0246001712
bus580,true,bus-580,580,"Area(0, 0.0, 0.0, 0.0, Dict{String, Any}(""I"" => """", ""ARNAME"" => """", ""PTOL"" => """", ""PDES"" => """", ""ISW"" => """"))",0.702700162,0.220940363,0.702700162,0.220940363
bus605,true,bus-605,605,"Area(0, 0.0, 0.0, 0.0, Dict{String, Any}(""I"" => """", ""ARNAME"" => """", ""PTOL"" => """", ""PDES"" => """", ""ISW"" => """"))",0.143791342,0.0504793818,0.143791342,0.0504793818
bus2160,true,bus-2160,2160,"Area(0, 0.0, 0.0, 0.0, Dict{String, Any}(""I"" => """", ""ARNAME"" => """", ""PTOL"" => """", ""PDES"" => """", ""ISW"" => """"))",0.34044390300000005,0.0987204745,0.34044390300000005,0.0987204745
bus1221,true,bus-1221,1221,"Area(0, 0.0, 0.0, 0.0, Dict{String, Any}(""I"" => """", ""ARNAME"" => """", ""PTOL"" => """", ""PDES"" => """", ""ISW"" => """"))",0.23305859099999998,0.0774187832,0.23305859099999998,0.0774187832
bus1540,true,bus-1540,1540,"Area(0, 0.0, 0.0, 0.0, Dict{String, Any}(""I"" => """", ""ARNAME"" => """", ""PTOL"" => """", ""PDES"" => """", ""ISW"" => """"))",0.0801497955,0.015193318200000002,0.08236900000000001,0.015193318200000002
bus2337,true,bus-2337,2337,"Area(0, 0.0, 0.0, 0.0, Dict{String, Any}(""I"" => """", ""ARNAME"" => """", ""PTOL"" => """", ""PDES"" => """", ""ISW"" => """"))",0.378924329,0.0821278183,0.39974600000000005,0.0821278183
bus6569,true,bus-6569,6569,"Area(0, 0.0, 0.0, 0.0, Dict{String, Any}(""I"" => """", ""ARNAME"" => """", ""PTOL"" => """", ""PDES"" => """", ""ISW"" => """"))",0.10645308999999999,0.0357690193,0.10645308999999999,0.0357690193
bus791,true,bus-791,791,"Area(0, 0.0, 0.0, 0.0, Dict{String, Any}(""I"" => """", ""ARNAME"" => """", ""PTOL"" => """", ""PDES"" => """", ""ISW"" => """"))",0.139241955,0.048415558799999994,0.139241955,0.048415558799999994
bus1343,true,bus-1343,1343,"Area(0, 0.0, 0.0, 0.0, Dict{String, Any}(""I"" => """", ""ARNAME"" => """", ""PTOL"" => """", ""PDES"" => """", ""ISW"" => """"))",0.241481756,0.07446013480000001,0.241481756,0.07446013480000001
bus834,true,bus-834,834,"Area(0, 0.0, 0.0, 0.0, Dict{String, Any}(""I"" => """", ""ARNAME"" => """", ""PTOL"" => """", ""PDES"" => """", ""ISW"" => """"))",0.0481650812,0.019482945300000002,0.0481650812,0.019482945300000002
bus7008,true,bus-7008,7008,"Area(0, 0.0, 0.0, 0.0, Dict{String, Any}(""I"" => """", ""ARNAME"" => """", ""PTOL"" => """", ""PDES"" => """", ""ISW"" => """"))",0.0168530692,0.006126194430000001,0.0168530692,0.006126194430000001
bus2789,true,bus-2789,2789,"Area(0, 0.0, 0.0, 0.0, Dict{String, Any}(""I"" => """", ""ARNAME"" => """", ""PTOL"" => """", ""PDES"" => """", ""ISW"" => """"))",0.0961418735,0.031351407500000004,0.0961418735,0.031351407500000004
bus4437,true,bus-4437,4437,"Area(0, 0.0, 0.0, 0.0, Dict{String, Any}(""I"" => """", ""ARNAME"" => """", ""PTOL"" => """", ""PDES"" => """", ""ISW"" => """"))",1.4969548599999998,0.319929363,1.608154,0.319929363
bus718,true,bus-718,718,"Area(0, 0.0, 0.0, 0.0, Dict{String, Any}(""I"" => """", ""ARNAME"" => """", ""PTOL"" => """", ""PDES"" => """", ""ISW"" => """"))",0.0257833792,0.00944091302,0.0257833792,0.00944091302
bus810,true,bus-810,810,"Area(0, 0.0, 0.0, 0.0, Dict{String, Any}(""I"" => """", ""ARNAME"" => """", ""PTOL"" => """", ""PDES"" => """", ""ISW"" => """"))",0.16610793199999999,0.0607711821,0.16610793199999999,0.0607711821
bus1870,true,bus-1870,1870,"Area(0, 0.0, 0.0, 0.0, Dict{String, Any}(""I"" => """", ""ARNAME"" => """", ""PTOL"" => """", ""PDES"" => """", ""ISW"" => """"))",0.0875245737,0.0324516396,0.0875245737,0.0324516396
bus1161,true,bus-1161,1161,"Area(0, 0.0, 0.0, 0.0, Dict{String, Any}(""I"" => """", ""ARNAME"" => """", ""PTOL"" => """", ""PDES"" => """", ""ISW"" => """"))",0.148154741,0.0495480338,0.148154741,0.0495480338
bus83,true,bus-83,83,"Area(0, 0.0, 0.0, 0.0, Dict{String, Any}(""I"" => """", ""ARNAME"" => """", ""PTOL"" => """", ""PDES"" => """", ""ISW"" => """"))",0.082653928,0.018148775800000003,0.08350400000000001,0.018148775800000003
bus3314,true,bus-3314,3314,"Area(0, 0.0, 0.0, 0.0, Dict{String, Any}(""I"" => """", ""ARNAME"" => """", ""PTOL"" => """", ""PDES"" => """", ""ISW"" => """"))",0.13506779,0.0410127609,0.13506779,0.0410127609
bus2095,true,bus-2095,2095,"Area(0, 0.0, 0.0, 0.0, Dict{String, Any}(""I"" => """", ""ARNAME"" => """", ""PTOL"" => """", ""PDES"" => """", ""ISW"" => """"))",0.259418847,0.0891888074,0.259418847,0.0891888074
bus461,true,bus-461,461,"Area(0, 0.0, 0.0, 0.0, Dict{String, Any}(""I"" => """", ""ARNAME"" => """", ""PTOL"" => """", ""PDES"" => """", ""ISW"" => """"))",0.243145286,0.0835941549,0.243145286,0.0835941549
bus2779,true,bus-2779,2779,"Area(0, 0.0, 0.0, 0.0, Dict{String, Any}(""I"" => """", ""ARNAME"" => """", ""PTOL"" => """", ""PDES"" => """", ""ISW"" => """"))",0.0505115024,0.013729223399999999,0.050839,0.013729223399999999
bus291,true,bus-291,291,"Area(0, 0.0, 0.0, 0.0, Dict{String, Any}(""I"" => """", ""ARNAME"" => """", ""PTOL"" => """", ""PDES"" => """", ""ISW"" => """"))",0.0818084663,0.026997165,0.0818084663,0.026997165
bus832,true,bus-832,832,"Area(0, 0.0, 0.0, 0.0, Dict{String, Any}(""I"" => """", ""ARNAME"" => """", ""PTOL"" => """", ""PDES"" => """", ""ISW"" => """"))",0.045910830699999995,0.0175184733,0.045910830699999995,0.0175184733
bus871,true,bus-871,871,"Area(0, 0.0, 0.0, 0.0, Dict{String, Any}(""I"" => """", ""ARNAME"" => """", ""PTOL"" => """", ""PDES"" => """", ""ISW"" => """"))",0.031449064299999996,0.0104035662,0.031449064299999996,0.0104035662
bus3762,true,bus-3762,3762,"Area(0, 0.0, 0.0, 0.0, Dict{String, Any}(""I"" => """", ""ARNAME"" => """", ""PTOL"" => """", ""PDES"" => """", ""ISW"" => """"))",0.145038486,0.0555808141,0.145038486,0.0555808141
bus4999,true,bus-4999,4999,"Area(0, 0.0, 0.0, 0.0, Dict{String, Any}(""I"" => """", ""ARNAME"" => """", ""PTOL"" => """", ""PDES"" => """", ""ISW"" => """"))",0.0815855504,0.0265040987,0.0815855504,0.0265040987
bus2111,true,bus-2111,2111,"Area(0, 0.0, 0.0, 0.0, Dict{String, Any}(""I"" => """", ""ARNAME"" => """", ""PTOL"" => """", ""PDES"" => """", ""ISW"" => """"))",0.17061611599999998,0.05679015899999999,0.17061611599999998,0.05679015899999999
bus252,true,bus-252,252,"Area(0, 0.0, 0.0, 0.0, Dict{String, Any}(""I"" => """", ""ARNAME"" => """", ""PTOL"" => """", ""PDES"" => """", ""ISW"" => """"))",0.0645418482,0.0268272069,0.0645418482,0.0268272069
bus2052,true,bus-2052,2052,"Area(0, 0.0, 0.0, 0.0, Dict{String, Any}(""I"" => """", ""ARNAME"" => """", ""PTOL"" => """", ""PDES"" => """", ""ISW"" => """"))",0.164406837,0.0549893301,0.164406837,0.0549893301
bus1798,true,bus-1798,1798,"Area(0, 0.0, 0.0, 0.0, Dict{String, Any}(""I"" => """", ""ARNAME"" => """", ""PTOL"" => """", ""PDES"" => """", ""ISW"" => """"))",0.12655988199999998,0.0386411164,0.12655988199999998,0.0386411164
bus82,true,bus-82,82,"Area(0, 0.0, 0.0, 0.0, Dict{String, Any}(""I"" => """", ""ARNAME"" => """", ""PTOL"" => """", ""PDES"" => """", ""ISW"" => """"))",0.562658675,0.20278952700000002,0.562658675,0.20278952700000002
bus1990,true,bus-1990,1990,"Area(0, 0.0, 0.0, 0.0, Dict{String, Any}(""I"" => """", ""ARNAME"" => """", ""PTOL"" => """", ""PDES"" => """", ""ISW"" => """"))",0.24213401699999998,0.0646882139,0.255917,0.0646882139
bus7036,true,bus-7036,7036,"Area(0, 0.0, 0.0, 0.0, Dict{String, Any}(""I"" => """", ""ARNAME"" => """", ""PTOL"" => """", ""PDES"" => """", ""ISW"" => """"))",0.33385897999999997,0.100371948,0.33385897999999997,0.100371948
bus2961,true,bus-2961,2961,"Area(0, 0.0, 0.0, 0.0, Dict{String, Any}(""I"" => """", ""ARNAME"" => """", ""PTOL"" => """", ""PDES"" => """", ""ISW"" => """"))",0.0186880304,0.0067506564800000005,0.0186880304,0.0067506564800000005
bus1004,true,bus-1004,1004,"Area(0, 0.0, 0.0, 0.0, Dict{String, Any}(""I"" => """", ""ARNAME"" => """", ""PTOL"" => """", ""PDES"" => """", ""ISW"" => """"))",0.225493119,0.0901844509,0.225493119,0.0901844509
bus44,true,bus-44,44,"Area(0, 0.0, 0.0, 0.0, Dict{String, Any}(""I"" => """", ""ARNAME"" => """", ""PTOL"" => """", ""PDES"" => """", ""ISW"" => """"))",0.08427539149999999,0.031106176699999998,0.08427539149999999,0.031106176699999998
bus1513,true,bus-1513,1513,"Area(0, 0.0, 0.0, 0.0, Dict{String, Any}(""I"" => """", ""ARNAME"" => """", ""PTOL"" => """", ""PDES"" => """", ""ISW"" => """"))",0.0730939805,0.0174921463,0.0730939805,0.0174921463
bus889,true,bus-889,889,"Area(0, 0.0, 0.0, 0.0, Dict{String, Any}(""I"" => """", ""ARNAME"" => """", ""PTOL"" => """", ""PDES"" => """", ""ISW"" => """"))",0.175734854,0.0637544518,0.175734854,0.0637544518
bus1007,true,bus-1007,1007,"Area(0, 0.0, 0.0, 0.0, Dict{String, Any}(""I"" => """", ""ARNAME"" => """", ""PTOL"" => """", ""PDES"" => """", ""ISW"" => """"))",0.34525761099999996,0.10788356,0.34525761099999996,0.10788356
bus2299,true,bus-2299,2299,"Area(0, 0.0, 0.0, 0.0, Dict{String, Any}(""I"" => """", ""ARNAME"" => """", ""PTOL"" => """", ""PDES"" => """", ""ISW"" => """"))",0.0332466009,0.011020144,0.0332466009,0.011020144
bus5552,true,bus-5552,5552,"Area(0, 0.0, 0.0, 0.0, Dict{String, Any}(""I"" => """", ""ARNAME"" => """", ""PTOL"" => """", ""PDES"" => """", ""ISW"" => """"))",0.156883237,0.056633190300000004,0.156883237,0.056633190300000004
bus1345,true,bus-1345,1345,"Area(0, 0.0, 0.0, 0.0, Dict{String, Any}(""I"" => """", ""ARNAME"" => """", ""PTOL"" => """", ""PDES"" => """", ""ISW"" => """"))",0.271574075,0.078276552,0.271574075,0.078276552
bus1556,true,bus-1556,1556,"Area(0, 0.0, 0.0, 0.0, Dict{String, Any}(""I"" => """", ""ARNAME"" => """", ""PTOL"" => """", ""PDES"" => """", ""ISW"" => """"))",0.17221244200000002,0.0559075542,0.17221244200000002,0.0559075542
bus6535,true,bus-6535,6535,"Area(0, 0.0, 0.0, 0.0, Dict{String, Any}(""I"" => """", ""ARNAME"" => """", ""PTOL"" => """", ""PDES"" => """", ""ISW"" => """"))",0.431081536,0.143970074,0.431081536,0.143970074
bus1213,true,bus-1213,1213,"Area(0, 0.0, 0.0, 0.0, Dict{String, Any}(""I"" => """", ""ARNAME"" => """", ""PTOL"" => """", ""PDES"" => """", ""ISW"" => """"))",0.406164731,0.13083213900000001,0.406164731,0.13083213900000001
bus1832,true,bus-1832,1832,"Area(0, 0.0, 0.0, 0.0, Dict{String, Any}(""I"" => """", ""ARNAME"" => """", ""PTOL"" => """", ""PDES"" => """", ""ISW"" => """"))",0.43104951900000005,0.123357796,0.43104951900000005,0.123357796
bus658,true,bus-658,658,"Area(0, 0.0, 0.0, 0.0, Dict{String, Any}(""I"" => """", ""ARNAME"" => """", ""PTOL"" => """", ""PDES"" => """", ""ISW"" => """"))",0.0531463637,0.0175413864,0.0531463637,0.0175413864
bus692,true,bus-692,692,"Area(0, 0.0, 0.0, 0.0, Dict{String, Any}(""I"" => """", ""ARNAME"" => """", ""PTOL"" => """", ""PDES"" => """", ""ISW"" => """"))",0.309695584,0.08718936120000001,0.309695584,0.08718936120000001
bus6508,true,bus-6508,6508,"Area(0, 0.0, 0.0, 0.0, Dict{String, Any}(""I"" => """", ""ARNAME"" => """", ""PTOL"" => """", ""PDES"" => """", ""ISW"" => """"))",0.0419175093,0.013786618100000002,0.0419175093,0.013786618100000002
bus555,true,bus-555,555,"Area(0, 0.0, 0.0, 0.0, Dict{String, Any}(""I"" => """", ""ARNAME"" => """", ""PTOL"" => """", ""PDES"" => """", ""ISW"" => """"))",0.239777604,0.0928812459,0.239777604,0.0928812459
bus1057,true,bus-1057,1057,"Area(0, 0.0, 0.0, 0.0, Dict{String, Any}(""I"" => """", ""ARNAME"" => """", ""PTOL"" => """", ""PDES"" => """", ""ISW"" => """"))",0.21130247600000002,0.0719429317,0.21130247600000002,0.0719429317
bus1618,true,bus-1618,1618,"Area(0, 0.0, 0.0, 0.0, Dict{String, Any}(""I"" => """", ""ARNAME"" => """", ""PTOL"" => """", ""PDES"" => """", ""ISW"" => """"))",0.406009703,0.12960635399999998,0.406009703,0.12960635399999998
bus1466,true,bus-1466,1466,"Area(0, 0.0, 0.0, 0.0, Dict{String, Any}(""I"" => """", ""ARNAME"" => """", ""PTOL"" => """", ""PDES"" => """", ""ISW"" => """"))",0.16205619899999998,0.0618591872,0.16205619899999998,0.0618591872
bus4435,true,bus-4435,4435,"Area(0, 0.0, 0.0, 0.0, Dict{String, Any}(""I"" => """", ""ARNAME"" => """", ""PTOL"" => """", ""PDES"" => """", ""ISW"" => """"))",0.266977936,0.0608237073,0.274608,0.0608237073
bus3628,true,bus-3628,3628,"Area(0, 0.0, 0.0, 0.0, Dict{String, Any}(""I"" => """", ""ARNAME"" => """", ""PTOL"" => """", ""PDES"" => """", ""ISW"" => """"))",0.0259323508,0.00869556679,0.0259323508,0.00869556679
bus3558,true,bus-3558,3558,"Area(0, 0.0, 0.0, 0.0, Dict{String, Any}(""I"" => """", ""ARNAME"" => """", ""PTOL"" => """", ""PDES"" => """", ""ISW"" => """"))",0.110362675,0.0295877685,0.110362675,0.0295877685
bus1112,true,bus-1112,1112,"Area(0, 0.0, 0.0, 0.0, Dict{String, Any}(""I"" => """", ""ARNAME"" => """", ""PTOL"" => """", ""PDES"" => """", ""ISW"" => """"))",0.33736421499999997,0.100745264,0.33736421499999997,0.100745264
bus6822,true,bus-6822,6822,"Area(0, 0.0, 0.0, 0.0, Dict{String, Any}(""I"" => """", ""ARNAME"" => """", ""PTOL"" => """", ""PDES"" => """", ""ISW"" => """"))",0.28659045,0.0927480682,0.28659045,0.0927480682
bus616,true,bus-616,616,"Area(0, 0.0, 0.0, 0.0, Dict{String, Any}(""I"" => """", ""ARNAME"" => """", ""PTOL"" => """", ""PDES"" => """", ""ISW"" => """"))",0.151198309,0.0495181339,0.151198309,0.0495181339
bus1346,true,bus-1346,1346,"Area(0, 0.0, 0.0, 0.0, Dict{String, Any}(""I"" => """", ""ARNAME"" => """", ""PTOL"" => """", ""PDES"" => """", ""ISW"" => """"))",0.0468027752,0.0158214669,0.0468027752,0.0158214669
bus2067,true,bus-2067,2067,"Area(0, 0.0, 0.0, 0.0, Dict{String, Any}(""I"" => """", ""ARNAME"" => """", ""PTOL"" => """", ""PDES"" => """", ""ISW"" => """"))",0.213957222,0.0701583594,0.213957222,0.0701583594
bus2206,true,bus-2206,2206,"Area(0, 0.0, 0.0, 0.0, Dict{String, Any}(""I"" => """", ""ARNAME"" => """", ""PTOL"" => """", ""PDES"" => """", ""ISW"" => """"))",0.110206759,0.020797132,0.113393,0.020797132
bus1096,true,bus-1096,1096,"Area(0, 0.0, 0.0, 0.0, Dict{String, Any}(""I"" => """", ""ARNAME"" => """", ""PTOL"" => """", ""PDES"" => """", ""ISW"" => """"))",0.09232685560000001,0.037487339,0.09232685560000001,0.037487339
bus2015,true,bus-2015,2015,"Area(0, 0.0, 0.0, 0.0, Dict{String, Any}(""I"" => """", ""ARNAME"" => """", ""PTOL"" => """", ""PDES"" => """", ""ISW"" => """"))",0.0633150495,0.020677486499999998,0.0633150495,0.020677486499999998
bus1353,true,bus-1353,1353,"Area(0, 0.0, 0.0, 0.0, Dict{String, Any}(""I"" => """", ""ARNAME"" => """", ""PTOL"" => """", ""PDES"" => """", ""ISW"" => """"))",0.0690541704,0.0225073446,0.0690541704,0.0225073446
bus3377,true,bus-3377,3377,"Area(0, 0.0, 0.0, 0.0, Dict{String, Any}(""I"" => """", ""ARNAME"" => """", ""PTOL"" => """", ""PDES"" => """", ""ISW"" => """"))",0.157445094,0.056391660999999996,0.157445094,0.056391660999999996
bus4357,true,bus-4357,4357,"Area(0, 0.0, 0.0, 0.0, Dict{String, Any}(""I"" => """", ""ARNAME"" => """", ""PTOL"" => """", ""PDES"" => """", ""ISW"" => """"))",0.11492169499999999,0.0299726708,0.11492169499999999,0.0299726708
bus852,true,bus-852,852,"Area(0, 0.0, 0.0, 0.0, Dict{String, Any}(""I"" => """", ""ARNAME"" => """", ""PTOL"" => """", ""PDES"" => """", ""ISW"" => """"))",0.05938613089999999,0.0186290237,0.05938613089999999,0.0186290237
bus771,true,bus-771,771,"Area(0, 0.0, 0.0, 0.0, Dict{String, Any}(""I"" => """", ""ARNAME"" => """", ""PTOL"" => """", ""PDES"" => """", ""ISW"" => """"))",0.106299395,0.0342496441,0.106299395,0.0342496441
bus4893,true,bus-4893,4893,"Area(0, 0.0, 0.0, 0.0, Dict{String, Any}(""I"" => """", ""ARNAME"" => """", ""PTOL"" => """", ""PDES"" => """", ""ISW"" => """"))",0.0854904717,0.0343674337,0.0854904717,0.0343674337
bus1871,true,bus-1871,1871,"Area(0, 0.0, 0.0, 0.0, Dict{String, Any}(""I"" => """", ""ARNAME"" => """", ""PTOL"" => """", ""PDES"" => """", ""ISW"" => """"))",0.031613692900000004,0.0123192469,0.031613692900000004,0.0123192469
bus848,true,bus-848,848,"Area(0, 0.0, 0.0, 0.0, Dict{String, Any}(""I"" => """", ""ARNAME"" => """", ""PTOL"" => """", ""PDES"" => """", ""ISW"" => """"))",0.0188106447,0.007285725589999999,0.0188106447,0.007285725589999999
bus1977,true,bus-1977,1977,"Area(0, 0.0, 0.0, 0.0, Dict{String, Any}(""I"" => """", ""ARNAME"" => """", ""PTOL"" => """", ""PDES"" => """", ""ISW"" => """"))",0.08821892849999999,0.023745321,0.08821892849999999,0.023745321
bus502,true,bus-502,502,"Area(0, 0.0, 0.0, 0.0, Dict{String, Any}(""I"" => """", ""ARNAME"" => """", ""PTOL"" => """", ""PDES"" => """", ""ISW"" => """"))",0.10096109,0.0362287804,0.10096109,0.0362287804
bus1423,true,bus-1423,1423,"Area(0, 0.0, 0.0, 0.0, Dict{String, Any}(""I"" => """", ""ARNAME"" => """", ""PTOL"" => """", ""PDES"" => """", ""ISW"" => """"))",0.216279592,0.059798109,0.216279592,0.059798109
bus956,true,bus-956,956,"Area(0, 0.0, 0.0, 0.0, Dict{String, Any}(""I"" => """", ""ARNAME"" => """", ""PTOL"" => """", ""PDES"" => """", ""ISW"" => """"))",0.027321767,0.011763338199999999,0.027321767,0.011763338199999999
bus2191,true,bus-2191,2191,"Area(0, 0.0, 0.0, 0.0, Dict{String, Any}(""I"" => """", ""ARNAME"" => """", ""PTOL"" => """", ""PDES"" => """", ""ISW"" => """"))",0.1094338,0.0335992163,0.1094338,0.0335992163
bus2233,true,bus-2233,2233,"Area(0, 0.0, 0.0, 0.0, Dict{String, Any}(""I"" => """", ""ARNAME"" => """", ""PTOL"" => """", ""PDES"" => """", ""ISW"" => """"))",0.050104210499999996,0.0138715634,0.050104210499999996,0.0138715634
bus1584,true,bus-1584,1584,"Area(0, 0.0, 0.0, 0.0, Dict{String, Any}(""I"" => """", ""ARNAME"" => """", ""PTOL"" => """", ""PDES"" => """", ""ISW"" => """"))",0.0222495918,0.0078124060900000005,0.0222495918,0.0078124060900000005
bus29,true,bus-29,29,"Area(0, 0.0, 0.0, 0.0, Dict{String, Any}(""I"" => """", ""ARNAME"" => """", ""PTOL"" => """", ""PDES"" => """", ""ISW"" => """"))",0.0816231537,0.0240540718,0.0816231537,0.0240540718
bus2870,true,bus-2870,2870,"Area(0, 0.0, 0.0, 0.0, Dict{String, Any}(""I"" => """", ""ARNAME"" => """", ""PTOL"" => """", ""PDES"" => """", ""ISW"" => """"))",0.045532823699999996,0.0142544483,0.045532823699999996,0.0142544483
bus922,true,bus-922,922,"Area(0, 0.0, 0.0, 0.0, Dict{String, Any}(""I"" => """", ""ARNAME"" => """", ""PTOL"" => """", ""PDES"" => """", ""ISW"" => """"))",0.0781059611,0.029546528699999998,0.0781059611,0.029546528699999998
bus5109,true,bus-5109,5109,"Area(0, 0.0, 0.0, 0.0, Dict{String, Any}(""I"" => """", ""ARNAME"" => """", ""PTOL"" => """", ""PDES"" => """", ""ISW"" => """"))",0.34442824299999997,0.0844278787,0.35919199999999996,0.0844278787
bus1349,true,bus-1349,1349,"Area(0, 0.0, 0.0, 0.0, Dict{String, Any}(""I"" => """", ""ARNAME"" => """", ""PTOL"" => """", ""PDES"" => """", ""ISW"" => """"))",0.13824625599999998,0.0386152819,0.13824625599999998,0.0386152819
bus4700,true,bus-4700,4700,"Area(0, 0.0, 0.0, 0.0, Dict{String, Any}(""I"" => """", ""ARNAME"" => """", ""PTOL"" => """", ""PDES"" => """", ""ISW"" => """"))",0.054104119199999995,0.0182000447,0.054104119199999995,0.0182000447
bus1403,true,bus-1403,1403,"Area(0, 0.0, 0.0, 0.0, Dict{String, Any}(""I"" => """", ""ARNAME"" => """", ""PTOL"" => """", ""PDES"" => """", ""ISW"" => """"))",0.029429177,0.009768492,0.029429177,0.009768492
bus7676,true,bus-7676,7676,"Area(0, 0.0, 0.0, 0.0, Dict{String, Any}(""I"" => """", ""ARNAME"" => """", ""PTOL"" => """", ""PDES"" => """", ""ISW"" => """"))",0.43905920000000004,0.144866114,0.43905920000000004,0.144866114
bus1454,true,bus-1454,1454,"Area(0, 0.0, 0.0, 0.0, Dict{String, Any}(""I"" => """", ""ARNAME"" => """", ""PTOL"" => """", ""PDES"" => """", ""ISW"" => """"))",0.42441554099999995,0.113325713,0.42441554099999995,0.113325713
bus3499,true,bus-3499,3499,"Area(0, 0.0, 0.0, 0.0, Dict{String, Any}(""I"" => """", ""ARNAME"" => """", ""PTOL"" => """", ""PDES"" => """", ""ISW"" => """"))",0.0442547304,0.0143570848,0.0442547304,0.0143570848
bus313,true,bus-313,313,"Area(0, 0.0, 0.0, 0.0, Dict{String, Any}(""I"" => """", ""ARNAME"" => """", ""PTOL"" => """", ""PDES"" => """", ""ISW"" => """"))",0.036088237200000005,0.012331356,0.036088237200000005,0.012331356
bus2060,true,bus-2060,2060,"Area(0, 0.0, 0.0, 0.0, Dict{String, Any}(""I"" => """", ""ARNAME"" => """", ""PTOL"" => """", ""PDES"" => """", ""ISW"" => """"))",0.19435075300000001,0.0681767785,0.19435075300000001,0.0681767785
bus1115,true,bus-1115,1115,"Area(0, 0.0, 0.0, 0.0, Dict{String, Any}(""I"" => """", ""ARNAME"" => """", ""PTOL"" => """", ""PDES"" => """", ""ISW"" => """"))",0.472465523,0.167455946,0.472465523,0.167455946
bus2165,true,bus-2165,2165,"Area(0, 0.0, 0.0, 0.0, Dict{String, Any}(""I"" => """", ""ARNAME"" => """", ""PTOL"" => """", ""PDES"" => """", ""ISW"" => """"))",0.92645371,0.282632744,0.9828060000000001,0.282632744
bus7582,true,bus-7582,7582,"Area(0, 0.0, 0.0, 0.0, Dict{String, Any}(""I"" => """", ""ARNAME"" => """", ""PTOL"" => """", ""PDES"" => """", ""ISW"" => """"))",0.0543825184,0.0186606749,0.0543825184,0.0186606749
bus2297,true,bus-2297,2297,"Area(0, 0.0, 0.0, 0.0, Dict{String, Any}(""I"" => """", ""ARNAME"" => """", ""PTOL"" => """", ""PDES"" => """", ""ISW"" => """"))",0.339446146,0.078185814,0.351393,0.078185814
bus5019,true,bus-5019,5019,"Area(0, 0.0, 0.0, 0.0, Dict{String, Any}(""I"" => """", ""ARNAME"" => """", ""PTOL"" => """", ""PDES"" => """", ""ISW"" => """"))",0.0677909344,0.0218029777,0.0677909344,0.0218029777
bus811,true,bus-811,811,"Area(0, 0.0, 0.0, 0.0, Dict{String, Any}(""I"" => """", ""ARNAME"" => """", ""PTOL"" => """", ""PDES"" => """", ""ISW"" => """"))",0.33957976500000003,0.122671063,0.33957976500000003,0.122671063
bus1394,true,bus-1394,1394,"Area(0, 0.0, 0.0, 0.0, Dict{String, Any}(""I"" => """", ""ARNAME"" => """", ""PTOL"" => """", ""PDES"" => """", ""ISW"" => """"))",0.120438327,0.0338322156,0.120438327,0.0338322156
bus574,true,bus-574,574,"Area(0, 0.0, 0.0, 0.0, Dict{String, Any}(""I"" => """", ""ARNAME"" => """", ""PTOL"" => """", ""PDES"" => """", ""ISW"" => """"))",0.043995268100000005,0.0133860047,0.043995268100000005,0.0133860047
bus885,true,bus-885,885,"Area(0, 0.0, 0.0, 0.0, Dict{String, Any}(""I"" => """", ""ARNAME"" => """", ""PTOL"" => """", ""PDES"" => """", ""ISW"" => """"))",0.0540281788,0.0202631273,0.0540281788,0.0202631273
bus4531,true,bus-4531,4531,"Area(0, 0.0, 0.0, 0.0, Dict{String, Any}(""I"" => """", ""ARNAME"" => """", ""PTOL"" => """", ""PDES"" => """", ""ISW"" => """"))",0.230244803,0.0461296615,0.23293600000000003,0.0461296615
bus1941,true,bus-1941,1941,"Area(0, 0.0, 0.0, 0.0, Dict{String, Any}(""I"" => """", ""ARNAME"" => """", ""PTOL"" => """", ""PDES"" => """", ""ISW"" => """"))",0.0668953221,0.0176221702,0.0668953221,0.0176221702
bus1938,true,bus-1938,1938,"Area(0, 0.0, 0.0, 0.0, Dict{String, Any}(""I"" => """", ""ARNAME"" => """", ""PTOL"" => """", ""PDES"" => """", ""ISW"" => """"))",0.0526559548,0.0172695418,0.0526559548,0.0172695418
bus401,true,bus-401,401,"Area(0, 0.0, 0.0, 0.0, Dict{String, Any}(""I"" => """", ""ARNAME"" => """", ""PTOL"" => """", ""PDES"" => """", ""ISW"" => """"))",0.118401212,0.0387297453,0.118401212,0.0387297453
bus1527,true,bus-1527,1527,"Area(0, 0.0, 0.0, 0.0, Dict{String, Any}(""I"" => """", ""ARNAME"" => """", ""PTOL"" => """", ""PDES"" => """", ""ISW"" => """"))",0.148029246,0.0505456038,0.148029246,0.0505456038
bus6512,true,bus-6512,6512,"Area(0, 0.0, 0.0, 0.0, Dict{String, Any}(""I"" => """", ""ARNAME"" => """", ""PTOL"" => """", ""PDES"" => """", ""ISW"" => """"))",0.037270647600000005,0.00947033584,0.040229,0.00947033584
bus1258,true,bus-1258,1258,"Area(0, 0.0, 0.0, 0.0, Dict{String, Any}(""I"" => """", ""ARNAME"" => """", ""PTOL"" => """", ""PDES"" => """", ""ISW"" => """"))",0.297232514,0.0742589026,0.297232514,0.0742589026
bus2385,true,bus-2385,2385,"Area(0, 0.0, 0.0, 0.0, Dict{String, Any}(""I"" => """", ""ARNAME"" => """", ""PTOL"" => """", ""PDES"" => """", ""ISW"" => """"))",0.027023301000000003,0.00896484078,0.027023301000000003,0.00896484078
bus6505,true,bus-6505,6505,"Area(0, 0.0, 0.0, 0.0, Dict{String, Any}(""I"" => """", ""ARNAME"" => """", ""PTOL"" => """", ""PDES"" => """", ""ISW"" => """"))",0.407427388,0.129777404,0.407427388,0.129777404
bus920,true,bus-920,920,"Area(0, 0.0, 0.0, 0.0, Dict{String, Any}(""I"" => """", ""ARNAME"" => """", ""PTOL"" => """", ""PDES"" => """", ""ISW"" => """"))",0.103343184,0.0313363498,0.103343184,0.0313363498
bus223,true,bus-223,223,"Area(0, 0.0, 0.0, 0.0, Dict{String, Any}(""I"" => """", ""ARNAME"" => """", ""PTOL"" => """", ""PDES"" => """", ""ISW"" => """"))",0.0396973032,0.0133473115,0.0396973032,0.0133473115
bus232,true,bus-232,232,"Area(0, 0.0, 0.0, 0.0, Dict{String, Any}(""I"" => """", ""ARNAME"" => """", ""PTOL"" => """", ""PDES"" => """", ""ISW"" => """"))",0.103729965,0.0299115369,0.103729965,0.0299115369
bus1867,true,bus-1867,1867,"Area(0, 0.0, 0.0, 0.0, Dict{String, Any}(""I"" => """", ""ARNAME"" => """", ""PTOL"" => """", ""PDES"" => """", ""ISW"" => """"))",0.24980335,0.0760993247,0.24980335,0.0760993247
bus65,true,bus-65,65,"Area(0, 0.0, 0.0, 0.0, Dict{String, Any}(""I"" => """", ""ARNAME"" => """", ""PTOL"" => """", ""PDES"" => """", ""ISW"" => """"))",0.0724963602,0.024509751899999998,0.0724963602,0.024509751899999998
bus4690,true,bus-4690,4690,"Area(0, 0.0, 0.0, 0.0, Dict{String, Any}(""I"" => """", ""ARNAME"" => """", ""PTOL"" => """", ""PDES"" => """", ""ISW"" => """"))",0.0483138615,0.017636264999999998,0.0483138615,0.017636264999999998
bus400,true,bus-400,400,"Area(0, 0.0, 0.0, 0.0, Dict{String, Any}(""I"" => """", ""ARNAME"" => """", ""PTOL"" => """", ""PDES"" => """", ""ISW"" => """"))",0.23507844,0.0476117348,0.23507844,0.0476117348
bus1485,true,bus-1485,1485,"Area(0, 0.0, 0.0, 0.0, Dict{String, Any}(""I"" => """", ""ARNAME"" => """", ""PTOL"" => """", ""PDES"" => """", ""ISW"" => """"))",0.5799308400000001,0.129044047,0.607917,0.129044047
bus676,true,bus-676,676,"Area(0, 0.0, 0.0, 0.0, Dict{String, Any}(""I"" => """", ""ARNAME"" => """", ""PTOL"" => """", ""PDES"" => """", ""ISW"" => """"))",0.0236296363,0.00848599707,0.0236296363,0.00848599707
bus667,true,bus-667,667,"Area(0, 0.0, 0.0, 0.0, Dict{String, Any}(""I"" => """", ""ARNAME"" => """", ""PTOL"" => """", ""PDES"" => """", ""ISW"" => """"))",0.322952164,0.09943381379999999,0.322952164,0.09943381379999999
bus1049,true,bus-1049,1049,"Area(0, 0.0, 0.0, 0.0, Dict{String, Any}(""I"" => """", ""ARNAME"" => """", ""PTOL"" => """", ""PDES"" => """", ""ISW"" => """"))",0.405331573,0.118722546,0.405331573,0.118722546
bus8831,true,bus-8831,8831,"Area(0, 0.0, 0.0, 0.0, Dict{String, Any}(""I"" => """", ""ARNAME"" => """", ""PTOL"" => """", ""PDES"" => """", ""ISW"" => """"))",0.055856081499999995,0.016406358700000002,0.055856081499999995,0.016406358700000002
bus1241,true,bus-1241,1241,"Area(0, 0.0, 0.0, 0.0, Dict{String, Any}(""I"" => """", ""ARNAME"" => """", ""PTOL"" => """", ""PDES"" => """", ""ISW"" => """"))",0.7223607830000001,0.242741391,0.7223607830000001,0.242741391
bus509,true,bus-509,509,"Area(0, 0.0, 0.0, 0.0, Dict{String, Any}(""I"" => """", ""ARNAME"" => """", ""PTOL"" => """", ""PDES"" => """", ""ISW"" => """"))",0.09251457560000001,0.0291016807,0.09251457560000001,0.0291016807
bus1273,true,bus-1273,1273,"Area(0, 0.0, 0.0, 0.0, Dict{String, Any}(""I"" => """", ""ARNAME"" => """", ""PTOL"" => """", ""PDES"" => """", ""ISW"" => """"))",0.0542605087,0.019382489,0.0542605087,0.019382489
bus1120,true,bus-1120,1120,"Area(0, 0.0, 0.0, 0.0, Dict{String, Any}(""I"" => """", ""ARNAME"" => """", ""PTOL"" => """", ""PDES"" => """", ""ISW"" => """"))",0.253409446,0.0944176345,0.253409446,0.0944176345
bus3183,true,bus-3183,3183,"Area(0, 0.0, 0.0, 0.0, Dict{String, Any}(""I"" => """", ""ARNAME"" => """", ""PTOL"" => """", ""PDES"" => """", ""ISW"" => """"))",0.21937541800000002,0.0732596899,0.21937541800000002,0.0732596899
bus2381,true,bus-2381,2381,"Area(0, 0.0, 0.0, 0.0, Dict{String, Any}(""I"" => """", ""ARNAME"" => """", ""PTOL"" => """", ""PDES"" => """", ""ISW"" => """"))",0.0274367639,0.009818813939999999,0.0274367639,0.009818813939999999
bus7023,true,bus-7023,7023,"Area(0, 0.0, 0.0, 0.0, Dict{String, Any}(""I"" => """", ""ARNAME"" => """", ""PTOL"" => """", ""PDES"" => """", ""ISW"" => """"))",0.37179342499999996,0.0832316862,0.38351599999999997,0.0832316862
bus38,true,bus-38,38,"Area(0, 0.0, 0.0, 0.0, Dict{String, Any}(""I"" => """", ""ARNAME"" => """", ""PTOL"" => """", ""PDES"" => """", ""ISW"" => """"))",0.0262467636,0.00955670623,0.0262467636,0.00955670623
bus1300,true,bus-1300,1300,"Area(0, 0.0, 0.0, 0.0, Dict{String, Any}(""I"" => """", ""ARNAME"" => """", ""PTOL"" => """", ""PDES"" => """", ""ISW"" => """"))",0.14427252599999998,0.039621436499999996,0.14427252599999998,0.039621436499999996
bus1205,true,bus-1205,1205,"Area(0, 0.0, 0.0, 0.0, Dict{String, Any}(""I"" => """", ""ARNAME"" => """", ""PTOL"" => """", ""PDES"" => """", ""ISW"" => """"))",0.0402235883,0.010895163699999998,0.0402235883,0.010895163699999998
bus2048,true,bus-2048,2048,"Area(0, 0.0, 0.0, 0.0, Dict{String, Any}(""I"" => """", ""ARNAME"" => """", ""PTOL"" => """", ""PDES"" => """", ""ISW"" => """"))",0.167863797,0.061211497000000004,0.167863797,0.061211497000000004
bus1123,true,bus-1123,1123,"Area(0, 0.0, 0.0, 0.0, Dict{String, Any}(""I"" => """", ""ARNAME"" => """", ""PTOL"" => """", ""PDES"" => """", ""ISW"" => """"))",0.339600156,0.10889115399999999,0.339600156,0.10889115399999999
bus7012,true,bus-7012,7012,"Area(0, 0.0, 0.0, 0.0, Dict{String, Any}(""I"" => """", ""ARNAME"" => """", ""PTOL"" => """", ""PDES"" => """", ""ISW"" => """"))",0.0717473786,0.0257358734,0.0717473786,0.0257358734
bus520,true,bus-520,520,"Area(0, 0.0, 0.0, 0.0, Dict{String, Any}(""I"" => """", ""ARNAME"" => """", ""PTOL"" => """", ""PDES"" => """", ""ISW"" => """"))",0.0931520433,0.0348381113,0.0931520433,0.0348381113
bus7990,true,bus-7990,7990,"Area(0, 0.0, 0.0, 0.0, Dict{String, Any}(""I"" => """", ""ARNAME"" => """", ""PTOL"" => """", ""PDES"" => """", ""ISW"" => """"))",0.164943171,0.0625153078,0.164943171,0.0625153078
bus799,true,bus-799,799,"Area(0, 0.0, 0.0, 0.0, Dict{String, Any}(""I"" => """", ""ARNAME"" => """", ""PTOL"" => """", ""PDES"" => """", ""ISW"" => """"))",0.33219682,0.123390175,0.33219682,0.123390175
bus8647,true,bus-8647,8647,"Area(0, 0.0, 0.0, 0.0, Dict{String, Any}(""I"" => """", ""ARNAME"" => """", ""PTOL"" => """", ""PDES"" => """", ""ISW"" => """"))",0.0905697283,0.0297286288,0.0905697283,0.0297286288
bus1921,true,bus-1921,1921,"Area(0, 0.0, 0.0, 0.0, Dict{String, Any}(""I"" => """", ""ARNAME"" => """", ""PTOL"" => """", ""PDES"" => """", ""ISW"" => """"))",0.149675958,0.0341974725,0.149675958,0.0341974725
bus2269,true,bus-2269,2269,"Area(0, 0.0, 0.0, 0.0, Dict{String, Any}(""I"" => """", ""ARNAME"" => """", ""PTOL"" => """", ""PDES"" => """", ""ISW"" => """"))",0.0174263474,0.006133766309999999,0.0174263474,0.006133766309999999
bus619,true,bus-619,619,"Area(0, 0.0, 0.0, 0.0, Dict{String, Any}(""I"" => """", ""ARNAME"" => """", ""PTOL"" => """", ""PDES"" => """", ""ISW"" => """"))",0.0636896559,0.0194182699,0.0636896559,0.0194182699
bus396,true,bus-396,396,"Area(0, 0.0, 0.0, 0.0, Dict{String, Any}(""I"" => """", ""ARNAME"" => """", ""PTOL"" => """", ""PDES"" => """", ""ISW"" => """"))",0.060614241900000004,0.0156399238,0.060614241900000004,0.0156399238
bus1097,true,bus-1097,1097,"Area(0, 0.0, 0.0, 0.0, Dict{String, Any}(""I"" => """", ""ARNAME"" => """", ""PTOL"" => """", ""PDES"" => """", ""ISW"" => """"))",0.542105132,0.165470176,0.542105132,0.165470176
bus1801,true,bus-1801,1801,"Area(0, 0.0, 0.0, 0.0, Dict{String, Any}(""I"" => """", ""ARNAME"" => """", ""PTOL"" => """", ""PDES"" => """", ""ISW"" => """"))",0.437968215,0.118028579,0.44942100000000007,0.118028579
bus1790,true,bus-1790,1790,"Area(0, 0.0, 0.0, 0.0, Dict{String, Any}(""I"" => """", ""ARNAME"" => """", ""PTOL"" => """", ""PDES"" => """", ""ISW"" => """"))",0.0499733682,0.0130580841,0.0499733682,0.0130580841
bus1778,true,bus-1778,1778,"Area(0, 0.0, 0.0, 0.0, Dict{String, Any}(""I"" => """", ""ARNAME"" => """", ""PTOL"" => """", ""PDES"" => """", ""ISW"" => """"))",0.0183125947,0.00501856525,0.0183125947,0.00501856525
bus415,true,bus-415,415,"Area(0, 0.0, 0.0, 0.0, Dict{String, Any}(""I"" => """", ""ARNAME"" => """", ""PTOL"" => """", ""PDES"" => """", ""ISW"" => """"))",0.010891785499999999,0.00470383773,0.010891785499999999,0.00470383773
bus1149,true,bus-1149,1149,"Area(0, 0.0, 0.0, 0.0, Dict{String, Any}(""I"" => """", ""ARNAME"" => """", ""PTOL"" => """", ""PDES"" => """", ""ISW"" => """"))",0.0587755235,0.0164474919,0.0587755235,0.0164474919
bus312,true,bus-312,312,"Area(0, 0.0, 0.0, 0.0, Dict{String, Any}(""I"" => """", ""ARNAME"" => """", ""PTOL"" => """", ""PDES"" => """", ""ISW"" => """"))",0.0682869842,0.0208003684,0.0682869842,0.0208003684
bus8455,true,bus-8455,8455,"Area(0, 0.0, 0.0, 0.0, Dict{String, Any}(""I"" => """", ""ARNAME"" => """", ""PTOL"" => """", ""PDES"" => """", ""ISW"" => """"))",0.10925542699999999,0.0390261951,0.10925542699999999,0.0390261951
bus1067,true,bus-1067,1067,"Area(0, 0.0, 0.0, 0.0, Dict{String, Any}(""I"" => """", ""ARNAME"" => """", ""PTOL"" => """", ""PDES"" => """", ""ISW"" => """"))",0.317828699,0.10387551,0.317828699,0.10387551
bus1347,true,bus-1347,1347,"Area(0, 0.0, 0.0, 0.0, Dict{String, Any}(""I"" => """", ""ARNAME"" => """", ""PTOL"" => """", ""PDES"" => """", ""ISW"" => """"))",0.0817473671,0.0181405134,0.082449,0.0181405134
bus4338,true,bus-4338,4338,"Area(0, 0.0, 0.0, 0.0, Dict{String, Any}(""I"" => """", ""ARNAME"" => """", ""PTOL"" => """", ""PDES"" => """", ""ISW"" => """"))",0.026487675500000002,0.010223774100000001,0.026487675500000002,0.010223774100000001
bus7447,true,bus-7447,7447,"Area(0, 0.0, 0.0, 0.0, Dict{String, Any}(""I"" => """", ""ARNAME"" => """", ""PTOL"" => """", ""PDES"" => """", ""ISW"" => """"))",0.020515015499999997,0.008693105599999999,0.020515015499999997,0.008693105599999999
bus2136,true,bus-2136,2136,"Area(0, 0.0, 0.0, 0.0, Dict{String, Any}(""I"" => """", ""ARNAME"" => """", ""PTOL"" => """", ""PDES"" => """", ""ISW"" => """"))",0.244556977,0.08360498529999999,0.244556977,0.08360498529999999
bus8711,true,bus-8711,8711,"Area(0, 0.0, 0.0, 0.0, Dict{String, Any}(""I"" => """", ""ARNAME"" => """", ""PTOL"" => """", ""PDES"" => """", ""ISW"" => """"))",0.08533043380000001,0.026694264699999998,0.08533043380000001,0.026694264699999998
bus2389,true,bus-2389,2389,"Area(0, 0.0, 0.0, 0.0, Dict{String, Any}(""I"" => """", ""ARNAME"" => """", ""PTOL"" => """", ""PDES"" => """", ""ISW"" => """"))",0.0147513208,0.00529579347,0.0147513208,0.00529579347
bus4902,true,bus-4902,4902,"Area(0, 0.0, 0.0, 0.0, Dict{String, Any}(""I"" => """", ""ARNAME"" => """", ""PTOL"" => """", ""PDES"" => """", ""ISW"" => """"))",0.237106545,0.0650180121,0.237106545,0.0650180121
bus642,true,bus-642,642,"Area(0, 0.0, 0.0, 0.0, Dict{String, Any}(""I"" => """", ""ARNAME"" => """", ""PTOL"" => """", ""PDES"" => """", ""ISW"" => """"))",0.132866689,0.0426294573,0.132866689,0.0426294573
bus683,true,bus-683,683,"Area(0, 0.0, 0.0, 0.0, Dict{String, Any}(""I"" => """", ""ARNAME"" => """", ""PTOL"" => """", ""PDES"" => """", ""ISW"" => """"))",0.176613338,0.0609417655,0.176613338,0.0609417655
bus8692,true,bus-8692,8692,"Area(0, 0.0, 0.0, 0.0, Dict{String, Any}(""I"" => """", ""ARNAME"" => """", ""PTOL"" => """", ""PDES"" => """", ""ISW"" => """"))",0.12954753,0.045246201199999996,0.12954753,0.045246201199999996
bus221,true,bus-221,221,"Area(0, 0.0, 0.0, 0.0, Dict{String, Any}(""I"" => """", ""ARNAME"" => """", ""PTOL"" => """", ""PDES"" => """", ""ISW"" => """"))",0.213252184,0.0496455684,0.21896100000000002,0.0496455684
bus998,true,bus-998,998,"Area(0, 0.0, 0.0, 0.0, Dict{String, Any}(""I"" => """", ""ARNAME"" => """", ""PTOL"" => """", ""PDES"" => """", ""ISW"" => """"))",0.0675045496,0.0211737137,0.0675045496,0.0211737137
bus1131,true,bus-1131,1131,"Area(0, 0.0, 0.0, 0.0, Dict{String, Any}(""I"" => """", ""ARNAME"" => """", ""PTOL"" => """", ""PDES"" => """", ""ISW"" => """"))",0.0706330105,0.0281317752,0.0706330105,0.0281317752
bus2126,true,bus-2126,2126,"Area(0, 0.0, 0.0, 0.0, Dict{String, Any}(""I"" => """", ""ARNAME"" => """", ""PTOL"" => """", ""PDES"" => """", ""ISW"" => """"))",0.431355891,0.120237555,0.436189,0.120237555
bus1944,true,bus-1944,1944,"Area(0, 0.0, 0.0, 0.0, Dict{String, Any}(""I"" => """", ""ARNAME"" => """", ""PTOL"" => """", ""PDES"" => """", ""ISW"" => """"))",0.17391483300000002,0.0626079164,0.17391483300000002,0.0626079164
bus6499,true,bus-6499,6499,"Area(0, 0.0, 0.0, 0.0, Dict{String, Any}(""I"" => """", ""ARNAME"" => """", ""PTOL"" => """", ""PDES"" => """", ""ISW"" => """"))",0.0801264592,0.021681198300000003,0.0801264592,0.021681198300000003
bus281,true,bus-281,281,"Area(0, 0.0, 0.0, 0.0, Dict{String, Any}(""I"" => """", ""ARNAME"" => """", ""PTOL"" => """", ""PDES"" => """", ""ISW"" => """"))",0.029819725,0.0100083415,0.029819725,0.0100083415
bus5982,true,bus-5982,5982,"Area(0, 0.0, 0.0, 0.0, Dict{String, Any}(""I"" => """", ""ARNAME"" => """", ""PTOL"" => """", ""PDES"" => """", ""ISW"" => """"))",0.401122837,0.07358202450000001,0.42965800000000004,0.07358202450000001
bus414,true,bus-414,414,"Area(0, 0.0, 0.0, 0.0, Dict{String, Any}(""I"" => """", ""ARNAME"" => """", ""PTOL"" => """", ""PDES"" => """", ""ISW"" => """"))",0.0327627443,0.0111549297,0.0327627443,0.0111549297
bus425,true,bus-425,425,"Area(0, 0.0, 0.0, 0.0, Dict{String, Any}(""I"" => """", ""ARNAME"" => """", ""PTOL"" => """", ""PDES"" => """", ""ISW"" => """"))",0.390284396,0.0830727879,0.390284396,0.0830727879
bus1492,true,bus-1492,1492,"Area(0, 0.0, 0.0, 0.0, Dict{String, Any}(""I"" => """", ""ARNAME"" => """", ""PTOL"" => """", ""PDES"" => """", ""ISW"" => """"))",0.0632719184,0.0208674041,0.0632719184,0.0208674041
bus1114,true,bus-1114,1114,"Area(0, 0.0, 0.0, 0.0, Dict{String, Any}(""I"" => """", ""ARNAME"" => """", ""PTOL"" => """", ""PDES"" => """", ""ISW"" => """"))",0.379185669,0.0984226629,0.379185669,0.0984226629
bus1145,true,bus-1145,1145,"Area(0, 0.0, 0.0, 0.0, Dict{String, Any}(""I"" => """", ""ARNAME"" => """", ""PTOL"" => """", ""PDES"" => """", ""ISW"" => """"))",0.564154448,0.140241311,0.564446,0.140241311
bus2007,true,bus-2007,2007,"Area(0, 0.0, 0.0, 0.0, Dict{String, Any}(""I"" => """", ""ARNAME"" => """", ""PTOL"" => """", ""PDES"" => """", ""ISW"" => """"))",0.190357829,0.0701756442,0.190357829,0.0701756442
bus24,true,bus-24,24,"Area(0, 0.0, 0.0, 0.0, Dict{String, Any}(""I"" => """", ""ARNAME"" => """", ""PTOL"" => """", ""PDES"" => """", ""ISW"" => """"))",0.08136242830000001,0.026918989,0.08136242830000001,0.026918989
bus1687,true,bus-1687,1687,"Area(0, 0.0, 0.0, 0.0, Dict{String, Any}(""I"" => """", ""ARNAME"" => """", ""PTOL"" => """", ""PDES"" => """", ""ISW"" => """"))",0.0260160323,0.0101362992,0.0260160323,0.0101362992
bus1547,true,bus-1547,1547,"Area(0, 0.0, 0.0, 0.0, Dict{String, Any}(""I"" => """", ""ARNAME"" => """", ""PTOL"" => """", ""PDES"" => """", ""ISW"" => """"))",0.118263265,0.0378308718,0.118263265,0.0378308718
bus1468,true,bus-1468,1468,"Area(0, 0.0, 0.0, 0.0, Dict{String, Any}(""I"" => """", ""ARNAME"" => """", ""PTOL"" => """", ""PDES"" => """", ""ISW"" => """"))",0.266909023,0.09679666490000001,0.266909023,0.09679666490000001
bus2183,true,bus-2183,2183,"Area(0, 0.0, 0.0, 0.0, Dict{String, Any}(""I"" => """", ""ARNAME"" => """", ""PTOL"" => """", ""PDES"" => """", ""ISW"" => """"))",0.0319732724,0.0114172683,0.0319732724,0.0114172683
bus3027,true,bus-3027,3027,"Area(0, 0.0, 0.0, 0.0, Dict{String, Any}(""I"" => """", ""ARNAME"" => """", ""PTOL"" => """", ""PDES"" => """", ""ISW"" => """"))",0.033720472099999996,0.0110052165,0.033720472099999996,0.0110052165
bus1462,true,bus-1462,1462,"Area(0, 0.0, 0.0, 0.0, Dict{String, Any}(""I"" => """", ""ARNAME"" => """", ""PTOL"" => """", ""PDES"" => """", ""ISW"" => """"))",0.0325894508,0.0102633213,0.0325894508,0.0102633213
bus3375,true,bus-3375,3375,"Area(0, 0.0, 0.0, 0.0, Dict{String, Any}(""I"" => """", ""ARNAME"" => """", ""PTOL"" => """", ""PDES"" => """", ""ISW"" => """"))",0.0631830263,0.022634425299999997,0.0631830263,0.022634425299999997
bus914,true,bus-914,914,"Area(0, 0.0, 0.0, 0.0, Dict{String, Any}(""I"" => """", ""ARNAME"" => """", ""PTOL"" => """", ""PDES"" => """", ""ISW"" => """"))",0.0632135727,0.020137783,0.0632135727,0.020137783
bus1453,true,bus-1453,1453,"Area(0, 0.0, 0.0, 0.0, Dict{String, Any}(""I"" => """", ""ARNAME"" => """", ""PTOL"" => """", ""PDES"" => """", ""ISW"" => """"))",0.378698707,0.126168734,0.378698707,0.126168734
bus825,true,bus-825,825,"Area(0, 0.0, 0.0, 0.0, Dict{String, Any}(""I"" => """", ""ARNAME"" => """", ""PTOL"" => """", ""PDES"" => """", ""ISW"" => """"))",0.0478796371,0.0136315451,0.0478796371,0.0136315451
bus147,true,bus-147,147,"Area(0, 0.0, 0.0, 0.0, Dict{String, Any}(""I"" => """", ""ARNAME"" => """", ""PTOL"" => """", ""PDES"" => """", ""ISW"" => """"))",0.86760028,0.180278573,0.931508,0.180278573
bus1102,true,bus-1102,1102,"Area(0, 0.0, 0.0, 0.0, Dict{String, Any}(""I"" => """", ""ARNAME"" => """", ""PTOL"" => """", ""PDES"" => """", ""ISW"" => """"))",0.271248701,0.0903636773,0.271248701,0.0903636773
bus713,true,bus-713,713,"Area(0, 0.0, 0.0, 0.0, Dict{String, Any}(""I"" => """", ""ARNAME"" => """", ""PTOL"" => """", ""PDES"" => """", ""ISW"" => """"))",0.198513865,0.0643113785,0.198513865,0.0643113785
bus1192,true,bus-1192,1192,"Area(0, 0.0, 0.0, 0.0, Dict{String, Any}(""I"" => """", ""ARNAME"" => """", ""PTOL"" => """", ""PDES"" => """", ""ISW"" => """"))",0.47826014,0.16424439899999999,0.47826014,0.16424439899999999
bus296,true,bus-296,296,"Area(0, 0.0, 0.0, 0.0, Dict{String, Any}(""I"" => """", ""ARNAME"" => """", ""PTOL"" => """", ""PDES"" => """", ""ISW"" => """"))",0.0534124523,0.0207827725,0.0534124523,0.0207827725
bus990,true,bus-990,990,"Area(0, 0.0, 0.0, 0.0, Dict{String, Any}(""I"" => """", ""ARNAME"" => """", ""PTOL"" => """", ""PDES"" => """", ""ISW"" => """"))",0.203155892,0.0773174416,0.203155892,0.0773174416
bus717,true,bus-717,717,"Area(0, 0.0, 0.0, 0.0, Dict{String, Any}(""I"" => """", ""ARNAME"" => """", ""PTOL"" => """", ""PDES"" => """", ""ISW"" => """"))",0.22658805699999998,0.0701923242,0.22658805699999998,0.0701923242
bus2093,true,bus-2093,2093,"Area(0, 0.0, 0.0, 0.0, Dict{String, Any}(""I"" => """", ""ARNAME"" => """", ""PTOL"" => """", ""PDES"" => """", ""ISW"" => """"))",0.258007003,0.0826613529,0.258007003,0.0826613529
bus1077,true,bus-1077,1077,"Area(0, 0.0, 0.0, 0.0, Dict{String, Any}(""I"" => """", ""ARNAME"" => """", ""PTOL"" => """", ""PDES"" => """", ""ISW"" => """"))",0.582622777,0.19191608,0.582622777,0.19191608
bus2978,true,bus-2978,2978,"Area(0, 0.0, 0.0, 0.0, Dict{String, Any}(""I"" => """", ""ARNAME"" => """", ""PTOL"" => """", ""PDES"" => """", ""ISW"" => """"))",0.0797557561,0.0220971679,0.0797557561,0.0220971679
bus1139,true,bus-1139,1139,"Area(0, 0.0, 0.0, 0.0, Dict{String, Any}(""I"" => """", ""ARNAME"" => """", ""PTOL"" => """", ""PDES"" => """", ""ISW"" => """"))",0.0593173504,0.021493860599999998,0.0593173504,0.021493860599999998
bus6637,true,bus-6637,6637,"Area(0, 0.0, 0.0, 0.0, Dict{String, Any}(""I"" => """", ""ARNAME"" => """", ""PTOL"" => """", ""PDES"" => """", ""ISW"" => """"))",0.11970642,0.0458226338,0.11970642,0.0458226338
bus1153,true,bus-1153,1153,"Area(0, 0.0, 0.0, 0.0, Dict{String, Any}(""I"" => """", ""ARNAME"" => """", ""PTOL"" => """", ""PDES"" => """", ""ISW"" => """"))",0.130263902,0.030660486100000002,0.130263902,0.030660486100000002
bus5519,true,bus-5519,5519,"Area(0, 0.0, 0.0, 0.0, Dict{String, Any}(""I"" => """", ""ARNAME"" => """", ""PTOL"" => """", ""PDES"" => """", ""ISW"" => """"))",0.0654893392,0.0198715146,0.0654893392,0.0198715146
bus2033,true,bus-2033,2033,"Area(0, 0.0, 0.0, 0.0, Dict{String, Any}(""I"" => """", ""ARNAME"" => """", ""PTOL"" => """", ""PDES"" => """", ""ISW"" => """"))",0.405230655,0.127912773,0.405230655,0.127912773
bus4980,true,bus-4980,4980,"Area(0, 0.0, 0.0, 0.0, Dict{String, Any}(""I"" => """", ""ARNAME"" => """", ""PTOL"" => """", ""PDES"" => """", ""ISW"" => """"))",0.0441707901,0.0153688875,0.0441707901,0.0153688875
bus3218,true,bus-3218,3218,"Area(0, 0.0, 0.0, 0.0, Dict{String, Any}(""I"" => """", ""ARNAME"" => """", ""PTOL"" => """", ""PDES"" => """", ""ISW"" => """"))",0.0652921258,0.0268014988,0.0652921258,0.0268014988
bus2833,true,bus-2833,2833,"Area(0, 0.0, 0.0, 0.0, Dict{String, Any}(""I"" => """", ""ARNAME"" => """", ""PTOL"" => """", ""PDES"" => """", ""ISW"" => """"))",0.0856044404,0.0239418065,0.0856044404,0.0239418065
bus846,true,bus-846,846,"Area(0, 0.0, 0.0, 0.0, Dict{String, Any}(""I"" => """", ""ARNAME"" => """", ""PTOL"" => """", ""PDES"" => """", ""ISW"" => """"))",0.0396771414,0.0126449553,0.0396771414,0.0126449553
bus1679,true,bus-1679,1679,"Area(0, 0.0, 0.0, 0.0, Dict{String, Any}(""I"" => """", ""ARNAME"" => """", ""PTOL"" => """", ""PDES"" => """", ""ISW"" => """"))",0.061455587400000004,0.017476601300000002,0.061455587400000004,0.017476601300000002
bus8411,true,bus-8411,8411,"Area(0, 0.0, 0.0, 0.0, Dict{String, Any}(""I"" => """", ""ARNAME"" => """", ""PTOL"" => """", ""PDES"" => """", ""ISW"" => """"))",0.0372449459,0.012537332699999999,0.0372449459,0.012537332699999999
bus146,true,bus-146,146,"Area(0, 0.0, 0.0, 0.0, Dict{String, Any}(""I"" => """", ""ARNAME"" => """", ""PTOL"" => """", ""PDES"" => """", ""ISW"" => """"))",0.0546823566,0.0112666832,0.0546823566,0.0112666832
bus1214,true,bus-1214,1214,"Area(0, 0.0, 0.0, 0.0, Dict{String, Any}(""I"" => """", ""ARNAME"" => """", ""PTOL"" => """", ""PDES"" => """", ""ISW"" => """"))",0.221863627,0.0649967303,0.221863627,0.0649967303
bus8406,true,bus-8406,8406,"Area(0, 0.0, 0.0, 0.0, Dict{String, Any}(""I"" => """", ""ARNAME"" => """", ""PTOL"" => """", ""PDES"" => """", ""ISW"" => """"))",0.17721629400000002,0.06194342480000001,0.17721629400000002,0.06194342480000001
bus4815,true,bus-4815,4815,"Area(0, 0.0, 0.0, 0.0, Dict{String, Any}(""I"" => """", ""ARNAME"" => """", ""PTOL"" => """", ""PDES"" => """", ""ISW"" => """"))",0.188902315,0.0726935613,0.188902315,0.0726935613
bus3146,true,bus-3146,3146,"Area(0, 0.0, 0.0, 0.0, Dict{String, Any}(""I"" => """", ""ARNAME"" => """", ""PTOL"" => """", ""PDES"" => """", ""ISW"" => """"))",0.050818193799999994,0.0150879911,0.050818193799999994,0.0150879911
bus880,true,bus-880,880,"Area(0, 0.0, 0.0, 0.0, Dict{String, Any}(""I"" => """", ""ARNAME"" => """", ""PTOL"" => """", ""PDES"" => """", ""ISW"" => """"))",0.0127993863,0.0046201025400000005,0.0127993863,0.0046201025400000005
bus1287,true,bus-1287,1287,"Area(0, 0.0, 0.0, 0.0, Dict{String, Any}(""I"" => """", ""ARNAME"" => """", ""PTOL"" => """", ""PDES"" => """", ""ISW"" => """"))",0.0337733091,0.010334814699999998,0.0337733091,0.010334814699999998
bus3211,true,bus-3211,3211,"Area(0, 0.0, 0.0, 0.0, Dict{String, Any}(""I"" => """", ""ARNAME"" => """", ""PTOL"" => """", ""PDES"" => """", ""ISW"" => """"))",0.130191434,0.0296227289,0.131666,0.0296227289
bus589,true,bus-589,589,"Area(0, 0.0, 0.0, 0.0, Dict{String, Any}(""I"" => """", ""ARNAME"" => """", ""PTOL"" => """", ""PDES"" => """", ""ISW"" => """"))",0.0435084622,0.014572615300000001,0.0435084622,0.014572615300000001
bus5353,true,bus-5353,5353,"Area(0, 0.0, 0.0, 0.0, Dict{String, Any}(""I"" => """", ""ARNAME"" => """", ""PTOL"" => """", ""PDES"" => """", ""ISW"" => """"))",0.146092815,0.045317649700000004,0.146092815,0.045317649700000004
bus6622,true,bus-6622,6622,"Area(0, 0.0, 0.0, 0.0, Dict{String, Any}(""I"" => """", ""ARNAME"" => """", ""PTOL"" => """", ""PDES"" => """", ""ISW"" => """"))",0.08039983749999999,0.0312952355,0.08039983749999999,0.0312952355
bus2026,true,bus-2026,2026,"Area(0, 0.0, 0.0, 0.0, Dict{String, Any}(""I"" => """", ""ARNAME"" => """", ""PTOL"" => """", ""PDES"" => """", ""ISW"" => """"))",0.0191091157,0.0068453752999999996,0.0191091157,0.0068453752999999996
bus4461,true,bus-4461,4461,"Area(0, 0.0, 0.0, 0.0, Dict{String, Any}(""I"" => """", ""ARNAME"" => """", ""PTOL"" => """", ""PDES"" => """", ""ISW"" => """"))",0.43747105500000005,0.12175986999999999,0.44008899999999995,0.12175986999999999
bus355,true,bus-355,355,"Area(0, 0.0, 0.0, 0.0, Dict{String, Any}(""I"" => """", ""ARNAME"" => """", ""PTOL"" => """", ""PDES"" => """", ""ISW"" => """"))",0.273226719,0.06274972250000001,0.276948,0.06274972250000001
bus6709,true,bus-6709,6709,"Area(0, 0.0, 0.0, 0.0, Dict{String, Any}(""I"" => """", ""ARNAME"" => """", ""PTOL"" => """", ""PDES"" => """", ""ISW"" => """"))",0.10172828,0.0317522691,0.10172828,0.0317522691
bus1624,true,bus-1624,1624,"Area(0, 0.0, 0.0, 0.0, Dict{String, Any}(""I"" => """", ""ARNAME"" => """", ""PTOL"" => """", ""PDES"" => """", ""ISW"" => """"))",0.270539488,0.0627471624,0.270539488,0.0627471624
bus1771,true,bus-1771,1771,"Area(0, 0.0, 0.0, 0.0, Dict{String, Any}(""I"" => """", ""ARNAME"" => """", ""PTOL"" => """", ""PDES"" => """", ""ISW"" => """"))",0.0747545945,0.0249569741,0.0747545945,0.0249569741
bus1366,true,bus-1366,1366,"Area(0, 0.0, 0.0, 0.0, Dict{String, Any}(""I"" => """", ""ARNAME"" => """", ""PTOL"" => """", ""PDES"" => """", ""ISW"" => """"))",0.0890966924,0.027579714800000002,0.0890966924,0.027579714800000002
bus315,true,bus-315,315,"Area(0, 0.0, 0.0, 0.0, Dict{String, Any}(""I"" => """", ""ARNAME"" => """", ""PTOL"" => """", ""PDES"" => """", ""ISW"" => """"))",0.166978877,0.026466888,0.171311,0.026466888
bus905,true,bus-905,905,"Area(0, 0.0, 0.0, 0.0, Dict{String, Any}(""I"" => """", ""ARNAME"" => """", ""PTOL"" => """", ""PDES"" => """", ""ISW"" => """"))",0.0682952493,0.0188948199,0.0682952493,0.0188948199
bus1822,true,bus-1822,1822,"Area(0, 0.0, 0.0, 0.0, Dict{String, Any}(""I"" => """", ""ARNAME"" => """", ""PTOL"" => """", ""PDES"" => """", ""ISW"" => """"))",0.188492357,0.0598649626,0.188492357,0.0598649626
bus731,true,bus-731,731,"Area(0, 0.0, 0.0, 0.0, Dict{String, Any}(""I"" => """", ""ARNAME"" => """", ""PTOL"" => """", ""PDES"" => """", ""ISW"" => """"))",0.335759258,0.106348552,0.335759258,0.106348552
bus439,true,bus-439,439,"Area(0, 0.0, 0.0, 0.0, Dict{String, Any}(""I"" => """", ""ARNAME"" => """", ""PTOL"" => """", ""PDES"" => """", ""ISW"" => """"))",0.296885868,0.10283627299999999,0.296885868,0.10283627299999999
bus2040,true,bus-2040,2040,"Area(0, 0.0, 0.0, 0.0, Dict{String, Any}(""I"" => """", ""ARNAME"" => """", ""PTOL"" => """", ""PDES"" => """", ""ISW"" => """"))",0.25566447400000003,0.0912225966,0.25566447400000003,0.0912225966
bus1995,true,bus-1995,1995,"Area(0, 0.0, 0.0, 0.0, Dict{String, Any}(""I"" => """", ""ARNAME"" => """", ""PTOL"" => """", ""PDES"" => """", ""ISW"" => """"))",0.0431832394,0.0141855877,0.0431832394,0.0141855877
bus1204,true,bus-1204,1204,"Area(0, 0.0, 0.0, 0.0, Dict{String, Any}(""I"" => """", ""ARNAME"" => """", ""PTOL"" => """", ""PDES"" => """", ""ISW"" => """"))",0.728424375,0.20973534900000002,0.728424375,0.20973534900000002
bus7639,true,bus-7639,7639,"Area(0, 0.0, 0.0, 0.0, Dict{String, Any}(""I"" => """", ""ARNAME"" => """", ""PTOL"" => """", ""PDES"" => """", ""ISW"" => """"))",0.71323706,0.223844763,0.71323706,0.223844763
bus2045,true,bus-2045,2045,"Area(0, 0.0, 0.0, 0.0, Dict{String, Any}(""I"" => """", ""ARNAME"" => """", ""PTOL"" => """", ""PDES"" => """", ""ISW"" => """"))",0.226652731,0.0847427079,0.226652731,0.0847427079
bus4583,true,bus-4583,4583,"Area(0, 0.0, 0.0, 0.0, Dict{String, Any}(""I"" => """", ""ARNAME"" => """", ""PTOL"" => """", ""PDES"" => """", ""ISW"" => """"))",0.229474999,0.0508247972,0.241394,0.0508247972
bus142,true,bus-142,142,"Area(0, 0.0, 0.0, 0.0, Dict{String, Any}(""I"" => """", ""ARNAME"" => """", ""PTOL"" => """", ""PDES"" => """", ""ISW"" => """"))",0.173481699,0.0536443914,0.173481699,0.0536443914
bus2378,true,bus-2378,2378,"Area(0, 0.0, 0.0, 0.0, Dict{String, Any}(""I"" => """", ""ARNAME"" => """", ""PTOL"" => """", ""PDES"" => """", ""ISW"" => """"))",0.618917735,0.14141982,0.658193,0.14141982
bus95,true,bus-95,95,"Area(0, 0.0, 0.0, 0.0, Dict{String, Any}(""I"" => """", ""ARNAME"" => """", ""PTOL"" => """", ""PDES"" => """", ""ISW"" => """"))",0.34457131599999996,0.11258090400000001,0.34457131599999996,0.11258090400000001
bus1037,true,bus-1037,1037,"Area(0, 0.0, 0.0, 0.0, Dict{String, Any}(""I"" => """", ""ARNAME"" => """", ""PTOL"" => """", ""PDES"" => """", ""ISW"" => """"))",0.747418572,0.149235216,0.7918080000000001,0.149235216
bus2132,true,bus-2132,2132,"Area(0, 0.0, 0.0, 0.0, Dict{String, Any}(""I"" => """", ""ARNAME"" => """", ""PTOL"" => """", ""PDES"" => """", ""ISW"" => """"))",0.043405210199999995,0.0162469558,0.043405210199999995,0.0162469558
bus6661,true,bus-6661,6661,"Area(0, 0.0, 0.0, 0.0, Dict{String, Any}(""I"" => """", ""ARNAME"" => """", ""PTOL"" => """", ""PDES"" => """", ""ISW"" => """"))",0.04130926879999999,0.0165531901,0.04130926879999999,0.0165531901
bus1760,true,bus-1760,1760,"Area(0, 0.0, 0.0, 0.0, Dict{String, Any}(""I"" => """", ""ARNAME"" => """", ""PTOL"" => """", ""PDES"" => """", ""ISW"" => """"))",0.0970322301,0.0299601826,0.0970322301,0.0299601826
bus967,true,bus-967,967,"Area(0, 0.0, 0.0, 0.0, Dict{String, Any}(""I"" => """", ""ARNAME"" => """", ""PTOL"" => """", ""PDES"" => """", ""ISW"" => """"))",0.0284529612,0.00945862069,0.0284529612,0.00945862069
bus4519,true,bus-4519,4519,"Area(0, 0.0, 0.0, 0.0, Dict{String, Any}(""I"" => """", ""ARNAME"" => """", ""PTOL"" => """", ""PDES"" => """", ""ISW"" => """"))",0.0640274274,0.0209766148,0.0640274274,0.0209766148
bus2228,true,bus-2228,2228,"Area(0, 0.0, 0.0, 0.0, Dict{String, Any}(""I"" => """", ""ARNAME"" => """", ""PTOL"" => """", ""PDES"" => """", ""ISW"" => """"))",0.185807538,0.0557413619,0.185807538,0.0557413619
bus8336,true,bus-8336,8336,"Area(0, 0.0, 0.0, 0.0, Dict{String, Any}(""I"" => """", ""ARNAME"" => """", ""PTOL"" => """", ""PDES"" => """", ""ISW"" => """"))",0.47597888400000005,0.0877643487,0.49200400000000005,0.0877643487
bus1369,true,bus-1369,1369,"Area(0, 0.0, 0.0, 0.0, Dict{String, Any}(""I"" => """", ""ARNAME"" => """", ""PTOL"" => """", ""PDES"" => """", ""ISW"" => """"))",0.228225037,0.0722801867,0.228225037,0.0722801867
bus2179,true,bus-2179,2179,"Area(0, 0.0, 0.0, 0.0, Dict{String, Any}(""I"" => """", ""ARNAME"" => """", ""PTOL"" => """", ""PDES"" => """", ""ISW"" => """"))",0.19175021699999997,0.0603373225,0.19175021699999997,0.0603373225
bus699,true,bus-699,699,"Area(0, 0.0, 0.0, 0.0, Dict{String, Any}(""I"" => """", ""ARNAME"" => """", ""PTOL"" => """", ""PDES"" => """", ""ISW"" => """"))",0.40795321199999995,0.142234546,0.40795321199999995,0.142234546
bus2390,true,bus-2390,2390,"Area(0, 0.0, 0.0, 0.0, Dict{String, Any}(""I"" => """", ""ARNAME"" => """", ""PTOL"" => """", ""PDES"" => """", ""ISW"" => """"))",0.0256096439,0.007004556800000001,0.0256096439,0.007004556800000001
bus1902,true,bus-1902,1902,"Area(0, 0.0, 0.0, 0.0, Dict{String, Any}(""I"" => """", ""ARNAME"" => """", ""PTOL"" => """", ""PDES"" => """", ""ISW"" => """"))",0.016124453299999997,0.005505054299999999,0.016124453299999997,0.005505054299999999
bus706,true,bus-706,706,"Area(0, 0.0, 0.0, 0.0, Dict{String, Any}(""I"" => """", ""ARNAME"" => """", ""PTOL"" => """", ""PDES"" => """", ""ISW"" => """"))",0.299907674,0.08419306280000001,0.299907674,0.08419306280000001
bus8116,true,bus-8116,8116,"Area(0, 0.0, 0.0, 0.0, Dict{String, Any}(""I"" => """", ""ARNAME"" => """", ""PTOL"" => """", ""PDES"" => """", ""ISW"" => """"))",0.20745967499999998,0.0665070631,0.20745967499999998,0.0665070631
bus418,true,bus-418,418,"Area(0, 0.0, 0.0, 0.0, Dict{String, Any}(""I"" => """", ""ARNAME"" => """", ""PTOL"" => """", ""PDES"" => """", ""ISW"" => """"))",0.466827971,0.09191956770000001,0.46747700000000003,0.09191956770000001
bus4330,true,bus-4330,4330,"Area(0, 0.0, 0.0, 0.0, Dict{String, Any}(""I"" => """", ""ARNAME"" => """", ""PTOL"" => """", ""PDES"" => """", ""ISW"" => """"))",0.0142631791,0.0046770931799999995,0.0142631791,0.0046770931799999995
bus4672,true,bus-4672,4672,"Area(0, 0.0, 0.0, 0.0, Dict{String, Any}(""I"" => """", ""ARNAME"" => """", ""PTOL"" => """", ""PDES"" => """", ""ISW"" => """"))",0.0194869399,0.00776348144,0.0194869399,0.00776348144
bus422,true,bus-422,422,"Area(0, 0.0, 0.0, 0.0, Dict{String, Any}(""I"" => """", ""ARNAME"" => """", ""PTOL"" => """", ""PDES"" => """", ""ISW"" => """"))",0.0769990376,0.0245226339,0.0769990376,0.0245226339
bus1245,true,bus-1245,1245,"Area(0, 0.0, 0.0, 0.0, Dict{String, Any}(""I"" => """", ""ARNAME"" => """", ""PTOL"" => """", ""PDES"" => """", ""ISW"" => """"))",1.09286504,0.362754451,1.09286504,0.362754451
bus2080,true,bus-2080,2080,"Area(0, 0.0, 0.0, 0.0, Dict{String, Any}(""I"" => """", ""ARNAME"" => """", ""PTOL"" => """", ""PDES"" => """", ""ISW"" => """"))",0.765532866,0.22015609000000003,0.765532866,0.22015609000000003
bus1574,true,bus-1574,1574,"Area(0, 0.0, 0.0, 0.0, Dict{String, Any}(""I"" => """", ""ARNAME"" => """", ""PTOL"" => """", ""PDES"" => """", ""ISW"" => """"))",0.138479711,0.0416954557,0.138479711,0.0416954557
bus472,true,bus-472,472,"Area(0, 0.0, 0.0, 0.0, Dict{String, Any}(""I"" => """", ""ARNAME"" => """", ""PTOL"" => """", ""PDES"" => """", ""ISW"" => """"))",0.329885738,0.0971232679,0.329885738,0.0971232679
bus1008,true,bus-1008,1008,"Area(0, 0.0, 0.0, 0.0, Dict{String, Any}(""I"" => """", ""ARNAME"" => """", ""PTOL"" => """", ""PDES"" => """", ""ISW"" => """"))",0.0800784928,0.0252762555,0.0800784928,0.0252762555
bus2295,true,bus-2295,2295,"Area(0, 0.0, 0.0, 0.0, Dict{String, Any}(""I"" => """", ""ARNAME"" => """", ""PTOL"" => """", ""PDES"" => """", ""ISW"" => """"))",0.210743573,0.0354206251,0.221307,0.0354206251
bus8689,true,bus-8689,8689,"Area(0, 0.0, 0.0, 0.0, Dict{String, Any}(""I"" => """", ""ARNAME"" => """", ""PTOL"" => """", ""PDES"" => """", ""ISW"" => """"))",0.5029312180000001,0.155651238,0.5029312180000001,0.155651238
bus8010,true,bus-8010,8010,"Area(0, 0.0, 0.0, 0.0, Dict{String, Any}(""I"" => """", ""ARNAME"" => """", ""PTOL"" => """", ""PDES"" => """", ""ISW"" => """"))",0.271285013,0.094379395,0.271285013,0.094379395
bus4425,true,bus-4425,4425,"Area(0, 0.0, 0.0, 0.0, Dict{String, Any}(""I"" => """", ""ARNAME"" => """", ""PTOL"" => """", ""PDES"" => """", ""ISW"" => """"))",0.009722610769999999,0.0034029589799999998,0.009722610769999999,0.0034029589799999998
bus1756,true,bus-1756,1756,"Area(0, 0.0, 0.0, 0.0, Dict{String, Any}(""I"" => """", ""ARNAME"" => """", ""PTOL"" => """", ""PDES"" => """", ""ISW"" => """"))",0.058143068900000004,0.015096857200000001,0.058143068900000004,0.015096857200000001
bus8226,true,bus-8226,8226,"Area(0, 0.0, 0.0, 0.0, Dict{String, Any}(""I"" => """", ""ARNAME"" => """", ""PTOL"" => """", ""PDES"" => """", ""ISW"" => """"))",1.31026711,0.450831232,1.31026711,0.450831232
bus348,true,bus-348,348,"Area(0, 0.0, 0.0, 0.0, Dict{String, Any}(""I"" => """", ""ARNAME"" => """", ""PTOL"" => """", ""PDES"" => """", ""ISW"" => """"))",1.4593954,0.491655625,1.4593954,0.491655625
bus1605,true,bus-1605,1605,"Area(0, 0.0, 0.0, 0.0, Dict{String, Any}(""I"" => """", ""ARNAME"" => """", ""PTOL"" => """", ""PDES"" => """", ""ISW"" => """"))",0.028993633,0.0091648145,0.028993633,0.0091648145
bus6492,true,bus-6492,6492,"Area(0, 0.0, 0.0, 0.0, Dict{String, Any}(""I"" => """", ""ARNAME"" => """", ""PTOL"" => """", ""PDES"" => """", ""ISW"" => """"))",0.061900993800000005,0.0194122049,0.061900993800000005,0.0194122049
bus624,true,bus-624,624,"Area(0, 0.0, 0.0, 0.0, Dict{String, Any}(""I"" => """", ""ARNAME"" => """", ""PTOL"" => """", ""PDES"" => """", ""ISW"" => """"))",0.0847090742,0.0273489278,0.0847090742,0.0273489278
bus1700,true,bus-1700,1700,"Area(0, 0.0, 0.0, 0.0, Dict{String, Any}(""I"" => """", ""ARNAME"" => """", ""PTOL"" => """", ""PDES"" => """", ""ISW"" => """"))",0.14255178000000002,0.0356742061,0.14255178000000002,0.0356742061
bus2574,true,bus-2574,2574,"Area(0, 0.0, 0.0, 0.0, Dict{String, Any}(""I"" => """", ""ARNAME"" => """", ""PTOL"" => """", ""PDES"" => """", ""ISW"" => """"))",0.0269634661,0.00995947966,0.0269634661,0.00995947966
bus454,true,bus-454,454,"Area(0, 0.0, 0.0, 0.0, Dict{String, Any}(""I"" => """", ""ARNAME"" => """", ""PTOL"" => """", ""PDES"" => """", ""ISW"" => """"))",0.201885655,0.046925686300000005,0.207787,0.046925686300000005
bus6530,true,bus-6530,6530,"Area(0, 0.0, 0.0, 0.0, Dict{String, Any}(""I"" => """", ""ARNAME"" => """", ""PTOL"" => """", ""PDES"" => """", ""ISW"" => """"))",0.221141711,0.0676441715,0.221141711,0.0676441715
bus6649,true,bus-6649,6649,"Area(0, 0.0, 0.0, 0.0, Dict{String, Any}(""I"" => """", ""ARNAME"" => """", ""PTOL"" => """", ""PDES"" => """", ""ISW"" => """"))",0.0265522349,0.009567652060000001,0.0265522349,0.009567652060000001
bus443,true,bus-443,443,"Area(0, 0.0, 0.0, 0.0, Dict{String, Any}(""I"" => """", ""ARNAME"" => """", ""PTOL"" => """", ""PDES"" => """", ""ISW"" => """"))",0.153458805,0.0510844115,0.153458805,0.0510844115
bus2318,true,bus-2318,2318,"Area(0, 0.0, 0.0, 0.0, Dict{String, Any}(""I"" => """", ""ARNAME"" => """", ""PTOL"" => """", ""PDES"" => """", ""ISW"" => """"))",0.34498365900000005,0.114611258,0.34498365900000005,0.114611258
bus2938,true,bus-2938,2938,"Area(0, 0.0, 0.0, 0.0, Dict{String, Any}(""I"" => """", ""ARNAME"" => """", ""PTOL"" => """", ""PDES"" => """", ""ISW"" => """"))",0.059295215600000006,0.0162481286,0.059295215600000006,0.0162481286
bus379,true,bus-379,379,"Area(0, 0.0, 0.0, 0.0, Dict{String, Any}(""I"" => """", ""ARNAME"" => """", ""PTOL"" => """", ""PDES"" => """", ""ISW"" => """"))",0.15582168,0.0513936937,0.15582168,0.0513936937
bus2284,true,bus-2284,2284,"Area(0, 0.0, 0.0, 0.0, Dict{String, Any}(""I"" => """", ""ARNAME"" => """", ""PTOL"" => """", ""PDES"" => """", ""ISW"" => """"))",0.0054212785399999994,0.00173587112,0.0054212785399999994,0.00173587112
bus6589,true,bus-6589,6589,"Area(0, 0.0, 0.0, 0.0, Dict{String, Any}(""I"" => """", ""ARNAME"" => """", ""PTOL"" => """", ""PDES"" => """", ""ISW"" => """"))",0.0385263998,0.0147598169,0.0385263998,0.0147598169
bus1265,true,bus-1265,1265,"Area(0, 0.0, 0.0, 0.0, Dict{String, Any}(""I"" => """", ""ARNAME"" => """", ""PTOL"" => """", ""PDES"" => """", ""ISW"" => """"))",0.162892507,0.0345209622,0.165156,0.0345209622
bus3541,true,bus-3541,3541,"Area(0, 0.0, 0.0, 0.0, Dict{String, Any}(""I"" => """", ""ARNAME"" => """", ""PTOL"" => """", ""PDES"" => """", ""ISW"" => """"))",0.18364031,0.0474882073,0.18364031,0.0474882073
bus515,true,bus-515,515,"Area(0, 0.0, 0.0, 0.0, Dict{String, Any}(""I"" => """", ""ARNAME"" => """", ""PTOL"" => """", ""PDES"" => """", ""ISW"" => """"))",0.263734678,0.09592616509999999,0.263734678,0.09592616509999999
bus4351,true,bus-4351,4351,"Area(0, 0.0, 0.0, 0.0, Dict{String, Any}(""I"" => """", ""ARNAME"" => """", ""PTOL"" => """", ""PDES"" => """", ""ISW"" => """"))",0.022821923499999997,0.0065225989900000005,0.022821923499999997,0.0065225989900000005
bus4958,true,bus-4958,4958,"Area(0, 0.0, 0.0, 0.0, Dict{String, Any}(""I"" => """", ""ARNAME"" => """", ""PTOL"" => """", ""PDES"" => """", ""ISW"" => """"))",0.164635471,0.0492301144,0.164635471,0.0492301144
bus7044,true,bus-7044,7044,"Area(0, 0.0, 0.0, 0.0, Dict{String, Any}(""I"" => """", ""ARNAME"" => """", ""PTOL"" => """", ""PDES"" => """", ""ISW"" => """"))",0.086433598,0.0267320951,0.086433598,0.0267320951
bus8131,true,bus-8131,8131,"Area(0, 0.0, 0.0, 0.0, Dict{String, Any}(""I"" => """", ""ARNAME"" => """", ""PTOL"" => """", ""PDES"" => """", ""ISW"" => """"))",0.134834643,0.0380642645,0.134834643,0.0380642645
bus925,true,bus-925,925,"Area(0, 0.0, 0.0, 0.0, Dict{String, Any}(""I"" => """", ""ARNAME"" => """", ""PTOL"" => """", ""PDES"" => """", ""ISW"" => """"))",0.0298093715,0.00864908592,0.0298093715,0.00864908592
bus892,true,bus-892,892,"Area(0, 0.0, 0.0, 0.0, Dict{String, Any}(""I"" => """", ""ARNAME"" => """", ""PTOL"" => """", ""PDES"" => """", ""ISW"" => """"))",0.120264233,0.0431035961,0.120264233,0.0431035961
bus2141,true,bus-2141,2141,"Area(0, 0.0, 0.0, 0.0, Dict{String, Any}(""I"" => """", ""ARNAME"" => """", ""PTOL"" => """", ""PDES"" => """", ""ISW"" => """"))",0.21058685600000002,0.0552885793,0.211257,0.0552885793
bus1400,true,bus-1400,1400,"Area(0, 0.0, 0.0, 0.0, Dict{String, Any}(""I"" => """", ""ARNAME"" => """", ""PTOL"" => """", ""PDES"" => """", ""ISW"" => """"))",0.14359642,0.0397548874,0.14359642,0.0397548874
bus1129,true,bus-1129,1129,"Area(0, 0.0, 0.0, 0.0, Dict{String, Any}(""I"" => """", ""ARNAME"" => """", ""PTOL"" => """", ""PDES"" => """", ""ISW"" => """"))",2.35645799,0.7828309609999999,2.35645799,0.7828309609999999
bus1689,true,bus-1689,1689,"Area(0, 0.0, 0.0, 0.0, Dict{String, Any}(""I"" => """", ""ARNAME"" => """", ""PTOL"" => """", ""PDES"" => """", ""ISW"" => """"))",0.0301141287,0.00953398791,0.0301141287,0.00953398791
bus5503,true,bus-5503,5503,"Area(0, 0.0, 0.0, 0.0, Dict{String, Any}(""I"" => """", ""ARNAME"" => """", ""PTOL"" => """", ""PDES"" => """", ""ISW"" => """"))",0.095851141,0.0292482347,0.095851141,0.0292482347
bus6744,true,bus-6744,6744,"Area(0, 0.0, 0.0, 0.0, Dict{String, Any}(""I"" => """", ""ARNAME"" => """", ""PTOL"" => """", ""PDES"" => """", ""ISW"" => """"))",0.041418187499999995,0.015472312299999999,0.041418187499999995,0.015472312299999999
bus714,true,bus-714,714,"Area(0, 0.0, 0.0, 0.0, Dict{String, Any}(""I"" => """", ""ARNAME"" => """", ""PTOL"" => """", ""PDES"" => """", ""ISW"" => """"))",0.0375659166,0.015829415200000002,0.0375659166,0.015829415200000002
bus751,true,bus-751,751,"Area(0, 0.0, 0.0, 0.0, Dict{String, Any}(""I"" => """", ""ARNAME"" => """", ""PTOL"" => """", ""PDES"" => """", ""ISW"" => """"))",0.255501479,0.0841308405,0.255501479,0.0841308405
bus7626,true,bus-7626,7626,"Area(0, 0.0, 0.0, 0.0, Dict{String, Any}(""I"" => """", ""ARNAME"" => """", ""PTOL"" => """", ""PDES"" => """", ""ISW"" => """"))",0.191418708,0.0684570771,0.191418708,0.0684570771
bus675,true,bus-675,675,"Area(0, 0.0, 0.0, 0.0, Dict{String, Any}(""I"" => """", ""ARNAME"" => """", ""PTOL"" => """", ""PDES"" => """", ""ISW"" => """"))",0.09510946949999999,0.0338517301,0.09510946949999999,0.0338517301
bus7095,true,bus-7095,7095,"Area(0, 0.0, 0.0, 0.0, Dict{String, Any}(""I"" => """", ""ARNAME"" => """", ""PTOL"" => """", ""PDES"" => """", ""ISW"" => """"))",0.0301561687,0.010139175700000001,0.0301561687,0.010139175700000001
bus2251,true,bus-2251,2251,"Area(0, 0.0, 0.0, 0.0, Dict{String, Any}(""I"" => """", ""ARNAME"" => """", ""PTOL"" => """", ""PDES"" => """", ""ISW"" => """"))",0.046323807099999996,0.014770169500000001,0.046323807099999996,0.014770169500000001
bus72,true,bus-72,72,"Area(0, 0.0, 0.0, 0.0, Dict{String, Any}(""I"" => """", ""ARNAME"" => """", ""PTOL"" => """", ""PDES"" => """", ""ISW"" => """"))",0.0245799235,0.009888953169999999,0.0245799235,0.009888953169999999
bus2213,true,bus-2213,2213,"Area(0, 0.0, 0.0, 0.0, Dict{String, Any}(""I"" => """", ""ARNAME"" => """", ""PTOL"" => """", ""PDES"" => """", ""ISW"" => """"))",0.145004989,0.054451714899999996,0.145004989,0.054451714899999996
bus381,true,bus-381,381,"Area(0, 0.0, 0.0, 0.0, Dict{String, Any}(""I"" => """", ""ARNAME"" => """", ""PTOL"" => """", ""PDES"" => """", ""ISW"" => """"))",0.29549688199999996,0.108943705,0.29549688199999996,0.108943705
bus684,true,bus-684,684,"Area(0, 0.0, 0.0, 0.0, Dict{String, Any}(""I"" => """", ""ARNAME"" => """", ""PTOL"" => """", ""PDES"" => """", ""ISW"" => """"))",0.38426272300000003,0.126804493,0.38426272300000003,0.126804493
bus6497,true,bus-6497,6497,"Area(0, 0.0, 0.0, 0.0, Dict{String, Any}(""I"" => """", ""ARNAME"" => """", ""PTOL"" => """", ""PDES"" => """", ""ISW"" => """"))",0.0346699278,0.012855760899999999,0.0346699278,0.012855760899999999
bus720,true,bus-720,720,"Area(0, 0.0, 0.0, 0.0, Dict{String, Any}(""I"" => """", ""ARNAME"" => """", ""PTOL"" => """", ""PDES"" => """", ""ISW"" => """"))",0.197006354,0.0662694968,0.197006354,0.0662694968
bus510,true,bus-510,510,"Area(0, 0.0, 0.0, 0.0, Dict{String, Any}(""I"" => """", ""ARNAME"" => """", ""PTOL"" => """", ""PDES"" => """", ""ISW"" => """"))",0.0378615111,0.0121788608,0.0378615111,0.0121788608
bus1032,true,bus-1032,1032,"Area(0, 0.0, 0.0, 0.0, Dict{String, Any}(""I"" => """", ""ARNAME"" => """", ""PTOL"" => """", ""PDES"" => """", ""ISW"" => """"))",0.287408073,0.0864382011,0.287408073,0.0864382011
bus835,true,bus-835,835,"Area(0, 0.0, 0.0, 0.0, Dict{String, Any}(""I"" => """", ""ARNAME"" => """", ""PTOL"" => """", ""PDES"" => """", ""ISW"" => """"))",0.0559506979,0.0222741869,0.0559506979,0.0222741869
bus3237,true,bus-3237,3237,"Area(0, 0.0, 0.0, 0.0, Dict{String, Any}(""I"" => """", ""ARNAME"" => """", ""PTOL"" => """", ""PDES"" => """", ""ISW"" => """"))",0.0504753518,0.0191385717,0.0504753518,0.0191385717
bus1523,true,bus-1523,1523,"Area(0, 0.0, 0.0, 0.0, Dict{String, Any}(""I"" => """", ""ARNAME"" => """", ""PTOL"" => """", ""PDES"" => """", ""ISW"" => """"))",0.118440941,0.0368944371,0.118440941,0.0368944371
bus2176,true,bus-2176,2176,"Area(0, 0.0, 0.0, 0.0, Dict{String, Any}(""I"" => """", ""ARNAME"" => """", ""PTOL"" => """", ""PDES"" => """", ""ISW"" => """"))",0.171112403,0.0508921049,0.171112403,0.0508921049
bus1979,true,bus-1979,1979,"Area(0, 0.0, 0.0, 0.0, Dict{String, Any}(""I"" => """", ""ARNAME"" => """", ""PTOL"" => """", ""PDES"" => """", ""ISW"" => """"))",0.129324975,0.0362073712,0.129324975,0.0362073712
bus8753,true,bus-8753,8753,"Area(0, 0.0, 0.0, 0.0, Dict{String, Any}(""I"" => """", ""ARNAME"" => """", ""PTOL"" => """", ""PDES"" => """", ""ISW"" => """"))",0.105502573,0.0268514906,0.105502573,0.0268514906
bus1121,true,bus-1121,1121,"Area(0, 0.0, 0.0, 0.0, Dict{String, Any}(""I"" => """", ""ARNAME"" => """", ""PTOL"" => """", ""PDES"" => """", ""ISW"" => """"))",0.36462706599999994,0.123489345,0.36462706599999994,0.123489345
bus74,true,bus-74,74,"Area(0, 0.0, 0.0, 0.0, Dict{String, Any}(""I"" => """", ""ARNAME"" => """", ""PTOL"" => """", ""PDES"" => """", ""ISW"" => """"))",0.583494814,0.12176060500000001,0.6135499999999999,0.12176060500000001
bus1415,true,bus-1415,1415,"Area(0, 0.0, 0.0, 0.0, Dict{String, Any}(""I"" => """", ""ARNAME"" => """", ""PTOL"" => """", ""PDES"" => """", ""ISW"" => """"))",0.0684629553,0.0239519139,0.0684629553,0.0239519139
bus973,true,bus-973,973,"Area(0, 0.0, 0.0, 0.0, Dict{String, Any}(""I"" => """", ""ARNAME"" => """", ""PTOL"" => """", ""PDES"" => """", ""ISW"" => """"))",0.0743440577,0.0279064341,0.0743440577,0.0279064341
bus7039,true,bus-7039,7039,"Area(0, 0.0, 0.0, 0.0, Dict{String, Any}(""I"" => """", ""ARNAME"" => """", ""PTOL"" => """", ""PDES"" => """", ""ISW"" => """"))",0.104403095,0.027935489900000002,0.104403095,0.027935489900000002
bus6503,true,bus-6503,6503,"Area(0, 0.0, 0.0, 0.0, Dict{String, Any}(""I"" => """", ""ARNAME"" => """", ""PTOL"" => """", ""PDES"" => """", ""ISW"" => """"))",0.156017808,0.050056128299999995,0.156017808,0.050056128299999995
bus1850,true,bus-1850,1850,"Area(0, 0.0, 0.0, 0.0, Dict{String, Any}(""I"" => """", ""ARNAME"" => """", ""PTOL"" => """", ""PDES"" => """", ""ISW"" => """"))",0.038574814,0.014393423999999998,0.038574814,0.014393423999999998
bus4591,true,bus-4591,4591,"Area(0, 0.0, 0.0, 0.0, Dict{String, Any}(""I"" => """", ""ARNAME"" => """", ""PTOL"" => """", ""PDES"" => """", ""ISW"" => """"))",0.0861469736,0.025997523400000003,0.0861469736,0.025997523400000003
bus716,true,bus-716,716,"Area(0, 0.0, 0.0, 0.0, Dict{String, Any}(""I"" => """", ""ARNAME"" => """", ""PTOL"" => """", ""PDES"" => """", ""ISW"" => """"))",0.22431115999999998,0.0811475474,0.22431115999999998,0.0811475474
bus3585,true,bus-3585,3585,"Area(0, 0.0, 0.0, 0.0, Dict{String, Any}(""I"" => """", ""ARNAME"" => """", ""PTOL"" => """", ""PDES"" => """", ""ISW"" => """"))",0.112966405,0.0361522623,0.112966405,0.0361522623
bus2587,true,bus-2587,2587,"Area(0, 0.0, 0.0, 0.0, Dict{String, Any}(""I"" => """", ""ARNAME"" => """", ""PTOL"" => """", ""PDES"" => """", ""ISW"" => """"))",0.0608257009,0.0219561699,0.0608257009,0.0219561699
bus8629,true,bus-8629,8629,"Area(0, 0.0, 0.0, 0.0, Dict{String, Any}(""I"" => """", ""ARNAME"" => """", ""PTOL"" => """", ""PDES"" => """", ""ISW"" => """"))",0.249231807,0.07449247070000001,0.249231807,0.07449247070000001
bus985,true,bus-985,985,"Area(0, 0.0, 0.0, 0.0, Dict{String, Any}(""I"" => """", ""ARNAME"" => """", ""PTOL"" => """", ""PDES"" => """", ""ISW"" => """"))",0.0329499077,0.012847059899999999,0.0329499077,0.012847059899999999
bus5145,true,bus-5145,5145,"Area(0, 0.0, 0.0, 0.0, Dict{String, Any}(""I"" => """", ""ARNAME"" => """", ""PTOL"" => """", ""PDES"" => """", ""ISW"" => """"))",0.08795246649999999,0.0300319973,0.08795246649999999,0.0300319973
bus77,true,bus-77,77,"Area(0, 0.0, 0.0, 0.0, Dict{String, Any}(""I"" => """", ""ARNAME"" => """", ""PTOL"" => """", ""PDES"" => """", ""ISW"" => """"))",0.253356052,0.0796021811,0.253356052,0.0796021811
bus2943,true,bus-2943,2943,"Area(0, 0.0, 0.0, 0.0, Dict{String, Any}(""I"" => """", ""ARNAME"" => """", ""PTOL"" => """", ""PDES"" => """", ""ISW"" => """"))",0.0456691814,0.0145944101,0.0456691814,0.0145944101
bus228,true,bus-228,228,"Area(0, 0.0, 0.0, 0.0, Dict{String, Any}(""I"" => """", ""ARNAME"" => """", ""PTOL"" => """", ""PDES"" => """", ""ISW"" => """"))",0.316376209,0.08551822830000001,0.316376209,0.08551822830000001
bus1330,true,bus-1330,1330,"Area(0, 0.0, 0.0, 0.0, Dict{String, Any}(""I"" => """", ""ARNAME"" => """", ""PTOL"" => """", ""PDES"" => """", ""ISW"" => """"))",0.265295654,0.08106139600000001,0.265413,0.08106139600000001
bus417,true,bus-417,417,"Area(0, 0.0, 0.0, 0.0, Dict{String, Any}(""I"" => """", ""ARNAME"" => """", ""PTOL"" => """", ""PDES"" => """", ""ISW"" => """"))",0.216094394,0.0711582373,0.216094394,0.0711582373
bus1703,true,bus-1703,1703,"Area(0, 0.0, 0.0, 0.0, Dict{String, Any}(""I"" => """", ""ARNAME"" => """", ""PTOL"" => """", ""PDES"" => """", ""ISW"" => """"))",1.14302473,0.329362949,1.14302473,0.329362949
bus4169,true,bus-4169,4169,"Area(0, 0.0, 0.0, 0.0, Dict{String, Any}(""I"" => """", ""ARNAME"" => """", ""PTOL"" => """", ""PDES"" => """", ""ISW"" => """"))",0.0597746226,0.0220593043,0.0597746226,0.0220593043
bus7344,true,bus-7344,7344,"Area(0, 0.0, 0.0, 0.0, Dict{String, Any}(""I"" => """", ""ARNAME"" => """", ""PTOL"" => """", ""PDES"" => """", ""ISW"" => """"))",0.020471533700000002,0.0081348294,0.020471533700000002,0.0081348294
bus369,true,bus-369,369,"Area(0, 0.0, 0.0, 0.0, Dict{String, Any}(""I"" => """", ""ARNAME"" => """", ""PTOL"" => """", ""PDES"" => """", ""ISW"" => """"))",0.0360853547,0.0156386352,0.0360853547,0.0156386352
bus943,true,bus-943,943,"Area(0, 0.0, 0.0, 0.0, Dict{String, Any}(""I"" => """", ""ARNAME"" => """", ""PTOL"" => """", ""PDES"" => """", ""ISW"" => """"))",0.076288652,0.0272230703,0.076288652,0.0272230703
bus1340,true,bus-1340,1340,"Area(0, 0.0, 0.0, 0.0, Dict{String, Any}(""I"" => """", ""ARNAME"" => """", ""PTOL"" => """", ""PDES"" => """", ""ISW"" => """"))",0.277733232,0.08322652870000001,0.277733232,0.08322652870000001
bus3049,true,bus-3049,3049,"Area(0, 0.0, 0.0, 0.0, Dict{String, Any}(""I"" => """", ""ARNAME"" => """", ""PTOL"" => """", ""PDES"" => """", ""ISW"" => """"))",0.0488796857,0.0188216875,0.0488796857,0.0188216875
bus1387,true,bus-1387,1387,"Area(0, 0.0, 0.0, 0.0, Dict{String, Any}(""I"" => """", ""ARNAME"" => """", ""PTOL"" => """", ""PDES"" => """", ""ISW"" => """"))",0.055690494900000005,0.0215789578,0.055690494900000005,0.0215789578
bus3212,true,bus-3212,3212,"Area(0, 0.0, 0.0, 0.0, Dict{String, Any}(""I"" => """", ""ARNAME"" => """", ""PTOL"" => """", ""PDES"" => """", ""ISW"" => """"))",0.061356884699999996,0.0177712942,0.061356884699999996,0.0177712942
bus1670,true,bus-1670,1670,"Area(0, 0.0, 0.0, 0.0, Dict{String, Any}(""I"" => """", ""ARNAME"" => """", ""PTOL"" => """", ""PDES"" => """", ""ISW"" => """"))",0.0630994879,0.0245986475,0.0630994879,0.0245986475
bus6517,true,bus-6517,6517,"Area(0, 0.0, 0.0, 0.0, Dict{String, Any}(""I"" => """", ""ARNAME"" => """", ""PTOL"" => """", ""PDES"" => """", ""ISW"" => """"))",0.158710912,0.0587670135,0.158710912,0.0587670135
bus7072,true,bus-7072,7072,"Area(0, 0.0, 0.0, 0.0, Dict{String, Any}(""I"" => """", ""ARNAME"" => """", ""PTOL"" => """", ""PDES"" => """", ""ISW"" => """"))",0.0750475949,0.0196622995,0.0750475949,0.0196622995
bus1073,true,bus-1073,1073,"Area(0, 0.0, 0.0, 0.0, Dict{String, Any}(""I"" => """", ""ARNAME"" => """", ""PTOL"" => """", ""PDES"" => """", ""ISW"" => """"))",0.12167433600000001,0.0469887866,0.12167433600000001,0.0469887866
bus1494,true,bus-1494,1494,"Area(0, 0.0, 0.0, 0.0, Dict{String, Any}(""I"" => """", ""ARNAME"" => """", ""PTOL"" => """", ""PDES"" => """", ""ISW"" => """"))",0.204678456,0.0644670433,0.204678456,0.0644670433
bus845,true,bus-845,845,"Area(0, 0.0, 0.0, 0.0, Dict{String, Any}(""I"" => """", ""ARNAME"" => """", ""PTOL"" => """", ""PDES"" => """", ""ISW"" => """"))",0.236348821,0.0391334478,0.24639,0.0391334478
bus2201,true,bus-2201,2201,"Area(0, 0.0, 0.0, 0.0, Dict{String, Any}(""I"" => """", ""ARNAME"" => """", ""PTOL"" => """", ""PDES"" => """", ""ISW"" => """"))",0.0830343545,0.0282327422,0.0830343545,0.0282327422
bus1215,true,bus-1215,1215,"Area(0, 0.0, 0.0, 0.0, Dict{String, Any}(""I"" => """", ""ARNAME"" => """", ""PTOL"" => """", ""PDES"" => """", ""ISW"" => """"))",0.0160641136,0.00529777672,0.0160641136,0.00529777672
bus2173,true,bus-2173,2173,"Area(0, 0.0, 0.0, 0.0, Dict{String, Any}(""I"" => """", ""ARNAME"" => """", ""PTOL"" => """", ""PDES"" => """", ""ISW"" => """"))",0.128245874,0.0401621779,0.128245874,0.0401621779
bus733,true,bus-733,733,"Area(0, 0.0, 0.0, 0.0, Dict{String, Any}(""I"" => """", ""ARNAME"" => """", ""PTOL"" => """", ""PDES"" => """", ""ISW"" => """"))",0.50390688,0.18642814600000002,0.50390688,0.18642814600000002
bus561,true,bus-561,561,"Area(0, 0.0, 0.0, 0.0, Dict{String, Any}(""I"" => """", ""ARNAME"" => """", ""PTOL"" => """", ""PDES"" => """", ""ISW"" => """"))",0.0287986192,0.0124374424,0.0287986192,0.0124374424
bus2362,true,bus-2362,2362,"Area(0, 0.0, 0.0, 0.0, Dict{String, Any}(""I"" => """", ""ARNAME"" => """", ""PTOL"" => """", ""PDES"" => """", ""ISW"" => """"))",0.22841244,0.0836995617,0.22841244,0.0836995617
bus1421,true,bus-1421,1421,"Area(0, 0.0, 0.0, 0.0, Dict{String, Any}(""I"" => """", ""ARNAME"" => """", ""PTOL"" => """", ""PDES"" => """", ""ISW"" => """"))",0.0326595896,0.012129996,0.0326595896,0.012129996
bus207,true,bus-207,207,"Area(0, 0.0, 0.0, 0.0, Dict{String, Any}(""I"" => """", ""ARNAME"" => """", ""PTOL"" => """", ""PDES"" => """", ""ISW"" => """"))",0.0219552885,0.00778191167,0.0219552885,0.00778191167
bus4654,true,bus-4654,4654,"Area(0, 0.0, 0.0, 0.0, Dict{String, Any}(""I"" => """", ""ARNAME"" => """", ""PTOL"" => """", ""PDES"" => """", ""ISW"" => """"))",0.020668428699999998,0.006531895239999999,0.020668428699999998,0.006531895239999999
bus547,true,bus-547,547,"Area(0, 0.0, 0.0, 0.0, Dict{String, Any}(""I"" => """", ""ARNAME"" => """", ""PTOL"" => """", ""PDES"" => """", ""ISW"" => """"))",0.288258986,0.10697875500000001,0.288258986,0.10697875500000001
bus3564,true,bus-3564,3564,"Area(0, 0.0, 0.0, 0.0, Dict{String, Any}(""I"" => """", ""ARNAME"" => """", ""PTOL"" => """", ""PDES"" => """", ""ISW"" => """"))",0.10539515099999999,0.030203435,0.10539515099999999,0.030203435
bus1960,true,bus-1960,1960,"Area(0, 0.0, 0.0, 0.0, Dict{String, Any}(""I"" => """", ""ARNAME"" => """", ""PTOL"" => """", ""PDES"" => """", ""ISW"" => """"))",0.0329531948,0.0104126768,0.0329531948,0.0104126768
bus2058,true,bus-2058,2058,"Area(0, 0.0, 0.0, 0.0, Dict{String, Any}(""I"" => """", ""ARNAME"" => """", ""PTOL"" => """", ""PDES"" => """", ""ISW"" => """"))",0.36217963599999997,0.132732825,0.36217963599999997,0.132732825
bus8570,true,bus-8570,8570,"Area(0, 0.0, 0.0, 0.0, Dict{String, Any}(""I"" => """", ""ARNAME"" => """", ""PTOL"" => """", ""PDES"" => """", ""ISW"" => """"))",0.35686787600000003,0.113739049,0.35686787600000003,0.113739049
bus292,true,bus-292,292,"Area(0, 0.0, 0.0, 0.0, Dict{String, Any}(""I"" => """", ""ARNAME"" => """", ""PTOL"" => """", ""PDES"" => """", ""ISW"" => """"))",0.19415612200000001,0.0471008573,0.19592600000000002,0.0471008573
bus2854,true,bus-2854,2854,"Area(0, 0.0, 0.0, 0.0, Dict{String, Any}(""I"" => """", ""ARNAME"" => """", ""PTOL"" => """", ""PDES"" => """", ""ISW"" => """"))",0.0419355537,0.0138260213,0.0419355537,0.0138260213
bus1580,true,bus-1580,1580,"Area(0, 0.0, 0.0, 0.0, Dict{String, Any}(""I"" => """", ""ARNAME"" => """", ""PTOL"" => """", ""PDES"" => """", ""ISW"" => """"))",0.147277872,0.0469426721,0.147277872,0.0469426721
bus1627,true,bus-1627,1627,"Area(0, 0.0, 0.0, 0.0, Dict{String, Any}(""I"" => """", ""ARNAME"" => """", ""PTOL"" => """", ""PDES"" => """", ""ISW"" => """"))",0.086775631,0.0247824585,0.086775631,0.0247824585
bus2236,true,bus-2236,2236,"Area(0, 0.0, 0.0, 0.0, Dict{String, Any}(""I"" => """", ""ARNAME"" => """", ""PTOL"" => """", ""PDES"" => """", ""ISW"" => """"))",0.16978482799999997,0.0607113019,0.16978482799999997,0.0607113019
bus17,true,bus-17,17,"Area(0, 0.0, 0.0, 0.0, Dict{String, Any}(""I"" => """", ""ARNAME"" => """", ""PTOL"" => """", ""PDES"" => """", ""ISW"" => """"))",0.464927618,0.137259567,0.464927618,0.137259567
bus1308,true,bus-1308,1308,"Area(0, 0.0, 0.0, 0.0, Dict{String, Any}(""I"" => """", ""ARNAME"" => """", ""PTOL"" => """", ""PDES"" => """", ""ISW"" => """"))",0.100253875,0.023922652599999997,0.100925,0.023922652599999997
bus2689,true,bus-2689,2689,"Area(0, 0.0, 0.0, 0.0, Dict{String, Any}(""I"" => """", ""ARNAME"" => """", ""PTOL"" => """", ""PDES"" => """", ""ISW"" => """"))",0.41037679400000004,0.12412855499999999,0.41037679400000004,0.12412855499999999
bus499,true,bus-499,499,"Area(0, 0.0, 0.0, 0.0, Dict{String, Any}(""I"" => """", ""ARNAME"" => """", ""PTOL"" => """", ""PDES"" => """", ""ISW"" => """"))",0.403377844,0.14455196,0.403377844,0.14455196
bus1530,true,bus-1530,1530,"Area(0, 0.0, 0.0, 0.0, Dict{String, Any}(""I"" => """", ""ARNAME"" => """", ""PTOL"" => """", ""PDES"" => """", ""ISW"" => """"))",0.126333367,0.04097328359999999,0.126333367,0.04097328359999999
bus2403,true,bus-2403,2403,"Area(0, 0.0, 0.0, 0.0, Dict{String, Any}(""I"" => """", ""ARNAME"" => """", ""PTOL"" => """", ""PDES"" => """", ""ISW"" => """"))",0.135558169,0.041445743300000004,0.135558169,0.041445743300000004
bus7573,true,bus-7573,7573,"Area(0, 0.0, 0.0, 0.0, Dict{String, Any}(""I"" => """", ""ARNAME"" => """", ""PTOL"" => """", ""PDES"" => """", ""ISW"" => """"))",0.043538338,0.0146636372,0.043538338,0.0146636372
bus568,true,bus-568,568,"Area(0, 0.0, 0.0, 0.0, Dict{String, Any}(""I"" => """", ""ARNAME"" => """", ""PTOL"" => """", ""PDES"" => """", ""ISW"" => """"))",0.0526590634,0.0171250028,0.0526590634,0.0171250028
bus2900,true,bus-2900,2900,"Area(0, 0.0, 0.0, 0.0, Dict{String, Any}(""I"" => """", ""ARNAME"" => """", ""PTOL"" => """", ""PDES"" => """", ""ISW"" => """"))",0.0677029812,0.0196585652,0.0677029812,0.0196585652
bus21,true,bus-21,21,"Area(0, 0.0, 0.0, 0.0, Dict{String, Any}(""I"" => """", ""ARNAME"" => """", ""PTOL"" => """", ""PDES"" => """", ""ISW"" => """"))",0.12790079099999999,0.0439501833,0.12790079099999999,0.0439501833
bus8019,true,bus-8019,8019,"Area(0, 0.0, 0.0, 0.0, Dict{String, Any}(""I"" => """", ""ARNAME"" => """", ""PTOL"" => """", ""PDES"" => """", ""ISW"" => """"))",0.610361414,0.187873537,0.610361414,0.187873537
bus2327,true,bus-2327,2327,"Area(0, 0.0, 0.0, 0.0, Dict{String, Any}(""I"" => """", ""ARNAME"" => """", ""PTOL"" => """", ""PDES"" => """", ""ISW"" => """"))",0.803561277,0.240143828,0.8625100000000001,0.240143828
bus7695,true,bus-7695,7695,"Area(0, 0.0, 0.0, 0.0, Dict{String, Any}(""I"" => """", ""ARNAME"" => """", ""PTOL"" => """", ""PDES"" => """", ""ISW"" => """"))",0.41563540699999996,0.146252707,0.41563540699999996,0.146252707
bus7787,true,bus-7787,7787,"Area(0, 0.0, 0.0, 0.0, Dict{String, Any}(""I"" => """", ""ARNAME"" => """", ""PTOL"" => """", ""PDES"" => """", ""ISW"" => """"))",0.15004555,0.055714460800000004,0.15004555,0.055714460800000004
bus1694,true,bus-1694,1694,"Area(0, 0.0, 0.0, 0.0, Dict{String, Any}(""I"" => """", ""ARNAME"" => """", ""PTOL"" => """", ""PDES"" => """", ""ISW"" => """"))",0.179922572,0.0424935705,0.179922572,0.0424935705
bus344,true,bus-344,344,"Area(0, 0.0, 0.0, 0.0, Dict{String, Any}(""I"" => """", ""ARNAME"" => """", ""PTOL"" => """", ""PDES"" => """", ""ISW"" => """"))",0.7530920329999999,0.232389458,0.7530920329999999,0.232389458
bus639,true,bus-639,639,"Area(0, 0.0, 0.0, 0.0, Dict{String, Any}(""I"" => """", ""ARNAME"" => """", ""PTOL"" => """", ""PDES"" => """", ""ISW"" => """"))",0.048958207399999995,0.0178353775,0.048958207399999995,0.0178353775
bus3009,true,bus-3009,3009,"Area(0, 0.0, 0.0, 0.0, Dict{String, Any}(""I"" => """", ""ARNAME"" => """", ""PTOL"" => """", ""PDES"" => """", ""ISW"" => """"))",0.0348889314,0.011221345599999998,0.0348889314,0.011221345599999998
bus1195,true,bus-1195,1195,"Area(0, 0.0, 0.0, 0.0, Dict{String, Any}(""I"" => """", ""ARNAME"" => """", ""PTOL"" => """", ""PDES"" => """", ""ISW"" => """"))",0.13022477500000001,0.0400235539,0.13022477500000001,0.0400235539
bus4517,true,bus-4517,4517,"Area(0, 0.0, 0.0, 0.0, Dict{String, Any}(""I"" => """", ""ARNAME"" => """", ""PTOL"" => """", ""PDES"" => """", ""ISW"" => """"))",0.0820079069,0.0248453536,0.0820079069,0.0248453536
bus507,true,bus-507,507,"Area(0, 0.0, 0.0, 0.0, Dict{String, Any}(""I"" => """", ""ARNAME"" => """", ""PTOL"" => """", ""PDES"" => """", ""ISW"" => """"))",0.139174381,0.0357572013,0.139174381,0.0357572013
bus2195,true,bus-2195,2195,"Area(0, 0.0, 0.0, 0.0, Dict{String, Any}(""I"" => """", ""ARNAME"" => """", ""PTOL"" => """", ""PDES"" => """", ""ISW"" => """"))",0.0456436246,0.018876370099999998,0.0456436246,0.018876370099999998
bus2198,true,bus-2198,2198,"Area(0, 0.0, 0.0, 0.0, Dict{String, Any}(""I"" => """", ""ARNAME"" => """", ""PTOL"" => """", ""PDES"" => """", ""ISW"" => """"))",1.05460031,0.21359556999999998,1.129976,0.21359556999999998
bus1328,true,bus-1328,1328,"Area(0, 0.0, 0.0, 0.0, Dict{String, Any}(""I"" => """", ""ARNAME"" => """", ""PTOL"" => """", ""PDES"" => """", ""ISW"" => """"))",0.0292059762,0.0100046401,0.0292059762,0.0100046401
bus2320,true,bus-2320,2320,"Area(0, 0.0, 0.0, 0.0, Dict{String, Any}(""I"" => """", ""ARNAME"" => """", ""PTOL"" => """", ""PDES"" => """", ""ISW"" => """"))",0.0928653338,0.0247340379,0.0928653338,0.0247340379
bus992,true,bus-992,992,"Area(0, 0.0, 0.0, 0.0, Dict{String, Any}(""I"" => """", ""ARNAME"" => """", ""PTOL"" => """", ""PDES"" => """", ""ISW"" => """"))",0.10057152600000001,0.0339418738,0.10057152600000001,0.0339418738
bus506,true,bus-506,506,"Area(0, 0.0, 0.0, 0.0, Dict{String, Any}(""I"" => """", ""ARNAME"" => """", ""PTOL"" => """", ""PDES"" => """", ""ISW"" => """"))",0.0241641371,0.0105915192,0.0241641371,0.0105915192
bus7,true,bus-7,7,"Area(0, 0.0, 0.0, 0.0, Dict{String, Any}(""I"" => """", ""ARNAME"" => """", ""PTOL"" => """", ""PDES"" => """", ""ISW"" => """"))",1.30119494,0.392228971,1.30119494,0.392228971
bus2879,true,bus-2879,2879,"Area(0, 0.0, 0.0, 0.0, Dict{String, Any}(""I"" => """", ""ARNAME"" => """", ""PTOL"" => """", ""PDES"" => """", ""ISW"" => """"))",0.24633662699999997,0.0722576932,0.26256,0.0722576932
bus707,true,bus-707,707,"Area(0, 0.0, 0.0, 0.0, Dict{String, Any}(""I"" => """", ""ARNAME"" => """", ""PTOL"" => """", ""PDES"" => """", ""ISW"" => """"))",0.0793142179,0.0273160874,0.0793142179,0.0273160874
bus2104,true,bus-2104,2104,"Area(0, 0.0, 0.0, 0.0, Dict{String, Any}(""I"" => """", ""ARNAME"" => """", ""PTOL"" => """", ""PDES"" => """", ""ISW"" => """"))",0.135941815,0.0383438145,0.135941815,0.0383438145
bus1164,true,bus-1164,1164,"Area(0, 0.0, 0.0, 0.0, Dict{String, Any}(""I"" => """", ""ARNAME"" => """", ""PTOL"" => """", ""PDES"" => """", ""ISW"" => """"))",0.0350921355,0.012750540500000001,0.0350921355,0.012750540500000001
bus620,true,bus-620,620,"Area(0, 0.0, 0.0, 0.0, Dict{String, Any}(""I"" => """", ""ARNAME"" => """", ""PTOL"" => """", ""PDES"" => """", ""ISW"" => """"))",0.0280025822,0.00871710086,0.0280025822,0.00871710086
bus7976,true,bus-7976,7976,"Area(0, 0.0, 0.0, 0.0, Dict{String, Any}(""I"" => """", ""ARNAME"" => """", ""PTOL"" => """", ""PDES"" => """", ""ISW"" => """"))",0.255568305,0.07668424489999999,0.255568305,0.07668424489999999
bus476,true,bus-476,476,"Area(0, 0.0, 0.0, 0.0, Dict{String, Any}(""I"" => """", ""ARNAME"" => """", ""PTOL"" => """", ""PDES"" => """", ""ISW"" => """"))",0.608948393,0.0996316661,0.61407,0.0996316661
bus538,true,bus-538,538,"Area(0, 0.0, 0.0, 0.0, Dict{String, Any}(""I"" => """", ""ARNAME"" => """", ""PTOL"" => """", ""PDES"" => """", ""ISW"" => """"))",0.278742486,0.09529559539999999,0.278742486,0.09529559539999999
bus4166,true,bus-4166,4166,"Area(0, 0.0, 0.0, 0.0, Dict{String, Any}(""I"" => """", ""ARNAME"" => """", ""PTOL"" => """", ""PDES"" => """", ""ISW"" => """"))",0.0601979266,0.0202395134,0.0601979266,0.0202395134
bus2266,true,bus-2266,2266,"Area(0, 0.0, 0.0, 0.0, Dict{String, Any}(""I"" => """", ""ARNAME"" => """", ""PTOL"" => """", ""PDES"" => """", ""ISW"" => """"))",0.0193464081,0.007381022,0.0193464081,0.007381022
bus2151,true,bus-2151,2151,"Area(0, 0.0, 0.0, 0.0, Dict{String, Any}(""I"" => """", ""ARNAME"" => """", ""PTOL"" => """", ""PDES"" => """", ""ISW"" => """"))",0.284233183,0.0622321902,0.301684,0.0622321902
bus6642,true,bus-6642,6642,"Area(0, 0.0, 0.0, 0.0, Dict{String, Any}(""I"" => """", ""ARNAME"" => """", ""PTOL"" => """", ""PDES"" => """", ""ISW"" => """"))",0.023253910699999998,0.00825419245,0.023253910699999998,0.00825419245
bus2031,true,bus-2031,2031,"Area(0, 0.0, 0.0, 0.0, Dict{String, Any}(""I"" => """", ""ARNAME"" => """", ""PTOL"" => """", ""PDES"" => """", ""ISW"" => """"))",0.35370696199999996,0.102617909,0.35370696199999996,0.102617909
bus1472,true,bus-1472,1472,"Area(0, 0.0, 0.0, 0.0, Dict{String, Any}(""I"" => """", ""ARNAME"" => """", ""PTOL"" => """", ""PDES"" => """", ""ISW"" => """"))",0.273668808,0.0870334038,0.273668808,0.0870334038
bus1267,true,bus-1267,1267,"Area(0, 0.0, 0.0, 0.0, Dict{String, Any}(""I"" => """", ""ARNAME"" => """", ""PTOL"" => """", ""PDES"" => """", ""ISW"" => """"))",0.0554436476,0.0182299682,0.0554436476,0.0182299682
bus1489,true,bus-1489,1489,"Area(0, 0.0, 0.0, 0.0, Dict{String, Any}(""I"" => """", ""ARNAME"" => """", ""PTOL"" => """", ""PDES"" => """", ""ISW"" => """"))",0.0535010687,0.0177423647,0.0535010687,0.0177423647
bus2987,true,bus-2987,2987,"Area(0, 0.0, 0.0, 0.0, Dict{String, Any}(""I"" => """", ""ARNAME"" => """", ""PTOL"" => """", ""PDES"" => """", ""ISW"" => """"))",0.0784665368,0.022189180500000003,0.0784665368,0.022189180500000003
bus958,true,bus-958,958,"Area(0, 0.0, 0.0, 0.0, Dict{String, Any}(""I"" => """", ""ARNAME"" => """", ""PTOL"" => """", ""PDES"" => """", ""ISW"" => """"))",0.0313831107,0.013220909400000001,0.0313831107,0.013220909400000001
bus2963,true,bus-2963,2963,"Area(0, 0.0, 0.0, 0.0, Dict{String, Any}(""I"" => """", ""ARNAME"" => """", ""PTOL"" => """", ""PDES"" => """", ""ISW"" => """"))",0.0589291954,0.0191548324,0.0589291954,0.0191548324
bus360,true,bus-360,360,"Area(0, 0.0, 0.0, 0.0, Dict{String, Any}(""I"" => """", ""ARNAME"" => """", ""PTOL"" => """", ""PDES"" => """", ""ISW"" => """"))",0.30395055,0.0881165576,0.30395055,0.0881165576
bus952,true,bus-952,952,"Area(0, 0.0, 0.0, 0.0, Dict{String, Any}(""I"" => """", ""ARNAME"" => """", ""PTOL"" => """", ""PDES"" => """", ""ISW"" => """"))",0.0328173634,0.0115107732,0.0328173634,0.0115107732
bus843,true,bus-843,843,"Area(0, 0.0, 0.0, 0.0, Dict{String, Any}(""I"" => """", ""ARNAME"" => """", ""PTOL"" => """", ""PDES"" => """", ""ISW"" => """"))",0.060744973699999996,0.020032852700000003,0.060744973699999996,0.020032852700000003
bus949,true,bus-949,949,"Area(0, 0.0, 0.0, 0.0, Dict{String, Any}(""I"" => """", ""ARNAME"" => """", ""PTOL"" => """", ""PDES"" => """", ""ISW"" => """"))",0.09338341639999999,0.029159874000000002,0.09338341639999999,0.029159874000000002
bus2341,true,bus-2341,2341,"Area(0, 0.0, 0.0, 0.0, Dict{String, Any}(""I"" => """", ""ARNAME"" => """", ""PTOL"" => """", ""PDES"" => """", ""ISW"" => """"))",0.039798579699999996,0.0125898937,0.039798579699999996,0.0125898937
bus346,true,bus-346,346,"Area(0, 0.0, 0.0, 0.0, Dict{String, Any}(""I"" => """", ""ARNAME"" => """", ""PTOL"" => """", ""PDES"" => """", ""ISW"" => """"))",0.161656272,0.0559328801,0.161656272,0.0559328801
bus2218,true,bus-2218,2218,"Area(0, 0.0, 0.0, 0.0, Dict{String, Any}(""I"" => """", ""ARNAME"" => """", ""PTOL"" => """", ""PDES"" => """", ""ISW"" => """"))",0.688961368,0.167418643,0.688961368,0.167418643
bus2369,true,bus-2369,2369,"Area(0, 0.0, 0.0, 0.0, Dict{String, Any}(""I"" => """", ""ARNAME"" => """", ""PTOL"" => """", ""PDES"" => """", ""ISW"" => """"))",0.519484519,0.168218627,0.519484519,0.168218627
bus2278,true,bus-2278,2278,"Area(0, 0.0, 0.0, 0.0, Dict{String, Any}(""I"" => """", ""ARNAME"" => """", ""PTOL"" => """", ""PDES"" => """", ""ISW"" => """"))",0.013936644199999999,0.00454411342,0.013936644199999999,0.00454411342
bus2144,true,bus-2144,2144,"Area(0, 0.0, 0.0, 0.0, Dict{String, Any}(""I"" => """", ""ARNAME"" => """", ""PTOL"" => """", ""PDES"" => """", ""ISW"" => """"))",0.167030024,0.0591684894,0.167030024,0.0591684894
bus1218,true,bus-1218,1218,"Area(0, 0.0, 0.0, 0.0, Dict{String, Any}(""I"" => """", ""ARNAME"" => """", ""PTOL"" => """", ""PDES"" => """", ""ISW"" => """"))",0.05924783040000001,0.0176449004,0.05924783040000001,0.0176449004
bus553,true,bus-553,553,"Area(0, 0.0, 0.0, 0.0, Dict{String, Any}(""I"" => """", ""ARNAME"" => """", ""PTOL"" => """", ""PDES"" => """", ""ISW"" => """"))",0.223590316,0.073193179,0.223590316,0.073193179
bus7867,true,bus-7867,7867,"Area(0, 0.0, 0.0, 0.0, Dict{String, Any}(""I"" => """", ""ARNAME"" => """", ""PTOL"" => """", ""PDES"" => """", ""ISW"" => """"))",0.31369959000000003,0.11686842,0.31369959000000003,0.11686842
bus4037,true,bus-4037,4037,"Area(0, 0.0, 0.0, 0.0, Dict{String, Any}(""I"" => """", ""ARNAME"" => """", ""PTOL"" => """", ""PDES"" => """", ""ISW"" => """"))",0.0534706522,0.0194949429,0.0534706522,0.0194949429
bus549,true,bus-549,549,"Area(0, 0.0, 0.0, 0.0, Dict{String, Any}(""I"" => """", ""ARNAME"" => """", ""PTOL"" => """", ""PDES"" => """", ""ISW"" => """"))",0.0918672408,0.0326243955,0.0918672408,0.0326243955
bus4407,true,bus-4407,4407,"Area(0, 0.0, 0.0, 0.0, Dict{String, Any}(""I"" => """", ""ARNAME"" => """", ""PTOL"" => """", ""PDES"" => """", ""ISW"" => """"))",0.0364882651,0.013040022,0.0364882651,0.013040022
bus2502,true,bus-2502,2502,"Area(0, 0.0, 0.0, 0.0, Dict{String, Any}(""I"" => """", ""ARNAME"" => """", ""PTOL"" => """", ""PDES"" => """", ""ISW"" => """"))",0.10252975599999999,0.0304213302,0.10252975599999999,0.0304213302
bus6553,true,bus-6553,6553,"Area(0, 0.0, 0.0, 0.0, Dict{String, Any}(""I"" => """", ""ARNAME"" => """", ""PTOL"" => """", ""PDES"" => """", ""ISW"" => """"))",0.0582399897,0.0196894038,0.0582399897,0.0196894038
bus4336,true,bus-4336,4336,"Area(0, 0.0, 0.0, 0.0, Dict{String, Any}(""I"" => """", ""ARNAME"" => """", ""PTOL"" => """", ""PDES"" => """", ""ISW"" => """"))",0.0379027238,0.0125770801,0.0379027238,0.0125770801
bus1915,true,bus-1915,1915,"Area(0, 0.0, 0.0, 0.0, Dict{String, Any}(""I"" => """", ""ARNAME"" => """", ""PTOL"" => """", ""PDES"" => """", ""ISW"" => """"))",0.123749521,0.0349893952,0.123749521,0.0349893952
bus7534,true,bus-7534,7534,"Area(0, 0.0, 0.0, 0.0, Dict{String, Any}(""I"" => """", ""ARNAME"" => """", ""PTOL"" => """", ""PDES"" => """", ""ISW"" => """"))",0.05026309129999999,0.0191617224,0.05026309129999999,0.0191617224
bus629,true,bus-629,629,"Area(0, 0.0, 0.0, 0.0, Dict{String, Any}(""I"" => """", ""ARNAME"" => """", ""PTOL"" => """", ""PDES"" => """", ""ISW"" => """"))",0.0903653296,0.024634592099999998,0.093065,0.024634592099999998
bus1172,true,bus-1172,1172,"Area(0, 0.0, 0.0, 0.0, Dict{String, Any}(""I"" => """", ""ARNAME"" => """", ""PTOL"" => """", ""PDES"" => """", ""ISW"" => """"))",0.241929836,0.0715560762,0.241929836,0.0715560762
bus1088,true,bus-1088,1088,"Area(0, 0.0, 0.0, 0.0, Dict{String, Any}(""I"" => """", ""ARNAME"" => """", ""PTOL"" => """", ""PDES"" => """", ""ISW"" => """"))",0.191130562,0.0549345128,0.191130562,0.0549345128
bus2395,true,bus-2395,2395,"Area(0, 0.0, 0.0, 0.0, Dict{String, Any}(""I"" => """", ""ARNAME"" => """", ""PTOL"" => """", ""PDES"" => """", ""ISW"" => """"))",0.010997934000000001,0.00424860345,0.010997934000000001,0.00424860345
bus1047,true,bus-1047,1047,"Area(0, 0.0, 0.0, 0.0, Dict{String, Any}(""I"" => """", ""ARNAME"" => """", ""PTOL"" => """", ""PDES"" => """", ""ISW"" => """"))",0.050061152399999996,0.020970632500000003,0.050061152399999996,0.020970632500000003
bus212,true,bus-212,212,"Area(0, 0.0, 0.0, 0.0, Dict{String, Any}(""I"" => """", ""ARNAME"" => """", ""PTOL"" => """", ""PDES"" => """", ""ISW"" => """"))",0.0982408028,0.032489197500000004,0.098625,0.032489197500000004
bus906,true,bus-906,906,"Area(0, 0.0, 0.0, 0.0, Dict{String, Any}(""I"" => """", ""ARNAME"" => """", ""PTOL"" => """", ""PDES"" => """", ""ISW"" => """"))",0.0467051389,0.0161835233,0.0467051389,0.0161835233
bus67,true,bus-67,67,"Area(0, 0.0, 0.0, 0.0, Dict{String, Any}(""I"" => """", ""ARNAME"" => """", ""PTOL"" => """", ""PDES"" => """", ""ISW"" => """"))",0.0320898239,0.00908876477,0.0320898239,0.00908876477
bus1609,true,bus-1609,1609,"Area(0, 0.0, 0.0, 0.0, Dict{String, Any}(""I"" => """", ""ARNAME"" => """", ""PTOL"" => """", ""PDES"" => """", ""ISW"" => """"))",0.020190867799999998,0.00611212578,0.020190867799999998,0.00611212578
bus7069,true,bus-7069,7069,"Area(0, 0.0, 0.0, 0.0, Dict{String, Any}(""I"" => """", ""ARNAME"" => """", ""PTOL"" => """", ""PDES"" => """", ""ISW"" => """"))",0.20661997599999998,0.059014539399999996,0.215316,0.059014539399999996
bus362,true,bus-362,362,"Area(0, 0.0, 0.0, 0.0, Dict{String, Any}(""I"" => """", ""ARNAME"" => """", ""PTOL"" => """", ""PDES"" => """", ""ISW"" => """"))",0.19848627900000002,0.05721138319999999,0.19848627900000002,0.05721138319999999
bus3899,true,bus-3899,3899,"Area(0, 0.0, 0.0, 0.0, Dict{String, Any}(""I"" => """", ""ARNAME"" => """", ""PTOL"" => """", ""PDES"" => """", ""ISW"" => """"))",0.285970719,0.075764913,0.294402,0.075764913
bus696,true,bus-696,696,"Area(0, 0.0, 0.0, 0.0, Dict{String, Any}(""I"" => """", ""ARNAME"" => """", ""PTOL"" => """", ""PDES"" => """", ""ISW"" => """"))",0.231928317,0.0812990633,0.231928317,0.0812990633
bus941,true,bus-941,941,"Area(0, 0.0, 0.0, 0.0, Dict{String, Any}(""I"" => """", ""ARNAME"" => """", ""PTOL"" => """", ""PDES"" => """", ""ISW"" => """"))",0.049119072800000003,0.014393156899999999,0.049119072800000003,0.014393156899999999
bus3483,true,bus-3483,3483,"Area(0, 0.0, 0.0, 0.0, Dict{String, Any}(""I"" => """", ""ARNAME"" => """", ""PTOL"" => """", ""PDES"" => """", ""ISW"" => """"))",0.085661597,0.028784417800000003,0.085661597,0.028784417800000003
bus69,true,bus-69,69,"Area(0, 0.0, 0.0, 0.0, Dict{String, Any}(""I"" => """", ""ARNAME"" => """", ""PTOL"" => """", ""PDES"" => """", ""ISW"" => """"))",0.189960297,0.0626890899,0.189960297,0.0626890899
bus1370,true,bus-1370,1370,"Area(0, 0.0, 0.0, 0.0, Dict{String, Any}(""I"" => """", ""ARNAME"" => """", ""PTOL"" => """", ""PDES"" => """", ""ISW"" => """"))",0.064543228,0.025413243900000004,0.064543228,0.025413243900000004
bus1225,true,bus-1225,1225,"Area(0, 0.0, 0.0, 0.0, Dict{String, Any}(""I"" => """", ""ARNAME"" => """", ""PTOL"" => """", ""PDES"" => """", ""ISW"" => """"))",0.0476700869,0.014074758599999999,0.0476700869,0.014074758599999999
bus8861,true,bus-8861,8861,"Area(0, 0.0, 0.0, 0.0, Dict{String, Any}(""I"" => """", ""ARNAME"" => """", ""PTOL"" => """", ""PDES"" => """", ""ISW"" => """"))",0.0413416331,0.0123185041,0.0413416331,0.0123185041
bus2980,true,bus-2980,2980,"Area(0, 0.0, 0.0, 0.0, Dict{String, Any}(""I"" => """", ""ARNAME"" => """", ""PTOL"" => """", ""PDES"" => """", ""ISW"" => """"))",0.0199177239,0.00846150641,0.0199177239,0.00846150641
bus7610,true,bus-7610,7610,"Area(0, 0.0, 0.0, 0.0, Dict{String, Any}(""I"" => """", ""ARNAME"" => """", ""PTOL"" => """", ""PDES"" => """", ""ISW"" => """"))",0.0097038824,0.00351165941,0.0097038824,0.00351165941
bus8135,true,bus-8135,8135,"Area(0, 0.0, 0.0, 0.0, Dict{String, Any}(""I"" => """", ""ARNAME"" => """", ""PTOL"" => """", ""PDES"" => """", ""ISW"" => """"))",0.0912881974,0.0317001072,0.0912881974,0.0317001072
bus6802,true,bus-6802,6802,"Area(0, 0.0, 0.0, 0.0, Dict{String, Any}(""I"" => """", ""ARNAME"" => """", ""PTOL"" => """", ""PDES"" => """", ""ISW"" => """"))",0.125852353,0.035950419,0.125852353,0.035950419
bus6650,true,bus-6650,6650,"Area(0, 0.0, 0.0, 0.0, Dict{String, Any}(""I"" => """", ""ARNAME"" => """", ""PTOL"" => """", ""PDES"" => """", ""ISW"" => """"))",0.043936355,0.019721769899999998,0.043936355,0.019721769899999998
bus522,true,bus-522,522,"Area(0, 0.0, 0.0, 0.0, Dict{String, Any}(""I"" => """", ""ARNAME"" => """", ""PTOL"" => """", ""PDES"" => """", ""ISW"" => """"))",0.14778282,0.0278917182,0.148265,0.0278917182
bus637,true,bus-637,637,"Area(0, 0.0, 0.0, 0.0, Dict{String, Any}(""I"" => """", ""ARNAME"" => """", ""PTOL"" => """", ""PDES"" => """", ""ISW"" => """"))",0.241328054,0.0860126524,0.241328054,0.0860126524
bus8501,true,bus-8501,8501,"Area(0, 0.0, 0.0, 0.0, Dict{String, Any}(""I"" => """", ""ARNAME"" => """", ""PTOL"" => """", ""PDES"" => """", ""ISW"" => """"))",0.10918737,0.0385592378,0.10918737,0.0385592378
bus4504,true,bus-4504,4504,"Area(0, 0.0, 0.0, 0.0, Dict{String, Any}(""I"" => """", ""ARNAME"" => """", ""PTOL"" => """", ""PDES"" => """", ""ISW"" => """"))",0.0486596765,0.0161559739,0.0486596765,0.0161559739
bus979,true,bus-979,979,"Area(0, 0.0, 0.0, 0.0, Dict{String, Any}(""I"" => """", ""ARNAME"" => """", ""PTOL"" => """", ""PDES"" => """", ""ISW"" => """"))",0.0393827272,0.017739469299999998,0.0393827272,0.017739469299999998
bus1947,true,bus-1947,1947,"Area(0, 0.0, 0.0, 0.0, Dict{String, Any}(""I"" => """", ""ARNAME"" => """", ""PTOL"" => """", ""PDES"" => """", ""ISW"" => """"))",0.054553900999999995,0.0218625699,0.054553900999999995,0.0218625699
bus1224,true,bus-1224,1224,"Area(0, 0.0, 0.0, 0.0, Dict{String, Any}(""I"" => """", ""ARNAME"" => """", ""PTOL"" => """", ""PDES"" => """", ""ISW"" => """"))",0.008151520439999999,0.00239367884,0.008151520439999999,0.00239367884
bus7999,true,bus-7999,7999,"Area(0, 0.0, 0.0, 0.0, Dict{String, Any}(""I"" => """", ""ARNAME"" => """", ""PTOL"" => """", ""PDES"" => """", ""ISW"" => """"))",0.283533737,0.0729465878,0.283533737,0.0729465878
bus1992,true,bus-1992,1992,"Area(0, 0.0, 0.0, 0.0, Dict{String, Any}(""I"" => """", ""ARNAME"" => """", ""PTOL"" => """", ""PDES"" => """", ""ISW"" => """"))",0.46424225999999996,0.125774853,0.49605899999999997,0.125774853
bus690,true,bus-690,690,"Area(0, 0.0, 0.0, 0.0, Dict{String, Any}(""I"" => """", ""ARNAME"" => """", ""PTOL"" => """", ""PDES"" => """", ""ISW"" => """"))",0.250720485,0.0766751366,0.250720485,0.0766751366
bus1963,true,bus-1963,1963,"Area(0, 0.0, 0.0, 0.0, Dict{String, Any}(""I"" => """", ""ARNAME"" => """", ""PTOL"" => """", ""PDES"" => """", ""ISW"" => """"))",0.263128315,0.0706404851,0.263128315,0.0706404851
bus3017,true,bus-3017,3017,"Area(0, 0.0, 0.0, 0.0, Dict{String, Any}(""I"" => """", ""ARNAME"" => """", ""PTOL"" => """", ""PDES"" => """", ""ISW"" => """"))",0.31095857,0.08083055119999999,0.316926,0.08083055119999999
bus2057,true,bus-2057,2057,"Area(0, 0.0, 0.0, 0.0, Dict{String, Any}(""I"" => """", ""ARNAME"" => """", ""PTOL"" => """", ""PDES"" => """", ""ISW"" => """"))",0.364830543,0.10007877600000001,0.364830543,0.10007877600000001
bus8571,true,bus-8571,8571,"Area(0, 0.0, 0.0, 0.0, Dict{String, Any}(""I"" => """", ""ARNAME"" => """", ""PTOL"" => """", ""PDES"" => """", ""ISW"" => """"))",0.519771208,0.146157276,0.519771208,0.146157276
bus1103,true,bus-1103,1103,"Area(0, 0.0, 0.0, 0.0, Dict{String, Any}(""I"" => """", ""ARNAME"" => """", ""PTOL"" => """", ""PDES"" => """", ""ISW"" => """"))",0.239668877,0.089544774,0.239668877,0.089544774
bus8459,true,bus-8459,8459,"Area(0, 0.0, 0.0, 0.0, Dict{String, Any}(""I"" => """", ""ARNAME"" => """", ""PTOL"" => """", ""PDES"" => """", ""ISW"" => """"))",0.0809380845,0.0264114028,0.0809380845,0.0264114028
bus1493,true,bus-1493,1493,"Area(0, 0.0, 0.0, 0.0, Dict{String, Any}(""I"" => """", ""ARNAME"" => """", ""PTOL"" => """", ""PDES"" => """", ""ISW"" => """"))",0.09074953949999999,0.0322097861,0.09074953949999999,0.0322097861
bus1034,true,bus-1034,1034,"Area(0, 0.0, 0.0, 0.0, Dict{String, Any}(""I"" => """", ""ARNAME"" => """", ""PTOL"" => """", ""PDES"" => """", ""ISW"" => """"))",0.08282164180000001,0.03185417,0.08282164180000001,0.03185417
bus6507,true,bus-6507,6507,"Area(0, 0.0, 0.0, 0.0, Dict{String, Any}(""I"" => """", ""ARNAME"" => """", ""PTOL"" => """", ""PDES"" => """", ""ISW"" => """"))",0.128982711,0.0312941448,0.128982711,0.0312941448
bus1894,true,bus-1894,1894,"Area(0, 0.0, 0.0, 0.0, Dict{String, Any}(""I"" => """", ""ARNAME"" => """", ""PTOL"" => """", ""PDES"" => """", ""ISW"" => """"))",0.0966394922,0.0379472859,0.0966394922,0.0379472859
bus2301,true,bus-2301,2301,"Area(0, 0.0, 0.0, 0.0, Dict{String, Any}(""I"" => """", ""ARNAME"" => """", ""PTOL"" => """", ""PDES"" => """", ""ISW"" => """"))",0.0343545531,0.0123975522,0.0343545531,0.0123975522
bus2069,true,bus-2069,2069,"Area(0, 0.0, 0.0, 0.0, Dict{String, Any}(""I"" => """", ""ARNAME"" => """", ""PTOL"" => """", ""PDES"" => """", ""ISW"" => """"))",0.44561567599999996,0.117182166,0.44577800000000006,0.117182166
bus867,true,bus-867,867,"Area(0, 0.0, 0.0, 0.0, Dict{String, Any}(""I"" => """", ""ARNAME"" => """", ""PTOL"" => """", ""PDES"" => """", ""ISW"" => """"))",0.046789889999999994,0.0138507567,0.046789889999999994,0.0138507567
bus3675,true,bus-3675,3675,"Area(0, 0.0, 0.0, 0.0, Dict{String, Any}(""I"" => """", ""ARNAME"" => """", ""PTOL"" => """", ""PDES"" => """", ""ISW"" => """"))",0.300242724,0.0772093038,0.311318,0.0772093038
bus2109,true,bus-2109,2109,"Area(0, 0.0, 0.0, 0.0, Dict{String, Any}(""I"" => """", ""ARNAME"" => """", ""PTOL"" => """", ""PDES"" => """", ""ISW"" => """"))",0.683902733,0.16146234499999998,0.7250740000000001,0.16146234499999998
bus2034,true,bus-2034,2034,"Area(0, 0.0, 0.0, 0.0, Dict{String, Any}(""I"" => """", ""ARNAME"" => """", ""PTOL"" => """", ""PDES"" => """", ""ISW"" => """"))",0.259026624,0.0692267114,0.259026624,0.0692267114
bus2804,true,bus-2804,2804,"Area(0, 0.0, 0.0, 0.0, Dict{String, Any}(""I"" => """", ""ARNAME"" => """", ""PTOL"" => """", ""PDES"" => """", ""ISW"" => """"))",0.0760194988,0.0274872782,0.0760194988,0.0274872782
bus7539,true,bus-7539,7539,"Area(0, 0.0, 0.0, 0.0, Dict{String, Any}(""I"" => """", ""ARNAME"" => """", ""PTOL"" => """", ""PDES"" => """", ""ISW"" => """"))",0.160644807,0.0425101422,0.160644807,0.0425101422
bus19,true,bus-19,19,"Area(0, 0.0, 0.0, 0.0, Dict{String, Any}(""I"" => """", ""ARNAME"" => """", ""PTOL"" => """", ""PDES"" => """", ""ISW"" => """"))",0.47200062099999995,0.12144249200000001,0.47200062099999995,0.12144249200000001
bus2916,true,bus-2916,2916,"Area(0, 0.0, 0.0, 0.0, Dict{String, Any}(""I"" => """", ""ARNAME"" => """", ""PTOL"" => """", ""PDES"" => """", ""ISW"" => """"))",0.424330158,0.09850072450000001,0.427502,0.09850072450000001
bus260,true,bus-260,260,"Area(0, 0.0, 0.0, 0.0, Dict{String, Any}(""I"" => """", ""ARNAME"" => """", ""PTOL"" => """", ""PDES"" => """", ""ISW"" => """"))",0.0631707447,0.021141867300000002,0.0631707447,0.021141867300000002
bus1872,true,bus-1872,1872,"Area(0, 0.0, 0.0, 0.0, Dict{String, Any}(""I"" => """", ""ARNAME"" => """", ""PTOL"" => """", ""PDES"" => """", ""ISW"" => """"))",0.151695839,0.055782111700000005,0.151695839,0.055782111700000005
bus2085,true,bus-2085,2085,"Area(0, 0.0, 0.0, 0.0, Dict{String, Any}(""I"" => """", ""ARNAME"" => """", ""PTOL"" => """", ""PDES"" => """", ""ISW"" => """"))",0.377977761,0.12879431800000002,0.377977761,0.12879431800000002
bus7011,true,bus-7011,7011,"Area(0, 0.0, 0.0, 0.0, Dict{String, Any}(""I"" => """", ""ARNAME"" => """", ""PTOL"" => """", ""PDES"" => """", ""ISW"" => """"))",0.236366049,0.061904217,0.236366049,0.061904217
bus371,true,bus-371,371,"Area(0, 0.0, 0.0, 0.0, Dict{String, Any}(""I"" => """", ""ARNAME"" => """", ""PTOL"" => """", ""PDES"" => """", ""ISW"" => """"))",0.708124895,0.245355459,0.708124895,0.245355459
bus544,true,bus-544,544,"Area(0, 0.0, 0.0, 0.0, Dict{String, Any}(""I"" => """", ""ARNAME"" => """", ""PTOL"" => """", ""PDES"" => """", ""ISW"" => """"))",0.09255630990000001,0.0268003939,0.09255630990000001,0.0268003939
bus632,true,bus-632,632,"Area(0, 0.0, 0.0, 0.0, Dict{String, Any}(""I"" => """", ""ARNAME"" => """", ""PTOL"" => """", ""PDES"" => """", ""ISW"" => """"))",0.05383839520000001,0.0189749733,0.05383839520000001,0.0189749733
bus1554,true,bus-1554,1554,"Area(0, 0.0, 0.0, 0.0, Dict{String, Any}(""I"" => """", ""ARNAME"" => """", ""PTOL"" => """", ""PDES"" => """", ""ISW"" => """"))",0.0239659516,0.00956652772,0.0239659516,0.00956652772
bus1698,true,bus-1698,1698,"Area(0, 0.0, 0.0, 0.0, Dict{String, Any}(""I"" => """", ""ARNAME"" => """", ""PTOL"" => """", ""PDES"" => """", ""ISW"" => """"))",0.132600218,0.0413849842,0.132600218,0.0413849842
bus1247,true,bus-1247,1247,"Area(0, 0.0, 0.0, 0.0, Dict{String, Any}(""I"" => """", ""ARNAME"" => """", ""PTOL"" => """", ""PDES"" => """", ""ISW"" => """"))",0.53273118,0.166653052,0.53273118,0.166653052
bus493,true,bus-493,493,"Area(0, 0.0, 0.0, 0.0, Dict{String, Any}(""I"" => """", ""ARNAME"" => """", ""PTOL"" => """", ""PDES"" => """", ""ISW"" => """"))",0.0497936109,0.0173964381,0.0497936109,0.0173964381
bus863,true,bus-863,863,"Area(0, 0.0, 0.0, 0.0, Dict{String, Any}(""I"" => """", ""ARNAME"" => """", ""PTOL"" => """", ""PDES"" => """", ""ISW"" => """"))",0.0261216893,0.00937019933,0.0261216893,0.00937019933
bus1210,true,bus-1210,1210,"Area(0, 0.0, 0.0, 0.0, Dict{String, Any}(""I"" => """", ""ARNAME"" => """", ""PTOL"" => """", ""PDES"" => """", ""ISW"" => """"))",0.0835713419,0.0297815698,0.0835713419,0.0297815698
bus427,true,bus-427,427,"Area(0, 0.0, 0.0, 0.0, Dict{String, Any}(""I"" => """", ""ARNAME"" => """", ""PTOL"" => """", ""PDES"" => """", ""ISW"" => """"))",0.0347531195,0.0127630873,0.0347531195,0.0127630873
bus6606,true,bus-6606,6606,"Area(0, 0.0, 0.0, 0.0, Dict{String, Any}(""I"" => """", ""ARNAME"" => """", ""PTOL"" => """", ""PDES"" => """", ""ISW"" => """"))",0.325619053,0.0749401861,0.325619053,0.0749401861
bus180,true,bus-180,180,"Area(0, 0.0, 0.0, 0.0, Dict{String, Any}(""I"" => """", ""ARNAME"" => """", ""PTOL"" => """", ""PDES"" => """", ""ISW"" => """"))",0.08638255239999999,0.0312890573,0.08638255239999999,0.0312890573
bus7896,true,bus-7896,7896,"Area(0, 0.0, 0.0, 0.0, Dict{String, Any}(""I"" => """", ""ARNAME"" => """", ""PTOL"" => """", ""PDES"" => """", ""ISW"" => """"))",0.14699874400000001,0.0484821361,0.14699874400000001,0.0484821361
bus1250,true,bus-1250,1250,"Area(0, 0.0, 0.0, 0.0, Dict{String, Any}(""I"" => """", ""ARNAME"" => """", ""PTOL"" => """", ""PDES"" => """", ""ISW"" => """"))",0.47741692399999996,0.140259637,0.47741692399999996,0.140259637
bus3757,true,bus-3757,3757,"Area(0, 0.0, 0.0, 0.0, Dict{String, Any}(""I"" => """", ""ARNAME"" => """", ""PTOL"" => """", ""PDES"" => """", ""ISW"" => """"))",0.0738537138,0.026890228999999998,0.0738537138,0.026890228999999998
bus4164,true,bus-4164,4164,"Area(0, 0.0, 0.0, 0.0, Dict{String, Any}(""I"" => """", ""ARNAME"" => """", ""PTOL"" => """", ""PDES"" => """", ""ISW"" => """"))",0.08568994079999999,0.028819384,0.08568994079999999,0.028819384
bus7013,true,bus-7013,7013,"Area(0, 0.0, 0.0, 0.0, Dict{String, Any}(""I"" => """", ""ARNAME"" => """", ""PTOL"" => """", ""PDES"" => """", ""ISW"" => """"))",0.110074574,0.0358253432,0.110074574,0.0358253432
bus267,true,bus-267,267,"Area(0, 0.0, 0.0, 0.0, Dict{String, Any}(""I"" => """", ""ARNAME"" => """", ""PTOL"" => """", ""PDES"" => """", ""ISW"" => """"))",0.0745107401,0.025556132100000004,0.0745107401,0.025556132100000004
bus2055,true,bus-2055,2055,"Area(0, 0.0, 0.0, 0.0, Dict{String, Any}(""I"" => """", ""ARNAME"" => """", ""PTOL"" => """", ""PDES"" => """", ""ISW"" => """"))",0.311468205,0.090199907,0.311468205,0.090199907
bus1238,true,bus-1238,1238,"Area(0, 0.0, 0.0, 0.0, Dict{String, Any}(""I"" => """", ""ARNAME"" => """", ""PTOL"" => """", ""PDES"" => """", ""ISW"" => """"))",0.240034586,0.07299246969999999,0.257442,0.07299246969999999
bus2021,true,bus-2021,2021,"Area(0, 0.0, 0.0, 0.0, Dict{String, Any}(""I"" => """", ""ARNAME"" => """", ""PTOL"" => """", ""PDES"" => """", ""ISW"" => """"))",0.17157081500000002,0.0552893648,0.17157081500000002,0.0552893648
bus2190,true,bus-2190,2190,"Area(0, 0.0, 0.0, 0.0, Dict{String, Any}(""I"" => """", ""ARNAME"" => """", ""PTOL"" => """", ""PDES"" => """", ""ISW"" => """"))",0.0325522854,0.0116257276,0.0325522854,0.0116257276
bus8117,true,bus-8117,8117,"Area(0, 0.0, 0.0, 0.0, Dict{String, Any}(""I"" => """", ""ARNAME"" => """", ""PTOL"" => """", ""PDES"" => """", ""ISW"" => """"))",0.480191364,0.145264154,0.480191364,0.145264154
bus1356,true,bus-1356,1356,"Area(0, 0.0, 0.0, 0.0, Dict{String, Any}(""I"" => """", ""ARNAME"" => """", ""PTOL"" => """", ""PDES"" => """", ""ISW"" => """"))",0.26274049099999996,0.0847875739,0.26274049099999996,0.0847875739
bus1515,true,bus-1515,1515,"Area(0, 0.0, 0.0, 0.0, Dict{String, Any}(""I"" => """", ""ARNAME"" => """", ""PTOL"" => """", ""PDES"" => """", ""ISW"" => """"))",0.0379985318,0.00981934754,0.0379985318,0.00981934754
bus484,true,bus-484,484,"Area(0, 0.0, 0.0, 0.0, Dict{String, Any}(""I"" => """", ""ARNAME"" => """", ""PTOL"" => """", ""PDES"" => """", ""ISW"" => """"))",0.70328,0.24372379500000002,0.70328,0.24372379500000002
bus2512,true,bus-2512,2512,"Area(0, 0.0, 0.0, 0.0, Dict{String, Any}(""I"" => """", ""ARNAME"" => """", ""PTOL"" => """", ""PDES"" => """", ""ISW"" => """"))",0.043059557,0.0152365183,0.043059557,0.0152365183
bus1393,true,bus-1393,1393,"Area(0, 0.0, 0.0, 0.0, Dict{String, Any}(""I"" => """", ""ARNAME"" => """", ""PTOL"" => """", ""PDES"" => """", ""ISW"" => """"))",0.0680409753,0.022008159200000002,0.0680409753,0.022008159200000002
bus8,true,bus-8,8,"Area(0, 0.0, 0.0, 0.0, Dict{String, Any}(""I"" => """", ""ARNAME"" => """", ""PTOL"" => """", ""PDES"" => """", ""ISW"" => """"))",0.657624416,0.18118602500000003,0.657624416,0.18118602500000003
bus939,true,bus-939,939,"Area(0, 0.0, 0.0, 0.0, Dict{String, Any}(""I"" => """", ""ARNAME"" => """", ""PTOL"" => """", ""PDES"" => """", ""ISW"" => """"))",0.0403968012,0.01532,0.0403968012,0.01532
bus5152,true,bus-5152,5152,"Area(0, 0.0, 0.0, 0.0, Dict{String, Any}(""I"" => """", ""ARNAME"" => """", ""PTOL"" => """", ""PDES"" => """", ""ISW"" => """"))",0.312547607,0.1166223,0.312547607,0.1166223
bus310,true,bus-310,310,"Area(0, 0.0, 0.0, 0.0, Dict{String, Any}(""I"" => """", ""ARNAME"" => """", ""PTOL"" => """", ""PDES"" => """", ""ISW"" => """"))",0.0298984904,0.010762720699999999,0.0298984904,0.010762720699999999
bus793,true,bus-793,793,"Area(0, 0.0, 0.0, 0.0, Dict{String, Any}(""I"" => """", ""ARNAME"" => """", ""PTOL"" => """", ""PDES"" => """", ""ISW"" => """"))",0.314692087,0.10849745300000001,0.314692087,0.10849745300000001
bus4514,true,bus-4514,4514,"Area(0, 0.0, 0.0, 0.0, Dict{String, Any}(""I"" => """", ""ARNAME"" => """", ""PTOL"" => """", ""PDES"" => """", ""ISW"" => """"))",0.0427088531,0.0156757759,0.0427088531,0.0156757759
bus5039,true,bus-5039,5039,"Area(0, 0.0, 0.0, 0.0, Dict{String, Any}(""I"" => """", ""ARNAME"" => """", ""PTOL"" => """", ""PDES"" => """", ""ISW"" => """"))",0.028361056,0.0113407795,0.028361056,0.0113407795
bus87,true,bus-87,87,"Area(0, 0.0, 0.0, 0.0, Dict{String, Any}(""I"" => """", ""ARNAME"" => """", ""PTOL"" => """", ""PDES"" => """", ""ISW"" => """"))",0.0432136332,0.012065063300000001,0.0432136332,0.012065063300000001
bus1464,true,bus-1464,1464,"Area(0, 0.0, 0.0, 0.0, Dict{String, Any}(""I"" => """", ""ARNAME"" => """", ""PTOL"" => """", ""PDES"" => """", ""ISW"" => """"))",0.319707798,0.110856747,0.319707798,0.110856747
bus1628,true,bus-1628,1628,"Area(0, 0.0, 0.0, 0.0, Dict{String, Any}(""I"" => """", ""ARNAME"" => """", ""PTOL"" => """", ""PDES"" => """", ""ISW"" => """"))",0.016569747399999998,0.005598460699999999,0.016569747399999998,0.005598460699999999
bus2194,true,bus-2194,2194,"Area(0, 0.0, 0.0, 0.0, Dict{String, Any}(""I"" => """", ""ARNAME"" => """", ""PTOL"" => """", ""PDES"" => """", ""ISW"" => """"))",0.10403163700000001,0.031013552899999998,0.10403163700000001,0.031013552899999998
bus3210,true,bus-3210,3210,"Area(0, 0.0, 0.0, 0.0, Dict{String, Any}(""I"" => """", ""ARNAME"" => """", ""PTOL"" => """", ""PDES"" => """", ""ISW"" => """"))",0.154491017,0.0383332106,0.155068,0.0383332106
bus8587,true,bus-8587,8587,"Area(0, 0.0, 0.0, 0.0, Dict{String, Any}(""I"" => """", ""ARNAME"" => """", ""PTOL"" => """", ""PDES"" => """", ""ISW"" => """"))",0.618913018,0.200689165,0.618913018,0.200689165
bus2624,true,bus-2624,2624,"Area(0, 0.0, 0.0, 0.0, Dict{String, Any}(""I"" => """", ""ARNAME"" => """", ""PTOL"" => """", ""PDES"" => """", ""ISW"" => """"))",0.058914629600000004,0.018899261,0.058914629600000004,0.018899261
bus944,true,bus-944,944,"Area(0, 0.0, 0.0, 0.0, Dict{String, Any}(""I"" => """", ""ARNAME"" => """", ""PTOL"" => """", ""PDES"" => """", ""ISW"" => """"))",0.0569127968,0.0175555193,0.0569127968,0.0175555193
bus609,true,bus-609,609,"Area(0, 0.0, 0.0, 0.0, Dict{String, Any}(""I"" => """", ""ARNAME"" => """", ""PTOL"" => """", ""PDES"" => """", ""ISW"" => """"))",0.136118197,0.030459493900000002,0.136118197,0.030459493900000002
bus3029,true,bus-3029,3029,"Area(0, 0.0, 0.0, 0.0, Dict{String, Any}(""I"" => """", ""ARNAME"" => """", ""PTOL"" => """", ""PDES"" => """", ""ISW"" => """"))",0.042611786299999996,0.0153656171,0.042611786299999996,0.0153656171
bus4759,true,bus-4759,4759,"Area(0, 0.0, 0.0, 0.0, Dict{String, Any}(""I"" => """", ""ARNAME"" => """", ""PTOL"" => """", ""PDES"" => """", ""ISW"" => """"))",0.193297681,0.048893390099999996,0.19447299999999998,0.048893390099999996
bus370,true,bus-370,370,"Area(0, 0.0, 0.0, 0.0, Dict{String, Any}(""I"" => """", ""ARNAME"" => """", ""PTOL"" => """", ""PDES"" => """", ""ISW"" => """"))",0.042013539499999995,0.0147543605,0.042013539499999995,0.0147543605
bus169,true,bus-169,169,"Area(0, 0.0, 0.0, 0.0, Dict{String, Any}(""I"" => """", ""ARNAME"" => """", ""PTOL"" => """", ""PDES"" => """", ""ISW"" => """"))",0.0993445559,0.0371061931,0.0993445559,0.0371061931
bus2158,true,bus-2158,2158,"Area(0, 0.0, 0.0, 0.0, Dict{String, Any}(""I"" => """", ""ARNAME"" => """", ""PTOL"" => """", ""PDES"" => """", ""ISW"" => """"))",0.746785642,0.257005101,0.746785642,0.257005101
bus101,true,bus-101,101,"Area(0, 0.0, 0.0, 0.0, Dict{String, Any}(""I"" => """", ""ARNAME"" => """", ""PTOL"" => """", ""PDES"" => """", ""ISW"" => """"))",0.149407967,0.0450373314,0.149407967,0.0450373314
bus3802,true,bus-3802,3802,"Area(0, 0.0, 0.0, 0.0, Dict{String, Any}(""I"" => """", ""ARNAME"" => """", ""PTOL"" => """", ""PDES"" => """", ""ISW"" => """"))",0.0462114727,0.0146620397,0.0462114727,0.0146620397
bus6488,true,bus-6488,6488,"Area(0, 0.0, 0.0, 0.0, Dict{String, Any}(""I"" => """", ""ARNAME"" => """", ""PTOL"" => """", ""PDES"" => """", ""ISW"" => """"))",0.125111268,0.032842739600000004,0.125111268,0.032842739600000004
bus2127,true,bus-2127,2127,"Area(0, 0.0, 0.0, 0.0, Dict{String, Any}(""I"" => """", ""ARNAME"" => """", ""PTOL"" => """", ""PDES"" => """", ""ISW"" => """"))",0.0573239993,0.0185946446,0.0573239993,0.0185946446
bus2485,true,bus-2485,2485,"Area(0, 0.0, 0.0, 0.0, Dict{String, Any}(""I"" => """", ""ARNAME"" => """", ""PTOL"" => """", ""PDES"" => """", ""ISW"" => """"))",0.0370297512,0.0147367255,0.0370297512,0.0147367255
bus6753,true,bus-6753,6753,"Area(0, 0.0, 0.0, 0.0, Dict{String, Any}(""I"" => """", ""ARNAME"" => """", ""PTOL"" => """", ""PDES"" => """", ""ISW"" => """"))",0.19800167600000002,0.0602280068,0.208712,0.0602280068
bus743,true,bus-743,743,"Area(0, 0.0, 0.0, 0.0, Dict{String, Any}(""I"" => """", ""ARNAME"" => """", ""PTOL"" => """", ""PDES"" => """", ""ISW"" => """"))",0.06747969549999999,0.0262313155,0.06747969549999999,0.0262313155
bus8014,true,bus-8014,8014,"Area(0, 0.0, 0.0, 0.0, Dict{String, Any}(""I"" => """", ""ARNAME"" => """", ""PTOL"" => """", ""PDES"" => """", ""ISW"" => """"))",0.227857639,0.0649603239,0.227857639,0.0649603239
bus6556,true,bus-6556,6556,"Area(0, 0.0, 0.0, 0.0, Dict{String, Any}(""I"" => """", ""ARNAME"" => """", ""PTOL"" => """", ""PDES"" => """", ""ISW"" => """"))",0.233850996,0.0619888279,0.233850996,0.0619888279
bus805,true,bus-805,805,"Area(0, 0.0, 0.0, 0.0, Dict{String, Any}(""I"" => """", ""ARNAME"" => """", ""PTOL"" => """", ""PDES"" => """", ""ISW"" => """"))",0.0275063735,0.00932321329,0.0275063735,0.00932321329
bus150,true,bus-150,150,"Area(0, 0.0, 0.0, 0.0, Dict{String, Any}(""I"" => """", ""ARNAME"" => """", ""PTOL"" => """", ""PDES"" => """", ""ISW"" => """"))",0.09235447199999999,0.031703263499999995,0.09235447199999999,0.031703263499999995
bus1233,true,bus-1233,1233,"Area(0, 0.0, 0.0, 0.0, Dict{String, Any}(""I"" => """", ""ARNAME"" => """", ""PTOL"" => """", ""PDES"" => """", ""ISW"" => """"))",0.0815797137,0.0167510574,0.0815797137,0.0167510574
bus92,true,bus-92,92,"Area(0, 0.0, 0.0, 0.0, Dict{String, Any}(""I"" => """", ""ARNAME"" => """", ""PTOL"" => """", ""PDES"" => """", ""ISW"" => """"))",0.604020676,0.199082342,0.604020676,0.199082342
bus1294,true,bus-1294,1294,"Area(0, 0.0, 0.0, 0.0, Dict{String, Any}(""I"" => """", ""ARNAME"" => """", ""PTOL"" => """", ""PDES"" => """", ""ISW"" => """"))",0.02641942,0.00863392002,0.02641942,0.00863392002
bus8759,true,bus-8759,8759,"Area(0, 0.0, 0.0, 0.0, Dict{String, Any}(""I"" => """", ""ARNAME"" => """", ""PTOL"" => """", ""PDES"" => """", ""ISW"" => """"))",0.0865705869,0.033107998300000004,0.0865705869,0.033107998300000004
bus961,true,bus-961,961,"Area(0, 0.0, 0.0, 0.0, Dict{String, Any}(""I"" => """", ""ARNAME"" => """", ""PTOL"" => """", ""PDES"" => """", ""ISW"" => """"))",0.0887865344,0.0321659685,0.0887865344,0.0321659685
bus2065,true,bus-2065,2065,"Area(0, 0.0, 0.0, 0.0, Dict{String, Any}(""I"" => """", ""ARNAME"" => """", ""PTOL"" => """", ""PDES"" => """", ""ISW"" => """"))",0.16201872,0.0544972933,0.16201872,0.0544972933
bus4371,true,bus-4371,4371,"Area(0, 0.0, 0.0, 0.0, Dict{String, Any}(""I"" => """", ""ARNAME"" => """", ""PTOL"" => """", ""PDES"" => """", ""ISW"" => """"))",0.0883313739,0.028326045799999998,0.0883313739,0.028326045799999998
bus1596,true,bus-1596,1596,"Area(0, 0.0, 0.0, 0.0, Dict{String, Any}(""I"" => """", ""ARNAME"" => """", ""PTOL"" => """", ""PDES"" => """", ""ISW"" => """"))",0.0599018842,0.0190623038,0.0599018842,0.0190623038
bus712,true,bus-712,712,"Area(0, 0.0, 0.0, 0.0, Dict{String, Any}(""I"" => """", ""ARNAME"" => """", ""PTOL"" => """", ""PDES"" => """", ""ISW"" => """"))",0.39911388999999997,0.10900304200000001,0.39911388999999997,0.10900304200000001
bus1474,true,bus-1474,1474,"Area(0, 0.0, 0.0, 0.0, Dict{String, Any}(""I"" => """", ""ARNAME"" => """", ""PTOL"" => """", ""PDES"" => """", ""ISW"" => """"))",0.486681303,0.1531067,0.486681303,0.1531067
bus7281,true,bus-7281,7281,"Area(0, 0.0, 0.0, 0.0, Dict{String, Any}(""I"" => """", ""ARNAME"" => """", ""PTOL"" => """", ""PDES"" => """", ""ISW"" => """"))",0.0380904814,0.015524070699999998,0.0380904814,0.015524070699999998
bus4341,true,bus-4341,4341,"Area(0, 0.0, 0.0, 0.0, Dict{String, Any}(""I"" => """", ""ARNAME"" => """", ""PTOL"" => """", ""PDES"" => """", ""ISW"" => """"))",0.034009831500000004,0.013623105,0.034009831500000004,0.013623105
bus117,true,bus-117,117,"Area(0, 0.0, 0.0, 0.0, Dict{String, Any}(""I"" => """", ""ARNAME"" => """", ""PTOL"" => """", ""PDES"" => """", ""ISW"" => """"))",0.129890765,0.0419116165,0.129890765,0.0419116165
bus856,true,bus-856,856,"Area(0, 0.0, 0.0, 0.0, Dict{String, Any}(""I"" => """", ""ARNAME"" => """", ""PTOL"" => """", ""PDES"" => """", ""ISW"" => """"))",0.0544948543,0.0217136213,0.0544948543,0.0217136213
bus1905,true,bus-1905,1905,"Area(0, 0.0, 0.0, 0.0, Dict{String, Any}(""I"" => """", ""ARNAME"" => """", ""PTOL"" => """", ""PDES"" => """", ""ISW"" => """"))",0.148627596,0.0472190744,0.148627596,0.0472190744
bus981,true,bus-981,981,"Area(0, 0.0, 0.0, 0.0, Dict{String, Any}(""I"" => """", ""ARNAME"" => """", ""PTOL"" => """", ""PDES"" => """", ""ISW"" => """"))",0.04588672060000001,0.0148855597,0.04588672060000001,0.0148855597
bus3016,true,bus-3016,3016,"Area(0, 0.0, 0.0, 0.0, Dict{String, Any}(""I"" => """", ""ARNAME"" => """", ""PTOL"" => """", ""PDES"" => """", ""ISW"" => """"))",0.16032613699999998,0.0511323747,0.16109300000000001,0.0511323747
bus2211,true,bus-2211,2211,"Area(0, 0.0, 0.0, 0.0, Dict{String, Any}(""I"" => """", ""ARNAME"" => """", ""PTOL"" => """", ""PDES"" => """", ""ISW"" => """"))",0.027088525300000003,0.007937494560000001,0.027088525300000003,0.007937494560000001
bus8160,true,bus-8160,8160,"Area(0, 0.0, 0.0, 0.0, Dict{String, Any}(""I"" => """", ""ARNAME"" => """", ""PTOL"" => """", ""PDES"" => """", ""ISW"" => """"))",0.298536352,0.0832700234,0.298536352,0.0832700234
bus2216,true,bus-2216,2216,"Area(0, 0.0, 0.0, 0.0, Dict{String, Any}(""I"" => """", ""ARNAME"" => """", ""PTOL"" => """", ""PDES"" => """", ""ISW"" => """"))",0.10056505700000001,0.037084567900000004,0.10056505700000001,0.037084567900000004
bus2214,true,bus-2214,2214,"Area(0, 0.0, 0.0, 0.0, Dict{String, Any}(""I"" => """", ""ARNAME"" => """", ""PTOL"" => """", ""PDES"" => """", ""ISW"" => """"))",0.189432706,0.0600219247,0.189432706,0.0600219247
bus826,true,bus-826,826,"Area(0, 0.0, 0.0, 0.0, Dict{String, Any}(""I"" => """", ""ARNAME"" => """", ""PTOL"" => """", ""PDES"" => """", ""ISW"" => """"))",0.0318753948,0.012942577399999999,0.0318753948,0.012942577399999999
bus3056,true,bus-3056,3056,"Area(0, 0.0, 0.0, 0.0, Dict{String, Any}(""I"" => """", ""ARNAME"" => """", ""PTOL"" => """", ""PDES"" => """", ""ISW"" => """"))",0.035831033400000004,0.0129732819,0.035831033400000004,0.0129732819
bus321,true,bus-321,321,"Area(0, 0.0, 0.0, 0.0, Dict{String, Any}(""I"" => """", ""ARNAME"" => """", ""PTOL"" => """", ""PDES"" => """", ""ISW"" => """"))",0.0442577234,0.0156299287,0.0442577234,0.0156299287
bus660,true,bus-660,660,"Area(0, 0.0, 0.0, 0.0, Dict{String, Any}(""I"" => """", ""ARNAME"" => """", ""PTOL"" => """", ""PDES"" => """", ""ISW"" => """"))",0.33140434999999996,0.106824793,0.33140434999999996,0.106824793
bus913,true,bus-913,913,"Area(0, 0.0, 0.0, 0.0, Dict{String, Any}(""I"" => """", ""ARNAME"" => """", ""PTOL"" => """", ""PDES"" => """", ""ISW"" => """"))",0.0316109317,0.0102197537,0.0316109317,0.0102197537
bus740,true,bus-740,740,"Area(0, 0.0, 0.0, 0.0, Dict{String, Any}(""I"" => """", ""ARNAME"" => """", ""PTOL"" => """", ""PDES"" => """", ""ISW"" => """"))",0.0318666777,0.008390101720000001,0.0318666777,0.008390101720000001
bus1105,true,bus-1105,1105,"Area(0, 0.0, 0.0, 0.0, Dict{String, Any}(""I"" => """", ""ARNAME"" => """", ""PTOL"" => """", ""PDES"" => """", ""ISW"" => """"))",0.0948260725,0.0395396246,0.0948260725,0.0395396246
bus2899,true,bus-2899,2899,"Area(0, 0.0, 0.0, 0.0, Dict{String, Any}(""I"" => """", ""ARNAME"" => """", ""PTOL"" => """", ""PDES"" => """", ""ISW"" => """"))",0.060561790899999995,0.0170055391,0.060561790899999995,0.0170055391
bus2150,true,bus-2150,2150,"Area(0, 0.0, 0.0, 0.0, Dict{String, Any}(""I"" => """", ""ARNAME"" => """", ""PTOL"" => """", ""PDES"" => """", ""ISW"" => """"))",0.0456117963,0.014378110900000001,0.0456117963,0.014378110900000001
bus5062,true,bus-5062,5062,"Area(0, 0.0, 0.0, 0.0, Dict{String, Any}(""I"" => """", ""ARNAME"" => """", ""PTOL"" => """", ""PDES"" => """", ""ISW"" => """"))",0.055724804399999994,0.0209241157,0.055724804399999994,0.0209241157
bus700,true,bus-700,700,"Area(0, 0.0, 0.0, 0.0, Dict{String, Any}(""I"" => """", ""ARNAME"" => """", ""PTOL"" => """", ""PDES"" => """", ""ISW"" => """"))",0.603638427,0.18318589100000002,0.603638427,0.18318589100000002
bus1440,true,bus-1440,1440,"Area(0, 0.0, 0.0, 0.0, Dict{String, Any}(""I"" => """", ""ARNAME"" => """", ""PTOL"" => """", ""PDES"" => """", ""ISW"" => """"))",0.181724612,0.0636937387,0.181724612,0.0636937387
bus1064,true,bus-1064,1064,"Area(0, 0.0, 0.0, 0.0, Dict{String, Any}(""I"" => """", ""ARNAME"" => """", ""PTOL"" => """", ""PDES"" => """", ""ISW"" => """"))",0.306992345,0.0982176114,0.306992345,0.0982176114
bus1208,true,bus-1208,1208,"Area(0, 0.0, 0.0, 0.0, Dict{String, Any}(""I"" => """", ""ARNAME"" => """", ""PTOL"" => """", ""PDES"" => """", ""ISW"" => """"))",0.0800202163,0.0305514118,0.0800202163,0.0305514118
bus604,true,bus-604,604,"Area(0, 0.0, 0.0, 0.0, Dict{String, Any}(""I"" => """", ""ARNAME"" => """", ""PTOL"" => """", ""PDES"" => """", ""ISW"" => """"))",0.130702557,0.037607348799999996,0.130702557,0.037607348799999996
bus730,true,bus-730,730,"Area(0, 0.0, 0.0, 0.0, Dict{String, Any}(""I"" => """", ""ARNAME"" => """", ""PTOL"" => """", ""PDES"" => """", ""ISW"" => """"))",0.163030142,0.0580577305,0.163030142,0.0580577305
bus7506,true,bus-7506,7506,"Area(0, 0.0, 0.0, 0.0, Dict{String, Any}(""I"" => """", ""ARNAME"" => """", ""PTOL"" => """", ""PDES"" => """", ""ISW"" => """"))",0.0290331927,0.0104452812,0.0290331927,0.0104452812
bus1222,true,bus-1222,1222,"Area(0, 0.0, 0.0, 0.0, Dict{String, Any}(""I"" => """", ""ARNAME"" => """", ""PTOL"" => """", ""PDES"" => """", ""ISW"" => """"))",0.0898647132,0.0302147861,0.0898647132,0.0302147861
bus48,true,bus-48,48,"Area(0, 0.0, 0.0, 0.0, Dict{String, Any}(""I"" => """", ""ARNAME"" => """", ""PTOL"" => """", ""PDES"" => """", ""ISW"" => """"))",0.193326949,0.0608459668,0.193326949,0.0608459668
bus264,true,bus-264,264,"Area(0, 0.0, 0.0, 0.0, Dict{String, Any}(""I"" => """", ""ARNAME"" => """", ""PTOL"" => """", ""PDES"" => """", ""ISW"" => """"))",0.0410052623,0.0169137059,0.0410052623,0.0169137059
bus2259,true,bus-2259,2259,"Area(0, 0.0, 0.0, 0.0, Dict{String, Any}(""I"" => """", ""ARNAME"" => """", ""PTOL"" => """", ""PDES"" => """", ""ISW"" => """"))",0.1630827,0.050066628599999996,0.1630827,0.050066628599999996
bus63,true,bus-63,63,"Area(0, 0.0, 0.0, 0.0, Dict{String, Any}(""I"" => """", ""ARNAME"" => """", ""PTOL"" => """", ""PDES"" => """", ""ISW"" => """"))",0.0759149755,0.022616254,0.0759149755,0.022616254
bus1322,true,bus-1322,1322,"Area(0, 0.0, 0.0, 0.0, Dict{String, Any}(""I"" => """", ""ARNAME"" => """", ""PTOL"" => """", ""PDES"" => """", ""ISW"" => """"))",0.218820625,0.057320444000000005,0.218820625,0.057320444000000005
bus1766,true,bus-1766,1766,"Area(0, 0.0, 0.0, 0.0, Dict{String, Any}(""I"" => """", ""ARNAME"" => """", ""PTOL"" => """", ""PDES"" => """", ""ISW"" => """"))",0.059338635699999996,0.0220725824,0.059338635699999996,0.0220725824
bus1715,true,bus-1715,1715,"Area(0, 0.0, 0.0, 0.0, Dict{String, Any}(""I"" => """", ""ARNAME"" => """", ""PTOL"" => """", ""PDES"" => """", ""ISW"" => """"))",0.116457504,0.0363244348,0.116457504,0.0363244348
bus210,true,bus-210,210,"Area(0, 0.0, 0.0, 0.0, Dict{String, Any}(""I"" => """", ""ARNAME"" => """", ""PTOL"" => """", ""PDES"" => """", ""ISW"" => """"))",0.0763191172,0.019950000000000002,0.0763191172,0.019950000000000002
bus7820,true,bus-7820,7820,"Area(0, 0.0, 0.0, 0.0, Dict{String, Any}(""I"" => """", ""ARNAME"" => """", ""PTOL"" => """", ""PDES"" => """", ""ISW"" => """"))",0.401945731,0.08466853569999999,0.425021,0.08466853569999999
bus1244,true,bus-1244,1244,"Area(0, 0.0, 0.0, 0.0, Dict{String, Any}(""I"" => """", ""ARNAME"" => """", ""PTOL"" => """", ""PDES"" => """", ""ISW"" => """"))",0.169253213,0.0414995052,0.169253213,0.0414995052
bus1313,true,bus-1313,1313,"Area(0, 0.0, 0.0, 0.0, Dict{String, Any}(""I"" => """", ""ARNAME"" => """", ""PTOL"" => """", ""PDES"" => """", ""ISW"" => """"))",0.0424404324,0.010812160500000001,0.0424404324,0.010812160500000001
bus3704,true,bus-3704,3704,"Area(0, 0.0, 0.0, 0.0, Dict{String, Any}(""I"" => """", ""ARNAME"" => """", ""PTOL"" => """", ""PDES"" => """", ""ISW"" => """"))",0.020183647699999998,0.00657274665,0.020183647699999998,0.00657274665
bus1191,true,bus-1191,1191,"Area(0, 0.0, 0.0, 0.0, Dict{String, Any}(""I"" => """", ""ARNAME"" => """", ""PTOL"" => """", ""PDES"" => """", ""ISW"" => """"))",0.013045528399999999,0.0055222179,0.013045528399999999,0.0055222179
bus524,true,bus-524,524,"Area(0, 0.0, 0.0, 0.0, Dict{String, Any}(""I"" => """", ""ARNAME"" => """", ""PTOL"" => """", ""PDES"" => """", ""ISW"" => """"))",0.19180189299999997,0.05427822349999999,0.19180189299999997,0.05427822349999999
bus1616,true,bus-1616,1616,"Area(0, 0.0, 0.0, 0.0, Dict{String, Any}(""I"" => """", ""ARNAME"" => """", ""PTOL"" => """", ""PDES"" => """", ""ISW"" => """"))",0.0462672435,0.0161402193,0.0462672435,0.0161402193
bus519,true,bus-519,519,"Area(0, 0.0, 0.0, 0.0, Dict{String, Any}(""I"" => """", ""ARNAME"" => """", ""PTOL"" => """", ""PDES"" => """", ""ISW"" => """"))",0.5964054759999999,0.20024018600000001,0.5964054759999999,0.20024018600000001
bus932,true,bus-932,932,"Area(0, 0.0, 0.0, 0.0, Dict{String, Any}(""I"" => """", ""ARNAME"" => """", ""PTOL"" => """", ""PDES"" => """", ""ISW"" => """"))",0.0690198207,0.024096959400000003,0.0690198207,0.024096959400000003
bus2056,true,bus-2056,2056,"Area(0, 0.0, 0.0, 0.0, Dict{String, Any}(""I"" => """", ""ARNAME"" => """", ""PTOL"" => """", ""PDES"" => """", ""ISW"" => """"))",0.19312048199999998,0.0639349305,0.19312048199999998,0.0639349305
bus2215,true,bus-2215,2215,"Area(0, 0.0, 0.0, 0.0, Dict{String, Any}(""I"" => """", ""ARNAME"" => """", ""PTOL"" => """", ""PDES"" => """", ""ISW"" => """"))",0.582711946,0.136207959,0.614446,0.136207959
bus1772,true,bus-1772,1772,"Area(0, 0.0, 0.0, 0.0, Dict{String, Any}(""I"" => """", ""ARNAME"" => """", ""PTOL"" => """", ""PDES"" => """", ""ISW"" => """"))",0.028587192400000003,0.0100786821,0.028587192400000003,0.0100786821
bus1988,true,bus-1988,1988,"Area(0, 0.0, 0.0, 0.0, Dict{String, Any}(""I"" => """", ""ARNAME"" => """", ""PTOL"" => """", ""PDES"" => """", ""ISW"" => """"))",0.103528443,0.0303317532,0.103528443,0.0303317532
bus4601,true,bus-4601,4601,"Area(0, 0.0, 0.0, 0.0, Dict{String, Any}(""I"" => """", ""ARNAME"" => """", ""PTOL"" => """", ""PDES"" => """", ""ISW"" => """"))",0.10697464500000001,0.0354872797,0.110063,0.0354872797
bus6604,true,bus-6604,6604,"Area(0, 0.0, 0.0, 0.0, Dict{String, Any}(""I"" => """", ""ARNAME"" => """", ""PTOL"" => """", ""PDES"" => """", ""ISW"" => """"))",0.60935553,0.08034590059999999,0.657538,0.08034590059999999
bus5361,true,bus-5361,5361,"Area(0, 0.0, 0.0, 0.0, Dict{String, Any}(""I"" => """", ""ARNAME"" => """", ""PTOL"" => """", ""PDES"" => """", ""ISW"" => """"))",0.0503981551,0.017755249799999998,0.0503981551,0.017755249799999998
bus8715,true,bus-8715,8715,"Area(0, 0.0, 0.0, 0.0, Dict{String, Any}(""I"" => """", ""ARNAME"" => """", ""PTOL"" => """", ""PDES"" => """", ""ISW"" => """"))",0.038673402,0.015090632999999999,0.038673402,0.015090632999999999
bus3587,true,bus-3587,3587,"Area(0, 0.0, 0.0, 0.0, Dict{String, Any}(""I"" => """", ""ARNAME"" => """", ""PTOL"" => """", ""PDES"" => """", ""ISW"" => """"))",0.0611425778,0.0170549427,0.0611425778,0.0170549427
bus1957,true,bus-1957,1957,"Area(0, 0.0, 0.0, 0.0, Dict{String, Any}(""I"" => """", ""ARNAME"" => """", ""PTOL"" => """", ""PDES"" => """", ""ISW"" => """"))",0.114082615,0.0289604201,0.114082615,0.0289604201
bus1227,true,bus-1227,1227,"Area(0, 0.0, 0.0, 0.0, Dict{String, Any}(""I"" => """", ""ARNAME"" => """", ""PTOL"" => """", ""PDES"" => """", ""ISW"" => """"))",0.290523445,0.0819767519,0.290523445,0.0819767519
bus1910,true,bus-1910,1910,"Area(0, 0.0, 0.0, 0.0, Dict{String, Any}(""I"" => """", ""ARNAME"" => """", ""PTOL"" => """", ""PDES"" => """", ""ISW"" => """"))",0.0596576869,0.0157850025,0.0596576869,0.0157850025
bus2355,true,bus-2355,2355,"Area(0, 0.0, 0.0, 0.0, Dict{String, Any}(""I"" => """", ""ARNAME"" => """", ""PTOL"" => """", ""PDES"" => """", ""ISW"" => """"))",0.068448702,0.0245092263,0.068448702,0.0245092263
bus1024,true,bus-1024,1024,"Area(0, 0.0, 0.0, 0.0, Dict{String, Any}(""I"" => """", ""ARNAME"" => """", ""PTOL"" => """", ""PDES"" => """", ""ISW"" => """"))",0.138507119,0.0492643203,0.138507119,0.0492643203
bus728,true,bus-728,728,"Area(0, 0.0, 0.0, 0.0, Dict{String, Any}(""I"" => """", ""ARNAME"" => """", ""PTOL"" => """", ""PDES"" => """", ""ISW"" => """"))",0.45111788799999997,0.15604201,0.45111788799999997,0.15604201
bus2488,true,bus-2488,2488,"Area(0, 0.0, 0.0, 0.0, Dict{String, Any}(""I"" => """", ""ARNAME"" => """", ""PTOL"" => """", ""PDES"" => """", ""ISW"" => """"))",0.08070784780000001,0.022192422899999998,0.08070784780000001,0.022192422899999998
bus1122,true,bus-1122,1122,"Area(0, 0.0, 0.0, 0.0, Dict{String, Any}(""I"" => """", ""ARNAME"" => """", ""PTOL"" => """", ""PDES"" => """", ""ISW"" => """"))",0.0536583993,0.0193387407,0.0536583993,0.0193387407
bus1362,true,bus-1362,1362,"Area(0, 0.0, 0.0, 0.0, Dict{String, Any}(""I"" => """", ""ARNAME"" => """", ""PTOL"" => """", ""PDES"" => """", ""ISW"" => """"))",0.245206477,0.0469242994,0.245206477,0.0469242994
bus1457,true,bus-1457,1457,"Area(0, 0.0, 0.0, 0.0, Dict{String, Any}(""I"" => """", ""ARNAME"" => """", ""PTOL"" => """", ""PDES"" => """", ""ISW"" => """"))",0.0390515183,0.0153587263,0.0390515183,0.0153587263
bus3394,true,bus-3394,3394,"Area(0, 0.0, 0.0, 0.0, Dict{String, Any}(""I"" => """", ""ARNAME"" => """", ""PTOL"" => """", ""PDES"" => """", ""ISW"" => """"))",0.200208795,0.0699007594,0.200208795,0.0699007594
bus495,true,bus-495,495,"Area(0, 0.0, 0.0, 0.0, Dict{String, Any}(""I"" => """", ""ARNAME"" => """", ""PTOL"" => """", ""PDES"" => """", ""ISW"" => """"))",0.614424053,0.0965092304,0.6461100000000001,0.0965092304
bus466,true,bus-466,466,"Area(0, 0.0, 0.0, 0.0, Dict{String, Any}(""I"" => """", ""ARNAME"" => """", ""PTOL"" => """", ""PDES"" => """", ""ISW"" => """"))",0.0236013811,0.00789091325,0.0236013811,0.00789091325
bus3006,true,bus-3006,3006,"Area(0, 0.0, 0.0, 0.0, Dict{String, Any}(""I"" => """", ""ARNAME"" => """", ""PTOL"" => """", ""PDES"" => """", ""ISW"" => """"))",0.159162813,0.045639606199999995,0.162139,0.045639606199999995
bus4829,true,bus-4829,4829,"Area(0, 0.0, 0.0, 0.0, Dict{String, Any}(""I"" => """", ""ARNAME"" => """", ""PTOL"" => """", ""PDES"" => """", ""ISW"" => """"))",0.0989042419,0.0241650756,0.0989042419,0.0241650756
bus4365,true,bus-4365,4365,"Area(0, 0.0, 0.0, 0.0, Dict{String, Any}(""I"" => """", ""ARNAME"" => """", ""PTOL"" => """", ""PDES"" => """", ""ISW"" => """"))",0.0826968561,0.0290847191,0.0826968561,0.0290847191
bus1604,true,bus-1604,1604,"Area(0, 0.0, 0.0, 0.0, Dict{String, Any}(""I"" => """", ""ARNAME"" => """", ""PTOL"" => """", ""PDES"" => """", ""ISW"" => """"))",0.07420973809999999,0.0231584517,0.07420973809999999,0.0231584517
bus4178,true,bus-4178,4178,"Area(0, 0.0, 0.0, 0.0, Dict{String, Any}(""I"" => """", ""ARNAME"" => """", ""PTOL"" => """", ""PDES"" => """", ""ISW"" => """"))",0.060448229299999996,0.022691743,0.060448229299999996,0.022691743
bus4648,true,bus-4648,4648,"Area(0, 0.0, 0.0, 0.0, Dict{String, Any}(""I"" => """", ""ARNAME"" => """", ""PTOL"" => """", ""PDES"" => """", ""ISW"" => """"))",0.022829674600000002,0.00990521572,0.022829674600000002,0.00990521572
bus2012,true,bus-2012,2012,"Area(0, 0.0, 0.0, 0.0, Dict{String, Any}(""I"" => """", ""ARNAME"" => """", ""PTOL"" => """", ""PDES"" => """", ""ISW"" => """"))",0.00918941487,0.00339125392,0.00918941487,0.00339125392
bus1940,true,bus-1940,1940,"Area(0, 0.0, 0.0, 0.0, Dict{String, Any}(""I"" => """", ""ARNAME"" => """", ""PTOL"" => """", ""PDES"" => """", ""ISW"" => """"))",0.233529089,0.0857216477,0.233529089,0.0857216477
bus278,true,bus-278,278,"Area(0, 0.0, 0.0, 0.0, Dict{String, Any}(""I"" => """", ""ARNAME"" => """", ""PTOL"" => """", ""PDES"" => """", ""ISW"" => """"))",0.0393278457,0.0160656894,0.0393278457,0.0160656894
bus2027,true,bus-2027,2027,"Area(0, 0.0, 0.0, 0.0, Dict{String, Any}(""I"" => """", ""ARNAME"" => """", ""PTOL"" => """", ""PDES"" => """", ""ISW"" => """"))",0.0471323291,0.0164419724,0.0471323291,0.0164419724
bus1280,true,bus-1280,1280,"Area(0, 0.0, 0.0, 0.0, Dict{String, Any}(""I"" => """", ""ARNAME"" => """", ""PTOL"" => """", ""PDES"" => """", ""ISW"" => """"))",0.054345385,0.0173030256,0.054345385,0.0173030256
bus7677,true,bus-7677,7677,"Area(0, 0.0, 0.0, 0.0, Dict{String, Any}(""I"" => """", ""ARNAME"" => """", ""PTOL"" => """", ""PDES"" => """", ""ISW"" => """"))",0.36991520800000005,0.123940485,0.36991520800000005,0.123940485
bus804,true,bus-804,804,"Area(0, 0.0, 0.0, 0.0, Dict{String, Any}(""I"" => """", ""ARNAME"" => """", ""PTOL"" => """", ""PDES"" => """", ""ISW"" => """"))",0.34286260900000004,0.117291916,0.34286260900000004,0.117291916
bus7075,true,bus-7075,7075,"Area(0, 0.0, 0.0, 0.0, Dict{String, Any}(""I"" => """", ""ARNAME"" => """", ""PTOL"" => """", ""PDES"" => """", ""ISW"" => """"))",0.0885321002,0.0330188844,0.0885321002,0.0330188844
bus2393,true,bus-2393,2393,"Area(0, 0.0, 0.0, 0.0, Dict{String, Any}(""I"" => """", ""ARNAME"" => """", ""PTOL"" => """", ""PDES"" => """", ""ISW"" => """"))",0.014587471400000001,0.005142430850000001,0.014587471400000001,0.005142430850000001
bus726,true,bus-726,726,"Area(0, 0.0, 0.0, 0.0, Dict{String, Any}(""I"" => """", ""ARNAME"" => """", ""PTOL"" => """", ""PDES"" => """", ""ISW"" => """"))",0.564510728,0.204827752,0.564510728,0.204827752
bus139,true,bus-139,139,"Area(0, 0.0, 0.0, 0.0, Dict{String, Any}(""I"" => """", ""ARNAME"" => """", ""PTOL"" => """", ""PDES"" => """", ""ISW"" => """"))",0.110947274,0.0305884067,0.110947274,0.0305884067
bus56,true,bus-56,56,"Area(0, 0.0, 0.0, 0.0, Dict{String, Any}(""I"" => """", ""ARNAME"" => """", ""PTOL"" => """", ""PDES"" => """", ""ISW"" => """"))",0.0827241654,0.0244010369,0.0827241654,0.0244010369
bus1422,true,bus-1422,1422,"Area(0, 0.0, 0.0, 0.0, Dict{String, Any}(""I"" => """", ""ARNAME"" => """", ""PTOL"" => """", ""PDES"" => """", ""ISW"" => """"))",0.0880168507,0.029888428199999997,0.0880168507,0.029888428199999997
bus1046,true,bus-1046,1046,"Area(0, 0.0, 0.0, 0.0, Dict{String, Any}(""I"" => """", ""ARNAME"" => """", ""PTOL"" => """", ""PDES"" => """", ""ISW"" => """"))",0.24113084,0.0797313219,0.24113084,0.0797313219
bus844,true,bus-844,844,"Area(0, 0.0, 0.0, 0.0, Dict{String, Any}(""I"" => """", ""ARNAME"" => """", ""PTOL"" => """", ""PDES"" => """", ""ISW"" => """"))",0.08943872929999999,0.0276534791,0.08943872929999999,0.0276534791
bus531,true,bus-531,531,"Area(0, 0.0, 0.0, 0.0, Dict{String, Any}(""I"" => """", ""ARNAME"" => """", ""PTOL"" => """", ""PDES"" => """", ""ISW"" => """"))",0.444111342,0.105868799,0.45185800000000004,0.105868799
bus919,true,bus-919,919,"Area(0, 0.0, 0.0, 0.0, Dict{String, Any}(""I"" => """", ""ARNAME"" => """", ""PTOL"" => """", ""PDES"" => """", ""ISW"" => """"))",0.0406134374,0.0147568904,0.0406134374,0.0147568904
bus7660,true,bus-7660,7660,"Area(0, 0.0, 0.0, 0.0, Dict{String, Any}(""I"" => """", ""ARNAME"" => """", ""PTOL"" => """", ""PDES"" => """", ""ISW"" => """"))",0.31092491899999997,0.114030581,0.31092491899999997,0.114030581
bus2101,true,bus-2101,2101,"Area(0, 0.0, 0.0, 0.0, Dict{String, Any}(""I"" => """", ""ARNAME"" => """", ""PTOL"" => """", ""PDES"" => """", ""ISW"" => """"))",0.103969995,0.0308311008,0.103969995,0.0308311008
bus7529,true,bus-7529,7529,"Area(0, 0.0, 0.0, 0.0, Dict{String, Any}(""I"" => """", ""ARNAME"" => """", ""PTOL"" => """", ""PDES"" => """", ""ISW"" => """"))",0.125147708,0.027514793000000003,0.125147708,0.027514793000000003
bus1167,true,bus-1167,1167,"Area(0, 0.0, 0.0, 0.0, Dict{String, Any}(""I"" => """", ""ARNAME"" => """", ""PTOL"" => """", ""PDES"" => """", ""ISW"" => """"))",0.0803524244,0.019153253,0.081972,0.019153253
bus179,true,bus-179,179,"Area(0, 0.0, 0.0, 0.0, Dict{String, Any}(""I"" => """", ""ARNAME"" => """", ""PTOL"" => """", ""PDES"" => """", ""ISW"" => """"))",0.08995276499999999,0.0243885611,0.08995276499999999,0.0243885611
bus636,true,bus-636,636,"Area(0, 0.0, 0.0, 0.0, Dict{String, Any}(""I"" => """", ""ARNAME"" => """", ""PTOL"" => """", ""PDES"" => """", ""ISW"" => """"))",0.33753581699999996,0.113291497,0.33753581699999996,0.113291497
bus860,true,bus-860,860,"Area(0, 0.0, 0.0, 0.0, Dict{String, Any}(""I"" => """", ""ARNAME"" => """", ""PTOL"" => """", ""PDES"" => """", ""ISW"" => """"))",0.0178386004,0.00629062178,0.0178386004,0.00629062178
bus1435,true,bus-1435,1435,"Area(0, 0.0, 0.0, 0.0, Dict{String, Any}(""I"" => """", ""ARNAME"" => """", ""PTOL"" => """", ""PDES"" => """", ""ISW"" => """"))",0.73581003,0.230645771,0.73581003,0.230645771
bus5148,true,bus-5148,5148,"Area(0, 0.0, 0.0, 0.0, Dict{String, Any}(""I"" => """", ""ARNAME"" => """", ""PTOL"" => """", ""PDES"" => """", ""ISW"" => """"))",0.183813575,0.0596991981,0.183813575,0.0596991981
bus1564,true,bus-1564,1564,"Area(0, 0.0, 0.0, 0.0, Dict{String, Any}(""I"" => """", ""ARNAME"" => """", ""PTOL"" => """", ""PDES"" => """", ""ISW"" => """"))",0.05067623550000001,0.0129937409,0.05067623550000001,0.0129937409
bus8591,true,bus-8591,8591,"Area(0, 0.0, 0.0, 0.0, Dict{String, Any}(""I"" => """", ""ARNAME"" => """", ""PTOL"" => """", ""PDES"" => """", ""ISW"" => """"))",0.492457212,0.135540442,0.492457212,0.135540442
bus216,true,bus-216,216,"Area(0, 0.0, 0.0, 0.0, Dict{String, Any}(""I"" => """", ""ARNAME"" => """", ""PTOL"" => """", ""PDES"" => """", ""ISW"" => """"))",0.0265318435,0.0106197046,0.0265318435,0.0106197046
bus6708,true,bus-6708,6708,"Area(0, 0.0, 0.0, 0.0, Dict{String, Any}(""I"" => """", ""ARNAME"" => """", ""PTOL"" => """", ""PDES"" => """", ""ISW"" => """"))",0.0635023905,0.0231228216,0.0635023905,0.0231228216
bus4354,true,bus-4354,4354,"Area(0, 0.0, 0.0, 0.0, Dict{String, Any}(""I"" => """", ""ARNAME"" => """", ""PTOL"" => """", ""PDES"" => """", ""ISW"" => """"))",0.0503629445,0.0141398214,0.0503629445,0.0141398214
bus786,true,bus-786,786,"Area(0, 0.0, 0.0, 0.0, Dict{String, Any}(""I"" => """", ""ARNAME"" => """", ""PTOL"" => """", ""PDES"" => """", ""ISW"" => """"))",0.20664090699999998,0.0749229111,0.20664090699999998,0.0749229111
bus1141,true,bus-1141,1141,"Area(0, 0.0, 0.0, 0.0, Dict{String, Any}(""I"" => """", ""ARNAME"" => """", ""PTOL"" => """", ""PDES"" => """", ""ISW"" => """"))",0.48243636199999995,0.134495731,0.48243636199999995,0.134495731
bus678,true,bus-678,678,"Area(0, 0.0, 0.0, 0.0, Dict{String, Any}(""I"" => """", ""ARNAME"" => """", ""PTOL"" => """", ""PDES"" => """", ""ISW"" => """"))",0.103139564,0.0382296689,0.103139564,0.0382296689
bus498,true,bus-498,498,"Area(0, 0.0, 0.0, 0.0, Dict{String, Any}(""I"" => """", ""ARNAME"" => """", ""PTOL"" => """", ""PDES"" => """", ""ISW"" => """"))",0.188624899,0.0704516358,0.188624899,0.0704516358
bus1171,true,bus-1171,1171,"Area(0, 0.0, 0.0, 0.0, Dict{String, Any}(""I"" => """", ""ARNAME"" => """", ""PTOL"" => """", ""PDES"" => """", ""ISW"" => """"))",0.135332807,0.0431468483,0.135332807,0.0431468483
bus7401,true,bus-7401,7401,"Area(0, 0.0, 0.0, 0.0, Dict{String, Any}(""I"" => """", ""ARNAME"" => """", ""PTOL"" => """", ""PDES"" => """", ""ISW"" => """"))",0.0985329153,0.0295335946,0.0985329153,0.0295335946
bus6600,true,bus-6600,6600,"Area(0, 0.0, 0.0, 0.0, Dict{String, Any}(""I"" => """", ""ARNAME"" => """", ""PTOL"" => """", ""PDES"" => """", ""ISW"" => """"))",0.509192614,0.112896661,0.549957,0.112896661
bus412,true,bus-412,412,"Area(0, 0.0, 0.0, 0.0, Dict{String, Any}(""I"" => """", ""ARNAME"" => """", ""PTOL"" => """", ""PDES"" => """", ""ISW"" => """"))",0.0628542252,0.0199850884,0.0628542252,0.0199850884
bus2947,true,bus-2947,2947,"Area(0, 0.0, 0.0, 0.0, Dict{String, Any}(""I"" => """", ""ARNAME"" => """", ""PTOL"" => """", ""PDES"" => """", ""ISW"" => """"))",0.0530797321,0.019878989,0.0530797321,0.019878989
bus1355,true,bus-1355,1355,"Area(0, 0.0, 0.0, 0.0, Dict{String, Any}(""I"" => """", ""ARNAME"" => """", ""PTOL"" => """", ""PDES"" => """", ""ISW"" => """"))",0.12366233700000001,0.0458952271,0.12366233700000001,0.0458952271
bus1254,true,bus-1254,1254,"Area(0, 0.0, 0.0, 0.0, Dict{String, Any}(""I"" => """", ""ARNAME"" => """", ""PTOL"" => """", ""PDES"" => """", ""ISW"" => """"))",0.475060899,0.10483614299999999,0.48873300000000003,0.10483614299999999
bus2990,true,bus-2990,2990,"Area(0, 0.0, 0.0, 0.0, Dict{String, Any}(""I"" => """", ""ARNAME"" => """", ""PTOL"" => """", ""PDES"" => """", ""ISW"" => """"))",0.14243568,0.0411260285,0.143348,0.0411260285
bus6491,true,bus-6491,6491,"Area(0, 0.0, 0.0, 0.0, Dict{String, Any}(""I"" => """", ""ARNAME"" => """", ""PTOL"" => """", ""PDES"" => """", ""ISW"" => """"))",0.010104822,0.00281677572,0.010104822,0.00281677572
bus397,true,bus-397,397,"Area(0, 0.0, 0.0, 0.0, Dict{String, Any}(""I"" => """", ""ARNAME"" => """", ""PTOL"" => """", ""PDES"" => """", ""ISW"" => """"))",0.424972582,0.0716473811,0.442347,0.0716473811
bus2177,true,bus-2177,2177,"Area(0, 0.0, 0.0, 0.0, Dict{String, Any}(""I"" => """", ""ARNAME"" => """", ""PTOL"" => """", ""PDES"" => """", ""ISW"" => """"))",0.0734041359,0.0248971924,0.0734041359,0.0248971924
bus1987,true,bus-1987,1987,"Area(0, 0.0, 0.0, 0.0, Dict{String, Any}(""I"" => """", ""ARNAME"" => """", ""PTOL"" => """", ""PDES"" => """", ""ISW"" => """"))",0.026285054300000003,0.0105548519,0.026285054300000003,0.0105548519
bus448,true,bus-448,448,"Area(0, 0.0, 0.0, 0.0, Dict{String, Any}(""I"" => """", ""ARNAME"" => """", ""PTOL"" => """", ""PDES"" => """", ""ISW"" => """"))",0.670455805,0.236735169,0.670455805,0.236735169
bus2186,true,bus-2186,2186,"Area(0, 0.0, 0.0, 0.0, Dict{String, Any}(""I"" => """", ""ARNAME"" => """", ""PTOL"" => """", ""PDES"" => """", ""ISW"" => """"))",0.34274267,0.08252725749999999,0.34274267,0.08252725749999999
bus1776,true,bus-1776,1776,"Area(0, 0.0, 0.0, 0.0, Dict{String, Any}(""I"" => """", ""ARNAME"" => """", ""PTOL"" => """", ""PDES"" => """", ""ISW"" => """"))",0.23311331899999999,0.07601423460000001,0.23311331899999999,0.07601423460000001
bus4225,true,bus-4225,4225,"Area(0, 0.0, 0.0, 0.0, Dict{String, Any}(""I"" => """", ""ARNAME"" => """", ""PTOL"" => """", ""PDES"" => """", ""ISW"" => """"))",0.0538264876,0.017104089,0.0538264876,0.017104089
bus3741,true,bus-3741,3741,"Area(0, 0.0, 0.0, 0.0, Dict{String, Any}(""I"" => """", ""ARNAME"" => """", ""PTOL"" => """", ""PDES"" => """", ""ISW"" => """"))",0.0781400093,0.0249088747,0.0781400093,0.0249088747
bus299,true,bus-299,299,"Area(0, 0.0, 0.0, 0.0, Dict{String, Any}(""I"" => """", ""ARNAME"" => """", ""PTOL"" => """", ""PDES"" => """", ""ISW"" => """"))",0.0599809723,0.0201921999,0.0599809723,0.0201921999
bus7972,true,bus-7972,7972,"Area(0, 0.0, 0.0, 0.0, Dict{String, Any}(""I"" => """", ""ARNAME"" => """", ""PTOL"" => """", ""PDES"" => """", ""ISW"" => """"))",0.050361810699999995,0.0175604212,0.050361810699999995,0.0175604212
bus1916,true,bus-1916,1916,"Area(0, 0.0, 0.0, 0.0, Dict{String, Any}(""I"" => """", ""ARNAME"" => """", ""PTOL"" => """", ""PDES"" => """", ""ISW"" => """"))",0.207855356,0.0680583665,0.207855356,0.0680583665
bus2357,true,bus-2357,2357,"Area(0, 0.0, 0.0, 0.0, Dict{String, Any}(""I"" => """", ""ARNAME"" => """", ""PTOL"" => """", ""PDES"" => """", ""ISW"" => """"))",0.425140477,0.0831709491,0.45340600000000003,0.0831709491
bus3256,true,bus-3256,3256,"Area(0, 0.0, 0.0, 0.0, Dict{String, Any}(""I"" => """", ""ARNAME"" => """", ""PTOL"" => """", ""PDES"" => """", ""ISW"" => """"))",0.0862054469,0.029913503299999998,0.0862054469,0.029913503299999998
bus1914,true,bus-1914,1914,"Area(0, 0.0, 0.0, 0.0, Dict{String, Any}(""I"" => """", ""ARNAME"" => """", ""PTOL"" => """", ""PDES"" => """", ""ISW"" => """"))",0.08920767550000001,0.028989582299999997,0.08920767550000001,0.028989582299999997
bus2480,true,bus-2480,2480,"Area(0, 0.0, 0.0, 0.0, Dict{String, Any}(""I"" => """", ""ARNAME"" => """", ""PTOL"" => """", ""PDES"" => """", ""ISW"" => """"))",0.032404895100000004,0.0112710001,0.032404895100000004,0.0112710001
bus3387,true,bus-3387,3387,"Area(0, 0.0, 0.0, 0.0, Dict{String, Any}(""I"" => """", ""ARNAME"" => """", ""PTOL"" => """", ""PDES"" => """", ""ISW"" => """"))",0.0370113176,0.0106738167,0.0370113176,0.0106738167
bus3287,true,bus-3287,3287,"Area(0, 0.0, 0.0, 0.0, Dict{String, Any}(""I"" => """", ""ARNAME"" => """", ""PTOL"" => """", ""PDES"" => """", ""ISW"" => """"))",0.034780110999999996,0.0136726707,0.034780110999999996,0.0136726707
bus1108,true,bus-1108,1108,"Area(0, 0.0, 0.0, 0.0, Dict{String, Any}(""I"" => """", ""ARNAME"" => """", ""PTOL"" => """", ""PDES"" => """", ""ISW"" => """"))",0.60031922,0.134857125,0.630378,0.134857125
bus6481,true,bus-6481,6481,"Area(0, 0.0, 0.0, 0.0, Dict{String, Any}(""I"" => """", ""ARNAME"" => """", ""PTOL"" => """", ""PDES"" => """", ""ISW"" => """"))",0.0560543515,0.019905255,0.0560543515,0.019905255
bus3637,true,bus-3637,3637,"Area(0, 0.0, 0.0, 0.0, Dict{String, Any}(""I"" => """", ""ARNAME"" => """", ""PTOL"" => """", ""PDES"" => """", ""ISW"" => """"))",0.0289802623,0.00968637865,0.0289802623,0.00968637865
bus2481,true,bus-2481,2481,"Area(0, 0.0, 0.0, 0.0, Dict{String, Any}(""I"" => """", ""ARNAME"" => """", ""PTOL"" => """", ""PDES"" => """", ""ISW"" => """"))",0.117083829,0.027632197299999998,0.117083829,0.027632197299999998
bus2103,true,bus-2103,2103,"Area(0, 0.0, 0.0, 0.0, Dict{String, Any}(""I"" => """", ""ARNAME"" => """", ""PTOL"" => """", ""PDES"" => """", ""ISW"" => """"))",0.1798528,0.0674324132,0.1798528,0.0674324132
bus7031,true,bus-7031,7031,"Area(0, 0.0, 0.0, 0.0, Dict{String, Any}(""I"" => """", ""ARNAME"" => """", ""PTOL"" => """", ""PDES"" => """", ""ISW"" => """"))",0.0744549222,0.0222477268,0.0744549222,0.0222477268
bus2008,true,bus-2008,2008,"Area(0, 0.0, 0.0, 0.0, Dict{String, Any}(""I"" => """", ""ARNAME"" => """", ""PTOL"" => """", ""PDES"" => """", ""ISW"" => """"))",0.292775822,0.102599111,0.292775822,0.102599111
bus375,true,bus-375,375,"Area(0, 0.0, 0.0, 0.0, Dict{String, Any}(""I"" => """", ""ARNAME"" => """", ""PTOL"" => """", ""PDES"" => """", ""ISW"" => """"))",0.10071791599999999,0.021356822,0.10082200000000001,0.021356822
bus8103,true,bus-8103,8103,"Area(0, 0.0, 0.0, 0.0, Dict{String, Any}(""I"" => """", ""ARNAME"" => """", ""PTOL"" => """", ""PDES"" => """", ""ISW"" => """"))",0.38051237800000004,0.077379534,0.38051237800000004,0.077379534
bus585,true,bus-585,585,"Area(0, 0.0, 0.0, 0.0, Dict{String, Any}(""I"" => """", ""ARNAME"" => """", ""PTOL"" => """", ""PDES"" => """", ""ISW"" => """"))",0.128796743,0.0438080271,0.128796743,0.0438080271
bus2807,true,bus-2807,2807,"Area(0, 0.0, 0.0, 0.0, Dict{String, Any}(""I"" => """", ""ARNAME"" => """", ""PTOL"" => """", ""PDES"" => """", ""ISW"" => """"))",0.102437132,0.0339575899,0.102437132,0.0339575899
bus1151,true,bus-1151,1151,"Area(0, 0.0, 0.0, 0.0, Dict{String, Any}(""I"" => """", ""ARNAME"" => """", ""PTOL"" => """", ""PDES"" => """", ""ISW"" => """"))",0.027719876499999997,0.010451898,0.027719876499999997,0.010451898
bus3936,true,bus-3936,3936,"Area(0, 0.0, 0.0, 0.0, Dict{String, Any}(""I"" => """", ""ARNAME"" => """", ""PTOL"" => """", ""PDES"" => """", ""ISW"" => """"))",0.0360253011,0.009919671060000001,0.0360253011,0.009919671060000001
bus122,true,bus-122,122,"Area(0, 0.0, 0.0, 0.0, Dict{String, Any}(""I"" => """", ""ARNAME"" => """", ""PTOL"" => """", ""PDES"" => """", ""ISW"" => """"))",0.024761426399999998,0.00665391905,0.024761426399999998,0.00665391905
bus7032,true,bus-7032,7032,"Area(0, 0.0, 0.0, 0.0, Dict{String, Any}(""I"" => """", ""ARNAME"" => """", ""PTOL"" => """", ""PDES"" => """", ""ISW"" => """"))",0.22415444099999998,0.0665338892,0.22415444099999998,0.0665338892
bus2997,true,bus-2997,2997,"Area(0, 0.0, 0.0, 0.0, Dict{String, Any}(""I"" => """", ""ARNAME"" => """", ""PTOL"" => """", ""PDES"" => """", ""ISW"" => """"))",0.058519720299999994,0.022608246699999997,0.058519720299999994,0.022608246699999997
bus468,true,bus-468,468,"Area(0, 0.0, 0.0, 0.0, Dict{String, Any}(""I"" => """", ""ARNAME"" => """", ""PTOL"" => """", ""PDES"" => """", ""ISW"" => """"))",0.30225181,0.100837616,0.30225181,0.100837616
bus935,true,bus-935,935,"Area(0, 0.0, 0.0, 0.0, Dict{String, Any}(""I"" => """", ""ARNAME"" => """", ""PTOL"" => """", ""PDES"" => """", ""ISW"" => """"))",0.06595204780000001,0.023823352899999997,0.06595204780000001,0.023823352899999997
bus8590,true,bus-8590,8590,"Area(0, 0.0, 0.0, 0.0, Dict{String, Any}(""I"" => """", ""ARNAME"" => """", ""PTOL"" => """", ""PDES"" => """", ""ISW"" => """"))",0.6493651319999999,0.194102122,0.6493651319999999,0.194102122
bus36,true,bus-36,36,"Area(0, 0.0, 0.0, 0.0, Dict{String, Any}(""I"" => """", ""ARNAME"" => """", ""PTOL"" => """", ""PDES"" => """", ""ISW"" => """"))",0.0824989955,0.024260205899999998,0.0824989955,0.024260205899999998
bus464,true,bus-464,464,"Area(0, 0.0, 0.0, 0.0, Dict{String, Any}(""I"" => """", ""ARNAME"" => """", ""PTOL"" => """", ""PDES"" => """", ""ISW"" => """"))",0.13532513599999998,0.0461127351,0.13532513599999998,0.0461127351
bus3775,true,bus-3775,3775,"Area(0, 0.0, 0.0, 0.0, Dict{String, Any}(""I"" => """", ""ARNAME"" => """", ""PTOL"" => """", ""PDES"" => """", ""ISW"" => """"))",0.0998486631,0.0355999437,0.0998486631,0.0355999437
bus330,true,bus-330,330,"Area(0, 0.0, 0.0, 0.0, Dict{String, Any}(""I"" => """", ""ARNAME"" => """", ""PTOL"" => """", ""PDES"" => """", ""ISW"" => """"))",0.022323715,0.00733679323,0.022323715,0.00733679323
bus8661,true,bus-8661,8661,"Area(0, 0.0, 0.0, 0.0, Dict{String, Any}(""I"" => """", ""ARNAME"" => """", ""PTOL"" => """", ""PDES"" => """", ""ISW"" => """"))",0.0543551436,0.0186042891,0.0543551436,0.0186042891
bus392,true,bus-392,392,"Area(0, 0.0, 0.0, 0.0, Dict{String, Any}(""I"" => """", ""ARNAME"" => """", ""PTOL"" => """", ""PDES"" => """", ""ISW"" => """"))",0.123670421,0.0413550795,0.123670421,0.0413550795
bus1357,true,bus-1357,1357,"Area(0, 0.0, 0.0, 0.0, Dict{String, Any}(""I"" => """", ""ARNAME"" => """", ""PTOL"" => """", ""PDES"" => """", ""ISW"" => """"))",0.18604783000000003,0.0647990148,0.18604783000000003,0.0647990148
bus8856,true,bus-8856,8856,"Area(0, 0.0, 0.0, 0.0, Dict{String, Any}(""I"" => """", ""ARNAME"" => """", ""PTOL"" => """", ""PDES"" => """", ""ISW"" => """"))",0.160022394,0.048013148699999994,0.16373200000000002,0.048013148699999994
bus1996,true,bus-1996,1996,"Area(0, 0.0, 0.0, 0.0, Dict{String, Any}(""I"" => """", ""ARNAME"" => """", ""PTOL"" => """", ""PDES"" => """", ""ISW"" => """"))",0.0402787966,0.0138211758,0.0402787966,0.0138211758
bus246,true,bus-246,246,"Area(0, 0.0, 0.0, 0.0, Dict{String, Any}(""I"" => """", ""ARNAME"" => """", ""PTOL"" => """", ""PDES"" => """", ""ISW"" => """"))",0.309028317,0.0537176981,0.320145,0.0537176981
bus5554,true,bus-5554,5554,"Area(0, 0.0, 0.0, 0.0, Dict{String, Any}(""I"" => """", ""ARNAME"" => """", ""PTOL"" => """", ""PDES"" => """", ""ISW"" => """"))",0.265602128,0.049262433200000004,0.265602128,0.049262433200000004
bus2243,true,bus-2243,2243,"Area(0, 0.0, 0.0, 0.0, Dict{String, Any}(""I"" => """", ""ARNAME"" => """", ""PTOL"" => """", ""PDES"" => """", ""ISW"" => """"))",0.0666940879,0.020657145899999996,0.0666940879,0.020657145899999996
bus1398,true,bus-1398,1398,"Area(0, 0.0, 0.0, 0.0, Dict{String, Any}(""I"" => """", ""ARNAME"" => """", ""PTOL"" => """", ""PDES"" => """", ""ISW"" => """"))",0.101237494,0.027008981799999998,0.101237494,0.027008981799999998
bus715,true,bus-715,715,"Area(0, 0.0, 0.0, 0.0, Dict{String, Any}(""I"" => """", ""ARNAME"" => """", ""PTOL"" => """", ""PDES"" => """", ""ISW"" => """"))",0.7100556400000001,0.109973016,0.739504,0.109973016
bus2153,true,bus-2153,2153,"Area(0, 0.0, 0.0, 0.0, Dict{String, Any}(""I"" => """", ""ARNAME"" => """", ""PTOL"" => """", ""PDES"" => """", ""ISW"" => """"))",0.490508394,0.166968984,0.490508394,0.166968984
bus978,true,bus-978,978,"Area(0, 0.0, 0.0, 0.0, Dict{String, Any}(""I"" => """", ""ARNAME"" => """", ""PTOL"" => """", ""PDES"" => """", ""ISW"" => """"))",0.030337007,0.0111875868,0.030337007,0.0111875868
bus8621,true,bus-8621,8621,"Area(0, 0.0, 0.0, 0.0, Dict{String, Any}(""I"" => """", ""ARNAME"" => """", ""PTOL"" => """", ""PDES"" => """", ""ISW"" => """"))",0.0733904921,0.0276631047,0.0733904921,0.0276631047
bus8580,true,bus-8580,8580,"Area(0, 0.0, 0.0, 0.0, Dict{String, Any}(""I"" => """", ""ARNAME"" => """", ""PTOL"" => """", ""PDES"" => """", ""ISW"" => """"))",0.212014864,0.0729516585,0.212014864,0.0729516585
bus80,true,bus-80,80,"Area(0, 0.0, 0.0, 0.0, Dict{String, Any}(""I"" => """", ""ARNAME"" => """", ""PTOL"" => """", ""PDES"" => """", ""ISW"" => """"))",0.061375811899999994,0.020456590499999996,0.061375811899999994,0.020456590499999996
bus2038,true,bus-2038,2038,"Area(0, 0.0, 0.0, 0.0, Dict{String, Any}(""I"" => """", ""ARNAME"" => """", ""PTOL"" => """", ""PDES"" => """", ""ISW"" => """"))",0.0982297519,0.040581475,0.0982297519,0.040581475
bus8722,true,bus-8722,8722,"Area(0, 0.0, 0.0, 0.0, Dict{String, Any}(""I"" => """", ""ARNAME"" => """", ""PTOL"" => """", ""PDES"" => """", ""ISW"" => """"))",0.0422412964,0.015815966,0.0422412964,0.015815966
bus1917,true,bus-1917,1917,"Area(0, 0.0, 0.0, 0.0, Dict{String, Any}(""I"" => """", ""ARNAME"" => """", ""PTOL"" => """", ""PDES"" => """", ""ISW"" => """"))",0.018091440299999997,0.00777500765,0.018091440299999997,0.00777500765
bus1913,true,bus-1913,1913,"Area(0, 0.0, 0.0, 0.0, Dict{String, Any}(""I"" => """", ""ARNAME"" => """", ""PTOL"" => """", ""PDES"" => """", ""ISW"" => """"))",0.07706632029999999,0.023817531500000003,0.07706632029999999,0.023817531500000003
bus1012,true,bus-1012,1012,"Area(0, 0.0, 0.0, 0.0, Dict{String, Any}(""I"" => """", ""ARNAME"" => """", ""PTOL"" => """", ""PDES"" => """", ""ISW"" => """"))",0.32425944,0.10769938,0.32425944,0.10769938
bus2400,true,bus-2400,2400,"Area(0, 0.0, 0.0, 0.0, Dict{String, Any}(""I"" => """", ""ARNAME"" => """", ""PTOL"" => """", ""PDES"" => """", ""ISW"" => """"))",0.305065336,0.056942078900000005,0.322516,0.056942078900000005
bus1263,true,bus-1263,1263,"Area(0, 0.0, 0.0, 0.0, Dict{String, Any}(""I"" => """", ""ARNAME"" => """", ""PTOL"" => """", ""PDES"" => """", ""ISW"" => """"))",0.28223933500000004,0.0709260385,0.28223933500000004,0.0709260385
bus689,true,bus-689,689,"Area(0, 0.0, 0.0, 0.0, Dict{String, Any}(""I"" => """", ""ARNAME"" => """", ""PTOL"" => """", ""PDES"" => """", ""ISW"" => """"))",0.272781679,0.0874447574,0.272781679,0.0874447574
bus3718,true,bus-3718,3718,"Area(0, 0.0, 0.0, 0.0, Dict{String, Any}(""I"" => """", ""ARNAME"" => """", ""PTOL"" => """", ""PDES"" => """", ""ISW"" => """"))",0.212923517,0.0694756591,0.212923517,0.0694756591
bus4347,true,bus-4347,4347,"Area(0, 0.0, 0.0, 0.0, Dict{String, Any}(""I"" => """", ""ARNAME"" => """", ""PTOL"" => """", ""PDES"" => """", ""ISW"" => """"))",0.0310837977,0.00971015288,0.0310837977,0.00971015288
bus2087,true,bus-2087,2087,"Area(0, 0.0, 0.0, 0.0, Dict{String, Any}(""I"" => """", ""ARNAME"" => """", ""PTOL"" => """", ""PDES"" => """", ""ISW"" => """"))",0.242211222,0.0689970305,0.242211222,0.0689970305
bus2380,true,bus-2380,2380,"Area(0, 0.0, 0.0, 0.0, Dict{String, Any}(""I"" => """", ""ARNAME"" => """", ""PTOL"" => """", ""PDES"" => """", ""ISW"" => """"))",0.22606116799999998,0.0727454291,0.22606116799999998,0.0727454291
bus4379,true,bus-4379,4379,"Area(0, 0.0, 0.0, 0.0, Dict{String, Any}(""I"" => """", ""ARNAME"" => """", ""PTOL"" => """", ""PDES"" => """", ""ISW"" => """"))",0.177013599,0.053821669600000004,0.18075,0.053821669600000004
bus1230,true,bus-1230,1230,"Area(0, 0.0, 0.0, 0.0, Dict{String, Any}(""I"" => """", ""ARNAME"" => """", ""PTOL"" => """", ""PDES"" => """", ""ISW"" => """"))",0.34481372899999996,0.0904885451,0.34481372899999996,0.0904885451
bus277,true,bus-277,277,"Area(0, 0.0, 0.0, 0.0, Dict{String, Any}(""I"" => """", ""ARNAME"" => """", ""PTOL"" => """", ""PDES"" => """", ""ISW"" => """"))",0.0734314929,0.0185809611,0.0734314929,0.0185809611
bus753,true,bus-753,753,"Area(0, 0.0, 0.0, 0.0, Dict{String, Any}(""I"" => """", ""ARNAME"" => """", ""PTOL"" => """", ""PDES"" => """", ""ISW"" => """"))",0.07342723379999999,0.0215586454,0.07342723379999999,0.0215586454
bus3226,true,bus-3226,3226,"Area(0, 0.0, 0.0, 0.0, Dict{String, Any}(""I"" => """", ""ARNAME"" => """", ""PTOL"" => """", ""PDES"" => """", ""ISW"" => """"))",0.12956489100000002,0.0307854282,0.12956489100000002,0.0307854282
bus833,true,bus-833,833,"Area(0, 0.0, 0.0, 0.0, Dict{String, Any}(""I"" => """", ""ARNAME"" => """", ""PTOL"" => """", ""PDES"" => """", ""ISW"" => """"))",0.0407237791,0.012861574600000002,0.0407237791,0.012861574600000002
bus847,true,bus-847,847,"Area(0, 0.0, 0.0, 0.0, Dict{String, Any}(""I"" => """", ""ARNAME"" => """", ""PTOL"" => """", ""PDES"" => """", ""ISW"" => """"))",0.0539423484,0.0189974153,0.0539423484,0.0189974153
bus1255,true,bus-1255,1255,"Area(0, 0.0, 0.0, 0.0, Dict{String, Any}(""I"" => """", ""ARNAME"" => """", ""PTOL"" => """", ""PDES"" => """", ""ISW"" => """"))",0.414562112,0.126258822,0.414562112,0.126258822
bus2482,true,bus-2482,2482,"Area(0, 0.0, 0.0, 0.0, Dict{String, Any}(""I"" => """", ""ARNAME"" => """", ""PTOL"" => """", ""PDES"" => """", ""ISW"" => """"))",0.04839848,0.0153138012,0.04839848,0.0153138012
bus3553,true,bus-3553,3553,"Area(0, 0.0, 0.0, 0.0, Dict{String, Any}(""I"" => """", ""ARNAME"" => """", ""PTOL"" => """", ""PDES"" => """", ""ISW"" => """"))",0.020477987299999997,0.0065989377400000005,0.020477987299999997,0.0065989377400000005
bus1253,true,bus-1253,1253,"Area(0, 0.0, 0.0, 0.0, Dict{String, Any}(""I"" => """", ""ARNAME"" => """", ""PTOL"" => """", ""PDES"" => """", ""ISW"" => """"))",1.09478311,0.270460403,1.09478311,0.270460403
bus6585,true,bus-6585,6585,"Area(0, 0.0, 0.0, 0.0, Dict{String, Any}(""I"" => """", ""ARNAME"" => """", ""PTOL"" => """", ""PDES"" => """", ""ISW"" => """"))",0.0799903664,0.030310663999999998,0.0799903664,0.030310663999999998
bus903,true,bus-903,903,"Area(0, 0.0, 0.0, 0.0, Dict{String, Any}(""I"" => """", ""ARNAME"" => """", ""PTOL"" => """", ""PDES"" => """", ""ISW"" => """"))",0.0652233646,0.025260111699999997,0.0652233646,0.025260111699999997
bus3779,true,bus-3779,3779,"Area(0, 0.0, 0.0, 0.0, Dict{String, Any}(""I"" => """", ""ARNAME"" => """", ""PTOL"" => """", ""PDES"" => """", ""ISW"" => """"))",0.119699613,0.0331830972,0.119699613,0.0331830972
bus1194,true,bus-1194,1194,"Area(0, 0.0, 0.0, 0.0, Dict{String, Any}(""I"" => """", ""ARNAME"" => """", ""PTOL"" => """", ""PDES"" => """", ""ISW"" => """"))",0.146237633,0.045307033299999994,0.146237633,0.045307033299999994
