name,available,active_power,reactive_power,rating,prime_mover_type,reactive_power_limits,power_factor,operation_cost,base_power,services,dynamic_injector,bus_name,bus_number,area
gen-1692,true,0.009082358320000001,0.0,0.10281616926620278,PVe,"(min = -0.07, max = 0.102)",0.95,"RenewableGenerationCost(CostCurve{LinearCurve}(LinearCurve(0.0, 0.0), UnitSystem.NATURAL_UNITS = 2, LinearCurve(0.0, 0.0)), CostCurve{LinearCurve}(LinearCurve(0.0, 0.0), UnitSystem.NATURAL_UNITS = 2, LinearCurve(0.0, 0.0)), 0.0)",100.0,Service[],,bus-448,448,"Area(0, 0.0, 0.0, 0.0, Dict{String, Any}(""I"" => """", ""ARNAME"" => """", ""PTOL"" => """", ""PDES"" => """", ""ISW"" => """"))"
gen-1652,true,0.0181647166,0.0,0.10522670122314892,PVe,"(min = -0.07, max = 0.102)",0.95,"RenewableGenerationCost(CostCurve{LinearCurve}(LinearCurve(0.0, 0.0), UnitSystem.NATURAL_UNITS = 2, LinearCurve(0.0, 0.0)), CostCurve{LinearCurve}(LinearCurve(0.0, 0.0), UnitSystem.NATURAL_UNITS = 2, LinearCurve(0.0, 0.0)), 0.0)",100.0,Service[],,bus-407,407,"Area(0, 0.0, 0.0, 0.0, Dict{String, Any}(""I"" => """", ""ARNAME"" => """", ""PTOL"" => """", ""PDES"" => """", ""ISW"" => """"))"
gen-1605,true,0.009082358320000001,0.0,0.10281616926620278,PVe,"(min = -0.07, max = 0.102)",0.95,"RenewableGenerationCost(CostCurve{LinearCurve}(LinearCurve(0.0, 0.0), UnitSystem.NATURAL_UNITS = 2, LinearCurve(0.0, 0.0)), CostCurve{LinearCurve}(LinearCurve(0.0, 0.0), UnitSystem.NATURAL_UNITS = 2, LinearCurve(0.0, 0.0)), 0.0)",100.0,Service[],,bus-1041,1041,"Area(0, 0.0, 0.0, 0.0, Dict{String, Any}(""I"" => """", ""ARNAME"" => """", ""PTOL"" => """", ""PDES"" => """", ""ISW"" => """"))"
gen-1861,true,0.316066069,0.0,0.46135354490730723,PVe,"(min = -0.07, max = 0.102)",0.95,"RenewableGenerationCost(CostCurve{LinearCurve}(LinearCurve(0.0, 0.0), UnitSystem.NATURAL_UNITS = 2, LinearCurve(0.0, 0.0)), CostCurve{LinearCurve}(LinearCurve(0.0, 0.0), UnitSystem.NATURAL_UNITS = 2, LinearCurve(0.0, 0.0)), 0.0)",100.0,Service[],,bus-8185,8185,"Area(0, 0.0, 0.0, 0.0, Dict{String, Any}(""I"" => """", ""ARNAME"" => """", ""PTOL"" => """", ""PDES"" => """", ""ISW"" => """"))"
gen-1364,true,0.0045411791600000005,0.0,0.10220465334633308,PVe,"(min = -0.07, max = 0.102)",0.95,"RenewableGenerationCost(CostCurve{LinearCurve}(LinearCurve(0.0, 0.0), UnitSystem.NATURAL_UNITS = 2, LinearCurve(0.0, 0.0)), CostCurve{LinearCurve}(LinearCurve(0.0, 0.0), UnitSystem.NATURAL_UNITS = 2, LinearCurve(0.0, 0.0)), 0.0)",100.0,Service[],,bus-8315,8315,"Area(0, 0.0, 0.0, 0.0, Dict{String, Any}(""I"" => """", ""ARNAME"" => """", ""PTOL"" => """", ""PDES"" => """", ""ISW"" => """"))"
gen-1425,true,0.00825637659,0.0,0.23959664254916221,WT,"(min = -0.225631579, max = 0.23884210499999997)",0.95,"RenewableGenerationCost(CostCurve{LinearCurve}(LinearCurve(0.0, 0.0), UnitSystem.NATURAL_UNITS = 2, LinearCurve(0.0, 0.0)), CostCurve{LinearCurve}(LinearCurve(0.0, 0.0), UnitSystem.NATURAL_UNITS = 2, LinearCurve(0.0, 0.0)), 0.0)",100.0,Service[],,bus-1864,1864,"Area(0, 0.0, 0.0, 0.0, Dict{String, Any}(""I"" => """", ""ARNAME"" => """", ""PTOL"" => """", ""PDES"" => """", ""ISW"" => """"))"
gen-1782,true,0.0136235375,0.0,0.10382735906685212,PVe,"(min = -0.07, max = 0.102)",0.95,"RenewableGenerationCost(CostCurve{LinearCurve}(LinearCurve(0.0, 0.0), UnitSystem.NATURAL_UNITS = 2, LinearCurve(0.0, 0.0)), CostCurve{LinearCurve}(LinearCurve(0.0, 0.0), UnitSystem.NATURAL_UNITS = 2, LinearCurve(0.0, 0.0)), 0.0)",100.0,Service[],,bus-1006,1006,"Area(0, 0.0, 0.0, 0.0, Dict{String, Any}(""I"" => """", ""ARNAME"" => """", ""PTOL"" => """", ""PDES"" => """", ""ISW"" => """"))"
gen-1857,true,0.290635466,0.0,0.4261227694500634,PVe,"(min = -0.07, max = 0.102)",0.95,"RenewableGenerationCost(CostCurve{LinearCurve}(LinearCurve(0.0, 0.0), UnitSystem.NATURAL_UNITS = 2, LinearCurve(0.0, 0.0)), CostCurve{LinearCurve}(LinearCurve(0.0, 0.0), UnitSystem.NATURAL_UNITS = 2, LinearCurve(0.0, 0.0)), 0.0)",100.0,Service[],,bus-8185,8185,"Area(0, 0.0, 0.0, 0.0, Dict{String, Any}(""I"" => """", ""ARNAME"" => """", ""PTOL"" => """", ""PDES"" => """", ""ISW"" => """"))"
gen-2069,true,0.0118070658,0.0,0.1033755690629169,PVe,"(min = -0.07, max = 0.102)",0.95,"RenewableGenerationCost(CostCurve{LinearCurve}(LinearCurve(0.0, 0.0), UnitSystem.NATURAL_UNITS = 2, LinearCurve(0.0, 0.0)), CostCurve{LinearCurve}(LinearCurve(0.0, 0.0), UnitSystem.NATURAL_UNITS = 2, LinearCurve(0.0, 0.0)), 0.0)",100.0,Service[],,bus-1188,1188,"Area(0, 0.0, 0.0, 0.0, Dict{String, Any}(""I"" => """", ""ARNAME"" => """", ""PTOL"" => """", ""PDES"" => """", ""ISW"" => """"))"
gen-999,true,0.100000718,0.0,0.1,BA,"(min = 0.0, max = 0.0)",0.95,"RenewableGenerationCost(CostCurve{LinearCurve}(LinearCurve(16.3717118, 401.19412), UnitSystem.NATURAL_UNITS = 2, LinearCurve(0.0, 0.0)), CostCurve{LinearCurve}(LinearCurve(0.0, 0.0), UnitSystem.NATURAL_UNITS = 2, LinearCurve(0.0, 0.0)), 0.0)",100.0,Service[],,bus-8569,8569,"Area(0, 0.0, 0.0, 0.0, Dict{String, Any}(""I"" => """", ""ARNAME"" => """", ""PTOL"" => """", ""PDES"" => """", ""ISW"" => """"))"
gen-1465,true,0.0260727682,0.0,0.2462631745122096,WT,"(min = -0.225631579, max = 0.23884210499999997)",0.95,"RenewableGenerationCost(CostCurve{LinearCurve}(LinearCurve(0.0, 0.0), UnitSystem.NATURAL_UNITS = 2, LinearCurve(0.0, 0.0)), CostCurve{LinearCurve}(LinearCurve(0.0, 0.0), UnitSystem.NATURAL_UNITS = 2, LinearCurve(0.0, 0.0)), 0.0)",100.0,Service[],,bus-1858,1858,"Area(0, 0.0, 0.0, 0.0, Dict{String, Any}(""I"" => """", ""ARNAME"" => """", ""PTOL"" => """", ""PDES"" => """", ""ISW"" => """"))"
gen-1318,true,0.027247075,0.0,0.10912599123576455,PVe,"(min = -0.07, max = 0.102)",0.95,"RenewableGenerationCost(CostCurve{LinearCurve}(LinearCurve(0.0, 0.0), UnitSystem.NATURAL_UNITS = 2, LinearCurve(0.0, 0.0)), CostCurve{LinearCurve}(LinearCurve(0.0, 0.0), UnitSystem.NATURAL_UNITS = 2, LinearCurve(0.0, 0.0)), 0.0)",100.0,Service[],,bus-859,859,"Area(0, 0.0, 0.0, 0.0, Dict{String, Any}(""I"" => """", ""ARNAME"" => """", ""PTOL"" => """", ""PDES"" => """", ""ISW"" => """"))"
gen-1710,true,0.086040135,0.0,0.3102411177146431,WT,"(min = -0.225631579, max = 0.23884210499999997)",0.95,"RenewableGenerationCost(CostCurve{LinearCurve}(LinearCurve(0.0, 0.0), UnitSystem.NATURAL_UNITS = 2, LinearCurve(0.0, 0.0)), CostCurve{LinearCurve}(LinearCurve(0.0, 0.0), UnitSystem.NATURAL_UNITS = 2, LinearCurve(0.0, 0.0)), 0.0)",100.0,Service[],,bus-295,295,"Area(0, 0.0, 0.0, 0.0, Dict{String, Any}(""I"" => """", ""ARNAME"" => """", ""PTOL"" => """", ""PDES"" => """", ""ISW"" => """"))"
gen-779,true,0.215100337,0.0,0.549609453267346,WT,"(min = -0.225631579, max = 0.23884210499999997)",0.95,"RenewableGenerationCost(CostCurve{LinearCurve}(LinearCurve(0.0, 0.0), UnitSystem.NATURAL_UNITS = 2, LinearCurve(0.0, 0.0)), CostCurve{LinearCurve}(LinearCurve(0.0, 0.0), UnitSystem.NATURAL_UNITS = 2, LinearCurve(0.0, 0.0)), 0.0)",100.0,Service[],,bus-1854,1854,"Area(0, 0.0, 0.0, 0.0, Dict{String, Any}(""I"" => """", ""ARNAME"" => """", ""PTOL"" => """", ""PDES"" => """", ""ISW"" => """"))"
gen-444,true,0.0756110277,0.0,0.29550220154988865,WT,"(min = -0.225631579, max = 0.23884210499999997)",0.95,"RenewableGenerationCost(CostCurve{LinearCurve}(LinearCurve(0.0, 0.0), UnitSystem.NATURAL_UNITS = 2, LinearCurve(0.0, 0.0)), CostCurve{LinearCurve}(LinearCurve(0.0, 0.0), UnitSystem.NATURAL_UNITS = 2, LinearCurve(0.0, 0.0)), 0.0)",100.0,Service[],,bus-1641,1641,"Area(0, 0.0, 0.0, 0.0, Dict{String, Any}(""I"" => """", ""ARNAME"" => """", ""PTOL"" => """", ""PDES"" => """", ""ISW"" => """"))"
gen-1253,true,0.0045411791600000005,0.0,0.10220465334633308,PVe,"(min = -0.07, max = 0.102)",0.95,"RenewableGenerationCost(CostCurve{LinearCurve}(LinearCurve(0.0, 0.0), UnitSystem.NATURAL_UNITS = 2, LinearCurve(0.0, 0.0)), CostCurve{LinearCurve}(LinearCurve(0.0, 0.0), UnitSystem.NATURAL_UNITS = 2, LinearCurve(0.0, 0.0)), 0.0)",100.0,Service[],,bus-1846,1846,"Area(0, 0.0, 0.0, 0.0, Dict{String, Any}(""I"" => """", ""ARNAME"" => """", ""PTOL"" => """", ""PDES"" => """", ""ISW"" => """"))"
gen-2011,true,0.0027247075,0.0,0.10207372247367037,PVe,"(min = -0.07, max = 0.102)",0.95,"RenewableGenerationCost(CostCurve{LinearCurve}(LinearCurve(0.0, 0.0), UnitSystem.NATURAL_UNITS = 2, LinearCurve(0.0, 0.0)), CostCurve{LinearCurve}(LinearCurve(0.0, 0.0), UnitSystem.NATURAL_UNITS = 2, LinearCurve(0.0, 0.0)), 0.0)",100.0,Service[],,bus-8573,8573,"Area(0, 0.0, 0.0, 0.0, Dict{String, Any}(""I"" => """", ""ARNAME"" => """", ""PTOL"" => """", ""PDES"" => """", ""ISW"" => """"))"
gen-1759,true,0.18164716599999997,0.0,0.27797457623060623,PVe,"(min = -0.07, max = 0.102)",0.95,"RenewableGenerationCost(CostCurve{LinearCurve}(LinearCurve(0.0, 0.0), UnitSystem.NATURAL_UNITS = 2, LinearCurve(0.0, 0.0)), CostCurve{LinearCurve}(LinearCurve(0.0, 0.0), UnitSystem.NATURAL_UNITS = 2, LinearCurve(0.0, 0.0)), 0.0)",100.0,Service[],,bus-1953,1953,"Area(0, 0.0, 0.0, 0.0, Dict{String, Any}(""I"" => """", ""ARNAME"" => """", ""PTOL"" => """", ""PDES"" => """", ""ISW"" => """"))"
gen-766,true,0.019554576100000002,0.0,0.2430443398247139,WT,"(min = -0.225631579, max = 0.23884210499999997)",0.95,"RenewableGenerationCost(CostCurve{LinearCurve}(LinearCurve(0.0, 0.0), UnitSystem.NATURAL_UNITS = 2, LinearCurve(0.0, 0.0)), CostCurve{LinearCurve}(LinearCurve(0.0, 0.0), UnitSystem.NATURAL_UNITS = 2, LinearCurve(0.0, 0.0)), 0.0)",100.0,Service[],,bus-1989,1989,"Area(0, 0.0, 0.0, 0.0, Dict{String, Any}(""I"" => """", ""ARNAME"" => """", ""PTOL"" => """", ""PDES"" => """", ""ISW"" => """"))"
gen-743,true,0.12601838,0.0,0.3756934270396955,WT,"(min = -0.225631579, max = 0.23884210499999997)",0.95,"RenewableGenerationCost(CostCurve{LinearCurve}(LinearCurve(0.0, 0.0), UnitSystem.NATURAL_UNITS = 2, LinearCurve(0.0, 0.0)), CostCurve{LinearCurve}(LinearCurve(0.0, 0.0), UnitSystem.NATURAL_UNITS = 2, LinearCurve(0.0, 0.0)), 0.0)",100.0,Service[],,bus-1680,1680,"Area(0, 0.0, 0.0, 0.0, Dict{String, Any}(""I"" => """", ""ARNAME"" => """", ""PTOL"" => """", ""PDES"" => """", ""ISW"" => """"))"
gen-1194,true,1.1352947899999999,0.0,1.6377947855405306,PVe,"(min = -0.16125, max = 0.265375)",0.95,"RenewableGenerationCost(CostCurve{LinearCurve}(LinearCurve(0.0, 0.0), UnitSystem.NATURAL_UNITS = 2, LinearCurve(0.0, 0.0)), CostCurve{LinearCurve}(LinearCurve(0.0, 0.0), UnitSystem.NATURAL_UNITS = 2, LinearCurve(0.0, 0.0)), 0.0)",100.0,Service[],,bus-8357,8357,"Area(0, 0.0, 0.0, 0.0, Dict{String, Any}(""I"" => """", ""ARNAME"" => """", ""PTOL"" => """", ""PDES"" => """", ""ISW"" => """"))"
gen-1888,true,0.18164716599999997,0.0,0.27797457623060623,PVe,"(min = -0.07, max = 0.102)",0.95,"RenewableGenerationCost(CostCurve{LinearCurve}(LinearCurve(0.0, 0.0), UnitSystem.NATURAL_UNITS = 2, LinearCurve(0.0, 0.0)), CostCurve{LinearCurve}(LinearCurve(0.0, 0.0), UnitSystem.NATURAL_UNITS = 2, LinearCurve(0.0, 0.0)), 0.0)",100.0,Service[],,bus-407,407,"Area(0, 0.0, 0.0, 0.0, Dict{String, Any}(""I"" => """", ""ARNAME"" => """", ""PTOL"" => """", ""PDES"" => """", ""ISW"" => """"))"
gen-2093,true,0.0120000823,0.0,0.012,BA,"(min = 0.0, max = 0.0)",0.95,"RenewableGenerationCost(CostCurve{LinearCurve}(LinearCurve(16.3717118, 401.19412), UnitSystem.NATURAL_UNITS = 2, LinearCurve(0.0, 0.0)), CostCurve{LinearCurve}(LinearCurve(0.0, 0.0), UnitSystem.NATURAL_UNITS = 2, LinearCurve(0.0, 0.0)), 0.0)",100.0,Service[],,bus-700,700,"Area(0, 0.0, 0.0, 0.0, Dict{String, Any}(""I"" => """", ""ARNAME"" => """", ""PTOL"" => """", ""PDES"" => """", ""ISW"" => """"))"
gen-1964,true,0.009990594149999999,0.0,0.10298674303316785,PVe,"(min = -0.07, max = 0.102)",0.95,"RenewableGenerationCost(CostCurve{LinearCurve}(LinearCurve(0.0, 0.0), UnitSystem.NATURAL_UNITS = 2, LinearCurve(0.0, 0.0)), CostCurve{LinearCurve}(LinearCurve(0.0, 0.0), UnitSystem.NATURAL_UNITS = 2, LinearCurve(0.0, 0.0)), 0.0)",100.0,Service[],,bus-1703,1703,"Area(0, 0.0, 0.0, 0.0, Dict{String, Any}(""I"" => """", ""ARNAME"" => """", ""PTOL"" => """", ""PDES"" => """", ""ISW"" => """"))"
gen-1377,true,0.443237059,0.0,1.0475903546333514,WT,"(min = -0.225631579, max = 0.23884210499999997)",0.95,"RenewableGenerationCost(CostCurve{LinearCurve}(LinearCurve(0.0, 0.0), UnitSystem.NATURAL_UNITS = 2, LinearCurve(0.0, 0.0)), CostCurve{LinearCurve}(LinearCurve(0.0, 0.0), UnitSystem.NATURAL_UNITS = 2, LinearCurve(0.0, 0.0)), 0.0)",100.0,Service[],,bus-2264,2264,"Area(0, 0.0, 0.0, 0.0, Dict{String, Any}(""I"" => """", ""ARNAME"" => """", ""PTOL"" => """", ""PDES"" => """", ""ISW"" => """"))"
gen-516,true,0.258989497,0.0,0.6410241805111567,WT,"(min = -0.23600000000000002, max = 0.23600000000000002)",0.95,"RenewableGenerationCost(CostCurve{LinearCurve}(LinearCurve(0.0, 0.0), UnitSystem.NATURAL_UNITS = 2, LinearCurve(0.0, 0.0)), CostCurve{LinearCurve}(LinearCurve(0.0, 0.0), UnitSystem.NATURAL_UNITS = 2, LinearCurve(0.0, 0.0)), 0.0)",100.0,Service[],,bus-1933,1933,"Area(0, 0.0, 0.0, 0.0, Dict{String, Any}(""I"" => """", ""ARNAME"" => """", ""PTOL"" => """", ""PDES"" => """", ""ISW"" => """"))"
gen-1110,true,0.0045411791600000005,0.0,0.10220465334633308,PVe,"(min = -0.07, max = 0.102)",0.95,"RenewableGenerationCost(CostCurve{LinearCurve}(LinearCurve(0.0, 0.0), UnitSystem.NATURAL_UNITS = 2, LinearCurve(0.0, 0.0)), CostCurve{LinearCurve}(LinearCurve(0.0, 0.0), UnitSystem.NATURAL_UNITS = 2, LinearCurve(0.0, 0.0)), 0.0)",100.0,Service[],,bus-8315,8315,"Area(0, 0.0, 0.0, 0.0, Dict{String, Any}(""I"" => """", ""ARNAME"" => """", ""PTOL"" => """", ""PDES"" => """", ""ISW"" => """"))"
gen-1668,true,0.009082358320000001,0.0,0.10281616926620278,PVe,"(min = -0.07, max = 0.102)",0.95,"RenewableGenerationCost(CostCurve{LinearCurve}(LinearCurve(0.0, 0.0), UnitSystem.NATURAL_UNITS = 2, LinearCurve(0.0, 0.0)), CostCurve{LinearCurve}(LinearCurve(0.0, 0.0), UnitSystem.NATURAL_UNITS = 2, LinearCurve(0.0, 0.0)), 0.0)",100.0,Service[],,bus-909,909,"Area(0, 0.0, 0.0, 0.0, Dict{String, Any}(""I"" => """", ""ARNAME"" => """", ""PTOL"" => """", ""PDES"" => """", ""ISW"" => """"))"
gen-1142,true,0.0045411791600000005,0.0,0.10220465334633308,PVe,"(min = -0.07, max = 0.102)",0.95,"RenewableGenerationCost(CostCurve{LinearCurve}(LinearCurve(0.0, 0.0), UnitSystem.NATURAL_UNITS = 2, LinearCurve(0.0, 0.0)), CostCurve{LinearCurve}(LinearCurve(0.0, 0.0), UnitSystem.NATURAL_UNITS = 2, LinearCurve(0.0, 0.0)), 0.0)",100.0,Service[],,bus-990,990,"Area(0, 0.0, 0.0, 0.0, Dict{String, Any}(""I"" => """", ""ARNAME"" => """", ""PTOL"" => """", ""PDES"" => """", ""ISW"" => """"))"
gen-1944,true,0.06357650819999999,0.0,0.136363735891353,PVe,"(min = -0.07, max = 0.102)",0.95,"RenewableGenerationCost(CostCurve{LinearCurve}(LinearCurve(0.0, 0.0), UnitSystem.NATURAL_UNITS = 2, LinearCurve(0.0, 0.0)), CostCurve{LinearCurve}(LinearCurve(0.0, 0.0), UnitSystem.NATURAL_UNITS = 2, LinearCurve(0.0, 0.0)), 0.0)",100.0,Service[],,bus-945,945,"Area(0, 0.0, 0.0, 0.0, Dict{String, Any}(""I"" => """", ""ARNAME"" => """", ""PTOL"" => """", ""PDES"" => """", ""ISW"" => """"))"
gen-1588,true,0.0208894241,0.0,0.1062464167105884,PVe,"(min = -0.07, max = 0.102)",0.95,"RenewableGenerationCost(CostCurve{LinearCurve}(LinearCurve(0.0, 0.0), UnitSystem.NATURAL_UNITS = 2, LinearCurve(0.0, 0.0)), CostCurve{LinearCurve}(LinearCurve(0.0, 0.0), UnitSystem.NATURAL_UNITS = 2, LinearCurve(0.0, 0.0)), 0.0)",100.0,Service[],,bus-1858,1858,"Area(0, 0.0, 0.0, 0.0, Dict{String, Any}(""I"" => """", ""ARNAME"" => """", ""PTOL"" => """", ""PDES"" => """", ""ISW"" => """"))"
gen-1525,true,0.599673668,0.0,1.4005161731021998,WT,"(min = -0.225631579, max = 0.23884210499999997)",0.95,"RenewableGenerationCost(CostCurve{LinearCurve}(LinearCurve(0.0, 0.0), UnitSystem.NATURAL_UNITS = 2, LinearCurve(0.0, 0.0)), CostCurve{LinearCurve}(LinearCurve(0.0, 0.0), UnitSystem.NATURAL_UNITS = 2, LinearCurve(0.0, 0.0)), 0.0)",100.0,Service[],,bus-295,295,"Area(0, 0.0, 0.0, 0.0, Dict{String, Any}(""I"" => """", ""ARNAME"" => """", ""PTOL"" => """", ""PDES"" => """", ""ISW"" => """"))"
gen-1902,true,0.8174122490000001,0.0,1.168091510190184,PVe,"(min = -0.07, max = 0.102)",0.95,"RenewableGenerationCost(CostCurve{LinearCurve}(LinearCurve(0.0, 0.0), UnitSystem.NATURAL_UNITS = 2, LinearCurve(0.0, 0.0)), CostCurve{LinearCurve}(LinearCurve(0.0, 0.0), UnitSystem.NATURAL_UNITS = 2, LinearCurve(0.0, 0.0)), 0.0)",100.0,Service[],,bus-1553,1553,"Area(0, 0.0, 0.0, 0.0, Dict{String, Any}(""I"" => """", ""ARNAME"" => """", ""PTOL"" => """", ""PDES"" => """", ""ISW"" => """"))"
gen-2095,true,0.0100000674,0.0,0.01,BA,"(min = 0.0, max = 0.0)",0.95,"RenewableGenerationCost(CostCurve{LinearCurve}(LinearCurve(16.3717118, 401.19412), UnitSystem.NATURAL_UNITS = 2, LinearCurve(0.0, 0.0)), CostCurve{LinearCurve}(LinearCurve(0.0, 0.0), UnitSystem.NATURAL_UNITS = 2, LinearCurve(0.0, 0.0)), 0.0)",100.0,Service[],,bus-677,677,"Area(0, 0.0, 0.0, 0.0, Dict{String, Any}(""I"" => """", ""ARNAME"" => """", ""PTOL"" => """", ""PDES"" => """", ""ISW"" => """"))"
gen-995,true,0.100000718,0.0,0.1,BA,"(min = 0.0, max = 0.0)",0.95,"RenewableGenerationCost(CostCurve{LinearCurve}(LinearCurve(16.3717118, 401.19412), UnitSystem.NATURAL_UNITS = 2, LinearCurve(0.0, 0.0)), CostCurve{LinearCurve}(LinearCurve(0.0, 0.0), UnitSystem.NATURAL_UNITS = 2, LinearCurve(0.0, 0.0)), 0.0)",100.0,Service[],,bus-1997,1997,"Area(0, 0.0, 0.0, 0.0, Dict{String, Any}(""I"" => """", ""ARNAME"" => """", ""PTOL"" => """", ""PDES"" => """", ""ISW"" => """"))"
gen-1846,true,0.0045411791600000005,0.0,0.10220465334633308,PVe,"(min = -0.07, max = 0.102)",0.95,"RenewableGenerationCost(CostCurve{LinearCurve}(LinearCurve(0.0, 0.0), UnitSystem.NATURAL_UNITS = 2, LinearCurve(0.0, 0.0)), CostCurve{LinearCurve}(LinearCurve(0.0, 0.0), UnitSystem.NATURAL_UNITS = 2, LinearCurve(0.0, 0.0)), 0.0)",100.0,Service[],,bus-1521,1521,"Area(0, 0.0, 0.0, 0.0, Dict{String, Any}(""I"" => """", ""ARNAME"" => """", ""PTOL"" => """", ""PDES"" => """", ""ISW"" => """"))"
gen-1914,true,0.49044734900000003,0.0,0.705589226555726,PVe,"(min = -0.07, max = 0.102)",0.95,"RenewableGenerationCost(CostCurve{LinearCurve}(LinearCurve(0.0, 0.0), UnitSystem.NATURAL_UNITS = 2, LinearCurve(0.0, 0.0)), CostCurve{LinearCurve}(LinearCurve(0.0, 0.0), UnitSystem.NATURAL_UNITS = 2, LinearCurve(0.0, 0.0)), 0.0)",100.0,Service[],,bus-2314,2314,"Area(0, 0.0, 0.0, 0.0, Dict{String, Any}(""I"" => """", ""ARNAME"" => """", ""PTOL"" => """", ""PDES"" => """", ""ISW"" => """"))"
gen-1193,true,1.1352947899999999,0.0,1.6377947855405306,PVe,"(min = -0.16125, max = 0.265375)",0.95,"RenewableGenerationCost(CostCurve{LinearCurve}(LinearCurve(0.0, 0.0), UnitSystem.NATURAL_UNITS = 2, LinearCurve(0.0, 0.0)), CostCurve{LinearCurve}(LinearCurve(0.0, 0.0), UnitSystem.NATURAL_UNITS = 2, LinearCurve(0.0, 0.0)), 0.0)",100.0,Service[],,bus-8357,8357,"Area(0, 0.0, 0.0, 0.0, Dict{String, Any}(""I"" => """", ""ARNAME"" => """", ""PTOL"" => """", ""PDES"" => """", ""ISW"" => """"))"
gen-1140,true,0.0045411791600000005,0.0,0.10220465334633308,PVe,"(min = -0.07, max = 0.102)",0.95,"RenewableGenerationCost(CostCurve{LinearCurve}(LinearCurve(0.0, 0.0), UnitSystem.NATURAL_UNITS = 2, LinearCurve(0.0, 0.0)), CostCurve{LinearCurve}(LinearCurve(0.0, 0.0), UnitSystem.NATURAL_UNITS = 2, LinearCurve(0.0, 0.0)), 0.0)",100.0,Service[],,bus-7830,7830,"Area(0, 0.0, 0.0, 0.0, Dict{String, Any}(""I"" => """", ""ARNAME"" => """", ""PTOL"" => """", ""PDES"" => """", ""ISW"" => """"))"
gen-1326,true,0.0118070658,0.0,0.1033755690629169,PVe,"(min = -0.07, max = 0.102)",0.95,"RenewableGenerationCost(CostCurve{LinearCurve}(LinearCurve(0.0, 0.0), UnitSystem.NATURAL_UNITS = 2, LinearCurve(0.0, 0.0)), CostCurve{LinearCurve}(LinearCurve(0.0, 0.0), UnitSystem.NATURAL_UNITS = 2, LinearCurve(0.0, 0.0)), 0.0)",100.0,Service[],,bus-385,385,"Area(0, 0.0, 0.0, 0.0, Dict{String, Any}(""I"" => """", ""ARNAME"" => """", ""PTOL"" => """", ""PDES"" => """", ""ISW"" => """"))"
gen-1801,true,0.0454117916,0.0,0.12076057537297331,PVe,"(min = -0.07, max = 0.102)",0.95,"RenewableGenerationCost(CostCurve{LinearCurve}(LinearCurve(0.0, 0.0), UnitSystem.NATURAL_UNITS = 2, LinearCurve(0.0, 0.0)), CostCurve{LinearCurve}(LinearCurve(0.0, 0.0), UnitSystem.NATURAL_UNITS = 2, LinearCurve(0.0, 0.0)), 0.0)",100.0,Service[],,bus-137,137,"Area(0, 0.0, 0.0, 0.0, Dict{String, Any}(""I"" => """", ""ARNAME"" => """", ""PTOL"" => """", ""PDES"" => """", ""ISW"" => """"))"
gen-1986,true,0.0454117916,0.0,0.12076057537297331,PVe,"(min = -0.07, max = 0.102)",0.95,"RenewableGenerationCost(CostCurve{LinearCurve}(LinearCurve(0.0, 0.0), UnitSystem.NATURAL_UNITS = 2, LinearCurve(0.0, 0.0)), CostCurve{LinearCurve}(LinearCurve(0.0, 0.0), UnitSystem.NATURAL_UNITS = 2, LinearCurve(0.0, 0.0)), 0.0)",100.0,Service[],,bus-1661,1661,"Area(0, 0.0, 0.0, 0.0, Dict{String, Any}(""I"" => """", ""ARNAME"" => """", ""PTOL"" => """", ""PDES"" => """", ""ISW"" => """"))"
gen-1337,true,0.0454117916,0.0,0.12076057537297331,PVe,"(min = -0.07, max = 0.102)",0.95,"RenewableGenerationCost(CostCurve{LinearCurve}(LinearCurve(0.0, 0.0), UnitSystem.NATURAL_UNITS = 2, LinearCurve(0.0, 0.0)), CostCurve{LinearCurve}(LinearCurve(0.0, 0.0), UnitSystem.NATURAL_UNITS = 2, LinearCurve(0.0, 0.0)), 0.0)",100.0,Service[],,bus-974,974,"Area(0, 0.0, 0.0, 0.0, Dict{String, Any}(""I"" => """", ""ARNAME"" => """", ""PTOL"" => """", ""PDES"" => """", ""ISW"" => """"))"
gen-795,true,0.11776200299999999,0.0,0.29135888522576414,WT,"(min = -0.107, max = 0.107)",0.95,"RenewableGenerationCost(CostCurve{LinearCurve}(LinearCurve(0.0, 0.0), UnitSystem.NATURAL_UNITS = 2, LinearCurve(0.0, 0.0)), CostCurve{LinearCurve}(LinearCurve(0.0, 0.0), UnitSystem.NATURAL_UNITS = 2, LinearCurve(0.0, 0.0)), 0.0)",100.0,Service[],,bus-295,295,"Area(0, 0.0, 0.0, 0.0, Dict{String, Any}(""I"" => """", ""ARNAME"" => """", ""PTOL"" => """", ""PDES"" => """", ""ISW"" => """"))"
gen-1751,true,0.0190729525,0.0,0.10555186478594346,PVe,"(min = -0.07, max = 0.102)",0.95,"RenewableGenerationCost(CostCurve{LinearCurve}(LinearCurve(0.0, 0.0), UnitSystem.NATURAL_UNITS = 2, LinearCurve(0.0, 0.0)), CostCurve{LinearCurve}(LinearCurve(0.0, 0.0), UnitSystem.NATURAL_UNITS = 2, LinearCurve(0.0, 0.0)), 0.0)",100.0,Service[],,bus-2032,2032,"Area(0, 0.0, 0.0, 0.0, Dict{String, Any}(""I"" => """", ""ARNAME"" => """", ""PTOL"" => """", ""PDES"" => """", ""ISW"" => """"))"
gen-664,true,0.188593023,0.0,0.46684044383493595,WT,"(min = -0.172, max = 0.172)",0.95,"RenewableGenerationCost(CostCurve{LinearCurve}(LinearCurve(0.0, 0.0), UnitSystem.NATURAL_UNITS = 2, LinearCurve(0.0, 0.0)), CostCurve{LinearCurve}(LinearCurve(0.0, 0.0), UnitSystem.NATURAL_UNITS = 2, LinearCurve(0.0, 0.0)), 0.0)",100.0,Service[],,bus-8403,8403,"Area(0, 0.0, 0.0, 0.0, Dict{String, Any}(""I"" => """", ""ARNAME"" => """", ""PTOL"" => """", ""PDES"" => """", ""ISW"" => """"))"
gen-1488,true,0.0136235375,0.0,0.10382735906685212,PVe,"(min = -0.07, max = 0.102)",0.95,"RenewableGenerationCost(CostCurve{LinearCurve}(LinearCurve(0.0, 0.0), UnitSystem.NATURAL_UNITS = 2, LinearCurve(0.0, 0.0)), CostCurve{LinearCurve}(LinearCurve(0.0, 0.0), UnitSystem.NATURAL_UNITS = 2, LinearCurve(0.0, 0.0)), 0.0)",100.0,Service[],,bus-8302,8302,"Area(0, 0.0, 0.0, 0.0, Dict{String, Any}(""I"" => """", ""ARNAME"" => """", ""PTOL"" => """", ""PDES"" => """", ""ISW"" => """"))"
gen-1031,true,0.009082358320000001,0.0,0.10281616926620278,PVe,"(min = -0.07, max = 0.102)",0.95,"RenewableGenerationCost(CostCurve{LinearCurve}(LinearCurve(0.0, 0.0), UnitSystem.NATURAL_UNITS = 2, LinearCurve(0.0, 0.0)), CostCurve{LinearCurve}(LinearCurve(0.0, 0.0), UnitSystem.NATURAL_UNITS = 2, LinearCurve(0.0, 0.0)), 0.0)",100.0,Service[],,bus-859,859,"Area(0, 0.0, 0.0, 0.0, Dict{String, Any}(""I"" => """", ""ARNAME"" => """", ""PTOL"" => """", ""PDES"" => """", ""ISW"" => """"))"
gen-2046,true,0.01089883,0.0,0.10317323836504652,PVe,"(min = -0.07, max = 0.102)",0.95,"RenewableGenerationCost(CostCurve{LinearCurve}(LinearCurve(0.0, 0.0), UnitSystem.NATURAL_UNITS = 2, LinearCurve(0.0, 0.0)), CostCurve{LinearCurve}(LinearCurve(0.0, 0.0), UnitSystem.NATURAL_UNITS = 2, LinearCurve(0.0, 0.0)), 0.0)",100.0,Service[],,bus-1059,1059,"Area(0, 0.0, 0.0, 0.0, Dict{String, Any}(""I"" => """", ""ARNAME"" => """", ""PTOL"" => """", ""PDES"" => """", ""ISW"" => """"))"
gen-1912,true,0.18243231099999999,0.0,0.3,BA,"(min = 0.0, max = 0.0)",0.95,"RenewableGenerationCost(CostCurve{LinearCurve}(LinearCurve(16.3717118, 401.19412), UnitSystem.NATURAL_UNITS = 2, LinearCurve(0.0, 0.0)), CostCurve{LinearCurve}(LinearCurve(0.0, 0.0), UnitSystem.NATURAL_UNITS = 2, LinearCurve(0.0, 0.0)), 0.0)",100.0,Service[],,bus-8838,8838,"Area(0, 0.0, 0.0, 0.0, Dict{String, Any}(""I"" => """", ""ARNAME"" => """", ""PTOL"" => """", ""PDES"" => """", ""ISW"" => """"))"
gen-1122,true,0.0045411791600000005,0.0,0.10220465334633308,PVe,"(min = -0.07, max = 0.102)",0.95,"RenewableGenerationCost(CostCurve{LinearCurve}(LinearCurve(0.0, 0.0), UnitSystem.NATURAL_UNITS = 2, LinearCurve(0.0, 0.0)), CostCurve{LinearCurve}(LinearCurve(0.0, 0.0), UnitSystem.NATURAL_UNITS = 2, LinearCurve(0.0, 0.0)), 0.0)",100.0,Service[],,bus-1031,1031,"Area(0, 0.0, 0.0, 0.0, Dict{String, Any}(""I"" => """", ""ARNAME"" => """", ""PTOL"" => """", ""PDES"" => """", ""ISW"" => """"))"
gen-1827,true,0.18164716599999997,0.0,0.27797457623060623,PVe,"(min = -0.07, max = 0.102)",0.95,"RenewableGenerationCost(CostCurve{LinearCurve}(LinearCurve(0.0, 0.0), UnitSystem.NATURAL_UNITS = 2, LinearCurve(0.0, 0.0)), CostCurve{LinearCurve}(LinearCurve(0.0, 0.0), UnitSystem.NATURAL_UNITS = 2, LinearCurve(0.0, 0.0)), 0.0)",100.0,Service[],,bus-407,407,"Area(0, 0.0, 0.0, 0.0, Dict{String, Any}(""I"" => """", ""ARNAME"" => """", ""PTOL"" => """", ""PDES"" => """", ""ISW"" => """"))"
gen-1209,true,0.0045411791600000005,0.0,0.10220465334633308,PVe,"(min = -0.07, max = 0.102)",0.95,"RenewableGenerationCost(CostCurve{LinearCurve}(LinearCurve(0.0, 0.0), UnitSystem.NATURAL_UNITS = 2, LinearCurve(0.0, 0.0)), CostCurve{LinearCurve}(LinearCurve(0.0, 0.0), UnitSystem.NATURAL_UNITS = 2, LinearCurve(0.0, 0.0)), 0.0)",100.0,Service[],,bus-1435,1435,"Area(0, 0.0, 0.0, 0.0, Dict{String, Any}(""I"" => """", ""ARNAME"" => """", ""PTOL"" => """", ""PDES"" => """", ""ISW"" => """"))"
gen-1730,true,0.0136235375,0.0,0.10382735906685212,PVe,"(min = -0.07, max = 0.102)",0.95,"RenewableGenerationCost(CostCurve{LinearCurve}(LinearCurve(0.0, 0.0), UnitSystem.NATURAL_UNITS = 2, LinearCurve(0.0, 0.0)), CostCurve{LinearCurve}(LinearCurve(0.0, 0.0), UnitSystem.NATURAL_UNITS = 2, LinearCurve(0.0, 0.0)), 0.0)",100.0,Service[],,bus-1973,1973,"Area(0, 0.0, 0.0, 0.0, Dict{String, Any}(""I"" => """", ""ARNAME"" => """", ""PTOL"" => """", ""PDES"" => """", ""ISW"" => """"))"
gen-1108,true,0.0045411791600000005,0.0,0.10220465334633308,PVe,"(min = -0.07, max = 0.102)",0.95,"RenewableGenerationCost(CostCurve{LinearCurve}(LinearCurve(0.0, 0.0), UnitSystem.NATURAL_UNITS = 2, LinearCurve(0.0, 0.0)), CostCurve{LinearCurve}(LinearCurve(0.0, 0.0), UnitSystem.NATURAL_UNITS = 2, LinearCurve(0.0, 0.0)), 0.0)",100.0,Service[],,bus-1846,1846,"Area(0, 0.0, 0.0, 0.0, Dict{String, Any}(""I"" => """", ""ARNAME"" => """", ""PTOL"" => """", ""PDES"" => """", ""ISW"" => """"))"
gen-1630,true,0.009082358320000001,0.0,0.10281616926620278,PVe,"(min = -0.07, max = 0.102)",0.95,"RenewableGenerationCost(CostCurve{LinearCurve}(LinearCurve(0.0, 0.0), UnitSystem.NATURAL_UNITS = 2, LinearCurve(0.0, 0.0)), CostCurve{LinearCurve}(LinearCurve(0.0, 0.0), UnitSystem.NATURAL_UNITS = 2, LinearCurve(0.0, 0.0)), 0.0)",100.0,Service[],,bus-839,839,"Area(0, 0.0, 0.0, 0.0, Dict{String, Any}(""I"" => """", ""ARNAME"" => """", ""PTOL"" => """", ""PDES"" => """", ""ISW"" => """"))"
gen-1048,true,0.19072952499999998,0.0,0.29004071434715717,PVe,"(min = -0.07, max = 0.102)",0.95,"RenewableGenerationCost(CostCurve{LinearCurve}(LinearCurve(0.0, 0.0), UnitSystem.NATURAL_UNITS = 2, LinearCurve(0.0, 0.0)), CostCurve{LinearCurve}(LinearCurve(0.0, 0.0), UnitSystem.NATURAL_UNITS = 2, LinearCurve(0.0, 0.0)), 0.0)",100.0,Service[],,bus-8185,8185,"Area(0, 0.0, 0.0, 0.0, Dict{String, Any}(""I"" => """", ""ARNAME"" => """", ""PTOL"" => """", ""PDES"" => """", ""ISW"" => """"))"
gen-1053,true,0.009082358320000001,0.0,0.10281616926620278,PVe,"(min = -0.07, max = 0.102)",0.95,"RenewableGenerationCost(CostCurve{LinearCurve}(LinearCurve(0.0, 0.0), UnitSystem.NATURAL_UNITS = 2, LinearCurve(0.0, 0.0)), CostCurve{LinearCurve}(LinearCurve(0.0, 0.0), UnitSystem.NATURAL_UNITS = 2, LinearCurve(0.0, 0.0)), 0.0)",100.0,Service[],,bus-1885,1885,"Area(0, 0.0, 0.0, 0.0, Dict{String, Any}(""I"" => """", ""ARNAME"" => """", ""PTOL"" => """", ""PDES"" => """", ""ISW"" => """"))"
gen-1298,true,0.999059415,0.0,1.4258668962415422,PVe,"(min = -0.07, max = 0.102)",0.95,"RenewableGenerationCost(CostCurve{LinearCurve}(LinearCurve(0.0, 0.0), UnitSystem.NATURAL_UNITS = 2, LinearCurve(0.0, 0.0)), CostCurve{LinearCurve}(LinearCurve(0.0, 0.0), UnitSystem.NATURAL_UNITS = 2, LinearCurve(0.0, 0.0)), 0.0)",100.0,Service[],,bus-288,288,"Area(0, 0.0, 0.0, 0.0, Dict{String, Any}(""I"" => """", ""ARNAME"" => """", ""PTOL"" => """", ""PDES"" => """", ""ISW"" => """"))"
gen-1632,true,0.0136235375,0.0,0.10382735906685212,PVe,"(min = -0.07, max = 0.102)",0.95,"RenewableGenerationCost(CostCurve{LinearCurve}(LinearCurve(0.0, 0.0), UnitSystem.NATURAL_UNITS = 2, LinearCurve(0.0, 0.0)), CostCurve{LinearCurve}(LinearCurve(0.0, 0.0), UnitSystem.NATURAL_UNITS = 2, LinearCurve(0.0, 0.0)), 0.0)",100.0,Service[],,bus-1426,1426,"Area(0, 0.0, 0.0, 0.0, Dict{String, Any}(""I"" => """", ""ARNAME"" => """", ""PTOL"" => """", ""PDES"" => """", ""ISW"" => """"))"
gen-1701,true,0.0136235375,0.0,0.10382735906685212,PVe,"(min = -0.07, max = 0.102)",0.95,"RenewableGenerationCost(CostCurve{LinearCurve}(LinearCurve(0.0, 0.0), UnitSystem.NATURAL_UNITS = 2, LinearCurve(0.0, 0.0)), CostCurve{LinearCurve}(LinearCurve(0.0, 0.0), UnitSystem.NATURAL_UNITS = 2, LinearCurve(0.0, 0.0)), 0.0)",100.0,Service[],,bus-448,448,"Area(0, 0.0, 0.0, 0.0, Dict{String, Any}(""I"" => """", ""ARNAME"" => """", ""PTOL"" => """", ""PDES"" => """", ""ISW"" => """"))"
gen-1523,true,0.395082587,0.0,0.5715954276171179,PVe,"(min = -0.07, max = 0.102)",0.95,"RenewableGenerationCost(CostCurve{LinearCurve}(LinearCurve(0.0, 0.0), UnitSystem.NATURAL_UNITS = 2, LinearCurve(0.0, 0.0)), CostCurve{LinearCurve}(LinearCurve(0.0, 0.0), UnitSystem.NATURAL_UNITS = 2, LinearCurve(0.0, 0.0)), 0.0)",100.0,Service[],,bus-2314,2314,"Area(0, 0.0, 0.0, 0.0, Dict{String, Any}(""I"" => """", ""ARNAME"" => """", ""PTOL"" => """", ""PDES"" => """", ""ISW"" => """"))"
gen-1516,true,0.29971782399999997,0.0,0.4386870380750978,PVe,"(min = -0.07, max = 0.102)",0.95,"RenewableGenerationCost(CostCurve{LinearCurve}(LinearCurve(0.0, 0.0), UnitSystem.NATURAL_UNITS = 2, LinearCurve(0.0, 0.0)), CostCurve{LinearCurve}(LinearCurve(0.0, 0.0), UnitSystem.NATURAL_UNITS = 2, LinearCurve(0.0, 0.0)), 0.0)",100.0,Service[],,bus-2314,2314,"Area(0, 0.0, 0.0, 0.0, Dict{String, Any}(""I"" => """", ""ARNAME"" => """", ""PTOL"" => """", ""PDES"" => """", ""ISW"" => """"))"
gen-936,true,0.09733833450000001,0.0,0.24103319273494261,WT,"(min = -0.08900000000000001, max = 0.08900000000000001)",0.95,"RenewableGenerationCost(CostCurve{LinearCurve}(LinearCurve(0.0, 0.0), UnitSystem.NATURAL_UNITS = 2, LinearCurve(0.0, 0.0)), CostCurve{LinearCurve}(LinearCurve(0.0, 0.0), UnitSystem.NATURAL_UNITS = 2, LinearCurve(0.0, 0.0)), 0.0)",100.0,Service[],,bus-1853,1853,"Area(0, 0.0, 0.0, 0.0, Dict{String, Any}(""I"" => """", ""ARNAME"" => """", ""PTOL"" => """", ""PDES"" => """", ""ISW"" => """"))"
gen-1679,true,0.18164716599999997,0.0,0.27797457623060623,PVe,"(min = -0.07, max = 0.102)",0.95,"RenewableGenerationCost(CostCurve{LinearCurve}(LinearCurve(0.0, 0.0), UnitSystem.NATURAL_UNITS = 2, LinearCurve(0.0, 0.0)), CostCurve{LinearCurve}(LinearCurve(0.0, 0.0), UnitSystem.NATURAL_UNITS = 2, LinearCurve(0.0, 0.0)), 0.0)",100.0,Service[],,bus-322,322,"Area(0, 0.0, 0.0, 0.0, Dict{String, Any}(""I"" => """", ""ARNAME"" => """", ""PTOL"" => """", ""PDES"" => """", ""ISW"" => """"))"
gen-2048,true,0.0690259232,0.0,0.1416313203446029,PVe,"(min = -0.07, max = 0.102)",0.95,"RenewableGenerationCost(CostCurve{LinearCurve}(LinearCurve(0.0, 0.0), UnitSystem.NATURAL_UNITS = 2, LinearCurve(0.0, 0.0)), CostCurve{LinearCurve}(LinearCurve(0.0, 0.0), UnitSystem.NATURAL_UNITS = 2, LinearCurve(0.0, 0.0)), 0.0)",100.0,Service[],,bus-1567,1567,"Area(0, 0.0, 0.0, 0.0, Dict{String, Any}(""I"" => """", ""ARNAME"" => """", ""PTOL"" => """", ""PDES"" => """", ""ISW"" => """"))"
gen-1055,true,0.009082358320000001,0.0,0.10281616926620278,PVe,"(min = -0.07, max = 0.102)",0.95,"RenewableGenerationCost(CostCurve{LinearCurve}(LinearCurve(0.0, 0.0), UnitSystem.NATURAL_UNITS = 2, LinearCurve(0.0, 0.0)), CostCurve{LinearCurve}(LinearCurve(0.0, 0.0), UnitSystem.NATURAL_UNITS = 2, LinearCurve(0.0, 0.0)), 0.0)",100.0,Service[],,bus-999,999,"Area(0, 0.0, 0.0, 0.0, Dict{String, Any}(""I"" => """", ""ARNAME"" => """", ""PTOL"" => """", ""PDES"" => """", ""ISW"" => """"))"
gen-1188,true,0.18164716599999997,0.0,0.27797457623060623,PVe,"(min = -0.07, max = 0.102)",0.95,"RenewableGenerationCost(CostCurve{LinearCurve}(LinearCurve(0.0, 0.0), UnitSystem.NATURAL_UNITS = 2, LinearCurve(0.0, 0.0)), CostCurve{LinearCurve}(LinearCurve(0.0, 0.0), UnitSystem.NATURAL_UNITS = 2, LinearCurve(0.0, 0.0)), 0.0)",100.0,Service[],,bus-317,317,"Area(0, 0.0, 0.0, 0.0, Dict{String, Any}(""I"" => """", ""ARNAME"" => """", ""PTOL"" => """", ""PDES"" => """", ""ISW"" => """"))"
gen-1426,true,0.0136235375,0.0,0.10382735906685212,PVe,"(min = -0.07, max = 0.102)",0.95,"RenewableGenerationCost(CostCurve{LinearCurve}(LinearCurve(0.0, 0.0), UnitSystem.NATURAL_UNITS = 2, LinearCurve(0.0, 0.0)), CostCurve{LinearCurve}(LinearCurve(0.0, 0.0), UnitSystem.NATURAL_UNITS = 2, LinearCurve(0.0, 0.0)), 0.0)",100.0,Service[],,bus-113,113,"Area(0, 0.0, 0.0, 0.0, Dict{String, Any}(""I"" => """", ""ARNAME"" => """", ""PTOL"" => """", ""PDES"" => """", ""ISW"" => """"))"
gen-1387,true,0.36601903999999996,0.0,0.5309373377476353,PVe,"(min = -0.07, max = 0.102)",0.95,"RenewableGenerationCost(CostCurve{LinearCurve}(LinearCurve(0.0, 0.0), UnitSystem.NATURAL_UNITS = 2, LinearCurve(0.0, 0.0)), CostCurve{LinearCurve}(LinearCurve(0.0, 0.0), UnitSystem.NATURAL_UNITS = 2, LinearCurve(0.0, 0.0)), 0.0)",100.0,Service[],,bus-2235,2235,"Area(0, 0.0, 0.0, 0.0, Dict{String, Any}(""I"" => """", ""ARNAME"" => """", ""PTOL"" => """", ""PDES"" => """", ""ISW"" => """"))"
gen-1207,true,0.0045411791600000005,0.0,0.10220465334633308,PVe,"(min = -0.07, max = 0.102)",0.95,"RenewableGenerationCost(CostCurve{LinearCurve}(LinearCurve(0.0, 0.0), UnitSystem.NATURAL_UNITS = 2, LinearCurve(0.0, 0.0)), CostCurve{LinearCurve}(LinearCurve(0.0, 0.0), UnitSystem.NATURAL_UNITS = 2, LinearCurve(0.0, 0.0)), 0.0)",100.0,Service[],,bus-1435,1435,"Area(0, 0.0, 0.0, 0.0, Dict{String, Any}(""I"" => """", ""ARNAME"" => """", ""PTOL"" => """", ""PDES"" => """", ""ISW"" => """"))"
gen-493,true,0.310616654,0.0,0.47231184175837176,PVe,"(min = -0.114, max = 0.166)",0.95,"RenewableGenerationCost(CostCurve{LinearCurve}(LinearCurve(0.0, 0.0), UnitSystem.NATURAL_UNITS = 2, LinearCurve(0.0, 0.0)), CostCurve{LinearCurve}(LinearCurve(0.0, 0.0), UnitSystem.NATURAL_UNITS = 2, LinearCurve(0.0, 0.0)), 0.0)",100.0,Service[],,bus-1827,1827,"Area(0, 0.0, 0.0, 0.0, Dict{String, Any}(""I"" => """", ""ARNAME"" => """", ""PTOL"" => """", ""PDES"" => """", ""ISW"" => """"))"
gen-1901,true,0.0150001041,0.0,0.015,BA,"(min = 0.0, max = 0.0)",0.95,"RenewableGenerationCost(CostCurve{LinearCurve}(LinearCurve(16.3717118, 401.19412), UnitSystem.NATURAL_UNITS = 2, LinearCurve(0.0, 0.0)), CostCurve{LinearCurve}(LinearCurve(0.0, 0.0), UnitSystem.NATURAL_UNITS = 2, LinearCurve(0.0, 0.0)), 0.0)",100.0,Service[],,bus-1553,1553,"Area(0, 0.0, 0.0, 0.0, Dict{String, Any}(""I"" => """", ""ARNAME"" => """", ""PTOL"" => """", ""PDES"" => """", ""ISW"" => """"))"
gen-2031,true,1.00995824,0.0,1.441342634898885,PVe,"(min = -0.07, max = 0.102)",0.95,"RenewableGenerationCost(CostCurve{LinearCurve}(LinearCurve(0.0, 0.0), UnitSystem.NATURAL_UNITS = 2, LinearCurve(0.0, 0.0)), CostCurve{LinearCurve}(LinearCurve(0.0, 0.0), UnitSystem.NATURAL_UNITS = 2, LinearCurve(0.0, 0.0)), 0.0)",100.0,Service[],,bus-2314,2314,"Area(0, 0.0, 0.0, 0.0, Dict{String, Any}(""I"" => """", ""ARNAME"" => """", ""PTOL"" => """", ""PDES"" => """", ""ISW"" => """"))"
gen-1296,true,0.33981507899999996,0.0,0.817661024582211,WT,"(min = -0.225631579, max = 0.23884210499999997)",0.95,"RenewableGenerationCost(CostCurve{LinearCurve}(LinearCurve(0.0, 0.0), UnitSystem.NATURAL_UNITS = 2, LinearCurve(0.0, 0.0)), CostCurve{LinearCurve}(LinearCurve(0.0, 0.0), UnitSystem.NATURAL_UNITS = 2, LinearCurve(0.0, 0.0)), 0.0)",100.0,Service[],,bus-1783,1783,"Area(0, 0.0, 0.0, 0.0, Dict{String, Any}(""I"" => """", ""ARNAME"" => """", ""PTOL"" => """", ""PDES"" => """", ""ISW"" => """"))"
gen-1865,true,0.01089883,0.0,0.10317323836504652,PVe,"(min = -0.07, max = 0.102)",0.95,"RenewableGenerationCost(CostCurve{LinearCurve}(LinearCurve(0.0, 0.0), UnitSystem.NATURAL_UNITS = 2, LinearCurve(0.0, 0.0)), CostCurve{LinearCurve}(LinearCurve(0.0, 0.0), UnitSystem.NATURAL_UNITS = 2, LinearCurve(0.0, 0.0)), 0.0)",100.0,Service[],,bus-385,385,"Area(0, 0.0, 0.0, 0.0, Dict{String, Any}(""I"" => """", ""ARNAME"" => """", ""PTOL"" => """", ""PDES"" => """", ""ISW"" => """"))"
gen-1910,true,0.0100000674,0.0,0.01,BA,"(min = 0.0, max = 0.0)",0.95,"RenewableGenerationCost(CostCurve{LinearCurve}(LinearCurve(16.3717118, 401.19412), UnitSystem.NATURAL_UNITS = 2, LinearCurve(0.0, 0.0)), CostCurve{LinearCurve}(LinearCurve(0.0, 0.0), UnitSystem.NATURAL_UNITS = 2, LinearCurve(0.0, 0.0)), 0.0)",100.0,Service[],,bus-8330,8330,"Area(0, 0.0, 0.0, 0.0, Dict{String, Any}(""I"" => """", ""ARNAME"" => """", ""PTOL"" => """", ""PDES"" => """", ""ISW"" => """"))"
gen-2123,true,0.0136235375,0.0,0.10382735906685212,PVe,"(min = -0.07, max = 0.102)",0.95,"RenewableGenerationCost(CostCurve{LinearCurve}(LinearCurve(0.0, 0.0), UnitSystem.NATURAL_UNITS = 2, LinearCurve(0.0, 0.0)), CostCurve{LinearCurve}(LinearCurve(0.0, 0.0), UnitSystem.NATURAL_UNITS = 2, LinearCurve(0.0, 0.0)), 0.0)",100.0,Service[],,bus-8704,8704,"Area(0, 0.0, 0.0, 0.0, Dict{String, Any}(""I"" => """", ""ARNAME"" => """", ""PTOL"" => """", ""PDES"" => """", ""ISW"" => """"))"
gen-1680,true,0.18164716599999997,0.0,0.27797457623060623,PVe,"(min = -0.07, max = 0.102)",0.95,"RenewableGenerationCost(CostCurve{LinearCurve}(LinearCurve(0.0, 0.0), UnitSystem.NATURAL_UNITS = 2, LinearCurve(0.0, 0.0)), CostCurve{LinearCurve}(LinearCurve(0.0, 0.0), UnitSystem.NATURAL_UNITS = 2, LinearCurve(0.0, 0.0)), 0.0)",100.0,Service[],,bus-258,258,"Area(0, 0.0, 0.0, 0.0, Dict{String, Any}(""I"" => """", ""ARNAME"" => """", ""PTOL"" => """", ""PDES"" => """", ""ISW"" => """"))"
gen-1051,true,0.009082358320000001,0.0,0.10281616926620278,PVe,"(min = -0.07, max = 0.102)",0.95,"RenewableGenerationCost(CostCurve{LinearCurve}(LinearCurve(0.0, 0.0), UnitSystem.NATURAL_UNITS = 2, LinearCurve(0.0, 0.0)), CostCurve{LinearCurve}(LinearCurve(0.0, 0.0), UnitSystem.NATURAL_UNITS = 2, LinearCurve(0.0, 0.0)), 0.0)",100.0,Service[],,bus-782,782,"Area(0, 0.0, 0.0, 0.0, Dict{String, Any}(""I"" => """", ""ARNAME"" => """", ""PTOL"" => """", ""PDES"" => """", ""ISW"" => """"))"
gen-1855,true,0.301534296,0.0,0.44120242287752715,PVe,"(min = -0.07, max = 0.102)",0.95,"RenewableGenerationCost(CostCurve{LinearCurve}(LinearCurve(0.0, 0.0), UnitSystem.NATURAL_UNITS = 2, LinearCurve(0.0, 0.0)), CostCurve{LinearCurve}(LinearCurve(0.0, 0.0), UnitSystem.NATURAL_UNITS = 2, LinearCurve(0.0, 0.0)), 0.0)",100.0,Service[],,bus-8185,8185,"Area(0, 0.0, 0.0, 0.0, Dict{String, Any}(""I"" => """", ""ARNAME"" => """", ""PTOL"" => """", ""PDES"" => """", ""ISW"" => """"))"
gen-1335,true,0.0454117916,0.0,0.12076057537297331,PVe,"(min = -0.07, max = 0.102)",0.95,"RenewableGenerationCost(CostCurve{LinearCurve}(LinearCurve(0.0, 0.0), UnitSystem.NATURAL_UNITS = 2, LinearCurve(0.0, 0.0)), CostCurve{LinearCurve}(LinearCurve(0.0, 0.0), UnitSystem.NATURAL_UNITS = 2, LinearCurve(0.0, 0.0)), 0.0)",100.0,Service[],,bus-974,974,"Area(0, 0.0, 0.0, 0.0, Dict{String, Any}(""I"" => """", ""ARNAME"" => """", ""PTOL"" => """", ""PDES"" => """", ""ISW"" => """"))"
gen-1803,true,0.18164716599999997,0.0,0.27797457623060623,PVe,"(min = -0.07, max = 0.102)",0.95,"RenewableGenerationCost(CostCurve{LinearCurve}(LinearCurve(0.0, 0.0), UnitSystem.NATURAL_UNITS = 2, LinearCurve(0.0, 0.0)), CostCurve{LinearCurve}(LinearCurve(0.0, 0.0), UnitSystem.NATURAL_UNITS = 2, LinearCurve(0.0, 0.0)), 0.0)",100.0,Service[],,bus-2264,2264,"Area(0, 0.0, 0.0, 0.0, Dict{String, Any}(""I"" => """", ""ARNAME"" => """", ""PTOL"" => """", ""PDES"" => """", ""ISW"" => """"))"
gen-1096,true,0.0045411791600000005,0.0,0.10220465334633308,PVe,"(min = -0.07, max = 0.102)",0.95,"RenewableGenerationCost(CostCurve{LinearCurve}(LinearCurve(0.0, 0.0), UnitSystem.NATURAL_UNITS = 2, LinearCurve(0.0, 0.0)), CostCurve{LinearCurve}(LinearCurve(0.0, 0.0), UnitSystem.NATURAL_UNITS = 2, LinearCurve(0.0, 0.0)), 0.0)",100.0,Service[],,bus-1846,1846,"Area(0, 0.0, 0.0, 0.0, Dict{String, Any}(""I"" => """", ""ARNAME"" => """", ""PTOL"" => """", ""PDES"" => """", ""ISW"" => """"))"
gen-1102,true,0.0045411791600000005,0.0,0.10220465334633308,PVe,"(min = -0.07, max = 0.102)",0.95,"RenewableGenerationCost(CostCurve{LinearCurve}(LinearCurve(0.0, 0.0), UnitSystem.NATURAL_UNITS = 2, LinearCurve(0.0, 0.0)), CostCurve{LinearCurve}(LinearCurve(0.0, 0.0), UnitSystem.NATURAL_UNITS = 2, LinearCurve(0.0, 0.0)), 0.0)",100.0,Service[],,bus-7808,7808,"Area(0, 0.0, 0.0, 0.0, Dict{String, Any}(""I"" => """", ""ARNAME"" => """", ""PTOL"" => """", ""PDES"" => """", ""ISW"" => """"))"
gen-2051,true,0.009082358320000001,0.0,0.10281616926620278,PVe,"(min = -0.07, max = 0.102)",0.95,"RenewableGenerationCost(CostCurve{LinearCurve}(LinearCurve(0.0, 0.0), UnitSystem.NATURAL_UNITS = 2, LinearCurve(0.0, 0.0)), CostCurve{LinearCurve}(LinearCurve(0.0, 0.0), UnitSystem.NATURAL_UNITS = 2, LinearCurve(0.0, 0.0)), 0.0)",100.0,Service[],,bus-2116,2116,"Area(0, 0.0, 0.0, 0.0, Dict{String, Any}(""I"" => """", ""ARNAME"" => """", ""PTOL"" => """", ""PDES"" => """", ""ISW"" => """"))"
gen-1717,true,0.0454117916,0.0,0.12076057537297331,PVe,"(min = -0.07, max = 0.102)",0.95,"RenewableGenerationCost(CostCurve{LinearCurve}(LinearCurve(0.0, 0.0), UnitSystem.NATURAL_UNITS = 2, LinearCurve(0.0, 0.0)), CostCurve{LinearCurve}(LinearCurve(0.0, 0.0), UnitSystem.NATURAL_UNITS = 2, LinearCurve(0.0, 0.0)), 0.0)",100.0,Service[],,bus-456,456,"Area(0, 0.0, 0.0, 0.0, Dict{String, Any}(""I"" => """", ""ARNAME"" => """", ""PTOL"" => """", ""PDES"" => """", ""ISW"" => """"))"
gen-496,true,0.317882541,0.0,0.4834011912026768,PVe,"(min = -0.11699999999999999, max = 0.17)",0.95,"RenewableGenerationCost(CostCurve{LinearCurve}(LinearCurve(0.0, 0.0), UnitSystem.NATURAL_UNITS = 2, LinearCurve(0.0, 0.0)), CostCurve{LinearCurve}(LinearCurve(0.0, 0.0), UnitSystem.NATURAL_UNITS = 2, LinearCurve(0.0, 0.0)), 0.0)",100.0,Service[],,bus-1823,1823,"Area(0, 0.0, 0.0, 0.0, Dict{String, Any}(""I"" => """", ""ARNAME"" => """", ""PTOL"" => """", ""PDES"" => """", ""ISW"" => """"))"
gen-1315,true,0.0454117916,0.0,0.12076057537297331,PVe,"(min = -0.07, max = 0.102)",0.95,"RenewableGenerationCost(CostCurve{LinearCurve}(LinearCurve(0.0, 0.0), UnitSystem.NATURAL_UNITS = 2, LinearCurve(0.0, 0.0)), CostCurve{LinearCurve}(LinearCurve(0.0, 0.0), UnitSystem.NATURAL_UNITS = 2, LinearCurve(0.0, 0.0)), 0.0)",100.0,Service[],,bus-2351,2351,"Area(0, 0.0, 0.0, 0.0, Dict{String, Any}(""I"" => """", ""ARNAME"" => """", ""PTOL"" => """", ""PDES"" => """", ""ISW"" => """"))"
gen-1125,true,0.0045411791600000005,0.0,0.10220465334633308,PVe,"(min = -0.07, max = 0.102)",0.95,"RenewableGenerationCost(CostCurve{LinearCurve}(LinearCurve(0.0, 0.0), UnitSystem.NATURAL_UNITS = 2, LinearCurve(0.0, 0.0)), CostCurve{LinearCurve}(LinearCurve(0.0, 0.0), UnitSystem.NATURAL_UNITS = 2, LinearCurve(0.0, 0.0)), 0.0)",100.0,Service[],,bus-8315,8315,"Area(0, 0.0, 0.0, 0.0, Dict{String, Any}(""I"" => """", ""ARNAME"" => """", ""PTOL"" => """", ""PDES"" => """", ""ISW"" => """"))"
gen-2070,true,0.0127153016,0.0,0.10359364237296581,PVe,"(min = -0.07, max = 0.102)",0.95,"RenewableGenerationCost(CostCurve{LinearCurve}(LinearCurve(0.0, 0.0), UnitSystem.NATURAL_UNITS = 2, LinearCurve(0.0, 0.0)), CostCurve{LinearCurve}(LinearCurve(0.0, 0.0), UnitSystem.NATURAL_UNITS = 2, LinearCurve(0.0, 0.0)), 0.0)",100.0,Service[],,bus-2246,2246,"Area(0, 0.0, 0.0, 0.0, Dict{String, Any}(""I"" => """", ""ARNAME"" => """", ""PTOL"" => """", ""PDES"" => """", ""ISW"" => """"))"
gen-1951,true,0.048136499099999994,0.0,0.12288065498292171,PVe,"(min = -0.07, max = 0.102)",0.95,"RenewableGenerationCost(CostCurve{LinearCurve}(LinearCurve(0.0, 0.0), UnitSystem.NATURAL_UNITS = 2, LinearCurve(0.0, 0.0)), CostCurve{LinearCurve}(LinearCurve(0.0, 0.0), UnitSystem.NATURAL_UNITS = 2, LinearCurve(0.0, 0.0)), 0.0)",100.0,Service[],,bus-240,240,"Area(0, 0.0, 0.0, 0.0, Dict{String, Any}(""I"" => """", ""ARNAME"" => """", ""PTOL"" => """", ""PDES"" => """", ""ISW"" => """"))"
gen-1969,true,0.0181647166,0.0,0.10522670122314892,PVe,"(min = -0.07, max = 0.102)",0.95,"RenewableGenerationCost(CostCurve{LinearCurve}(LinearCurve(0.0, 0.0), UnitSystem.NATURAL_UNITS = 2, LinearCurve(0.0, 0.0)), CostCurve{LinearCurve}(LinearCurve(0.0, 0.0), UnitSystem.NATURAL_UNITS = 2, LinearCurve(0.0, 0.0)), 0.0)",100.0,Service[],,bus-456,456,"Area(0, 0.0, 0.0, 0.0, Dict{String, Any}(""I"" => """", ""ARNAME"" => """", ""PTOL"" => """", ""PDES"" => """", ""ISW"" => """"))"
gen-1850,true,0.136235375,0.0,0.2191256467867331,PVe,"(min = -0.07, max = 0.102)",0.95,"RenewableGenerationCost(CostCurve{LinearCurve}(LinearCurve(0.0, 0.0), UnitSystem.NATURAL_UNITS = 2, LinearCurve(0.0, 0.0)), CostCurve{LinearCurve}(LinearCurve(0.0, 0.0), UnitSystem.NATURAL_UNITS = 2, LinearCurve(0.0, 0.0)), 0.0)",100.0,Service[],,bus-8865,8865,"Area(0, 0.0, 0.0, 0.0, Dict{String, Any}(""I"" => """", ""ARNAME"" => """", ""PTOL"" => """", ""PDES"" => """", ""ISW"" => """"))"
gen-1495,true,0.0136235375,0.0,0.10382735906685212,PVe,"(min = -0.07, max = 0.102)",0.95,"RenewableGenerationCost(CostCurve{LinearCurve}(LinearCurve(0.0, 0.0), UnitSystem.NATURAL_UNITS = 2, LinearCurve(0.0, 0.0)), CostCurve{LinearCurve}(LinearCurve(0.0, 0.0), UnitSystem.NATURAL_UNITS = 2, LinearCurve(0.0, 0.0)), 0.0)",100.0,Service[],,bus-1419,1419,"Area(0, 0.0, 0.0, 0.0, Dict{String, Any}(""I"" => """", ""ARNAME"" => """", ""PTOL"" => """", ""PDES"" => """", ""ISW"" => """"))"
gen-1463,true,0.0136235375,0.0,0.10382735906685212,PVe,"(min = -0.07, max = 0.102)",0.95,"RenewableGenerationCost(CostCurve{LinearCurve}(LinearCurve(0.0, 0.0), UnitSystem.NATURAL_UNITS = 2, LinearCurve(0.0, 0.0)), CostCurve{LinearCurve}(LinearCurve(0.0, 0.0), UnitSystem.NATURAL_UNITS = 2, LinearCurve(0.0, 0.0)), 0.0)",100.0,Service[],,bus-2275,2275,"Area(0, 0.0, 0.0, 0.0, Dict{String, Any}(""I"" => """", ""ARNAME"" => """", ""PTOL"" => """", ""PDES"" => """", ""ISW"" => """"))"
gen-1087,true,0.0045411791600000005,0.0,0.10220465334633308,PVe,"(min = -0.07, max = 0.102)",0.95,"RenewableGenerationCost(CostCurve{LinearCurve}(LinearCurve(0.0, 0.0), UnitSystem.NATURAL_UNITS = 2, LinearCurve(0.0, 0.0)), CostCurve{LinearCurve}(LinearCurve(0.0, 0.0), UnitSystem.NATURAL_UNITS = 2, LinearCurve(0.0, 0.0)), 0.0)",100.0,Service[],,bus-8315,8315,"Area(0, 0.0, 0.0, 0.0, Dict{String, Any}(""I"" => """", ""ARNAME"" => """", ""PTOL"" => """", ""PDES"" => """", ""ISW"" => """"))"
gen-1133,true,0.0045411791600000005,0.0,0.10220465334633308,PVe,"(min = -0.07, max = 0.102)",0.95,"RenewableGenerationCost(CostCurve{LinearCurve}(LinearCurve(0.0, 0.0), UnitSystem.NATURAL_UNITS = 2, LinearCurve(0.0, 0.0)), CostCurve{LinearCurve}(LinearCurve(0.0, 0.0), UnitSystem.NATURAL_UNITS = 2, LinearCurve(0.0, 0.0)), 0.0)",100.0,Service[],,bus-1031,1031,"Area(0, 0.0, 0.0, 0.0, Dict{String, Any}(""I"" => """", ""ARNAME"" => """", ""PTOL"" => """", ""PDES"" => """", ""ISW"" => """"))"
gen-1083,true,0.0045411791600000005,0.0,0.10220465334633308,PVe,"(min = -0.07, max = 0.102)",0.95,"RenewableGenerationCost(CostCurve{LinearCurve}(LinearCurve(0.0, 0.0), UnitSystem.NATURAL_UNITS = 2, LinearCurve(0.0, 0.0)), CostCurve{LinearCurve}(LinearCurve(0.0, 0.0), UnitSystem.NATURAL_UNITS = 2, LinearCurve(0.0, 0.0)), 0.0)",100.0,Service[],,bus-1846,1846,"Area(0, 0.0, 0.0, 0.0, Dict{String, Any}(""I"" => """", ""ARNAME"" => """", ""PTOL"" => """", ""PDES"" => """", ""ISW"" => """"))"
gen-1633,true,0.009082358320000001,0.0,0.10281616926620278,PVe,"(min = -0.07, max = 0.102)",0.95,"RenewableGenerationCost(CostCurve{LinearCurve}(LinearCurve(0.0, 0.0), UnitSystem.NATURAL_UNITS = 2, LinearCurve(0.0, 0.0)), CostCurve{LinearCurve}(LinearCurve(0.0, 0.0), UnitSystem.NATURAL_UNITS = 2, LinearCurve(0.0, 0.0)), 0.0)",100.0,Service[],,bus-8082,8082,"Area(0, 0.0, 0.0, 0.0, Dict{String, Any}(""I"" => """", ""ARNAME"" => """", ""PTOL"" => """", ""PDES"" => """", ""ISW"" => """"))"
gen-1693,true,0.009082358320000001,0.0,0.10281616926620278,PVe,"(min = -0.07, max = 0.102)",0.95,"RenewableGenerationCost(CostCurve{LinearCurve}(LinearCurve(0.0, 0.0), UnitSystem.NATURAL_UNITS = 2, LinearCurve(0.0, 0.0)), CostCurve{LinearCurve}(LinearCurve(0.0, 0.0), UnitSystem.NATURAL_UNITS = 2, LinearCurve(0.0, 0.0)), 0.0)",100.0,Service[],,bus-448,448,"Area(0, 0.0, 0.0, 0.0, Dict{String, Any}(""I"" => """", ""ARNAME"" => """", ""PTOL"" => """", ""PDES"" => """", ""ISW"" => """"))"
gen-1709,true,0.0136235375,0.0,0.10382735906685212,PVe,"(min = -0.07, max = 0.102)",0.95,"RenewableGenerationCost(CostCurve{LinearCurve}(LinearCurve(0.0, 0.0), UnitSystem.NATURAL_UNITS = 2, LinearCurve(0.0, 0.0)), CostCurve{LinearCurve}(LinearCurve(0.0, 0.0), UnitSystem.NATURAL_UNITS = 2, LinearCurve(0.0, 0.0)), 0.0)",100.0,Service[],,bus-1435,1435,"Area(0, 0.0, 0.0, 0.0, Dict{String, Any}(""I"" => """", ""ARNAME"" => """", ""PTOL"" => """", ""PDES"" => """", ""ISW"" => """"))"
gen-1313,true,0.5214553639999999,0.0,1.223538128184337,WT,"(min = -0.225631579, max = 0.23884210499999997)",0.95,"RenewableGenerationCost(CostCurve{LinearCurve}(LinearCurve(0.0, 0.0), UnitSystem.NATURAL_UNITS = 2, LinearCurve(0.0, 0.0)), CostCurve{LinearCurve}(LinearCurve(0.0, 0.0), UnitSystem.NATURAL_UNITS = 2, LinearCurve(0.0, 0.0)), 0.0)",100.0,Service[],,bus-1932,1932,"Area(0, 0.0, 0.0, 0.0, Dict{String, Any}(""I"" => """", ""ARNAME"" => """", ""PTOL"" => """", ""PDES"" => """", ""ISW"" => """"))"
gen-1796,true,0.0136235375,0.0,0.10382735906685212,PVe,"(min = -0.07, max = 0.102)",0.95,"RenewableGenerationCost(CostCurve{LinearCurve}(LinearCurve(0.0, 0.0), UnitSystem.NATURAL_UNITS = 2, LinearCurve(0.0, 0.0)), CostCurve{LinearCurve}(LinearCurve(0.0, 0.0), UnitSystem.NATURAL_UNITS = 2, LinearCurve(0.0, 0.0)), 0.0)",100.0,Service[],,bus-618,618,"Area(0, 0.0, 0.0, 0.0, Dict{String, Any}(""I"" => """", ""ARNAME"" => """", ""PTOL"" => """", ""PDES"" => """", ""ISW"" => """"))"
gen-1538,true,0.310616654,0.0,0.4537912249759632,PVe,"(min = -0.07, max = 0.102)",0.95,"RenewableGenerationCost(CostCurve{LinearCurve}(LinearCurve(0.0, 0.0), UnitSystem.NATURAL_UNITS = 2, LinearCurve(0.0, 0.0)), CostCurve{LinearCurve}(LinearCurve(0.0, 0.0), UnitSystem.NATURAL_UNITS = 2, LinearCurve(0.0, 0.0)), 0.0)",100.0,Service[],,bus-7889,7889,"Area(0, 0.0, 0.0, 0.0, Dict{String, Any}(""I"" => """", ""ARNAME"" => """", ""PTOL"" => """", ""PDES"" => """", ""ISW"" => """"))"
gen-1515,true,0.5313179619999999,0.0,0.7632059136652254,PVe,"(min = -0.07, max = 0.102)",0.95,"RenewableGenerationCost(CostCurve{LinearCurve}(LinearCurve(0.0, 0.0), UnitSystem.NATURAL_UNITS = 2, LinearCurve(0.0, 0.0)), CostCurve{LinearCurve}(LinearCurve(0.0, 0.0), UnitSystem.NATURAL_UNITS = 2, LinearCurve(0.0, 0.0)), 0.0)",100.0,Service[],,bus-2314,2314,"Area(0, 0.0, 0.0, 0.0, Dict{String, Any}(""I"" => """", ""ARNAME"" => """", ""PTOL"" => """", ""PDES"" => """", ""ISW"" => """"))"
gen-569,true,0.0027247075,0.0,0.10207372247367037,PVe,"(min = -0.07, max = 0.102)",0.95,"RenewableGenerationCost(CostCurve{LinearCurve}(LinearCurve(0.0, 0.0), UnitSystem.NATURAL_UNITS = 2, LinearCurve(0.0, 0.0)), CostCurve{LinearCurve}(LinearCurve(0.0, 0.0), UnitSystem.NATURAL_UNITS = 2, LinearCurve(0.0, 0.0)), 0.0)",100.0,Service[],,bus-1118,1118,"Area(0, 0.0, 0.0, 0.0, Dict{String, Any}(""I"" => """", ""ARNAME"" => """", ""PTOL"" => """", ""PDES"" => """", ""ISW"" => """"))"
gen-1699,true,0.009990594149999999,0.0,0.10298674303316785,PVe,"(min = -0.07, max = 0.102)",0.95,"RenewableGenerationCost(CostCurve{LinearCurve}(LinearCurve(0.0, 0.0), UnitSystem.NATURAL_UNITS = 2, LinearCurve(0.0, 0.0)), CostCurve{LinearCurve}(LinearCurve(0.0, 0.0), UnitSystem.NATURAL_UNITS = 2, LinearCurve(0.0, 0.0)), 0.0)",100.0,Service[],,bus-1114,1114,"Area(0, 0.0, 0.0, 0.0, Dict{String, Any}(""I"" => """", ""ARNAME"" => """", ""PTOL"" => """", ""PDES"" => """", ""ISW"" => """"))"
gen-1347,true,0.009990594149999999,0.0,0.10298674303316785,PVe,"(min = -0.07, max = 0.102)",0.95,"RenewableGenerationCost(CostCurve{LinearCurve}(LinearCurve(0.0, 0.0), UnitSystem.NATURAL_UNITS = 2, LinearCurve(0.0, 0.0)), CostCurve{LinearCurve}(LinearCurve(0.0, 0.0), UnitSystem.NATURAL_UNITS = 2, LinearCurve(0.0, 0.0)), 0.0)",100.0,Service[],,bus-1944,1944,"Area(0, 0.0, 0.0, 0.0, Dict{String, Any}(""I"" => """", ""ARNAME"" => """", ""PTOL"" => """", ""PDES"" => """", ""ISW"" => """"))"
gen-1731,true,0.0136235375,0.0,0.10382735906685212,PVe,"(min = -0.07, max = 0.102)",0.95,"RenewableGenerationCost(CostCurve{LinearCurve}(LinearCurve(0.0, 0.0), UnitSystem.NATURAL_UNITS = 2, LinearCurve(0.0, 0.0)), CostCurve{LinearCurve}(LinearCurve(0.0, 0.0), UnitSystem.NATURAL_UNITS = 2, LinearCurve(0.0, 0.0)), 0.0)",100.0,Service[],,bus-1973,1973,"Area(0, 0.0, 0.0, 0.0, Dict{String, Any}(""I"" => """", ""ARNAME"" => """", ""PTOL"" => """", ""PDES"" => """", ""ISW"" => """"))"
gen-1593,true,0.0363294333,0.0,0.11436185815744428,PVe,"(min = -0.07, max = 0.102)",0.95,"RenewableGenerationCost(CostCurve{LinearCurve}(LinearCurve(0.0, 0.0), UnitSystem.NATURAL_UNITS = 2, LinearCurve(0.0, 0.0)), CostCurve{LinearCurve}(LinearCurve(0.0, 0.0), UnitSystem.NATURAL_UNITS = 2, LinearCurve(0.0, 0.0)), 0.0)",100.0,Service[],,bus-796,796,"Area(0, 0.0, 0.0, 0.0, Dict{String, Any}(""I"" => """", ""ARNAME"" => """", ""PTOL"" => """", ""PDES"" => """", ""ISW"" => """"))"
gen-1678,true,0.172564808,0.0,0.2659895550329508,PVe,"(min = -0.07, max = 0.102)",0.95,"RenewableGenerationCost(CostCurve{LinearCurve}(LinearCurve(0.0, 0.0), UnitSystem.NATURAL_UNITS = 2, LinearCurve(0.0, 0.0)), CostCurve{LinearCurve}(LinearCurve(0.0, 0.0), UnitSystem.NATURAL_UNITS = 2, LinearCurve(0.0, 0.0)), 0.0)",100.0,Service[],,bus-116,116,"Area(0, 0.0, 0.0, 0.0, Dict{String, Any}(""I"" => """", ""ARNAME"" => """", ""PTOL"" => """", ""PDES"" => """", ""ISW"" => """"))"
gen-1947,true,0.00825637659,0.0,0.23959664254916221,WT,"(min = -0.225631579, max = 0.23884210499999997)",0.95,"RenewableGenerationCost(CostCurve{LinearCurve}(LinearCurve(0.0, 0.0), UnitSystem.NATURAL_UNITS = 2, LinearCurve(0.0, 0.0)), CostCurve{LinearCurve}(LinearCurve(0.0, 0.0), UnitSystem.NATURAL_UNITS = 2, LinearCurve(0.0, 0.0)), 0.0)",100.0,Service[],,bus-449,449,"Area(0, 0.0, 0.0, 0.0, Dict{String, Any}(""I"" => """", ""ARNAME"" => """", ""PTOL"" => """", ""PDES"" => """", ""ISW"" => """"))"
gen-1411,true,0.009082358320000001,0.0,0.10281616926620278,PVe,"(min = -0.07, max = 0.102)",0.95,"RenewableGenerationCost(CostCurve{LinearCurve}(LinearCurve(0.0, 0.0), UnitSystem.NATURAL_UNITS = 2, LinearCurve(0.0, 0.0)), CostCurve{LinearCurve}(LinearCurve(0.0, 0.0), UnitSystem.NATURAL_UNITS = 2, LinearCurve(0.0, 0.0)), 0.0)",100.0,Service[],,bus-309,309,"Area(0, 0.0, 0.0, 0.0, Dict{String, Any}(""I"" => """", ""ARNAME"" => """", ""PTOL"" => """", ""PDES"" => """", ""ISW"" => """"))"
gen-498,true,0.835576965,0.0,1.3190078476430684,PVe,"(min = -0.307, max = 0.57)",0.95,"RenewableGenerationCost(CostCurve{LinearCurve}(LinearCurve(0.0, 0.0), UnitSystem.NATURAL_UNITS = 2, LinearCurve(0.0, 0.0)), CostCurve{LinearCurve}(LinearCurve(0.0, 0.0), UnitSystem.NATURAL_UNITS = 2, LinearCurve(0.0, 0.0)), 0.0)",100.0,Service[],,bus-7911,7911,"Area(0, 0.0, 0.0, 0.0, Dict{String, Any}(""I"" => """", ""ARNAME"" => """", ""PTOL"" => """", ""PDES"" => """", ""ISW"" => """"))"
gen-749,true,0.09560015,0.0,0.22387999017330693,WT,"(min = -0.0415, max = 0.0415)",0.95,"RenewableGenerationCost(CostCurve{LinearCurve}(LinearCurve(0.0, 0.0), UnitSystem.NATURAL_UNITS = 2, LinearCurve(0.0, 0.0)), CostCurve{LinearCurve}(LinearCurve(0.0, 0.0), UnitSystem.NATURAL_UNITS = 2, LinearCurve(0.0, 0.0)), 0.0)",100.0,Service[],,bus-2203,2203,"Area(0, 0.0, 0.0, 0.0, Dict{String, Any}(""I"" => """", ""ARNAME"" => """", ""PTOL"" => """", ""PDES"" => """", ""ISW"" => """"))"
gen-1456,true,0.0227058958,0.0,0.10699896794410164,PVe,"(min = -0.07, max = 0.102)",0.95,"RenewableGenerationCost(CostCurve{LinearCurve}(LinearCurve(0.0, 0.0), UnitSystem.NATURAL_UNITS = 2, LinearCurve(0.0, 0.0)), CostCurve{LinearCurve}(LinearCurve(0.0, 0.0), UnitSystem.NATURAL_UNITS = 2, LinearCurve(0.0, 0.0)), 0.0)",100.0,Service[],,bus-1776,1776,"Area(0, 0.0, 0.0, 0.0, Dict{String, Any}(""I"" => """", ""ARNAME"" => """", ""PTOL"" => """", ""PDES"" => """", ""ISW"" => """"))"
gen-1340,true,0.0136235375,0.0,0.10382735906685212,PVe,"(min = -0.07, max = 0.102)",0.95,"RenewableGenerationCost(CostCurve{LinearCurve}(LinearCurve(0.0, 0.0), UnitSystem.NATURAL_UNITS = 2, LinearCurve(0.0, 0.0)), CostCurve{LinearCurve}(LinearCurve(0.0, 0.0), UnitSystem.NATURAL_UNITS = 2, LinearCurve(0.0, 0.0)), 0.0)",100.0,Service[],,bus-491,491,"Area(0, 0.0, 0.0, 0.0, Dict{String, Any}(""I"" => """", ""ARNAME"" => """", ""PTOL"" => """", ""PDES"" => """", ""ISW"" => """"))"
gen-571,true,0.0,0.0,0.10200819401707768,PVe,"(min = -0.07, max = 0.102)",0.95,"RenewableGenerationCost(CostCurve{LinearCurve}(LinearCurve(0.0, 0.0), UnitSystem.NATURAL_UNITS = 2, LinearCurve(0.0, 0.0)), CostCurve{LinearCurve}(LinearCurve(0.0, 0.0), UnitSystem.NATURAL_UNITS = 2, LinearCurve(0.0, 0.0)), 0.0)",100.0,Service[],,bus-1118,1118,"Area(0, 0.0, 0.0, 0.0, Dict{String, Any}(""I"" => """", ""ARNAME"" => """", ""PTOL"" => """", ""PDES"" => """", ""ISW"" => """"))"
gen-1898,true,0.18164716599999997,0.0,0.27797457623060623,PVe,"(min = -0.07, max = 0.102)",0.95,"RenewableGenerationCost(CostCurve{LinearCurve}(LinearCurve(0.0, 0.0), UnitSystem.NATURAL_UNITS = 2, LinearCurve(0.0, 0.0)), CostCurve{LinearCurve}(LinearCurve(0.0, 0.0), UnitSystem.NATURAL_UNITS = 2, LinearCurve(0.0, 0.0)), 0.0)",100.0,Service[],,bus-8340,8340,"Area(0, 0.0, 0.0, 0.0, Dict{String, Any}(""I"" => """", ""ARNAME"" => """", ""PTOL"" => """", ""PDES"" => """", ""ISW"" => """"))"
gen-2027,true,0.0136235375,0.0,0.10382735906685212,PVe,"(min = -0.07, max = 0.102)",0.95,"RenewableGenerationCost(CostCurve{LinearCurve}(LinearCurve(0.0, 0.0), UnitSystem.NATURAL_UNITS = 2, LinearCurve(0.0, 0.0)), CostCurve{LinearCurve}(LinearCurve(0.0, 0.0), UnitSystem.NATURAL_UNITS = 2, LinearCurve(0.0, 0.0)), 0.0)",100.0,Service[],,bus-8355,8355,"Area(0, 0.0, 0.0, 0.0, Dict{String, Any}(""I"" => """", ""ARNAME"" => """", ""PTOL"" => """", ""PDES"" => """", ""ISW"" => """"))"
gen-1698,true,0.009990594149999999,0.0,0.10298674303316785,PVe,"(min = -0.07, max = 0.102)",0.95,"RenewableGenerationCost(CostCurve{LinearCurve}(LinearCurve(0.0, 0.0), UnitSystem.NATURAL_UNITS = 2, LinearCurve(0.0, 0.0)), CostCurve{LinearCurve}(LinearCurve(0.0, 0.0), UnitSystem.NATURAL_UNITS = 2, LinearCurve(0.0, 0.0)), 0.0)",100.0,Service[],,bus-309,309,"Area(0, 0.0, 0.0, 0.0, Dict{String, Any}(""I"" => """", ""ARNAME"" => """", ""PTOL"" => """", ""PDES"" => """", ""ISW"" => """"))"
gen-1797,true,0.009082358320000001,0.0,0.10281616926620278,PVe,"(min = -0.07, max = 0.102)",0.95,"RenewableGenerationCost(CostCurve{LinearCurve}(LinearCurve(0.0, 0.0), UnitSystem.NATURAL_UNITS = 2, LinearCurve(0.0, 0.0)), CostCurve{LinearCurve}(LinearCurve(0.0, 0.0), UnitSystem.NATURAL_UNITS = 2, LinearCurve(0.0, 0.0)), 0.0)",100.0,Service[],,bus-582,582,"Area(0, 0.0, 0.0, 0.0, Dict{String, Any}(""I"" => """", ""ARNAME"" => """", ""PTOL"" => """", ""PDES"" => """", ""ISW"" => """"))"
gen-1526,true,0.391091523,0.0,0.900956297497276,WT,"(min = -0.0415, max = 0.0415)",0.95,"RenewableGenerationCost(CostCurve{LinearCurve}(LinearCurve(0.0, 0.0), UnitSystem.NATURAL_UNITS = 2, LinearCurve(0.0, 0.0)), CostCurve{LinearCurve}(LinearCurve(0.0, 0.0), UnitSystem.NATURAL_UNITS = 2, LinearCurve(0.0, 0.0)), 0.0)",100.0,Service[],,bus-2203,2203,"Area(0, 0.0, 0.0, 0.0, Dict{String, Any}(""I"" => """", ""ARNAME"" => """", ""PTOL"" => """", ""PDES"" => """", ""ISW"" => """"))"
gen-1181,true,0.01089883,0.0,0.10317323836504652,PVe,"(min = -0.07, max = 0.102)",0.95,"RenewableGenerationCost(CostCurve{LinearCurve}(LinearCurve(0.0, 0.0), UnitSystem.NATURAL_UNITS = 2, LinearCurve(0.0, 0.0)), CostCurve{LinearCurve}(LinearCurve(0.0, 0.0), UnitSystem.NATURAL_UNITS = 2, LinearCurve(0.0, 0.0)), 0.0)",100.0,Service[],,bus-481,481,"Area(0, 0.0, 0.0, 0.0, Dict{String, Any}(""I"" => """", ""ARNAME"" => """", ""PTOL"" => """", ""PDES"" => """", ""ISW"" => """"))"
gen-1568,true,0.0045411791600000005,0.0,0.10220465334633308,PVe,"(min = -0.07, max = 0.102)",0.95,"RenewableGenerationCost(CostCurve{LinearCurve}(LinearCurve(0.0, 0.0), UnitSystem.NATURAL_UNITS = 2, LinearCurve(0.0, 0.0)), CostCurve{LinearCurve}(LinearCurve(0.0, 0.0), UnitSystem.NATURAL_UNITS = 2, LinearCurve(0.0, 0.0)), 0.0)",100.0,Service[],,bus-562,562,"Area(0, 0.0, 0.0, 0.0, Dict{String, Any}(""I"" => """", ""ARNAME"" => """", ""PTOL"" => """", ""PDES"" => """", ""ISW"" => """"))"
gen-974,true,0.25638222,0.0,0.6365104485558983,WT,"(min = -0.225631579, max = 0.23884210499999997)",0.95,"RenewableGenerationCost(CostCurve{LinearCurve}(LinearCurve(0.0, 0.0), UnitSystem.NATURAL_UNITS = 2, LinearCurve(0.0, 0.0)), CostCurve{LinearCurve}(LinearCurve(0.0, 0.0), UnitSystem.NATURAL_UNITS = 2, LinearCurve(0.0, 0.0)), 0.0)",100.0,Service[],,bus-1682,1682,"Area(0, 0.0, 0.0, 0.0, Dict{String, Any}(""I"" => """", ""ARNAME"" => """", ""PTOL"" => """", ""PDES"" => """", ""ISW"" => """"))"
gen-1794,true,0.0145317733,0.0,0.104076613773416,PVe,"(min = -0.07, max = 0.102)",0.95,"RenewableGenerationCost(CostCurve{LinearCurve}(LinearCurve(0.0, 0.0), UnitSystem.NATURAL_UNITS = 2, LinearCurve(0.0, 0.0)), CostCurve{LinearCurve}(LinearCurve(0.0, 0.0), UnitSystem.NATURAL_UNITS = 2, LinearCurve(0.0, 0.0)), 0.0)",100.0,Service[],,bus-2063,2063,"Area(0, 0.0, 0.0, 0.0, Dict{String, Any}(""I"" => """", ""ARNAME"" => """", ""PTOL"" => """", ""PDES"" => """", ""ISW"" => """"))"
gen-973,true,0.217273068,0.0,0.537776905417107,WT,"(min = -0.198, max = 0.198)",0.95,"RenewableGenerationCost(CostCurve{LinearCurve}(LinearCurve(0.0, 0.0), UnitSystem.NATURAL_UNITS = 2, LinearCurve(0.0, 0.0)), CostCurve{LinearCurve}(LinearCurve(0.0, 0.0), UnitSystem.NATURAL_UNITS = 2, LinearCurve(0.0, 0.0)), 0.0)",100.0,Service[],,bus-1542,1542,"Area(0, 0.0, 0.0, 0.0, Dict{String, Any}(""I"" => """", ""ARNAME"" => """", ""PTOL"" => """", ""PDES"" => """", ""ISW"" => """"))"
gen-1179,true,0.0118070658,0.0,0.1033755690629169,PVe,"(min = -0.07, max = 0.102)",0.95,"RenewableGenerationCost(CostCurve{LinearCurve}(LinearCurve(0.0, 0.0), UnitSystem.NATURAL_UNITS = 2, LinearCurve(0.0, 0.0)), CostCurve{LinearCurve}(LinearCurve(0.0, 0.0), UnitSystem.NATURAL_UNITS = 2, LinearCurve(0.0, 0.0)), 0.0)",100.0,Service[],,bus-1702,1702,"Area(0, 0.0, 0.0, 0.0, Dict{String, Any}(""I"" => """", ""ARNAME"" => """", ""PTOL"" => """", ""PDES"" => """", ""ISW"" => """"))"
gen-1180,true,0.009082358320000001,0.0,0.10281616926620278,PVe,"(min = -0.07, max = 0.102)",0.95,"RenewableGenerationCost(CostCurve{LinearCurve}(LinearCurve(0.0, 0.0), UnitSystem.NATURAL_UNITS = 2, LinearCurve(0.0, 0.0)), CostCurve{LinearCurve}(LinearCurve(0.0, 0.0), UnitSystem.NATURAL_UNITS = 2, LinearCurve(0.0, 0.0)), 0.0)",100.0,Service[],,bus-2084,2084,"Area(0, 0.0, 0.0, 0.0, Dict{String, Any}(""I"" => """", ""ARNAME"" => """", ""PTOL"" => """", ""PDES"" => """", ""ISW"" => """"))"
gen-1925,true,0.009082358320000001,0.0,0.10281616926620278,PVe,"(min = -0.07, max = 0.102)",0.95,"RenewableGenerationCost(CostCurve{LinearCurve}(LinearCurve(0.0, 0.0), UnitSystem.NATURAL_UNITS = 2, LinearCurve(0.0, 0.0)), CostCurve{LinearCurve}(LinearCurve(0.0, 0.0), UnitSystem.NATURAL_UNITS = 2, LinearCurve(0.0, 0.0)), 0.0)",100.0,Service[],,bus-779,779,"Area(0, 0.0, 0.0, 0.0, Dict{String, Any}(""I"" => """", ""ARNAME"" => """", ""PTOL"" => """", ""PDES"" => """", ""ISW"" => """"))"
gen-1208,true,0.0045411791600000005,0.0,0.10220465334633308,PVe,"(min = -0.07, max = 0.102)",0.95,"RenewableGenerationCost(CostCurve{LinearCurve}(LinearCurve(0.0, 0.0), UnitSystem.NATURAL_UNITS = 2, LinearCurve(0.0, 0.0)), CostCurve{LinearCurve}(LinearCurve(0.0, 0.0), UnitSystem.NATURAL_UNITS = 2, LinearCurve(0.0, 0.0)), 0.0)",100.0,Service[],,bus-1435,1435,"Area(0, 0.0, 0.0, 0.0, Dict{String, Any}(""I"" => """", ""ARNAME"" => """", ""PTOL"" => """", ""PDES"" => """", ""ISW"" => """"))"
gen-1706,true,0.0136235375,0.0,0.10382735906685212,PVe,"(min = -0.07, max = 0.102)",0.95,"RenewableGenerationCost(CostCurve{LinearCurve}(LinearCurve(0.0, 0.0), UnitSystem.NATURAL_UNITS = 2, LinearCurve(0.0, 0.0)), CostCurve{LinearCurve}(LinearCurve(0.0, 0.0), UnitSystem.NATURAL_UNITS = 2, LinearCurve(0.0, 0.0)), 0.0)",100.0,Service[],,bus-1429,1429,"Area(0, 0.0, 0.0, 0.0, Dict{String, Any}(""I"" => """", ""ARNAME"" => """", ""PTOL"" => """", ""PDES"" => """", ""ISW"" => """"))"
gen-1557,true,0.0136235375,0.0,0.10382735906685212,PVe,"(min = -0.07, max = 0.102)",0.95,"RenewableGenerationCost(CostCurve{LinearCurve}(LinearCurve(0.0, 0.0), UnitSystem.NATURAL_UNITS = 2, LinearCurve(0.0, 0.0)), CostCurve{LinearCurve}(LinearCurve(0.0, 0.0), UnitSystem.NATURAL_UNITS = 2, LinearCurve(0.0, 0.0)), 0.0)",100.0,Service[],,bus-543,543,"Area(0, 0.0, 0.0, 0.0, Dict{String, Any}(""I"" => """", ""ARNAME"" => """", ""PTOL"" => """", ""PDES"" => """", ""ISW"" => """"))"
gen-1012,true,0.43976069,0.0,1.1059204311341753,WT,"(min = -0.446, max = 0.446)",0.95,"RenewableGenerationCost(CostCurve{LinearCurve}(LinearCurve(0.0, 0.0), UnitSystem.NATURAL_UNITS = 2, LinearCurve(0.0, 0.0)), CostCurve{LinearCurve}(LinearCurve(0.0, 0.0), UnitSystem.NATURAL_UNITS = 2, LinearCurve(0.0, 0.0)), 0.0)",100.0,Service[],,bus-2208,2208,"Area(0, 0.0, 0.0, 0.0, Dict{String, Any}(""I"" => """", ""ARNAME"" => """", ""PTOL"" => """", ""PDES"" => """", ""ISW"" => """"))"
gen-1915,true,0.49044734900000003,0.0,0.705589226555726,PVe,"(min = -0.07, max = 0.102)",0.95,"RenewableGenerationCost(CostCurve{LinearCurve}(LinearCurve(0.0, 0.0), UnitSystem.NATURAL_UNITS = 2, LinearCurve(0.0, 0.0)), CostCurve{LinearCurve}(LinearCurve(0.0, 0.0), UnitSystem.NATURAL_UNITS = 2, LinearCurve(0.0, 0.0)), 0.0)",100.0,Service[],,bus-2314,2314,"Area(0, 0.0, 0.0, 0.0, Dict{String, Any}(""I"" => """", ""ARNAME"" => """", ""PTOL"" => """", ""PDES"" => """", ""ISW"" => """"))"
gen-1675,true,0.926400548,0.0,1.322718842681705,PVe,"(min = -0.07, max = 0.102)",0.95,"RenewableGenerationCost(CostCurve{LinearCurve}(LinearCurve(0.0, 0.0), UnitSystem.NATURAL_UNITS = 2, LinearCurve(0.0, 0.0)), CostCurve{LinearCurve}(LinearCurve(0.0, 0.0), UnitSystem.NATURAL_UNITS = 2, LinearCurve(0.0, 0.0)), 0.0)",100.0,Service[],,bus-322,322,"Area(0, 0.0, 0.0, 0.0, Dict{String, Any}(""I"" => """", ""ARNAME"" => """", ""PTOL"" => """", ""PDES"" => """", ""ISW"" => """"))"
gen-1658,true,0.0136235375,0.0,0.10382735906685212,PVe,"(min = -0.07, max = 0.102)",0.95,"RenewableGenerationCost(CostCurve{LinearCurve}(LinearCurve(0.0, 0.0), UnitSystem.NATURAL_UNITS = 2, LinearCurve(0.0, 0.0)), CostCurve{LinearCurve}(LinearCurve(0.0, 0.0), UnitSystem.NATURAL_UNITS = 2, LinearCurve(0.0, 0.0)), 0.0)",100.0,Service[],,bus-1284,1284,"Area(0, 0.0, 0.0, 0.0, Dict{String, Any}(""I"" => """", ""ARNAME"" => """", ""PTOL"" => """", ""PDES"" => """", ""ISW"" => """"))"
gen-1886,true,0.18164716599999997,0.0,0.27797457623060623,PVe,"(min = -0.07, max = 0.102)",0.95,"RenewableGenerationCost(CostCurve{LinearCurve}(LinearCurve(0.0, 0.0), UnitSystem.NATURAL_UNITS = 2, LinearCurve(0.0, 0.0)), CostCurve{LinearCurve}(LinearCurve(0.0, 0.0), UnitSystem.NATURAL_UNITS = 2, LinearCurve(0.0, 0.0)), 0.0)",100.0,Service[],,bus-407,407,"Area(0, 0.0, 0.0, 0.0, Dict{String, Any}(""I"" => """", ""ARNAME"" => """", ""PTOL"" => """", ""PDES"" => """", ""ISW"" => """"))"
gen-1365,true,0.0045411791600000005,0.0,0.10220465334633308,PVe,"(min = -0.07, max = 0.102)",0.95,"RenewableGenerationCost(CostCurve{LinearCurve}(LinearCurve(0.0, 0.0), UnitSystem.NATURAL_UNITS = 2, LinearCurve(0.0, 0.0)), CostCurve{LinearCurve}(LinearCurve(0.0, 0.0), UnitSystem.NATURAL_UNITS = 2, LinearCurve(0.0, 0.0)), 0.0)",100.0,Service[],,bus-8315,8315,"Area(0, 0.0, 0.0, 0.0, Dict{String, Any}(""I"" => """", ""ARNAME"" => """", ""PTOL"" => """", ""PDES"" => """", ""ISW"" => """"))"
gen-1385,true,0.274287221,0.0,0.4035651849223285,PVe,"(min = -0.07, max = 0.102)",0.95,"RenewableGenerationCost(CostCurve{LinearCurve}(LinearCurve(0.0, 0.0), UnitSystem.NATURAL_UNITS = 2, LinearCurve(0.0, 0.0)), CostCurve{LinearCurve}(LinearCurve(0.0, 0.0), UnitSystem.NATURAL_UNITS = 2, LinearCurve(0.0, 0.0)), 0.0)",100.0,Service[],,bus-2235,2235,"Area(0, 0.0, 0.0, 0.0, Dict{String, Any}(""I"" => """", ""ARNAME"" => """", ""PTOL"" => """", ""PDES"" => """", ""ISW"" => """"))"
gen-1970,true,0.027247075,0.0,0.10912599123576455,PVe,"(min = -0.07, max = 0.102)",0.95,"RenewableGenerationCost(CostCurve{LinearCurve}(LinearCurve(0.0, 0.0), UnitSystem.NATURAL_UNITS = 2, LinearCurve(0.0, 0.0)), CostCurve{LinearCurve}(LinearCurve(0.0, 0.0), UnitSystem.NATURAL_UNITS = 2, LinearCurve(0.0, 0.0)), 0.0)",100.0,Service[],,bus-603,603,"Area(0, 0.0, 0.0, 0.0, Dict{String, Any}(""I"" => """", ""ARNAME"" => """", ""PTOL"" => """", ""PDES"" => """", ""ISW"" => """"))"
gen-1130,true,0.0045411791600000005,0.0,0.10220465334633308,PVe,"(min = -0.07, max = 0.102)",0.95,"RenewableGenerationCost(CostCurve{LinearCurve}(LinearCurve(0.0, 0.0), UnitSystem.NATURAL_UNITS = 2, LinearCurve(0.0, 0.0)), CostCurve{LinearCurve}(LinearCurve(0.0, 0.0), UnitSystem.NATURAL_UNITS = 2, LinearCurve(0.0, 0.0)), 0.0)",100.0,Service[],,bus-1037,1037,"Area(0, 0.0, 0.0, 0.0, Dict{String, Any}(""I"" => """", ""ARNAME"" => """", ""PTOL"" => """", ""PDES"" => """", ""ISW"" => """"))"
gen-1289,true,1.37325258,0.0,1.957556870226617,PVe,"(min = -0.07, max = 0.102)",0.95,"RenewableGenerationCost(CostCurve{LinearCurve}(LinearCurve(0.0, 0.0), UnitSystem.NATURAL_UNITS = 2, LinearCurve(0.0, 0.0)), CostCurve{LinearCurve}(LinearCurve(0.0, 0.0), UnitSystem.NATURAL_UNITS = 2, LinearCurve(0.0, 0.0)), 0.0)",100.0,Service[],,bus-1176,1176,"Area(0, 0.0, 0.0, 0.0, Dict{String, Any}(""I"" => """", ""ARNAME"" => """", ""PTOL"" => """", ""PDES"" => """", ""ISW"" => """"))"
gen-1896,true,0.019981188299999997,0.0,0.10589181728541563,PVe,"(min = -0.07, max = 0.102)",0.95,"RenewableGenerationCost(CostCurve{LinearCurve}(LinearCurve(0.0, 0.0), UnitSystem.NATURAL_UNITS = 2, LinearCurve(0.0, 0.0)), CostCurve{LinearCurve}(LinearCurve(0.0, 0.0), UnitSystem.NATURAL_UNITS = 2, LinearCurve(0.0, 0.0)), 0.0)",100.0,Service[],,bus-2126,2126,"Area(0, 0.0, 0.0, 0.0, Dict{String, Any}(""I"" => """", ""ARNAME"" => """", ""PTOL"" => """", ""PDES"" => """", ""ISW"" => """"))"
gen-744,true,0.102118342,0.0,0.25273306075778845,WT,"(min = -0.09300000000000001, max = 0.09300000000000001)",0.95,"RenewableGenerationCost(CostCurve{LinearCurve}(LinearCurve(0.0, 0.0), UnitSystem.NATURAL_UNITS = 2, LinearCurve(0.0, 0.0)), CostCurve{LinearCurve}(LinearCurve(0.0, 0.0), UnitSystem.NATURAL_UNITS = 2, LinearCurve(0.0, 0.0)), 0.0)",100.0,Service[],,bus-1936,1936,"Area(0, 0.0, 0.0, 0.0, Dict{String, Any}(""I"" => """", ""ARNAME"" => """", ""PTOL"" => """", ""PDES"" => """", ""ISW"" => """"))"
gen-1307,true,0.009082358320000001,0.0,0.10281616926620278,PVe,"(min = -0.07, max = 0.102)",0.95,"RenewableGenerationCost(CostCurve{LinearCurve}(LinearCurve(0.0, 0.0), UnitSystem.NATURAL_UNITS = 2, LinearCurve(0.0, 0.0)), CostCurve{LinearCurve}(LinearCurve(0.0, 0.0), UnitSystem.NATURAL_UNITS = 2, LinearCurve(0.0, 0.0)), 0.0)",100.0,Service[],,bus-917,917,"Area(0, 0.0, 0.0, 0.0, Dict{String, Any}(""I"" => """", ""ARNAME"" => """", ""PTOL"" => """", ""PDES"" => """", ""ISW"" => """"))"
gen-1922,true,0.0181647166,0.0,0.10522670122314892,PVe,"(min = -0.07, max = 0.102)",0.95,"RenewableGenerationCost(CostCurve{LinearCurve}(LinearCurve(0.0, 0.0), UnitSystem.NATURAL_UNITS = 2, LinearCurve(0.0, 0.0)), CostCurve{LinearCurve}(LinearCurve(0.0, 0.0), UnitSystem.NATURAL_UNITS = 2, LinearCurve(0.0, 0.0)), 0.0)",100.0,Service[],,bus-8142,8142,"Area(0, 0.0, 0.0, 0.0, Dict{String, Any}(""I"" => """", ""ARNAME"" => """", ""PTOL"" => """", ""PDES"" => """", ""ISW"" => """"))"
gen-2073,true,0.0181647166,0.0,0.10522670122314892,PVe,"(min = -0.07, max = 0.102)",0.95,"RenewableGenerationCost(CostCurve{LinearCurve}(LinearCurve(0.0, 0.0), UnitSystem.NATURAL_UNITS = 2, LinearCurve(0.0, 0.0)), CostCurve{LinearCurve}(LinearCurve(0.0, 0.0), UnitSystem.NATURAL_UNITS = 2, LinearCurve(0.0, 0.0)), 0.0)",100.0,Service[],,bus-2402,2402,"Area(0, 0.0, 0.0, 0.0, Dict{String, Any}(""I"" => """", ""ARNAME"" => """", ""PTOL"" => """", ""PDES"" => """", ""ISW"" => """"))"
gen-1843,true,0.373275131,0.0,0.8915865359687926,WT,"(min = -0.225631579, max = 0.23884210499999997)",0.95,"RenewableGenerationCost(CostCurve{LinearCurve}(LinearCurve(0.0, 0.0), UnitSystem.NATURAL_UNITS = 2, LinearCurve(0.0, 0.0)), CostCurve{LinearCurve}(LinearCurve(0.0, 0.0), UnitSystem.NATURAL_UNITS = 2, LinearCurve(0.0, 0.0)), 0.0)",100.0,Service[],,bus-1625,1625,"Area(0, 0.0, 0.0, 0.0, Dict{String, Any}(""I"" => """", ""ARNAME"" => """", ""PTOL"" => """", ""PDES"" => """", ""ISW"" => """"))"
gen-1665,true,0.016348244999999997,0.0,0.10462128610286166,PVe,"(min = -0.07, max = 0.102)",0.95,"RenewableGenerationCost(CostCurve{LinearCurve}(LinearCurve(0.0, 0.0), UnitSystem.NATURAL_UNITS = 2, LinearCurve(0.0, 0.0)), CostCurve{LinearCurve}(LinearCurve(0.0, 0.0), UnitSystem.NATURAL_UNITS = 2, LinearCurve(0.0, 0.0)), 0.0)",100.0,Service[],,bus-385,385,"Area(0, 0.0, 0.0, 0.0, Dict{String, Any}(""I"" => """", ""ARNAME"" => """", ""PTOL"" => """", ""PDES"" => """", ""ISW"" => """"))"
gen-1111,true,0.0045411791600000005,0.0,0.10220465334633308,PVe,"(min = -0.07, max = 0.102)",0.95,"RenewableGenerationCost(CostCurve{LinearCurve}(LinearCurve(0.0, 0.0), UnitSystem.NATURAL_UNITS = 2, LinearCurve(0.0, 0.0)), CostCurve{LinearCurve}(LinearCurve(0.0, 0.0), UnitSystem.NATURAL_UNITS = 2, LinearCurve(0.0, 0.0)), 0.0)",100.0,Service[],,bus-8315,8315,"Area(0, 0.0, 0.0, 0.0, Dict{String, Any}(""I"" => """", ""ARNAME"" => """", ""PTOL"" => """", ""PDES"" => """", ""ISW"" => """"))"
gen-1376,true,0.0572188574,0.0,0.13053262218465408,PVe,"(min = -0.07, max = 0.102)",0.95,"RenewableGenerationCost(CostCurve{LinearCurve}(LinearCurve(0.0, 0.0), UnitSystem.NATURAL_UNITS = 2, LinearCurve(0.0, 0.0)), CostCurve{LinearCurve}(LinearCurve(0.0, 0.0), UnitSystem.NATURAL_UNITS = 2, LinearCurve(0.0, 0.0)), 0.0)",100.0,Service[],,bus-1051,1051,"Area(0, 0.0, 0.0, 0.0, Dict{String, Any}(""I"" => """", ""ARNAME"" => """", ""PTOL"" => """", ""PDES"" => """", ""ISW"" => """"))"
gen-1989,true,0.182432312,0.0,0.4,BA,"(min = 0.0, max = 0.0)",0.95,"RenewableGenerationCost(CostCurve{LinearCurve}(LinearCurve(16.3717118, 401.19412), UnitSystem.NATURAL_UNITS = 2, LinearCurve(0.0, 0.0)), CostCurve{LinearCurve}(LinearCurve(0.0, 0.0), UnitSystem.NATURAL_UNITS = 2, LinearCurve(0.0, 0.0)), 0.0)",100.0,Service[],,bus-1085,1085,"Area(0, 0.0, 0.0, 0.0, Dict{String, Any}(""I"" => """", ""ARNAME"" => """", ""PTOL"" => """", ""PDES"" => """", ""ISW"" => """"))"
gen-2005,true,0.009082358320000001,0.0,0.10281616926620278,PVe,"(min = -0.07, max = 0.102)",0.95,"RenewableGenerationCost(CostCurve{LinearCurve}(LinearCurve(0.0, 0.0), UnitSystem.NATURAL_UNITS = 2, LinearCurve(0.0, 0.0)), CostCurve{LinearCurve}(LinearCurve(0.0, 0.0), UnitSystem.NATURAL_UNITS = 2, LinearCurve(0.0, 0.0)), 0.0)",100.0,Service[],,bus-803,803,"Area(0, 0.0, 0.0, 0.0, Dict{String, Any}(""I"" => """", ""ARNAME"" => """", ""PTOL"" => """", ""PDES"" => """", ""ISW"" => """"))"
gen-1899,true,0.18164716599999997,0.0,0.27797457623060623,PVe,"(min = -0.07, max = 0.102)",0.95,"RenewableGenerationCost(CostCurve{LinearCurve}(LinearCurve(0.0, 0.0), UnitSystem.NATURAL_UNITS = 2, LinearCurve(0.0, 0.0)), CostCurve{LinearCurve}(LinearCurve(0.0, 0.0), UnitSystem.NATURAL_UNITS = 2, LinearCurve(0.0, 0.0)), 0.0)",100.0,Service[],,bus-8340,8340,"Area(0, 0.0, 0.0, 0.0, Dict{String, Any}(""I"" => """", ""ARNAME"" => """", ""PTOL"" => """", ""PDES"" => """", ""ISW"" => """"))"
gen-1284,true,0.0263388391,0.0,0.10867315590921076,PVe,"(min = -0.07, max = 0.102)",0.95,"RenewableGenerationCost(CostCurve{LinearCurve}(LinearCurve(0.0, 0.0), UnitSystem.NATURAL_UNITS = 2, LinearCurve(0.0, 0.0)), CostCurve{LinearCurve}(LinearCurve(0.0, 0.0), UnitSystem.NATURAL_UNITS = 2, LinearCurve(0.0, 0.0)), 0.0)",100.0,Service[],,bus-893,893,"Area(0, 0.0, 0.0, 0.0, Dict{String, Any}(""I"" => """", ""ARNAME"" => """", ""PTOL"" => """", ""PDES"" => """", ""ISW"" => """"))"
gen-1656,true,0.0181647166,0.0,0.10522670122314892,PVe,"(min = -0.07, max = 0.102)",0.95,"RenewableGenerationCost(CostCurve{LinearCurve}(LinearCurve(0.0, 0.0), UnitSystem.NATURAL_UNITS = 2, LinearCurve(0.0, 0.0)), CostCurve{LinearCurve}(LinearCurve(0.0, 0.0), UnitSystem.NATURAL_UNITS = 2, LinearCurve(0.0, 0.0)), 0.0)",100.0,Service[],,bus-1952,1952,"Area(0, 0.0, 0.0, 0.0, Dict{String, Any}(""I"" => """", ""ARNAME"" => """", ""PTOL"" => """", ""PDES"" => """", ""ISW"" => """"))"
gen-1177,true,0.019981188299999997,0.0,0.10589181728541563,PVe,"(min = -0.07, max = 0.102)",0.95,"RenewableGenerationCost(CostCurve{LinearCurve}(LinearCurve(0.0, 0.0), UnitSystem.NATURAL_UNITS = 2, LinearCurve(0.0, 0.0)), CostCurve{LinearCurve}(LinearCurve(0.0, 0.0), UnitSystem.NATURAL_UNITS = 2, LinearCurve(0.0, 0.0)), 0.0)",100.0,Service[],,bus-344,344,"Area(0, 0.0, 0.0, 0.0, Dict{String, Any}(""I"" => """", ""ARNAME"" => """", ""PTOL"" => """", ""PDES"" => """", ""ISW"" => """"))"
gen-1858,true,0.291543702,0.0,0.4273782169779347,PVe,"(min = -0.07, max = 0.102)",0.95,"RenewableGenerationCost(CostCurve{LinearCurve}(LinearCurve(0.0, 0.0), UnitSystem.NATURAL_UNITS = 2, LinearCurve(0.0, 0.0)), CostCurve{LinearCurve}(LinearCurve(0.0, 0.0), UnitSystem.NATURAL_UNITS = 2, LinearCurve(0.0, 0.0)), 0.0)",100.0,Service[],,bus-8185,8185,"Area(0, 0.0, 0.0, 0.0, Dict{String, Any}(""I"" => """", ""ARNAME"" => """", ""PTOL"" => """", ""PDES"" => """", ""ISW"" => """"))"
gen-1911,true,0.0750005391,0.0,0.075,BA,"(min = 0.0, max = 0.0)",0.95,"RenewableGenerationCost(CostCurve{LinearCurve}(LinearCurve(16.3717118, 401.19412), UnitSystem.NATURAL_UNITS = 2, LinearCurve(0.0, 0.0)), CostCurve{LinearCurve}(LinearCurve(0.0, 0.0), UnitSystem.NATURAL_UNITS = 2, LinearCurve(0.0, 0.0)), 0.0)",100.0,Service[],,bus-1092,1092,"Area(0, 0.0, 0.0, 0.0, Dict{String, Any}(""I"" => """", ""ARNAME"" => """", ""PTOL"" => """", ""PDES"" => """", ""ISW"" => """"))"
gen-1966,true,0.0208894241,0.0,0.1062464167105884,PVe,"(min = -0.07, max = 0.102)",0.95,"RenewableGenerationCost(CostCurve{LinearCurve}(LinearCurve(0.0, 0.0), UnitSystem.NATURAL_UNITS = 2, LinearCurve(0.0, 0.0)), CostCurve{LinearCurve}(LinearCurve(0.0, 0.0), UnitSystem.NATURAL_UNITS = 2, LinearCurve(0.0, 0.0)), 0.0)",100.0,Service[],,bus-1703,1703,"Area(0, 0.0, 0.0, 0.0, Dict{String, Any}(""I"" => """", ""ARNAME"" => """", ""PTOL"" => """", ""PDES"" => """", ""ISW"" => """"))"
gen-1161,true,0.0045411791600000005,0.0,0.10220465334633308,PVe,"(min = -0.07, max = 0.102)",0.95,"RenewableGenerationCost(CostCurve{LinearCurve}(LinearCurve(0.0, 0.0), UnitSystem.NATURAL_UNITS = 2, LinearCurve(0.0, 0.0)), CostCurve{LinearCurve}(LinearCurve(0.0, 0.0), UnitSystem.NATURAL_UNITS = 2, LinearCurve(0.0, 0.0)), 0.0)",100.0,Service[],,bus-1000,1000,"Area(0, 0.0, 0.0, 0.0, Dict{String, Any}(""I"" => """", ""ARNAME"" => """", ""PTOL"" => """", ""PDES"" => """", ""ISW"" => """"))"
gen-1204,true,0.0045411791600000005,0.0,0.10220465334633308,PVe,"(min = -0.07, max = 0.102)",0.95,"RenewableGenerationCost(CostCurve{LinearCurve}(LinearCurve(0.0, 0.0), UnitSystem.NATURAL_UNITS = 2, LinearCurve(0.0, 0.0)), CostCurve{LinearCurve}(LinearCurve(0.0, 0.0), UnitSystem.NATURAL_UNITS = 2, LinearCurve(0.0, 0.0)), 0.0)",100.0,Service[],,bus-1435,1435,"Area(0, 0.0, 0.0, 0.0, Dict{String, Any}(""I"" => """", ""ARNAME"" => """", ""PTOL"" => """", ""PDES"" => """", ""ISW"" => """"))"
gen-1596,true,0.240682495,0.0,0.3574848027899873,PVe,"(min = -0.07, max = 0.102)",0.95,"RenewableGenerationCost(CostCurve{LinearCurve}(LinearCurve(0.0, 0.0), UnitSystem.NATURAL_UNITS = 2, LinearCurve(0.0, 0.0)), CostCurve{LinearCurve}(LinearCurve(0.0, 0.0), UnitSystem.NATURAL_UNITS = 2, LinearCurve(0.0, 0.0)), 0.0)",100.0,Service[],,bus-2235,2235,"Area(0, 0.0, 0.0, 0.0, Dict{String, Any}(""I"" => """", ""ARNAME"" => """", ""PTOL"" => """", ""PDES"" => """", ""ISW"" => """"))"
gen-1653,true,0.0136235375,0.0,0.10382735906685212,PVe,"(min = -0.07, max = 0.102)",0.95,"RenewableGenerationCost(CostCurve{LinearCurve}(LinearCurve(0.0, 0.0), UnitSystem.NATURAL_UNITS = 2, LinearCurve(0.0, 0.0)), CostCurve{LinearCurve}(LinearCurve(0.0, 0.0), UnitSystem.NATURAL_UNITS = 2, LinearCurve(0.0, 0.0)), 0.0)",100.0,Service[],,bus-407,407,"Area(0, 0.0, 0.0, 0.0, Dict{String, Any}(""I"" => """", ""ARNAME"" => """", ""PTOL"" => """", ""PDES"" => """", ""ISW"" => """"))"
gen-1139,true,0.0045411791600000005,0.0,0.10220465334633308,PVe,"(min = -0.07, max = 0.102)",0.95,"RenewableGenerationCost(CostCurve{LinearCurve}(LinearCurve(0.0, 0.0), UnitSystem.NATURAL_UNITS = 2, LinearCurve(0.0, 0.0)), CostCurve{LinearCurve}(LinearCurve(0.0, 0.0), UnitSystem.NATURAL_UNITS = 2, LinearCurve(0.0, 0.0)), 0.0)",100.0,Service[],,bus-7830,7830,"Area(0, 0.0, 0.0, 0.0, Dict{String, Any}(""I"" => """", ""ARNAME"" => """", ""PTOL"" => """", ""PDES"" => """", ""ISW"" => """"))"
gen-1109,true,0.0045411791600000005,0.0,0.10220465334633308,PVe,"(min = -0.07, max = 0.102)",0.95,"RenewableGenerationCost(CostCurve{LinearCurve}(LinearCurve(0.0, 0.0), UnitSystem.NATURAL_UNITS = 2, LinearCurve(0.0, 0.0)), CostCurve{LinearCurve}(LinearCurve(0.0, 0.0), UnitSystem.NATURAL_UNITS = 2, LinearCurve(0.0, 0.0)), 0.0)",100.0,Service[],,bus-8315,8315,"Area(0, 0.0, 0.0, 0.0, Dict{String, Any}(""I"" => """", ""ARNAME"" => """", ""PTOL"" => """", ""PDES"" => """", ""ISW"" => """"))"
gen-1447,true,0.0181647166,0.0,0.10522670122314892,PVe,"(min = -0.07, max = 0.102)",0.95,"RenewableGenerationCost(CostCurve{LinearCurve}(LinearCurve(0.0, 0.0), UnitSystem.NATURAL_UNITS = 2, LinearCurve(0.0, 0.0)), CostCurve{LinearCurve}(LinearCurve(0.0, 0.0), UnitSystem.NATURAL_UNITS = 2, LinearCurve(0.0, 0.0)), 0.0)",100.0,Service[],,bus-2030,2030,"Area(0, 0.0, 0.0, 0.0, Dict{String, Any}(""I"" => """", ""ARNAME"" => """", ""PTOL"" => """", ""PDES"" => """", ""ISW"" => """"))"
gen-2013,true,0.00500002894,0.0,0.005,BA,"(min = 0.0, max = 0.0)",0.95,"RenewableGenerationCost(CostCurve{LinearCurve}(LinearCurve(16.3717118, 401.19412), UnitSystem.NATURAL_UNITS = 2, LinearCurve(0.0, 0.0)), CostCurve{LinearCurve}(LinearCurve(0.0, 0.0), UnitSystem.NATURAL_UNITS = 2, LinearCurve(0.0, 0.0)), 0.0)",100.0,Service[],,bus-1247,1247,"Area(0, 0.0, 0.0, 0.0, Dict{String, Any}(""I"" => """", ""ARNAME"" => """", ""PTOL"" => """", ""PDES"" => """", ""ISW"" => """"))"
gen-1076,true,0.0045411791600000005,0.0,0.10220465334633308,PVe,"(min = -0.07, max = 0.102)",0.95,"RenewableGenerationCost(CostCurve{LinearCurve}(LinearCurve(0.0, 0.0), UnitSystem.NATURAL_UNITS = 2, LinearCurve(0.0, 0.0)), CostCurve{LinearCurve}(LinearCurve(0.0, 0.0), UnitSystem.NATURAL_UNITS = 2, LinearCurve(0.0, 0.0)), 0.0)",100.0,Service[],,bus-2004,2004,"Area(0, 0.0, 0.0, 0.0, Dict{String, Any}(""I"" => """", ""ARNAME"" => """", ""PTOL"" => """", ""PDES"" => """", ""ISW"" => """"))"
gen-1674,true,0.17983069499999998,0.0,0.27557074329876713,PVe,"(min = -0.07, max = 0.102)",0.95,"RenewableGenerationCost(CostCurve{LinearCurve}(LinearCurve(0.0, 0.0), UnitSystem.NATURAL_UNITS = 2, LinearCurve(0.0, 0.0)), CostCurve{LinearCurve}(LinearCurve(0.0, 0.0), UnitSystem.NATURAL_UNITS = 2, LinearCurve(0.0, 0.0)), 0.0)",100.0,Service[],,bus-8865,8865,"Area(0, 0.0, 0.0, 0.0, Dict{String, Any}(""I"" => """", ""ARNAME"" => """", ""PTOL"" => """", ""PDES"" => """", ""ISW"" => """"))"
gen-1189,true,0.172564808,0.0,0.2659895550329508,PVe,"(min = -0.07, max = 0.102)",0.95,"RenewableGenerationCost(CostCurve{LinearCurve}(LinearCurve(0.0, 0.0), UnitSystem.NATURAL_UNITS = 2, LinearCurve(0.0, 0.0)), CostCurve{LinearCurve}(LinearCurve(0.0, 0.0), UnitSystem.NATURAL_UNITS = 2, LinearCurve(0.0, 0.0)), 0.0)",100.0,Service[],,bus-317,317,"Area(0, 0.0, 0.0, 0.0, Dict{String, Any}(""I"" => """", ""ARNAME"" => """", ""PTOL"" => """", ""PDES"" => """", ""ISW"" => """"))"
gen-1708,true,0.0136235375,0.0,0.10382735906685212,PVe,"(min = -0.07, max = 0.102)",0.95,"RenewableGenerationCost(CostCurve{LinearCurve}(LinearCurve(0.0, 0.0), UnitSystem.NATURAL_UNITS = 2, LinearCurve(0.0, 0.0)), CostCurve{LinearCurve}(LinearCurve(0.0, 0.0), UnitSystem.NATURAL_UNITS = 2, LinearCurve(0.0, 0.0)), 0.0)",100.0,Service[],,bus-1435,1435,"Area(0, 0.0, 0.0, 0.0, Dict{String, Any}(""I"" => """", ""ARNAME"" => """", ""PTOL"" => """", ""PDES"" => """", ""ISW"" => """"))"
gen-1471,true,0.0145317733,0.0,0.104076613773416,PVe,"(min = -0.07, max = 0.102)",0.95,"RenewableGenerationCost(CostCurve{LinearCurve}(LinearCurve(0.0, 0.0), UnitSystem.NATURAL_UNITS = 2, LinearCurve(0.0, 0.0)), CostCurve{LinearCurve}(LinearCurve(0.0, 0.0), UnitSystem.NATURAL_UNITS = 2, LinearCurve(0.0, 0.0)), 0.0)",100.0,Service[],,bus-2091,2091,"Area(0, 0.0, 0.0, 0.0, Dict{String, Any}(""I"" => """", ""ARNAME"" => """", ""PTOL"" => """", ""PDES"" => """", ""ISW"" => """"))"
gen-1839,true,1.36235375,0.0,1.9420630545814963,PVe,"(min = -0.07, max = 0.102)",0.95,"RenewableGenerationCost(CostCurve{LinearCurve}(LinearCurve(0.0, 0.0), UnitSystem.NATURAL_UNITS = 2, LinearCurve(0.0, 0.0)), CostCurve{LinearCurve}(LinearCurve(0.0, 0.0), UnitSystem.NATURAL_UNITS = 2, LinearCurve(0.0, 0.0)), 0.0)",100.0,Service[],,bus-1178,1178,"Area(0, 0.0, 0.0, 0.0, Dict{String, Any}(""I"" => """", ""ARNAME"" => """", ""PTOL"" => """", ""PDES"" => """", ""ISW"" => """"))"
gen-2045,true,0.0181647166,0.0,0.10522670122314892,PVe,"(min = -0.07, max = 0.102)",0.95,"RenewableGenerationCost(CostCurve{LinearCurve}(LinearCurve(0.0, 0.0), UnitSystem.NATURAL_UNITS = 2, LinearCurve(0.0, 0.0)), CostCurve{LinearCurve}(LinearCurve(0.0, 0.0), UnitSystem.NATURAL_UNITS = 2, LinearCurve(0.0, 0.0)), 0.0)",100.0,Service[],,bus-19,19,"Area(0, 0.0, 0.0, 0.0, Dict{String, Any}(""I"" => """", ""ARNAME"" => """", ""PTOL"" => """", ""PDES"" => """", ""ISW"" => """"))"
gen-1422,true,0.00434546136,0.0,0.23905135665967472,WT,"(min = -0.225631579, max = 0.23884210499999997)",0.95,"RenewableGenerationCost(CostCurve{LinearCurve}(LinearCurve(0.0, 0.0), UnitSystem.NATURAL_UNITS = 2, LinearCurve(0.0, 0.0)), CostCurve{LinearCurve}(LinearCurve(0.0, 0.0), UnitSystem.NATURAL_UNITS = 2, LinearCurve(0.0, 0.0)), 0.0)",100.0,Service[],,bus-1486,1486,"Area(0, 0.0, 0.0, 0.0, Dict{String, Any}(""I"" => """", ""ARNAME"" => """", ""PTOL"" => """", ""PDES"" => """", ""ISW"" => """"))"
gen-1088,true,0.0045411791600000005,0.0,0.10220465334633308,PVe,"(min = -0.07, max = 0.102)",0.95,"RenewableGenerationCost(CostCurve{LinearCurve}(LinearCurve(0.0, 0.0), UnitSystem.NATURAL_UNITS = 2, LinearCurve(0.0, 0.0)), CostCurve{LinearCurve}(LinearCurve(0.0, 0.0), UnitSystem.NATURAL_UNITS = 2, LinearCurve(0.0, 0.0)), 0.0)",100.0,Service[],,bus-8315,8315,"Area(0, 0.0, 0.0, 0.0, Dict{String, Any}(""I"" => """", ""ARNAME"" => """", ""PTOL"" => """", ""PDES"" => """", ""ISW"" => """"))"
gen-1334,true,0.0454117916,0.0,0.12076057537297331,PVe,"(min = -0.07, max = 0.102)",0.95,"RenewableGenerationCost(CostCurve{LinearCurve}(LinearCurve(0.0, 0.0), UnitSystem.NATURAL_UNITS = 2, LinearCurve(0.0, 0.0)), CostCurve{LinearCurve}(LinearCurve(0.0, 0.0), UnitSystem.NATURAL_UNITS = 2, LinearCurve(0.0, 0.0)), 0.0)",100.0,Service[],,bus-974,974,"Area(0, 0.0, 0.0, 0.0, Dict{String, Any}(""I"" => """", ""ARNAME"" => """", ""PTOL"" => """", ""PDES"" => """", ""ISW"" => """"))"
gen-1410,true,0.009082358320000001,0.0,0.10281616926620278,PVe,"(min = -0.07, max = 0.102)",0.95,"RenewableGenerationCost(CostCurve{LinearCurve}(LinearCurve(0.0, 0.0), UnitSystem.NATURAL_UNITS = 2, LinearCurve(0.0, 0.0)), CostCurve{LinearCurve}(LinearCurve(0.0, 0.0), UnitSystem.NATURAL_UNITS = 2, LinearCurve(0.0, 0.0)), 0.0)",100.0,Service[],,bus-309,309,"Area(0, 0.0, 0.0, 0.0, Dict{String, Any}(""I"" => """", ""ARNAME"" => """", ""PTOL"" => """", ""PDES"" => """", ""ISW"" => """"))"
gen-1575,true,0.380550813,0.0,0.5512530754570497,PVe,"(min = -0.07, max = 0.102)",0.95,"RenewableGenerationCost(CostCurve{LinearCurve}(LinearCurve(0.0, 0.0), UnitSystem.NATURAL_UNITS = 2, LinearCurve(0.0, 0.0)), CostCurve{LinearCurve}(LinearCurve(0.0, 0.0), UnitSystem.NATURAL_UNITS = 2, LinearCurve(0.0, 0.0)), 0.0)",100.0,Service[],,bus-8185,8185,"Area(0, 0.0, 0.0, 0.0, Dict{String, Any}(""I"" => """", ""ARNAME"" => """", ""PTOL"" => """", ""PDES"" => """", ""ISW"" => """"))"
gen-1100,true,0.0045411791600000005,0.0,0.10220465334633308,PVe,"(min = -0.07, max = 0.102)",0.95,"RenewableGenerationCost(CostCurve{LinearCurve}(LinearCurve(0.0, 0.0), UnitSystem.NATURAL_UNITS = 2, LinearCurve(0.0, 0.0)), CostCurve{LinearCurve}(LinearCurve(0.0, 0.0), UnitSystem.NATURAL_UNITS = 2, LinearCurve(0.0, 0.0)), 0.0)",100.0,Service[],,bus-1018,1018,"Area(0, 0.0, 0.0, 0.0, Dict{String, Any}(""I"" => """", ""ARNAME"" => """", ""PTOL"" => """", ""PDES"" => """", ""ISW"" => """"))"
gen-1752,true,0.0136235375,0.0,0.10382735906685212,PVe,"(min = -0.07, max = 0.102)",0.95,"RenewableGenerationCost(CostCurve{LinearCurve}(LinearCurve(0.0, 0.0), UnitSystem.NATURAL_UNITS = 2, LinearCurve(0.0, 0.0)), CostCurve{LinearCurve}(LinearCurve(0.0, 0.0), UnitSystem.NATURAL_UNITS = 2, LinearCurve(0.0, 0.0)), 0.0)",100.0,Service[],,bus-1025,1025,"Area(0, 0.0, 0.0, 0.0, Dict{String, Any}(""I"" => """", ""ARNAME"" => """", ""PTOL"" => """", ""PDES"" => """", ""ISW"" => """"))"
gen-1610,true,0.16802362899999998,0.0,0.26003097087584104,PVe,"(min = -0.07, max = 0.102)",0.95,"RenewableGenerationCost(CostCurve{LinearCurve}(LinearCurve(0.0, 0.0), UnitSystem.NATURAL_UNITS = 2, LinearCurve(0.0, 0.0)), CostCurve{LinearCurve}(LinearCurve(0.0, 0.0), UnitSystem.NATURAL_UNITS = 2, LinearCurve(0.0, 0.0)), 0.0)",100.0,Service[],,bus-1013,1013,"Area(0, 0.0, 0.0, 0.0, Dict{String, Any}(""I"" => """", ""ARNAME"" => """", ""PTOL"" => """", ""PDES"" => """", ""ISW"" => """"))"
gen-1745,true,0.009082358320000001,0.0,0.10281616926620278,PVe,"(min = -0.07, max = 0.102)",0.95,"RenewableGenerationCost(CostCurve{LinearCurve}(LinearCurve(0.0, 0.0), UnitSystem.NATURAL_UNITS = 2, LinearCurve(0.0, 0.0)), CostCurve{LinearCurve}(LinearCurve(0.0, 0.0), UnitSystem.NATURAL_UNITS = 2, LinearCurve(0.0, 0.0)), 0.0)",100.0,Service[],,bus-2276,2276,"Area(0, 0.0, 0.0, 0.0, Dict{String, Any}(""I"" => """", ""ARNAME"" => """", ""PTOL"" => """", ""PDES"" => """", ""ISW"" => """"))"
gen-1539,true,0.172564808,0.0,0.2659895550329508,PVe,"(min = -0.07, max = 0.102)",0.95,"RenewableGenerationCost(CostCurve{LinearCurve}(LinearCurve(0.0, 0.0), UnitSystem.NATURAL_UNITS = 2, LinearCurve(0.0, 0.0)), CostCurve{LinearCurve}(LinearCurve(0.0, 0.0), UnitSystem.NATURAL_UNITS = 2, LinearCurve(0.0, 0.0)), 0.0)",100.0,Service[],,bus-7889,7889,"Area(0, 0.0, 0.0, 0.0, Dict{String, Any}(""I"" => """", ""ARNAME"" => """", ""PTOL"" => """", ""PDES"" => """", ""ISW"" => """"))"
gen-1583,true,0.0363294333,0.0,0.11436185815744428,PVe,"(min = -0.07, max = 0.102)",0.95,"RenewableGenerationCost(CostCurve{LinearCurve}(LinearCurve(0.0, 0.0), UnitSystem.NATURAL_UNITS = 2, LinearCurve(0.0, 0.0)), CostCurve{LinearCurve}(LinearCurve(0.0, 0.0), UnitSystem.NATURAL_UNITS = 2, LinearCurve(0.0, 0.0)), 0.0)",100.0,Service[],,bus-8357,8357,"Area(0, 0.0, 0.0, 0.0, Dict{String, Any}(""I"" => """", ""ARNAME"" => """", ""PTOL"" => """", ""PDES"" => """", ""ISW"" => """"))"
gen-1838,true,1.1807065799999998,0.0,1.6838903737532998,PVe,"(min = -0.07, max = 0.102)",0.95,"RenewableGenerationCost(CostCurve{LinearCurve}(LinearCurve(0.0, 0.0), UnitSystem.NATURAL_UNITS = 2, LinearCurve(0.0, 0.0)), CostCurve{LinearCurve}(LinearCurve(0.0, 0.0), UnitSystem.NATURAL_UNITS = 2, LinearCurve(0.0, 0.0)), 0.0)",100.0,Service[],,bus-1178,1178,"Area(0, 0.0, 0.0, 0.0, Dict{String, Any}(""I"" => """", ""ARNAME"" => """", ""PTOL"" => """", ""PDES"" => """", ""ISW"" => """"))"
gen-1510,true,0.0136235375,0.0,0.10382735906685212,PVe,"(min = -0.07, max = 0.102)",0.95,"RenewableGenerationCost(CostCurve{LinearCurve}(LinearCurve(0.0, 0.0), UnitSystem.NATURAL_UNITS = 2, LinearCurve(0.0, 0.0)), CostCurve{LinearCurve}(LinearCurve(0.0, 0.0), UnitSystem.NATURAL_UNITS = 2, LinearCurve(0.0, 0.0)), 0.0)",100.0,Service[],,bus-71,71,"Area(0, 0.0, 0.0, 0.0, Dict{String, Any}(""I"" => """", ""ARNAME"" => """", ""PTOL"" => """", ""PDES"" => """", ""ISW"" => """"))"
gen-1595,true,0.35512021,0.0,0.5157198924316959,PVe,"(min = -0.07, max = 0.102)",0.95,"RenewableGenerationCost(CostCurve{LinearCurve}(LinearCurve(0.0, 0.0), UnitSystem.NATURAL_UNITS = 2, LinearCurve(0.0, 0.0)), CostCurve{LinearCurve}(LinearCurve(0.0, 0.0), UnitSystem.NATURAL_UNITS = 2, LinearCurve(0.0, 0.0)), 0.0)",100.0,Service[],,bus-2235,2235,"Area(0, 0.0, 0.0, 0.0, Dict{String, Any}(""I"" => """", ""ARNAME"" => """", ""PTOL"" => """", ""PDES"" => """", ""ISW"" => """"))"
gen-1519,true,0.177105987,0.0,0.271971253615944,PVe,"(min = -0.07, max = 0.102)",0.95,"RenewableGenerationCost(CostCurve{LinearCurve}(LinearCurve(0.0, 0.0), UnitSystem.NATURAL_UNITS = 2, LinearCurve(0.0, 0.0)), CostCurve{LinearCurve}(LinearCurve(0.0, 0.0), UnitSystem.NATURAL_UNITS = 2, LinearCurve(0.0, 0.0)), 0.0)",100.0,Service[],,bus-2314,2314,"Area(0, 0.0, 0.0, 0.0, Dict{String, Any}(""I"" => """", ""ARNAME"" => """", ""PTOL"" => """", ""PDES"" => """", ""ISW"" => """"))"
gen-969,true,0.0782183045,0.0,0.29907449092296556,WT,"(min = -0.225631579, max = 0.23884210499999997)",0.95,"RenewableGenerationCost(CostCurve{LinearCurve}(LinearCurve(0.0, 0.0), UnitSystem.NATURAL_UNITS = 2, LinearCurve(0.0, 0.0)), CostCurve{LinearCurve}(LinearCurve(0.0, 0.0), UnitSystem.NATURAL_UNITS = 2, LinearCurve(0.0, 0.0)), 0.0)",100.0,Service[],,bus-1918,1918,"Area(0, 0.0, 0.0, 0.0, Dict{String, Any}(""I"" => """", ""ARNAME"" => """", ""PTOL"" => """", ""PDES"" => """", ""ISW"" => """"))"
gen-1980,true,0.5592608769999999,0.0,1.3089746182110755,WT,"(min = -0.225631579, max = 0.23884210499999997)",0.95,"RenewableGenerationCost(CostCurve{LinearCurve}(LinearCurve(0.0, 0.0), UnitSystem.NATURAL_UNITS = 2, LinearCurve(0.0, 0.0)), CostCurve{LinearCurve}(LinearCurve(0.0, 0.0), UnitSystem.NATURAL_UNITS = 2, LinearCurve(0.0, 0.0)), 0.0)",100.0,Service[],,bus-1680,1680,"Area(0, 0.0, 0.0, 0.0, Dict{String, Any}(""I"" => """", ""ARNAME"" => """", ""PTOL"" => """", ""PDES"" => """", ""ISW"" => """"))"
gen-1262,true,0.0408706124,0.0,0.11742693224798717,PVe,"(min = -0.07, max = 0.102)",0.95,"RenewableGenerationCost(CostCurve{LinearCurve}(LinearCurve(0.0, 0.0), UnitSystem.NATURAL_UNITS = 2, LinearCurve(0.0, 0.0)), CostCurve{LinearCurve}(LinearCurve(0.0, 0.0), UnitSystem.NATURAL_UNITS = 2, LinearCurve(0.0, 0.0)), 0.0)",100.0,Service[],,bus-2324,2324,"Area(0, 0.0, 0.0, 0.0, Dict{String, Any}(""I"" => """", ""ARNAME"" => """", ""PTOL"" => """", ""PDES"" => """", ""ISW"" => """"))"
gen-2002,true,0.009082358320000001,0.0,0.10281616926620278,PVe,"(min = -0.07, max = 0.102)",0.95,"RenewableGenerationCost(CostCurve{LinearCurve}(LinearCurve(0.0, 0.0), UnitSystem.NATURAL_UNITS = 2, LinearCurve(0.0, 0.0)), CostCurve{LinearCurve}(LinearCurve(0.0, 0.0), UnitSystem.NATURAL_UNITS = 2, LinearCurve(0.0, 0.0)), 0.0)",100.0,Service[],,bus-7679,7679,"Area(0, 0.0, 0.0, 0.0, Dict{String, Any}(""I"" => """", ""ARNAME"" => """", ""PTOL"" => """", ""PDES"" => """", ""ISW"" => """"))"
gen-1415,true,0.0045411791600000005,0.0,0.10220465334633308,PVe,"(min = -0.07, max = 0.102)",0.95,"RenewableGenerationCost(CostCurve{LinearCurve}(LinearCurve(0.0, 0.0), UnitSystem.NATURAL_UNITS = 2, LinearCurve(0.0, 0.0)), CostCurve{LinearCurve}(LinearCurve(0.0, 0.0), UnitSystem.NATURAL_UNITS = 2, LinearCurve(0.0, 0.0)), 0.0)",100.0,Service[],,bus-909,909,"Area(0, 0.0, 0.0, 0.0, Dict{String, Any}(""I"" => """", ""ARNAME"" => """", ""PTOL"" => """", ""PDES"" => """", ""ISW"" => """"))"
gen-1750,true,0.18164716599999997,0.0,0.27797457623060623,PVe,"(min = -0.07, max = 0.102)",0.95,"RenewableGenerationCost(CostCurve{LinearCurve}(LinearCurve(0.0, 0.0), UnitSystem.NATURAL_UNITS = 2, LinearCurve(0.0, 0.0)), CostCurve{LinearCurve}(LinearCurve(0.0, 0.0), UnitSystem.NATURAL_UNITS = 2, LinearCurve(0.0, 0.0)), 0.0)",100.0,Service[],,bus-268,268,"Area(0, 0.0, 0.0, 0.0, Dict{String, Any}(""I"" => """", ""ARNAME"" => """", ""PTOL"" => """", ""PDES"" => """", ""ISW"" => """"))"
gen-637,true,0.006518192040000001,0.0,0.04412765572744603,WT,"(min = -0.0415, max = 0.0415)",0.95,"RenewableGenerationCost(CostCurve{LinearCurve}(LinearCurve(0.0, 0.0), UnitSystem.NATURAL_UNITS = 2, LinearCurve(0.0, 0.0)), CostCurve{LinearCurve}(LinearCurve(0.0, 0.0), UnitSystem.NATURAL_UNITS = 2, LinearCurve(0.0, 0.0)), 0.0)",100.0,Service[],,bus-2203,2203,"Area(0, 0.0, 0.0, 0.0, Dict{String, Any}(""I"" => """", ""ARNAME"" => """", ""PTOL"" => """", ""PDES"" => """", ""ISW"" => """"))"
gen-1049,true,0.0045411791600000005,0.0,0.10220465334633308,PVe,"(min = -0.07, max = 0.102)",0.95,"RenewableGenerationCost(CostCurve{LinearCurve}(LinearCurve(0.0, 0.0), UnitSystem.NATURAL_UNITS = 2, LinearCurve(0.0, 0.0)), CostCurve{LinearCurve}(LinearCurve(0.0, 0.0), UnitSystem.NATURAL_UNITS = 2, LinearCurve(0.0, 0.0)), 0.0)",100.0,Service[],,bus-2000,2000,"Area(0, 0.0, 0.0, 0.0, Dict{String, Any}(""I"" => """", ""ARNAME"" => """", ""PTOL"" => """", ""PDES"" => """", ""ISW"" => """"))"
gen-1210,true,0.0045411791600000005,0.0,0.10220465334633308,PVe,"(min = -0.07, max = 0.102)",0.95,"RenewableGenerationCost(CostCurve{LinearCurve}(LinearCurve(0.0, 0.0), UnitSystem.NATURAL_UNITS = 2, LinearCurve(0.0, 0.0)), CostCurve{LinearCurve}(LinearCurve(0.0, 0.0), UnitSystem.NATURAL_UNITS = 2, LinearCurve(0.0, 0.0)), 0.0)",100.0,Service[],,bus-1435,1435,"Area(0, 0.0, 0.0, 0.0, Dict{String, Any}(""I"" => """", ""ARNAME"" => """", ""PTOL"" => """", ""PDES"" => """", ""ISW"" => """"))"
gen-1819,true,0.009082358320000001,0.0,0.10281616926620278,PVe,"(min = -0.07, max = 0.102)",0.95,"RenewableGenerationCost(CostCurve{LinearCurve}(LinearCurve(0.0, 0.0), UnitSystem.NATURAL_UNITS = 2, LinearCurve(0.0, 0.0)), CostCurve{LinearCurve}(LinearCurve(0.0, 0.0), UnitSystem.NATURAL_UNITS = 2, LinearCurve(0.0, 0.0)), 0.0)",100.0,Service[],,bus-1016,1016,"Area(0, 0.0, 0.0, 0.0, Dict{String, Any}(""I"" => """", ""ARNAME"" => """", ""PTOL"" => """", ""PDES"" => """", ""ISW"" => """"))"
gen-1237,true,0.821292198,0.0,1.9050316404513683,WT,"(min = -0.225631579, max = 0.23884210499999997)",0.95,"RenewableGenerationCost(CostCurve{LinearCurve}(LinearCurve(0.0, 0.0), UnitSystem.NATURAL_UNITS = 2, LinearCurve(0.0, 0.0)), CostCurve{LinearCurve}(LinearCurve(0.0, 0.0), UnitSystem.NATURAL_UNITS = 2, LinearCurve(0.0, 0.0)), 0.0)",100.0,Service[],,bus-2314,2314,"Area(0, 0.0, 0.0, 0.0, Dict{String, Any}(""I"" => """", ""ARNAME"" => """", ""PTOL"" => """", ""PDES"" => """", ""ISW"" => """"))"
gen-2047,true,0.0572188574,0.0,0.13053262218465408,PVe,"(min = -0.07, max = 0.102)",0.95,"RenewableGenerationCost(CostCurve{LinearCurve}(LinearCurve(0.0, 0.0), UnitSystem.NATURAL_UNITS = 2, LinearCurve(0.0, 0.0)), CostCurve{LinearCurve}(LinearCurve(0.0, 0.0), UnitSystem.NATURAL_UNITS = 2, LinearCurve(0.0, 0.0)), 0.0)",100.0,Service[],,bus-2116,2116,"Area(0, 0.0, 0.0, 0.0, Dict{String, Any}(""I"" => """", ""ARNAME"" => """", ""PTOL"" => """", ""PDES"" => """", ""ISW"" => """"))"
gen-1042,true,0.0027247075,0.0,0.10207372247367037,PVe,"(min = -0.07, max = 0.102)",0.95,"RenewableGenerationCost(CostCurve{LinearCurve}(LinearCurve(0.0, 0.0), UnitSystem.NATURAL_UNITS = 2, LinearCurve(0.0, 0.0)), CostCurve{LinearCurve}(LinearCurve(0.0, 0.0), UnitSystem.NATURAL_UNITS = 2, LinearCurve(0.0, 0.0)), 0.0)",100.0,Service[],,bus-108,108,"Area(0, 0.0, 0.0, 0.0, Dict{String, Any}(""I"" => """", ""ARNAME"" => """", ""PTOL"" => """", ""PDES"" => """", ""ISW"" => """"))"
gen-1144,true,0.0045411791600000005,0.0,0.10220465334633308,PVe,"(min = -0.07, max = 0.102)",0.95,"RenewableGenerationCost(CostCurve{LinearCurve}(LinearCurve(0.0, 0.0), UnitSystem.NATURAL_UNITS = 2, LinearCurve(0.0, 0.0)), CostCurve{LinearCurve}(LinearCurve(0.0, 0.0), UnitSystem.NATURAL_UNITS = 2, LinearCurve(0.0, 0.0)), 0.0)",100.0,Service[],,bus-990,990,"Area(0, 0.0, 0.0, 0.0, Dict{String, Any}(""I"" => """", ""ARNAME"" => """", ""PTOL"" => """", ""PDES"" => """", ""ISW"" => """"))"
gen-1638,true,0.1089883,0.0,0.18567636218181052,PVe,"(min = -0.07, max = 0.102)",0.95,"RenewableGenerationCost(CostCurve{LinearCurve}(LinearCurve(0.0, 0.0), UnitSystem.NATURAL_UNITS = 2, LinearCurve(0.0, 0.0)), CostCurve{LinearCurve}(LinearCurve(0.0, 0.0), UnitSystem.NATURAL_UNITS = 2, LinearCurve(0.0, 0.0)), 0.0)",100.0,Service[],,bus-229,229,"Area(0, 0.0, 0.0, 0.0, Dict{String, Any}(""I"" => """", ""ARNAME"" => """", ""PTOL"" => """", ""PDES"" => """", ""ISW"" => """"))"
gen-1659,true,0.0136235375,0.0,0.10382735906685212,PVe,"(min = -0.07, max = 0.102)",0.95,"RenewableGenerationCost(CostCurve{LinearCurve}(LinearCurve(0.0, 0.0), UnitSystem.NATURAL_UNITS = 2, LinearCurve(0.0, 0.0)), CostCurve{LinearCurve}(LinearCurve(0.0, 0.0), UnitSystem.NATURAL_UNITS = 2, LinearCurve(0.0, 0.0)), 0.0)",100.0,Service[],,bus-1284,1284,"Area(0, 0.0, 0.0, 0.0, Dict{String, Any}(""I"" => """", ""ARNAME"" => """", ""PTOL"" => """", ""PDES"" => """", ""ISW"" => """"))"
gen-1359,true,0.0045411791600000005,0.0,0.10220465334633308,PVe,"(min = -0.07, max = 0.102)",0.95,"RenewableGenerationCost(CostCurve{LinearCurve}(LinearCurve(0.0, 0.0), UnitSystem.NATURAL_UNITS = 2, LinearCurve(0.0, 0.0)), CostCurve{LinearCurve}(LinearCurve(0.0, 0.0), UnitSystem.NATURAL_UNITS = 2, LinearCurve(0.0, 0.0)), 0.0)",100.0,Service[],,bus-8315,8315,"Area(0, 0.0, 0.0, 0.0, Dict{String, Any}(""I"" => """", ""ARNAME"" => """", ""PTOL"" => """", ""PDES"" => """", ""ISW"" => """"))"
gen-2020,true,0.027247075,0.0,0.10912599123576455,PVe,"(min = -0.07, max = 0.102)",0.95,"RenewableGenerationCost(CostCurve{LinearCurve}(LinearCurve(0.0, 0.0), UnitSystem.NATURAL_UNITS = 2, LinearCurve(0.0, 0.0)), CostCurve{LinearCurve}(LinearCurve(0.0, 0.0), UnitSystem.NATURAL_UNITS = 2, LinearCurve(0.0, 0.0)), 0.0)",100.0,Service[],,bus-503,503,"Area(0, 0.0, 0.0, 0.0, Dict{String, Any}(""I"" => """", ""ARNAME"" => """", ""PTOL"" => """", ""PDES"" => """", ""ISW"" => """"))"
gen-1574,true,0.24431543900000002,0.0,0.36244450809085066,PVe,"(min = -0.07, max = 0.102)",0.95,"RenewableGenerationCost(CostCurve{LinearCurve}(LinearCurve(0.0, 0.0), UnitSystem.NATURAL_UNITS = 2, LinearCurve(0.0, 0.0)), CostCurve{LinearCurve}(LinearCurve(0.0, 0.0), UnitSystem.NATURAL_UNITS = 2, LinearCurve(0.0, 0.0)), 0.0)",100.0,Service[],,bus-8185,8185,"Area(0, 0.0, 0.0, 0.0, Dict{String, Any}(""I"" => """", ""ARNAME"" => """", ""PTOL"" => """", ""PDES"" => """", ""ISW"" => """"))"
gen-1735,true,0.00434546136,0.0,0.23905135665967472,WT,"(min = -0.225631579, max = 0.23884210499999997)",0.95,"RenewableGenerationCost(CostCurve{LinearCurve}(LinearCurve(0.0, 0.0), UnitSystem.NATURAL_UNITS = 2, LinearCurve(0.0, 0.0)), CostCurve{LinearCurve}(LinearCurve(0.0, 0.0), UnitSystem.NATURAL_UNITS = 2, LinearCurve(0.0, 0.0)), 0.0)",100.0,Service[],,bus-8712,8712,"Area(0, 0.0, 0.0, 0.0, Dict{String, Any}(""I"" => """", ""ARNAME"" => """", ""PTOL"" => """", ""PDES"" => """", ""ISW"" => """"))"
gen-1696,true,0.0118070658,0.0,0.1033755690629169,PVe,"(min = -0.07, max = 0.102)",0.95,"RenewableGenerationCost(CostCurve{LinearCurve}(LinearCurve(0.0, 0.0), UnitSystem.NATURAL_UNITS = 2, LinearCurve(0.0, 0.0)), CostCurve{LinearCurve}(LinearCurve(0.0, 0.0), UnitSystem.NATURAL_UNITS = 2, LinearCurve(0.0, 0.0)), 0.0)",100.0,Service[],,bus-1603,1603,"Area(0, 0.0, 0.0, 0.0, Dict{String, Any}(""I"" => """", ""ARNAME"" => """", ""PTOL"" => """", ""PDES"" => """", ""ISW"" => """"))"
gen-880,true,0.185116654,0.0,0.46054424326008025,WT,"(min = -0.175, max = 0.175)",0.95,"RenewableGenerationCost(CostCurve{LinearCurve}(LinearCurve(0.0, 0.0), UnitSystem.NATURAL_UNITS = 2, LinearCurve(0.0, 0.0)), CostCurve{LinearCurve}(LinearCurve(0.0, 0.0), UnitSystem.NATURAL_UNITS = 2, LinearCurve(0.0, 0.0)), 0.0)",100.0,Service[],,bus-1855,1855,"Area(0, 0.0, 0.0, 0.0, Dict{String, Any}(""I"" => """", ""ARNAME"" => """", ""PTOL"" => """", ""PDES"" => """", ""ISW"" => """"))"
gen-1196,true,0.293360174,0.0,0.4298897775042962,PVe,"(min = -0.07, max = 0.102)",0.95,"RenewableGenerationCost(CostCurve{LinearCurve}(LinearCurve(0.0, 0.0), UnitSystem.NATURAL_UNITS = 2, LinearCurve(0.0, 0.0)), CostCurve{LinearCurve}(LinearCurve(0.0, 0.0), UnitSystem.NATURAL_UNITS = 2, LinearCurve(0.0, 0.0)), 0.0)",100.0,Service[],,bus-1176,1176,"Area(0, 0.0, 0.0, 0.0, Dict{String, Any}(""I"" => """", ""ARNAME"" => """", ""PTOL"" => """", ""PDES"" => """", ""ISW"" => """"))"
gen-1349,true,0.009082358320000001,0.0,0.10281616926620278,PVe,"(min = -0.07, max = 0.102)",0.95,"RenewableGenerationCost(CostCurve{LinearCurve}(LinearCurve(0.0, 0.0), UnitSystem.NATURAL_UNITS = 2, LinearCurve(0.0, 0.0)), CostCurve{LinearCurve}(LinearCurve(0.0, 0.0), UnitSystem.NATURAL_UNITS = 2, LinearCurve(0.0, 0.0)), 0.0)",100.0,Service[],,bus-917,917,"Area(0, 0.0, 0.0, 0.0, Dict{String, Any}(""I"" => """", ""ARNAME"" => """", ""PTOL"" => """", ""PDES"" => """", ""ISW"" => """"))"
gen-1178,true,0.009990594149999999,0.0,0.10298674303316785,PVe,"(min = -0.07, max = 0.102)",0.95,"RenewableGenerationCost(CostCurve{LinearCurve}(LinearCurve(0.0, 0.0), UnitSystem.NATURAL_UNITS = 2, LinearCurve(0.0, 0.0)), CostCurve{LinearCurve}(LinearCurve(0.0, 0.0), UnitSystem.NATURAL_UNITS = 2, LinearCurve(0.0, 0.0)), 0.0)",100.0,Service[],,bus-1703,1703,"Area(0, 0.0, 0.0, 0.0, Dict{String, Any}(""I"" => """", ""ARNAME"" => """", ""PTOL"" => """", ""PDES"" => """", ""ISW"" => """"))"
gen-1704,true,0.18164716599999997,0.0,0.27797457623060623,PVe,"(min = -0.07, max = 0.102)",0.95,"RenewableGenerationCost(CostCurve{LinearCurve}(LinearCurve(0.0, 0.0), UnitSystem.NATURAL_UNITS = 2, LinearCurve(0.0, 0.0)), CostCurve{LinearCurve}(LinearCurve(0.0, 0.0), UnitSystem.NATURAL_UNITS = 2, LinearCurve(0.0, 0.0)), 0.0)",100.0,Service[],,bus-2402,2402,"Area(0, 0.0, 0.0, 0.0, Dict{String, Any}(""I"" => """", ""ARNAME"" => """", ""PTOL"" => """", ""PDES"" => """", ""ISW"" => """"))"
gen-1742,true,0.009082358320000001,0.0,0.10281616926620278,PVe,"(min = -0.07, max = 0.102)",0.95,"RenewableGenerationCost(CostCurve{LinearCurve}(LinearCurve(0.0, 0.0), UnitSystem.NATURAL_UNITS = 2, LinearCurve(0.0, 0.0)), CostCurve{LinearCurve}(LinearCurve(0.0, 0.0), UnitSystem.NATURAL_UNITS = 2, LinearCurve(0.0, 0.0)), 0.0)",100.0,Service[],,bus-1421,1421,"Area(0, 0.0, 0.0, 0.0, Dict{String, Any}(""I"" => """", ""ARNAME"" => """", ""PTOL"" => """", ""PDES"" => """", ""ISW"" => """"))"
gen-1736,true,0.00434546136,0.0,0.23905135665967472,WT,"(min = -0.225631579, max = 0.23884210499999997)",0.95,"RenewableGenerationCost(CostCurve{LinearCurve}(LinearCurve(0.0, 0.0), UnitSystem.NATURAL_UNITS = 2, LinearCurve(0.0, 0.0)), CostCurve{LinearCurve}(LinearCurve(0.0, 0.0), UnitSystem.NATURAL_UNITS = 2, LinearCurve(0.0, 0.0)), 0.0)",100.0,Service[],,bus-638,638,"Area(0, 0.0, 0.0, 0.0, Dict{String, Any}(""I"" => """", ""ARNAME"" => """", ""PTOL"" => """", ""PDES"" => """", ""ISW"" => """"))"
gen-1131,true,0.0045411791600000005,0.0,0.10220465334633308,PVe,"(min = -0.07, max = 0.102)",0.95,"RenewableGenerationCost(CostCurve{LinearCurve}(LinearCurve(0.0, 0.0), UnitSystem.NATURAL_UNITS = 2, LinearCurve(0.0, 0.0)), CostCurve{LinearCurve}(LinearCurve(0.0, 0.0), UnitSystem.NATURAL_UNITS = 2, LinearCurve(0.0, 0.0)), 0.0)",100.0,Service[],,bus-1037,1037,"Area(0, 0.0, 0.0, 0.0, Dict{String, Any}(""I"" => """", ""ARNAME"" => """", ""PTOL"" => """", ""PDES"" => """", ""ISW"" => """"))"
gen-1043,true,0.0027247075,0.0,0.10207372247367037,PVe,"(min = -0.07, max = 0.102)",0.95,"RenewableGenerationCost(CostCurve{LinearCurve}(LinearCurve(0.0, 0.0), UnitSystem.NATURAL_UNITS = 2, LinearCurve(0.0, 0.0)), CostCurve{LinearCurve}(LinearCurve(0.0, 0.0), UnitSystem.NATURAL_UNITS = 2, LinearCurve(0.0, 0.0)), 0.0)",100.0,Service[],,bus-108,108,"Area(0, 0.0, 0.0, 0.0, Dict{String, Any}(""I"" => """", ""ARNAME"" => """", ""PTOL"" => """", ""PDES"" => """", ""ISW"" => """"))"
gen-984,true,0.6518192039999999,0.0,1.6391830282186306,WT,"(min = -0.6609999999999999, max = 0.6609999999999999)",0.95,"RenewableGenerationCost(CostCurve{LinearCurve}(LinearCurve(0.0, 0.0), UnitSystem.NATURAL_UNITS = 2, LinearCurve(0.0, 0.0)), CostCurve{LinearCurve}(LinearCurve(0.0, 0.0), UnitSystem.NATURAL_UNITS = 2, LinearCurve(0.0, 0.0)), 0.0)",100.0,Service[],,bus-303,303,"Area(0, 0.0, 0.0, 0.0, Dict{String, Any}(""I"" => """", ""ARNAME"" => """", ""PTOL"" => """", ""PDES"" => """", ""ISW"" => """"))"
gen-804,true,0.0590982745,0.0,0.14278742941869918,WT,"(min = -0.0435, max = 0.0435)",0.95,"RenewableGenerationCost(CostCurve{LinearCurve}(LinearCurve(0.0, 0.0), UnitSystem.NATURAL_UNITS = 2, LinearCurve(0.0, 0.0)), CostCurve{LinearCurve}(LinearCurve(0.0, 0.0), UnitSystem.NATURAL_UNITS = 2, LinearCurve(0.0, 0.0)), 0.0)",100.0,Service[],,bus-1927,1927,"Area(0, 0.0, 0.0, 0.0, Dict{String, Any}(""I"" => """", ""ARNAME"" => """", ""PTOL"" => """", ""PDES"" => """", ""ISW"" => """"))"
gen-1802,true,0.027247075,0.0,0.10912599123576455,PVe,"(min = -0.07, max = 0.102)",0.95,"RenewableGenerationCost(CostCurve{LinearCurve}(LinearCurve(0.0, 0.0), UnitSystem.NATURAL_UNITS = 2, LinearCurve(0.0, 0.0)), CostCurve{LinearCurve}(LinearCurve(0.0, 0.0), UnitSystem.NATURAL_UNITS = 2, LinearCurve(0.0, 0.0)), 0.0)",100.0,Service[],,bus-2020,2020,"Area(0, 0.0, 0.0, 0.0, Dict{String, Any}(""I"" => """", ""ARNAME"" => """", ""PTOL"" => """", ""PDES"" => """", ""ISW"" => """"))"
gen-1116,true,0.0045411791600000005,0.0,0.10220465334633308,PVe,"(min = -0.07, max = 0.102)",0.95,"RenewableGenerationCost(CostCurve{LinearCurve}(LinearCurve(0.0, 0.0), UnitSystem.NATURAL_UNITS = 2, LinearCurve(0.0, 0.0)), CostCurve{LinearCurve}(LinearCurve(0.0, 0.0), UnitSystem.NATURAL_UNITS = 2, LinearCurve(0.0, 0.0)), 0.0)",100.0,Service[],,bus-1031,1031,"Area(0, 0.0, 0.0, 0.0, Dict{String, Any}(""I"" => """", ""ARNAME"" => """", ""PTOL"" => """", ""PDES"" => """", ""ISW"" => """"))"
gen-1314,true,0.027247075,0.0,0.10912599123576455,PVe,"(min = -0.07, max = 0.102)",0.95,"RenewableGenerationCost(CostCurve{LinearCurve}(LinearCurve(0.0, 0.0), UnitSystem.NATURAL_UNITS = 2, LinearCurve(0.0, 0.0)), CostCurve{LinearCurve}(LinearCurve(0.0, 0.0), UnitSystem.NATURAL_UNITS = 2, LinearCurve(0.0, 0.0)), 0.0)",100.0,Service[],,bus-859,859,"Area(0, 0.0, 0.0, 0.0, Dict{String, Any}(""I"" => """", ""ARNAME"" => """", ""PTOL"" => """", ""PDES"" => """", ""ISW"" => """"))"
gen-1798,true,0.18164716599999997,0.0,0.27797457623060623,PVe,"(min = -0.07, max = 0.102)",0.95,"RenewableGenerationCost(CostCurve{LinearCurve}(LinearCurve(0.0, 0.0), UnitSystem.NATURAL_UNITS = 2, LinearCurve(0.0, 0.0)), CostCurve{LinearCurve}(LinearCurve(0.0, 0.0), UnitSystem.NATURAL_UNITS = 2, LinearCurve(0.0, 0.0)), 0.0)",100.0,Service[],,bus-182,182,"Area(0, 0.0, 0.0, 0.0, Dict{String, Any}(""I"" => """", ""ARNAME"" => """", ""PTOL"" => """", ""PDES"" => """", ""ISW"" => """"))"
gen-2009,true,0.009082358320000001,0.0,0.10281616926620278,PVe,"(min = -0.07, max = 0.102)",0.95,"RenewableGenerationCost(CostCurve{LinearCurve}(LinearCurve(0.0, 0.0), UnitSystem.NATURAL_UNITS = 2, LinearCurve(0.0, 0.0)), CostCurve{LinearCurve}(LinearCurve(0.0, 0.0), UnitSystem.NATURAL_UNITS = 2, LinearCurve(0.0, 0.0)), 0.0)",100.0,Service[],,bus-8573,8573,"Area(0, 0.0, 0.0, 0.0, Dict{String, Any}(""I"" => """", ""ARNAME"" => """", ""PTOL"" => """", ""PDES"" => """", ""ISW"" => """"))"
gen-1945,true,0.0953647623,0.0,0.16980548910594465,PVe,"(min = -0.07, max = 0.102)",0.95,"RenewableGenerationCost(CostCurve{LinearCurve}(LinearCurve(0.0, 0.0), UnitSystem.NATURAL_UNITS = 2, LinearCurve(0.0, 0.0)), CostCurve{LinearCurve}(LinearCurve(0.0, 0.0), UnitSystem.NATURAL_UNITS = 2, LinearCurve(0.0, 0.0)), 0.0)",100.0,Service[],,bus-1601,1601,"Area(0, 0.0, 0.0, 0.0, Dict{String, Any}(""I"" => """", ""ARNAME"" => """", ""PTOL"" => """", ""PDES"" => """", ""ISW"" => """"))"
gen-879,true,0.0964692423,0.0,0.2388053600738476,WT,"(min = -0.08800000000000001, max = 0.08800000000000001)",0.95,"RenewableGenerationCost(CostCurve{LinearCurve}(LinearCurve(0.0, 0.0), UnitSystem.NATURAL_UNITS = 2, LinearCurve(0.0, 0.0)), CostCurve{LinearCurve}(LinearCurve(0.0, 0.0), UnitSystem.NATURAL_UNITS = 2, LinearCurve(0.0, 0.0)), 0.0)",100.0,Service[],,bus-1855,1855,"Area(0, 0.0, 0.0, 0.0, Dict{String, Any}(""I"" => """", ""ARNAME"" => """", ""PTOL"" => """", ""PDES"" => """", ""ISW"" => """"))"
gen-1983,true,0.016348244999999997,0.0,0.10462128610286166,PVe,"(min = -0.07, max = 0.102)",0.95,"RenewableGenerationCost(CostCurve{LinearCurve}(LinearCurve(0.0, 0.0), UnitSystem.NATURAL_UNITS = 2, LinearCurve(0.0, 0.0)), CostCurve{LinearCurve}(LinearCurve(0.0, 0.0), UnitSystem.NATURAL_UNITS = 2, LinearCurve(0.0, 0.0)), 0.0)",100.0,Service[],,bus-1703,1703,"Area(0, 0.0, 0.0, 0.0, Dict{String, Any}(""I"" => """", ""ARNAME"" => """", ""PTOL"" => """", ""PDES"" => """", ""ISW"" => """"))"
gen-1143,true,0.0045411791600000005,0.0,0.10220465334633308,PVe,"(min = -0.07, max = 0.102)",0.95,"RenewableGenerationCost(CostCurve{LinearCurve}(LinearCurve(0.0, 0.0), UnitSystem.NATURAL_UNITS = 2, LinearCurve(0.0, 0.0)), CostCurve{LinearCurve}(LinearCurve(0.0, 0.0), UnitSystem.NATURAL_UNITS = 2, LinearCurve(0.0, 0.0)), 0.0)",100.0,Service[],,bus-990,990,"Area(0, 0.0, 0.0, 0.0, Dict{String, Any}(""I"" => """", ""ARNAME"" => """", ""PTOL"" => """", ""PDES"" => """", ""ISW"" => """"))"
gen-1623,true,0.0200001401,0.0,0.02,BA,"(min = 0.0, max = 0.0)",0.95,"RenewableGenerationCost(CostCurve{LinearCurve}(LinearCurve(16.3717118, 401.19412), UnitSystem.NATURAL_UNITS = 2, LinearCurve(0.0, 0.0)), CostCurve{LinearCurve}(LinearCurve(0.0, 0.0), UnitSystem.NATURAL_UNITS = 2, LinearCurve(0.0, 0.0)), 0.0)",100.0,Service[],,bus-16,16,"Area(0, 0.0, 0.0, 0.0, Dict{String, Any}(""I"" => """", ""ARNAME"" => """", ""PTOL"" => """", ""PDES"" => """", ""ISW"" => """"))"
gen-497,true,0.317882541,0.0,0.4834011912026768,PVe,"(min = -0.11699999999999999, max = 0.17)",0.95,"RenewableGenerationCost(CostCurve{LinearCurve}(LinearCurve(0.0, 0.0), UnitSystem.NATURAL_UNITS = 2, LinearCurve(0.0, 0.0)), CostCurve{LinearCurve}(LinearCurve(0.0, 0.0), UnitSystem.NATURAL_UNITS = 2, LinearCurve(0.0, 0.0)), 0.0)",100.0,Service[],,bus-1824,1824,"Area(0, 0.0, 0.0, 0.0, Dict{String, Any}(""I"" => """", ""ARNAME"" => """", ""PTOL"" => """", ""PDES"" => """", ""ISW"" => """"))"
gen-1466,true,0.009082358320000001,0.0,0.10281616926620278,PVe,"(min = -0.07, max = 0.102)",0.95,"RenewableGenerationCost(CostCurve{LinearCurve}(LinearCurve(0.0, 0.0), UnitSystem.NATURAL_UNITS = 2, LinearCurve(0.0, 0.0)), CostCurve{LinearCurve}(LinearCurve(0.0, 0.0), UnitSystem.NATURAL_UNITS = 2, LinearCurve(0.0, 0.0)), 0.0)",100.0,Service[],,bus-812,812,"Area(0, 0.0, 0.0, 0.0, Dict{String, Any}(""I"" => """", ""ARNAME"" => """", ""PTOL"" => """", ""PDES"" => """", ""ISW"" => """"))"
gen-1739,true,0.9808946980000001,0.0,1.4000759359856274,PVe,"(min = -0.07, max = 0.102)",0.95,"RenewableGenerationCost(CostCurve{LinearCurve}(LinearCurve(0.0, 0.0), UnitSystem.NATURAL_UNITS = 2, LinearCurve(0.0, 0.0)), CostCurve{LinearCurve}(LinearCurve(0.0, 0.0), UnitSystem.NATURAL_UNITS = 2, LinearCurve(0.0, 0.0)), 0.0)",100.0,Service[],,bus-2254,2254,"Area(0, 0.0, 0.0, 0.0, Dict{String, Any}(""I"" => """", ""ARNAME"" => """", ""PTOL"" => """", ""PDES"" => """", ""ISW"" => """"))"
gen-1646,true,0.0136235375,0.0,0.10382735906685212,PVe,"(min = -0.07, max = 0.102)",0.95,"RenewableGenerationCost(CostCurve{LinearCurve}(LinearCurve(0.0, 0.0), UnitSystem.NATURAL_UNITS = 2, LinearCurve(0.0, 0.0)), CostCurve{LinearCurve}(LinearCurve(0.0, 0.0), UnitSystem.NATURAL_UNITS = 2, LinearCurve(0.0, 0.0)), 0.0)",100.0,Service[],,bus-407,407,"Area(0, 0.0, 0.0, 0.0, Dict{String, Any}(""I"" => """", ""ARNAME"" => """", ""PTOL"" => """", ""PDES"" => """", ""ISW"" => """"))"
gen-1937,true,0.0200001401,0.0,0.02,BA,"(min = 0.0, max = 0.0)",0.95,"RenewableGenerationCost(CostCurve{LinearCurve}(LinearCurve(16.3717118, 401.19412), UnitSystem.NATURAL_UNITS = 2, LinearCurve(0.0, 0.0)), CostCurve{LinearCurve}(LinearCurve(0.0, 0.0), UnitSystem.NATURAL_UNITS = 2, LinearCurve(0.0, 0.0)), 0.0)",100.0,Service[],,bus-341,341,"Area(0, 0.0, 0.0, 0.0, Dict{String, Any}(""I"" => """", ""ARNAME"" => """", ""PTOL"" => """", ""PDES"" => """", ""ISW"" => """"))"
gen-2052,true,0.009082358320000001,0.0,0.10281616926620278,PVe,"(min = -0.07, max = 0.102)",0.95,"RenewableGenerationCost(CostCurve{LinearCurve}(LinearCurve(0.0, 0.0), UnitSystem.NATURAL_UNITS = 2, LinearCurve(0.0, 0.0)), CostCurve{LinearCurve}(LinearCurve(0.0, 0.0), UnitSystem.NATURAL_UNITS = 2, LinearCurve(0.0, 0.0)), 0.0)",100.0,Service[],,bus-2116,2116,"Area(0, 0.0, 0.0, 0.0, Dict{String, Any}(""I"" => """", ""ARNAME"" => """", ""PTOL"" => """", ""PDES"" => """", ""ISW"" => """"))"
gen-1957,true,0.027247075,0.0,0.10912599123576455,PVe,"(min = -0.07, max = 0.102)",0.95,"RenewableGenerationCost(CostCurve{LinearCurve}(LinearCurve(0.0, 0.0), UnitSystem.NATURAL_UNITS = 2, LinearCurve(0.0, 0.0)), CostCurve{LinearCurve}(LinearCurve(0.0, 0.0), UnitSystem.NATURAL_UNITS = 2, LinearCurve(0.0, 0.0)), 0.0)",100.0,Service[],,bus-456,456,"Area(0, 0.0, 0.0, 0.0, Dict{String, Any}(""I"" => """", ""ARNAME"" => """", ""PTOL"" => """", ""PDES"" => """", ""ISW"" => """"))"
gen-1592,true,0.009082358320000001,0.0,0.10281616926620278,PVe,"(min = -0.07, max = 0.102)",0.95,"RenewableGenerationCost(CostCurve{LinearCurve}(LinearCurve(0.0, 0.0), UnitSystem.NATURAL_UNITS = 2, LinearCurve(0.0, 0.0)), CostCurve{LinearCurve}(LinearCurve(0.0, 0.0), UnitSystem.NATURAL_UNITS = 2, LinearCurve(0.0, 0.0)), 0.0)",100.0,Service[],,bus-1713,1713,"Area(0, 0.0, 0.0, 0.0, Dict{String, Any}(""I"" => """", ""ARNAME"" => """", ""PTOL"" => """", ""PDES"" => """", ""ISW"" => """"))"
gen-1599,true,0.263388391,0.0,0.38857365006747824,PVe,"(min = -0.07, max = 0.102)",0.95,"RenewableGenerationCost(CostCurve{LinearCurve}(LinearCurve(0.0, 0.0), UnitSystem.NATURAL_UNITS = 2, LinearCurve(0.0, 0.0)), CostCurve{LinearCurve}(LinearCurve(0.0, 0.0), UnitSystem.NATURAL_UNITS = 2, LinearCurve(0.0, 0.0)), 0.0)",100.0,Service[],,bus-2235,2235,"Area(0, 0.0, 0.0, 0.0, Dict{String, Any}(""I"" => """", ""ARNAME"" => """", ""PTOL"" => """", ""PDES"" => """", ""ISW"" => """"))"
gen-1733,true,0.0136235375,0.0,0.10382735906685212,PVe,"(min = -0.07, max = 0.102)",0.95,"RenewableGenerationCost(CostCurve{LinearCurve}(LinearCurve(0.0, 0.0), UnitSystem.NATURAL_UNITS = 2, LinearCurve(0.0, 0.0)), CostCurve{LinearCurve}(LinearCurve(0.0, 0.0), UnitSystem.NATURAL_UNITS = 2, LinearCurve(0.0, 0.0)), 0.0)",100.0,Service[],,bus-8775,8775,"Area(0, 0.0, 0.0, 0.0, Dict{String, Any}(""I"" => """", ""ARNAME"" => """", ""PTOL"" => """", ""PDES"" => """", ""ISW"" => """"))"
gen-1492,true,0.0136235375,0.0,0.10382735906685212,PVe,"(min = -0.07, max = 0.102)",0.95,"RenewableGenerationCost(CostCurve{LinearCurve}(LinearCurve(0.0, 0.0), UnitSystem.NATURAL_UNITS = 2, LinearCurve(0.0, 0.0)), CostCurve{LinearCurve}(LinearCurve(0.0, 0.0), UnitSystem.NATURAL_UNITS = 2, LinearCurve(0.0, 0.0)), 0.0)",100.0,Service[],,bus-1442,1442,"Area(0, 0.0, 0.0, 0.0, Dict{String, Any}(""I"" => """", ""ARNAME"" => """", ""PTOL"" => """", ""PDES"" => """", ""ISW"" => """"))"
gen-1555,true,0.009082358320000001,0.0,0.10281616926620278,PVe,"(min = -0.07, max = 0.102)",0.95,"RenewableGenerationCost(CostCurve{LinearCurve}(LinearCurve(0.0, 0.0), UnitSystem.NATURAL_UNITS = 2, LinearCurve(0.0, 0.0)), CostCurve{LinearCurve}(LinearCurve(0.0, 0.0), UnitSystem.NATURAL_UNITS = 2, LinearCurve(0.0, 0.0)), 0.0)",100.0,Service[],,bus-543,543,"Area(0, 0.0, 0.0, 0.0, Dict{String, Any}(""I"" => """", ""ARNAME"" => """", ""PTOL"" => """", ""PDES"" => """", ""ISW"" => """"))"
gen-1973,true,0.007821830450000001,0.0,0.2395194170016932,WT,"(min = -0.225631579, max = 0.23884210499999997)",0.95,"RenewableGenerationCost(CostCurve{LinearCurve}(LinearCurve(0.0, 0.0), UnitSystem.NATURAL_UNITS = 2, LinearCurve(0.0, 0.0)), CostCurve{LinearCurve}(LinearCurve(0.0, 0.0), UnitSystem.NATURAL_UNITS = 2, LinearCurve(0.0, 0.0)), 0.0)",100.0,Service[],,bus-638,638,"Area(0, 0.0, 0.0, 0.0, Dict{String, Any}(""I"" => """", ""ARNAME"" => """", ""PTOL"" => """", ""PDES"" => """", ""ISW"" => """"))"
gen-1423,true,0.00695273818,0.0,0.2393774239999065,WT,"(min = -0.225631579, max = 0.23884210499999997)",0.95,"RenewableGenerationCost(CostCurve{LinearCurve}(LinearCurve(0.0, 0.0), UnitSystem.NATURAL_UNITS = 2, LinearCurve(0.0, 0.0)), CostCurve{LinearCurve}(LinearCurve(0.0, 0.0), UnitSystem.NATURAL_UNITS = 2, LinearCurve(0.0, 0.0)), 0.0)",100.0,Service[],,bus-1864,1864,"Area(0, 0.0, 0.0, 0.0, Dict{String, Any}(""I"" => """", ""ARNAME"" => """", ""PTOL"" => """", ""PDES"" => """", ""ISW"" => """"))"
gen-1787,true,0.009082358320000001,0.0,0.10281616926620278,PVe,"(min = -0.07, max = 0.102)",0.95,"RenewableGenerationCost(CostCurve{LinearCurve}(LinearCurve(0.0, 0.0), UnitSystem.NATURAL_UNITS = 2, LinearCurve(0.0, 0.0)), CostCurve{LinearCurve}(LinearCurve(0.0, 0.0), UnitSystem.NATURAL_UNITS = 2, LinearCurve(0.0, 0.0)), 0.0)",100.0,Service[],,bus-1844,1844,"Area(0, 0.0, 0.0, 0.0, Dict{String, Any}(""I"" => """", ""ARNAME"" => """", ""PTOL"" => """", ""PDES"" => """", ""ISW"" => """"))"
gen-794,true,0.0508418979,0.0,0.26595967950204596,WT,"(min = -0.225631579, max = 0.23884210499999997)",0.95,"RenewableGenerationCost(CostCurve{LinearCurve}(LinearCurve(0.0, 0.0), UnitSystem.NATURAL_UNITS = 2, LinearCurve(0.0, 0.0)), CostCurve{LinearCurve}(LinearCurve(0.0, 0.0), UnitSystem.NATURAL_UNITS = 2, LinearCurve(0.0, 0.0)), 0.0)",100.0,Service[],,bus-1857,1857,"Area(0, 0.0, 0.0, 0.0, Dict{String, Any}(""I"" => """", ""ARNAME"" => """", ""PTOL"" => """", ""PDES"" => """", ""ISW"" => """"))"
gen-1168,true,0.6518192039999999,0.0,1.518896162060077,WT,"(min = -0.225631579, max = 0.23884210499999997)",0.95,"RenewableGenerationCost(CostCurve{LinearCurve}(LinearCurve(0.0, 0.0), UnitSystem.NATURAL_UNITS = 2, LinearCurve(0.0, 0.0)), CostCurve{LinearCurve}(LinearCurve(0.0, 0.0), UnitSystem.NATURAL_UNITS = 2, LinearCurve(0.0, 0.0)), 0.0)",100.0,Service[],,bus-2204,2204,"Area(0, 0.0, 0.0, 0.0, Dict{String, Any}(""I"" => """", ""ARNAME"" => """", ""PTOL"" => """", ""PDES"" => """", ""ISW"" => """"))"
gen-1828,true,0.18164716599999997,0.0,0.27797457623060623,PVe,"(min = -0.07, max = 0.102)",0.95,"RenewableGenerationCost(CostCurve{LinearCurve}(LinearCurve(0.0, 0.0), UnitSystem.NATURAL_UNITS = 2, LinearCurve(0.0, 0.0)), CostCurve{LinearCurve}(LinearCurve(0.0, 0.0), UnitSystem.NATURAL_UNITS = 2, LinearCurve(0.0, 0.0)), 0.0)",100.0,Service[],,bus-407,407,"Area(0, 0.0, 0.0, 0.0, Dict{String, Any}(""I"" => """", ""ARNAME"" => """", ""PTOL"" => """", ""PDES"" => """", ""ISW"" => """"))"
gen-1537,true,0.310616654,0.0,0.4537912249759632,PVe,"(min = -0.07, max = 0.102)",0.95,"RenewableGenerationCost(CostCurve{LinearCurve}(LinearCurve(0.0, 0.0), UnitSystem.NATURAL_UNITS = 2, LinearCurve(0.0, 0.0)), CostCurve{LinearCurve}(LinearCurve(0.0, 0.0), UnitSystem.NATURAL_UNITS = 2, LinearCurve(0.0, 0.0)), 0.0)",100.0,Service[],,bus-7889,7889,"Area(0, 0.0, 0.0, 0.0, Dict{String, Any}(""I"" => """", ""ARNAME"" => """", ""PTOL"" => """", ""PDES"" => """", ""ISW"" => """"))"
gen-1804,true,0.0181647166,0.0,0.10522670122314892,PVe,"(min = -0.07, max = 0.102)",0.95,"RenewableGenerationCost(CostCurve{LinearCurve}(LinearCurve(0.0, 0.0), UnitSystem.NATURAL_UNITS = 2, LinearCurve(0.0, 0.0)), CostCurve{LinearCurve}(LinearCurve(0.0, 0.0), UnitSystem.NATURAL_UNITS = 2, LinearCurve(0.0, 0.0)), 0.0)",100.0,Service[],,bus-1970,1970,"Area(0, 0.0, 0.0, 0.0, Dict{String, Any}(""I"" => """", ""ARNAME"" => """", ""PTOL"" => """", ""PDES"" => """", ""ISW"" => """"))"
gen-1281,true,0.009990594149999999,0.0,0.10298674303316785,PVe,"(min = -0.07, max = 0.102)",0.95,"RenewableGenerationCost(CostCurve{LinearCurve}(LinearCurve(0.0, 0.0), UnitSystem.NATURAL_UNITS = 2, LinearCurve(0.0, 0.0)), CostCurve{LinearCurve}(LinearCurve(0.0, 0.0), UnitSystem.NATURAL_UNITS = 2, LinearCurve(0.0, 0.0)), 0.0)",100.0,Service[],,bus-2196,2196,"Area(0, 0.0, 0.0, 0.0, Dict{String, Any}(""I"" => """", ""ARNAME"" => """", ""PTOL"" => """", ""PDES"" => """", ""ISW"" => """"))"
gen-1711,true,0.43020067500000003,0.0,1.0184034323983944,WT,"(min = -0.225631579, max = 0.23884210499999997)",0.95,"RenewableGenerationCost(CostCurve{LinearCurve}(LinearCurve(0.0, 0.0), UnitSystem.NATURAL_UNITS = 2, LinearCurve(0.0, 0.0)), CostCurve{LinearCurve}(LinearCurve(0.0, 0.0), UnitSystem.NATURAL_UNITS = 2, LinearCurve(0.0, 0.0)), 0.0)",100.0,Service[],,bus-1680,1680,"Area(0, 0.0, 0.0, 0.0, Dict{String, Any}(""I"" => """", ""ARNAME"" => """", ""PTOL"" => """", ""PDES"" => """", ""ISW"" => """"))"
gen-1044,true,0.0027247075,0.0,0.10207372247367037,PVe,"(min = -0.07, max = 0.102)",0.95,"RenewableGenerationCost(CostCurve{LinearCurve}(LinearCurve(0.0, 0.0), UnitSystem.NATURAL_UNITS = 2, LinearCurve(0.0, 0.0)), CostCurve{LinearCurve}(LinearCurve(0.0, 0.0), UnitSystem.NATURAL_UNITS = 2, LinearCurve(0.0, 0.0)), 0.0)",100.0,Service[],,bus-108,108,"Area(0, 0.0, 0.0, 0.0, Dict{String, Any}(""I"" => """", ""ARNAME"" => """", ""PTOL"" => """", ""PDES"" => """", ""ISW"" => """"))"
gen-1959,true,0.19989122299999998,0.0,0.518310284598744,WT,"(min = -0.225631579, max = 0.23884210499999997)",0.95,"RenewableGenerationCost(CostCurve{LinearCurve}(LinearCurve(0.0, 0.0), UnitSystem.NATURAL_UNITS = 2, LinearCurve(0.0, 0.0)), CostCurve{LinearCurve}(LinearCurve(0.0, 0.0), UnitSystem.NATURAL_UNITS = 2, LinearCurve(0.0, 0.0)), 0.0)",100.0,Service[],,bus-2305,2305,"Area(0, 0.0, 0.0, 0.0, Dict{String, Any}(""I"" => """", ""ARNAME"" => """", ""PTOL"" => """", ""PDES"" => """", ""ISW"" => """"))"
gen-1972,true,0.007821830450000001,0.0,0.2395194170016932,WT,"(min = -0.225631579, max = 0.23884210499999997)",0.95,"RenewableGenerationCost(CostCurve{LinearCurve}(LinearCurve(0.0, 0.0), UnitSystem.NATURAL_UNITS = 2, LinearCurve(0.0, 0.0)), CostCurve{LinearCurve}(LinearCurve(0.0, 0.0), UnitSystem.NATURAL_UNITS = 2, LinearCurve(0.0, 0.0)), 0.0)",100.0,Service[],,bus-634,634,"Area(0, 0.0, 0.0, 0.0, Dict{String, Any}(""I"" => """", ""ARNAME"" => """", ""PTOL"" => """", ""PDES"" => """", ""ISW"" => """"))"
gen-1512,true,0.354211974,0.0,0.5144525752508111,PVe,"(min = -0.07, max = 0.102)",0.95,"RenewableGenerationCost(CostCurve{LinearCurve}(LinearCurve(0.0, 0.0), UnitSystem.NATURAL_UNITS = 2, LinearCurve(0.0, 0.0)), CostCurve{LinearCurve}(LinearCurve(0.0, 0.0), UnitSystem.NATURAL_UNITS = 2, LinearCurve(0.0, 0.0)), 0.0)",100.0,Service[],,bus-2314,2314,"Area(0, 0.0, 0.0, 0.0, Dict{String, Any}(""I"" => """", ""ARNAME"" => """", ""PTOL"" => """", ""PDES"" => """", ""ISW"" => """"))"
gen-1280,true,0.00869092273,0.0,0.23967801551421233,WT,"(min = -0.225631579, max = 0.23884210499999997)",0.95,"RenewableGenerationCost(CostCurve{LinearCurve}(LinearCurve(0.0, 0.0), UnitSystem.NATURAL_UNITS = 2, LinearCurve(0.0, 0.0)), CostCurve{LinearCurve}(LinearCurve(0.0, 0.0), UnitSystem.NATURAL_UNITS = 2, LinearCurve(0.0, 0.0)), 0.0)",100.0,Service[],,bus-1133,1133,"Area(0, 0.0, 0.0, 0.0, Dict{String, Any}(""I"" => """", ""ARNAME"" => """", ""PTOL"" => """", ""PDES"" => """", ""ISW"" => """"))"
gen-1757,true,0.18164716599999997,0.0,0.27797457623060623,PVe,"(min = -0.07, max = 0.102)",0.95,"RenewableGenerationCost(CostCurve{LinearCurve}(LinearCurve(0.0, 0.0), UnitSystem.NATURAL_UNITS = 2, LinearCurve(0.0, 0.0)), CostCurve{LinearCurve}(LinearCurve(0.0, 0.0), UnitSystem.NATURAL_UNITS = 2, LinearCurve(0.0, 0.0)), 0.0)",100.0,Service[],,bus-8340,8340,"Area(0, 0.0, 0.0, 0.0, Dict{String, Any}(""I"" => """", ""ARNAME"" => """", ""PTOL"" => """", ""PDES"" => """", ""ISW"" => """"))"
gen-1094,true,0.0045411791600000005,0.0,0.10220465334633308,PVe,"(min = -0.07, max = 0.102)",0.95,"RenewableGenerationCost(CostCurve{LinearCurve}(LinearCurve(0.0, 0.0), UnitSystem.NATURAL_UNITS = 2, LinearCurve(0.0, 0.0)), CostCurve{LinearCurve}(LinearCurve(0.0, 0.0), UnitSystem.NATURAL_UNITS = 2, LinearCurve(0.0, 0.0)), 0.0)",100.0,Service[],,bus-1846,1846,"Area(0, 0.0, 0.0, 0.0, Dict{String, Any}(""I"" => """", ""ARNAME"" => """", ""PTOL"" => """", ""PDES"" => """", ""ISW"" => """"))"
gen-1085,true,0.0045411791600000005,0.0,0.10220465334633308,PVe,"(min = -0.07, max = 0.102)",0.95,"RenewableGenerationCost(CostCurve{LinearCurve}(LinearCurve(0.0, 0.0), UnitSystem.NATURAL_UNITS = 2, LinearCurve(0.0, 0.0)), CostCurve{LinearCurve}(LinearCurve(0.0, 0.0), UnitSystem.NATURAL_UNITS = 2, LinearCurve(0.0, 0.0)), 0.0)",100.0,Service[],,bus-1846,1846,"Area(0, 0.0, 0.0, 0.0, Dict{String, Any}(""I"" => """", ""ARNAME"" => """", ""PTOL"" => """", ""PDES"" => """", ""ISW"" => """"))"
gen-1238,true,1.1707159900000002,0.0,1.6696945719964038,PVe,"(min = -0.07, max = 0.102)",0.95,"RenewableGenerationCost(CostCurve{LinearCurve}(LinearCurve(0.0, 0.0), UnitSystem.NATURAL_UNITS = 2, LinearCurve(0.0, 0.0)), CostCurve{LinearCurve}(LinearCurve(0.0, 0.0), UnitSystem.NATURAL_UNITS = 2, LinearCurve(0.0, 0.0)), 0.0)",100.0,Service[],,bus-7889,7889,"Area(0, 0.0, 0.0, 0.0, Dict{String, Any}(""I"" => """", ""ARNAME"" => """", ""PTOL"" => """", ""PDES"" => """", ""ISW"" => """"))"
gen-1355,true,0.18164716599999997,0.0,0.27797457623060623,PVe,"(min = -0.07, max = 0.102)",0.95,"RenewableGenerationCost(CostCurve{LinearCurve}(LinearCurve(0.0, 0.0), UnitSystem.NATURAL_UNITS = 2, LinearCurve(0.0, 0.0)), CostCurve{LinearCurve}(LinearCurve(0.0, 0.0), UnitSystem.NATURAL_UNITS = 2, LinearCurve(0.0, 0.0)), 0.0)",100.0,Service[],,bus-319,319,"Area(0, 0.0, 0.0, 0.0, Dict{String, Any}(""I"" => """", ""ARNAME"" => """", ""PTOL"" => """", ""PDES"" => """", ""ISW"" => """"))"
gen-1923,true,0.0200001401,0.0,0.02,BA,"(min = 0.0, max = 0.0)",0.95,"RenewableGenerationCost(CostCurve{LinearCurve}(LinearCurve(16.3717118, 401.19412), UnitSystem.NATURAL_UNITS = 2, LinearCurve(0.0, 0.0)), CostCurve{LinearCurve}(LinearCurve(0.0, 0.0), UnitSystem.NATURAL_UNITS = 2, LinearCurve(0.0, 0.0)), 0.0)",100.0,Service[],,bus-686,686,"Area(0, 0.0, 0.0, 0.0, Dict{String, Any}(""I"" => """", ""ARNAME"" => """", ""PTOL"" => """", ""PDES"" => """", ""ISW"" => """"))"
gen-1640,true,0.559473272,0.0,0.8029447940431542,PVe,"(min = -0.07, max = 0.102)",0.95,"RenewableGenerationCost(CostCurve{LinearCurve}(LinearCurve(0.0, 0.0), UnitSystem.NATURAL_UNITS = 2, LinearCurve(0.0, 0.0)), CostCurve{LinearCurve}(LinearCurve(0.0, 0.0), UnitSystem.NATURAL_UNITS = 2, LinearCurve(0.0, 0.0)), 0.0)",100.0,Service[],,bus-137,137,"Area(0, 0.0, 0.0, 0.0, Dict{String, Any}(""I"" => """", ""ARNAME"" => """", ""PTOL"" => """", ""PDES"" => """", ""ISW"" => """"))"
gen-1938,true,0.18164716599999997,0.0,0.27797457623060623,PVe,"(min = -0.07, max = 0.102)",0.95,"RenewableGenerationCost(CostCurve{LinearCurve}(LinearCurve(0.0, 0.0), UnitSystem.NATURAL_UNITS = 2, LinearCurve(0.0, 0.0)), CostCurve{LinearCurve}(LinearCurve(0.0, 0.0), UnitSystem.NATURAL_UNITS = 2, LinearCurve(0.0, 0.0)), 0.0)",100.0,Service[],,bus-8231,8231,"Area(0, 0.0, 0.0, 0.0, Dict{String, Any}(""I"" => """", ""ARNAME"" => """", ""PTOL"" => """", ""PDES"" => """", ""ISW"" => """"))"
gen-1054,true,0.009082358320000001,0.0,0.10281616926620278,PVe,"(min = -0.07, max = 0.102)",0.95,"RenewableGenerationCost(CostCurve{LinearCurve}(LinearCurve(0.0, 0.0), UnitSystem.NATURAL_UNITS = 2, LinearCurve(0.0, 0.0)), CostCurve{LinearCurve}(LinearCurve(0.0, 0.0), UnitSystem.NATURAL_UNITS = 2, LinearCurve(0.0, 0.0)), 0.0)",100.0,Service[],,bus-8357,8357,"Area(0, 0.0, 0.0, 0.0, Dict{String, Any}(""I"" => """", ""ARNAME"" => """", ""PTOL"" => """", ""PDES"" => """", ""ISW"" => """"))"
gen-1878,true,0.0408706124,0.0,0.11742693224798717,PVe,"(min = -0.07, max = 0.102)",0.95,"RenewableGenerationCost(CostCurve{LinearCurve}(LinearCurve(0.0, 0.0), UnitSystem.NATURAL_UNITS = 2, LinearCurve(0.0, 0.0)), CostCurve{LinearCurve}(LinearCurve(0.0, 0.0), UnitSystem.NATURAL_UNITS = 2, LinearCurve(0.0, 0.0)), 0.0)",100.0,Service[],,bus-8589,8589,"Area(0, 0.0, 0.0, 0.0, Dict{String, Any}(""I"" => """", ""ARNAME"" => """", ""PTOL"" => """", ""PDES"" => """", ""ISW"" => """"))"
gen-1963,true,0.18164716599999997,0.0,0.27797457623060623,PVe,"(min = -0.07, max = 0.102)",0.95,"RenewableGenerationCost(CostCurve{LinearCurve}(LinearCurve(0.0, 0.0), UnitSystem.NATURAL_UNITS = 2, LinearCurve(0.0, 0.0)), CostCurve{LinearCurve}(LinearCurve(0.0, 0.0), UnitSystem.NATURAL_UNITS = 2, LinearCurve(0.0, 0.0)), 0.0)",100.0,Service[],,bus-407,407,"Area(0, 0.0, 0.0, 0.0, Dict{String, Any}(""I"" => """", ""ARNAME"" => """", ""PTOL"" => """", ""PDES"" => """", ""ISW"" => """"))"
gen-1904,true,0.027247075,0.0,0.10912599123576455,PVe,"(min = -0.07, max = 0.102)",0.95,"RenewableGenerationCost(CostCurve{LinearCurve}(LinearCurve(0.0, 0.0), UnitSystem.NATURAL_UNITS = 2, LinearCurve(0.0, 0.0)), CostCurve{LinearCurve}(LinearCurve(0.0, 0.0), UnitSystem.NATURAL_UNITS = 2, LinearCurve(0.0, 0.0)), 0.0)",100.0,Service[],,bus-1084,1084,"Area(0, 0.0, 0.0, 0.0, Dict{String, Any}(""I"" => """", ""ARNAME"" => """", ""PTOL"" => """", ""PDES"" => """", ""ISW"" => """"))"
gen-1090,true,0.0045411791600000005,0.0,0.10220465334633308,PVe,"(min = -0.07, max = 0.102)",0.95,"RenewableGenerationCost(CostCurve{LinearCurve}(LinearCurve(0.0, 0.0), UnitSystem.NATURAL_UNITS = 2, LinearCurve(0.0, 0.0)), CostCurve{LinearCurve}(LinearCurve(0.0, 0.0), UnitSystem.NATURAL_UNITS = 2, LinearCurve(0.0, 0.0)), 0.0)",100.0,Service[],,bus-8315,8315,"Area(0, 0.0, 0.0, 0.0, Dict{String, Any}(""I"" => """", ""ARNAME"" => """", ""PTOL"" => """", ""PDES"" => """", ""ISW"" => """"))"
gen-1520,true,0.544941499,0.0,0.7824300513625904,PVe,"(min = -0.07, max = 0.102)",0.95,"RenewableGenerationCost(CostCurve{LinearCurve}(LinearCurve(0.0, 0.0), UnitSystem.NATURAL_UNITS = 2, LinearCurve(0.0, 0.0)), CostCurve{LinearCurve}(LinearCurve(0.0, 0.0), UnitSystem.NATURAL_UNITS = 2, LinearCurve(0.0, 0.0)), 0.0)",100.0,Service[],,bus-2314,2314,"Area(0, 0.0, 0.0, 0.0, Dict{String, Any}(""I"" => """", ""ARNAME"" => """", ""PTOL"" => """", ""PDES"" => """", ""ISW"" => """"))"
gen-1184,true,1.27153016,0.0,1.8294401579730324,PVe,"(min = -0.16125, max = 0.265375)",0.95,"RenewableGenerationCost(CostCurve{LinearCurve}(LinearCurve(0.0, 0.0), UnitSystem.NATURAL_UNITS = 2, LinearCurve(0.0, 0.0)), CostCurve{LinearCurve}(LinearCurve(0.0, 0.0), UnitSystem.NATURAL_UNITS = 2, LinearCurve(0.0, 0.0)), 0.0)",100.0,Service[],,bus-7911,7911,"Area(0, 0.0, 0.0, 0.0, Dict{String, Any}(""I"" => """", ""ARNAME"" => """", ""PTOL"" => """", ""PDES"" => """", ""ISW"" => """"))"
gen-1439,true,0.18164716599999997,0.0,0.27797457623060623,PVe,"(min = -0.07, max = 0.102)",0.95,"RenewableGenerationCost(CostCurve{LinearCurve}(LinearCurve(0.0, 0.0), UnitSystem.NATURAL_UNITS = 2, LinearCurve(0.0, 0.0)), CostCurve{LinearCurve}(LinearCurve(0.0, 0.0), UnitSystem.NATURAL_UNITS = 2, LinearCurve(0.0, 0.0)), 0.0)",100.0,Service[],,bus-322,322,"Area(0, 0.0, 0.0, 0.0, Dict{String, Any}(""I"" => """", ""ARNAME"" => """", ""PTOL"" => """", ""PDES"" => """", ""ISW"" => """"))"
gen-1627,true,0.0908235832,0.0,0.16468292643029597,PVe,"(min = -0.07, max = 0.102)",0.95,"RenewableGenerationCost(CostCurve{LinearCurve}(LinearCurve(0.0, 0.0), UnitSystem.NATURAL_UNITS = 2, LinearCurve(0.0, 0.0)), CostCurve{LinearCurve}(LinearCurve(0.0, 0.0), UnitSystem.NATURAL_UNITS = 2, LinearCurve(0.0, 0.0)), 0.0)",100.0,Service[],,bus-8340,8340,"Area(0, 0.0, 0.0, 0.0, Dict{String, Any}(""I"" => """", ""ARNAME"" => """", ""PTOL"" => """", ""PDES"" => """", ""ISW"" => """"))"
gen-1497,true,0.0136235375,0.0,0.10382735906685212,PVe,"(min = -0.07, max = 0.102)",0.95,"RenewableGenerationCost(CostCurve{LinearCurve}(LinearCurve(0.0, 0.0), UnitSystem.NATURAL_UNITS = 2, LinearCurve(0.0, 0.0)), CostCurve{LinearCurve}(LinearCurve(0.0, 0.0), UnitSystem.NATURAL_UNITS = 2, LinearCurve(0.0, 0.0)), 0.0)",100.0,Service[],,bus-1429,1429,"Area(0, 0.0, 0.0, 0.0, Dict{String, Any}(""I"" => """", ""ARNAME"" => """", ""PTOL"" => """", ""PDES"" => """", ""ISW"" => """"))"
gen-1581,true,0.0454117916,0.0,0.12076057537297331,PVe,"(min = -0.07, max = 0.102)",0.95,"RenewableGenerationCost(CostCurve{LinearCurve}(LinearCurve(0.0, 0.0), UnitSystem.NATURAL_UNITS = 2, LinearCurve(0.0, 0.0)), CostCurve{LinearCurve}(LinearCurve(0.0, 0.0), UnitSystem.NATURAL_UNITS = 2, LinearCurve(0.0, 0.0)), 0.0)",100.0,Service[],,bus-295,295,"Area(0, 0.0, 0.0, 0.0, Dict{String, Any}(""I"" => """", ""ARNAME"" => """", ""PTOL"" => """", ""PDES"" => """", ""ISW"" => """"))"
gen-1251,true,0.0045411791600000005,0.0,0.10220465334633308,PVe,"(min = -0.07, max = 0.102)",0.95,"RenewableGenerationCost(CostCurve{LinearCurve}(LinearCurve(0.0, 0.0), UnitSystem.NATURAL_UNITS = 2, LinearCurve(0.0, 0.0)), CostCurve{LinearCurve}(LinearCurve(0.0, 0.0), UnitSystem.NATURAL_UNITS = 2, LinearCurve(0.0, 0.0)), 0.0)",100.0,Service[],,bus-1846,1846,"Area(0, 0.0, 0.0, 0.0, Dict{String, Any}(""I"" => """", ""ARNAME"" => """", ""PTOL"" => """", ""PDES"" => """", ""ISW"" => """"))"
gen-912,true,0.178163916,0.0,0.44084464383725924,WT,"(min = -0.162, max = 0.162)",0.95,"RenewableGenerationCost(CostCurve{LinearCurve}(LinearCurve(0.0, 0.0), UnitSystem.NATURAL_UNITS = 2, LinearCurve(0.0, 0.0)), CostCurve{LinearCurve}(LinearCurve(0.0, 0.0), UnitSystem.NATURAL_UNITS = 2, LinearCurve(0.0, 0.0)), 0.0)",100.0,Service[],,bus-1864,1864,"Area(0, 0.0, 0.0, 0.0, Dict{String, Any}(""I"" => """", ""ARNAME"" => """", ""PTOL"" => """", ""PDES"" => """", ""ISW"" => """"))"
gen-1997,true,0.0250001761,0.0,0.025,BA,"(min = 0.0, max = 0.0)",0.95,"RenewableGenerationCost(CostCurve{LinearCurve}(LinearCurve(16.3717118, 401.19412), UnitSystem.NATURAL_UNITS = 2, LinearCurve(0.0, 0.0)), CostCurve{LinearCurve}(LinearCurve(0.0, 0.0), UnitSystem.NATURAL_UNITS = 2, LinearCurve(0.0, 0.0)), 0.0)",100.0,Service[],,bus-7870,7870,"Area(0, 0.0, 0.0, 0.0, Dict{String, Any}(""I"" => """", ""ARNAME"" => """", ""PTOL"" => """", ""PDES"" => """", ""ISW"" => """"))"
gen-1120,true,0.0045411791600000005,0.0,0.10220465334633308,PVe,"(min = -0.07, max = 0.102)",0.95,"RenewableGenerationCost(CostCurve{LinearCurve}(LinearCurve(0.0, 0.0), UnitSystem.NATURAL_UNITS = 2, LinearCurve(0.0, 0.0)), CostCurve{LinearCurve}(LinearCurve(0.0, 0.0), UnitSystem.NATURAL_UNITS = 2, LinearCurve(0.0, 0.0)), 0.0)",100.0,Service[],,bus-1031,1031,"Area(0, 0.0, 0.0, 0.0, Dict{String, Any}(""I"" => """", ""ARNAME"" => """", ""PTOL"" => """", ""PDES"" => """", ""ISW"" => """"))"
gen-1153,true,0.0045411791600000005,0.0,0.10220465334633308,PVe,"(min = -0.07, max = 0.102)",0.95,"RenewableGenerationCost(CostCurve{LinearCurve}(LinearCurve(0.0, 0.0), UnitSystem.NATURAL_UNITS = 2, LinearCurve(0.0, 0.0)), CostCurve{LinearCurve}(LinearCurve(0.0, 0.0), UnitSystem.NATURAL_UNITS = 2, LinearCurve(0.0, 0.0)), 0.0)",100.0,Service[],,bus-990,990,"Area(0, 0.0, 0.0, 0.0, Dict{String, Any}(""I"" => """", ""ARNAME"" => """", ""PTOL"" => """", ""PDES"" => """", ""ISW"" => """"))"
gen-1354,true,0.009082358320000001,0.0,0.10281616926620278,PVe,"(min = -0.07, max = 0.102)",0.95,"RenewableGenerationCost(CostCurve{LinearCurve}(LinearCurve(0.0, 0.0), UnitSystem.NATURAL_UNITS = 2, LinearCurve(0.0, 0.0)), CostCurve{LinearCurve}(LinearCurve(0.0, 0.0), UnitSystem.NATURAL_UNITS = 2, LinearCurve(0.0, 0.0)), 0.0)",100.0,Service[],,bus-8102,8102,"Area(0, 0.0, 0.0, 0.0, Dict{String, Any}(""I"" => """", ""ARNAME"" => """", ""PTOL"" => """", ""PDES"" => """", ""ISW"" => """"))"
gen-1715,true,0.040000285,0.0,0.04,BA,"(min = 0.0, max = 0.0)",0.95,"RenewableGenerationCost(CostCurve{LinearCurve}(LinearCurve(16.3717118, 401.19412), UnitSystem.NATURAL_UNITS = 2, LinearCurve(0.0, 0.0)), CostCurve{LinearCurve}(LinearCurve(0.0, 0.0), UnitSystem.NATURAL_UNITS = 2, LinearCurve(0.0, 0.0)), 0.0)",100.0,Service[],,bus-1261,1261,"Area(0, 0.0, 0.0, 0.0, Dict{String, Any}(""I"" => """", ""ARNAME"" => """", ""PTOL"" => """", ""PDES"" => """", ""ISW"" => """"))"
gen-1793,true,0.18164716599999997,0.0,0.27797457623060623,PVe,"(min = -0.07, max = 0.102)",0.95,"RenewableGenerationCost(CostCurve{LinearCurve}(LinearCurve(0.0, 0.0), UnitSystem.NATURAL_UNITS = 2, LinearCurve(0.0, 0.0)), CostCurve{LinearCurve}(LinearCurve(0.0, 0.0), UnitSystem.NATURAL_UNITS = 2, LinearCurve(0.0, 0.0)), 0.0)",100.0,Service[],,bus-276,276,"Area(0, 0.0, 0.0, 0.0, Dict{String, Any}(""I"" => """", ""ARNAME"" => """", ""PTOL"" => """", ""PDES"" => """", ""ISW"" => """"))"
gen-1920,true,0.0136235375,0.0,0.10382735906685212,PVe,"(min = -0.07, max = 0.102)",0.95,"RenewableGenerationCost(CostCurve{LinearCurve}(LinearCurve(0.0, 0.0), UnitSystem.NATURAL_UNITS = 2, LinearCurve(0.0, 0.0)), CostCurve{LinearCurve}(LinearCurve(0.0, 0.0), UnitSystem.NATURAL_UNITS = 2, LinearCurve(0.0, 0.0)), 0.0)",100.0,Service[],,bus-1969,1969,"Area(0, 0.0, 0.0, 0.0, Dict{String, Any}(""I"" => """", ""ARNAME"" => """", ""PTOL"" => """", ""PDES"" => """", ""ISW"" => """"))"
gen-1870,true,0.454117916,0.0,0.6544582923618256,PVe,"(min = -0.07, max = 0.102)",0.95,"RenewableGenerationCost(CostCurve{LinearCurve}(LinearCurve(0.0, 0.0), UnitSystem.NATURAL_UNITS = 2, LinearCurve(0.0, 0.0)), CostCurve{LinearCurve}(LinearCurve(0.0, 0.0), UnitSystem.NATURAL_UNITS = 2, LinearCurve(0.0, 0.0)), 0.0)",100.0,Service[],,bus-8340,8340,"Area(0, 0.0, 0.0, 0.0, Dict{String, Any}(""I"" => """", ""ARNAME"" => """", ""PTOL"" => """", ""PDES"" => """", ""ISW"" => """"))"
gen-1841,true,0.18164716599999997,0.0,0.27797457623060623,PVe,"(min = -0.07, max = 0.102)",0.95,"RenewableGenerationCost(CostCurve{LinearCurve}(LinearCurve(0.0, 0.0), UnitSystem.NATURAL_UNITS = 2, LinearCurve(0.0, 0.0)), CostCurve{LinearCurve}(LinearCurve(0.0, 0.0), UnitSystem.NATURAL_UNITS = 2, LinearCurve(0.0, 0.0)), 0.0)",100.0,Service[],,bus-1384,1384,"Area(0, 0.0, 0.0, 0.0, Dict{String, Any}(""I"" => """", ""ARNAME"" => """", ""PTOL"" => """", ""PDES"" => """", ""ISW"" => """"))"
gen-491,true,0.18164716599999997,0.0,0.27797457623060623,PVe,"(min = -0.07, max = 0.102)",0.95,"RenewableGenerationCost(CostCurve{LinearCurve}(LinearCurve(0.0, 0.0), UnitSystem.NATURAL_UNITS = 2, LinearCurve(0.0, 0.0)), CostCurve{LinearCurve}(LinearCurve(0.0, 0.0), UnitSystem.NATURAL_UNITS = 2, LinearCurve(0.0, 0.0)), 0.0)",100.0,Service[],,bus-1833,1833,"Area(0, 0.0, 0.0, 0.0, Dict{String, Any}(""I"" => """", ""ARNAME"" => """", ""PTOL"" => """", ""PDES"" => """", ""ISW"" => """"))"
gen-1590,true,0.009082358320000001,0.0,0.10281616926620278,PVe,"(min = -0.07, max = 0.102)",0.95,"RenewableGenerationCost(CostCurve{LinearCurve}(LinearCurve(0.0, 0.0), UnitSystem.NATURAL_UNITS = 2, LinearCurve(0.0, 0.0)), CostCurve{LinearCurve}(LinearCurve(0.0, 0.0), UnitSystem.NATURAL_UNITS = 2, LinearCurve(0.0, 0.0)), 0.0)",100.0,Service[],,bus-7823,7823,"Area(0, 0.0, 0.0, 0.0, Dict{String, Any}(""I"" => """", ""ARNAME"" => """", ""PTOL"" => """", ""PDES"" => """", ""ISW"" => """"))"
gen-1721,true,0.0136235375,0.0,0.10382735906685212,PVe,"(min = -0.07, max = 0.102)",0.95,"RenewableGenerationCost(CostCurve{LinearCurve}(LinearCurve(0.0, 0.0), UnitSystem.NATURAL_UNITS = 2, LinearCurve(0.0, 0.0)), CostCurve{LinearCurve}(LinearCurve(0.0, 0.0), UnitSystem.NATURAL_UNITS = 2, LinearCurve(0.0, 0.0)), 0.0)",100.0,Service[],,bus-7659,7659,"Area(0, 0.0, 0.0, 0.0, Dict{String, Any}(""I"" => """", ""ARNAME"" => """", ""PTOL"" => """", ""PDES"" => """", ""ISW"" => """"))"
gen-1390,true,0.22887543000000002,0.0,0.3414092075644318,PVe,"(min = -0.07, max = 0.102)",0.95,"RenewableGenerationCost(CostCurve{LinearCurve}(LinearCurve(0.0, 0.0), UnitSystem.NATURAL_UNITS = 2, LinearCurve(0.0, 0.0)), CostCurve{LinearCurve}(LinearCurve(0.0, 0.0), UnitSystem.NATURAL_UNITS = 2, LinearCurve(0.0, 0.0)), 0.0)",100.0,Service[],,bus-2235,2235,"Area(0, 0.0, 0.0, 0.0, Dict{String, Any}(""I"" => """", ""ARNAME"" => """", ""PTOL"" => """", ""PDES"" => """", ""ISW"" => """"))"
gen-1124,true,0.0045411791600000005,0.0,0.10220465334633308,PVe,"(min = -0.07, max = 0.102)",0.95,"RenewableGenerationCost(CostCurve{LinearCurve}(LinearCurve(0.0, 0.0), UnitSystem.NATURAL_UNITS = 2, LinearCurve(0.0, 0.0)), CostCurve{LinearCurve}(LinearCurve(0.0, 0.0), UnitSystem.NATURAL_UNITS = 2, LinearCurve(0.0, 0.0)), 0.0)",100.0,Service[],,bus-8315,8315,"Area(0, 0.0, 0.0, 0.0, Dict{String, Any}(""I"" => """", ""ARNAME"" => """", ""PTOL"" => """", ""PDES"" => """", ""ISW"" => """"))"
gen-1942,true,0.0172564808,0.0,0.10491646407435903,PVe,"(min = -0.07, max = 0.102)",0.95,"RenewableGenerationCost(CostCurve{LinearCurve}(LinearCurve(0.0, 0.0), UnitSystem.NATURAL_UNITS = 2, LinearCurve(0.0, 0.0)), CostCurve{LinearCurve}(LinearCurve(0.0, 0.0), UnitSystem.NATURAL_UNITS = 2, LinearCurve(0.0, 0.0)), 0.0)",100.0,Service[],,bus-1521,1521,"Area(0, 0.0, 0.0, 0.0, Dict{String, Any}(""I"" => """", ""ARNAME"" => """", ""PTOL"" => """", ""PDES"" => """", ""ISW"" => """"))"
gen-1848,true,0.18164716599999997,0.0,0.27797457623060623,PVe,"(min = -0.07, max = 0.102)",0.95,"RenewableGenerationCost(CostCurve{LinearCurve}(LinearCurve(0.0, 0.0), UnitSystem.NATURAL_UNITS = 2, LinearCurve(0.0, 0.0)), CostCurve{LinearCurve}(LinearCurve(0.0, 0.0), UnitSystem.NATURAL_UNITS = 2, LinearCurve(0.0, 0.0)), 0.0)",100.0,Service[],,bus-8865,8865,"Area(0, 0.0, 0.0, 0.0, Dict{String, Any}(""I"" => """", ""ARNAME"" => """", ""PTOL"" => """", ""PDES"" => """", ""ISW"" => """"))"
gen-1746,true,0.0136235375,0.0,0.10382735906685212,PVe,"(min = -0.07, max = 0.102)",0.95,"RenewableGenerationCost(CostCurve{LinearCurve}(LinearCurve(0.0, 0.0), UnitSystem.NATURAL_UNITS = 2, LinearCurve(0.0, 0.0)), CostCurve{LinearCurve}(LinearCurve(0.0, 0.0), UnitSystem.NATURAL_UNITS = 2, LinearCurve(0.0, 0.0)), 0.0)",100.0,Service[],,bus-2276,2276,"Area(0, 0.0, 0.0, 0.0, Dict{String, Any}(""I"" => """", ""ARNAME"" => """", ""PTOL"" => """", ""PDES"" => """", ""ISW"" => """"))"
gen-1992,true,0.0118070658,0.0,0.1033755690629169,PVe,"(min = -0.07, max = 0.102)",0.95,"RenewableGenerationCost(CostCurve{LinearCurve}(LinearCurve(0.0, 0.0), UnitSystem.NATURAL_UNITS = 2, LinearCurve(0.0, 0.0)), CostCurve{LinearCurve}(LinearCurve(0.0, 0.0), UnitSystem.NATURAL_UNITS = 2, LinearCurve(0.0, 0.0)), 0.0)",100.0,Service[],,bus-2356,2356,"Area(0, 0.0, 0.0, 0.0, Dict{String, Any}(""I"" => """", ""ARNAME"" => """", ""PTOL"" => """", ""PDES"" => """", ""ISW"" => """"))"
gen-1844,true,0.0190729525,0.0,0.10555186478594346,PVe,"(min = -0.07, max = 0.102)",0.95,"RenewableGenerationCost(CostCurve{LinearCurve}(LinearCurve(0.0, 0.0), UnitSystem.NATURAL_UNITS = 2, LinearCurve(0.0, 0.0)), CostCurve{LinearCurve}(LinearCurve(0.0, 0.0), UnitSystem.NATURAL_UNITS = 2, LinearCurve(0.0, 0.0)), 0.0)",100.0,Service[],,bus-1521,1521,"Area(0, 0.0, 0.0, 0.0, Dict{String, Any}(""I"" => """", ""ARNAME"" => """", ""PTOL"" => """", ""PDES"" => """", ""ISW"" => """"))"
gen-1556,true,0.0136235375,0.0,0.10382735906685212,PVe,"(min = -0.07, max = 0.102)",0.95,"RenewableGenerationCost(CostCurve{LinearCurve}(LinearCurve(0.0, 0.0), UnitSystem.NATURAL_UNITS = 2, LinearCurve(0.0, 0.0)), CostCurve{LinearCurve}(LinearCurve(0.0, 0.0), UnitSystem.NATURAL_UNITS = 2, LinearCurve(0.0, 0.0)), 0.0)",100.0,Service[],,bus-543,543,"Area(0, 0.0, 0.0, 0.0, Dict{String, Any}(""I"" => """", ""ARNAME"" => """", ""PTOL"" => """", ""PDES"" => """", ""ISW"" => """"))"
gen-1287,true,0.009990594149999999,0.0,0.10298674303316785,PVe,"(min = -0.07, max = 0.102)",0.95,"RenewableGenerationCost(CostCurve{LinearCurve}(LinearCurve(0.0, 0.0), UnitSystem.NATURAL_UNITS = 2, LinearCurve(0.0, 0.0)), CostCurve{LinearCurve}(LinearCurve(0.0, 0.0), UnitSystem.NATURAL_UNITS = 2, LinearCurve(0.0, 0.0)), 0.0)",100.0,Service[],,bus-446,446,"Area(0, 0.0, 0.0, 0.0, Dict{String, Any}(""I"" => """", ""ARNAME"" => """", ""PTOL"" => """", ""PDES"" => """", ""ISW"" => """"))"
gen-1306,true,0.0227058958,0.0,0.10699896794410164,PVe,"(min = -0.07, max = 0.102)",0.95,"RenewableGenerationCost(CostCurve{LinearCurve}(LinearCurve(0.0, 0.0), UnitSystem.NATURAL_UNITS = 2, LinearCurve(0.0, 0.0)), CostCurve{LinearCurve}(LinearCurve(0.0, 0.0), UnitSystem.NATURAL_UNITS = 2, LinearCurve(0.0, 0.0)), 0.0)",100.0,Service[],,bus-1853,1853,"Area(0, 0.0, 0.0, 0.0, Dict{String, Any}(""I"" => """", ""ARNAME"" => """", ""PTOL"" => """", ""PDES"" => """", ""ISW"" => """"))"
gen-1268,true,0.00817412249,0.0,0.10266159641081878,PVe,"(min = -0.07, max = 0.102)",0.95,"RenewableGenerationCost(CostCurve{LinearCurve}(LinearCurve(0.0, 0.0), UnitSystem.NATURAL_UNITS = 2, LinearCurve(0.0, 0.0)), CostCurve{LinearCurve}(LinearCurve(0.0, 0.0), UnitSystem.NATURAL_UNITS = 2, LinearCurve(0.0, 0.0)), 0.0)",100.0,Service[],,bus-1168,1168,"Area(0, 0.0, 0.0, 0.0, Dict{String, Any}(""I"" => """", ""ARNAME"" => """", ""PTOL"" => """", ""PDES"" => """", ""ISW"" => """"))"
gen-1931,true,0.086282404,0.0,0.1596577925559201,PVe,"(min = -0.07, max = 0.102)",0.95,"RenewableGenerationCost(CostCurve{LinearCurve}(LinearCurve(0.0, 0.0), UnitSystem.NATURAL_UNITS = 2, LinearCurve(0.0, 0.0)), CostCurve{LinearCurve}(LinearCurve(0.0, 0.0), UnitSystem.NATURAL_UNITS = 2, LinearCurve(0.0, 0.0)), 0.0)",100.0,Service[],,bus-487,487,"Area(0, 0.0, 0.0, 0.0, Dict{String, Any}(""I"" => """", ""ARNAME"" => """", ""PTOL"" => """", ""PDES"" => """", ""ISW"" => """"))"
gen-1505,true,0.18346363799999998,0.0,0.2803816482350021,PVe,"(min = -0.07, max = 0.102)",0.95,"RenewableGenerationCost(CostCurve{LinearCurve}(LinearCurve(0.0, 0.0), UnitSystem.NATURAL_UNITS = 2, LinearCurve(0.0, 0.0)), CostCurve{LinearCurve}(LinearCurve(0.0, 0.0), UnitSystem.NATURAL_UNITS = 2, LinearCurve(0.0, 0.0)), 0.0)",100.0,Service[],,bus-1412,1412,"Area(0, 0.0, 0.0, 0.0, Dict{String, Any}(""I"" => """", ""ARNAME"" => """", ""PTOL"" => """", ""PDES"" => """", ""ISW"" => """"))"
gen-1419,true,0.00695273818,0.0,0.2393774239999065,WT,"(min = -0.225631579, max = 0.23884210499999997)",0.95,"RenewableGenerationCost(CostCurve{LinearCurve}(LinearCurve(0.0, 0.0), UnitSystem.NATURAL_UNITS = 2, LinearCurve(0.0, 0.0)), CostCurve{LinearCurve}(LinearCurve(0.0, 0.0), UnitSystem.NATURAL_UNITS = 2, LinearCurve(0.0, 0.0)), 0.0)",100.0,Service[],,bus-1838,1838,"Area(0, 0.0, 0.0, 0.0, Dict{String, Any}(""I"" => """", ""ARNAME"" => """", ""PTOL"" => """", ""PDES"" => """", ""ISW"" => """"))"
gen-1650,true,0.009082358320000001,0.0,0.10281616926620278,PVe,"(min = -0.07, max = 0.102)",0.95,"RenewableGenerationCost(CostCurve{LinearCurve}(LinearCurve(0.0, 0.0), UnitSystem.NATURAL_UNITS = 2, LinearCurve(0.0, 0.0)), CostCurve{LinearCurve}(LinearCurve(0.0, 0.0), UnitSystem.NATURAL_UNITS = 2, LinearCurve(0.0, 0.0)), 0.0)",100.0,Service[],,bus-407,407,"Area(0, 0.0, 0.0, 0.0, Dict{String, Any}(""I"" => """", ""ARNAME"" => """", ""PTOL"" => """", ""PDES"" => """", ""ISW"" => """"))"
gen-1123,true,0.0045411791600000005,0.0,0.10220465334633308,PVe,"(min = -0.07, max = 0.102)",0.95,"RenewableGenerationCost(CostCurve{LinearCurve}(LinearCurve(0.0, 0.0), UnitSystem.NATURAL_UNITS = 2, LinearCurve(0.0, 0.0)), CostCurve{LinearCurve}(LinearCurve(0.0, 0.0), UnitSystem.NATURAL_UNITS = 2, LinearCurve(0.0, 0.0)), 0.0)",100.0,Service[],,bus-8315,8315,"Area(0, 0.0, 0.0, 0.0, Dict{String, Any}(""I"" => """", ""ARNAME"" => """", ""PTOL"" => """", ""PDES"" => """", ""ISW"" => """"))"
gen-1863,true,0.0136235375,0.0,0.10382735906685212,PVe,"(min = -0.07, max = 0.102)",0.95,"RenewableGenerationCost(CostCurve{LinearCurve}(LinearCurve(0.0, 0.0), UnitSystem.NATURAL_UNITS = 2, LinearCurve(0.0, 0.0)), CostCurve{LinearCurve}(LinearCurve(0.0, 0.0), UnitSystem.NATURAL_UNITS = 2, LinearCurve(0.0, 0.0)), 0.0)",100.0,Service[],,bus-322,322,"Area(0, 0.0, 0.0, 0.0, Dict{String, Any}(""I"" => """", ""ARNAME"" => """", ""PTOL"" => """", ""PDES"" => """", ""ISW"" => """"))"
gen-844,true,0.0717001125,0.0,0.29029390472559186,WT,"(min = -0.225631579, max = 0.23884210499999997)",0.95,"RenewableGenerationCost(CostCurve{LinearCurve}(LinearCurve(0.0, 0.0), UnitSystem.NATURAL_UNITS = 2, LinearCurve(0.0, 0.0)), CostCurve{LinearCurve}(LinearCurve(0.0, 0.0), UnitSystem.NATURAL_UNITS = 2, LinearCurve(0.0, 0.0)), 0.0)",100.0,Service[],,bus-2406,2406,"Area(0, 0.0, 0.0, 0.0, Dict{String, Any}(""I"" => """", ""ARNAME"" => """", ""PTOL"" => """", ""PDES"" => """", ""ISW"" => """"))"
gen-1864,true,0.0118070658,0.0,0.1033755690629169,PVe,"(min = -0.07, max = 0.102)",0.95,"RenewableGenerationCost(CostCurve{LinearCurve}(LinearCurve(0.0, 0.0), UnitSystem.NATURAL_UNITS = 2, LinearCurve(0.0, 0.0)), CostCurve{LinearCurve}(LinearCurve(0.0, 0.0), UnitSystem.NATURAL_UNITS = 2, LinearCurve(0.0, 0.0)), 0.0)",100.0,Service[],,bus-385,385,"Area(0, 0.0, 0.0, 0.0, Dict{String, Any}(""I"" => """", ""ARNAME"" => """", ""PTOL"" => """", ""PDES"" => """", ""ISW"" => """"))"
gen-1015,true,0.19554576099999998,0.0,0.48392561411853374,WT,"(min = -0.17800000000000002, max = 0.17800000000000002)",0.95,"RenewableGenerationCost(CostCurve{LinearCurve}(LinearCurve(0.0, 0.0), UnitSystem.NATURAL_UNITS = 2, LinearCurve(0.0, 0.0)), CostCurve{LinearCurve}(LinearCurve(0.0, 0.0), UnitSystem.NATURAL_UNITS = 2, LinearCurve(0.0, 0.0)), 0.0)",100.0,Service[],,bus-1855,1855,"Area(0, 0.0, 0.0, 0.0, Dict{String, Any}(""I"" => """", ""ARNAME"" => """", ""PTOL"" => """", ""PDES"" => """", ""ISW"" => """"))"
gen-1524,true,0.476823812,0.0,0.6864048382005763,PVe,"(min = -0.07, max = 0.102)",0.95,"RenewableGenerationCost(CostCurve{LinearCurve}(LinearCurve(0.0, 0.0), UnitSystem.NATURAL_UNITS = 2, LinearCurve(0.0, 0.0)), CostCurve{LinearCurve}(LinearCurve(0.0, 0.0), UnitSystem.NATURAL_UNITS = 2, LinearCurve(0.0, 0.0)), 0.0)",100.0,Service[],,bus-2314,2314,"Area(0, 0.0, 0.0, 0.0, Dict{String, Any}(""I"" => """", ""ARNAME"" => """", ""PTOL"" => """", ""PDES"" => """", ""ISW"" => """"))"
gen-2008,true,0.009082358320000001,0.0,0.10281616926620278,PVe,"(min = -0.07, max = 0.102)",0.95,"RenewableGenerationCost(CostCurve{LinearCurve}(LinearCurve(0.0, 0.0), UnitSystem.NATURAL_UNITS = 2, LinearCurve(0.0, 0.0)), CostCurve{LinearCurve}(LinearCurve(0.0, 0.0), UnitSystem.NATURAL_UNITS = 2, LinearCurve(0.0, 0.0)), 0.0)",100.0,Service[],,bus-8573,8573,"Area(0, 0.0, 0.0, 0.0, Dict{String, Any}(""I"" => """", ""ARNAME"" => """", ""PTOL"" => """", ""PDES"" => """", ""ISW"" => """"))"
gen-1877,true,0.0200001401,0.0,0.02,BA,"(min = 0.0, max = 0.0)",0.95,"RenewableGenerationCost(CostCurve{LinearCurve}(LinearCurve(16.3717118, 401.19412), UnitSystem.NATURAL_UNITS = 2, LinearCurve(0.0, 0.0)), CostCurve{LinearCurve}(LinearCurve(0.0, 0.0), UnitSystem.NATURAL_UNITS = 2, LinearCurve(0.0, 0.0)), 0.0)",100.0,Service[],,bus-8589,8589,"Area(0, 0.0, 0.0, 0.0, Dict{String, Any}(""I"" => """", ""ARNAME"" => """", ""PTOL"" => """", ""PDES"" => """", ""ISW"" => """"))"
gen-608,true,0.025638222000000002,0.0,0.2460214444328604,WT,"(min = -0.225631579, max = 0.23884210499999997)",0.95,"RenewableGenerationCost(CostCurve{LinearCurve}(LinearCurve(0.0, 0.0), UnitSystem.NATURAL_UNITS = 2, LinearCurve(0.0, 0.0)), CostCurve{LinearCurve}(LinearCurve(0.0, 0.0), UnitSystem.NATURAL_UNITS = 2, LinearCurve(0.0, 0.0)), 0.0)",100.0,Service[],,bus-1858,1858,"Area(0, 0.0, 0.0, 0.0, Dict{String, Any}(""I"" => """", ""ARNAME"" => """", ""PTOL"" => """", ""PDES"" => """", ""ISW"" => """"))"
gen-1353,true,0.0136235375,0.0,0.10382735906685212,PVe,"(min = -0.07, max = 0.102)",0.95,"RenewableGenerationCost(CostCurve{LinearCurve}(LinearCurve(0.0, 0.0), UnitSystem.NATURAL_UNITS = 2, LinearCurve(0.0, 0.0)), CostCurve{LinearCurve}(LinearCurve(0.0, 0.0), UnitSystem.NATURAL_UNITS = 2, LinearCurve(0.0, 0.0)), 0.0)",100.0,Service[],,bus-475,475,"Area(0, 0.0, 0.0, 0.0, Dict{String, Any}(""I"" => """", ""ARNAME"" => """", ""PTOL"" => """", ""PDES"" => """", ""ISW"" => """"))"
gen-1503,true,0.0136235375,0.0,0.10382735906685212,PVe,"(min = -0.07, max = 0.102)",0.95,"RenewableGenerationCost(CostCurve{LinearCurve}(LinearCurve(0.0, 0.0), UnitSystem.NATURAL_UNITS = 2, LinearCurve(0.0, 0.0)), CostCurve{LinearCurve}(LinearCurve(0.0, 0.0), UnitSystem.NATURAL_UNITS = 2, LinearCurve(0.0, 0.0)), 0.0)",100.0,Service[],,bus-8340,8340,"Area(0, 0.0, 0.0, 0.0, Dict{String, Any}(""I"" => """", ""ARNAME"" => """", ""PTOL"" => """", ""PDES"" => """", ""ISW"" => """"))"
gen-1866,true,0.009082358320000001,0.0,0.10281616926620278,PVe,"(min = -0.07, max = 0.102)",0.95,"RenewableGenerationCost(CostCurve{LinearCurve}(LinearCurve(0.0, 0.0), UnitSystem.NATURAL_UNITS = 2, LinearCurve(0.0, 0.0)), CostCurve{LinearCurve}(LinearCurve(0.0, 0.0), UnitSystem.NATURAL_UNITS = 2, LinearCurve(0.0, 0.0)), 0.0)",100.0,Service[],,bus-385,385,"Area(0, 0.0, 0.0, 0.0, Dict{String, Any}(""I"" => """", ""ARNAME"" => """", ""PTOL"" => """", ""PDES"" => """", ""ISW"" => """"))"
gen-682,true,0.0130363841,0.0,0.24071882170040423,WT,"(min = -0.225631579, max = 0.23884210499999997)",0.95,"RenewableGenerationCost(CostCurve{LinearCurve}(LinearCurve(0.0, 0.0), UnitSystem.NATURAL_UNITS = 2, LinearCurve(0.0, 0.0)), CostCurve{LinearCurve}(LinearCurve(0.0, 0.0), UnitSystem.NATURAL_UNITS = 2, LinearCurve(0.0, 0.0)), 0.0)",100.0,Service[],,bus-796,796,"Area(0, 0.0, 0.0, 0.0, Dict{String, Any}(""I"" => """", ""ARNAME"" => """", ""PTOL"" => """", ""PDES"" => """", ""ISW"" => """"))"
gen-1029,true,0.0027247075,0.0,0.10207372247367037,PVe,"(min = -0.07, max = 0.102)",0.95,"RenewableGenerationCost(CostCurve{LinearCurve}(LinearCurve(0.0, 0.0), UnitSystem.NATURAL_UNITS = 2, LinearCurve(0.0, 0.0)), CostCurve{LinearCurve}(LinearCurve(0.0, 0.0), UnitSystem.NATURAL_UNITS = 2, LinearCurve(0.0, 0.0)), 0.0)",100.0,Service[],,bus-562,562,"Area(0, 0.0, 0.0, 0.0, Dict{String, Any}(""I"" => """", ""ARNAME"" => """", ""PTOL"" => """", ""PDES"" => """", ""ISW"" => """"))"
gen-1319,true,0.0454117916,0.0,0.12076057537297331,PVe,"(min = -0.07, max = 0.102)",0.95,"RenewableGenerationCost(CostCurve{LinearCurve}(LinearCurve(0.0, 0.0), UnitSystem.NATURAL_UNITS = 2, LinearCurve(0.0, 0.0)), CostCurve{LinearCurve}(LinearCurve(0.0, 0.0), UnitSystem.NATURAL_UNITS = 2, LinearCurve(0.0, 0.0)), 0.0)",100.0,Service[],,bus-2351,2351,"Area(0, 0.0, 0.0, 0.0, Dict{String, Any}(""I"" => """", ""ARNAME"" => """", ""PTOL"" => """", ""PDES"" => """", ""ISW"" => """"))"
gen-1136,true,0.0045411791600000005,0.0,0.10220465334633308,PVe,"(min = -0.07, max = 0.102)",0.95,"RenewableGenerationCost(CostCurve{LinearCurve}(LinearCurve(0.0, 0.0), UnitSystem.NATURAL_UNITS = 2, LinearCurve(0.0, 0.0)), CostCurve{LinearCurve}(LinearCurve(0.0, 0.0), UnitSystem.NATURAL_UNITS = 2, LinearCurve(0.0, 0.0)), 0.0)",100.0,Service[],,bus-7830,7830,"Area(0, 0.0, 0.0, 0.0, Dict{String, Any}(""I"" => """", ""ARNAME"" => """", ""PTOL"" => """", ""PDES"" => """", ""ISW"" => """"))"
gen-1496,true,0.0136235375,0.0,0.10382735906685212,PVe,"(min = -0.07, max = 0.102)",0.95,"RenewableGenerationCost(CostCurve{LinearCurve}(LinearCurve(0.0, 0.0), UnitSystem.NATURAL_UNITS = 2, LinearCurve(0.0, 0.0)), CostCurve{LinearCurve}(LinearCurve(0.0, 0.0), UnitSystem.NATURAL_UNITS = 2, LinearCurve(0.0, 0.0)), 0.0)",100.0,Service[],,bus-1429,1429,"Area(0, 0.0, 0.0, 0.0, Dict{String, Any}(""I"" => """", ""ARNAME"" => """", ""PTOL"" => """", ""PDES"" => """", ""ISW"" => """"))"
gen-1239,true,1.3505466799999999,0.0,1.9252784754210588,PVe,"(min = -0.07, max = 0.102)",0.95,"RenewableGenerationCost(CostCurve{LinearCurve}(LinearCurve(0.0, 0.0), UnitSystem.NATURAL_UNITS = 2, LinearCurve(0.0, 0.0)), CostCurve{LinearCurve}(LinearCurve(0.0, 0.0), UnitSystem.NATURAL_UNITS = 2, LinearCurve(0.0, 0.0)), 0.0)",100.0,Service[],,bus-8142,8142,"Area(0, 0.0, 0.0, 0.0, Dict{String, Any}(""I"" => """", ""ARNAME"" => """", ""PTOL"" => """", ""PDES"" => """", ""ISW"" => """"))"
gen-492,true,0.12533654500000002,0.0,0.20552089504048,PVe,"(min = -0.07, max = 0.102)",0.95,"RenewableGenerationCost(CostCurve{LinearCurve}(LinearCurve(0.0, 0.0), UnitSystem.NATURAL_UNITS = 2, LinearCurve(0.0, 0.0)), CostCurve{LinearCurve}(LinearCurve(0.0, 0.0), UnitSystem.NATURAL_UNITS = 2, LinearCurve(0.0, 0.0)), 0.0)",100.0,Service[],,bus-1833,1833,"Area(0, 0.0, 0.0, 0.0, Dict{String, Any}(""I"" => """", ""ARNAME"" => """", ""PTOL"" => """", ""PDES"" => """", ""ISW"" => """"))"
gen-1114,true,0.0045411791600000005,0.0,0.10220465334633308,PVe,"(min = -0.07, max = 0.102)",0.95,"RenewableGenerationCost(CostCurve{LinearCurve}(LinearCurve(0.0, 0.0), UnitSystem.NATURAL_UNITS = 2, LinearCurve(0.0, 0.0)), CostCurve{LinearCurve}(LinearCurve(0.0, 0.0), UnitSystem.NATURAL_UNITS = 2, LinearCurve(0.0, 0.0)), 0.0)",100.0,Service[],,bus-8315,8315,"Area(0, 0.0, 0.0, 0.0, Dict{String, Any}(""I"" => """", ""ARNAME"" => """", ""PTOL"" => """", ""PDES"" => """", ""ISW"" => """"))"
gen-1993,true,0.0136235375,0.0,0.10382735906685212,PVe,"(min = -0.07, max = 0.102)",0.95,"RenewableGenerationCost(CostCurve{LinearCurve}(LinearCurve(0.0, 0.0), UnitSystem.NATURAL_UNITS = 2, LinearCurve(0.0, 0.0)), CostCurve{LinearCurve}(LinearCurve(0.0, 0.0), UnitSystem.NATURAL_UNITS = 2, LinearCurve(0.0, 0.0)), 0.0)",100.0,Service[],,bus-347,347,"Area(0, 0.0, 0.0, 0.0, Dict{String, Any}(""I"" => """", ""ARNAME"" => """", ""PTOL"" => """", ""PDES"" => """", ""ISW"" => """"))"
gen-1158,true,0.0045411791600000005,0.0,0.10220465334633308,PVe,"(min = -0.07, max = 0.102)",0.95,"RenewableGenerationCost(CostCurve{LinearCurve}(LinearCurve(0.0, 0.0), UnitSystem.NATURAL_UNITS = 2, LinearCurve(0.0, 0.0)), CostCurve{LinearCurve}(LinearCurve(0.0, 0.0), UnitSystem.NATURAL_UNITS = 2, LinearCurve(0.0, 0.0)), 0.0)",100.0,Service[],,bus-1000,1000,"Area(0, 0.0, 0.0, 0.0, Dict{String, Any}(""I"" => """", ""ARNAME"" => """", ""PTOL"" => """", ""PDES"" => """", ""ISW"" => """"))"
gen-1383,true,0.00544941499,0.0,0.10229457110974914,PVe,"(min = -0.07, max = 0.102)",0.95,"RenewableGenerationCost(CostCurve{LinearCurve}(LinearCurve(0.0, 0.0), UnitSystem.NATURAL_UNITS = 2, LinearCurve(0.0, 0.0)), CostCurve{LinearCurve}(LinearCurve(0.0, 0.0), UnitSystem.NATURAL_UNITS = 2, LinearCurve(0.0, 0.0)), 0.0)",100.0,Service[],,bus-1183,1183,"Area(0, 0.0, 0.0, 0.0, Dict{String, Any}(""I"" => """", ""ARNAME"" => """", ""PTOL"" => """", ""PDES"" => """", ""ISW"" => """"))"
gen-1900,true,0.18164716599999997,0.0,0.27797457623060623,PVe,"(min = -0.07, max = 0.102)",0.95,"RenewableGenerationCost(CostCurve{LinearCurve}(LinearCurve(0.0, 0.0), UnitSystem.NATURAL_UNITS = 2, LinearCurve(0.0, 0.0)), CostCurve{LinearCurve}(LinearCurve(0.0, 0.0), UnitSystem.NATURAL_UNITS = 2, LinearCurve(0.0, 0.0)), 0.0)",100.0,Service[],,bus-8340,8340,"Area(0, 0.0, 0.0, 0.0, Dict{String, Any}(""I"" => """", ""ARNAME"" => """", ""PTOL"" => """", ""PDES"" => """", ""ISW"" => """"))"
gen-1273,true,0.0045411791600000005,0.0,0.10220465334633308,PVe,"(min = -0.07, max = 0.102)",0.95,"RenewableGenerationCost(CostCurve{LinearCurve}(LinearCurve(0.0, 0.0), UnitSystem.NATURAL_UNITS = 2, LinearCurve(0.0, 0.0)), CostCurve{LinearCurve}(LinearCurve(0.0, 0.0), UnitSystem.NATURAL_UNITS = 2, LinearCurve(0.0, 0.0)), 0.0)",100.0,Service[],,bus-2304,2304,"Area(0, 0.0, 0.0, 0.0, Dict{String, Any}(""I"" => """", ""ARNAME"" => """", ""PTOL"" => """", ""PDES"" => """", ""ISW"" => """"))"
gen-913,true,0.267245874,0.0,0.661266965755889,WT,"(min = -0.243, max = 0.243)",0.95,"RenewableGenerationCost(CostCurve{LinearCurve}(LinearCurve(0.0, 0.0), UnitSystem.NATURAL_UNITS = 2, LinearCurve(0.0, 0.0)), CostCurve{LinearCurve}(LinearCurve(0.0, 0.0), UnitSystem.NATURAL_UNITS = 2, LinearCurve(0.0, 0.0)), 0.0)",100.0,Service[],,bus-1852,1852,"Area(0, 0.0, 0.0, 0.0, Dict{String, Any}(""I"" => """", ""ARNAME"" => """", ""PTOL"" => """", ""PDES"" => """", ""ISW"" => """"))"
gen-1707,true,0.0136235375,0.0,0.10382735906685212,PVe,"(min = -0.07, max = 0.102)",0.95,"RenewableGenerationCost(CostCurve{LinearCurve}(LinearCurve(0.0, 0.0), UnitSystem.NATURAL_UNITS = 2, LinearCurve(0.0, 0.0)), CostCurve{LinearCurve}(LinearCurve(0.0, 0.0), UnitSystem.NATURAL_UNITS = 2, LinearCurve(0.0, 0.0)), 0.0)",100.0,Service[],,bus-1429,1429,"Area(0, 0.0, 0.0, 0.0, Dict{String, Any}(""I"" => """", ""ARNAME"" => """", ""PTOL"" => """", ""PDES"" => """", ""ISW"" => """"))"
gen-1789,true,0.18164716599999997,0.0,0.27797457623060623,PVe,"(min = -0.07, max = 0.102)",0.95,"RenewableGenerationCost(CostCurve{LinearCurve}(LinearCurve(0.0, 0.0), UnitSystem.NATURAL_UNITS = 2, LinearCurve(0.0, 0.0)), CostCurve{LinearCurve}(LinearCurve(0.0, 0.0), UnitSystem.NATURAL_UNITS = 2, LinearCurve(0.0, 0.0)), 0.0)",100.0,Service[],,bus-8865,8865,"Area(0, 0.0, 0.0, 0.0, Dict{String, Any}(""I"" => """", ""ARNAME"" => """", ""PTOL"" => """", ""PDES"" => """", ""ISW"" => """"))"
gen-1394,true,0.206169534,0.0,0.31071253433159923,PVe,"(min = -0.07, max = 0.102)",0.95,"RenewableGenerationCost(CostCurve{LinearCurve}(LinearCurve(0.0, 0.0), UnitSystem.NATURAL_UNITS = 2, LinearCurve(0.0, 0.0)), CostCurve{LinearCurve}(LinearCurve(0.0, 0.0), UnitSystem.NATURAL_UNITS = 2, LinearCurve(0.0, 0.0)), 0.0)",100.0,Service[],,bus-2235,2235,"Area(0, 0.0, 0.0, 0.0, Dict{String, Any}(""I"" => """", ""ARNAME"" => """", ""PTOL"" => """", ""PDES"" => """", ""ISW"" => """"))"
gen-1467,true,0.0172564808,0.0,0.10491646407435903,PVe,"(min = -0.07, max = 0.102)",0.95,"RenewableGenerationCost(CostCurve{LinearCurve}(LinearCurve(0.0, 0.0), UnitSystem.NATURAL_UNITS = 2, LinearCurve(0.0, 0.0)), CostCurve{LinearCurve}(LinearCurve(0.0, 0.0), UnitSystem.NATURAL_UNITS = 2, LinearCurve(0.0, 0.0)), 0.0)",100.0,Service[],,bus-348,348,"Area(0, 0.0, 0.0, 0.0, Dict{String, Any}(""I"" => """", ""ARNAME"" => """", ""PTOL"" => """", ""PDES"" => """", ""ISW"" => """"))"
gen-1265,true,0.0108636534,0.0,0.24014693652185323,WT,"(min = -0.225631579, max = 0.23884210499999997)",0.95,"RenewableGenerationCost(CostCurve{LinearCurve}(LinearCurve(0.0, 0.0), UnitSystem.NATURAL_UNITS = 2, LinearCurve(0.0, 0.0)), CostCurve{LinearCurve}(LinearCurve(0.0, 0.0), UnitSystem.NATURAL_UNITS = 2, LinearCurve(0.0, 0.0)), 0.0)",100.0,Service[],,bus-286,286,"Area(0, 0.0, 0.0, 0.0, Dict{String, Any}(""I"" => """", ""ARNAME"" => """", ""PTOL"" => """", ""PDES"" => """", ""ISW"" => """"))"
gen-1816,true,1.37234434,0.0,1.9562657077254517,PVe,"(min = -0.07, max = 0.102)",0.95,"RenewableGenerationCost(CostCurve{LinearCurve}(LinearCurve(0.0, 0.0), UnitSystem.NATURAL_UNITS = 2, LinearCurve(0.0, 0.0)), CostCurve{LinearCurve}(LinearCurve(0.0, 0.0), UnitSystem.NATURAL_UNITS = 2, LinearCurve(0.0, 0.0)), 0.0)",100.0,Service[],,bus-2314,2314,"Area(0, 0.0, 0.0, 0.0, Dict{String, Any}(""I"" => """", ""ARNAME"" => """", ""PTOL"" => """", ""PDES"" => """", ""ISW"" => """"))"
gen-1082,true,0.0045411791600000005,0.0,0.10220465334633308,PVe,"(min = -0.07, max = 0.102)",0.95,"RenewableGenerationCost(CostCurve{LinearCurve}(LinearCurve(0.0, 0.0), UnitSystem.NATURAL_UNITS = 2, LinearCurve(0.0, 0.0)), CostCurve{LinearCurve}(LinearCurve(0.0, 0.0), UnitSystem.NATURAL_UNITS = 2, LinearCurve(0.0, 0.0)), 0.0)",100.0,Service[],,bus-8315,8315,"Area(0, 0.0, 0.0, 0.0, Dict{String, Any}(""I"" => """", ""ARNAME"" => """", ""PTOL"" => """", ""PDES"" => """", ""ISW"" => """"))"
gen-1968,true,0.027247075,0.0,0.10912599123576455,PVe,"(min = -0.07, max = 0.102)",0.95,"RenewableGenerationCost(CostCurve{LinearCurve}(LinearCurve(0.0, 0.0), UnitSystem.NATURAL_UNITS = 2, LinearCurve(0.0, 0.0)), CostCurve{LinearCurve}(LinearCurve(0.0, 0.0), UnitSystem.NATURAL_UNITS = 2, LinearCurve(0.0, 0.0)), 0.0)",100.0,Service[],,bus-207,207,"Area(0, 0.0, 0.0, 0.0, Dict{String, Any}(""I"" => """", ""ARNAME"" => """", ""PTOL"" => """", ""PDES"" => """", ""ISW"" => """"))"
gen-1723,true,0.0136235375,0.0,0.10382735906685212,PVe,"(min = -0.07, max = 0.102)",0.95,"RenewableGenerationCost(CostCurve{LinearCurve}(LinearCurve(0.0, 0.0), UnitSystem.NATURAL_UNITS = 2, LinearCurve(0.0, 0.0)), CostCurve{LinearCurve}(LinearCurve(0.0, 0.0), UnitSystem.NATURAL_UNITS = 2, LinearCurve(0.0, 0.0)), 0.0)",100.0,Service[],,bus-7659,7659,"Area(0, 0.0, 0.0, 0.0, Dict{String, Any}(""I"" => """", ""ARNAME"" => """", ""PTOL"" => """", ""PDES"" => """", ""ISW"" => """"))"
gen-1837,true,0.009082358320000001,0.0,0.10281616926620278,PVe,"(min = -0.07, max = 0.102)",0.95,"RenewableGenerationCost(CostCurve{LinearCurve}(LinearCurve(0.0, 0.0), UnitSystem.NATURAL_UNITS = 2, LinearCurve(0.0, 0.0)), CostCurve{LinearCurve}(LinearCurve(0.0, 0.0), UnitSystem.NATURAL_UNITS = 2, LinearCurve(0.0, 0.0)), 0.0)",100.0,Service[],,bus-2283,2283,"Area(0, 0.0, 0.0, 0.0, Dict{String, Any}(""I"" => """", ""ARNAME"" => """", ""PTOL"" => """", ""PDES"" => """", ""ISW"" => """"))"
gen-2103,true,0.00817412249,0.0,0.10266159641081878,PVe,"(min = -0.07, max = 0.102)",0.95,"RenewableGenerationCost(CostCurve{LinearCurve}(LinearCurve(0.0, 0.0), UnitSystem.NATURAL_UNITS = 2, LinearCurve(0.0, 0.0)), CostCurve{LinearCurve}(LinearCurve(0.0, 0.0), UnitSystem.NATURAL_UNITS = 2, LinearCurve(0.0, 0.0)), 0.0)",100.0,Service[],,bus-2380,2380,"Area(0, 0.0, 0.0, 0.0, Dict{String, Any}(""I"" => """", ""ARNAME"" => """", ""PTOL"" => """", ""PDES"" => """", ""ISW"" => """"))"
gen-647,true,0.0869092273,0.0,0.21503720608304044,WT,"(min = -0.079, max = 0.079)",0.95,"RenewableGenerationCost(CostCurve{LinearCurve}(LinearCurve(0.0, 0.0), UnitSystem.NATURAL_UNITS = 2, LinearCurve(0.0, 0.0)), CostCurve{LinearCurve}(LinearCurve(0.0, 0.0), UnitSystem.NATURAL_UNITS = 2, LinearCurve(0.0, 0.0)), 0.0)",100.0,Service[],,bus-1860,1860,"Area(0, 0.0, 0.0, 0.0, Dict{String, Any}(""I"" => """", ""ARNAME"" => """", ""PTOL"" => """", ""PDES"" => """", ""ISW"" => """"))"
gen-1774,true,0.544941499,0.0,0.7824300513625904,PVe,"(min = -0.07, max = 0.102)",0.95,"RenewableGenerationCost(CostCurve{LinearCurve}(LinearCurve(0.0, 0.0), UnitSystem.NATURAL_UNITS = 2, LinearCurve(0.0, 0.0)), CostCurve{LinearCurve}(LinearCurve(0.0, 0.0), UnitSystem.NATURAL_UNITS = 2, LinearCurve(0.0, 0.0)), 0.0)",100.0,Service[],,bus-149,149,"Area(0, 0.0, 0.0, 0.0, Dict{String, Any}(""I"" => """", ""ARNAME"" => """", ""PTOL"" => """", ""PDES"" => """", ""ISW"" => """"))"
gen-1182,true,0.01089883,0.0,0.10317323836504652,PVe,"(min = -0.07, max = 0.102)",0.95,"RenewableGenerationCost(CostCurve{LinearCurve}(LinearCurve(0.0, 0.0), UnitSystem.NATURAL_UNITS = 2, LinearCurve(0.0, 0.0)), CostCurve{LinearCurve}(LinearCurve(0.0, 0.0), UnitSystem.NATURAL_UNITS = 2, LinearCurve(0.0, 0.0)), 0.0)",100.0,Service[],,bus-1945,1945,"Area(0, 0.0, 0.0, 0.0, Dict{String, Any}(""I"" => """", ""ARNAME"" => """", ""PTOL"" => """", ""PDES"" => """", ""ISW"" => """"))"
gen-1561,true,0.0136235375,0.0,0.10382735906685212,PVe,"(min = -0.07, max = 0.102)",0.95,"RenewableGenerationCost(CostCurve{LinearCurve}(LinearCurve(0.0, 0.0), UnitSystem.NATURAL_UNITS = 2, LinearCurve(0.0, 0.0)), CostCurve{LinearCurve}(LinearCurve(0.0, 0.0), UnitSystem.NATURAL_UNITS = 2, LinearCurve(0.0, 0.0)), 0.0)",100.0,Service[],,bus-523,523,"Area(0, 0.0, 0.0, 0.0, Dict{String, Any}(""I"" => """", ""ARNAME"" => """", ""PTOL"" => """", ""PDES"" => """", ""ISW"" => """"))"
gen-1185,true,1.27153016,0.0,1.8294401579730324,PVe,"(min = -0.16125, max = 0.265375)",0.95,"RenewableGenerationCost(CostCurve{LinearCurve}(LinearCurve(0.0, 0.0), UnitSystem.NATURAL_UNITS = 2, LinearCurve(0.0, 0.0)), CostCurve{LinearCurve}(LinearCurve(0.0, 0.0), UnitSystem.NATURAL_UNITS = 2, LinearCurve(0.0, 0.0)), 0.0)",100.0,Service[],,bus-7911,7911,"Area(0, 0.0, 0.0, 0.0, Dict{String, Any}(""I"" => """", ""ARNAME"" => """", ""PTOL"" => """", ""PDES"" => """", ""ISW"" => """"))"
gen-1738,true,0.16348244999999997,0.0,0.25409712824367686,PVe,"(min = -0.07, max = 0.102)",0.95,"RenewableGenerationCost(CostCurve{LinearCurve}(LinearCurve(0.0, 0.0), UnitSystem.NATURAL_UNITS = 2, LinearCurve(0.0, 0.0)), CostCurve{LinearCurve}(LinearCurve(0.0, 0.0), UnitSystem.NATURAL_UNITS = 2, LinearCurve(0.0, 0.0)), 0.0)",100.0,Service[],,bus-2314,2314,"Area(0, 0.0, 0.0, 0.0, Dict{String, Any}(""I"" => """", ""ARNAME"" => """", ""PTOL"" => """", ""PDES"" => """", ""ISW"" => """"))"
gen-1879,true,1.68114452,0.0,2.3953708141537207,PVe,"(min = -0.07, max = 0.102)",0.95,"RenewableGenerationCost(CostCurve{LinearCurve}(LinearCurve(0.0, 0.0), UnitSystem.NATURAL_UNITS = 2, LinearCurve(0.0, 0.0)), CostCurve{LinearCurve}(LinearCurve(0.0, 0.0), UnitSystem.NATURAL_UNITS = 2, LinearCurve(0.0, 0.0)), 0.0)",100.0,Service[],,bus-471,471,"Area(0, 0.0, 0.0, 0.0, Dict{String, Any}(""I"" => """", ""ARNAME"" => """", ""PTOL"" => """", ""PDES"" => """", ""ISW"" => """"))"
gen-1243,true,0.009082358320000001,0.0,0.10281616926620278,PVe,"(min = -0.07, max = 0.102)",0.95,"RenewableGenerationCost(CostCurve{LinearCurve}(LinearCurve(0.0, 0.0), UnitSystem.NATURAL_UNITS = 2, LinearCurve(0.0, 0.0)), CostCurve{LinearCurve}(LinearCurve(0.0, 0.0), UnitSystem.NATURAL_UNITS = 2, LinearCurve(0.0, 0.0)), 0.0)",100.0,Service[],,bus-915,915,"Area(0, 0.0, 0.0, 0.0, Dict{String, Any}(""I"" => """", ""ARNAME"" => """", ""PTOL"" => """", ""PDES"" => """", ""ISW"" => """"))"
gen-1891,true,0.979986462,0.0,1.3987864548649855,PVe,"(min = -0.07, max = 0.102)",0.95,"RenewableGenerationCost(CostCurve{LinearCurve}(LinearCurve(0.0, 0.0), UnitSystem.NATURAL_UNITS = 2, LinearCurve(0.0, 0.0)), CostCurve{LinearCurve}(LinearCurve(0.0, 0.0), UnitSystem.NATURAL_UNITS = 2, LinearCurve(0.0, 0.0)), 0.0)",100.0,Service[],,bus-2314,2314,"Area(0, 0.0, 0.0, 0.0, Dict{String, Any}(""I"" => """", ""ARNAME"" => """", ""PTOL"" => """", ""PDES"" => """", ""ISW"" => """"))"
gen-1800,true,0.0181647166,0.0,0.10522670122314892,PVe,"(min = -0.07, max = 0.102)",0.95,"RenewableGenerationCost(CostCurve{LinearCurve}(LinearCurve(0.0, 0.0), UnitSystem.NATURAL_UNITS = 2, LinearCurve(0.0, 0.0)), CostCurve{LinearCurve}(LinearCurve(0.0, 0.0), UnitSystem.NATURAL_UNITS = 2, LinearCurve(0.0, 0.0)), 0.0)",100.0,Service[],,bus-456,456,"Area(0, 0.0, 0.0, 0.0, Dict{String, Any}(""I"" => """", ""ARNAME"" => """", ""PTOL"" => """", ""PDES"" => """", ""ISW"" => """"))"
gen-753,true,0.007821830450000001,0.0,0.2395194170016932,WT,"(min = -0.225631579, max = 0.23884210499999997)",0.95,"RenewableGenerationCost(CostCurve{LinearCurve}(LinearCurve(0.0, 0.0), UnitSystem.NATURAL_UNITS = 2, LinearCurve(0.0, 0.0)), CostCurve{LinearCurve}(LinearCurve(0.0, 0.0), UnitSystem.NATURAL_UNITS = 2, LinearCurve(0.0, 0.0)), 0.0)",100.0,Service[],,bus-8593,8593,"Area(0, 0.0, 0.0, 0.0, Dict{String, Any}(""I"" => """", ""ARNAME"" => """", ""PTOL"" => """", ""PDES"" => """", ""ISW"" => """"))"
gen-1119,true,0.0045411791600000005,0.0,0.10220465334633308,PVe,"(min = -0.07, max = 0.102)",0.95,"RenewableGenerationCost(CostCurve{LinearCurve}(LinearCurve(0.0, 0.0), UnitSystem.NATURAL_UNITS = 2, LinearCurve(0.0, 0.0)), CostCurve{LinearCurve}(LinearCurve(0.0, 0.0), UnitSystem.NATURAL_UNITS = 2, LinearCurve(0.0, 0.0)), 0.0)",100.0,Service[],,bus-1031,1031,"Area(0, 0.0, 0.0, 0.0, Dict{String, Any}(""I"" => """", ""ARNAME"" => """", ""PTOL"" => """", ""PDES"" => """", ""ISW"" => """"))"
gen-1907,true,0.0100000674,0.0,0.01,BA,"(min = 0.0, max = 0.0)",0.95,"RenewableGenerationCost(CostCurve{LinearCurve}(LinearCurve(16.3717118, 401.19412), UnitSystem.NATURAL_UNITS = 2, LinearCurve(0.0, 0.0)), CostCurve{LinearCurve}(LinearCurve(0.0, 0.0), UnitSystem.NATURAL_UNITS = 2, LinearCurve(0.0, 0.0)), 0.0)",100.0,Service[],,bus-1051,1051,"Area(0, 0.0, 0.0, 0.0, Dict{String, Any}(""I"" => """", ""ARNAME"" => """", ""PTOL"" => """", ""PDES"" => """", ""ISW"" => """"))"
gen-988,true,0.165127532,0.0,0.40853396431630995,WT,"(min = -0.15, max = 0.15)",0.95,"RenewableGenerationCost(CostCurve{LinearCurve}(LinearCurve(0.0, 0.0), UnitSystem.NATURAL_UNITS = 2, LinearCurve(0.0, 0.0)), CostCurve{LinearCurve}(LinearCurve(0.0, 0.0), UnitSystem.NATURAL_UNITS = 2, LinearCurve(0.0, 0.0)), 0.0)",100.0,Service[],,bus-8507,8507,"Area(0, 0.0, 0.0, 0.0, Dict{String, Any}(""I"" => """", ""ARNAME"" => """", ""PTOL"" => """", ""PDES"" => """", ""ISW"" => """"))"
gen-1266,true,0.0121672918,0.0,0.2404777559792818,WT,"(min = -0.225631579, max = 0.23884210499999997)",0.95,"RenewableGenerationCost(CostCurve{LinearCurve}(LinearCurve(0.0, 0.0), UnitSystem.NATURAL_UNITS = 2, LinearCurve(0.0, 0.0)), CostCurve{LinearCurve}(LinearCurve(0.0, 0.0), UnitSystem.NATURAL_UNITS = 2, LinearCurve(0.0, 0.0)), 0.0)",100.0,Service[],,bus-286,286,"Area(0, 0.0, 0.0, 0.0, Dict{String, Any}(""I"" => """", ""ARNAME"" => """", ""PTOL"" => """", ""PDES"" => """", ""ISW"" => """"))"
gen-1155,true,0.0045411791600000005,0.0,0.10220465334633308,PVe,"(min = -0.07, max = 0.102)",0.95,"RenewableGenerationCost(CostCurve{LinearCurve}(LinearCurve(0.0, 0.0), UnitSystem.NATURAL_UNITS = 2, LinearCurve(0.0, 0.0)), CostCurve{LinearCurve}(LinearCurve(0.0, 0.0), UnitSystem.NATURAL_UNITS = 2, LinearCurve(0.0, 0.0)), 0.0)",100.0,Service[],,bus-990,990,"Area(0, 0.0, 0.0, 0.0, Dict{String, Any}(""I"" => """", ""ARNAME"" => """", ""PTOL"" => """", ""PDES"" => """", ""ISW"" => """"))"
gen-1998,true,0.0330002342,0.0,0.033,BA,"(min = 0.0, max = 0.0)",0.95,"RenewableGenerationCost(CostCurve{LinearCurve}(LinearCurve(16.3717118, 401.19412), UnitSystem.NATURAL_UNITS = 2, LinearCurve(0.0, 0.0)), CostCurve{LinearCurve}(LinearCurve(0.0, 0.0), UnitSystem.NATURAL_UNITS = 2, LinearCurve(0.0, 0.0)), 0.0)",100.0,Service[],,bus-7870,7870,"Area(0, 0.0, 0.0, 0.0, Dict{String, Any}(""I"" => """", ""ARNAME"" => """", ""PTOL"" => """", ""PDES"" => """", ""ISW"" => """"))"
gen-418,true,0.104291073,0.0,0.2581181899828061,WT,"(min = -0.095, max = 0.095)",0.95,"RenewableGenerationCost(CostCurve{LinearCurve}(LinearCurve(0.0, 0.0), UnitSystem.NATURAL_UNITS = 2, LinearCurve(0.0, 0.0)), CostCurve{LinearCurve}(LinearCurve(0.0, 0.0), UnitSystem.NATURAL_UNITS = 2, LinearCurve(0.0, 0.0)), 0.0)",100.0,Service[],,bus-1783,1783,"Area(0, 0.0, 0.0, 0.0, Dict{String, Any}(""I"" => """", ""ARNAME"" => """", ""PTOL"" => """", ""PDES"" => """", ""ISW"" => """"))"
gen-1694,true,0.009082358320000001,0.0,0.10281616926620278,PVe,"(min = -0.07, max = 0.102)",0.95,"RenewableGenerationCost(CostCurve{LinearCurve}(LinearCurve(0.0, 0.0), UnitSystem.NATURAL_UNITS = 2, LinearCurve(0.0, 0.0)), CostCurve{LinearCurve}(LinearCurve(0.0, 0.0), UnitSystem.NATURAL_UNITS = 2, LinearCurve(0.0, 0.0)), 0.0)",100.0,Service[],,bus-448,448,"Area(0, 0.0, 0.0, 0.0, Dict{String, Any}(""I"" => """", ""ARNAME"" => """", ""PTOL"" => """", ""PDES"" => """", ""ISW"" => """"))"
gen-1020,true,0.0045411791600000005,0.0,0.10220465334633308,PVe,"(min = -0.07, max = 0.102)",0.95,"RenewableGenerationCost(CostCurve{LinearCurve}(LinearCurve(0.0, 0.0), UnitSystem.NATURAL_UNITS = 2, LinearCurve(0.0, 0.0)), CostCurve{LinearCurve}(LinearCurve(0.0, 0.0), UnitSystem.NATURAL_UNITS = 2, LinearCurve(0.0, 0.0)), 0.0)",100.0,Service[],,bus-2065,2065,"Area(0, 0.0, 0.0, 0.0, Dict{String, Any}(""I"" => """", ""ARNAME"" => """", ""PTOL"" => """", ""PDES"" => """", ""ISW"" => """"))"
gen-1677,true,0.408706124,0.0,0.59068810866424,PVe,"(min = -0.07, max = 0.102)",0.95,"RenewableGenerationCost(CostCurve{LinearCurve}(LinearCurve(0.0, 0.0), UnitSystem.NATURAL_UNITS = 2, LinearCurve(0.0, 0.0)), CostCurve{LinearCurve}(LinearCurve(0.0, 0.0), UnitSystem.NATURAL_UNITS = 2, LinearCurve(0.0, 0.0)), 0.0)",100.0,Service[],,bus-295,295,"Area(0, 0.0, 0.0, 0.0, Dict{String, Any}(""I"" => """", ""ARNAME"" => """", ""PTOL"" => """", ""PDES"" => """", ""ISW"" => """"))"
gen-1589,true,0.009082358320000001,0.0,0.10281616926620278,PVe,"(min = -0.07, max = 0.102)",0.95,"RenewableGenerationCost(CostCurve{LinearCurve}(LinearCurve(0.0, 0.0), UnitSystem.NATURAL_UNITS = 2, LinearCurve(0.0, 0.0)), CostCurve{LinearCurve}(LinearCurve(0.0, 0.0), UnitSystem.NATURAL_UNITS = 2, LinearCurve(0.0, 0.0)), 0.0)",100.0,Service[],,bus-573,573,"Area(0, 0.0, 0.0, 0.0, Dict{String, Any}(""I"" => """", ""ARNAME"" => """", ""PTOL"" => """", ""PDES"" => """", ""ISW"" => """"))"
gen-1654,true,0.0136235375,0.0,0.10382735906685212,PVe,"(min = -0.07, max = 0.102)",0.95,"RenewableGenerationCost(CostCurve{LinearCurve}(LinearCurve(0.0, 0.0), UnitSystem.NATURAL_UNITS = 2, LinearCurve(0.0, 0.0)), CostCurve{LinearCurve}(LinearCurve(0.0, 0.0), UnitSystem.NATURAL_UNITS = 2, LinearCurve(0.0, 0.0)), 0.0)",100.0,Service[],,bus-407,407,"Area(0, 0.0, 0.0, 0.0, Dict{String, Any}(""I"" => """", ""ARNAME"" => """", ""PTOL"" => """", ""PDES"" => """", ""ISW"" => """"))"
gen-2084,true,0.0154400091,0.0,0.10434129516028236,PVe,"(min = -0.07, max = 0.102)",0.95,"RenewableGenerationCost(CostCurve{LinearCurve}(LinearCurve(0.0, 0.0), UnitSystem.NATURAL_UNITS = 2, LinearCurve(0.0, 0.0)), CostCurve{LinearCurve}(LinearCurve(0.0, 0.0), UnitSystem.NATURAL_UNITS = 2, LinearCurve(0.0, 0.0)), 0.0)",100.0,Service[],,bus-649,649,"Area(0, 0.0, 0.0, 0.0, Dict{String, Any}(""I"" => """", ""ARNAME"" => """", ""PTOL"" => """", ""PDES"" => """", ""ISW"" => """"))"
gen-1741,true,0.009082358320000001,0.0,0.10281616926620278,PVe,"(min = -0.07, max = 0.102)",0.95,"RenewableGenerationCost(CostCurve{LinearCurve}(LinearCurve(0.0, 0.0), UnitSystem.NATURAL_UNITS = 2, LinearCurve(0.0, 0.0)), CostCurve{LinearCurve}(LinearCurve(0.0, 0.0), UnitSystem.NATURAL_UNITS = 2, LinearCurve(0.0, 0.0)), 0.0)",100.0,Service[],,bus-1025,1025,"Area(0, 0.0, 0.0, 0.0, Dict{String, Any}(""I"" => """", ""ARNAME"" => """", ""PTOL"" => """", ""PDES"" => """", ""ISW"" => """"))"
gen-1092,true,0.0045411791600000005,0.0,0.10220465334633308,PVe,"(min = -0.07, max = 0.102)",0.95,"RenewableGenerationCost(CostCurve{LinearCurve}(LinearCurve(0.0, 0.0), UnitSystem.NATURAL_UNITS = 2, LinearCurve(0.0, 0.0)), CostCurve{LinearCurve}(LinearCurve(0.0, 0.0), UnitSystem.NATURAL_UNITS = 2, LinearCurve(0.0, 0.0)), 0.0)",100.0,Service[],,bus-1846,1846,"Area(0, 0.0, 0.0, 0.0, Dict{String, Any}(""I"" => """", ""ARNAME"" => """", ""PTOL"" => """", ""PDES"" => """", ""ISW"" => """"))"
gen-1312,true,0.01089883,0.0,0.10317323836504652,PVe,"(min = -0.07, max = 0.102)",0.95,"RenewableGenerationCost(CostCurve{LinearCurve}(LinearCurve(0.0, 0.0), UnitSystem.NATURAL_UNITS = 2, LinearCurve(0.0, 0.0)), CostCurve{LinearCurve}(LinearCurve(0.0, 0.0), UnitSystem.NATURAL_UNITS = 2, LinearCurve(0.0, 0.0)), 0.0)",100.0,Service[],,bus-2267,2267,"Area(0, 0.0, 0.0, 0.0, Dict{String, Any}(""I"" => """", ""ARNAME"" => """", ""PTOL"" => """", ""PDES"" => """", ""ISW"" => """"))"
gen-1392,true,0.18346363799999998,0.0,0.2803816482350021,PVe,"(min = -0.07, max = 0.102)",0.95,"RenewableGenerationCost(CostCurve{LinearCurve}(LinearCurve(0.0, 0.0), UnitSystem.NATURAL_UNITS = 2, LinearCurve(0.0, 0.0)), CostCurve{LinearCurve}(LinearCurve(0.0, 0.0), UnitSystem.NATURAL_UNITS = 2, LinearCurve(0.0, 0.0)), 0.0)",100.0,Service[],,bus-2235,2235,"Area(0, 0.0, 0.0, 0.0, Dict{String, Any}(""I"" => """", ""ARNAME"" => """", ""PTOL"" => """", ""PDES"" => """", ""ISW"" => """"))"
gen-1288,true,1.17889011,0.0,1.6813092894058062,PVe,"(min = -0.07, max = 0.102)",0.95,"RenewableGenerationCost(CostCurve{LinearCurve}(LinearCurve(0.0, 0.0), UnitSystem.NATURAL_UNITS = 2, LinearCurve(0.0, 0.0)), CostCurve{LinearCurve}(LinearCurve(0.0, 0.0), UnitSystem.NATURAL_UNITS = 2, LinearCurve(0.0, 0.0)), 0.0)",100.0,Service[],,bus-1176,1176,"Area(0, 0.0, 0.0, 0.0, Dict{String, Any}(""I"" => """", ""ARNAME"" => """", ""PTOL"" => """", ""PDES"" => """", ""ISW"" => """"))"
gen-1309,true,0.10081417699999999,0.0,0.1760691853671788,PVe,"(min = -0.07, max = 0.102)",0.95,"RenewableGenerationCost(CostCurve{LinearCurve}(LinearCurve(0.0, 0.0), UnitSystem.NATURAL_UNITS = 2, LinearCurve(0.0, 0.0)), CostCurve{LinearCurve}(LinearCurve(0.0, 0.0), UnitSystem.NATURAL_UNITS = 2, LinearCurve(0.0, 0.0)), 0.0)",100.0,Service[],,bus-2280,2280,"Area(0, 0.0, 0.0, 0.0, Dict{String, Any}(""I"" => """", ""ARNAME"" => """", ""PTOL"" => """", ""PDES"" => """", ""ISW"" => """"))"
gen-1758,true,0.06357650819999999,0.0,0.136363735891353,PVe,"(min = -0.07, max = 0.102)",0.95,"RenewableGenerationCost(CostCurve{LinearCurve}(LinearCurve(0.0, 0.0), UnitSystem.NATURAL_UNITS = 2, LinearCurve(0.0, 0.0)), CostCurve{LinearCurve}(LinearCurve(0.0, 0.0), UnitSystem.NATURAL_UNITS = 2, LinearCurve(0.0, 0.0)), 0.0)",100.0,Service[],,bus-1953,1953,"Area(0, 0.0, 0.0, 0.0, Dict{String, Any}(""I"" => """", ""ARNAME"" => """", ""PTOL"" => """", ""PDES"" => """", ""ISW"" => """"))"
gen-1021,true,0.0045411791600000005,0.0,0.10220465334633308,PVe,"(min = -0.07, max = 0.102)",0.95,"RenewableGenerationCost(CostCurve{LinearCurve}(LinearCurve(0.0, 0.0), UnitSystem.NATURAL_UNITS = 2, LinearCurve(0.0, 0.0)), CostCurve{LinearCurve}(LinearCurve(0.0, 0.0), UnitSystem.NATURAL_UNITS = 2, LinearCurve(0.0, 0.0)), 0.0)",100.0,Service[],,bus-2065,2065,"Area(0, 0.0, 0.0, 0.0, Dict{String, Any}(""I"" => """", ""ARNAME"" => """", ""PTOL"" => """", ""PDES"" => """", ""ISW"" => """"))"
gen-1138,true,0.0045411791600000005,0.0,0.10220465334633308,PVe,"(min = -0.07, max = 0.102)",0.95,"RenewableGenerationCost(CostCurve{LinearCurve}(LinearCurve(0.0, 0.0), UnitSystem.NATURAL_UNITS = 2, LinearCurve(0.0, 0.0)), CostCurve{LinearCurve}(LinearCurve(0.0, 0.0), UnitSystem.NATURAL_UNITS = 2, LinearCurve(0.0, 0.0)), 0.0)",100.0,Service[],,bus-7830,7830,"Area(0, 0.0, 0.0, 0.0, Dict{String, Any}(""I"" => """", ""ARNAME"" => """", ""PTOL"" => """", ""PDES"" => """", ""ISW"" => """"))"
gen-1536,true,0.241590731,0.0,0.3587241680771669,PVe,"(min = -0.07, max = 0.102)",0.95,"RenewableGenerationCost(CostCurve{LinearCurve}(LinearCurve(0.0, 0.0), UnitSystem.NATURAL_UNITS = 2, LinearCurve(0.0, 0.0)), CostCurve{LinearCurve}(LinearCurve(0.0, 0.0), UnitSystem.NATURAL_UNITS = 2, LinearCurve(0.0, 0.0)), 0.0)",100.0,Service[],,bus-7889,7889,"Area(0, 0.0, 0.0, 0.0, Dict{String, Any}(""I"" => """", ""ARNAME"" => """", ""PTOL"" => """", ""PDES"" => """", ""ISW"" => """"))"
gen-1812,true,0.18164716599999997,0.0,0.27797457623060623,PVe,"(min = -0.07, max = 0.102)",0.95,"RenewableGenerationCost(CostCurve{LinearCurve}(LinearCurve(0.0, 0.0), UnitSystem.NATURAL_UNITS = 2, LinearCurve(0.0, 0.0)), CostCurve{LinearCurve}(LinearCurve(0.0, 0.0), UnitSystem.NATURAL_UNITS = 2, LinearCurve(0.0, 0.0)), 0.0)",100.0,Service[],,bus-2314,2314,"Area(0, 0.0, 0.0, 0.0, Dict{String, Any}(""I"" => """", ""ARNAME"" => """", ""PTOL"" => """", ""PDES"" => """", ""ISW"" => """"))"
gen-1112,true,0.0045411791600000005,0.0,0.10220465334633308,PVe,"(min = -0.07, max = 0.102)",0.95,"RenewableGenerationCost(CostCurve{LinearCurve}(LinearCurve(0.0, 0.0), UnitSystem.NATURAL_UNITS = 2, LinearCurve(0.0, 0.0)), CostCurve{LinearCurve}(LinearCurve(0.0, 0.0), UnitSystem.NATURAL_UNITS = 2, LinearCurve(0.0, 0.0)), 0.0)",100.0,Service[],,bus-8315,8315,"Area(0, 0.0, 0.0, 0.0, Dict{String, Any}(""I"" => """", ""ARNAME"" => """", ""PTOL"" => """", ""PDES"" => """", ""ISW"" => """"))"
gen-1662,true,0.0454117916,0.0,0.12076057537297331,PVe,"(min = -0.07, max = 0.102)",0.95,"RenewableGenerationCost(CostCurve{LinearCurve}(LinearCurve(0.0, 0.0), UnitSystem.NATURAL_UNITS = 2, LinearCurve(0.0, 0.0)), CostCurve{LinearCurve}(LinearCurve(0.0, 0.0), UnitSystem.NATURAL_UNITS = 2, LinearCurve(0.0, 0.0)), 0.0)",100.0,Service[],,bus-1541,1541,"Area(0, 0.0, 0.0, 0.0, Dict{String, Any}(""I"" => """", ""ARNAME"" => """", ""PTOL"" => """", ""PDES"" => """", ""ISW"" => """"))"
gen-609,true,0.134709302,0.0,0.33351011978649164,WT,"(min = -0.12300000000000001, max = 0.12300000000000001)",0.95,"RenewableGenerationCost(CostCurve{LinearCurve}(LinearCurve(0.0, 0.0), UnitSystem.NATURAL_UNITS = 2, LinearCurve(0.0, 0.0)), CostCurve{LinearCurve}(LinearCurve(0.0, 0.0), UnitSystem.NATURAL_UNITS = 2, LinearCurve(0.0, 0.0)), 0.0)",100.0,Service[],,bus-1852,1852,"Area(0, 0.0, 0.0, 0.0, Dict{String, Any}(""I"" => """", ""ARNAME"" => """", ""PTOL"" => """", ""PDES"" => """", ""ISW"" => """"))"
gen-1345,true,0.5736009,0.0,1.341434139688129,WT,"(min = -0.225631579, max = 0.23884210499999997)",0.95,"RenewableGenerationCost(CostCurve{LinearCurve}(LinearCurve(0.0, 0.0), UnitSystem.NATURAL_UNITS = 2, LinearCurve(0.0, 0.0)), CostCurve{LinearCurve}(LinearCurve(0.0, 0.0), UnitSystem.NATURAL_UNITS = 2, LinearCurve(0.0, 0.0)), 0.0)",100.0,Service[],,bus-295,295,"Area(0, 0.0, 0.0, 0.0, Dict{String, Any}(""I"" => """", ""ARNAME"" => """", ""PTOL"" => """", ""PDES"" => """", ""ISW"" => """"))"
gen-1504,true,0.0136235375,0.0,0.10382735906685212,PVe,"(min = -0.07, max = 0.102)",0.95,"RenewableGenerationCost(CostCurve{LinearCurve}(LinearCurve(0.0, 0.0), UnitSystem.NATURAL_UNITS = 2, LinearCurve(0.0, 0.0)), CostCurve{LinearCurve}(LinearCurve(0.0, 0.0), UnitSystem.NATURAL_UNITS = 2, LinearCurve(0.0, 0.0)), 0.0)",100.0,Service[],,bus-8340,8340,"Area(0, 0.0, 0.0, 0.0, Dict{String, Any}(""I"" => """", ""ARNAME"" => """", ""PTOL"" => """", ""PDES"" => """", ""ISW"" => """"))"
gen-1174,true,0.0347636909,0.0,0.25188400330475735,WT,"(min = -0.225631579, max = 0.23884210499999997)",0.95,"RenewableGenerationCost(CostCurve{LinearCurve}(LinearCurve(0.0, 0.0), UnitSystem.NATURAL_UNITS = 2, LinearCurve(0.0, 0.0)), CostCurve{LinearCurve}(LinearCurve(0.0, 0.0), UnitSystem.NATURAL_UNITS = 2, LinearCurve(0.0, 0.0)), 0.0)",100.0,Service[],,bus-2407,2407,"Area(0, 0.0, 0.0, 0.0, Dict{String, Any}(""I"" => """", ""ARNAME"" => """", ""PTOL"" => """", ""PDES"" => """", ""ISW"" => """"))"
gen-1806,true,0.0118070658,0.0,0.1033755690629169,PVe,"(min = -0.07, max = 0.102)",0.95,"RenewableGenerationCost(CostCurve{LinearCurve}(LinearCurve(0.0, 0.0), UnitSystem.NATURAL_UNITS = 2, LinearCurve(0.0, 0.0)), CostCurve{LinearCurve}(LinearCurve(0.0, 0.0), UnitSystem.NATURAL_UNITS = 2, LinearCurve(0.0, 0.0)), 0.0)",100.0,Service[],,bus-8600,8600,"Area(0, 0.0, 0.0, 0.0, Dict{String, Any}(""I"" => """", ""ARNAME"" => """", ""PTOL"" => """", ""PDES"" => """", ""ISW"" => """"))"
gen-1028,true,0.0027247075,0.0,0.10207372247367037,PVe,"(min = -0.07, max = 0.102)",0.95,"RenewableGenerationCost(CostCurve{LinearCurve}(LinearCurve(0.0, 0.0), UnitSystem.NATURAL_UNITS = 2, LinearCurve(0.0, 0.0)), CostCurve{LinearCurve}(LinearCurve(0.0, 0.0), UnitSystem.NATURAL_UNITS = 2, LinearCurve(0.0, 0.0)), 0.0)",100.0,Service[],,bus-562,562,"Area(0, 0.0, 0.0, 0.0, Dict{String, Any}(""I"" => """", ""ARNAME"" => """", ""PTOL"" => """", ""PDES"" => """", ""ISW"" => """"))"
gen-1924,true,0.027247073,0.0,0.10912599123576455,PVe,"(min = -0.07, max = 0.102)",0.95,"RenewableGenerationCost(CostCurve{LinearCurve}(LinearCurve(0.0, 0.0), UnitSystem.NATURAL_UNITS = 2, LinearCurve(0.0, 0.0)), CostCurve{LinearCurve}(LinearCurve(0.0, 0.0), UnitSystem.NATURAL_UNITS = 2, LinearCurve(0.0, 0.0)), 0.0)",100.0,Service[],,bus-1846,1846,"Area(0, 0.0, 0.0, 0.0, Dict{String, Any}(""I"" => """", ""ARNAME"" => """", ""PTOL"" => """", ""PDES"" => """", ""ISW"" => """"))"
gen-790,true,0.0417164291,0.0,0.25741319142738395,WT,"(min = -0.225631579, max = 0.23884210499999997)",0.95,"RenewableGenerationCost(CostCurve{LinearCurve}(LinearCurve(0.0, 0.0), UnitSystem.NATURAL_UNITS = 2, LinearCurve(0.0, 0.0)), CostCurve{LinearCurve}(LinearCurve(0.0, 0.0), UnitSystem.NATURAL_UNITS = 2, LinearCurve(0.0, 0.0)), 0.0)",100.0,Service[],,bus-1848,1848,"Area(0, 0.0, 0.0, 0.0, Dict{String, Any}(""I"" => """", ""ARNAME"" => """", ""PTOL"" => """", ""PDES"" => """", ""ISW"" => """"))"
gen-1666,true,0.0136235375,0.0,0.10382735906685212,PVe,"(min = -0.07, max = 0.102)",0.95,"RenewableGenerationCost(CostCurve{LinearCurve}(LinearCurve(0.0, 0.0), UnitSystem.NATURAL_UNITS = 2, LinearCurve(0.0, 0.0)), CostCurve{LinearCurve}(LinearCurve(0.0, 0.0), UnitSystem.NATURAL_UNITS = 2, LinearCurve(0.0, 0.0)), 0.0)",100.0,Service[],,bus-385,385,"Area(0, 0.0, 0.0, 0.0, Dict{String, Any}(""I"" => """", ""ARNAME"" => """", ""PTOL"" => """", ""PDES"" => """", ""ISW"" => """"))"
gen-1869,true,0.7720004570000001,0.0,1.1037067949926331,PVe,"(min = -0.07, max = 0.102)",0.95,"RenewableGenerationCost(CostCurve{LinearCurve}(LinearCurve(0.0, 0.0), UnitSystem.NATURAL_UNITS = 2, LinearCurve(0.0, 0.0)), CostCurve{LinearCurve}(LinearCurve(0.0, 0.0), UnitSystem.NATURAL_UNITS = 2, LinearCurve(0.0, 0.0)), 0.0)",100.0,Service[],,bus-8340,8340,"Area(0, 0.0, 0.0, 0.0, Dict{String, Any}(""I"" => """", ""ARNAME"" => """", ""PTOL"" => """", ""PDES"" => """", ""ISW"" => """"))"
gen-1690,true,0.0136235375,0.0,0.10382735906685212,PVe,"(min = -0.07, max = 0.102)",0.95,"RenewableGenerationCost(CostCurve{LinearCurve}(LinearCurve(0.0, 0.0), UnitSystem.NATURAL_UNITS = 2, LinearCurve(0.0, 0.0)), CostCurve{LinearCurve}(LinearCurve(0.0, 0.0), UnitSystem.NATURAL_UNITS = 2, LinearCurve(0.0, 0.0)), 0.0)",100.0,Service[],,bus-448,448,"Area(0, 0.0, 0.0, 0.0, Dict{String, Any}(""I"" => """", ""ARNAME"" => """", ""PTOL"" => """", ""PDES"" => """", ""ISW"" => """"))"
gen-1580,true,0.18164716599999997,0.0,0.27797457623060623,PVe,"(min = -0.07, max = 0.102)",0.95,"RenewableGenerationCost(CostCurve{LinearCurve}(LinearCurve(0.0, 0.0), UnitSystem.NATURAL_UNITS = 2, LinearCurve(0.0, 0.0)), CostCurve{LinearCurve}(LinearCurve(0.0, 0.0), UnitSystem.NATURAL_UNITS = 2, LinearCurve(0.0, 0.0)), 0.0)",100.0,Service[],,bus-308,308,"Area(0, 0.0, 0.0, 0.0, Dict{String, Any}(""I"" => """", ""ARNAME"" => """", ""PTOL"" => """", ""PDES"" => """", ""ISW"" => """"))"
gen-1895,true,0.0363294333,0.0,0.11436185815744428,PVe,"(min = -0.07, max = 0.102)",0.95,"RenewableGenerationCost(CostCurve{LinearCurve}(LinearCurve(0.0, 0.0), UnitSystem.NATURAL_UNITS = 2, LinearCurve(0.0, 0.0)), CostCurve{LinearCurve}(LinearCurve(0.0, 0.0), UnitSystem.NATURAL_UNITS = 2, LinearCurve(0.0, 0.0)), 0.0)",100.0,Service[],,bus-209,209,"Area(0, 0.0, 0.0, 0.0, Dict{String, Any}(""I"" => """", ""ARNAME"" => """", ""PTOL"" => """", ""PDES"" => """", ""ISW"" => """"))"
gen-1489,true,0.0063576508200000005,0.0,0.10240073576231015,PVe,"(min = -0.07, max = 0.102)",0.95,"RenewableGenerationCost(CostCurve{LinearCurve}(LinearCurve(0.0, 0.0), UnitSystem.NATURAL_UNITS = 2, LinearCurve(0.0, 0.0)), CostCurve{LinearCurve}(LinearCurve(0.0, 0.0), UnitSystem.NATURAL_UNITS = 2, LinearCurve(0.0, 0.0)), 0.0)",100.0,Service[],,bus-8302,8302,"Area(0, 0.0, 0.0, 0.0, Dict{String, Any}(""I"" => """", ""ARNAME"" => """", ""PTOL"" => """", ""PDES"" => """", ""ISW"" => """"))"
gen-1325,true,0.01089883,0.0,0.10317323836504652,PVe,"(min = -0.07, max = 0.102)",0.95,"RenewableGenerationCost(CostCurve{LinearCurve}(LinearCurve(0.0, 0.0), UnitSystem.NATURAL_UNITS = 2, LinearCurve(0.0, 0.0)), CostCurve{LinearCurve}(LinearCurve(0.0, 0.0), UnitSystem.NATURAL_UNITS = 2, LinearCurve(0.0, 0.0)), 0.0)",100.0,Service[],,bus-385,385,"Area(0, 0.0, 0.0, 0.0, Dict{String, Any}(""I"" => """", ""ARNAME"" => """", ""PTOL"" => """", ""PDES"" => """", ""ISW"" => """"))"
gen-2076,true,0.009082358320000001,0.0,0.10281616926620278,PVe,"(min = -0.07, max = 0.102)",0.95,"RenewableGenerationCost(CostCurve{LinearCurve}(LinearCurve(0.0, 0.0), UnitSystem.NATURAL_UNITS = 2, LinearCurve(0.0, 0.0)), CostCurve{LinearCurve}(LinearCurve(0.0, 0.0), UnitSystem.NATURAL_UNITS = 2, LinearCurve(0.0, 0.0)), 0.0)",100.0,Service[],,bus-1796,1796,"Area(0, 0.0, 0.0, 0.0, Dict{String, Any}(""I"" => """", ""ARNAME"" => """", ""PTOL"" => """", ""PDES"" => """", ""ISW"" => """"))"
gen-1518,true,0.585812111,0.0,0.8401492647044145,PVe,"(min = -0.07, max = 0.102)",0.95,"RenewableGenerationCost(CostCurve{LinearCurve}(LinearCurve(0.0, 0.0), UnitSystem.NATURAL_UNITS = 2, LinearCurve(0.0, 0.0)), CostCurve{LinearCurve}(LinearCurve(0.0, 0.0), UnitSystem.NATURAL_UNITS = 2, LinearCurve(0.0, 0.0)), 0.0)",100.0,Service[],,bus-2314,2314,"Area(0, 0.0, 0.0, 0.0, Dict{String, Any}(""I"" => """", ""ARNAME"" => """", ""PTOL"" => """", ""PDES"" => """", ""ISW"" => """"))"
gen-1571,true,0.359661389,0.0,0.5220583657264254,PVe,"(min = -0.07, max = 0.102)",0.95,"RenewableGenerationCost(CostCurve{LinearCurve}(LinearCurve(0.0, 0.0), UnitSystem.NATURAL_UNITS = 2, LinearCurve(0.0, 0.0)), CostCurve{LinearCurve}(LinearCurve(0.0, 0.0), UnitSystem.NATURAL_UNITS = 2, LinearCurve(0.0, 0.0)), 0.0)",100.0,Service[],,bus-8185,8185,"Area(0, 0.0, 0.0, 0.0, Dict{String, Any}(""I"" => """", ""ARNAME"" => """", ""PTOL"" => """", ""PDES"" => """", ""ISW"" => """"))"
gen-1491,true,0.009082358320000001,0.0,0.10281616926620278,PVe,"(min = -0.07, max = 0.102)",0.95,"RenewableGenerationCost(CostCurve{LinearCurve}(LinearCurve(0.0, 0.0), UnitSystem.NATURAL_UNITS = 2, LinearCurve(0.0, 0.0)), CostCurve{LinearCurve}(LinearCurve(0.0, 0.0), UnitSystem.NATURAL_UNITS = 2, LinearCurve(0.0, 0.0)), 0.0)",100.0,Service[],,bus-1442,1442,"Area(0, 0.0, 0.0, 0.0, Dict{String, Any}(""I"" => """", ""ARNAME"" => """", ""PTOL"" => """", ""PDES"" => """", ""ISW"" => """"))"
gen-1987,true,0.0136235375,0.0,0.10382735906685212,PVe,"(min = -0.07, max = 0.102)",0.95,"RenewableGenerationCost(CostCurve{LinearCurve}(LinearCurve(0.0, 0.0), UnitSystem.NATURAL_UNITS = 2, LinearCurve(0.0, 0.0)), CostCurve{LinearCurve}(LinearCurve(0.0, 0.0), UnitSystem.NATURAL_UNITS = 2, LinearCurve(0.0, 0.0)), 0.0)",100.0,Service[],,bus-1923,1923,"Area(0, 0.0, 0.0, 0.0, Dict{String, Any}(""I"" => """", ""ARNAME"" => """", ""PTOL"" => """", ""PDES"" => """", ""ISW"" => """"))"
gen-1477,true,0.0136235375,0.0,0.10382735906685212,PVe,"(min = -0.07, max = 0.102)",0.95,"RenewableGenerationCost(CostCurve{LinearCurve}(LinearCurve(0.0, 0.0), UnitSystem.NATURAL_UNITS = 2, LinearCurve(0.0, 0.0)), CostCurve{LinearCurve}(LinearCurve(0.0, 0.0), UnitSystem.NATURAL_UNITS = 2, LinearCurve(0.0, 0.0)), 0.0)",100.0,Service[],,bus-2268,2268,"Area(0, 0.0, 0.0, 0.0, Dict{String, Any}(""I"" => """", ""ARNAME"" => """", ""PTOL"" => """", ""PDES"" => """", ""ISW"" => """"))"
gen-1192,true,2.2978366500000003,0.0,3.2726819082312293,PVe,"(min = -0.07, max = 0.102)",0.95,"RenewableGenerationCost(CostCurve{LinearCurve}(LinearCurve(0.0, 0.0), UnitSystem.NATURAL_UNITS = 2, LinearCurve(0.0, 0.0)), CostCurve{LinearCurve}(LinearCurve(0.0, 0.0), UnitSystem.NATURAL_UNITS = 2, LinearCurve(0.0, 0.0)), 0.0)",100.0,Service[],,bus-471,471,"Area(0, 0.0, 0.0, 0.0, Dict{String, Any}(""I"" => """", ""ARNAME"" => """", ""PTOL"" => """", ""PDES"" => """", ""ISW"" => """"))"
gen-1691,true,0.009082358320000001,0.0,0.10281616926620278,PVe,"(min = -0.07, max = 0.102)",0.95,"RenewableGenerationCost(CostCurve{LinearCurve}(LinearCurve(0.0, 0.0), UnitSystem.NATURAL_UNITS = 2, LinearCurve(0.0, 0.0)), CostCurve{LinearCurve}(LinearCurve(0.0, 0.0), UnitSystem.NATURAL_UNITS = 2, LinearCurve(0.0, 0.0)), 0.0)",100.0,Service[],,bus-448,448,"Area(0, 0.0, 0.0, 0.0, Dict{String, Any}(""I"" => """", ""ARNAME"" => """", ""PTOL"" => """", ""PDES"" => """", ""ISW"" => """"))"
gen-1097,true,0.0045411791600000005,0.0,0.10220465334633308,PVe,"(min = -0.07, max = 0.102)",0.95,"RenewableGenerationCost(CostCurve{LinearCurve}(LinearCurve(0.0, 0.0), UnitSystem.NATURAL_UNITS = 2, LinearCurve(0.0, 0.0)), CostCurve{LinearCurve}(LinearCurve(0.0, 0.0), UnitSystem.NATURAL_UNITS = 2, LinearCurve(0.0, 0.0)), 0.0)",100.0,Service[],,bus-1846,1846,"Area(0, 0.0, 0.0, 0.0, Dict{String, Any}(""I"" => """", ""ARNAME"" => """", ""PTOL"" => """", ""PDES"" => """", ""ISW"" => """"))"
gen-1373,true,0.621400975,0.0,1.44980879812506,WT,"(min = -0.225631579, max = 0.23884210499999997)",0.95,"RenewableGenerationCost(CostCurve{LinearCurve}(LinearCurve(0.0, 0.0), UnitSystem.NATURAL_UNITS = 2, LinearCurve(0.0, 0.0)), CostCurve{LinearCurve}(LinearCurve(0.0, 0.0), UnitSystem.NATURAL_UNITS = 2, LinearCurve(0.0, 0.0)), 0.0)",100.0,Service[],,bus-1053,1053,"Area(0, 0.0, 0.0, 0.0, Dict{String, Any}(""I"" => """", ""ARNAME"" => """", ""PTOL"" => """", ""PDES"" => """", ""ISW"" => """"))"
gen-494,true,0.310616654,0.0,0.47231184175837176,PVe,"(min = -0.114, max = 0.166)",0.95,"RenewableGenerationCost(CostCurve{LinearCurve}(LinearCurve(0.0, 0.0), UnitSystem.NATURAL_UNITS = 2, LinearCurve(0.0, 0.0)), CostCurve{LinearCurve}(LinearCurve(0.0, 0.0), UnitSystem.NATURAL_UNITS = 2, LinearCurve(0.0, 0.0)), 0.0)",100.0,Service[],,bus-1826,1826,"Area(0, 0.0, 0.0, 0.0, Dict{String, Any}(""I"" => """", ""ARNAME"" => """", ""PTOL"" => """", ""PDES"" => """", ""ISW"" => """"))"
gen-1994,true,0.0100000674,0.0,0.01,BA,"(min = 0.0, max = 0.0)",0.95,"RenewableGenerationCost(CostCurve{LinearCurve}(LinearCurve(16.3717118, 401.19412), UnitSystem.NATURAL_UNITS = 2, LinearCurve(0.0, 0.0)), CostCurve{LinearCurve}(LinearCurve(0.0, 0.0), UnitSystem.NATURAL_UNITS = 2, LinearCurve(0.0, 0.0)), 0.0)",100.0,Service[],,bus-7731,7731,"Area(0, 0.0, 0.0, 0.0, Dict{String, Any}(""I"" => """", ""ARNAME"" => """", ""PTOL"" => """", ""PDES"" => """", ""ISW"" => """"))"
gen-1753,true,0.0136235375,0.0,0.10382735906685212,PVe,"(min = -0.07, max = 0.102)",0.95,"RenewableGenerationCost(CostCurve{LinearCurve}(LinearCurve(0.0, 0.0), UnitSystem.NATURAL_UNITS = 2, LinearCurve(0.0, 0.0)), CostCurve{LinearCurve}(LinearCurve(0.0, 0.0), UnitSystem.NATURAL_UNITS = 2, LinearCurve(0.0, 0.0)), 0.0)",100.0,Service[],,bus-1025,1025,"Area(0, 0.0, 0.0, 0.0, Dict{String, Any}(""I"" => """", ""ARNAME"" => """", ""PTOL"" => """", ""PDES"" => """", ""ISW"" => """"))"
gen-1705,true,0.0136235375,0.0,0.10382735906685212,PVe,"(min = -0.07, max = 0.102)",0.95,"RenewableGenerationCost(CostCurve{LinearCurve}(LinearCurve(0.0, 0.0), UnitSystem.NATURAL_UNITS = 2, LinearCurve(0.0, 0.0)), CostCurve{LinearCurve}(LinearCurve(0.0, 0.0), UnitSystem.NATURAL_UNITS = 2, LinearCurve(0.0, 0.0)), 0.0)",100.0,Service[],,bus-1429,1429,"Area(0, 0.0, 0.0, 0.0, Dict{String, Any}(""I"" => """", ""ARNAME"" => """", ""PTOL"" => """", ""PDES"" => """", ""ISW"" => """"))"
gen-1030,true,0.0027247075,0.0,0.10207372247367037,PVe,"(min = -0.07, max = 0.102)",0.95,"RenewableGenerationCost(CostCurve{LinearCurve}(LinearCurve(0.0, 0.0), UnitSystem.NATURAL_UNITS = 2, LinearCurve(0.0, 0.0)), CostCurve{LinearCurve}(LinearCurve(0.0, 0.0), UnitSystem.NATURAL_UNITS = 2, LinearCurve(0.0, 0.0)), 0.0)",100.0,Service[],,bus-562,562,"Area(0, 0.0, 0.0, 0.0, Dict{String, Any}(""I"" => """", ""ARNAME"" => """", ""PTOL"" => """", ""PDES"" => """", ""ISW"" => """"))"
gen-1950,true,0.009082358320000001,0.0,0.10281616926620278,PVe,"(min = -0.07, max = 0.102)",0.95,"RenewableGenerationCost(CostCurve{LinearCurve}(LinearCurve(0.0, 0.0), UnitSystem.NATURAL_UNITS = 2, LinearCurve(0.0, 0.0)), CostCurve{LinearCurve}(LinearCurve(0.0, 0.0), UnitSystem.NATURAL_UNITS = 2, LinearCurve(0.0, 0.0)), 0.0)",100.0,Service[],,bus-1418,1418,"Area(0, 0.0, 0.0, 0.0, Dict{String, Any}(""I"" => """", ""ARNAME"" => """", ""PTOL"" => """", ""PDES"" => """", ""ISW"" => """"))"
gen-1598,true,0.206169534,0.0,0.31071253433159923,PVe,"(min = -0.07, max = 0.102)",0.95,"RenewableGenerationCost(CostCurve{LinearCurve}(LinearCurve(0.0, 0.0), UnitSystem.NATURAL_UNITS = 2, LinearCurve(0.0, 0.0)), CostCurve{LinearCurve}(LinearCurve(0.0, 0.0), UnitSystem.NATURAL_UNITS = 2, LinearCurve(0.0, 0.0)), 0.0)",100.0,Service[],,bus-2235,2235,"Area(0, 0.0, 0.0, 0.0, Dict{String, Any}(""I"" => """", ""ARNAME"" => """", ""PTOL"" => """", ""PDES"" => """", ""ISW"" => """"))"
gen-1105,true,0.0045411791600000005,0.0,0.10220465334633308,PVe,"(min = -0.07, max = 0.102)",0.95,"RenewableGenerationCost(CostCurve{LinearCurve}(LinearCurve(0.0, 0.0), UnitSystem.NATURAL_UNITS = 2, LinearCurve(0.0, 0.0)), CostCurve{LinearCurve}(LinearCurve(0.0, 0.0), UnitSystem.NATURAL_UNITS = 2, LinearCurve(0.0, 0.0)), 0.0)",100.0,Service[],,bus-7808,7808,"Area(0, 0.0, 0.0, 0.0, Dict{String, Any}(""I"" => """", ""ARNAME"" => """", ""PTOL"" => """", ""PDES"" => """", ""ISW"" => """"))"
gen-1576,true,0.33150607899999995,0.0,0.4828137545918811,PVe,"(min = -0.07, max = 0.102)",0.95,"RenewableGenerationCost(CostCurve{LinearCurve}(LinearCurve(0.0, 0.0), UnitSystem.NATURAL_UNITS = 2, LinearCurve(0.0, 0.0)), CostCurve{LinearCurve}(LinearCurve(0.0, 0.0), UnitSystem.NATURAL_UNITS = 2, LinearCurve(0.0, 0.0)), 0.0)",100.0,Service[],,bus-8185,8185,"Area(0, 0.0, 0.0, 0.0, Dict{String, Any}(""I"" => """", ""ARNAME"" => """", ""PTOL"" => """", ""PDES"" => """", ""ISW"" => """"))"
gen-1200,true,0.36329433299999997,0.0,0.5271313499710869,PVe,"(min = -0.07, max = 0.102)",0.95,"RenewableGenerationCost(CostCurve{LinearCurve}(LinearCurve(0.0, 0.0), UnitSystem.NATURAL_UNITS = 2, LinearCurve(0.0, 0.0)), CostCurve{LinearCurve}(LinearCurve(0.0, 0.0), UnitSystem.NATURAL_UNITS = 2, LinearCurve(0.0, 0.0)), 0.0)",100.0,Service[],,bus-1176,1176,"Area(0, 0.0, 0.0, 0.0, Dict{String, Any}(""I"" => """", ""ARNAME"" => """", ""PTOL"" => """", ""PDES"" => """", ""ISW"" => """"))"
gen-1241,true,0.136235375,0.0,0.2191256467867331,PVe,"(min = -0.07, max = 0.102)",0.95,"RenewableGenerationCost(CostCurve{LinearCurve}(LinearCurve(0.0, 0.0), UnitSystem.NATURAL_UNITS = 2, LinearCurve(0.0, 0.0)), CostCurve{LinearCurve}(LinearCurve(0.0, 0.0), UnitSystem.NATURAL_UNITS = 2, LinearCurve(0.0, 0.0)), 0.0)",100.0,Service[],,bus-8231,8231,"Area(0, 0.0, 0.0, 0.0, Dict{String, Any}(""I"" => """", ""ARNAME"" => """", ""PTOL"" => """", ""PDES"" => """", ""ISW"" => """"))"
gen-1317,true,0.0454117916,0.0,0.12076057537297331,PVe,"(min = -0.07, max = 0.102)",0.95,"RenewableGenerationCost(CostCurve{LinearCurve}(LinearCurve(0.0, 0.0), UnitSystem.NATURAL_UNITS = 2, LinearCurve(0.0, 0.0)), CostCurve{LinearCurve}(LinearCurve(0.0, 0.0), UnitSystem.NATURAL_UNITS = 2, LinearCurve(0.0, 0.0)), 0.0)",100.0,Service[],,bus-2351,2351,"Area(0, 0.0, 0.0, 0.0, Dict{String, Any}(""I"" => """", ""ARNAME"" => """", ""PTOL"" => """", ""PDES"" => """", ""ISW"" => """"))"
gen-1892,true,0.454117916,0.0,0.6544582923618256,PVe,"(min = -0.07, max = 0.102)",0.95,"RenewableGenerationCost(CostCurve{LinearCurve}(LinearCurve(0.0, 0.0), UnitSystem.NATURAL_UNITS = 2, LinearCurve(0.0, 0.0)), CostCurve{LinearCurve}(LinearCurve(0.0, 0.0), UnitSystem.NATURAL_UNITS = 2, LinearCurve(0.0, 0.0)), 0.0)",100.0,Service[],,bus-1712,1712,"Area(0, 0.0, 0.0, 0.0, Dict{String, Any}(""I"" => """", ""ARNAME"" => """", ""PTOL"" => """", ""PDES"" => """", ""ISW"" => """"))"
gen-2030,true,0.01089883,0.0,0.10317323836504652,PVe,"(min = -0.07, max = 0.102)",0.95,"RenewableGenerationCost(CostCurve{LinearCurve}(LinearCurve(0.0, 0.0), UnitSystem.NATURAL_UNITS = 2, LinearCurve(0.0, 0.0)), CostCurve{LinearCurve}(LinearCurve(0.0, 0.0), UnitSystem.NATURAL_UNITS = 2, LinearCurve(0.0, 0.0)), 0.0)",100.0,Service[],,bus-8572,8572,"Area(0, 0.0, 0.0, 0.0, Dict{String, Any}(""I"" => """", ""ARNAME"" => """", ""PTOL"" => """", ""PDES"" => """", ""ISW"" => """"))"
gen-1448,true,0.0027247075,0.0,0.10207372247367037,PVe,"(min = -0.07, max = 0.102)",0.95,"RenewableGenerationCost(CostCurve{LinearCurve}(LinearCurve(0.0, 0.0), UnitSystem.NATURAL_UNITS = 2, LinearCurve(0.0, 0.0)), CostCurve{LinearCurve}(LinearCurve(0.0, 0.0), UnitSystem.NATURAL_UNITS = 2, LinearCurve(0.0, 0.0)), 0.0)",100.0,Service[],,bus-2030,2030,"Area(0, 0.0, 0.0, 0.0, Dict{String, Any}(""I"" => """", ""ARNAME"" => """", ""PTOL"" => """", ""PDES"" => """", ""ISW"" => """"))"
gen-1366,true,0.0045411791600000005,0.0,0.10220465334633308,PVe,"(min = -0.07, max = 0.102)",0.95,"RenewableGenerationCost(CostCurve{LinearCurve}(LinearCurve(0.0, 0.0), UnitSystem.NATURAL_UNITS = 2, LinearCurve(0.0, 0.0)), CostCurve{LinearCurve}(LinearCurve(0.0, 0.0), UnitSystem.NATURAL_UNITS = 2, LinearCurve(0.0, 0.0)), 0.0)",100.0,Service[],,bus-8315,8315,"Area(0, 0.0, 0.0, 0.0, Dict{String, Any}(""I"" => """", ""ARNAME"" => """", ""PTOL"" => """", ""PDES"" => """", ""ISW"" => """"))"
gen-2071,true,0.027247075,0.0,0.10912599123576455,PVe,"(min = -0.07, max = 0.102)",0.95,"RenewableGenerationCost(CostCurve{LinearCurve}(LinearCurve(0.0, 0.0), UnitSystem.NATURAL_UNITS = 2, LinearCurve(0.0, 0.0)), CostCurve{LinearCurve}(LinearCurve(0.0, 0.0), UnitSystem.NATURAL_UNITS = 2, LinearCurve(0.0, 0.0)), 0.0)",100.0,Service[],,bus-1553,1553,"Area(0, 0.0, 0.0, 0.0, Dict{String, Any}(""I"" => """", ""ARNAME"" => """", ""PTOL"" => """", ""PDES"" => """", ""ISW"" => """"))"
gen-1095,true,0.0045411791600000005,0.0,0.10220465334633308,PVe,"(min = -0.07, max = 0.102)",0.95,"RenewableGenerationCost(CostCurve{LinearCurve}(LinearCurve(0.0, 0.0), UnitSystem.NATURAL_UNITS = 2, LinearCurve(0.0, 0.0)), CostCurve{LinearCurve}(LinearCurve(0.0, 0.0), UnitSystem.NATURAL_UNITS = 2, LinearCurve(0.0, 0.0)), 0.0)",100.0,Service[],,bus-1846,1846,"Area(0, 0.0, 0.0, 0.0, Dict{String, Any}(""I"" => """", ""ARNAME"" => """", ""PTOL"" => """", ""PDES"" => """", ""ISW"" => """"))"
gen-1560,true,0.009082358320000001,0.0,0.10281616926620278,PVe,"(min = -0.07, max = 0.102)",0.95,"RenewableGenerationCost(CostCurve{LinearCurve}(LinearCurve(0.0, 0.0), UnitSystem.NATURAL_UNITS = 2, LinearCurve(0.0, 0.0)), CostCurve{LinearCurve}(LinearCurve(0.0, 0.0), UnitSystem.NATURAL_UNITS = 2, LinearCurve(0.0, 0.0)), 0.0)",100.0,Service[],,bus-1993,1993,"Area(0, 0.0, 0.0, 0.0, Dict{String, Any}(""I"" => """", ""ARNAME"" => """", ""PTOL"" => """", ""PDES"" => """", ""ISW"" => """"))"
gen-808,true,0.20336759199999999,0.0,0.5032385120397682,WT,"(min = -0.185, max = 0.185)",0.95,"RenewableGenerationCost(CostCurve{LinearCurve}(LinearCurve(0.0, 0.0), UnitSystem.NATURAL_UNITS = 2, LinearCurve(0.0, 0.0)), CostCurve{LinearCurve}(LinearCurve(0.0, 0.0), UnitSystem.NATURAL_UNITS = 2, LinearCurve(0.0, 0.0)), 0.0)",100.0,Service[],,bus-1933,1933,"Area(0, 0.0, 0.0, 0.0, Dict{String, Any}(""I"" => """", ""ARNAME"" => """", ""PTOL"" => """", ""PDES"" => """", ""ISW"" => """"))"
gen-2054,true,0.0281553108,0.0,0.10959220959609017,PVe,"(min = -0.07, max = 0.102)",0.95,"RenewableGenerationCost(CostCurve{LinearCurve}(LinearCurve(0.0, 0.0), UnitSystem.NATURAL_UNITS = 2, LinearCurve(0.0, 0.0)), CostCurve{LinearCurve}(LinearCurve(0.0, 0.0), UnitSystem.NATURAL_UNITS = 2, LinearCurve(0.0, 0.0)), 0.0)",100.0,Service[],,bus-8739,8739,"Area(0, 0.0, 0.0, 0.0, Dict{String, Any}(""I"" => """", ""ARNAME"" => """", ""PTOL"" => """", ""PDES"" => """", ""ISW"" => """"))"
gen-1242,true,0.136235375,0.0,0.2191256467867331,PVe,"(min = -0.07, max = 0.102)",0.95,"RenewableGenerationCost(CostCurve{LinearCurve}(LinearCurve(0.0, 0.0), UnitSystem.NATURAL_UNITS = 2, LinearCurve(0.0, 0.0)), CostCurve{LinearCurve}(LinearCurve(0.0, 0.0), UnitSystem.NATURAL_UNITS = 2, LinearCurve(0.0, 0.0)), 0.0)",100.0,Service[],,bus-8231,8231,"Area(0, 0.0, 0.0, 0.0, Dict{String, Any}(""I"" => """", ""ARNAME"" => """", ""PTOL"" => """", ""PDES"" => """", ""ISW"" => """"))"
gen-1703,true,0.0136235375,0.0,0.10382735906685212,PVe,"(min = -0.07, max = 0.102)",0.95,"RenewableGenerationCost(CostCurve{LinearCurve}(LinearCurve(0.0, 0.0), UnitSystem.NATURAL_UNITS = 2, LinearCurve(0.0, 0.0)), CostCurve{LinearCurve}(LinearCurve(0.0, 0.0), UnitSystem.NATURAL_UNITS = 2, LinearCurve(0.0, 0.0)), 0.0)",100.0,Service[],,bus-993,993,"Area(0, 0.0, 0.0, 0.0, Dict{String, Any}(""I"" => """", ""ARNAME"" => """", ""PTOL"" => """", ""PDES"" => """", ""ISW"" => """"))"
gen-1829,true,0.18164716599999997,0.0,0.27797457623060623,PVe,"(min = -0.07, max = 0.102)",0.95,"RenewableGenerationCost(CostCurve{LinearCurve}(LinearCurve(0.0, 0.0), UnitSystem.NATURAL_UNITS = 2, LinearCurve(0.0, 0.0)), CostCurve{LinearCurve}(LinearCurve(0.0, 0.0), UnitSystem.NATURAL_UNITS = 2, LinearCurve(0.0, 0.0)), 0.0)",100.0,Service[],,bus-407,407,"Area(0, 0.0, 0.0, 0.0, Dict{String, Any}(""I"" => """", ""ARNAME"" => """", ""PTOL"" => """", ""PDES"" => """", ""ISW"" => """"))"
gen-1777,true,0.18164716599999997,0.0,0.27797457623060623,PVe,"(min = -0.07, max = 0.102)",0.95,"RenewableGenerationCost(CostCurve{LinearCurve}(LinearCurve(0.0, 0.0), UnitSystem.NATURAL_UNITS = 2, LinearCurve(0.0, 0.0)), CostCurve{LinearCurve}(LinearCurve(0.0, 0.0), UnitSystem.NATURAL_UNITS = 2, LinearCurve(0.0, 0.0)), 0.0)",100.0,Service[],,bus-543,543,"Area(0, 0.0, 0.0, 0.0, Dict{String, Any}(""I"" => """", ""ARNAME"" => """", ""PTOL"" => """", ""PDES"" => """", ""ISW"" => """"))"
gen-1086,true,0.0045411791600000005,0.0,0.10220465334633308,PVe,"(min = -0.07, max = 0.102)",0.95,"RenewableGenerationCost(CostCurve{LinearCurve}(LinearCurve(0.0, 0.0), UnitSystem.NATURAL_UNITS = 2, LinearCurve(0.0, 0.0)), CostCurve{LinearCurve}(LinearCurve(0.0, 0.0), UnitSystem.NATURAL_UNITS = 2, LinearCurve(0.0, 0.0)), 0.0)",100.0,Service[],,bus-1846,1846,"Area(0, 0.0, 0.0, 0.0, Dict{String, Any}(""I"" => """", ""ARNAME"" => """", ""PTOL"" => """", ""PDES"" => """", ""ISW"" => """"))"
gen-1572,true,0.285186051,0.0,0.41859487624860564,PVe,"(min = -0.07, max = 0.102)",0.95,"RenewableGenerationCost(CostCurve{LinearCurve}(LinearCurve(0.0, 0.0), UnitSystem.NATURAL_UNITS = 2, LinearCurve(0.0, 0.0)), CostCurve{LinearCurve}(LinearCurve(0.0, 0.0), UnitSystem.NATURAL_UNITS = 2, LinearCurve(0.0, 0.0)), 0.0)",100.0,Service[],,bus-8185,8185,"Area(0, 0.0, 0.0, 0.0, Dict{String, Any}(""I"" => """", ""ARNAME"" => """", ""PTOL"" => """", ""PDES"" => """", ""ISW"" => """"))"
gen-1302,true,0.44540979,0.0,1.0524592871559597,WT,"(min = -0.225631579, max = 0.23884210499999997)",0.95,"RenewableGenerationCost(CostCurve{LinearCurve}(LinearCurve(0.0, 0.0), UnitSystem.NATURAL_UNITS = 2, LinearCurve(0.0, 0.0)), CostCurve{LinearCurve}(LinearCurve(0.0, 0.0), UnitSystem.NATURAL_UNITS = 2, LinearCurve(0.0, 0.0)), 0.0)",100.0,Service[],,bus-8535,8535,"Area(0, 0.0, 0.0, 0.0, Dict{String, Any}(""I"" => """", ""ARNAME"" => """", ""PTOL"" => """", ""PDES"" => """", ""ISW"" => """"))"
gen-1316,true,0.027247075,0.0,0.10912599123576455,PVe,"(min = -0.07, max = 0.102)",0.95,"RenewableGenerationCost(CostCurve{LinearCurve}(LinearCurve(0.0, 0.0), UnitSystem.NATURAL_UNITS = 2, LinearCurve(0.0, 0.0)), CostCurve{LinearCurve}(LinearCurve(0.0, 0.0), UnitSystem.NATURAL_UNITS = 2, LinearCurve(0.0, 0.0)), 0.0)",100.0,Service[],,bus-859,859,"Area(0, 0.0, 0.0, 0.0, Dict{String, Any}(""I"" => """", ""ARNAME"" => """", ""PTOL"" => """", ""PDES"" => """", ""ISW"" => """"))"
gen-1953,true,0.0472282632,0.0,0.12216436664902261,PVe,"(min = -0.07, max = 0.102)",0.95,"RenewableGenerationCost(CostCurve{LinearCurve}(LinearCurve(0.0, 0.0), UnitSystem.NATURAL_UNITS = 2, LinearCurve(0.0, 0.0)), CostCurve{LinearCurve}(LinearCurve(0.0, 0.0), UnitSystem.NATURAL_UNITS = 2, LinearCurve(0.0, 0.0)), 0.0)",100.0,Service[],,bus-909,909,"Area(0, 0.0, 0.0, 0.0, Dict{String, Any}(""I"" => """", ""ARNAME"" => """", ""PTOL"" => """", ""PDES"" => """", ""ISW"" => """"))"
gen-1642,true,0.0726588665,0.0,0.1452671276081417,PVe,"(min = -0.07, max = 0.102)",0.95,"RenewableGenerationCost(CostCurve{LinearCurve}(LinearCurve(0.0, 0.0), UnitSystem.NATURAL_UNITS = 2, LinearCurve(0.0, 0.0)), CostCurve{LinearCurve}(LinearCurve(0.0, 0.0), UnitSystem.NATURAL_UNITS = 2, LinearCurve(0.0, 0.0)), 0.0)",100.0,Service[],,bus-226,226,"Area(0, 0.0, 0.0, 0.0, Dict{String, Any}(""I"" => """", ""ARNAME"" => """", ""PTOL"" => """", ""PDES"" => """", ""ISW"" => """"))"
gen-1720,true,0.0136235375,0.0,0.10382735906685212,PVe,"(min = -0.07, max = 0.102)",0.95,"RenewableGenerationCost(CostCurve{LinearCurve}(LinearCurve(0.0, 0.0), UnitSystem.NATURAL_UNITS = 2, LinearCurve(0.0, 0.0)), CostCurve{LinearCurve}(LinearCurve(0.0, 0.0), UnitSystem.NATURAL_UNITS = 2, LinearCurve(0.0, 0.0)), 0.0)",100.0,Service[],,bus-7659,7659,"Area(0, 0.0, 0.0, 0.0, Dict{String, Any}(""I"" => """", ""ARNAME"" => """", ""PTOL"" => """", ""PDES"" => """", ""ISW"" => """"))"
gen-1906,true,0.00500002894,0.0,0.005,BA,"(min = 0.0, max = 0.0)",0.95,"RenewableGenerationCost(CostCurve{LinearCurve}(LinearCurve(16.3717118, 401.19412), UnitSystem.NATURAL_UNITS = 2, LinearCurve(0.0, 0.0)), CostCurve{LinearCurve}(LinearCurve(0.0, 0.0), UnitSystem.NATURAL_UNITS = 2, LinearCurve(0.0, 0.0)), 0.0)",100.0,Service[],,bus-1051,1051,"Area(0, 0.0, 0.0, 0.0, Dict{String, Any}(""I"" => """", ""ARNAME"" => """", ""PTOL"" => """", ""PDES"" => """", ""ISW"" => """"))"
gen-1146,true,0.0045411791600000005,0.0,0.10220465334633308,PVe,"(min = -0.07, max = 0.102)",0.95,"RenewableGenerationCost(CostCurve{LinearCurve}(LinearCurve(0.0, 0.0), UnitSystem.NATURAL_UNITS = 2, LinearCurve(0.0, 0.0)), CostCurve{LinearCurve}(LinearCurve(0.0, 0.0), UnitSystem.NATURAL_UNITS = 2, LinearCurve(0.0, 0.0)), 0.0)",100.0,Service[],,bus-990,990,"Area(0, 0.0, 0.0, 0.0, Dict{String, Any}(""I"" => """", ""ARNAME"" => """", ""PTOL"" => """", ""PDES"" => """", ""ISW"" => """"))"
gen-1890,true,0.18164716599999997,0.0,0.27797457623060623,PVe,"(min = -0.07, max = 0.102)",0.95,"RenewableGenerationCost(CostCurve{LinearCurve}(LinearCurve(0.0, 0.0), UnitSystem.NATURAL_UNITS = 2, LinearCurve(0.0, 0.0)), CostCurve{LinearCurve}(LinearCurve(0.0, 0.0), UnitSystem.NATURAL_UNITS = 2, LinearCurve(0.0, 0.0)), 0.0)",100.0,Service[],,bus-1712,1712,"Area(0, 0.0, 0.0, 0.0, Dict{String, Any}(""I"" => """", ""ARNAME"" => """", ""PTOL"" => """", ""PDES"" => """", ""ISW"" => """"))"
gen-1336,true,0.0454117916,0.0,0.12076057537297331,PVe,"(min = -0.07, max = 0.102)",0.95,"RenewableGenerationCost(CostCurve{LinearCurve}(LinearCurve(0.0, 0.0), UnitSystem.NATURAL_UNITS = 2, LinearCurve(0.0, 0.0)), CostCurve{LinearCurve}(LinearCurve(0.0, 0.0), UnitSystem.NATURAL_UNITS = 2, LinearCurve(0.0, 0.0)), 0.0)",100.0,Service[],,bus-974,974,"Area(0, 0.0, 0.0, 0.0, Dict{String, Any}(""I"" => """", ""ARNAME"" => """", ""PTOL"" => """", ""PDES"" => """", ""ISW"" => """"))"
gen-1206,true,0.0045411791600000005,0.0,0.10220465334633308,PVe,"(min = -0.07, max = 0.102)",0.95,"RenewableGenerationCost(CostCurve{LinearCurve}(LinearCurve(0.0, 0.0), UnitSystem.NATURAL_UNITS = 2, LinearCurve(0.0, 0.0)), CostCurve{LinearCurve}(LinearCurve(0.0, 0.0), UnitSystem.NATURAL_UNITS = 2, LinearCurve(0.0, 0.0)), 0.0)",100.0,Service[],,bus-1435,1435,"Area(0, 0.0, 0.0, 0.0, Dict{String, Any}(""I"" => """", ""ARNAME"" => """", ""PTOL"" => """", ""PDES"" => """", ""ISW"" => """"))"
gen-1292,true,1.02176531,0.0,1.458108969866807,PVe,"(min = -0.07, max = 0.102)",0.95,"RenewableGenerationCost(CostCurve{LinearCurve}(LinearCurve(0.0, 0.0), UnitSystem.NATURAL_UNITS = 2, LinearCurve(0.0, 0.0)), CostCurve{LinearCurve}(LinearCurve(0.0, 0.0), UnitSystem.NATURAL_UNITS = 2, LinearCurve(0.0, 0.0)), 0.0)",100.0,Service[],,bus-1176,1176,"Area(0, 0.0, 0.0, 0.0, Dict{String, Any}(""I"" => """", ""ARNAME"" => """", ""PTOL"" => """", ""PDES"" => """", ""ISW"" => """"))"
gen-1468,true,0.031788254099999996,0.0,0.11158748637979829,PVe,"(min = -0.07, max = 0.102)",0.95,"RenewableGenerationCost(CostCurve{LinearCurve}(LinearCurve(0.0, 0.0), UnitSystem.NATURAL_UNITS = 2, LinearCurve(0.0, 0.0)), CostCurve{LinearCurve}(LinearCurve(0.0, 0.0), UnitSystem.NATURAL_UNITS = 2, LinearCurve(0.0, 0.0)), 0.0)",100.0,Service[],,bus-342,342,"Area(0, 0.0, 0.0, 0.0, Dict{String, Any}(""I"" => """", ""ARNAME"" => """", ""PTOL"" => """", ""PDES"" => """", ""ISW"" => """"))"
gen-1991,true,0.009082358320000001,0.0,0.10281616926620278,PVe,"(min = -0.07, max = 0.102)",0.95,"RenewableGenerationCost(CostCurve{LinearCurve}(LinearCurve(0.0, 0.0), UnitSystem.NATURAL_UNITS = 2, LinearCurve(0.0, 0.0)), CostCurve{LinearCurve}(LinearCurve(0.0, 0.0), UnitSystem.NATURAL_UNITS = 2, LinearCurve(0.0, 0.0)), 0.0)",100.0,Service[],,bus-200,200,"Area(0, 0.0, 0.0, 0.0, Dict{String, Any}(""I"" => """", ""ARNAME"" => """", ""PTOL"" => """", ""PDES"" => """", ""ISW"" => """"))"
gen-1008,true,0.0321564141,0.0,0.25004309852669604,WT,"(min = -0.225631579, max = 0.23884210499999997)",0.95,"RenewableGenerationCost(CostCurve{LinearCurve}(LinearCurve(0.0, 0.0), UnitSystem.NATURAL_UNITS = 2, LinearCurve(0.0, 0.0)), CostCurve{LinearCurve}(LinearCurve(0.0, 0.0), UnitSystem.NATURAL_UNITS = 2, LinearCurve(0.0, 0.0)), 0.0)",100.0,Service[],,bus-302,302,"Area(0, 0.0, 0.0, 0.0, Dict{String, Any}(""I"" => """", ""ARNAME"" => """", ""PTOL"" => """", ""PDES"" => """", ""ISW"" => """"))"
gen-765,true,0.0130363841,0.0,0.24071882170040423,WT,"(min = -0.225631579, max = 0.23884210499999997)",0.95,"RenewableGenerationCost(CostCurve{LinearCurve}(LinearCurve(0.0, 0.0), UnitSystem.NATURAL_UNITS = 2, LinearCurve(0.0, 0.0)), CostCurve{LinearCurve}(LinearCurve(0.0, 0.0), UnitSystem.NATURAL_UNITS = 2, LinearCurve(0.0, 0.0)), 0.0)",100.0,Service[],,bus-1933,1933,"Area(0, 0.0, 0.0, 0.0, Dict{String, Any}(""I"" => """", ""ARNAME"" => """", ""PTOL"" => """", ""PDES"" => """", ""ISW"" => """"))"
gen-2085,true,0.0227058958,0.0,0.10699896794410164,PVe,"(min = -0.07, max = 0.102)",0.95,"RenewableGenerationCost(CostCurve{LinearCurve}(LinearCurve(0.0, 0.0), UnitSystem.NATURAL_UNITS = 2, LinearCurve(0.0, 0.0)), CostCurve{LinearCurve}(LinearCurve(0.0, 0.0), UnitSystem.NATURAL_UNITS = 2, LinearCurve(0.0, 0.0)), 0.0)",100.0,Service[],,bus-1577,1577,"Area(0, 0.0, 0.0, 0.0, Dict{String, Any}(""I"" => """", ""ARNAME"" => """", ""PTOL"" => """", ""PDES"" => """", ""ISW"" => """"))"
gen-1389,true,0.274287221,0.0,0.4035651849223285,PVe,"(min = -0.07, max = 0.102)",0.95,"RenewableGenerationCost(CostCurve{LinearCurve}(LinearCurve(0.0, 0.0), UnitSystem.NATURAL_UNITS = 2, LinearCurve(0.0, 0.0)), CostCurve{LinearCurve}(LinearCurve(0.0, 0.0), UnitSystem.NATURAL_UNITS = 2, LinearCurve(0.0, 0.0)), 0.0)",100.0,Service[],,bus-2235,2235,"Area(0, 0.0, 0.0, 0.0, Dict{String, Any}(""I"" => """", ""ARNAME"" => """", ""PTOL"" => """", ""PDES"" => """", ""ISW"" => """"))"
gen-678,true,0.015209114800000001,0.0,0.24139293925223043,WT,"(min = -0.225631579, max = 0.23884210499999997)",0.95,"RenewableGenerationCost(CostCurve{LinearCurve}(LinearCurve(0.0, 0.0), UnitSystem.NATURAL_UNITS = 2, LinearCurve(0.0, 0.0)), CostCurve{LinearCurve}(LinearCurve(0.0, 0.0), UnitSystem.NATURAL_UNITS = 2, LinearCurve(0.0, 0.0)), 0.0)",100.0,Service[],,bus-8680,8680,"Area(0, 0.0, 0.0, 0.0, Dict{String, Any}(""I"" => """", ""ARNAME"" => """", ""PTOL"" => """", ""PDES"" => """", ""ISW"" => """"))"
gen-778,true,0.0673546511,0.0,0.2847289081228512,WT,"(min = -0.225631579, max = 0.23884210499999997)",0.95,"RenewableGenerationCost(CostCurve{LinearCurve}(LinearCurve(0.0, 0.0), UnitSystem.NATURAL_UNITS = 2, LinearCurve(0.0, 0.0)), CostCurve{LinearCurve}(LinearCurve(0.0, 0.0), UnitSystem.NATURAL_UNITS = 2, LinearCurve(0.0, 0.0)), 0.0)",100.0,Service[],,bus-1783,1783,"Area(0, 0.0, 0.0, 0.0, Dict{String, Any}(""I"" => """", ""ARNAME"" => """", ""PTOL"" => """", ""PDES"" => """", ""ISW"" => """"))"
gen-792,true,0.031721868,0.0,0.24974897621578154,WT,"(min = -0.225631579, max = 0.23884210499999997)",0.95,"RenewableGenerationCost(CostCurve{LinearCurve}(LinearCurve(0.0, 0.0), UnitSystem.NATURAL_UNITS = 2, LinearCurve(0.0, 0.0)), CostCurve{LinearCurve}(LinearCurve(0.0, 0.0), UnitSystem.NATURAL_UNITS = 2, LinearCurve(0.0, 0.0)), 0.0)",100.0,Service[],,bus-1857,1857,"Area(0, 0.0, 0.0, 0.0, Dict{String, Any}(""I"" => """", ""ARNAME"" => """", ""PTOL"" => """", ""PDES"" => """", ""ISW"" => """"))"
gen-1521,true,0.504070887,0.0,0.7247847627618095,PVe,"(min = -0.07, max = 0.102)",0.95,"RenewableGenerationCost(CostCurve{LinearCurve}(LinearCurve(0.0, 0.0), UnitSystem.NATURAL_UNITS = 2, LinearCurve(0.0, 0.0)), CostCurve{LinearCurve}(LinearCurve(0.0, 0.0), UnitSystem.NATURAL_UNITS = 2, LinearCurve(0.0, 0.0)), 0.0)",100.0,Service[],,bus-2314,2314,"Area(0, 0.0, 0.0, 0.0, Dict{String, Any}(""I"" => """", ""ARNAME"" => """", ""PTOL"" => """", ""PDES"" => """", ""ISW"" => """"))"
gen-1884,true,0.0136235375,0.0,0.10382735906685212,PVe,"(min = -0.07, max = 0.102)",0.95,"RenewableGenerationCost(CostCurve{LinearCurve}(LinearCurve(0.0, 0.0), UnitSystem.NATURAL_UNITS = 2, LinearCurve(0.0, 0.0)), CostCurve{LinearCurve}(LinearCurve(0.0, 0.0), UnitSystem.NATURAL_UNITS = 2, LinearCurve(0.0, 0.0)), 0.0)",100.0,Service[],,bus-241,241,"Area(0, 0.0, 0.0, 0.0, Dict{String, Any}(""I"" => """", ""ARNAME"" => """", ""PTOL"" => """", ""PDES"" => """", ""ISW"" => """"))"
gen-1285,true,0.0263388391,0.0,0.10867315590921076,PVe,"(min = -0.07, max = 0.102)",0.95,"RenewableGenerationCost(CostCurve{LinearCurve}(LinearCurve(0.0, 0.0), UnitSystem.NATURAL_UNITS = 2, LinearCurve(0.0, 0.0)), CostCurve{LinearCurve}(LinearCurve(0.0, 0.0), UnitSystem.NATURAL_UNITS = 2, LinearCurve(0.0, 0.0)), 0.0)",100.0,Service[],,bus-893,893,"Area(0, 0.0, 0.0, 0.0, Dict{String, Any}(""I"" => """", ""ARNAME"" => """", ""PTOL"" => """", ""PDES"" => """", ""ISW"" => """"))"
gen-1517,true,0.136235375,0.0,0.2191256467867331,PVe,"(min = -0.07, max = 0.102)",0.95,"RenewableGenerationCost(CostCurve{LinearCurve}(LinearCurve(0.0, 0.0), UnitSystem.NATURAL_UNITS = 2, LinearCurve(0.0, 0.0)), CostCurve{LinearCurve}(LinearCurve(0.0, 0.0), UnitSystem.NATURAL_UNITS = 2, LinearCurve(0.0, 0.0)), 0.0)",100.0,Service[],,bus-2314,2314,"Area(0, 0.0, 0.0, 0.0, Dict{String, Any}(""I"" => """", ""ARNAME"" => """", ""PTOL"" => """", ""PDES"" => """", ""ISW"" => """"))"
gen-1835,true,0.136235375,0.0,0.2191256467867331,PVe,"(min = -0.07, max = 0.102)",0.95,"RenewableGenerationCost(CostCurve{LinearCurve}(LinearCurve(0.0, 0.0), UnitSystem.NATURAL_UNITS = 2, LinearCurve(0.0, 0.0)), CostCurve{LinearCurve}(LinearCurve(0.0, 0.0), UnitSystem.NATURAL_UNITS = 2, LinearCurve(0.0, 0.0)), 0.0)",100.0,Service[],,bus-276,276,"Area(0, 0.0, 0.0, 0.0, Dict{String, Any}(""I"" => """", ""ARNAME"" => """", ""PTOL"" => """", ""PDES"" => """", ""ISW"" => """"))"
gen-1667,true,0.0118070658,0.0,0.1033755690629169,PVe,"(min = -0.07, max = 0.102)",0.95,"RenewableGenerationCost(CostCurve{LinearCurve}(LinearCurve(0.0, 0.0), UnitSystem.NATURAL_UNITS = 2, LinearCurve(0.0, 0.0)), CostCurve{LinearCurve}(LinearCurve(0.0, 0.0), UnitSystem.NATURAL_UNITS = 2, LinearCurve(0.0, 0.0)), 0.0)",100.0,Service[],,bus-1391,1391,"Area(0, 0.0, 0.0, 0.0, Dict{String, Any}(""I"" => """", ""ARNAME"" => """", ""PTOL"" => """", ""PDES"" => """", ""ISW"" => """"))"
gen-1748,true,0.18164716599999997,0.0,0.27797457623060623,PVe,"(min = -0.07, max = 0.102)",0.95,"RenewableGenerationCost(CostCurve{LinearCurve}(LinearCurve(0.0, 0.0), UnitSystem.NATURAL_UNITS = 2, LinearCurve(0.0, 0.0)), CostCurve{LinearCurve}(LinearCurve(0.0, 0.0), UnitSystem.NATURAL_UNITS = 2, LinearCurve(0.0, 0.0)), 0.0)",100.0,Service[],,bus-235,235,"Area(0, 0.0, 0.0, 0.0, Dict{String, Any}(""I"" => """", ""ARNAME"" => """", ""PTOL"" => """", ""PDES"" => """", ""ISW"" => """"))"
gen-926,true,0.0703964741,0.0,0.288599291615262,WT,"(min = -0.225631579, max = 0.23884210499999997)",0.95,"RenewableGenerationCost(CostCurve{LinearCurve}(LinearCurve(0.0, 0.0), UnitSystem.NATURAL_UNITS = 2, LinearCurve(0.0, 0.0)), CostCurve{LinearCurve}(LinearCurve(0.0, 0.0), UnitSystem.NATURAL_UNITS = 2, LinearCurve(0.0, 0.0)), 0.0)",100.0,Service[],,bus-8535,8535,"Area(0, 0.0, 0.0, 0.0, Dict{String, Any}(""I"" => """", ""ARNAME"" => """", ""PTOL"" => """", ""PDES"" => """", ""ISW"" => """"))"
gen-420,true,0.556219054,0.0,1.3020927582629553,WT,"(min = -0.225631579, max = 0.23884210499999997)",0.95,"RenewableGenerationCost(CostCurve{LinearCurve}(LinearCurve(0.0, 0.0), UnitSystem.NATURAL_UNITS = 2, LinearCurve(0.0, 0.0)), CostCurve{LinearCurve}(LinearCurve(0.0, 0.0), UnitSystem.NATURAL_UNITS = 2, LinearCurve(0.0, 0.0)), 0.0)",100.0,Service[],,bus-1783,1783,"Area(0, 0.0, 0.0, 0.0, Dict{String, Any}(""I"" => """", ""ARNAME"" => """", ""PTOL"" => """", ""PDES"" => """", ""ISW"" => """"))"
gen-1965,true,0.027247075,0.0,0.10912599123576455,PVe,"(min = -0.07, max = 0.102)",0.95,"RenewableGenerationCost(CostCurve{LinearCurve}(LinearCurve(0.0, 0.0), UnitSystem.NATURAL_UNITS = 2, LinearCurve(0.0, 0.0)), CostCurve{LinearCurve}(LinearCurve(0.0, 0.0), UnitSystem.NATURAL_UNITS = 2, LinearCurve(0.0, 0.0)), 0.0)",100.0,Service[],,bus-491,491,"Area(0, 0.0, 0.0, 0.0, Dict{String, Any}(""I"" => """", ""ARNAME"" => """", ""PTOL"" => """", ""PDES"" => """", ""ISW"" => """"))"
gen-1421,true,0.00434546136,0.0,0.23905135665967472,WT,"(min = -0.225631579, max = 0.23884210499999997)",0.95,"RenewableGenerationCost(CostCurve{LinearCurve}(LinearCurve(0.0, 0.0), UnitSystem.NATURAL_UNITS = 2, LinearCurve(0.0, 0.0)), CostCurve{LinearCurve}(LinearCurve(0.0, 0.0), UnitSystem.NATURAL_UNITS = 2, LinearCurve(0.0, 0.0)), 0.0)",100.0,Service[],,bus-1402,1402,"Area(0, 0.0, 0.0, 0.0, Dict{String, Any}(""I"" => """", ""ARNAME"" => """", ""PTOL"" => """", ""PDES"" => """", ""ISW"" => """"))"
gen-1101,true,0.0045411791600000005,0.0,0.10220465334633308,PVe,"(min = -0.07, max = 0.102)",0.95,"RenewableGenerationCost(CostCurve{LinearCurve}(LinearCurve(0.0, 0.0), UnitSystem.NATURAL_UNITS = 2, LinearCurve(0.0, 0.0)), CostCurve{LinearCurve}(LinearCurve(0.0, 0.0), UnitSystem.NATURAL_UNITS = 2, LinearCurve(0.0, 0.0)), 0.0)",100.0,Service[],,bus-7808,7808,"Area(0, 0.0, 0.0, 0.0, Dict{String, Any}(""I"" => """", ""ARNAME"" => """", ""PTOL"" => """", ""PDES"" => """", ""ISW"" => """"))"
gen-1601,true,0.22887543000000002,0.0,0.3414092075644318,PVe,"(min = -0.07, max = 0.102)",0.95,"RenewableGenerationCost(CostCurve{LinearCurve}(LinearCurve(0.0, 0.0), UnitSystem.NATURAL_UNITS = 2, LinearCurve(0.0, 0.0)), CostCurve{LinearCurve}(LinearCurve(0.0, 0.0), UnitSystem.NATURAL_UNITS = 2, LinearCurve(0.0, 0.0)), 0.0)",100.0,Service[],,bus-2235,2235,"Area(0, 0.0, 0.0, 0.0, Dict{String, Any}(""I"" => """", ""ARNAME"" => """", ""PTOL"" => """", ""PDES"" => """", ""ISW"" => """"))"
gen-1737,true,0.00695273818,0.0,0.2393774239999065,WT,"(min = -0.225631579, max = 0.23884210499999997)",0.95,"RenewableGenerationCost(CostCurve{LinearCurve}(LinearCurve(0.0, 0.0), UnitSystem.NATURAL_UNITS = 2, LinearCurve(0.0, 0.0)), CostCurve{LinearCurve}(LinearCurve(0.0, 0.0), UnitSystem.NATURAL_UNITS = 2, LinearCurve(0.0, 0.0)), 0.0)",100.0,Service[],,bus-1330,1330,"Area(0, 0.0, 0.0, 0.0, Dict{String, Any}(""I"" => """", ""ARNAME"" => """", ""PTOL"" => """", ""PDES"" => """", ""ISW"" => """"))"
gen-1360,true,0.0045411791600000005,0.0,0.10220465334633308,PVe,"(min = -0.07, max = 0.102)",0.95,"RenewableGenerationCost(CostCurve{LinearCurve}(LinearCurve(0.0, 0.0), UnitSystem.NATURAL_UNITS = 2, LinearCurve(0.0, 0.0)), CostCurve{LinearCurve}(LinearCurve(0.0, 0.0), UnitSystem.NATURAL_UNITS = 2, LinearCurve(0.0, 0.0)), 0.0)",100.0,Service[],,bus-8315,8315,"Area(0, 0.0, 0.0, 0.0, Dict{String, Any}(""I"" => """", ""ARNAME"" => """", ""PTOL"" => """", ""PDES"" => """", ""ISW"" => """"))"
gen-1202,true,0.0045411791600000005,0.0,0.10220465334633308,PVe,"(min = -0.07, max = 0.102)",0.95,"RenewableGenerationCost(CostCurve{LinearCurve}(LinearCurve(0.0, 0.0), UnitSystem.NATURAL_UNITS = 2, LinearCurve(0.0, 0.0)), CostCurve{LinearCurve}(LinearCurve(0.0, 0.0), UnitSystem.NATURAL_UNITS = 2, LinearCurve(0.0, 0.0)), 0.0)",100.0,Service[],,bus-1435,1435,"Area(0, 0.0, 0.0, 0.0, Dict{String, Any}(""I"" => """", ""ARNAME"" => """", ""PTOL"" => """", ""PDES"" => """", ""ISW"" => """"))"
gen-1427,true,0.027247075,0.0,0.10912599123576455,PVe,"(min = -0.07, max = 0.102)",0.95,"RenewableGenerationCost(CostCurve{LinearCurve}(LinearCurve(0.0, 0.0), UnitSystem.NATURAL_UNITS = 2, LinearCurve(0.0, 0.0)), CostCurve{LinearCurve}(LinearCurve(0.0, 0.0), UnitSystem.NATURAL_UNITS = 2, LinearCurve(0.0, 0.0)), 0.0)",100.0,Service[],,bus-2353,2353,"Area(0, 0.0, 0.0, 0.0, Dict{String, Any}(""I"" => """", ""ARNAME"" => """", ""PTOL"" => """", ""PDES"" => """", ""ISW"" => """"))"
gen-1098,true,0.0045411791600000005,0.0,0.10220465334633308,PVe,"(min = -0.07, max = 0.102)",0.95,"RenewableGenerationCost(CostCurve{LinearCurve}(LinearCurve(0.0, 0.0), UnitSystem.NATURAL_UNITS = 2, LinearCurve(0.0, 0.0)), CostCurve{LinearCurve}(LinearCurve(0.0, 0.0), UnitSystem.NATURAL_UNITS = 2, LinearCurve(0.0, 0.0)), 0.0)",100.0,Service[],,bus-1018,1018,"Area(0, 0.0, 0.0, 0.0, Dict{String, Any}(""I"" => """", ""ARNAME"" => """", ""PTOL"" => """", ""PDES"" => """", ""ISW"" => """"))"
gen-1821,true,0.0127153016,0.0,0.10359364237296581,PVe,"(min = -0.07, max = 0.102)",0.95,"RenewableGenerationCost(CostCurve{LinearCurve}(LinearCurve(0.0, 0.0), UnitSystem.NATURAL_UNITS = 2, LinearCurve(0.0, 0.0)), CostCurve{LinearCurve}(LinearCurve(0.0, 0.0), UnitSystem.NATURAL_UNITS = 2, LinearCurve(0.0, 0.0)), 0.0)",100.0,Service[],,bus-259,259,"Area(0, 0.0, 0.0, 0.0, Dict{String, Any}(""I"" => """", ""ARNAME"" => """", ""PTOL"" => """", ""PDES"" => """", ""ISW"" => """"))"
gen-1171,true,0.443237059,0.0,1.0475903546333514,WT,"(min = -0.225631579, max = 0.23884210499999997)",0.95,"RenewableGenerationCost(CostCurve{LinearCurve}(LinearCurve(0.0, 0.0), UnitSystem.NATURAL_UNITS = 2, LinearCurve(0.0, 0.0)), CostCurve{LinearCurve}(LinearCurve(0.0, 0.0), UnitSystem.NATURAL_UNITS = 2, LinearCurve(0.0, 0.0)), 0.0)",100.0,Service[],,bus-2264,2264,"Area(0, 0.0, 0.0, 0.0, Dict{String, Any}(""I"" => """", ""ARNAME"" => """", ""PTOL"" => """", ""PDES"" => """", ""ISW"" => """"))"
gen-1842,true,0.36329433299999997,0.0,0.5271313499710869,PVe,"(min = -0.07, max = 0.102)",0.95,"RenewableGenerationCost(CostCurve{LinearCurve}(LinearCurve(0.0, 0.0), UnitSystem.NATURAL_UNITS = 2, LinearCurve(0.0, 0.0)), CostCurve{LinearCurve}(LinearCurve(0.0, 0.0), UnitSystem.NATURAL_UNITS = 2, LinearCurve(0.0, 0.0)), 0.0)",100.0,Service[],,bus-1506,1506,"Area(0, 0.0, 0.0, 0.0, Dict{String, Any}(""I"" => """", ""ARNAME"" => """", ""PTOL"" => """", ""PDES"" => """", ""ISW"" => """"))"
gen-1856,true,0.307891947,0.0,0.4500125576050305,PVe,"(min = -0.07, max = 0.102)",0.95,"RenewableGenerationCost(CostCurve{LinearCurve}(LinearCurve(0.0, 0.0), UnitSystem.NATURAL_UNITS = 2, LinearCurve(0.0, 0.0)), CostCurve{LinearCurve}(LinearCurve(0.0, 0.0), UnitSystem.NATURAL_UNITS = 2, LinearCurve(0.0, 0.0)), 0.0)",100.0,Service[],,bus-8185,8185,"Area(0, 0.0, 0.0, 0.0, Dict{String, Any}(""I"" => """", ""ARNAME"" => """", ""PTOL"" => """", ""PDES"" => """", ""ISW"" => """"))"
gen-1606,true,0.0136235375,0.0,0.10382735906685212,PVe,"(min = -0.07, max = 0.102)",0.95,"RenewableGenerationCost(CostCurve{LinearCurve}(LinearCurve(0.0, 0.0), UnitSystem.NATURAL_UNITS = 2, LinearCurve(0.0, 0.0)), CostCurve{LinearCurve}(LinearCurve(0.0, 0.0), UnitSystem.NATURAL_UNITS = 2, LinearCurve(0.0, 0.0)), 0.0)",100.0,Service[],,bus-1846,1846,"Area(0, 0.0, 0.0, 0.0, Dict{String, Any}(""I"" => """", ""ARNAME"" => """", ""PTOL"" => """", ""PDES"" => """", ""ISW"" => """"))"
gen-1145,true,0.0045411791600000005,0.0,0.10220465334633308,PVe,"(min = -0.07, max = 0.102)",0.95,"RenewableGenerationCost(CostCurve{LinearCurve}(LinearCurve(0.0, 0.0), UnitSystem.NATURAL_UNITS = 2, LinearCurve(0.0, 0.0)), CostCurve{LinearCurve}(LinearCurve(0.0, 0.0), UnitSystem.NATURAL_UNITS = 2, LinearCurve(0.0, 0.0)), 0.0)",100.0,Service[],,bus-990,990,"Area(0, 0.0, 0.0, 0.0, Dict{String, Any}(""I"" => """", ""ARNAME"" => """", ""PTOL"" => """", ""PDES"" => """", ""ISW"" => """"))"
gen-1859,true,0.351487267,0.0,0.5106513909839749,PVe,"(min = -0.07, max = 0.102)",0.95,"RenewableGenerationCost(CostCurve{LinearCurve}(LinearCurve(0.0, 0.0), UnitSystem.NATURAL_UNITS = 2, LinearCurve(0.0, 0.0)), CostCurve{LinearCurve}(LinearCurve(0.0, 0.0), UnitSystem.NATURAL_UNITS = 2, LinearCurve(0.0, 0.0)), 0.0)",100.0,Service[],,bus-8185,8185,"Area(0, 0.0, 0.0, 0.0, Dict{String, Any}(""I"" => """", ""ARNAME"" => """", ""PTOL"" => """", ""PDES"" => """", ""ISW"" => """"))"
gen-1836,true,0.027247075,0.0,0.10912599123576455,PVe,"(min = -0.07, max = 0.102)",0.95,"RenewableGenerationCost(CostCurve{LinearCurve}(LinearCurve(0.0, 0.0), UnitSystem.NATURAL_UNITS = 2, LinearCurve(0.0, 0.0)), CostCurve{LinearCurve}(LinearCurve(0.0, 0.0), UnitSystem.NATURAL_UNITS = 2, LinearCurve(0.0, 0.0)), 0.0)",100.0,Service[],,bus-456,456,"Area(0, 0.0, 0.0, 0.0, Dict{String, Any}(""I"" => """", ""ARNAME"" => """", ""PTOL"" => """", ""PDES"" => """", ""ISW"" => """"))"
gen-2082,true,0.0045411791600000005,0.0,0.10220465334633308,PVe,"(min = -0.07, max = 0.102)",0.95,"RenewableGenerationCost(CostCurve{LinearCurve}(LinearCurve(0.0, 0.0), UnitSystem.NATURAL_UNITS = 2, LinearCurve(0.0, 0.0)), CostCurve{LinearCurve}(LinearCurve(0.0, 0.0), UnitSystem.NATURAL_UNITS = 2, LinearCurve(0.0, 0.0)), 0.0)",100.0,Service[],,bus-1423,1423,"Area(0, 0.0, 0.0, 0.0, Dict{String, Any}(""I"" => """", ""ARNAME"" => """", ""PTOL"" => """", ""PDES"" => """", ""ISW"" => """"))"
gen-1283,true,0.154400091,0.0,0.2423109315992913,PVe,"(min = -0.07, max = 0.102)",0.95,"RenewableGenerationCost(CostCurve{LinearCurve}(LinearCurve(0.0, 0.0), UnitSystem.NATURAL_UNITS = 2, LinearCurve(0.0, 0.0)), CostCurve{LinearCurve}(LinearCurve(0.0, 0.0), UnitSystem.NATURAL_UNITS = 2, LinearCurve(0.0, 0.0)), 0.0)",100.0,Service[],,bus-877,877,"Area(0, 0.0, 0.0, 0.0, Dict{String, Any}(""I"" => """", ""ARNAME"" => """", ""PTOL"" => """", ""PDES"" => """", ""ISW"" => """"))"
gen-683,true,0.208582145,0.0,0.5361394884923428,WT,"(min = -0.225631579, max = 0.23884210499999997)",0.95,"RenewableGenerationCost(CostCurve{LinearCurve}(LinearCurve(0.0, 0.0), UnitSystem.NATURAL_UNITS = 2, LinearCurve(0.0, 0.0)), CostCurve{LinearCurve}(LinearCurve(0.0, 0.0), UnitSystem.NATURAL_UNITS = 2, LinearCurve(0.0, 0.0)), 0.0)",100.0,Service[],,bus-1681,1681,"Area(0, 0.0, 0.0, 0.0, Dict{String, Any}(""I"" => """", ""ARNAME"" => """", ""PTOL"" => """", ""PDES"" => """", ""ISW"" => """"))"
gen-1117,true,0.0045411791600000005,0.0,0.10220465334633308,PVe,"(min = -0.07, max = 0.102)",0.95,"RenewableGenerationCost(CostCurve{LinearCurve}(LinearCurve(0.0, 0.0), UnitSystem.NATURAL_UNITS = 2, LinearCurve(0.0, 0.0)), CostCurve{LinearCurve}(LinearCurve(0.0, 0.0), UnitSystem.NATURAL_UNITS = 2, LinearCurve(0.0, 0.0)), 0.0)",100.0,Service[],,bus-1031,1031,"Area(0, 0.0, 0.0, 0.0, Dict{String, Any}(""I"" => """", ""ARNAME"" => """", ""PTOL"" => """", ""PDES"" => """", ""ISW"" => """"))"
gen-1941,true,0.18164716599999997,0.0,0.27797457623060623,PVe,"(min = -0.07, max = 0.102)",0.95,"RenewableGenerationCost(CostCurve{LinearCurve}(LinearCurve(0.0, 0.0), UnitSystem.NATURAL_UNITS = 2, LinearCurve(0.0, 0.0)), CostCurve{LinearCurve}(LinearCurve(0.0, 0.0), UnitSystem.NATURAL_UNITS = 2, LinearCurve(0.0, 0.0)), 0.0)",100.0,Service[],,bus-8231,8231,"Area(0, 0.0, 0.0, 0.0, Dict{String, Any}(""I"" => """", ""ARNAME"" => """", ""PTOL"" => """", ""PDES"" => """", ""ISW"" => """"))"
gen-1205,true,0.0045411791600000005,0.0,0.10220465334633308,PVe,"(min = -0.07, max = 0.102)",0.95,"RenewableGenerationCost(CostCurve{LinearCurve}(LinearCurve(0.0, 0.0), UnitSystem.NATURAL_UNITS = 2, LinearCurve(0.0, 0.0)), CostCurve{LinearCurve}(LinearCurve(0.0, 0.0), UnitSystem.NATURAL_UNITS = 2, LinearCurve(0.0, 0.0)), 0.0)",100.0,Service[],,bus-1435,1435,"Area(0, 0.0, 0.0, 0.0, Dict{String, Any}(""I"" => """", ""ARNAME"" => """", ""PTOL"" => """", ""PDES"" => """", ""ISW"" => """"))"
gen-1883,true,0.009082358320000001,0.0,0.10281616926620278,PVe,"(min = -0.07, max = 0.102)",0.95,"RenewableGenerationCost(CostCurve{LinearCurve}(LinearCurve(0.0, 0.0), UnitSystem.NATURAL_UNITS = 2, LinearCurve(0.0, 0.0)), CostCurve{LinearCurve}(LinearCurve(0.0, 0.0), UnitSystem.NATURAL_UNITS = 2, LinearCurve(0.0, 0.0)), 0.0)",100.0,Service[],,bus-452,452,"Area(0, 0.0, 0.0, 0.0, Dict{String, Any}(""I"" => """", ""ARNAME"" => """", ""PTOL"" => """", ""PDES"" => """", ""ISW"" => """"))"
gen-1175,true,0.028245498900000002,0.0,0.2475288894671307,WT,"(min = -0.225631579, max = 0.23884210499999997)",0.95,"RenewableGenerationCost(CostCurve{LinearCurve}(LinearCurve(0.0, 0.0), UnitSystem.NATURAL_UNITS = 2, LinearCurve(0.0, 0.0)), CostCurve{LinearCurve}(LinearCurve(0.0, 0.0), UnitSystem.NATURAL_UNITS = 2, LinearCurve(0.0, 0.0)), 0.0)",100.0,Service[],,bus-1856,1856,"Area(0, 0.0, 0.0, 0.0, Dict{String, Any}(""I"" => """", ""ARNAME"" => """", ""PTOL"" => """", ""PDES"" => """", ""ISW"" => """"))"
gen-2012,true,0.0390541408,0.0,0.11616744212047957,PVe,"(min = -0.07, max = 0.102)",0.95,"RenewableGenerationCost(CostCurve{LinearCurve}(LinearCurve(0.0, 0.0), UnitSystem.NATURAL_UNITS = 2, LinearCurve(0.0, 0.0)), CostCurve{LinearCurve}(LinearCurve(0.0, 0.0), UnitSystem.NATURAL_UNITS = 2, LinearCurve(0.0, 0.0)), 0.0)",100.0,Service[],,bus-577,577,"Area(0, 0.0, 0.0, 0.0, Dict{String, Any}(""I"" => """", ""ARNAME"" => """", ""PTOL"" => """", ""PDES"" => """", ""ISW"" => """"))"
gen-1975,true,0.18164716599999997,0.0,0.27797457623060623,PVe,"(min = -0.07, max = 0.102)",0.95,"RenewableGenerationCost(CostCurve{LinearCurve}(LinearCurve(0.0, 0.0), UnitSystem.NATURAL_UNITS = 2, LinearCurve(0.0, 0.0)), CostCurve{LinearCurve}(LinearCurve(0.0, 0.0), UnitSystem.NATURAL_UNITS = 2, LinearCurve(0.0, 0.0)), 0.0)",100.0,Service[],,bus-471,471,"Area(0, 0.0, 0.0, 0.0, Dict{String, Any}(""I"" => """", ""ARNAME"" => """", ""PTOL"" => """", ""PDES"" => """", ""ISW"" => """"))"
gen-624,true,0.0147745686,0.0,0.24124997641622892,WT,"(min = -0.225631579, max = 0.23884210499999997)",0.95,"RenewableGenerationCost(CostCurve{LinearCurve}(LinearCurve(0.0, 0.0), UnitSystem.NATURAL_UNITS = 2, LinearCurve(0.0, 0.0)), CostCurve{LinearCurve}(LinearCurve(0.0, 0.0), UnitSystem.NATURAL_UNITS = 2, LinearCurve(0.0, 0.0)), 0.0)",100.0,Service[],,bus-1858,1858,"Area(0, 0.0, 0.0, 0.0, Dict{String, Any}(""I"" => """", ""ARNAME"" => """", ""PTOL"" => """", ""PDES"" => """", ""ISW"" => """"))"
gen-1250,true,0.18164716599999997,0.0,0.27797457623060623,PVe,"(min = -0.07, max = 0.102)",0.95,"RenewableGenerationCost(CostCurve{LinearCurve}(LinearCurve(0.0, 0.0), UnitSystem.NATURAL_UNITS = 2, LinearCurve(0.0, 0.0)), CostCurve{LinearCurve}(LinearCurve(0.0, 0.0), UnitSystem.NATURAL_UNITS = 2, LinearCurve(0.0, 0.0)), 0.0)",100.0,Service[],,bus-131,131,"Area(0, 0.0, 0.0, 0.0, Dict{String, Any}(""I"" => """", ""ARNAME"" => """", ""PTOL"" => """", ""PDES"" => """", ""ISW"" => """"))"
gen-1712,true,0.18164716599999997,0.0,0.27797457623060623,PVe,"(min = -0.07, max = 0.102)",0.95,"RenewableGenerationCost(CostCurve{LinearCurve}(LinearCurve(0.0, 0.0), UnitSystem.NATURAL_UNITS = 2, LinearCurve(0.0, 0.0)), CostCurve{LinearCurve}(LinearCurve(0.0, 0.0), UnitSystem.NATURAL_UNITS = 2, LinearCurve(0.0, 0.0)), 0.0)",100.0,Service[],,bus-1674,1674,"Area(0, 0.0, 0.0, 0.0, Dict{String, Any}(""I"" => """", ""ARNAME"" => """", ""PTOL"" => """", ""PDES"" => """", ""ISW"" => """"))"
gen-1949,true,0.009082358320000001,0.0,0.10281616926620278,PVe,"(min = -0.07, max = 0.102)",0.95,"RenewableGenerationCost(CostCurve{LinearCurve}(LinearCurve(0.0, 0.0), UnitSystem.NATURAL_UNITS = 2, LinearCurve(0.0, 0.0)), CostCurve{LinearCurve}(LinearCurve(0.0, 0.0), UnitSystem.NATURAL_UNITS = 2, LinearCurve(0.0, 0.0)), 0.0)",100.0,Service[],,bus-1146,1146,"Area(0, 0.0, 0.0, 0.0, Dict{String, Any}(""I"" => """", ""ARNAME"" => """", ""PTOL"" => """", ""PDES"" => """", ""ISW"" => """"))"
gen-1967,true,0.019981188299999997,0.0,0.10589181728541563,PVe,"(min = -0.07, max = 0.102)",0.95,"RenewableGenerationCost(CostCurve{LinearCurve}(LinearCurve(0.0, 0.0), UnitSystem.NATURAL_UNITS = 2, LinearCurve(0.0, 0.0)), CostCurve{LinearCurve}(LinearCurve(0.0, 0.0), UnitSystem.NATURAL_UNITS = 2, LinearCurve(0.0, 0.0)), 0.0)",100.0,Service[],,bus-1703,1703,"Area(0, 0.0, 0.0, 0.0, Dict{String, Any}(""I"" => """", ""ARNAME"" => """", ""PTOL"" => """", ""PDES"" => """", ""ISW"" => """"))"
gen-1830,true,0.36329433299999997,0.0,0.5271313499710869,PVe,"(min = -0.07, max = 0.102)",0.95,"RenewableGenerationCost(CostCurve{LinearCurve}(LinearCurve(0.0, 0.0), UnitSystem.NATURAL_UNITS = 2, LinearCurve(0.0, 0.0)), CostCurve{LinearCurve}(LinearCurve(0.0, 0.0), UnitSystem.NATURAL_UNITS = 2, LinearCurve(0.0, 0.0)), 0.0)",100.0,Service[],,bus-407,407,"Area(0, 0.0, 0.0, 0.0, Dict{String, Any}(""I"" => """", ""ARNAME"" => """", ""PTOL"" => """", ""PDES"" => """", ""ISW"" => """"))"
gen-1323,true,0.006518192040000001,0.0,0.23931266393743356,WT,"(min = -0.225631579, max = 0.23884210499999997)",0.95,"RenewableGenerationCost(CostCurve{LinearCurve}(LinearCurve(0.0, 0.0), UnitSystem.NATURAL_UNITS = 2, LinearCurve(0.0, 0.0)), CostCurve{LinearCurve}(LinearCurve(0.0, 0.0), UnitSystem.NATURAL_UNITS = 2, LinearCurve(0.0, 0.0)), 0.0)",100.0,Service[],,bus-1330,1330,"Area(0, 0.0, 0.0, 0.0, Dict{String, Any}(""I"" => """", ""ARNAME"" => """", ""PTOL"" => """", ""PDES"" => """", ""ISW"" => """"))"
gen-470,true,0.0378055139,0.0,0.09639113029734633,WT,"(min = -0.0415, max = 0.0415)",0.95,"RenewableGenerationCost(CostCurve{LinearCurve}(LinearCurve(0.0, 0.0), UnitSystem.NATURAL_UNITS = 2, LinearCurve(0.0, 0.0)), CostCurve{LinearCurve}(LinearCurve(0.0, 0.0), UnitSystem.NATURAL_UNITS = 2, LinearCurve(0.0, 0.0)), 0.0)",100.0,Service[],,bus-2203,2203,"Area(0, 0.0, 0.0, 0.0, Dict{String, Any}(""I"" => """", ""ARNAME"" => """", ""PTOL"" => """", ""PDES"" => """", ""ISW"" => """"))"
gen-1272,true,0.0027247075,0.0,0.10207372247367037,PVe,"(min = -0.07, max = 0.102)",0.95,"RenewableGenerationCost(CostCurve{LinearCurve}(LinearCurve(0.0, 0.0), UnitSystem.NATURAL_UNITS = 2, LinearCurve(0.0, 0.0)), CostCurve{LinearCurve}(LinearCurve(0.0, 0.0), UnitSystem.NATURAL_UNITS = 2, LinearCurve(0.0, 0.0)), 0.0)",100.0,Service[],,bus-2304,2304,"Area(0, 0.0, 0.0, 0.0, Dict{String, Any}(""I"" => """", ""ARNAME"" => """", ""PTOL"" => """", ""PDES"" => """", ""ISW"" => """"))"
gen-2026,true,0.0208894241,0.0,0.1062464167105884,PVe,"(min = -0.07, max = 0.102)",0.95,"RenewableGenerationCost(CostCurve{LinearCurve}(LinearCurve(0.0, 0.0), UnitSystem.NATURAL_UNITS = 2, LinearCurve(0.0, 0.0)), CostCurve{LinearCurve}(LinearCurve(0.0, 0.0), UnitSystem.NATURAL_UNITS = 2, LinearCurve(0.0, 0.0)), 0.0)",100.0,Service[],,bus-1885,1885,"Area(0, 0.0, 0.0, 0.0, Dict{String, Any}(""I"" => """", ""ARNAME"" => """", ""PTOL"" => """", ""PDES"" => """", ""ISW"" => """"))"
gen-1634,true,0.0136235375,0.0,0.10382735906685212,PVe,"(min = -0.07, max = 0.102)",0.95,"RenewableGenerationCost(CostCurve{LinearCurve}(LinearCurve(0.0, 0.0), UnitSystem.NATURAL_UNITS = 2, LinearCurve(0.0, 0.0)), CostCurve{LinearCurve}(LinearCurve(0.0, 0.0), UnitSystem.NATURAL_UNITS = 2, LinearCurve(0.0, 0.0)), 0.0)",100.0,Service[],,bus-8082,8082,"Area(0, 0.0, 0.0, 0.0, Dict{String, Any}(""I"" => """", ""ARNAME"" => """", ""PTOL"" => """", ""PDES"" => """", ""ISW"" => """"))"
gen-1115,true,0.0045411791600000005,0.0,0.10220465334633308,PVe,"(min = -0.07, max = 0.102)",0.95,"RenewableGenerationCost(CostCurve{LinearCurve}(LinearCurve(0.0, 0.0), UnitSystem.NATURAL_UNITS = 2, LinearCurve(0.0, 0.0)), CostCurve{LinearCurve}(LinearCurve(0.0, 0.0), UnitSystem.NATURAL_UNITS = 2, LinearCurve(0.0, 0.0)), 0.0)",100.0,Service[],,bus-8315,8315,"Area(0, 0.0, 0.0, 0.0, Dict{String, Any}(""I"" => """", ""ARNAME"" => """", ""PTOL"" => """", ""PDES"" => """", ""ISW"" => """"))"
gen-1639,true,0.18164716599999997,0.0,0.27797457623060623,PVe,"(min = -0.07, max = 0.102)",0.95,"RenewableGenerationCost(CostCurve{LinearCurve}(LinearCurve(0.0, 0.0), UnitSystem.NATURAL_UNITS = 2, LinearCurve(0.0, 0.0)), CostCurve{LinearCurve}(LinearCurve(0.0, 0.0), UnitSystem.NATURAL_UNITS = 2, LinearCurve(0.0, 0.0)), 0.0)",100.0,Service[],,bus-229,229,"Area(0, 0.0, 0.0, 0.0, Dict{String, Any}(""I"" => """", ""ARNAME"" => """", ""PTOL"" => """", ""PDES"" => """", ""ISW"" => """"))"
gen-1641,true,0.1089883,0.0,0.18567636218181052,PVe,"(min = -0.07, max = 0.102)",0.95,"RenewableGenerationCost(CostCurve{LinearCurve}(LinearCurve(0.0, 0.0), UnitSystem.NATURAL_UNITS = 2, LinearCurve(0.0, 0.0)), CostCurve{LinearCurve}(LinearCurve(0.0, 0.0), UnitSystem.NATURAL_UNITS = 2, LinearCurve(0.0, 0.0)), 0.0)",100.0,Service[],,bus-226,226,"Area(0, 0.0, 0.0, 0.0, Dict{String, Any}(""I"" => """", ""ARNAME"" => """", ""PTOL"" => """", ""PDES"" => """", ""ISW"" => """"))"
gen-499,true,0.835576965,0.0,1.3190078476430684,PVe,"(min = -0.307, max = 0.57)",0.95,"RenewableGenerationCost(CostCurve{LinearCurve}(LinearCurve(0.0, 0.0), UnitSystem.NATURAL_UNITS = 2, LinearCurve(0.0, 0.0)), CostCurve{LinearCurve}(LinearCurve(0.0, 0.0), UnitSystem.NATURAL_UNITS = 2, LinearCurve(0.0, 0.0)), 0.0)",100.0,Service[],,bus-7911,7911,"Area(0, 0.0, 0.0, 0.0, Dict{String, Any}(""I"" => """", ""ARNAME"" => """", ""PTOL"" => """", ""PDES"" => """", ""ISW"" => """"))"
gen-1558,true,0.0136235375,0.0,0.10382735906685212,PVe,"(min = -0.07, max = 0.102)",0.95,"RenewableGenerationCost(CostCurve{LinearCurve}(LinearCurve(0.0, 0.0), UnitSystem.NATURAL_UNITS = 2, LinearCurve(0.0, 0.0)), CostCurve{LinearCurve}(LinearCurve(0.0, 0.0), UnitSystem.NATURAL_UNITS = 2, LinearCurve(0.0, 0.0)), 0.0)",100.0,Service[],,bus-543,543,"Area(0, 0.0, 0.0, 0.0, Dict{String, Any}(""I"" => """", ""ARNAME"" => """", ""PTOL"" => """", ""PDES"" => """", ""ISW"" => """"))"
gen-1939,true,0.009082358320000001,0.0,0.10281616926620278,PVe,"(min = -0.07, max = 0.102)",0.95,"RenewableGenerationCost(CostCurve{LinearCurve}(LinearCurve(0.0, 0.0), UnitSystem.NATURAL_UNITS = 2, LinearCurve(0.0, 0.0)), CostCurve{LinearCurve}(LinearCurve(0.0, 0.0), UnitSystem.NATURAL_UNITS = 2, LinearCurve(0.0, 0.0)), 0.0)",100.0,Service[],,bus-2030,2030,"Area(0, 0.0, 0.0, 0.0, Dict{String, Any}(""I"" => """", ""ARNAME"" => """", ""PTOL"" => """", ""PDES"" => """", ""ISW"" => """"))"
gen-1529,true,0.0454117916,0.0,0.12076057537297331,PVe,"(min = -0.07, max = 0.102)",0.95,"RenewableGenerationCost(CostCurve{LinearCurve}(LinearCurve(0.0, 0.0), UnitSystem.NATURAL_UNITS = 2, LinearCurve(0.0, 0.0)), CostCurve{LinearCurve}(LinearCurve(0.0, 0.0), UnitSystem.NATURAL_UNITS = 2, LinearCurve(0.0, 0.0)), 0.0)",100.0,Service[],,bus-1508,1508,"Area(0, 0.0, 0.0, 0.0, Dict{String, Any}(""I"" => """", ""ARNAME"" => """", ""PTOL"" => """", ""PDES"" => """", ""ISW"" => """"))"
gen-2032,true,0.0145317733,0.0,0.104076613773416,PVe,"(min = -0.07, max = 0.102)",0.95,"RenewableGenerationCost(CostCurve{LinearCurve}(LinearCurve(0.0, 0.0), UnitSystem.NATURAL_UNITS = 2, LinearCurve(0.0, 0.0)), CostCurve{LinearCurve}(LinearCurve(0.0, 0.0), UnitSystem.NATURAL_UNITS = 2, LinearCurve(0.0, 0.0)), 0.0)",100.0,Service[],,bus-342,342,"Area(0, 0.0, 0.0, 0.0, Dict{String, Any}(""I"" => """", ""ARNAME"" => """", ""PTOL"" => """", ""PDES"" => """", ""ISW"" => """"))"
gen-2004,true,0.027247075,0.0,0.10912599123576455,PVe,"(min = -0.07, max = 0.102)",0.95,"RenewableGenerationCost(CostCurve{LinearCurve}(LinearCurve(0.0, 0.0), UnitSystem.NATURAL_UNITS = 2, LinearCurve(0.0, 0.0)), CostCurve{LinearCurve}(LinearCurve(0.0, 0.0), UnitSystem.NATURAL_UNITS = 2, LinearCurve(0.0, 0.0)), 0.0)",100.0,Service[],,bus-1000,1000,"Area(0, 0.0, 0.0, 0.0, Dict{String, Any}(""I"" => """", ""ARNAME"" => """", ""PTOL"" => """", ""PDES"" => """", ""ISW"" => """"))"
gen-1919,true,0.17983069499999998,0.0,0.27557074329876713,PVe,"(min = -0.07, max = 0.102)",0.95,"RenewableGenerationCost(CostCurve{LinearCurve}(LinearCurve(0.0, 0.0), UnitSystem.NATURAL_UNITS = 2, LinearCurve(0.0, 0.0)), CostCurve{LinearCurve}(LinearCurve(0.0, 0.0), UnitSystem.NATURAL_UNITS = 2, LinearCurve(0.0, 0.0)), 0.0)",100.0,Service[],,bus-1969,1969,"Area(0, 0.0, 0.0, 0.0, Dict{String, Any}(""I"" => """", ""ARNAME"" => """", ""PTOL"" => """", ""PDES"" => """", ""ISW"" => """"))"
gen-760,true,0.00300001532,0.0,0.003,BA,"(min = 0.0, max = 0.0)",0.95,"RenewableGenerationCost(CostCurve{LinearCurve}(LinearCurve(16.3717118, 401.19412), UnitSystem.NATURAL_UNITS = 2, LinearCurve(0.0, 0.0)), CostCurve{LinearCurve}(LinearCurve(0.0, 0.0), UnitSystem.NATURAL_UNITS = 2, LinearCurve(0.0, 0.0)), 0.0)",100.0,Service[],,bus-446,446,"Area(0, 0.0, 0.0, 0.0, Dict{String, Any}(""I"" => """", ""ARNAME"" => """", ""PTOL"" => """", ""PDES"" => """", ""ISW"" => """"))"
gen-1156,true,0.0045411791600000005,0.0,0.10220465334633308,PVe,"(min = -0.07, max = 0.102)",0.95,"RenewableGenerationCost(CostCurve{LinearCurve}(LinearCurve(0.0, 0.0), UnitSystem.NATURAL_UNITS = 2, LinearCurve(0.0, 0.0)), CostCurve{LinearCurve}(LinearCurve(0.0, 0.0), UnitSystem.NATURAL_UNITS = 2, LinearCurve(0.0, 0.0)), 0.0)",100.0,Service[],,bus-990,990,"Area(0, 0.0, 0.0, 0.0, Dict{String, Any}(""I"" => """", ""ARNAME"" => """", ""PTOL"" => """", ""PDES"" => """", ""ISW"" => """"))"
gen-1791,true,0.18164716599999997,0.0,0.27797457623060623,PVe,"(min = -0.07, max = 0.102)",0.95,"RenewableGenerationCost(CostCurve{LinearCurve}(LinearCurve(0.0, 0.0), UnitSystem.NATURAL_UNITS = 2, LinearCurve(0.0, 0.0)), CostCurve{LinearCurve}(LinearCurve(0.0, 0.0), UnitSystem.NATURAL_UNITS = 2, LinearCurve(0.0, 0.0)), 0.0)",100.0,Service[],,bus-812,812,"Area(0, 0.0, 0.0, 0.0, Dict{String, Any}(""I"" => """", ""ARNAME"" => """", ""PTOL"" => """", ""PDES"" => """", ""ISW"" => """"))"
gen-1645,true,0.0136235375,0.0,0.10382735906685212,PVe,"(min = -0.07, max = 0.102)",0.95,"RenewableGenerationCost(CostCurve{LinearCurve}(LinearCurve(0.0, 0.0), UnitSystem.NATURAL_UNITS = 2, LinearCurve(0.0, 0.0)), CostCurve{LinearCurve}(LinearCurve(0.0, 0.0), UnitSystem.NATURAL_UNITS = 2, LinearCurve(0.0, 0.0)), 0.0)",100.0,Service[],,bus-407,407,"Area(0, 0.0, 0.0, 0.0, Dict{String, Any}(""I"" => """", ""ARNAME"" => """", ""PTOL"" => """", ""PDES"" => """", ""ISW"" => """"))"
gen-1631,true,0.0136235375,0.0,0.10382735906685212,PVe,"(min = -0.07, max = 0.102)",0.95,"RenewableGenerationCost(CostCurve{LinearCurve}(LinearCurve(0.0, 0.0), UnitSystem.NATURAL_UNITS = 2, LinearCurve(0.0, 0.0)), CostCurve{LinearCurve}(LinearCurve(0.0, 0.0), UnitSystem.NATURAL_UNITS = 2, LinearCurve(0.0, 0.0)), 0.0)",100.0,Service[],,bus-1426,1426,"Area(0, 0.0, 0.0, 0.0, Dict{String, Any}(""I"" => """", ""ARNAME"" => """", ""PTOL"" => """", ""PDES"" => """", ""ISW"" => """"))"
gen-1790,true,0.18164716599999997,0.0,0.27797457623060623,PVe,"(min = -0.07, max = 0.102)",0.95,"RenewableGenerationCost(CostCurve{LinearCurve}(LinearCurve(0.0, 0.0), UnitSystem.NATURAL_UNITS = 2, LinearCurve(0.0, 0.0)), CostCurve{LinearCurve}(LinearCurve(0.0, 0.0), UnitSystem.NATURAL_UNITS = 2, LinearCurve(0.0, 0.0)), 0.0)",100.0,Service[],,bus-2199,2199,"Area(0, 0.0, 0.0, 0.0, Dict{String, Any}(""I"" => """", ""ARNAME"" => """", ""PTOL"" => """", ""PDES"" => """", ""ISW"" => """"))"
gen-2099,true,0.0130000896,0.0,0.013000000000000001,BA,"(min = 0.0, max = 0.0)",0.95,"RenewableGenerationCost(CostCurve{LinearCurve}(LinearCurve(16.3717118, 401.19412), UnitSystem.NATURAL_UNITS = 2, LinearCurve(0.0, 0.0)), CostCurve{LinearCurve}(LinearCurve(0.0, 0.0), UnitSystem.NATURAL_UNITS = 2, LinearCurve(0.0, 0.0)), 0.0)",100.0,Service[],,bus-7870,7870,"Area(0, 0.0, 0.0, 0.0, Dict{String, Any}(""I"" => """", ""ARNAME"" => """", ""PTOL"" => """", ""PDES"" => """", ""ISW"" => """"))"
gen-1885,true,0.18164716599999997,0.0,0.27797457623060623,PVe,"(min = -0.07, max = 0.102)",0.95,"RenewableGenerationCost(CostCurve{LinearCurve}(LinearCurve(0.0, 0.0), UnitSystem.NATURAL_UNITS = 2, LinearCurve(0.0, 0.0)), CostCurve{LinearCurve}(LinearCurve(0.0, 0.0), UnitSystem.NATURAL_UNITS = 2, LinearCurve(0.0, 0.0)), 0.0)",100.0,Service[],,bus-8340,8340,"Area(0, 0.0, 0.0, 0.0, Dict{String, Any}(""I"" => """", ""ARNAME"" => """", ""PTOL"" => """", ""PDES"" => """", ""ISW"" => """"))"
gen-1727,true,0.009082358320000001,0.0,0.10281616926620278,PVe,"(min = -0.07, max = 0.102)",0.95,"RenewableGenerationCost(CostCurve{LinearCurve}(LinearCurve(0.0, 0.0), UnitSystem.NATURAL_UNITS = 2, LinearCurve(0.0, 0.0)), CostCurve{LinearCurve}(LinearCurve(0.0, 0.0), UnitSystem.NATURAL_UNITS = 2, LinearCurve(0.0, 0.0)), 0.0)",100.0,Service[],,bus-2252,2252,"Area(0, 0.0, 0.0, 0.0, Dict{String, Any}(""I"" => """", ""ARNAME"" => """", ""PTOL"" => """", ""PDES"" => """", ""ISW"" => """"))"
gen-1050,true,0.0045411791600000005,0.0,0.10220465334633308,PVe,"(min = -0.07, max = 0.102)",0.95,"RenewableGenerationCost(CostCurve{LinearCurve}(LinearCurve(0.0, 0.0), UnitSystem.NATURAL_UNITS = 2, LinearCurve(0.0, 0.0)), CostCurve{LinearCurve}(LinearCurve(0.0, 0.0), UnitSystem.NATURAL_UNITS = 2, LinearCurve(0.0, 0.0)), 0.0)",100.0,Service[],,bus-2000,2000,"Area(0, 0.0, 0.0, 0.0, Dict{String, Any}(""I"" => """", ""ARNAME"" => """", ""PTOL"" => """", ""PDES"" => """", ""ISW"" => """"))"
gen-1522,true,0.435953199,0.0,0.628928757752362,PVe,"(min = -0.07, max = 0.102)",0.95,"RenewableGenerationCost(CostCurve{LinearCurve}(LinearCurve(0.0, 0.0), UnitSystem.NATURAL_UNITS = 2, LinearCurve(0.0, 0.0)), CostCurve{LinearCurve}(LinearCurve(0.0, 0.0), UnitSystem.NATURAL_UNITS = 2, LinearCurve(0.0, 0.0)), 0.0)",100.0,Service[],,bus-2314,2314,"Area(0, 0.0, 0.0, 0.0, Dict{String, Any}(""I"" => """", ""ARNAME"" => """", ""PTOL"" => """", ""PDES"" => """", ""ISW"" => """"))"
gen-1058,true,0.009082358320000001,0.0,0.10281616926620278,PVe,"(min = -0.07, max = 0.102)",0.95,"RenewableGenerationCost(CostCurve{LinearCurve}(LinearCurve(0.0, 0.0), UnitSystem.NATURAL_UNITS = 2, LinearCurve(0.0, 0.0)), CostCurve{LinearCurve}(LinearCurve(0.0, 0.0), UnitSystem.NATURAL_UNITS = 2, LinearCurve(0.0, 0.0)), 0.0)",100.0,Service[],,bus-1993,1993,"Area(0, 0.0, 0.0, 0.0, Dict{String, Any}(""I"" => """", ""ARNAME"" => """", ""PTOL"" => """", ""PDES"" => """", ""ISW"" => """"))"
gen-2100,true,0.009990594149999999,0.0,0.10298674303316785,PVe,"(min = -0.07, max = 0.102)",0.95,"RenewableGenerationCost(CostCurve{LinearCurve}(LinearCurve(0.0, 0.0), UnitSystem.NATURAL_UNITS = 2, LinearCurve(0.0, 0.0)), CostCurve{LinearCurve}(LinearCurve(0.0, 0.0), UnitSystem.NATURAL_UNITS = 2, LinearCurve(0.0, 0.0)), 0.0)",100.0,Service[],,bus-17,17,"Area(0, 0.0, 0.0, 0.0, Dict{String, Any}(""I"" => """", ""ARNAME"" => """", ""PTOL"" => """", ""PDES"" => """", ""ISW"" => """"))"
gen-1255,true,0.0045411791600000005,0.0,0.10220465334633308,PVe,"(min = -0.07, max = 0.102)",0.95,"RenewableGenerationCost(CostCurve{LinearCurve}(LinearCurve(0.0, 0.0), UnitSystem.NATURAL_UNITS = 2, LinearCurve(0.0, 0.0)), CostCurve{LinearCurve}(LinearCurve(0.0, 0.0), UnitSystem.NATURAL_UNITS = 2, LinearCurve(0.0, 0.0)), 0.0)",100.0,Service[],,bus-1846,1846,"Area(0, 0.0, 0.0, 0.0, Dict{String, Any}(""I"" => """", ""ARNAME"" => """", ""PTOL"" => """", ""PDES"" => """", ""ISW"" => """"))"
gen-1388,true,0.36601903999999996,0.0,0.5309373377476353,PVe,"(min = -0.07, max = 0.102)",0.95,"RenewableGenerationCost(CostCurve{LinearCurve}(LinearCurve(0.0, 0.0), UnitSystem.NATURAL_UNITS = 2, LinearCurve(0.0, 0.0)), CostCurve{LinearCurve}(LinearCurve(0.0, 0.0), UnitSystem.NATURAL_UNITS = 2, LinearCurve(0.0, 0.0)), 0.0)",100.0,Service[],,bus-2235,2235,"Area(0, 0.0, 0.0, 0.0, Dict{String, Any}(""I"" => """", ""ARNAME"" => """", ""PTOL"" => """", ""PDES"" => """", ""ISW"" => """"))"
gen-1344,true,0.0136235375,0.0,0.10382735906685212,PVe,"(min = -0.07, max = 0.102)",0.95,"RenewableGenerationCost(CostCurve{LinearCurve}(LinearCurve(0.0, 0.0), UnitSystem.NATURAL_UNITS = 2, LinearCurve(0.0, 0.0)), CostCurve{LinearCurve}(LinearCurve(0.0, 0.0), UnitSystem.NATURAL_UNITS = 2, LinearCurve(0.0, 0.0)), 0.0)",100.0,Service[],,bus-491,491,"Area(0, 0.0, 0.0, 0.0, Dict{String, Any}(""I"" => """", ""ARNAME"" => """", ""PTOL"" => """", ""PDES"" => """", ""ISW"" => """"))"
gen-1412,true,0.009082358320000001,0.0,0.10281616926620278,PVe,"(min = -0.07, max = 0.102)",0.95,"RenewableGenerationCost(CostCurve{LinearCurve}(LinearCurve(0.0, 0.0), UnitSystem.NATURAL_UNITS = 2, LinearCurve(0.0, 0.0)), CostCurve{LinearCurve}(LinearCurve(0.0, 0.0), UnitSystem.NATURAL_UNITS = 2, LinearCurve(0.0, 0.0)), 0.0)",100.0,Service[],,bus-309,309,"Area(0, 0.0, 0.0, 0.0, Dict{String, Any}(""I"" => """", ""ARNAME"" => """", ""PTOL"" => """", ""PDES"" => """", ""ISW"" => """"))"
gen-1833,true,0.0136235375,0.0,0.10382735906685212,PVe,"(min = -0.07, max = 0.102)",0.95,"RenewableGenerationCost(CostCurve{LinearCurve}(LinearCurve(0.0, 0.0), UnitSystem.NATURAL_UNITS = 2, LinearCurve(0.0, 0.0)), CostCurve{LinearCurve}(LinearCurve(0.0, 0.0), UnitSystem.NATURAL_UNITS = 2, LinearCurve(0.0, 0.0)), 0.0)",100.0,Service[],,bus-155,155,"Area(0, 0.0, 0.0, 0.0, Dict{String, Any}(""I"" => """", ""ARNAME"" => """", ""PTOL"" => """", ""PDES"" => """", ""ISW"" => """"))"
gen-1455,true,0.18164716599999997,0.0,0.27797457623060623,PVe,"(min = -0.07, max = 0.102)",0.95,"RenewableGenerationCost(CostCurve{LinearCurve}(LinearCurve(0.0, 0.0), UnitSystem.NATURAL_UNITS = 2, LinearCurve(0.0, 0.0)), CostCurve{LinearCurve}(LinearCurve(0.0, 0.0), UnitSystem.NATURAL_UNITS = 2, LinearCurve(0.0, 0.0)), 0.0)",100.0,Service[],,bus-1508,1508,"Area(0, 0.0, 0.0, 0.0, Dict{String, Any}(""I"" => """", ""ARNAME"" => """", ""PTOL"" => """", ""PDES"" => """", ""ISW"" => """"))"
gen-1788,true,0.127153016,0.0,0.20776976201987127,PVe,"(min = -0.07, max = 0.102)",0.95,"RenewableGenerationCost(CostCurve{LinearCurve}(LinearCurve(0.0, 0.0), UnitSystem.NATURAL_UNITS = 2, LinearCurve(0.0, 0.0)), CostCurve{LinearCurve}(LinearCurve(0.0, 0.0), UnitSystem.NATURAL_UNITS = 2, LinearCurve(0.0, 0.0)), 0.0)",100.0,Service[],,bus-8865,8865,"Area(0, 0.0, 0.0, 0.0, Dict{String, Any}(""I"" => """", ""ARNAME"" => """", ""PTOL"" => """", ""PDES"" => """", ""ISW"" => """"))"
gen-206,true,0.18243231099999999,0.0,0.3,BA,"(min = 0.0, max = 0.0)",0.95,"RenewableGenerationCost(CostCurve{LinearCurve}(LinearCurve(16.3717118, 401.19412), UnitSystem.NATURAL_UNITS = 2, LinearCurve(0.0, 0.0)), CostCurve{LinearCurve}(LinearCurve(0.0, 0.0), UnitSystem.NATURAL_UNITS = 2, LinearCurve(0.0, 0.0)), 0.0)",100.0,Service[],,bus-7751,7751,"Area(0, 0.0, 0.0, 0.0, Dict{String, Any}(""I"" => """", ""ARNAME"" => """", ""PTOL"" => """", ""PDES"" => """", ""ISW"" => """"))"
gen-1832,true,0.6811768739999999,0.0,0.9750411411794904,PVe,"(min = -0.07, max = 0.102)",0.95,"RenewableGenerationCost(CostCurve{LinearCurve}(LinearCurve(0.0, 0.0), UnitSystem.NATURAL_UNITS = 2, LinearCurve(0.0, 0.0)), CostCurve{LinearCurve}(LinearCurve(0.0, 0.0), UnitSystem.NATURAL_UNITS = 2, LinearCurve(0.0, 0.0)), 0.0)",100.0,Service[],,bus-2314,2314,"Area(0, 0.0, 0.0, 0.0, Dict{String, Any}(""I"" => """", ""ARNAME"" => """", ""PTOL"" => """", ""PDES"" => """", ""ISW"" => """"))"
gen-793,true,0.0239000375,0.0,0.2450929438413742,WT,"(min = -0.225631579, max = 0.23884210499999997)",0.95,"RenewableGenerationCost(CostCurve{LinearCurve}(LinearCurve(0.0, 0.0), UnitSystem.NATURAL_UNITS = 2, LinearCurve(0.0, 0.0)), CostCurve{LinearCurve}(LinearCurve(0.0, 0.0), UnitSystem.NATURAL_UNITS = 2, LinearCurve(0.0, 0.0)), 0.0)",100.0,Service[],,bus-2407,2407,"Area(0, 0.0, 0.0, 0.0, Dict{String, Any}(""I"" => """", ""ARNAME"" => """", ""PTOL"" => """", ""PDES"" => """", ""ISW"" => """"))"
gen-1702,true,0.0136235375,0.0,0.10382735906685212,PVe,"(min = -0.07, max = 0.102)",0.95,"RenewableGenerationCost(CostCurve{LinearCurve}(LinearCurve(0.0, 0.0), UnitSystem.NATURAL_UNITS = 2, LinearCurve(0.0, 0.0)), CostCurve{LinearCurve}(LinearCurve(0.0, 0.0), UnitSystem.NATURAL_UNITS = 2, LinearCurve(0.0, 0.0)), 0.0)",100.0,Service[],,bus-2020,2020,"Area(0, 0.0, 0.0, 0.0, Dict{String, Any}(""I"" => """", ""ARNAME"" => """", ""PTOL"" => """", ""PDES"" => """", ""ISW"" => """"))"
gen-1203,true,0.0045411791600000005,0.0,0.10220465334633308,PVe,"(min = -0.07, max = 0.102)",0.95,"RenewableGenerationCost(CostCurve{LinearCurve}(LinearCurve(0.0, 0.0), UnitSystem.NATURAL_UNITS = 2, LinearCurve(0.0, 0.0)), CostCurve{LinearCurve}(LinearCurve(0.0, 0.0), UnitSystem.NATURAL_UNITS = 2, LinearCurve(0.0, 0.0)), 0.0)",100.0,Service[],,bus-1435,1435,"Area(0, 0.0, 0.0, 0.0, Dict{String, Any}(""I"" => """", ""ARNAME"" => """", ""PTOL"" => """", ""PDES"" => """", ""ISW"" => """"))"
gen-623,true,0.09429651160000001,0.0,0.23342022191746797,WT,"(min = -0.086, max = 0.086)",0.95,"RenewableGenerationCost(CostCurve{LinearCurve}(LinearCurve(0.0, 0.0), UnitSystem.NATURAL_UNITS = 2, LinearCurve(0.0, 0.0)), CostCurve{LinearCurve}(LinearCurve(0.0, 0.0), UnitSystem.NATURAL_UNITS = 2, LinearCurve(0.0, 0.0)), 0.0)",100.0,Service[],,bus-1858,1858,"Area(0, 0.0, 0.0, 0.0, Dict{String, Any}(""I"" => """", ""ARNAME"" => """", ""PTOL"" => """", ""PDES"" => """", ""ISW"" => """"))"
gen-1528,true,0.0454117916,0.0,0.12076057537297331,PVe,"(min = -0.07, max = 0.102)",0.95,"RenewableGenerationCost(CostCurve{LinearCurve}(LinearCurve(0.0, 0.0), UnitSystem.NATURAL_UNITS = 2, LinearCurve(0.0, 0.0)), CostCurve{LinearCurve}(LinearCurve(0.0, 0.0), UnitSystem.NATURAL_UNITS = 2, LinearCurve(0.0, 0.0)), 0.0)",100.0,Service[],,bus-1508,1508,"Area(0, 0.0, 0.0, 0.0, Dict{String, Any}(""I"" => """", ""ARNAME"" => """", ""PTOL"" => """", ""PDES"" => """", ""ISW"" => """"))"
gen-1014,true,0.0454117916,0.0,0.12076057537297331,PVe,"(min = -0.07, max = 0.102)",0.95,"RenewableGenerationCost(CostCurve{LinearCurve}(LinearCurve(0.0, 0.0), UnitSystem.NATURAL_UNITS = 2, LinearCurve(0.0, 0.0)), CostCurve{LinearCurve}(LinearCurve(0.0, 0.0), UnitSystem.NATURAL_UNITS = 2, LinearCurve(0.0, 0.0)), 0.0)",100.0,Service[],,bus-138,138,"Area(0, 0.0, 0.0, 0.0, Dict{String, Any}(""I"" => """", ""ARNAME"" => """", ""PTOL"" => """", ""PDES"" => """", ""ISW"" => """"))"
gen-2078,true,0.01089883,0.0,0.10317323836504652,PVe,"(min = -0.07, max = 0.102)",0.95,"RenewableGenerationCost(CostCurve{LinearCurve}(LinearCurve(0.0, 0.0), UnitSystem.NATURAL_UNITS = 2, LinearCurve(0.0, 0.0)), CostCurve{LinearCurve}(LinearCurve(0.0, 0.0), UnitSystem.NATURAL_UNITS = 2, LinearCurve(0.0, 0.0)), 0.0)",100.0,Service[],,bus-562,562,"Area(0, 0.0, 0.0, 0.0, Dict{String, Any}(""I"" => """", ""ARNAME"" => """", ""PTOL"" => """", ""PDES"" => """", ""ISW"" => """"))"
gen-1760,true,0.18164716599999997,0.0,0.27797457623060623,PVe,"(min = -0.07, max = 0.102)",0.95,"RenewableGenerationCost(CostCurve{LinearCurve}(LinearCurve(0.0, 0.0), UnitSystem.NATURAL_UNITS = 2, LinearCurve(0.0, 0.0)), CostCurve{LinearCurve}(LinearCurve(0.0, 0.0), UnitSystem.NATURAL_UNITS = 2, LinearCurve(0.0, 0.0)), 0.0)",100.0,Service[],,bus-8340,8340,"Area(0, 0.0, 0.0, 0.0, Dict{String, Any}(""I"" => """", ""ARNAME"" => """", ""PTOL"" => """", ""PDES"" => """", ""ISW"" => """"))"
gen-1333,true,0.0454117916,0.0,0.12076057537297331,PVe,"(min = -0.07, max = 0.102)",0.95,"RenewableGenerationCost(CostCurve{LinearCurve}(LinearCurve(0.0, 0.0), UnitSystem.NATURAL_UNITS = 2, LinearCurve(0.0, 0.0)), CostCurve{LinearCurve}(LinearCurve(0.0, 0.0), UnitSystem.NATURAL_UNITS = 2, LinearCurve(0.0, 0.0)), 0.0)",100.0,Service[],,bus-974,974,"Area(0, 0.0, 0.0, 0.0, Dict{String, Any}(""I"" => """", ""ARNAME"" => """", ""PTOL"" => """", ""PDES"" => """", ""ISW"" => """"))"
gen-1988,true,0.009990594149999999,0.0,0.10298674303316785,PVe,"(min = -0.07, max = 0.102)",0.95,"RenewableGenerationCost(CostCurve{LinearCurve}(LinearCurve(0.0, 0.0), UnitSystem.NATURAL_UNITS = 2, LinearCurve(0.0, 0.0)), CostCurve{LinearCurve}(LinearCurve(0.0, 0.0), UnitSystem.NATURAL_UNITS = 2, LinearCurve(0.0, 0.0)), 0.0)",100.0,Service[],,bus-7939,7939,"Area(0, 0.0, 0.0, 0.0, Dict{String, Any}(""I"" => """", ""ARNAME"" => """", ""PTOL"" => """", ""PDES"" => """", ""ISW"" => """"))"
gen-1847,true,0.14350126100000002,0.0,0.22833087044522302,PVe,"(min = -0.07, max = 0.102)",0.95,"RenewableGenerationCost(CostCurve{LinearCurve}(LinearCurve(0.0, 0.0), UnitSystem.NATURAL_UNITS = 2, LinearCurve(0.0, 0.0)), CostCurve{LinearCurve}(LinearCurve(0.0, 0.0), UnitSystem.NATURAL_UNITS = 2, LinearCurve(0.0, 0.0)), 0.0)",100.0,Service[],,bus-317,317,"Area(0, 0.0, 0.0, 0.0, Dict{String, Any}(""I"" => """", ""ARNAME"" => """", ""PTOL"" => """", ""PDES"" => """", ""ISW"" => """"))"
gen-1815,true,0.18164716599999997,0.0,0.27797457623060623,PVe,"(min = -0.07, max = 0.102)",0.95,"RenewableGenerationCost(CostCurve{LinearCurve}(LinearCurve(0.0, 0.0), UnitSystem.NATURAL_UNITS = 2, LinearCurve(0.0, 0.0)), CostCurve{LinearCurve}(LinearCurve(0.0, 0.0), UnitSystem.NATURAL_UNITS = 2, LinearCurve(0.0, 0.0)), 0.0)",100.0,Service[],,bus-2264,2264,"Area(0, 0.0, 0.0, 0.0, Dict{String, Any}(""I"" => """", ""ARNAME"" => """", ""PTOL"" => """", ""PDES"" => """", ""ISW"" => """"))"
gen-1089,true,0.0045411791600000005,0.0,0.10220465334633308,PVe,"(min = -0.07, max = 0.102)",0.95,"RenewableGenerationCost(CostCurve{LinearCurve}(LinearCurve(0.0, 0.0), UnitSystem.NATURAL_UNITS = 2, LinearCurve(0.0, 0.0)), CostCurve{LinearCurve}(LinearCurve(0.0, 0.0), UnitSystem.NATURAL_UNITS = 2, LinearCurve(0.0, 0.0)), 0.0)",100.0,Service[],,bus-8315,8315,"Area(0, 0.0, 0.0, 0.0, Dict{String, Any}(""I"" => """", ""ARNAME"" => """", ""PTOL"" => """", ""PDES"" => """", ""ISW"" => """"))"
gen-639,true,0.129929295,0.0,0.3214420632089086,WT,"(min = -0.11800000000000001, max = 0.11800000000000001)",0.95,"RenewableGenerationCost(CostCurve{LinearCurve}(LinearCurve(0.0, 0.0), UnitSystem.NATURAL_UNITS = 2, LinearCurve(0.0, 0.0)), CostCurve{LinearCurve}(LinearCurve(0.0, 0.0), UnitSystem.NATURAL_UNITS = 2, LinearCurve(0.0, 0.0)), 0.0)",100.0,Service[],,bus-1848,1848,"Area(0, 0.0, 0.0, 0.0, Dict{String, Any}(""I"" => """", ""ARNAME"" => """", ""PTOL"" => """", ""PDES"" => """", ""ISW"" => """"))"
gen-1984,true,0.0263388391,0.0,0.10867315590921076,PVe,"(min = -0.07, max = 0.102)",0.95,"RenewableGenerationCost(CostCurve{LinearCurve}(LinearCurve(0.0, 0.0), UnitSystem.NATURAL_UNITS = 2, LinearCurve(0.0, 0.0)), CostCurve{LinearCurve}(LinearCurve(0.0, 0.0), UnitSystem.NATURAL_UNITS = 2, LinearCurve(0.0, 0.0)), 0.0)",100.0,Service[],,bus-1703,1703,"Area(0, 0.0, 0.0, 0.0, Dict{String, Any}(""I"" => """", ""ARNAME"" => """", ""PTOL"" => """", ""PDES"" => """", ""ISW"" => """"))"
gen-1853,true,0.027247075,0.0,0.10912599123576455,PVe,"(min = -0.07, max = 0.102)",0.95,"RenewableGenerationCost(CostCurve{LinearCurve}(LinearCurve(0.0, 0.0), UnitSystem.NATURAL_UNITS = 2, LinearCurve(0.0, 0.0)), CostCurve{LinearCurve}(LinearCurve(0.0, 0.0), UnitSystem.NATURAL_UNITS = 2, LinearCurve(0.0, 0.0)), 0.0)",100.0,Service[],,bus-478,478,"Area(0, 0.0, 0.0, 0.0, Dict{String, Any}(""I"" => """", ""ARNAME"" => """", ""PTOL"" => """", ""PDES"" => """", ""ISW"" => """"))"
gen-1784,true,0.18164716599999997,0.0,0.27797457623060623,PVe,"(min = -0.07, max = 0.102)",0.95,"RenewableGenerationCost(CostCurve{LinearCurve}(LinearCurve(0.0, 0.0), UnitSystem.NATURAL_UNITS = 2, LinearCurve(0.0, 0.0)), CostCurve{LinearCurve}(LinearCurve(0.0, 0.0), UnitSystem.NATURAL_UNITS = 2, LinearCurve(0.0, 0.0)), 0.0)",100.0,Service[],,bus-610,610,"Area(0, 0.0, 0.0, 0.0, Dict{String, Any}(""I"" => """", ""ARNAME"" => """", ""PTOL"" => """", ""PDES"" => """", ""ISW"" => """"))"
gen-2006,true,0.009082358320000001,0.0,0.10281616926620278,PVe,"(min = -0.07, max = 0.102)",0.95,"RenewableGenerationCost(CostCurve{LinearCurve}(LinearCurve(0.0, 0.0), UnitSystem.NATURAL_UNITS = 2, LinearCurve(0.0, 0.0)), CostCurve{LinearCurve}(LinearCurve(0.0, 0.0), UnitSystem.NATURAL_UNITS = 2, LinearCurve(0.0, 0.0)), 0.0)",100.0,Service[],,bus-1110,1110,"Area(0, 0.0, 0.0, 0.0, Dict{String, Any}(""I"" => """", ""ARNAME"" => """", ""PTOL"" => """", ""PDES"" => """", ""ISW"" => """"))"
gen-2010,true,0.00544941499,0.0,0.10229457110974914,PVe,"(min = -0.07, max = 0.102)",0.95,"RenewableGenerationCost(CostCurve{LinearCurve}(LinearCurve(0.0, 0.0), UnitSystem.NATURAL_UNITS = 2, LinearCurve(0.0, 0.0)), CostCurve{LinearCurve}(LinearCurve(0.0, 0.0), UnitSystem.NATURAL_UNITS = 2, LinearCurve(0.0, 0.0)), 0.0)",100.0,Service[],,bus-8573,8573,"Area(0, 0.0, 0.0, 0.0, Dict{String, Any}(""I"" => """", ""ARNAME"" => """", ""PTOL"" => """", ""PDES"" => """", ""ISW"" => """"))"
gen-614,true,0.0664855589,0.0,0.28364511474874904,WT,"(min = -0.225631579, max = 0.23884210499999997)",0.95,"RenewableGenerationCost(CostCurve{LinearCurve}(LinearCurve(0.0, 0.0), UnitSystem.NATURAL_UNITS = 2, LinearCurve(0.0, 0.0)), CostCurve{LinearCurve}(LinearCurve(0.0, 0.0), UnitSystem.NATURAL_UNITS = 2, LinearCurve(0.0, 0.0)), 0.0)",100.0,Service[],,bus-1932,1932,"Area(0, 0.0, 0.0, 0.0, Dict{String, Any}(""I"" => """", ""ARNAME"" => """", ""PTOL"" => """", ""PDES"" => """", ""ISW"" => """"))"
gen-1396,true,0.454117916,0.0,0.6544582923618256,PVe,"(min = -0.07, max = 0.102)",0.95,"RenewableGenerationCost(CostCurve{LinearCurve}(LinearCurve(0.0, 0.0), UnitSystem.NATURAL_UNITS = 2, LinearCurve(0.0, 0.0)), CostCurve{LinearCurve}(LinearCurve(0.0, 0.0), UnitSystem.NATURAL_UNITS = 2, LinearCurve(0.0, 0.0)), 0.0)",100.0,Service[],,bus-1412,1412,"Area(0, 0.0, 0.0, 0.0, Dict{String, Any}(""I"" => """", ""ARNAME"" => """", ""PTOL"" => """", ""PDES"" => """", ""ISW"" => """"))"
gen-1905,true,0.18164716599999997,0.0,0.27797457623060623,PVe,"(min = -0.07, max = 0.102)",0.95,"RenewableGenerationCost(CostCurve{LinearCurve}(LinearCurve(0.0, 0.0), UnitSystem.NATURAL_UNITS = 2, LinearCurve(0.0, 0.0)), CostCurve{LinearCurve}(LinearCurve(0.0, 0.0), UnitSystem.NATURAL_UNITS = 2, LinearCurve(0.0, 0.0)), 0.0)",100.0,Service[],,bus-8185,8185,"Area(0, 0.0, 0.0, 0.0, Dict{String, Any}(""I"" => """", ""ARNAME"" => """", ""PTOL"" => """", ""PDES"" => """", ""ISW"" => """"))"
gen-1103,true,0.0045411791600000005,0.0,0.10220465334633308,PVe,"(min = -0.07, max = 0.102)",0.95,"RenewableGenerationCost(CostCurve{LinearCurve}(LinearCurve(0.0, 0.0), UnitSystem.NATURAL_UNITS = 2, LinearCurve(0.0, 0.0)), CostCurve{LinearCurve}(LinearCurve(0.0, 0.0), UnitSystem.NATURAL_UNITS = 2, LinearCurve(0.0, 0.0)), 0.0)",100.0,Service[],,bus-7808,7808,"Area(0, 0.0, 0.0, 0.0, Dict{String, Any}(""I"" => """", ""ARNAME"" => """", ""PTOL"" => """", ""PDES"" => """", ""ISW"" => """"))"
gen-789,true,0.0395436984,0.0,0.2555905927862585,WT,"(min = -0.225631579, max = 0.23884210499999997)",0.95,"RenewableGenerationCost(CostCurve{LinearCurve}(LinearCurve(0.0, 0.0), UnitSystem.NATURAL_UNITS = 2, LinearCurve(0.0, 0.0)), CostCurve{LinearCurve}(LinearCurve(0.0, 0.0), UnitSystem.NATURAL_UNITS = 2, LinearCurve(0.0, 0.0)), 0.0)",100.0,Service[],,bus-1848,1848,"Area(0, 0.0, 0.0, 0.0, Dict{String, Any}(""I"" => """", ""ARNAME"" => """", ""PTOL"" => """", ""PDES"" => """", ""ISW"" => """"))"
gen-751,true,0.0612710052,0.0,0.2773563612409692,WT,"(min = -0.225631579, max = 0.23884210499999997)",0.95,"RenewableGenerationCost(CostCurve{LinearCurve}(LinearCurve(0.0, 0.0), UnitSystem.NATURAL_UNITS = 2, LinearCurve(0.0, 0.0)), CostCurve{LinearCurve}(LinearCurve(0.0, 0.0), UnitSystem.NATURAL_UNITS = 2, LinearCurve(0.0, 0.0)), 0.0)",100.0,Service[],,bus-1931,1931,"Area(0, 0.0, 0.0, 0.0, Dict{String, Any}(""I"" => """", ""ARNAME"" => """", ""PTOL"" => """", ""PDES"" => """", ""ISW"" => """"))"
gen-1567,true,0.0136235375,0.0,0.10382735906685212,PVe,"(min = -0.07, max = 0.102)",0.95,"RenewableGenerationCost(CostCurve{LinearCurve}(LinearCurve(0.0, 0.0), UnitSystem.NATURAL_UNITS = 2, LinearCurve(0.0, 0.0)), CostCurve{LinearCurve}(LinearCurve(0.0, 0.0), UnitSystem.NATURAL_UNITS = 2, LinearCurve(0.0, 0.0)), 0.0)",100.0,Service[],,bus-562,562,"Area(0, 0.0, 0.0, 0.0, Dict{String, Any}(""I"" => """", ""ARNAME"" => """", ""PTOL"" => """", ""PDES"" => """", ""ISW"" => """"))"
gen-568,true,0.0,0.0,0.10200819401707768,PVe,"(min = -0.07, max = 0.102)",0.95,"RenewableGenerationCost(CostCurve{LinearCurve}(LinearCurve(0.0, 0.0), UnitSystem.NATURAL_UNITS = 2, LinearCurve(0.0, 0.0)), CostCurve{LinearCurve}(LinearCurve(0.0, 0.0), UnitSystem.NATURAL_UNITS = 2, LinearCurve(0.0, 0.0)), 0.0)",100.0,Service[],,bus-1118,1118,"Area(0, 0.0, 0.0, 0.0, Dict{String, Any}(""I"" => """", ""ARNAME"" => """", ""PTOL"" => """", ""PDES"" => """", ""ISW"" => """"))"
gen-1747,true,0.0136235375,0.0,0.10382735906685212,PVe,"(min = -0.07, max = 0.102)",0.95,"RenewableGenerationCost(CostCurve{LinearCurve}(LinearCurve(0.0, 0.0), UnitSystem.NATURAL_UNITS = 2, LinearCurve(0.0, 0.0)), CostCurve{LinearCurve}(LinearCurve(0.0, 0.0), UnitSystem.NATURAL_UNITS = 2, LinearCurve(0.0, 0.0)), 0.0)",100.0,Service[],,bus-2276,2276,"Area(0, 0.0, 0.0, 0.0, Dict{String, Any}(""I"" => """", ""ARNAME"" => """", ""PTOL"" => """", ""PDES"" => """", ""ISW"" => """"))"
gen-1343,true,0.6518192039999999,0.0,1.518896162060077,WT,"(min = -0.225631579, max = 0.23884210499999997)",0.95,"RenewableGenerationCost(CostCurve{LinearCurve}(LinearCurve(0.0, 0.0), UnitSystem.NATURAL_UNITS = 2, LinearCurve(0.0, 0.0)), CostCurve{LinearCurve}(LinearCurve(0.0, 0.0), UnitSystem.NATURAL_UNITS = 2, LinearCurve(0.0, 0.0)), 0.0)",100.0,Service[],,bus-8680,8680,"Area(0, 0.0, 0.0, 0.0, Dict{String, Any}(""I"" => """", ""ARNAME"" => """", ""PTOL"" => """", ""PDES"" => """", ""ISW"" => """"))"
gen-1929,true,0.009990594149999999,0.0,0.10298674303316785,PVe,"(min = -0.07, max = 0.102)",0.95,"RenewableGenerationCost(CostCurve{LinearCurve}(LinearCurve(0.0, 0.0), UnitSystem.NATURAL_UNITS = 2, LinearCurve(0.0, 0.0)), CostCurve{LinearCurve}(LinearCurve(0.0, 0.0), UnitSystem.NATURAL_UNITS = 2, LinearCurve(0.0, 0.0)), 0.0)",100.0,Service[],,bus-838,838,"Area(0, 0.0, 0.0, 0.0, Dict{String, Any}(""I"" => """", ""ARNAME"" => """", ""PTOL"" => """", ""PDES"" => """", ""ISW"" => """"))"
gen-1084,true,0.0045411791600000005,0.0,0.10220465334633308,PVe,"(min = -0.07, max = 0.102)",0.95,"RenewableGenerationCost(CostCurve{LinearCurve}(LinearCurve(0.0, 0.0), UnitSystem.NATURAL_UNITS = 2, LinearCurve(0.0, 0.0)), CostCurve{LinearCurve}(LinearCurve(0.0, 0.0), UnitSystem.NATURAL_UNITS = 2, LinearCurve(0.0, 0.0)), 0.0)",100.0,Service[],,bus-1846,1846,"Area(0, 0.0, 0.0, 0.0, Dict{String, Any}(""I"" => """", ""ARNAME"" => """", ""PTOL"" => """", ""PDES"" => """", ""ISW"" => """"))"
gen-640,true,0.334165979,0.0,0.8269080964653811,WT,"(min = -0.304, max = 0.304)",0.95,"RenewableGenerationCost(CostCurve{LinearCurve}(LinearCurve(0.0, 0.0), UnitSystem.NATURAL_UNITS = 2, LinearCurve(0.0, 0.0)), CostCurve{LinearCurve}(LinearCurve(0.0, 0.0), UnitSystem.NATURAL_UNITS = 2, LinearCurve(0.0, 0.0)), 0.0)",100.0,Service[],,bus-2399,2399,"Area(0, 0.0, 0.0, 0.0, Dict{String, Any}(""I"" => """", ""ARNAME"" => """", ""PTOL"" => """", ""PDES"" => """", ""ISW"" => """"))"
gen-764,true,0.0325909602,0.0,0.250340869857143,WT,"(min = -0.225631579, max = 0.23884210499999997)",0.95,"RenewableGenerationCost(CostCurve{LinearCurve}(LinearCurve(0.0, 0.0), UnitSystem.NATURAL_UNITS = 2, LinearCurve(0.0, 0.0)), CostCurve{LinearCurve}(LinearCurve(0.0, 0.0), UnitSystem.NATURAL_UNITS = 2, LinearCurve(0.0, 0.0)), 0.0)",100.0,Service[],,bus-1932,1932,"Area(0, 0.0, 0.0, 0.0, Dict{String, Any}(""I"" => """", ""ARNAME"" => """", ""PTOL"" => """", ""PDES"" => """", ""ISW"" => """"))"
gen-1724,true,0.0908235832,0.0,0.16468292643029597,PVe,"(min = -0.07, max = 0.102)",0.95,"RenewableGenerationCost(CostCurve{LinearCurve}(LinearCurve(0.0, 0.0), UnitSystem.NATURAL_UNITS = 2, LinearCurve(0.0, 0.0)), CostCurve{LinearCurve}(LinearCurve(0.0, 0.0), UnitSystem.NATURAL_UNITS = 2, LinearCurve(0.0, 0.0)), 0.0)",100.0,Service[],,bus-456,456,"Area(0, 0.0, 0.0, 0.0, Dict{String, Any}(""I"" => """", ""ARNAME"" => """", ""PTOL"" => """", ""PDES"" => """", ""ISW"" => """"))"
gen-1854,true,0.18164716599999997,0.0,0.27797457623060623,PVe,"(min = -0.07, max = 0.102)",0.95,"RenewableGenerationCost(CostCurve{LinearCurve}(LinearCurve(0.0, 0.0), UnitSystem.NATURAL_UNITS = 2, LinearCurve(0.0, 0.0)), CostCurve{LinearCurve}(LinearCurve(0.0, 0.0), UnitSystem.NATURAL_UNITS = 2, LinearCurve(0.0, 0.0)), 0.0)",100.0,Service[],,bus-2314,2314,"Area(0, 0.0, 0.0, 0.0, Dict{String, Any}(""I"" => """", ""ARNAME"" => """", ""PTOL"" => """", ""PDES"" => """", ""ISW"" => """"))"
gen-1293,true,0.027247075,0.0,0.10912599123576455,PVe,"(min = -0.07, max = 0.102)",0.95,"RenewableGenerationCost(CostCurve{LinearCurve}(LinearCurve(0.0, 0.0), UnitSystem.NATURAL_UNITS = 2, LinearCurve(0.0, 0.0)), CostCurve{LinearCurve}(LinearCurve(0.0, 0.0), UnitSystem.NATURAL_UNITS = 2, LinearCurve(0.0, 0.0)), 0.0)",100.0,Service[],,bus-818,818,"Area(0, 0.0, 0.0, 0.0, Dict{String, Any}(""I"" => """", ""ARNAME"" => """", ""PTOL"" => """", ""PDES"" => """", ""ISW"" => """"))"
gen-2016,true,0.0363294333,0.0,0.11436185815744428,PVe,"(min = -0.07, max = 0.102)",0.95,"RenewableGenerationCost(CostCurve{LinearCurve}(LinearCurve(0.0, 0.0), UnitSystem.NATURAL_UNITS = 2, LinearCurve(0.0, 0.0)), CostCurve{LinearCurve}(LinearCurve(0.0, 0.0), UnitSystem.NATURAL_UNITS = 2, LinearCurve(0.0, 0.0)), 0.0)",100.0,Service[],,bus-2334,2334,"Area(0, 0.0, 0.0, 0.0, Dict{String, Any}(""I"" => """", ""ARNAME"" => """", ""PTOL"" => """", ""PDES"" => """", ""ISW"" => """"))"
gen-1500,true,0.009082358320000001,0.0,0.10281616926620278,PVe,"(min = -0.07, max = 0.102)",0.95,"RenewableGenerationCost(CostCurve{LinearCurve}(LinearCurve(0.0, 0.0), UnitSystem.NATURAL_UNITS = 2, LinearCurve(0.0, 0.0)), CostCurve{LinearCurve}(LinearCurve(0.0, 0.0), UnitSystem.NATURAL_UNITS = 2, LinearCurve(0.0, 0.0)), 0.0)",100.0,Service[],,bus-1435,1435,"Area(0, 0.0, 0.0, 0.0, Dict{String, Any}(""I"" => """", ""ARNAME"" => """", ""PTOL"" => """", ""PDES"" => """", ""ISW"" => """"))"
gen-1252,true,0.0045411791600000005,0.0,0.10220465334633308,PVe,"(min = -0.07, max = 0.102)",0.95,"RenewableGenerationCost(CostCurve{LinearCurve}(LinearCurve(0.0, 0.0), UnitSystem.NATURAL_UNITS = 2, LinearCurve(0.0, 0.0)), CostCurve{LinearCurve}(LinearCurve(0.0, 0.0), UnitSystem.NATURAL_UNITS = 2, LinearCurve(0.0, 0.0)), 0.0)",100.0,Service[],,bus-1846,1846,"Area(0, 0.0, 0.0, 0.0, Dict{String, Any}(""I"" => """", ""ARNAME"" => """", ""PTOL"" => """", ""PDES"" => """", ""ISW"" => """"))"
gen-1628,true,0.009082358320000001,0.0,0.10281616926620278,PVe,"(min = -0.07, max = 0.102)",0.95,"RenewableGenerationCost(CostCurve{LinearCurve}(LinearCurve(0.0, 0.0), UnitSystem.NATURAL_UNITS = 2, LinearCurve(0.0, 0.0)), CostCurve{LinearCurve}(LinearCurve(0.0, 0.0), UnitSystem.NATURAL_UNITS = 2, LinearCurve(0.0, 0.0)), 0.0)",100.0,Service[],,bus-8196,8196,"Area(0, 0.0, 0.0, 0.0, Dict{String, Any}(""I"" => """", ""ARNAME"" => """", ""PTOL"" => """", ""PDES"" => """", ""ISW"" => """"))"
gen-1372,true,0.0136235375,0.0,0.10382735906685212,PVe,"(min = -0.07, max = 0.102)",0.95,"RenewableGenerationCost(CostCurve{LinearCurve}(LinearCurve(0.0, 0.0), UnitSystem.NATURAL_UNITS = 2, LinearCurve(0.0, 0.0)), CostCurve{LinearCurve}(LinearCurve(0.0, 0.0), UnitSystem.NATURAL_UNITS = 2, LinearCurve(0.0, 0.0)), 0.0)",100.0,Service[],,bus-1035,1035,"Area(0, 0.0, 0.0, 0.0, Dict{String, Any}(""I"" => """", ""ARNAME"" => """", ""PTOL"" => """", ""PDES"" => """", ""ISW"" => """"))"
gen-803,true,0.0360673293,0.0,0.09370832406995656,WT,"(min = -0.0435, max = 0.0435)",0.95,"RenewableGenerationCost(CostCurve{LinearCurve}(LinearCurve(0.0, 0.0), UnitSystem.NATURAL_UNITS = 2, LinearCurve(0.0, 0.0)), CostCurve{LinearCurve}(LinearCurve(0.0, 0.0), UnitSystem.NATURAL_UNITS = 2, LinearCurve(0.0, 0.0)), 0.0)",100.0,Service[],,bus-1927,1927,"Area(0, 0.0, 0.0, 0.0, Dict{String, Any}(""I"" => """", ""ARNAME"" => """", ""PTOL"" => """", ""PDES"" => """", ""ISW"" => """"))"
gen-681,true,0.016078207,0.0,0.2416910240799832,WT,"(min = -0.225631579, max = 0.23884210499999997)",0.95,"RenewableGenerationCost(CostCurve{LinearCurve}(LinearCurve(0.0, 0.0), UnitSystem.NATURAL_UNITS = 2, LinearCurve(0.0, 0.0)), CostCurve{LinearCurve}(LinearCurve(0.0, 0.0), UnitSystem.NATURAL_UNITS = 2, LinearCurve(0.0, 0.0)), 0.0)",100.0,Service[],,bus-8680,8680,"Area(0, 0.0, 0.0, 0.0, Dict{String, Any}(""I"" => """", ""ARNAME"" => """", ""PTOL"" => """", ""PDES"" => """", ""ISW"" => """"))"
gen-1958,true,0.027247075,0.0,0.10912599123576455,PVe,"(min = -0.07, max = 0.102)",0.95,"RenewableGenerationCost(CostCurve{LinearCurve}(LinearCurve(0.0, 0.0), UnitSystem.NATURAL_UNITS = 2, LinearCurve(0.0, 0.0)), CostCurve{LinearCurve}(LinearCurve(0.0, 0.0), UnitSystem.NATURAL_UNITS = 2, LinearCurve(0.0, 0.0)), 0.0)",100.0,Service[],,bus-478,478,"Area(0, 0.0, 0.0, 0.0, Dict{String, Any}(""I"" => """", ""ARNAME"" => """", ""PTOL"" => """", ""PDES"" => """", ""ISW"" => """"))"
gen-1917,true,0.100000718,0.0,0.1,BA,"(min = 0.0, max = 0.0)",0.95,"RenewableGenerationCost(CostCurve{LinearCurve}(LinearCurve(16.3717118, 401.19412), UnitSystem.NATURAL_UNITS = 2, LinearCurve(0.0, 0.0)), CostCurve{LinearCurve}(LinearCurve(0.0, 0.0), UnitSystem.NATURAL_UNITS = 2, LinearCurve(0.0, 0.0)), 0.0)",100.0,Service[],,bus-8082,8082,"Area(0, 0.0, 0.0, 0.0, Dict{String, Any}(""I"" => """", ""ARNAME"" => """", ""PTOL"" => """", ""PDES"" => """", ""ISW"" => """"))"
gen-788,true,0.124714741,0.0,0.30844448447005823,WT,"(min = -0.113, max = 0.113)",0.95,"RenewableGenerationCost(CostCurve{LinearCurve}(LinearCurve(0.0, 0.0), UnitSystem.NATURAL_UNITS = 2, LinearCurve(0.0, 0.0)), CostCurve{LinearCurve}(LinearCurve(0.0, 0.0), UnitSystem.NATURAL_UNITS = 2, LinearCurve(0.0, 0.0)), 0.0)",100.0,Service[],,bus-1680,1680,"Area(0, 0.0, 0.0, 0.0, Dict{String, Any}(""I"" => """", ""ARNAME"" => """", ""PTOL"" => """", ""PDES"" => """", ""ISW"" => """"))"
gen-1573,true,0.285186051,0.0,0.41859487624860564,PVe,"(min = -0.07, max = 0.102)",0.95,"RenewableGenerationCost(CostCurve{LinearCurve}(LinearCurve(0.0, 0.0), UnitSystem.NATURAL_UNITS = 2, LinearCurve(0.0, 0.0)), CostCurve{LinearCurve}(LinearCurve(0.0, 0.0), UnitSystem.NATURAL_UNITS = 2, LinearCurve(0.0, 0.0)), 0.0)",100.0,Service[],,bus-8185,8185,"Area(0, 0.0, 0.0, 0.0, Dict{String, Any}(""I"" => """", ""ARNAME"" => """", ""PTOL"" => """", ""PDES"" => """", ""ISW"" => """"))"
gen-1187,true,0.054494149900000004,0.0,0.1281480700313222,PVe,"(min = -0.07, max = 0.102)",0.95,"RenewableGenerationCost(CostCurve{LinearCurve}(LinearCurve(0.0, 0.0), UnitSystem.NATURAL_UNITS = 2, LinearCurve(0.0, 0.0)), CostCurve{LinearCurve}(LinearCurve(0.0, 0.0), UnitSystem.NATURAL_UNITS = 2, LinearCurve(0.0, 0.0)), 0.0)",100.0,Service[],,bus-317,317,"Area(0, 0.0, 0.0, 0.0, Dict{String, Any}(""I"" => """", ""ARNAME"" => """", ""PTOL"" => """", ""PDES"" => """", ""ISW"" => """"))"
gen-1849,true,0.18164716599999997,0.0,0.27797457623060623,PVe,"(min = -0.07, max = 0.102)",0.95,"RenewableGenerationCost(CostCurve{LinearCurve}(LinearCurve(0.0, 0.0), UnitSystem.NATURAL_UNITS = 2, LinearCurve(0.0, 0.0)), CostCurve{LinearCurve}(LinearCurve(0.0, 0.0), UnitSystem.NATURAL_UNITS = 2, LinearCurve(0.0, 0.0)), 0.0)",100.0,Service[],,bus-8865,8865,"Area(0, 0.0, 0.0, 0.0, Dict{String, Any}(""I"" => """", ""ARNAME"" => """", ""PTOL"" => """", ""PDES"" => """", ""ISW"" => """"))"
gen-1932,true,0.027247075,0.0,0.10912599123576455,PVe,"(min = -0.07, max = 0.102)",0.95,"RenewableGenerationCost(CostCurve{LinearCurve}(LinearCurve(0.0, 0.0), UnitSystem.NATURAL_UNITS = 2, LinearCurve(0.0, 0.0)), CostCurve{LinearCurve}(LinearCurve(0.0, 0.0), UnitSystem.NATURAL_UNITS = 2, LinearCurve(0.0, 0.0)), 0.0)",100.0,Service[],,bus-1703,1703,"Area(0, 0.0, 0.0, 0.0, Dict{String, Any}(""I"" => """", ""ARNAME"" => """", ""PTOL"" => """", ""PDES"" => """", ""ISW"" => """"))"
gen-1689,true,0.18164716599999997,0.0,0.27797457623060623,PVe,"(min = -0.07, max = 0.102)",0.95,"RenewableGenerationCost(CostCurve{LinearCurve}(LinearCurve(0.0, 0.0), UnitSystem.NATURAL_UNITS = 2, LinearCurve(0.0, 0.0)), CostCurve{LinearCurve}(LinearCurve(0.0, 0.0), UnitSystem.NATURAL_UNITS = 2, LinearCurve(0.0, 0.0)), 0.0)",100.0,Service[],,bus-1712,1712,"Area(0, 0.0, 0.0, 0.0, Dict{String, Any}(""I"" => """", ""ARNAME"" => """", ""PTOL"" => """", ""PDES"" => """", ""ISW"" => """"))"
gen-1301,true,0.0363294333,0.0,0.11436185815744428,PVe,"(min = -0.07, max = 0.102)",0.95,"RenewableGenerationCost(CostCurve{LinearCurve}(LinearCurve(0.0, 0.0), UnitSystem.NATURAL_UNITS = 2, LinearCurve(0.0, 0.0)), CostCurve{LinearCurve}(LinearCurve(0.0, 0.0), UnitSystem.NATURAL_UNITS = 2, LinearCurve(0.0, 0.0)), 0.0)",100.0,Service[],,bus-1858,1858,"Area(0, 0.0, 0.0, 0.0, Dict{String, Any}(""I"" => """", ""ARNAME"" => """", ""PTOL"" => """", ""PDES"" => """", ""ISW"" => """"))"
gen-1186,true,1.27153016,0.0,1.8129620517207174,PVe,"(min = -0.07, max = 0.102)",0.95,"RenewableGenerationCost(CostCurve{LinearCurve}(LinearCurve(0.0, 0.0), UnitSystem.NATURAL_UNITS = 2, LinearCurve(0.0, 0.0)), CostCurve{LinearCurve}(LinearCurve(0.0, 0.0), UnitSystem.NATURAL_UNITS = 2, LinearCurve(0.0, 0.0)), 0.0)",100.0,Service[],,bus-111,111,"Area(0, 0.0, 0.0, 0.0, Dict{String, Any}(""I"" => """", ""ARNAME"" => """", ""PTOL"" => """", ""PDES"" => """", ""ISW"" => """"))"
gen-1169,true,0.6518192039999999,0.0,1.518896162060077,WT,"(min = -0.225631579, max = 0.23884210499999997)",0.95,"RenewableGenerationCost(CostCurve{LinearCurve}(LinearCurve(0.0, 0.0), UnitSystem.NATURAL_UNITS = 2, LinearCurve(0.0, 0.0)), CostCurve{LinearCurve}(LinearCurve(0.0, 0.0), UnitSystem.NATURAL_UNITS = 2, LinearCurve(0.0, 0.0)), 0.0)",100.0,Service[],,bus-288,288,"Area(0, 0.0, 0.0, 0.0, Dict{String, Any}(""I"" => """", ""ARNAME"" => """", ""PTOL"" => """", ""PDES"" => """", ""ISW"" => """"))"
gen-1840,true,0.0663012157,0.0,0.13896835922225018,PVe,"(min = -0.07, max = 0.102)",0.95,"RenewableGenerationCost(CostCurve{LinearCurve}(LinearCurve(0.0, 0.0), UnitSystem.NATURAL_UNITS = 2, LinearCurve(0.0, 0.0)), CostCurve{LinearCurve}(LinearCurve(0.0, 0.0), UnitSystem.NATURAL_UNITS = 2, LinearCurve(0.0, 0.0)), 0.0)",100.0,Service[],,bus-781,781,"Area(0, 0.0, 0.0, 0.0, Dict{String, Any}(""I"" => """", ""ARNAME"" => """", ""PTOL"" => """", ""PDES"" => """", ""ISW"" => """"))"
gen-1663,true,0.0181647166,0.0,0.10522670122314892,PVe,"(min = -0.07, max = 0.102)",0.95,"RenewableGenerationCost(CostCurve{LinearCurve}(LinearCurve(0.0, 0.0), UnitSystem.NATURAL_UNITS = 2, LinearCurve(0.0, 0.0)), CostCurve{LinearCurve}(LinearCurve(0.0, 0.0), UnitSystem.NATURAL_UNITS = 2, LinearCurve(0.0, 0.0)), 0.0)",100.0,Service[],,bus-1061,1061,"Area(0, 0.0, 0.0, 0.0, Dict{String, Any}(""I"" => """", ""ARNAME"" => """", ""PTOL"" => """", ""PDES"" => """", ""ISW"" => """"))"
gen-1616,true,0.0136235375,0.0,0.10382735906685212,PVe,"(min = -0.07, max = 0.102)",0.95,"RenewableGenerationCost(CostCurve{LinearCurve}(LinearCurve(0.0, 0.0), UnitSystem.NATURAL_UNITS = 2, LinearCurve(0.0, 0.0)), CostCurve{LinearCurve}(LinearCurve(0.0, 0.0), UnitSystem.NATURAL_UNITS = 2, LinearCurve(0.0, 0.0)), 0.0)",100.0,Service[],,bus-1993,1993,"Area(0, 0.0, 0.0, 0.0, Dict{String, Any}(""I"" => """", ""ARNAME"" => """", ""PTOL"" => """", ""PDES"" => """", ""ISW"" => """"))"
gen-1294,true,0.0245223675,0.0,0.107808303908274,PVe,"(min = -0.07, max = 0.102)",0.95,"RenewableGenerationCost(CostCurve{LinearCurve}(LinearCurve(0.0, 0.0), UnitSystem.NATURAL_UNITS = 2, LinearCurve(0.0, 0.0)), CostCurve{LinearCurve}(LinearCurve(0.0, 0.0), UnitSystem.NATURAL_UNITS = 2, LinearCurve(0.0, 0.0)), 0.0)",100.0,Service[],,bus-818,818,"Area(0, 0.0, 0.0, 0.0, Dict{String, Any}(""I"" => """", ""ARNAME"" => """", ""PTOL"" => """", ""PDES"" => """", ""ISW"" => """"))"
gen-1818,true,0.18164716599999997,0.0,0.27797457623060623,PVe,"(min = -0.07, max = 0.102)",0.95,"RenewableGenerationCost(CostCurve{LinearCurve}(LinearCurve(0.0, 0.0), UnitSystem.NATURAL_UNITS = 2, LinearCurve(0.0, 0.0)), CostCurve{LinearCurve}(LinearCurve(0.0, 0.0), UnitSystem.NATURAL_UNITS = 2, LinearCurve(0.0, 0.0)), 0.0)",100.0,Service[],,bus-8766,8766,"Area(0, 0.0, 0.0, 0.0, Dict{String, Any}(""I"" => """", ""ARNAME"" => """", ""PTOL"" => """", ""PDES"" => """", ""ISW"" => """"))"
gen-1099,true,0.0045411791600000005,0.0,0.10220465334633308,PVe,"(min = -0.07, max = 0.102)",0.95,"RenewableGenerationCost(CostCurve{LinearCurve}(LinearCurve(0.0, 0.0), UnitSystem.NATURAL_UNITS = 2, LinearCurve(0.0, 0.0)), CostCurve{LinearCurve}(LinearCurve(0.0, 0.0), UnitSystem.NATURAL_UNITS = 2, LinearCurve(0.0, 0.0)), 0.0)",100.0,Service[],,bus-1018,1018,"Area(0, 0.0, 0.0, 0.0, Dict{String, Any}(""I"" => """", ""ARNAME"" => """", ""PTOL"" => """", ""PDES"" => """", ""ISW"" => """"))"
gen-1831,true,0.908235832,0.0,1.2969389445014856,PVe,"(min = -0.07, max = 0.102)",0.95,"RenewableGenerationCost(CostCurve{LinearCurve}(LinearCurve(0.0, 0.0), UnitSystem.NATURAL_UNITS = 2, LinearCurve(0.0, 0.0)), CostCurve{LinearCurve}(LinearCurve(0.0, 0.0), UnitSystem.NATURAL_UNITS = 2, LinearCurve(0.0, 0.0)), 0.0)",100.0,Service[],,bus-2314,2314,"Area(0, 0.0, 0.0, 0.0, Dict{String, Any}(""I"" => """", ""ARNAME"" => """", ""PTOL"" => """", ""PDES"" => """", ""ISW"" => """"))"
gen-1948,true,0.0200001401,0.0,0.02,BA,"(min = 0.0, max = 0.0)",0.95,"RenewableGenerationCost(CostCurve{LinearCurve}(LinearCurve(16.3717118, 401.19412), UnitSystem.NATURAL_UNITS = 2, LinearCurve(0.0, 0.0)), CostCurve{LinearCurve}(LinearCurve(0.0, 0.0), UnitSystem.NATURAL_UNITS = 2, LinearCurve(0.0, 0.0)), 0.0)",100.0,Service[],,bus-8758,8758,"Area(0, 0.0, 0.0, 0.0, Dict{String, Any}(""I"" => """", ""ARNAME"" => """", ""PTOL"" => """", ""PDES"" => """", ""ISW"" => """"))"
gen-1254,true,0.0045411791600000005,0.0,0.10220465334633308,PVe,"(min = -0.07, max = 0.102)",0.95,"RenewableGenerationCost(CostCurve{LinearCurve}(LinearCurve(0.0, 0.0), UnitSystem.NATURAL_UNITS = 2, LinearCurve(0.0, 0.0)), CostCurve{LinearCurve}(LinearCurve(0.0, 0.0), UnitSystem.NATURAL_UNITS = 2, LinearCurve(0.0, 0.0)), 0.0)",100.0,Service[],,bus-1846,1846,"Area(0, 0.0, 0.0, 0.0, Dict{String, Any}(""I"" => """", ""ARNAME"" => """", ""PTOL"" => """", ""PDES"" => """", ""ISW"" => """"))"
gen-1805,true,0.01089883,0.0,0.10317323836504652,PVe,"(min = -0.07, max = 0.102)",0.95,"RenewableGenerationCost(CostCurve{LinearCurve}(LinearCurve(0.0, 0.0), UnitSystem.NATURAL_UNITS = 2, LinearCurve(0.0, 0.0)), CostCurve{LinearCurve}(LinearCurve(0.0, 0.0), UnitSystem.NATURAL_UNITS = 2, LinearCurve(0.0, 0.0)), 0.0)",100.0,Service[],,bus-1970,1970,"Area(0, 0.0, 0.0, 0.0, Dict{String, Any}(""I"" => """", ""ARNAME"" => """", ""PTOL"" => """", ""PDES"" => """", ""ISW"" => """"))"
gen-1921,true,0.027247075,0.0,0.10912599123576455,PVe,"(min = -0.07, max = 0.102)",0.95,"RenewableGenerationCost(CostCurve{LinearCurve}(LinearCurve(0.0, 0.0), UnitSystem.NATURAL_UNITS = 2, LinearCurve(0.0, 0.0)), CostCurve{LinearCurve}(LinearCurve(0.0, 0.0), UnitSystem.NATURAL_UNITS = 2, LinearCurve(0.0, 0.0)), 0.0)",100.0,Service[],,bus-8142,8142,"Area(0, 0.0, 0.0, 0.0, Dict{String, Any}(""I"" => """", ""ARNAME"" => """", ""PTOL"" => """", ""PDES"" => """", ""ISW"" => """"))"
gen-1889,true,0.103538885,0.0,0.17924485890065045,PVe,"(min = -0.07, max = 0.102)",0.95,"RenewableGenerationCost(CostCurve{LinearCurve}(LinearCurve(0.0, 0.0), UnitSystem.NATURAL_UNITS = 2, LinearCurve(0.0, 0.0)), CostCurve{LinearCurve}(LinearCurve(0.0, 0.0), UnitSystem.NATURAL_UNITS = 2, LinearCurve(0.0, 0.0)), 0.0)",100.0,Service[],,bus-407,407,"Area(0, 0.0, 0.0, 0.0, Dict{String, Any}(""I"" => """", ""ARNAME"" => """", ""PTOL"" => """", ""PDES"" => """", ""ISW"" => """"))"
gen-1157,true,0.0045411791600000005,0.0,0.10220465334633308,PVe,"(min = -0.07, max = 0.102)",0.95,"RenewableGenerationCost(CostCurve{LinearCurve}(LinearCurve(0.0, 0.0), UnitSystem.NATURAL_UNITS = 2, LinearCurve(0.0, 0.0)), CostCurve{LinearCurve}(LinearCurve(0.0, 0.0), UnitSystem.NATURAL_UNITS = 2, LinearCurve(0.0, 0.0)), 0.0)",100.0,Service[],,bus-1000,1000,"Area(0, 0.0, 0.0, 0.0, Dict{String, Any}(""I"" => """", ""ARNAME"" => """", ""PTOL"" => """", ""PDES"" => """", ""ISW"" => """"))"
gen-1358,true,0.0045411791600000005,0.0,0.10220465334633308,PVe,"(min = -0.07, max = 0.102)",0.95,"RenewableGenerationCost(CostCurve{LinearCurve}(LinearCurve(0.0, 0.0), UnitSystem.NATURAL_UNITS = 2, LinearCurve(0.0, 0.0)), CostCurve{LinearCurve}(LinearCurve(0.0, 0.0), UnitSystem.NATURAL_UNITS = 2, LinearCurve(0.0, 0.0)), 0.0)",100.0,Service[],,bus-8315,8315,"Area(0, 0.0, 0.0, 0.0, Dict{String, Any}(""I"" => """", ""ARNAME"" => """", ""PTOL"" => """", ""PDES"" => """", ""ISW"" => """"))"
gen-2025,true,0.0118070658,0.0,0.1033755690629169,PVe,"(min = -0.07, max = 0.102)",0.95,"RenewableGenerationCost(CostCurve{LinearCurve}(LinearCurve(0.0, 0.0), UnitSystem.NATURAL_UNITS = 2, LinearCurve(0.0, 0.0)), CostCurve{LinearCurve}(LinearCurve(0.0, 0.0), UnitSystem.NATURAL_UNITS = 2, LinearCurve(0.0, 0.0)), 0.0)",100.0,Service[],,bus-1090,1090,"Area(0, 0.0, 0.0, 0.0, Dict{String, Any}(""I"" => """", ""ARNAME"" => """", ""PTOL"" => """", ""PDES"" => """", ""ISW"" => """"))"
gen-1501,true,0.0136235375,0.0,0.10382735906685212,PVe,"(min = -0.07, max = 0.102)",0.95,"RenewableGenerationCost(CostCurve{LinearCurve}(LinearCurve(0.0, 0.0), UnitSystem.NATURAL_UNITS = 2, LinearCurve(0.0, 0.0)), CostCurve{LinearCurve}(LinearCurve(0.0, 0.0), UnitSystem.NATURAL_UNITS = 2, LinearCurve(0.0, 0.0)), 0.0)",100.0,Service[],,bus-1435,1435,"Area(0, 0.0, 0.0, 0.0, Dict{String, Any}(""I"" => """", ""ARNAME"" => """", ""PTOL"" => """", ""PDES"" => """", ""ISW"" => """"))"
gen-611,true,0.182432044,0.0,0.2,BA,"(min = 0.0, max = 0.0)",0.95,"RenewableGenerationCost(CostCurve{LinearCurve}(LinearCurve(16.3717118, 401.19412), UnitSystem.NATURAL_UNITS = 2, LinearCurve(0.0, 0.0)), CostCurve{LinearCurve}(LinearCurve(0.0, 0.0), UnitSystem.NATURAL_UNITS = 2, LinearCurve(0.0, 0.0)), 0.0)",100.0,Service[],,bus-525,525,"Area(0, 0.0, 0.0, 0.0, Dict{String, Any}(""I"" => """", ""ARNAME"" => """", ""PTOL"" => """", ""PDES"" => """", ""ISW"" => """"))"
gen-1749,true,0.17983069499999998,0.0,0.27557074329876713,PVe,"(min = -0.07, max = 0.102)",0.95,"RenewableGenerationCost(CostCurve{LinearCurve}(LinearCurve(0.0, 0.0), UnitSystem.NATURAL_UNITS = 2, LinearCurve(0.0, 0.0)), CostCurve{LinearCurve}(LinearCurve(0.0, 0.0), UnitSystem.NATURAL_UNITS = 2, LinearCurve(0.0, 0.0)), 0.0)",100.0,Service[],,bus-2402,2402,"Area(0, 0.0, 0.0, 0.0, Dict{String, Any}(""I"" => """", ""ARNAME"" => """", ""PTOL"" => """", ""PDES"" => """", ""ISW"" => """"))"
gen-2072,true,0.027247075,0.0,0.10912599123576455,PVe,"(min = -0.07, max = 0.102)",0.95,"RenewableGenerationCost(CostCurve{LinearCurve}(LinearCurve(0.0, 0.0), UnitSystem.NATURAL_UNITS = 2, LinearCurve(0.0, 0.0)), CostCurve{LinearCurve}(LinearCurve(0.0, 0.0), UnitSystem.NATURAL_UNITS = 2, LinearCurve(0.0, 0.0)), 0.0)",100.0,Service[],,bus-241,241,"Area(0, 0.0, 0.0, 0.0, Dict{String, Any}(""I"" => """", ""ARNAME"" => """", ""PTOL"" => """", ""PDES"" => """", ""ISW"" => """"))"
gen-925,true,0.633568267,0.0,1.593490822063309,WT,"(min = -0.643, max = 0.643)",0.95,"RenewableGenerationCost(CostCurve{LinearCurve}(LinearCurve(0.0, 0.0), UnitSystem.NATURAL_UNITS = 2, LinearCurve(0.0, 0.0)), CostCurve{LinearCurve}(LinearCurve(0.0, 0.0), UnitSystem.NATURAL_UNITS = 2, LinearCurve(0.0, 0.0)), 0.0)",100.0,Service[],,bus-8535,8535,"Area(0, 0.0, 0.0, 0.0, Dict{String, Any}(""I"" => """", ""ARNAME"" => """", ""PTOL"" => """", ""PDES"" => """", ""ISW"" => """"))"
gen-1799,true,0.27247075,0.0,0.4010638307287463,PVe,"(min = -0.07, max = 0.102)",0.95,"RenewableGenerationCost(CostCurve{LinearCurve}(LinearCurve(0.0, 0.0), UnitSystem.NATURAL_UNITS = 2, LinearCurve(0.0, 0.0)), CostCurve{LinearCurve}(LinearCurve(0.0, 0.0), UnitSystem.NATURAL_UNITS = 2, LinearCurve(0.0, 0.0)), 0.0)",100.0,Service[],,bus-182,182,"Area(0, 0.0, 0.0, 0.0, Dict{String, Any}(""I"" => """", ""ARNAME"" => """", ""PTOL"" => """", ""PDES"" => """", ""ISW"" => """"))"
gen-1565,true,0.0136235375,0.0,0.10382735906685212,PVe,"(min = -0.07, max = 0.102)",0.95,"RenewableGenerationCost(CostCurve{LinearCurve}(LinearCurve(0.0, 0.0), UnitSystem.NATURAL_UNITS = 2, LinearCurve(0.0, 0.0)), CostCurve{LinearCurve}(LinearCurve(0.0, 0.0), UnitSystem.NATURAL_UNITS = 2, LinearCurve(0.0, 0.0)), 0.0)",100.0,Service[],,bus-543,543,"Area(0, 0.0, 0.0, 0.0, Dict{String, Any}(""I"" => """", ""ARNAME"" => """", ""PTOL"" => """", ""PDES"" => """", ""ISW"" => """"))"
gen-1151,true,0.0045411791600000005,0.0,0.10220465334633308,PVe,"(min = -0.07, max = 0.102)",0.95,"RenewableGenerationCost(CostCurve{LinearCurve}(LinearCurve(0.0, 0.0), UnitSystem.NATURAL_UNITS = 2, LinearCurve(0.0, 0.0)), CostCurve{LinearCurve}(LinearCurve(0.0, 0.0), UnitSystem.NATURAL_UNITS = 2, LinearCurve(0.0, 0.0)), 0.0)",100.0,Service[],,bus-990,990,"Area(0, 0.0, 0.0, 0.0, Dict{String, Any}(""I"" => """", ""ARNAME"" => """", ""PTOL"" => """", ""PDES"" => """", ""ISW"" => """"))"
gen-2055,true,0.0154400091,0.0,0.10434129516028236,PVe,"(min = -0.07, max = 0.102)",0.95,"RenewableGenerationCost(CostCurve{LinearCurve}(LinearCurve(0.0, 0.0), UnitSystem.NATURAL_UNITS = 2, LinearCurve(0.0, 0.0)), CostCurve{LinearCurve}(LinearCurve(0.0, 0.0), UnitSystem.NATURAL_UNITS = 2, LinearCurve(0.0, 0.0)), 0.0)",100.0,Service[],,bus-1241,1241,"Area(0, 0.0, 0.0, 0.0, Dict{String, Any}(""I"" => """", ""ARNAME"" => """", ""PTOL"" => """", ""PDES"" => """", ""ISW"" => """"))"
gen-1882,true,0.0181647166,0.0,0.10522670122314892,PVe,"(min = -0.07, max = 0.102)",0.95,"RenewableGenerationCost(CostCurve{LinearCurve}(LinearCurve(0.0, 0.0), UnitSystem.NATURAL_UNITS = 2, LinearCurve(0.0, 0.0)), CostCurve{LinearCurve}(LinearCurve(0.0, 0.0), UnitSystem.NATURAL_UNITS = 2, LinearCurve(0.0, 0.0)), 0.0)",100.0,Service[],,bus-452,452,"Area(0, 0.0, 0.0, 0.0, Dict{String, Any}(""I"" => """", ""ARNAME"" => """", ""PTOL"" => """", ""PDES"" => """", ""ISW"" => """"))"
gen-1416,true,0.0045411791600000005,0.0,0.10220465334633308,PVe,"(min = -0.07, max = 0.102)",0.95,"RenewableGenerationCost(CostCurve{LinearCurve}(LinearCurve(0.0, 0.0), UnitSystem.NATURAL_UNITS = 2, LinearCurve(0.0, 0.0)), CostCurve{LinearCurve}(LinearCurve(0.0, 0.0), UnitSystem.NATURAL_UNITS = 2, LinearCurve(0.0, 0.0)), 0.0)",100.0,Service[],,bus-909,909,"Area(0, 0.0, 0.0, 0.0, Dict{String, Any}(""I"" => """", ""ARNAME"" => """", ""PTOL"" => """", ""PDES"" => """", ""ISW"" => """"))"
gen-2077,true,0.009082358320000001,0.0,0.10281616926620278,PVe,"(min = -0.07, max = 0.102)",0.95,"RenewableGenerationCost(CostCurve{LinearCurve}(LinearCurve(0.0, 0.0), UnitSystem.NATURAL_UNITS = 2, LinearCurve(0.0, 0.0)), CostCurve{LinearCurve}(LinearCurve(0.0, 0.0), UnitSystem.NATURAL_UNITS = 2, LinearCurve(0.0, 0.0)), 0.0)",100.0,Service[],,bus-2169,2169,"Area(0, 0.0, 0.0, 0.0, Dict{String, Any}(""I"" => """", ""ARNAME"" => """", ""PTOL"" => """", ""PDES"" => """", ""ISW"" => """"))"
gen-1594,true,0.35512021,0.0,0.5157198924316959,PVe,"(min = -0.07, max = 0.102)",0.95,"RenewableGenerationCost(CostCurve{LinearCurve}(LinearCurve(0.0, 0.0), UnitSystem.NATURAL_UNITS = 2, LinearCurve(0.0, 0.0)), CostCurve{LinearCurve}(LinearCurve(0.0, 0.0), UnitSystem.NATURAL_UNITS = 2, LinearCurve(0.0, 0.0)), 0.0)",100.0,Service[],,bus-2235,2235,"Area(0, 0.0, 0.0, 0.0, Dict{String, Any}(""I"" => """", ""ARNAME"" => """", ""PTOL"" => """", ""PDES"" => """", ""ISW"" => """"))"
gen-1513,true,0.49044734900000003,0.0,0.705589226555726,PVe,"(min = -0.07, max = 0.102)",0.95,"RenewableGenerationCost(CostCurve{LinearCurve}(LinearCurve(0.0, 0.0), UnitSystem.NATURAL_UNITS = 2, LinearCurve(0.0, 0.0)), CostCurve{LinearCurve}(LinearCurve(0.0, 0.0), UnitSystem.NATURAL_UNITS = 2, LinearCurve(0.0, 0.0)), 0.0)",100.0,Service[],,bus-2314,2314,"Area(0, 0.0, 0.0, 0.0, Dict{String, Any}(""I"" => """", ""ARNAME"" => """", ""PTOL"" => """", ""PDES"" => """", ""ISW"" => """"))"
gen-1079,true,0.0045411791600000005,0.0,0.10220465334633308,PVe,"(min = -0.07, max = 0.102)",0.95,"RenewableGenerationCost(CostCurve{LinearCurve}(LinearCurve(0.0, 0.0), UnitSystem.NATURAL_UNITS = 2, LinearCurve(0.0, 0.0)), CostCurve{LinearCurve}(LinearCurve(0.0, 0.0), UnitSystem.NATURAL_UNITS = 2, LinearCurve(0.0, 0.0)), 0.0)",100.0,Service[],,bus-8315,8315,"Area(0, 0.0, 0.0, 0.0, Dict{String, Any}(""I"" => """", ""ARNAME"" => """", ""PTOL"" => """", ""PDES"" => """", ""ISW"" => """"))"
gen-679,true,0.0182509377,0.0,0.24250680633918506,WT,"(min = -0.225631579, max = 0.23884210499999997)",0.95,"RenewableGenerationCost(CostCurve{LinearCurve}(LinearCurve(0.0, 0.0), UnitSystem.NATURAL_UNITS = 2, LinearCurve(0.0, 0.0)), CostCurve{LinearCurve}(LinearCurve(0.0, 0.0), UnitSystem.NATURAL_UNITS = 2, LinearCurve(0.0, 0.0)), 0.0)",100.0,Service[],,bus-8680,8680,"Area(0, 0.0, 0.0, 0.0, Dict{String, Any}(""I"" => """", ""ARNAME"" => """", ""PTOL"" => """", ""PDES"" => """", ""ISW"" => """"))"
gen-1135,true,0.0045411791600000005,0.0,0.10220465334633308,PVe,"(min = -0.07, max = 0.102)",0.95,"RenewableGenerationCost(CostCurve{LinearCurve}(LinearCurve(0.0, 0.0), UnitSystem.NATURAL_UNITS = 2, LinearCurve(0.0, 0.0)), CostCurve{LinearCurve}(LinearCurve(0.0, 0.0), UnitSystem.NATURAL_UNITS = 2, LinearCurve(0.0, 0.0)), 0.0)",100.0,Service[],,bus-1031,1031,"Area(0, 0.0, 0.0, 0.0, Dict{String, Any}(""I"" => """", ""ARNAME"" => """", ""PTOL"" => """", ""PDES"" => """", ""ISW"" => """"))"
gen-1851,true,0.18164716599999997,0.0,0.27797457623060623,PVe,"(min = -0.07, max = 0.102)",0.95,"RenewableGenerationCost(CostCurve{LinearCurve}(LinearCurve(0.0, 0.0), UnitSystem.NATURAL_UNITS = 2, LinearCurve(0.0, 0.0)), CostCurve{LinearCurve}(LinearCurve(0.0, 0.0), UnitSystem.NATURAL_UNITS = 2, LinearCurve(0.0, 0.0)), 0.0)",100.0,Service[],,bus-8865,8865,"Area(0, 0.0, 0.0, 0.0, Dict{String, Any}(""I"" => """", ""ARNAME"" => """", ""PTOL"" => """", ""PDES"" => """", ""ISW"" => """"))"
gen-1320,true,0.0454117916,0.0,0.12076057537297331,PVe,"(min = -0.07, max = 0.102)",0.95,"RenewableGenerationCost(CostCurve{LinearCurve}(LinearCurve(0.0, 0.0), UnitSystem.NATURAL_UNITS = 2, LinearCurve(0.0, 0.0)), CostCurve{LinearCurve}(LinearCurve(0.0, 0.0), UnitSystem.NATURAL_UNITS = 2, LinearCurve(0.0, 0.0)), 0.0)",100.0,Service[],,bus-877,877,"Area(0, 0.0, 0.0, 0.0, Dict{String, Any}(""I"" => """", ""ARNAME"" => """", ""PTOL"" => """", ""PDES"" => """", ""ISW"" => """"))"
gen-1566,true,0.0136235375,0.0,0.10382735906685212,PVe,"(min = -0.07, max = 0.102)",0.95,"RenewableGenerationCost(CostCurve{LinearCurve}(LinearCurve(0.0, 0.0), UnitSystem.NATURAL_UNITS = 2, LinearCurve(0.0, 0.0)), CostCurve{LinearCurve}(LinearCurve(0.0, 0.0), UnitSystem.NATURAL_UNITS = 2, LinearCurve(0.0, 0.0)), 0.0)",100.0,Service[],,bus-407,407,"Area(0, 0.0, 0.0, 0.0, Dict{String, Any}(""I"" => """", ""ARNAME"" => """", ""PTOL"" => """", ""PDES"" => """", ""ISW"" => """"))"
gen-1743,true,0.0118070658,0.0,0.023205781156468378,PVe,"(min = -0.011000000000000001, max = 0.016)",0.95,"RenewableGenerationCost(CostCurve{LinearCurve}(LinearCurve(0.0, 0.0), UnitSystem.NATURAL_UNITS = 2, LinearCurve(0.0, 0.0)), CostCurve{LinearCurve}(LinearCurve(0.0, 0.0), UnitSystem.NATURAL_UNITS = 2, LinearCurve(0.0, 0.0)), 0.0)",100.0,Service[],,bus-1875,1875,"Area(0, 0.0, 0.0, 0.0, Dict{String, Any}(""I"" => """", ""ARNAME"" => """", ""PTOL"" => """", ""PDES"" => """", ""ISW"" => """"))"
gen-1834,true,0.17438128,0.0,0.26837954685942195,PVe,"(min = -0.07, max = 0.102)",0.95,"RenewableGenerationCost(CostCurve{LinearCurve}(LinearCurve(0.0, 0.0), UnitSystem.NATURAL_UNITS = 2, LinearCurve(0.0, 0.0)), CostCurve{LinearCurve}(LinearCurve(0.0, 0.0), UnitSystem.NATURAL_UNITS = 2, LinearCurve(0.0, 0.0)), 0.0)",100.0,Service[],,bus-1505,1505,"Area(0, 0.0, 0.0, 0.0, Dict{String, Any}(""I"" => """", ""ARNAME"" => """", ""PTOL"" => """", ""PDES"" => """", ""ISW"" => """"))"
gen-1127,true,0.0045411791600000005,0.0,0.10220465334633308,PVe,"(min = -0.07, max = 0.102)",0.95,"RenewableGenerationCost(CostCurve{LinearCurve}(LinearCurve(0.0, 0.0), UnitSystem.NATURAL_UNITS = 2, LinearCurve(0.0, 0.0)), CostCurve{LinearCurve}(LinearCurve(0.0, 0.0), UnitSystem.NATURAL_UNITS = 2, LinearCurve(0.0, 0.0)), 0.0)",100.0,Service[],,bus-1037,1037,"Area(0, 0.0, 0.0, 0.0, Dict{String, Any}(""I"" => """", ""ARNAME"" => """", ""PTOL"" => """", ""PDES"" => """", ""ISW"" => """"))"
gen-1635,true,0.0045411791600000005,0.0,0.10220465334633308,PVe,"(min = -0.07, max = 0.102)",0.95,"RenewableGenerationCost(CostCurve{LinearCurve}(LinearCurve(0.0, 0.0), UnitSystem.NATURAL_UNITS = 2, LinearCurve(0.0, 0.0)), CostCurve{LinearCurve}(LinearCurve(0.0, 0.0), UnitSystem.NATURAL_UNITS = 2, LinearCurve(0.0, 0.0)), 0.0)",100.0,Service[],,bus-8082,8082,"Area(0, 0.0, 0.0, 0.0, Dict{String, Any}(""I"" => """", ""ARNAME"" => """", ""PTOL"" => """", ""PDES"" => """", ""ISW"" => """"))"
gen-1295,true,0.33981507899999996,0.0,0.817661024582211,WT,"(min = -0.225631579, max = 0.23884210499999997)",0.95,"RenewableGenerationCost(CostCurve{LinearCurve}(LinearCurve(0.0, 0.0), UnitSystem.NATURAL_UNITS = 2, LinearCurve(0.0, 0.0)), CostCurve{LinearCurve}(LinearCurve(0.0, 0.0), UnitSystem.NATURAL_UNITS = 2, LinearCurve(0.0, 0.0)), 0.0)",100.0,Service[],,bus-1607,1607,"Area(0, 0.0, 0.0, 0.0, Dict{String, Any}(""I"" => """", ""ARNAME"" => """", ""PTOL"" => """", ""PDES"" => """", ""ISW"" => """"))"
gen-1897,true,0.009990594149999999,0.0,0.10298674303316785,PVe,"(min = -0.07, max = 0.102)",0.95,"RenewableGenerationCost(CostCurve{LinearCurve}(LinearCurve(0.0, 0.0), UnitSystem.NATURAL_UNITS = 2, LinearCurve(0.0, 0.0)), CostCurve{LinearCurve}(LinearCurve(0.0, 0.0), UnitSystem.NATURAL_UNITS = 2, LinearCurve(0.0, 0.0)), 0.0)",100.0,Service[],,bus-318,318,"Area(0, 0.0, 0.0, 0.0, Dict{String, Any}(""I"" => """", ""ARNAME"" => """", ""PTOL"" => """", ""PDES"" => """", ""ISW"" => """"))"
gen-1093,true,0.0045411791600000005,0.0,0.10220465334633308,PVe,"(min = -0.07, max = 0.102)",0.95,"RenewableGenerationCost(CostCurve{LinearCurve}(LinearCurve(0.0, 0.0), UnitSystem.NATURAL_UNITS = 2, LinearCurve(0.0, 0.0)), CostCurve{LinearCurve}(LinearCurve(0.0, 0.0), UnitSystem.NATURAL_UNITS = 2, LinearCurve(0.0, 0.0)), 0.0)",100.0,Service[],,bus-1846,1846,"Area(0, 0.0, 0.0, 0.0, Dict{String, Any}(""I"" => """", ""ARNAME"" => """", ""PTOL"" => """", ""PDES"" => """", ""ISW"" => """"))"
gen-1714,true,0.0200001401,0.0,0.02,BA,"(min = 0.0, max = 0.0)",0.95,"RenewableGenerationCost(CostCurve{LinearCurve}(LinearCurve(16.3717118, 401.19412), UnitSystem.NATURAL_UNITS = 2, LinearCurve(0.0, 0.0)), CostCurve{LinearCurve}(LinearCurve(0.0, 0.0), UnitSystem.NATURAL_UNITS = 2, LinearCurve(0.0, 0.0)), 0.0)",100.0,Service[],,bus-8704,8704,"Area(0, 0.0, 0.0, 0.0, Dict{String, Any}(""I"" => """", ""ARNAME"" => """", ""PTOL"" => """", ""PDES"" => """", ""ISW"" => """"))"
gen-1384,true,0.36601903999999996,0.0,0.5309373377476353,PVe,"(min = -0.07, max = 0.102)",0.95,"RenewableGenerationCost(CostCurve{LinearCurve}(LinearCurve(0.0, 0.0), UnitSystem.NATURAL_UNITS = 2, LinearCurve(0.0, 0.0)), CostCurve{LinearCurve}(LinearCurve(0.0, 0.0), UnitSystem.NATURAL_UNITS = 2, LinearCurve(0.0, 0.0)), 0.0)",100.0,Service[],,bus-2235,2235,"Area(0, 0.0, 0.0, 0.0, Dict{String, Any}(""I"" => """", ""ARNAME"" => """", ""PTOL"" => """", ""PDES"" => """", ""ISW"" => """"))"
gen-1776,true,1.81647166,0.0,2.587854420762209,PVe,"(min = -0.07, max = 0.102)",0.95,"RenewableGenerationCost(CostCurve{LinearCurve}(LinearCurve(0.0, 0.0), UnitSystem.NATURAL_UNITS = 2, LinearCurve(0.0, 0.0)), CostCurve{LinearCurve}(LinearCurve(0.0, 0.0), UnitSystem.NATURAL_UNITS = 2, LinearCurve(0.0, 0.0)), 0.0)",100.0,Service[],,bus-1640,1640,"Area(0, 0.0, 0.0, 0.0, Dict{String, Any}(""I"" => """", ""ARNAME"" => """", ""PTOL"" => """", ""PDES"" => """", ""ISW"" => """"))"
gen-1713,true,0.18164716599999997,0.0,0.27797457623060623,PVe,"(min = -0.07, max = 0.102)",0.95,"RenewableGenerationCost(CostCurve{LinearCurve}(LinearCurve(0.0, 0.0), UnitSystem.NATURAL_UNITS = 2, LinearCurve(0.0, 0.0)), CostCurve{LinearCurve}(LinearCurve(0.0, 0.0), UnitSystem.NATURAL_UNITS = 2, LinearCurve(0.0, 0.0)), 0.0)",100.0,Service[],,bus-1985,1985,"Area(0, 0.0, 0.0, 0.0, Dict{String, Any}(""I"" => """", ""ARNAME"" => """", ""PTOL"" => """", ""PDES"" => """", ""ISW"" => """"))"
gen-1554,true,0.009082358320000001,0.0,0.10281616926620278,PVe,"(min = -0.07, max = 0.102)",0.95,"RenewableGenerationCost(CostCurve{LinearCurve}(LinearCurve(0.0, 0.0), UnitSystem.NATURAL_UNITS = 2, LinearCurve(0.0, 0.0)), CostCurve{LinearCurve}(LinearCurve(0.0, 0.0), UnitSystem.NATURAL_UNITS = 2, LinearCurve(0.0, 0.0)), 0.0)",100.0,Service[],,bus-543,543,"Area(0, 0.0, 0.0, 0.0, Dict{String, Any}(""I"" => """", ""ARNAME"" => """", ""PTOL"" => """", ""PDES"" => """", ""ISW"" => """"))"
gen-1027,true,0.0027247075,0.0,0.10207372247367037,PVe,"(min = -0.07, max = 0.102)",0.95,"RenewableGenerationCost(CostCurve{LinearCurve}(LinearCurve(0.0, 0.0), UnitSystem.NATURAL_UNITS = 2, LinearCurve(0.0, 0.0)), CostCurve{LinearCurve}(LinearCurve(0.0, 0.0), UnitSystem.NATURAL_UNITS = 2, LinearCurve(0.0, 0.0)), 0.0)",100.0,Service[],,bus-562,562,"Area(0, 0.0, 0.0, 0.0, Dict{String, Any}(""I"" => """", ""ARNAME"" => """", ""PTOL"" => """", ""PDES"" => """", ""ISW"" => """"))"
gen-1118,true,0.0045411791600000005,0.0,0.10220465334633308,PVe,"(min = -0.07, max = 0.102)",0.95,"RenewableGenerationCost(CostCurve{LinearCurve}(LinearCurve(0.0, 0.0), UnitSystem.NATURAL_UNITS = 2, LinearCurve(0.0, 0.0)), CostCurve{LinearCurve}(LinearCurve(0.0, 0.0), UnitSystem.NATURAL_UNITS = 2, LinearCurve(0.0, 0.0)), 0.0)",100.0,Service[],,bus-1031,1031,"Area(0, 0.0, 0.0, 0.0, Dict{String, Any}(""I"" => """", ""ARNAME"" => """", ""PTOL"" => """", ""PDES"" => """", ""ISW"" => """"))"
gen-2086,true,0.0172564808,0.0,0.10491646407435903,PVe,"(min = -0.07, max = 0.102)",0.95,"RenewableGenerationCost(CostCurve{LinearCurve}(LinearCurve(0.0, 0.0), UnitSystem.NATURAL_UNITS = 2, LinearCurve(0.0, 0.0)), CostCurve{LinearCurve}(LinearCurve(0.0, 0.0), UnitSystem.NATURAL_UNITS = 2, LinearCurve(0.0, 0.0)), 0.0)",100.0,Service[],,bus-1553,1553,"Area(0, 0.0, 0.0, 0.0, Dict{String, Any}(""I"" => """", ""ARNAME"" => """", ""PTOL"" => """", ""PDES"" => """", ""ISW"" => """"))"
gen-1647,true,0.0136235375,0.0,0.10382735906685212,PVe,"(min = -0.07, max = 0.102)",0.95,"RenewableGenerationCost(CostCurve{LinearCurve}(LinearCurve(0.0, 0.0), UnitSystem.NATURAL_UNITS = 2, LinearCurve(0.0, 0.0)), CostCurve{LinearCurve}(LinearCurve(0.0, 0.0), UnitSystem.NATURAL_UNITS = 2, LinearCurve(0.0, 0.0)), 0.0)",100.0,Service[],,bus-407,407,"Area(0, 0.0, 0.0, 0.0, Dict{String, Any}(""I"" => """", ""ARNAME"" => """", ""PTOL"" => """", ""PDES"" => """", ""ISW"" => """"))"
gen-1540,true,0.241590731,0.0,0.3587241680771669,PVe,"(min = -0.07, max = 0.102)",0.95,"RenewableGenerationCost(CostCurve{LinearCurve}(LinearCurve(0.0, 0.0), UnitSystem.NATURAL_UNITS = 2, LinearCurve(0.0, 0.0)), CostCurve{LinearCurve}(LinearCurve(0.0, 0.0), UnitSystem.NATURAL_UNITS = 2, LinearCurve(0.0, 0.0)), 0.0)",100.0,Service[],,bus-7889,7889,"Area(0, 0.0, 0.0, 0.0, Dict{String, Any}(""I"" => """", ""ARNAME"" => """", ""PTOL"" => """", ""PDES"" => """", ""ISW"" => """"))"
gen-1626,true,0.18164716599999997,0.0,0.27797457623060623,PVe,"(min = -0.07, max = 0.102)",0.95,"RenewableGenerationCost(CostCurve{LinearCurve}(LinearCurve(0.0, 0.0), UnitSystem.NATURAL_UNITS = 2, LinearCurve(0.0, 0.0)), CostCurve{LinearCurve}(LinearCurve(0.0, 0.0), UnitSystem.NATURAL_UNITS = 2, LinearCurve(0.0, 0.0)), 0.0)",100.0,Service[],,bus-8340,8340,"Area(0, 0.0, 0.0, 0.0, Dict{String, Any}(""I"" => """", ""ARNAME"" => """", ""PTOL"" => """", ""PDES"" => """", ""ISW"" => """"))"
gen-1391,true,0.22887543000000002,0.0,0.3414092075644318,PVe,"(min = -0.07, max = 0.102)",0.95,"RenewableGenerationCost(CostCurve{LinearCurve}(LinearCurve(0.0, 0.0), UnitSystem.NATURAL_UNITS = 2, LinearCurve(0.0, 0.0)), CostCurve{LinearCurve}(LinearCurve(0.0, 0.0), UnitSystem.NATURAL_UNITS = 2, LinearCurve(0.0, 0.0)), 0.0)",100.0,Service[],,bus-2235,2235,"Area(0, 0.0, 0.0, 0.0, Dict{String, Any}(""I"" => """", ""ARNAME"" => """", ""PTOL"" => """", ""PDES"" => """", ""ISW"" => """"))"
gen-1817,true,0.18164716599999997,0.0,0.27797457623060623,PVe,"(min = -0.07, max = 0.102)",0.95,"RenewableGenerationCost(CostCurve{LinearCurve}(LinearCurve(0.0, 0.0), UnitSystem.NATURAL_UNITS = 2, LinearCurve(0.0, 0.0)), CostCurve{LinearCurve}(LinearCurve(0.0, 0.0), UnitSystem.NATURAL_UNITS = 2, LinearCurve(0.0, 0.0)), 0.0)",100.0,Service[],,bus-2402,2402,"Area(0, 0.0, 0.0, 0.0, Dict{String, Any}(""I"" => """", ""ARNAME"" => """", ""PTOL"" => """", ""PDES"" => """", ""ISW"" => """"))"
gen-1570,true,0.19072952499999998,0.0,0.29004071434715717,PVe,"(min = -0.07, max = 0.102)",0.95,"RenewableGenerationCost(CostCurve{LinearCurve}(LinearCurve(0.0, 0.0), UnitSystem.NATURAL_UNITS = 2, LinearCurve(0.0, 0.0)), CostCurve{LinearCurve}(LinearCurve(0.0, 0.0), UnitSystem.NATURAL_UNITS = 2, LinearCurve(0.0, 0.0)), 0.0)",100.0,Service[],,bus-8185,8185,"Area(0, 0.0, 0.0, 0.0, Dict{String, Any}(""I"" => """", ""ARNAME"" => """", ""PTOL"" => """", ""PDES"" => """", ""ISW"" => """"))"
gen-1918,true,0.100000718,0.0,0.1,BA,"(min = 0.0, max = 0.0)",0.95,"RenewableGenerationCost(CostCurve{LinearCurve}(LinearCurve(16.3717118, 401.19412), UnitSystem.NATURAL_UNITS = 2, LinearCurve(0.0, 0.0)), CostCurve{LinearCurve}(LinearCurve(0.0, 0.0), UnitSystem.NATURAL_UNITS = 2, LinearCurve(0.0, 0.0)), 0.0)",100.0,Service[],,bus-8082,8082,"Area(0, 0.0, 0.0, 0.0, Dict{String, Any}(""I"" => """", ""ARNAME"" => """", ""PTOL"" => """", ""PDES"" => """", ""ISW"" => """"))"
gen-1617,true,0.0136235375,0.0,0.10382735906685212,PVe,"(min = -0.07, max = 0.102)",0.95,"RenewableGenerationCost(CostCurve{LinearCurve}(LinearCurve(0.0, 0.0), UnitSystem.NATURAL_UNITS = 2, LinearCurve(0.0, 0.0)), CostCurve{LinearCurve}(LinearCurve(0.0, 0.0), UnitSystem.NATURAL_UNITS = 2, LinearCurve(0.0, 0.0)), 0.0)",100.0,Service[],,bus-1993,1993,"Area(0, 0.0, 0.0, 0.0, Dict{String, Any}(""I"" => """", ""ARNAME"" => """", ""PTOL"" => """", ""PDES"" => """", ""ISW"" => """"))"
gen-1147,true,0.0045411791600000005,0.0,0.10220465334633308,PVe,"(min = -0.07, max = 0.102)",0.95,"RenewableGenerationCost(CostCurve{LinearCurve}(LinearCurve(0.0, 0.0), UnitSystem.NATURAL_UNITS = 2, LinearCurve(0.0, 0.0)), CostCurve{LinearCurve}(LinearCurve(0.0, 0.0), UnitSystem.NATURAL_UNITS = 2, LinearCurve(0.0, 0.0)), 0.0)",100.0,Service[],,bus-990,990,"Area(0, 0.0, 0.0, 0.0, Dict{String, Any}(""I"" => """", ""ARNAME"" => """", ""PTOL"" => """", ""PDES"" => """", ""ISW"" => """"))"
gen-1173,true,0.599435649,0.0,0.859402856348761,PVe,"(min = -0.07, max = 0.102)",0.95,"RenewableGenerationCost(CostCurve{LinearCurve}(LinearCurve(0.0, 0.0), UnitSystem.NATURAL_UNITS = 2, LinearCurve(0.0, 0.0)), CostCurve{LinearCurve}(LinearCurve(0.0, 0.0), UnitSystem.NATURAL_UNITS = 2, LinearCurve(0.0, 0.0)), 0.0)",100.0,Service[],,bus-471,471,"Area(0, 0.0, 0.0, 0.0, Dict{String, Any}(""I"" => """", ""ARNAME"" => """", ""PTOL"" => """", ""PDES"" => """", ""ISW"" => """"))"
gen-1478,true,0.0136235375,0.0,0.10382735906685212,PVe,"(min = -0.07, max = 0.102)",0.95,"RenewableGenerationCost(CostCurve{LinearCurve}(LinearCurve(0.0, 0.0), UnitSystem.NATURAL_UNITS = 2, LinearCurve(0.0, 0.0)), CostCurve{LinearCurve}(LinearCurve(0.0, 0.0), UnitSystem.NATURAL_UNITS = 2, LinearCurve(0.0, 0.0)), 0.0)",100.0,Service[],,bus-2268,2268,"Area(0, 0.0, 0.0, 0.0, Dict{String, Any}(""I"" => """", ""ARNAME"" => """", ""PTOL"" => """", ""PDES"" => """", ""ISW"" => """"))"
gen-1943,true,0.0390541408,0.0,0.11616744212047957,PVe,"(min = -0.07, max = 0.102)",0.95,"RenewableGenerationCost(CostCurve{LinearCurve}(LinearCurve(0.0, 0.0), UnitSystem.NATURAL_UNITS = 2, LinearCurve(0.0, 0.0)), CostCurve{LinearCurve}(LinearCurve(0.0, 0.0), UnitSystem.NATURAL_UNITS = 2, LinearCurve(0.0, 0.0)), 0.0)",100.0,Service[],,bus-1061,1061,"Area(0, 0.0, 0.0, 0.0, Dict{String, Any}(""I"" => """", ""ARNAME"" => """", ""PTOL"" => """", ""PDES"" => """", ""ISW"" => """"))"
gen-1971,true,0.0136235375,0.0,0.10382735906685212,PVe,"(min = -0.07, max = 0.102)",0.95,"RenewableGenerationCost(CostCurve{LinearCurve}(LinearCurve(0.0, 0.0), UnitSystem.NATURAL_UNITS = 2, LinearCurve(0.0, 0.0)), CostCurve{LinearCurve}(LinearCurve(0.0, 0.0), UnitSystem.NATURAL_UNITS = 2, LinearCurve(0.0, 0.0)), 0.0)",100.0,Service[],,bus-576,576,"Area(0, 0.0, 0.0, 0.0, Dict{String, Any}(""I"" => """", ""ARNAME"" => """", ""PTOL"" => """", ""PDES"" => """", ""ISW"" => """"))"
gen-1981,true,0.18772393099999998,0.0,0.49362896098267073,WT,"(min = -0.225631579, max = 0.23884210499999997)",0.95,"RenewableGenerationCost(CostCurve{LinearCurve}(LinearCurve(0.0, 0.0), UnitSystem.NATURAL_UNITS = 2, LinearCurve(0.0, 0.0)), CostCurve{LinearCurve}(LinearCurve(0.0, 0.0), UnitSystem.NATURAL_UNITS = 2, LinearCurve(0.0, 0.0)), 0.0)",100.0,Service[],,bus-1680,1680,"Area(0, 0.0, 0.0, 0.0, Dict{String, Any}(""I"" => """", ""ARNAME"" => """", ""PTOL"" => """", ""PDES"" => """", ""ISW"" => """"))"
gen-2075,true,0.01089883,0.0,0.10317323836504652,PVe,"(min = -0.07, max = 0.102)",0.95,"RenewableGenerationCost(CostCurve{LinearCurve}(LinearCurve(0.0, 0.0), UnitSystem.NATURAL_UNITS = 2, LinearCurve(0.0, 0.0)), CostCurve{LinearCurve}(LinearCurve(0.0, 0.0), UnitSystem.NATURAL_UNITS = 2, LinearCurve(0.0, 0.0)), 0.0)",100.0,Service[],,bus-446,446,"Area(0, 0.0, 0.0, 0.0, Dict{String, Any}(""I"" => """", ""ARNAME"" => """", ""PTOL"" => """", ""PDES"" => """", ""ISW"" => """"))"
gen-1577,true,1.3387396200000001,0.0,1.9084942981672461,PVe,"(min = -0.07, max = 0.102)",0.95,"RenewableGenerationCost(CostCurve{LinearCurve}(LinearCurve(0.0, 0.0), UnitSystem.NATURAL_UNITS = 2, LinearCurve(0.0, 0.0)), CostCurve{LinearCurve}(LinearCurve(0.0, 0.0), UnitSystem.NATURAL_UNITS = 2, LinearCurve(0.0, 0.0)), 0.0)",100.0,Service[],,bus-7889,7889,"Area(0, 0.0, 0.0, 0.0, Dict{String, Any}(""I"" => """", ""ARNAME"" => """", ""PTOL"" => """", ""PDES"" => """", ""ISW"" => """"))"
gen-1780,true,0.0136235375,0.0,0.10382735906685212,PVe,"(min = -0.07, max = 0.102)",0.95,"RenewableGenerationCost(CostCurve{LinearCurve}(LinearCurve(0.0, 0.0), UnitSystem.NATURAL_UNITS = 2, LinearCurve(0.0, 0.0)), CostCurve{LinearCurve}(LinearCurve(0.0, 0.0), UnitSystem.NATURAL_UNITS = 2, LinearCurve(0.0, 0.0)), 0.0)",100.0,Service[],,bus-814,814,"Area(0, 0.0, 0.0, 0.0, Dict{String, Any}(""I"" => """", ""ARNAME"" => """", ""PTOL"" => """", ""PDES"" => """", ""ISW"" => """"))"
gen-1569,true,0.380550813,0.0,0.5512530754570497,PVe,"(min = -0.07, max = 0.102)",0.95,"RenewableGenerationCost(CostCurve{LinearCurve}(LinearCurve(0.0, 0.0), UnitSystem.NATURAL_UNITS = 2, LinearCurve(0.0, 0.0)), CostCurve{LinearCurve}(LinearCurve(0.0, 0.0), UnitSystem.NATURAL_UNITS = 2, LinearCurve(0.0, 0.0)), 0.0)",100.0,Service[],,bus-8185,8185,"Area(0, 0.0, 0.0, 0.0, Dict{String, Any}(""I"" => """", ""ARNAME"" => """", ""PTOL"" => """", ""PDES"" => """", ""ISW"" => """"))"
gen-1195,true,0.009082358320000001,0.0,0.10281616926620278,PVe,"(min = -0.07, max = 0.102)",0.95,"RenewableGenerationCost(CostCurve{LinearCurve}(LinearCurve(0.0, 0.0), UnitSystem.NATURAL_UNITS = 2, LinearCurve(0.0, 0.0)), CostCurve{LinearCurve}(LinearCurve(0.0, 0.0), UnitSystem.NATURAL_UNITS = 2, LinearCurve(0.0, 0.0)), 0.0)",100.0,Service[],,bus-1885,1885,"Area(0, 0.0, 0.0, 0.0, Dict{String, Any}(""I"" => """", ""ARNAME"" => """", ""PTOL"" => """", ""PDES"" => """", ""ISW"" => """"))"
gen-1418,true,0.00695273818,0.0,0.2393774239999065,WT,"(min = -0.225631579, max = 0.23884210499999997)",0.95,"RenewableGenerationCost(CostCurve{LinearCurve}(LinearCurve(0.0, 0.0), UnitSystem.NATURAL_UNITS = 2, LinearCurve(0.0, 0.0)), CostCurve{LinearCurve}(LinearCurve(0.0, 0.0), UnitSystem.NATURAL_UNITS = 2, LinearCurve(0.0, 0.0)), 0.0)",100.0,Service[],,bus-1838,1838,"Area(0, 0.0, 0.0, 0.0, Dict{String, Any}(""I"" => """", ""ARNAME"" => """", ""PTOL"" => """", ""PDES"" => """", ""ISW"" => """"))"
gen-1700,true,0.009990594149999999,0.0,0.10298674303316785,PVe,"(min = -0.07, max = 0.102)",0.95,"RenewableGenerationCost(CostCurve{LinearCurve}(LinearCurve(0.0, 0.0), UnitSystem.NATURAL_UNITS = 2, LinearCurve(0.0, 0.0)), CostCurve{LinearCurve}(LinearCurve(0.0, 0.0), UnitSystem.NATURAL_UNITS = 2, LinearCurve(0.0, 0.0)), 0.0)",100.0,Service[],,bus-1085,1085,"Area(0, 0.0, 0.0, 0.0, Dict{String, Any}(""I"" => """", ""ARNAME"" => """", ""PTOL"" => """", ""PDES"" => """", ""ISW"" => """"))"
gen-1625,true,0.0045411791600000005,0.0,0.10220465334633308,PVe,"(min = -0.07, max = 0.102)",0.95,"RenewableGenerationCost(CostCurve{LinearCurve}(LinearCurve(0.0, 0.0), UnitSystem.NATURAL_UNITS = 2, LinearCurve(0.0, 0.0)), CostCurve{LinearCurve}(LinearCurve(0.0, 0.0), UnitSystem.NATURAL_UNITS = 2, LinearCurve(0.0, 0.0)), 0.0)",100.0,Service[],,bus-16,16,"Area(0, 0.0, 0.0, 0.0, Dict{String, Any}(""I"" => """", ""ARNAME"" => """", ""PTOL"" => """", ""PDES"" => """", ""ISW"" => """"))"
gen-1457,true,0.0908235832,0.0,0.16468292643029597,PVe,"(min = -0.07, max = 0.102)",0.95,"RenewableGenerationCost(CostCurve{LinearCurve}(LinearCurve(0.0, 0.0), UnitSystem.NATURAL_UNITS = 2, LinearCurve(0.0, 0.0)), CostCurve{LinearCurve}(LinearCurve(0.0, 0.0), UnitSystem.NATURAL_UNITS = 2, LinearCurve(0.0, 0.0)), 0.0)",100.0,Service[],,bus-8269,8269,"Area(0, 0.0, 0.0, 0.0, Dict{String, Any}(""I"" => """", ""ARNAME"" => """", ""PTOL"" => """", ""PDES"" => """", ""ISW"" => """"))"
gen-1163,true,0.0045411791600000005,0.0,0.10220465334633308,PVe,"(min = -0.07, max = 0.102)",0.95,"RenewableGenerationCost(CostCurve{LinearCurve}(LinearCurve(0.0, 0.0), UnitSystem.NATURAL_UNITS = 2, LinearCurve(0.0, 0.0)), CostCurve{LinearCurve}(LinearCurve(0.0, 0.0), UnitSystem.NATURAL_UNITS = 2, LinearCurve(0.0, 0.0)), 0.0)",100.0,Service[],,bus-1000,1000,"Area(0, 0.0, 0.0, 0.0, Dict{String, Any}(""I"" => """", ""ARNAME"" => """", ""PTOL"" => """", ""PDES"" => """", ""ISW"" => """"))"
gen-1651,true,0.0136235375,0.0,0.10382735906685212,PVe,"(min = -0.07, max = 0.102)",0.95,"RenewableGenerationCost(CostCurve{LinearCurve}(LinearCurve(0.0, 0.0), UnitSystem.NATURAL_UNITS = 2, LinearCurve(0.0, 0.0)), CostCurve{LinearCurve}(LinearCurve(0.0, 0.0), UnitSystem.NATURAL_UNITS = 2, LinearCurve(0.0, 0.0)), 0.0)",100.0,Service[],,bus-407,407,"Area(0, 0.0, 0.0, 0.0, Dict{String, Any}(""I"" => """", ""ARNAME"" => """", ""PTOL"" => """", ""PDES"" => """", ""ISW"" => """"))"
gen-1582,true,0.0908235832,0.0,0.16468292643029597,PVe,"(min = -0.07, max = 0.102)",0.95,"RenewableGenerationCost(CostCurve{LinearCurve}(LinearCurve(0.0, 0.0), UnitSystem.NATURAL_UNITS = 2, LinearCurve(0.0, 0.0)), CostCurve{LinearCurve}(LinearCurve(0.0, 0.0), UnitSystem.NATURAL_UNITS = 2, LinearCurve(0.0, 0.0)), 0.0)",100.0,Service[],,bus-295,295,"Area(0, 0.0, 0.0, 0.0, Dict{String, Any}(""I"" => """", ""ARNAME"" => """", ""PTOL"" => """", ""PDES"" => """", ""ISW"" => """"))"
gen-1887,true,0.027247075,0.0,0.10912599123576455,PVe,"(min = -0.07, max = 0.102)",0.95,"RenewableGenerationCost(CostCurve{LinearCurve}(LinearCurve(0.0, 0.0), UnitSystem.NATURAL_UNITS = 2, LinearCurve(0.0, 0.0)), CostCurve{LinearCurve}(LinearCurve(0.0, 0.0), UnitSystem.NATURAL_UNITS = 2, LinearCurve(0.0, 0.0)), 0.0)",100.0,Service[],,bus-407,407,"Area(0, 0.0, 0.0, 0.0, Dict{String, Any}(""I"" => """", ""ARNAME"" => """", ""PTOL"" => """", ""PDES"" => """", ""ISW"" => """"))"
gen-2019,true,0.27247075,0.0,0.4010638307287463,PVe,"(min = -0.07, max = 0.102)",0.95,"RenewableGenerationCost(CostCurve{LinearCurve}(LinearCurve(0.0, 0.0), UnitSystem.NATURAL_UNITS = 2, LinearCurve(0.0, 0.0)), CostCurve{LinearCurve}(LinearCurve(0.0, 0.0), UnitSystem.NATURAL_UNITS = 2, LinearCurve(0.0, 0.0)), 0.0)",100.0,Service[],,bus-8486,8486,"Area(0, 0.0, 0.0, 0.0, Dict{String, Any}(""I"" => """", ""ARNAME"" => """", ""PTOL"" => """", ""PDES"" => """", ""ISW"" => """"))"
gen-1648,true,0.0136235375,0.0,0.10382735906685212,PVe,"(min = -0.07, max = 0.102)",0.95,"RenewableGenerationCost(CostCurve{LinearCurve}(LinearCurve(0.0, 0.0), UnitSystem.NATURAL_UNITS = 2, LinearCurve(0.0, 0.0)), CostCurve{LinearCurve}(LinearCurve(0.0, 0.0), UnitSystem.NATURAL_UNITS = 2, LinearCurve(0.0, 0.0)), 0.0)",100.0,Service[],,bus-407,407,"Area(0, 0.0, 0.0, 0.0, Dict{String, Any}(""I"" => """", ""ARNAME"" => """", ""PTOL"" => """", ""PDES"" => """", ""ISW"" => """"))"
gen-1719,true,0.0136235375,0.0,0.10382735906685212,PVe,"(min = -0.07, max = 0.102)",0.95,"RenewableGenerationCost(CostCurve{LinearCurve}(LinearCurve(0.0, 0.0), UnitSystem.NATURAL_UNITS = 2, LinearCurve(0.0, 0.0)), CostCurve{LinearCurve}(LinearCurve(0.0, 0.0), UnitSystem.NATURAL_UNITS = 2, LinearCurve(0.0, 0.0)), 0.0)",100.0,Service[],,bus-7914,7914,"Area(0, 0.0, 0.0, 0.0, Dict{String, Any}(""I"" => """", ""ARNAME"" => """", ""PTOL"" => """", ""PDES"" => """", ""ISW"" => """"))"
gen-1240,true,0.18164716599999997,0.0,0.27797457623060623,PVe,"(min = -0.07, max = 0.102)",0.95,"RenewableGenerationCost(CostCurve{LinearCurve}(LinearCurve(0.0, 0.0), UnitSystem.NATURAL_UNITS = 2, LinearCurve(0.0, 0.0)), CostCurve{LinearCurve}(LinearCurve(0.0, 0.0), UnitSystem.NATURAL_UNITS = 2, LinearCurve(0.0, 0.0)), 0.0)",100.0,Service[],,bus-145,145,"Area(0, 0.0, 0.0, 0.0, Dict{String, Any}(""I"" => """", ""ARNAME"" => """", ""PTOL"" => """", ""PDES"" => """", ""ISW"" => """"))"
gen-1322,true,0.0454117916,0.0,0.12076057537297331,PVe,"(min = -0.07, max = 0.102)",0.95,"RenewableGenerationCost(CostCurve{LinearCurve}(LinearCurve(0.0, 0.0), UnitSystem.NATURAL_UNITS = 2, LinearCurve(0.0, 0.0)), CostCurve{LinearCurve}(LinearCurve(0.0, 0.0), UnitSystem.NATURAL_UNITS = 2, LinearCurve(0.0, 0.0)), 0.0)",100.0,Service[],,bus-877,877,"Area(0, 0.0, 0.0, 0.0, Dict{String, Any}(""I"" => """", ""ARNAME"" => """", ""PTOL"" => """", ""PDES"" => """", ""ISW"" => """"))"
gen-1695,true,0.009990594149999999,0.0,0.10298674303316785,PVe,"(min = -0.07, max = 0.102)",0.95,"RenewableGenerationCost(CostCurve{LinearCurve}(LinearCurve(0.0, 0.0), UnitSystem.NATURAL_UNITS = 2, LinearCurve(0.0, 0.0)), CostCurve{LinearCurve}(LinearCurve(0.0, 0.0), UnitSystem.NATURAL_UNITS = 2, LinearCurve(0.0, 0.0)), 0.0)",100.0,Service[],,bus-2253,2253,"Area(0, 0.0, 0.0, 0.0, Dict{String, Any}(""I"" => """", ""ARNAME"" => """", ""PTOL"" => """", ""PDES"" => """", ""ISW"" => """"))"
gen-1563,true,0.009082358320000001,0.0,0.10281616926620278,PVe,"(min = -0.07, max = 0.102)",0.95,"RenewableGenerationCost(CostCurve{LinearCurve}(LinearCurve(0.0, 0.0), UnitSystem.NATURAL_UNITS = 2, LinearCurve(0.0, 0.0)), CostCurve{LinearCurve}(LinearCurve(0.0, 0.0), UnitSystem.NATURAL_UNITS = 2, LinearCurve(0.0, 0.0)), 0.0)",100.0,Service[],,bus-523,523,"Area(0, 0.0, 0.0, 0.0, Dict{String, Any}(""I"" => """", ""ARNAME"" => """", ""PTOL"" => """", ""PDES"" => """", ""ISW"" => """"))"
gen-2094,true,0.0250001761,0.0,0.025,BA,"(min = 0.0, max = 0.0)",0.95,"RenewableGenerationCost(CostCurve{LinearCurve}(LinearCurve(16.3717118, 401.19412), UnitSystem.NATURAL_UNITS = 2, LinearCurve(0.0, 0.0)), CostCurve{LinearCurve}(LinearCurve(0.0, 0.0), UnitSystem.NATURAL_UNITS = 2, LinearCurve(0.0, 0.0)), 0.0)",100.0,Service[],,bus-393,393,"Area(0, 0.0, 0.0, 0.0, Dict{String, Any}(""I"" => """", ""ARNAME"" => """", ""PTOL"" => """", ""PDES"" => """", ""ISW"" => """"))"
gen-1291,true,0.820136956,0.0,1.1719555028325046,PVe,"(min = -0.07, max = 0.102)",0.95,"RenewableGenerationCost(CostCurve{LinearCurve}(LinearCurve(0.0, 0.0), UnitSystem.NATURAL_UNITS = 2, LinearCurve(0.0, 0.0)), CostCurve{LinearCurve}(LinearCurve(0.0, 0.0), UnitSystem.NATURAL_UNITS = 2, LinearCurve(0.0, 0.0)), 0.0)",100.0,Service[],,bus-1176,1176,"Area(0, 0.0, 0.0, 0.0, Dict{String, Any}(""I"" => """", ""ARNAME"" => """", ""PTOL"" => """", ""PDES"" => """", ""ISW"" => """"))"
gen-1395,true,0.18164716599999997,0.0,0.27797457623060623,PVe,"(min = -0.07, max = 0.102)",0.95,"RenewableGenerationCost(CostCurve{LinearCurve}(LinearCurve(0.0, 0.0), UnitSystem.NATURAL_UNITS = 2, LinearCurve(0.0, 0.0)), CostCurve{LinearCurve}(LinearCurve(0.0, 0.0), UnitSystem.NATURAL_UNITS = 2, LinearCurve(0.0, 0.0)), 0.0)",100.0,Service[],,bus-1412,1412,"Area(0, 0.0, 0.0, 0.0, Dict{String, Any}(""I"" => """", ""ARNAME"" => """", ""PTOL"" => """", ""PDES"" => """", ""ISW"" => """"))"
gen-1644,true,0.0454117916,0.0,0.12076057537297331,PVe,"(min = -0.07, max = 0.102)",0.95,"RenewableGenerationCost(CostCurve{LinearCurve}(LinearCurve(0.0, 0.0), UnitSystem.NATURAL_UNITS = 2, LinearCurve(0.0, 0.0)), CostCurve{LinearCurve}(LinearCurve(0.0, 0.0), UnitSystem.NATURAL_UNITS = 2, LinearCurve(0.0, 0.0)), 0.0)",100.0,Service[],,bus-407,407,"Area(0, 0.0, 0.0, 0.0, Dict{String, Any}(""I"" => """", ""ARNAME"" => """", ""PTOL"" => """", ""PDES"" => """", ""ISW"" => """"))"
gen-802,true,0.028245498900000002,0.0,0.2475288894671307,WT,"(min = -0.225631579, max = 0.23884210499999997)",0.95,"RenewableGenerationCost(CostCurve{LinearCurve}(LinearCurve(0.0, 0.0), UnitSystem.NATURAL_UNITS = 2, LinearCurve(0.0, 0.0)), CostCurve{LinearCurve}(LinearCurve(0.0, 0.0), UnitSystem.NATURAL_UNITS = 2, LinearCurve(0.0, 0.0)), 0.0)",100.0,Service[],,bus-1932,1932,"Area(0, 0.0, 0.0, 0.0, Dict{String, Any}(""I"" => """", ""ARNAME"" => """", ""PTOL"" => """", ""PDES"" => """", ""ISW"" => """"))"
gen-1440,true,0.18164716599999997,0.0,0.27797457623060623,PVe,"(min = -0.07, max = 0.102)",0.95,"RenewableGenerationCost(CostCurve{LinearCurve}(LinearCurve(0.0, 0.0), UnitSystem.NATURAL_UNITS = 2, LinearCurve(0.0, 0.0)), CostCurve{LinearCurve}(LinearCurve(0.0, 0.0), UnitSystem.NATURAL_UNITS = 2, LinearCurve(0.0, 0.0)), 0.0)",100.0,Service[],,bus-407,407,"Area(0, 0.0, 0.0, 0.0, Dict{String, Any}(""I"" => """", ""ARNAME"" => """", ""PTOL"" => """", ""PDES"" => """", ""ISW"" => """"))"
gen-1150,true,0.0045411791600000005,0.0,0.10220465334633308,PVe,"(min = -0.07, max = 0.102)",0.95,"RenewableGenerationCost(CostCurve{LinearCurve}(LinearCurve(0.0, 0.0), UnitSystem.NATURAL_UNITS = 2, LinearCurve(0.0, 0.0)), CostCurve{LinearCurve}(LinearCurve(0.0, 0.0), UnitSystem.NATURAL_UNITS = 2, LinearCurve(0.0, 0.0)), 0.0)",100.0,Service[],,bus-990,990,"Area(0, 0.0, 0.0, 0.0, Dict{String, Any}(""I"" => """", ""ARNAME"" => """", ""PTOL"" => """", ""PDES"" => """", ""ISW"" => """"))"
gen-1740,true,0.0136235375,0.0,0.10382735906685212,PVe,"(min = -0.07, max = 0.102)",0.95,"RenewableGenerationCost(CostCurve{LinearCurve}(LinearCurve(0.0, 0.0), UnitSystem.NATURAL_UNITS = 2, LinearCurve(0.0, 0.0)), CostCurve{LinearCurve}(LinearCurve(0.0, 0.0), UnitSystem.NATURAL_UNITS = 2, LinearCurve(0.0, 0.0)), 0.0)",100.0,Service[],,bus-1025,1025,"Area(0, 0.0, 0.0, 0.0, Dict{String, Any}(""I"" => """", ""ARNAME"" => """", ""PTOL"" => """", ""PDES"" => """", ""ISW"" => """"))"
gen-1604,true,0.0136235375,0.0,0.10382735906685212,PVe,"(min = -0.07, max = 0.102)",0.95,"RenewableGenerationCost(CostCurve{LinearCurve}(LinearCurve(0.0, 0.0), UnitSystem.NATURAL_UNITS = 2, LinearCurve(0.0, 0.0)), CostCurve{LinearCurve}(LinearCurve(0.0, 0.0), UnitSystem.NATURAL_UNITS = 2, LinearCurve(0.0, 0.0)), 0.0)",100.0,Service[],,bus-1451,1451,"Area(0, 0.0, 0.0, 0.0, Dict{String, Any}(""I"" => """", ""ARNAME"" => """", ""PTOL"" => """", ""PDES"" => """", ""ISW"" => """"))"
gen-2092,true,0.0150001041,0.0,0.015,BA,"(min = 0.0, max = 0.0)",0.95,"RenewableGenerationCost(CostCurve{LinearCurve}(LinearCurve(16.3717118, 401.19412), UnitSystem.NATURAL_UNITS = 2, LinearCurve(0.0, 0.0)), CostCurve{LinearCurve}(LinearCurve(0.0, 0.0), UnitSystem.NATURAL_UNITS = 2, LinearCurve(0.0, 0.0)), 0.0)",100.0,Service[],,bus-676,676,"Area(0, 0.0, 0.0, 0.0, Dict{String, Any}(""I"" => """", ""ARNAME"" => """", ""PTOL"" => """", ""PDES"" => """", ""ISW"" => """"))"
gen-1649,true,0.0136235375,0.0,0.10382735906685212,PVe,"(min = -0.07, max = 0.102)",0.95,"RenewableGenerationCost(CostCurve{LinearCurve}(LinearCurve(0.0, 0.0), UnitSystem.NATURAL_UNITS = 2, LinearCurve(0.0, 0.0)), CostCurve{LinearCurve}(LinearCurve(0.0, 0.0), UnitSystem.NATURAL_UNITS = 2, LinearCurve(0.0, 0.0)), 0.0)",100.0,Service[],,bus-407,407,"Area(0, 0.0, 0.0, 0.0, Dict{String, Any}(""I"" => """", ""ARNAME"" => """", ""PTOL"" => """", ""PDES"" => """", ""ISW"" => """"))"
gen-1327,true,0.0036329433300000004,0.0,0.10213102538412229,PVe,"(min = -0.07, max = 0.102)",0.95,"RenewableGenerationCost(CostCurve{LinearCurve}(LinearCurve(0.0, 0.0), UnitSystem.NATURAL_UNITS = 2, LinearCurve(0.0, 0.0)), CostCurve{LinearCurve}(LinearCurve(0.0, 0.0), UnitSystem.NATURAL_UNITS = 2, LinearCurve(0.0, 0.0)), 0.0)",100.0,Service[],,bus-859,859,"Area(0, 0.0, 0.0, 0.0, Dict{String, Any}(""I"" => """", ""ARNAME"" => """", ""PTOL"" => """", ""PDES"" => """", ""ISW"" => """"))"
gen-2018,true,0.0408706124,0.0,0.11742693224798717,PVe,"(min = -0.07, max = 0.102)",0.95,"RenewableGenerationCost(CostCurve{LinearCurve}(LinearCurve(0.0, 0.0), UnitSystem.NATURAL_UNITS = 2, LinearCurve(0.0, 0.0)), CostCurve{LinearCurve}(LinearCurve(0.0, 0.0), UnitSystem.NATURAL_UNITS = 2, LinearCurve(0.0, 0.0)), 0.0)",100.0,Service[],,bus-393,393,"Area(0, 0.0, 0.0, 0.0, Dict{String, Any}(""I"" => """", ""ARNAME"" => """", ""PTOL"" => """", ""PDES"" => """", ""ISW"" => """"))"
gen-2053,true,0.009082358320000001,0.0,0.10281616926620278,PVe,"(min = -0.07, max = 0.102)",0.95,"RenewableGenerationCost(CostCurve{LinearCurve}(LinearCurve(0.0, 0.0), UnitSystem.NATURAL_UNITS = 2, LinearCurve(0.0, 0.0)), CostCurve{LinearCurve}(LinearCurve(0.0, 0.0), UnitSystem.NATURAL_UNITS = 2, LinearCurve(0.0, 0.0)), 0.0)",100.0,Service[],,bus-2116,2116,"Area(0, 0.0, 0.0, 0.0, Dict{String, Any}(""I"" => """", ""ARNAME"" => """", ""PTOL"" => """", ""PDES"" => """", ""ISW"" => """"))"
gen-1615,true,0.0136235375,0.0,0.10382735906685212,PVe,"(min = -0.07, max = 0.102)",0.95,"RenewableGenerationCost(CostCurve{LinearCurve}(LinearCurve(0.0, 0.0), UnitSystem.NATURAL_UNITS = 2, LinearCurve(0.0, 0.0)), CostCurve{LinearCurve}(LinearCurve(0.0, 0.0), UnitSystem.NATURAL_UNITS = 2, LinearCurve(0.0, 0.0)), 0.0)",100.0,Service[],,bus-1993,1993,"Area(0, 0.0, 0.0, 0.0, Dict{String, Any}(""I"" => """", ""ARNAME"" => """", ""PTOL"" => """", ""PDES"" => """", ""ISW"" => """"))"
gen-1996,true,0.0450003214,0.0,0.045,BA,"(min = 0.0, max = 0.0)",0.95,"RenewableGenerationCost(CostCurve{LinearCurve}(LinearCurve(16.3717118, 401.19412), UnitSystem.NATURAL_UNITS = 2, LinearCurve(0.0, 0.0)), CostCurve{LinearCurve}(LinearCurve(0.0, 0.0), UnitSystem.NATURAL_UNITS = 2, LinearCurve(0.0, 0.0)), 0.0)",100.0,Service[],,bus-8073,8073,"Area(0, 0.0, 0.0, 0.0, Dict{String, Any}(""I"" => """", ""ARNAME"" => """", ""PTOL"" => """", ""PDES"" => """", ""ISW"" => """"))"
gen-1382,true,0.0045411791600000005,0.0,0.10220465334633308,PVe,"(min = -0.07, max = 0.102)",0.95,"RenewableGenerationCost(CostCurve{LinearCurve}(LinearCurve(0.0, 0.0), UnitSystem.NATURAL_UNITS = 2, LinearCurve(0.0, 0.0)), CostCurve{LinearCurve}(LinearCurve(0.0, 0.0), UnitSystem.NATURAL_UNITS = 2, LinearCurve(0.0, 0.0)), 0.0)",100.0,Service[],,bus-1183,1183,"Area(0, 0.0, 0.0, 0.0, Dict{String, Any}(""I"" => """", ""ARNAME"" => """", ""PTOL"" => """", ""PDES"" => """", ""ISW"" => """"))"
gen-1446,true,0.0027247075,0.0,0.10207372247367037,PVe,"(min = -0.07, max = 0.102)",0.95,"RenewableGenerationCost(CostCurve{LinearCurve}(LinearCurve(0.0, 0.0), UnitSystem.NATURAL_UNITS = 2, LinearCurve(0.0, 0.0)), CostCurve{LinearCurve}(LinearCurve(0.0, 0.0), UnitSystem.NATURAL_UNITS = 2, LinearCurve(0.0, 0.0)), 0.0)",100.0,Service[],,bus-2030,2030,"Area(0, 0.0, 0.0, 0.0, Dict{String, Any}(""I"" => """", ""ARNAME"" => """", ""PTOL"" => """", ""PDES"" => """", ""ISW"" => """"))"
gen-1357,true,0.009990594149999999,0.0,0.10298674303316785,PVe,"(min = -0.07, max = 0.102)",0.95,"RenewableGenerationCost(CostCurve{LinearCurve}(LinearCurve(0.0, 0.0), UnitSystem.NATURAL_UNITS = 2, LinearCurve(0.0, 0.0)), CostCurve{LinearCurve}(LinearCurve(0.0, 0.0), UnitSystem.NATURAL_UNITS = 2, LinearCurve(0.0, 0.0)), 0.0)",100.0,Service[],,bus-219,219,"Area(0, 0.0, 0.0, 0.0, Dict{String, Any}(""I"" => """", ""ARNAME"" => """", ""PTOL"" => """", ""PDES"" => """", ""ISW"" => """"))"
gen-1600,true,0.263388391,0.0,0.38857365006747824,PVe,"(min = -0.07, max = 0.102)",0.95,"RenewableGenerationCost(CostCurve{LinearCurve}(LinearCurve(0.0, 0.0), UnitSystem.NATURAL_UNITS = 2, LinearCurve(0.0, 0.0)), CostCurve{LinearCurve}(LinearCurve(0.0, 0.0), UnitSystem.NATURAL_UNITS = 2, LinearCurve(0.0, 0.0)), 0.0)",100.0,Service[],,bus-2235,2235,"Area(0, 0.0, 0.0, 0.0, Dict{String, Any}(""I"" => """", ""ARNAME"" => """", ""PTOL"" => """", ""PDES"" => """", ""ISW"" => """"))"
gen-1499,true,0.009082358320000001,0.0,0.10281616926620278,PVe,"(min = -0.07, max = 0.102)",0.95,"RenewableGenerationCost(CostCurve{LinearCurve}(LinearCurve(0.0, 0.0), UnitSystem.NATURAL_UNITS = 2, LinearCurve(0.0, 0.0)), CostCurve{LinearCurve}(LinearCurve(0.0, 0.0), UnitSystem.NATURAL_UNITS = 2, LinearCurve(0.0, 0.0)), 0.0)",100.0,Service[],,bus-1435,1435,"Area(0, 0.0, 0.0, 0.0, Dict{String, Any}(""I"" => """", ""ARNAME"" => """", ""PTOL"" => """", ""PDES"" => """", ""ISW"" => """"))"
gen-1308,true,0.659206489,0.0,1.5356869964679751,WT,"(min = -0.225631579, max = 0.23884210499999997)",0.95,"RenewableGenerationCost(CostCurve{LinearCurve}(LinearCurve(0.0, 0.0), UnitSystem.NATURAL_UNITS = 2, LinearCurve(0.0, 0.0)), CostCurve{LinearCurve}(LinearCurve(0.0, 0.0), UnitSystem.NATURAL_UNITS = 2, LinearCurve(0.0, 0.0)), 0.0)",100.0,Service[],,bus-2314,2314,"Area(0, 0.0, 0.0, 0.0, Dict{String, Any}(""I"" => """", ""ARNAME"" => """", ""PTOL"" => """", ""PDES"" => """", ""ISW"" => """"))"
gen-1734,true,0.00434546136,0.0,0.23905135665967472,WT,"(min = -0.225631579, max = 0.23884210499999997)",0.95,"RenewableGenerationCost(CostCurve{LinearCurve}(LinearCurve(0.0, 0.0), UnitSystem.NATURAL_UNITS = 2, LinearCurve(0.0, 0.0)), CostCurve{LinearCurve}(LinearCurve(0.0, 0.0), UnitSystem.NATURAL_UNITS = 2, LinearCurve(0.0, 0.0)), 0.0)",100.0,Service[],,bus-1542,1542,"Area(0, 0.0, 0.0, 0.0, Dict{String, Any}(""I"" => """", ""ARNAME"" => """", ""PTOL"" => """", ""PDES"" => """", ""ISW"" => """"))"
gen-2097,true,0.0100000674,0.0,0.01,BA,"(min = 0.0, max = 0.0)",0.95,"RenewableGenerationCost(CostCurve{LinearCurve}(LinearCurve(16.3717118, 401.19412), UnitSystem.NATURAL_UNITS = 2, LinearCurve(0.0, 0.0)), CostCurve{LinearCurve}(LinearCurve(0.0, 0.0), UnitSystem.NATURAL_UNITS = 2, LinearCurve(0.0, 0.0)), 0.0)",100.0,Service[],,bus-700,700,"Area(0, 0.0, 0.0, 0.0, Dict{String, Any}(""I"" => """", ""ARNAME"" => """", ""PTOL"" => """", ""PDES"" => """", ""ISW"" => """"))"
gen-1928,true,0.0208894241,0.0,0.1062464167105884,PVe,"(min = -0.07, max = 0.102)",0.95,"RenewableGenerationCost(CostCurve{LinearCurve}(LinearCurve(0.0, 0.0), UnitSystem.NATURAL_UNITS = 2, LinearCurve(0.0, 0.0)), CostCurve{LinearCurve}(LinearCurve(0.0, 0.0), UnitSystem.NATURAL_UNITS = 2, LinearCurve(0.0, 0.0)), 0.0)",100.0,Service[],,bus-2118,2118,"Area(0, 0.0, 0.0, 0.0, Dict{String, Any}(""I"" => """", ""ARNAME"" => """", ""PTOL"" => """", ""PDES"" => """", ""ISW"" => """"))"
gen-1507,true,0.0227058958,0.0,0.10699896794410164,PVe,"(min = -0.07, max = 0.102)",0.95,"RenewableGenerationCost(CostCurve{LinearCurve}(LinearCurve(0.0, 0.0), UnitSystem.NATURAL_UNITS = 2, LinearCurve(0.0, 0.0)), CostCurve{LinearCurve}(LinearCurve(0.0, 0.0), UnitSystem.NATURAL_UNITS = 2, LinearCurve(0.0, 0.0)), 0.0)",100.0,Service[],,bus-51,51,"Area(0, 0.0, 0.0, 0.0, Dict{String, Any}(""I"" => """", ""ARNAME"" => """", ""PTOL"" => """", ""PDES"" => """", ""ISW"" => """"))"
gen-1197,true,0.19072952499999998,0.0,0.29004071434715717,PVe,"(min = -0.07, max = 0.102)",0.95,"RenewableGenerationCost(CostCurve{LinearCurve}(LinearCurve(0.0, 0.0), UnitSystem.NATURAL_UNITS = 2, LinearCurve(0.0, 0.0)), CostCurve{LinearCurve}(LinearCurve(0.0, 0.0), UnitSystem.NATURAL_UNITS = 2, LinearCurve(0.0, 0.0)), 0.0)",100.0,Service[],,bus-1176,1176,"Area(0, 0.0, 0.0, 0.0, Dict{String, Any}(""I"" => """", ""ARNAME"" => """", ""PTOL"" => """", ""PDES"" => """", ""ISW"" => """"))"
gen-1137,true,0.0045411791600000005,0.0,0.10220465334633308,PVe,"(min = -0.07, max = 0.102)",0.95,"RenewableGenerationCost(CostCurve{LinearCurve}(LinearCurve(0.0, 0.0), UnitSystem.NATURAL_UNITS = 2, LinearCurve(0.0, 0.0)), CostCurve{LinearCurve}(LinearCurve(0.0, 0.0), UnitSystem.NATURAL_UNITS = 2, LinearCurve(0.0, 0.0)), 0.0)",100.0,Service[],,bus-7830,7830,"Area(0, 0.0, 0.0, 0.0, Dict{String, Any}(""I"" => """", ""ARNAME"" => """", ""PTOL"" => """", ""PDES"" => """", ""ISW"" => """"))"
gen-1586,true,0.009082358320000001,0.0,0.10281616926620278,PVe,"(min = -0.07, max = 0.102)",0.95,"RenewableGenerationCost(CostCurve{LinearCurve}(LinearCurve(0.0, 0.0), UnitSystem.NATURAL_UNITS = 2, LinearCurve(0.0, 0.0)), CostCurve{LinearCurve}(LinearCurve(0.0, 0.0), UnitSystem.NATURAL_UNITS = 2, LinearCurve(0.0, 0.0)), 0.0)",100.0,Service[],,bus-8673,8673,"Area(0, 0.0, 0.0, 0.0, Dict{String, Any}(""I"" => """", ""ARNAME"" => """", ""PTOL"" => """", ""PDES"" => """", ""ISW"" => """"))"
gen-1778,true,0.0136235375,0.0,0.10382735906685212,PVe,"(min = -0.07, max = 0.102)",0.95,"RenewableGenerationCost(CostCurve{LinearCurve}(LinearCurve(0.0, 0.0), UnitSystem.NATURAL_UNITS = 2, LinearCurve(0.0, 0.0)), CostCurve{LinearCurve}(LinearCurve(0.0, 0.0), UnitSystem.NATURAL_UNITS = 2, LinearCurve(0.0, 0.0)), 0.0)",100.0,Service[],,bus-1508,1508,"Area(0, 0.0, 0.0, 0.0, Dict{String, Any}(""I"" => """", ""ARNAME"" => """", ""PTOL"" => """", ""PDES"" => """", ""ISW"" => """"))"
gen-1056,true,0.009082358320000001,0.0,0.10281616926620278,PVe,"(min = -0.07, max = 0.102)",0.95,"RenewableGenerationCost(CostCurve{LinearCurve}(LinearCurve(0.0, 0.0), UnitSystem.NATURAL_UNITS = 2, LinearCurve(0.0, 0.0)), CostCurve{LinearCurve}(LinearCurve(0.0, 0.0), UnitSystem.NATURAL_UNITS = 2, LinearCurve(0.0, 0.0)), 0.0)",100.0,Service[],,bus-1330,1330,"Area(0, 0.0, 0.0, 0.0, Dict{String, Any}(""I"" => """", ""ARNAME"" => """", ""PTOL"" => """", ""PDES"" => """", ""ISW"" => """"))"
gen-1773,true,0.13078595999999998,0.0,0.21229051932598014,PVe,"(min = -0.07, max = 0.102)",0.95,"RenewableGenerationCost(CostCurve{LinearCurve}(LinearCurve(0.0, 0.0), UnitSystem.NATURAL_UNITS = 2, LinearCurve(0.0, 0.0)), CostCurve{LinearCurve}(LinearCurve(0.0, 0.0), UnitSystem.NATURAL_UNITS = 2, LinearCurve(0.0, 0.0)), 0.0)",100.0,Service[],,bus-1264,1264,"Area(0, 0.0, 0.0, 0.0, Dict{String, Any}(""I"" => """", ""ARNAME"" => """", ""PTOL"" => """", ""PDES"" => """", ""ISW"" => """"))"
gen-1903,true,0.027247075,0.0,0.10912599123576455,PVe,"(min = -0.07, max = 0.102)",0.95,"RenewableGenerationCost(CostCurve{LinearCurve}(LinearCurve(0.0, 0.0), UnitSystem.NATURAL_UNITS = 2, LinearCurve(0.0, 0.0)), CostCurve{LinearCurve}(LinearCurve(0.0, 0.0), UnitSystem.NATURAL_UNITS = 2, LinearCurve(0.0, 0.0)), 0.0)",100.0,Service[],,bus-1541,1541,"Area(0, 0.0, 0.0, 0.0, Dict{String, Any}(""I"" => """", ""ARNAME"" => """", ""PTOL"" => """", ""PDES"" => """", ""ISW"" => """"))"
gen-1402,true,0.227058958,0.0,0.3389423462925357,PVe,"(min = -0.07, max = 0.102)",0.95,"RenewableGenerationCost(CostCurve{LinearCurve}(LinearCurve(0.0, 0.0), UnitSystem.NATURAL_UNITS = 2, LinearCurve(0.0, 0.0)), CostCurve{LinearCurve}(LinearCurve(0.0, 0.0), UnitSystem.NATURAL_UNITS = 2, LinearCurve(0.0, 0.0)), 0.0)",100.0,Service[],,bus-1354,1354,"Area(0, 0.0, 0.0, 0.0, Dict{String, Any}(""I"" => """", ""ARNAME"" => """", ""PTOL"" => """", ""PDES"" => """", ""ISW"" => """"))"
gen-1363,true,0.0045411791600000005,0.0,0.10220465334633308,PVe,"(min = -0.07, max = 0.102)",0.95,"RenewableGenerationCost(CostCurve{LinearCurve}(LinearCurve(0.0, 0.0), UnitSystem.NATURAL_UNITS = 2, LinearCurve(0.0, 0.0)), CostCurve{LinearCurve}(LinearCurve(0.0, 0.0), UnitSystem.NATURAL_UNITS = 2, LinearCurve(0.0, 0.0)), 0.0)",100.0,Service[],,bus-8315,8315,"Area(0, 0.0, 0.0, 0.0, Dict{String, Any}(""I"" => """", ""ARNAME"" => """", ""PTOL"" => """", ""PDES"" => """", ""ISW"" => """"))"
gen-1212,true,0.212927607,0.0,0.5451105861390246,WT,"(min = -0.225631579, max = 0.23884210499999997)",0.95,"RenewableGenerationCost(CostCurve{LinearCurve}(LinearCurve(0.0, 0.0), UnitSystem.NATURAL_UNITS = 2, LinearCurve(0.0, 0.0)), CostCurve{LinearCurve}(LinearCurve(0.0, 0.0), UnitSystem.NATURAL_UNITS = 2, LinearCurve(0.0, 0.0)), 0.0)",100.0,Service[],,bus-2407,2407,"Area(0, 0.0, 0.0, 0.0, Dict{String, Any}(""I"" => """", ""ARNAME"" => """", ""PTOL"" => """", ""PDES"" => """", ""ISW"" => """"))"
gen-1655,true,0.0181647166,0.0,0.10522670122314892,PVe,"(min = -0.07, max = 0.102)",0.95,"RenewableGenerationCost(CostCurve{LinearCurve}(LinearCurve(0.0, 0.0), UnitSystem.NATURAL_UNITS = 2, LinearCurve(0.0, 0.0)), CostCurve{LinearCurve}(LinearCurve(0.0, 0.0), UnitSystem.NATURAL_UNITS = 2, LinearCurve(0.0, 0.0)), 0.0)",100.0,Service[],,bus-1952,1952,"Area(0, 0.0, 0.0, 0.0, Dict{String, Any}(""I"" => """", ""ARNAME"" => """", ""PTOL"" => """", ""PDES"" => """", ""ISW"" => """"))"
gen-1587,true,0.0363294333,0.0,0.11436185815744428,PVe,"(min = -0.07, max = 0.102)",0.95,"RenewableGenerationCost(CostCurve{LinearCurve}(LinearCurve(0.0, 0.0), UnitSystem.NATURAL_UNITS = 2, LinearCurve(0.0, 0.0)), CostCurve{LinearCurve}(LinearCurve(0.0, 0.0), UnitSystem.NATURAL_UNITS = 2, LinearCurve(0.0, 0.0)), 0.0)",100.0,Service[],,bus-8357,8357,"Area(0, 0.0, 0.0, 0.0, Dict{String, Any}(""I"" => """", ""ARNAME"" => """", ""PTOL"" => """", ""PDES"" => """", ""ISW"" => """"))"
gen-646,true,0.169038447,0.0,0.41948778289719,WT,"(min = -0.157, max = 0.157)",0.95,"RenewableGenerationCost(CostCurve{LinearCurve}(LinearCurve(0.0, 0.0), UnitSystem.NATURAL_UNITS = 2, LinearCurve(0.0, 0.0)), CostCurve{LinearCurve}(LinearCurve(0.0, 0.0), UnitSystem.NATURAL_UNITS = 2, LinearCurve(0.0, 0.0)), 0.0)",100.0,Service[],,bus-1849,1849,"Area(0, 0.0, 0.0, 0.0, Dict{String, Any}(""I"" => """", ""ARNAME"" => """", ""PTOL"" => """", ""PDES"" => """", ""ISW"" => """"))"
gen-1909,true,0.0100000674,0.0,0.01,BA,"(min = 0.0, max = 0.0)",0.95,"RenewableGenerationCost(CostCurve{LinearCurve}(LinearCurve(16.3717118, 401.19412), UnitSystem.NATURAL_UNITS = 2, LinearCurve(0.0, 0.0)), CostCurve{LinearCurve}(LinearCurve(0.0, 0.0), UnitSystem.NATURAL_UNITS = 2, LinearCurve(0.0, 0.0)), 0.0)",100.0,Service[],,bus-1098,1098,"Area(0, 0.0, 0.0, 0.0, Dict{String, Any}(""I"" => """", ""ARNAME"" => """", ""PTOL"" => """", ""PDES"" => """", ""ISW"" => """"))"
gen-971,true,0.00695273818,0.0,0.2393774239999065,WT,"(min = -0.225631579, max = 0.23884210499999997)",0.95,"RenewableGenerationCost(CostCurve{LinearCurve}(LinearCurve(0.0, 0.0), UnitSystem.NATURAL_UNITS = 2, LinearCurve(0.0, 0.0)), CostCurve{LinearCurve}(LinearCurve(0.0, 0.0), UnitSystem.NATURAL_UNITS = 2, LinearCurve(0.0, 0.0)), 0.0)",100.0,Service[],,bus-1929,1929,"Area(0, 0.0, 0.0, 0.0, Dict{String, Any}(""I"" => """", ""ARNAME"" => """", ""PTOL"" => """", ""PDES"" => """", ""ISW"" => """"))"
gen-745,true,0.09777288070000001,0.0,0.24196280705926687,WT,"(min = -0.08900000000000001, max = 0.08900000000000001)",0.95,"RenewableGenerationCost(CostCurve{LinearCurve}(LinearCurve(0.0, 0.0), UnitSystem.NATURAL_UNITS = 2, LinearCurve(0.0, 0.0)), CostCurve{LinearCurve}(LinearCurve(0.0, 0.0), UnitSystem.NATURAL_UNITS = 2, LinearCurve(0.0, 0.0)), 0.0)",100.0,Service[],,bus-1680,1680,"Area(0, 0.0, 0.0, 0.0, Dict{String, Any}(""I"" => """", ""ARNAME"" => """", ""PTOL"" => """", ""PDES"" => """", ""ISW"" => """"))"
gen-2015,true,0.908235832,0.0,1.2969389445014856,PVe,"(min = -0.07, max = 0.102)",0.95,"RenewableGenerationCost(CostCurve{LinearCurve}(LinearCurve(0.0, 0.0), UnitSystem.NATURAL_UNITS = 2, LinearCurve(0.0, 0.0)), CostCurve{LinearCurve}(LinearCurve(0.0, 0.0), UnitSystem.NATURAL_UNITS = 2, LinearCurve(0.0, 0.0)), 0.0)",100.0,Service[],,bus-407,407,"Area(0, 0.0, 0.0, 0.0, Dict{String, Any}(""I"" => """", ""ARNAME"" => """", ""PTOL"" => """", ""PDES"" => """", ""ISW"" => """"))"
gen-1198,true,0.785623994,0.0,1.1230190592874354,PVe,"(min = -0.07, max = 0.102)",0.95,"RenewableGenerationCost(CostCurve{LinearCurve}(LinearCurve(0.0, 0.0), UnitSystem.NATURAL_UNITS = 2, LinearCurve(0.0, 0.0)), CostCurve{LinearCurve}(LinearCurve(0.0, 0.0), UnitSystem.NATURAL_UNITS = 2, LinearCurve(0.0, 0.0)), 0.0)",100.0,Service[],,bus-1176,1176,"Area(0, 0.0, 0.0, 0.0, Dict{String, Any}(""I"" => """", ""ARNAME"" => """", ""PTOL"" => """", ""PDES"" => """", ""ISW"" => """"))"
gen-1409,true,0.0181647166,0.0,0.10522670122314892,PVe,"(min = -0.07, max = 0.102)",0.95,"RenewableGenerationCost(CostCurve{LinearCurve}(LinearCurve(0.0, 0.0), UnitSystem.NATURAL_UNITS = 2, LinearCurve(0.0, 0.0)), CostCurve{LinearCurve}(LinearCurve(0.0, 0.0), UnitSystem.NATURAL_UNITS = 2, LinearCurve(0.0, 0.0)), 0.0)",100.0,Service[],,bus-456,456,"Area(0, 0.0, 0.0, 0.0, Dict{String, Any}(""I"" => """", ""ARNAME"" => """", ""PTOL"" => """", ""PDES"" => """", ""ISW"" => """"))"
gen-1490,true,0.009082358320000001,0.0,0.10281616926620278,PVe,"(min = -0.07, max = 0.102)",0.95,"RenewableGenerationCost(CostCurve{LinearCurve}(LinearCurve(0.0, 0.0), UnitSystem.NATURAL_UNITS = 2, LinearCurve(0.0, 0.0)), CostCurve{LinearCurve}(LinearCurve(0.0, 0.0), UnitSystem.NATURAL_UNITS = 2, LinearCurve(0.0, 0.0)), 0.0)",100.0,Service[],,bus-1442,1442,"Area(0, 0.0, 0.0, 0.0, Dict{String, Any}(""I"" => """", ""ARNAME"" => """", ""PTOL"" => """", ""PDES"" => """", ""ISW"" => """"))"
gen-1845,true,0.00544941499,0.0,0.10229457110974914,PVe,"(min = -0.07, max = 0.102)",0.95,"RenewableGenerationCost(CostCurve{LinearCurve}(LinearCurve(0.0, 0.0), UnitSystem.NATURAL_UNITS = 2, LinearCurve(0.0, 0.0)), CostCurve{LinearCurve}(LinearCurve(0.0, 0.0), UnitSystem.NATURAL_UNITS = 2, LinearCurve(0.0, 0.0)), 0.0)",100.0,Service[],,bus-1521,1521,"Area(0, 0.0, 0.0, 0.0, Dict{String, Any}(""I"" => """", ""ARNAME"" => """", ""PTOL"" => """", ""PDES"" => """", ""ISW"" => """"))"
gen-680,true,0.10038015700000001,0.0,0.2482780699135548,WT,"(min = -0.091, max = 0.091)",0.95,"RenewableGenerationCost(CostCurve{LinearCurve}(LinearCurve(0.0, 0.0), UnitSystem.NATURAL_UNITS = 2, LinearCurve(0.0, 0.0)), CostCurve{LinearCurve}(LinearCurve(0.0, 0.0), UnitSystem.NATURAL_UNITS = 2, LinearCurve(0.0, 0.0)), 0.0)",100.0,Service[],,bus-8680,8680,"Area(0, 0.0, 0.0, 0.0, Dict{String, Any}(""I"" => """", ""ARNAME"" => """", ""PTOL"" => """", ""PDES"" => """", ""ISW"" => """"))"
gen-1871,true,0.0454117916,0.0,0.12076057537297331,PVe,"(min = -0.07, max = 0.102)",0.95,"RenewableGenerationCost(CostCurve{LinearCurve}(LinearCurve(0.0, 0.0), UnitSystem.NATURAL_UNITS = 2, LinearCurve(0.0, 0.0)), CostCurve{LinearCurve}(LinearCurve(0.0, 0.0), UnitSystem.NATURAL_UNITS = 2, LinearCurve(0.0, 0.0)), 0.0)",100.0,Service[],,bus-8340,8340,"Area(0, 0.0, 0.0, 0.0, Dict{String, Any}(""I"" => """", ""ARNAME"" => """", ""PTOL"" => """", ""PDES"" => """", ""ISW"" => """"))"
gen-1681,true,0.136235375,0.0,0.2191256467867331,PVe,"(min = -0.07, max = 0.102)",0.95,"RenewableGenerationCost(CostCurve{LinearCurve}(LinearCurve(0.0, 0.0), UnitSystem.NATURAL_UNITS = 2, LinearCurve(0.0, 0.0)), CostCurve{LinearCurve}(LinearCurve(0.0, 0.0), UnitSystem.NATURAL_UNITS = 2, LinearCurve(0.0, 0.0)), 0.0)",100.0,Service[],,bus-295,295,"Area(0, 0.0, 0.0, 0.0, Dict{String, Any}(""I"" => """", ""ARNAME"" => """", ""PTOL"" => """", ""PDES"" => """", ""ISW"" => """"))"
gen-1162,true,0.0045411791600000005,0.0,0.10220465334633308,PVe,"(min = -0.07, max = 0.102)",0.95,"RenewableGenerationCost(CostCurve{LinearCurve}(LinearCurve(0.0, 0.0), UnitSystem.NATURAL_UNITS = 2, LinearCurve(0.0, 0.0)), CostCurve{LinearCurve}(LinearCurve(0.0, 0.0), UnitSystem.NATURAL_UNITS = 2, LinearCurve(0.0, 0.0)), 0.0)",100.0,Service[],,bus-1000,1000,"Area(0, 0.0, 0.0, 0.0, Dict{String, Any}(""I"" => """", ""ARNAME"" => """", ""PTOL"" => """", ""PDES"" => """", ""ISW"" => """"))"
gen-1057,true,0.009082358320000001,0.0,0.10281616926620278,PVe,"(min = -0.07, max = 0.102)",0.95,"RenewableGenerationCost(CostCurve{LinearCurve}(LinearCurve(0.0, 0.0), UnitSystem.NATURAL_UNITS = 2, LinearCurve(0.0, 0.0)), CostCurve{LinearCurve}(LinearCurve(0.0, 0.0), UnitSystem.NATURAL_UNITS = 2, LinearCurve(0.0, 0.0)), 0.0)",100.0,Service[],,bus-8357,8357,"Area(0, 0.0, 0.0, 0.0, Dict{String, Any}(""I"" => """", ""ARNAME"" => """", ""PTOL"" => """", ""PDES"" => """", ""ISW"" => """"))"
gen-1450,true,0.0118070658,0.0,0.1033755690629169,PVe,"(min = -0.07, max = 0.102)",0.95,"RenewableGenerationCost(CostCurve{LinearCurve}(LinearCurve(0.0, 0.0), UnitSystem.NATURAL_UNITS = 2, LinearCurve(0.0, 0.0)), CostCurve{LinearCurve}(LinearCurve(0.0, 0.0), UnitSystem.NATURAL_UNITS = 2, LinearCurve(0.0, 0.0)), 0.0)",100.0,Service[],,bus-1038,1038,"Area(0, 0.0, 0.0, 0.0, Dict{String, Any}(""I"" => """", ""ARNAME"" => """", ""PTOL"" => """", ""PDES"" => """", ""ISW"" => """"))"
gen-1786,true,0.0227058958,0.0,0.10699896794410164,PVe,"(min = -0.07, max = 0.102)",0.95,"RenewableGenerationCost(CostCurve{LinearCurve}(LinearCurve(0.0, 0.0), UnitSystem.NATURAL_UNITS = 2, LinearCurve(0.0, 0.0)), CostCurve{LinearCurve}(LinearCurve(0.0, 0.0), UnitSystem.NATURAL_UNITS = 2, LinearCurve(0.0, 0.0)), 0.0)",100.0,Service[],,bus-998,998,"Area(0, 0.0, 0.0, 0.0, Dict{String, Any}(""I"" => """", ""ARNAME"" => """", ""PTOL"" => """", ""PDES"" => """", ""ISW"" => """"))"
gen-2096,true,0.0200001401,0.0,0.02,BA,"(min = 0.0, max = 0.0)",0.95,"RenewableGenerationCost(CostCurve{LinearCurve}(LinearCurve(16.3717118, 401.19412), UnitSystem.NATURAL_UNITS = 2, LinearCurve(0.0, 0.0)), CostCurve{LinearCurve}(LinearCurve(0.0, 0.0), UnitSystem.NATURAL_UNITS = 2, LinearCurve(0.0, 0.0)), 0.0)",100.0,Service[],,bus-1944,1944,"Area(0, 0.0, 0.0, 0.0, Dict{String, Any}(""I"" => """", ""ARNAME"" => """", ""PTOL"" => """", ""PDES"" => """", ""ISW"" => """"))"
gen-750,true,0.0799564891,0.0,0.3014988409941753,WT,"(min = -0.225631579, max = 0.23884210499999997)",0.95,"RenewableGenerationCost(CostCurve{LinearCurve}(LinearCurve(0.0, 0.0), UnitSystem.NATURAL_UNITS = 2, LinearCurve(0.0, 0.0)), CostCurve{LinearCurve}(LinearCurve(0.0, 0.0), UnitSystem.NATURAL_UNITS = 2, LinearCurve(0.0, 0.0)), 0.0)",100.0,Service[],,bus-1928,1928,"Area(0, 0.0, 0.0, 0.0, Dict{String, Any}(""I"" => """", ""ARNAME"" => """", ""PTOL"" => """", ""PDES"" => """", ""ISW"" => """"))"
gen-1614,true,0.0136235375,0.0,0.10382735906685212,PVe,"(min = -0.07, max = 0.102)",0.95,"RenewableGenerationCost(CostCurve{LinearCurve}(LinearCurve(0.0, 0.0), UnitSystem.NATURAL_UNITS = 2, LinearCurve(0.0, 0.0)), CostCurve{LinearCurve}(LinearCurve(0.0, 0.0), UnitSystem.NATURAL_UNITS = 2, LinearCurve(0.0, 0.0)), 0.0)",100.0,Service[],,bus-1508,1508,"Area(0, 0.0, 0.0, 0.0, Dict{String, Any}(""I"" => """", ""ARNAME"" => """", ""PTOL"" => """", ""PDES"" => """", ""ISW"" => """"))"
gen-1579,true,0.18164716599999997,0.0,0.27797457623060623,PVe,"(min = -0.07, max = 0.102)",0.95,"RenewableGenerationCost(CostCurve{LinearCurve}(LinearCurve(0.0, 0.0), UnitSystem.NATURAL_UNITS = 2, LinearCurve(0.0, 0.0)), CostCurve{LinearCurve}(LinearCurve(0.0, 0.0), UnitSystem.NATURAL_UNITS = 2, LinearCurve(0.0, 0.0)), 0.0)",100.0,Service[],,bus-308,308,"Area(0, 0.0, 0.0, 0.0, Dict{String, Any}(""I"" => """", ""ARNAME"" => """", ""PTOL"" => """", ""PDES"" => """", ""ISW"" => """"))"
gen-1274,true,0.0250001761,0.0,0.025,BA,"(min = 0.0, max = 0.0)",0.95,"RenewableGenerationCost(CostCurve{LinearCurve}(LinearCurve(16.3717118, 401.19412), UnitSystem.NATURAL_UNITS = 2, LinearCurve(0.0, 0.0)), CostCurve{LinearCurve}(LinearCurve(0.0, 0.0), UnitSystem.NATURAL_UNITS = 2, LinearCurve(0.0, 0.0)), 0.0)",100.0,Service[],,bus-1879,1879,"Area(0, 0.0, 0.0, 0.0, Dict{String, Any}(""I"" => """", ""ARNAME"" => """", ""PTOL"" => """", ""PDES"" => """", ""ISW"" => """"))"
gen-1509,true,0.18164716599999997,0.0,0.27797457623060623,PVe,"(min = -0.07, max = 0.102)",0.95,"RenewableGenerationCost(CostCurve{LinearCurve}(LinearCurve(0.0, 0.0), UnitSystem.NATURAL_UNITS = 2, LinearCurve(0.0, 0.0)), CostCurve{LinearCurve}(LinearCurve(0.0, 0.0), UnitSystem.NATURAL_UNITS = 2, LinearCurve(0.0, 0.0)), 0.0)",100.0,Service[],,bus-2402,2402,"Area(0, 0.0, 0.0, 0.0, Dict{String, Any}(""I"" => """", ""ARNAME"" => """", ""PTOL"" => """", ""PDES"" => """", ""ISW"" => """"))"
gen-1148,true,0.0045411791600000005,0.0,0.10220465334633308,PVe,"(min = -0.07, max = 0.102)",0.95,"RenewableGenerationCost(CostCurve{LinearCurve}(LinearCurve(0.0, 0.0), UnitSystem.NATURAL_UNITS = 2, LinearCurve(0.0, 0.0)), CostCurve{LinearCurve}(LinearCurve(0.0, 0.0), UnitSystem.NATURAL_UNITS = 2, LinearCurve(0.0, 0.0)), 0.0)",100.0,Service[],,bus-990,990,"Area(0, 0.0, 0.0, 0.0, Dict{String, Any}(""I"" => """", ""ARNAME"" => """", ""PTOL"" => """", ""PDES"" => """", ""ISW"" => """"))"
gen-1624,true,0.009082358320000001,0.0,0.10281616926620278,PVe,"(min = -0.07, max = 0.102)",0.95,"RenewableGenerationCost(CostCurve{LinearCurve}(LinearCurve(0.0, 0.0), UnitSystem.NATURAL_UNITS = 2, LinearCurve(0.0, 0.0)), CostCurve{LinearCurve}(LinearCurve(0.0, 0.0), UnitSystem.NATURAL_UNITS = 2, LinearCurve(0.0, 0.0)), 0.0)",100.0,Service[],,bus-16,16,"Area(0, 0.0, 0.0, 0.0, Dict{String, Any}(""I"" => """", ""ARNAME"" => """", ""PTOL"" => """", ""PDES"" => """", ""ISW"" => """"))"
gen-1170,true,0.6518192039999999,0.0,1.518896162060077,WT,"(min = -0.225631579, max = 0.23884210499999997)",0.95,"RenewableGenerationCost(CostCurve{LinearCurve}(LinearCurve(0.0, 0.0), UnitSystem.NATURAL_UNITS = 2, LinearCurve(0.0, 0.0)), CostCurve{LinearCurve}(LinearCurve(0.0, 0.0), UnitSystem.NATURAL_UNITS = 2, LinearCurve(0.0, 0.0)), 0.0)",100.0,Service[],,bus-288,288,"Area(0, 0.0, 0.0, 0.0, Dict{String, Any}(""I"" => """", ""ARNAME"" => """", ""PTOL"" => """", ""PDES"" => """", ""ISW"" => """"))"
gen-1386,true,0.18346363799999998,0.0,0.2803816482350021,PVe,"(min = -0.07, max = 0.102)",0.95,"RenewableGenerationCost(CostCurve{LinearCurve}(LinearCurve(0.0, 0.0), UnitSystem.NATURAL_UNITS = 2, LinearCurve(0.0, 0.0)), CostCurve{LinearCurve}(LinearCurve(0.0, 0.0), UnitSystem.NATURAL_UNITS = 2, LinearCurve(0.0, 0.0)), 0.0)",100.0,Service[],,bus-2235,2235,"Area(0, 0.0, 0.0, 0.0, Dict{String, Any}(""I"" => """", ""ARNAME"" => """", ""PTOL"" => """", ""PDES"" => """", ""ISW"" => """"))"
gen-1962,true,0.9536476229999999,0.0,1.3613942900757696,PVe,"(min = -0.07, max = 0.102)",0.95,"RenewableGenerationCost(CostCurve{LinearCurve}(LinearCurve(0.0, 0.0), UnitSystem.NATURAL_UNITS = 2, LinearCurve(0.0, 0.0)), CostCurve{LinearCurve}(LinearCurve(0.0, 0.0), UnitSystem.NATURAL_UNITS = 2, LinearCurve(0.0, 0.0)), 0.0)",100.0,Service[],,bus-407,407,"Area(0, 0.0, 0.0, 0.0, Dict{String, Any}(""I"" => """", ""ARNAME"" => """", ""PTOL"" => """", ""PDES"" => """", ""ISW"" => """"))"
gen-1077,true,0.0045411791600000005,0.0,0.10220465334633308,PVe,"(min = -0.07, max = 0.102)",0.95,"RenewableGenerationCost(CostCurve{LinearCurve}(LinearCurve(0.0, 0.0), UnitSystem.NATURAL_UNITS = 2, LinearCurve(0.0, 0.0)), CostCurve{LinearCurve}(LinearCurve(0.0, 0.0), UnitSystem.NATURAL_UNITS = 2, LinearCurve(0.0, 0.0)), 0.0)",100.0,Service[],,bus-2004,2004,"Area(0, 0.0, 0.0, 0.0, Dict{String, Any}(""I"" => """", ""ARNAME"" => """", ""PTOL"" => """", ""PDES"" => """", ""ISW"" => """"))"
gen-1375,true,0.0181647166,0.0,0.10522670122314892,PVe,"(min = -0.07, max = 0.102)",0.95,"RenewableGenerationCost(CostCurve{LinearCurve}(LinearCurve(0.0, 0.0), UnitSystem.NATURAL_UNITS = 2, LinearCurve(0.0, 0.0)), CostCurve{LinearCurve}(LinearCurve(0.0, 0.0), UnitSystem.NATURAL_UNITS = 2, LinearCurve(0.0, 0.0)), 0.0)",100.0,Service[],,bus-7882,7882,"Area(0, 0.0, 0.0, 0.0, Dict{String, Any}(""I"" => """", ""ARNAME"" => """", ""PTOL"" => """", ""PDES"" => """", ""ISW"" => """"))"
gen-1999,true,0.9690876319999999,0.0,1.383313162214634,PVe,"(min = -0.07, max = 0.102)",0.95,"RenewableGenerationCost(CostCurve{LinearCurve}(LinearCurve(0.0, 0.0), UnitSystem.NATURAL_UNITS = 2, LinearCurve(0.0, 0.0)), CostCurve{LinearCurve}(LinearCurve(0.0, 0.0), UnitSystem.NATURAL_UNITS = 2, LinearCurve(0.0, 0.0)), 0.0)",100.0,Service[],,bus-204,204,"Area(0, 0.0, 0.0, 0.0, Dict{String, Any}(""I"" => """", ""ARNAME"" => """", ""PTOL"" => """", ""PDES"" => """", ""ISW"" => """"))"
gen-1126,true,0.0045411791600000005,0.0,0.10220465334633308,PVe,"(min = -0.07, max = 0.102)",0.95,"RenewableGenerationCost(CostCurve{LinearCurve}(LinearCurve(0.0, 0.0), UnitSystem.NATURAL_UNITS = 2, LinearCurve(0.0, 0.0)), CostCurve{LinearCurve}(LinearCurve(0.0, 0.0), UnitSystem.NATURAL_UNITS = 2, LinearCurve(0.0, 0.0)), 0.0)",100.0,Service[],,bus-1037,1037,"Area(0, 0.0, 0.0, 0.0, Dict{String, Any}(""I"" => """", ""ARNAME"" => """", ""PTOL"" => """", ""PDES"" => """", ""ISW"" => """"))"
gen-1378,true,0.031788254099999996,0.0,0.11158748637979829,PVe,"(min = -0.07, max = 0.102)",0.95,"RenewableGenerationCost(CostCurve{LinearCurve}(LinearCurve(0.0, 0.0), UnitSystem.NATURAL_UNITS = 2, LinearCurve(0.0, 0.0)), CostCurve{LinearCurve}(LinearCurve(0.0, 0.0), UnitSystem.NATURAL_UNITS = 2, LinearCurve(0.0, 0.0)), 0.0)",100.0,Service[],,bus-1578,1578,"Area(0, 0.0, 0.0, 0.0, Dict{String, Any}(""I"" => """", ""ARNAME"" => """", ""PTOL"" => """", ""PDES"" => """", ""ISW"" => """"))"
gen-1286,true,0.01089883,0.0,0.10317323836504652,PVe,"(min = -0.07, max = 0.102)",0.95,"RenewableGenerationCost(CostCurve{LinearCurve}(LinearCurve(0.0, 0.0), UnitSystem.NATURAL_UNITS = 2, LinearCurve(0.0, 0.0)), CostCurve{LinearCurve}(LinearCurve(0.0, 0.0), UnitSystem.NATURAL_UNITS = 2, LinearCurve(0.0, 0.0)), 0.0)",100.0,Service[],,bus-565,565,"Area(0, 0.0, 0.0, 0.0, Dict{String, Any}(""I"" => """", ""ARNAME"" => """", ""PTOL"" => """", ""PDES"" => """", ""ISW"" => """"))"
gen-1149,true,0.0045411791600000005,0.0,0.10220465334633308,PVe,"(min = -0.07, max = 0.102)",0.95,"RenewableGenerationCost(CostCurve{LinearCurve}(LinearCurve(0.0, 0.0), UnitSystem.NATURAL_UNITS = 2, LinearCurve(0.0, 0.0)), CostCurve{LinearCurve}(LinearCurve(0.0, 0.0), UnitSystem.NATURAL_UNITS = 2, LinearCurve(0.0, 0.0)), 0.0)",100.0,Service[],,bus-990,990,"Area(0, 0.0, 0.0, 0.0, Dict{String, Any}(""I"" => """", ""ARNAME"" => """", ""PTOL"" => """", ""PDES"" => """", ""ISW"" => """"))"
gen-1487,true,0.0136235375,0.0,0.10382735906685212,PVe,"(min = -0.07, max = 0.102)",0.95,"RenewableGenerationCost(CostCurve{LinearCurve}(LinearCurve(0.0, 0.0), UnitSystem.NATURAL_UNITS = 2, LinearCurve(0.0, 0.0)), CostCurve{LinearCurve}(LinearCurve(0.0, 0.0), UnitSystem.NATURAL_UNITS = 2, LinearCurve(0.0, 0.0)), 0.0)",100.0,Service[],,bus-8302,8302,"Area(0, 0.0, 0.0, 0.0, Dict{String, Any}(""I"" => """", ""ARNAME"" => """", ""PTOL"" => """", ""PDES"" => """", ""ISW"" => """"))"
gen-1154,true,0.0045411791600000005,0.0,0.10220465334633308,PVe,"(min = -0.07, max = 0.102)",0.95,"RenewableGenerationCost(CostCurve{LinearCurve}(LinearCurve(0.0, 0.0), UnitSystem.NATURAL_UNITS = 2, LinearCurve(0.0, 0.0)), CostCurve{LinearCurve}(LinearCurve(0.0, 0.0), UnitSystem.NATURAL_UNITS = 2, LinearCurve(0.0, 0.0)), 0.0)",100.0,Service[],,bus-990,990,"Area(0, 0.0, 0.0, 0.0, Dict{String, Any}(""I"" => """", ""ARNAME"" => """", ""PTOL"" => """", ""PDES"" => """", ""ISW"" => """"))"
gen-1514,true,0.49044734900000003,0.0,0.705589226555726,PVe,"(min = -0.07, max = 0.102)",0.95,"RenewableGenerationCost(CostCurve{LinearCurve}(LinearCurve(0.0, 0.0), UnitSystem.NATURAL_UNITS = 2, LinearCurve(0.0, 0.0)), CostCurve{LinearCurve}(LinearCurve(0.0, 0.0), UnitSystem.NATURAL_UNITS = 2, LinearCurve(0.0, 0.0)), 0.0)",100.0,Service[],,bus-2314,2314,"Area(0, 0.0, 0.0, 0.0, Dict{String, Any}(""I"" => """", ""ARNAME"" => """", ""PTOL"" => """", ""PDES"" => """", ""ISW"" => """"))"
gen-1356,true,0.18164716599999997,0.0,0.27797457623060623,PVe,"(min = -0.07, max = 0.102)",0.95,"RenewableGenerationCost(CostCurve{LinearCurve}(LinearCurve(0.0, 0.0), UnitSystem.NATURAL_UNITS = 2, LinearCurve(0.0, 0.0)), CostCurve{LinearCurve}(LinearCurve(0.0, 0.0), UnitSystem.NATURAL_UNITS = 2, LinearCurve(0.0, 0.0)), 0.0)",100.0,Service[],,bus-131,131,"Area(0, 0.0, 0.0, 0.0, Dict{String, Any}(""I"" => """", ""ARNAME"" => """", ""PTOL"" => """", ""PDES"" => """", ""ISW"" => """"))"
gen-1104,true,0.0045411791600000005,0.0,0.10220465334633308,PVe,"(min = -0.07, max = 0.102)",0.95,"RenewableGenerationCost(CostCurve{LinearCurve}(LinearCurve(0.0, 0.0), UnitSystem.NATURAL_UNITS = 2, LinearCurve(0.0, 0.0)), CostCurve{LinearCurve}(LinearCurve(0.0, 0.0), UnitSystem.NATURAL_UNITS = 2, LinearCurve(0.0, 0.0)), 0.0)",100.0,Service[],,bus-7808,7808,"Area(0, 0.0, 0.0, 0.0, Dict{String, Any}(""I"" => """", ""ARNAME"" => """", ""PTOL"" => """", ""PDES"" => """", ""ISW"" => """"))"
gen-1339,true,0.009082358320000001,0.0,0.10281616926620278,PVe,"(min = -0.07, max = 0.102)",0.95,"RenewableGenerationCost(CostCurve{LinearCurve}(LinearCurve(0.0, 0.0), UnitSystem.NATURAL_UNITS = 2, LinearCurve(0.0, 0.0)), CostCurve{LinearCurve}(LinearCurve(0.0, 0.0), UnitSystem.NATURAL_UNITS = 2, LinearCurve(0.0, 0.0)), 0.0)",100.0,Service[],,bus-1413,1413,"Area(0, 0.0, 0.0, 0.0, Dict{String, Any}(""I"" => """", ""ARNAME"" => """", ""PTOL"" => """", ""PDES"" => """", ""ISW"" => """"))"
gen-1585,true,0.0136235375,0.0,0.10382735906685212,PVe,"(min = -0.07, max = 0.102)",0.95,"RenewableGenerationCost(CostCurve{LinearCurve}(LinearCurve(0.0, 0.0), UnitSystem.NATURAL_UNITS = 2, LinearCurve(0.0, 0.0)), CostCurve{LinearCurve}(LinearCurve(0.0, 0.0), UnitSystem.NATURAL_UNITS = 2, LinearCurve(0.0, 0.0)), 0.0)",100.0,Service[],,bus-8405,8405,"Area(0, 0.0, 0.0, 0.0, Dict{String, Any}(""I"" => """", ""ARNAME"" => """", ""PTOL"" => """", ""PDES"" => """", ""ISW"" => """"))"
gen-1880,true,0.27247075,0.0,0.4010638307287463,PVe,"(min = -0.07, max = 0.102)",0.95,"RenewableGenerationCost(CostCurve{LinearCurve}(LinearCurve(0.0, 0.0), UnitSystem.NATURAL_UNITS = 2, LinearCurve(0.0, 0.0)), CostCurve{LinearCurve}(LinearCurve(0.0, 0.0), UnitSystem.NATURAL_UNITS = 2, LinearCurve(0.0, 0.0)), 0.0)",100.0,Service[],,bus-1712,1712,"Area(0, 0.0, 0.0, 0.0, Dict{String, Any}(""I"" => """", ""ARNAME"" => """", ""PTOL"" => """", ""PDES"" => """", ""ISW"" => """"))"
gen-2098,true,0.0490003505,0.0,0.049,BA,"(min = 0.0, max = 0.0)",0.95,"RenewableGenerationCost(CostCurve{LinearCurve}(LinearCurve(16.3717118, 401.19412), UnitSystem.NATURAL_UNITS = 2, LinearCurve(0.0, 0.0)), CostCurve{LinearCurve}(LinearCurve(0.0, 0.0), UnitSystem.NATURAL_UNITS = 2, LinearCurve(0.0, 0.0)), 0.0)",100.0,Service[],,bus-713,713,"Area(0, 0.0, 0.0, 0.0, Dict{String, Any}(""I"" => """", ""ARNAME"" => """", ""PTOL"" => """", ""PDES"" => """", ""ISW"" => """"))"
gen-1405,true,0.0227058958,0.0,0.10699896794410164,PVe,"(min = -0.07, max = 0.102)",0.95,"RenewableGenerationCost(CostCurve{LinearCurve}(LinearCurve(0.0, 0.0), UnitSystem.NATURAL_UNITS = 2, LinearCurve(0.0, 0.0)), CostCurve{LinearCurve}(LinearCurve(0.0, 0.0), UnitSystem.NATURAL_UNITS = 2, LinearCurve(0.0, 0.0)), 0.0)",100.0,Service[],,bus-377,377,"Area(0, 0.0, 0.0, 0.0, Dict{String, Any}(""I"" => """", ""ARNAME"" => """", ""PTOL"" => """", ""PDES"" => """", ""ISW"" => """"))"
gen-1201,true,0.0045411791600000005,0.0,0.10220465334633308,PVe,"(min = -0.07, max = 0.102)",0.95,"RenewableGenerationCost(CostCurve{LinearCurve}(LinearCurve(0.0, 0.0), UnitSystem.NATURAL_UNITS = 2, LinearCurve(0.0, 0.0)), CostCurve{LinearCurve}(LinearCurve(0.0, 0.0), UnitSystem.NATURAL_UNITS = 2, LinearCurve(0.0, 0.0)), 0.0)",100.0,Service[],,bus-1435,1435,"Area(0, 0.0, 0.0, 0.0, Dict{String, Any}(""I"" => """", ""ARNAME"" => """", ""PTOL"" => """", ""PDES"" => """", ""ISW"" => """"))"
gen-1113,true,0.0045411791600000005,0.0,0.10220465334633308,PVe,"(min = -0.07, max = 0.102)",0.95,"RenewableGenerationCost(CostCurve{LinearCurve}(LinearCurve(0.0, 0.0), UnitSystem.NATURAL_UNITS = 2, LinearCurve(0.0, 0.0)), CostCurve{LinearCurve}(LinearCurve(0.0, 0.0), UnitSystem.NATURAL_UNITS = 2, LinearCurve(0.0, 0.0)), 0.0)",100.0,Service[],,bus-8315,8315,"Area(0, 0.0, 0.0, 0.0, Dict{String, Any}(""I"" => """", ""ARNAME"" => """", ""PTOL"" => """", ""PDES"" => """", ""ISW"" => """"))"
gen-1597,true,0.126244781,0.0,0.20664434303101276,PVe,"(min = -0.07, max = 0.102)",0.95,"RenewableGenerationCost(CostCurve{LinearCurve}(LinearCurve(0.0, 0.0), UnitSystem.NATURAL_UNITS = 2, LinearCurve(0.0, 0.0)), CostCurve{LinearCurve}(LinearCurve(0.0, 0.0), UnitSystem.NATURAL_UNITS = 2, LinearCurve(0.0, 0.0)), 0.0)",100.0,Service[],,bus-2235,2235,"Area(0, 0.0, 0.0, 0.0, Dict{String, Any}(""I"" => """", ""ARNAME"" => """", ""PTOL"" => """", ""PDES"" => """", ""ISW"" => """"))"
gen-1459,true,0.0227058958,0.0,0.10699896794410164,PVe,"(min = -0.07, max = 0.102)",0.95,"RenewableGenerationCost(CostCurve{LinearCurve}(LinearCurve(0.0, 0.0), UnitSystem.NATURAL_UNITS = 2, LinearCurve(0.0, 0.0)), CostCurve{LinearCurve}(LinearCurve(0.0, 0.0), UnitSystem.NATURAL_UNITS = 2, LinearCurve(0.0, 0.0)), 0.0)",100.0,Service[],,bus-1776,1776,"Area(0, 0.0, 0.0, 0.0, Dict{String, Any}(""I"" => """", ""ARNAME"" => """", ""PTOL"" => """", ""PDES"" => """", ""ISW"" => """"))"
gen-1290,true,0.9273087839999999,0.0,1.3240079264655518,PVe,"(min = -0.07, max = 0.102)",0.95,"RenewableGenerationCost(CostCurve{LinearCurve}(LinearCurve(0.0, 0.0), UnitSystem.NATURAL_UNITS = 2, LinearCurve(0.0, 0.0)), CostCurve{LinearCurve}(LinearCurve(0.0, 0.0), UnitSystem.NATURAL_UNITS = 2, LinearCurve(0.0, 0.0)), 0.0)",100.0,Service[],,bus-1176,1176,"Area(0, 0.0, 0.0, 0.0, Dict{String, Any}(""I"" => """", ""ARNAME"" => """", ""PTOL"" => """", ""PDES"" => """", ""ISW"" => """"))"
gen-1961,true,0.09718123399999999,0.0,0.17187984805839188,PVe,"(min = -0.07, max = 0.102)",0.95,"RenewableGenerationCost(CostCurve{LinearCurve}(LinearCurve(0.0, 0.0), UnitSystem.NATURAL_UNITS = 2, LinearCurve(0.0, 0.0)), CostCurve{LinearCurve}(LinearCurve(0.0, 0.0), UnitSystem.NATURAL_UNITS = 2, LinearCurve(0.0, 0.0)), 0.0)",100.0,Service[],,bus-2068,2068,"Area(0, 0.0, 0.0, 0.0, Dict{String, Any}(""I"" => """", ""ARNAME"" => """", ""PTOL"" => """", ""PDES"" => """", ""ISW"" => """"))"
gen-1342,true,0.730037509,0.0,1.6968929109171358,WT,"(min = -0.225631579, max = 0.23884210499999997)",0.95,"RenewableGenerationCost(CostCurve{LinearCurve}(LinearCurve(0.0, 0.0), UnitSystem.NATURAL_UNITS = 2, LinearCurve(0.0, 0.0)), CostCurve{LinearCurve}(LinearCurve(0.0, 0.0), UnitSystem.NATURAL_UNITS = 2, LinearCurve(0.0, 0.0)), 0.0)",100.0,Service[],,bus-295,295,"Area(0, 0.0, 0.0, 0.0, Dict{String, Any}(""I"" => """", ""ARNAME"" => """", ""PTOL"" => """", ""PDES"" => """", ""ISW"" => """"))"
gen-417,true,0.05736009,0.0,0.27289109754777824,WT,"(min = -0.225631579, max = 0.23884210499999997)",0.95,"RenewableGenerationCost(CostCurve{LinearCurve}(LinearCurve(0.0, 0.0), UnitSystem.NATURAL_UNITS = 2, LinearCurve(0.0, 0.0)), CostCurve{LinearCurve}(LinearCurve(0.0, 0.0), UnitSystem.NATURAL_UNITS = 2, LinearCurve(0.0, 0.0)), 0.0)",100.0,Service[],,bus-1783,1783,"Area(0, 0.0, 0.0, 0.0, Dict{String, Any}(""I"" => """", ""ARNAME"" => """", ""PTOL"" => """", ""PDES"" => """", ""ISW"" => """"))"
gen-1881,true,0.0908235832,0.0,0.16468292643029597,PVe,"(min = -0.07, max = 0.102)",0.95,"RenewableGenerationCost(CostCurve{LinearCurve}(LinearCurve(0.0, 0.0), UnitSystem.NATURAL_UNITS = 2, LinearCurve(0.0, 0.0)), CostCurve{LinearCurve}(LinearCurve(0.0, 0.0), UnitSystem.NATURAL_UNITS = 2, LinearCurve(0.0, 0.0)), 0.0)",100.0,Service[],,bus-235,235,"Area(0, 0.0, 0.0, 0.0, Dict{String, Any}(""I"" => """", ""ARNAME"" => """", ""PTOL"" => """", ""PDES"" => """", ""ISW"" => """"))"
gen-1464,true,0.009082358320000001,0.0,0.10281616926620278,PVe,"(min = -0.07, max = 0.102)",0.95,"RenewableGenerationCost(CostCurve{LinearCurve}(LinearCurve(0.0, 0.0), UnitSystem.NATURAL_UNITS = 2, LinearCurve(0.0, 0.0)), CostCurve{LinearCurve}(LinearCurve(0.0, 0.0), UnitSystem.NATURAL_UNITS = 2, LinearCurve(0.0, 0.0)), 0.0)",100.0,Service[],,bus-806,806,"Area(0, 0.0, 0.0, 0.0, Dict{String, Any}(""I"" => """", ""ARNAME"" => """", ""PTOL"" => """", ""PDES"" => """", ""ISW"" => """"))"
gen-970,true,0.0104291073,0.0,0.24004489396950524,WT,"(min = -0.225631579, max = 0.23884210499999997)",0.95,"RenewableGenerationCost(CostCurve{LinearCurve}(LinearCurve(0.0, 0.0), UnitSystem.NATURAL_UNITS = 2, LinearCurve(0.0, 0.0)), CostCurve{LinearCurve}(LinearCurve(0.0, 0.0), UnitSystem.NATURAL_UNITS = 2, LinearCurve(0.0, 0.0)), 0.0)",100.0,Service[],,bus-8593,8593,"Area(0, 0.0, 0.0, 0.0, Dict{String, Any}(""I"" => """", ""ARNAME"" => """", ""PTOL"" => """", ""PDES"" => """", ""ISW"" => """"))"
gen-2079,true,0.031788254099999996,0.0,0.11158748637979829,PVe,"(min = -0.07, max = 0.102)",0.95,"RenewableGenerationCost(CostCurve{LinearCurve}(LinearCurve(0.0, 0.0), UnitSystem.NATURAL_UNITS = 2, LinearCurve(0.0, 0.0)), CostCurve{LinearCurve}(LinearCurve(0.0, 0.0), UnitSystem.NATURAL_UNITS = 2, LinearCurve(0.0, 0.0)), 0.0)",100.0,Service[],,bus-8009,8009,"Area(0, 0.0, 0.0, 0.0, Dict{String, Any}(""I"" => """", ""ARNAME"" => """", ""PTOL"" => """", ""PDES"" => """", ""ISW"" => """"))"
gen-1813,true,0.118070658,0.0,0.19660831088280645,PVe,"(min = -0.07, max = 0.102)",0.95,"RenewableGenerationCost(CostCurve{LinearCurve}(LinearCurve(0.0, 0.0), UnitSystem.NATURAL_UNITS = 2, LinearCurve(0.0, 0.0)), CostCurve{LinearCurve}(LinearCurve(0.0, 0.0), UnitSystem.NATURAL_UNITS = 2, LinearCurve(0.0, 0.0)), 0.0)",100.0,Service[],,bus-7649,7649,"Area(0, 0.0, 0.0, 0.0, Dict{String, Any}(""I"" => """", ""ARNAME"" => """", ""PTOL"" => """", ""PDES"" => """", ""ISW"" => """"))"
gen-1688,true,0.1089883,0.0,0.18567636218181052,PVe,"(min = -0.07, max = 0.102)",0.95,"RenewableGenerationCost(CostCurve{LinearCurve}(LinearCurve(0.0, 0.0), UnitSystem.NATURAL_UNITS = 2, LinearCurve(0.0, 0.0)), CostCurve{LinearCurve}(LinearCurve(0.0, 0.0), UnitSystem.NATURAL_UNITS = 2, LinearCurve(0.0, 0.0)), 0.0)",100.0,Service[],,bus-2402,2402,"Area(0, 0.0, 0.0, 0.0, Dict{String, Any}(""I"" => """", ""ARNAME"" => """", ""PTOL"" => """", ""PDES"" => """", ""ISW"" => """"))"
gen-495,true,0.310616654,0.0,0.47231184175837176,PVe,"(min = -0.114, max = 0.166)",0.95,"RenewableGenerationCost(CostCurve{LinearCurve}(LinearCurve(0.0, 0.0), UnitSystem.NATURAL_UNITS = 2, LinearCurve(0.0, 0.0)), CostCurve{LinearCurve}(LinearCurve(0.0, 0.0), UnitSystem.NATURAL_UNITS = 2, LinearCurve(0.0, 0.0)), 0.0)",100.0,Service[],,bus-1825,1825,"Area(0, 0.0, 0.0, 0.0, Dict{String, Any}(""I"" => """", ""ARNAME"" => """", ""PTOL"" => """", ""PDES"" => """", ""ISW"" => """"))"
gen-1629,true,0.009082358320000001,0.0,0.10281616926620278,PVe,"(min = -0.07, max = 0.102)",0.95,"RenewableGenerationCost(CostCurve{LinearCurve}(LinearCurve(0.0, 0.0), UnitSystem.NATURAL_UNITS = 2, LinearCurve(0.0, 0.0)), CostCurve{LinearCurve}(LinearCurve(0.0, 0.0), UnitSystem.NATURAL_UNITS = 2, LinearCurve(0.0, 0.0)), 0.0)",100.0,Service[],,bus-543,543,"Area(0, 0.0, 0.0, 0.0, Dict{String, Any}(""I"" => """", ""ARNAME"" => """", ""PTOL"" => """", ""PDES"" => """", ""ISW"" => """"))"
gen-1657,true,0.0136235375,0.0,0.10382735906685212,PVe,"(min = -0.07, max = 0.102)",0.95,"RenewableGenerationCost(CostCurve{LinearCurve}(LinearCurve(0.0, 0.0), UnitSystem.NATURAL_UNITS = 2, LinearCurve(0.0, 0.0)), CostCurve{LinearCurve}(LinearCurve(0.0, 0.0), UnitSystem.NATURAL_UNITS = 2, LinearCurve(0.0, 0.0)), 0.0)",100.0,Service[],,bus-1952,1952,"Area(0, 0.0, 0.0, 0.0, Dict{String, Any}(""I"" => """", ""ARNAME"" => """", ""PTOL"" => """", ""PDES"" => """", ""ISW"" => """"))"
gen-638,true,0.0751764816,0.0,0.1779079818333062,WT,"(min = -0.0415, max = 0.0415)",0.95,"RenewableGenerationCost(CostCurve{LinearCurve}(LinearCurve(0.0, 0.0), UnitSystem.NATURAL_UNITS = 2, LinearCurve(0.0, 0.0)), CostCurve{LinearCurve}(LinearCurve(0.0, 0.0), UnitSystem.NATURAL_UNITS = 2, LinearCurve(0.0, 0.0)), 0.0)",100.0,Service[],,bus-2203,2203,"Area(0, 0.0, 0.0, 0.0, Dict{String, Any}(""I"" => """", ""ARNAME"" => """", ""PTOL"" => """", ""PDES"" => """", ""ISW"" => """"))"
gen-1609,true,0.0154400091,0.0,0.10434129516028236,PVe,"(min = -0.07, max = 0.102)",0.95,"RenewableGenerationCost(CostCurve{LinearCurve}(LinearCurve(0.0, 0.0), UnitSystem.NATURAL_UNITS = 2, LinearCurve(0.0, 0.0)), CostCurve{LinearCurve}(LinearCurve(0.0, 0.0), UnitSystem.NATURAL_UNITS = 2, LinearCurve(0.0, 0.0)), 0.0)",100.0,Service[],,bus-43,43,"Area(0, 0.0, 0.0, 0.0, Dict{String, Any}(""I"" => """", ""ARNAME"" => """", ""PTOL"" => """", ""PDES"" => """", ""ISW"" => """"))"
gen-1618,true,0.16348244999999997,0.0,0.25409712824367686,PVe,"(min = -0.07, max = 0.102)",0.95,"RenewableGenerationCost(CostCurve{LinearCurve}(LinearCurve(0.0, 0.0), UnitSystem.NATURAL_UNITS = 2, LinearCurve(0.0, 0.0)), CostCurve{LinearCurve}(LinearCurve(0.0, 0.0), UnitSystem.NATURAL_UNITS = 2, LinearCurve(0.0, 0.0)), 0.0)",100.0,Service[],,bus-8269,8269,"Area(0, 0.0, 0.0, 0.0, Dict{String, Any}(""I"" => """", ""ARNAME"" => """", ""PTOL"" => """", ""PDES"" => """", ""ISW"" => """"))"
gen-2014,true,0.0127153016,0.0,0.10359364237296581,PVe,"(min = -0.07, max = 0.102)",0.95,"RenewableGenerationCost(CostCurve{LinearCurve}(LinearCurve(0.0, 0.0), UnitSystem.NATURAL_UNITS = 2, LinearCurve(0.0, 0.0)), CostCurve{LinearCurve}(LinearCurve(0.0, 0.0), UnitSystem.NATURAL_UNITS = 2, LinearCurve(0.0, 0.0)), 0.0)",100.0,Service[],,bus-1247,1247,"Area(0, 0.0, 0.0, 0.0, Dict{String, Any}(""I"" => """", ""ARNAME"" => """", ""PTOL"" => """", ""PDES"" => """", ""ISW"" => """"))"
gen-1602,true,0.22887543000000002,0.0,0.3414092075644318,PVe,"(min = -0.07, max = 0.102)",0.95,"RenewableGenerationCost(CostCurve{LinearCurve}(LinearCurve(0.0, 0.0), UnitSystem.NATURAL_UNITS = 2, LinearCurve(0.0, 0.0)), CostCurve{LinearCurve}(LinearCurve(0.0, 0.0), UnitSystem.NATURAL_UNITS = 2, LinearCurve(0.0, 0.0)), 0.0)",100.0,Service[],,bus-2235,2235,"Area(0, 0.0, 0.0, 0.0, Dict{String, Any}(""I"" => """", ""ARNAME"" => """", ""PTOL"" => """", ""PDES"" => """", ""ISW"" => """"))"
gen-1199,true,0.635765082,0.0,0.9107748605581225,PVe,"(min = -0.07, max = 0.102)",0.95,"RenewableGenerationCost(CostCurve{LinearCurve}(LinearCurve(0.0, 0.0), UnitSystem.NATURAL_UNITS = 2, LinearCurve(0.0, 0.0)), CostCurve{LinearCurve}(LinearCurve(0.0, 0.0), UnitSystem.NATURAL_UNITS = 2, LinearCurve(0.0, 0.0)), 0.0)",100.0,Service[],,bus-1176,1176,"Area(0, 0.0, 0.0, 0.0, Dict{String, Any}(""I"" => """", ""ARNAME"" => """", ""PTOL"" => """", ""PDES"" => """", ""ISW"" => """"))"
gen-1132,true,0.0045411791600000005,0.0,0.10220465334633308,PVe,"(min = -0.07, max = 0.102)",0.95,"RenewableGenerationCost(CostCurve{LinearCurve}(LinearCurve(0.0, 0.0), UnitSystem.NATURAL_UNITS = 2, LinearCurve(0.0, 0.0)), CostCurve{LinearCurve}(LinearCurve(0.0, 0.0), UnitSystem.NATURAL_UNITS = 2, LinearCurve(0.0, 0.0)), 0.0)",100.0,Service[],,bus-1037,1037,"Area(0, 0.0, 0.0, 0.0, Dict{String, Any}(""I"" => """", ""ARNAME"" => """", ""PTOL"" => """", ""PDES"" => """", ""ISW"" => """"))"
gen-1152,true,0.0045411791600000005,0.0,0.10220465334633308,PVe,"(min = -0.07, max = 0.102)",0.95,"RenewableGenerationCost(CostCurve{LinearCurve}(LinearCurve(0.0, 0.0), UnitSystem.NATURAL_UNITS = 2, LinearCurve(0.0, 0.0)), CostCurve{LinearCurve}(LinearCurve(0.0, 0.0), UnitSystem.NATURAL_UNITS = 2, LinearCurve(0.0, 0.0)), 0.0)",100.0,Service[],,bus-990,990,"Area(0, 0.0, 0.0, 0.0, Dict{String, Any}(""I"" => """", ""ARNAME"" => """", ""PTOL"" => """", ""PDES"" => """", ""ISW"" => """"))"
gen-570,true,0.0027247075,0.0,0.10207372247367037,PVe,"(min = -0.07, max = 0.102)",0.95,"RenewableGenerationCost(CostCurve{LinearCurve}(LinearCurve(0.0, 0.0), UnitSystem.NATURAL_UNITS = 2, LinearCurve(0.0, 0.0)), CostCurve{LinearCurve}(LinearCurve(0.0, 0.0), UnitSystem.NATURAL_UNITS = 2, LinearCurve(0.0, 0.0)), 0.0)",100.0,Service[],,bus-1118,1118,"Area(0, 0.0, 0.0, 0.0, Dict{String, Any}(""I"" => """", ""ARNAME"" => """", ""PTOL"" => """", ""PDES"" => """", ""ISW"" => """"))"
gen-1535,true,0.310616654,0.0,0.4537912249759632,PVe,"(min = -0.07, max = 0.102)",0.95,"RenewableGenerationCost(CostCurve{LinearCurve}(LinearCurve(0.0, 0.0), UnitSystem.NATURAL_UNITS = 2, LinearCurve(0.0, 0.0)), CostCurve{LinearCurve}(LinearCurve(0.0, 0.0), UnitSystem.NATURAL_UNITS = 2, LinearCurve(0.0, 0.0)), 0.0)",100.0,Service[],,bus-7889,7889,"Area(0, 0.0, 0.0, 0.0, Dict{String, Any}(""I"" => """", ""ARNAME"" => """", ""PTOL"" => """", ""PDES"" => """", ""ISW"" => """"))"
gen-1279,true,0.34416054,0.0,0.8272300472787669,WT,"(min = -0.225631579, max = 0.23884210499999997)",0.95,"RenewableGenerationCost(CostCurve{LinearCurve}(LinearCurve(0.0, 0.0), UnitSystem.NATURAL_UNITS = 2, LinearCurve(0.0, 0.0)), CostCurve{LinearCurve}(LinearCurve(0.0, 0.0), UnitSystem.NATURAL_UNITS = 2, LinearCurve(0.0, 0.0)), 0.0)",100.0,Service[],,bus-295,295,"Area(0, 0.0, 0.0, 0.0, Dict{String, Any}(""I"" => """", ""ARNAME"" => """", ""PTOL"" => """", ""PDES"" => """", ""ISW"" => """"))"
gen-1445,true,0.0027247075,0.0,0.10207372247367037,PVe,"(min = -0.07, max = 0.102)",0.95,"RenewableGenerationCost(CostCurve{LinearCurve}(LinearCurve(0.0, 0.0), UnitSystem.NATURAL_UNITS = 2, LinearCurve(0.0, 0.0)), CostCurve{LinearCurve}(LinearCurve(0.0, 0.0), UnitSystem.NATURAL_UNITS = 2, LinearCurve(0.0, 0.0)), 0.0)",100.0,Service[],,bus-2030,2030,"Area(0, 0.0, 0.0, 0.0, Dict{String, Any}(""I"" => """", ""ARNAME"" => """", ""PTOL"" => """", ""PDES"" => """", ""ISW"" => """"))"
gen-1718,true,0.0136235375,0.0,0.10382735906685212,PVe,"(min = -0.07, max = 0.102)",0.95,"RenewableGenerationCost(CostCurve{LinearCurve}(LinearCurve(0.0, 0.0), UnitSystem.NATURAL_UNITS = 2, LinearCurve(0.0, 0.0)), CostCurve{LinearCurve}(LinearCurve(0.0, 0.0), UnitSystem.NATURAL_UNITS = 2, LinearCurve(0.0, 0.0)), 0.0)",100.0,Service[],,bus-7914,7914,"Area(0, 0.0, 0.0, 0.0, Dict{String, Any}(""I"" => """", ""ARNAME"" => """", ""PTOL"" => """", ""PDES"" => """", ""ISW"" => """"))"
gen-532,true,0.0508418979,0.0,0.26595967950204596,WT,"(min = -0.225631579, max = 0.23884210499999997)",0.95,"RenewableGenerationCost(CostCurve{LinearCurve}(LinearCurve(0.0, 0.0), UnitSystem.NATURAL_UNITS = 2, LinearCurve(0.0, 0.0)), CostCurve{LinearCurve}(LinearCurve(0.0, 0.0), UnitSystem.NATURAL_UNITS = 2, LinearCurve(0.0, 0.0)), 0.0)",100.0,Service[],,bus-1855,1855,"Area(0, 0.0, 0.0, 0.0, Dict{String, Any}(""I"" => """", ""ARNAME"" => """", ""PTOL"" => """", ""PDES"" => """", ""ISW"" => """"))"
gen-1352,true,0.01089883,0.0,0.10317323836504652,PVe,"(min = -0.07, max = 0.102)",0.95,"RenewableGenerationCost(CostCurve{LinearCurve}(LinearCurve(0.0, 0.0), UnitSystem.NATURAL_UNITS = 2, LinearCurve(0.0, 0.0)), CostCurve{LinearCurve}(LinearCurve(0.0, 0.0), UnitSystem.NATURAL_UNITS = 2, LinearCurve(0.0, 0.0)), 0.0)",100.0,Service[],,bus-1879,1879,"Area(0, 0.0, 0.0, 0.0, Dict{String, Any}(""I"" => """", ""ARNAME"" => """", ""PTOL"" => """", ""PDES"" => """", ""ISW"" => """"))"
gen-1211,true,0.236141316,0.0,0.3512937682805675,PVe,"(min = -0.07, max = 0.102)",0.95,"RenewableGenerationCost(CostCurve{LinearCurve}(LinearCurve(0.0, 0.0), UnitSystem.NATURAL_UNITS = 2, LinearCurve(0.0, 0.0)), CostCurve{LinearCurve}(LinearCurve(0.0, 0.0), UnitSystem.NATURAL_UNITS = 2, LinearCurve(0.0, 0.0)), 0.0)",100.0,Service[],,bus-1051,1051,"Area(0, 0.0, 0.0, 0.0, Dict{String, Any}(""I"" => """", ""ARNAME"" => """", ""PTOL"" => """", ""PDES"" => """", ""ISW"" => """"))"
gen-1362,true,0.0045411791600000005,0.0,0.10220465334633308,PVe,"(min = -0.07, max = 0.102)",0.95,"RenewableGenerationCost(CostCurve{LinearCurve}(LinearCurve(0.0, 0.0), UnitSystem.NATURAL_UNITS = 2, LinearCurve(0.0, 0.0)), CostCurve{LinearCurve}(LinearCurve(0.0, 0.0), UnitSystem.NATURAL_UNITS = 2, LinearCurve(0.0, 0.0)), 0.0)",100.0,Service[],,bus-8315,8315,"Area(0, 0.0, 0.0, 0.0, Dict{String, Any}(""I"" => """", ""ARNAME"" => """", ""PTOL"" => """", ""PDES"" => """", ""ISW"" => """"))"
gen-1160,true,0.0045411791600000005,0.0,0.10220465334633308,PVe,"(min = -0.07, max = 0.102)",0.95,"RenewableGenerationCost(CostCurve{LinearCurve}(LinearCurve(0.0, 0.0), UnitSystem.NATURAL_UNITS = 2, LinearCurve(0.0, 0.0)), CostCurve{LinearCurve}(LinearCurve(0.0, 0.0), UnitSystem.NATURAL_UNITS = 2, LinearCurve(0.0, 0.0)), 0.0)",100.0,Service[],,bus-1000,1000,"Area(0, 0.0, 0.0, 0.0, Dict{String, Any}(""I"" => """", ""ARNAME"" => """", ""PTOL"" => """", ""PDES"" => """", ""ISW"" => """"))"
gen-1584,true,0.0136235375,0.0,0.10382735906685212,PVe,"(min = -0.07, max = 0.102)",0.95,"RenewableGenerationCost(CostCurve{LinearCurve}(LinearCurve(0.0, 0.0), UnitSystem.NATURAL_UNITS = 2, LinearCurve(0.0, 0.0)), CostCurve{LinearCurve}(LinearCurve(0.0, 0.0), UnitSystem.NATURAL_UNITS = 2, LinearCurve(0.0, 0.0)), 0.0)",100.0,Service[],,bus-8673,8673,"Area(0, 0.0, 0.0, 0.0, Dict{String, Any}(""I"" => """", ""ARNAME"" => """", ""PTOL"" => """", ""PDES"" => """", ""ISW"" => """"))"
gen-1926,true,0.6793604019999999,0.0,0.9724695237539495,PVe,"(min = -0.07, max = 0.102)",0.95,"RenewableGenerationCost(CostCurve{LinearCurve}(LinearCurve(0.0, 0.0), UnitSystem.NATURAL_UNITS = 2, LinearCurve(0.0, 0.0)), CostCurve{LinearCurve}(LinearCurve(0.0, 0.0), UnitSystem.NATURAL_UNITS = 2, LinearCurve(0.0, 0.0)), 0.0)",100.0,Service[],,bus-775,775,"Area(0, 0.0, 0.0, 0.0, Dict{String, Any}(""I"" => """", ""ARNAME"" => """", ""PTOL"" => """", ""PDES"" => """", ""ISW"" => """"))"
gen-1091,true,0.0045411791600000005,0.0,0.10220465334633308,PVe,"(min = -0.07, max = 0.102)",0.95,"RenewableGenerationCost(CostCurve{LinearCurve}(LinearCurve(0.0, 0.0), UnitSystem.NATURAL_UNITS = 2, LinearCurve(0.0, 0.0)), CostCurve{LinearCurve}(LinearCurve(0.0, 0.0), UnitSystem.NATURAL_UNITS = 2, LinearCurve(0.0, 0.0)), 0.0)",100.0,Service[],,bus-8315,8315,"Area(0, 0.0, 0.0, 0.0, Dict{String, Any}(""I"" => """", ""ARNAME"" => """", ""PTOL"" => """", ""PDES"" => """", ""ISW"" => """"))"
gen-1783,true,0.0181647166,0.0,0.10522670122314892,PVe,"(min = -0.07, max = 0.102)",0.95,"RenewableGenerationCost(CostCurve{LinearCurve}(LinearCurve(0.0, 0.0), UnitSystem.NATURAL_UNITS = 2, LinearCurve(0.0, 0.0)), CostCurve{LinearCurve}(LinearCurve(0.0, 0.0), UnitSystem.NATURAL_UNITS = 2, LinearCurve(0.0, 0.0)), 0.0)",100.0,Service[],,bus-1487,1487,"Area(0, 0.0, 0.0, 0.0, Dict{String, Any}(""I"" => """", ""ARNAME"" => """", ""PTOL"" => """", ""PDES"" => """", ""ISW"" => """"))"
gen-1867,true,0.0181647166,0.0,0.10522670122314892,PVe,"(min = -0.07, max = 0.102)",0.95,"RenewableGenerationCost(CostCurve{LinearCurve}(LinearCurve(0.0, 0.0), UnitSystem.NATURAL_UNITS = 2, LinearCurve(0.0, 0.0)), CostCurve{LinearCurve}(LinearCurve(0.0, 0.0), UnitSystem.NATURAL_UNITS = 2, LinearCurve(0.0, 0.0)), 0.0)",100.0,Service[],,bus-1998,1998,"Area(0, 0.0, 0.0, 0.0, Dict{String, Any}(""I"" => """", ""ARNAME"" => """", ""PTOL"" => """", ""PDES"" => """", ""ISW"" => """"))"
gen-1995,true,0.0100000674,0.0,0.01,BA,"(min = 0.0, max = 0.0)",0.95,"RenewableGenerationCost(CostCurve{LinearCurve}(LinearCurve(16.3717118, 401.19412), UnitSystem.NATURAL_UNITS = 2, LinearCurve(0.0, 0.0)), CostCurve{LinearCurve}(LinearCurve(0.0, 0.0), UnitSystem.NATURAL_UNITS = 2, LinearCurve(0.0, 0.0)), 0.0)",100.0,Service[],,bus-8073,8073,"Area(0, 0.0, 0.0, 0.0, Dict{String, Any}(""I"" => """", ""ARNAME"" => """", ""PTOL"" => """", ""PDES"" => """", ""ISW"" => """"))"
gen-1940,true,0.0172564808,0.0,0.10491646407435903,PVe,"(min = -0.07, max = 0.102)",0.95,"RenewableGenerationCost(CostCurve{LinearCurve}(LinearCurve(0.0, 0.0), UnitSystem.NATURAL_UNITS = 2, LinearCurve(0.0, 0.0)), CostCurve{LinearCurve}(LinearCurve(0.0, 0.0), UnitSystem.NATURAL_UNITS = 2, LinearCurve(0.0, 0.0)), 0.0)",100.0,Service[],,bus-2030,2030,"Area(0, 0.0, 0.0, 0.0, Dict{String, Any}(""I"" => """", ""ARNAME"" => """", ""PTOL"" => """", ""PDES"" => """", ""ISW"" => """"))"
gen-419,true,0.273764066,0.0,0.677422320270007,WT,"(min = -0.249, max = 0.249)",0.95,"RenewableGenerationCost(CostCurve{LinearCurve}(LinearCurve(0.0, 0.0), UnitSystem.NATURAL_UNITS = 2, LinearCurve(0.0, 0.0)), CostCurve{LinearCurve}(LinearCurve(0.0, 0.0), UnitSystem.NATURAL_UNITS = 2, LinearCurve(0.0, 0.0)), 0.0)",100.0,Service[],,bus-1783,1783,"Area(0, 0.0, 0.0, 0.0, Dict{String, Any}(""I"" => """", ""ARNAME"" => """", ""PTOL"" => """", ""PDES"" => """", ""ISW"" => """"))"
gen-1927,true,0.0345129616,0.0,0.1132159782258621,PVe,"(min = -0.07, max = 0.102)",0.95,"RenewableGenerationCost(CostCurve{LinearCurve}(LinearCurve(0.0, 0.0), UnitSystem.NATURAL_UNITS = 2, LinearCurve(0.0, 0.0)), CostCurve{LinearCurve}(LinearCurve(0.0, 0.0), UnitSystem.NATURAL_UNITS = 2, LinearCurve(0.0, 0.0)), 0.0)",100.0,Service[],,bus-2118,2118,"Area(0, 0.0, 0.0, 0.0, Dict{String, Any}(""I"" => """", ""ARNAME"" => """", ""PTOL"" => """", ""PDES"" => """", ""ISW"" => """"))"
gen-1795,true,0.0800005751,0.0,0.08,BA,"(min = 0.0, max = 0.0)",0.95,"RenewableGenerationCost(CostCurve{LinearCurve}(LinearCurve(16.3717118, 401.19412), UnitSystem.NATURAL_UNITS = 2, LinearCurve(0.0, 0.0)), CostCurve{LinearCurve}(LinearCurve(0.0, 0.0), UnitSystem.NATURAL_UNITS = 2, LinearCurve(0.0, 0.0)), 0.0)",100.0,Service[],,bus-302,302,"Area(0, 0.0, 0.0, 0.0, Dict{String, Any}(""I"" => """", ""ARNAME"" => """", ""PTOL"" => """", ""PDES"" => """", ""ISW"" => """"))"
gen-1985,true,0.0408706124,0.0,0.11742693224798717,PVe,"(min = -0.07, max = 0.102)",0.95,"RenewableGenerationCost(CostCurve{LinearCurve}(LinearCurve(0.0, 0.0), UnitSystem.NATURAL_UNITS = 2, LinearCurve(0.0, 0.0)), CostCurve{LinearCurve}(LinearCurve(0.0, 0.0), UnitSystem.NATURAL_UNITS = 2, LinearCurve(0.0, 0.0)), 0.0)",100.0,Service[],,bus-1180,1180,"Area(0, 0.0, 0.0, 0.0, Dict{String, Any}(""I"" => """", ""ARNAME"" => """", ""PTOL"" => """", ""PDES"" => """", ""ISW"" => """"))"
gen-1860,true,0.32968960699999994,0.0,0.48028658589124734,PVe,"(min = -0.07, max = 0.102)",0.95,"RenewableGenerationCost(CostCurve{LinearCurve}(LinearCurve(0.0, 0.0), UnitSystem.NATURAL_UNITS = 2, LinearCurve(0.0, 0.0)), CostCurve{LinearCurve}(LinearCurve(0.0, 0.0), UnitSystem.NATURAL_UNITS = 2, LinearCurve(0.0, 0.0)), 0.0)",100.0,Service[],,bus-8185,8185,"Area(0, 0.0, 0.0, 0.0, Dict{String, Any}(""I"" => """", ""ARNAME"" => """", ""PTOL"" => """", ""PDES"" => """", ""ISW"" => """"))"
gen-752,true,0.0921237809,0.0,0.22803508501982758,WT,"(min = -0.084, max = 0.084)",0.95,"RenewableGenerationCost(CostCurve{LinearCurve}(LinearCurve(0.0, 0.0), UnitSystem.NATURAL_UNITS = 2, LinearCurve(0.0, 0.0)), CostCurve{LinearCurve}(LinearCurve(0.0, 0.0), UnitSystem.NATURAL_UNITS = 2, LinearCurve(0.0, 0.0)), 0.0)",100.0,Service[],,bus-1931,1931,"Area(0, 0.0, 0.0, 0.0, Dict{String, Any}(""I"" => """", ""ARNAME"" => """", ""PTOL"" => """", ""PDES"" => """", ""ISW"" => """"))"
gen-1249,true,0.18164716599999997,0.0,0.27797457623060623,PVe,"(min = -0.07, max = 0.102)",0.95,"RenewableGenerationCost(CostCurve{LinearCurve}(LinearCurve(0.0, 0.0), UnitSystem.NATURAL_UNITS = 2, LinearCurve(0.0, 0.0)), CostCurve{LinearCurve}(LinearCurve(0.0, 0.0), UnitSystem.NATURAL_UNITS = 2, LinearCurve(0.0, 0.0)), 0.0)",100.0,Service[],,bus-121,121,"Area(0, 0.0, 0.0, 0.0, Dict{String, Any}(""I"" => """", ""ARNAME"" => """", ""PTOL"" => """", ""PDES"" => """", ""ISW"" => """"))"
gen-1420,true,0.00434546136,0.0,0.23905135665967472,WT,"(min = -0.225631579, max = 0.23884210499999997)",0.95,"RenewableGenerationCost(CostCurve{LinearCurve}(LinearCurve(0.0, 0.0), UnitSystem.NATURAL_UNITS = 2, LinearCurve(0.0, 0.0)), CostCurve{LinearCurve}(LinearCurve(0.0, 0.0), UnitSystem.NATURAL_UNITS = 2, LinearCurve(0.0, 0.0)), 0.0)",100.0,Service[],,bus-1329,1329,"Area(0, 0.0, 0.0, 0.0, Dict{String, Any}(""I"" => """", ""ARNAME"" => """", ""PTOL"" => """", ""PDES"" => """", ""ISW"" => """"))"
gen-1775,true,0.18164716599999997,0.0,0.27797457623060623,PVe,"(min = -0.07, max = 0.102)",0.95,"RenewableGenerationCost(CostCurve{LinearCurve}(LinearCurve(0.0, 0.0), UnitSystem.NATURAL_UNITS = 2, LinearCurve(0.0, 0.0)), CostCurve{LinearCurve}(LinearCurve(0.0, 0.0), UnitSystem.NATURAL_UNITS = 2, LinearCurve(0.0, 0.0)), 0.0)",100.0,Service[],,bus-229,229,"Area(0, 0.0, 0.0, 0.0, Dict{String, Any}(""I"" => """", ""ARNAME"" => """", ""PTOL"" => """", ""PDES"" => """", ""ISW"" => """"))"
gen-1792,true,0.18164716599999997,0.0,0.27797457623060623,PVe,"(min = -0.07, max = 0.102)",0.95,"RenewableGenerationCost(CostCurve{LinearCurve}(LinearCurve(0.0, 0.0), UnitSystem.NATURAL_UNITS = 2, LinearCurve(0.0, 0.0)), CostCurve{LinearCurve}(LinearCurve(0.0, 0.0), UnitSystem.NATURAL_UNITS = 2, LinearCurve(0.0, 0.0)), 0.0)",100.0,Service[],,bus-326,326,"Area(0, 0.0, 0.0, 0.0, Dict{String, Any}(""I"" => """", ""ARNAME"" => """", ""PTOL"" => """", ""PDES"" => """", ""ISW"" => """"))"
gen-1052,true,0.009082358320000001,0.0,0.10281616926620278,PVe,"(min = -0.07, max = 0.102)",0.95,"RenewableGenerationCost(CostCurve{LinearCurve}(LinearCurve(0.0, 0.0), UnitSystem.NATURAL_UNITS = 2, LinearCurve(0.0, 0.0)), CostCurve{LinearCurve}(LinearCurve(0.0, 0.0), UnitSystem.NATURAL_UNITS = 2, LinearCurve(0.0, 0.0)), 0.0)",100.0,Service[],,bus-2118,2118,"Area(0, 0.0, 0.0, 0.0, Dict{String, Any}(""I"" => """", ""ARNAME"" => """", ""PTOL"" => """", ""PDES"" => """", ""ISW"" => """"))"
gen-1081,true,0.0045411791600000005,0.0,0.10220465334633308,PVe,"(min = -0.07, max = 0.102)",0.95,"RenewableGenerationCost(CostCurve{LinearCurve}(LinearCurve(0.0, 0.0), UnitSystem.NATURAL_UNITS = 2, LinearCurve(0.0, 0.0)), CostCurve{LinearCurve}(LinearCurve(0.0, 0.0), UnitSystem.NATURAL_UNITS = 2, LinearCurve(0.0, 0.0)), 0.0)",100.0,Service[],,bus-8315,8315,"Area(0, 0.0, 0.0, 0.0, Dict{String, Any}(""I"" => """", ""ARNAME"" => """", ""PTOL"" => """", ""PDES"" => """", ""ISW"" => """"))"
gen-2028,true,0.0127153016,0.0,0.10359364237296581,PVe,"(min = -0.07, max = 0.102)",0.95,"RenewableGenerationCost(CostCurve{LinearCurve}(LinearCurve(0.0, 0.0), UnitSystem.NATURAL_UNITS = 2, LinearCurve(0.0, 0.0)), CostCurve{LinearCurve}(LinearCurve(0.0, 0.0), UnitSystem.NATURAL_UNITS = 2, LinearCurve(0.0, 0.0)), 0.0)",100.0,Service[],,bus-1926,1926,"Area(0, 0.0, 0.0, 0.0, Dict{String, Any}(""I"" => """", ""ARNAME"" => """", ""PTOL"" => """", ""PDES"" => """", ""ISW"" => """"))"
gen-1159,true,0.0045411791600000005,0.0,0.10220465334633308,PVe,"(min = -0.07, max = 0.102)",0.95,"RenewableGenerationCost(CostCurve{LinearCurve}(LinearCurve(0.0, 0.0), UnitSystem.NATURAL_UNITS = 2, LinearCurve(0.0, 0.0)), CostCurve{LinearCurve}(LinearCurve(0.0, 0.0), UnitSystem.NATURAL_UNITS = 2, LinearCurve(0.0, 0.0)), 0.0)",100.0,Service[],,bus-1000,1000,"Area(0, 0.0, 0.0, 0.0, Dict{String, Any}(""I"" => """", ""ARNAME"" => """", ""PTOL"" => """", ""PDES"" => """", ""ISW"" => """"))"
gen-1367,true,0.0045411791600000005,0.0,0.10220465334633308,PVe,"(min = -0.07, max = 0.102)",0.95,"RenewableGenerationCost(CostCurve{LinearCurve}(LinearCurve(0.0, 0.0), UnitSystem.NATURAL_UNITS = 2, LinearCurve(0.0, 0.0)), CostCurve{LinearCurve}(LinearCurve(0.0, 0.0), UnitSystem.NATURAL_UNITS = 2, LinearCurve(0.0, 0.0)), 0.0)",100.0,Service[],,bus-8315,8315,"Area(0, 0.0, 0.0, 0.0, Dict{String, Any}(""I"" => """", ""ARNAME"" => """", ""PTOL"" => """", ""PDES"" => """", ""ISW"" => """"))"
gen-2017,true,0.0308800183,0.0,0.11106945350950753,PVe,"(min = -0.07, max = 0.102)",0.95,"RenewableGenerationCost(CostCurve{LinearCurve}(LinearCurve(0.0, 0.0), UnitSystem.NATURAL_UNITS = 2, LinearCurve(0.0, 0.0)), CostCurve{LinearCurve}(LinearCurve(0.0, 0.0), UnitSystem.NATURAL_UNITS = 2, LinearCurve(0.0, 0.0)), 0.0)",100.0,Service[],,bus-1194,1194,"Area(0, 0.0, 0.0, 0.0, Dict{String, Any}(""I"" => """", ""ARNAME"" => """", ""PTOL"" => """", ""PDES"" => """", ""ISW"" => """"))"
gen-1722,true,0.0136235375,0.0,0.10382735906685212,PVe,"(min = -0.07, max = 0.102)",0.95,"RenewableGenerationCost(CostCurve{LinearCurve}(LinearCurve(0.0, 0.0), UnitSystem.NATURAL_UNITS = 2, LinearCurve(0.0, 0.0)), CostCurve{LinearCurve}(LinearCurve(0.0, 0.0), UnitSystem.NATURAL_UNITS = 2, LinearCurve(0.0, 0.0)), 0.0)",100.0,Service[],,bus-7659,7659,"Area(0, 0.0, 0.0, 0.0, Dict{String, Any}(""I"" => """", ""ARNAME"" => """", ""PTOL"" => """", ""PDES"" => """", ""ISW"" => """"))"
gen-1269,true,0.0036329433300000004,0.0,0.10213102538412229,PVe,"(min = -0.07, max = 0.102)",0.95,"RenewableGenerationCost(CostCurve{LinearCurve}(LinearCurve(0.0, 0.0), UnitSystem.NATURAL_UNITS = 2, LinearCurve(0.0, 0.0)), CostCurve{LinearCurve}(LinearCurve(0.0, 0.0), UnitSystem.NATURAL_UNITS = 2, LinearCurve(0.0, 0.0)), 0.0)",100.0,Service[],,bus-1168,1168,"Area(0, 0.0, 0.0, 0.0, Dict{String, Any}(""I"" => """", ""ARNAME"" => """", ""PTOL"" => """", ""PDES"" => """", ""ISW"" => """"))"
gen-1562,true,0.0136235375,0.0,0.10382735906685212,PVe,"(min = -0.07, max = 0.102)",0.95,"RenewableGenerationCost(CostCurve{LinearCurve}(LinearCurve(0.0, 0.0), UnitSystem.NATURAL_UNITS = 2, LinearCurve(0.0, 0.0)), CostCurve{LinearCurve}(LinearCurve(0.0, 0.0), UnitSystem.NATURAL_UNITS = 2, LinearCurve(0.0, 0.0)), 0.0)",100.0,Service[],,bus-523,523,"Area(0, 0.0, 0.0, 0.0, Dict{String, Any}(""I"" => """", ""ARNAME"" => """", ""PTOL"" => """", ""PDES"" => """", ""ISW"" => """"))"
gen-1607,true,0.00500002894,0.0,0.005,BA,"(min = 0.0, max = 0.0)",0.95,"RenewableGenerationCost(CostCurve{LinearCurve}(LinearCurve(16.3717118, 401.19412), UnitSystem.NATURAL_UNITS = 2, LinearCurve(0.0, 0.0)), CostCurve{LinearCurve}(LinearCurve(0.0, 0.0), UnitSystem.NATURAL_UNITS = 2, LinearCurve(0.0, 0.0)), 0.0)",100.0,Service[],,bus-43,43,"Area(0, 0.0, 0.0, 0.0, Dict{String, Any}(""I"" => """", ""ARNAME"" => """", ""PTOL"" => """", ""PDES"" => """", ""ISW"" => """"))"
gen-1687,true,0.009082358320000001,0.0,0.10281616926620278,PVe,"(min = -0.07, max = 0.102)",0.95,"RenewableGenerationCost(CostCurve{LinearCurve}(LinearCurve(0.0, 0.0), UnitSystem.NATURAL_UNITS = 2, LinearCurve(0.0, 0.0)), CostCurve{LinearCurve}(LinearCurve(0.0, 0.0), UnitSystem.NATURAL_UNITS = 2, LinearCurve(0.0, 0.0)), 0.0)",100.0,Service[],,bus-2118,2118,"Area(0, 0.0, 0.0, 0.0, Dict{String, Any}(""I"" => """", ""ARNAME"" => """", ""PTOL"" => """", ""PDES"" => """", ""ISW"" => """"))"
gen-1894,true,0.18346363799999998,0.0,0.2803816482350021,PVe,"(min = -0.07, max = 0.102)",0.95,"RenewableGenerationCost(CostCurve{LinearCurve}(LinearCurve(0.0, 0.0), UnitSystem.NATURAL_UNITS = 2, LinearCurve(0.0, 0.0)), CostCurve{LinearCurve}(LinearCurve(0.0, 0.0), UnitSystem.NATURAL_UNITS = 2, LinearCurve(0.0, 0.0)), 0.0)",100.0,Service[],,bus-471,471,"Area(0, 0.0, 0.0, 0.0, Dict{String, Any}(""I"" => """", ""ARNAME"" => """", ""PTOL"" => """", ""PDES"" => """", ""ISW"" => """"))"
gen-1621,true,0.18164716599999997,0.0,0.27797457623060623,PVe,"(min = -0.07, max = 0.102)",0.95,"RenewableGenerationCost(CostCurve{LinearCurve}(LinearCurve(0.0, 0.0), UnitSystem.NATURAL_UNITS = 2, LinearCurve(0.0, 0.0)), CostCurve{LinearCurve}(LinearCurve(0.0, 0.0), UnitSystem.NATURAL_UNITS = 2, LinearCurve(0.0, 0.0)), 0.0)",100.0,Service[],,bus-7751,7751,"Area(0, 0.0, 0.0, 0.0, Dict{String, Any}(""I"" => """", ""ARNAME"" => """", ""PTOL"" => """", ""PDES"" => """", ""ISW"" => """"))"
gen-1494,true,0.0045411791600000005,0.0,0.10220465334633308,PVe,"(min = -0.07, max = 0.102)",0.95,"RenewableGenerationCost(CostCurve{LinearCurve}(LinearCurve(0.0, 0.0), UnitSystem.NATURAL_UNITS = 2, LinearCurve(0.0, 0.0)), CostCurve{LinearCurve}(LinearCurve(0.0, 0.0), UnitSystem.NATURAL_UNITS = 2, LinearCurve(0.0, 0.0)), 0.0)",100.0,Service[],,bus-1419,1419,"Area(0, 0.0, 0.0, 0.0, Dict{String, Any}(""I"" => """", ""ARNAME"" => """", ""PTOL"" => """", ""PDES"" => """", ""ISW"" => """"))"
gen-1872,true,0.0299717824,0.0,0.1105641134082439,PVe,"(min = -0.07, max = 0.102)",0.95,"RenewableGenerationCost(CostCurve{LinearCurve}(LinearCurve(0.0, 0.0), UnitSystem.NATURAL_UNITS = 2, LinearCurve(0.0, 0.0)), CostCurve{LinearCurve}(LinearCurve(0.0, 0.0), UnitSystem.NATURAL_UNITS = 2, LinearCurve(0.0, 0.0)), 0.0)",100.0,Service[],,bus-1623,1623,"Area(0, 0.0, 0.0, 0.0, Dict{String, Any}(""I"" => """", ""ARNAME"" => """", ""PTOL"" => """", ""PDES"" => """", ""ISW"" => """"))"
gen-1908,true,0.00500002894,0.0,0.005,BA,"(min = 0.0, max = 0.0)",0.95,"RenewableGenerationCost(CostCurve{LinearCurve}(LinearCurve(16.3717118, 401.19412), UnitSystem.NATURAL_UNITS = 2, LinearCurve(0.0, 0.0)), CostCurve{LinearCurve}(LinearCurve(0.0, 0.0), UnitSystem.NATURAL_UNITS = 2, LinearCurve(0.0, 0.0)), 0.0)",100.0,Service[],,bus-1098,1098,"Area(0, 0.0, 0.0, 0.0, Dict{String, Any}(""I"" => """", ""ARNAME"" => """", ""PTOL"" => """", ""PDES"" => """", ""ISW"" => """"))"
gen-1106,true,0.0045411791600000005,0.0,0.10220465334633308,PVe,"(min = -0.07, max = 0.102)",0.95,"RenewableGenerationCost(CostCurve{LinearCurve}(LinearCurve(0.0, 0.0), UnitSystem.NATURAL_UNITS = 2, LinearCurve(0.0, 0.0)), CostCurve{LinearCurve}(LinearCurve(0.0, 0.0), UnitSystem.NATURAL_UNITS = 2, LinearCurve(0.0, 0.0)), 0.0)",100.0,Service[],,bus-7808,7808,"Area(0, 0.0, 0.0, 0.0, Dict{String, Any}(""I"" => """", ""ARNAME"" => """", ""PTOL"" => """", ""PDES"" => """", ""ISW"" => """"))"
gen-1141,true,0.0045411791600000005,0.0,0.10220465334633308,PVe,"(min = -0.07, max = 0.102)",0.95,"RenewableGenerationCost(CostCurve{LinearCurve}(LinearCurve(0.0, 0.0), UnitSystem.NATURAL_UNITS = 2, LinearCurve(0.0, 0.0)), CostCurve{LinearCurve}(LinearCurve(0.0, 0.0), UnitSystem.NATURAL_UNITS = 2, LinearCurve(0.0, 0.0)), 0.0)",100.0,Service[],,bus-990,990,"Area(0, 0.0, 0.0, 0.0, Dict{String, Any}(""I"" => """", ""ARNAME"" => """", ""PTOL"" => """", ""PDES"" => """", ""ISW"" => """"))"
gen-1424,true,0.00695273818,0.0,0.2393774239999065,WT,"(min = -0.225631579, max = 0.23884210499999997)",0.95,"RenewableGenerationCost(CostCurve{LinearCurve}(LinearCurve(0.0, 0.0), UnitSystem.NATURAL_UNITS = 2, LinearCurve(0.0, 0.0)), CostCurve{LinearCurve}(LinearCurve(0.0, 0.0), UnitSystem.NATURAL_UNITS = 2, LinearCurve(0.0, 0.0)), 0.0)",100.0,Service[],,bus-1864,1864,"Area(0, 0.0, 0.0, 0.0, Dict{String, Any}(""I"" => """", ""ARNAME"" => """", ""PTOL"" => """", ""PDES"" => """", ""ISW"" => """"))"
gen-1779,true,0.0136235375,0.0,0.10382735906685212,PVe,"(min = -0.07, max = 0.102)",0.95,"RenewableGenerationCost(CostCurve{LinearCurve}(LinearCurve(0.0, 0.0), UnitSystem.NATURAL_UNITS = 2, LinearCurve(0.0, 0.0)), CostCurve{LinearCurve}(LinearCurve(0.0, 0.0), UnitSystem.NATURAL_UNITS = 2, LinearCurve(0.0, 0.0)), 0.0)",100.0,Service[],,bus-1508,1508,"Area(0, 0.0, 0.0, 0.0, Dict{String, Any}(""I"" => """", ""ARNAME"" => """", ""PTOL"" => """", ""PDES"" => """", ""ISW"" => """"))"
gen-1974,true,0.007821830450000001,0.0,0.2395194170016932,WT,"(min = -0.225631579, max = 0.23884210499999997)",0.95,"RenewableGenerationCost(CostCurve{LinearCurve}(LinearCurve(0.0, 0.0), UnitSystem.NATURAL_UNITS = 2, LinearCurve(0.0, 0.0)), CostCurve{LinearCurve}(LinearCurve(0.0, 0.0), UnitSystem.NATURAL_UNITS = 2, LinearCurve(0.0, 0.0)), 0.0)",100.0,Service[],,bus-634,634,"Area(0, 0.0, 0.0, 0.0, Dict{String, Any}(""I"" => """", ""ARNAME"" => """", ""PTOL"" => """", ""PDES"" => """", ""ISW"" => """"))"
gen-1338,true,0.0454117916,0.0,0.12076057537297331,PVe,"(min = -0.07, max = 0.102)",0.95,"RenewableGenerationCost(CostCurve{LinearCurve}(LinearCurve(0.0, 0.0), UnitSystem.NATURAL_UNITS = 2, LinearCurve(0.0, 0.0)), CostCurve{LinearCurve}(LinearCurve(0.0, 0.0), UnitSystem.NATURAL_UNITS = 2, LinearCurve(0.0, 0.0)), 0.0)",100.0,Service[],,bus-974,974,"Area(0, 0.0, 0.0, 0.0, Dict{String, Any}(""I"" => """", ""ARNAME"" => """", ""PTOL"" => """", ""PDES"" => """", ""ISW"" => """"))"
gen-684,true,0.175991185,0.0,0.42212083578046705,WT,"(min = -0.11900000000000001, max = 0.11900000000000001)",0.95,"RenewableGenerationCost(CostCurve{LinearCurve}(LinearCurve(0.0, 0.0), UnitSystem.NATURAL_UNITS = 2, LinearCurve(0.0, 0.0)), CostCurve{LinearCurve}(LinearCurve(0.0, 0.0), UnitSystem.NATURAL_UNITS = 2, LinearCurve(0.0, 0.0)), 0.0)",100.0,Service[],,bus-1681,1681,"Area(0, 0.0, 0.0, 0.0, Dict{String, Any}(""I"" => """", ""ARNAME"" => """", ""PTOL"" => """", ""PDES"" => """", ""ISW"" => """"))"
gen-1564,true,0.0136235375,0.0,0.10382735906685212,PVe,"(min = -0.07, max = 0.102)",0.95,"RenewableGenerationCost(CostCurve{LinearCurve}(LinearCurve(0.0, 0.0), UnitSystem.NATURAL_UNITS = 2, LinearCurve(0.0, 0.0)), CostCurve{LinearCurve}(LinearCurve(0.0, 0.0), UnitSystem.NATURAL_UNITS = 2, LinearCurve(0.0, 0.0)), 0.0)",100.0,Service[],,bus-543,543,"Area(0, 0.0, 0.0, 0.0, Dict{String, Any}(""I"" => """", ""ARNAME"" => """", ""PTOL"" => """", ""PDES"" => """", ""ISW"" => """"))"
gen-1732,true,0.18164716599999997,0.0,0.27797457623060623,PVe,"(min = -0.07, max = 0.102)",0.95,"RenewableGenerationCost(CostCurve{LinearCurve}(LinearCurve(0.0, 0.0), UnitSystem.NATURAL_UNITS = 2, LinearCurve(0.0, 0.0)), CostCurve{LinearCurve}(LinearCurve(0.0, 0.0), UnitSystem.NATURAL_UNITS = 2, LinearCurve(0.0, 0.0)), 0.0)",100.0,Service[],,bus-1676,1676,"Area(0, 0.0, 0.0, 0.0, Dict{String, Any}(""I"" => """", ""ARNAME"" => """", ""PTOL"" => """", ""PDES"" => """", ""ISW"" => """"))"
gen-1361,true,0.0045411791600000005,0.0,0.10220465334633308,PVe,"(min = -0.07, max = 0.102)",0.95,"RenewableGenerationCost(CostCurve{LinearCurve}(LinearCurve(0.0, 0.0), UnitSystem.NATURAL_UNITS = 2, LinearCurve(0.0, 0.0)), CostCurve{LinearCurve}(LinearCurve(0.0, 0.0), UnitSystem.NATURAL_UNITS = 2, LinearCurve(0.0, 0.0)), 0.0)",100.0,Service[],,bus-8315,8315,"Area(0, 0.0, 0.0, 0.0, Dict{String, Any}(""I"" => """", ""ARNAME"" => """", ""PTOL"" => """", ""PDES"" => """", ""ISW"" => """"))"
gen-1673,true,0.009082358320000001,0.0,0.10281616926620278,PVe,"(min = -0.07, max = 0.102)",0.95,"RenewableGenerationCost(CostCurve{LinearCurve}(LinearCurve(0.0, 0.0), UnitSystem.NATURAL_UNITS = 2, LinearCurve(0.0, 0.0)), CostCurve{LinearCurve}(LinearCurve(0.0, 0.0), UnitSystem.NATURAL_UNITS = 2, LinearCurve(0.0, 0.0)), 0.0)",100.0,Service[],,bus-401,401,"Area(0, 0.0, 0.0, 0.0, Dict{String, Any}(""I"" => """", ""ARNAME"" => """", ""PTOL"" => """", ""PDES"" => """", ""ISW"" => """"))"
gen-1697,true,0.009990594149999999,0.0,0.10298674303316785,PVe,"(min = -0.07, max = 0.102)",0.95,"RenewableGenerationCost(CostCurve{LinearCurve}(LinearCurve(0.0, 0.0), UnitSystem.NATURAL_UNITS = 2, LinearCurve(0.0, 0.0)), CostCurve{LinearCurve}(LinearCurve(0.0, 0.0), UnitSystem.NATURAL_UNITS = 2, LinearCurve(0.0, 0.0)), 0.0)",100.0,Service[],,bus-289,289,"Area(0, 0.0, 0.0, 0.0, Dict{String, Any}(""I"" => """", ""ARNAME"" => """", ""PTOL"" => """", ""PDES"" => """", ""ISW"" => """"))"
gen-1321,true,0.0454117916,0.0,0.12076057537297331,PVe,"(min = -0.07, max = 0.102)",0.95,"RenewableGenerationCost(CostCurve{LinearCurve}(LinearCurve(0.0, 0.0), UnitSystem.NATURAL_UNITS = 2, LinearCurve(0.0, 0.0)), CostCurve{LinearCurve}(LinearCurve(0.0, 0.0), UnitSystem.NATURAL_UNITS = 2, LinearCurve(0.0, 0.0)), 0.0)",100.0,Service[],,bus-877,877,"Area(0, 0.0, 0.0, 0.0, Dict{String, Any}(""I"" => """", ""ARNAME"" => """", ""PTOL"" => """", ""PDES"" => """", ""ISW"" => """"))"
gen-767,true,0.0,0.0,0.23884419842405846,WT,"(min = -0.225631579, max = 0.23884210499999997)",0.95,"RenewableGenerationCost(CostCurve{LinearCurve}(LinearCurve(0.0, 0.0), UnitSystem.NATURAL_UNITS = 2, LinearCurve(0.0, 0.0)), CostCurve{LinearCurve}(LinearCurve(0.0, 0.0), UnitSystem.NATURAL_UNITS = 2, LinearCurve(0.0, 0.0)), 0.0)",100.0,Service[],,bus-1989,1989,"Area(0, 0.0, 0.0, 0.0, Dict{String, Any}(""I"" => """", ""ARNAME"" => """", ""PTOL"" => """", ""PDES"" => """", ""ISW"" => """"))"
gen-1960,true,0.0263388391,0.0,0.10867315590921076,PVe,"(min = -0.07, max = 0.102)",0.95,"RenewableGenerationCost(CostCurve{LinearCurve}(LinearCurve(0.0, 0.0), UnitSystem.NATURAL_UNITS = 2, LinearCurve(0.0, 0.0)), CostCurve{LinearCurve}(LinearCurve(0.0, 0.0), UnitSystem.NATURAL_UNITS = 2, LinearCurve(0.0, 0.0)), 0.0)",100.0,Service[],,bus-1703,1703,"Area(0, 0.0, 0.0, 0.0, Dict{String, Any}(""I"" => """", ""ARNAME"" => """", ""PTOL"" => """", ""PDES"" => """", ""ISW"" => """"))"
gen-1982,true,0.0938619654,0.0,0.3220272521399874,WT,"(min = -0.225631579, max = 0.23884210499999997)",0.95,"RenewableGenerationCost(CostCurve{LinearCurve}(LinearCurve(0.0, 0.0), UnitSystem.NATURAL_UNITS = 2, LinearCurve(0.0, 0.0)), CostCurve{LinearCurve}(LinearCurve(0.0, 0.0), UnitSystem.NATURAL_UNITS = 2, LinearCurve(0.0, 0.0)), 0.0)",100.0,Service[],,bus-1680,1680,"Area(0, 0.0, 0.0, 0.0, Dict{String, Any}(""I"" => """", ""ARNAME"" => """", ""PTOL"" => """", ""PDES"" => """", ""ISW"" => """"))"
gen-1559,true,0.009082358320000001,0.0,0.10281616926620278,PVe,"(min = -0.07, max = 0.102)",0.95,"RenewableGenerationCost(CostCurve{LinearCurve}(LinearCurve(0.0, 0.0), UnitSystem.NATURAL_UNITS = 2, LinearCurve(0.0, 0.0)), CostCurve{LinearCurve}(LinearCurve(0.0, 0.0), UnitSystem.NATURAL_UNITS = 2, LinearCurve(0.0, 0.0)), 0.0)",100.0,Service[],,bus-543,543,"Area(0, 0.0, 0.0, 0.0, Dict{String, Any}(""I"" => """", ""ARNAME"" => """", ""PTOL"" => """", ""PDES"" => """", ""ISW"" => """"))"
gen-1852,true,0.0336047258,0.0,0.1126609259352385,PVe,"(min = -0.07, max = 0.102)",0.95,"RenewableGenerationCost(CostCurve{LinearCurve}(LinearCurve(0.0, 0.0), UnitSystem.NATURAL_UNITS = 2, LinearCurve(0.0, 0.0)), CostCurve{LinearCurve}(LinearCurve(0.0, 0.0), UnitSystem.NATURAL_UNITS = 2, LinearCurve(0.0, 0.0)), 0.0)",100.0,Service[],,bus-503,503,"Area(0, 0.0, 0.0, 0.0, Dict{String, Any}(""I"" => """", ""ARNAME"" => """", ""PTOL"" => """", ""PDES"" => """", ""ISW"" => """"))"
gen-2029,true,0.0172564808,0.0,0.10491646407435903,PVe,"(min = -0.07, max = 0.102)",0.95,"RenewableGenerationCost(CostCurve{LinearCurve}(LinearCurve(0.0, 0.0), UnitSystem.NATURAL_UNITS = 2, LinearCurve(0.0, 0.0)), CostCurve{LinearCurve}(LinearCurve(0.0, 0.0), UnitSystem.NATURAL_UNITS = 2, LinearCurve(0.0, 0.0)), 0.0)",100.0,Service[],,bus-2080,2080,"Area(0, 0.0, 0.0, 0.0, Dict{String, Any}(""I"" => """", ""ARNAME"" => """", ""PTOL"" => """", ""PDES"" => """", ""ISW"" => """"))"
gen-1643,true,0.009082358320000001,0.0,0.10281616926620278,PVe,"(min = -0.07, max = 0.102)",0.95,"RenewableGenerationCost(CostCurve{LinearCurve}(LinearCurve(0.0, 0.0), UnitSystem.NATURAL_UNITS = 2, LinearCurve(0.0, 0.0)), CostCurve{LinearCurve}(LinearCurve(0.0, 0.0), UnitSystem.NATURAL_UNITS = 2, LinearCurve(0.0, 0.0)), 0.0)",100.0,Service[],,bus-7892,7892,"Area(0, 0.0, 0.0, 0.0, Dict{String, Any}(""I"" => """", ""ARNAME"" => """", ""PTOL"" => """", ""PDES"" => """", ""ISW"" => """"))"
gen-2083,true,0.0045411791600000005,0.0,0.10220465334633308,PVe,"(min = -0.07, max = 0.102)",0.95,"RenewableGenerationCost(CostCurve{LinearCurve}(LinearCurve(0.0, 0.0), UnitSystem.NATURAL_UNITS = 2, LinearCurve(0.0, 0.0)), CostCurve{LinearCurve}(LinearCurve(0.0, 0.0), UnitSystem.NATURAL_UNITS = 2, LinearCurve(0.0, 0.0)), 0.0)",100.0,Service[],,bus-1423,1423,"Area(0, 0.0, 0.0, 0.0, Dict{String, Any}(""I"" => """", ""ARNAME"" => """", ""PTOL"" => """", ""PDES"" => """", ""ISW"" => """"))"
gen-1282,true,0.0136235375,0.0,0.10382735906685212,PVe,"(min = -0.07, max = 0.102)",0.95,"RenewableGenerationCost(CostCurve{LinearCurve}(LinearCurve(0.0, 0.0), UnitSystem.NATURAL_UNITS = 2, LinearCurve(0.0, 0.0)), CostCurve{LinearCurve}(LinearCurve(0.0, 0.0), UnitSystem.NATURAL_UNITS = 2, LinearCurve(0.0, 0.0)), 0.0)",100.0,Service[],,bus-1955,1955,"Area(0, 0.0, 0.0, 0.0, Dict{String, Any}(""I"" => """", ""ARNAME"" => """", ""PTOL"" => """", ""PDES"" => """", ""ISW"" => """"))"
gen-1930,true,0.0245223675,0.0,0.107808303908274,PVe,"(min = -0.07, max = 0.102)",0.95,"RenewableGenerationCost(CostCurve{LinearCurve}(LinearCurve(0.0, 0.0), UnitSystem.NATURAL_UNITS = 2, LinearCurve(0.0, 0.0)), CostCurve{LinearCurve}(LinearCurve(0.0, 0.0), UnitSystem.NATURAL_UNITS = 2, LinearCurve(0.0, 0.0)), 0.0)",100.0,Service[],,bus-883,883,"Area(0, 0.0, 0.0, 0.0, Dict{String, Any}(""I"" => """", ""ARNAME"" => """", ""PTOL"" => """", ""PDES"" => """", ""ISW"" => """"))"
gen-1172,true,0.730037509,0.0,1.6968929109171358,WT,"(min = -0.225631579, max = 0.23884210499999997)",0.95,"RenewableGenerationCost(CostCurve{LinearCurve}(LinearCurve(0.0, 0.0), UnitSystem.NATURAL_UNITS = 2, LinearCurve(0.0, 0.0)), CostCurve{LinearCurve}(LinearCurve(0.0, 0.0), UnitSystem.NATURAL_UNITS = 2, LinearCurve(0.0, 0.0)), 0.0)",100.0,Service[],,bus-2264,2264,"Area(0, 0.0, 0.0, 0.0, Dict{String, Any}(""I"" => """", ""ARNAME"" => """", ""PTOL"" => """", ""PDES"" => """", ""ISW"" => """"))"
gen-1772,true,0.18164716599999997,0.0,0.27797457623060623,PVe,"(min = -0.07, max = 0.102)",0.95,"RenewableGenerationCost(CostCurve{LinearCurve}(LinearCurve(0.0, 0.0), UnitSystem.NATURAL_UNITS = 2, LinearCurve(0.0, 0.0)), CostCurve{LinearCurve}(LinearCurve(0.0, 0.0), UnitSystem.NATURAL_UNITS = 2, LinearCurve(0.0, 0.0)), 0.0)",100.0,Service[],,bus-2277,2277,"Area(0, 0.0, 0.0, 0.0, Dict{String, Any}(""I"" => """", ""ARNAME"" => """", ""PTOL"" => """", ""PDES"" => """", ""ISW"" => """"))"
gen-1664,true,0.0454117916,0.0,0.12076057537297331,PVe,"(min = -0.07, max = 0.102)",0.95,"RenewableGenerationCost(CostCurve{LinearCurve}(LinearCurve(0.0, 0.0), UnitSystem.NATURAL_UNITS = 2, LinearCurve(0.0, 0.0)), CostCurve{LinearCurve}(LinearCurve(0.0, 0.0), UnitSystem.NATURAL_UNITS = 2, LinearCurve(0.0, 0.0)), 0.0)",100.0,Service[],,bus-1061,1061,"Area(0, 0.0, 0.0, 0.0, Dict{String, Any}(""I"" => """", ""ARNAME"" => """", ""PTOL"" => """", ""PDES"" => """", ""ISW"" => """"))"
gen-1346,true,0.009990594149999999,0.0,0.10298674303316785,PVe,"(min = -0.07, max = 0.102)",0.95,"RenewableGenerationCost(CostCurve{LinearCurve}(LinearCurve(0.0, 0.0), UnitSystem.NATURAL_UNITS = 2, LinearCurve(0.0, 0.0)), CostCurve{LinearCurve}(LinearCurve(0.0, 0.0), UnitSystem.NATURAL_UNITS = 2, LinearCurve(0.0, 0.0)), 0.0)",100.0,Service[],,bus-8640,8640,"Area(0, 0.0, 0.0, 0.0, Dict{String, Any}(""I"" => """", ""ARNAME"" => """", ""PTOL"" => """", ""PDES"" => """", ""ISW"" => """"))"
gen-1080,true,0.0045411791600000005,0.0,0.10220465334633308,PVe,"(min = -0.07, max = 0.102)",0.95,"RenewableGenerationCost(CostCurve{LinearCurve}(LinearCurve(0.0, 0.0), UnitSystem.NATURAL_UNITS = 2, LinearCurve(0.0, 0.0)), CostCurve{LinearCurve}(LinearCurve(0.0, 0.0), UnitSystem.NATURAL_UNITS = 2, LinearCurve(0.0, 0.0)), 0.0)",100.0,Service[],,bus-8315,8315,"Area(0, 0.0, 0.0, 0.0, Dict{String, Any}(""I"" => """", ""ARNAME"" => """", ""PTOL"" => """", ""PDES"" => """", ""ISW"" => """"))"
gen-1506,true,0.009082358320000001,0.0,0.10281616926620278,PVe,"(min = -0.07, max = 0.102)",0.95,"RenewableGenerationCost(CostCurve{LinearCurve}(LinearCurve(0.0, 0.0), UnitSystem.NATURAL_UNITS = 2, LinearCurve(0.0, 0.0)), CostCurve{LinearCurve}(LinearCurve(0.0, 0.0), UnitSystem.NATURAL_UNITS = 2, LinearCurve(0.0, 0.0)), 0.0)",100.0,Service[],,bus-51,51,"Area(0, 0.0, 0.0, 0.0, Dict{String, Any}(""I"" => """", ""ARNAME"" => """", ""PTOL"" => """", ""PDES"" => """", ""ISW"" => """"))"
gen-1744,true,0.18164716599999997,0.0,0.27797457623060623,PVe,"(min = -0.07, max = 0.102)",0.95,"RenewableGenerationCost(CostCurve{LinearCurve}(LinearCurve(0.0, 0.0), UnitSystem.NATURAL_UNITS = 2, LinearCurve(0.0, 0.0)), CostCurve{LinearCurve}(LinearCurve(0.0, 0.0), UnitSystem.NATURAL_UNITS = 2, LinearCurve(0.0, 0.0)), 0.0)",100.0,Service[],,bus-8355,8355,"Area(0, 0.0, 0.0, 0.0, Dict{String, Any}(""I"" => """", ""ARNAME"" => """", ""PTOL"" => """", ""PDES"" => """", ""ISW"" => """"))"
gen-1976,true,0.204353062,0.0,0.3082711642697735,PVe,"(min = -0.07, max = 0.102)",0.95,"RenewableGenerationCost(CostCurve{LinearCurve}(LinearCurve(0.0, 0.0), UnitSystem.NATURAL_UNITS = 2, LinearCurve(0.0, 0.0)), CostCurve{LinearCurve}(LinearCurve(0.0, 0.0), UnitSystem.NATURAL_UNITS = 2, LinearCurve(0.0, 0.0)), 0.0)",100.0,Service[],,bus-1835,1835,"Area(0, 0.0, 0.0, 0.0, Dict{String, Any}(""I"" => """", ""ARNAME"" => """", ""PTOL"" => """", ""PDES"" => """", ""ISW"" => """"))"
gen-1063,true,0.0181647166,0.0,0.10522670122314892,PVe,"(min = -0.07, max = 0.102)",0.95,"RenewableGenerationCost(CostCurve{LinearCurve}(LinearCurve(0.0, 0.0), UnitSystem.NATURAL_UNITS = 2, LinearCurve(0.0, 0.0)), CostCurve{LinearCurve}(LinearCurve(0.0, 0.0), UnitSystem.NATURAL_UNITS = 2, LinearCurve(0.0, 0.0)), 0.0)",100.0,Service[],,bus-1320,1320,"Area(0, 0.0, 0.0, 0.0, Dict{String, Any}(""I"" => """", ""ARNAME"" => """", ""PTOL"" => """", ""PDES"" => """", ""ISW"" => """"))"
gen-1508,true,0.18164716599999997,0.0,0.27797457623060623,PVe,"(min = -0.07, max = 0.102)",0.95,"RenewableGenerationCost(CostCurve{LinearCurve}(LinearCurve(0.0, 0.0), UnitSystem.NATURAL_UNITS = 2, LinearCurve(0.0, 0.0)), CostCurve{LinearCurve}(LinearCurve(0.0, 0.0), UnitSystem.NATURAL_UNITS = 2, LinearCurve(0.0, 0.0)), 0.0)",100.0,Service[],,bus-1412,1412,"Area(0, 0.0, 0.0, 0.0, Dict{String, Any}(""I"" => """", ""ARNAME"" => """", ""PTOL"" => """", ""PDES"" => """", ""ISW"" => """"))"
gen-1952,true,0.009082358320000001,0.0,0.10281616926620278,PVe,"(min = -0.07, max = 0.102)",0.95,"RenewableGenerationCost(CostCurve{LinearCurve}(LinearCurve(0.0, 0.0), UnitSystem.NATURAL_UNITS = 2, LinearCurve(0.0, 0.0)), CostCurve{LinearCurve}(LinearCurve(0.0, 0.0), UnitSystem.NATURAL_UNITS = 2, LinearCurve(0.0, 0.0)), 0.0)",100.0,Service[],,bus-240,240,"Area(0, 0.0, 0.0, 0.0, Dict{String, Any}(""I"" => """", ""ARNAME"" => """", ""PTOL"" => """", ""PDES"" => """", ""ISW"" => """"))"
gen-1121,true,0.0045411791600000005,0.0,0.10220465334633308,PVe,"(min = -0.07, max = 0.102)",0.95,"RenewableGenerationCost(CostCurve{LinearCurve}(LinearCurve(0.0, 0.0), UnitSystem.NATURAL_UNITS = 2, LinearCurve(0.0, 0.0)), CostCurve{LinearCurve}(LinearCurve(0.0, 0.0), UnitSystem.NATURAL_UNITS = 2, LinearCurve(0.0, 0.0)), 0.0)",100.0,Service[],,bus-1031,1031,"Area(0, 0.0, 0.0, 0.0, Dict{String, Any}(""I"" => """", ""ARNAME"" => """", ""PTOL"" => """", ""PDES"" => """", ""ISW"" => """"))"
gen-1129,true,0.0045411791600000005,0.0,0.10220465334633308,PVe,"(min = -0.07, max = 0.102)",0.95,"RenewableGenerationCost(CostCurve{LinearCurve}(LinearCurve(0.0, 0.0), UnitSystem.NATURAL_UNITS = 2, LinearCurve(0.0, 0.0)), CostCurve{LinearCurve}(LinearCurve(0.0, 0.0), UnitSystem.NATURAL_UNITS = 2, LinearCurve(0.0, 0.0)), 0.0)",100.0,Service[],,bus-1037,1037,"Area(0, 0.0, 0.0, 0.0, Dict{String, Any}(""I"" => """", ""ARNAME"" => """", ""PTOL"" => """", ""PDES"" => """", ""ISW"" => """"))"
gen-1781,true,0.016348244999999997,0.0,0.10462128610286166,PVe,"(min = -0.07, max = 0.102)",0.95,"RenewableGenerationCost(CostCurve{LinearCurve}(LinearCurve(0.0, 0.0), UnitSystem.NATURAL_UNITS = 2, LinearCurve(0.0, 0.0)), CostCurve{LinearCurve}(LinearCurve(0.0, 0.0), UnitSystem.NATURAL_UNITS = 2, LinearCurve(0.0, 0.0)), 0.0)",100.0,Service[],,bus-2283,2283,"Area(0, 0.0, 0.0, 0.0, Dict{String, Any}(""I"" => """", ""ARNAME"" => """", ""PTOL"" => """", ""PDES"" => """", ""ISW"" => """"))"
gen-2022,true,0.0363294333,0.0,0.11436185815744428,PVe,"(min = -0.07, max = 0.102)",0.95,"RenewableGenerationCost(CostCurve{LinearCurve}(LinearCurve(0.0, 0.0), UnitSystem.NATURAL_UNITS = 2, LinearCurve(0.0, 0.0)), CostCurve{LinearCurve}(LinearCurve(0.0, 0.0), UnitSystem.NATURAL_UNITS = 2, LinearCurve(0.0, 0.0)), 0.0)",100.0,Service[],,bus-995,995,"Area(0, 0.0, 0.0, 0.0, Dict{String, Any}(""I"" => """", ""ARNAME"" => """", ""PTOL"" => """", ""PDES"" => """", ""ISW"" => """"))"
gen-1820,true,0.0136235375,0.0,0.10382735906685212,PVe,"(min = -0.07, max = 0.102)",0.95,"RenewableGenerationCost(CostCurve{LinearCurve}(LinearCurve(0.0, 0.0), UnitSystem.NATURAL_UNITS = 2, LinearCurve(0.0, 0.0)), CostCurve{LinearCurve}(LinearCurve(0.0, 0.0), UnitSystem.NATURAL_UNITS = 2, LinearCurve(0.0, 0.0)), 0.0)",100.0,Service[],,bus-478,478,"Area(0, 0.0, 0.0, 0.0, Dict{String, Any}(""I"" => """", ""ARNAME"" => """", ""PTOL"" => """", ""PDES"" => """", ""ISW"" => """"))"
gen-1754,true,0.0136235375,0.0,0.10382735906685212,PVe,"(min = -0.07, max = 0.102)",0.95,"RenewableGenerationCost(CostCurve{LinearCurve}(LinearCurve(0.0, 0.0), UnitSystem.NATURAL_UNITS = 2, LinearCurve(0.0, 0.0)), CostCurve{LinearCurve}(LinearCurve(0.0, 0.0), UnitSystem.NATURAL_UNITS = 2, LinearCurve(0.0, 0.0)), 0.0)",100.0,Service[],,bus-1025,1025,"Area(0, 0.0, 0.0, 0.0, Dict{String, Any}(""I"" => """", ""ARNAME"" => """", ""PTOL"" => """", ""PDES"" => """", ""ISW"" => """"))"
gen-1393,true,0.17165657199999998,0.0,0.26479593876674107,PVe,"(min = -0.07, max = 0.102)",0.95,"RenewableGenerationCost(CostCurve{LinearCurve}(LinearCurve(0.0, 0.0), UnitSystem.NATURAL_UNITS = 2, LinearCurve(0.0, 0.0)), CostCurve{LinearCurve}(LinearCurve(0.0, 0.0), UnitSystem.NATURAL_UNITS = 2, LinearCurve(0.0, 0.0)), 0.0)",100.0,Service[],,bus-2235,2235,"Area(0, 0.0, 0.0, 0.0, Dict{String, Any}(""I"" => """", ""ARNAME"" => """", ""PTOL"" => """", ""PDES"" => """", ""ISW"" => """"))"
gen-1078,true,0.0045411791600000005,0.0,0.10220465334633308,PVe,"(min = -0.07, max = 0.102)",0.95,"RenewableGenerationCost(CostCurve{LinearCurve}(LinearCurve(0.0, 0.0), UnitSystem.NATURAL_UNITS = 2, LinearCurve(0.0, 0.0)), CostCurve{LinearCurve}(LinearCurve(0.0, 0.0), UnitSystem.NATURAL_UNITS = 2, LinearCurve(0.0, 0.0)), 0.0)",100.0,Service[],,bus-8315,8315,"Area(0, 0.0, 0.0, 0.0, Dict{String, Any}(""I"" => """", ""ARNAME"" => """", ""PTOL"" => """", ""PDES"" => """", ""ISW"" => """"))"
gen-1449,true,0.009082358320000001,0.0,0.10281616926620278,PVe,"(min = -0.07, max = 0.102)",0.95,"RenewableGenerationCost(CostCurve{LinearCurve}(LinearCurve(0.0, 0.0), UnitSystem.NATURAL_UNITS = 2, LinearCurve(0.0, 0.0)), CostCurve{LinearCurve}(LinearCurve(0.0, 0.0), UnitSystem.NATURAL_UNITS = 2, LinearCurve(0.0, 0.0)), 0.0)",100.0,Service[],,bus-2030,2030,"Area(0, 0.0, 0.0, 0.0, Dict{String, Any}(""I"" => """", ""ARNAME"" => """", ""PTOL"" => """", ""PDES"" => """", ""ISW"" => """"))"
gen-1348,true,0.027247075,0.0,0.10912599123576455,PVe,"(min = -0.07, max = 0.102)",0.95,"RenewableGenerationCost(CostCurve{LinearCurve}(LinearCurve(0.0, 0.0), UnitSystem.NATURAL_UNITS = 2, LinearCurve(0.0, 0.0)), CostCurve{LinearCurve}(LinearCurve(0.0, 0.0), UnitSystem.NATURAL_UNITS = 2, LinearCurve(0.0, 0.0)), 0.0)",100.0,Service[],,bus-975,975,"Area(0, 0.0, 0.0, 0.0, Dict{String, Any}(""I"" => """", ""ARNAME"" => """", ""PTOL"" => """", ""PDES"" => """", ""ISW"" => """"))"
gen-1990,true,0.009082358320000001,0.0,0.10281616926620278,PVe,"(min = -0.07, max = 0.102)",0.95,"RenewableGenerationCost(CostCurve{LinearCurve}(LinearCurve(0.0, 0.0), UnitSystem.NATURAL_UNITS = 2, LinearCurve(0.0, 0.0)), CostCurve{LinearCurve}(LinearCurve(0.0, 0.0), UnitSystem.NATURAL_UNITS = 2, LinearCurve(0.0, 0.0)), 0.0)",100.0,Service[],,bus-200,200,"Area(0, 0.0, 0.0, 0.0, Dict{String, Any}(""I"" => """", ""ARNAME"" => """", ""PTOL"" => """", ""PDES"" => """", ""ISW"" => """"))"
gen-1324,true,0.00434546136,0.0,0.23905135665967472,WT,"(min = -0.225631579, max = 0.23884210499999997)",0.95,"RenewableGenerationCost(CostCurve{LinearCurve}(LinearCurve(0.0, 0.0), UnitSystem.NATURAL_UNITS = 2, LinearCurve(0.0, 0.0)), CostCurve{LinearCurve}(LinearCurve(0.0, 0.0), UnitSystem.NATURAL_UNITS = 2, LinearCurve(0.0, 0.0)), 0.0)",100.0,Service[],,bus-7830,7830,"Area(0, 0.0, 0.0, 0.0, Dict{String, Any}(""I"" => """", ""ARNAME"" => """", ""PTOL"" => """", ""PDES"" => """", ""ISW"" => """"))"
gen-517,true,0.12601838,0.0,0.31196954979612995,WT,"(min = -0.115, max = 0.115)",0.95,"RenewableGenerationCost(CostCurve{LinearCurve}(LinearCurve(0.0, 0.0), UnitSystem.NATURAL_UNITS = 2, LinearCurve(0.0, 0.0)), CostCurve{LinearCurve}(LinearCurve(0.0, 0.0), UnitSystem.NATURAL_UNITS = 2, LinearCurve(0.0, 0.0)), 0.0)",100.0,Service[],,bus-1933,1933,"Area(0, 0.0, 0.0, 0.0, Dict{String, Any}(""I"" => """", ""ARNAME"" => """", ""PTOL"" => """", ""PDES"" => """", ""ISW"" => """"))"
gen-1493,true,0.0136235375,0.0,0.10382735906685212,PVe,"(min = -0.07, max = 0.102)",0.95,"RenewableGenerationCost(CostCurve{LinearCurve}(LinearCurve(0.0, 0.0), UnitSystem.NATURAL_UNITS = 2, LinearCurve(0.0, 0.0)), CostCurve{LinearCurve}(LinearCurve(0.0, 0.0), UnitSystem.NATURAL_UNITS = 2, LinearCurve(0.0, 0.0)), 0.0)",100.0,Service[],,bus-1419,1419,"Area(0, 0.0, 0.0, 0.0, Dict{String, Any}(""I"" => """", ""ARNAME"" => """", ""PTOL"" => """", ""PDES"" => """", ""ISW"" => """"))"
gen-2021,true,0.0136235375,0.0,0.10382735906685212,PVe,"(min = -0.07, max = 0.102)",0.95,"RenewableGenerationCost(CostCurve{LinearCurve}(LinearCurve(0.0, 0.0), UnitSystem.NATURAL_UNITS = 2, LinearCurve(0.0, 0.0)), CostCurve{LinearCurve}(LinearCurve(0.0, 0.0), UnitSystem.NATURAL_UNITS = 2, LinearCurve(0.0, 0.0)), 0.0)",100.0,Service[],,bus-2304,2304,"Area(0, 0.0, 0.0, 0.0, Dict{String, Any}(""I"" => """", ""ARNAME"" => """", ""PTOL"" => """", ""PDES"" => """", ""ISW"" => """"))"
gen-1661,true,0.0227058958,0.0,0.10699896794410164,PVe,"(min = -0.07, max = 0.102)",0.95,"RenewableGenerationCost(CostCurve{LinearCurve}(LinearCurve(0.0, 0.0), UnitSystem.NATURAL_UNITS = 2, LinearCurve(0.0, 0.0)), CostCurve{LinearCurve}(LinearCurve(0.0, 0.0), UnitSystem.NATURAL_UNITS = 2, LinearCurve(0.0, 0.0)), 0.0)",100.0,Service[],,bus-1541,1541,"Area(0, 0.0, 0.0, 0.0, Dict{String, Any}(""I"" => """", ""ARNAME"" => """", ""PTOL"" => """", ""PDES"" => """", ""ISW"" => """"))"
gen-1128,true,0.0045411791600000005,0.0,0.10220465334633308,PVe,"(min = -0.07, max = 0.102)",0.95,"RenewableGenerationCost(CostCurve{LinearCurve}(LinearCurve(0.0, 0.0), UnitSystem.NATURAL_UNITS = 2, LinearCurve(0.0, 0.0)), CostCurve{LinearCurve}(LinearCurve(0.0, 0.0), UnitSystem.NATURAL_UNITS = 2, LinearCurve(0.0, 0.0)), 0.0)",100.0,Service[],,bus-1037,1037,"Area(0, 0.0, 0.0, 0.0, Dict{String, Any}(""I"" => """", ""ARNAME"" => """", ""PTOL"" => """", ""PDES"" => """", ""ISW"" => """"))"
gen-1660,true,0.01089883,0.0,0.10317323836504652,PVe,"(min = -0.07, max = 0.102)",0.95,"RenewableGenerationCost(CostCurve{LinearCurve}(LinearCurve(0.0, 0.0), UnitSystem.NATURAL_UNITS = 2, LinearCurve(0.0, 0.0)), CostCurve{LinearCurve}(LinearCurve(0.0, 0.0), UnitSystem.NATURAL_UNITS = 2, LinearCurve(0.0, 0.0)), 0.0)",100.0,Service[],,bus-8045,8045,"Area(0, 0.0, 0.0, 0.0, Dict{String, Any}(""I"" => """", ""ARNAME"" => """", ""PTOL"" => """", ""PDES"" => """", ""ISW"" => """"))"
gen-1045,true,0.0027247075,0.0,0.10207372247367037,PVe,"(min = -0.07, max = 0.102)",0.95,"RenewableGenerationCost(CostCurve{LinearCurve}(LinearCurve(0.0, 0.0), UnitSystem.NATURAL_UNITS = 2, LinearCurve(0.0, 0.0)), CostCurve{LinearCurve}(LinearCurve(0.0, 0.0), UnitSystem.NATURAL_UNITS = 2, LinearCurve(0.0, 0.0)), 0.0)",100.0,Service[],,bus-108,108,"Area(0, 0.0, 0.0, 0.0, Dict{String, Any}(""I"" => """", ""ARNAME"" => """", ""PTOL"" => """", ""PDES"" => """", ""ISW"" => """"))"
gen-1498,true,0.009082358320000001,0.0,0.10281616926620278,PVe,"(min = -0.07, max = 0.102)",0.95,"RenewableGenerationCost(CostCurve{LinearCurve}(LinearCurve(0.0, 0.0), UnitSystem.NATURAL_UNITS = 2, LinearCurve(0.0, 0.0)), CostCurve{LinearCurve}(LinearCurve(0.0, 0.0), UnitSystem.NATURAL_UNITS = 2, LinearCurve(0.0, 0.0)), 0.0)",100.0,Service[],,bus-1429,1429,"Area(0, 0.0, 0.0, 0.0, Dict{String, Any}(""I"" => """", ""ARNAME"" => """", ""PTOL"" => """", ""PDES"" => """", ""ISW"" => """"))"
gen-1107,true,0.0045411791600000005,0.0,0.10220465334633308,PVe,"(min = -0.07, max = 0.102)",0.95,"RenewableGenerationCost(CostCurve{LinearCurve}(LinearCurve(0.0, 0.0), UnitSystem.NATURAL_UNITS = 2, LinearCurve(0.0, 0.0)), CostCurve{LinearCurve}(LinearCurve(0.0, 0.0), UnitSystem.NATURAL_UNITS = 2, LinearCurve(0.0, 0.0)), 0.0)",100.0,Service[],,bus-7808,7808,"Area(0, 0.0, 0.0, 0.0, Dict{String, Any}(""I"" => """", ""ARNAME"" => """", ""PTOL"" => """", ""PDES"" => """", ""ISW"" => """"))"
gen-2102,true,0.0363294333,0.0,0.11436185815744428,PVe,"(min = -0.07, max = 0.102)",0.95,"RenewableGenerationCost(CostCurve{LinearCurve}(LinearCurve(0.0, 0.0), UnitSystem.NATURAL_UNITS = 2, LinearCurve(0.0, 0.0)), CostCurve{LinearCurve}(LinearCurve(0.0, 0.0), UnitSystem.NATURAL_UNITS = 2, LinearCurve(0.0, 0.0)), 0.0)",100.0,Service[],,bus-1418,1418,"Area(0, 0.0, 0.0, 0.0, Dict{String, Any}(""I"" => """", ""ARNAME"" => """", ""PTOL"" => """", ""PDES"" => """", ""ISW"" => """"))"
gen-1868,true,0.0181647166,0.0,0.10522670122314892,PVe,"(min = -0.07, max = 0.102)",0.95,"RenewableGenerationCost(CostCurve{LinearCurve}(LinearCurve(0.0, 0.0), UnitSystem.NATURAL_UNITS = 2, LinearCurve(0.0, 0.0)), CostCurve{LinearCurve}(LinearCurve(0.0, 0.0), UnitSystem.NATURAL_UNITS = 2, LinearCurve(0.0, 0.0)), 0.0)",100.0,Service[],,bus-385,385,"Area(0, 0.0, 0.0, 0.0, Dict{String, Any}(""I"" => """", ""ARNAME"" => """", ""PTOL"" => """", ""PDES"" => """", ""ISW"" => """"))"
gen-1134,true,0.0045411791600000005,0.0,0.10220465334633308,PVe,"(min = -0.07, max = 0.102)",0.95,"RenewableGenerationCost(CostCurve{LinearCurve}(LinearCurve(0.0, 0.0), UnitSystem.NATURAL_UNITS = 2, LinearCurve(0.0, 0.0)), CostCurve{LinearCurve}(LinearCurve(0.0, 0.0), UnitSystem.NATURAL_UNITS = 2, LinearCurve(0.0, 0.0)), 0.0)",100.0,Service[],,bus-1031,1031,"Area(0, 0.0, 0.0, 0.0, Dict{String, Any}(""I"" => """", ""ARNAME"" => """", ""PTOL"" => """", ""PDES"" => """", ""ISW"" => """"))"
gen-1183,true,0.0681176874,0.0,0.28253655143171486,PVe,"(min = -0.16125, max = 0.265375)",0.95,"RenewableGenerationCost(CostCurve{LinearCurve}(LinearCurve(0.0, 0.0), UnitSystem.NATURAL_UNITS = 2, LinearCurve(0.0, 0.0)), CostCurve{LinearCurve}(LinearCurve(0.0, 0.0), UnitSystem.NATURAL_UNITS = 2, LinearCurve(0.0, 0.0)), 0.0)",100.0,Service[],,bus-448,448,"Area(0, 0.0, 0.0, 0.0, Dict{String, Any}(""I"" => """", ""ARNAME"" => """", ""PTOL"" => """", ""PDES"" => """", ""ISW"" => """"))"
gen-1176,true,0.0908235832,0.0,0.16468292643029597,PVe,"(min = -0.07, max = 0.102)",0.95,"RenewableGenerationCost(CostCurve{LinearCurve}(LinearCurve(0.0, 0.0), UnitSystem.NATURAL_UNITS = 2, LinearCurve(0.0, 0.0)), CostCurve{LinearCurve}(LinearCurve(0.0, 0.0), UnitSystem.NATURAL_UNITS = 2, LinearCurve(0.0, 0.0)), 0.0)",100.0,Service[],,bus-1508,1508,"Area(0, 0.0, 0.0, 0.0, Dict{String, Any}(""I"" => """", ""ARNAME"" => """", ""PTOL"" => """", ""PDES"" => """", ""ISW"" => """"))"
gen-1956,true,0.031788254099999996,0.0,0.11158748637979829,PVe,"(min = -0.07, max = 0.102)",0.95,"RenewableGenerationCost(CostCurve{LinearCurve}(LinearCurve(0.0, 0.0), UnitSystem.NATURAL_UNITS = 2, LinearCurve(0.0, 0.0)), CostCurve{LinearCurve}(LinearCurve(0.0, 0.0), UnitSystem.NATURAL_UNITS = 2, LinearCurve(0.0, 0.0)), 0.0)",100.0,Service[],,bus-957,957,"Area(0, 0.0, 0.0, 0.0, Dict{String, Any}(""I"" => """", ""ARNAME"" => """", ""PTOL"" => """", ""PDES"" => """", ""ISW"" => """"))"
gen-1603,true,0.051769442400000004,0.0,0.14082322212638487,PVe,"(min = -0.05325, max = 0.12)",0.95,"RenewableGenerationCost(CostCurve{LinearCurve}(LinearCurve(0.0, 0.0), UnitSystem.NATURAL_UNITS = 2, LinearCurve(0.0, 0.0)), CostCurve{LinearCurve}(LinearCurve(0.0, 0.0), UnitSystem.NATURAL_UNITS = 2, LinearCurve(0.0, 0.0)), 0.0)",100.0,Service[],,bus-181,181,"Area(0, 0.0, 0.0, 0.0, Dict{String, Any}(""I"" => """", ""ARNAME"" => """", ""PTOL"" => """", ""PDES"" => """", ""ISW"" => """"))"
gen-2003,true,0.009082358320000001,0.0,0.10281616926620278,PVe,"(min = -0.07, max = 0.102)",0.95,"RenewableGenerationCost(CostCurve{LinearCurve}(LinearCurve(0.0, 0.0), UnitSystem.NATURAL_UNITS = 2, LinearCurve(0.0, 0.0)), CostCurve{LinearCurve}(LinearCurve(0.0, 0.0), UnitSystem.NATURAL_UNITS = 2, LinearCurve(0.0, 0.0)), 0.0)",100.0,Service[],,bus-1344,1344,"Area(0, 0.0, 0.0, 0.0, Dict{String, Any}(""I"" => """", ""ARNAME"" => """", ""PTOL"" => """", ""PDES"" => """", ""ISW"" => """"))"
gen-2080,true,0.0100000674,0.0,0.01,BA,"(min = 0.0, max = 0.0)",0.95,"RenewableGenerationCost(CostCurve{LinearCurve}(LinearCurve(16.3717118, 401.19412), UnitSystem.NATURAL_UNITS = 2, LinearCurve(0.0, 0.0)), CostCurve{LinearCurve}(LinearCurve(0.0, 0.0), UnitSystem.NATURAL_UNITS = 2, LinearCurve(0.0, 0.0)), 0.0)",100.0,Service[],,bus-1081,1081,"Area(0, 0.0, 0.0, 0.0, Dict{String, Any}(""I"" => """", ""ARNAME"" => """", ""PTOL"" => """", ""PDES"" => """", ""ISW"" => """"))"
gen-1341,true,0.6518192039999999,0.0,1.518896162060077,WT,"(min = -0.225631579, max = 0.23884210499999997)",0.95,"RenewableGenerationCost(CostCurve{LinearCurve}(LinearCurve(0.0, 0.0), UnitSystem.NATURAL_UNITS = 2, LinearCurve(0.0, 0.0)), CostCurve{LinearCurve}(LinearCurve(0.0, 0.0), UnitSystem.NATURAL_UNITS = 2, LinearCurve(0.0, 0.0)), 0.0)",100.0,Service[],,bus-1683,1683,"Area(0, 0.0, 0.0, 0.0, Dict{String, Any}(""I"" => """", ""ARNAME"" => """", ""PTOL"" => """", ""PDES"" => """", ""ISW"" => """"))"
gen-1916,true,0.569689985,0.0,1.3325789099039618,WT,"(min = -0.225631579, max = 0.23884210499999997)",0.95,"RenewableGenerationCost(CostCurve{LinearCurve}(LinearCurve(0.0, 0.0), UnitSystem.NATURAL_UNITS = 2, LinearCurve(0.0, 0.0)), CostCurve{LinearCurve}(LinearCurve(0.0, 0.0), UnitSystem.NATURAL_UNITS = 2, LinearCurve(0.0, 0.0)), 0.0)",100.0,Service[],,bus-1682,1682,"Area(0, 0.0, 0.0, 0.0, Dict{String, Any}(""I"" => """", ""ARNAME"" => """", ""PTOL"" => """", ""PDES"" => """", ""ISW"" => """"))"
