number,name,available,bustype,angle,magnitude,voltage_limits,base_voltage,area,load_zone
6053,bus-6053,true,PQ,-0.0005647149157402111,1.0,"(min = 0.94, max = 1.06)",66.0,0,0
3596,bus-3596,true,PQ,-0.03341408889572514,1.0,"(min = 0.94, max = 1.06)",66.0,0,0
3145,bus-3145,true,PQ,-0.0327935325423225,1.0,"(min = 0.94, max = 1.06)",115.0,0,0
661,bus-661,true,PQ,-0.03610729773783133,1.0,"(min = 0.94, max = 1.06)",66.0,0,0
1408,bus-1408,true,PQ,-0.03712570084702852,1.0,"(min = 0.94, max = 1.06)",66.0,0,0
3663,bus-3663,true,PQ,-0.03636317871413697,1.0,"(min = 0.94, max = 1.06)",66.0,0,0
995,bus-995,true,PV,1.9790041075208696e-6,1.0,"(min = 0.94, max = 1.06)",66.0,0,0
3338,bus-3338,true,PQ,-0.03340281406875725,1.0,"(min = 0.94, max = 1.06)",230.0,0,0
361,bus-361,true,PQ,-0.005618398523166934,1.0,"(min = 0.94, max = 1.06)",115.0,0,0
7989,bus-7989,true,PV,0.0014495562885401784,1.0,"(min = 0.94, max = 1.06)",230.0,0,0
7180,bus-7180,true,PQ,-0.03491360981559294,1.0,"(min = 0.94, max = 1.06)",66.0,0,0
338,bus-338,true,PQ,-0.038919598597848576,1.0,"(min = 0.94, max = 1.06)",66.0,0,0
4866,bus-4866,true,PQ,0.001551229861175138,1.0,"(min = 0.94, max = 1.06)",500.0,0,0
466,bus-466,true,PQ,-0.0003364303280942135,1.0,"(min = 0.94, max = 1.06)",66.0,0,0
296,bus-296,true,PQ,-0.0030981744119471955,1.0,"(min = 0.94, max = 1.06)",66.0,0,0
5550,bus-5550,true,PQ,0.009696512338629535,1.0,"(min = 0.94, max = 1.06)",115.0,0,0
2342,bus-2342,true,PQ,-0.03449422988561898,1.0,"(min = 0.94, max = 1.06)",66.0,0,0
4401,bus-4401,true,PQ,-0.03448312802077997,1.0,"(min = 0.94, max = 1.06)",66.0,0,0
4514,bus-4514,true,PQ,-0.03232732438131998,1.0,"(min = 0.94, max = 1.06)",66.0,0,0
4751,bus-4751,true,PQ,-0.0009240504736987001,1.0,"(min = 0.94, max = 1.06)",66.0,0,0
1939,bus-1939,true,PQ,-0.0006046318488797244,1.0,"(min = 0.94, max = 1.06)",66.0,0,0
6877,bus-6877,true,PQ,0.0074715108798241465,1.0,"(min = 0.94, max = 1.06)",66.0,0,0
8482,bus-8482,true,PQ,0.0014506081286671853,1.0,"(min = 0.94, max = 1.06)",66.0,0,0
8695,bus-8695,true,PQ,-0.03416256898211978,1.0,"(min = 0.94, max = 1.06)",66.0,0,0
4243,bus-4243,true,PQ,-0.019178861154146545,1.0,"(min = 0.94, max = 1.06)",66.0,0,0
5483,bus-5483,true,PQ,0.0027126543057942373,1.0,"(min = 0.94, max = 1.06)",115.0,0,0
5904,bus-5904,true,PQ,-0.0004837375620951555,1.0,"(min = 0.94, max = 1.06)",66.0,0,0
7948,bus-7948,true,PQ,-0.001448075825219479,1.0,"(min = 0.94, max = 1.06)",500.0,0,0
8661,bus-8661,true,PQ,-0.034856316764902355,1.0,"(min = 0.94, max = 1.06)",66.0,0,0
6273,bus-6273,true,PQ,0.0005050807432228472,1.0,"(min = 0.94, max = 1.06)",66.0,0,0
8437,bus-8437,true,PQ,0.004058624893076178,1.0,"(min = 0.94, max = 1.06)",66.0,0,0
206,bus-206,true,PV,0.015383735826453762,1.0,"(min = 0.94, max = 1.06)",66.0,0,0
7064,bus-7064,true,PQ,-0.032523928042108435,1.0,"(min = 0.94, max = 1.06)",230.0,0,0
3579,bus-3579,true,PQ,-0.036142983088783456,1.0,"(min = 0.94, max = 1.06)",66.0,0,0
6130,bus-6130,true,PQ,-0.0004999724926241591,1.0,"(min = 0.94, max = 1.06)",66.0,0,0
8224,bus-8224,true,PQ,0.011802039081178778,1.0,"(min = 0.94, max = 1.06)",66.0,0,0
1253,bus-1253,true,PV,-0.03236592233772784,1.0,"(min = 0.94, max = 1.06)",115.0,0,0
5367,bus-5367,true,PQ,0.005271041035946505,1.0,"(min = 0.94, max = 1.06)",66.0,0,0
1387,bus-1387,true,PQ,-0.036560592905830046,1.0,"(min = 0.94, max = 1.06)",66.0,0,0
8779,bus-8779,true,PQ,-0.032579311178998566,1.0,"(min = 0.94, max = 1.06)",115.0,0,0
2872,bus-2872,true,PQ,-0.006522195005910942,1.0,"(min = 0.94, max = 1.06)",115.0,0,0
3365,bus-3365,true,PQ,-0.032084076272673206,1.0,"(min = 0.94, max = 1.06)",115.0,0,0
7528,bus-7528,true,PQ,-0.02934062620818618,1.0,"(min = 0.94, max = 1.06)",66.0,0,0
4738,bus-4738,true,PQ,-0.0013297034554282379,1.0,"(min = 0.94, max = 1.06)",66.0,0,0
6872,bus-6872,true,PQ,0.0071870740829344405,1.0,"(min = 0.94, max = 1.06)",66.0,0,0
7310,bus-7310,true,PQ,-0.034521635394599647,1.0,"(min = 0.94, max = 1.06)",66.0,0,0
4222,bus-4222,true,PQ,-0.003411089327362673,1.0,"(min = 0.94, max = 1.06)",115.0,0,0
5215,bus-5215,true,PQ,0.001976322007699452,1.0,"(min = 0.94, max = 1.06)",66.0,0,0
2221,bus-2221,true,PV,-0.034302920506583526,1.0,"(min = 0.94, max = 1.06)",66.0,0,0
2432,bus-2432,true,PQ,0.00048668413340345677,1.0,"(min = 0.94, max = 1.06)",66.0,0,0
239,bus-239,true,PV,-0.005477610928189574,1.0,"(min = 0.94, max = 1.06)",115.0,0,0
6254,bus-6254,true,PQ,5.236763886448058e-5,1.0,"(min = 0.94, max = 1.06)",66.0,0,0
1806,bus-1806,true,PV,-0.028022194193787084,1.0,"(min = 0.94, max = 1.06)",115.0,0,0
7196,bus-7196,true,PQ,-0.034939455698354036,1.0,"(min = 0.94, max = 1.06)",66.0,0,0
792,bus-792,true,PQ,0.009640247967546775,1.0,"(min = 0.94, max = 1.06)",115.0,0,0
1159,bus-1159,true,PQ,-0.03227906061698166,1.0,"(min = 0.94, max = 1.06)",66.0,0,0
3534,bus-3534,true,PQ,-0.03825902167016478,1.0,"(min = 0.94, max = 1.06)",66.0,0,0
7633,bus-7633,true,PQ,-0.029329296926945633,1.0,"(min = 0.94, max = 1.06)",66.0,0,0
100,bus-100,true,PQ,-0.03449960497611635,1.0,"(min = 0.94, max = 1.06)",115.0,0,0
332,bus-332,true,PQ,-0.04555463320651811,1.0,"(min = 0.94, max = 1.06)",66.0,0,0
700,bus-700,true,PV,0.0016564862561705667,1.0,"(min = 0.94, max = 1.06)",66.0,0,0
6488,bus-6488,true,PQ,0.001858365291560232,1.0,"(min = 0.94, max = 1.06)",66.0,0,0
7648,bus-7648,true,PQ,-0.03433285883737469,1.0,"(min = 0.94, max = 1.06)",66.0,0,0
4216,bus-4216,true,PQ,-0.00548613661723947,1.0,"(min = 0.94, max = 1.06)",66.0,0,0
6658,bus-6658,true,PQ,0.009219616444512916,1.0,"(min = 0.94, max = 1.06)",115.0,0,0
5533,bus-5533,true,PQ,0.009931703082424602,1.0,"(min = 0.94, max = 1.06)",115.0,0,0
7280,bus-7280,true,PQ,-0.03447019879621412,1.0,"(min = 0.94, max = 1.06)",66.0,0,0
2099,bus-2099,true,PQ,-0.0007499264529630707,1.0,"(min = 0.94, max = 1.06)",66.0,0,0
1249,bus-1249,true,PQ,-0.03344179337960667,1.0,"(min = 0.94, max = 1.06)",66.0,0,0
3308,bus-3308,true,PQ,-0.005529082014281118,1.0,"(min = 0.94, max = 1.06)",115.0,0,0
1831,bus-1831,true,PQ,0.011287970588694534,1.0,"(min = 0.94, max = 1.06)",230.0,0,0
3878,bus-3878,true,PQ,-0.03105667110426007,1.0,"(min = 0.94, max = 1.06)",115.0,0,0
3577,bus-3577,true,PQ,-0.03427127489471807,1.0,"(min = 0.94, max = 1.06)",66.0,0,0
587,bus-587,true,PQ,-0.03521646161632702,1.0,"(min = 0.94, max = 1.06)",66.0,0,0
5135,bus-5135,true,PQ,0.005837681166788726,1.0,"(min = 0.94, max = 1.06)",66.0,0,0
2204,bus-2204,true,PV,-0.0013223056522461863,1.0,"(min = 0.94, max = 1.06)",66.0,0,0
2514,bus-2514,true,PQ,0.010431569464266226,1.0,"(min = 0.94, max = 1.06)",115.0,0,0
8127,bus-8127,true,PQ,-0.02886537095847302,1.0,"(min = 0.94, max = 1.06)",115.0,0,0
6498,bus-6498,true,PQ,-0.0031516224499357664,1.0,"(min = 0.94, max = 1.06)",66.0,0,0
3102,bus-3102,true,PQ,-0.03098287317296507,1.0,"(min = 0.94, max = 1.06)",230.0,0,0
4690,bus-4690,true,PQ,0.0028488418411818715,1.0,"(min = 0.94, max = 1.06)",66.0,0,0
843,bus-843,true,PQ,-0.03440550205883657,1.0,"(min = 0.94, max = 1.06)",66.0,0,0
732,bus-732,true,PQ,0.0048955162558867935,1.0,"(min = 0.94, max = 1.06)",115.0,0,0
3622,bus-3622,true,PQ,-0.037123121773992865,1.0,"(min = 0.94, max = 1.06)",66.0,0,0
4960,bus-4960,true,PQ,-0.0032812253292945244,1.0,"(min = 0.94, max = 1.06)",66.0,0,0
1502,bus-1502,true,PV,-0.03220119711572706,1.0,"(min = 0.94, max = 1.06)",115.0,0,0
1855,bus-1855,true,PV,0.010149873637153606,1.0,"(min = 0.94, max = 1.06)",115.0,0,0
3510,bus-3510,true,PQ,-0.052824897326144725,1.0,"(min = 0.94, max = 1.06)",66.0,0,0
7722,bus-7722,true,PQ,-0.03377850893115258,1.0,"(min = 0.94, max = 1.06)",115.0,0,0
5568,bus-5568,true,PQ,-0.000503493751985923,1.0,"(min = 0.94, max = 1.06)",66.0,0,0
66,bus-66,true,PQ,-0.036633061943432584,1.0,"(min = 0.94, max = 1.06)",66.0,0,0
2607,bus-2607,true,PQ,0.014041973332718134,1.0,"(min = 0.94, max = 1.06)",66.0,0,0
1522,bus-1522,true,PV,0.006704473405624753,1.0,"(min = 0.94, max = 1.06)",66.0,0,0
4483,bus-4483,true,PQ,-0.0347928716031314,1.0,"(min = 0.94, max = 1.06)",66.0,0,0
897,bus-897,true,PQ,-0.03475695726498142,1.0,"(min = 0.94, max = 1.06)",66.0,0,0
1934,bus-1934,true,PQ,-0.0022372868663167607,1.0,"(min = 0.94, max = 1.06)",66.0,0,0
3775,bus-3775,true,PQ,-0.0321196492244215,1.0,"(min = 0.94, max = 1.06)",66.0,0,0
8565,bus-8565,true,PV,-0.0328177350230599,1.0,"(min = 0.94, max = 1.06)",230.0,0,0
4463,bus-4463,true,PQ,-0.03496193431738924,1.0,"(min = 0.94, max = 1.06)",66.0,0,0
28,bus-28,true,PV,-0.03238648999576504,1.0,"(min = 0.94, max = 1.06)",66.0,0,0
370,bus-370,true,PQ,-0.0010521807070664783,1.0,"(min = 0.94, max = 1.06)",66.0,0,0
913,bus-913,true,PQ,-0.03503946131916405,1.0,"(min = 0.94, max = 1.06)",66.0,0,0
6800,bus-6800,true,PQ,0.007741596410233357,1.0,"(min = 0.94, max = 1.06)",230.0,0,0
415,bus-415,true,PQ,-0.00015049123483922976,1.0,"(min = 0.94, max = 1.06)",66.0,0,0
4916,bus-4916,true,PQ,0.012323431935135482,1.0,"(min = 0.94, max = 1.06)",66.0,0,0
8360,bus-8360,true,PQ,0.00796936709615308,1.0,"(min = 0.94, max = 1.06)",115.0,0,0
8244,bus-8244,true,PQ,-0.006454195285283869,1.0,"(min = 0.94, max = 1.06)",230.0,0,0
6812,bus-6812,true,PQ,0.0077012462130696705,1.0,"(min = 0.94, max = 1.06)",115.0,0,0
4341,bus-4341,true,PQ,-0.03431800311838049,1.0,"(min = 0.94, max = 1.06)",115.0,0,0
7843,bus-7843,true,PQ,-0.0341470727272901,1.0,"(min = 0.94, max = 1.06)",66.0,0,0
2568,bus-2568,true,PQ,0.014846393804726484,1.0,"(min = 0.94, max = 1.06)",66.0,0,0
5427,bus-5427,true,PQ,4.254952390417087e-5,1.0,"(min = 0.94, max = 1.06)",66.0,0,0
572,bus-572,true,PQ,-0.012569306362880782,1.0,"(min = 0.94, max = 1.06)",230.0,0,0
2484,bus-2484,true,PQ,-0.03252686508217369,1.0,"(min = 0.94, max = 1.06)",115.0,0,0
205,bus-205,true,PQ,0.013841271394499904,1.0,"(min = 0.94, max = 1.06)",115.0,0,0
7594,bus-7594,true,PQ,-0.030841419473078686,1.0,"(min = 0.94, max = 1.06)",230.0,0,0
5835,bus-5835,true,PQ,-0.0008393640789723294,1.0,"(min = 0.94, max = 1.06)",66.0,0,0
3541,bus-3541,true,PQ,-0.006390179104141547,1.0,"(min = 0.94, max = 1.06)",66.0,0,0
3263,bus-3263,true,PQ,-0.03075574422715802,1.0,"(min = 0.94, max = 1.06)",115.0,0,0
227,bus-227,true,PV,-0.0029553745919686254,1.0,"(min = 0.94, max = 1.06)",115.0,0,0
6639,bus-6639,true,PQ,0.00150592607227377,1.0,"(min = 0.94, max = 1.06)",115.0,0,0
7385,bus-7385,true,PQ,-0.03484145668258502,1.0,"(min = 0.94, max = 1.06)",66.0,0,0
917,bus-917,true,PV,-0.03453307812224157,1.0,"(min = 0.94, max = 1.06)",66.0,0,0
3018,bus-3018,true,PQ,-0.035417735778193814,1.0,"(min = 0.94, max = 1.06)",115.0,0,0
824,bus-824,true,PQ,-0.0347189857072421,1.0,"(min = 0.94, max = 1.06)",66.0,0,0
5637,bus-5637,true,PQ,0.0015973084628179899,1.0,"(min = 0.94, max = 1.06)",66.0,0,0
5419,bus-5419,true,PQ,0.00024456033095422995,1.0,"(min = 0.94, max = 1.06)",230.0,0,0
1601,bus-1601,true,PV,-0.034602469969839914,1.0,"(min = 0.94, max = 1.06)",115.0,0,0
96,bus-96,true,PQ,-0.03454754149121993,1.0,"(min = 0.94, max = 1.06)",66.0,0,0
6724,bus-6724,true,PQ,0.000579574158554171,1.0,"(min = 0.94, max = 1.06)",66.0,0,0
7705,bus-7705,true,PQ,-0.03558495280676766,1.0,"(min = 0.94, max = 1.06)",66.0,0,0
575,bus-575,true,PQ,-0.012543645799179675,1.0,"(min = 0.94, max = 1.06)",115.0,0,0
5635,bus-5635,true,PQ,0.00153246689278312,1.0,"(min = 0.94, max = 1.06)",66.0,0,0
4715,bus-4715,true,PV,0.0020582713072796756,1.0,"(min = 0.94, max = 1.06)",500.0,0,0
6110,bus-6110,true,PQ,0.0004825111209751084,1.0,"(min = 0.94, max = 1.06)",66.0,0,0
7684,bus-7684,true,PQ,-0.03578593549864937,1.0,"(min = 0.94, max = 1.06)",66.0,0,0
7138,bus-7138,true,PQ,-0.03475352751846832,1.0,"(min = 0.94, max = 1.06)",66.0,0,0
2926,bus-2926,true,PQ,-0.03032035177396163,1.0,"(min = 0.94, max = 1.06)",230.0,0,0
36,bus-36,true,PQ,-0.03789742051601225,1.0,"(min = 0.94, max = 1.06)",66.0,0,0
8691,bus-8691,true,PQ,-0.0065683135860656406,1.0,"(min = 0.94, max = 1.06)",115.0,0,0
2778,bus-2778,true,PQ,-0.03632451373708584,1.0,"(min = 0.94, max = 1.06)",66.0,0,0
3544,bus-3544,true,PQ,0.010406440108976258,1.0,"(min = 0.94, max = 1.06)",66.0,0,0
1931,bus-1931,true,PV,-0.0012172582464660495,1.0,"(min = 0.94, max = 1.06)",66.0,0,0
6028,bus-6028,true,PQ,-0.0012687535908888674,1.0,"(min = 0.94, max = 1.06)",66.0,0,0
8207,bus-8207,true,PQ,0.0004982227773597546,1.0,"(min = 0.94, max = 1.06)",230.0,0,0
629,bus-629,true,PQ,0.013521852963412476,1.0,"(min = 0.94, max = 1.06)",115.0,0,0
2896,bus-2896,true,PQ,-0.021885303955305982,1.0,"(min = 0.94, max = 1.06)",66.0,0,0
1185,bus-1185,true,PQ,-0.0324844769687622,1.0,"(min = 0.94, max = 1.06)",66.0,0,0
4803,bus-4803,true,PQ,-0.0005482339758171511,1.0,"(min = 0.94, max = 1.06)",230.0,0,0
3360,bus-3360,true,PQ,-0.031108400394361156,1.0,"(min = 0.94, max = 1.06)",230.0,0,0
1793,bus-1793,true,PV,-0.03232584154958749,1.0,"(min = 0.94, max = 1.06)",66.0,0,0
2566,bus-2566,true,PQ,0.014895363572200533,1.0,"(min = 0.94, max = 1.06)",66.0,0,0
5694,bus-5694,true,PQ,0.0013539691624631259,1.0,"(min = 0.94, max = 1.06)",66.0,0,0
2516,bus-2516,true,PQ,0.010431379973869339,1.0,"(min = 0.94, max = 1.06)",115.0,0,0
1508,bus-1508,true,PV,0.0007467112981721679,1.0,"(min = 0.94, max = 1.06)",500.0,0,0
6195,bus-6195,true,PQ,-0.0005657343154324112,1.0,"(min = 0.94, max = 1.06)",66.0,0,0
3642,bus-3642,true,PQ,-0.03580342788654456,1.0,"(min = 0.94, max = 1.06)",66.0,0,0
4736,bus-4736,true,PQ,0.012686562468951668,1.0,"(min = 0.94, max = 1.06)",115.0,0,0
1104,bus-1104,true,PQ,0.006527465341746605,1.0,"(min = 0.94, max = 1.06)",66.0,0,0
2359,bus-2359,true,PQ,0.0022260980666277083,1.0,"(min = 0.94, max = 1.06)",66.0,0,0
6941,bus-6941,true,PQ,0.00680486919478906,1.0,"(min = 0.94, max = 1.06)",66.0,0,0
1308,bus-1308,true,PQ,-0.036837683123205914,1.0,"(min = 0.94, max = 1.06)",66.0,0,0
1918,bus-1918,true,PV,-0.02843470695128614,1.0,"(min = 0.94, max = 1.06)",230.0,0,0
2585,bus-2585,true,PQ,0.015790045317272097,1.0,"(min = 0.94, max = 1.06)",66.0,0,0
4661,bus-4661,true,PQ,-0.006568131530771365,1.0,"(min = 0.94, max = 1.06)",115.0,0,0
4191,bus-4191,true,PQ,-0.009165411876106776,1.0,"(min = 0.94, max = 1.06)",66.0,0,0
6338,bus-6338,true,PQ,-0.0007748757775406969,1.0,"(min = 0.94, max = 1.06)",66.0,0,0
1548,bus-1548,true,PQ,-0.028614945532343266,1.0,"(min = 0.94, max = 1.06)",115.0,0,0
352,bus-352,true,PQ,-0.0013496422626093,1.0,"(min = 0.94, max = 1.06)",66.0,0,0
2884,bus-2884,true,PQ,-0.0321144186471862,1.0,"(min = 0.94, max = 1.06)",115.0,0,0
8218,bus-8218,true,PQ,0.014931842576723418,1.0,"(min = 0.94, max = 1.06)",115.0,0,0
8525,bus-8525,true,PQ,-0.03422541217983171,1.0,"(min = 0.94, max = 1.06)",115.0,0,0
870,bus-870,true,PQ,-0.03452209476525877,1.0,"(min = 0.94, max = 1.06)",66.0,0,0
1629,bus-1629,true,PV,0.013906937260851212,1.0,"(min = 0.94, max = 1.06)",115.0,0,0
1778,bus-1778,true,PQ,-0.03453754023100722,1.0,"(min = 0.94, max = 1.06)",66.0,0,0
3409,bus-3409,true,PQ,-0.03136666758482012,1.0,"(min = 0.94, max = 1.06)",230.0,0,0
8603,bus-8603,true,PQ,0.015480429335942274,1.0,"(min = 0.94, max = 1.06)",500.0,0,0
4648,bus-4648,true,PQ,-0.031461954533464453,1.0,"(min = 0.94, max = 1.06)",66.0,0,0
4199,bus-4199,true,PQ,-0.01228056240755642,1.0,"(min = 0.94, max = 1.06)",66.0,0,0
640,bus-640,true,PQ,-0.027920154042668004,1.0,"(min = 0.94, max = 1.06)",66.0,0,0
8582,bus-8582,true,PQ,-0.03556326412375191,1.0,"(min = 0.94, max = 1.06)",115.0,0,0
968,bus-968,true,PQ,-0.034990823356234095,1.0,"(min = 0.94, max = 1.06)",66.0,0,0
1117,bus-1117,true,PQ,0.0077632016316042845,1.0,"(min = 0.94, max = 1.06)",66.0,0,0
1966,bus-1966,true,PQ,-0.022402786224540668,1.0,"(min = 0.94, max = 1.06)",115.0,0,0
2379,bus-2379,true,PQ,0.010668054404608232,1.0,"(min = 0.94, max = 1.06)",500.0,0,0
8803,bus-8803,true,PQ,0.0053732004454133675,1.0,"(min = 0.94, max = 1.06)",66.0,0,0
2172,bus-2172,true,PQ,-0.034175551613760735,1.0,"(min = 0.94, max = 1.06)",66.0,0,0
8388,bus-8388,true,PQ,-0.006720896849166265,1.0,"(min = 0.94, max = 1.06)",66.0,0,0
40,bus-40,true,PQ,-0.03424145035939414,1.0,"(min = 0.94, max = 1.06)",66.0,0,0
2035,bus-2035,true,PQ,0.0005225390657816947,1.0,"(min = 0.94, max = 1.06)",66.0,0,0
7164,bus-7164,true,PQ,-0.03503852128482893,1.0,"(min = 0.94, max = 1.06)",66.0,0,0
4633,bus-4633,true,PQ,-0.0335410821936929,1.0,"(min = 0.94, max = 1.06)",66.0,0,0
1133,bus-1133,true,PV,-0.029363062415720568,1.0,"(min = 0.94, max = 1.06)",115.0,0,0
8053,bus-8053,true,PQ,-0.029443955110424927,1.0,"(min = 0.94, max = 1.06)",115.0,0,0
7366,bus-7366,true,PQ,-0.03508121273646441,1.0,"(min = 0.94, max = 1.06)",66.0,0,0
5414,bus-5414,true,PQ,-0.0009100376405227997,1.0,"(min = 0.94, max = 1.06)",230.0,0,0
2556,bus-2556,true,PQ,0.014931989358913511,1.0,"(min = 0.94, max = 1.06)",115.0,0,0
2617,bus-2617,true,PQ,0.016212002330606382,1.0,"(min = 0.94, max = 1.06)",66.0,0,0
6138,bus-6138,true,PQ,-0.0011804430304427063,1.0,"(min = 0.94, max = 1.06)",66.0,0,0
1633,bus-1633,true,PQ,-0.00015992128997752546,1.0,"(min = 0.94, max = 1.06)",230.0,0,0
7263,bus-7263,true,PQ,-0.03446545481677427,1.0,"(min = 0.94, max = 1.06)",66.0,0,0
8323,bus-8323,true,PQ,0.002235302025531515,1.0,"(min = 0.94, max = 1.06)",115.0,0,0
4303,bus-4303,true,PQ,-0.004061679254173753,1.0,"(min = 0.94, max = 1.06)",66.0,0,0
2408,bus-2408,true,PQ,0.016134301336958437,1.0,"(min = 0.94, max = 1.06)",115.0,0,0
1499,bus-1499,true,PV,-0.03148935253752933,1.0,"(min = 0.94, max = 1.06)",115.0,0,0
201,bus-201,true,PQ,0.015825820378147774,1.0,"(min = 0.94, max = 1.06)",66.0,0,0
2257,bus-2257,true,PQ,-0.029412756302847974,1.0,"(min = 0.94, max = 1.06)",66.0,0,0
6213,bus-6213,true,PQ,-0.0004840069449385547,1.0,"(min = 0.94, max = 1.06)",66.0,0,0
846,bus-846,true,PQ,-0.034661247946658105,1.0,"(min = 0.94, max = 1.06)",66.0,0,0
837,bus-837,true,PQ,-0.035100961486016574,1.0,"(min = 0.94, max = 1.06)",66.0,0,0
8598,bus-8598,true,PQ,0.0056270685160393855,1.0,"(min = 0.94, max = 1.06)",115.0,0,0
3567,bus-3567,true,PQ,-0.04595458762191738,1.0,"(min = 0.94, max = 1.06)",66.0,0,0
127,bus-127,true,PQ,-0.01226997066755118,1.0,"(min = 0.94, max = 1.06)",66.0,0,0
7553,bus-7553,true,PQ,-0.0010253437216363576,1.0,"(min = 0.94, max = 1.06)",66.0,0,0
7846,bus-7846,true,PQ,0.0025073093205268035,1.0,"(min = 0.94, max = 1.06)",66.0,0,0
2780,bus-2780,true,PQ,-0.034492639541604565,1.0,"(min = 0.94, max = 1.06)",115.0,0,0
8510,bus-8510,true,PQ,-0.03142394457848159,1.0,"(min = 0.94, max = 1.06)",115.0,0,0
4049,bus-4049,true,PQ,-0.023606001550099842,1.0,"(min = 0.94, max = 1.06)",66.0,0,0
430,bus-430,true,PQ,-3.364545654815359e-5,1.0,"(min = 0.94, max = 1.06)",66.0,0,0
1553,bus-1553,true,PV,0.0022498980395330185,1.0,"(min = 0.94, max = 1.06)",66.0,0,0
1653,bus-1653,true,PV,-0.009584781177025593,1.0,"(min = 0.94, max = 1.06)",115.0,0,0
2273,bus-2273,true,PQ,0.00015282670703521315,1.0,"(min = 0.94, max = 1.06)",66.0,0,0
7811,bus-7811,true,PQ,-0.028446390534364843,1.0,"(min = 0.94, max = 1.06)",66.0,0,0
6684,bus-6684,true,PQ,0.000713934414500113,1.0,"(min = 0.94, max = 1.06)",230.0,0,0
3929,bus-3929,true,PQ,-0.033905860021616996,1.0,"(min = 0.94, max = 1.06)",66.0,0,0
6163,bus-6163,true,PQ,-0.0008354411634991456,1.0,"(min = 0.94, max = 1.06)",66.0,0,0
3585,bus-3585,true,PQ,-0.033280515531944437,1.0,"(min = 0.94, max = 1.06)",115.0,0,0
2395,bus-2395,true,PQ,0.002205751419633686,1.0,"(min = 0.94, max = 1.06)",66.0,0,0
4181,bus-4181,true,PQ,-0.024896592595869908,1.0,"(min = 0.94, max = 1.06)",66.0,0,0
6536,bus-6536,true,PQ,-0.0005015085900600951,1.0,"(min = 0.94, max = 1.06)",66.0,0,0
6631,bus-6631,true,PQ,0.0015930768823759324,1.0,"(min = 0.94, max = 1.06)",66.0,0,0
1211,bus-1211,true,PQ,-0.004436771192578971,1.0,"(min = 0.94, max = 1.06)",115.0,0,0
2699,bus-2699,true,PQ,-0.029227226756163426,1.0,"(min = 0.94, max = 1.06)",66.0,0,0
6695,bus-6695,true,PQ,0.0015666111913095638,1.0,"(min = 0.94, max = 1.06)",66.0,0,0
7449,bus-7449,true,PQ,-0.03440494721866736,1.0,"(min = 0.94, max = 1.06)",66.0,0,0
8135,bus-8135,true,PQ,0.00559656691513873,1.0,"(min = 0.94, max = 1.06)",66.0,0,0
6239,bus-6239,true,PQ,0.0003707159860727643,1.0,"(min = 0.94, max = 1.06)",66.0,0,0
7049,bus-7049,true,PQ,-0.034101997679495163,1.0,"(min = 0.94, max = 1.06)",66.0,0,0
5726,bus-5726,true,PQ,0.000972486456655636,1.0,"(min = 0.94, max = 1.06)",66.0,0,0
7760,bus-7760,true,PQ,0.0007418581815488655,1.0,"(min = 0.94, max = 1.06)",230.0,0,0
4929,bus-4929,true,PQ,-0.004620812706449854,1.0,"(min = 0.94, max = 1.06)",66.0,0,0
5656,bus-5656,true,PQ,0.0014205457468541112,1.0,"(min = 0.94, max = 1.06)",66.0,0,0
8377,bus-8377,true,PQ,-0.049634061254907456,1.0,"(min = 0.94, max = 1.06)",115.0,0,0
7394,bus-7394,true,PQ,-0.035071564905425234,1.0,"(min = 0.94, max = 1.06)",66.0,0,0
3040,bus-3040,true,PQ,-0.03663829705852393,1.0,"(min = 0.94, max = 1.06)",115.0,0,0
6351,bus-6351,true,PQ,-0.0003287136340592009,1.0,"(min = 0.94, max = 1.06)",66.0,0,0
2360,bus-2360,true,PQ,0.0020478861095381187,1.0,"(min = 0.94, max = 1.06)",66.0,0,0
3669,bus-3669,true,PQ,-0.035836942396973055,1.0,"(min = 0.94, max = 1.06)",66.0,0,0
4476,bus-4476,true,PQ,-0.034848146355074994,1.0,"(min = 0.94, max = 1.06)",115.0,0,0
6237,bus-6237,true,PQ,-3.03697496532479e-5,1.0,"(min = 0.94, max = 1.06)",66.0,0,0
1347,bus-1347,true,PQ,-0.03314969350519657,1.0,"(min = 0.94, max = 1.06)",115.0,0,0
1040,bus-1040,true,PV,0.00042819559326177253,1.0,"(min = 0.94, max = 1.06)",66.0,0,0
443,bus-443,true,PQ,-0.0011113725328662414,1.0,"(min = 0.94, max = 1.06)",66.0,0,0
890,bus-890,true,PQ,-0.034615886315799996,1.0,"(min = 0.94, max = 1.06)",66.0,0,0
2073,bus-2073,true,PQ,-0.0011503916023160171,1.0,"(min = 0.94, max = 1.06)",66.0,0,0
634,bus-634,true,PV,-0.02696916829008637,1.0,"(min = 0.94, max = 1.06)",66.0,0,0
8284,bus-8284,true,PQ,-0.03103609367237906,1.0,"(min = 0.94, max = 1.06)",230.0,0,0
4275,bus-4275,true,PQ,-0.00471973802081277,1.0,"(min = 0.94, max = 1.06)",115.0,0,0
6248,bus-6248,true,PQ,0.0007177366736167772,1.0,"(min = 0.94, max = 1.06)",66.0,0,0
481,bus-481,true,PV,-0.0008468728484428933,1.0,"(min = 0.94, max = 1.06)",66.0,0,0
2502,bus-2502,true,PQ,0.016079987528394415,1.0,"(min = 0.94, max = 1.06)",115.0,0,0
4902,bus-4902,true,PQ,-0.0013923733140201807,1.0,"(min = 0.94, max = 1.06)",66.0,0,0
8304,bus-8304,true,PQ,0.01534391502255879,1.0,"(min = 0.94, max = 1.06)",115.0,0,0
1591,bus-1591,true,PQ,-0.03260387040503508,1.0,"(min = 0.94, max = 1.06)",115.0,0,0
258,bus-258,true,PV,-0.006103504725337614,1.0,"(min = 0.94, max = 1.06)",66.0,0,0
4646,bus-4646,true,PQ,-0.03090635025910893,1.0,"(min = 0.94, max = 1.06)",230.0,0,0
1498,bus-1498,true,PV,-0.030843883703449575,1.0,"(min = 0.94, max = 1.06)",230.0,0,0
2950,bus-2950,true,PQ,-0.035238828010691337,1.0,"(min = 0.94, max = 1.06)",115.0,0,0
5286,bus-5286,true,PQ,0.002563927958541133,1.0,"(min = 0.94, max = 1.06)",66.0,0,0
1111,bus-1111,true,PQ,0.007987800007075583,1.0,"(min = 0.94, max = 1.06)",66.0,0,0
5915,bus-5915,true,PQ,-0.0003496886397265136,1.0,"(min = 0.94, max = 1.06)",66.0,0,0
8683,bus-8683,true,PQ,-0.029114093815917456,1.0,"(min = 0.94, max = 1.06)",115.0,0,0
7281,bus-7281,true,PQ,-0.03442449368455922,1.0,"(min = 0.94, max = 1.06)",66.0,0,0
8564,bus-8564,true,PQ,-0.03557478783467112,1.0,"(min = 0.94, max = 1.06)",115.0,0,0
4475,bus-4475,true,PQ,-0.033361557452299836,1.0,"(min = 0.94, max = 1.06)",66.0,0,0
6775,bus-6775,true,PV,0.015540549017169641,1.0,"(min = 0.94, max = 1.06)",500.0,0,0
4563,bus-4563,true,PQ,-0.01584992663888352,1.0,"(min = 0.94, max = 1.06)",66.0,0,0
7176,bus-7176,true,PQ,-0.03481352216430808,1.0,"(min = 0.94, max = 1.06)",66.0,0,0
8308,bus-8308,true,PQ,-0.030084421830868468,1.0,"(min = 0.94, max = 1.06)",115.0,0,0
8292,bus-8292,true,PV,-0.027215580157068237,1.0,"(min = 0.94, max = 1.06)",230.0,0,0
3843,bus-3843,true,PQ,-0.032118219276165344,1.0,"(min = 0.94, max = 1.06)",66.0,0,0
1729,bus-1729,true,PV,-0.03027996520413633,1.0,"(min = 0.94, max = 1.06)",230.0,0,0
2917,bus-2917,true,PQ,-0.018394515598820976,1.0,"(min = 0.94, max = 1.06)",115.0,0,0
4798,bus-4798,true,PQ,0.01360493074052716,1.0,"(min = 0.94, max = 1.06)",115.0,0,0
625,bus-625,true,PQ,-0.03179897831015626,1.0,"(min = 0.94, max = 1.06)",66.0,0,0
1924,bus-1924,true,PV,-0.0016245882382793415,1.0,"(min = 0.94, max = 1.06)",115.0,0,0
3917,bus-3917,true,PQ,-0.03316820115111765,1.0,"(min = 0.94, max = 1.06)",66.0,0,0
3999,bus-3999,true,PQ,-0.03269284013445182,1.0,"(min = 0.94, max = 1.06)",115.0,0,0
2313,bus-2313,true,PV,-0.00306338696308205,1.0,"(min = 0.94, max = 1.06)",66.0,0,0
3122,bus-3122,true,PQ,-0.03074232508867113,1.0,"(min = 0.94, max = 1.06)",230.0,0,0
3463,bus-3463,true,PQ,-0.033091002620308056,1.0,"(min = 0.94, max = 1.06)",115.0,0,0
143,bus-143,true,PQ,-0.012025290498799851,1.0,"(min = 0.94, max = 1.06)",66.0,0,0
3271,bus-3271,true,PQ,-0.03601230976408786,1.0,"(min = 0.94, max = 1.06)",66.0,0,0
7362,bus-7362,true,PQ,-0.03494145095875491,1.0,"(min = 0.94, max = 1.06)",66.0,0,0
1338,bus-1338,true,PQ,-0.03745762320084968,1.0,"(min = 0.94, max = 1.06)",66.0,0,0
3792,bus-3792,true,PQ,-0.03217737406956903,1.0,"(min = 0.94, max = 1.06)",115.0,0,0
4786,bus-4786,true,PQ,0.0008043556574612474,1.0,"(min = 0.94, max = 1.06)",66.0,0,0
3207,bus-3207,true,PQ,-0.03222088809488099,1.0,"(min = 0.94, max = 1.06)",230.0,0,0
1573,bus-1573,true,PQ,-0.03825962153982869,1.0,"(min = 0.94, max = 1.06)",66.0,0,0
8274,bus-8274,true,PQ,-0.03424891722700002,1.0,"(min = 0.94, max = 1.06)",66.0,0,0
2859,bus-2859,true,PQ,-0.03044117498395774,1.0,"(min = 0.94, max = 1.06)",230.0,0,0
4549,bus-4549,true,PQ,-0.02671674795262159,1.0,"(min = 0.94, max = 1.06)",115.0,0,0
6260,bus-6260,true,PQ,0.0010200532237571763,1.0,"(min = 0.94, max = 1.06)",66.0,0,0
1246,bus-1246,true,PQ,-0.03258676006971315,1.0,"(min = 0.94, max = 1.06)",115.0,0,0
570,bus-570,true,PQ,-0.01779127465692737,1.0,"(min = 0.94, max = 1.06)",115.0,0,0
7877,bus-7877,true,PQ,0.003030333498828761,1.0,"(min = 0.94, max = 1.06)",115.0,0,0
3785,bus-3785,true,PQ,-0.031948540809747406,1.0,"(min = 0.94, max = 1.06)",66.0,0,0
3774,bus-3774,true,PQ,-0.032459648612955035,1.0,"(min = 0.94, max = 1.06)",66.0,0,0
5744,bus-5744,true,PQ,0.0018046554018239845,1.0,"(min = 0.94, max = 1.06)",66.0,0,0
8739,bus-8739,true,PV,-0.029706975879634622,1.0,"(min = 0.94, max = 1.06)",230.0,0,0
781,bus-781,true,PV,0.0030588566468492335,1.0,"(min = 0.94, max = 1.06)",66.0,0,0
1482,bus-1482,true,PQ,0.004694945915494163,1.0,"(min = 0.94, max = 1.06)",66.0,0,0
1099,bus-1099,true,PQ,0.00895034371393636,1.0,"(min = 0.94, max = 1.06)",66.0,0,0
2855,bus-2855,true,PQ,-0.031480373167593674,1.0,"(min = 0.94, max = 1.06)",115.0,0,0
7857,bus-7857,true,PQ,0.00434405125674518,1.0,"(min = 0.94, max = 1.06)",115.0,0,0
52,bus-52,true,PQ,-0.03326227352513551,1.0,"(min = 0.94, max = 1.06)",115.0,0,0
7712,bus-7712,true,PQ,0.005018796959282881,1.0,"(min = 0.94, max = 1.06)",115.0,0,0
6018,bus-6018,true,PQ,-0.0013836994849140327,1.0,"(min = 0.94, max = 1.06)",66.0,0,0
5324,bus-5324,true,PQ,0.0016354422489112765,1.0,"(min = 0.94, max = 1.06)",66.0,0,0
4480,bus-4480,true,PQ,-0.03454585463049787,1.0,"(min = 0.94, max = 1.06)",66.0,0,0
4663,bus-4663,true,PQ,-0.03461473195503272,1.0,"(min = 0.94, max = 1.06)",115.0,0,0
3605,bus-3605,true,PQ,-0.03310396762412358,1.0,"(min = 0.94, max = 1.06)",66.0,0,0
5816,bus-5816,true,PQ,0.0003973303111235619,1.0,"(min = 0.94, max = 1.06)",66.0,0,0
6617,bus-6617,true,PQ,6.0384093023990295e-5,1.0,"(min = 0.94, max = 1.06)",66.0,0,0
8792,bus-8792,true,PQ,-0.00025559667613312076,1.0,"(min = 0.94, max = 1.06)",230.0,0,0
7065,bus-7065,true,PQ,-0.032492995048176564,1.0,"(min = 0.94, max = 1.06)",230.0,0,0
1826,bus-1826,true,PV,0.0030981156118046957,1.0,"(min = 0.94, max = 1.06)",115.0,0,0
3234,bus-3234,true,PQ,-0.035224000915096865,1.0,"(min = 0.94, max = 1.06)",115.0,0,0
4143,bus-4143,true,PQ,-0.028518002789837568,1.0,"(min = 0.94, max = 1.06)",66.0,0,0
6725,bus-6725,true,PQ,0.0005776179237153659,1.0,"(min = 0.94, max = 1.06)",66.0,0,0
2153,bus-2153,true,PQ,-0.03514599866016674,1.0,"(min = 0.94, max = 1.06)",66.0,0,0
8670,bus-8670,true,PQ,-0.005734976603730004,1.0,"(min = 0.94, max = 1.06)",115.0,0,0
1917,bus-1917,true,PQ,-0.02845877451807237,1.0,"(min = 0.94, max = 1.06)",230.0,0,0
7048,bus-7048,true,PQ,-0.03142433047077921,1.0,"(min = 0.94, max = 1.06)",115.0,0,0
1320,bus-1320,true,PV,-0.031587361152609225,1.0,"(min = 0.94, max = 1.06)",230.0,0,0
7980,bus-7980,true,PQ,-0.03356182700264918,1.0,"(min = 0.94, max = 1.06)",115.0,0,0
1476,bus-1476,true,PQ,0.006299633778742571,1.0,"(min = 0.94, max = 1.06)",66.0,0,0
7410,bus-7410,true,PQ,-0.03492461655998772,1.0,"(min = 0.94, max = 1.06)",66.0,0,0
4138,bus-4138,true,PQ,-0.012188710005080625,1.0,"(min = 0.94, max = 1.06)",66.0,0,0
247,bus-247,true,PQ,-0.0038060133198852546,1.0,"(min = 0.94, max = 1.06)",66.0,0,0
4659,bus-4659,true,PQ,-0.03555899888812588,1.0,"(min = 0.94, max = 1.06)",115.0,0,0
7413,bus-7413,true,PQ,-0.03505393603278254,1.0,"(min = 0.94, max = 1.06)",66.0,0,0
8029,bus-8029,true,PQ,-0.03188570023002935,1.0,"(min = 0.94, max = 1.06)",66.0,0,0
3743,bus-3743,true,PQ,-0.03426069715225343,1.0,"(min = 0.94, max = 1.06)",66.0,0,0
2174,bus-2174,true,PQ,-0.030781238949673596,1.0,"(min = 0.94, max = 1.06)",66.0,0,0
2046,bus-2046,true,PQ,-0.0017193738637853177,1.0,"(min = 0.94, max = 1.06)",66.0,0,0
7718,bus-7718,true,PQ,-0.029269308738824114,1.0,"(min = 0.94, max = 1.06)",115.0,0,0
3648,bus-3648,true,PQ,-0.035739671707100906,1.0,"(min = 0.94, max = 1.06)",66.0,0,0
635,bus-635,true,PQ,-0.027506245021767343,1.0,"(min = 0.94, max = 1.06)",66.0,0,0
5893,bus-5893,true,PQ,-3.108641256191161e-5,1.0,"(min = 0.94, max = 1.06)",66.0,0,0
1434,bus-1434,true,PQ,-0.0035208230643574622,1.0,"(min = 0.94, max = 1.06)",66.0,0,0
4506,bus-4506,true,PQ,-0.029363062415720568,1.0,"(min = 0.94, max = 1.06)",115.0,0,0
8215,bus-8215,true,PV,-0.03257927766867693,1.0,"(min = 0.94, max = 1.06)",230.0,0,0
4752,bus-4752,true,PQ,-0.0009481422150403957,1.0,"(min = 0.94, max = 1.06)",66.0,0,0
7401,bus-7401,true,PQ,-0.034984663216639185,1.0,"(min = 0.94, max = 1.06)",66.0,0,0
3818,bus-3818,true,PQ,-0.03248125160030452,1.0,"(min = 0.94, max = 1.06)",66.0,0,0
6479,bus-6479,true,PQ,0.006376531257709483,1.0,"(min = 0.94, max = 1.06)",115.0,0,0
3059,bus-3059,true,PQ,-0.02946059542857929,1.0,"(min = 0.94, max = 1.06)",115.0,0,0
2684,bus-2684,true,PQ,-0.02932453933393762,1.0,"(min = 0.94, max = 1.06)",66.0,0,0
1010,bus-1010,true,PQ,0.00018384974058333246,1.0,"(min = 0.94, max = 1.06)",66.0,0,0
6856,bus-6856,true,PQ,0.005660473943389633,1.0,"(min = 0.94, max = 1.06)",66.0,0,0
61,bus-61,true,PQ,-0.03190406702787979,1.0,"(min = 0.94, max = 1.06)",66.0,0,0
5142,bus-5142,true,PQ,0.006514423560897295,1.0,"(min = 0.94, max = 1.06)",66.0,0,0
6770,bus-6770,true,PQ,8.842792563531068e-5,1.0,"(min = 0.94, max = 1.06)",66.0,0,0
6231,bus-6231,true,PQ,-0.00016518068434410695,1.0,"(min = 0.94, max = 1.06)",66.0,0,0
6368,bus-6368,true,PQ,-0.00012026835987852492,1.0,"(min = 0.94, max = 1.06)",66.0,0,0
6802,bus-6802,true,PQ,0.0073133181808674895,1.0,"(min = 0.94, max = 1.06)",115.0,0,0
5706,bus-5706,true,PQ,0.0007062109346249686,1.0,"(min = 0.94, max = 1.06)",66.0,0,0
5973,bus-5973,true,PQ,-0.0008154162854060212,1.0,"(min = 0.94, max = 1.06)",66.0,0,0
727,bus-727,true,PQ,0.0008999564739009526,1.0,"(min = 0.94, max = 1.06)",66.0,0,0
4032,bus-4032,true,PQ,-0.02655429654557031,1.0,"(min = 0.94, max = 1.06)",66.0,0,0
5506,bus-5506,true,PQ,0.0016919353593551434,1.0,"(min = 0.94, max = 1.06)",115.0,0,0
552,bus-552,true,PV,-0.0010591754142404769,1.0,"(min = 0.94, max = 1.06)",66.0,0,0
1497,bus-1497,true,PQ,-0.027897777699926962,1.0,"(min = 0.94, max = 1.06)",500.0,0,0
6550,bus-6550,true,PQ,-5.106540996325822e-5,1.0,"(min = 0.94, max = 1.06)",66.0,0,0
6935,bus-6935,true,PQ,0.008042483877800906,1.0,"(min = 0.94, max = 1.06)",230.0,0,0
6583,bus-6583,true,PQ,-0.00035369971352554487,1.0,"(min = 0.94, max = 1.06)",66.0,0,0
603,bus-603,true,PV,-0.02182240752505186,1.0,"(min = 0.94, max = 1.06)",230.0,0,0
4240,bus-4240,true,PQ,-0.018779697372898436,1.0,"(min = 0.94, max = 1.06)",66.0,0,0
5842,bus-5842,true,PQ,-0.00077500468581392,1.0,"(min = 0.94, max = 1.06)",66.0,0,0
4179,bus-4179,true,PQ,-0.024867119918923177,1.0,"(min = 0.94, max = 1.06)",66.0,0,0
7714,bus-7714,true,PQ,0.009045171012668886,1.0,"(min = 0.94, max = 1.06)",115.0,0,0
2477,bus-2477,true,PQ,0.002262447620079974,1.0,"(min = 0.94, max = 1.06)",66.0,0,0
7815,bus-7815,true,PQ,0.001873757681846128,1.0,"(min = 0.94, max = 1.06)",66.0,0,0
8853,bus-8853,true,PQ,-0.03300237235743084,1.0,"(min = 0.94, max = 1.06)",115.0,0,0
1585,bus-1585,true,PV,-0.03258159110260045,1.0,"(min = 0.94, max = 1.06)",230.0,0,0
5501,bus-5501,true,PQ,0.0017797381389447174,1.0,"(min = 0.94, max = 1.06)",115.0,0,0
234,bus-234,true,PQ,-0.006412270731321713,1.0,"(min = 0.94, max = 1.06)",115.0,0,0
2762,bus-2762,true,PQ,-0.037207198821917475,1.0,"(min = 0.94, max = 1.06)",115.0,0,0
2165,bus-2165,true,PQ,-0.031682541287103336,1.0,"(min = 0.94, max = 1.06)",115.0,0,0
6169,bus-6169,true,PQ,-0.0010960745055516841,1.0,"(min = 0.94, max = 1.06)",66.0,0,0
7823,bus-7823,true,PV,-0.031886027304731175,1.0,"(min = 0.94, max = 1.06)",230.0,0,0
3098,bus-3098,true,PQ,-0.032519637324675325,1.0,"(min = 0.94, max = 1.06)",115.0,0,0
478,bus-478,true,PV,-0.0033846344817722767,1.0,"(min = 0.94, max = 1.06)",66.0,0,0
644,bus-644,true,PQ,-0.02602758968764006,1.0,"(min = 0.94, max = 1.06)",66.0,0,0
3429,bus-3429,true,PQ,-0.03315065081829129,1.0,"(min = 0.94, max = 1.06)",115.0,0,0
73,bus-73,true,PQ,-0.03180483092273697,1.0,"(min = 0.94, max = 1.06)",66.0,0,0
3020,bus-3020,true,PQ,-0.04981210560802898,1.0,"(min = 0.94, max = 1.06)",115.0,0,0
7370,bus-7370,true,PQ,-0.03499180789646516,1.0,"(min = 0.94, max = 1.06)",66.0,0,0
8155,bus-8155,true,PQ,0.009469144876126899,1.0,"(min = 0.94, max = 1.06)",66.0,0,0
2968,bus-2968,true,PQ,-0.034262849317754064,1.0,"(min = 0.94, max = 1.06)",230.0,0,0
3856,bus-3856,true,PQ,-0.03197980175104573,1.0,"(min = 0.94, max = 1.06)",66.0,0,0
8391,bus-8391,true,PQ,-0.03138172803093558,1.0,"(min = 0.94, max = 1.06)",115.0,0,0
8055,bus-8055,true,PQ,-0.030980100891981204,1.0,"(min = 0.94, max = 1.06)",115.0,0,0
1995,bus-1995,true,PQ,0.00386279933497485,1.0,"(min = 0.94, max = 1.06)",66.0,0,0
1797,bus-1797,true,PV,-0.03129566933617824,1.0,"(min = 0.94, max = 1.06)",115.0,0,0
4608,bus-4608,true,PQ,0.0027380988326405316,1.0,"(min = 0.94, max = 1.06)",115.0,0,0
4294,bus-4294,true,PQ,-0.005569630428487953,1.0,"(min = 0.94, max = 1.06)",66.0,0,0
4860,bus-4860,true,PQ,0.002575150198738653,1.0,"(min = 0.94, max = 1.06)",115.0,0,0
6864,bus-6864,true,PQ,0.006778259643213766,1.0,"(min = 0.94, max = 1.06)",66.0,0,0
7168,bus-7168,true,PQ,-0.034818759373794535,1.0,"(min = 0.94, max = 1.06)",66.0,0,0
4070,bus-4070,true,PQ,-0.020918995782688164,1.0,"(min = 0.94, max = 1.06)",66.0,0,0
3245,bus-3245,true,PQ,-0.03027996520413633,1.0,"(min = 0.94, max = 1.06)",230.0,0,0
3352,bus-3352,true,PQ,-0.03144554913662741,1.0,"(min = 0.94, max = 1.06)",230.0,0,0
3749,bus-3749,true,PQ,-0.036055356564759056,1.0,"(min = 0.94, max = 1.06)",66.0,0,0
7211,bus-7211,true,PQ,-0.03471509711366866,1.0,"(min = 0.94, max = 1.06)",66.0,0,0
4662,bus-4662,true,PQ,-0.033966015237747935,1.0,"(min = 0.94, max = 1.06)",66.0,0,0
8786,bus-8786,true,PQ,-0.03286493518375207,1.0,"(min = 0.94, max = 1.06)",230.0,0,0
3053,bus-3053,true,PQ,-0.030576324903651773,1.0,"(min = 0.94, max = 1.06)",230.0,0,0
7143,bus-7143,true,PQ,-0.03473637512071142,1.0,"(min = 0.94, max = 1.06)",66.0,0,0
8562,bus-8562,true,PQ,-0.03355021550166858,1.0,"(min = 0.94, max = 1.06)",115.0,0,0
1075,bus-1075,true,PQ,0.007419328868768387,1.0,"(min = 0.94, max = 1.06)",66.0,0,0
1144,bus-1144,true,PQ,-0.03211876922941265,1.0,"(min = 0.94, max = 1.06)",66.0,0,0
7938,bus-7938,true,PQ,-0.024681558258180393,1.0,"(min = 0.94, max = 1.06)",66.0,0,0
906,bus-906,true,PQ,-0.03460403814817283,1.0,"(min = 0.94, max = 1.06)",66.0,0,0
391,bus-391,true,PQ,-0.0010730500505008753,1.0,"(min = 0.94, max = 1.06)",66.0,0,0
4137,bus-4137,true,PQ,-0.012440938687940245,1.0,"(min = 0.94, max = 1.06)",66.0,0,0
8348,bus-8348,true,PQ,0.0007294174973299304,1.0,"(min = 0.94, max = 1.06)",66.0,0,0
2478,bus-2478,true,PQ,-0.03069067486198516,1.0,"(min = 0.94, max = 1.06)",115.0,0,0
3364,bus-3364,true,PQ,-0.03208398097769605,1.0,"(min = 0.94, max = 1.06)",115.0,0,0
315,bus-315,true,PQ,-0.01039990053480196,1.0,"(min = 0.94, max = 1.06)",66.0,0,0
2283,bus-2283,true,PV,-4.836358338343738e-5,1.0,"(min = 0.94, max = 1.06)",66.0,0,0
6509,bus-6509,true,PQ,0.0033572894659034853,1.0,"(min = 0.94, max = 1.06)",66.0,0,0
7040,bus-7040,true,PQ,0.007422601465835631,1.0,"(min = 0.94, max = 1.06)",66.0,0,0
1034,bus-1034,true,PV,0.005864968743871835,1.0,"(min = 0.94, max = 1.06)",115.0,0,0
2749,bus-2749,true,PQ,-0.036408420266342535,1.0,"(min = 0.94, max = 1.06)",66.0,0,0
455,bus-455,true,PQ,-0.0013032124221811303,1.0,"(min = 0.94, max = 1.06)",66.0,0,0
1925,bus-1925,true,PQ,-0.0018962291799379904,1.0,"(min = 0.94, max = 1.06)",115.0,0,0
3248,bus-3248,true,PQ,-0.033094176327019886,1.0,"(min = 0.94, max = 1.06)",115.0,0,0
4247,bus-4247,true,PQ,0.021219639043786775,1.0,"(min = 0.94, max = 1.06)",115.0,0,0
693,bus-693,true,PQ,0.0011810664777594814,1.0,"(min = 0.94, max = 1.06)",66.0,0,0
5278,bus-5278,true,PQ,0.0028492556587475194,1.0,"(min = 0.94, max = 1.06)",66.0,0,0
1757,bus-1757,true,PQ,-0.04965110072986176,1.0,"(min = 0.94, max = 1.06)",115.0,0,0
3649,bus-3649,true,PQ,-0.035732925311410244,1.0,"(min = 0.94, max = 1.06)",66.0,0,0
5348,bus-5348,true,PQ,-5.6020276314892004e-5,1.0,"(min = 0.94, max = 1.06)",66.0,0,0
6000,bus-6000,true,PQ,-0.0017838307440544265,1.0,"(min = 0.94, max = 1.06)",66.0,0,0
6197,bus-6197,true,PQ,-0.0005520847673043255,1.0,"(min = 0.94, max = 1.06)",66.0,0,0
7546,bus-7546,true,PQ,-0.028873937383507665,1.0,"(min = 0.94, max = 1.06)",66.0,0,0
5648,bus-5648,true,PQ,0.0013543129626551716,1.0,"(min = 0.94, max = 1.06)",66.0,0,0
6391,bus-6391,true,PQ,-0.0008136877462214311,1.0,"(min = 0.94, max = 1.06)",66.0,0,0
8444,bus-8444,true,PQ,-0.0305456980404707,1.0,"(min = 0.94, max = 1.06)",115.0,0,0
2656,bus-2656,true,PQ,0.0002416184476002996,1.0,"(min = 0.94, max = 1.06)",230.0,0,0
8043,bus-8043,true,PQ,0.011619033472578833,1.0,"(min = 0.94, max = 1.06)",115.0,0,0
5008,bus-5008,true,PQ,-0.0030031324726232595,1.0,"(min = 0.94, max = 1.06)",66.0,0,0
3221,bus-3221,true,PQ,-0.03377430024419432,1.0,"(min = 0.94, max = 1.06)",230.0,0,0
6928,bus-6928,true,PQ,0.006654665339057679,1.0,"(min = 0.94, max = 1.06)",66.0,0,0
8513,bus-8513,true,PQ,-0.03383677552649993,1.0,"(min = 0.94, max = 1.06)",115.0,0,0
2505,bus-2505,true,PQ,0.00919604734376106,1.0,"(min = 0.94, max = 1.06)",230.0,0,0
1189,bus-1189,true,PQ,-0.033368825875969774,1.0,"(min = 0.94, max = 1.06)",115.0,0,0
8606,bus-8606,true,PQ,-0.018889120266753448,1.0,"(min = 0.94, max = 1.06)",115.0,0,0
3888,bus-3888,true,PQ,-0.03394542157430488,1.0,"(min = 0.94, max = 1.06)",115.0,0,0
6164,bus-6164,true,PQ,-0.0008144873653275738,1.0,"(min = 0.94, max = 1.06)",66.0,0,0
5200,bus-5200,true,PQ,0.004958466442281874,1.0,"(min = 0.94, max = 1.06)",115.0,0,0
993,bus-993,true,PV,0.0022855218152691347,1.0,"(min = 0.94, max = 1.06)",115.0,0,0
368,bus-368,true,PQ,-0.0009098439351557671,1.0,"(min = 0.94, max = 1.06)",66.0,0,0
3679,bus-3679,true,PQ,-0.03663892624971928,1.0,"(min = 0.94, max = 1.06)",66.0,0,0
5435,bus-5435,true,PQ,0.0003310906852339545,1.0,"(min = 0.94, max = 1.06)",66.0,0,0
1028,bus-1028,true,PQ,0.0017411365487613603,1.0,"(min = 0.94, max = 1.06)",66.0,0,0
1521,bus-1521,true,PV,0.007192484463989282,1.0,"(min = 0.94, max = 1.06)",66.0,0,0
5074,bus-5074,true,PQ,0.004846110662245229,1.0,"(min = 0.94, max = 1.06)",66.0,0,0
7566,bus-7566,true,PQ,-0.032757947198736516,1.0,"(min = 0.94, max = 1.06)",230.0,0,0
7768,bus-7768,true,PQ,0.007897292572774668,1.0,"(min = 0.94, max = 1.06)",230.0,0,0
3164,bus-3164,true,PQ,-0.033867590710707295,1.0,"(min = 0.94, max = 1.06)",115.0,0,0
4487,bus-4487,true,PQ,-0.034734606054981604,1.0,"(min = 0.94, max = 1.06)",66.0,0,0
2203,bus-2203,true,PV,-0.0012417755793645271,1.0,"(min = 0.94, max = 1.06)",66.0,0,0
6295,bus-6295,true,PQ,-0.0017385642022246252,1.0,"(min = 0.94, max = 1.06)",66.0,0,0
8159,bus-8159,true,PQ,-0.0030016798176335318,1.0,"(min = 0.94, max = 1.06)",115.0,0,0
3934,bus-3934,true,PQ,-0.032909776008361376,1.0,"(min = 0.94, max = 1.06)",115.0,0,0
5647,bus-5647,true,PQ,0.0015994984583301613,1.0,"(min = 0.94, max = 1.06)",66.0,0,0
5315,bus-5315,true,PQ,0.0015449396910602918,1.0,"(min = 0.94, max = 1.06)",66.0,0,0
8235,bus-8235,true,PQ,0.010832497424322254,1.0,"(min = 0.94, max = 1.06)",115.0,0,0
477,bus-477,true,PQ,-0.00013616082067997173,1.0,"(min = 0.94, max = 1.06)",66.0,0,0
4246,bus-4246,true,PQ,-0.0010600030074838706,1.0,"(min = 0.94, max = 1.06)",115.0,0,0
1974,bus-1974,true,PQ,-0.008623653612866591,1.0,"(min = 0.94, max = 1.06)",66.0,0,0
2703,bus-2703,true,PQ,-0.029178516187536592,1.0,"(min = 0.94, max = 1.06)",66.0,0,0
8089,bus-8089,true,PQ,0.014929756768640948,1.0,"(min = 0.94, max = 1.06)",115.0,0,0
8827,bus-8827,true,PQ,0.005577530870786615,1.0,"(min = 0.94, max = 1.06)",66.0,0,0
5169,bus-5169,true,PQ,0.001009145673405107,1.0,"(min = 0.94, max = 1.06)",66.0,0,0
4078,bus-4078,true,PQ,-0.019733303388286088,1.0,"(min = 0.94, max = 1.06)",66.0,0,0
6289,bus-6289,true,PQ,-0.0013848814585353975,1.0,"(min = 0.94, max = 1.06)",66.0,0,0
592,bus-592,true,PQ,-0.04541198692315384,1.0,"(min = 0.94, max = 1.06)",66.0,0,0
1043,bus-1043,true,PQ,0.012040594802318397,1.0,"(min = 0.94, max = 1.06)",115.0,0,0
3609,bus-3609,true,PQ,-0.03709523752119838,1.0,"(min = 0.94, max = 1.06)",66.0,0,0
289,bus-289,true,PV,-0.0026966118152685586,1.0,"(min = 0.94, max = 1.06)",66.0,0,0
2122,bus-2122,true,PQ,-0.03471151883963622,1.0,"(min = 0.94, max = 1.06)",115.0,0,0
1885,bus-1885,true,PV,-0.03538472828591302,1.0,"(min = 0.94, max = 1.06)",115.0,0,0
5050,bus-5050,true,PQ,-0.0012185644491329128,1.0,"(min = 0.94, max = 1.06)",66.0,0,0
6828,bus-6828,true,PQ,0.011021655021829509,1.0,"(min = 0.94, max = 1.06)",230.0,0,0
8772,bus-8772,true,PQ,-0.03449234388282928,1.0,"(min = 0.94, max = 1.06)",115.0,0,0
6171,bus-6171,true,PQ,-0.0008182046112017027,1.0,"(min = 0.94, max = 1.06)",66.0,0,0
7432,bus-7432,true,PQ,-0.03300092163975658,1.0,"(min = 0.94, max = 1.06)",230.0,0,0
6387,bus-6387,true,PQ,-0.0007598376786209805,1.0,"(min = 0.94, max = 1.06)",66.0,0,0
2761,bus-2761,true,PQ,-0.03778394200057438,1.0,"(min = 0.94, max = 1.06)",66.0,0,0
4575,bus-4575,true,PQ,-0.00846983289387301,1.0,"(min = 0.94, max = 1.06)",66.0,0,0
7103,bus-7103,true,PQ,-0.03263896915082561,1.0,"(min = 0.94, max = 1.06)",230.0,0,0
3442,bus-3442,true,PQ,-0.032261594932624024,1.0,"(min = 0.94, max = 1.06)",115.0,0,0
5750,bus-5750,true,PQ,0.0020810127729002366,1.0,"(min = 0.94, max = 1.06)",66.0,0,0
5476,bus-5476,true,PQ,0.0036102002583413705,1.0,"(min = 0.94, max = 1.06)",115.0,0,0
7994,bus-7994,true,PQ,0.0005569986475655362,1.0,"(min = 0.94, max = 1.06)",115.0,0,0
7424,bus-7424,true,PQ,-0.03513325269517235,1.0,"(min = 0.94, max = 1.06)",66.0,0,0
3319,bus-3319,true,PQ,-0.03312963740316313,1.0,"(min = 0.94, max = 1.06)",115.0,0,0
5660,bus-5660,true,PQ,0.0012955106454752346,1.0,"(min = 0.94, max = 1.06)",66.0,0,0
7056,bus-7056,true,PQ,-0.03285626194456721,1.0,"(min = 0.94, max = 1.06)",230.0,0,0
2706,bus-2706,true,PQ,-0.02918766991586453,1.0,"(min = 0.94, max = 1.06)",66.0,0,0
2714,bus-2714,true,PQ,-0.029332092420808552,1.0,"(min = 0.94, max = 1.06)",66.0,0,0
3924,bus-3924,true,PQ,-0.03283302550357078,1.0,"(min = 0.94, max = 1.06)",66.0,0,0
4539,bus-4539,true,PQ,-0.030760122909185415,1.0,"(min = 0.94, max = 1.06)",66.0,0,0
6025,bus-6025,true,PQ,-0.0012259669926292132,1.0,"(min = 0.94, max = 1.06)",66.0,0,0
1039,bus-1039,true,PQ,0.0007217054545973742,1.0,"(min = 0.94, max = 1.06)",66.0,0,0
471,bus-471,true,PV,-0.001624464963928944,1.0,"(min = 0.94, max = 1.06)",66.0,0,0
210,bus-210,true,PQ,0.00910519573053165,1.0,"(min = 0.94, max = 1.06)",115.0,0,0
8575,bus-8575,true,PQ,-0.03126366889887585,1.0,"(min = 0.94, max = 1.06)",230.0,0,0
5494,bus-5494,true,PQ,0.00275899358283285,1.0,"(min = 0.94, max = 1.06)",115.0,0,0
8737,bus-8737,true,PQ,-0.0003815382770908736,1.0,"(min = 0.94, max = 1.06)",230.0,0,0
7467,bus-7467,true,PQ,-0.03460544453448409,1.0,"(min = 0.94, max = 1.06)",66.0,0,0
8204,bus-8204,true,PQ,-0.030116492954005564,1.0,"(min = 0.94, max = 1.06)",230.0,0,0
2079,bus-2079,true,PQ,-0.0007159472800371578,1.0,"(min = 0.94, max = 1.06)",66.0,0,0
1245,bus-1245,true,PQ,-0.03227688331873979,1.0,"(min = 0.94, max = 1.06)",115.0,0,0
5407,bus-5407,true,PQ,-0.003584038156826411,1.0,"(min = 0.94, max = 1.06)",66.0,0,0
7929,bus-7929,true,PQ,-0.005835384575292489,1.0,"(min = 0.94, max = 1.06)",115.0,0,0
3046,bus-3046,true,PQ,-0.031242455818081265,1.0,"(min = 0.94, max = 1.06)",115.0,0,0
2686,bus-2686,true,PQ,-0.02934517663061198,1.0,"(min = 0.94, max = 1.06)",66.0,0,0
6123,bus-6123,true,PQ,-0.0007216375735067765,1.0,"(min = 0.94, max = 1.06)",66.0,0,0
82,bus-82,true,PQ,-0.03252631600159101,1.0,"(min = 0.94, max = 1.06)",115.0,0,0
3374,bus-3374,true,PQ,-0.03040390365231433,1.0,"(min = 0.94, max = 1.06)",230.0,0,0
4482,bus-4482,true,PQ,-0.034544191506253645,1.0,"(min = 0.94, max = 1.06)",66.0,0,0
2630,bus-2630,true,PQ,0.00012066549680891268,1.0,"(min = 0.94, max = 1.06)",230.0,0,0
3845,bus-3845,true,PQ,-0.03203611567202595,1.0,"(min = 0.94, max = 1.06)",66.0,0,0
5596,bus-5596,true,PQ,0.0013934778753079025,1.0,"(min = 0.94, max = 1.06)",66.0,0,0
7122,bus-7122,true,PQ,-0.03423389011667327,1.0,"(min = 0.94, max = 1.06)",66.0,0,0
8550,bus-8550,true,PQ,0.0031759703864130333,1.0,"(min = 0.94, max = 1.06)",115.0,0,0
7477,bus-7477,true,PQ,-0.03480252257576323,1.0,"(min = 0.94, max = 1.06)",66.0,0,0
5334,bus-5334,true,PQ,0.0008584152431117538,1.0,"(min = 0.94, max = 1.06)",66.0,0,0
7147,bus-7147,true,PQ,-0.0345801194579718,1.0,"(min = 0.94, max = 1.06)",66.0,0,0
7309,bus-7309,true,PQ,-0.034586202628546704,1.0,"(min = 0.94, max = 1.06)",66.0,0,0
7474,bus-7474,true,PQ,-0.034063955435921146,1.0,"(min = 0.94, max = 1.06)",66.0,0,0
8309,bus-8309,true,PQ,0.005565203034321129,1.0,"(min = 0.94, max = 1.06)",230.0,0,0
7108,bus-7108,true,PQ,-0.03425214975130764,1.0,"(min = 0.94, max = 1.06)",66.0,0,0
3923,bus-3923,true,PQ,-0.03280962412896004,1.0,"(min = 0.94, max = 1.06)",66.0,0,0
8630,bus-8630,true,PQ,0.006146719897921742,1.0,"(min = 0.94, max = 1.06)",230.0,0,0
7288,bus-7288,true,PQ,-0.03425197888357387,1.0,"(min = 0.94, max = 1.06)",66.0,0,0
5616,bus-5616,true,PQ,0.0008071650319277078,1.0,"(min = 0.94, max = 1.06)",66.0,0,0
733,bus-733,true,PQ,0.00402713506929975,1.0,"(min = 0.94, max = 1.06)",115.0,0,0
4791,bus-4791,true,PQ,0.000804326384799033,1.0,"(min = 0.94, max = 1.06)",66.0,0,0
3373,bus-3373,true,PQ,-0.03265248550415183,1.0,"(min = 0.94, max = 1.06)",115.0,0,0
2163,bus-2163,true,PQ,-0.032618023105406575,1.0,"(min = 0.94, max = 1.06)",66.0,0,0
3742,bus-3742,true,PQ,-0.034268595116184554,1.0,"(min = 0.94, max = 1.06)",66.0,0,0
6676,bus-6676,true,PV,0.00039474256903749514,1.0,"(min = 0.94, max = 1.06)",66.0,0,0
6321,bus-6321,true,PQ,-0.0009225994052132629,1.0,"(min = 0.94, max = 1.06)",66.0,0,0
5251,bus-5251,true,PQ,0.005220494904545348,1.0,"(min = 0.94, max = 1.06)",66.0,0,0
7182,bus-7182,true,PQ,-0.034754299128530626,1.0,"(min = 0.94, max = 1.06)",66.0,0,0
8519,bus-8519,true,PQ,0.005687629259422024,1.0,"(min = 0.94, max = 1.06)",115.0,0,0
1800,bus-1800,true,PQ,-0.028757697931726063,1.0,"(min = 0.94, max = 1.06)",66.0,0,0
2175,bus-2175,true,PQ,-0.030771779265127787,1.0,"(min = 0.94, max = 1.06)",66.0,0,0
6501,bus-6501,true,PQ,0.0006894137026442038,1.0,"(min = 0.94, max = 1.06)",66.0,0,0
8721,bus-8721,true,PQ,-0.03074585274815526,1.0,"(min = 0.94, max = 1.06)",230.0,0,0
4785,bus-4785,true,PQ,0.0009710732600696376,1.0,"(min = 0.94, max = 1.06)",230.0,0,0
3163,bus-3163,true,PQ,-0.033282435743187476,1.0,"(min = 0.94, max = 1.06)",115.0,0,0
4607,bus-4607,true,PQ,-0.005182591257567229,1.0,"(min = 0.94, max = 1.06)",66.0,0,0
1383,bus-1383,true,PQ,-0.030129697766060302,1.0,"(min = 0.94, max = 1.06)",66.0,0,0
7563,bus-7563,true,PQ,-0.032880121817172446,1.0,"(min = 0.94, max = 1.06)",230.0,0,0
7919,bus-7919,true,PQ,0.001977207535402037,1.0,"(min = 0.94, max = 1.06)",230.0,0,0
7947,bus-7947,true,PQ,-0.0004447402342118718,1.0,"(min = 0.94, max = 1.06)",230.0,0,0
5733,bus-5733,true,PQ,0.0009082669324381522,1.0,"(min = 0.94, max = 1.06)",66.0,0,0
5632,bus-5632,true,PQ,0.0012179712745520133,1.0,"(min = 0.94, max = 1.06)",66.0,0,0
1511,bus-1511,true,PQ,-0.03216726302814638,1.0,"(min = 0.94, max = 1.06)",115.0,0,0
4259,bus-4259,true,PQ,-0.005735284811422613,1.0,"(min = 0.94, max = 1.06)",115.0,0,0
5240,bus-5240,true,PQ,0.0060801261796334894,1.0,"(min = 0.94, max = 1.06)",66.0,0,0
4257,bus-4257,true,PQ,-0.005706548419074133,1.0,"(min = 0.94, max = 1.06)",115.0,0,0
8057,bus-8057,true,PQ,0.003542088121057176,1.0,"(min = 0.94, max = 1.06)",115.0,0,0
869,bus-869,true,PQ,-0.03495779177840963,1.0,"(min = 0.94, max = 1.06)",66.0,0,0
5586,bus-5586,true,PQ,3.331700390888541e-5,1.0,"(min = 0.94, max = 1.06)",66.0,0,0
4528,bus-4528,true,PQ,-0.03331631485289672,1.0,"(min = 0.94, max = 1.06)",66.0,0,0
7998,bus-7998,true,PQ,0.007386775196999699,1.0,"(min = 0.94, max = 1.06)",66.0,0,0
4052,bus-4052,true,PQ,-0.02182240752505186,1.0,"(min = 0.94, max = 1.06)",230.0,0,0
6885,bus-6885,true,PQ,0.006687215031475674,1.0,"(min = 0.94, max = 1.06)",66.0,0,0
7490,bus-7490,true,PQ,-0.027213716145427107,1.0,"(min = 0.94, max = 1.06)",230.0,0,0
579,bus-579,true,PQ,-0.03530302034791506,1.0,"(min = 0.94, max = 1.06)",66.0,0,0
4654,bus-4654,true,PQ,-0.03244536832901522,1.0,"(min = 0.94, max = 1.06)",66.0,0,0
2112,bus-2112,true,PQ,-0.03500833092849378,1.0,"(min = 0.94, max = 1.06)",66.0,0,0
1265,bus-1265,true,PQ,-0.03343585995828159,1.0,"(min = 0.94, max = 1.06)",66.0,0,0
4895,bus-4895,true,PQ,-0.0012618501330188216,1.0,"(min = 0.94, max = 1.06)",66.0,0,0
6774,bus-6774,true,PV,0.01536286238673161,1.0,"(min = 0.94, max = 1.06)",230.0,0,0
1351,bus-1351,true,PQ,-0.02935757562415107,1.0,"(min = 0.94, max = 1.06)",66.0,0,0
7987,bus-7987,true,PQ,-0.035498371385899355,1.0,"(min = 0.94, max = 1.06)",66.0,0,0
8371,bus-8371,true,PQ,0.004302384906792564,1.0,"(min = 0.94, max = 1.06)",115.0,0,0
8547,bus-8547,true,PQ,-0.030904855559137523,1.0,"(min = 0.94, max = 1.06)",66.0,0,0
4681,bus-4681,true,PQ,-0.031470980154625294,1.0,"(min = 0.94, max = 1.06)",115.0,0,0
6927,bus-6927,true,PQ,0.006873287166118081,1.0,"(min = 0.94, max = 1.06)",66.0,0,0
6963,bus-6963,true,PQ,0.008947964882525767,1.0,"(min = 0.94, max = 1.06)",66.0,0,0
2962,bus-2962,true,PQ,-0.03290598934201625,1.0,"(min = 0.94, max = 1.06)",115.0,0,0
7244,bus-7244,true,PQ,-0.03436791045927542,1.0,"(min = 0.94, max = 1.06)",66.0,0,0
3083,bus-3083,true,PQ,-0.032347605630826934,1.0,"(min = 0.94, max = 1.06)",115.0,0,0
8579,bus-8579,true,PQ,-0.00038051564679422804,1.0,"(min = 0.94, max = 1.06)",230.0,0,0
377,bus-377,true,PV,-0.0013207037768414012,1.0,"(min = 0.94, max = 1.06)",66.0,0,0
705,bus-705,true,PQ,0.0012798681425262113,1.0,"(min = 0.94, max = 1.06)",66.0,0,0
4886,bus-4886,true,PQ,8.453519545700715e-5,1.0,"(min = 0.94, max = 1.06)",230.0,0,0
5479,bus-5479,true,PQ,0.004467035515967818,1.0,"(min = 0.94, max = 1.06)",115.0,0,0
6039,bus-6039,true,PQ,-0.0003412584516026272,1.0,"(min = 0.94, max = 1.06)",66.0,0,0
6480,bus-6480,true,PQ,-0.002997560299546757,1.0,"(min = 0.94, max = 1.06)",66.0,0,0
8052,bus-8052,true,PQ,-0.030644271444096538,1.0,"(min = 0.94, max = 1.06)",66.0,0,0
7158,bus-7158,true,PQ,-0.03489245467972952,1.0,"(min = 0.94, max = 1.06)",66.0,0,0
7420,bus-7420,true,PQ,-0.03511101528063976,1.0,"(min = 0.94, max = 1.06)",66.0,0,0
3418,bus-3418,true,PQ,-0.03181476638403687,1.0,"(min = 0.94, max = 1.06)",230.0,0,0
1127,bus-1127,true,PV,-0.03387341958681018,1.0,"(min = 0.94, max = 1.06)",115.0,0,0
1428,bus-1428,true,PQ,-0.0042920957545197445,1.0,"(min = 0.94, max = 1.06)",66.0,0,0
1959,bus-1959,true,PQ,-0.03207318576720661,1.0,"(min = 0.94, max = 1.06)",66.0,0,0
1557,bus-1557,true,PV,0.008290471602564398,1.0,"(min = 0.94, max = 1.06)",66.0,0,0
1635,bus-1635,true,PV,-0.00012268173536926987,1.0,"(min = 0.94, max = 1.06)",230.0,0,0
2121,bus-2121,true,PQ,-0.030737499253289367,1.0,"(min = 0.94, max = 1.06)",230.0,0,0
259,bus-259,true,PV,-0.006482117411723125,1.0,"(min = 0.94, max = 1.06)",66.0,0,0
3210,bus-3210,true,PQ,-0.03712363821691852,1.0,"(min = 0.94, max = 1.06)",66.0,0,0
3273,bus-3273,true,PQ,-0.03237047572721336,1.0,"(min = 0.94, max = 1.06)",115.0,0,0
5189,bus-5189,true,PQ,0.0054002671685329275,1.0,"(min = 0.94, max = 1.06)",115.0,0,0
7014,bus-7014,true,PQ,0.007029852834239444,1.0,"(min = 0.94, max = 1.06)",66.0,0,0
7257,bus-7257,true,PQ,-0.03481720515809563,1.0,"(min = 0.94, max = 1.06)",66.0,0,0
2735,bus-2735,true,PQ,-0.0361678957439935,1.0,"(min = 0.94, max = 1.06)",66.0,0,0
7295,bus-7295,true,PQ,-0.03411865143668477,1.0,"(min = 0.94, max = 1.06)",66.0,0,0
2176,bus-2176,true,PQ,-0.030814540180867496,1.0,"(min = 0.94, max = 1.06)",66.0,0,0
6080,bus-6080,true,PQ,-6.391346607238084e-5,1.0,"(min = 0.94, max = 1.06)",66.0,0,0
6015,bus-6015,true,PQ,-0.0012636743546436645,1.0,"(min = 0.94, max = 1.06)",66.0,0,0
399,bus-399,true,PQ,-0.0010830522968246058,1.0,"(min = 0.94, max = 1.06)",66.0,0,0
3346,bus-3346,true,PQ,-0.028907438105835064,1.0,"(min = 0.94, max = 1.06)",230.0,0,0
336,bus-336,true,PQ,-0.03906601217440328,1.0,"(min = 0.94, max = 1.06)",66.0,0,0
4982,bus-4982,true,PQ,-0.003515186506084854,1.0,"(min = 0.94, max = 1.06)",66.0,0,0
4450,bus-4450,true,PQ,-0.03514149710695999,1.0,"(min = 0.94, max = 1.06)",66.0,0,0
5146,bus-5146,true,PQ,0.0017304760637275448,1.0,"(min = 0.94, max = 1.06)",66.0,0,0
6785,bus-6785,true,PQ,0.009105152882698515,1.0,"(min = 0.94, max = 1.06)",230.0,0,0
458,bus-458,true,PV,-0.0005027165219634249,1.0,"(min = 0.94, max = 1.06)",66.0,0,0
3459,bus-3459,true,PQ,-0.033089752091899,1.0,"(min = 0.94, max = 1.06)",115.0,0,0
434,bus-434,true,PQ,-0.0007662895971242553,1.0,"(min = 0.94, max = 1.06)",66.0,0,0
2825,bus-2825,true,PQ,-0.019836023170615887,1.0,"(min = 0.94, max = 1.06)",115.0,0,0
196,bus-196,true,PQ,0.016087270752456403,1.0,"(min = 0.94, max = 1.06)",115.0,0,0
1467,bus-1467,true,PQ,0.0041058657373932005,1.0,"(min = 0.94, max = 1.06)",66.0,0,0
3738,bus-3738,true,PQ,-0.03728973264971749,1.0,"(min = 0.94, max = 1.06)",66.0,0,0
857,bus-857,true,PQ,-0.03406400709766701,1.0,"(min = 0.94, max = 1.06)",66.0,0,0
5732,bus-5732,true,PQ,0.00020418284207702965,1.0,"(min = 0.94, max = 1.06)",66.0,0,0
7776,bus-7776,true,PQ,-0.03601196890128495,1.0,"(min = 0.94, max = 1.06)",66.0,0,0
5471,bus-5471,true,PQ,0.0007430782260372042,1.0,"(min = 0.94, max = 1.06)",66.0,0,0
1879,bus-1879,true,PV,0.007095645708200418,1.0,"(min = 0.94, max = 1.06)",66.0,0,0
4977,bus-4977,true,PQ,-0.004481856188750639,1.0,"(min = 0.94, max = 1.06)",66.0,0,0
5685,bus-5685,true,PQ,0.001825334324601001,1.0,"(min = 0.94, max = 1.06)",66.0,0,0
5918,bus-5918,true,PQ,-0.0007646250417100432,1.0,"(min = 0.94, max = 1.06)",66.0,0,0
6075,bus-6075,true,PQ,1.3168814918168998e-5,1.0,"(min = 0.94, max = 1.06)",66.0,0,0
1666,bus-1666,true,PV,-0.005416971767163643,1.0,"(min = 0.94, max = 1.06)",115.0,0,0
6252,bus-6252,true,PQ,-0.0003108419093230675,1.0,"(min = 0.94, max = 1.06)",66.0,0,0
7092,bus-7092,true,PQ,-0.03240650333723181,1.0,"(min = 0.94, max = 1.06)",230.0,0,0
6417,bus-6417,true,PQ,-0.0003976686431990609,1.0,"(min = 0.94, max = 1.06)",66.0,0,0
263,bus-263,true,PQ,-0.005212053200739058,1.0,"(min = 0.94, max = 1.06)",115.0,0,0
2971,bus-2971,true,PQ,-0.033788827143157445,1.0,"(min = 0.94, max = 1.06)",230.0,0,0
7675,bus-7675,true,PQ,-0.00024925980100749134,1.0,"(min = 0.94, max = 1.06)",230.0,0,0
5663,bus-5663,true,PQ,0.0015997788629277864,1.0,"(min = 0.94, max = 1.06)",66.0,0,0
5952,bus-5952,true,PQ,-0.0009972320541856644,1.0,"(min = 0.94, max = 1.06)",66.0,0,0
2533,bus-2533,true,PQ,0.011089576848412065,1.0,"(min = 0.94, max = 1.06)",115.0,0,0
80,bus-80,true,PQ,-0.032415171165895984,1.0,"(min = 0.94, max = 1.06)",115.0,0,0
3921,bus-3921,true,PQ,-0.032830197022984994,1.0,"(min = 0.94, max = 1.06)",66.0,0,0
4852,bus-4852,true,PQ,0.002789154949249122,1.0,"(min = 0.94, max = 1.06)",115.0,0,0
55,bus-55,true,PQ,-0.03193522377302176,1.0,"(min = 0.94, max = 1.06)",66.0,0,0
2833,bus-2833,true,PQ,-0.01834250635790787,1.0,"(min = 0.94, max = 1.06)",115.0,0,0
4289,bus-4289,true,PQ,-0.005458114186728103,1.0,"(min = 0.94, max = 1.06)",66.0,0,0
4937,bus-4937,true,PQ,-0.004512169852597439,1.0,"(min = 0.94, max = 1.06)",66.0,0,0
6067,bus-6067,true,PQ,-0.0002320839896586764,1.0,"(min = 0.94, max = 1.06)",66.0,0,0
1900,bus-1900,true,PQ,-0.03411164585960019,1.0,"(min = 0.94, max = 1.06)",66.0,0,0
7698,bus-7698,true,PV,0.0052932109411436236,1.0,"(min = 0.94, max = 1.06)",115.0,0,0
8166,bus-8166,true,PQ,0.0019114895186126803,1.0,"(min = 0.94, max = 1.06)",66.0,0,0
8182,bus-8182,true,PQ,-0.03267799733089408,1.0,"(min = 0.94, max = 1.06)",115.0,0,0
971,bus-971,true,PQ,-0.034961719467358314,1.0,"(min = 0.94, max = 1.06)",66.0,0,0
7539,bus-7539,true,PQ,-0.029339602921645735,1.0,"(min = 0.94, max = 1.06)",66.0,0,0
2963,bus-2963,true,PQ,-0.03462363295968497,1.0,"(min = 0.94, max = 1.06)",115.0,0,0
3735,bus-3735,true,PQ,-0.037196039710278996,1.0,"(min = 0.94, max = 1.06)",66.0,0,0
6089,bus-6089,true,PQ,-0.0006439735982922673,1.0,"(min = 0.94, max = 1.06)",66.0,0,0
1875,bus-1875,true,PV,0.0028350537749977016,1.0,"(min = 0.94, max = 1.06)",115.0,0,0
6813,bus-6813,true,PQ,0.007732869118201561,1.0,"(min = 0.94, max = 1.06)",230.0,0,0
5244,bus-5244,true,PQ,0.005594650403993701,1.0,"(min = 0.94, max = 1.06)",66.0,0,0
4204,bus-4204,true,PQ,-0.010455615982381676,1.0,"(min = 0.94, max = 1.06)",66.0,0,0
313,bus-313,true,PQ,-0.00558251863781638,1.0,"(min = 0.94, max = 1.06)",66.0,0,0
4894,bus-4894,true,PQ,-0.0012698984204130913,1.0,"(min = 0.94, max = 1.06)",66.0,0,0
6952,bus-6952,true,PQ,0.007897743234240825,1.0,"(min = 0.94, max = 1.06)",66.0,0,0
4495,bus-4495,true,PQ,-0.03407150555573235,1.0,"(min = 0.94, max = 1.06)",66.0,0,0
768,bus-768,true,PQ,-0.03771820190536998,1.0,"(min = 0.94, max = 1.06)",66.0,0,0
5528,bus-5528,true,PQ,0.009938111617278658,1.0,"(min = 0.94, max = 1.06)",115.0,0,0
6870,bus-6870,true,PQ,0.006906876219558929,1.0,"(min = 0.94, max = 1.06)",66.0,0,0
619,bus-619,true,PQ,-0.0219217698174996,1.0,"(min = 0.94, max = 1.06)",115.0,0,0
707,bus-707,true,PV,0.0002172135802281622,1.0,"(min = 0.94, max = 1.06)",66.0,0,0
3971,bus-3971,true,PQ,-0.03088527174319967,1.0,"(min = 0.94, max = 1.06)",66.0,0,0
8046,bus-8046,true,PQ,-0.03370911760715301,1.0,"(min = 0.94, max = 1.06)",66.0,0,0
2523,bus-2523,true,PQ,0.01063191369725426,1.0,"(min = 0.94, max = 1.06)",115.0,0,0
5741,bus-5741,true,PQ,0.0011427307745250316,1.0,"(min = 0.94, max = 1.06)",66.0,0,0
8511,bus-8511,true,PQ,-0.03293951362628856,1.0,"(min = 0.94, max = 1.06)",230.0,0,0
1663,bus-1663,true,PV,-0.00393750499456052,1.0,"(min = 0.94, max = 1.06)",66.0,0,0
8638,bus-8638,true,PQ,-0.034183904585027854,1.0,"(min = 0.94, max = 1.06)",66.0,0,0
6574,bus-6574,true,PQ,-0.0005506642630247492,1.0,"(min = 0.94, max = 1.06)",230.0,0,0
136,bus-136,true,PQ,-0.00814107949946812,1.0,"(min = 0.94, max = 1.06)",230.0,0,0
3625,bus-3625,true,PQ,-0.03739944212663567,1.0,"(min = 0.94, max = 1.06)",66.0,0,0
5295,bus-5295,true,PQ,0.0017886923935924418,1.0,"(min = 0.94, max = 1.06)",66.0,0,0
1172,bus-1172,true,PQ,-0.006014757542853797,1.0,"(min = 0.94, max = 1.06)",66.0,0,0
7178,bus-7178,true,PQ,-0.03467677265035459,1.0,"(min = 0.94, max = 1.06)",66.0,0,0
5934,bus-5934,true,PQ,-0.0008530109532560009,1.0,"(min = 0.94, max = 1.06)",66.0,0,0
6771,bus-6771,true,PQ,9.556504731294888e-5,1.0,"(min = 0.94, max = 1.06)",66.0,0,0
4864,bus-4864,true,PQ,0.000982541490462593,1.0,"(min = 0.94, max = 1.06)",500.0,0,0
5984,bus-5984,true,PQ,-0.0016114776740042106,1.0,"(min = 0.94, max = 1.06)",66.0,0,0
2066,bus-2066,true,PQ,-0.0011463729345894107,1.0,"(min = 0.94, max = 1.06)",66.0,0,0
7317,bus-7317,true,PQ,-0.03425107218502746,1.0,"(min = 0.94, max = 1.06)",66.0,0,0
322,bus-322,true,PV,-0.01112036110538508,1.0,"(min = 0.94, max = 1.06)",66.0,0,0
3272,bus-3272,true,PQ,-0.03237060662690726,1.0,"(min = 0.94, max = 1.06)",115.0,0,0
2623,bus-2623,true,PQ,0.009222196529839553,1.0,"(min = 0.94, max = 1.06)",230.0,0,0
5293,bus-5293,true,PQ,0.0019518633824410242,1.0,"(min = 0.94, max = 1.06)",66.0,0,0
1169,bus-1169,true,PQ,-0.03223594574846964,1.0,"(min = 0.94, max = 1.06)",66.0,0,0
3010,bus-3010,true,PQ,-0.03328795656867738,1.0,"(min = 0.94, max = 1.06)",115.0,0,0
7509,bus-7509,true,PQ,-0.029232748977916737,1.0,"(min = 0.94, max = 1.06)",115.0,0,0
2978,bus-2978,true,PQ,-0.03379433383148041,1.0,"(min = 0.94, max = 1.06)",230.0,0,0
2655,bus-2655,true,PQ,0.00019677653739619174,1.0,"(min = 0.94, max = 1.06)",230.0,0,0
4067,bus-4067,true,PQ,-0.02137209756820576,1.0,"(min = 0.94, max = 1.06)",66.0,0,0
3866,bus-3866,true,PQ,-0.032189904137334954,1.0,"(min = 0.94, max = 1.06)",66.0,0,0
5365,bus-5365,true,PQ,0.00035689723700034405,1.0,"(min = 0.94, max = 1.06)",66.0,0,0
357,bus-357,true,PQ,-0.00035430863795761464,1.0,"(min = 0.94, max = 1.06)",66.0,0,0
1825,bus-1825,true,PV,0.0030981156118046957,1.0,"(min = 0.94, max = 1.06)",115.0,0,0
7756,bus-7756,true,PQ,-0.0034733818038824326,1.0,"(min = 0.94, max = 1.06)",66.0,0,0
868,bus-868,true,PQ,-0.03466836051242583,1.0,"(min = 0.94, max = 1.06)",66.0,0,0
286,bus-286,true,PV,-0.0012109155698659868,1.0,"(min = 0.94, max = 1.06)",66.0,0,0
7861,bus-7861,true,PQ,-0.035179223096873546,1.0,"(min = 0.94, max = 1.06)",115.0,0,0
3339,bus-3339,true,PQ,-0.03389373958262652,1.0,"(min = 0.94, max = 1.06)",230.0,0,0
488,bus-488,true,PQ,-4.482100604659087e-5,1.0,"(min = 0.94, max = 1.06)",66.0,0,0
1603,bus-1603,true,PV,-0.030300324469860845,1.0,"(min = 0.94, max = 1.06)",230.0,0,0
2571,bus-2571,true,PQ,0.014922820149515112,1.0,"(min = 0.94, max = 1.06)",66.0,0,0
3119,bus-3119,true,PQ,-0.031240926560590663,1.0,"(min = 0.94, max = 1.06)",230.0,0,0
7185,bus-7185,true,PQ,-0.03480878673698156,1.0,"(min = 0.94, max = 1.06)",66.0,0,0
5102,bus-5102,true,PQ,0.005589384937626651,1.0,"(min = 0.94, max = 1.06)",66.0,0,0
8791,bus-8791,true,PQ,0.006574078268958637,1.0,"(min = 0.94, max = 1.06)",66.0,0,0
855,bus-855,true,PQ,-0.03494699255366292,1.0,"(min = 0.94, max = 1.06)",66.0,0,0
3755,bus-3755,true,PQ,-0.03606821143829877,1.0,"(min = 0.94, max = 1.06)",66.0,0,0
329,bus-329,true,PQ,-0.04685836658155569,1.0,"(min = 0.94, max = 1.06)",66.0,0,0
2667,bus-2667,true,PQ,0.000890546890776651,1.0,"(min = 0.94, max = 1.06)",500.0,0,0
4411,bus-4411,true,PQ,-0.03158964526500131,1.0,"(min = 0.94, max = 1.06)",230.0,0,0
4624,bus-4624,true,PQ,-0.0301092395401672,1.0,"(min = 0.94, max = 1.06)",230.0,0,0
6888,bus-6888,true,PQ,0.006739733384931584,1.0,"(min = 0.94, max = 1.06)",66.0,0,0
2211,bus-2211,true,PQ,0.004508037052555056,1.0,"(min = 0.94, max = 1.06)",66.0,0,0
6854,bus-6854,true,PQ,0.005797258573367667,1.0,"(min = 0.94, max = 1.06)",66.0,0,0
1403,bus-1403,true,PQ,-0.034200029507454106,1.0,"(min = 0.94, max = 1.06)",66.0,0,0
2344,bus-2344,true,PQ,-0.03450411961929248,1.0,"(min = 0.94, max = 1.06)",66.0,0,0
3529,bus-3529,true,PQ,-0.034048782241536006,1.0,"(min = 0.94, max = 1.06)",66.0,0,0
4193,bus-4193,true,PQ,-0.016320469743962385,1.0,"(min = 0.94, max = 1.06)",66.0,0,0
1602,bus-1602,true,PV,0.013522020898993103,1.0,"(min = 0.94, max = 1.06)",115.0,0,0
7650,bus-7650,true,PQ,-0.03695716958552793,1.0,"(min = 0.94, max = 1.06)",66.0,0,0
1769,bus-1769,true,PQ,-0.03444821305815968,1.0,"(min = 0.94, max = 1.06)",66.0,0,0
2232,bus-2232,true,PQ,0.008345872611626073,1.0,"(min = 0.94, max = 1.06)",66.0,0,0
4490,bus-4490,true,PQ,-0.03478855610202292,1.0,"(min = 0.94, max = 1.06)",66.0,0,0
4802,bus-4802,true,PQ,-0.0005485293972276607,1.0,"(min = 0.94, max = 1.06)",230.0,0,0
2886,bus-2886,true,PQ,-0.03247613237507549,1.0,"(min = 0.94, max = 1.06)",115.0,0,0
4688,bus-4688,true,PQ,0.002641167714027652,1.0,"(min = 0.94, max = 1.06)",66.0,0,0
7699,bus-7699,true,PQ,0.0034362606752744453,1.0,"(min = 0.94, max = 1.06)",230.0,0,0
8471,bus-8471,true,PQ,0.014887618027872987,1.0,"(min = 0.94, max = 1.06)",66.0,0,0
2205,bus-2205,true,PQ,-0.0013351285827699303,1.0,"(min = 0.94, max = 1.06)",66.0,0,0
8553,bus-8553,true,PV,-0.030909428147244823,1.0,"(min = 0.94, max = 1.06)",230.0,0,0
3776,bus-3776,true,PQ,-0.03206934813724733,1.0,"(min = 0.94, max = 1.06)",66.0,0,0
6358,bus-6358,true,PQ,-0.0002241359312873609,1.0,"(min = 0.94, max = 1.06)",66.0,0,0
4585,bus-4585,true,PQ,-0.019734357916220142,1.0,"(min = 0.94, max = 1.06)",66.0,0,0
5133,bus-5133,true,PQ,0.0083685796244472,1.0,"(min = 0.94, max = 1.06)",66.0,0,0
4025,bus-4025,true,PQ,-0.03115014238688355,1.0,"(min = 0.94, max = 1.06)",66.0,0,0
5143,bus-5143,true,PQ,0.002841547377199501,1.0,"(min = 0.94, max = 1.06)",66.0,0,0
2258,bus-2258,true,PQ,0.01558651142526287,1.0,"(min = 0.94, max = 1.06)",66.0,0,0
7240,bus-7240,true,PQ,-0.03463073208641746,1.0,"(min = 0.94, max = 1.06)",66.0,0,0
6699,bus-6699,true,PQ,0.0031838424322047656,1.0,"(min = 0.94, max = 1.06)",66.0,0,0
8636,bus-8636,true,PQ,-0.03243607392714957,1.0,"(min = 0.94, max = 1.06)",66.0,0,0
1637,bus-1637,true,PQ,-0.02403170585515133,1.0,"(min = 0.94, max = 1.06)",66.0,0,0
2299,bus-2299,true,PQ,-0.031301434682296354,1.0,"(min = 0.94, max = 1.06)",66.0,0,0
726,bus-726,true,PQ,0.0008566573038559137,1.0,"(min = 0.94, max = 1.06)",66.0,0,0
1952,bus-1952,true,PV,0.0009543559414793339,1.0,"(min = 0.94, max = 1.06)",66.0,0,0
611,bus-611,true,PQ,-0.022639279908982228,1.0,"(min = 0.94, max = 1.06)",66.0,0,0
6768,bus-6768,true,PQ,2.169407346515272e-5,1.0,"(min = 0.94, max = 1.06)",66.0,0,0
2126,bus-2126,true,PV,-0.03448510896948098,1.0,"(min = 0.94, max = 1.06)",66.0,0,0
4568,bus-4568,true,PQ,-0.01227074866551855,1.0,"(min = 0.94, max = 1.06)",66.0,0,0
1492,bus-1492,true,PQ,-0.037512667220266145,1.0,"(min = 0.94, max = 1.06)",66.0,0,0
2396,bus-2396,true,PV,0.0022532898600414668,1.0,"(min = 0.94, max = 1.06)",66.0,0,0
6618,bus-6618,true,PQ,0.0009724279060952191,1.0,"(min = 0.94, max = 1.06)",66.0,0,0
1716,bus-1716,true,PQ,0.01446777305491983,1.0,"(min = 0.94, max = 1.06)",115.0,0,0
4390,bus-4390,true,PQ,-0.032579457088524034,1.0,"(min = 0.94, max = 1.06)",230.0,0,0
919,bus-919,true,PQ,-0.03447029583652053,1.0,"(min = 0.94, max = 1.06)",66.0,0,0
3705,bus-3705,true,PQ,-0.03241006764863023,1.0,"(min = 0.94, max = 1.06)",66.0,0,0
3398,bus-3398,true,PQ,-0.03300014060491631,1.0,"(min = 0.94, max = 1.06)",230.0,0,0
4356,bus-4356,true,PQ,-0.03738957839836802,1.0,"(min = 0.94, max = 1.06)",66.0,0,0
67,bus-67,true,PQ,-0.036143219580897105,1.0,"(min = 0.94, max = 1.06)",66.0,0,0
5745,bus-5745,true,PQ,0.0018252876370435103,1.0,"(min = 0.94, max = 1.06)",66.0,0,0
713,bus-713,true,PV,0.0015658615497065524,1.0,"(min = 0.94, max = 1.06)",66.0,0,0
8038,bus-8038,true,PQ,0.014640201043228187,1.0,"(min = 0.94, max = 1.06)",66.0,0,0
7757,bus-7757,true,PQ,-0.004352771689633015,1.0,"(min = 0.94, max = 1.06)",115.0,0,0
2774,bus-2774,true,PQ,-0.03822054623587042,1.0,"(min = 0.94, max = 1.06)",66.0,0,0
423,bus-423,true,PQ,-0.0006652134454562656,1.0,"(min = 0.94, max = 1.06)",66.0,0,0
654,bus-654,true,PQ,-0.024918053164352427,1.0,"(min = 0.94, max = 1.06)",66.0,0,0
1938,bus-1938,true,PQ,0.00045423831949188345,1.0,"(min = 0.94, max = 1.06)",115.0,0,0
1992,bus-1992,true,PQ,0.008897140091856237,1.0,"(min = 0.94, max = 1.06)",66.0,0,0
5817,bus-5817,true,PQ,0.0003894465210112926,1.0,"(min = 0.94, max = 1.06)",66.0,0,0
7238,bus-7238,true,PQ,-0.03444605810013224,1.0,"(min = 0.94, max = 1.06)",66.0,0,0
6175,bus-6175,true,PQ,-0.000876157539466547,1.0,"(min = 0.94, max = 1.06)",66.0,0,0
7216,bus-7216,true,PQ,-0.034753784430934215,1.0,"(min = 0.94, max = 1.06)",66.0,0,0
5557,bus-5557,true,PQ,0.00016649857233937818,1.0,"(min = 0.94, max = 1.06)",66.0,0,0
2155,bus-2155,true,PQ,-0.03457917331498429,1.0,"(min = 0.94, max = 1.06)",66.0,0,0
7392,bus-7392,true,PQ,-0.03509179763477897,1.0,"(min = 0.94, max = 1.06)",66.0,0,0
1187,bus-1187,true,PQ,-0.03368873460495067,1.0,"(min = 0.94, max = 1.06)",66.0,0,0
7226,bus-7226,true,PQ,-0.034709832502512944,1.0,"(min = 0.94, max = 1.06)",66.0,0,0
7612,bus-7612,true,PQ,0.006963144919058233,1.0,"(min = 0.94, max = 1.06)",66.0,0,0
4503,bus-4503,true,PQ,-0.03208841673198999,1.0,"(min = 0.94, max = 1.06)",115.0,0,0
7225,bus-7225,true,PQ,-0.0346888150731275,1.0,"(min = 0.94, max = 1.06)",66.0,0,0
2558,bus-2558,true,PQ,0.014964515629012944,1.0,"(min = 0.94, max = 1.06)",66.0,0,0
1660,bus-1660,true,PV,-0.024874271231000306,1.0,"(min = 0.94, max = 1.06)",66.0,0,0
1897,bus-1897,true,PQ,0.017619388174472738,1.0,"(min = 0.94, max = 1.06)",115.0,0,0
2805,bus-2805,true,PQ,-0.0057564141338664,1.0,"(min = 0.94, max = 1.06)",230.0,0,0
7435,bus-7435,true,PQ,-0.034002314595530915,1.0,"(min = 0.94, max = 1.06)",115.0,0,0
317,bus-317,true,PV,-0.014036163934489702,1.0,"(min = 0.94, max = 1.06)",66.0,0,0
437,bus-437,true,PQ,-0.00035026811870877294,1.0,"(min = 0.94, max = 1.06)",66.0,0,0
7908,bus-7908,true,PQ,-0.029091772625580773,1.0,"(min = 0.94, max = 1.06)",500.0,0,0
6909,bus-6909,true,PQ,0.006833392848955015,1.0,"(min = 0.94, max = 1.06)",66.0,0,0
8109,bus-8109,true,PQ,-0.02149914636764373,1.0,"(min = 0.94, max = 1.06)",66.0,0,0
1994,bus-1994,true,PQ,0.0010199001880523736,1.0,"(min = 0.94, max = 1.06)",66.0,0,0
3546,bus-3546,true,PQ,0.010298231510495031,1.0,"(min = 0.94, max = 1.06)",66.0,0,0
5040,bus-5040,true,PQ,-0.004390947625427737,1.0,"(min = 0.94, max = 1.06)",66.0,0,0
4001,bus-4001,true,PQ,-0.032276292350255066,1.0,"(min = 0.94, max = 1.06)",115.0,0,0
7141,bus-7141,true,PQ,-0.034810811842512654,1.0,"(min = 0.94, max = 1.06)",66.0,0,0
301,bus-301,true,PQ,-0.0009913418995727416,1.0,"(min = 0.94, max = 1.06)",66.0,0,0
1225,bus-1225,true,PQ,0.003196325027015029,1.0,"(min = 0.94, max = 1.06)",66.0,0,0
5088,bus-5088,true,PQ,0.0037853387255247827,1.0,"(min = 0.94, max = 1.06)",66.0,0,0
7814,bus-7814,true,PQ,0.0006803992027213594,1.0,"(min = 0.94, max = 1.06)",115.0,0,0
3317,bus-3317,true,PQ,-0.03108873594421186,1.0,"(min = 0.94, max = 1.06)",230.0,0,0
4422,bus-4422,true,PQ,-0.030159875905090686,1.0,"(min = 0.94, max = 1.06)",230.0,0,0
7535,bus-7535,true,PQ,-0.029149683697359496,1.0,"(min = 0.94, max = 1.06)",66.0,0,0
6014,bus-6014,true,PQ,-0.0009100866877654393,1.0,"(min = 0.94, max = 1.06)",66.0,0,0
491,bus-491,true,PV,-0.0033938244082288974,1.0,"(min = 0.94, max = 1.06)",66.0,0,0
3937,bus-3937,true,PQ,-0.03454484024513661,1.0,"(min = 0.94, max = 1.06)",66.0,0,0
8568,bus-8568,true,PQ,-0.02852049372374602,1.0,"(min = 0.94, max = 1.06)",115.0,0,0
1805,bus-1805,true,PQ,-0.029231006790257395,1.0,"(min = 0.94, max = 1.06)",66.0,0,0
2245,bus-2245,true,PV,-0.02848682475167872,1.0,"(min = 0.94, max = 1.06)",230.0,0,0
4074,bus-4074,true,PQ,-0.02070033709427396,1.0,"(min = 0.94, max = 1.06)",66.0,0,0
7759,bus-7759,true,PQ,-0.03178605554330864,1.0,"(min = 0.94, max = 1.06)",115.0,0,0
4093,bus-4093,true,PQ,-0.011242693047799786,1.0,"(min = 0.94, max = 1.06)",115.0,0,0
8724,bus-8724,true,PV,0.012997669205808787,1.0,"(min = 0.94, max = 1.06)",230.0,0,0
178,bus-178,true,PQ,-0.037229302718762285,1.0,"(min = 0.94, max = 1.06)",66.0,0,0
1514,bus-1514,true,PQ,0.0016144191332431326,1.0,"(min = 0.94, max = 1.06)",115.0,0,0
5698,bus-5698,true,PQ,0.0006336358874689989,1.0,"(min = 0.94, max = 1.06)",66.0,0,0
5465,bus-5465,true,PQ,0.0009772800191542015,1.0,"(min = 0.94, max = 1.06)",66.0,0,0
3266,bus-3266,true,PQ,-0.0315171729112732,1.0,"(min = 0.94, max = 1.06)",115.0,0,0
7340,bus-7340,true,PQ,-0.035120833630346855,1.0,"(min = 0.94, max = 1.06)",66.0,0,0
7672,bus-7672,true,PQ,0.00013806580217996304,1.0,"(min = 0.94, max = 1.06)",115.0,0,0
8122,bus-8122,true,PQ,-0.0013185991907615055,1.0,"(min = 0.94, max = 1.06)",115.0,0,0
5060,bus-5060,true,PQ,-0.003067647468865801,1.0,"(min = 0.94, max = 1.06)",66.0,0,0
4474,bus-4474,true,PQ,-0.03479155510127662,1.0,"(min = 0.94, max = 1.06)",115.0,0,0
496,bus-496,true,PQ,0.0002040475755693416,1.0,"(min = 0.94, max = 1.06)",66.0,0,0
6822,bus-6822,true,PQ,0.008984505549531127,1.0,"(min = 0.94, max = 1.06)",66.0,0,0
5475,bus-5475,true,PQ,0.00434641207635789,1.0,"(min = 0.94, max = 1.06)",115.0,0,0
3204,bus-3204,true,PQ,-0.032226383264030885,1.0,"(min = 0.94, max = 1.06)",230.0,0,0
8626,bus-8626,true,PQ,-0.034734523500907985,1.0,"(min = 0.94, max = 1.06)",66.0,0,0
6739,bus-6739,true,PQ,-0.0009988425340636622,1.0,"(min = 0.94, max = 1.06)",66.0,0,0
2640,bus-2640,true,PQ,0.0004765565916380549,1.0,"(min = 0.94, max = 1.06)",230.0,0,0
8754,bus-8754,true,PQ,-0.028945177011185094,1.0,"(min = 0.94, max = 1.06)",500.0,0,0
2745,bus-2745,true,PQ,-0.03609608888430917,1.0,"(min = 0.94, max = 1.06)",66.0,0,0
7874,bus-7874,true,PQ,-0.027573705488015427,1.0,"(min = 0.94, max = 1.06)",230.0,0,0
6020,bus-6020,true,PQ,-0.0009108578876753717,1.0,"(min = 0.94, max = 1.06)",66.0,0,0
7969,bus-7969,true,PQ,-0.035323914207989464,1.0,"(min = 0.94, max = 1.06)",115.0,0,0
8013,bus-8013,true,PQ,-0.03390061251468795,1.0,"(min = 0.94, max = 1.06)",230.0,0,0
8700,bus-8700,true,PQ,-0.029776175741015244,1.0,"(min = 0.94, max = 1.06)",66.0,0,0
3634,bus-3634,true,PQ,-0.0369698171139525,1.0,"(min = 0.94, max = 1.06)",66.0,0,0
6326,bus-6326,true,PQ,-0.0008433071442717274,1.0,"(min = 0.94, max = 1.06)",66.0,0,0
1381,bus-1381,true,PQ,-0.03174557961262564,1.0,"(min = 0.94, max = 1.06)",115.0,0,0
5261,bus-5261,true,PQ,0.004098579633537948,1.0,"(min = 0.94, max = 1.06)",66.0,0,0
7202,bus-7202,true,PQ,-0.03480438484207511,1.0,"(min = 0.94, max = 1.06)",66.0,0,0
6348,bus-6348,true,PQ,-0.00045167072548670185,1.0,"(min = 0.94, max = 1.06)",66.0,0,0
2562,bus-2562,true,PQ,0.014920104678998396,1.0,"(min = 0.94, max = 1.06)",66.0,0,0
5512,bus-5512,true,PQ,-0.0013109167331051001,1.0,"(min = 0.94, max = 1.06)",66.0,0,0
3149,bus-3149,true,PQ,-0.03481386302711099,1.0,"(min = 0.94, max = 1.06)",115.0,0,0
5289,bus-5289,true,PQ,0.0019951036004999183,1.0,"(min = 0.94, max = 1.06)",66.0,0,0
8833,bus-8833,true,PQ,0.0002463303199632257,1.0,"(min = 0.94, max = 1.06)",230.0,0,0
5531,bus-5531,true,PQ,0.009941332500240168,1.0,"(min = 0.94, max = 1.06)",115.0,0,0
291,bus-291,true,PQ,-0.002810091552436903,1.0,"(min = 0.94, max = 1.06)",66.0,0,0
3709,bus-3709,true,PQ,-0.03350625467206813,1.0,"(min = 0.94, max = 1.06)",66.0,0,0
5775,bus-5775,true,PQ,-0.000365187460190196,1.0,"(min = 0.94, max = 1.06)",66.0,0,0
815,bus-815,true,PQ,0.009595749244924144,1.0,"(min = 0.94, max = 1.06)",115.0,0,0
2333,bus-2333,true,PQ,0.003228544503138545,1.0,"(min = 0.94, max = 1.06)",66.0,0,0
3869,bus-3869,true,PQ,-0.03248558821989695,1.0,"(min = 0.94, max = 1.06)",66.0,0,0
266,bus-266,true,PQ,-0.006524570015050472,1.0,"(min = 0.94, max = 1.06)",115.0,0,0
1734,bus-1734,true,PV,-0.030476325566027054,1.0,"(min = 0.94, max = 1.06)",66.0,0,0
2310,bus-2310,true,PQ,6.160074633759227e-5,1.0,"(min = 0.94, max = 1.06)",66.0,0,0
6145,bus-6145,true,PQ,-0.0007933900522222691,1.0,"(min = 0.94, max = 1.06)",66.0,0,0
6510,bus-6510,true,PQ,0.0031796606407702797,1.0,"(min = 0.94, max = 1.06)",66.0,0,0
2413,bus-2413,true,PQ,0.000749032771082221,1.0,"(min = 0.94, max = 1.06)",66.0,0,0
8614,bus-8614,true,PQ,0.012589717971029564,1.0,"(min = 0.94, max = 1.06)",115.0,0,0
126,bus-126,true,PQ,-0.015477164400870448,1.0,"(min = 0.94, max = 1.06)",66.0,0,0
5803,bus-5803,true,PQ,-0.0008089350750419103,1.0,"(min = 0.94, max = 1.06)",66.0,0,0
7126,bus-7126,true,PQ,-0.03466823973564159,1.0,"(min = 0.94, max = 1.06)",66.0,0,0
8843,bus-8843,true,PV,-0.003683012829100573,1.0,"(min = 0.94, max = 1.06)",115.0,0,0
3850,bus-3850,true,PQ,-0.031278111847501955,1.0,"(min = 0.94, max = 1.06)",66.0,0,0
8239,bus-8239,true,PV,0.01275871034851854,1.0,"(min = 0.94, max = 1.06)",115.0,0,0
2672,bus-2672,true,PQ,-0.03949327907273408,1.0,"(min = 0.94, max = 1.06)",66.0,0,0
8232,bus-8232,true,PQ,-0.034906837239963504,1.0,"(min = 0.94, max = 1.06)",66.0,0,0
5352,bus-5352,true,PQ,0.0014144494234779668,1.0,"(min = 0.94, max = 1.06)",66.0,0,0
8618,bus-8618,true,PQ,-0.002591145425748188,1.0,"(min = 0.94, max = 1.06)",115.0,0,0
4668,bus-4668,true,PQ,-0.04109250087892451,1.0,"(min = 0.94, max = 1.06)",66.0,0,0
4374,bus-4374,true,PQ,-0.0350186578671449,1.0,"(min = 0.94, max = 1.06)",115.0,0,0
3641,bus-3641,true,PQ,-0.03639666058690846,1.0,"(min = 0.94, max = 1.06)",66.0,0,0
5329,bus-5329,true,PQ,0.0014828199986458212,1.0,"(min = 0.94, max = 1.06)",66.0,0,0
8358,bus-8358,true,PQ,0.01887364652667111,1.0,"(min = 0.94, max = 1.06)",66.0,0,0
6783,bus-6783,true,PQ,0.009107605017937689,1.0,"(min = 0.94, max = 1.06)",230.0,0,0
2587,bus-2587,true,PQ,0.014593596092170836,1.0,"(min = 0.94, max = 1.06)",66.0,0,0
3376,bus-3376,true,PQ,-0.01256905521000142,1.0,"(min = 0.94, max = 1.06)",230.0,0,0
4431,bus-4431,true,PQ,-0.03211416452724711,1.0,"(min = 0.94, max = 1.06)",66.0,0,0
4771,bus-4771,true,PQ,0.0012909966341082902,1.0,"(min = 0.94, max = 1.06)",230.0,0,0
7501,bus-7501,true,PQ,-0.031183029625978884,1.0,"(min = 0.94, max = 1.06)",66.0,0,0
387,bus-387,true,PQ,0.0005228754221444805,1.0,"(min = 0.94, max = 1.06)",66.0,0,0
5255,bus-5255,true,PQ,0.002083911101562683,1.0,"(min = 0.94, max = 1.06)",66.0,0,0
5941,bus-5941,true,PQ,-0.0006855252766223685,1.0,"(min = 0.94, max = 1.06)",66.0,0,0
2504,bus-2504,true,PQ,0.010799534437937387,1.0,"(min = 0.94, max = 1.06)",115.0,0,0
23,bus-23,true,PQ,-0.03102408807605337,1.0,"(min = 0.94, max = 1.06)",66.0,0,0
4615,bus-4615,true,PQ,-0.005026298035342103,1.0,"(min = 0.94, max = 1.06)",115.0,0,0
5252,bus-5252,true,PQ,0.005211176853468338,1.0,"(min = 0.94, max = 1.06)",66.0,0,0
208,bus-208,true,PQ,0.017999636426353584,1.0,"(min = 0.94, max = 1.06)",66.0,0,0
1933,bus-1933,true,PV,-0.002236930295550578,1.0,"(min = 0.94, max = 1.06)",66.0,0,0
6458,bus-6458,true,PQ,-0.00043930757228379864,1.0,"(min = 0.94, max = 1.06)",66.0,0,0
5177,bus-5177,true,PQ,0.003415995552609784,1.0,"(min = 0.94, max = 1.06)",115.0,0,0
7721,bus-7721,true,PQ,-0.03323959349510463,1.0,"(min = 0.94, max = 1.06)",66.0,0,0
8809,bus-8809,true,PQ,0.007073354415353824,1.0,"(min = 0.94, max = 1.06)",66.0,0,0
874,bus-874,true,PQ,-0.03425223003645323,1.0,"(min = 0.94, max = 1.06)",66.0,0,0
7287,bus-7287,true,PQ,-0.03420738275412569,1.0,"(min = 0.94, max = 1.06)",66.0,0,0
871,bus-871,true,PQ,-0.03453889355930922,1.0,"(min = 0.94, max = 1.06)",66.0,0,0
3745,bus-3745,true,PQ,-0.03424634234275455,1.0,"(min = 0.94, max = 1.06)",66.0,0,0
8540,bus-8540,true,PQ,-0.03489049362778198,1.0,"(min = 0.94, max = 1.06)",66.0,0,0
1108,bus-1108,true,PQ,0.008279963568550087,1.0,"(min = 0.94, max = 1.06)",66.0,0,0
3668,bus-3668,true,PQ,-0.03616338878026608,1.0,"(min = 0.94, max = 1.06)",66.0,0,0
1838,bus-1838,true,PV,0.0028922994050925165,1.0,"(min = 0.94, max = 1.06)",115.0,0,0
782,bus-782,true,PV,0.0031834235008244096,1.0,"(min = 0.94, max = 1.06)",115.0,0,0
5961,bus-5961,true,PQ,-0.0011137437895478784,1.0,"(min = 0.94, max = 1.06)",66.0,0,0
314,bus-314,true,PQ,-0.010184803749231811,1.0,"(min = 0.94, max = 1.06)",66.0,0,0
4219,bus-4219,true,PQ,-0.0019804199709699648,1.0,"(min = 0.94, max = 1.06)",115.0,0,0
4830,bus-4830,true,PQ,0.000503587523290645,1.0,"(min = 0.94, max = 1.06)",66.0,0,0
5444,bus-5444,true,PQ,-0.0003933813239220117,1.0,"(min = 0.94, max = 1.06)",66.0,0,0
3383,bus-3383,true,PQ,-0.012574313782317926,1.0,"(min = 0.94, max = 1.06)",230.0,0,0
6437,bus-6437,true,PQ,-0.00013061849884233106,1.0,"(min = 0.94, max = 1.06)",66.0,0,0
2031,bus-2031,true,PQ,0.0005227552440081759,1.0,"(min = 0.94, max = 1.06)",66.0,0,0
8561,bus-8561,true,PQ,-0.034654244987567404,1.0,"(min = 0.94, max = 1.06)",66.0,0,0
3103,bus-3103,true,PQ,-0.031019814811912783,1.0,"(min = 0.94, max = 1.06)",230.0,0,0
1808,bus-1808,true,PQ,-0.03331756799929965,1.0,"(min = 0.94, max = 1.06)",66.0,0,0
4027,bus-4027,true,PQ,-0.026310859766831392,1.0,"(min = 0.94, max = 1.06)",66.0,0,0
3468,bus-3468,true,PQ,-0.031556894161587634,1.0,"(min = 0.94, max = 1.06)",115.0,0,0
1055,bus-1055,true,PQ,0.00711760315446769,1.0,"(min = 0.94, max = 1.06)",66.0,0,0
4843,bus-4843,true,PQ,0.002943017765584261,1.0,"(min = 0.94, max = 1.06)",66.0,0,0
4758,bus-4758,true,PQ,-0.00038152496371933936,1.0,"(min = 0.94, max = 1.06)",230.0,0,0
3508,bus-3508,true,PQ,-0.03837958831676085,1.0,"(min = 0.94, max = 1.06)",66.0,0,0
8432,bus-8432,true,PQ,-0.03050440948448797,1.0,"(min = 0.94, max = 1.06)",115.0,0,0
3707,bus-3707,true,PQ,-0.03246972230433169,1.0,"(min = 0.94, max = 1.06)",66.0,0,0
5355,bus-5355,true,PQ,0.0013535657278611981,1.0,"(min = 0.94, max = 1.06)",66.0,0,0
4762,bus-4762,true,PQ,-0.00010806616093924062,1.0,"(min = 0.94, max = 1.06)",66.0,0,0
3724,bus-3724,true,PQ,-0.038066361057222435,1.0,"(min = 0.94, max = 1.06)",66.0,0,0
4122,bus-4122,true,PQ,-0.013260047589133992,1.0,"(min = 0.94, max = 1.06)",66.0,0,0
1143,bus-1143,true,PQ,-0.03173616722650256,1.0,"(min = 0.94, max = 1.06)",66.0,0,0
7752,bus-7752,true,PQ,0.014965237252845473,1.0,"(min = 0.94, max = 1.06)",66.0,0,0
4537,bus-4537,true,PQ,-0.021452896189663433,1.0,"(min = 0.94, max = 1.06)",66.0,0,0
1949,bus-1949,true,PQ,-0.0343480948636129,1.0,"(min = 0.94, max = 1.06)",66.0,0,0
3366,bus-3366,true,PQ,-0.03314575604240407,1.0,"(min = 0.94, max = 1.06)",115.0,0,0
4281,bus-4281,true,PQ,-0.0043270023570129235,1.0,"(min = 0.94, max = 1.06)",115.0,0,0
6625,bus-6625,true,PQ,0.0024233134304123996,1.0,"(min = 0.94, max = 1.06)",115.0,0,0
7873,bus-7873,true,PQ,-0.032995755639703604,1.0,"(min = 0.94, max = 1.06)",115.0,0,0
2111,bus-2111,true,PQ,-0.03788260371786036,1.0,"(min = 0.94, max = 1.06)",66.0,0,0
7534,bus-7534,true,PQ,-0.02938635645258231,1.0,"(min = 0.94, max = 1.06)",66.0,0,0
1706,bus-1706,true,PQ,0.013748449077652191,1.0,"(min = 0.94, max = 1.06)",115.0,0,0
7033,bus-7033,true,PQ,0.0074477550288423264,1.0,"(min = 0.94, max = 1.06)",66.0,0,0
7137,bus-7137,true,PQ,-0.03472770327778996,1.0,"(min = 0.94, max = 1.06)",66.0,0,0
489,bus-489,true,PQ,-0.0003268533399693776,1.0,"(min = 0.94, max = 1.06)",66.0,0,0
5160,bus-5160,true,PQ,0.0030981156118046957,1.0,"(min = 0.94, max = 1.06)",115.0,0,0
244,bus-244,true,PQ,-0.005087984952424591,1.0,"(min = 0.94, max = 1.06)",115.0,0,0
1948,bus-1948,true,PQ,-0.03423512982404097,1.0,"(min = 0.94, max = 1.06)",66.0,0,0
1279,bus-1279,true,PQ,-0.0338516649303487,1.0,"(min = 0.94, max = 1.06)",66.0,0,0
3254,bus-3254,true,PQ,-0.038282039421405935,1.0,"(min = 0.94, max = 1.06)",66.0,0,0
513,bus-513,true,PQ,-0.0017562044509233838,1.0,"(min = 0.94, max = 1.06)",66.0,0,0
1369,bus-1369,true,PQ,-0.031070572826285132,1.0,"(min = 0.94, max = 1.06)",66.0,0,0
6412,bus-6412,true,PQ,-0.0005241516068935388,1.0,"(min = 0.94, max = 1.06)",66.0,0,0
4921,bus-4921,true,PQ,0.008046300773248678,1.0,"(min = 0.94, max = 1.06)",115.0,0,0
7382,bus-7382,true,PQ,-0.0349287561319076,1.0,"(min = 0.94, max = 1.06)",66.0,0,0
1019,bus-1019,true,PV,0.007747079327171912,1.0,"(min = 0.94, max = 1.06)",115.0,0,0
8303,bus-8303,true,PQ,0.015767711735097726,1.0,"(min = 0.94, max = 1.06)",66.0,0,0
7548,bus-7548,true,PQ,-0.028220495187273095,1.0,"(min = 0.94, max = 1.06)",115.0,0,0
1056,bus-1056,true,PV,0.00943961594721838,1.0,"(min = 0.94, max = 1.06)",115.0,0,0
5502,bus-5502,true,PQ,0.0014665193966130528,1.0,"(min = 0.94, max = 1.06)",115.0,0,0
2407,bus-2407,true,PV,0.009940052528126632,1.0,"(min = 0.94, max = 1.06)",115.0,0,0
6108,bus-6108,true,PQ,0.00047893662383517087,1.0,"(min = 0.94, max = 1.06)",66.0,0,0
2539,bus-2539,true,PQ,0.014839912384922865,1.0,"(min = 0.94, max = 1.06)",115.0,0,0
4469,bus-4469,true,PQ,-0.03486266592365526,1.0,"(min = 0.94, max = 1.06)",66.0,0,0
5345,bus-5345,true,PQ,0.00025944235904157466,1.0,"(min = 0.94, max = 1.06)",66.0,0,0
3403,bus-3403,true,PQ,-0.030189563083002482,1.0,"(min = 0.94, max = 1.06)",230.0,0,0
3809,bus-3809,true,PQ,-0.02848682475167872,1.0,"(min = 0.94, max = 1.06)",230.0,0,0
5902,bus-5902,true,PQ,-0.00039127723002496515,1.0,"(min = 0.94, max = 1.06)",66.0,0,0
6442,bus-6442,true,PQ,-0.0004883929556034871,1.0,"(min = 0.94, max = 1.06)",66.0,0,0
6470,bus-6470,true,PQ,-0.001698486389870651,1.0,"(min = 0.94, max = 1.06)",66.0,0,0
8402,bus-8402,true,PQ,0.008453543142552202,1.0,"(min = 0.94, max = 1.06)",230.0,0,0
902,bus-902,true,PQ,-0.03470343499813976,1.0,"(min = 0.94, max = 1.06)",66.0,0,0
4354,bus-4354,true,PQ,-0.03180920314704614,1.0,"(min = 0.94, max = 1.06)",230.0,0,0
233,bus-233,true,PV,0.010228892965252047,1.0,"(min = 0.94, max = 1.06)",66.0,0,0
6402,bus-6402,true,PQ,-0.00043305093343454183,1.0,"(min = 0.94, max = 1.06)",66.0,0,0
538,bus-538,true,PQ,-0.000598393005407521,1.0,"(min = 0.94, max = 1.06)",66.0,0,0
8677,bus-8677,true,PQ,0.007813111381053579,1.0,"(min = 0.94, max = 1.06)",115.0,0,0
1732,bus-1732,true,PV,-0.030881977259703604,1.0,"(min = 0.94, max = 1.06)",230.0,0,0
366,bus-366,true,PQ,4.9980278727967084e-5,1.0,"(min = 0.94, max = 1.06)",66.0,0,0
238,bus-238,true,PQ,-0.001859089079601034,1.0,"(min = 0.94, max = 1.06)",115.0,0,0
6866,bus-6866,true,PQ,0.0061803964970778705,1.0,"(min = 0.94, max = 1.06)",66.0,0,0
4536,bus-4536,true,PQ,-0.02304993301816329,1.0,"(min = 0.94, max = 1.06)",66.0,0,0
7265,bus-7265,true,PQ,-0.03446960695506477,1.0,"(min = 0.94, max = 1.06)",66.0,0,0
7931,bus-7931,true,PQ,-0.030183302412442655,1.0,"(min = 0.94, max = 1.06)",115.0,0,0
5182,bus-5182,true,PQ,0.004565782230788378,1.0,"(min = 0.94, max = 1.06)",115.0,0,0
8116,bus-8116,true,PQ,0.0007321152387921039,1.0,"(min = 0.94, max = 1.06)",66.0,0,0
8285,bus-8285,true,PQ,-0.032279532204945546,1.0,"(min = 0.94, max = 1.06)",115.0,0,0
1255,bus-1255,true,PQ,-0.02980615997396573,1.0,"(min = 0.94, max = 1.06)",115.0,0,0
2062,bus-2062,true,PQ,-0.0007486878503887957,1.0,"(min = 0.94, max = 1.06)",66.0,0,0
5715,bus-5715,true,PQ,0.0005669881896376414,1.0,"(min = 0.94, max = 1.06)",66.0,0,0
8816,bus-8816,true,PQ,-0.03473344576009488,1.0,"(min = 0.94, max = 1.06)",115.0,0,0
1382,bus-1382,true,PQ,-0.024272244689200237,1.0,"(min = 0.94, max = 1.06)",230.0,0,0
1667,bus-1667,true,PQ,-0.001896747926698268,1.0,"(min = 0.94, max = 1.06)",115.0,0,0
6474,bus-6474,true,PQ,0.017988867046737078,1.0,"(min = 0.94, max = 1.06)",66.0,0,0
4927,bus-4927,true,PQ,-0.003360633237497626,1.0,"(min = 0.94, max = 1.06)",66.0,0,0
1644,bus-1644,true,PV,-0.00019075221757833868,1.0,"(min = 0.94, max = 1.06)",230.0,0,0
2149,bus-2149,true,PQ,-0.03328910935864833,1.0,"(min = 0.94, max = 1.06)",115.0,0,0
1045,bus-1045,true,PV,0.006448729228225888,1.0,"(min = 0.94, max = 1.06)",66.0,0,0
2471,bus-2471,true,PQ,0.002187197313047925,1.0,"(min = 0.94, max = 1.06)",66.0,0,0
84,bus-84,true,PQ,-0.03212933911789565,1.0,"(min = 0.94, max = 1.06)",66.0,0,0
2970,bus-2970,true,PQ,-0.03509657983692944,1.0,"(min = 0.94, max = 1.06)",115.0,0,0
8478,bus-8478,true,PQ,0.00927437532948949,1.0,"(min = 0.94, max = 1.06)",66.0,0,0
1254,bus-1254,true,PV,-0.03240178798119169,1.0,"(min = 0.94, max = 1.06)",115.0,0,0
2259,bus-2259,true,PQ,0.00018365504735994324,1.0,"(min = 0.94, max = 1.06)",66.0,0,0
3349,bus-3349,true,PQ,-0.031115002800388526,1.0,"(min = 0.94, max = 1.06)",230.0,0,0
4361,bus-4361,true,PQ,-0.03353601305941341,1.0,"(min = 0.94, max = 1.06)",66.0,0,0
4787,bus-4787,true,PV,0.0008032466857265057,1.0,"(min = 0.94, max = 1.06)",66.0,0,0
767,bus-767,true,PQ,-0.03659477884442178,1.0,"(min = 0.94, max = 1.06)",66.0,0,0
2014,bus-2014,true,PQ,0.0005017595300092884,1.0,"(min = 0.94, max = 1.06)",66.0,0,0
8450,bus-8450,true,PQ,0.009442754520452363,1.0,"(min = 0.94, max = 1.06)",115.0,0,0
789,bus-789,true,PQ,0.0022311062540097204,1.0,"(min = 0.94, max = 1.06)",115.0,0,0
8295,bus-8295,true,PQ,0.015731008577939007,1.0,"(min = 0.94, max = 1.06)",66.0,0,0
2371,bus-2371,true,PQ,-0.03364471460868857,1.0,"(min = 0.94, max = 1.06)",66.0,0,0
872,bus-872,true,PQ,-0.03514414808756085,1.0,"(min = 0.94, max = 1.06)",66.0,0,0
5262,bus-5262,true,PQ,0.004098405624211524,1.0,"(min = 0.94, max = 1.06)",66.0,0,0
664,bus-664,true,PQ,-0.03658738196451891,1.0,"(min = 0.94, max = 1.06)",66.0,0,0
7515,bus-7515,true,PQ,-0.029321646625235367,1.0,"(min = 0.94, max = 1.06)",66.0,0,0
4835,bus-4835,true,PQ,0.00342314592220911,1.0,"(min = 0.94, max = 1.06)",66.0,0,0
2183,bus-2183,true,PQ,-0.02854005502493652,1.0,"(min = 0.94, max = 1.06)",66.0,0,0
999,bus-999,true,PV,0.0060757390851190925,1.0,"(min = 0.94, max = 1.06)",66.0,0,0
3080,bus-3080,true,PQ,-0.03235162983648326,1.0,"(min = 0.94, max = 1.06)",115.0,0,0
3379,bus-3379,true,PQ,-0.012549169870981992,1.0,"(min = 0.94, max = 1.06)",230.0,0,0
8126,bus-8126,true,PQ,-0.029113185546574716,1.0,"(min = 0.94, max = 1.06)",66.0,0,0
8381,bus-8381,true,PV,0.01394846136646979,1.0,"(min = 0.94, max = 1.06)",115.0,0,0
4436,bus-4436,true,PQ,-0.03557204155909311,1.0,"(min = 0.94, max = 1.06)",66.0,0,0
8659,bus-8659,true,PV,-0.03254138971220879,1.0,"(min = 0.94, max = 1.06)",230.0,0,0
412,bus-412,true,PQ,-0.0005291548724470609,1.0,"(min = 0.94, max = 1.06)",66.0,0,0
8810,bus-8810,true,PQ,0.007808512106862016,1.0,"(min = 0.94, max = 1.06)",115.0,0,0
4057,bus-4057,true,PQ,-0.02124754581132861,1.0,"(min = 0.94, max = 1.06)",66.0,0,0
6610,bus-6610,true,PQ,-0.00017894351359089205,1.0,"(min = 0.94, max = 1.06)",66.0,0,0
7541,bus-7541,true,PQ,-0.03126833573476276,1.0,"(min = 0.94, max = 1.06)",66.0,0,0
2357,bus-2357,true,PQ,-0.03469761345241973,1.0,"(min = 0.94, max = 1.06)",66.0,0,0
3358,bus-3358,true,PQ,-0.030844265581489914,1.0,"(min = 0.94, max = 1.06)",230.0,0,0
7408,bus-7408,true,PQ,-0.034958585205087586,1.0,"(min = 0.94, max = 1.06)",66.0,0,0
7771,bus-7771,true,PQ,0.0007476340816729652,1.0,"(min = 0.94, max = 1.06)",500.0,0,0
2563,bus-2563,true,PQ,0.014918271804031122,1.0,"(min = 0.94, max = 1.06)",66.0,0,0
711,bus-711,true,PQ,0.001189654192320336,1.0,"(min = 0.94, max = 1.06)",66.0,0,0
4845,bus-4845,true,PQ,-0.0009116448479084497,1.0,"(min = 0.94, max = 1.06)",230.0,0,0
8725,bus-8725,true,PQ,0.013183099181459509,1.0,"(min = 0.94, max = 1.06)",66.0,0,0
2412,bus-2412,true,PQ,-0.033710642326787554,1.0,"(min = 0.94, max = 1.06)",115.0,0,0
6738,bus-6738,true,PQ,-0.0009934788300943352,1.0,"(min = 0.94, max = 1.06)",66.0,0,0
7124,bus-7124,true,PQ,-0.03457749465730973,1.0,"(min = 0.94, max = 1.06)",66.0,0,0
6680,bus-6680,true,PQ,-4.836358338343738e-5,1.0,"(min = 0.94, max = 1.06)",66.0,0,0
279,bus-279,true,PQ,-0.005502817584112113,1.0,"(min = 0.94, max = 1.06)",66.0,0,0
5007,bus-5007,true,PQ,-0.0029919919312880244,1.0,"(min = 0.94, max = 1.06)",66.0,0,0
7461,bus-7461,true,PQ,-0.03464640758656132,1.0,"(min = 0.94, max = 1.06)",66.0,0,0
5802,bus-5802,true,PQ,-0.0010272248078335598,1.0,"(min = 0.94, max = 1.06)",66.0,0,0
8573,bus-8573,true,PV,-0.008089542754090117,1.0,"(min = 0.94, max = 1.06)",230.0,0,0
3034,bus-3034,true,PQ,-0.030231826056306605,1.0,"(min = 0.94, max = 1.06)",115.0,0,0
6140,bus-6140,true,PQ,-0.0010290292758219288,1.0,"(min = 0.94, max = 1.06)",66.0,0,0
1342,bus-1342,true,PQ,-0.034823980875317725,1.0,"(min = 0.94, max = 1.06)",115.0,0,0
1130,bus-1130,true,PQ,-0.03403791948680452,1.0,"(min = 0.94, max = 1.06)",115.0,0,0
3864,bus-3864,true,PQ,-0.03202098663447089,1.0,"(min = 0.94, max = 1.06)",66.0,0,0
5168,bus-5168,true,PQ,0.0009921264442701349,1.0,"(min = 0.94, max = 1.06)",66.0,0,0
8080,bus-8080,true,PQ,-0.0337879839745958,1.0,"(min = 0.94, max = 1.06)",115.0,0,0
2550,bus-2550,true,PQ,0.014957274519745805,1.0,"(min = 0.94, max = 1.06)",66.0,0,0
2627,bus-2627,true,PQ,0.00025405445084618106,1.0,"(min = 0.94, max = 1.06)",230.0,0,0
2848,bus-2848,true,PQ,-0.031858459829195926,1.0,"(min = 0.94, max = 1.06)",115.0,0,0
2512,bus-2512,true,PQ,0.010433156684141283,1.0,"(min = 0.94, max = 1.06)",115.0,0,0
5713,bus-5713,true,PQ,0.0007020325081852806,1.0,"(min = 0.94, max = 1.06)",66.0,0,0
1281,bus-1281,true,PQ,-0.03233140496111114,1.0,"(min = 0.94, max = 1.06)",66.0,0,0
2508,bus-2508,true,PQ,0.01041403344313974,1.0,"(min = 0.94, max = 1.06)",115.0,0,0
703,bus-703,true,PQ,0.0008994031172616078,1.0,"(min = 0.94, max = 1.06)",66.0,0,0
2168,bus-2168,true,PQ,-0.03085119785474591,1.0,"(min = 0.94, max = 1.06)",115.0,0,0
2711,bus-2711,true,PQ,-0.02933970938673011,1.0,"(min = 0.94, max = 1.06)",66.0,0,0
4676,bus-4676,true,PQ,-0.03145034879207039,1.0,"(min = 0.94, max = 1.06)",115.0,0,0
7010,bus-7010,true,PQ,0.005697478641083219,1.0,"(min = 0.94, max = 1.06)",66.0,0,0
4031,bus-4031,true,PQ,-0.026210866014260283,1.0,"(min = 0.94, max = 1.06)",66.0,0,0
5497,bus-5497,true,PQ,0.0022230693444168447,1.0,"(min = 0.94, max = 1.06)",115.0,0,0
7964,bus-7964,true,PQ,0.004426684393779627,1.0,"(min = 0.94, max = 1.06)",66.0,0,0
3427,bus-3427,true,PQ,-0.007423784746708606,1.0,"(min = 0.94, max = 1.06)",230.0,0,0
43,bus-43,true,PV,-0.03327880476021163,1.0,"(min = 0.94, max = 1.06)",115.0,0,0
6602,bus-6602,true,PQ,0.0004626847758297277,1.0,"(min = 0.94, max = 1.06)",66.0,0,0
6399,bus-6399,true,PQ,-0.0007050170892740318,1.0,"(min = 0.94, max = 1.06)",66.0,0,0
479,bus-479,true,PQ,-0.0005756041034832201,1.0,"(min = 0.94, max = 1.06)",66.0,0,0
4972,bus-4972,true,PQ,-0.002617352452038094,1.0,"(min = 0.94, max = 1.06)",66.0,0,0
903,bus-903,true,PQ,-0.035006373192671816,1.0,"(min = 0.94, max = 1.06)",66.0,0,0
2601,bus-2601,true,PQ,0.013404869565037215,1.0,"(min = 0.94, max = 1.06)",115.0,0,0
987,bus-987,true,PQ,-0.028764945236912042,1.0,"(min = 0.94, max = 1.06)",66.0,0,0
172,bus-172,true,PQ,-0.03809788467057318,1.0,"(min = 0.94, max = 1.06)",66.0,0,0
2455,bus-2455,true,PQ,0.0007229025584780247,1.0,"(min = 0.94, max = 1.06)",66.0,0,0
7904,bus-7904,true,PQ,0.003159710881648162,1.0,"(min = 0.94, max = 1.06)",230.0,0,0
8730,bus-8730,true,PV,-0.00026319775257716433,1.0,"(min = 0.94, max = 1.06)",230.0,0,0
3674,bus-3674,true,PQ,-0.03553405691138441,1.0,"(min = 0.94, max = 1.06)",115.0,0,0
7613,bus-7613,true,PQ,-0.026779653109521965,1.0,"(min = 0.94, max = 1.06)",230.0,0,0
8071,bus-8071,true,PQ,0.01254685640215189,1.0,"(min = 0.94, max = 1.06)",66.0,0,0
3566,bus-3566,true,PQ,-0.05187114784469256,1.0,"(min = 0.94, max = 1.06)",66.0,0,0
6212,bus-6212,true,PQ,-0.0004678615026762885,1.0,"(min = 0.94, max = 1.06)",66.0,0,0
2753,bus-2753,true,PQ,-0.03610707259035783,1.0,"(min = 0.94, max = 1.06)",66.0,0,0
6427,bus-6427,true,PQ,-0.00028054434613861617,1.0,"(min = 0.94, max = 1.06)",66.0,0,0
2860,bus-2860,true,PQ,-0.030442818560514343,1.0,"(min = 0.94, max = 1.06)",230.0,0,0
6485,bus-6485,true,PQ,-0.0013223056522461863,1.0,"(min = 0.94, max = 1.06)",66.0,0,0
5129,bus-5129,true,PQ,0.009769669803902222,1.0,"(min = 0.94, max = 1.06)",66.0,0,0
6678,bus-6678,true,PQ,0.00039474256903749514,1.0,"(min = 0.94, max = 1.06)",66.0,0,0
6833,bus-6833,true,PQ,0.004197792944680735,1.0,"(min = 0.94, max = 1.06)",115.0,0,0
1588,bus-1588,true,PQ,-0.030381222400552958,1.0,"(min = 0.94, max = 1.06)",230.0,0,0
1692,bus-1692,true,PV,0.0027698004521216884,1.0,"(min = 0.94, max = 1.06)",115.0,0,0
2826,bus-2826,true,PQ,-0.02117712177601064,1.0,"(min = 0.94, max = 1.06)",230.0,0,0
3548,bus-3548,true,PQ,-0.006777519798143845,1.0,"(min = 0.94, max = 1.06)",230.0,0,0
7894,bus-7894,true,PQ,-0.032379391567164253,1.0,"(min = 0.94, max = 1.06)",66.0,0,0
2056,bus-2056,true,PV,-0.0009036810082700377,1.0,"(min = 0.94, max = 1.06)",66.0,0,0
3081,bus-3081,true,PQ,-0.03232351537476043,1.0,"(min = 0.94, max = 1.06)",115.0,0,0
4432,bus-4432,true,PQ,-0.03210628628553654,1.0,"(min = 0.94, max = 1.06)",66.0,0,0
6499,bus-6499,true,PQ,-0.0031579014115461564,1.0,"(min = 0.94, max = 1.06)",66.0,0,0
6842,bus-6842,true,PQ,0.004038694891081192,1.0,"(min = 0.94, max = 1.06)",115.0,0,0
517,bus-517,true,PQ,-0.0007539604132645835,1.0,"(min = 0.94, max = 1.06)",66.0,0,0
1198,bus-1198,true,PQ,-0.03310502494458443,1.0,"(min = 0.94, max = 1.06)",66.0,0,0
2732,bus-2732,true,PQ,-0.028878149561124423,1.0,"(min = 0.94, max = 1.06)",115.0,0,0
1571,bus-1571,true,PV,-0.03181153787398654,1.0,"(min = 0.94, max = 1.06)",66.0,0,0
2665,bus-2665,true,PQ,-0.00043039457023827464,1.0,"(min = 0.94, max = 1.06)",115.0,0,0
5851,bus-5851,true,PQ,-0.0006012298775363465,1.0,"(min = 0.94, max = 1.06)",66.0,0,0
8401,bus-8401,true,PQ,-0.0325239666138849,1.0,"(min = 0.94, max = 1.06)",66.0,0,0
3228,bus-3228,true,PQ,-0.03356840637033043,1.0,"(min = 0.94, max = 1.06)",66.0,0,0
5527,bus-5527,true,PQ,0.009733981363717321,1.0,"(min = 0.94, max = 1.06)",115.0,0,0
986,bus-986,true,PQ,-0.029055074110997864,1.0,"(min = 0.94, max = 1.06)",66.0,0,0
8427,bus-8427,true,PV,-0.030906386911023223,1.0,"(min = 0.94, max = 1.06)",230.0,0,0
6373,bus-6373,true,PQ,-0.00037911315780319075,1.0,"(min = 0.94, max = 1.06)",66.0,0,0
2541,bus-2541,true,PQ,0.01492773335607923,1.0,"(min = 0.94, max = 1.06)",115.0,0,0
3524,bus-3524,true,PQ,-0.033589421356254916,1.0,"(min = 0.94, max = 1.06)",66.0,0,0
3616,bus-3616,true,PQ,-0.03700874197052926,1.0,"(min = 0.94, max = 1.06)",66.0,0,0
3710,bus-3710,true,PQ,-0.033505374677059274,1.0,"(min = 0.94, max = 1.06)",66.0,0,0
4404,bus-4404,true,PQ,-0.034497044578103674,1.0,"(min = 0.94, max = 1.06)",66.0,0,0
1487,bus-1487,true,PV,-0.03509351626049342,1.0,"(min = 0.94, max = 1.06)",115.0,0,0
2913,bus-2913,true,PQ,-0.005901707575560465,1.0,"(min = 0.94, max = 1.06)",115.0,0,0
3399,bus-3399,true,PQ,-0.029782905207012163,1.0,"(min = 0.94, max = 1.06)",230.0,0,0
3783,bus-3783,true,PQ,-0.03261055169994464,1.0,"(min = 0.94, max = 1.06)",66.0,0,0
1291,bus-1291,true,PQ,-0.034172606894246775,1.0,"(min = 0.94, max = 1.06)",66.0,0,0
7711,bus-7711,true,PQ,0.004235564644767403,1.0,"(min = 0.94, max = 1.06)",230.0,0,0
1565,bus-1565,true,PQ,-0.03949345674725193,1.0,"(min = 0.94, max = 1.06)",66.0,0,0
2045,bus-2045,true,PQ,-0.0009444108162913625,1.0,"(min = 0.94, max = 1.06)",66.0,0,0
7939,bus-7939,true,PV,0.008097468259316837,1.0,"(min = 0.94, max = 1.06)",230.0,0,0
2094,bus-2094,true,PQ,-0.0016520701455573544,1.0,"(min = 0.94, max = 1.06)",66.0,0,0
7896,bus-7896,true,PQ,-0.03406356762376135,1.0,"(min = 0.94, max = 1.06)",66.0,0,0
1903,bus-1903,true,PQ,-0.034462818671472065,1.0,"(min = 0.94, max = 1.06)",66.0,0,0
4529,bus-4529,true,PQ,-0.030868746442243012,1.0,"(min = 0.94, max = 1.06)",230.0,0,0
5857,bus-5857,true,PQ,-5.245634173305469e-5,1.0,"(min = 0.94, max = 1.06)",66.0,0,0
6120,bus-6120,true,PQ,0.0004826187589207374,1.0,"(min = 0.94, max = 1.06)",66.0,0,0
6821,bus-6821,true,PQ,0.008474931471856984,1.0,"(min = 0.94, max = 1.06)",230.0,0,0
141,bus-141,true,PQ,-0.010840593326043849,1.0,"(min = 0.94, max = 1.06)",115.0,0,0
7944,bus-7944,true,PQ,0.007969697015741585,1.0,"(min = 0.94, max = 1.06)",115.0,0,0
3867,bus-3867,true,PQ,-0.03224324401726978,1.0,"(min = 0.94, max = 1.06)",66.0,0,0
7378,bus-7378,true,PQ,-0.034952485279351866,1.0,"(min = 0.94, max = 1.06)",66.0,0,0
6153,bus-6153,true,PQ,-0.0010180081307154935,1.0,"(min = 0.94, max = 1.06)",66.0,0,0
2086,bus-2086,true,PQ,-0.0004164200610020893,1.0,"(min = 0.94, max = 1.06)",66.0,0,0
8045,bus-8045,true,PV,-0.03510224430301679,1.0,"(min = 0.94, max = 1.06)",115.0,0,0
6519,bus-6519,true,PQ,0.0011051640284524254,1.0,"(min = 0.94, max = 1.06)",66.0,0,0
8778,bus-8778,true,PQ,-0.03163057707568493,1.0,"(min = 0.94, max = 1.06)",230.0,0,0
7901,bus-7901,true,PQ,-0.03460497067759217,1.0,"(min = 0.94, max = 1.06)",115.0,0,0
8422,bus-8422,true,PQ,-0.023688476734836983,1.0,"(min = 0.94, max = 1.06)",115.0,0,0
3800,bus-3800,true,PQ,-0.03219084818592736,1.0,"(min = 0.94, max = 1.06)",115.0,0,0
4527,bus-4527,true,PQ,-0.03331654959968111,1.0,"(min = 0.94, max = 1.06)",66.0,0,0
4834,bus-4834,true,PQ,0.0038014647998683396,1.0,"(min = 0.94, max = 1.06)",66.0,0,0
6789,bus-6789,true,PQ,0.007843513306200653,1.0,"(min = 0.94, max = 1.06)",230.0,0,0
7008,bus-7008,true,PQ,0.0061770590261223295,1.0,"(min = 0.94, max = 1.06)",66.0,0,0
8258,bus-8258,true,PQ,8.916681740639362e-5,1.0,"(min = 0.94, max = 1.06)",115.0,0,0
1170,bus-1170,true,PQ,-0.03228161193928222,1.0,"(min = 0.94, max = 1.06)",66.0,0,0
721,bus-721,true,PQ,0.0013665759845735586,1.0,"(min = 0.94, max = 1.06)",66.0,0,0
3698,bus-3698,true,PQ,-0.03525048279583738,1.0,"(min = 0.94, max = 1.06)",66.0,0,0
6359,bus-6359,true,PQ,-0.0002692501879039377,1.0,"(min = 0.94, max = 1.06)",66.0,0,0
7673,bus-7673,true,PQ,0.004144330839338394,1.0,"(min = 0.94, max = 1.06)",66.0,0,0
5224,bus-5224,true,PQ,0.0006561833248366156,1.0,"(min = 0.94, max = 1.06)",66.0,0,0
6541,bus-6541,true,PQ,0.00012966907795195677,1.0,"(min = 0.94, max = 1.06)",66.0,0,0
1817,bus-1817,true,PQ,-0.032019912384316285,1.0,"(min = 0.94, max = 1.06)",66.0,0,0
3410,bus-3410,true,PQ,-0.031309581530178814,1.0,"(min = 0.94, max = 1.06)",230.0,0,0
6683,bus-6683,true,PQ,0.001671019511622827,1.0,"(min = 0.94, max = 1.06)",66.0,0,0
5703,bus-5703,true,PQ,0.0002777630086412598,1.0,"(min = 0.94, max = 1.06)",66.0,0,0
7220,bus-7220,true,PQ,-0.0348986692735971,1.0,"(min = 0.94, max = 1.06)",66.0,0,0
7510,bus-7510,true,PQ,-0.028058167174999933,1.0,"(min = 0.94, max = 1.06)",115.0,0,0
7452,bus-7452,true,PQ,-0.03393887240081969,1.0,"(min = 0.94, max = 1.06)",66.0,0,0
2421,bus-2421,true,PQ,0.0004916666993520501,1.0,"(min = 0.94, max = 1.06)",66.0,0,0
666,bus-666,true,PQ,0.0012195442542857022,1.0,"(min = 0.94, max = 1.06)",66.0,0,0
4187,bus-4187,true,PQ,-0.012464827498104483,1.0,"(min = 0.94, max = 1.06)",66.0,0,0
1416,bus-1416,true,PQ,-0.0037670320368137847,1.0,"(min = 0.94, max = 1.06)",66.0,0,0
7911,bus-7911,true,PV,0.0031073891918923647,1.0,"(min = 0.94, max = 1.06)",230.0,0,0
8094,bus-8094,true,PV,-0.0005507600938179884,1.0,"(min = 0.94, max = 1.06)",230.0,0,0
2625,bus-2625,true,PQ,0.00013776998073998886,1.0,"(min = 0.94, max = 1.06)",115.0,0,0
5326,bus-5326,true,PQ,0.0014814918990781625,1.0,"(min = 0.94, max = 1.06)",66.0,0,0
6938,bus-6938,true,PQ,0.007437341434593839,1.0,"(min = 0.94, max = 1.06)",66.0,0,0
2157,bus-2157,true,PQ,-0.03435939307799276,1.0,"(min = 0.94, max = 1.06)",66.0,0,0
8718,bus-8718,true,PQ,-0.033853049674577224,1.0,"(min = 0.94, max = 1.06)",115.0,0,0
8782,bus-8782,true,PQ,0.00022473836134928403,1.0,"(min = 0.94, max = 1.06)",230.0,0,0
3275,bus-3275,true,PQ,-0.03233596463378198,1.0,"(min = 0.94, max = 1.06)",115.0,0,0
1834,bus-1834,true,PV,0.004005882736050284,1.0,"(min = 0.94, max = 1.06)",230.0,0,0
949,bus-949,true,PQ,-0.034100845936721774,1.0,"(min = 0.94, max = 1.06)",66.0,0,0
5230,bus-5230,true,PQ,0.0006375475316058733,1.0,"(min = 0.94, max = 1.06)",66.0,0,0
6388,bus-6388,true,PQ,-0.0008064246126444635,1.0,"(min = 0.94, max = 1.06)",66.0,0,0
6959,bus-6959,true,PQ,0.008317701601235484,1.0,"(min = 0.94, max = 1.06)",66.0,0,0
3502,bus-3502,true,PQ,-0.037981422689311956,1.0,"(min = 0.94, max = 1.06)",66.0,0,0
551,bus-551,true,PQ,-0.0013929145929811016,1.0,"(min = 0.94, max = 1.06)",66.0,0,0
4905,bus-4905,true,PQ,-0.0013113451067167095,1.0,"(min = 0.94, max = 1.06)",66.0,0,0
5241,bus-5241,true,PQ,0.004182804318863996,1.0,"(min = 0.94, max = 1.06)",66.0,0,0
7852,bus-7852,true,PQ,0.014571367421737803,1.0,"(min = 0.94, max = 1.06)",66.0,0,0
1493,bus-1493,true,PQ,-0.03595178349095795,1.0,"(min = 0.94, max = 1.06)",66.0,0,0
1698,bus-1698,true,PV,-0.0001957204369204807,1.0,"(min = 0.94, max = 1.06)",66.0,0,0
3071,bus-3071,true,PQ,-0.030336588048394158,1.0,"(min = 0.94, max = 1.06)",230.0,0,0
3997,bus-3997,true,PQ,-0.03264492683222729,1.0,"(min = 0.94, max = 1.06)",115.0,0,0
5650,bus-5650,true,PQ,0.0014185999368669278,1.0,"(min = 0.94, max = 1.06)",66.0,0,0
2415,bus-2415,true,PQ,0.0004932064288181595,1.0,"(min = 0.94, max = 1.06)",66.0,0,0
4873,bus-4873,true,PQ,0.0023117131510490647,1.0,"(min = 0.94, max = 1.06)",230.0,0,0
4621,bus-4621,true,PQ,-0.030113102302867713,1.0,"(min = 0.94, max = 1.06)",230.0,0,0
243,bus-243,true,PV,-0.005734633314919429,1.0,"(min = 0.94, max = 1.06)",115.0,0,0
2213,bus-2213,true,PQ,0.0020451884064731887,1.0,"(min = 0.94, max = 1.06)",66.0,0,0
2583,bus-2583,true,PQ,0.01579947477271526,1.0,"(min = 0.94, max = 1.06)",66.0,0,0
7484,bus-7484,true,PQ,-0.03181153787398654,1.0,"(min = 0.94, max = 1.06)",66.0,0,0
7703,bus-7703,true,PQ,0.01434976743465497,1.0,"(min = 0.94, max = 1.06)",66.0,0,0
8347,bus-8347,true,PV,0.001263170167420007,1.0,"(min = 0.94, max = 1.06)",230.0,0,0
7676,bus-7676,true,PQ,-0.001137363637493066,1.0,"(min = 0.94, max = 1.06)",66.0,0,0
175,bus-175,true,PV,-0.03851586432288827,1.0,"(min = 0.94, max = 1.06)",66.0,0,0
5192,bus-5192,true,PQ,0.006186315187824063,1.0,"(min = 0.94, max = 1.06)",115.0,0,0
4136,bus-4136,true,PQ,-0.015113295837126768,1.0,"(min = 0.94, max = 1.06)",66.0,0,0
1394,bus-1394,true,PQ,-0.03772452052086098,1.0,"(min = 0.94, max = 1.06)",66.0,0,0
2194,bus-2194,true,PQ,-0.009125265393773382,1.0,"(min = 0.94, max = 1.06)",66.0,0,0
6395,bus-6395,true,PQ,-0.0008592841779691394,1.0,"(min = 0.94, max = 1.06)",66.0,0,0
758,bus-758,true,PQ,-0.03566598024089027,1.0,"(min = 0.94, max = 1.06)",66.0,0,0
8077,bus-8077,true,PQ,-0.03169719001004825,1.0,"(min = 0.94, max = 1.06)",66.0,0,0
3197,bus-3197,true,PQ,-0.03509351626049342,1.0,"(min = 0.94, max = 1.06)",115.0,0,0
8845,bus-8845,true,PQ,-0.03509675594065097,1.0,"(min = 0.94, max = 1.06)",115.0,0,0
5340,bus-5340,true,PQ,0.00044257485307814154,1.0,"(min = 0.94, max = 1.06)",66.0,0,0
6511,bus-6511,true,PQ,0.0030261510441691596,1.0,"(min = 0.94, max = 1.06)",66.0,0,0
1776,bus-1776,true,PV,-0.03414315079792794,1.0,"(min = 0.94, max = 1.06)",66.0,0,0
3072,bus-3072,true,PQ,-0.030511531998632435,1.0,"(min = 0.94, max = 1.06)",230.0,0,0
3233,bus-3233,true,PQ,-0.030888872008380686,1.0,"(min = 0.94, max = 1.06)",230.0,0,0
715,bus-715,true,PV,0.00026762816790892603,1.0,"(min = 0.94, max = 1.06)",66.0,0,0
8781,bus-8781,true,PQ,-0.029914418209610886,1.0,"(min = 0.94, max = 1.06)",115.0,0,0
605,bus-605,true,PQ,-0.022408560471837966,1.0,"(min = 0.94, max = 1.06)",115.0,0,0
4173,bus-4173,true,PQ,-0.025085985079787897,1.0,"(min = 0.94, max = 1.06)",66.0,0,0
2783,bus-2783,true,PQ,-0.03215162679791069,1.0,"(min = 0.94, max = 1.06)",66.0,0,0
7808,bus-7808,true,PV,0.007185986847530202,1.0,"(min = 0.94, max = 1.06)",115.0,0,0
44,bus-44,true,PQ,-0.033195315190113234,1.0,"(min = 0.94, max = 1.06)",115.0,0,0
7479,bus-7479,true,PQ,-0.034905865266103064,1.0,"(min = 0.94, max = 1.06)",66.0,0,0
2503,bus-2503,true,PQ,0.015172200350315721,1.0,"(min = 0.94, max = 1.06)",115.0,0,0
3650,bus-3650,true,PQ,-0.03566522503692294,1.0,"(min = 0.94, max = 1.06)",66.0,0,0
3675,bus-3675,true,PQ,-0.03663067485661463,1.0,"(min = 0.94, max = 1.06)",66.0,0,0
502,bus-502,true,PQ,-0.0012966809236452817,1.0,"(min = 0.94, max = 1.06)",66.0,0,0
3935,bus-3935,true,PQ,-0.03418207739983394,1.0,"(min = 0.94, max = 1.06)",66.0,0,0
6205,bus-6205,true,PQ,-0.0005949683570011721,1.0,"(min = 0.94, max = 1.06)",66.0,0,0
6642,bus-6642,true,PQ,0.009240882426237133,1.0,"(min = 0.94, max = 1.06)",66.0,0,0
8625,bus-8625,true,PQ,-0.03192066755252721,1.0,"(min = 0.94, max = 1.06)",115.0,0,0
8710,bus-8710,true,PQ,0.014471706206749075,1.0,"(min = 0.94, max = 1.06)",115.0,0,0
2004,bus-2004,true,PV,0.0020573346414300077,1.0,"(min = 0.94, max = 1.06)",66.0,0,0
6193,bus-6193,true,PQ,-0.0010443146006301903,1.0,"(min = 0.94, max = 1.06)",66.0,0,0
8824,bus-8824,true,PQ,0.004592893163097891,1.0,"(min = 0.94, max = 1.06)",115.0,0,0
2543,bus-2543,true,PQ,0.01492106804838562,1.0,"(min = 0.94, max = 1.06)",115.0,0,0
2152,bus-2152,true,PQ,-0.03484531176583682,1.0,"(min = 0.94, max = 1.06)",66.0,0,0
5478,bus-5478,true,PQ,0.004659093414359573,1.0,"(min = 0.94, max = 1.06)",115.0,0,0
7525,bus-7525,true,PQ,-0.02856232350632979,1.0,"(min = 0.94, max = 1.06)",115.0,0,0
6974,bus-6974,true,PQ,0.008332013632714394,1.0,"(min = 0.94, max = 1.06)",66.0,0,0
7946,bus-7946,true,PQ,-0.03019802513734785,1.0,"(min = 0.94, max = 1.06)",115.0,0,0
2754,bus-2754,true,PQ,-0.03596875402540679,1.0,"(min = 0.94, max = 1.06)",66.0,0,0
5274,bus-5274,true,PQ,0.003941226071432357,1.0,"(min = 0.94, max = 1.06)",66.0,0,0
5591,bus-5591,true,PQ,0.0007644170682763754,1.0,"(min = 0.94, max = 1.06)",66.0,0,0
2315,bus-2315,true,PQ,0.0015634000839371963,1.0,"(min = 0.94, max = 1.06)",66.0,0,0
2907,bus-2907,true,PQ,-0.0032020312413780843,1.0,"(min = 0.94, max = 1.06)",115.0,0,0
3052,bus-3052,true,PQ,-0.030589419410897784,1.0,"(min = 0.94, max = 1.06)",230.0,0,0
5602,bus-5602,true,PQ,0.0010678940756191208,1.0,"(min = 0.94, max = 1.06)",66.0,0,0
7682,bus-7682,true,PQ,-0.0342701641671821,1.0,"(min = 0.94, max = 1.06)",230.0,0,0
2953,bus-2953,true,PQ,-0.034239005153112095,1.0,"(min = 0.94, max = 1.06)",66.0,0,0
3086,bus-3086,true,PQ,-0.03230597638657421,1.0,"(min = 0.94, max = 1.06)",115.0,0,0
6878,bus-6878,true,PQ,0.007943953723433933,1.0,"(min = 0.94, max = 1.06)",66.0,0,0
440,bus-440,true,PQ,0.0009649210460148568,1.0,"(min = 0.94, max = 1.06)",66.0,0,0
3608,bus-3608,true,PQ,-0.037140874390479514,1.0,"(min = 0.94, max = 1.06)",66.0,0,0
3467,bus-3467,true,PQ,-0.03156997261180453,1.0,"(min = 0.94, max = 1.06)",115.0,0,0
680,bus-680,true,PQ,0.0010238391378653954,1.0,"(min = 0.94, max = 1.06)",66.0,0,0
1464,bus-1464,true,PQ,0.007763747186621874,1.0,"(min = 0.94, max = 1.06)",66.0,0,0
4134,bus-4134,true,PQ,-0.015463842372503145,1.0,"(min = 0.94, max = 1.06)",66.0,0,0
5949,bus-5949,true,PQ,-0.0007003952828818256,1.0,"(min = 0.94, max = 1.06)",66.0,0,0
7734,bus-7734,true,PQ,0.0016753454218749672,1.0,"(min = 0.94, max = 1.06)",66.0,0,0
6884,bus-6884,true,PQ,0.00676528374854372,1.0,"(min = 0.94, max = 1.06)",66.0,0,0
507,bus-507,true,PQ,-0.001162466643547318,1.0,"(min = 0.94, max = 1.06)",66.0,0,0
1298,bus-1298,true,PV,-0.03660260647158405,1.0,"(min = 0.94, max = 1.06)",66.0,0,0
1615,bus-1615,true,PQ,-0.028453008822888405,1.0,"(min = 0.94, max = 1.06)",230.0,0,0
1661,bus-1661,true,PV,-0.007928074909885507,1.0,"(min = 0.94, max = 1.06)",66.0,0,0
3506,bus-3506,true,PQ,-0.03778242775291534,1.0,"(min = 0.94, max = 1.06)",66.0,0,0
337,bus-337,true,PQ,-0.04255427905371793,1.0,"(min = 0.94, max = 1.06)",66.0,0,0
2147,bus-2147,true,PQ,-0.03404144225936675,1.0,"(min = 0.94, max = 1.06)",66.0,0,0
6404,bus-6404,true,PQ,-0.0003566216617287589,1.0,"(min = 0.94, max = 1.06)",66.0,0,0
541,bus-541,true,PQ,-0.0007077817012811663,1.0,"(min = 0.94, max = 1.06)",66.0,0,0
1466,bus-1466,true,PQ,0.001138283904229082,1.0,"(min = 0.94, max = 1.06)",66.0,0,0
4158,bus-4158,true,PQ,-0.02766993840511434,1.0,"(min = 0.94, max = 1.06)",66.0,0,0
5764,bus-5764,true,PQ,0.0017541434614228738,1.0,"(min = 0.94, max = 1.06)",66.0,0,0
6592,bus-6592,true,PQ,-0.000684479990206703,1.0,"(min = 0.94, max = 1.06)",66.0,0,0
529,bus-529,true,PV,-0.00037377562853665595,1.0,"(min = 0.94, max = 1.06)",66.0,0,0
1858,bus-1858,true,PV,0.010164144182156198,1.0,"(min = 0.94, max = 1.06)",115.0,0,0
4580,bus-4580,true,PQ,-0.006202686149314968,1.0,"(min = 0.94, max = 1.06)",115.0,0,0
7422,bus-7422,true,PQ,-0.03510069375250933,1.0,"(min = 0.94, max = 1.06)",66.0,0,0
4498,bus-4498,true,PQ,-0.029044060210753155,1.0,"(min = 0.94, max = 1.06)",66.0,0,0
3458,bus-3458,true,PQ,-0.03309590961350004,1.0,"(min = 0.94, max = 1.06)",115.0,0,0
5358,bus-5358,true,PQ,0.0008170562404044264,1.0,"(min = 0.94, max = 1.06)",66.0,0,0
8682,bus-8682,true,PQ,-0.030207658133088382,1.0,"(min = 0.94, max = 1.06)",66.0,0,0
660,bus-660,true,PQ,-0.034897752801206876,1.0,"(min = 0.94, max = 1.06)",115.0,0,0
4061,bus-4061,true,PQ,-0.017791195069913477,1.0,"(min = 0.94, max = 1.06)",115.0,0,0
358,bus-358,true,PQ,-0.0036817136583652665,1.0,"(min = 0.94, max = 1.06)",66.0,0,0
2459,bus-2459,true,PQ,0.013822020657196503,1.0,"(min = 0.94, max = 1.06)",230.0,0,0
3244,bus-3244,true,PQ,-0.03323344662001203,1.0,"(min = 0.94, max = 1.06)",115.0,0,0
6116,bus-6116,true,PQ,-0.00028801558928493305,1.0,"(min = 0.94, max = 1.06)",66.0,0,0
5592,bus-5592,true,PQ,0.00076633219188465,1.0,"(min = 0.94, max = 1.06)",66.0,0,0
3880,bus-3880,true,PQ,-0.03289430087201565,1.0,"(min = 0.94, max = 1.06)",66.0,0,0
6125,bus-6125,true,PQ,-0.00010163743280027015,1.0,"(min = 0.94, max = 1.06)",66.0,0,0
6589,bus-6589,true,PQ,-0.0007944574397422527,1.0,"(min = 0.94, max = 1.06)",66.0,0,0
7666,bus-7666,true,PQ,-0.03280321580354549,1.0,"(min = 0.94, max = 1.06)",230.0,0,0
2128,bus-2128,true,PQ,-0.03428114228817714,1.0,"(min = 0.94, max = 1.06)",66.0,0,0
7155,bus-7155,true,PQ,-0.03496080299496809,1.0,"(min = 0.94, max = 1.06)",66.0,0,0
2370,bus-2370,true,PV,-0.0334712037482991,1.0,"(min = 0.94, max = 1.06)",66.0,0,0
7389,bus-7389,true,PQ,-0.03502503460209999,1.0,"(min = 0.94, max = 1.06)",66.0,0,0
3628,bus-3628,true,PQ,-0.03745188403467035,1.0,"(min = 0.94, max = 1.06)",66.0,0,0
365,bus-365,true,PQ,0.0004492578077958197,1.0,"(min = 0.94, max = 1.06)",66.0,0,0
5299,bus-5299,true,PQ,0.0017705358555569922,1.0,"(min = 0.94, max = 1.06)",66.0,0,0
598,bus-598,true,PQ,-0.04445655023191378,1.0,"(min = 0.94, max = 1.06)",66.0,0,0
1537,bus-1537,true,PV,-0.03248880329091205,1.0,"(min = 0.94, max = 1.06)",66.0,0,0
1118,bus-1118,true,PV,0.00811514422094275,1.0,"(min = 0.94, max = 1.06)",66.0,0,0
4021,bus-4021,true,PQ,-0.028674750984492105,1.0,"(min = 0.94, max = 1.06)",115.0,0,0
889,bus-889,true,PQ,-0.03444793886693419,1.0,"(min = 0.94, max = 1.06)",66.0,0,0
1219,bus-1219,true,PQ,-0.002492954633200974,1.0,"(min = 0.94, max = 1.06)",115.0,0,0
2423,bus-2423,true,PQ,0.0007086951856677091,1.0,"(min = 0.94, max = 1.06)",66.0,0,0
5860,bus-5860,true,PQ,-0.0002948797999360893,1.0,"(min = 0.94, max = 1.06)",66.0,0,0
6987,bus-6987,true,PQ,0.010644228513563529,1.0,"(min = 0.94, max = 1.06)",66.0,0,0
4941,bus-4941,true,PQ,-0.003721697423652497,1.0,"(min = 0.94, max = 1.06)",66.0,0,0
7767,bus-7767,true,PQ,0.0018260137463722175,1.0,"(min = 0.94, max = 1.06)",115.0,0,0
7804,bus-7804,true,PQ,-0.012263873185276414,1.0,"(min = 0.94, max = 1.06)",115.0,0,0
1509,bus-1509,true,PQ,0.00016278528923531604,1.0,"(min = 0.94, max = 1.06)",66.0,0,0
7570,bus-7570,true,PQ,-0.03272021702003275,1.0,"(min = 0.94, max = 1.06)",230.0,0,0
683,bus-683,true,PQ,0.0017169449152452559,1.0,"(min = 0.94, max = 1.06)",66.0,0,0
1405,bus-1405,true,PQ,-0.03445419377790748,1.0,"(min = 0.94, max = 1.06)",115.0,0,0
6429,bus-6429,true,PQ,-0.00036346135224925394,1.0,"(min = 0.94, max = 1.06)",66.0,0,0
7605,bus-7605,true,PQ,-0.030812186080772408,1.0,"(min = 0.94, max = 1.06)",230.0,0,0
4604,bus-4604,true,PQ,0.011119791918609422,1.0,"(min = 0.94, max = 1.06)",66.0,0,0
2492,bus-2492,true,PQ,0.01493162954183492,1.0,"(min = 0.94, max = 1.06)",115.0,0,0
3190,bus-3190,true,PQ,-0.03263960829039769,1.0,"(min = 0.94, max = 1.06)",115.0,0,0
1538,bus-1538,true,PQ,-0.030454142431234208,1.0,"(min = 0.94, max = 1.06)",66.0,0,0
1985,bus-1985,true,PV,-0.006352608047105688,1.0,"(min = 0.94, max = 1.06)",115.0,0,0
4399,bus-4399,true,PQ,-0.03448422548381363,1.0,"(min = 0.94, max = 1.06)",66.0,0,0
1242,bus-1242,true,PQ,-0.032365616556042885,1.0,"(min = 0.94, max = 1.06)",115.0,0,0
6405,bus-6405,true,PQ,-0.0003634337376498289,1.0,"(min = 0.94, max = 1.06)",66.0,0,0
8613,bus-8613,true,PQ,0.011868850180225366,1.0,"(min = 0.94, max = 1.06)",66.0,0,0
7582,bus-7582,true,PQ,-0.030843912850448085,1.0,"(min = 0.94, max = 1.06)",230.0,0,0
624,bus-624,true,PQ,-0.0319127842493618,1.0,"(min = 0.94, max = 1.06)",66.0,0,0
6416,bus-6416,true,PQ,-0.0003784013915902764,1.0,"(min = 0.94, max = 1.06)",66.0,0,0
7720,bus-7720,true,PQ,-0.0341106250165207,1.0,"(min = 0.94, max = 1.06)",66.0,0,0
1620,bus-1620,true,PV,0.013483016403042584,1.0,"(min = 0.94, max = 1.06)",115.0,0,0
3995,bus-3995,true,PQ,-0.0324628759012749,1.0,"(min = 0.94, max = 1.06)",115.0,0,0
6339,bus-6339,true,PQ,-0.0007759548221147548,1.0,"(min = 0.94, max = 1.06)",66.0,0,0
4625,bus-4625,true,PQ,-0.030109469574562613,1.0,"(min = 0.94, max = 1.06)",230.0,0,0
8209,bus-8209,true,PQ,0.00013507723423560153,1.0,"(min = 0.94, max = 1.06)",230.0,0,0
6594,bus-6594,true,PQ,-0.0006611399604285122,1.0,"(min = 0.94, max = 1.06)",66.0,0,0
665,bus-665,true,PQ,-5.14827509996e-5,1.0,"(min = 0.94, max = 1.06)",66.0,0,0
3712,bus-3712,true,PQ,-0.03279975586283634,1.0,"(min = 0.94, max = 1.06)",66.0,0,0
4950,bus-4950,true,PQ,-0.004285085430139599,1.0,"(min = 0.94, max = 1.06)",66.0,0,0
5349,bus-5349,true,PQ,0.0008175560817582466,1.0,"(min = 0.94, max = 1.06)",66.0,0,0
1691,bus-1691,true,PQ,-0.0027428269295841842,1.0,"(min = 0.94, max = 1.06)",66.0,0,0
3535,bus-3535,true,PQ,-0.03766484998266332,1.0,"(min = 0.94, max = 1.06)",66.0,0,0
7681,bus-7681,true,PQ,-0.03427306699879402,1.0,"(min = 0.94, max = 1.06)",115.0,0,0
7068,bus-7068,true,PQ,-0.03429023632624466,1.0,"(min = 0.94, max = 1.06)",66.0,0,0
2050,bus-2050,true,PQ,-0.0013979622789094162,1.0,"(min = 0.94, max = 1.06)",66.0,0,0
2231,bus-2231,true,PQ,0.008957989652323497,1.0,"(min = 0.94, max = 1.06)",115.0,0,0
4878,bus-4878,true,PQ,-0.00012549796060211022,1.0,"(min = 0.94, max = 1.06)",230.0,0,0
7227,bus-7227,true,PQ,-0.03471571827634944,1.0,"(min = 0.94, max = 1.06)",66.0,0,0
1385,bus-1385,true,PQ,-0.03704327034272024,1.0,"(min = 0.94, max = 1.06)",66.0,0,0
3224,bus-3224,true,PQ,-0.03487789077978625,1.0,"(min = 0.94, max = 1.06)",115.0,0,0
547,bus-547,true,PQ,-0.0003649110157446434,1.0,"(min = 0.94, max = 1.06)",66.0,0,0
8226,bus-8226,true,PQ,-0.002031765707514631,1.0,"(min = 0.94, max = 1.06)",66.0,0,0
2058,bus-2058,true,PQ,-0.0008030328881291241,1.0,"(min = 0.94, max = 1.06)",66.0,0,0
5205,bus-5205,true,PQ,0.005676771496332197,1.0,"(min = 0.94, max = 1.06)",115.0,0,0
3329,bus-3329,true,PQ,-0.03092151647217706,1.0,"(min = 0.94, max = 1.06)",230.0,0,0
6728,bus-6728,true,PQ,0.010672457381618823,1.0,"(min = 0.94, max = 1.06)",500.0,0,0
1226,bus-1226,true,PQ,0.002828405972956488,1.0,"(min = 0.94, max = 1.06)",66.0,0,0
3432,bus-3432,true,PQ,-0.03293641287433947,1.0,"(min = 0.94, max = 1.06)",230.0,0,0
7956,bus-7956,true,PQ,-0.032498133821093206,1.0,"(min = 0.94, max = 1.06)",230.0,0,0
4854,bus-4854,true,PQ,0.010028401653367946,1.0,"(min = 0.94, max = 1.06)",115.0,0,0
8267,bus-8267,true,PQ,-0.029316937552380563,1.0,"(min = 0.94, max = 1.06)",115.0,0,0
30,bus-30,true,PQ,-0.0326166879285288,1.0,"(min = 0.94, max = 1.06)",66.0,0,0
1098,bus-1098,true,PV,0.006177812816372973,1.0,"(min = 0.94, max = 1.06)",66.0,0,0
7352,bus-7352,true,PQ,-0.03487519005730172,1.0,"(min = 0.94, max = 1.06)",66.0,0,0
7897,bus-7897,true,PV,-0.03276689428008101,1.0,"(min = 0.94, max = 1.06)",115.0,0,0
3736,bus-3736,true,PQ,-0.03462532261293383,1.0,"(min = 0.94, max = 1.06)",66.0,0,0
6439,bus-6439,true,PQ,-0.000767046982753158,1.0,"(min = 0.94, max = 1.06)",66.0,0,0
2561,bus-2561,true,PQ,0.014927792801993552,1.0,"(min = 0.94, max = 1.06)",66.0,0,0
498,bus-498,true,PQ,-0.002919275074385001,1.0,"(min = 0.94, max = 1.06)",66.0,0,0
5036,bus-5036,true,PQ,-0.0029524712542112253,1.0,"(min = 0.94, max = 1.06)",66.0,0,0
5598,bus-5598,true,PQ,0.0013032855741660695,1.0,"(min = 0.94, max = 1.06)",66.0,0,0
6715,bus-6715,true,PQ,0.0007452226370399718,1.0,"(min = 0.94, max = 1.06)",66.0,0,0
4989,bus-4989,true,PQ,-0.0044013211469165975,1.0,"(min = 0.94, max = 1.06)",66.0,0,0
2040,bus-2040,true,PQ,0.009092573980620126,1.0,"(min = 0.94, max = 1.06)",115.0,0,0
2474,bus-2474,true,PQ,0.0022034800830517255,1.0,"(min = 0.94, max = 1.06)",66.0,0,0
1161,bus-1161,true,PQ,-0.0320755641273783,1.0,"(min = 0.94, max = 1.06)",66.0,0,0
5717,bus-5717,true,PQ,0.0009088730783060528,1.0,"(min = 0.94, max = 1.06)",66.0,0,0
93,bus-93,true,PQ,-0.0342747145896079,1.0,"(min = 0.94, max = 1.06)",115.0,0,0
1195,bus-1195,true,PQ,-0.03354164226984987,1.0,"(min = 0.94, max = 1.06)",66.0,0,0
3043,bus-3043,true,PQ,-0.03264500572110948,1.0,"(min = 0.94, max = 1.06)",115.0,0,0
7476,bus-7476,true,PQ,-0.034507676425775125,1.0,"(min = 0.94, max = 1.06)",66.0,0,0
3757,bus-3757,true,PQ,-0.0341974799304828,1.0,"(min = 0.94, max = 1.06)",115.0,0,0
4799,bus-4799,true,PQ,-0.00027117026301130023,1.0,"(min = 0.94, max = 1.06)",66.0,0,0
4314,bus-4314,true,PQ,-0.03208217054766295,1.0,"(min = 0.94, max = 1.06)",115.0,0,0
4639,bus-4639,true,PQ,-0.03512510514915818,1.0,"(min = 0.94, max = 1.06)",66.0,0,0
1593,bus-1593,true,PV,-0.032006860288571096,1.0,"(min = 0.94, max = 1.06)",115.0,0,0
5522,bus-5522,true,PQ,0.009914118104812596,1.0,"(min = 0.94, max = 1.06)",115.0,0,0
6232,bus-6232,true,PQ,-0.00016177386709406095,1.0,"(min = 0.94, max = 1.06)",66.0,0,0
6999,bus-6999,true,PQ,0.014448321552392571,1.0,"(min = 0.94, max = 1.06)",66.0,0,0
5193,bus-5193,true,PQ,0.005739044913856526,1.0,"(min = 0.94, max = 1.06)",115.0,0,0
3653,bus-3653,true,PQ,-0.03490508946725056,1.0,"(min = 0.94, max = 1.06)",66.0,0,0
6049,bus-6049,true,PQ,-0.0003513254862935209,1.0,"(min = 0.94, max = 1.06)",66.0,0,0
1935,bus-1935,true,PQ,-0.0022372868663167607,1.0,"(min = 0.94, max = 1.06)",66.0,0,0
731,bus-731,true,PQ,0.004063899819127773,1.0,"(min = 0.94, max = 1.06)",115.0,0,0
3830,bus-3830,true,PQ,-0.03233575048188276,1.0,"(min = 0.94, max = 1.06)",66.0,0,0
2443,bus-2443,true,PQ,0.0006359801980123143,1.0,"(min = 0.94, max = 1.06)",66.0,0,0
5400,bus-5400,true,PQ,-0.0026752448837004065,1.0,"(min = 0.94, max = 1.06)",66.0,0,0
1202,bus-1202,true,PQ,-0.033284429432792036,1.0,"(min = 0.94, max = 1.06)",115.0,0,0
2234,bus-2234,true,PV,0.009459298985124208,1.0,"(min = 0.94, max = 1.06)",66.0,0,0
7050,bus-7050,true,PQ,-0.03126969011026231,1.0,"(min = 0.94, max = 1.06)",66.0,0,0
2041,bus-2041,true,PQ,0.014981818055272345,1.0,"(min = 0.94, max = 1.06)",66.0,0,0
2905,bus-2905,true,PQ,-0.012628352963324145,1.0,"(min = 0.94, max = 1.06)",230.0,0,0
8192,bus-8192,true,PQ,0.007630730059273778,1.0,"(min = 0.94, max = 1.06)",115.0,0,0
934,bus-934,true,PQ,-0.03500328745055429,1.0,"(min = 0.94, max = 1.06)",66.0,0,0
2146,bus-2146,true,PQ,-0.03408598498173982,1.0,"(min = 0.94, max = 1.06)",66.0,0,0
6298,bus-6298,true,PQ,-0.0016863653295429628,1.0,"(min = 0.94, max = 1.06)",66.0,0,0
321,bus-321,true,PQ,-0.011009709185577402,1.0,"(min = 0.94, max = 1.06)",66.0,0,0
3519,bus-3519,true,PQ,-0.03303313099297043,1.0,"(min = 0.94, max = 1.06)",66.0,0,0
6667,bus-6667,true,PQ,0.0022498980395330185,1.0,"(min = 0.94, max = 1.06)",66.0,0,0
8420,bus-8420,true,PQ,-0.02075885257357265,1.0,"(min = 0.94, max = 1.06)",500.0,0,0
8555,bus-8555,true,PQ,0.00847441995075981,1.0,"(min = 0.94, max = 1.06)",230.0,0,0
107,bus-107,true,PQ,-0.009591115099054127,1.0,"(min = 0.94, max = 1.06)",115.0,0,0
5144,bus-5144,true,PQ,0.0028421060745463574,1.0,"(min = 0.94, max = 1.06)",66.0,0,0
4320,bus-4320,true,PQ,-0.031841825619693946,1.0,"(min = 0.94, max = 1.06)",230.0,0,0
6004,bus-6004,true,PQ,-0.0013400676795481735,1.0,"(min = 0.94, max = 1.06)",66.0,0,0
6650,bus-6650,true,PQ,0.018867403658469655,1.0,"(min = 0.94, max = 1.06)",66.0,0,0
3011,bus-3011,true,PQ,-0.0332882496094588,1.0,"(min = 0.94, max = 1.06)",115.0,0,0
1873,bus-1873,true,PQ,0.010404239248789495,1.0,"(min = 0.94, max = 1.06)",115.0,0,0
3099,bus-3099,true,PQ,-0.030939972630885198,1.0,"(min = 0.94, max = 1.06)",230.0,0,0
4186,bus-4186,true,PQ,-0.008214738711994173,1.0,"(min = 0.94, max = 1.06)",66.0,0,0
3656,bus-3656,true,PQ,-0.03573640567247165,1.0,"(min = 0.94, max = 1.06)",66.0,0,0
7248,bus-7248,true,PQ,-0.034659431407972625,1.0,"(min = 0.94, max = 1.06)",66.0,0,0
5137,bus-5137,true,PQ,0.006013221304046193,1.0,"(min = 0.94, max = 1.06)",66.0,0,0
6287,bus-6287,true,PQ,-0.00061140384855051,1.0,"(min = 0.94, max = 1.06)",66.0,0,0
3177,bus-3177,true,PQ,-0.03263576141019337,1.0,"(min = 0.94, max = 1.06)",115.0,0,0
3673,bus-3673,true,PQ,-0.03551990298928243,1.0,"(min = 0.94, max = 1.06)",115.0,0,0
2038,bus-2038,true,PQ,0.006512796128636272,1.0,"(min = 0.94, max = 1.06)",66.0,0,0
6826,bus-6826,true,PQ,0.009817945907718359,1.0,"(min = 0.94, max = 1.06)",66.0,0,0
1759,bus-1759,true,PQ,-0.032694699259171046,1.0,"(min = 0.94, max = 1.06)",66.0,0,0
1504,bus-1504,true,PQ,-0.03181864206217385,1.0,"(min = 0.94, max = 1.06)",66.0,0,0
171,bus-171,true,PQ,-0.03805482233647165,1.0,"(min = 0.94, max = 1.06)",66.0,0,0
2488,bus-2488,true,PQ,-0.03250141765808084,1.0,"(min = 0.94, max = 1.06)",115.0,0,0
1164,bus-1164,true,PQ,-0.032296859135627645,1.0,"(min = 0.94, max = 1.06)",66.0,0,0
5431,bus-5431,true,PQ,0.0007668879640596795,1.0,"(min = 0.94, max = 1.06)",66.0,0,0
5962,bus-5962,true,PQ,-0.0011098611876897571,1.0,"(min = 0.94, max = 1.06)",66.0,0,0
4419,bus-4419,true,PQ,-0.03242299652413023,1.0,"(min = 0.94, max = 1.06)",66.0,0,0
6951,bus-6951,true,PQ,0.007507093954482106,1.0,"(min = 0.94, max = 1.06)",66.0,0,0
4008,bus-4008,true,PQ,-0.029012757556085712,1.0,"(min = 0.94, max = 1.06)",66.0,0,0
3111,bus-3111,true,PQ,-0.032062573467222785,1.0,"(min = 0.94, max = 1.06)",115.0,0,0
4811,bus-4811,true,PQ,-0.00036198970633193555,1.0,"(min = 0.94, max = 1.06)",230.0,0,0
8400,bus-8400,true,PV,-0.031059160292839266,1.0,"(min = 0.94, max = 1.06)",230.0,0,0
2691,bus-2691,true,PQ,-0.029353717748372463,1.0,"(min = 0.94, max = 1.06)",66.0,0,0
2552,bus-2552,true,PQ,0.01496954338153587,1.0,"(min = 0.94, max = 1.06)",66.0,0,0
2208,bus-2208,true,PV,-0.03088884670110653,1.0,"(min = 0.94, max = 1.06)",230.0,0,0
2137,bus-2137,true,PQ,-0.03580380644845932,1.0,"(min = 0.94, max = 1.06)",66.0,0,0
5006,bus-5006,true,PQ,-0.0028096967589601018,1.0,"(min = 0.94, max = 1.06)",66.0,0,0
1552,bus-1552,true,PQ,-0.029148632660083947,1.0,"(min = 0.94, max = 1.06)",66.0,0,0
4140,bus-4140,true,PQ,-0.02749206142906809,1.0,"(min = 0.94, max = 1.06)",115.0,0,0
589,bus-589,true,PQ,-0.02674756889641548,1.0,"(min = 0.94, max = 1.06)",66.0,0,0
2815,bus-2815,true,PQ,-0.012469820780374683,1.0,"(min = 0.94, max = 1.06)",115.0,0,0
6401,bus-6401,true,PQ,-0.0007029584943652554,1.0,"(min = 0.94, max = 1.06)",66.0,0,0
737,bus-737,true,PQ,-0.03640474809359634,1.0,"(min = 0.94, max = 1.06)",66.0,0,0
3281,bus-3281,true,PQ,-0.011727724235719215,1.0,"(min = 0.94, max = 1.06)",115.0,0,0
4410,bus-4410,true,PQ,-0.03226801338094823,1.0,"(min = 0.94, max = 1.06)",66.0,0,0
5267,bus-5267,true,PQ,0.00410232498793968,1.0,"(min = 0.94, max = 1.06)",66.0,0,0
6182,bus-6182,true,PQ,-0.0011758969643587192,1.0,"(min = 0.94, max = 1.06)",66.0,0,0
2940,bus-2940,true,PQ,-0.0321869636066112,1.0,"(min = 0.94, max = 1.06)",230.0,0,0
3958,bus-3958,true,PQ,-0.0324858995866355,1.0,"(min = 0.94, max = 1.06)",66.0,0,0
5521,bus-5521,true,PQ,0.010124681031131547,1.0,"(min = 0.94, max = 1.06)",115.0,0,0
785,bus-785,true,PQ,0.0024267147804185635,1.0,"(min = 0.94, max = 1.06)",115.0,0,0
1770,bus-1770,true,PQ,-0.03471523761267344,1.0,"(min = 0.94, max = 1.06)",66.0,0,0
2674,bus-2674,true,PQ,-0.03900137495275322,1.0,"(min = 0.94, max = 1.06)",66.0,0,0
6527,bus-6527,true,PQ,0.00493758003476338,1.0,"(min = 0.94, max = 1.06)",66.0,0,0
8118,bus-8118,true,PQ,-0.00044081155566149787,1.0,"(min = 0.94, max = 1.06)",115.0,0,0
5325,bus-5325,true,PQ,0.00168042820462921,1.0,"(min = 0.94, max = 1.06)",66.0,0,0
5509,bus-5509,true,PQ,0.0016711597540642125,1.0,"(min = 0.94, max = 1.06)",115.0,0,0
2187,bus-2187,true,PQ,-0.01585027968408461,1.0,"(min = 0.94, max = 1.06)",66.0,0,0
4877,bus-4877,true,PQ,0.004784063771004517,1.0,"(min = 0.94, max = 1.06)",115.0,0,0
5227,bus-5227,true,PQ,0.0006495329554160722,1.0,"(min = 0.94, max = 1.06)",66.0,0,0
6906,bus-6906,true,PQ,0.007052137267942077,1.0,"(min = 0.94, max = 1.06)",66.0,0,0
4891,bus-4891,true,PQ,-0.0012332985710381266,1.0,"(min = 0.94, max = 1.06)",66.0,0,0
5104,bus-5104,true,PQ,0.005466037894265694,1.0,"(min = 0.94, max = 1.06)",66.0,0,0
1275,bus-1275,true,PQ,-0.03147067192947939,1.0,"(min = 0.94, max = 1.06)",115.0,0,0
5547,bus-5547,true,PQ,0.009677769649218095,1.0,"(min = 0.94, max = 1.06)",115.0,0,0
7825,bus-7825,true,PQ,-0.029339259789914793,1.0,"(min = 0.94, max = 1.06)",66.0,0,0
8696,bus-8696,true,PQ,0.009274870304865354,1.0,"(min = 0.94, max = 1.06)",66.0,0,0
1446,bus-1446,true,PV,-0.03080338700334848,1.0,"(min = 0.94, max = 1.06)",115.0,0,0
5481,bus-5481,true,PQ,0.003421735940519593,1.0,"(min = 0.94, max = 1.06)",115.0,0,0
8173,bus-8173,true,PQ,-0.03411634428594656,1.0,"(min = 0.94, max = 1.06)",66.0,0,0
2023,bus-2023,true,PQ,0.001787278502365401,1.0,"(min = 0.94, max = 1.06)",66.0,0,0
4685,bus-4685,true,PQ,-0.031451620613496316,1.0,"(min = 0.94, max = 1.06)",115.0,0,0
5320,bus-5320,true,PQ,0.0016829709975057208,1.0,"(min = 0.94, max = 1.06)",66.0,0,0
4128,bus-4128,true,PQ,-0.013943648271991566,1.0,"(min = 0.94, max = 1.06)",66.0,0,0
6607,bus-6607,true,PQ,-0.0008911353145713268,1.0,"(min = 0.94, max = 1.06)",66.0,0,0
1908,bus-1908,true,PQ,-0.029717125492833743,1.0,"(min = 0.94, max = 1.06)",66.0,0,0
1871,bus-1871,true,PQ,0.010775659904566432,1.0,"(min = 0.94, max = 1.06)",115.0,0,0
7997,bus-7997,true,PQ,0.008041995726662416,1.0,"(min = 0.94, max = 1.06)",230.0,0,0
8084,bus-8084,true,PQ,-0.031861186557086314,1.0,"(min = 0.94, max = 1.06)",230.0,0,0
3949,bus-3949,true,PQ,-0.031800889445687194,1.0,"(min = 0.94, max = 1.06)",66.0,0,0
3315,bus-3315,true,PQ,-0.006438234633246816,1.0,"(min = 0.94, max = 1.06)",230.0,0,0
8035,bus-8035,true,PQ,-0.038678803374932555,1.0,"(min = 0.94, max = 1.06)",115.0,0,0
8870,bus-8870,true,PQ,-0.030435095129508417,1.0,"(min = 0.94, max = 1.06)",115.0,0,0
186,bus-186,true,PQ,0.015775037562646754,1.0,"(min = 0.94, max = 1.06)",66.0,0,0
5751,bus-5751,true,PQ,0.002173404482114897,1.0,"(min = 0.94, max = 1.06)",66.0,0,0
5545,bus-5545,true,PQ,0.00969581270594558,1.0,"(min = 0.94, max = 1.06)",115.0,0,0
6761,bus-6761,true,PV,0.0240399919803081,1.0,"(min = 0.94, max = 1.06)",230.0,0,0
847,bus-847,true,PQ,-0.034234257333947894,1.0,"(min = 0.94, max = 1.06)",66.0,0,0
2278,bus-2278,true,PQ,0.0022169765221711803,1.0,"(min = 0.94, max = 1.06)",66.0,0,0
4151,bus-4151,true,PQ,-0.027856202735413976,1.0,"(min = 0.94, max = 1.06)",66.0,0,0
5931,bus-5931,true,PQ,-0.0007479639506469215,1.0,"(min = 0.94, max = 1.06)",66.0,0,0
7342,bus-7342,true,PQ,-0.0351243059628937,1.0,"(min = 0.94, max = 1.06)",66.0,0,0
7795,bus-7795,true,PQ,0.0078062805986935865,1.0,"(min = 0.94, max = 1.06)",115.0,0,0
2309,bus-2309,true,PQ,4.444242144255302e-5,1.0,"(min = 0.94, max = 1.06)",66.0,0,0
3504,bus-3504,true,PQ,-0.03809500435370862,1.0,"(min = 0.94, max = 1.06)",66.0,0,0
2908,bus-2908,true,PQ,-0.003086127416411645,1.0,"(min = 0.94, max = 1.06)",115.0,0,0
280,bus-280,true,PQ,-0.004737464998412718,1.0,"(min = 0.94, max = 1.06)",115.0,0,0
1302,bus-1302,true,PQ,-0.037574097748481514,1.0,"(min = 0.94, max = 1.06)",66.0,0,0
3814,bus-3814,true,PQ,-0.03244897662271079,1.0,"(min = 0.94, max = 1.06)",66.0,0,0
5514,bus-5514,true,PQ,0.00942073813441625,1.0,"(min = 0.94, max = 1.06)",115.0,0,0
6961,bus-6961,true,PQ,0.009035232165430233,1.0,"(min = 0.94, max = 1.06)",66.0,0,0
1830,bus-1830,true,PQ,-0.010306883369396554,1.0,"(min = 0.94, max = 1.06)",500.0,0,0
3897,bus-3897,true,PQ,-0.03395883233521135,1.0,"(min = 0.94, max = 1.06)",115.0,0,0
6534,bus-6534,true,PQ,-0.0003860743337116,1.0,"(min = 0.94, max = 1.06)",66.0,0,0
6375,bus-6375,true,PQ,-0.0004187155215249708,1.0,"(min = 0.94, max = 1.06)",66.0,0,0
613,bus-613,true,PQ,-0.017391401207352105,1.0,"(min = 0.94, max = 1.06)",115.0,0,0
7360,bus-7360,true,PQ,-0.03490034094995466,1.0,"(min = 0.94, max = 1.06)",66.0,0,0
7936,bus-7936,true,PQ,0.004905307343550971,1.0,"(min = 0.94, max = 1.06)",115.0,0,0
3344,bus-3344,true,PQ,-0.029514609703737083,1.0,"(min = 0.94, max = 1.06)",230.0,0,0
3617,bus-3617,true,PQ,-0.03704919922618926,1.0,"(min = 0.94, max = 1.06)",66.0,0,0
4139,bus-4139,true,PQ,-0.027554879668571716,1.0,"(min = 0.94, max = 1.06)",115.0,0,0
4164,bus-4164,true,PQ,-0.02659979012331987,1.0,"(min = 0.94, max = 1.06)",66.0,0,0
2682,bus-2682,true,PQ,-0.02934088032812527,1.0,"(min = 0.94, max = 1.06)",66.0,0,0
2560,bus-2560,true,PQ,0.014930569463753846,1.0,"(min = 0.94, max = 1.06)",115.0,0,0
5202,bus-5202,true,PQ,0.005202656365499612,1.0,"(min = 0.94, max = 1.06)",115.0,0,0
3690,bus-3690,true,PQ,-0.034112960441592795,1.0,"(min = 0.94, max = 1.06)",66.0,0,0
7252,bus-7252,true,PQ,-0.03433575102247817,1.0,"(min = 0.94, max = 1.06)",66.0,0,0
4678,bus-4678,true,PQ,-0.03148908410589038,1.0,"(min = 0.94, max = 1.06)",115.0,0,0
3280,bus-3280,true,PQ,-0.011725136540757037,1.0,"(min = 0.94, max = 1.06)",115.0,0,0
5911,bus-5911,true,PQ,-0.0007540682257431376,1.0,"(min = 0.94, max = 1.06)",66.0,0,0
3991,bus-3991,true,PQ,-0.03208988263402874,1.0,"(min = 0.94, max = 1.06)",66.0,0,0
4910,bus-4910,true,PQ,0.0022541255585939064,1.0,"(min = 0.94, max = 1.06)",66.0,0,0
2846,bus-2846,true,PQ,-0.03185858147864479,1.0,"(min = 0.94, max = 1.06)",115.0,0,0
5929,bus-5929,true,PQ,-0.0006929403446013808,1.0,"(min = 0.94, max = 1.06)",66.0,0,0
7775,bus-7775,true,PQ,-0.0004398106250434424,1.0,"(min = 0.94, max = 1.06)",115.0,0,0
548,bus-548,true,PQ,-0.000785565245512071,1.0,"(min = 0.94, max = 1.06)",66.0,0,0
8242,bus-8242,true,PQ,-0.03165326373796698,1.0,"(min = 0.94, max = 1.06)",230.0,0,0
7039,bus-7039,true,PQ,0.0069925527570232505,1.0,"(min = 0.94, max = 1.06)",66.0,0,0
1711,bus-1711,true,PV,0.013494964351143082,1.0,"(min = 0.94, max = 1.06)",115.0,0,0
957,bus-957,true,PV,-0.03441641944237364,1.0,"(min = 0.94, max = 1.06)",66.0,0,0
8596,bus-8596,true,PQ,0.010329560030941988,1.0,"(min = 0.94, max = 1.06)",115.0,0,0
4578,bus-4578,true,PQ,-0.006575691633865888,1.0,"(min = 0.94, max = 1.06)",115.0,0,0
7587,bus-7587,true,PQ,0.014816302495826387,1.0,"(min = 0.94, max = 1.06)",115.0,0,0
2751,bus-2751,true,PQ,-0.03620086571169537,1.0,"(min = 0.94, max = 1.06)",66.0,0,0
6022,bus-6022,true,PQ,-0.00104531671109082,1.0,"(min = 0.94, max = 1.06)",66.0,0,0
7021,bus-7021,true,PQ,0.006901049699650534,1.0,"(min = 0.94, max = 1.06)",66.0,0,0
1364,bus-1364,true,PQ,-0.029177394638959266,1.0,"(min = 0.94, max = 1.06)",66.0,0,0
2867,bus-2867,true,PQ,-0.0066238123335654285,1.0,"(min = 0.94, max = 1.06)",115.0,0,0
5094,bus-5094,true,PQ,0.0010329630454977306,1.0,"(min = 0.94, max = 1.06)",66.0,0,0
7319,bus-7319,true,PQ,-0.03430111234547846,1.0,"(min = 0.94, max = 1.06)",66.0,0,0
7766,bus-7766,true,PQ,0.0007498602159726282,1.0,"(min = 0.94, max = 1.06)",66.0,0,0
6977,bus-6977,true,PQ,0.007770493512499361,1.0,"(min = 0.94, max = 1.06)",66.0,0,0
3110,bus-3110,true,PQ,-0.030868254084861022,1.0,"(min = 0.94, max = 1.06)",230.0,0,0
3627,bus-3627,true,PQ,-0.03741146988864287,1.0,"(min = 0.94, max = 1.06)",66.0,0,0
2180,bus-2180,true,PQ,-0.030880650285873314,1.0,"(min = 0.94, max = 1.06)",66.0,0,0
2043,bus-2043,true,PQ,0.015226526882329993,1.0,"(min = 0.94, max = 1.06)",115.0,0,0
5693,bus-5693,true,PQ,0.0012806057361213962,1.0,"(min = 0.94, max = 1.06)",66.0,0,0
378,bus-378,true,PQ,-0.00034845329044596424,1.0,"(min = 0.94, max = 1.06)",66.0,0,0
907,bus-907,true,PQ,-0.032848250185168855,1.0,"(min = 0.94, max = 1.06)",230.0,0,0
1443,bus-1443,true,PV,-0.0037116371713110763,1.0,"(min = 0.94, max = 1.06)",66.0,0,0
6091,bus-6091,true,PQ,-0.0013995206641999002,1.0,"(min = 0.94, max = 1.06)",66.0,0,0
6060,bus-6060,true,PQ,-0.00047036296092012433,1.0,"(min = 0.94, max = 1.06)",66.0,0,0
1687,bus-1687,true,PQ,0.01111965948302578,1.0,"(min = 0.94, max = 1.06)",66.0,0,0
6729,bus-6729,true,PQ,0.010667582118512643,1.0,"(min = 0.94, max = 1.06)",500.0,0,0
2722,bus-2722,true,PQ,-0.029705245211148344,1.0,"(min = 0.94, max = 1.06)",66.0,0,0
6808,bus-6808,true,PQ,0.007140994249089136,1.0,"(min = 0.94, max = 1.06)",230.0,0,0
7171,bus-7171,true,PQ,-0.03480695379220112,1.0,"(min = 0.94, max = 1.06)",66.0,0,0
5837,bus-5837,true,PQ,-0.0004752452280325934,1.0,"(min = 0.94, max = 1.06)",66.0,0,0
7028,bus-7028,true,PQ,0.008616425453942504,1.0,"(min = 0.94, max = 1.06)",230.0,0,0
7565,bus-7565,true,PQ,-0.03280371671304082,1.0,"(min = 0.94, max = 1.06)",230.0,0,0
8201,bus-8201,true,PQ,0.008503172190697898,1.0,"(min = 0.94, max = 1.06)",115.0,0,0
1927,bus-1927,true,PV,-0.001167936446081874,1.0,"(min = 0.94, max = 1.06)",230.0,0,0
7585,bus-7585,true,PQ,-0.03269895524455203,1.0,"(min = 0.94, max = 1.06)",230.0,0,0
5935,bus-5935,true,PQ,-0.0006637653021426545,1.0,"(min = 0.94, max = 1.06)",66.0,0,0
2572,bus-2572,true,PQ,0.014917718656831289,1.0,"(min = 0.94, max = 1.06)",66.0,0,0
8090,bus-8090,true,PQ,-0.021669386306482036,1.0,"(min = 0.94, max = 1.06)",66.0,0,0
521,bus-521,true,PQ,-0.0004984485967850238,1.0,"(min = 0.94, max = 1.06)",66.0,0,0
7807,bus-7807,true,PQ,0.006576448077016996,1.0,"(min = 0.94, max = 1.06)",66.0,0,0
7893,bus-7893,true,PQ,-0.03237247430373982,1.0,"(min = 0.94, max = 1.06)",66.0,0,0
3438,bus-3438,true,PQ,-0.03179163466279557,1.0,"(min = 0.94, max = 1.06)",230.0,0,0
4702,bus-4702,true,PQ,0.003050665956295964,1.0,"(min = 0.94, max = 1.06)",66.0,0,0
6370,bus-6370,true,PQ,-0.00037950786401352924,1.0,"(min = 0.94, max = 1.06)",66.0,0,0
4656,bus-4656,true,PQ,-0.03211574370115432,1.0,"(min = 0.94, max = 1.06)",66.0,0,0
5683,bus-5683,true,PQ,0.0014199252596157467,1.0,"(min = 0.94, max = 1.06)",66.0,0,0
5649,bus-5649,true,PQ,0.0014222736472481949,1.0,"(min = 0.94, max = 1.06)",66.0,0,0
6883,bus-6883,true,PQ,0.006803792274280701,1.0,"(min = 0.94, max = 1.06)",66.0,0,0
6769,bus-6769,true,PQ,1.9597983822588763e-5,1.0,"(min = 0.94, max = 1.06)",66.0,0,0
7307,bus-7307,true,PQ,-0.034551433749984796,1.0,"(min = 0.94, max = 1.06)",66.0,0,0
1361,bus-1361,true,PQ,-0.029303446680861423,1.0,"(min = 0.94, max = 1.06)",66.0,0,0
2148,bus-2148,true,PQ,-0.03328512232850508,1.0,"(min = 0.94, max = 1.06)",115.0,0,0
5032,bus-5032,true,PQ,-0.0032676179745011057,1.0,"(min = 0.94, max = 1.06)",66.0,0,0
6220,bus-6220,true,PQ,-0.00048152254030684003,1.0,"(min = 0.94, max = 1.06)",66.0,0,0
2885,bus-2885,true,PQ,-0.03296772565191657,1.0,"(min = 0.94, max = 1.06)",115.0,0,0
3477,bus-3477,true,PQ,-0.026255215703218083,1.0,"(min = 0.94, max = 1.06)",115.0,0,0
1288,bus-1288,true,PQ,-0.03249712816237821,1.0,"(min = 0.94, max = 1.06)",66.0,0,0
2008,bus-2008,true,PQ,0.003485265192253901,1.0,"(min = 0.94, max = 1.06)",66.0,0,0
1233,bus-1233,true,PQ,-0.032241801677175934,1.0,"(min = 0.94, max = 1.06)",66.0,0,0
3684,bus-3684,true,PQ,-0.03473613635966975,1.0,"(min = 0.94, max = 1.06)",115.0,0,0
4104,bus-4104,true,PQ,-0.01997895551344456,1.0,"(min = 0.94, max = 1.06)",66.0,0,0
4530,bus-4530,true,PQ,-0.03235772016290809,1.0,"(min = 0.94, max = 1.06)",115.0,0,0
5623,bus-5623,true,PQ,0.0002689629782675588,1.0,"(min = 0.94, max = 1.06)",66.0,0,0
8749,bus-8749,true,PQ,0.003294166491912457,1.0,"(min = 0.94, max = 1.06)",115.0,0,0
1874,bus-1874,true,PQ,0.010742932694710218,1.0,"(min = 0.94, max = 1.06)",115.0,0,0
5390,bus-5390,true,PQ,-0.00328182586218355,1.0,"(min = 0.94, max = 1.06)",66.0,0,0
5487,bus-5487,true,PQ,0.0027887829323190593,1.0,"(min = 0.94, max = 1.06)",115.0,0,0
2666,bus-2666,true,PQ,-0.0004103085532614529,1.0,"(min = 0.94, max = 1.06)",115.0,0,0
1689,bus-1689,true,PQ,-0.006778419812079222,1.0,"(min = 0.94, max = 1.06)",230.0,0,0
5148,bus-5148,true,PQ,0.0013749340888540085,1.0,"(min = 0.94, max = 1.06)",66.0,0,0
1175,bus-1175,true,PQ,-0.006931278680122028,1.0,"(min = 0.94, max = 1.06)",66.0,0,0
2133,bus-2133,true,PQ,-0.03514526474921627,1.0,"(min = 0.94, max = 1.06)",66.0,0,0
1490,bus-1490,true,PQ,-0.03578353776532298,1.0,"(min = 0.94, max = 1.06)",66.0,0,0
4105,bus-4105,true,PQ,-0.018812659835684524,1.0,"(min = 0.94, max = 1.06)",66.0,0,0
8403,bus-8403,true,PV,0.009914190675602893,1.0,"(min = 0.94, max = 1.06)",500.0,0,0
2250,bus-2250,true,PV,-0.03426449010178387,1.0,"(min = 0.94, max = 1.06)",230.0,0,0
3306,bus-3306,true,PQ,-0.0017306696469215298,1.0,"(min = 0.94, max = 1.06)",230.0,0,0
8460,bus-8460,true,PQ,-0.010640899245655474,1.0,"(min = 0.94, max = 1.06)",115.0,0,0
1220,bus-1220,true,PQ,0.0034023353317933227,1.0,"(min = 0.94, max = 1.06)",66.0,0,0
1091,bus-1091,true,PQ,0.005735286853457839,1.0,"(min = 0.94, max = 1.06)",66.0,0,0
2987,bus-2987,true,PQ,-0.035823879480186505,1.0,"(min = 0.94, max = 1.06)",230.0,0,0
6308,bus-6308,true,PQ,-0.001639424002924204,1.0,"(min = 0.94, max = 1.06)",66.0,0,0
6280,bus-6280,true,PQ,-3.294239848100918e-5,1.0,"(min = 0.94, max = 1.06)",66.0,0,0
8339,bus-8339,true,PQ,-0.0018736690540267116,1.0,"(min = 0.94, max = 1.06)",230.0,0,0
8364,bus-8364,true,PQ,0.009098420676534675,1.0,"(min = 0.94, max = 1.06)",115.0,0,0
2400,bus-2400,true,PQ,-0.03009137749153644,1.0,"(min = 0.94, max = 1.06)",230.0,0,0
2519,bus-2519,true,PQ,0.010437727718905549,1.0,"(min = 0.94, max = 1.06)",115.0,0,0
2262,bus-2262,true,PQ,0.002791788494010749,1.0,"(min = 0.94, max = 1.06)",66.0,0,0
4053,bus-4053,true,PQ,-0.023497060367118384,1.0,"(min = 0.94, max = 1.06)",66.0,0,0
1575,bus-1575,true,PQ,-0.03780741022129547,1.0,"(min = 0.94, max = 1.06)",66.0,0,0
119,bus-119,true,PQ,-0.018766545269787105,1.0,"(min = 0.94, max = 1.06)",66.0,0,0
506,bus-506,true,PQ,-0.00027205795841281556,1.0,"(min = 0.94, max = 1.06)",66.0,0,0
5831,bus-5831,true,PQ,-0.0008265313606421403,1.0,"(min = 0.94, max = 1.06)",66.0,0,0
533,bus-533,true,PQ,-0.00040830545458690233,1.0,"(min = 0.94, max = 1.06)",66.0,0,0
6754,bus-6754,true,PQ,0.009042169412874598,1.0,"(min = 0.94, max = 1.06)",115.0,0,0
8031,bus-8031,true,PV,0.0020291735270562767,1.0,"(min = 0.94, max = 1.06)",500.0,0,0
746,bus-746,true,PV,-0.03573640567247165,1.0,"(min = 0.94, max = 1.06)",66.0,0,0
1595,bus-1595,true,PV,-0.030159538358413347,1.0,"(min = 0.94, max = 1.06)",230.0,0,0
7889,bus-7889,true,PV,0.014341662073248829,1.0,"(min = 0.94, max = 1.06)",500.0,0,0
2638,bus-2638,true,PQ,0.00047664886370494934,1.0,"(min = 0.94, max = 1.06)",230.0,0,0
4333,bus-4333,true,PQ,-0.03851599557164802,1.0,"(min = 0.94, max = 1.06)",66.0,0,0
6236,bus-6236,true,PQ,-3.381785842633634e-5,1.0,"(min = 0.94, max = 1.06)",66.0,0,0
6614,bus-6614,true,PQ,0.001303108266167359,1.0,"(min = 0.94, max = 1.06)",66.0,0,0
8005,bus-8005,true,PQ,0.0022513011271719898,1.0,"(min = 0.94, max = 1.06)",66.0,0,0
602,bus-602,true,PQ,-0.022386971447122497,1.0,"(min = 0.94, max = 1.06)",115.0,0,0
1899,bus-1899,true,PQ,-0.03783077930731504,1.0,"(min = 0.94, max = 1.06)",66.0,0,0
4170,bus-4170,true,PQ,-0.025537043608350178,1.0,"(min = 0.94, max = 1.06)",66.0,0,0
5019,bus-5019,true,PQ,0.0027500594169248163,1.0,"(min = 0.94, max = 1.06)",66.0,0,0
3927,bus-3927,true,PQ,-0.03387178456236691,1.0,"(min = 0.94, max = 1.06)",66.0,0,0
5141,bus-5141,true,PQ,0.007277702416192641,1.0,"(min = 0.94, max = 1.06)",66.0,0,0
7166,bus-7166,true,PQ,-0.03502233579947763,1.0,"(min = 0.94, max = 1.06)",66.0,0,0
8572,bus-8572,true,PV,-0.0002375053261452334,1.0,"(min = 0.94, max = 1.06)",115.0,0,0
2715,bus-2715,true,PQ,-0.029323809786310294,1.0,"(min = 0.94, max = 1.06)",66.0,0,0
6343,bus-6343,true,PQ,-0.00046383361262991417,1.0,"(min = 0.94, max = 1.06)",66.0,0,0
8679,bus-8679,true,PQ,0.005225677345599879,1.0,"(min = 0.94, max = 1.06)",115.0,0,0
6415,bus-6415,true,PQ,-0.0004585754906083574,1.0,"(min = 0.94, max = 1.06)",66.0,0,0
6059,bus-6059,true,PQ,-0.0003630885080331259,1.0,"(min = 0.94, max = 1.06)",66.0,0,0
6342,bus-6342,true,PQ,-0.0005654966783827769,1.0,"(min = 0.94, max = 1.06)",66.0,0,0
199,bus-199,true,PQ,0.014323088261895814,1.0,"(min = 0.94, max = 1.06)",66.0,0,0
901,bus-901,true,PQ,-0.034835364610830935,1.0,"(min = 0.94, max = 1.06)",66.0,0,0
2570,bus-2570,true,PQ,0.014943002595933105,1.0,"(min = 0.94, max = 1.06)",66.0,0,0
4393,bus-4393,true,PQ,-0.03224208895837081,1.0,"(min = 0.94, max = 1.06)",115.0,0,0
8276,bus-8276,true,PQ,-0.03753222852145665,1.0,"(min = 0.94, max = 1.06)",66.0,0,0
562,bus-562,true,PV,-0.003552631166376283,1.0,"(min = 0.94, max = 1.06)",66.0,0,0
2692,bus-2692,true,PQ,-0.029285389329887362,1.0,"(min = 0.94, max = 1.06)",66.0,0,0
5209,bus-5209,true,PQ,0.003151571783027581,1.0,"(min = 0.94, max = 1.06)",115.0,0,0
187,bus-187,true,PQ,0.01430389702286661,1.0,"(min = 0.94, max = 1.06)",115.0,0,0
6950,bus-6950,true,PQ,0.0075005993225360475,1.0,"(min = 0.94, max = 1.06)",66.0,0,0
2679,bus-2679,true,PQ,-0.03968884583341392,1.0,"(min = 0.94, max = 1.06)",66.0,0,0
5983,bus-5983,true,PQ,-0.00134241355041584,1.0,"(min = 0.94, max = 1.06)",66.0,0,0
8578,bus-8578,true,PV,-0.035071902975701355,1.0,"(min = 0.94, max = 1.06)",115.0,0,0
7974,bus-7974,true,PQ,0.00025448098837141744,1.0,"(min = 0.94, max = 1.06)",230.0,0,0
6967,bus-6967,true,PQ,0.00812282827732075,1.0,"(min = 0.94, max = 1.06)",66.0,0,0
8419,bus-8419,true,PQ,-0.022319169769005644,1.0,"(min = 0.94, max = 1.06)",230.0,0,0
165,bus-165,true,PV,-0.03809500435370862,1.0,"(min = 0.94, max = 1.06)",66.0,0,0
7568,bus-7568,true,PQ,-0.03274511780700388,1.0,"(min = 0.94, max = 1.06)",230.0,0,0
2525,bus-2525,true,PQ,0.010473775853995997,1.0,"(min = 0.94, max = 1.06)",115.0,0,0
4757,bus-4757,true,PQ,-0.00038119584349163236,1.0,"(min = 0.94, max = 1.06)",230.0,0,0
3652,bus-3652,true,PQ,-0.034433805190651534,1.0,"(min = 0.94, max = 1.06)",66.0,0,0
2399,bus-2399,true,PV,-0.0011735900265506768,1.0,"(min = 0.94, max = 1.06)",230.0,0,0
1842,bus-1842,true,PV,0.003378649992113283,1.0,"(min = 0.94, max = 1.06)",66.0,0,0
4586,bus-4586,true,PQ,-0.01964927136985617,1.0,"(min = 0.94, max = 1.06)",66.0,0,0
6422,bus-6422,true,PQ,8.330376199716759e-5,1.0,"(min = 0.94, max = 1.06)",66.0,0,0
2127,bus-2127,true,PQ,-0.03451654339650695,1.0,"(min = 0.94, max = 1.06)",66.0,0,0
3261,bus-3261,true,PQ,-0.0307652279972475,1.0,"(min = 0.94, max = 1.06)",115.0,0,0
6782,bus-6782,true,PQ,0.010481619224028117,1.0,"(min = 0.94, max = 1.06)",230.0,0,0
8862,bus-8862,true,PQ,0.00933776926584689,1.0,"(min = 0.94, max = 1.06)",115.0,0,0
6562,bus-6562,true,PQ,0.0004978611433934121,1.0,"(min = 0.94, max = 1.06)",66.0,0,0
4190,bus-4190,true,PQ,-0.008540502322483812,1.0,"(min = 0.94, max = 1.06)",66.0,0,0
5374,bus-5374,true,PQ,-0.003302471798237704,1.0,"(min = 0.94, max = 1.06)",66.0,0,0
1207,bus-1207,true,PQ,-0.03484825369282399,1.0,"(min = 0.94, max = 1.06)",115.0,0,0
6923,bus-6923,true,PQ,0.006957295500430052,1.0,"(min = 0.94, max = 1.06)",66.0,0,0
7293,bus-7293,true,PQ,-0.03416202897724921,1.0,"(min = 0.94, max = 1.06)",66.0,0,0
4801,bus-4801,true,PQ,-0.0004960810087854745,1.0,"(min = 0.94, max = 1.06)",66.0,0,0
7018,bus-7018,true,PQ,0.0068361755670078095,1.0,"(min = 0.94, max = 1.06)",66.0,0,0
8197,bus-8197,true,PQ,0.003204647594646579,1.0,"(min = 0.94, max = 1.06)",230.0,0,0
1330,bus-1330,true,PV,-0.03199202446633037,1.0,"(min = 0.94, max = 1.06)",115.0,0,0
494,bus-494,true,PQ,-0.0005135870730806811,1.0,"(min = 0.94, max = 1.06)",66.0,0,0
2411,bus-2411,true,PQ,-0.03379932686940451,1.0,"(min = 0.94, max = 1.06)",115.0,0,0
4543,bus-4543,true,PQ,-0.030785026837749203,1.0,"(min = 0.94, max = 1.06)",66.0,0,0
6588,bus-6588,true,PQ,-0.0007927288918310164,1.0,"(min = 0.94, max = 1.06)",66.0,0,0
7251,bus-7251,true,PQ,-0.034343399055260404,1.0,"(min = 0.94, max = 1.06)",66.0,0,0
7190,bus-7190,true,PQ,-0.03483383081548428,1.0,"(min = 0.94, max = 1.06)",66.0,0,0
8712,bus-8712,true,PV,-0.0268133562900426,1.0,"(min = 0.94, max = 1.06)",115.0,0,0
8097,bus-8097,true,PQ,0.007817313749919947,1.0,"(min = 0.94, max = 1.06)",115.0,0,0
2734,bus-2734,true,PV,-0.03620086571169537,1.0,"(min = 0.94, max = 1.06)",66.0,0,0
4325,bus-4325,true,PQ,-0.007541163793772001,1.0,"(min = 0.94, max = 1.06)",115.0,0,0
898,bus-898,true,PQ,-0.034509911145349376,1.0,"(min = 0.94, max = 1.06)",66.0,0,0
5269,bus-5269,true,PQ,0.00410367287081441,1.0,"(min = 0.94, max = 1.06)",66.0,0,0
2416,bus-2416,true,PQ,0.0007464196344555378,1.0,"(min = 0.94, max = 1.06)",66.0,0,0
307,bus-307,true,PQ,0.0030731049214505696,1.0,"(min = 0.94, max = 1.06)",115.0,0,0
2664,bus-2664,true,PQ,-0.0004547388275614779,1.0,"(min = 0.94, max = 1.06)",115.0,0,0
3351,bus-3351,true,PQ,-0.03146116128131942,1.0,"(min = 0.94, max = 1.06)",230.0,0,0
7076,bus-7076,true,PQ,-0.03358722189233155,1.0,"(min = 0.94, max = 1.06)",115.0,0,0
8322,bus-8322,true,PQ,0.0032168460847612026,1.0,"(min = 0.94, max = 1.06)",66.0,0,0
4747,bus-4747,true,PQ,0.0015225576725085206,1.0,"(min = 0.94, max = 1.06)",230.0,0,0
8259,bus-8259,true,PQ,-0.032689050326514035,1.0,"(min = 0.94, max = 1.06)",66.0,0,0
8563,bus-8563,true,PQ,-0.035574098429616584,1.0,"(min = 0.94, max = 1.06)",66.0,0,0
310,bus-310,true,PQ,-0.0008239341536355401,1.0,"(min = 0.94, max = 1.06)",66.0,0,0
712,bus-712,true,PQ,0.0005454189656825361,1.0,"(min = 0.94, max = 1.06)",66.0,0,0
6571,bus-6571,true,PQ,0.0007180695689916564,1.0,"(min = 0.94, max = 1.06)",230.0,0,0
5039,bus-5039,true,PQ,-0.004414145634274035,1.0,"(min = 0.94, max = 1.06)",66.0,0,0
3573,bus-3573,true,PQ,-0.034199484615661635,1.0,"(min = 0.94, max = 1.06)",66.0,0,0
1174,bus-1174,true,PQ,-0.002946334694014506,1.0,"(min = 0.94, max = 1.06)",115.0,0,0
1758,bus-1758,true,PQ,-0.03379358456163253,1.0,"(min = 0.94, max = 1.06)",230.0,0,0
2854,bus-2854,true,PQ,-0.03153093273803007,1.0,"(min = 0.94, max = 1.06)",115.0,0,0
3644,bus-3644,true,PQ,-0.03639778073922238,1.0,"(min = 0.94, max = 1.06)",66.0,0,0
5634,bus-5634,true,PQ,0.000905236604524377,1.0,"(min = 0.94, max = 1.06)",66.0,0,0
6898,bus-6898,true,PQ,0.0066091288262085214,1.0,"(min = 0.94, max = 1.06)",66.0,0,0
7242,bus-7242,true,PQ,-0.03466857047553484,1.0,"(min = 0.94, max = 1.06)",66.0,0,0
3507,bus-3507,true,PQ,-0.038313674910361736,1.0,"(min = 0.94, max = 1.06)",66.0,0,0
7700,bus-7700,true,PQ,0.003160917968812133,1.0,"(min = 0.94, max = 1.06)",66.0,0,0
1630,bus-1630,true,PQ,0.01796288607549189,1.0,"(min = 0.94, max = 1.06)",66.0,0,0
3039,bus-3039,true,PQ,-0.036590872448489964,1.0,"(min = 0.94, max = 1.06)",115.0,0,0
716,bus-716,true,PQ,-0.000476866727919488,1.0,"(min = 0.94, max = 1.06)",66.0,0,0
1212,bus-1212,true,PQ,-0.0027293764275306428,1.0,"(min = 0.94, max = 1.06)",115.0,0,0
3756,bus-3756,true,PQ,-0.034489473688874374,1.0,"(min = 0.94, max = 1.06)",115.0,0,0
8275,bus-8275,true,PQ,-0.03366011993186422,1.0,"(min = 0.94, max = 1.06)",115.0,0,0
3545,bus-3545,true,PQ,0.010295087683819999,1.0,"(min = 0.94, max = 1.06)",66.0,0,0
2493,bus-2493,true,PQ,0.01337186191567679,1.0,"(min = 0.94, max = 1.06)",115.0,0,0
3561,bus-3561,true,PQ,-0.05167104619501726,1.0,"(min = 0.94, max = 1.06)",66.0,0,0
4484,bus-4484,true,PQ,-0.03478523404232468,1.0,"(min = 0.94, max = 1.06)",66.0,0,0
5314,bus-5314,true,PQ,0.0016637978051809849,1.0,"(min = 0.94, max = 1.06)",66.0,0,0
5507,bus-5507,true,PQ,0.0016528767355085297,1.0,"(min = 0.94, max = 1.06)",115.0,0,0
341,bus-341,true,PV,0.00044197167776062777,1.0,"(min = 0.94, max = 1.06)",66.0,0,0
6686,bus-6686,true,PQ,6.887464336005691e-5,1.0,"(min = 0.94, max = 1.06)",66.0,0,0
5353,bus-5353,true,PQ,0.0013147612798042108,1.0,"(min = 0.94, max = 1.06)",66.0,0,0
3905,bus-3905,true,PQ,-0.03384301891830017,1.0,"(min = 0.94, max = 1.06)",115.0,0,0
5729,bus-5729,true,PQ,0.0019811712828530707,1.0,"(min = 0.94, max = 1.06)",66.0,0,0
6523,bus-6523,true,PQ,-9.385872564613786e-5,1.0,"(min = 0.94, max = 1.06)",66.0,0,0
2143,bus-2143,true,PQ,-0.03410136028525233,1.0,"(min = 0.94, max = 1.06)",66.0,0,0
1801,bus-1801,true,PV,-0.029302011845683356,1.0,"(min = 0.94, max = 1.06)",66.0,0,0
5611,bus-5611,true,PQ,0.00043069321178125405,1.0,"(min = 0.94, max = 1.06)",66.0,0,0
331,bus-331,true,PQ,-0.03825366944348062,1.0,"(min = 0.94, max = 1.06)",115.0,0,0
1200,bus-1200,true,PQ,-0.0326812319495968,1.0,"(min = 0.94, max = 1.06)",66.0,0,0
5672,bus-5672,true,PQ,0.0009939524478761441,1.0,"(min = 0.94, max = 1.06)",66.0,0,0
6217,bus-6217,true,PQ,-0.00045760613125114124,1.0,"(min = 0.94, max = 1.06)",66.0,0,0
6245,bus-6245,true,PQ,0.0004998153623769313,1.0,"(min = 0.94, max = 1.06)",66.0,0,0
1869,bus-1869,true,PQ,0.0101309848113239,1.0,"(min = 0.94, max = 1.06)",115.0,0,0
6450,bus-6450,true,PQ,-0.00048437377300475105,1.0,"(min = 0.94, max = 1.06)",66.0,0,0
879,bus-879,true,PQ,-0.03462681417131258,1.0,"(min = 0.94, max = 1.06)",66.0,0,0
2803,bus-2803,true,PQ,-0.04685792414059031,1.0,"(min = 0.94, max = 1.06)",66.0,0,0
5122,bus-5122,true,PQ,0.007826629427349173,1.0,"(min = 0.94, max = 1.06)",66.0,0,0
5467,bus-5467,true,PQ,0.0011009287130057685,1.0,"(min = 0.94, max = 1.06)",66.0,0,0
6712,bus-6712,true,PQ,0.00105468226828474,1.0,"(min = 0.94, max = 1.06)",66.0,0,0
908,bus-908,true,PQ,-0.03408813383111487,1.0,"(min = 0.94, max = 1.06)",66.0,0,0
5279,bus-5279,true,PQ,0.0030615475256767885,1.0,"(min = 0.94, max = 1.06)",66.0,0,0
4849,bus-4849,true,PQ,-7.712742836478898e-5,1.0,"(min = 0.94, max = 1.06)",66.0,0,0
2243,bus-2243,true,PQ,-0.0317488055046821,1.0,"(min = 0.94, max = 1.06)",66.0,0,0
5759,bus-5759,true,PQ,0.0019312749200791385,1.0,"(min = 0.94, max = 1.06)",66.0,0,0
1057,bus-1057,true,PV,0.007809248827792577,1.0,"(min = 0.94, max = 1.06)",115.0,0,0
3067,bus-3067,true,PQ,-0.030301423154624977,1.0,"(min = 0.94, max = 1.06)",230.0,0,0
4992,bus-4992,true,PQ,-0.0036272203775942614,1.0,"(min = 0.94, max = 1.06)",66.0,0,0
2319,bus-2319,true,PQ,-0.032068504968685685,1.0,"(min = 0.94, max = 1.06)",66.0,0,0
8024,bus-8024,true,PQ,0.005495548706656577,1.0,"(min = 0.94, max = 1.06)",66.0,0,0
8602,bus-8602,true,PQ,-0.0002854497982048687,1.0,"(min = 0.94, max = 1.06)",115.0,0,0
1277,bus-1277,true,PQ,-0.03147233156306511,1.0,"(min = 0.94, max = 1.06)",115.0,0,0
6114,bus-6114,true,PQ,0.0003946662178640374,1.0,"(min = 0.94, max = 1.06)",66.0,0,0
8423,bus-8423,true,PQ,-0.031263544980498964,1.0,"(min = 0.94, max = 1.06)",230.0,0,0
94,bus-94,true,PQ,-0.03420542955615978,1.0,"(min = 0.94, max = 1.06)",66.0,0,0
962,bus-962,true,PQ,-0.034117760446101625,1.0,"(min = 0.94, max = 1.06)",230.0,0,0
2150,bus-2150,true,PQ,-0.034654047416296074,1.0,"(min = 0.94, max = 1.06)",66.0,0,0
2247,bus-2247,true,PV,0.016338172129873176,1.0,"(min = 0.94, max = 1.06)",66.0,0,0
2763,bus-2763,true,PQ,-0.03743600555273447,1.0,"(min = 0.94, max = 1.06)",66.0,0,0
5093,bus-5093,true,PQ,0.0010016263673818487,1.0,"(min = 0.94, max = 1.06)",66.0,0,0
1262,bus-1262,true,PV,-0.03256059548983066,1.0,"(min = 0.94, max = 1.06)",115.0,0,0
5335,bus-5335,true,PQ,0.000898889302801796,1.0,"(min = 0.94, max = 1.06)",66.0,0,0
6101,bus-6101,true,PQ,0.0005745100089350224,1.0,"(min = 0.94, max = 1.06)",66.0,0,0
7289,bus-7289,true,PQ,-0.03414945475265322,1.0,"(min = 0.94, max = 1.06)",66.0,0,0
5551,bus-5551,true,PQ,-0.0005709328571492926,1.0,"(min = 0.94, max = 1.06)",66.0,0,0
5426,bus-5426,true,PQ,0.0003291122550430516,1.0,"(min = 0.94, max = 1.06)",66.0,0,0
294,bus-294,true,PQ,-0.0034332557593545793,1.0,"(min = 0.94, max = 1.06)",66.0,0,0
699,bus-699,true,PV,0.0006291817600940194,1.0,"(min = 0.94, max = 1.06)",66.0,0,0
2142,bus-2142,true,PQ,-0.034739376039827304,1.0,"(min = 0.94, max = 1.06)",66.0,0,0
7507,bus-7507,true,PQ,-0.02928464704135649,1.0,"(min = 0.94, max = 1.06)",66.0,0,0
4142,bus-4142,true,PQ,-0.02746420876673306,1.0,"(min = 0.94, max = 1.06)",115.0,0,0
101,bus-101,true,PQ,-0.035152701597159025,1.0,"(min = 0.94, max = 1.06)",66.0,0,0
4598,bus-4598,true,PQ,0.013367051840618172,1.0,"(min = 0.94, max = 1.06)",66.0,0,0
6946,bus-6946,true,PQ,0.007572958072783147,1.0,"(min = 0.94, max = 1.06)",66.0,0,0
3521,bus-3521,true,PQ,-0.032105531081569195,1.0,"(min = 0.94, max = 1.06)",66.0,0,0
4403,bus-4403,true,PQ,-0.03448299764468485,1.0,"(min = 0.94, max = 1.06)",66.0,0,0
7173,bus-7173,true,PQ,-0.0348067583153249,1.0,"(min = 0.94, max = 1.06)",66.0,0,0
1370,bus-1370,true,PQ,-0.028991849035245595,1.0,"(min = 0.94, max = 1.06)",115.0,0,0
8221,bus-8221,true,PQ,0.007494464001523096,1.0,"(min = 0.94, max = 1.06)",230.0,0,0
8633,bus-8633,true,PQ,-0.03224390933678064,1.0,"(min = 0.94, max = 1.06)",115.0,0,0
574,bus-574,true,PQ,-0.018234592126658285,1.0,"(min = 0.94, max = 1.06)",115.0,0,0
8703,bus-8703,true,PQ,-0.02951297066503654,1.0,"(min = 0.94, max = 1.06)",500.0,0,0
5833,bus-5833,true,PQ,-0.001253423864904435,1.0,"(min = 0.94, max = 1.06)",66.0,0,0
4722,bus-4722,true,PQ,0.009222573817663957,1.0,"(min = 0.94, max = 1.06)",230.0,0,0
663,bus-663,true,PQ,-0.035886981684759435,1.0,"(min = 0.94, max = 1.06)",66.0,0,0
6825,bus-6825,true,PQ,0.009820471399145995,1.0,"(min = 0.94, max = 1.06)",66.0,0,0
3614,bus-3614,true,PQ,-0.03717468176715649,1.0,"(min = 0.94, max = 1.06)",66.0,0,0
668,bus-668,true,PV,0.0008273847865037928,1.0,"(min = 0.94, max = 1.06)",66.0,0,0
6304,bus-6304,true,PQ,-0.0013943786781321,1.0,"(min = 0.94, max = 1.06)",66.0,0,0
8548,bus-8548,true,PQ,-0.030194867662198067,1.0,"(min = 0.94, max = 1.06)",115.0,0,0
5725,bus-5725,true,PQ,0.0009597147969239985,1.0,"(min = 0.94, max = 1.06)",66.0,0,0
4117,bus-4117,true,PQ,-0.009590664664480773,1.0,"(min = 0.94, max = 1.06)",115.0,0,0
3907,bus-3907,true,PQ,-0.033744847813066914,1.0,"(min = 0.94, max = 1.06)",115.0,0,0
3472,bus-3472,true,PQ,-0.028105205892736282,1.0,"(min = 0.94, max = 1.06)",115.0,0,0
6392,bus-6392,true,PQ,-0.0008616449801285569,1.0,"(min = 0.94, max = 1.06)",66.0,0,0
658,bus-658,true,PQ,-0.036163772752701516,1.0,"(min = 0.94, max = 1.06)",66.0,0,0
3225,bus-3225,true,PQ,-0.03045254126617843,1.0,"(min = 0.94, max = 1.06)",115.0,0,0
1945,bus-1945,true,PV,0.00018279607309659872,1.0,"(min = 0.94, max = 1.06)",66.0,0,0
2782,bus-2782,true,PQ,-0.03179871249651118,1.0,"(min = 0.94, max = 1.06)",66.0,0,0
2700,bus-2700,true,PQ,-0.02922639371051145,1.0,"(min = 0.94, max = 1.06)",66.0,0,0
3689,bus-3689,true,PQ,-0.03411313514905092,1.0,"(min = 0.94, max = 1.06)",66.0,0,0
5972,bus-5972,true,PQ,-0.0008609880975393009,1.0,"(min = 0.94, max = 1.06)",66.0,0,0
3733,bus-3733,true,PQ,-0.036069043785819044,1.0,"(min = 0.94, max = 1.06)",66.0,0,0
6666,bus-6666,true,PQ,0.004659432636552991,1.0,"(min = 0.94, max = 1.06)",66.0,0,0
6814,bus-6814,true,PQ,0.009340279276204061,1.0,"(min = 0.94, max = 1.06)",115.0,0,0
8611,bus-8611,true,PQ,-0.031015679777848956,1.0,"(min = 0.94, max = 1.06)",66.0,0,0
3796,bus-3796,true,PQ,-0.03210808921065384,1.0,"(min = 0.94, max = 1.06)",115.0,0,0
5236,bus-5236,true,PQ,0.0034866770065391317,1.0,"(min = 0.94, max = 1.06)",66.0,0,0
4664,bus-4664,true,PQ,-0.030091049718702915,1.0,"(min = 0.94, max = 1.06)",230.0,0,0
5959,bus-5959,true,PQ,-0.00013859164056205745,1.0,"(min = 0.94, max = 1.06)",66.0,0,0
3870,bus-3870,true,PQ,-0.032299251283900425,1.0,"(min = 0.94, max = 1.06)",66.0,0,0
4405,bus-4405,true,PQ,-0.03260400130472898,1.0,"(min = 0.94, max = 1.06)",115.0,0,0
6019,bus-6019,true,PQ,-0.0012581999566571884,1.0,"(min = 0.94, max = 1.06)",66.0,0,0
6778,bus-6778,true,PQ,0.012311590312493013,1.0,"(min = 0.94, max = 1.06)",230.0,0,0
5737,bus-5737,true,PQ,0.0009074247482422119,1.0,"(min = 0.94, max = 1.06)",66.0,0,0
6322,bus-6322,true,PQ,-0.0009101610684621715,1.0,"(min = 0.94, max = 1.06)",66.0,0,0
5081,bus-5081,true,PQ,0.00022155234832090177,1.0,"(min = 0.94, max = 1.06)",66.0,0,0
6742,bus-6742,true,PQ,0.002188850890341142,1.0,"(min = 0.94, max = 1.06)",66.0,0,0
4094,bus-4094,true,PQ,-0.00994327196246486,1.0,"(min = 0.94, max = 1.06)",115.0,0,0
1608,bus-1608,true,PV,-0.0338170976373154,1.0,"(min = 0.94, max = 1.06)",115.0,0,0
2092,bus-2092,true,PQ,-0.001768011795299343,1.0,"(min = 0.94, max = 1.06)",66.0,0,0
817,bus-817,true,PQ,0.005047440046329551,1.0,"(min = 0.94, max = 1.06)",66.0,0,0
8515,bus-8515,true,PQ,0.015230970316072644,1.0,"(min = 0.94, max = 1.06)",115.0,0,0
1300,bus-1300,true,PQ,-0.03749232121904395,1.0,"(min = 0.94, max = 1.06)",66.0,0,0
8847,bus-8847,true,PQ,-0.03043951185971352,1.0,"(min = 0.94, max = 1.06)",66.0,0,0
2027,bus-2027,true,PQ,0.008369918274530187,1.0,"(min = 0.94, max = 1.06)",66.0,0,0
4024,bus-4024,true,PQ,-0.02951985825786368,1.0,"(min = 0.94, max = 1.06)",115.0,0,0
1723,bus-1723,true,PV,-0.037766259895389495,1.0,"(min = 0.94, max = 1.06)",66.0,0,0
3120,bus-3120,true,PQ,-0.03095968926637913,1.0,"(min = 0.94, max = 1.06)",230.0,0,0
1503,bus-1503,true,PQ,-0.030798160440370453,1.0,"(min = 0.94, max = 1.06)",230.0,0,0
4207,bus-4207,true,PQ,-0.0124303607360361,1.0,"(min = 0.94, max = 1.06)",66.0,0,0
4630,bus-4630,true,PQ,-0.033679263052165946,1.0,"(min = 0.94, max = 1.06)",66.0,0,0
1397,bus-1397,true,PQ,-0.03409727534213804,1.0,"(min = 0.94, max = 1.06)",66.0,0,0
6556,bus-6556,true,PQ,-0.000150497258843143,1.0,"(min = 0.94, max = 1.06)",66.0,0,0
8142,bus-8142,true,PV,0.014455194746253387,1.0,"(min = 0.94, max = 1.06)",115.0,0,0
3939,bus-3939,true,PQ,-0.03403385845470098,1.0,"(min = 0.94, max = 1.06)",66.0,0,0
7261,bus-7261,true,PQ,-0.03452455323604313,1.0,"(min = 0.94, max = 1.06)",66.0,0,0
7315,bus-7315,true,PQ,-0.034473001620459895,1.0,"(min = 0.94, max = 1.06)",66.0,0,0
1545,bus-1545,true,PQ,-0.03009153195317524,1.0,"(min = 0.94, max = 1.06)",230.0,0,0
2646,bus-2646,true,PQ,0.0001983725624573242,1.0,"(min = 0.94, max = 1.06)",230.0,0,0
4075,bus-4075,true,PQ,-0.02057384767286125,1.0,"(min = 0.94, max = 1.06)",66.0,0,0
675,bus-675,true,PQ,0.0007813040852298505,1.0,"(min = 0.94, max = 1.06)",66.0,0,0
4535,bus-4535,true,PQ,-0.02302580244499107,1.0,"(min = 0.94, max = 1.06)",66.0,0,0
3687,bus-3687,true,PQ,-0.03375498189283569,1.0,"(min = 0.94, max = 1.06)",66.0,0,0
3565,bus-3565,true,PQ,-0.05162420487401931,1.0,"(min = 0.94, max = 1.06)",66.0,0,0
1929,bus-1929,true,PV,-0.0012417755793645271,1.0,"(min = 0.94, max = 1.06)",66.0,0,0
621,bus-621,true,PQ,-0.03187645452284984,1.0,"(min = 0.94, max = 1.06)",66.0,0,0
892,bus-892,true,PQ,-0.034528859835972425,1.0,"(min = 0.94, max = 1.06)",66.0,0,0
2770,bus-2770,true,PQ,-0.03790207653085779,1.0,"(min = 0.94, max = 1.06)",66.0,0,0
647,bus-647,true,PQ,-0.028465126469352075,1.0,"(min = 0.94, max = 1.06)",66.0,0,0
5627,bus-5627,true,PQ,0.0008587327673719106,1.0,"(min = 0.94, max = 1.06)",66.0,0,0
7832,bus-7832,true,PQ,-0.03280485676210822,1.0,"(min = 0.94, max = 1.06)",230.0,0,0
6969,bus-6969,true,PQ,0.007672138484469534,1.0,"(min = 0.94, max = 1.06)",66.0,0,0
6365,bus-6365,true,PQ,-0.00017295154432338933,1.0,"(min = 0.94, max = 1.06)",66.0,0,0
595,bus-595,true,PQ,-0.04262356827595625,1.0,"(min = 0.94, max = 1.06)",66.0,0,0
7404,bus-7404,true,PQ,-0.03496583059041139,1.0,"(min = 0.94, max = 1.06)",66.0,0,0
2807,bus-2807,true,PQ,-0.0029790036796868737,1.0,"(min = 0.94, max = 1.06)",115.0,0,0
5213,bus-5213,true,PQ,0.0017952413401848223,1.0,"(min = 0.94, max = 1.06)",66.0,0,0
5630,bus-5630,true,PQ,0.001213677743648156,1.0,"(min = 0.94, max = 1.06)",66.0,0,0
557,bus-557,true,PV,-3.695953886998751e-5,1.0,"(min = 0.94, max = 1.06)",230.0,0,0
2102,bus-2102,true,PQ,-0.0004105858511730097,1.0,"(min = 0.94, max = 1.06)",66.0,0,0
1956,bus-1956,true,PQ,-0.03704916589040055,1.0,"(min = 0.94, max = 1.06)",66.0,0,0
3964,bus-3964,true,PQ,-0.03212819173844539,1.0,"(min = 0.94, max = 1.06)",115.0,0,0
6901,bus-6901,true,PQ,0.00673218172923064,1.0,"(min = 0.94, max = 1.06)",66.0,0,0
8088,bus-8088,true,PQ,0.014965735963225937,1.0,"(min = 0.94, max = 1.06)",66.0,0,0
8639,bus-8639,true,PQ,-0.032819320131086564,1.0,"(min = 0.94, max = 1.06)",115.0,0,0
651,bus-651,true,PQ,-0.028544333874130707,1.0,"(min = 0.94, max = 1.06)",66.0,0,0
1777,bus-1777,true,PQ,-0.03472786664060795,1.0,"(min = 0.94, max = 1.06)",66.0,0,0
468,bus-468,true,PV,-0.0007261185510269684,1.0,"(min = 0.94, max = 1.06)",66.0,0,0
5448,bus-5448,true,PQ,0.00014567140653168494,1.0,"(min = 0.94, max = 1.06)",66.0,0,0
353,bus-353,true,PQ,-0.0007736023521571861,1.0,"(min = 0.94, max = 1.06)",66.0,0,0
1206,bus-1206,true,PQ,-0.03409682958504708,1.0,"(min = 0.94, max = 1.06)",66.0,0,0
6601,bus-6601,true,PQ,0.00046364374000591903,1.0,"(min = 0.94, max = 1.06)",66.0,0,0
7732,bus-7732,true,PQ,0.0022693251074507497,1.0,"(min = 0.94, max = 1.06)",66.0,0,0
1685,bus-1685,true,PQ,0.021189491971617076,1.0,"(min = 0.94, max = 1.06)",115.0,0,0
1943,bus-1943,true,PQ,0.00010833266084778125,1.0,"(min = 0.94, max = 1.06)",66.0,0,0
1862,bus-1862,true,PQ,0.010470709746832554,1.0,"(min = 0.94, max = 1.06)",500.0,0,0
2767,bus-2767,true,PQ,-0.03660260647158405,1.0,"(min = 0.94, max = 1.06)",115.0,0,0
8848,bus-8848,true,PQ,-0.03153611880936945,1.0,"(min = 0.94, max = 1.06)",230.0,0,0
5907,bus-5907,true,PQ,-0.0006696937806952928,1.0,"(min = 0.94, max = 1.06)",66.0,0,0
5986,bus-5986,true,PQ,-0.0017179520156022175,1.0,"(min = 0.94, max = 1.06)",66.0,0,0
8822,bus-8822,true,PQ,-0.029270327312975575,1.0,"(min = 0.94, max = 1.06)",115.0,0,0
2643,bus-2643,true,PQ,0.0002706221790116257,1.0,"(min = 0.94, max = 1.06)",230.0,0,0
2892,bus-2892,true,PQ,-0.012303190287149261,1.0,"(min = 0.94, max = 1.06)",115.0,0,0
6622,bus-6622,true,PQ,0.0011696469542699615,1.0,"(min = 0.94, max = 1.06)",66.0,0,0
5559,bus-5559,true,PQ,-0.0005672704076323594,1.0,"(min = 0.94, max = 1.06)",66.0,0,0
2442,bus-2442,true,PQ,0.0006339234322085941,1.0,"(min = 0.94, max = 1.06)",66.0,0,0
6763,bus-6763,true,PQ,0.009358746081420637,1.0,"(min = 0.94, max = 1.06)",115.0,0,0
7784,bus-7784,true,PQ,0.005445923463328651,1.0,"(min = 0.94, max = 1.06)",115.0,0,0
4583,bus-4583,true,PQ,-0.00706452489938774,1.0,"(min = 0.94, max = 1.06)",66.0,0,0
1788,bus-1788,true,PQ,-0.03260179433588983,1.0,"(min = 0.94, max = 1.06)",66.0,0,0
5740,bus-5740,true,PQ,0.001064028834551069,1.0,"(min = 0.94, max = 1.06)",66.0,0,0
6707,bus-6707,true,PQ,0.0019123345546766186,1.0,"(min = 0.94, max = 1.06)",66.0,0,0
4230,bus-4230,true,PQ,-0.016781115976971114,1.0,"(min = 0.94, max = 1.06)",66.0,0,0
923,bus-923,true,PQ,-0.03510139188421011,1.0,"(min = 0.94, max = 1.06)",66.0,0,0
8171,bus-8171,true,PQ,0.0005543205515294229,1.0,"(min = 0.94, max = 1.06)",115.0,0,0
2895,bus-2895,true,PQ,-0.02183692814082968,1.0,"(min = 0.94, max = 1.06)",66.0,0,0
2132,bus-2132,true,PQ,-0.03521957999610157,1.0,"(min = 0.94, max = 1.06)",66.0,0,0
2604,bus-2604,true,PQ,0.013553241418465948,1.0,"(min = 0.94, max = 1.06)",115.0,0,0
6196,bus-6196,true,PQ,-0.0005239857726893313,1.0,"(min = 0.94, max = 1.06)",66.0,0,0
852,bus-852,true,PQ,-0.034814489251246604,1.0,"(min = 0.94, max = 1.06)",66.0,0,0
6452,bus-6452,true,PQ,-0.0004922710841827355,1.0,"(min = 0.94, max = 1.06)",66.0,0,0
2500,bus-2500,true,PQ,0.011218358323464956,1.0,"(min = 0.94, max = 1.06)",115.0,0,0
2996,bus-2996,true,PQ,-0.035383515805681665,1.0,"(min = 0.94, max = 1.06)",230.0,0,0
212,bus-212,true,PQ,0.016312145396095,1.0,"(min = 0.94, max = 1.06)",66.0,0,0
3307,bus-3307,true,PQ,-0.0017346514934369073,1.0,"(min = 0.94, max = 1.06)",230.0,0,0
3620,bus-3620,true,PQ,-0.037043996574221985,1.0,"(min = 0.94, max = 1.06)",66.0,0,0
1688,bus-1688,true,PQ,0.012442242710690873,1.0,"(min = 0.94, max = 1.06)",115.0,0,0
3806,bus-3806,true,PQ,-0.029551916291031394,1.0,"(min = 0.94, max = 1.06)",66.0,0,0
6493,bus-6493,true,PQ,0.0018283044735621676,1.0,"(min = 0.94, max = 1.06)",500.0,0,0
5044,bus-5044,true,PQ,-0.0006876145282394562,1.0,"(min = 0.94, max = 1.06)",66.0,0,0
3910,bus-3910,true,PQ,-0.03354073731663271,1.0,"(min = 0.94, max = 1.06)",66.0,0,0
7965,bus-7965,true,PQ,0.005668744011517283,1.0,"(min = 0.94, max = 1.06)",115.0,0,0
8326,bus-8326,true,PQ,0.014842533363313875,1.0,"(min = 0.94, max = 1.06)",66.0,0,0
5108,bus-5108,true,PQ,0.00496213950514599,1.0,"(min = 0.94, max = 1.06)",66.0,0,0
1297,bus-1297,true,PQ,-0.036055205593778755,1.0,"(min = 0.94, max = 1.06)",66.0,0,0
4196,bus-4196,true,PQ,-0.014017022332624427,1.0,"(min = 0.94, max = 1.06)",66.0,0,0
3287,bus-3287,true,PQ,-0.030537386608039778,1.0,"(min = 0.94, max = 1.06)",230.0,0,0
2776,bus-2776,true,PV,-0.03835434055833443,1.0,"(min = 0.94, max = 1.06)",66.0,0,0
577,bus-577,true,PV,-0.02162833825687023,1.0,"(min = 0.94, max = 1.06)",66.0,0,0
3589,bus-3589,true,PQ,-0.03324580843803805,1.0,"(min = 0.94, max = 1.06)",115.0,0,0
3635,bus-3635,true,PQ,-0.035863574899628006,1.0,"(min = 0.94, max = 1.06)",66.0,0,0
4056,bus-4056,true,PQ,-0.021248714134729896,1.0,"(min = 0.94, max = 1.06)",66.0,0,0
8123,bus-8123,true,PQ,-5.347306566097853e-6,1.0,"(min = 0.94, max = 1.06)",230.0,0,0
3681,bus-3681,true,PQ,-0.035712387149437405,1.0,"(min = 0.94, max = 1.06)",66.0,0,0
8536,bus-8536,true,PQ,-0.03648319348762356,1.0,"(min = 0.94, max = 1.06)",66.0,0,0
1773,bus-1773,true,PQ,-0.03469871318438141,1.0,"(min = 0.94, max = 1.06)",66.0,0,0
2965,bus-2965,true,PQ,-0.03349408972718173,1.0,"(min = 0.94, max = 1.06)",115.0,0,0
4638,bus-4638,true,PQ,-0.030253515088388208,1.0,"(min = 0.94, max = 1.06)",66.0,0,0
1632,bus-1632,true,PV,-0.00014000225982034934,1.0,"(min = 0.94, max = 1.06)",230.0,0,0
5033,bus-5033,true,PQ,-0.003220299969177852,1.0,"(min = 0.94, max = 1.06)",66.0,0,0
6816,bus-6816,true,PQ,0.007729357812452522,1.0,"(min = 0.94, max = 1.06)",230.0,0,0
2608,bus-2608,true,PQ,0.01432222655793752,1.0,"(min = 0.94, max = 1.06)",66.0,0,0
4644,bus-4644,true,PQ,-0.03417963428794701,1.0,"(min = 0.94, max = 1.06)",66.0,0,0
2353,bus-2353,true,PV,-0.03437502145424682,1.0,"(min = 0.94, max = 1.06)",66.0,0,0
4080,bus-4080,true,PQ,-0.01584879597968749,1.0,"(min = 0.94, max = 1.06)",66.0,0,0
3984,bus-3984,true,PQ,-0.03213450773594251,1.0,"(min = 0.94, max = 1.06)",115.0,0,0
2179,bus-2179,true,PQ,-0.030873480996904897,1.0,"(min = 0.94, max = 1.06)",66.0,0,0
2317,bus-2317,true,PQ,-0.03236641836030125,1.0,"(min = 0.94, max = 1.06)",115.0,0,0
6354,bus-6354,true,PQ,-0.00046158264229499533,1.0,"(min = 0.94, max = 1.06)",66.0,0,0
2223,bus-2223,true,PQ,-0.03426077359767467,1.0,"(min = 0.94, max = 1.06)",66.0,0,0
19,bus-19,true,PV,-0.03344793327338226,1.0,"(min = 0.94, max = 1.06)",115.0,0,0
5626,bus-5626,true,PQ,0.0008959988455742758,1.0,"(min = 0.94, max = 1.06)",66.0,0,0
2548,bus-2548,true,PQ,0.014988296438203066,1.0,"(min = 0.94, max = 1.06)",66.0,0,0
3014,bus-3014,true,PQ,-0.034292933209004846,1.0,"(min = 0.94, max = 1.06)",115.0,0,0
4819,bus-4819,true,PQ,0.00010892221055435757,1.0,"(min = 0.94, max = 1.06)",230.0,0,0
2300,bus-2300,true,PV,-0.032471955627642546,1.0,"(min = 0.94, max = 1.06)",115.0,0,0
7667,bus-7667,true,PQ,-0.03427891053566262,1.0,"(min = 0.94, max = 1.06)",66.0,0,0
8133,bus-8133,true,PQ,0.0017699680126848558,1.0,"(min = 0.94, max = 1.06)",66.0,0,0
2545,bus-2545,true,PQ,0.014879295879120456,1.0,"(min = 0.94, max = 1.06)",115.0,0,0
3983,bus-3983,true,PQ,-0.03206771660346256,1.0,"(min = 0.94, max = 1.06)",115.0,0,0
7421,bus-7421,true,PQ,-0.035113835732710985,1.0,"(min = 0.94, max = 1.06)",66.0,0,0
7374,bus-7374,true,PQ,-0.03494569943922011,1.0,"(min = 0.94, max = 1.06)",66.0,0,0
8025,bus-8025,true,PQ,0.0050813776769286076,1.0,"(min = 0.94, max = 1.06)",115.0,0,0
5850,bus-5850,true,PQ,-0.00036808225630623686,1.0,"(min = 0.94, max = 1.06)",66.0,0,0
7468,bus-7468,true,PQ,-0.03437502145424682,1.0,"(min = 0.94, max = 1.06)",66.0,0,0
7639,bus-7639,true,PQ,-0.0331133540048408,1.0,"(min = 0.94, max = 1.06)",66.0,0,0
1062,bus-1062,true,PQ,0.006489341242230667,1.0,"(min = 0.94, max = 1.06)",66.0,0,0
346,bus-346,true,PV,0.000994638737517967,1.0,"(min = 0.94, max = 1.06)",66.0,0,0
2518,bus-2518,true,PQ,0.010434532509737337,1.0,"(min = 0.94, max = 1.06)",115.0,0,0
7314,bus-7314,true,PQ,-0.03446152904768777,1.0,"(min = 0.94, max = 1.06)",66.0,0,0
2589,bus-2589,true,PQ,0.014537894729398183,1.0,"(min = 0.94, max = 1.06)",115.0,0,0
3839,bus-3839,true,PQ,-0.032059052614522736,1.0,"(min = 0.94, max = 1.06)",66.0,0,0
7955,bus-7955,true,PQ,-0.0008258765741933159,1.0,"(min = 0.94, max = 1.06)",115.0,0,0
3847,bus-3847,true,PQ,-0.032069905071811636,1.0,"(min = 0.94, max = 1.06)",66.0,0,0
2742,bus-2742,true,PQ,-0.03641031115605415,1.0,"(min = 0.94, max = 1.06)",66.0,0,0
7428,bus-7428,true,PQ,-0.03446263296843965,1.0,"(min = 0.94, max = 1.06)",66.0,0,0
3968,bus-3968,true,PQ,-0.03166794335323965,1.0,"(min = 0.94, max = 1.06)",66.0,0,0
465,bus-465,true,PV,-0.0007756891742759549,1.0,"(min = 0.94, max = 1.06)",66.0,0,0
8628,bus-8628,true,PQ,0.0011934387398357508,1.0,"(min = 0.94, max = 1.06)",230.0,0,0
662,bus-662,true,PV,-0.03462501822751228,1.0,"(min = 0.94, max = 1.06)",115.0,0,0
6848,bus-6848,true,PQ,0.005667714354525069,1.0,"(min = 0.94, max = 1.06)",66.0,0,0
8028,bus-8028,true,PQ,-0.030727353479814597,1.0,"(min = 0.94, max = 1.06)",230.0,0,0
4380,bus-4380,true,PQ,-0.036525433073515697,1.0,"(min = 0.94, max = 1.06)",66.0,0,0
5574,bus-5574,true,PQ,0.00029253003349353205,1.0,"(min = 0.94, max = 1.06)",66.0,0,0
8492,bus-8492,true,PQ,0.012979970816701986,1.0,"(min = 0.94, max = 1.06)",230.0,0,0
5332,bus-5332,true,PQ,0.0009017673210677374,1.0,"(min = 0.94, max = 1.06)",66.0,0,0
6779,bus-6779,true,PQ,0.0123141611824812,1.0,"(min = 0.94, max = 1.06)",230.0,0,0
2870,bus-2870,true,PQ,-0.006606698280692195,1.0,"(min = 0.94, max = 1.06)",115.0,0,0
2103,bus-2103,true,PQ,-0.0009468471039409288,1.0,"(min = 0.94, max = 1.06)",66.0,0,0
7748,bus-7748,true,PQ,6.596712763349344e-5,1.0,"(min = 0.94, max = 1.06)",66.0,0,0
959,bus-959,true,PQ,-0.03510077141966103,1.0,"(min = 0.94, max = 1.06)",66.0,0,0
6915,bus-6915,true,PQ,0.006889285272920881,1.0,"(min = 0.94, max = 1.06)",66.0,0,0
8272,bus-8272,true,PQ,-0.010115617291979843,1.0,"(min = 0.94, max = 1.06)",66.0,0,0
2074,bus-2074,true,PQ,-0.0011182577031763848,1.0,"(min = 0.94, max = 1.06)",66.0,0,0
8409,bus-8409,true,PQ,-0.031998306778972925,1.0,"(min = 0.94, max = 1.06)",115.0,0,0
2969,bus-2969,true,PQ,-0.03510191949724299,1.0,"(min = 0.94, max = 1.06)",115.0,0,0
8237,bus-8237,true,PQ,-0.03373891578800523,1.0,"(min = 0.94, max = 1.06)",115.0,0,0
5210,bus-5210,true,PQ,0.005661703562754247,1.0,"(min = 0.94, max = 1.06)",115.0,0,0
1035,bus-1035,true,PV,0.0013857353905425331,1.0,"(min = 0.94, max = 1.06)",66.0,0,0
4011,bus-4011,true,PQ,-0.028179385876604547,1.0,"(min = 0.94, max = 1.06)",66.0,0,0
7556,bus-7556,true,PQ,-0.0010507773715907537,1.0,"(min = 0.94, max = 1.06)",66.0,0,0
5987,bus-5987,true,PQ,-0.0017124799284316708,1.0,"(min = 0.94, max = 1.06)",66.0,0,0
6934,bus-6934,true,PQ,0.006742360768680951,1.0,"(min = 0.94, max = 1.06)",66.0,0,0
3683,bus-3683,true,PQ,-0.03473714114572012,1.0,"(min = 0.94, max = 1.06)",115.0,0,0
5908,bus-5908,true,PQ,-0.0006954680194359109,1.0,"(min = 0.94, max = 1.06)",66.0,0,0
4813,bus-4813,true,PQ,6.806284429919624e-5,1.0,"(min = 0.94, max = 1.06)",230.0,0,0
7774,bus-7774,true,PQ,-0.0006425871069891538,1.0,"(min = 0.94, max = 1.06)",66.0,0,0
7637,bus-7637,true,PQ,-0.003120729563670106,1.0,"(min = 0.94, max = 1.06)",115.0,0,0
7912,bus-7912,true,PQ,0.0031204207800188434,1.0,"(min = 0.94, max = 1.06)",66.0,0,0
5395,bus-5395,true,PQ,-0.0033178346226460714,1.0,"(min = 0.94, max = 1.06)",66.0,0,0
2613,bus-2613,true,PQ,0.013353292729446293,1.0,"(min = 0.94, max = 1.06)",115.0,0,0
5841,bus-5841,true,PQ,-0.0005528753473502722,1.0,"(min = 0.94, max = 1.06)",66.0,0,0
3455,bus-3455,true,PQ,-0.03466202234924721,1.0,"(min = 0.94, max = 1.06)",115.0,0,0
8016,bus-8016,true,PQ,0.01105618812386276,1.0,"(min = 0.94, max = 1.06)",230.0,0,0
5157,bus-5157,true,PQ,-0.0024822056390301312,1.0,"(min = 0.94, max = 1.06)",66.0,0,0
1044,bus-1044,true,PQ,0.007505650061045225,1.0,"(min = 0.94, max = 1.06)",66.0,0,0
2239,bus-2239,true,PQ,-0.03878443750804733,1.0,"(min = 0.94, max = 1.06)",66.0,0,0
6986,bus-6986,true,PQ,0.010266993049037476,1.0,"(min = 0.94, max = 1.06)",66.0,0,0
7986,bus-7986,true,PQ,0.0026815397278069884,1.0,"(min = 0.94, max = 1.06)",66.0,0,0
8495,bus-8495,true,PV,0.014820530905005192,1.0,"(min = 0.94, max = 1.06)",115.0,0,0
6106,bus-6106,true,PQ,0.00036278719090040306,1.0,"(min = 0.94, max = 1.06)",66.0,0,0
6461,bus-6461,true,PQ,-0.0007682833582873075,1.0,"(min = 0.94, max = 1.06)",66.0,0,0
8006,bus-8006,true,PQ,0.0025736398257105624,1.0,"(min = 0.94, max = 1.06)",115.0,0,0
2739,bus-2739,true,PQ,-0.03596804193107198,1.0,"(min = 0.94, max = 1.06)",66.0,0,0
2683,bus-2683,true,PQ,-0.029293409292333202,1.0,"(min = 0.94, max = 1.06)",66.0,0,0
4911,bus-4911,true,PQ,0.013522020898993103,1.0,"(min = 0.94, max = 1.06)",115.0,0,0
1675,bus-1675,true,PV,-0.01968794699341574,1.0,"(min = 0.94, max = 1.06)",66.0,0,0
8834,bus-8834,true,PQ,0.0006253371697616775,1.0,"(min = 0.94, max = 1.06)",500.0,0,0
6128,bus-6128,true,PQ,-5.472069717254001e-5,1.0,"(min = 0.94, max = 1.06)",66.0,0,0
7074,bus-7074,true,PQ,-0.03433392907327201,1.0,"(min = 0.94, max = 1.06)",66.0,0,0
3633,bus-3633,true,PQ,-0.03702080184659468,1.0,"(min = 0.94, max = 1.06)",66.0,0,0
7920,bus-7920,true,PQ,0.001828322310827123,1.0,"(min = 0.94, max = 1.06)",500.0,0,0
2935,bus-2935,true,PQ,-0.035326040717150085,1.0,"(min = 0.94, max = 1.06)",115.0,0,0
12,bus-12,true,PQ,-0.031981672394938016,1.0,"(min = 0.94, max = 1.06)",66.0,0,0
8798,bus-8798,true,PQ,-0.02833170652001262,1.0,"(min = 0.94, max = 1.06)",115.0,0,0
8068,bus-8068,true,PQ,-0.03236640753925989,1.0,"(min = 0.94, max = 1.06)",115.0,0,0
8852,bus-8852,true,PQ,-0.03256230573796469,1.0,"(min = 0.94, max = 1.06)",230.0,0,0
5572,bus-5572,true,PQ,-0.0005320824737717222,1.0,"(min = 0.94, max = 1.06)",66.0,0,0
4912,bus-4912,true,PQ,0.01802549539908406,1.0,"(min = 0.94, max = 1.06)",66.0,0,0
714,bus-714,true,PV,0.0016032897655057692,1.0,"(min = 0.94, max = 1.06)",66.0,0,0
4318,bus-4318,true,PQ,-0.034527529022417784,1.0,"(min = 0.94, max = 1.06)",115.0,0,0
1572,bus-1572,true,PV,-0.03173740955186413,1.0,"(min = 0.94, max = 1.06)",66.0,0,0
3759,bus-3759,true,PQ,-0.038023738197026556,1.0,"(min = 0.94, max = 1.06)",66.0,0,0
4357,bus-4357,true,PQ,-0.03743004385707552,1.0,"(min = 0.94, max = 1.06)",66.0,0,0
5265,bus-5265,true,PQ,0.0017331030635044766,1.0,"(min = 0.94, max = 1.06)",66.0,0,0
864,bus-864,true,PQ,-0.03387986369147439,1.0,"(min = 0.94, max = 1.06)",115.0,0,0
2381,bus-2381,true,PQ,-0.0010859955746966084,1.0,"(min = 0.94, max = 1.06)",66.0,0,0
1360,bus-1360,true,PV,-0.029136912774156806,1.0,"(min = 0.94, max = 1.06)",66.0,0,0
642,bus-642,true,PQ,-0.028180273900127957,1.0,"(min = 0.94, max = 1.06)",66.0,0,0
7444,bus-7444,true,PQ,-0.03392261134271179,1.0,"(min = 0.94, max = 1.06)",66.0,0,0
3889,bus-3889,true,PQ,-0.03405618016863644,1.0,"(min = 0.94, max = 1.06)",115.0,0,0
4759,bus-4759,true,PQ,-0.0009338525691544704,1.0,"(min = 0.94, max = 1.06)",66.0,0,0
7593,bus-7593,true,PQ,-0.029408688114894502,1.0,"(min = 0.94, max = 1.06)",66.0,0,0
2298,bus-2298,true,PQ,-0.03544688138043872,1.0,"(min = 0.94, max = 1.06)",66.0,0,0
1668,bus-1668,true,PV,-0.0017764026053046459,1.0,"(min = 0.94, max = 1.06)",115.0,0,0
53,bus-53,true,PQ,-0.03867891175987911,1.0,"(min = 0.94, max = 1.06)",115.0,0,0
2461,bus-2461,true,PQ,0.0021675140482492936,1.0,"(min = 0.94, max = 1.06)",66.0,0,0
5217,bus-5217,true,PQ,-2.6118550837733323e-5,1.0,"(min = 0.94, max = 1.06)",66.0,0,0
4455,bus-4455,true,PQ,-0.03530144972612119,1.0,"(min = 0.94, max = 1.06)",66.0,0,0
8334,bus-8334,true,PQ,0.003160301152001186,1.0,"(min = 0.94, max = 1.06)",115.0,0,0
6496,bus-6496,true,PQ,-0.00016504022932161853,1.0,"(min = 0.94, max = 1.06)",66.0,0,0
5298,bus-5298,true,PQ,0.001678197504548224,1.0,"(min = 0.94, max = 1.06)",66.0,0,0
3741,bus-3741,true,PQ,-0.038350785497181045,1.0,"(min = 0.94, max = 1.06)",66.0,0,0
2698,bus-2698,true,PQ,-0.029238682224708892,1.0,"(min = 0.94, max = 1.06)",66.0,0,0
4097,bus-4097,true,PQ,-0.011969857585119448,1.0,"(min = 0.94, max = 1.06)",66.0,0,0
2615,bus-2615,true,PQ,0.016342276847567894,1.0,"(min = 0.94, max = 1.06)",66.0,0,0
7066,bus-7066,true,PQ,-0.03273909275589307,1.0,"(min = 0.94, max = 1.06)",230.0,0,0
7101,bus-7101,true,PQ,-0.03274527855182799,1.0,"(min = 0.94, max = 1.06)",230.0,0,0
8643,bus-8643,true,PQ,-0.030461716985654943,1.0,"(min = 0.94, max = 1.06)",115.0,0,0
202,bus-202,true,PQ,0.011721902498012969,1.0,"(min = 0.94, max = 1.06)",115.0,0,0
2723,bus-2723,true,PQ,-0.028781078885984555,1.0,"(min = 0.94, max = 1.06)",66.0,0,0
509,bus-509,true,PQ,-0.00041616413639255237,1.0,"(min = 0.94, max = 1.06)",66.0,0,0
4082,bus-4082,true,PQ,-0.017927202120803173,1.0,"(min = 0.94, max = 1.06)",66.0,0,0
4102,bus-4102,true,PQ,-0.02001301666099478,1.0,"(min = 0.94, max = 1.06)",66.0,0,0
4900,bus-4900,true,PQ,-0.0012216862933860165,1.0,"(min = 0.94, max = 1.06)",66.0,0,0
5808,bus-5808,true,PQ,-0.001019173902445412,1.0,"(min = 0.94, max = 1.06)",66.0,0,0
2263,bus-2263,true,PQ,0.00255153596377234,1.0,"(min = 0.94, max = 1.06)",66.0,0,0
5338,bus-5338,true,PQ,0.0007339265030925802,1.0,"(min = 0.94, max = 1.06)",66.0,0,0
2184,bus-2184,true,PQ,-0.01229513492942619,1.0,"(min = 0.94, max = 1.06)",115.0,0,0
3095,bus-3095,true,PQ,-0.03232902153948462,1.0,"(min = 0.94, max = 1.06)",115.0,0,0
3805,bus-3805,true,PQ,-0.032775602774916764,1.0,"(min = 0.94, max = 1.06)",115.0,0,0
3075,bus-3075,true,PQ,-0.030595763857261708,1.0,"(min = 0.94, max = 1.06)",230.0,0,0
6012,bus-6012,true,PQ,-0.0012496243389733795,1.0,"(min = 0.94, max = 1.06)",66.0,0,0
2914,bus-2914,true,PQ,-0.005504954687421303,1.0,"(min = 0.94, max = 1.06)",115.0,0,0
5305,bus-5305,true,PQ,7.93383015054725e-5,1.0,"(min = 0.94, max = 1.06)",66.0,0,0
1413,bus-1413,true,PV,-0.012410298420630518,1.0,"(min = 0.94, max = 1.06)",66.0,0,0
2394,bus-2394,true,PQ,0.002186967714984825,1.0,"(min = 0.94, max = 1.06)",66.0,0,0
6506,bus-6506,true,PQ,0.0016544699156829813,1.0,"(min = 0.94, max = 1.06)",115.0,0,0
7332,bus-7332,true,PQ,-0.03515847566992339,1.0,"(min = 0.94, max = 1.06)",66.0,0,0
8472,bus-8472,true,PV,0.014997825028347745,1.0,"(min = 0.94, max = 1.06)",115.0,0,0
3841,bus-3841,true,PQ,-0.032356409944238614,1.0,"(min = 0.94, max = 1.06)",66.0,0,0
4793,bus-4793,true,PQ,0.0008023364179817744,1.0,"(min = 0.94, max = 1.06)",66.0,0,0
2162,bus-2162,true,PQ,-0.030633314441585444,1.0,"(min = 0.94, max = 1.06)",66.0,0,0
6111,bus-6111,true,PQ,0.0004423532992375641,1.0,"(min = 0.94, max = 1.06)",66.0,0,0
297,bus-297,true,PQ,-0.0035817263460590967,1.0,"(min = 0.94, max = 1.06)",66.0,0,0
7133,bus-7133,true,PQ,-0.034434402616854494,1.0,"(min = 0.94, max = 1.06)",66.0,0,0
7131,bus-7131,true,PQ,-0.034666063659130206,1.0,"(min = 0.94, max = 1.06)",66.0,0,0
4909,bus-4909,true,PQ,0.0016604924221037417,1.0,"(min = 0.94, max = 1.06)",66.0,0,0
6386,bus-6386,true,PQ,-0.0007070080491836348,1.0,"(min = 0.94, max = 1.06)",66.0,0,0
7012,bus-7012,true,PQ,0.007436682049202436,1.0,"(min = 0.94, max = 1.06)",66.0,0,0
5264,bus-5264,true,PQ,0.003275314492529965,1.0,"(min = 0.94, max = 1.06)",66.0,0,0
7708,bus-7708,true,PQ,-0.012308327105297145,1.0,"(min = 0.94, max = 1.06)",66.0,0,0
8825,bus-8825,true,PQ,-0.0328248432255045,1.0,"(min = 0.94, max = 1.06)",230.0,0,0
7680,bus-7680,true,PQ,-0.03539748751540973,1.0,"(min = 0.94, max = 1.06)",66.0,0,0
858,bus-858,true,PQ,-0.03500136043252716,1.0,"(min = 0.94, max = 1.06)",66.0,0,0
944,bus-944,true,PQ,-0.03450370353279881,1.0,"(min = 0.94, max = 1.06)",66.0,0,0
4019,bus-4019,true,PQ,-0.030131244651376343,1.0,"(min = 0.94, max = 1.06)",66.0,0,0
2497,bus-2497,true,PQ,0.01609081666808451,1.0,"(min = 0.94, max = 1.06)",115.0,0,0
6302,bus-6302,true,PQ,-0.0017674887375758134,1.0,"(min = 0.94, max = 1.06)",66.0,0,0
8653,bus-8653,true,PQ,-0.0332750976808804,1.0,"(min = 0.94, max = 1.06)",66.0,0,0
1600,bus-1600,true,PV,-0.034602469969839914,1.0,"(min = 0.94, max = 1.06)",115.0,0,0
6179,bus-6179,true,PQ,-0.0011954827228480294,1.0,"(min = 0.94, max = 1.06)",66.0,0,0
7770,bus-7770,true,PQ,0.0005487691967402385,1.0,"(min = 0.94, max = 1.06)",230.0,0,0
8286,bus-8286,true,PQ,0.001106116513966433,1.0,"(min = 0.94, max = 1.06)",230.0,0,0
8619,bus-8619,true,PQ,-0.03557402774378188,1.0,"(min = 0.94, max = 1.06)",66.0,0,0
3048,bus-3048,true,PQ,-0.031251199219502056,1.0,"(min = 0.94, max = 1.06)",115.0,0,0
3324,bus-3324,true,PQ,-0.033178660385726075,1.0,"(min = 0.94, max = 1.06)",115.0,0,0
1674,bus-1674,true,PV,-0.019469667565047987,1.0,"(min = 0.94, max = 1.06)",115.0,0,0
5940,bus-5940,true,PQ,-0.0009025070998151463,1.0,"(min = 0.94, max = 1.06)",66.0,0,0
237,bus-237,true,PQ,-0.016781772360396203,1.0,"(min = 0.94, max = 1.06)",66.0,0,0
7400,bus-7400,true,PQ,-0.035081510838700654,1.0,"(min = 0.94, max = 1.06)",66.0,0,0
4500,bus-4500,true,PQ,-0.02870105239818796,1.0,"(min = 0.94, max = 1.06)",230.0,0,0
988,bus-988,true,PQ,0.011756393502704665,1.0,"(min = 0.94, max = 1.06)",230.0,0,0
7526,bus-7526,true,PQ,-0.028583668359482905,1.0,"(min = 0.94, max = 1.06)",66.0,0,0
1616,bus-1616,true,PQ,-0.028306041453362046,1.0,"(min = 0.94, max = 1.06)",230.0,0,0
2839,bus-2839,true,PQ,-0.028527401911458333,1.0,"(min = 0.94, max = 1.06)",230.0,0,0
3554,bus-3554,true,PQ,0.01719029545230484,1.0,"(min = 0.94, max = 1.06)",115.0,0,0
2659,bus-2659,true,PQ,0.0002347153283241286,1.0,"(min = 0.94, max = 1.06)",230.0,0,0
3987,bus-3987,true,PQ,-0.03312549835484203,1.0,"(min = 0.94, max = 1.06)",66.0,0,0
4355,bus-4355,true,PQ,-0.031239248775580722,1.0,"(min = 0.94, max = 1.06)",230.0,0,0
4308,bus-4308,true,PQ,-0.030628703630767525,1.0,"(min = 0.94, max = 1.06)",230.0,0,0
8532,bus-8532,true,PQ,0.014399772897960444,1.0,"(min = 0.94, max = 1.06)",66.0,0,0
1054,bus-1054,true,PQ,0.006708477609807848,1.0,"(min = 0.94, max = 1.06)",66.0,0,0
7203,bus-7203,true,PQ,-0.03481202257741476,1.0,"(min = 0.94, max = 1.06)",66.0,0,0
1319,bus-1319,true,PQ,-0.037720811870733416,1.0,"(min = 0.94, max = 1.06)",66.0,0,0
766,bus-766,true,PQ,-0.037665011076553276,1.0,"(min = 0.94, max = 1.06)",66.0,0,0
2612,bus-2612,true,PQ,0.013634167710758406,1.0,"(min = 0.94, max = 1.06)",115.0,0,0
8223,bus-8223,true,PQ,0.011081171307827873,1.0,"(min = 0.94, max = 1.06)",230.0,0,0
2467,bus-2467,true,PQ,0.0021770096691244014,1.0,"(min = 0.94, max = 1.06)",66.0,0,0
3159,bus-3159,true,PQ,-0.03327931806154464,1.0,"(min = 0.94, max = 1.06)",115.0,0,0
462,bus-462,true,PQ,-0.0018597160367749355,1.0,"(min = 0.94, max = 1.06)",66.0,0,0
4876,bus-4876,true,PQ,0.0027112644652042893,1.0,"(min = 0.94, max = 1.06)",230.0,0,0
4462,bus-4462,true,PQ,-0.03520151444208002,1.0,"(min = 0.94, max = 1.06)",66.0,0,0
8673,bus-8673,true,PV,-0.030523151877193438,1.0,"(min = 0.94, max = 1.06)",230.0,0,0
6190,bus-6190,true,PQ,-0.0010865923324384625,1.0,"(min = 0.94, max = 1.06)",66.0,0,0
7286,bus-7286,true,PQ,-0.03427613895281045,1.0,"(min = 0.94, max = 1.06)",66.0,0,0
6776,bus-6776,true,PQ,0.0030868934414203454,1.0,"(min = 0.94, max = 1.06)",230.0,0,0
2864,bus-2864,true,PQ,-0.005622543959393101,1.0,"(min = 0.94, max = 1.06)",115.0,0,0
5997,bus-5997,true,PQ,-0.0015597098732131809,1.0,"(min = 0.94, max = 1.06)",66.0,0,0
1362,bus-1362,true,PQ,-0.03023082528451351,1.0,"(min = 0.94, max = 1.06)",115.0,0,0
3787,bus-3787,true,PQ,-0.03252301209331699,1.0,"(min = 0.94, max = 1.06)",66.0,0,0
6001,bus-6001,true,PQ,-0.0010655526047264983,1.0,"(min = 0.94, max = 1.06)",66.0,0,0
6694,bus-6694,true,PQ,0.018013100419802246,1.0,"(min = 0.94, max = 1.06)",66.0,0,0
1151,bus-1151,true,PQ,-0.031989977893249484,1.0,"(min = 0.94, max = 1.06)",66.0,0,0
1312,bus-1312,true,PQ,-0.03646047366408572,1.0,"(min = 0.94, max = 1.06)",66.0,0,0
8346,bus-8346,true,PQ,-0.028079369260220234,1.0,"(min = 0.94, max = 1.06)",115.0,0,0
7003,bus-7003,true,PQ,0.00670900351241806,1.0,"(min = 0.94, max = 1.06)",66.0,0,0
3572,bus-3572,true,PQ,-0.03441802985767446,1.0,"(min = 0.94, max = 1.06)",66.0,0,0
4458,bus-4458,true,PQ,-0.03525523323299545,1.0,"(min = 0.94, max = 1.06)",66.0,0,0
7918,bus-7918,true,PQ,-0.031672780358728635,1.0,"(min = 0.94, max = 1.06)",66.0,0,0
8211,bus-8211,true,PQ,0.007843974823614758,1.0,"(min = 0.94, max = 1.06)",230.0,0,0
8044,bus-8044,true,PQ,-0.03583784298686708,1.0,"(min = 0.94, max = 1.06)",66.0,0,0
6824,bus-6824,true,PQ,0.009836472664994742,1.0,"(min = 0.94, max = 1.06)",66.0,0,0
3597,bus-3597,true,PQ,-0.033414086277731264,1.0,"(min = 0.94, max = 1.06)",66.0,0,0
1559,bus-1559,true,PQ,-0.03900041188007197,1.0,"(min = 0.94, max = 1.06)",66.0,0,0
7004,bus-7004,true,PQ,0.00807496743969354,1.0,"(min = 0.94, max = 1.06)",66.0,0,0
8509,bus-8509,true,PQ,-0.03128502457307033,1.0,"(min = 0.94, max = 1.06)",66.0,0,0
90,bus-90,true,PV,-0.032487297071767576,1.0,"(min = 0.94, max = 1.06)",115.0,0,0
4372,bus-4372,true,PQ,-0.03564911041193927,1.0,"(min = 0.94, max = 1.06)",66.0,0,0
451,bus-451,true,PQ,0.00067691381860237,1.0,"(min = 0.94, max = 1.06)",66.0,0,0
3136,bus-3136,true,PQ,-0.03159600349946633,1.0,"(min = 0.94, max = 1.06)",115.0,0,0
3294,bus-3294,true,PQ,-0.020030230494341352,1.0,"(min = 0.94, max = 1.06)",230.0,0,0
1940,bus-1940,true,PQ,0.00048818069564117656,1.0,"(min = 0.94, max = 1.06)",66.0,0,0
8129,bus-8129,true,PQ,-0.00030370355806097113,1.0,"(min = 0.94, max = 1.06)",500.0,0,0
7868,bus-7868,true,PQ,0.000363298694544285,1.0,"(min = 0.94, max = 1.06)",230.0,0,0
845,bus-845,true,PQ,-0.0340098264926315,1.0,"(min = 0.94, max = 1.06)",115.0,0,0
3027,bus-3027,true,PQ,-0.03825873578523331,1.0,"(min = 0.94, max = 1.06)",115.0,0,0
4046,bus-4046,true,PQ,-0.02295605105956681,1.0,"(min = 0.94, max = 1.06)",66.0,0,0
5748,bus-5748,true,PQ,0.0014241738116394507,1.0,"(min = 0.94, max = 1.06)",66.0,0,0
7660,bus-7660,true,PQ,0.0018350240260889307,1.0,"(min = 0.94, max = 1.06)",66.0,0,0
6074,bus-6074,true,PQ,-1.4314379836873231e-5,1.0,"(min = 0.94, max = 1.06)",66.0,0,0
4424,bus-4424,true,PQ,-0.03207872282425856,1.0,"(min = 0.94, max = 1.06)",66.0,0,0
3582,bus-3582,true,PQ,-0.03375131146541875,1.0,"(min = 0.94, max = 1.06)",66.0,0,0
2085,bus-2085,true,PQ,-0.00072284234636416,1.0,"(min = 0.94, max = 1.06)",66.0,0,0
4385,bus-4385,true,PQ,-0.034674692043353286,1.0,"(min = 0.94, max = 1.06)",115.0,0,0
8017,bus-8017,true,PQ,0.009919934571624498,1.0,"(min = 0.94, max = 1.06)",66.0,0,0
1997,bus-1997,true,PV,-2.6195777119278015e-5,1.0,"(min = 0.94, max = 1.06)",66.0,0,0
8690,bus-8690,true,PQ,-0.006899473545162935,1.0,"(min = 0.94, max = 1.06)",66.0,0,0
8121,bus-8121,true,PQ,-0.002037601983813545,1.0,"(min = 0.94, max = 1.06)",66.0,0,0
5174,bus-5174,true,PQ,0.0025292844644326917,1.0,"(min = 0.94, max = 1.06)",115.0,0,0
191,bus-191,true,PQ,0.015679040020650768,1.0,"(min = 0.94, max = 1.06)",115.0,0,0
5302,bus-5302,true,PQ,0.0017765801751027438,1.0,"(min = 0.94, max = 1.06)",66.0,0,0
2678,bus-2678,true,PQ,-0.03908403234986427,1.0,"(min = 0.94, max = 1.06)",66.0,0,0
1665,bus-1665,true,PV,-0.0055792880857308165,1.0,"(min = 0.94, max = 1.06)",66.0,0,0
5083,bus-5083,true,PQ,0.00282867728438871,1.0,"(min = 0.94, max = 1.06)",66.0,0,0
4971,bus-4971,true,PQ,-0.0024531743558512333,1.0,"(min = 0.94, max = 1.06)",66.0,0,0
3439,bus-3439,true,PQ,-0.03177043240304234,1.0,"(min = 0.94, max = 1.06)",230.0,0,0
3655,bus-3655,true,PQ,-0.035479221807879394,1.0,"(min = 0.94, max = 1.06)",66.0,0,0
3842,bus-3842,true,PQ,-0.03227390840502977,1.0,"(min = 0.94, max = 1.06)",66.0,0,0
5085,bus-5085,true,PQ,0.0027434383009678656,1.0,"(min = 0.94, max = 1.06)",66.0,0,0
5421,bus-5421,true,PQ,0.00013614229051930331,1.0,"(min = 0.94, max = 1.06)",66.0,0,0
5356,bus-5356,true,PQ,0.001375117037756861,1.0,"(min = 0.94, max = 1.06)",66.0,0,0
639,bus-639,true,PQ,-0.02851831066591762,1.0,"(min = 0.94, max = 1.06)",66.0,0,0
3195,bus-3195,true,PQ,-0.0322756186531638,1.0,"(min = 0.94, max = 1.06)",230.0,0,0
1423,bus-1423,true,PV,-0.004808780844618581,1.0,"(min = 0.94, max = 1.06)",66.0,0,0
6557,bus-6557,true,PQ,-9.453956340297636e-5,1.0,"(min = 0.94, max = 1.06)",66.0,0,0
4889,bus-4889,true,PQ,-0.0012667398299979163,1.0,"(min = 0.94, max = 1.06)",66.0,0,0
439,bus-439,true,PQ,-0.0009611448289559616,1.0,"(min = 0.94, max = 1.06)",66.0,0,0
7928,bus-7928,true,PQ,-0.00832480191479186,1.0,"(min = 0.94, max = 1.06)",500.0,0,0
8832,bus-8832,true,PV,0.0022239460058468287,1.0,"(min = 0.94, max = 1.06)",500.0,0,0
409,bus-409,true,PQ,0.0007903515369689729,1.0,"(min = 0.94, max = 1.06)",66.0,0,0
7870,bus-7870,true,PV,0.0035142441155552396,1.0,"(min = 0.94, max = 1.06)",230.0,0,0
1850,bus-1850,true,PQ,0.00895629844573161,1.0,"(min = 0.94, max = 1.06)",115.0,0,0
2590,bus-2590,true,PQ,0.014549812518209212,1.0,"(min = 0.94, max = 1.06)",115.0,0,0
3105,bus-3105,true,PQ,-0.030844500328274307,1.0,"(min = 0.94, max = 1.06)",230.0,0,0
4352,bus-4352,true,PQ,-0.05177901016815052,1.0,"(min = 0.94, max = 1.06)",66.0,0,0
1322,bus-1322,true,PQ,-0.03355474445654459,1.0,"(min = 0.94, max = 1.06)",66.0,0,0
1453,bus-1453,true,PQ,0.0015126078960180929,1.0,"(min = 0.94, max = 1.06)",66.0,0,0
45,bus-45,true,PQ,0.009697282395348806,1.0,"(min = 0.94, max = 1.06)",115.0,0,0
4471,bus-4471,true,PQ,-0.03328452769482892,1.0,"(min = 0.94, max = 1.06)",115.0,0,0
6227,bus-6227,true,PQ,-0.0006082352399454287,1.0,"(min = 0.94, max = 1.06)",66.0,0,0
8462,bus-8462,true,PQ,-0.019806077683974792,1.0,"(min = 0.94, max = 1.06)",115.0,0,0
4538,bus-4538,true,PQ,-0.011248560565492309,1.0,"(min = 0.94, max = 1.06)",115.0,0,0
3539,bus-3539,true,PQ,0.009553973043948408,1.0,"(min = 0.94, max = 1.06)",66.0,0,0
6993,bus-6993,true,PQ,0.013256350754885465,1.0,"(min = 0.94, max = 1.06)",66.0,0,0
3390,bus-3390,true,PQ,-0.012565048091118476,1.0,"(min = 0.94, max = 1.06)",230.0,0,0
1014,bus-1014,true,PQ,0.004048428976292,1.0,"(min = 0.94, max = 1.06)",66.0,0,0
6170,bus-6170,true,PQ,-0.0008436076410997019,1.0,"(min = 0.94, max = 1.06)",66.0,0,0
3708,bus-3708,true,PQ,-0.03314251723491115,1.0,"(min = 0.94, max = 1.06)",66.0,0,0
5030,bus-5030,true,PQ,-0.0034329894221107257,1.0,"(min = 0.94, max = 1.06)",66.0,0,0
6192,bus-6192,true,PQ,-0.000669665358008424,1.0,"(min = 0.94, max = 1.06)",66.0,0,0
1314,bus-1314,true,PQ,-0.03827459070522428,1.0,"(min = 0.94, max = 1.06)",66.0,0,0
1844,bus-1844,true,PV,0.0031044001061088142,1.0,"(min = 0.94, max = 1.06)",66.0,0,0
7935,bus-7935,true,PQ,0.004296743548864513,1.0,"(min = 0.94, max = 1.06)",66.0,0,0
8837,bus-8837,true,PQ,0.007700249385720686,1.0,"(min = 0.94, max = 1.06)",115.0,0,0
284,bus-284,true,PV,-0.0013673373687517777,1.0,"(min = 0.94, max = 1.06)",66.0,0,0
1182,bus-1182,true,PQ,-0.0030679586436181392,1.0,"(min = 0.94, max = 1.06)",115.0,0,0
6086,bus-6086,true,PQ,-0.0007332435662282503,1.0,"(min = 0.94, max = 1.06)",66.0,0,0
3618,bus-3618,true,PQ,-0.03696020296776789,1.0,"(min = 0.94, max = 1.06)",66.0,0,0
3461,bus-3461,true,PQ,-0.03309590786817079,1.0,"(min = 0.94, max = 1.06)",115.0,0,0
8650,bus-8650,true,PQ,-0.03479149471288451,1.0,"(min = 0.94, max = 1.06)",115.0,0,0
927,bus-927,true,PQ,-0.03483363568767391,1.0,"(min = 0.94, max = 1.06)",66.0,0,0
2311,bus-2311,true,PQ,0.018360402091393196,1.0,"(min = 0.94, max = 1.06)",66.0,0,0
6876,bus-6876,true,PQ,0.007174500556470149,1.0,"(min = 0.94, max = 1.06)",66.0,0,0
3973,bus-3973,true,PQ,-0.030738890280703205,1.0,"(min = 0.94, max = 1.06)",66.0,0,0
5890,bus-5890,true,PQ,0.0005599922136092764,1.0,"(min = 0.94, max = 1.06)",66.0,0,0
4579,bus-4579,true,PQ,-0.006202508247904312,1.0,"(min = 0.94, max = 1.06)",115.0,0,0
1142,bus-1142,true,PQ,-0.03231447230030707,1.0,"(min = 0.94, max = 1.06)",66.0,0,0
3249,bus-3249,true,PQ,-0.03354321132084741,1.0,"(min = 0.94, max = 1.06)",115.0,0,0
3135,bus-3135,true,PQ,-0.03146259943262306,1.0,"(min = 0.94, max = 1.06)",115.0,0,0
6600,bus-6600,true,PQ,-0.0007100441646092095,1.0,"(min = 0.94, max = 1.06)",66.0,0,0
324,bus-324,true,PQ,-0.010448921335703337,1.0,"(min = 0.94, max = 1.06)",66.0,0,0
5704,bus-5704,true,PQ,0.0006125076366573733,1.0,"(min = 0.94, max = 1.06)",66.0,0,0
1680,bus-1680,true,PV,-0.0022684270133775507,1.0,"(min = 0.94, max = 1.06)",66.0,0,0
2351,bus-2351,true,PV,-0.03426642253033167,1.0,"(min = 0.94, max = 1.06)",66.0,0,0
4713,bus-4713,true,PQ,0.008453702805272174,1.0,"(min = 0.94, max = 1.06)",230.0,0,0
4756,bus-4756,true,PQ,-0.0008107074603879691,1.0,"(min = 0.94, max = 1.06)",66.0,0,0
1735,bus-1735,true,PV,-0.03244573397549351,1.0,"(min = 0.94, max = 1.06)",66.0,0,0
4997,bus-4997,true,PQ,-0.003782628421182654,1.0,"(min = 0.94, max = 1.06)",66.0,0,0
2784,bus-2784,true,PQ,-0.031794727909828874,1.0,"(min = 0.94, max = 1.06)",66.0,0,0
4936,bus-4936,true,PQ,-0.0035769655940051394,1.0,"(min = 0.94, max = 1.06)",66.0,0,0
7022,bus-7022,true,PQ,0.006528135670352418,1.0,"(min = 0.94, max = 1.06)",66.0,0,0
7043,bus-7043,true,PQ,0.014341662073248829,1.0,"(min = 0.94, max = 1.06)",230.0,0,0
7608,bus-7608,true,PQ,-0.03084407411887097,1.0,"(min = 0.94, max = 1.06)",230.0,0,0
2207,bus-2207,true,PQ,-0.003420701099899501,1.0,"(min = 0.94, max = 1.06)",115.0,0,0
6384,bus-6384,true,PQ,-0.0005296998776859349,1.0,"(min = 0.94, max = 1.06)",66.0,0,0
7572,bus-7572,true,PQ,-0.03282395590011279,1.0,"(min = 0.94, max = 1.06)",230.0,0,0
4904,bus-4904,true,PQ,-0.0013013253529952523,1.0,"(min = 0.94, max = 1.06)",66.0,0,0
1318,bus-1318,true,PQ,-0.038180810150257344,1.0,"(min = 0.94, max = 1.06)",66.0,0,0
1345,bus-1345,true,PQ,-0.035187266970330144,1.0,"(min = 0.94, max = 1.06)",115.0,0,0
836,bus-836,true,PQ,-0.03485951176463105,1.0,"(min = 0.94, max = 1.06)",66.0,0,0
6219,bus-6219,true,PQ,-0.0004634264098621314,1.0,"(min = 0.94, max = 1.06)",66.0,0,0
2868,bus-2868,true,PQ,-0.006570535652002817,1.0,"(min = 0.94, max = 1.06)",115.0,0,0
6335,bus-6335,true,PQ,-0.0003464195629883704,1.0,"(min = 0.94, max = 1.06)",66.0,0,0
1371,bus-1371,true,PQ,-0.029230301851772517,1.0,"(min = 0.94, max = 1.06)",66.0,0,0
6629,bus-6629,true,PQ,0.0015756015812541215,1.0,"(min = 0.94, max = 1.06)",66.0,0,0
7787,bus-7787,true,PQ,0.0015114540815388796,1.0,"(min = 0.94, max = 1.06)",66.0,0,0
4991,bus-4991,true,PQ,-0.003532023889365061,1.0,"(min = 0.94, max = 1.06)",66.0,0,0
6449,bus-6449,true,PQ,-0.000484437866730872,1.0,"(min = 0.94, max = 1.06)",66.0,0,0
2200,bus-2200,true,PQ,0.007626693287246841,1.0,"(min = 0.94, max = 1.06)",66.0,0,0
8390,bus-8390,true,PQ,-0.030868334370006616,1.0,"(min = 0.94, max = 1.06)",230.0,0,0
2588,bus-2588,true,PQ,0.014437940159468782,1.0,"(min = 0.94, max = 1.06)",115.0,0,0
6565,bus-6565,true,PQ,0.000728803520169676,1.0,"(min = 0.94, max = 1.06)",66.0,0,0
6341,bus-6341,true,PQ,-0.000765358746711655,1.0,"(min = 0.94, max = 1.06)",66.0,0,0
7604,bus-7604,true,PV,0.01299616621552343,1.0,"(min = 0.94, max = 1.06)",230.0,0,0
5402,bus-5402,true,PQ,-0.0031684934831639516,1.0,"(min = 0.94, max = 1.06)",66.0,0,0
4548,bus-4548,true,PQ,-0.026953553178334626,1.0,"(min = 0.94, max = 1.06)",66.0,0,0
5560,bus-5560,true,PQ,-0.0005609973923587313,1.0,"(min = 0.94, max = 1.06)",66.0,0,0
5562,bus-5562,true,PQ,-0.0005572219170647682,1.0,"(min = 0.94, max = 1.06)",66.0,0,0
5590,bus-5590,true,PQ,0.0005701695670715303,1.0,"(min = 0.94, max = 1.06)",66.0,0,0
7625,bus-7625,true,PQ,-0.001991706369470789,1.0,"(min = 0.94, max = 1.06)",230.0,0,0
8408,bus-8408,true,PQ,-0.03340218854275334,1.0,"(min = 0.94, max = 1.06)",66.0,0,0
3408,bus-3408,true,PQ,-0.031117482389656836,1.0,"(min = 0.94, max = 1.06)",230.0,0,0
4087,bus-4087,true,PQ,-0.014203533435027003,1.0,"(min = 0.94, max = 1.06)",66.0,0,0
4421,bus-4421,true,PQ,-0.030160127057970047,1.0,"(min = 0.94, max = 1.06)",230.0,0,0
7576,bus-7576,true,PQ,-0.032673695617886696,1.0,"(min = 0.94, max = 1.06)",230.0,0,0
3328,bus-3328,true,PQ,-0.03173302441211849,1.0,"(min = 0.94, max = 1.06)",230.0,0,0
4000,bus-4000,true,PQ,-0.03244478346918287,1.0,"(min = 0.94, max = 1.06)",115.0,0,0
2611,bus-2611,true,PQ,0.013327871590011973,1.0,"(min = 0.94, max = 1.06)",115.0,0,0
1181,bus-1181,true,PQ,-0.005347516721193088,1.0,"(min = 0.94, max = 1.06)",66.0,0,0
3853,bus-3853,true,PQ,-0.03199121480809037,1.0,"(min = 0.94, max = 1.06)",66.0,0,0
1597,bus-1597,true,PQ,-0.03462176598098411,1.0,"(min = 0.94, max = 1.06)",115.0,0,0
7607,bus-7607,true,PQ,-0.03084591997908788,1.0,"(min = 0.94, max = 1.06)",230.0,0,0
1410,bus-1410,true,PQ,-0.03512440562119399,1.0,"(min = 0.94, max = 1.06)",66.0,0,0
2012,bus-2012,true,PQ,0.000649498462474065,1.0,"(min = 0.94, max = 1.06)",66.0,0,0
4063,bus-4063,true,PQ,-0.02145721413423287,1.0,"(min = 0.94, max = 1.06)",66.0,0,0
6102,bus-6102,true,PQ,0.0002528737268805606,1.0,"(min = 0.94, max = 1.06)",66.0,0,0
5312,bus-5312,true,PQ,0.00044393321141904214,1.0,"(min = 0.94, max = 1.06)",66.0,0,0
5932,bus-5932,true,PQ,-0.0008419627380928673,1.0,"(min = 0.94, max = 1.06)",66.0,0,0
977,bus-977,true,PQ,-0.034420717141123755,1.0,"(min = 0.94, max = 1.06)",66.0,0,0
2117,bus-2117,true,PV,-0.03213128533454455,1.0,"(min = 0.94, max = 1.06)",66.0,0,0
5820,bus-5820,true,PQ,-0.0012323531261823214,1.0,"(min = 0.94, max = 1.06)",66.0,0,0
7234,bus-7234,true,PQ,-0.034002726144168535,1.0,"(min = 0.94, max = 1.06)",115.0,0,0
545,bus-545,true,PV,-0.0005208607816075864,1.0,"(min = 0.94, max = 1.06)",66.0,0,0
6147,bus-6147,true,PQ,-0.0004788759212837866,1.0,"(min = 0.94, max = 1.06)",66.0,0,0
6710,bus-6710,true,PQ,-0.00016145124699608709,1.0,"(min = 0.94, max = 1.06)",66.0,0,0
7377,bus-7377,true,PQ,-0.03495835115643489,1.0,"(min = 0.94, max = 1.06)",66.0,0,0
8200,bus-8200,true,PQ,0.0075819765904539295,1.0,"(min = 0.94, max = 1.06)",66.0,0,0
3873,bus-3873,true,PQ,-0.032989474374258594,1.0,"(min = 0.94, max = 1.06)",66.0,0,0
7318,bus-7318,true,PQ,-0.034725406599027266,1.0,"(min = 0.94, max = 1.06)",66.0,0,0
3489,bus-3489,true,PQ,-0.0324865942276778,1.0,"(min = 0.94, max = 1.06)",115.0,0,0
2535,bus-2535,true,PQ,0.010814209079021694,1.0,"(min = 0.94, max = 1.06)",115.0,0,0
2537,bus-2537,true,PQ,0.011323135744263102,1.0,"(min = 0.94, max = 1.06)",115.0,0,0
2880,bus-2880,true,PQ,-0.005396757311407167,1.0,"(min = 0.94, max = 1.06)",115.0,0,0
8483,bus-8483,true,PQ,0.0026469600603892932,1.0,"(min = 0.94, max = 1.06)",115.0,0,0
2534,bus-2534,true,PQ,0.01110653750429734,1.0,"(min = 0.94, max = 1.06)",115.0,0,0
5026,bus-5026,true,PQ,0.0034039457820007227,1.0,"(min = 0.94, max = 1.06)",66.0,0,0
4359,bus-4359,true,PQ,-0.03792330793760952,1.0,"(min = 0.94, max = 1.06)",66.0,0,0
8446,bus-8446,true,PQ,-0.0062533132814467105,1.0,"(min = 0.94, max = 1.06)",115.0,0,0
947,bus-947,true,PQ,-0.03471979449281747,1.0,"(min = 0.94, max = 1.06)",66.0,0,0
3267,bus-3267,true,PQ,-0.030744903289042176,1.0,"(min = 0.94, max = 1.06)",230.0,0,0
5029,bus-5029,true,PQ,-0.003433525866509618,1.0,"(min = 0.94, max = 1.06)",66.0,0,0
5936,bus-5936,true,PQ,-0.0006924295373438704,1.0,"(min = 0.94, max = 1.06)",66.0,0,0
5965,bus-5965,true,PQ,-0.0008394511499580528,1.0,"(min = 0.94, max = 1.06)",66.0,0,0
6037,bus-6037,true,PQ,-0.00040137762493918164,1.0,"(min = 0.94, max = 1.06)",66.0,0,0
2936,bus-2936,true,PQ,-0.03534243250041897,1.0,"(min = 0.94, max = 1.06)",115.0,0,0
7733,bus-7733,true,PQ,0.0010094611922819535,1.0,"(min = 0.94, max = 1.06)",500.0,0,0
7396,bus-7396,true,PQ,-0.03503886616188912,1.0,"(min = 0.94, max = 1.06)",66.0,0,0
6198,bus-6198,true,PQ,-0.0006532644204876169,1.0,"(min = 0.94, max = 1.06)",66.0,0,0
2216,bus-2216,true,PQ,-0.00013454788564731547,1.0,"(min = 0.94, max = 1.06)",66.0,0,0
5020,bus-5020,true,PQ,0.002900937702785752,1.0,"(min = 0.94, max = 1.06)",66.0,0,0
8866,bus-8866,true,PQ,-0.0029641747689499835,1.0,"(min = 0.94, max = 1.06)",66.0,0,0
1042,bus-1042,true,PQ,0.0030369286791930273,1.0,"(min = 0.94, max = 1.06)",115.0,0,0
4398,bus-4398,true,PQ,-0.033893455443024294,1.0,"(min = 0.94, max = 1.06)",66.0,0,0
5411,bus-5411,true,PQ,-5.431890509997133e-5,1.0,"(min = 0.94, max = 1.06)",66.0,0,0
7453,bus-7453,true,PQ,-0.033938736265138034,1.0,"(min = 0.94, max = 1.06)",66.0,0,0
5450,bus-5450,true,PQ,0.002052364275332886,1.0,"(min = 0.94, max = 1.06)",66.0,0,0
5877,bus-5877,true,PQ,-0.0009184414008711524,1.0,"(min = 0.94, max = 1.06)",66.0,0,0
5883,bus-5883,true,PQ,0.00032901412565118746,1.0,"(min = 0.94, max = 1.06)",66.0,0,0
8216,bus-8216,true,PQ,-0.03257927766867693,1.0,"(min = 0.94, max = 1.06)",66.0,0,0
8787,bus-8787,true,PQ,-0.03320414533439784,1.0,"(min = 0.94, max = 1.06)",115.0,0,0
755,bus-755,true,PQ,-0.035733469679603946,1.0,"(min = 0.94, max = 1.06)",66.0,0,0
5249,bus-5249,true,PQ,0.005332703954751778,1.0,"(min = 0.94, max = 1.06)",66.0,0,0
27,bus-27,true,PQ,-0.032707782247243994,1.0,"(min = 0.94, max = 1.06)",66.0,0,0
2485,bus-2485,true,PQ,-0.030806742747901288,1.0,"(min = 0.94, max = 1.06)",115.0,0,0
4858,bus-4858,true,PQ,0.0029589232652169504,1.0,"(min = 0.94, max = 1.06)",230.0,0,0
7847,bus-7847,true,PQ,0.0027698004521216884,1.0,"(min = 0.94, max = 1.06)",115.0,0,0
4152,bus-4152,true,PQ,-0.027919342464565827,1.0,"(min = 0.94, max = 1.06)",66.0,0,0
4532,bus-4532,true,PQ,-0.03232709207799654,1.0,"(min = 0.94, max = 1.06)",115.0,0,0
3437,bus-3437,true,PQ,-0.031978970450723,1.0,"(min = 0.94, max = 1.06)",230.0,0,0
3415,bus-3415,true,PQ,-0.03145591621785133,1.0,"(min = 0.94, max = 1.06)",230.0,0,0
8066,bus-8066,true,PQ,-0.03723933330050642,1.0,"(min = 0.94, max = 1.06)",115.0,0,0
1748,bus-1748,true,PV,-0.035224000915096865,1.0,"(min = 0.94, max = 1.06)",115.0,0,0
4200,bus-4200,true,PQ,-0.012288735697177047,1.0,"(min = 0.94, max = 1.06)",66.0,0,0
3758,bus-3758,true,PQ,-0.03716522452607164,1.0,"(min = 0.94, max = 1.06)",66.0,0,0
3857,bus-3857,true,PQ,-0.031866282569436286,1.0,"(min = 0.94, max = 1.06)",66.0,0,0
3214,bus-3214,true,PQ,-0.030576878696623427,1.0,"(min = 0.94, max = 1.06)",230.0,0,0
7020,bus-7020,true,PQ,0.006837746852026795,1.0,"(min = 0.94, max = 1.06)",66.0,0,0
3089,bus-3089,true,PQ,-0.03240052942426808,1.0,"(min = 0.94, max = 1.06)",115.0,0,0
1910,bus-1910,true,PQ,-0.01976421404200353,1.0,"(min = 0.94, max = 1.06)",230.0,0,0
709,bus-709,true,PQ,0.0018178042062630267,1.0,"(min = 0.94, max = 1.06)",66.0,0,0
413,bus-413,true,PV,-0.00016225439899770165,1.0,"(min = 0.94, max = 1.06)",66.0,0,0
3400,bus-3400,true,PQ,-0.029756677446210737,1.0,"(min = 0.94, max = 1.06)",230.0,0,0
8181,bus-8181,true,PQ,-0.03371187959069429,1.0,"(min = 0.94, max = 1.06)",66.0,0,0
2286,bus-2286,true,PV,0.0016582411986960813,1.0,"(min = 0.94, max = 1.06)",66.0,0,0
8113,bus-8113,true,PV,0.0017523762981019374,1.0,"(min = 0.94, max = 1.06)",230.0,0,0
1426,bus-1426,true,PV,-0.005046774290486379,1.0,"(min = 0.94, max = 1.06)",66.0,0,0
6276,bus-6276,true,PQ,0.0009746825119509699,1.0,"(min = 0.94, max = 1.06)",66.0,0,0
1257,bus-1257,true,PV,-0.0325074866914888,1.0,"(min = 0.94, max = 1.06)",115.0,0,0
2106,bus-2106,true,PQ,-0.03184248151442684,1.0,"(min = 0.94, max = 1.06)",230.0,0,0
7985,bus-7985,true,PQ,0.003914296182126153,1.0,"(min = 0.94, max = 1.06)",230.0,0,0
3171,bus-3171,true,PQ,-0.03382646220141697,1.0,"(min = 0.94, max = 1.06)",115.0,0,0
748,bus-748,true,PQ,-0.03490515369536703,1.0,"(min = 0.94, max = 1.06)",66.0,0,0
1365,bus-1365,true,PQ,-0.02931107115169876,1.0,"(min = 0.94, max = 1.06)",66.0,0,0
2811,bus-2811,true,PQ,-0.008147159109571348,1.0,"(min = 0.94, max = 1.06)",230.0,0,0
2977,bus-2977,true,PQ,-0.03379308801546033,1.0,"(min = 0.94, max = 1.06)",230.0,0,0
4020,bus-4020,true,PQ,-0.03009748282779284,1.0,"(min = 0.94, max = 1.06)",66.0,0,0
4675,bus-4675,true,PQ,-0.03142843653237745,1.0,"(min = 0.94, max = 1.06)",115.0,0,0
4581,bus-4581,true,PQ,-0.006492974581401006,1.0,"(min = 0.94, max = 1.06)",115.0,0,0
4817,bus-4817,true,PQ,-0.0014337096466458536,1.0,"(min = 0.94, max = 1.06)",500.0,0,0
5629,bus-5629,true,PQ,0.0010857168194351261,1.0,"(min = 0.94, max = 1.06)",66.0,0,0
2113,bus-2113,true,PQ,-0.03666039589391391,1.0,"(min = 0.94, max = 1.06)",66.0,0,0
1554,bus-1554,true,PQ,0.00264367562998972,1.0,"(min = 0.94, max = 1.06)",66.0,0,0
5158,bus-5158,true,PQ,0.004399472965411783,1.0,"(min = 0.94, max = 1.06)",66.0,0,0
851,bus-851,true,PQ,-0.03494660404337142,1.0,"(min = 0.94, max = 1.06)",66.0,0,0
1348,bus-1348,true,PV,-0.03677074974639194,1.0,"(min = 0.94, max = 1.06)",66.0,0,0
6152,bus-6152,true,PQ,-0.0010230655660530097,1.0,"(min = 0.94, max = 1.06)",66.0,0,0
6183,bus-6183,true,PQ,-0.0011362863050870047,1.0,"(min = 0.94, max = 1.06)",66.0,0,0
20,bus-20,true,PQ,-0.033832455138469546,1.0,"(min = 0.94, max = 1.06)",115.0,0,0
5548,bus-5548,true,PQ,0.009699915940110432,1.0,"(min = 0.94, max = 1.06)",115.0,0,0
6200,bus-6200,true,PQ,-0.00029517594216757996,1.0,"(min = 0.94, max = 1.06)",66.0,0,0
6972,bus-6972,true,PQ,0.007317712780297672,1.0,"(min = 0.94, max = 1.06)",66.0,0,0
8751,bus-8751,true,PQ,0.005283389467297167,1.0,"(min = 0.94, max = 1.06)",115.0,0,0
2338,bus-2338,true,PV,-0.037665011076553276,1.0,"(min = 0.94, max = 1.06)",66.0,0,0
1722,bus-1722,true,PV,0.01523522080366649,1.0,"(min = 0.94, max = 1.06)",115.0,0,0
5976,bus-5976,true,PQ,-0.00089814443118363,1.0,"(min = 0.94, max = 1.06)",66.0,0,0
1094,bus-1094,true,PQ,0.0056688181181973225,1.0,"(min = 0.94, max = 1.06)",66.0,0,0
1419,bus-1419,true,PV,-0.003568433796302861,1.0,"(min = 0.94, max = 1.06)",66.0,0,0
1647,bus-1647,true,PQ,-0.020236933677379394,1.0,"(min = 0.94, max = 1.06)",230.0,0,0
3503,bus-3503,true,PQ,-0.03807017652150022,1.0,"(min = 0.94, max = 1.06)",66.0,0,0
8518,bus-8518,true,PQ,0.005571126978508368,1.0,"(min = 0.94, max = 1.06)",66.0,0,0
2453,bus-2453,true,PQ,0.0007436137785728495,1.0,"(min = 0.94, max = 1.06)",66.0,0,0
4175,bus-4175,true,PQ,-0.024905341931410155,1.0,"(min = 0.94, max = 1.06)",66.0,0,0
1541,bus-1541,true,PV,0.006609141479845598,1.0,"(min = 0.94, max = 1.06)",66.0,0,0
1823,bus-1823,true,PV,0.0030981156118046957,1.0,"(min = 0.94, max = 1.06)",115.0,0,0
1832,bus-1832,true,PQ,-0.0019875267247912833,1.0,"(min = 0.94, max = 1.06)",115.0,0,0
8288,bus-8288,true,PQ,0.00012653428440300107,1.0,"(min = 0.94, max = 1.06)",230.0,0,0
2994,bus-2994,true,PQ,-0.03228558884651581,1.0,"(min = 0.94, max = 1.06)",115.0,0,0
5513,bus-5513,true,PQ,0.009420890885632386,1.0,"(min = 0.94, max = 1.06)",115.0,0,0
414,bus-414,true,PQ,-0.0010709342628978404,1.0,"(min = 0.94, max = 1.06)",66.0,0,0
474,bus-474,true,PQ,-0.00037685567215417417,1.0,"(min = 0.94, max = 1.06)",66.0,0,0
7726,bus-7726,true,PQ,-0.00045200624060078823,1.0,"(min = 0.94, max = 1.06)",66.0,0,0
8698,bus-8698,true,PQ,-0.032433700628432705,1.0,"(min = 0.94, max = 1.06)",66.0,0,0
5691,bus-5691,true,PQ,0.001549463701418521,1.0,"(min = 0.94, max = 1.06)",66.0,0,0
7208,bus-7208,true,PQ,-0.03483926454904451,1.0,"(min = 0.94, max = 1.06)",66.0,0,0
745,bus-745,true,PV,-0.03572486747531964,1.0,"(min = 0.94, max = 1.06)",115.0,0,0
2026,bus-2026,true,PQ,0.00839008998717328,1.0,"(min = 0.94, max = 1.06)",66.0,0,0
7552,bus-7552,true,PQ,-0.0010096207433008537,1.0,"(min = 0.94, max = 1.06)",66.0,0,0
7746,bus-7746,true,PQ,-0.031251160298659736,1.0,"(min = 0.94, max = 1.06)",66.0,0,0
935,bus-935,true,PQ,-0.034822246367107096,1.0,"(min = 0.94, max = 1.06)",66.0,0,0
2609,bus-2609,true,PQ,0.014255971311351106,1.0,"(min = 0.94, max = 1.06)",66.0,0,0
1835,bus-1835,true,PV,-0.0034228242056680903,1.0,"(min = 0.94, max = 1.06)",66.0,0,0
7937,bus-7937,true,PQ,-0.023605249836791006,1.0,"(min = 0.94, max = 1.06)",230.0,0,0
2681,bus-2681,true,PQ,-0.029344785676859532,1.0,"(min = 0.94, max = 1.06)",66.0,0,0
3434,bus-3434,true,PQ,-0.0325300677613511,1.0,"(min = 0.94, max = 1.06)",230.0,0,0
6073,bus-6073,true,PQ,1.7096950165000066e-5,1.0,"(min = 0.94, max = 1.06)",66.0,0,0
139,bus-139,true,PQ,-0.01605104235976081,1.0,"(min = 0.94, max = 1.06)",66.0,0,0
4232,bus-4232,true,PQ,-0.016677156295287408,1.0,"(min = 0.94, max = 1.06)",66.0,0,0
6278,bus-6278,true,PQ,9.531357870352522e-5,1.0,"(min = 0.94, max = 1.06)",66.0,0,0
8421,bus-8421,true,PQ,-0.02394412994567523,1.0,"(min = 0.94, max = 1.06)",66.0,0,0
8092,bus-8092,true,PQ,-0.03237101433582053,1.0,"(min = 0.94, max = 1.06)",230.0,0,0
4998,bus-4998,true,PQ,-0.004011839998572945,1.0,"(min = 0.94, max = 1.06)",66.0,0,0
1544,bus-1544,true,PQ,0.007471876753195242,1.0,"(min = 0.94, max = 1.06)",66.0,0,0
7640,bus-7640,true,PQ,-0.0011121667868302632,1.0,"(min = 0.94, max = 1.06)",230.0,0,0
8740,bus-8740,true,PQ,-0.030899434741013754,1.0,"(min = 0.94, max = 1.06)",115.0,0,0
6143,bus-6143,true,PQ,-0.0010143782438064148,1.0,"(min = 0.94, max = 1.06)",66.0,0,0
8385,bus-8385,true,PQ,-0.03467193983365582,1.0,"(min = 0.94, max = 1.06)",115.0,0,0
8516,bus-8516,true,PQ,-0.03210396412496676,1.0,"(min = 0.94, max = 1.06)",230.0,0,0
3947,bus-3947,true,PQ,-0.03162360099466471,1.0,"(min = 0.94, max = 1.06)",115.0,0,0
5428,bus-5428,true,PQ,4.539910988393263e-5,1.0,"(min = 0.94, max = 1.06)",66.0,0,0
6398,bus-6398,true,PQ,-0.00040449519837160543,1.0,"(min = 0.94, max = 1.06)",66.0,0,0
3819,bus-3819,true,PQ,-0.0322361110311498,1.0,"(min = 0.94, max = 1.06)",66.0,0,0
5636,bus-5636,true,PQ,0.001565842745529191,1.0,"(min = 0.94, max = 1.06)",66.0,0,0
326,bus-326,true,PV,-0.01491176509440664,1.0,"(min = 0.94, max = 1.06)",66.0,0,0
6845,bus-6845,true,PQ,0.004271534117868462,1.0,"(min = 0.94, max = 1.06)",66.0,0,0
6311,bus-6311,true,PQ,-0.0016463171109917852,1.0,"(min = 0.94, max = 1.06)",66.0,0,0
2362,bus-2362,true,PQ,0.0005070759250839108,1.0,"(min = 0.94, max = 1.06)",66.0,0,0
8306,bus-8306,true,PQ,0.014909123276784361,1.0,"(min = 0.94, max = 1.06)",115.0,0,0
2191,bus-2191,true,PQ,-0.010642566977568924,1.0,"(min = 0.94, max = 1.06)",66.0,0,0
7744,bus-7744,true,PQ,-0.009229965496485663,1.0,"(min = 0.94, max = 1.06)",115.0,0,0
273,bus-273,true,PQ,-0.005313800834675496,1.0,"(min = 0.94, max = 1.06)",66.0,0,0
2788,bus-2788,true,PQ,-0.037774226974359,1.0,"(min = 0.94, max = 1.06)",66.0,0,0
4239,bus-4239,true,PQ,-0.018749299845981077,1.0,"(min = 0.94, max = 1.06)",66.0,0,0
5490,bus-5490,true,PQ,0.0028442274349856937,1.0,"(min = 0.94, max = 1.06)",115.0,0,0
6918,bus-6918,true,PQ,0.0068754169564977045,1.0,"(min = 0.94, max = 1.06)",66.0,0,0
8451,bus-8451,true,PQ,-0.02914663757421599,1.0,"(min = 0.94, max = 1.06)",66.0,0,0
5792,bus-5792,true,PQ,-0.0008814496936631885,1.0,"(min = 0.94, max = 1.06)",66.0,0,0
1583,bus-1583,true,PQ,-0.036084413678810885,1.0,"(min = 0.94, max = 1.06)",66.0,0,0
3108,bus-3108,true,PQ,-0.030866838797370583,1.0,"(min = 0.94, max = 1.06)",230.0,0,0
3124,bus-3124,true,PQ,-0.03185533342090683,1.0,"(min = 0.94, max = 1.06)",230.0,0,0
7106,bus-7106,true,PQ,-0.034115778624735985,1.0,"(min = 0.94, max = 1.06)",230.0,0,0
2995,bus-2995,true,PQ,-0.032285441191661095,1.0,"(min = 0.94, max = 1.06)",115.0,0,0
2198,bus-2198,true,PQ,-0.005216516566141766,1.0,"(min = 0.94, max = 1.06)",115.0,0,0
8185,bus-8185,true,PV,0.014508773614122688,1.0,"(min = 0.94, max = 1.06)",230.0,0,0
8826,bus-8826,true,PQ,-0.03385367904030549,1.0,"(min = 0.94, max = 1.06)",115.0,0,0
3894,bus-3894,true,PQ,-0.03403528264337061,1.0,"(min = 0.94, max = 1.06)",115.0,0,0
4557,bus-4557,true,PQ,-0.01825938121255729,1.0,"(min = 0.94, max = 1.06)",115.0,0,0
2386,bus-2386,true,PQ,0.002163355085721424,1.0,"(min = 0.94, max = 1.06)",66.0,0,0
7536,bus-7536,true,PQ,-0.02896836161590273,1.0,"(min = 0.94, max = 1.06)",66.0,0,0
966,bus-966,true,PQ,-0.03410518639603856,1.0,"(min = 0.94, max = 1.06)",66.0,0,0
4942,bus-4942,true,PQ,-0.00374486949690611,1.0,"(min = 0.94, max = 1.06)",66.0,0,0
5969,bus-5969,true,PQ,-0.0009518096457270141,1.0,"(min = 0.94, max = 1.06)",66.0,0,0
1928,bus-1928,true,PV,-0.0012174833450703379,1.0,"(min = 0.94, max = 1.06)",66.0,0,0
886,bus-886,true,PQ,-0.03447040858479021,1.0,"(min = 0.94, max = 1.06)",66.0,0,0
976,bus-976,true,PQ,-0.0351244590282691,1.0,"(min = 0.94, max = 1.06)",66.0,0,0
4851,bus-4851,true,PQ,-0.0006749299272762377,1.0,"(min = 0.94, max = 1.06)",66.0,0,0
5115,bus-5115,true,PQ,0.010491436352004736,1.0,"(min = 0.94, max = 1.06)",66.0,0,0
2579,bus-2579,true,PQ,0.01582887653693448,1.0,"(min = 0.94, max = 1.06)",66.0,0,0
752,bus-752,true,PQ,-0.03716567150489307,1.0,"(min = 0.94, max = 1.06)",66.0,0,0
1090,bus-1090,true,PV,0.010644101418687399,1.0,"(min = 0.94, max = 1.06)",66.0,0,0
771,bus-771,true,PQ,0.009695545810196363,1.0,"(min = 0.94, max = 1.06)",115.0,0,0
3041,bus-3041,true,PQ,-0.03381719013976575,1.0,"(min = 0.94, max = 1.06)",115.0,0,0
8353,bus-8353,true,PQ,-0.031279847577443065,1.0,"(min = 0.94, max = 1.06)",66.0,0,0
5679,bus-5679,true,PQ,0.0008121508337167344,1.0,"(min = 0.94, max = 1.06)",66.0,0,0
5843,bus-5843,true,PQ,-0.0007700535968783863,1.0,"(min = 0.94, max = 1.06)",66.0,0,0
7440,bus-7440,true,PQ,-0.03495187633397584,1.0,"(min = 0.94, max = 1.06)",66.0,0,0
7923,bus-7923,true,PQ,0.01484486983558352,1.0,"(min = 0.94, max = 1.06)",66.0,0,0
8574,bus-8574,true,PQ,-0.009692613412706918,1.0,"(min = 0.94, max = 1.06)",115.0,0,0
6719,bus-6719,true,PQ,0.0026080583119718363,1.0,"(min = 0.94, max = 1.06)",66.0,0,0
2380,bus-2380,true,PV,-0.0010899503912978601,1.0,"(min = 0.94, max = 1.06)",66.0,0,0
4590,bus-4590,true,PQ,-0.0018973912550605532,1.0,"(min = 0.94, max = 1.06)",115.0,0,0
4264,bus-4264,true,PQ,-0.005545226187689017,1.0,"(min = 0.94, max = 1.06)",115.0,0,0
929,bus-929,true,PQ,-0.034352151183327455,1.0,"(min = 0.94, max = 1.06)",66.0,0,0
1114,bus-1114,true,PV,0.007431584745308817,1.0,"(min = 0.94, max = 1.06)",66.0,0,0
3012,bus-3012,true,PQ,-0.050513448016518685,1.0,"(min = 0.94, max = 1.06)",115.0,0,0
1427,bus-1427,true,PQ,-0.0028828518854915938,1.0,"(min = 0.94, max = 1.06)",66.0,0,0
4147,bus-4147,true,PQ,-0.028333888705176388,1.0,"(min = 0.94, max = 1.06)",66.0,0,0
5895,bus-5895,true,PQ,0.00012810982488376872,1.0,"(min = 0.94, max = 1.06)",66.0,0,0
6844,bus-6844,true,PQ,0.0040596387024787834,1.0,"(min = 0.94, max = 1.06)",115.0,0,0
5316,bus-5316,true,PQ,0.0007394767967215792,1.0,"(min = 0.94, max = 1.06)",66.0,0,0
1106,bus-1106,true,PQ,0.006905711683522122,1.0,"(min = 0.94, max = 1.06)",66.0,0,0
4850,bus-4850,true,PQ,-0.0006803793967250076,1.0,"(min = 0.94, max = 1.06)",66.0,0,0
6286,bus-6286,true,PQ,-0.0005018814796547838,1.0,"(min = 0.94, max = 1.06)",66.0,0,0
3296,bus-3296,true,PQ,-0.027643842940270225,1.0,"(min = 0.94, max = 1.06)",230.0,0,0
124,bus-124,true,PQ,-0.019804781951538113,1.0,"(min = 0.94, max = 1.06)",115.0,0,0
3891,bus-3891,true,PQ,-0.034028007238383666,1.0,"(min = 0.94, max = 1.06)",115.0,0,0
2578,bus-2578,true,PQ,0.015164479066064778,1.0,"(min = 0.94, max = 1.06)",115.0,0,0
312,bus-312,true,PQ,-0.0012233969289831396,1.0,"(min = 0.94, max = 1.06)",66.0,0,0
3223,bus-3223,true,PQ,-0.03509351626049342,1.0,"(min = 0.94, max = 1.06)",115.0,0,0
8815,bus-8815,true,PQ,-0.03404737812415278,1.0,"(min = 0.94, max = 1.06)",66.0,0,0
3006,bus-3006,true,PQ,-0.03273808168665739,1.0,"(min = 0.94, max = 1.06)",115.0,0,0
3696,bus-3696,true,PQ,-0.03526872916596943,1.0,"(min = 0.94, max = 1.06)",66.0,0,0
5900,bus-5900,true,PQ,2.7888046616682466e-5,1.0,"(min = 0.94, max = 1.06)",66.0,0,0
1379,bus-1379,true,PQ,-0.02863843085729103,1.0,"(min = 0.94, max = 1.06)",115.0,0,0
2064,bus-2064,true,PQ,-0.0012111996361643827,1.0,"(min = 0.94, max = 1.06)",66.0,0,0
6586,bus-6586,true,PQ,-0.0010433558598561433,1.0,"(min = 0.94, max = 1.06)",66.0,0,0
1634,bus-1634,true,PV,-0.007070133549845608,1.0,"(min = 0.94, max = 1.06)",230.0,0,0
4274,bus-4274,true,PQ,-0.005151746908908067,1.0,"(min = 0.94, max = 1.06)",115.0,0,0
6696,bus-6696,true,PQ,-0.0021279620774190063,1.0,"(min = 0.94, max = 1.06)",66.0,0,0
5021,bus-5021,true,PQ,0.0029081218095995186,1.0,"(min = 0.94, max = 1.06)",66.0,0,0
2991,bus-2991,true,PQ,-0.03274582518894971,1.0,"(min = 0.94, max = 1.06)",115.0,0,0
1241,bus-1241,true,PV,-0.032391331539110065,1.0,"(min = 0.94, max = 1.06)",66.0,0,0
1848,bus-1848,true,PV,0.009420890885632386,1.0,"(min = 0.94, max = 1.06)",115.0,0,0
3183,bus-3183,true,PQ,-0.03381892429891053,1.0,"(min = 0.94, max = 1.06)",115.0,0,0
3729,bus-3729,true,PQ,-0.03656042186356335,1.0,"(min = 0.94, max = 1.06)",66.0,0,0
5376,bus-5376,true,PQ,-0.0028760860119264827,1.0,"(min = 0.94, max = 1.06)",66.0,0,0
1367,bus-1367,true,PQ,-0.029345514177289315,1.0,"(min = 0.94, max = 1.06)",66.0,0,0
5880,bus-5880,true,PQ,0.0002130611731569629,1.0,"(min = 0.94, max = 1.06)",66.0,0,0
7709,bus-7709,true,PQ,0.000977189644260204,1.0,"(min = 0.94, max = 1.06)",230.0,0,0
8743,bus-8743,true,PQ,-0.03317773361589327,1.0,"(min = 0.94, max = 1.06)",115.0,0,0
4198,bus-4198,true,PQ,-0.008598601278956513,1.0,"(min = 0.94, max = 1.06)",66.0,0,0
7537,bus-7537,true,PQ,-0.028966112759161538,1.0,"(min = 0.94, max = 1.06)",66.0,0,0
5004,bus-5004,true,PQ,-0.0034844856933033755,1.0,"(min = 0.94, max = 1.06)",66.0,0,0
5005,bus-5005,true,PQ,-0.003269109026734377,1.0,"(min = 0.94, max = 1.06)",66.0,0,0
1580,bus-1580,true,PQ,-0.033752422542020565,1.0,"(min = 0.94, max = 1.06)",66.0,0,0
3590,bus-3590,true,PQ,-0.03327639742757436,1.0,"(min = 0.94, max = 1.06)",115.0,0,0
6912,bus-6912,true,PQ,0.00704623711259254,1.0,"(min = 0.94, max = 1.06)",66.0,0,0
1243,bus-1243,true,PQ,-0.03108322105284141,1.0,"(min = 0.94, max = 1.06)",115.0,0,0
3665,bus-3665,true,PQ,-0.03696894322759602,1.0,"(min = 0.94, max = 1.06)",66.0,0,0
1435,bus-1435,true,PV,-0.003633853309430248,1.0,"(min = 0.94, max = 1.06)",66.0,0,0
5607,bus-5607,true,PQ,0.001258737549482729,1.0,"(min = 0.94, max = 1.06)",66.0,0,0
5561,bus-5561,true,PQ,-0.0005235829314993493,1.0,"(min = 0.94, max = 1.06)",66.0,0,0
4555,bus-4555,true,PQ,-0.018200395367025186,1.0,"(min = 0.94, max = 1.06)",500.0,0,0
8256,bus-8256,true,PQ,-0.033592719155876555,1.0,"(min = 0.94, max = 1.06)",115.0,0,0
3578,bus-3578,true,PQ,-0.03528942370944325,1.0,"(min = 0.94, max = 1.06)",66.0,0,0
3728,bus-3728,true,PQ,-0.03655084943074787,1.0,"(min = 0.94, max = 1.06)",66.0,0,0
788,bus-788,true,PQ,0.0011126103465516944,1.0,"(min = 0.94, max = 1.06)",66.0,0,0
2264,bus-2264,true,PV,-0.0016455457662195249,1.0,"(min = 0.94, max = 1.06)",500.0,0,0
5756,bus-5756,true,PQ,0.00075859680188269,1.0,"(min = 0.94, max = 1.06)",66.0,0,0
6031,bus-6031,true,PQ,-0.001673866227408634,1.0,"(min = 0.94, max = 1.06)",66.0,0,0
4047,bus-4047,true,PQ,-0.02263904446406613,1.0,"(min = 0.94, max = 1.06)",66.0,0,0
8186,bus-8186,true,PQ,0.0148061311009182,1.0,"(min = 0.94, max = 1.06)",115.0,0,0
6201,bus-6201,true,PQ,1.0792419638148221e-5,1.0,"(min = 0.94, max = 1.06)",66.0,0,0
3876,bus-3876,true,PQ,-0.03219339601756942,1.0,"(min = 0.94, max = 1.06)",66.0,0,0
3475,bus-3475,true,PQ,-0.026886800443098224,1.0,"(min = 0.94, max = 1.06)",115.0,0,0
718,bus-718,true,PQ,0.001366770539915937,1.0,"(min = 0.94, max = 1.06)",66.0,0,0
1154,bus-1154,true,PQ,-0.0319790784866037,1.0,"(min = 0.94, max = 1.06)",115.0,0,0
1890,bus-1890,true,PV,-0.032130453161557194,1.0,"(min = 0.94, max = 1.06)",115.0,0,0
6517,bus-6517,true,PQ,0.006223558786185662,1.0,"(min = 0.94, max = 1.06)",66.0,0,0
3593,bus-3593,true,PQ,-0.035018275290972865,1.0,"(min = 0.94, max = 1.06)",66.0,0,0
910,bus-910,true,PQ,-0.03481741930999485,1.0,"(min = 0.94, max = 1.06)",66.0,0,0
6538,bus-6538,true,PQ,-0.00013345910265963036,1.0,"(min = 0.94, max = 1.06)",66.0,0,0
4742,bus-4742,true,PQ,-0.0009193834667695258,1.0,"(min = 0.94, max = 1.06)",66.0,0,0
7624,bus-7624,true,PQ,-0.0025707423348061567,1.0,"(min = 0.94, max = 1.06)",66.0,0,0
8361,bus-8361,true,PQ,0.0015773965686139934,1.0,"(min = 0.94, max = 1.06)",66.0,0,0
131,bus-131,true,PV,-0.018765251108146752,1.0,"(min = 0.94, max = 1.06)",66.0,0,0
8507,bus-8507,true,PV,-0.028907456606325134,1.0,"(min = 0.94, max = 1.06)",230.0,0,0
584,bus-584,true,PQ,-0.03469967503533219,1.0,"(min = 0.94, max = 1.06)",115.0,0,0
2597,bus-2597,true,PQ,0.013668415643445175,1.0,"(min = 0.94, max = 1.06)",115.0,0,0
2620,bus-2620,true,PQ,0.01356244069988736,1.0,"(min = 0.94, max = 1.06)",115.0,0,0
7386,bus-7386,true,PQ,-0.035010138042401294,1.0,"(min = 0.94, max = 1.06)",66.0,0,0
4449,bus-4449,true,PQ,-0.03488067580167366,1.0,"(min = 0.94, max = 1.06)",66.0,0,0
8103,bus-8103,true,PQ,-0.000808126744997471,1.0,"(min = 0.94, max = 1.06)",66.0,0,0
667,bus-667,true,PQ,0.0003176535942903849,1.0,"(min = 0.94, max = 1.06)",66.0,0,0
2639,bus-2639,true,PQ,0.00046798751195762403,1.0,"(min = 0.94, max = 1.06)",230.0,0,0
1086,bus-1086,true,PV,0.006826379766954652,1.0,"(min = 0.94, max = 1.06)",66.0,0,0
3760,bus-3760,true,PQ,-0.03193634724146128,1.0,"(min = 0.94, max = 1.06)",230.0,0,0
2303,bus-2303,true,PQ,-0.026612318794822384,1.0,"(min = 0.94, max = 1.06)",66.0,0,0
3055,bus-3055,true,PQ,-0.028118663952065484,1.0,"(min = 0.94, max = 1.06)",115.0,0,0
5090,bus-5090,true,PQ,0.0012210457034453276,1.0,"(min = 0.94, max = 1.06)",66.0,0,0
6137,bus-6137,true,PQ,-0.0011513335634946353,1.0,"(min = 0.94, max = 1.06)",66.0,0,0
7132,bus-7132,true,PQ,-0.034624538087435056,1.0,"(min = 0.94, max = 1.06)",66.0,0,0
8369,bus-8369,true,PQ,0.003880273641258987,1.0,"(min = 0.94, max = 1.06)",230.0,0,0
2401,bus-2401,true,PV,0.0023320200743493116,1.0,"(min = 0.94, max = 1.06)",66.0,0,0
7657,bus-7657,true,PQ,0.007354779664072507,1.0,"(min = 0.94, max = 1.06)",66.0,0,0
7580,bus-7580,true,PQ,-0.02843887095781555,1.0,"(min = 0.94, max = 1.06)",230.0,0,0
8632,bus-8632,true,PQ,-0.031135121559742115,1.0,"(min = 0.94, max = 1.06)",230.0,0,0
8655,bus-8655,true,PQ,0.004042113205687686,1.0,"(min = 0.94, max = 1.06)",66.0,0,0
1670,bus-1670,true,PQ,0.017190065191016627,1.0,"(min = 0.94, max = 1.06)",115.0,0,0
1721,bus-1721,true,PV,0.01622020886874926,1.0,"(min = 0.94, max = 1.06)",66.0,0,0
4282,bus-4282,true,PQ,-0.003780015663292418,1.0,"(min = 0.94, max = 1.06)",66.0,0,0
6307,bus-6307,true,PQ,-0.0016364716283961394,1.0,"(min = 0.94, max = 1.06)",66.0,0,0
6621,bus-6621,true,PQ,0.0012540475862379034,1.0,"(min = 0.94, max = 1.06)",66.0,0,0
8542,bus-8542,true,PV,-0.03533457066480337,1.0,"(min = 0.94, max = 1.06)",230.0,0,0
8091,bus-8091,true,PQ,-0.02207908175350253,1.0,"(min = 0.94, max = 1.06)",115.0,0,0
7875,bus-7875,true,PQ,-0.028708499892639152,1.0,"(min = 0.94, max = 1.06)",66.0,0,0
372,bus-372,true,PQ,1.73573899587652e-5,1.0,"(min = 0.94, max = 1.06)",66.0,0,0
1936,bus-1936,true,PV,-0.0022372868663167607,1.0,"(min = 0.94, max = 1.06)",66.0,0,0
3498,bus-3498,true,PQ,-0.05329369590482305,1.0,"(min = 0.94, max = 1.06)",66.0,0,0
4100,bus-4100,true,PQ,-0.01248591922615618,1.0,"(min = 0.94, max = 1.06)",66.0,0,0
4725,bus-4725,true,PQ,0.0026025913124360592,1.0,"(min = 0.94, max = 1.06)",230.0,0,0
501,bus-501,true,PQ,-0.0009830428921407642,1.0,"(min = 0.94, max = 1.06)",66.0,0,0
8153,bus-8153,true,PQ,-0.03408932030594038,1.0,"(min = 0.94, max = 1.06)",66.0,0,0
1167,bus-1167,true,PQ,-0.03198414081409911,1.0,"(min = 0.94, max = 1.06)",66.0,0,0
8702,bus-8702,true,PQ,-0.03027996520413633,1.0,"(min = 0.94, max = 1.06)",230.0,0,0
5749,bus-5749,true,PQ,0.002117945772468151,1.0,"(min = 0.94, max = 1.06)",66.0,0,0
5926,bus-5926,true,PQ,-0.0006262221756108154,1.0,"(min = 0.94, max = 1.06)",66.0,0,0
3562,bus-3562,true,PQ,-0.051429616544918136,1.0,"(min = 0.94, max = 1.06)",66.0,0,0
5822,bus-5822,true,PQ,-0.0009931930202120164,1.0,"(min = 0.94, max = 1.06)",66.0,0,0
2475,bus-2475,true,PQ,0.0021835435535253376,1.0,"(min = 0.94, max = 1.06)",66.0,0,0
4328,bus-4328,true,PQ,-0.05285751002494871,1.0,"(min = 0.94, max = 1.06)",66.0,0,0
5445,bus-5445,true,PQ,-0.0003328822430218464,1.0,"(min = 0.94, max = 1.06)",66.0,0,0
7036,bus-7036,true,PQ,0.007557772922892633,1.0,"(min = 0.94, max = 1.06)",66.0,0,0
742,bus-742,true,PQ,-0.03608150264415148,1.0,"(min = 0.94, max = 1.06)",66.0,0,0
2326,bus-2326,true,PQ,-0.0021346253430773927,1.0,"(min = 0.94, max = 1.06)",66.0,0,0
4358,bus-4358,true,PQ,-0.037977319769306364,1.0,"(min = 0.94, max = 1.06)",66.0,0,0
3127,bus-3127,true,PQ,-0.032274061470405166,1.0,"(min = 0.94, max = 1.06)",115.0,0,0
1815,bus-1815,true,PQ,-0.031065252713659203,1.0,"(min = 0.94, max = 1.06)",115.0,0,0
500,bus-500,true,PQ,-0.0010376943084686465,1.0,"(min = 0.94, max = 1.06)",66.0,0,0
4437,bus-4437,true,PQ,-0.03469130548343718,1.0,"(min = 0.94, max = 1.06)",115.0,0,0
1136,bus-1136,true,PQ,-0.03185290252632465,1.0,"(min = 0.94, max = 1.06)",115.0,0,0
2090,bus-2090,true,PQ,9.432925751129634e-5,1.0,"(min = 0.94, max = 1.06)",66.0,0,0
2486,bus-2486,true,PQ,-0.030357052906538416,1.0,"(min = 0.94, max = 1.06)",115.0,0,0
7599,bus-7599,true,PQ,-0.030823768260221568,1.0,"(min = 0.94, max = 1.06)",230.0,0,0
514,bus-514,true,PQ,-0.0004971879751369056,1.0,"(min = 0.94, max = 1.06)",66.0,0,0
975,bus-975,true,PV,-0.03456664726147565,1.0,"(min = 0.94, max = 1.06)",66.0,0,0
928,bus-928,true,PQ,-0.03461051733395501,1.0,"(min = 0.94, max = 1.06)",66.0,0,0
4492,bus-4492,true,PQ,-0.034573069724057146,1.0,"(min = 0.94, max = 1.06)",66.0,0,0
3944,bus-3944,true,PQ,-0.03288425318604484,1.0,"(min = 0.94, max = 1.06)",66.0,0,0
2382,bus-2382,true,PQ,0.004819145587101305,1.0,"(min = 0.94, max = 1.06)",66.0,0,0
2901,bus-2901,true,PQ,-0.012628329052313394,1.0,"(min = 0.94, max = 1.06)",230.0,0,0
803,bus-803,true,PV,0.002708740998358586,1.0,"(min = 0.94, max = 1.06)",115.0,0,0
565,bus-565,true,PV,-0.021586428189140867,1.0,"(min = 0.94, max = 1.06)",66.0,0,0
4502,bus-4502,true,PQ,-0.02843470695128614,1.0,"(min = 0.94, max = 1.06)",230.0,0,0
5757,bus-5757,true,PQ,0.002101054371247595,1.0,"(min = 0.94, max = 1.06)",66.0,0,0
6573,bus-6573,true,PQ,-0.0009426985872086323,1.0,"(min = 0.94, max = 1.06)",66.0,0,0
6117,bus-6117,true,PQ,-0.0006503069618154418,1.0,"(min = 0.94, max = 1.06)",66.0,0,0
8464,bus-8464,true,PQ,-0.03374721936645452,1.0,"(min = 0.94, max = 1.06)",115.0,0,0
7799,bus-7799,true,PQ,0.01518389201426886,1.0,"(min = 0.94, max = 1.06)",115.0,0,0
3858,bus-3858,true,PQ,-0.031985785786919116,1.0,"(min = 0.94, max = 1.06)",66.0,0,0
106,bus-106,true,PV,-0.03300512229820028,1.0,"(min = 0.94, max = 1.06)",115.0,0,0
7228,bus-7228,true,PQ,-0.034735347121781994,1.0,"(min = 0.94, max = 1.06)",66.0,0,0
7096,bus-7096,true,PQ,-0.03283662576875179,1.0,"(min = 0.94, max = 1.06)",230.0,0,0
298,bus-298,true,PQ,-0.000689432009402728,1.0,"(min = 0.94, max = 1.06)",66.0,0,0
8273,bus-8273,true,PQ,-0.009023775894033312,1.0,"(min = 0.94, max = 1.06)",115.0,0,0
2336,bus-2336,true,PQ,-0.03843917403195687,1.0,"(min = 0.94, max = 1.06)",66.0,0,0
5856,bus-5856,true,PQ,-5.1964115076228066e-5,1.0,"(min = 0.94, max = 1.06)",66.0,0,0
7626,bus-7626,true,PQ,-0.0032006681915921543,1.0,"(min = 0.94, max = 1.06)",66.0,0,0
7934,bus-7934,true,PQ,0.005767639271310481,1.0,"(min = 0.94, max = 1.06)",230.0,0,0
3604,bus-3604,true,PQ,-0.033210632025095804,1.0,"(min = 0.94, max = 1.06)",66.0,0,0
5373,bus-5373,true,PQ,-0.002285290227530687,1.0,"(min = 0.94, max = 1.06)",66.0,0,0
1296,bus-1296,true,PV,-0.03577309615854,1.0,"(min = 0.94, max = 1.06)",66.0,0,0
8287,bus-8287,true,PQ,0.001020282024204808,1.0,"(min = 0.94, max = 1.06)",66.0,0,0
8623,bus-8623,true,PV,-0.030874817046447296,1.0,"(min = 0.94, max = 1.06)",230.0,0,0
2828,bus-2828,true,PQ,-0.02117660847467763,1.0,"(min = 0.94, max = 1.06)",230.0,0,0
4279,bus-4279,true,PQ,-0.001858884544465993,1.0,"(min = 0.94, max = 1.06)",115.0,0,0
4194,bus-4194,true,PQ,-0.016366979853828185,1.0,"(min = 0.94, max = 1.06)",66.0,0,0
114,bus-114,true,PQ,-0.022087602974509547,1.0,"(min = 0.94, max = 1.06)",66.0,0,0
2766,bus-2766,true,PQ,-0.03723362589931947,1.0,"(min = 0.94, max = 1.06)",66.0,0,0
8535,bus-8535,true,PV,-0.028273779216671856,1.0,"(min = 0.94, max = 1.06)",500.0,0,0
6042,bus-6042,true,PQ,-0.0003305980294006648,1.0,"(min = 0.94, max = 1.06)",66.0,0,0
5233,bus-5233,true,PQ,0.0029098038357595435,1.0,"(min = 0.94, max = 1.06)",66.0,0,0
8415,bus-8415,true,PQ,-0.03140365407872961,1.0,"(min = 0.94, max = 1.06)",115.0,0,0
1967,bus-1967,true,PQ,-0.02162562933133821,1.0,"(min = 0.94, max = 1.06)",66.0,0,0
461,bus-461,true,PV,0.0007545437790950869,1.0,"(min = 0.94, max = 1.06)",66.0,0,0
6815,bus-6815,true,PQ,0.009335446023172976,1.0,"(min = 0.94, max = 1.06)",115.0,0,0
5844,bus-5844,true,PQ,-0.0007441586214961029,1.0,"(min = 0.94, max = 1.06)",66.0,0,0
2457,bus-2457,true,PQ,0.0005434220088216232,1.0,"(min = 0.94, max = 1.06)",66.0,0,0
8312,bus-8312,true,PQ,0.0027354626698850274,1.0,"(min = 0.94, max = 1.06)",115.0,0,0
2224,bus-2224,true,PQ,0.0009689147625144771,1.0,"(min = 0.94, max = 1.06)",66.0,0,0
5684,bus-5684,true,PQ,0.0016019441690123591,1.0,"(min = 0.94, max = 1.06)",66.0,0,0
6293,bus-6293,true,PQ,-0.0017989198659294958,1.0,"(min = 0.94, max = 1.06)",66.0,0,0
8664,bus-8664,true,PQ,0.01264883689791713,1.0,"(min = 0.94, max = 1.06)",66.0,0,0
373,bus-373,true,PQ,0.0005587959858839106,1.0,"(min = 0.94, max = 1.06)",66.0,0,0
5754,bus-5754,true,PQ,0.0016252251630286011,1.0,"(min = 0.94, max = 1.06)",66.0,0,0
7127,bus-7127,true,PQ,-0.03465759392533613,1.0,"(min = 0.94, max = 1.06)",66.0,0,0
6356,bus-6356,true,PQ,-0.0003122593505498066,1.0,"(min = 0.94, max = 1.06)",66.0,0,0
8072,bus-8072,true,PQ,0.013875998612052565,1.0,"(min = 0.94, max = 1.06)",115.0,0,0
3553,bus-3553,true,PQ,0.011124106355067059,1.0,"(min = 0.94, max = 1.06)",66.0,0,0
8082,bus-8082,true,PV,0.0015337969174489435,1.0,"(min = 0.94, max = 1.06)",500.0,0,0
1287,bus-1287,true,PQ,-0.03303370223923461,1.0,"(min = 0.94, max = 1.06)",66.0,0,0
2981,bus-2981,true,PQ,-0.033768851849868366,1.0,"(min = 0.94, max = 1.06)",230.0,0,0
5382,bus-5382,true,PQ,-0.0021618473481405036,1.0,"(min = 0.94, max = 1.06)",66.0,0,0
650,bus-650,true,PQ,-0.024986777772577733,1.0,"(min = 0.94, max = 1.06)",66.0,0,0
8382,bus-8382,true,PQ,-0.03717901768861722,1.0,"(min = 0.94, max = 1.06)",66.0,0,0
3928,bus-3928,true,PQ,-0.03387097490412691,1.0,"(min = 0.94, max = 1.06)",66.0,0,0
339,bus-339,true,PV,-0.037665011076553276,1.0,"(min = 0.94, max = 1.06)",66.0,0,0
761,bus-761,true,PQ,-0.03427679624380675,1.0,"(min = 0.94, max = 1.06)",66.0,0,0
7736,bus-7736,true,PQ,-0.028334866787689206,1.0,"(min = 0.94, max = 1.06)",115.0,0,0
6166,bus-6166,true,PQ,-0.0008677857413327861,1.0,"(min = 0.94, max = 1.06)",66.0,0,0
840,bus-840,true,PQ,-0.03461041435952914,1.0,"(min = 0.94, max = 1.06)",66.0,0,0
2002,bus-2002,true,PQ,0.004016034618177434,1.0,"(min = 0.94, max = 1.06)",66.0,0,0
4814,bus-4814,true,PQ,-0.0005996684920248784,1.0,"(min = 0.94, max = 1.06)",230.0,0,0
2528,bus-2528,true,PQ,0.010872992588533612,1.0,"(min = 0.94, max = 1.06)",115.0,0,0
1915,bus-1915,true,PQ,-0.03206592607018294,1.0,"(min = 0.94, max = 1.06)",66.0,0,0
2285,bus-2285,true,PQ,0.001484270218901242,1.0,"(min = 0.94, max = 1.06)",115.0,0,0
3919,bus-3919,true,PQ,-0.032815671171219425,1.0,"(min = 0.94, max = 1.06)",66.0,0,0
4533,bus-4533,true,PQ,-0.03198878775323255,1.0,"(min = 0.94, max = 1.06)",66.0,0,0
8426,bus-8426,true,PQ,-0.03248611618199568,1.0,"(min = 0.94, max = 1.06)",115.0,0,0
2801,bus-2801,true,PQ,-0.0370475004972283,1.0,"(min = 0.94, max = 1.06)",66.0,0,0
5397,bus-5397,true,PQ,-0.00292042784690265,1.0,"(min = 0.94, max = 1.06)",66.0,0,0
3564,bus-3564,true,PQ,-0.05188701306212611,1.0,"(min = 0.94, max = 1.06)",66.0,0,0
4729,bus-4729,true,PQ,0.004356138028334383,1.0,"(min = 0.94, max = 1.06)",115.0,0,0
427,bus-427,true,PQ,-0.00015783150847847698,1.0,"(min = 0.94, max = 1.06)",66.0,0,0
5614,bus-5614,true,PQ,0.0007867901105998036,1.0,"(min = 0.94, max = 1.06)",66.0,0,0
6317,bus-6317,true,PQ,-0.0013731605760252527,1.0,"(min = 0.94, max = 1.06)",66.0,0,0
295,bus-295,true,PV,-0.0023478623057966164,1.0,"(min = 0.94, max = 1.06)",66.0,0,0
8770,bus-8770,true,PQ,0.01388218240085884,1.0,"(min = 0.94, max = 1.06)",115.0,0,0
2265,bus-2265,true,PQ,0.015514987483450295,1.0,"(min = 0.94, max = 1.06)",66.0,0,0
1078,bus-1078,true,PQ,0.008484304710244943,1.0,"(min = 0.94, max = 1.06)",66.0,0,0
1888,bus-1888,true,PV,-0.03220119711572706,1.0,"(min = 0.94, max = 1.06)",115.0,0,0
6897,bus-6897,true,PQ,0.0064447493713858574,1.0,"(min = 0.94, max = 1.06)",66.0,0,0
5920,bus-5920,true,PQ,-0.0007904102882422535,1.0,"(min = 0.94, max = 1.06)",66.0,0,0
1976,bus-1976,true,PQ,-0.010455910384519899,1.0,"(min = 0.94, max = 1.06)",66.0,0,0
4284,bus-4284,true,PQ,-0.00698946457144477,1.0,"(min = 0.94, max = 1.06)",66.0,0,0
6181,bus-6181,true,PQ,-0.0012487808213458907,1.0,"(min = 0.94, max = 1.06)",66.0,0,0
3826,bus-3826,true,PQ,-0.032162529171616196,1.0,"(min = 0.94, max = 1.06)",66.0,0,0
2138,bus-2138,true,PQ,-0.03574073251822027,1.0,"(min = 0.94, max = 1.06)",66.0,0,0
5184,bus-5184,true,PQ,0.005632678423134316,1.0,"(min = 0.94, max = 1.06)",115.0,0,0
6034,bus-6034,true,PQ,-0.0016926814719024077,1.0,"(min = 0.94, max = 1.06)",66.0,0,0
6661,bus-6661,true,PQ,0.0024420602737074584,1.0,"(min = 0.94, max = 1.06)",115.0,0,0
6582,bus-6582,true,PQ,-0.0003438374792597386,1.0,"(min = 0.94, max = 1.06)",66.0,0,0
257,bus-257,true,PQ,-0.005753401538497825,1.0,"(min = 0.94, max = 1.06)",115.0,0,0
3664,bus-3664,true,PQ,-0.03893515698639963,1.0,"(min = 0.94, max = 1.06)",66.0,0,0
8051,bus-8051,true,PQ,-0.03391208561105886,1.0,"(min = 0.94, max = 1.06)",66.0,0,0
8168,bus-8168,true,PQ,-0.03088884670110653,1.0,"(min = 0.94, max = 1.06)",230.0,0,0
3686,bus-3686,true,PQ,-0.0336782584406485,1.0,"(min = 0.94, max = 1.06)",66.0,0,0
152,bus-152,true,PQ,-0.03322391572603274,1.0,"(min = 0.94, max = 1.06)",66.0,0,0
3972,bus-3972,true,PQ,-0.030885259525894906,1.0,"(min = 0.94, max = 1.06)",66.0,0,0
7006,bus-7006,true,PQ,0.005077514425535904,1.0,"(min = 0.94, max = 1.06)",230.0,0,0
937,bus-937,true,PQ,-0.035038706813328414,1.0,"(min = 0.94, max = 1.06)",66.0,0,0
1350,bus-1350,true,PQ,-0.028781221304851515,1.0,"(min = 0.94, max = 1.06)",66.0,0,0
3337,bus-3337,true,PQ,-0.033342998668231684,1.0,"(min = 0.94, max = 1.06)",230.0,0,0
8514,bus-8514,true,PQ,0.01569984898791035,1.0,"(min = 0.94, max = 1.06)",66.0,0,0
7035,bus-7035,true,PQ,0.007568781395163369,1.0,"(min = 0.94, max = 1.06)",66.0,0,0
7645,bus-7645,true,PQ,-0.037039056070708364,1.0,"(min = 0.94, max = 1.06)",115.0,0,0
6820,bus-6820,true,PQ,0.0046246152203845885,1.0,"(min = 0.94, max = 1.06)",115.0,0,0
7573,bus-7573,true,PQ,-0.03282549458238135,1.0,"(min = 0.94, max = 1.06)",230.0,0,0
3000,bus-3000,true,PQ,-0.03400630162567417,1.0,"(min = 0.94, max = 1.06)",66.0,0,0
4005,bus-4005,true,PQ,-0.029622885043608906,1.0,"(min = 0.94, max = 1.06)",66.0,0,0
460,bus-460,true,PQ,1.8221991373057662e-5,1.0,"(min = 0.94, max = 1.06)",66.0,0,0
7376,bus-7376,true,PQ,-0.03494852006582426,1.0,"(min = 0.94, max = 1.06)",66.0,0,0
4883,bus-4883,true,PQ,0.0011533509756143816,1.0,"(min = 0.94, max = 1.06)",230.0,0,0
5873,bus-5873,true,PQ,-0.0009301766631490044,1.0,"(min = 0.94, max = 1.06)",66.0,0,0
8280,bus-8280,true,PQ,-0.031177530966170475,1.0,"(min = 0.94, max = 1.06)",66.0,0,0
2470,bus-2470,true,PQ,0.0021869723750139276,1.0,"(min = 0.94, max = 1.06)",66.0,0,0
4499,bus-4499,true,PQ,-0.03001403322573431,1.0,"(min = 0.94, max = 1.06)",66.0,0,0
6224,bus-6224,true,PQ,-0.0006767589956804134,1.0,"(min = 0.94, max = 1.06)",66.0,0,0
4833,bus-4833,true,PQ,0.004602122656168654,1.0,"(min = 0.94, max = 1.06)",66.0,0,0
7983,bus-7983,true,PQ,0.0015354424033957484,1.0,"(min = 0.94, max = 1.06)",230.0,0,0
4041,bus-4041,true,PQ,-0.022362624802188875,1.0,"(min = 0.94, max = 1.06)",115.0,0,0
8438,bus-8438,true,PQ,0.005270272008971492,1.0,"(min = 0.94, max = 1.06)",115.0,0,0
1222,bus-1222,true,PV,0.003370323794196889,1.0,"(min = 0.94, max = 1.06)",66.0,0,0
6798,bus-6798,true,PQ,0.007736829950952746,1.0,"(min = 0.94, max = 1.06)",230.0,0,0
385,bus-385,true,PV,-0.00037393700342462465,1.0,"(min = 0.94, max = 1.06)",66.0,0,0
5681,bus-5681,true,PQ,0.0018866175644807954,1.0,"(min = 0.94, max = 1.06)",66.0,0,0
8167,bus-8167,true,PQ,0.0017557845072520614,1.0,"(min = 0.94, max = 1.06)",115.0,0,0
5882,bus-5882,true,PQ,0.00032892482937066765,1.0,"(min = 0.94, max = 1.06)",66.0,0,0
1886,bus-1886,true,PQ,-0.03442358105189335,1.0,"(min = 0.94, max = 1.06)",66.0,0,0
653,bus-653,true,PV,-0.02498590859861024,1.0,"(min = 0.94, max = 1.06)",66.0,0,0
7581,bus-7581,true,PQ,-0.028189947562040064,1.0,"(min = 0.94, max = 1.06)",230.0,0,0
7822,bus-7822,true,PQ,-0.03237061884421203,1.0,"(min = 0.94, max = 1.06)",66.0,0,0
5399,bus-5399,true,PQ,-0.0020437234992721123,1.0,"(min = 0.94, max = 1.06)",115.0,0,0
217,bus-217,true,PQ,-0.007192783787955999,1.0,"(min = 0.94, max = 1.06)",66.0,0,0
6970,bus-6970,true,PQ,0.00756310458959821,1.0,"(min = 0.94, max = 1.06)",66.0,0,0
6796,bus-6796,true,PQ,0.007841935127131123,1.0,"(min = 0.94, max = 1.06)",230.0,0,0
2598,bus-2598,true,PQ,0.013546701041440193,1.0,"(min = 0.94, max = 1.06)",115.0,0,0
4208,bus-4208,true,PQ,-0.006836435900319037,1.0,"(min = 0.94, max = 1.06)",66.0,0,0
4546,bus-4546,true,PQ,-0.02650565980437083,1.0,"(min = 0.94, max = 1.06)",115.0,0,0
487,bus-487,true,PV,-0.0010979538481649634,1.0,"(min = 0.94, max = 1.06)",230.0,0,0
4789,bus-4789,true,PQ,0.0011543445252350305,1.0,"(min = 0.94, max = 1.06)",230.0,0,0
804,bus-804,true,PQ,0.0016430036051522032,1.0,"(min = 0.94, max = 1.06)",115.0,0,0
2524,bus-2524,true,PQ,0.010404541173296795,1.0,"(min = 0.94, max = 1.06)",115.0,0,0
1025,bus-1025,true,PV,0.0032878733233219558,1.0,"(min = 0.94, max = 1.06)",115.0,0,0
6716,bus-6716,true,PQ,5.528156937417683e-5,1.0,"(min = 0.94, max = 1.06)",66.0,0,0
6933,bus-6933,true,PQ,0.006747079388486765,1.0,"(min = 0.94, max = 1.06)",66.0,0,0
7658,bus-7658,true,PQ,0.007995081817420877,1.0,"(min = 0.94, max = 1.06)",115.0,0,0
3035,bus-3035,true,PQ,-0.030422503451619905,1.0,"(min = 0.94, max = 1.06)",230.0,0,0
193,bus-193,true,PQ,0.016321327800182545,1.0,"(min = 0.94, max = 1.06)",66.0,0,0
2166,bus-2166,true,PQ,-0.032119962860088086,1.0,"(min = 0.94, max = 1.06)",66.0,0,0
71,bus-71,true,PV,-0.0318028454361799,1.0,"(min = 0.94, max = 1.06)",66.0,0,0
5503,bus-5503,true,PQ,0.0015776418973296417,1.0,"(min = 0.94, max = 1.06)",115.0,0,0
2083,bus-2083,true,PQ,-0.0011041004021169797,1.0,"(min = 0.94, max = 1.06)",66.0,0,0
4812,bus-4812,true,PQ,-8.201657853222912e-5,1.0,"(min = 0.94, max = 1.06)",66.0,0,0
6446,bus-6446,true,PQ,-0.0004985322207454746,1.0,"(min = 0.94, max = 1.06)",66.0,0,0
3886,bus-3886,true,PQ,-0.029385064908935832,1.0,"(min = 0.94, max = 1.06)",115.0,0,0
83,bus-83,true,PQ,-0.031631854831230315,1.0,"(min = 0.94, max = 1.06)",115.0,0,0
1384,bus-1384,true,PV,-0.028683091912987388,1.0,"(min = 0.94, max = 1.06)",115.0,0,0
8517,bus-8517,true,PQ,-0.03310666450688376,1.0,"(min = 0.94, max = 1.06)",115.0,0,0
2169,bus-2169,true,PV,-0.03219760610079108,1.0,"(min = 0.94, max = 1.06)",66.0,0,0
68,bus-68,true,PV,-0.03723034084060137,1.0,"(min = 0.94, max = 1.06)",66.0,0,0
585,bus-585,true,PQ,-0.03526959851446984,1.0,"(min = 0.94, max = 1.06)",66.0,0,0
8665,bus-8665,true,PQ,0.004458882472166514,1.0,"(min = 0.94, max = 1.06)",66.0,0,0
8099,bus-8099,true,PQ,0.004943460834411513,1.0,"(min = 0.94, max = 1.06)",115.0,0,0
4781,bus-4781,true,PQ,4.427004417351273e-5,1.0,"(min = 0.94, max = 1.06)",66.0,0,0
1478,bus-1478,true,PQ,0.004480127911365437,1.0,"(min = 0.94, max = 1.06)",66.0,0,0
952,bus-952,true,PQ,-0.034221685901878705,1.0,"(min = 0.94, max = 1.06)",66.0,0,0
3420,bus-3420,true,PQ,-0.03182451125538246,1.0,"(min = 0.94, max = 1.06)",230.0,0,0
8605,bus-8605,true,PQ,-0.0205119116972945,1.0,"(min = 0.94, max = 1.06)",66.0,0,0
1146,bus-1146,true,PV,-0.03290786400016582,1.0,"(min = 0.94, max = 1.06)",66.0,0,0
4,bus-4,true,PQ,-0.03146404159818399,1.0,"(min = 0.94, max = 1.06)",230.0,0,0
3571,bus-3571,true,PQ,-0.04490439142053292,1.0,"(min = 0.94, max = 1.06)",66.0,0,0
5405,bus-5405,true,PQ,-0.00375500364648806,1.0,"(min = 0.94, max = 1.06)",66.0,0,0
4238,bus-4238,true,PQ,-0.006333928643332926,1.0,"(min = 0.94, max = 1.06)",115.0,0,0
6753,bus-6753,true,PQ,0.013801953088349875,1.0,"(min = 0.94, max = 1.06)",230.0,0,0
3621,bus-3621,true,PQ,-0.03741282077348391,1.0,"(min = 0.94, max = 1.06)",66.0,0,0
6323,bus-6323,true,PQ,-0.0008006902042326715,1.0,"(min = 0.94, max = 1.06)",66.0,0,0
6627,bus-6627,true,PQ,0.001519044124011392,1.0,"(min = 0.94, max = 1.06)",66.0,0,0
6647,bus-6647,true,PQ,0.009695782529202814,1.0,"(min = 0.94, max = 1.06)",115.0,0,0
7579,bus-7579,true,PQ,-0.03254671523535539,1.0,"(min = 0.94, max = 1.06)",230.0,0,0
8331,bus-8331,true,PQ,0.006837795738699143,1.0,"(min = 0.94, max = 1.06)",66.0,0,0
6990,bus-6990,true,PQ,0.011928776897850636,1.0,"(min = 0.94, max = 1.06)",66.0,0,0
5924,bus-5924,true,PQ,-0.0009026097688083948,1.0,"(min = 0.94, max = 1.06)",66.0,0,0
3132,bus-3132,true,PQ,-0.03216838963817854,1.0,"(min = 0.94, max = 1.06)",115.0,0,0
8429,bus-8429,true,PQ,-0.0011371115264279445,1.0,"(min = 0.94, max = 1.06)",230.0,0,0
8610,bus-8610,true,PQ,-0.030594375273308824,1.0,"(min = 0.94, max = 1.06)",66.0,0,0
4516,bus-4516,true,PQ,-0.032324959809249376,1.0,"(min = 0.94, max = 1.06)",66.0,0,0
679,bus-679,true,PQ,-0.00017221418477685673,1.0,"(min = 0.94, max = 1.06)",66.0,0,0
59,bus-59,true,PQ,-0.030381110524947907,1.0,"(min = 0.94, max = 1.06)",230.0,0,0
763,bus-763,true,PQ,-0.04191970596109253,1.0,"(min = 0.94, max = 1.06)",66.0,0,0
4534,bus-4534,true,PQ,-0.0222385729076095,1.0,"(min = 0.94, max = 1.06)",230.0,0,0
6309,bus-6309,true,PQ,-0.0016737151621805568,1.0,"(min = 0.94, max = 1.06)",66.0,0,0
6202,bus-6202,true,PQ,7.227138639512746e-5,1.0,"(min = 0.94, max = 1.06)",66.0,0,0
8040,bus-8040,true,PQ,0.014341662073248829,1.0,"(min = 0.94, max = 1.06)",230.0,0,0
8448,bus-8448,true,PQ,-0.03290653702633553,1.0,"(min = 0.94, max = 1.06)",115.0,0,0
8020,bus-8020,true,PQ,0.0014712197131510013,1.0,"(min = 0.94, max = 1.06)",230.0,0,0
3264,bus-3264,true,PQ,-0.03000135532858075,1.0,"(min = 0.94, max = 1.06)",115.0,0,0
8738,bus-8738,true,PQ,-0.0004278104270211255,1.0,"(min = 0.94, max = 1.06)",500.0,0,0
2156,bus-2156,true,PQ,-0.034712658714170695,1.0,"(min = 0.94, max = 1.06)",66.0,0,0
492,bus-492,true,PV,-0.000501248645957291,1.0,"(min = 0.94, max = 1.06)",66.0,0,0
7662,bus-7662,true,PQ,0.0011578867843983545,1.0,"(min = 0.94, max = 1.06)",230.0,0,0
4161,bus-4161,true,PQ,-0.027266398559832702,1.0,"(min = 0.94, max = 1.06)",66.0,0,0
7045,bus-7045,true,PQ,0.004895829612300696,1.0,"(min = 0.94, max = 1.06)",115.0,0,0
8124,bus-8124,true,PQ,-0.00045971102450898524,1.0,"(min = 0.94, max = 1.06)",500.0,0,0
1267,bus-1267,true,PQ,-0.03327133248208507,1.0,"(min = 0.94, max = 1.06)",66.0,0,0
8581,bus-8581,true,PQ,-0.035968355217672714,1.0,"(min = 0.94, max = 1.06)",66.0,0,0
7222,bus-7222,true,PQ,-0.03464929820086847,1.0,"(min = 0.94, max = 1.06)",66.0,0,0
5872,bus-5872,true,PQ,-0.000833990238130707,1.0,"(min = 0.94, max = 1.06)",66.0,0,0
4464,bus-4464,true,PQ,-0.03291145274617377,1.0,"(min = 0.94, max = 1.06)",115.0,0,0
7105,bus-7105,true,PQ,-0.034344118305445155,1.0,"(min = 0.94, max = 1.06)",230.0,0,0
8697,bus-8697,true,PQ,0.00951107604488692,1.0,"(min = 0.94, max = 1.06)",115.0,0,0
2228,bus-2228,true,PQ,0.0013076886628777323,1.0,"(min = 0.94, max = 1.06)",66.0,0,0
4718,bus-4718,true,PQ,-0.001747537913802851,1.0,"(min = 0.94, max = 1.06)",230.0,0,0
8488,bus-8488,true,PQ,-0.028031272523891326,1.0,"(min = 0.94, max = 1.06)",230.0,0,0
4932,bus-4932,true,PQ,-0.003377959644580949,1.0,"(min = 0.94, max = 1.06)",66.0,0,0
7532,bus-7532,true,PQ,-0.02920960992629257,1.0,"(min = 0.94, max = 1.06)",66.0,0,0
1340,bus-1340,true,PQ,-0.03687989984528486,1.0,"(min = 0.94, max = 1.06)",66.0,0,0
6860,bus-6860,true,PQ,0.0062364681838112095,1.0,"(min = 0.94, max = 1.06)",66.0,0,0
8467,bus-8467,true,PQ,-0.005578068240210013,1.0,"(min = 0.94, max = 1.06)",66.0,0,0
6364,bus-6364,true,PQ,-0.00022491544070986212,1.0,"(min = 0.94, max = 1.06)",66.0,0,0
4550,bus-4550,true,PQ,-0.028548655658424498,1.0,"(min = 0.94, max = 1.06)",66.0,0,0
8849,bus-8849,true,PQ,-0.032701138476913354,1.0,"(min = 0.94, max = 1.06)",115.0,0,0
1113,bus-1113,true,PQ,0.008022172085032045,1.0,"(min = 0.94, max = 1.06)",66.0,0,0
6133,bus-6133,true,PQ,-0.0010864066206794042,1.0,"(min = 0.94, max = 1.06)",66.0,0,0
5688,bus-5688,true,PQ,0.0017071590181902737,1.0,"(min = 0.94, max = 1.06)",66.0,0,0
1081,bus-1081,true,PV,0.0074060334043123,1.0,"(min = 0.94, max = 1.06)",66.0,0,0
1705,bus-1705,true,PQ,0.000792043755851829,1.0,"(min = 0.94, max = 1.06)",66.0,0,0
6261,bus-6261,true,PQ,0.0006693089408312157,1.0,"(min = 0.94, max = 1.06)",66.0,0,0
2051,bus-2051,true,PQ,-0.001323985212255978,1.0,"(min = 0.94, max = 1.06)",66.0,0,0
1786,bus-1786,true,PV,-0.03183515846195133,1.0,"(min = 0.94, max = 1.06)",115.0,0,0
4949,bus-4949,true,PQ,-0.0035016508668703995,1.0,"(min = 0.94, max = 1.06)",66.0,0,0
5981,bus-5981,true,PQ,-0.001685519916487906,1.0,"(min = 0.94, max = 1.06)",66.0,0,0
2755,bus-2755,true,PQ,-0.0359012193826655,1.0,"(min = 0.94, max = 1.06)",66.0,0,0
3773,bus-3773,true,PQ,-0.0324904056776983,1.0,"(min = 0.94, max = 1.06)",66.0,0,0
8615,bus-8615,true,PQ,-0.03127845934255603,1.0,"(min = 0.94, max = 1.06)",66.0,0,0
7023,bus-7023,true,PQ,0.006523591705644851,1.0,"(min = 0.94, max = 1.06)",66.0,0,0
4840,bus-4840,true,PQ,0.002965573789971797,1.0,"(min = 0.94, max = 1.06)",66.0,0,0
3501,bus-3501,true,PQ,-0.05319188805702742,1.0,"(min = 0.94, max = 1.06)",66.0,0,0
5727,bus-5727,true,PQ,0.0014316806612478376,1.0,"(min = 0.94, max = 1.06)",66.0,0,0
8205,bus-8205,true,PQ,-0.031174884872491527,1.0,"(min = 0.94, max = 1.06)",66.0,0,0
2110,bus-2110,true,PQ,-0.03835137664019869,1.0,"(min = 0.94, max = 1.06)",66.0,0,0
8289,bus-8289,true,PQ,-0.001336457699864543,1.0,"(min = 0.94, max = 1.06)",500.0,0,0
7269,bus-7269,true,PQ,-0.03446928982873969,1.0,"(min = 0.94, max = 1.06)",66.0,0,0
4280,bus-4280,true,PQ,-0.0017755264151135598,1.0,"(min = 0.94, max = 1.06)",115.0,0,0
1460,bus-1460,true,PQ,0.00040102321314528384,1.0,"(min = 0.94, max = 1.06)",66.0,0,0
1093,bus-1093,true,PQ,0.009416896699639197,1.0,"(min = 0.94, max = 1.06)",66.0,0,0
6758,bus-6758,true,PQ,-0.0016459608264595999,1.0,"(min = 0.94, max = 1.06)",500.0,0,0
4988,bus-4988,true,PQ,-0.0040386076071653,1.0,"(min = 0.94, max = 1.06)",66.0,0,0
5022,bus-5022,true,PQ,0.003366174622966123,1.0,"(min = 0.94, max = 1.06)",66.0,0,0
813,bus-813,true,PQ,0.009684269464792032,1.0,"(min = 0.94, max = 1.06)",115.0,0,0
348,bus-348,true,PV,1.4261925798800257e-5,1.0,"(min = 0.94, max = 1.06)",230.0,0,0
8556,bus-8556,true,PQ,0.007955119729122955,1.0,"(min = 0.94, max = 1.06)",66.0,0,0
5301,bus-5301,true,PQ,0.0018335511427331728,1.0,"(min = 0.94, max = 1.06)",66.0,0,0
3026,bus-3026,true,PQ,-0.038255454391706634,1.0,"(min = 0.94, max = 1.06)",115.0,0,0
1271,bus-1271,true,PQ,-0.033392409462954416,1.0,"(min = 0.94, max = 1.06)",66.0,0,0
5308,bus-5308,true,PQ,0.0016996768615001438,1.0,"(min = 0.94, max = 1.06)",66.0,0,0
6184,bus-6184,true,PQ,-0.0011784779380579467,1.0,"(min = 0.94, max = 1.06)",66.0,0,0
8311,bus-8311,true,PQ,0.00260371417001033,1.0,"(min = 0.94, max = 1.06)",66.0,0,0
2875,bus-2875,true,PQ,-0.0029252951338541496,1.0,"(min = 0.94, max = 1.06)",115.0,0,0
204,bus-204,true,PV,0.014957274519745805,1.0,"(min = 0.94, max = 1.06)",66.0,0,0
3038,bus-3038,true,PQ,-0.032064137805831346,1.0,"(min = 0.94, max = 1.06)",115.0,0,0
3639,bus-3639,true,PQ,-0.036408404732912195,1.0,"(min = 0.94, max = 1.06)",66.0,0,0
5473,bus-5473,true,PQ,0.003823019703396932,1.0,"(min = 0.94, max = 1.06)",115.0,0,0
4647,bus-4647,true,PQ,-0.03145263639512098,1.0,"(min = 0.94, max = 1.06)",66.0,0,0
155,bus-155,true,PV,-0.034063874103578,1.0,"(min = 0.94, max = 1.06)",66.0,0,0
1218,bus-1218,true,PQ,-0.0027387477984163007,1.0,"(min = 0.94, max = 1.06)",115.0,0,0
633,bus-633,true,PV,-0.0278969786881954,1.0,"(min = 0.94, max = 1.06)",66.0,0,0
7019,bus-7019,true,PQ,0.006835535013719036,1.0,"(min = 0.94, max = 1.06)",66.0,0,0
4456,bus-4456,true,PQ,-0.03580240878879432,1.0,"(min = 0.94, max = 1.06)",66.0,0,0
2238,bus-2238,true,PQ,-0.03464948896535571,1.0,"(min = 0.94, max = 1.06)",66.0,0,0
3751,bus-3751,true,PQ,-0.03622113125323906,1.0,"(min = 0.94, max = 1.06)",66.0,0,0
4241,bus-4241,true,PQ,-0.019469667565047987,1.0,"(min = 0.94, max = 1.06)",115.0,0,0
5828,bus-5828,true,PQ,-0.0010881226092013432,1.0,"(min = 0.94, max = 1.06)",66.0,0,0
4652,bus-4652,true,PQ,-0.03088883099314326,1.0,"(min = 0.94, max = 1.06)",230.0,0,0
5417,bus-5417,true,PQ,-9.652995119365055e-5,1.0,"(min = 0.94, max = 1.06)",66.0,0,0
5797,bus-5797,true,PQ,5.2842380114729026e-5,1.0,"(min = 0.94, max = 1.06)",66.0,0,0
6804,bus-6804,true,PQ,0.009430108807170207,1.0,"(min = 0.94, max = 1.06)",115.0,0,0
6518,bus-6518,true,PQ,0.006244061744867494,1.0,"(min = 0.94, max = 1.06)",66.0,0,0
3088,bus-3088,true,PQ,-0.03258091600924577,1.0,"(min = 0.94, max = 1.06)",115.0,0,0
5361,bus-5361,true,PQ,0.0014614157711368824,1.0,"(min = 0.94, max = 1.06)",66.0,0,0
751,bus-751,true,PV,-0.03809040069874063,1.0,"(min = 0.94, max = 1.06)",66.0,0,0
1457,bus-1457,true,PV,0.0003961727581490909,1.0,"(min = 0.94, max = 1.06)",66.0,0,0
7878,bus-7878,true,PQ,0.005527164979537312,1.0,"(min = 0.94, max = 1.06)",66.0,0,0
8367,bus-8367,true,PQ,0.0007108079678137721,1.0,"(min = 0.94, max = 1.06)",230.0,0,0
4428,bus-4428,true,PQ,-0.032431183689118404,1.0,"(min = 0.94, max = 1.06)",66.0,0,0
4806,bus-4806,true,PQ,-0.0004336751923294197,1.0,"(min = 0.94, max = 1.06)",230.0,0,0
7962,bus-7962,true,PQ,0.0006030472033653149,1.0,"(min = 0.94, max = 1.06)",230.0,0,0
2011,bus-2011,true,PQ,0.0006687863334026326,1.0,"(min = 0.94, max = 1.06)",66.0,0,0
8078,bus-8078,true,PQ,-0.03210790176229218,1.0,"(min = 0.94, max = 1.06)",115.0,0,0
1982,bus-1982,true,PQ,-0.01708438126365829,1.0,"(min = 0.94, max = 1.06)",66.0,0,0
4154,bus-4154,true,PQ,-0.027895046259647588,1.0,"(min = 0.94, max = 1.06)",66.0,0,0
306,bus-306,true,PQ,-0.003356373796364719,1.0,"(min = 0.94, max = 1.06)",66.0,0,0
4790,bus-4790,true,PQ,0.001206786771863579,1.0,"(min = 0.94, max = 1.06)",230.0,0,0
181,bus-181,true,PV,0.014470806105547239,1.0,"(min = 0.94, max = 1.06)",115.0,0,0
2626,bus-2626,true,PQ,0.0007117836068656371,1.0,"(min = 0.94, max = 1.06)",500.0,0,0
3395,bus-3395,true,PQ,-0.002610796454315535,1.0,"(min = 0.94, max = 1.06)",115.0,0,0
4809,bus-4809,true,PQ,-0.0003587972303493331,1.0,"(min = 0.94, max = 1.06)",230.0,0,0
5138,bus-5138,true,PQ,0.0059078515184999205,1.0,"(min = 0.94, max = 1.06)",66.0,0,0
6688,bus-6688,true,PQ,3.493267544327588e-5,1.0,"(min = 0.94, max = 1.06)",66.0,0,0
6745,bus-6745,true,PQ,0.0021962681033298056,1.0,"(min = 0.94, max = 1.06)",66.0,0,0
7603,bus-7603,true,PQ,0.015679130515972483,1.0,"(min = 0.94, max = 1.06)",115.0,0,0
3343,bus-3343,true,PQ,-0.02976104234013705,1.0,"(min = 0.94, max = 1.06)",230.0,0,0
5156,bus-5156,true,PQ,-0.002485714274425415,1.0,"(min = 0.94, max = 1.06)",66.0,0,0
6628,bus-6628,true,PQ,0.0015140842124364894,1.0,"(min = 0.94, max = 1.06)",66.0,0,0
3180,bus-3180,true,PQ,-0.03286989907467766,1.0,"(min = 0.94, max = 1.06)",115.0,0,0
1201,bus-1201,true,PQ,-0.0328160214588003,1.0,"(min = 0.94, max = 1.06)",66.0,0,0
7213,bus-7213,true,PQ,-0.03471111060712418,1.0,"(min = 0.94, max = 1.06)",66.0,0,0
7809,bus-7809,true,PQ,-0.037396387625911756,1.0,"(min = 0.94, max = 1.06)",66.0,0,0
3556,bus-3556,true,PQ,-0.047384529245825174,1.0,"(min = 0.94, max = 1.06)",66.0,0,0
3407,bus-3407,true,PQ,-0.031116559983147156,1.0,"(min = 0.94, max = 1.06)",230.0,0,0
2332,bus-2332,true,PV,0.01356244069988736,1.0,"(min = 0.94, max = 1.06)",115.0,0,0
515,bus-515,true,PQ,-0.0012509367497763922,1.0,"(min = 0.94, max = 1.06)",66.0,0,0
8524,bus-8524,true,PQ,-0.035241860171200824,1.0,"(min = 0.94, max = 1.06)",66.0,0,0
5179,bus-5179,true,PQ,0.006047812351010611,1.0,"(min = 0.94, max = 1.06)",115.0,0,0
5827,bus-5827,true,PQ,-0.000940401901464616,1.0,"(min = 0.94, max = 1.06)",66.0,0,0
7819,bus-7819,true,PQ,0.00014229672882168273,1.0,"(min = 0.94, max = 1.06)",230.0,0,0
4986,bus-4986,true,PQ,-0.004323410835931463,1.0,"(min = 0.94, max = 1.06)",66.0,0,0
6880,bus-6880,true,PQ,0.007506711186323851,1.0,"(min = 0.94, max = 1.06)",66.0,0,0
3138,bus-3138,true,PQ,-0.032694187354101435,1.0,"(min = 0.94, max = 1.06)",115.0,0,0
363,bus-363,true,PV,0.001233750298900457,1.0,"(min = 0.94, max = 1.06)",230.0,0,0
1730,bus-1730,true,PV,-0.03027996520413633,1.0,"(min = 0.94, max = 1.06)",230.0,0,0
618,bus-618,true,PV,-0.02295605105956681,1.0,"(min = 0.94, max = 1.06)",66.0,0,0
1496,bus-1496,true,PQ,-0.035803521087126616,1.0,"(min = 0.94, max = 1.06)",66.0,0,0
3525,bus-3525,true,PQ,-0.03348505328497953,1.0,"(min = 0.94, max = 1.06)",66.0,0,0
5231,bus-5231,true,PQ,0.0009793944244564689,1.0,"(min = 0.94, max = 1.06)",66.0,0,0
7273,bus-7273,true,PQ,-0.03453495749278012,1.0,"(min = 0.94, max = 1.06)",66.0,0,0
4805,bus-4805,true,PQ,-0.0004322768973645749,1.0,"(min = 0.94, max = 1.06)",230.0,0,0
5811,bus-5811,true,PQ,-0.001085072292031645,1.0,"(min = 0.94, max = 1.06)",66.0,0,0
1574,bus-1574,true,PQ,-0.03804677008543465,1.0,"(min = 0.94, max = 1.06)",66.0,0,0
4907,bus-4907,true,PQ,-0.0013490995088451612,1.0,"(min = 0.94, max = 1.06)",66.0,0,0
8206,bus-8206,true,PQ,-0.030382050035684255,1.0,"(min = 0.94, max = 1.06)",115.0,0,0
4060,bus-4060,true,PQ,-0.017392835047692498,1.0,"(min = 0.94, max = 1.06)",115.0,0,0
4677,bus-4677,true,PQ,-0.031428704440417635,1.0,"(min = 0.94, max = 1.06)",115.0,0,0
1824,bus-1824,true,PV,0.0030981156118046957,1.0,"(min = 0.94, max = 1.06)",115.0,0,0
1160,bus-1160,true,PQ,-0.032050782895460934,1.0,"(min = 0.94, max = 1.06)",66.0,0,0
125,bus-125,true,PV,-0.008158166377564901,1.0,"(min = 0.94, max = 1.06)",66.0,0,0
441,bus-441,true,PQ,-0.0004975559708283716,1.0,"(min = 0.94, max = 1.06)",66.0,0,0
1658,bus-1658,true,PQ,0.00794612620456706,1.0,"(min = 0.94, max = 1.06)",115.0,0,0
8249,bus-8249,true,PQ,0.00801628343140228,1.0,"(min = 0.94, max = 1.06)",115.0,0,0
8443,bus-8443,true,PQ,-0.030365324719995316,1.0,"(min = 0.94, max = 1.06)",230.0,0,0
421,bus-421,true,PQ,-0.0010684661788399612,1.0,"(min = 0.94, max = 1.06)",66.0,0,0
4304,bus-4304,true,PQ,-0.0031558266863044326,1.0,"(min = 0.94, max = 1.06)",66.0,0,0
4828,bus-4828,true,PQ,0.003944534517562438,1.0,"(min = 0.94, max = 1.06)",66.0,0,0
8714,bus-8714,true,PQ,0.007512129910052518,1.0,"(min = 0.94, max = 1.06)",66.0,0,0
438,bus-438,true,PQ,-0.0007926170458965608,1.0,"(min = 0.94, max = 1.06)",66.0,0,0
7145,bus-7145,true,PQ,-0.03475212793894115,1.0,"(min = 0.94, max = 1.06)",66.0,0,0
2974,bus-2974,true,PQ,-0.03379852279621812,1.0,"(min = 0.94, max = 1.06)",230.0,0,0
5854,bus-5854,true,PQ,-0.0003704264115152489,1.0,"(min = 0.94, max = 1.06)",66.0,0,0
1820,bus-1820,true,PV,-0.02973635256347249,1.0,"(min = 0.94, max = 1.06)",230.0,0,0
2398,bus-2398,true,PQ,0.002195897377943389,1.0,"(min = 0.94, max = 1.06)",66.0,0,0
2956,bus-2956,true,PQ,-0.03834829927566157,1.0,"(min = 0.94, max = 1.06)",66.0,0,0
4584,bus-4584,true,PQ,-0.019666045729297085,1.0,"(min = 0.94, max = 1.06)",66.0,0,0
4148,bus-4148,true,PQ,-0.028466097396014967,1.0,"(min = 0.94, max = 1.06)",66.0,0,0
8145,bus-8145,true,PQ,-0.03275425251124297,1.0,"(min = 0.94, max = 1.06)",230.0,0,0
1699,bus-1699,true,PV,-0.0007384415546757587,1.0,"(min = 0.94, max = 1.06)",66.0,0,0
4400,bus-4400,true,PQ,-0.034478166922381176,1.0,"(min = 0.94, max = 1.06)",66.0,0,0
426,bus-426,true,PV,0.00020568585156100635,1.0,"(min = 0.94, max = 1.06)",66.0,0,0
5199,bus-5199,true,PQ,0.005597173172707703,1.0,"(min = 0.94, max = 1.06)",66.0,0,0
3825,bus-3825,true,PQ,-0.03213081165218556,1.0,"(min = 0.94, max = 1.06)",66.0,0,0
4481,bus-4481,true,PQ,-0.03415810128830052,1.0,"(min = 0.94, max = 1.06)",66.0,0,0
1727,bus-1727,true,PV,-0.03027996520413633,1.0,"(min = 0.94, max = 1.06)",230.0,0,0
6249,bus-6249,true,PQ,-5.9970859270977224e-5,1.0,"(min = 0.94, max = 1.06)",66.0,0,0
2544,bus-2544,true,PQ,0.014925719071589504,1.0,"(min = 0.94, max = 1.06)",115.0,0,0
6730,bus-6730,true,PQ,0.009911271752055273,1.0,"(min = 0.94, max = 1.06)",500.0,0,0
8768,bus-8768,true,PQ,0.014835661251557199,1.0,"(min = 0.94, max = 1.06)",115.0,0,0
544,bus-544,true,PQ,-0.0003111539357960805,1.0,"(min = 0.94, max = 1.06)",66.0,0,0
5530,bus-5530,true,PQ,0.009951588910136219,1.0,"(min = 0.94, max = 1.06)",115.0,0,0
7329,bus-7329,true,PQ,-0.034718783074515945,1.0,"(min = 0.94, max = 1.06)",66.0,0,0
4856,bus-4856,true,PQ,0.0029199875003323725,1.0,"(min = 0.94, max = 1.06)",230.0,0,0
5852,bus-5852,true,PQ,-0.00038441914897014193,1.0,"(min = 0.94, max = 1.06)",66.0,0,0
2906,bus-2906,true,PQ,-0.017813670372823113,1.0,"(min = 0.94, max = 1.06)",115.0,0,0
590,bus-590,true,PQ,-0.04738484392868931,1.0,"(min = 0.94, max = 1.06)",66.0,0,0
6061,bus-6061,true,PQ,-0.00046715882613811865,1.0,"(min = 0.94, max = 1.06)",66.0,0,0
1533,bus-1533,true,PV,-0.03227662274108247,1.0,"(min = 0.94, max = 1.06)",115.0,0,0
6454,bus-6454,true,PQ,-0.0005284218289252355,1.0,"(min = 0.94, max = 1.06)",66.0,0,0
8245,bus-8245,true,PQ,-0.005810760423007803,1.0,"(min = 0.94, max = 1.06)",66.0,0,0
4309,bus-4309,true,PQ,-0.03009281686457056,1.0,"(min = 0.94, max = 1.06)",230.0,0,0
6648,bus-6648,true,PQ,0.010370087867716945,1.0,"(min = 0.94, max = 1.06)",115.0,0,0
3677,bus-3677,true,PQ,-0.036546693278200086,1.0,"(min = 0.94, max = 1.06)",66.0,0,0
6438,bus-6438,true,PQ,-0.0007617215643263028,1.0,"(min = 0.94, max = 1.06)",66.0,0,0
6657,bus-6657,true,PQ,0.00938385170023278,1.0,"(min = 0.94, max = 1.06)",115.0,0,0
669,bus-669,true,PQ,0.001511490606044136,1.0,"(min = 0.94, max = 1.06)",66.0,0,0
3441,bus-3441,true,PQ,-0.032272557520188726,1.0,"(min = 0.94, max = 1.06)",115.0,0,0
4326,bus-4326,true,PQ,-0.02845876614049196,1.0,"(min = 0.94, max = 1.06)",230.0,0,0
6533,bus-6533,true,PQ,-0.0003738479462542124,1.0,"(min = 0.94, max = 1.06)",66.0,0,0
7783,bus-7783,true,PQ,0.005223545007039548,1.0,"(min = 0.94, max = 1.06)",66.0,0,0
4039,bus-4039,true,PQ,-0.022400723070831883,1.0,"(min = 0.94, max = 1.06)",115.0,0,0
7151,bus-7151,true,PQ,-0.03471868463794613,1.0,"(min = 0.94, max = 1.06)",66.0,0,0
7364,bus-7364,true,PQ,-0.03501124440661413,1.0,"(min = 0.94, max = 1.06)",66.0,0,0
197,bus-197,true,PQ,0.01483973249383686,1.0,"(min = 0.94, max = 1.06)",115.0,0,0
1569,bus-1569,true,PQ,-0.03968884583341392,1.0,"(min = 0.94, max = 1.06)",66.0,0,0
1353,bus-1353,true,PQ,-0.029149866258799256,1.0,"(min = 0.94, max = 1.06)",66.0,0,0
2125,bus-2125,true,PQ,-0.03581703569512359,1.0,"(min = 0.94, max = 1.06)",66.0,0,0
3386,bus-3386,true,PQ,-0.012575193602793855,1.0,"(min = 0.94, max = 1.06)",230.0,0,0
8793,bus-8793,true,PQ,-0.001057101196889566,1.0,"(min = 0.94, max = 1.06)",66.0,0,0
456,bus-456,true,PV,-0.003552836818522046,1.0,"(min = 0.94, max = 1.06)",66.0,0,0
3904,bus-3904,true,PQ,-0.033776679477030634,1.0,"(min = 0.94, max = 1.06)",115.0,0,0
4622,bus-4622,true,PQ,-0.030112152669221702,1.0,"(min = 0.94, max = 1.06)",230.0,0,0
4767,bus-4767,true,PQ,-0.00010170170175744804,1.0,"(min = 0.94, max = 1.06)",66.0,0,0
167,bus-167,true,PQ,-0.05332589234260045,1.0,"(min = 0.94, max = 1.06)",66.0,0,0
5447,bus-5447,true,PQ,-0.00034550680465879634,1.0,"(min = 0.94, max = 1.06)",66.0,0,0
5812,bus-5812,true,PQ,-0.00026930619377430495,1.0,"(min = 0.94, max = 1.06)",66.0,0,0
4554,bus-4554,true,PQ,-0.028536127685053682,1.0,"(min = 0.94, max = 1.06)",66.0,0,0
6050,bus-6050,true,PQ,-0.00034630065370643194,1.0,"(min = 0.94, max = 1.06)",66.0,0,0
6455,bus-6455,true,PQ,-0.0005225379766962415,1.0,"(min = 0.94, max = 1.06)",66.0,0,0
1941,bus-1941,true,PQ,3.653631310700678e-5,1.0,"(min = 0.94, max = 1.06)",66.0,0,0
4788,bus-4788,true,PQ,0.0008040074433315235,1.0,"(min = 0.94, max = 1.06)",66.0,0,0
4887,bus-4887,true,PQ,0.00010401985679659318,1.0,"(min = 0.94, max = 1.06)",230.0,0,0
8387,bus-8387,true,PQ,0.013669989459191576,1.0,"(min = 0.94, max = 1.06)",115.0,0,0
8865,bus-8865,true,PV,-0.001942003912776753,1.0,"(min = 0.94, max = 1.06)",230.0,0,0
1448,bus-1448,true,PV,-0.03217608723831154,1.0,"(min = 0.94, max = 1.06)",115.0,0,0
5420,bus-5420,true,PQ,0.000121103850387718,1.0,"(min = 0.94, max = 1.06)",66.0,0,0
401,bus-401,true,PV,0.00034810144952205464,1.0,"(min = 0.94, max = 1.06)",66.0,0,0
1293,bus-1293,true,PV,-0.03559203203674668,1.0,"(min = 0.94, max = 1.06)",115.0,0,0
5380,bus-5380,true,PQ,-0.0031586482030264993,1.0,"(min = 0.94, max = 1.06)",66.0,0,0
2448,bus-2448,true,PQ,0.000525332405908317,1.0,"(min = 0.94, max = 1.06)",66.0,0,0
2295,bus-2295,true,PQ,-0.014936429843049728,1.0,"(min = 0.94, max = 1.06)",66.0,0,0
4658,bus-4658,true,PQ,-0.03794484914030349,1.0,"(min = 0.94, max = 1.06)",66.0,0,0
4446,bus-4446,true,PQ,-0.034280071528681046,1.0,"(min = 0.94, max = 1.06)",66.0,0,0
7629,bus-7629,true,PQ,-0.02915586355917496,1.0,"(min = 0.94, max = 1.06)",66.0,0,0
6944,bus-6944,true,PQ,0.00751120190103594,1.0,"(min = 0.94, max = 1.06)",66.0,0,0
4587,bus-4587,true,PQ,-0.01976721723004744,1.0,"(min = 0.94, max = 1.06)",66.0,0,0
7780,bus-7780,true,PQ,0.00775773416082961,1.0,"(min = 0.94, max = 1.06)",230.0,0,0
1129,bus-1129,true,PV,-0.03405997381629857,1.0,"(min = 0.94, max = 1.06)",115.0,0,0
3175,bus-3175,true,PQ,-0.03268873110579385,1.0,"(min = 0.94, max = 1.06)",115.0,0,0
4377,bus-4377,true,PQ,-0.03426449010178387,1.0,"(min = 0.94, max = 1.06)",230.0,0,0
5731,bus-5731,true,PQ,0.0005872038933045322,1.0,"(min = 0.94, max = 1.06)",66.0,0,0
5191,bus-5191,true,PQ,0.006102522855460319,1.0,"(min = 0.94, max = 1.06)",115.0,0,0
4033,bus-4033,true,PQ,-0.026611027600241758,1.0,"(min = 0.94, max = 1.06)",66.0,0,0
5204,bus-5204,true,PQ,0.003965075245169282,1.0,"(min = 0.94, max = 1.06)",66.0,0,0
6444,bus-6444,true,PQ,-0.0004579054203112733,1.0,"(min = 0.94, max = 1.06)",66.0,0,0
4178,bus-4178,true,PQ,-0.02487731909947306,1.0,"(min = 0.94, max = 1.06)",66.0,0,0
328,bus-328,true,PQ,-0.045342524738786645,1.0,"(min = 0.94, max = 1.06)",66.0,0,0
2030,bus-2030,true,PV,0.00015876537883428184,1.0,"(min = 0.94, max = 1.06)",66.0,0,0
277,bus-277,true,PQ,-0.006415257199111387,1.0,"(min = 0.94, max = 1.06)",115.0,0,0
835,bus-835,true,PQ,-0.03509214984222203,1.0,"(min = 0.94, max = 1.06)",66.0,0,0
7737,bus-7737,true,PQ,-0.03348933248323957,1.0,"(min = 0.94, max = 1.06)",66.0,0,0
8036,bus-8036,true,PQ,0.0011547178563980198,1.0,"(min = 0.94, max = 1.06)",66.0,0,0
2772,bus-2772,true,PQ,-0.03753381170962114,1.0,"(min = 0.94, max = 1.06)",66.0,0,0
5439,bus-5439,true,PQ,-0.0005136278910958975,1.0,"(min = 0.94, max = 1.06)",66.0,0,0
5913,bus-5913,true,PQ,-0.0007450548358496973,1.0,"(min = 0.94, max = 1.06)",66.0,0,0
1008,bus-1008,true,PQ,0.0020349219085740596,1.0,"(min = 0.94, max = 1.06)",66.0,0,0
2841,bus-2841,true,PQ,-0.0289696669476503,1.0,"(min = 0.94, max = 1.06)",230.0,0,0
8855,bus-8855,true,PQ,-0.002710551533111434,1.0,"(min = 0.94, max = 1.06)",115.0,0,0
6590,bus-6590,true,PQ,-0.0007309791655847373,1.0,"(min = 0.94, max = 1.06)",66.0,0,0
7217,bus-7217,true,PQ,-0.03478669645370492,1.0,"(min = 0.94, max = 1.06)",66.0,0,0
3762,bus-3762,true,PQ,-0.0351777516097812,1.0,"(min = 0.94, max = 1.06)",66.0,0,0
8087,bus-8087,true,PQ,-0.03467468436390458,1.0,"(min = 0.94, max = 1.06)",115.0,0,0
1138,bus-1138,true,PQ,-0.03238869347394568,1.0,"(min = 0.94, max = 1.06)",66.0,0,0
2193,bus-2193,true,PQ,-0.010524287323158209,1.0,"(min = 0.94, max = 1.06)",66.0,0,0
3780,bus-3780,true,PQ,-0.03254073207214663,1.0,"(min = 0.94, max = 1.06)",66.0,0,0
3797,bus-3797,true,PQ,-0.03216210278767994,1.0,"(min = 0.94, max = 1.06)",115.0,0,0
7495,bus-7495,true,PQ,-0.02707305430142235,1.0,"(min = 0.94, max = 1.06)",230.0,0,0
5876,bus-5876,true,PQ,-0.0009228054640207411,1.0,"(min = 0.94, max = 1.06)",66.0,0,0
1084,bus-1084,true,PV,0.006719930163653462,1.0,"(min = 0.94, max = 1.06)",66.0,0,0
5218,bus-5218,true,PQ,0.0025672239604736464,1.0,"(min = 0.94, max = 1.06)",115.0,0,0
6604,bus-6604,true,PQ,0.000463333528675328,1.0,"(min = 0.94, max = 1.06)",66.0,0,0
3511,bus-3511,true,PQ,-0.030476325566027054,1.0,"(min = 0.94, max = 1.06)",66.0,0,0
364,bus-364,true,PQ,-0.0005701263911164943,1.0,"(min = 0.94, max = 1.06)",66.0,0,0
3890,bus-3890,true,PQ,-0.03405285601454309,1.0,"(min = 0.94, max = 1.06)",115.0,0,0
756,bus-756,true,PQ,-0.035778478928486075,1.0,"(min = 0.94, max = 1.06)",66.0,0,0
6344,bus-6344,true,PQ,-0.0004857564472727905,1.0,"(min = 0.94, max = 1.06)",66.0,0,0
3008,bus-3008,true,PQ,-0.033288222382322465,1.0,"(min = 0.94, max = 1.06)",115.0,0,0
4271,bus-4271,true,PQ,-0.005616262135442738,1.0,"(min = 0.94, max = 1.06)",115.0,0,0
4979,bus-4979,true,PQ,-0.004635315746762104,1.0,"(min = 0.94, max = 1.06)",66.0,0,0
3257,bus-3257,true,PQ,-0.03219043297209831,1.0,"(min = 0.94, max = 1.06)",115.0,0,0
8101,bus-8101,true,PQ,-0.03212497858729247,1.0,"(min = 0.94, max = 1.06)",66.0,0,0
1409,bus-1409,true,PV,-0.034819660312754415,1.0,"(min = 0.94, max = 1.06)",115.0,0,0
4561,bus-4561,true,PQ,-0.012294975807758287,1.0,"(min = 0.94, max = 1.06)",115.0,0,0
5167,bus-5167,true,PQ,0.000997100552353173,1.0,"(min = 0.94, max = 1.06)",66.0,0,0
1186,bus-1186,true,PV,-0.00294993731539001,1.0,"(min = 0.94, max = 1.06)",115.0,0,0
3350,bus-3350,true,PQ,-0.03112003702808298,1.0,"(min = 0.94, max = 1.06)",230.0,0,0
1807,bus-1807,true,PV,-0.033171808572148596,1.0,"(min = 0.94, max = 1.06)",66.0,0,0
6092,bus-6092,true,PQ,2.3309392617567215e-5,1.0,"(min = 0.94, max = 1.06)",66.0,0,0
686,bus-686,true,PV,0.0019793529464784657,1.0,"(min = 0.94, max = 1.06)",66.0,0,0
4381,bus-4381,true,PQ,-0.03833983879211253,1.0,"(min = 0.94, max = 1.06)",66.0,0,0
4969,bus-4969,true,PQ,-0.0024503762614477283,1.0,"(min = 0.94, max = 1.06)",66.0,0,0
1380,bus-1380,true,PQ,-0.030026402199610266,1.0,"(min = 0.94, max = 1.06)",66.0,0,0
3452,bus-3452,true,PQ,-0.03500195663699965,1.0,"(min = 0.94, max = 1.06)",115.0,0,0
4990,bus-4990,true,PQ,-0.004297559088864093,1.0,"(min = 0.94, max = 1.06)",66.0,0,0
2433,bus-2433,true,PQ,0.0006681528556786458,1.0,"(min = 0.94, max = 1.06)",66.0,0,0
2441,bus-2441,true,PQ,0.0006332403068487052,1.0,"(min = 0.94, max = 1.06)",66.0,0,0
5291,bus-5291,true,PQ,0.0020045146427194746,1.0,"(min = 0.94, max = 1.06)",66.0,0,0
7300,bus-7300,true,PQ,-0.034670704838677104,1.0,"(min = 0.94, max = 1.06)",66.0,0,0
2352,bus-2352,true,PQ,-0.03459926868692591,1.0,"(min = 0.94, max = 1.06)",66.0,0,0
911,bus-911,true,PQ,-0.03505393865077642,1.0,"(min = 0.94, max = 1.06)",66.0,0,0
3073,bus-3073,true,PQ,-0.03051572288323233,1.0,"(min = 0.94, max = 1.06)",230.0,0,0
7218,bus-7218,true,PQ,-0.034898282857700705,1.0,"(min = 0.94, max = 1.06)",66.0,0,0
4954,bus-4954,true,PQ,-0.003240492974837821,1.0,"(min = 0.94, max = 1.06)",66.0,0,0
75,bus-75,true,PQ,-0.03260422854659759,1.0,"(min = 0.94, max = 1.06)",115.0,0,0
560,bus-560,true,PQ,-0.0007091931891898269,1.0,"(min = 0.94, max = 1.06)",66.0,0,0
7156,bus-7156,true,PQ,-0.03496380007435962,1.0,"(min = 0.94, max = 1.06)",66.0,0,0
1642,bus-1642,true,PV,-0.022319169769005644,1.0,"(min = 0.94, max = 1.06)",230.0,0,0
3185,bus-3185,true,PQ,-0.0320196202161995,1.0,"(min = 0.94, max = 1.06)",115.0,0,0
4945,bus-4945,true,PQ,-0.003755580722151939,1.0,"(min = 0.94, max = 1.06)",66.0,0,0
2307,bus-2307,true,PQ,0.00723298503872132,1.0,"(min = 0.94, max = 1.06)",66.0,0,0
3058,bus-3058,true,PQ,-0.026995362715099076,1.0,"(min = 0.94, max = 1.06)",115.0,0,0
7324,bus-7324,true,PQ,-0.03490855097875604,1.0,"(min = 0.94, max = 1.06)",66.0,0,0
1512,bus-1512,true,PV,0.007750869553988713,1.0,"(min = 0.94, max = 1.06)",230.0,0,0
770,bus-770,true,PQ,0.010434195172499511,1.0,"(min = 0.94, max = 1.06)",115.0,0,0
5840,bus-5840,true,PQ,-0.0008957593322956953,1.0,"(min = 0.94, max = 1.06)",66.0,0,0
6257,bus-6257,true,PQ,0.0006754601007071282,1.0,"(min = 0.94, max = 1.06)",66.0,0,0
6558,bus-6558,true,PQ,-7.52243854019979e-5,1.0,"(min = 0.94, max = 1.06)",66.0,0,0
1029,bus-1029,true,PQ,-5.1465078493726e-5,1.0,"(min = 0.94, max = 1.06)",66.0,0,0
3837,bus-3837,true,PQ,-0.0314402756242925,1.0,"(min = 0.94, max = 1.06)",66.0,0,0
3285,bus-3285,true,PQ,-0.03053723755692166,1.0,"(min = 0.94, max = 1.06)",230.0,0,0
3384,bus-3384,true,PQ,-0.012574392357040848,1.0,"(min = 0.94, max = 1.06)",230.0,0,0
6818,bus-6818,true,PQ,0.003081926339088924,1.0,"(min = 0.94, max = 1.06)",230.0,0,0
8262,bus-8262,true,PQ,0.0013937791854593082,1.0,"(min = 0.94, max = 1.06)",500.0,0,0
3345,bus-3345,true,PQ,-0.029495878655671756,1.0,"(min = 0.94, max = 1.06)",230.0,0,0
4038,bus-4038,true,PQ,-0.022402175010236617,1.0,"(min = 0.94, max = 1.06)",115.0,0,0
382,bus-382,true,PQ,-0.0003351901826488797,1.0,"(min = 0.94, max = 1.06)",66.0,0,0
1841,bus-1841,true,PV,0.004356783677984574,1.0,"(min = 0.94, max = 1.06)",115.0,0,0
2536,bus-2536,true,PQ,0.011390711838574132,1.0,"(min = 0.94, max = 1.06)",115.0,0,0
7751,bus-7751,true,PV,0.015580608302853608,1.0,"(min = 0.94, max = 1.06)",230.0,0,0
8439,bus-8439,true,PQ,0.002791797674442614,1.0,"(min = 0.94, max = 1.06)",66.0,0,0
6788,bus-6788,true,PQ,0.007839819002679542,1.0,"(min = 0.94, max = 1.06)",230.0,0,0
2201,bus-2201,true,PQ,-0.0038428816724576753,1.0,"(min = 0.94, max = 1.06)",66.0,0,0
7723,bus-7723,true,PQ,-0.007011364910538918,1.0,"(min = 0.94, max = 1.06)",230.0,0,0
4957,bus-4957,true,PQ,-0.003303508593626559,1.0,"(min = 0.94, max = 1.06)",66.0,0,0
5347,bus-5347,true,PQ,0.00039028100306924383,1.0,"(min = 0.94, max = 1.06)",66.0,0,0
7615,bus-7615,true,PQ,-0.012599329813379561,1.0,"(min = 0.94, max = 1.06)",230.0,0,0
7095,bus-7095,true,PQ,-0.03406664010137656,1.0,"(min = 0.94, max = 1.06)",115.0,0,0
4521,bus-4521,true,PQ,-0.03276104149296737,1.0,"(min = 0.94, max = 1.06)",66.0,0,0
7266,bus-7266,true,PQ,-0.034461138617534096,1.0,"(min = 0.94, max = 1.06)",66.0,0,0
1155,bus-1155,true,PQ,-0.030559408823475593,1.0,"(min = 0.94, max = 1.06)",66.0,0,0
4670,bus-4670,true,PQ,-0.04132335802254675,1.0,"(min = 0.94, max = 1.06)",66.0,0,0
2185,bus-2185,true,PQ,-0.012470124310584897,1.0,"(min = 0.94, max = 1.06)",115.0,0,0
8111,bus-8111,true,PQ,-0.030732794892823538,1.0,"(min = 0.94, max = 1.06)",230.0,0,0
3962,bus-3962,true,PQ,-0.03215152138002387,1.0,"(min = 0.94, max = 1.06)",66.0,0,0
965,bus-965,true,PQ,-0.03495166218207662,1.0,"(min = 0.94, max = 1.06)",66.0,0,0
4114,bus-4114,true,PQ,-0.009586526017585396,1.0,"(min = 0.94, max = 1.06)",115.0,0,0
4761,bus-4761,true,PQ,-8.874969977219611e-5,1.0,"(min = 0.94, max = 1.06)",66.0,0,0
7072,bus-7072,true,PQ,-0.034333714223241094,1.0,"(min = 0.94, max = 1.06)",66.0,0,0
2237,bus-2237,true,PV,-0.032237186503034886,1.0,"(min = 0.94, max = 1.06)",66.0,0,0
5147,bus-5147,true,PQ,0.0020817819395015902,1.0,"(min = 0.94, max = 1.06)",66.0,0,0
1327,bus-1327,true,PQ,-0.03303096591203333,1.0,"(min = 0.94, max = 1.06)",66.0,0,0
2304,bus-2304,true,PV,-0.03399519557204495,1.0,"(min = 0.94, max = 1.06)",66.0,0,0
5455,bus-5455,true,PQ,0.0027219514827333934,1.0,"(min = 0.94, max = 1.06)",66.0,0,0
7601,bus-7601,true,PQ,0.014807278078942733,1.0,"(min = 0.94, max = 1.06)",115.0,0,0
7942,bus-7942,true,PQ,0.00016530052109400983,1.0,"(min = 0.94, max = 1.06)",115.0,0,0
876,bus-876,true,PQ,-0.034879179356373,1.0,"(min = 0.94, max = 1.06)",66.0,0,0
2131,bus-2131,true,PQ,-0.034881139535655914,1.0,"(min = 0.94, max = 1.06)",66.0,0,0
6673,bus-6673,true,PQ,-1.945340772867056e-5,1.0,"(min = 0.94, max = 1.06)",66.0,0,0
1526,bus-1526,true,PQ,0.009349121061834786,1.0,"(min = 0.94, max = 1.06)",66.0,0,0
2487,bus-2487,true,PQ,-0.030357088336722238,1.0,"(min = 0.94, max = 1.06)",115.0,0,0
2460,bus-2460,true,PQ,0.002166488702220332,1.0,"(min = 0.94, max = 1.06)",66.0,0,0
3170,bus-3170,true,PQ,-0.033735762152579805,1.0,"(min = 0.94, max = 1.06)",115.0,0,0
3985,bus-3985,true,PQ,-0.03224512286420955,1.0,"(min = 0.94, max = 1.06)",66.0,0,0
5386,bus-5386,true,PQ,-0.003261508309828159,1.0,"(min = 0.94, max = 1.06)",66.0,0,0
5538,bus-5538,true,PQ,0.009672949713049201,1.0,"(min = 0.94, max = 1.06)",115.0,0,0
1474,bus-1474,true,PQ,0.00037374924090369504,1.0,"(min = 0.94, max = 1.06)",66.0,0,0
2159,bus-2159,true,PQ,-0.034464944307968065,1.0,"(min = 0.94, max = 1.06)",66.0,0,0
6997,bus-6997,true,PQ,0.013488253123836851,1.0,"(min = 0.94, max = 1.06)",66.0,0,0
3955,bus-3955,true,PQ,-0.03373635102666943,1.0,"(min = 0.94, max = 1.06)",115.0,0,0
6045,bus-6045,true,PQ,-0.0012363492861428944,1.0,"(min = 0.94, max = 1.06)",66.0,0,0
7290,bus-7290,true,PQ,-0.0344060778429568,1.0,"(min = 0.94, max = 1.06)",66.0,0,0
4627,bus-4627,true,PQ,-0.030093099084310605,1.0,"(min = 0.94, max = 1.06)",230.0,0,0
3153,bus-3153,true,PQ,-0.03313079944337911,1.0,"(min = 0.94, max = 1.06)",115.0,0,0
4278,bus-4278,true,PQ,-0.0018500461971338936,1.0,"(min = 0.94, max = 1.06)",115.0,0,0
5111,bus-5111,true,PQ,0.007291550992941978,1.0,"(min = 0.94, max = 1.06)",66.0,0,0
5114,bus-5114,true,PQ,0.010108858783704176,1.0,"(min = 0.94, max = 1.06)",66.0,0,0
3404,bus-3404,true,PQ,-0.03018884802160794,1.0,"(min = 0.94, max = 1.06)",230.0,0,0
4724,bus-4724,true,PQ,-0.0003850111018205653,1.0,"(min = 0.94, max = 1.06)",230.0,0,0
4389,bus-4389,true,PQ,-0.03257932741056061,1.0,"(min = 0.94, max = 1.06)",230.0,0,0
8689,bus-8689,true,PQ,-0.0007782109062643819,1.0,"(min = 0.94, max = 1.06)",66.0,0,0
1355,bus-1355,true,PQ,-0.030923194606252855,1.0,"(min = 0.94, max = 1.06)",66.0,0,0
7365,bus-7365,true,PQ,-0.035039246643666054,1.0,"(min = 0.94, max = 1.06)",66.0,0,0
4254,bus-4254,true,PQ,-0.006527273652234858,1.0,"(min = 0.94, max = 1.06)",115.0,0,0
5662,bus-5662,true,PQ,0.0017234952685730139,1.0,"(min = 0.94, max = 1.06)",66.0,0,0
7431,bus-7431,true,PQ,-0.03489482344059033,1.0,"(min = 0.94, max = 1.06)",66.0,0,0
7439,bus-7439,true,PQ,-0.03485332212897178,1.0,"(min = 0.94, max = 1.06)",66.0,0,0
8321,bus-8321,true,PQ,-0.03261000227029611,1.0,"(min = 0.94, max = 1.06)",115.0,0,0
610,bus-610,true,PV,-0.02117712177601064,1.0,"(min = 0.94, max = 1.06)",230.0,0,0
8477,bus-8477,true,PQ,-0.0335835881168289,1.0,"(min = 0.94, max = 1.06)",115.0,0,0
2716,bus-2716,true,PQ,-0.02933166795673447,1.0,"(min = 0.94, max = 1.06)",66.0,0,0
4387,bus-4387,true,PQ,-0.032847843348920214,1.0,"(min = 0.94, max = 1.06)",230.0,0,0
6290,bus-6290,true,PQ,-0.0013887487311666986,1.0,"(min = 0.94, max = 1.06)",66.0,0,0
6636,bus-6636,true,PQ,0.0006701819370697708,1.0,"(min = 0.94, max = 1.06)",66.0,0,0
7027,bus-7027,true,PQ,0.008626763283448162,1.0,"(min = 0.94, max = 1.06)",230.0,0,0
4917,bus-4917,true,PQ,0.012338716952765795,1.0,"(min = 0.94, max = 1.06)",115.0,0,0
2546,bus-2546,true,PQ,0.014872942758470148,1.0,"(min = 0.94, max = 1.06)",115.0,0,0
33,bus-33,true,PQ,-0.03206230800264356,1.0,"(min = 0.94, max = 1.06)",66.0,0,0
3259,bus-3259,true,PQ,-0.030281038058027534,1.0,"(min = 0.94, max = 1.06)",230.0,0,0
1270,bus-1270,true,PQ,-0.029626557390888028,1.0,"(min = 0.94, max = 1.06)",66.0,0,0
4233,bus-4233,true,PQ,-0.016959749518341522,1.0,"(min = 0.94, max = 1.06)",66.0,0,0
4391,bus-4391,true,PQ,-0.0346648363436002,1.0,"(min = 0.94, max = 1.06)",115.0,0,0
5322,bus-5322,true,PQ,0.0016796539503930866,1.0,"(min = 0.94, max = 1.06)",66.0,0,0
8680,bus-8680,true,PV,-0.0011371115264279445,1.0,"(min = 0.94, max = 1.06)",230.0,0,0
3453,bus-3453,true,PQ,-0.03499202344462777,1.0,"(min = 0.94, max = 1.06)",115.0,0,0
5600,bus-5600,true,PQ,0.001144053746315348,1.0,"(min = 0.94, max = 1.06)",66.0,0,0
3764,bus-3764,true,PQ,-0.03492282620124103,1.0,"(min = 0.94, max = 1.06)",66.0,0,0
5472,bus-5472,true,PQ,0.0035860242542487186,1.0,"(min = 0.94, max = 1.06)",115.0,0,0
1962,bus-1962,true,PQ,-0.029344273597256998,1.0,"(min = 0.94, max = 1.06)",66.0,0,0
2657,bus-2657,true,PQ,0.000347546708836613,1.0,"(min = 0.94, max = 1.06)",230.0,0,0
2928,bus-2928,true,PQ,-0.03161848089677106,1.0,"(min = 0.94, max = 1.06)",115.0,0,0
2810,bus-2810,true,PQ,-0.008141037471939732,1.0,"(min = 0.94, max = 1.06)",230.0,0,0
4370,bus-4370,true,PQ,-0.037022134056412734,1.0,"(min = 0.94, max = 1.06)",66.0,0,0
783,bus-783,true,PQ,0.002084842321985085,1.0,"(min = 0.94, max = 1.06)",66.0,0,0
5243,bus-5243,true,PQ,0.005570186560200809,1.0,"(min = 0.94, max = 1.06)",66.0,0,0
3784,bus-3784,true,PQ,-0.032036751146406604,1.0,"(min = 0.94, max = 1.06)",66.0,0,0
2387,bus-2387,true,PQ,0.002167442472296669,1.0,"(min = 0.94, max = 1.06)",66.0,0,0
5321,bus-5321,true,PQ,0.0016602691438778632,1.0,"(min = 0.94, max = 1.06)",66.0,0,0
3936,bus-3936,true,PQ,-0.034484795159281476,1.0,"(min = 0.94, max = 1.06)",66.0,0,0
7209,bus-7209,true,PQ,-0.03479666280733258,1.0,"(min = 0.94, max = 1.06)",66.0,0,0
1358,bus-1358,true,PQ,-0.028913188791187462,1.0,"(min = 0.94, max = 1.06)",66.0,0,0
397,bus-397,true,PQ,-0.00043113286371048993,1.0,"(min = 0.94, max = 1.06)",66.0,0,0
773,bus-773,true,PQ,0.009317525174399715,1.0,"(min = 0.94, max = 1.06)",66.0,0,0
7856,bus-7856,true,PQ,0.003198065312265485,1.0,"(min = 0.94, max = 1.06)",66.0,0,0
8592,bus-8592,true,PQ,-0.03482329059759856,1.0,"(min = 0.94, max = 1.06)",115.0,0,0
8194,bus-8194,true,PQ,0.00444963289035606,1.0,"(min = 0.94, max = 1.06)",115.0,0,0
1100,bus-1100,true,PQ,0.005865555244313674,1.0,"(min = 0.94, max = 1.06)",66.0,0,0
6980,bus-6980,true,PQ,0.007962923200928377,1.0,"(min = 0.94, max = 1.06)",66.0,0,0
2377,bus-2377,true,PQ,-0.03369160741689945,1.0,"(min = 0.94, max = 1.06)",66.0,0,0
3078,bus-3078,true,PQ,-0.03186944999296281,1.0,"(min = 0.94, max = 1.06)",115.0,0,0
2673,bus-2673,true,PQ,-0.03955138300339514,1.0,"(min = 0.94, max = 1.06)",66.0,0,0
3855,bus-3855,true,PQ,-0.0317469195018924,1.0,"(min = 0.94, max = 1.06)",66.0,0,0
4589,bus-4589,true,PQ,-0.005753272314320007,1.0,"(min = 0.94, max = 1.06)",115.0,0,0
3462,bus-3462,true,PQ,-0.03309451492089477,1.0,"(min = 0.94, max = 1.06)",115.0,0,0
5238,bus-5238,true,PQ,0.003858604226678171,1.0,"(min = 0.94, max = 1.06)",66.0,0,0
6996,bus-6996,true,PV,0.013546161525261816,1.0,"(min = 0.94, max = 1.06)",66.0,0,0
7157,bus-7157,true,PQ,-0.0348871907667055,1.0,"(min = 0.94, max = 1.06)",66.0,0,0
4709,bus-4709,true,PQ,0.006381706665087129,1.0,"(min = 0.94, max = 1.06)",230.0,0,0
5303,bus-5303,true,PQ,0.0015272742956576706,1.0,"(min = 0.94, max = 1.06)",66.0,0,0
6713,bus-6713,true,PQ,0.0010496217262611553,1.0,"(min = 0.94, max = 1.06)",66.0,0,0
3260,bus-3260,true,PQ,-0.03076370990986412,1.0,"(min = 0.94, max = 1.06)",115.0,0,0
1080,bus-1080,true,PQ,0.006843835799641521,1.0,"(min = 0.94, max = 1.06)",66.0,0,0
1102,bus-1102,true,PQ,0.0068843788905941375,1.0,"(min = 0.94, max = 1.06)",66.0,0,0
8688,bus-8688,true,PQ,0.00019522556451904104,1.0,"(min = 0.94, max = 1.06)",230.0,0,0
7055,bus-7055,true,PQ,-0.03282736156108221,1.0,"(min = 0.94, max = 1.06)",230.0,0,0
3150,bus-3150,true,PQ,-0.034815384430619954,1.0,"(min = 0.94, max = 1.06)",115.0,0,0
4397,bus-4397,true,PQ,-0.033891838744538175,1.0,"(min = 0.94, max = 1.06)",66.0,0,0
215,bus-215,true,PQ,-0.017229162800282742,1.0,"(min = 0.94, max = 1.06)",66.0,0,0
4340,bus-4340,true,PQ,-0.03325973983066039,1.0,"(min = 0.94, max = 1.06)",66.0,0,0
8457,bus-8457,true,PQ,-0.03576829371057021,1.0,"(min = 0.94, max = 1.06)",66.0,0,0
7367,bus-7367,true,PQ,-0.035091894326019536,1.0,"(min = 0.94, max = 1.06)",66.0,0,0
1551,bus-1551,true,PQ,-0.03267925885487742,1.0,"(min = 0.94, max = 1.06)",66.0,0,0
7690,bus-7690,true,PQ,-0.00016822458149468465,1.0,"(min = 0.94, max = 1.06)",230.0,0,0
137,bus-137,true,PV,-0.02064588090174956,1.0,"(min = 0.94, max = 1.06)",66.0,0,0
7511,bus-7511,true,PQ,-0.029151501632308372,1.0,"(min = 0.94, max = 1.06)",66.0,0,0
7491,bus-7491,true,PQ,-0.02708415756252476,1.0,"(min = 0.94, max = 1.06)",230.0,0,0
3598,bus-3598,true,PQ,-0.03335544635645691,1.0,"(min = 0.94, max = 1.06)",66.0,0,0
1542,bus-1542,true,PV,0.007019344119546723,1.0,"(min = 0.94, max = 1.06)",66.0,0,0
236,bus-236,true,PV,0.021356014533681557,1.0,"(min = 0.94, max = 1.06)",115.0,0,0
2553,bus-2553,true,PQ,0.014975292339012307,1.0,"(min = 0.94, max = 1.06)",66.0,0,0
3188,bus-3188,true,PQ,-0.03202326149661794,1.0,"(min = 0.94, max = 1.06)",115.0,0,0
5678,bus-5678,true,PQ,0.0012978065475664166,1.0,"(min = 0.94, max = 1.06)",66.0,0,0
7437,bus-7437,true,PQ,-0.034649906971711567,1.0,"(min = 0.94, max = 1.06)",66.0,0,0
8128,bus-8128,true,PQ,-0.0014650929285434224,1.0,"(min = 0.94, max = 1.06)",230.0,0,0
3030,bus-3030,true,PQ,-0.030097623501330557,1.0,"(min = 0.94, max = 1.06)",115.0,0,0
6136,bus-6136,true,PQ,-0.0011533212439305738,1.0,"(min = 0.94, max = 1.06)",66.0,0,0
8442,bus-8442,true,PQ,-0.032563818240294466,1.0,"(min = 0.94, max = 1.06)",115.0,0,0
1145,bus-1145,true,PQ,-0.0324883500289053,1.0,"(min = 0.94, max = 1.06)",66.0,0,0
2925,bus-2925,true,PQ,-0.030726439101819478,1.0,"(min = 0.94, max = 1.06)",230.0,0,0
8170,bus-8170,true,PQ,0.0006663270021709522,1.0,"(min = 0.94, max = 1.06)",66.0,0,0
1856,bus-1856,true,PV,0.009914118104812596,1.0,"(min = 0.94, max = 1.06)",115.0,0,0
7992,bus-7992,true,PQ,-0.031555606283132594,1.0,"(min = 0.94, max = 1.06)",115.0,0,0
8728,bus-8728,true,PQ,0.010963015083101858,1.0,"(min = 0.94, max = 1.06)",66.0,0,0
6048,bus-6048,true,PQ,-0.00033875871250810453,1.0,"(min = 0.94, max = 1.06)",66.0,0,0
26,bus-26,true,PQ,-0.032542134269667684,1.0,"(min = 0.94, max = 1.06)",66.0,0,0
3357,bus-3357,true,PQ,-0.031245800741592708,1.0,"(min = 0.94, max = 1.06)",230.0,0,0
4036,bus-4036,true,PQ,-0.02240231498564263,1.0,"(min = 0.94, max = 1.06)",115.0,0,0
2134,bus-2134,true,PQ,-0.03278518341077973,1.0,"(min = 0.94, max = 1.06)",66.0,0,0
8731,bus-8731,true,PQ,-0.00048107078800990006,1.0,"(min = 0.94, max = 1.06)",66.0,0,0
6535,bus-6535,true,PQ,-0.000620392953932738,1.0,"(min = 0.94, max = 1.06)",66.0,0,0
1344,bus-1344,true,PV,-0.03572877509298193,1.0,"(min = 0.94, max = 1.06)",66.0,0,0
5181,bus-5181,true,PQ,0.004362774590455215,1.0,"(min = 0.94, max = 1.06)",115.0,0,0
7542,bus-7542,true,PQ,-0.03127411015659298,1.0,"(min = 0.94, max = 1.06)",66.0,0,0
5529,bus-5529,true,PQ,0.009923916714845849,1.0,"(min = 0.94, max = 1.06)",115.0,0,0
1953,bus-1953,true,PV,0.0010720160424028359,1.0,"(min = 0.94, max = 1.06)",66.0,0,0
3550,bus-3550,true,PQ,0.00864809207957216,1.0,"(min = 0.94, max = 1.06)",66.0,0,0
4693,bus-4693,true,PQ,0.003254293520126143,1.0,"(min = 0.94, max = 1.06)",66.0,0,0
4694,bus-4694,true,PQ,0.0031780354250774074,1.0,"(min = 0.94, max = 1.06)",66.0,0,0
607,bus-607,true,PV,-0.021452896189663433,1.0,"(min = 0.94, max = 1.06)",66.0,0,0
6207,bus-6207,true,PQ,-7.542656783320742e-5,1.0,"(min = 0.94, max = 1.06)",66.0,0,0
13,bus-13,true,PQ,-0.0331088257480965,1.0,"(min = 0.94, max = 1.06)",115.0,0,0
229,bus-229,true,PV,-0.01803498772128688,1.0,"(min = 0.94, max = 1.06)",66.0,0,0
1290,bus-1290,true,PQ,-0.036341032754857186,1.0,"(min = 0.94, max = 1.06)",66.0,0,0
4263,bus-4263,true,PQ,-0.0055172782827367095,1.0,"(min = 0.94, max = 1.06)",115.0,0,0
4491,bus-4491,true,PQ,-0.034518641456800774,1.0,"(min = 0.94, max = 1.06)",66.0,0,0
8694,bus-8694,true,PQ,-0.033001403001564275,1.0,"(min = 0.94, max = 1.06)",230.0,0,0
5738,bus-5738,true,PQ,0.001029723511947836,1.0,"(min = 0.94, max = 1.06)",66.0,0,0
2769,bus-2769,true,PQ,-0.03671263988161141,1.0,"(min = 0.94, max = 1.06)",66.0,0,0
3435,bus-3435,true,PQ,-0.03254605253383842,1.0,"(min = 0.94, max = 1.06)",230.0,0,0
4859,bus-4859,true,PQ,-0.00025482785161630027,1.0,"(min = 0.94, max = 1.06)",230.0,0,0
1645,bus-1645,true,PV,-0.01101850208453578,1.0,"(min = 0.94, max = 1.06)",115.0,0,0
7885,bus-7885,true,PQ,-0.00046897338387489327,1.0,"(min = 0.94, max = 1.06)",66.0,0,0
5105,bus-5105,true,PQ,0.006574031930466997,1.0,"(min = 0.94, max = 1.06)",66.0,0,0
5708,bus-5708,true,PQ,0.0006349312481505488,1.0,"(min = 0.94, max = 1.06)",66.0,0,0
4765,bus-4765,true,PQ,-5.2108999569825094e-5,1.0,"(min = 0.94, max = 1.06)",66.0,0,0
8734,bus-8734,true,PQ,0.0021956771872049573,1.0,"(min = 0.94, max = 1.06)",115.0,0,0
2335,bus-2335,true,PQ,-0.03183730731132638,1.0,"(min = 0.94, max = 1.06)",66.0,0,0
3862,bus-3862,true,PQ,-0.032114165399911736,1.0,"(min = 0.94, max = 1.06)",66.0,0,0
110,bus-110,true,PQ,-0.015510986857192165,1.0,"(min = 0.94, max = 1.06)",66.0,0,0
5753,bus-5753,true,PQ,0.002651210006931069,1.0,"(min = 0.94, max = 1.06)",66.0,0,0
5990,bus-5990,true,PQ,-0.0012676533562723613,1.0,"(min = 0.94, max = 1.06)",66.0,0,0
612,bus-612,true,PQ,-0.030119438720717085,1.0,"(min = 0.94, max = 1.06)",66.0,0,0
3496,bus-3496,true,PQ,-0.03856218553576912,1.0,"(min = 0.94, max = 1.06)",66.0,0,0
1712,bus-1712,true,PV,0.01340442391266601,1.0,"(min = 0.94, max = 1.06)",115.0,0,0
6211,bus-6211,true,PQ,-0.0004943878055369203,1.0,"(min = 0.94, max = 1.06)",66.0,0,0
576,bus-576,true,PV,-0.015932406588369516,1.0,"(min = 0.94, max = 1.06)",115.0,0,0
8490,bus-8490,true,PQ,-0.030372995092991982,1.0,"(min = 0.94, max = 1.06)",66.0,0,0
8344,bus-8344,true,PQ,0.0017367094600271528,1.0,"(min = 0.94, max = 1.06)",66.0,0,0
1076,bus-1076,true,PQ,0.004417708252703083,1.0,"(min = 0.94, max = 1.06)",66.0,0,0
2931,bus-2931,true,PQ,-0.030454142431234208,1.0,"(min = 0.94, max = 1.06)",66.0,0,0
5186,bus-5186,true,PQ,0.00588536494076332,1.0,"(min = 0.94, max = 1.06)",115.0,0,0
8307,bus-8307,true,PQ,-0.02976147937058175,1.0,"(min = 0.94, max = 1.06)",230.0,0,0
4188,bus-4188,true,PQ,-0.00855171906489419,1.0,"(min = 0.94, max = 1.06)",66.0,0,0
8240,bus-8240,true,PQ,0.0003146820647737802,1.0,"(min = 0.94, max = 1.06)",66.0,0,0
7614,bus-7614,true,PQ,0.0030172942487068665,1.0,"(min = 0.94, max = 1.06)",66.0,0,0
2741,bus-2741,true,PQ,-0.03605915492481017,1.0,"(min = 0.94, max = 1.06)",66.0,0,0
4914,bus-4914,true,PQ,0.013899611834727911,1.0,"(min = 0.94, max = 1.06)",115.0,0,0
7583,bus-7583,true,PV,0.01299616621552343,1.0,"(min = 0.94, max = 1.06)",230.0,0,0
3612,bus-3612,true,PQ,-0.034671324954160344,1.0,"(min = 0.94, max = 1.06)",66.0,0,0
4569,bus-4569,true,PQ,-0.015507239635288135,1.0,"(min = 0.94, max = 1.06)",66.0,0,0
3568,bus-3568,true,PQ,-0.04357074362571493,1.0,"(min = 0.94, max = 1.06)",66.0,0,0
3754,bus-3754,true,PQ,-0.03309552180134025,1.0,"(min = 0.94, max = 1.06)",115.0,0,0
616,bus-616,true,PQ,-0.023606639118875596,1.0,"(min = 0.94, max = 1.06)",66.0,0,0
5043,bus-5043,true,PQ,-0.00436137508074121,1.0,"(min = 0.94, max = 1.06)",66.0,0,0
8529,bus-8529,true,PQ,-0.032175301316549366,1.0,"(min = 0.94, max = 1.06)",66.0,0,0
1049,bus-1049,true,PQ,0.006442772855821144,1.0,"(min = 0.94, max = 1.06)",66.0,0,0
4560,bus-4560,true,PQ,-0.021624770280280377,1.0,"(min = 0.94, max = 1.06)",66.0,0,0
7728,bus-7728,true,PQ,-0.034656351250908705,1.0,"(min = 0.94, max = 1.06)",115.0,0,0
5453,bus-5453,true,PQ,0.0026920837854170617,1.0,"(min = 0.94, max = 1.06)",66.0,0,0
6795,bus-6795,true,PQ,0.0077953128275010065,1.0,"(min = 0.94, max = 1.06)",230.0,0,0
4784,bus-4784,true,PQ,0.0009686770923035868,1.0,"(min = 0.94, max = 1.06)",230.0,0,0
7632,bus-7632,true,PQ,-0.02620374053305609,1.0,"(min = 0.94, max = 1.06)",500.0,0,0
145,bus-145,true,PV,-0.01904930990162706,1.0,"(min = 0.94, max = 1.06)",66.0,0,0
7350,bus-7350,true,PQ,-0.03487637269240287,1.0,"(min = 0.94, max = 1.06)",66.0,0,0
5443,bus-5443,true,PQ,0.00011598978068677092,1.0,"(min = 0.94, max = 1.06)",66.0,0,0
4505,bus-4505,true,PQ,-0.028306025745398776,1.0,"(min = 0.94, max = 1.06)",230.0,0,0
8329,bus-8329,true,PQ,0.014351926598925903,1.0,"(min = 0.94, max = 1.06)",115.0,0,0
4827,bus-4827,true,PQ,0.004326175716719302,1.0,"(min = 0.94, max = 1.06)",66.0,0,0
7906,bus-7906,true,PQ,0.0030981156118046957,1.0,"(min = 0.94, max = 1.06)",115.0,0,0
49,bus-49,true,PV,-0.033231500403363125,1.0,"(min = 0.94, max = 1.06)",66.0,0,0
3716,bus-3716,true,PQ,-0.03544094970444289,1.0,"(min = 0.94, max = 1.06)",66.0,0,0
7802,bus-7802,true,PQ,0.004321976646525221,1.0,"(min = 0.94, max = 1.06)",115.0,0,0
7011,bus-7011,true,PQ,0.008102187943773495,1.0,"(min = 0.94, max = 1.06)",66.0,0,0
4166,bus-4166,true,PQ,-0.026450283299731855,1.0,"(min = 0.94, max = 1.06)",66.0,0,0
2941,bus-2941,true,PQ,-0.031129392691005366,1.0,"(min = 0.94, max = 1.06)",230.0,0,0
4700,bus-4700,true,PQ,0.0026042655020677426,1.0,"(min = 0.94, max = 1.06)",66.0,0,0
7763,bus-7763,true,PQ,0.008513882892344954,1.0,"(min = 0.94, max = 1.06)",115.0,0,0
516,bus-516,true,PQ,-0.0003122889146820061,1.0,"(min = 0.94, max = 1.06)",66.0,0,0
3816,bus-3816,true,PQ,-0.03247162331695297,1.0,"(min = 0.94, max = 1.06)",66.0,0,0
4618,bus-4618,true,PQ,-0.00727392009571735,1.0,"(min = 0.94, max = 1.06)",66.0,0,0
1529,bus-1529,true,PQ,0.011623919818525766,1.0,"(min = 0.94, max = 1.06)",115.0,0,0
1695,bus-1695,true,PQ,0.0003904803615577236,1.0,"(min = 0.94, max = 1.06)",66.0,0,0
3355,bus-3355,true,PQ,-0.03146043138462624,1.0,"(min = 0.94, max = 1.06)",230.0,0,0
1701,bus-1701,true,PQ,-0.00010693887790811872,1.0,"(min = 0.94, max = 1.06)",66.0,0,0
35,bus-35,true,PQ,-0.03347169837460912,1.0,"(min = 0.94, max = 1.06)",66.0,0,0
8220,bus-8220,true,PQ,-0.00022596360691879357,1.0,"(min = 0.94, max = 1.06)",500.0,0,0
1184,bus-1184,true,PQ,-0.006908643417786452,1.0,"(min = 0.94, max = 1.06)",66.0,0,0
5116,bus-5116,true,PQ,0.010414588824361016,1.0,"(min = 0.94, max = 1.06)",66.0,0,0
4728,bus-4728,true,PQ,0.0037390289794571136,1.0,"(min = 0.94, max = 1.06)",115.0,0,0
5782,bus-5782,true,PQ,-0.001344839113017153,1.0,"(min = 0.94, max = 1.06)",66.0,0,0
7271,bus-7271,true,PQ,-0.03456664726147565,1.0,"(min = 0.94, max = 1.06)",66.0,0,0
371,bus-371,true,PV,-0.0014407819563943837,1.0,"(min = 0.94, max = 1.06)",66.0,0,0
3238,bus-3238,true,PQ,-0.005481626860985242,1.0,"(min = 0.94, max = 1.06)",115.0,0,0
3371,bus-3371,true,PQ,-0.03208021892049337,1.0,"(min = 0.94, max = 1.06)",115.0,0,0
948,bus-948,true,PQ,-0.03460749896154661,1.0,"(min = 0.94, max = 1.06)",66.0,0,0
1582,bus-1582,true,PV,-0.03229923191074573,1.0,"(min = 0.94, max = 1.06)",115.0,0,0
5516,bus-5516,true,PQ,0.009188340790089001,1.0,"(min = 0.94, max = 1.06)",115.0,0,0
5695,bus-5695,true,PQ,0.0013951073757840881,1.0,"(min = 0.94, max = 1.06)",66.0,0,0
6016,bus-6016,true,PQ,-0.001298902106445857,1.0,"(min = 0.94, max = 1.06)",66.0,0,0
2384,bus-2384,true,PV,-0.011367167538950946,1.0,"(min = 0.94, max = 1.06)",66.0,0,0
3056,bus-3056,true,PQ,-0.028135063938381846,1.0,"(min = 0.94, max = 1.06)",115.0,0,0
6233,bus-6233,true,PQ,-0.00015759973364073404,1.0,"(min = 0.94, max = 1.06)",66.0,0,0
6332,bus-6332,true,PQ,-0.0006425735562528413,1.0,"(min = 0.94, max = 1.06)",66.0,0,0
1061,bus-1061,true,PV,0.007806043216462022,1.0,"(min = 0.94, max = 1.06)",115.0,0,0
8050,bus-8050,true,PQ,-0.03275461414346398,1.0,"(min = 0.94, max = 1.06)",230.0,0,0
6007,bus-6007,true,PQ,-0.00107226894061145,1.0,"(min = 0.94, max = 1.06)",66.0,0,0
6228,bus-6228,true,PQ,-0.0005697510423528898,1.0,"(min = 0.94, max = 1.06)",66.0,0,0
7851,bus-7851,true,PQ,-0.031223020878728604,1.0,"(min = 0.94, max = 1.06)",115.0,0,0
3445,bus-3445,true,PQ,-0.03236745613307449,1.0,"(min = 0.94, max = 1.06)",115.0,0,0
6801,bus-6801,true,PQ,0.008025553957163757,1.0,"(min = 0.94, max = 1.06)",230.0,0,0
8812,bus-8812,true,PQ,0.00748916357621113,1.0,"(min = 0.94, max = 1.06)",115.0,0,0
7659,bus-7659,true,PV,0.0027257319706129684,1.0,"(min = 0.94, max = 1.06)",230.0,0,0
3293,bus-3293,true,PQ,-0.020079820185312416,1.0,"(min = 0.94, max = 1.06)",230.0,0,0
448,bus-448,true,PV,-0.003180502552694857,1.0,"(min = 0.94, max = 1.06)",66.0,0,0
8436,bus-8436,true,PQ,-0.021019526573070112,1.0,"(min = 0.94, max = 1.06)",115.0,0,0
4511,bus-4511,true,PQ,-0.032015372084800146,1.0,"(min = 0.94, max = 1.06)",66.0,0,0
7606,bus-7606,true,PQ,-0.030926353128600186,1.0,"(min = 0.94, max = 1.06)",230.0,0,0
5640,bus-5640,true,PQ,0.0014755452254680721,1.0,"(min = 0.94, max = 1.06)",66.0,0,0
6281,bus-6281,true,PQ,-2.7838772306707234e-5,1.0,"(min = 0.94, max = 1.06)",66.0,0,0
7879,bus-7879,true,PQ,0.0055543030691699875,1.0,"(min = 0.94, max = 1.06)",115.0,0,0
4816,bus-4816,true,PQ,-0.0013404058999226004,1.0,"(min = 0.94, max = 1.06)",500.0,0,0
3547,bus-3547,true,PQ,-0.006778298511696208,1.0,"(min = 0.94, max = 1.06)",230.0,0,0
4666,bus-4666,true,PQ,-0.0378307353250179,1.0,"(min = 0.94, max = 1.06)",66.0,0,0
2438,bus-2438,true,PQ,0.000671420228975439,1.0,"(min = 0.94, max = 1.06)",66.0,0,0
6917,bus-6917,true,PQ,0.006878221037380544,1.0,"(min = 0.94, max = 1.06)",66.0,0,0
8795,bus-8795,true,PQ,-0.03660823812548146,1.0,"(min = 0.94, max = 1.06)",115.0,0,0
4576,bus-4576,true,PQ,-0.006900353086386187,1.0,"(min = 0.94, max = 1.06)",66.0,0,0
1740,bus-1740,true,PQ,-0.031470984692481344,1.0,"(min = 0.94, max = 1.06)",115.0,0,0
2847,bus-2847,true,PQ,-0.031856895316054436,1.0,"(min = 0.94, max = 1.06)",115.0,0,0
8586,bus-8586,true,PQ,-0.03328924374900073,1.0,"(min = 0.94, max = 1.06)",115.0,0,0
6057,bus-6057,true,PQ,-0.00035843587214501245,1.0,"(min = 0.94, max = 1.06)",66.0,0,0
7316,bus-7316,true,PQ,-0.03467149756722337,1.0,"(min = 0.94, max = 1.06)",66.0,0,0
5469,bus-5469,true,PQ,0.000754828239837894,1.0,"(min = 0.94, max = 1.06)",66.0,0,0
7025,bus-7025,true,PQ,0.007431784829854266,1.0,"(min = 0.94, max = 1.06)",115.0,0,0
941,bus-941,true,PQ,-0.03443600674897,1.0,"(min = 0.94, max = 1.06)",66.0,0,0
4606,bus-4606,true,PQ,-0.003771073067444098,1.0,"(min = 0.94, max = 1.06)",66.0,0,0
7224,bus-7224,true,PQ,-0.03483411896934379,1.0,"(min = 0.94, max = 1.06)",66.0,0,0
2001,bus-2001,true,PQ,0.0015957341601247276,1.0,"(min = 0.94, max = 1.06)",66.0,0,0
5810,bus-5810,true,PQ,-0.0010724663740017647,1.0,"(min = 0.94, max = 1.06)",66.0,0,0
7679,bus-7679,true,PV,-0.033109348299674546,1.0,"(min = 0.94, max = 1.06)",230.0,0,0
5280,bus-5280,true,PQ,0.0021653842404163776,1.0,"(min = 0.94, max = 1.06)",66.0,0,0
3160,bus-3160,true,PQ,-0.03336842514837351,1.0,"(min = 0.94, max = 1.06)",115.0,0,0
2270,bus-2270,true,PQ,0.002365798304027784,1.0,"(min = 0.94, max = 1.06)",66.0,0,0
4919,bus-4919,true,PQ,0.009962160212335916,1.0,"(min = 0.94, max = 1.06)",115.0,0,0
2403,bus-2403,true,PQ,-0.05051188315431135,1.0,"(min = 0.94, max = 1.06)",115.0,0,0
8330,bus-8330,true,PV,0.008025190928679343,1.0,"(min = 0.94, max = 1.06)",230.0,0,0
615,bus-615,true,PV,-0.026208683130964812,1.0,"(min = 0.94, max = 1.06)",66.0,0,0
2522,bus-2522,true,PQ,0.010587492484703712,1.0,"(min = 0.94, max = 1.06)",115.0,0,0
3289,bus-3289,true,PQ,-0.030700895335551915,1.0,"(min = 0.94, max = 1.06)",230.0,0,0
6744,bus-6744,true,PQ,0.0033753947436188036,1.0,"(min = 0.94, max = 1.06)",66.0,0,0
4918,bus-4918,true,PQ,0.010713000577291196,1.0,"(min = 0.94, max = 1.06)",115.0,0,0
1263,bus-1263,true,PQ,-0.032370877851073024,1.0,"(min = 0.94, max = 1.06)",115.0,0,0
3115,bus-3115,true,PQ,-0.03147809621105152,1.0,"(min = 0.94, max = 1.06)",115.0,0,0
3491,bus-3491,true,PQ,-0.03517895134910901,1.0,"(min = 0.94, max = 1.06)",115.0,0,0
4660,bus-4660,true,PQ,-0.0377827584928086,1.0,"(min = 0.94, max = 1.06)",66.0,0,0
5742,bus-5742,true,PQ,0.0012005968272810286,1.0,"(min = 0.94, max = 1.06)",66.0,0,0
601,bus-601,true,PQ,-0.023744532870686688,1.0,"(min = 0.94, max = 1.06)",66.0,0,0
7007,bus-7007,true,PQ,0.006177812816372973,1.0,"(min = 0.94, max = 1.06)",66.0,0,0
6071,bus-6071,true,PQ,-1.4441909038187817e-5,1.0,"(min = 0.94, max = 1.06)",66.0,0,0
7631,bus-7631,true,PQ,-0.028168442138595765,1.0,"(min = 0.94, max = 1.06)",230.0,0,0
2644,bus-2644,true,PQ,0.0002697368485312468,1.0,"(min = 0.94, max = 1.06)",230.0,0,0
3713,bus-3713,true,PQ,-0.033030882485295086,1.0,"(min = 0.94, max = 1.06)",66.0,0,0
5879,bus-5879,true,PQ,0.0006598588084724027,1.0,"(min = 0.94, max = 1.06)",66.0,0,0
4296,bus-4296,true,PQ,-0.004061679254173753,1.0,"(min = 0.94, max = 1.06)",66.0,0,0
3771,bus-3771,true,PQ,-0.03188946315989665,1.0,"(min = 0.94, max = 1.06)",66.0,0,0
174,bus-174,true,PQ,-0.028701175443900225,1.0,"(min = 0.94, max = 1.06)",230.0,0,0
3515,bus-3515,true,PQ,-0.032094186965030004,1.0,"(min = 0.94, max = 1.06)",66.0,0,0
180,bus-180,true,PQ,-0.03858464984310447,1.0,"(min = 0.94, max = 1.06)",66.0,0,0
5392,bus-5392,true,PQ,-0.0036702360590448865,1.0,"(min = 0.94, max = 1.06)",66.0,0,0
5496,bus-5496,true,PQ,0.0024710867397776206,1.0,"(min = 0.94, max = 1.06)",115.0,0,0
5112,bus-5112,true,PQ,0.007888541422091997,1.0,"(min = 0.94, max = 1.06)",66.0,0,0
50,bus-50,true,PQ,-0.033381646541056145,1.0,"(min = 0.94, max = 1.06)",66.0,0,0
1618,bus-1618,true,PQ,-0.033801510276298755,1.0,"(min = 0.94, max = 1.06)",115.0,0,0
2186,bus-2186,true,PQ,-0.011293490314627012,1.0,"(min = 0.94, max = 1.06)",115.0,0,0
6464,bus-6464,true,PQ,-0.0006946510028877843,1.0,"(min = 0.94, max = 1.06)",66.0,0,0
4836,bus-4836,true,PQ,0.003416847098751832,1.0,"(min = 0.94, max = 1.06)",66.0,0,0
8246,bus-8246,true,PQ,0.0023666890153582467,1.0,"(min = 0.94, max = 1.06)",66.0,0,0
3695,bus-3695,true,PQ,-0.035402944985447785,1.0,"(min = 0.94, max = 1.06)",66.0,0,0
3666,bus-3666,true,PQ,-0.036928648811155235,1.0,"(min = 0.94, max = 1.06)",66.0,0,0
8585,bus-8585,true,PQ,-0.0341190478009579,1.0,"(min = 0.94, max = 1.06)",66.0,0,0
8589,bus-8589,true,PV,0.007171595473383497,1.0,"(min = 0.94, max = 1.06)",230.0,0,0
2793,bus-2793,true,PQ,-0.03771302595694027,1.0,"(min = 0.94, max = 1.06)",66.0,0,0
7945,bus-7945,true,PQ,-0.02961757156323414,1.0,"(min = 0.94, max = 1.06)",66.0,0,0
5221,bus-5221,true,PQ,0.0006614279589537129,1.0,"(min = 0.94, max = 1.06)",66.0,0,0
7469,bus-7469,true,PQ,-0.03457581687229978,1.0,"(min = 0.94, max = 1.06)",66.0,0,0
6930,bus-6930,true,PQ,0.006825465912558307,1.0,"(min = 0.94, max = 1.06)",66.0,0,0
3117,bus-3117,true,PQ,-0.031242150210929236,1.0,"(min = 0.94, max = 1.06)",230.0,0,0
6853,bus-6853,true,PQ,0.005915447121591429,1.0,"(min = 0.94, max = 1.06)",66.0,0,0
5537,bus-5537,true,PQ,0.008390816812086982,1.0,"(min = 0.94, max = 1.06)",66.0,0,0
7111,bus-7111,true,PQ,-0.03416577410475814,1.0,"(min = 0.94, max = 1.06)",66.0,0,0
1946,bus-1946,true,PQ,-0.03127529471155631,1.0,"(min = 0.94, max = 1.06)",66.0,0,0
5150,bus-5150,true,PQ,0.0010558434148921407,1.0,"(min = 0.94, max = 1.06)",66.0,0,0
6971,bus-6971,true,PQ,0.0076847310524759665,1.0,"(min = 0.94, max = 1.06)",66.0,0,0
8767,bus-8767,true,PQ,0.015772267079352014,1.0,"(min = 0.94, max = 1.06)",66.0,0,0
8228,bus-8228,true,PQ,0.014991461889507531,1.0,"(min = 0.94, max = 1.06)",66.0,0,0
1964,bus-1964,true,PV,-0.029000625074323397,1.0,"(min = 0.94, max = 1.06)",66.0,0,0
2530,bus-2530,true,PQ,0.010814490513363579,1.0,"(min = 0.94, max = 1.06)",115.0,0,0
1792,bus-1792,true,PQ,-0.03233602467310825,1.0,"(min = 0.94, max = 1.06)",66.0,0,0
1896,bus-1896,true,PQ,0.008302562074251616,1.0,"(min = 0.94, max = 1.06)",66.0,0,0
2603,bus-2603,true,PQ,0.013391760780997922,1.0,"(min = 0.94, max = 1.06)",115.0,0,0
4913,bus-4913,true,PQ,0.01801415163161072,1.0,"(min = 0.94, max = 1.06)",66.0,0,0
4868,bus-4868,true,PQ,0.001471094852296314,1.0,"(min = 0.94, max = 1.06)",230.0,0,0
6256,bus-6256,true,PQ,0.0007009369161445848,1.0,"(min = 0.94, max = 1.06)",66.0,0,0
3227,bus-3227,true,PQ,-0.03208217054766295,1.0,"(min = 0.94, max = 1.06)",115.0,0,0
1292,bus-1292,true,PV,-0.034101997679495163,1.0,"(min = 0.94, max = 1.06)",66.0,0,0
6424,bus-6424,true,PQ,-0.0002851874106411116,1.0,"(min = 0.94, max = 1.06)",66.0,0,0
8465,bus-8465,true,PQ,0.00012811994866609492,1.0,"(min = 0.94, max = 1.06)",230.0,0,0
741,bus-741,true,PQ,-0.038273519945728175,1.0,"(min = 0.94, max = 1.06)",66.0,0,0
6214,bus-6214,true,PQ,-0.0004846593298143283,1.0,"(min = 0.94, max = 1.06)",66.0,0,0
3044,bus-3044,true,PQ,-0.03259970168611669,1.0,"(min = 0.94, max = 1.06)",115.0,0,0
6740,bus-6740,true,PQ,-0.000985012642809297,1.0,"(min = 0.94, max = 1.06)",66.0,0,0
6836,bus-6836,true,PQ,0.0047950843209536775,1.0,"(min = 0.94, max = 1.06)",115.0,0,0
3902,bus-3902,true,PQ,-0.03394847764582512,1.0,"(min = 0.94, max = 1.06)",115.0,0,0
8165,bus-8165,true,PQ,-0.03360780909805638,1.0,"(min = 0.94, max = 1.06)",115.0,0,0
7455,bus-7455,true,PQ,-0.03392608053366598,1.0,"(min = 0.94, max = 1.06)",66.0,0,0
6874,bus-6874,true,PQ,0.007356593811656907,1.0,"(min = 0.94, max = 1.06)",66.0,0,0
221,bus-221,true,PQ,-0.016740496091531408,1.0,"(min = 0.94, max = 1.06)",66.0,0,0
4285,bus-4285,true,PQ,-0.0029528599390356448,1.0,"(min = 0.94, max = 1.06)",115.0,0,0
7620,bus-7620,true,PQ,0.014341662073248829,1.0,"(min = 0.94, max = 1.06)",230.0,0,0
797,bus-797,true,PQ,0.0026657653024011233,1.0,"(min = 0.94, max = 1.06)",66.0,0,0
1193,bus-1193,true,PQ,-0.03310790142172464,1.0,"(min = 0.94, max = 1.06)",115.0,0,0
7616,bus-7616,true,PQ,-0.01256858056771134,1.0,"(min = 0.94, max = 1.06)",230.0,0,0
6204,bus-6204,true,PQ,-0.0005428387669094965,1.0,"(min = 0.94, max = 1.06)",66.0,0,0
7277,bus-7277,true,PQ,-0.0344982284349353,1.0,"(min = 0.94, max = 1.06)",66.0,0,0
5154,bus-5154,true,PQ,-0.0007862976554793778,1.0,"(min = 0.94, max = 1.06)",66.0,0,0
2272,bus-2272,true,PQ,0.0022983782421518825,1.0,"(min = 0.94, max = 1.06)",66.0,0,0
6063,bus-6063,true,PQ,-0.00046706137916999196,1.0,"(min = 0.94, max = 1.06)",66.0,0,0
157,bus-157,true,PQ,-0.035132271994665655,1.0,"(min = 0.94, max = 1.06)",66.0,0,0
1224,bus-1224,true,PQ,0.0031747166815047404,1.0,"(min = 0.94, max = 1.06)",66.0,0,0
2531,bus-2531,true,PQ,0.010794531626169472,1.0,"(min = 0.94, max = 1.06)",115.0,0,0
2887,bus-2887,true,PQ,-0.0330753964097355,1.0,"(min = 0.94, max = 1.06)",115.0,0,0
4115,bus-4115,true,PQ,-0.009589197907230689,1.0,"(min = 0.94, max = 1.06)",115.0,0,0
720,bus-720,true,PQ,0.0013506203049795447,1.0,"(min = 0.94, max = 1.06)",66.0,0,0
1827,bus-1827,true,PV,0.0030981156118046957,1.0,"(min = 0.94, max = 1.06)",115.0,0,0
2021,bus-2021,true,PQ,-2.1195550183983675e-5,1.0,"(min = 0.94, max = 1.06)",66.0,0,0
3417,bus-3417,true,PQ,-0.031814533208048806,1.0,"(min = 0.94, max = 1.06)",230.0,0,0
386,bus-386,true,PQ,-0.0003694762455438169,1.0,"(min = 0.94, max = 1.06)",66.0,0,0
1902,bus-1902,true,PQ,-0.03491618225637746,1.0,"(min = 0.94, max = 1.06)",66.0,0,0
5818,bus-5818,true,PQ,-0.0010366799388153505,1.0,"(min = 0.94, max = 1.06)",66.0,0,0
3961,bus-3961,true,PQ,-0.03247575800195094,1.0,"(min = 0.94, max = 1.06)",66.0,0,0
5073,bus-5073,true,PQ,0.004425770207770725,1.0,"(min = 0.94, max = 1.06)",66.0,0,0
5166,bus-5166,true,PQ,0.0009851410571543417,1.0,"(min = 0.94, max = 1.06)",66.0,0,0
8867,bus-8867,true,PQ,-0.03605300420999322,1.0,"(min = 0.94, max = 1.06)",66.0,0,0
7950,bus-7950,true,PQ,0.00012580188316234042,1.0,"(min = 0.94, max = 1.06)",230.0,0,0
4323,bus-4323,true,PQ,-0.018234520917224804,1.0,"(min = 0.94, max = 1.06)",115.0,0,0
5869,bus-5869,true,PQ,-0.0006937586090599226,1.0,"(min = 0.94, max = 1.06)",66.0,0,0
1755,bus-1755,true,PV,-0.034527529022417784,1.0,"(min = 0.94, max = 1.06)",115.0,0,0
3528,bus-3528,true,PQ,-0.0341119423910401,1.0,"(min = 0.94, max = 1.06)",66.0,0,0
4256,bus-4256,true,PQ,-0.005726101709203369,1.0,"(min = 0.94, max = 1.06)",115.0,0,0
8864,bus-8864,true,PQ,0.0007165055113811035,1.0,"(min = 0.94, max = 1.06)",500.0,0,0
7797,bus-7797,true,PQ,-0.031482793764733265,1.0,"(min = 0.94, max = 1.06)",115.0,0,0
482,bus-482,true,PQ,-0.0005565036547363779,1.0,"(min = 0.94, max = 1.06)",66.0,0,0
3720,bus-3720,true,PQ,-0.03238160848438013,1.0,"(min = 0.94, max = 1.06)",66.0,0,0
8447,bus-8447,true,PQ,-0.033885393418143485,1.0,"(min = 0.94, max = 1.06)",66.0,0,0
1614,bus-1614,true,PV,-0.03080794109096571,1.0,"(min = 0.94, max = 1.06)",66.0,0,0
4081,bus-4081,true,PQ,-0.015851451533050984,1.0,"(min = 0.94, max = 1.06)",66.0,0,0
7643,bus-7643,true,PQ,0.009694583505459984,1.0,"(min = 0.94, max = 1.06)",115.0,0,0
3470,bus-3470,true,PQ,-0.02868387347142643,1.0,"(min = 0.94, max = 1.06)",115.0,0,0
6566,bus-6566,true,PQ,0.0016837459795441424,1.0,"(min = 0.94, max = 1.06)",66.0,0,0
7163,bus-7163,true,PQ,-0.034961340905443554,1.0,"(min = 0.94, max = 1.06)",66.0,0,0
2947,bus-2947,true,PQ,-0.009731145325855877,1.0,"(min = 0.94, max = 1.06)",115.0,0,0
1402,bus-1402,true,PV,-0.03372420772386575,1.0,"(min = 0.94, max = 1.06)",66.0,0,0
4559,bus-4559,true,PQ,-0.01792786255339212,1.0,"(min = 0.94, max = 1.06)",66.0,0,0
1752,bus-1752,true,PV,-0.03641031115605415,1.0,"(min = 0.94, max = 1.06)",66.0,0,0
4076,bus-4076,true,PQ,-0.020236201511758183,1.0,"(min = 0.94, max = 1.06)",230.0,0,0
7443,bus-7443,true,PQ,-0.03468484427454629,1.0,"(min = 0.94, max = 1.06)",66.0,0,0
8802,bus-8802,true,PQ,-0.03254612688486455,1.0,"(min = 0.94, max = 1.06)",115.0,0,0
375,bus-375,true,PQ,-0.0016469050303863073,1.0,"(min = 0.94, max = 1.06)",66.0,0,0
1374,bus-1374,true,PQ,-0.030882378685431564,1.0,"(min = 0.94, max = 1.06)",66.0,0,0
7169,bus-7169,true,PQ,-0.03481754759169488,1.0,"(min = 0.94, max = 1.06)",66.0,0,0
774,bus-774,true,PV,0.010832497424322254,1.0,"(min = 0.94, max = 1.06)",115.0,0,0
333,bus-333,true,PV,-0.03928540425016917,1.0,"(min = 0.94, max = 1.06)",66.0,0,0
6857,bus-6857,true,PQ,0.005794441542141778,1.0,"(min = 0.94, max = 1.06)",66.0,0,0
2832,bus-2832,true,PQ,-0.020206486059512502,1.0,"(min = 0.94, max = 1.06)",115.0,0,0
2526,bus-2526,true,PQ,0.010444162224258875,1.0,"(min = 0.94, max = 1.06)",115.0,0,0
1066,bus-1066,true,PQ,0.006047199949882671,1.0,"(min = 0.94, max = 1.06)",66.0,0,0
8037,bus-8037,true,PQ,0.0020919998125277584,1.0,"(min = 0.94, max = 1.06)",115.0,0,0
2795,bus-2795,true,PQ,-0.03588675828261518,1.0,"(min = 0.94, max = 1.06)",66.0,0,0
5385,bus-5385,true,PQ,-0.003296159989530792,1.0,"(min = 0.94, max = 1.06)",66.0,0,0
5777,bus-5777,true,PQ,-0.0010425835097742336,1.0,"(min = 0.94, max = 1.06)",66.0,0,0
5076,bus-5076,true,PQ,0.0023170711024131773,1.0,"(min = 0.94, max = 1.06)",66.0,0,0
8805,bus-8805,true,PQ,-0.0010811659100624653,1.0,"(min = 0.94, max = 1.06)",230.0,0,0
1898,bus-1898,true,PV,-0.029426644934903646,1.0,"(min = 0.94, max = 1.06)",500.0,0,0
6030,bus-6030,true,PQ,-0.0015429005181754316,1.0,"(min = 0.94, max = 1.06)",66.0,0,0
3109,bus-3109,true,PQ,-0.030868333322809072,1.0,"(min = 0.94, max = 1.06)",230.0,0,0
3903,bus-3903,true,PQ,-0.03389221765551878,1.0,"(min = 0.94, max = 1.06)",115.0,0,0
7863,bus-7863,true,PQ,-0.033822852511457994,1.0,"(min = 0.94, max = 1.06)",115.0,0,0
8263,bus-8263,true,PQ,0.0017850345499994045,1.0,"(min = 0.94, max = 1.06)",66.0,0,0
7831,bus-7831,true,PQ,0.002068914726484065,1.0,"(min = 0.94, max = 1.06)",66.0,0,0
3659,bus-3659,true,PQ,-0.037237980844869054,1.0,"(min = 0.94, max = 1.06)",66.0,0,0
6481,bus-6481,true,PQ,-0.0029981443041677673,1.0,"(min = 0.94, max = 1.06)",66.0,0,0
7320,bus-7320,true,PQ,-0.03416353694172294,1.0,"(min = 0.94, max = 1.06)",66.0,0,0
4504,bus-4504,true,PQ,-0.02991826927860541,1.0,"(min = 0.94, max = 1.06)",115.0,0,0
232,bus-232,true,PQ,-0.019160874489007194,1.0,"(min = 0.94, max = 1.06)",66.0,0,0
288,bus-288,true,PV,-0.002227007243541657,1.0,"(min = 0.94, max = 1.06)",66.0,0,0
1192,bus-1192,true,PQ,-0.033748105993714535,1.0,"(min = 0.94, max = 1.06)",66.0,0,0
7685,bus-7685,true,PQ,-0.03464405994418446,1.0,"(min = 0.94, max = 1.06)",115.0,0,0
6139,bus-6139,true,PQ,-0.0010851326839144224,1.0,"(min = 0.94, max = 1.06)",66.0,0,0
6976,bus-6976,true,PQ,0.008325293329696053,1.0,"(min = 0.94, max = 1.06)",66.0,0,0
4547,bus-4547,true,PQ,-0.026934920741372034,1.0,"(min = 0.94, max = 1.06)",66.0,0,0
2481,bus-2481,true,PQ,-0.03063441975860073,1.0,"(min = 0.94, max = 1.06)",115.0,0,0
8196,bus-8196,true,PV,-0.026505350706560307,1.0,"(min = 0.94, max = 1.06)",115.0,0,0
4571,bus-4571,true,PQ,-0.015118612406734311,1.0,"(min = 0.94, max = 1.06)",66.0,0,0
7326,bus-7326,true,PQ,-0.03472019679121006,1.0,"(min = 0.94, max = 1.06)",66.0,0,0
8340,bus-8340,true,PV,-0.0016448963815647352,1.0,"(min = 0.94, max = 1.06)",500.0,0,0
2740,bus-2740,true,PV,-0.03605915492481017,1.0,"(min = 0.94, max = 1.06)",66.0,0,0
2695,bus-2695,true,PQ,-0.028757473133318404,1.0,"(min = 0.94, max = 1.06)",66.0,0,0
2794,bus-2794,true,PQ,-0.03775328232520336,1.0,"(min = 0.94, max = 1.06)",66.0,0,0
3425,bus-3425,true,PQ,-0.03169009664290229,1.0,"(min = 0.94, max = 1.06)",230.0,0,0
7963,bus-7963,true,PQ,-0.0003588197346247083,1.0,"(min = 0.94, max = 1.06)",500.0,0,0
3222,bus-3222,true,PQ,-0.03377752648531663,1.0,"(min = 0.94, max = 1.06)",230.0,0,0
3133,bus-3133,true,PQ,-0.03223744969868608,1.0,"(min = 0.94, max = 1.06)",115.0,0,0
3493,bus-3493,true,PQ,-0.030454142431234208,1.0,"(min = 0.94, max = 1.06)",66.0,0,0
4182,bus-4182,true,PQ,-0.024700264173504495,1.0,"(min = 0.94, max = 1.06)",66.0,0,0
7427,bus-7427,true,PQ,-0.03483385908981816,1.0,"(min = 0.94, max = 1.06)",66.0,0,0
3603,bus-3603,true,PQ,-0.03329934903083685,1.0,"(min = 0.94, max = 1.06)",66.0,0,0
4103,bus-4103,true,PQ,-0.02019663419948377,1.0,"(min = 0.94, max = 1.06)",66.0,0,0
7600,bus-7600,true,PQ,-0.029662240298379203,1.0,"(min = 0.94, max = 1.06)",66.0,0,0
7850,bus-7850,true,PV,-0.03021302152987976,1.0,"(min = 0.94, max = 1.06)",230.0,0,0
7517,bus-7517,true,PQ,-0.029224958002668763,1.0,"(min = 0.94, max = 1.06)",66.0,0,0
6441,bus-6441,true,PQ,-0.0004942927688684906,1.0,"(min = 0.94, max = 1.06)",66.0,0,0
7005,bus-7005,true,PQ,0.008022306702277252,1.0,"(min = 0.94, max = 1.06)",66.0,0,0
4126,bus-4126,true,PQ,-0.01682021843825255,1.0,"(min = 0.94, max = 1.06)",66.0,0,0
6784,bus-6784,true,PQ,0.008475668280054006,1.0,"(min = 0.94, max = 1.06)",230.0,0,0
3517,bus-3517,true,PQ,-0.032329029218933325,1.0,"(min = 0.94, max = 1.06)",66.0,0,0
7557,bus-7557,true,PQ,-0.0010175100172376329,1.0,"(min = 0.94, max = 1.06)",66.0,0,0
4964,bus-4964,true,PQ,-0.003462457055055914,1.0,"(min = 0.94, max = 1.06)",66.0,0,0
8027,bus-8027,true,PQ,0.0006802939750754272,1.0,"(min = 0.94, max = 1.06)",115.0,0,0
51,bus-51,true,PV,-0.0379236817871353,1.0,"(min = 0.94, max = 1.06)",66.0,0,0
3331,bus-3331,true,PQ,-0.030644643548293063,1.0,"(min = 0.94, max = 1.06)",230.0,0,0
8541,bus-8541,true,PQ,-0.03473451617052512,1.0,"(min = 0.94, max = 1.06)",115.0,0,0
3693,bus-3693,true,PQ,-0.033674751550582464,1.0,"(min = 0.94, max = 1.06)",66.0,0,0
7013,bus-7013,true,PQ,0.007029344908520528,1.0,"(min = 0.94, max = 1.06)",66.0,0,0
8860,bus-8860,true,PQ,0.010480922244244625,1.0,"(min = 0.94, max = 1.06)",230.0,0,0
1398,bus-1398,true,PQ,-0.03411375369373783,1.0,"(min = 0.94, max = 1.06)",66.0,0,0
3077,bus-3077,true,PQ,-0.03310060350199036,1.0,"(min = 0.94, max = 1.06)",115.0,0,0
8435,bus-8435,true,PQ,-0.021247587524697735,1.0,"(min = 0.94, max = 1.06)",66.0,0,0
981,bus-981,true,PQ,-0.034914466597722744,1.0,"(min = 0.94, max = 1.06)",66.0,0,0
2490,bus-2490,true,PQ,0.01491685618492812,1.0,"(min = 0.94, max = 1.06)",115.0,0,0
8522,bus-8522,true,PQ,-0.029865199750171715,1.0,"(min = 0.94, max = 1.06)",230.0,0,0
1911,bus-1911,true,PQ,-0.033342727444065925,1.0,"(min = 0.94, max = 1.06)",115.0,0,0
6241,bus-6241,true,PQ,0.00036233126726655093,1.0,"(min = 0.94, max = 1.06)",66.0,0,0
7951,bus-7951,true,PQ,0.00010052500060122053,1.0,"(min = 0.94, max = 1.06)",66.0,0,0
4869,bus-4869,true,PQ,0.0014704482863482661,1.0,"(min = 0.94, max = 1.06)",230.0,0,0
5518,bus-5518,true,PQ,0.009752792435128853,1.0,"(min = 0.94, max = 1.06)",115.0,0,0
784,bus-784,true,PQ,0.0027023704767756363,1.0,"(min = 0.94, max = 1.06)",115.0,0,0
5406,bus-5406,true,PQ,-0.0037989196734866185,1.0,"(min = 0.94, max = 1.06)",66.0,0,0
2900,bus-2900,true,PQ,-0.01272163801931644,1.0,"(min = 0.94, max = 1.06)",230.0,0,0
5542,bus-5542,true,PQ,0.009700372116817027,1.0,"(min = 0.94, max = 1.06)",115.0,0,0
3414,bus-3414,true,PQ,-0.031398698739917345,1.0,"(min = 0.94, max = 1.06)",230.0,0,0
5178,bus-5178,true,PQ,0.006068864407728411,1.0,"(min = 0.94, max = 1.06)",115.0,0,0
3721,bus-3721,true,PQ,-0.03296499054644577,1.0,"(min = 0.94, max = 1.06)",66.0,0,0
6703,bus-6703,true,PQ,-0.003062137010631649,1.0,"(min = 0.94, max = 1.06)",66.0,0,0
5489,bus-5489,true,PQ,0.002809842493952643,1.0,"(min = 0.94, max = 1.06)",115.0,0,0
109,bus-109,true,PQ,-0.012479160333908078,1.0,"(min = 0.94, max = 1.06)",66.0,0,0
393,bus-393,true,PV,0.0018756767237185733,1.0,"(min = 0.94, max = 1.06)",66.0,0,0
195,bus-195,true,PV,0.016968585736371937,1.0,"(min = 0.94, max = 1.06)",66.0,0,0
2642,bus-2642,true,PQ,0.0003311689091456997,1.0,"(min = 0.94, max = 1.06)",230.0,0,0
4201,bus-4201,true,PQ,-0.011596218755489565,1.0,"(min = 0.94, max = 1.06)",66.0,0,0
6122,bus-6122,true,PQ,-0.00048648269273717925,1.0,"(min = 0.94, max = 1.06)",66.0,0,0
7493,bus-7493,true,PQ,-0.02686983147944571,1.0,"(min = 0.94, max = 1.06)",230.0,0,0
8231,bus-8231,true,PV,-0.019275569324400776,1.0,"(min = 0.94, max = 1.06)",115.0,0,0
8320,bus-8320,true,PQ,-0.0334233564195203,1.0,"(min = 0.94, max = 1.06)",66.0,0,0
3166,bus-3166,true,PQ,-0.033725565240957954,1.0,"(min = 0.94, max = 1.06)",115.0,0,0
1650,bus-1650,true,PQ,-0.01422425785853762,1.0,"(min = 0.94, max = 1.06)",66.0,0,0
8152,bus-8152,true,PQ,-0.03290477703631782,1.0,"(min = 0.94, max = 1.06)",115.0,0,0
4769,bus-4769,true,PQ,0.001287683513986473,1.0,"(min = 0.94, max = 1.06)",230.0,0,0
5801,bus-5801,true,PQ,-0.0010283974456887558,1.0,"(min = 0.94, max = 1.06)",66.0,0,0
293,bus-293,true,PQ,-0.00254983589090785,1.0,"(min = 0.94, max = 1.06)",66.0,0,0
6677,bus-6677,true,PQ,0.0005440352424716161,1.0,"(min = 0.94, max = 1.06)",66.0,0,0
8858,bus-8858,true,PQ,-0.03434959130891356,1.0,"(min = 0.94, max = 1.06)",66.0,0,0
8327,bus-8327,true,PQ,0.014701425500418775,1.0,"(min = 0.94, max = 1.06)",115.0,0,0
1121,bus-1121,true,PQ,0.010053285353565696,1.0,"(min = 0.94, max = 1.06)",66.0,0,0
614,bus-614,true,PQ,-0.024034838895691586,1.0,"(min = 0.94, max = 1.06)",66.0,0,0
5646,bus-5646,true,PQ,0.0016059960433733142,1.0,"(min = 0.94, max = 1.06)",66.0,0,0
1923,bus-1923,true,PV,-0.006492974581401006,1.0,"(min = 0.94, max = 1.06)",115.0,0,0
305,bus-305,true,PQ,-0.0005968095205370641,1.0,"(min = 0.94, max = 1.06)",230.0,0,0
6345,bus-6345,true,PQ,-0.0004777368338928017,1.0,"(min = 0.94, max = 1.06)",66.0,0,0
5849,bus-5849,true,PQ,-0.0011053749096046268,1.0,"(min = 0.94, max = 1.06)",66.0,0,0
1227,bus-1227,true,PQ,0.0029650365252681557,1.0,"(min = 0.94, max = 1.06)",66.0,0,0
7743,bus-7743,true,PQ,-0.008741600782054803,1.0,"(min = 0.94, max = 1.06)",230.0,0,0
951,bus-951,true,PQ,-0.0347215234159745,1.0,"(min = 0.94, max = 1.06)",66.0,0,0
1266,bus-1266,true,PQ,-0.0331258423592376,1.0,"(min = 0.94, max = 1.06)",66.0,0,0
7448,bus-7448,true,PQ,-0.03481434718144549,1.0,"(min = 0.94, max = 1.06)",66.0,0,0
7489,bus-7489,true,PQ,-0.028058624451263954,1.0,"(min = 0.94, max = 1.06)",115.0,0,0
2369,bus-2369,true,PQ,-0.033985693825064174,1.0,"(min = 0.94, max = 1.06)",66.0,0,0
6376,bus-6376,true,PQ,-0.0003741577474324291,1.0,"(min = 0.94, max = 1.06)",66.0,0,0
6065,bus-6065,true,PQ,-0.000289340503626707,1.0,"(min = 0.94, max = 1.06)",66.0,0,0
6633,bus-6633,true,PQ,0.004554171986444845,1.0,"(min = 0.94, max = 1.06)",115.0,0,0
1937,bus-1937,true,PV,0.0004620085672096643,1.0,"(min = 0.94, max = 1.06)",115.0,0,0
2506,bus-2506,true,PQ,0.012463526791479435,1.0,"(min = 0.94, max = 1.06)",115.0,0,0
2789,bus-2789,true,PQ,-0.03783271400479088,1.0,"(min = 0.94, max = 1.06)",66.0,0,0
3087,bus-3087,true,PQ,-0.03231746135118403,1.0,"(min = 0.94, max = 1.06)",115.0,0,0
4926,bus-4926,true,PQ,-0.0051354803355597245,1.0,"(min = 0.94, max = 1.06)",66.0,0,0
4934,bus-4934,true,PQ,-0.0033166216537225206,1.0,"(min = 0.94, max = 1.06)",66.0,0,0
1196,bus-1196,true,PQ,-0.033363205392179573,1.0,"(min = 0.94, max = 1.06)",66.0,0,0
8763,bus-8763,true,PQ,-0.03294548980818031,1.0,"(min = 0.94, max = 1.06)",66.0,0,0
5558,bus-5558,true,PQ,0.00014973167592634222,1.0,"(min = 0.94, max = 1.06)",66.0,0,0
5836,bus-5836,true,PQ,-0.00013247059005920282,1.0,"(min = 0.94, max = 1.06)",66.0,0,0
8405,bus-8405,true,PV,-0.00470554297875362,1.0,"(min = 0.94, max = 1.06)",230.0,0,0
3811,bus-3811,true,PQ,-0.032248574950937074,1.0,"(min = 0.94, max = 1.06)",66.0,0,0
631,bus-631,true,PV,-0.02498590859861024,1.0,"(min = 0.94, max = 1.06)",66.0,0,0
1516,bus-1516,true,PQ,0.004747174404667903,1.0,"(min = 0.94, max = 1.06)",115.0,0,0
2515,bus-2515,true,PQ,0.010431590094057985,1.0,"(min = 0.94, max = 1.06)",115.0,0,0
7692,bus-7692,true,PQ,-0.0008385232666051811,1.0,"(min = 0.94, max = 1.06)",115.0,0,0
7475,bus-7475,true,PQ,-0.03450355901953674,1.0,"(min = 0.94, max = 1.06)",66.0,0,0
6098,bus-6098,true,PQ,0.0005331271528128081,1.0,"(min = 0.94, max = 1.06)",66.0,0,0
7478,bus-7478,true,PQ,-0.034821852271761995,1.0,"(min = 0.94, max = 1.06)",66.0,0,0
1334,bus-1334,true,PQ,-0.03328906781981213,1.0,"(min = 0.94, max = 1.06)",66.0,0,0
4321,bus-4321,true,PQ,-0.03118120209171912,1.0,"(min = 0.94, max = 1.06)",230.0,0,0
8612,bus-8612,true,PQ,-0.03109370018420331,1.0,"(min = 0.94, max = 1.06)",115.0,0,0
4255,bus-4255,true,PQ,-0.0064121700258238734,1.0,"(min = 0.94, max = 1.06)",115.0,0,0
8841,bus-8841,true,PQ,-0.007928074909885507,1.0,"(min = 0.94, max = 1.06)",115.0,0,0
738,bus-738,true,PQ,-0.03649612201405771,1.0,"(min = 0.94, max = 1.06)",66.0,0,0
8108,bus-8108,true,PQ,0.004951808185718443,1.0,"(min = 0.94, max = 1.06)",115.0,0,0
1096,bus-1096,true,PV,0.013633790457840588,1.0,"(min = 0.94, max = 1.06)",66.0,0,0
5484,bus-5484,true,PQ,0.002705650980184392,1.0,"(min = 0.94, max = 1.06)",115.0,0,0
3202,bus-3202,true,PQ,-0.03219976402587825,1.0,"(min = 0.94, max = 1.06)",230.0,0,0
8820,bus-8820,true,PQ,-0.00043571375085838307,1.0,"(min = 0.94, max = 1.06)",115.0,0,0
5118,bus-5118,true,PQ,0.007578402644838035,1.0,"(min = 0.94, max = 1.06)",66.0,0,0
5524,bus-5524,true,PQ,0.009803190580062734,1.0,"(min = 0.94, max = 1.06)",115.0,0,0
1506,bus-1506,true,PV,0.012393629915408735,1.0,"(min = 0.94, max = 1.06)",66.0,0,0
8681,bus-8681,true,PQ,-0.0011371115264279445,1.0,"(min = 0.94, max = 1.06)",66.0,0,0
7543,bus-7543,true,PQ,-0.030881129727818837,1.0,"(min = 0.94, max = 1.06)",66.0,0,0
8370,bus-8370,true,PQ,0.004064487733286307,1.0,"(min = 0.94, max = 1.06)",66.0,0,0
3941,bus-3941,true,PQ,-0.03354232940597637,1.0,"(min = 0.94, max = 1.06)",66.0,0,0
1064,bus-1064,true,PQ,0.00807243969679117,1.0,"(min = 0.94, max = 1.06)",66.0,0,0
2044,bus-2044,true,PV,0.01370464599090953,1.0,"(min = 0.94, max = 1.06)",115.0,0,0
8314,bus-8314,true,PV,0.005587706559204764,1.0,"(min = 0.94, max = 1.06)",115.0,0,0
249,bus-249,true,PQ,0.0036277832462780295,1.0,"(min = 0.94, max = 1.06)",66.0,0,0
1021,bus-1021,true,PQ,0.0009097153061352243,1.0,"(min = 0.94, max = 1.06)",66.0,0,0
6107,bus-6107,true,PQ,0.000385968247363676,1.0,"(min = 0.94, max = 1.06)",66.0,0,0
7630,bus-7630,true,PQ,-0.028660203316110883,1.0,"(min = 0.94, max = 1.06)",115.0,0,0
5031,bus-5031,true,PQ,-0.003950427010916559,1.0,"(min = 0.94, max = 1.06)",66.0,0,0
4522,bus-4522,true,PQ,-0.03368778863649609,1.0,"(min = 0.94, max = 1.06)",66.0,0,0
2582,bus-2582,true,PQ,0.014846566819215234,1.0,"(min = 0.94, max = 1.06)",66.0,0,0
8160,bus-8160,true,PQ,-0.031944860608486655,1.0,"(min = 0.94, max = 1.06)",66.0,0,0
1251,bus-1251,true,PV,-0.03264933745378001,1.0,"(min = 0.94, max = 1.06)",115.0,0,0
2750,bus-2750,true,PQ,-0.035513279639304035,1.0,"(min = 0.94, max = 1.06)",115.0,0,0
3392,bus-3392,true,PQ,-0.012567774766648988,1.0,"(min = 0.94, max = 1.06)",230.0,0,0
3211,bus-3211,true,PQ,-0.03350313297616801,1.0,"(min = 0.94, max = 1.06)",115.0,0,0
6516,bus-6516,true,PQ,0.005346537678749181,1.0,"(min = 0.94, max = 1.06)",66.0,0,0
7325,bus-7325,true,PQ,-0.03492938741749805,1.0,"(min = 0.94, max = 1.06)",66.0,0,0
8325,bus-8325,true,PQ,0.003546375120938973,1.0,"(min = 0.94, max = 1.06)",115.0,0,0
4987,bus-4987,true,PQ,-0.004039409516143421,1.0,"(min = 0.94, max = 1.06)",66.0,0,0
8765,bus-8765,true,PQ,-0.022215566501008487,1.0,"(min = 0.94, max = 1.06)",66.0,0,0
5225,bus-5225,true,PQ,0.0006601365985668086,1.0,"(min = 0.94, max = 1.06)",66.0,0,0
6451,bus-6451,true,PQ,-0.0007018008942668947,1.0,"(min = 0.94, max = 1.06)",66.0,0,0
757,bus-757,true,PQ,-0.03816389529181164,1.0,"(min = 0.94, max = 1.06)",66.0,0,0
3672,bus-3672,true,PQ,-0.03480409476835343,1.0,"(min = 0.94, max = 1.06)",115.0,0,0
2296,bus-2296,true,PQ,-0.033685357043782206,1.0,"(min = 0.94, max = 1.06)",66.0,0,0
522,bus-522,true,PQ,-0.00016654523301879855,1.0,"(min = 0.94, max = 1.06)",66.0,0,0
645,bus-645,true,PQ,-0.02750518438518091,1.0,"(min = 0.94, max = 1.06)",115.0,0,0
2039,bus-2039,true,PV,0.007053400624521135,1.0,"(min = 0.94, max = 1.06)",66.0,0,0
1006,bus-1006,true,PV,0.0009370287489978472,1.0,"(min = 0.94, max = 1.06)",66.0,0,0
5950,bus-5950,true,PQ,-0.0006649197449403984,1.0,"(min = 0.94, max = 1.06)",66.0,0,0
827,bus-827,true,PQ,-0.03450931616260737,1.0,"(min = 0.94, max = 1.06)",66.0,0,0
2980,bus-2980,true,PQ,-0.03378101784195232,1.0,"(min = 0.94, max = 1.06)",230.0,0,0
3009,bus-3009,true,PQ,-0.033302552059080115,1.0,"(min = 0.94, max = 1.06)",115.0,0,0
457,bus-457,true,PQ,-2.0295898404427547e-5,1.0,"(min = 0.94, max = 1.06)",66.0,0,0
2752,bus-2752,true,PQ,-0.036205029194626,1.0,"(min = 0.94, max = 1.06)",66.0,0,0
8766,bus-8766,true,PV,-0.020880044222573856,1.0,"(min = 0.94, max = 1.06)",115.0,0,0
849,bus-849,true,PQ,-0.03452473457575241,1.0,"(min = 0.94, max = 1.06)",66.0,0,0
5084,bus-5084,true,PQ,0.0027700698436917337,1.0,"(min = 0.94, max = 1.06)",66.0,0,0
6882,bus-6882,true,PQ,0.00732643164238918,1.0,"(min = 0.94, max = 1.06)",66.0,0,0
622,bus-622,true,PQ,-0.030699862624233507,1.0,"(min = 0.94, max = 1.06)",66.0,0,0
7237,bus-7237,true,PQ,-0.03454367698319016,1.0,"(min = 0.94, max = 1.06)",66.0,0,0
3387,bus-3387,true,PQ,-0.012575185940798438,1.0,"(min = 0.94, max = 1.06)",230.0,0,0
4572,bus-4572,true,PQ,-0.010633076627588157,1.0,"(min = 0.94, max = 1.06)",66.0,0,0
2107,bus-2107,true,PV,-0.031239248775580722,1.0,"(min = 0.94, max = 1.06)",230.0,0,0
6494,bus-6494,true,PQ,0.0028191409798887387,1.0,"(min = 0.94, max = 1.06)",66.0,0,0
6953,bus-6953,true,PQ,0.007409074413641098,1.0,"(min = 0.94, max = 1.06)",66.0,0,0
7663,bus-7663,true,PQ,0.0008058835117071262,1.0,"(min = 0.94, max = 1.06)",66.0,0,0
5466,bus-5466,true,PQ,0.0010871739407224093,1.0,"(min = 0.94, max = 1.06)",66.0,0,0
7201,bus-7201,true,PQ,-0.03467331672390272,1.0,"(min = 0.94, max = 1.06)",66.0,0,0
8440,bus-8440,true,PQ,0.0027918805601287915,1.0,"(min = 0.94, max = 1.06)",115.0,0,0
5569,bus-5569,true,PQ,-0.0005686365152351389,1.0,"(min = 0.94, max = 1.06)",66.0,0,0
7689,bus-7689,true,PQ,-0.019418978840246945,1.0,"(min = 0.94, max = 1.06)",115.0,0,0
4434,bus-4434,true,PQ,-0.03469458530616752,1.0,"(min = 0.94, max = 1.06)",115.0,0,0
6626,bus-6626,true,PQ,0.0016451587185139442,1.0,"(min = 0.94, max = 1.06)",66.0,0,0
1352,bus-1352,true,PQ,-0.029287075667010644,1.0,"(min = 0.94, max = 1.06)",66.0,0,0
2482,bus-2482,true,PQ,-0.030375143069702414,1.0,"(min = 0.94, max = 1.06)",115.0,0,0
4213,bus-4213,true,PQ,-0.00611488270126429,1.0,"(min = 0.94, max = 1.06)",66.0,0,0
3378,bus-3378,true,PQ,-0.012548459434709969,1.0,"(min = 0.94, max = 1.06)",230.0,0,0
4655,bus-4655,true,PQ,-0.03207927312657172,1.0,"(min = 0.94, max = 1.06)",66.0,0,0
591,bus-591,true,PQ,-0.052307591160631564,1.0,"(min = 0.94, max = 1.06)",66.0,0,0
1450,bus-1450,true,PQ,-0.03220140550803975,1.0,"(min = 0.94, max = 1.06)",115.0,0,0
2139,bus-2139,true,PQ,-0.035257491514514606,1.0,"(min = 0.94, max = 1.06)",66.0,0,0
6436,bus-6436,true,PQ,-0.00010372757610607256,1.0,"(min = 0.94, max = 1.06)",66.0,0,0
7298,bus-7298,true,PQ,-0.0342410864582451,1.0,"(min = 0.94, max = 1.06)",66.0,0,0
7513,bus-7513,true,PQ,-0.02919700987082365,1.0,"(min = 0.94, max = 1.06)",66.0,0,0
7619,bus-7619,true,PQ,0.0104706338075568,1.0,"(min = 0.94, max = 1.06)",500.0,0,0
350,bus-350,true,PV,-1.602228636736483e-5,1.0,"(min = 0.94, max = 1.06)",66.0,0,0
4214,bus-4214,true,PQ,-0.0054839037826208085,1.0,"(min = 0.94, max = 1.06)",66.0,0,0
213,bus-213,true,PQ,0.01866879356717311,1.0,"(min = 0.94, max = 1.06)",66.0,0,0
1624,bus-1624,true,PQ,-0.03049945885806469,1.0,"(min = 0.94, max = 1.06)",66.0,0,0
2140,bus-2140,true,PQ,-0.03520963772801758,1.0,"(min = 0.94, max = 1.06)",66.0,0,0
5942,bus-5942,true,PQ,-0.0006972664642930311,1.0,"(min = 0.94, max = 1.06)",66.0,0,0
7921,bus-7921,true,PQ,-0.030252334024083383,1.0,"(min = 0.94, max = 1.06)",66.0,0,0
4077,bus-4077,true,PQ,-0.02062166445837814,1.0,"(min = 0.94, max = 1.06)",115.0,0,0
7247,bus-7247,true,PQ,-0.0346266176472388,1.0,"(min = 0.94, max = 1.06)",66.0,0,0
6700,bus-6700,true,PQ,0.003187045041569005,1.0,"(min = 0.94, max = 1.06)",66.0,0,0
7254,bus-7254,true,PQ,-0.0345090808922242,1.0,"(min = 0.94, max = 1.06)",66.0,0,0
129,bus-129,true,PQ,-0.02089217879873127,1.0,"(min = 0.94, max = 1.06)",66.0,0,0
3253,bus-3253,true,PQ,-0.03827804924967003,1.0,"(min = 0.94, max = 1.06)",66.0,0,0
454,bus-454,true,PQ,-0.0010651786260463564,1.0,"(min = 0.94, max = 1.06)",66.0,0,0
3182,bus-3182,true,PQ,-0.032676818360984364,1.0,"(min = 0.94, max = 1.06)",115.0,0,0
1654,bus-1654,true,PQ,-0.014091735409859418,1.0,"(min = 0.94, max = 1.06)",66.0,0,0
5639,bus-5639,true,PQ,0.001594079053923086,1.0,"(min = 0.94, max = 1.06)",66.0,0,0
7323,bus-7323,true,PQ,-0.03444000093496319,1.0,"(min = 0.94, max = 1.06)",66.0,0,0
2217,bus-2217,true,PV,-1.3862172846756551e-5,1.0,"(min = 0.94, max = 1.06)",66.0,0,0
6572,bus-6572,true,PQ,-0.0009465180482904043,1.0,"(min = 0.94, max = 1.06)",66.0,0,0
8552,bus-8552,true,PQ,-0.00034583494401146383,1.0,"(min = 0.94, max = 1.06)",66.0,0,0
6893,bus-6893,true,PQ,0.006867543392269523,1.0,"(min = 0.94, max = 1.06)",66.0,0,0
2277,bus-2277,true,PV,0.00039474256903749514,1.0,"(min = 0.94, max = 1.06)",66.0,0,0
7120,bus-7120,true,PQ,-0.03442802116951042,1.0,"(min = 0.94, max = 1.06)",66.0,0,0
4090,bus-4090,true,PQ,-0.010106608129273852,1.0,"(min = 0.94, max = 1.06)",115.0,0,0
4928,bus-4928,true,PQ,-0.004807529618077826,1.0,"(min = 0.94, max = 1.06)",66.0,0,0
5042,bus-5042,true,PQ,-0.004388869776046652,1.0,"(min = 0.94, max = 1.06)",66.0,0,0
7447,bus-7447,true,PQ,-0.03263897683027432,1.0,"(min = 0.94, max = 1.06)",230.0,0,0
5023,bus-5023,true,PQ,0.003149917874121806,1.0,"(min = 0.94, max = 1.06)",66.0,0,0
7914,bus-7914,true,PV,-0.02207847350625821,1.0,"(min = 0.94, max = 1.06)",115.0,0,0
2120,bus-2120,true,PQ,-0.03243692756768672,1.0,"(min = 0.94, max = 1.06)",66.0,0,0
3165,bus-3165,true,PQ,-0.03372496048437214,1.0,"(min = 0.94, max = 1.06)",115.0,0,0
4416,bus-4416,true,PQ,-0.03181950024056706,1.0,"(min = 0.94, max = 1.06)",66.0,0,0
1767,bus-1767,true,PQ,-0.03495911473798264,1.0,"(min = 0.94, max = 1.06)",66.0,0,0
5441,bus-5441,true,PQ,-0.00031980813169347257,1.0,"(min = 0.94, max = 1.06)",66.0,0,0
4938,bus-4938,true,PQ,-0.005094418393127074,1.0,"(min = 0.94, max = 1.06)",66.0,0,0
967,bus-967,true,PQ,-0.03509688928380582,1.0,"(min = 0.94, max = 1.06)",66.0,0,0
8294,bus-8294,true,PQ,-0.02805959799592072,1.0,"(min = 0.94, max = 1.06)",115.0,0,0
1566,bus-1566,true,PQ,-0.0396889536947617,1.0,"(min = 0.94, max = 1.06)",66.0,0,0
7727,bus-7727,true,PQ,-0.034644238840432794,1.0,"(min = 0.94, max = 1.06)",66.0,0,0
6584,bus-6584,true,PQ,-9.025611474260928e-5,1.0,"(min = 0.94, max = 1.06)",66.0,0,0
8428,bus-8428,true,PQ,-0.03134824668176287,1.0,"(min = 0.94, max = 1.06)",66.0,0,0
760,bus-760,true,PQ,-0.03430827884192008,1.0,"(min = 0.94, max = 1.06)",66.0,0,0
3004,bus-3004,true,PQ,-0.03315966369854859,1.0,"(min = 0.94, max = 1.06)",115.0,0,0
5482,bus-5482,true,PQ,0.0026589451490962755,1.0,"(min = 0.94, max = 1.06)",115.0,0,0
540,bus-540,true,PQ,-0.0007629696457837455,1.0,"(min = 0.94, max = 1.06)",66.0,0,0
3380,bus-3380,true,PQ,-0.012568373222596203,1.0,"(min = 0.94, max = 1.06)",230.0,0,0
5606,bus-5606,true,PQ,0.0013403620188545467,1.0,"(min = 0.94, max = 1.06)",66.0,0,0
8748,bus-8748,true,PQ,0.0016038196108147604,1.0,"(min = 0.94, max = 1.06)",66.0,0,0
3168,bus-3168,true,PQ,-0.033830565645021335,1.0,"(min = 0.94, max = 1.06)",115.0,0,0
2820,bus-2820,true,PQ,-0.001797727177731853,1.0,"(min = 0.94, max = 1.06)",115.0,0,0
3518,bus-3518,true,PQ,-0.033277657904360144,1.0,"(min = 0.94, max = 1.06)",66.0,0,0
1377,bus-1377,true,PQ,-0.029172919789290076,1.0,"(min = 0.94, max = 1.06)",66.0,0,0
4121,bus-4121,true,PQ,-0.01425136418317791,1.0,"(min = 0.94, max = 1.06)",66.0,0,0
4472,bus-4472,true,PQ,-0.03328972615800598,1.0,"(min = 0.94, max = 1.06)",115.0,0,0
2696,bus-2696,true,PQ,-0.028753840579546237,1.0,"(min = 0.94, max = 1.06)",66.0,0,0
5766,bus-5766,true,PQ,0.0019527857365908255,1.0,"(min = 0.94, max = 1.06)",66.0,0,0
6079,bus-6079,true,PQ,-5.024033959329831e-5,1.0,"(min = 0.94, max = 1.06)",66.0,0,0
4291,bus-4291,true,PQ,-0.005447861337303724,1.0,"(min = 0.94, max = 1.06)",66.0,0,0
6314,bus-6314,true,PQ,-0.0013915289586346508,1.0,"(min = 0.94, max = 1.06)",66.0,0,0
146,bus-146,true,PQ,-0.010800179040390026,1.0,"(min = 0.94, max = 1.06)",66.0,0,0
1346,bus-1346,true,PQ,-0.03889479729464481,1.0,"(min = 0.94, max = 1.06)",66.0,0,0
2171,bus-2171,true,PQ,-0.03223883479198047,1.0,"(min = 0.94, max = 1.06)",66.0,0,0
4337,bus-4337,true,PQ,-0.03534893961146918,1.0,"(min = 0.94, max = 1.06)",230.0,0,0
1238,bus-1238,true,PQ,-0.03232058095268905,1.0,"(min = 0.94, max = 1.06)",115.0,0,0
5730,bus-5730,true,PQ,0.0005939428469112606,1.0,"(min = 0.94, max = 1.06)",66.0,0,0
8041,bus-8041,true,PQ,0.014341662073248829,1.0,"(min = 0.94, max = 1.06)",500.0,0,0
5396,bus-5396,true,PQ,-0.00337666918303861,1.0,"(min = 0.94, max = 1.06)",66.0,0,0
1088,bus-1088,true,PQ,0.007630643927275192,1.0,"(min = 0.94, max = 1.06)",66.0,0,0
1683,bus-1683,true,PV,-0.0011371826136883784,1.0,"(min = 0.94, max = 1.06)",230.0,0,0
646,bus-646,true,PQ,-0.028544868119414743,1.0,"(min = 0.94, max = 1.06)",66.0,0,0
2602,bus-2602,true,PQ,0.01349404822781871,1.0,"(min = 0.94, max = 1.06)",115.0,0,0
564,bus-564,true,PQ,-0.021400191260510484,1.0,"(min = 0.94, max = 1.06)",66.0,0,0
4367,bus-4367,true,PQ,-0.03578125557279307,1.0,"(min = 0.94, max = 1.06)",66.0,0,0
6956,bus-6956,true,PQ,0.007573352028501907,1.0,"(min = 0.94, max = 1.06)",66.0,0,0
1038,bus-1038,true,PV,0.005445155274111677,1.0,"(min = 0.94, max = 1.06)",115.0,0,0
3500,bus-3500,true,PQ,-0.052228045336510966,1.0,"(min = 0.94, max = 1.06)",66.0,0,0
728,bus-728,true,PQ,0.00034614001360207844,1.0,"(min = 0.94, max = 1.06)",66.0,0,0
1152,bus-1152,true,PQ,-0.032808145660550674,1.0,"(min = 0.94, max = 1.06)",66.0,0,0
3777,bus-3777,true,PQ,-0.03191913707330613,1.0,"(min = 0.94, max = 1.06)",66.0,0,0
4574,bus-4574,true,PQ,-0.010522598053881787,1.0,"(min = 0.94, max = 1.06)",66.0,0,0
5859,bus-5859,true,PQ,-0.00035935831530660575,1.0,"(min = 0.94, max = 1.06)",66.0,0,0
1963,bus-1963,true,PQ,-0.029347477847230734,1.0,"(min = 0.94, max = 1.06)",66.0,0,0
2707,bus-2707,true,PQ,-0.029308229581143586,1.0,"(min = 0.94, max = 1.06)",66.0,0,0
5378,bus-5378,true,PQ,-0.003172789523851273,1.0,"(min = 0.94, max = 1.06)",66.0,0,0
2255,bus-2255,true,PQ,-0.03347940400325668,1.0,"(min = 0.94, max = 1.06)",66.0,0,0
2053,bus-2053,true,PQ,-0.0017556748831217437,1.0,"(min = 0.94, max = 1.06)",66.0,0,0
7730,bus-7730,true,PQ,-0.026769800900427385,1.0,"(min = 0.94, max = 1.06)",115.0,0,0
1016,bus-1016,true,PV,0.0017943475570748762,1.0,"(min = 0.94, max = 1.06)",66.0,0,0
3401,bus-3401,true,PQ,-0.02951393548304704,1.0,"(min = 0.94, max = 1.06)",230.0,0,0
7890,bus-7890,true,PQ,-0.005578287505923941,1.0,"(min = 0.94, max = 1.06)",66.0,0,0
3469,bus-3469,true,PQ,-0.03160660236041491,1.0,"(min = 0.94, max = 1.06)",115.0,0,0
7865,bus-7865,true,PQ,-0.032642603973525815,1.0,"(min = 0.94, max = 1.06)",115.0,0,0
8622,bus-8622,true,PQ,-0.0003950227868848906,1.0,"(min = 0.94, max = 1.06)",115.0,0,0
1621,bus-1621,true,PV,0.013483016403042584,1.0,"(min = 0.94, max = 1.06)",115.0,0,0
6702,bus-6702,true,PQ,0.0030303049277889058,1.0,"(min = 0.94, max = 1.06)",66.0,0,0
8660,bus-8660,true,PQ,-0.03364262562410686,1.0,"(min = 0.94, max = 1.06)",66.0,0,0
7029,bus-7029,true,PQ,0.007799452469234057,1.0,"(min = 0.94, max = 1.06)",115.0,0,0
299,bus-299,true,PQ,-0.004391167432193734,1.0,"(min = 0.94, max = 1.06)",66.0,0,0
6155,bus-6155,true,PQ,-0.001006752896813793,1.0,"(min = 0.94, max = 1.06)",66.0,0,0
484,bus-484,true,PQ,-0.0039378413020540876,1.0,"(min = 0.94, max = 1.06)",66.0,0,0
3300,bus-3300,true,PQ,-0.0265651835603784,1.0,"(min = 0.94, max = 1.06)",230.0,0,0
7368,bus-7368,true,PQ,-0.03500918840875528,1.0,"(min = 0.94, max = 1.06)",66.0,0,0
2321,bus-2321,true,PQ,-0.034187122274036835,1.0,"(min = 0.94, max = 1.06)",66.0,0,0
3232,bus-3232,true,PQ,-0.03220119711572706,1.0,"(min = 0.94, max = 1.06)",115.0,0,0
4485,bus-4485,true,PQ,-0.034712382428550105,1.0,"(min = 0.94, max = 1.06)",66.0,0,0
8663,bus-8663,true,PQ,0.012375705610883556,1.0,"(min = 0.94, max = 1.06)",230.0,0,0
4445,bus-4445,true,PQ,-0.03423065776689858,1.0,"(min = 0.94, max = 1.06)",66.0,0,0
2324,bus-2324,true,PV,-0.03361110934113897,1.0,"(min = 0.94, max = 1.06)",115.0,0,0
6366,bus-6366,true,PQ,-0.0001277725571100475,1.0,"(min = 0.94, max = 1.06)",66.0,0,0
6223,bus-6223,true,PQ,-0.000398724092666961,1.0,"(min = 0.94, max = 1.06)",66.0,0,0
1851,bus-1851,true,PQ,0.009752568753731919,1.0,"(min = 0.94, max = 1.06)",115.0,0,0
7927,bus-7927,true,PQ,-0.007018436670508734,1.0,"(min = 0.94, max = 1.06)",230.0,0,0
117,bus-117,true,PQ,-0.019665304487963765,1.0,"(min = 0.94, max = 1.06)",115.0,0,0
626,bus-626,true,PQ,-0.032264392171816196,1.0,"(min = 0.94, max = 1.06)",66.0,0,0
1301,bus-1301,true,PQ,-0.0379048235045675,1.0,"(min = 0.94, max = 1.06)",66.0,0,0
7470,bus-7470,true,PQ,-0.034433343027465604,1.0,"(min = 0.94, max = 1.06)",66.0,0,0
6154,bus-6154,true,PQ,-0.0010202204612061025,1.0,"(min = 0.94, max = 1.06)",66.0,0,0
4885,bus-4885,true,PQ,5.7419842053965164e-5,1.0,"(min = 0.94, max = 1.06)",230.0,0,0
3025,bus-3025,true,PQ,-0.03824770024290587,1.0,"(min = 0.94, max = 1.06)",115.0,0,0
3353,bus-3353,true,PQ,-0.03146017167963354,1.0,"(min = 0.94, max = 1.06)",230.0,0,0
6899,bus-6899,true,PQ,0.006718223458537815,1.0,"(min = 0.94, max = 1.06)",66.0,0,0
3126,bus-3126,true,PQ,-0.03241131625717711,1.0,"(min = 0.94, max = 1.06)",115.0,0,0
3494,bus-3494,true,PQ,-0.02879281639973714,1.0,"(min = 0.94, max = 1.06)",115.0,0,0
1326,bus-1326,true,PV,-0.032294236952959444,1.0,"(min = 0.94, max = 1.06)",230.0,0,0
224,bus-224,true,PQ,-0.017171551506256343,1.0,"(min = 0.94, max = 1.06)",66.0,0,0
3047,bus-3047,true,PQ,-0.031253100930255025,1.0,"(min = 0.94, max = 1.06)",115.0,0,0
4684,bus-4684,true,PQ,-0.03148892179026994,1.0,"(min = 0.94, max = 1.06)",115.0,0,0
1639,bus-1639,true,PV,0.012344989404298075,1.0,"(min = 0.94, max = 1.06)",115.0,0,0
2118,bus-2118,true,PV,-0.03226986901500895,1.0,"(min = 0.94, max = 1.06)",66.0,0,0
5585,bus-5585,true,PQ,1.9723682784383243e-5,1.0,"(min = 0.94, max = 1.06)",66.0,0,0
4596,bus-4596,true,PQ,0.010298163163401524,1.0,"(min = 0.94, max = 1.06)",66.0,0,0
648,bus-648,true,PQ,-0.02851757692950009,1.0,"(min = 0.94, max = 1.06)",66.0,0,0
6718,bus-6718,true,PQ,0.005880696534080086,1.0,"(min = 0.94, max = 1.06)",66.0,0,0
7331,bus-7331,true,PQ,-0.03480010285128827,1.0,"(min = 0.94, max = 1.06)",66.0,0,0
5433,bus-5433,true,PQ,0.0002909598462866461,1.0,"(min = 0.94, max = 1.06)",66.0,0,0
8557,bus-8557,true,PQ,0.003706333185527436,1.0,"(min = 0.94, max = 1.06)",66.0,0,0
8590,bus-8590,true,PQ,0.006159542378150539,1.0,"(min = 0.94, max = 1.06)",66.0,0,0
5779,bus-5779,true,PQ,0.00013832466714569074,1.0,"(min = 0.94, max = 1.06)",66.0,0,0
7481,bus-7481,true,PQ,-0.03494251526053277,1.0,"(min = 0.94, max = 1.06)",66.0,0,0
8831,bus-8831,true,PQ,0.00026604594491151835,1.0,"(min = 0.94, max = 1.06)",230.0,0,0
2637,bus-2637,true,PQ,0.0004678907613758689,1.0,"(min = 0.94, max = 1.06)",230.0,0,0
6697,bus-6697,true,PQ,0.006285563894244082,1.0,"(min = 0.94, max = 1.06)",115.0,0,0
3631,bus-3631,true,PQ,-0.037103035303230426,1.0,"(min = 0.94, max = 1.06)",66.0,0,0
1818,bus-1818,true,PQ,-0.030088712722834494,1.0,"(min = 0.94, max = 1.06)",115.0,0,0
5728,bus-5728,true,PQ,0.001049277250626689,1.0,"(min = 0.94, max = 1.06)",66.0,0,0
177,bus-177,true,PQ,-0.03851233474354196,1.0,"(min = 0.94, max = 1.06)",66.0,0,0
418,bus-418,true,PQ,-0.0012454584754136473,1.0,"(min = 0.94, max = 1.06)",66.0,0,0
5682,bus-5682,true,PQ,0.0021030398927112484,1.0,"(min = 0.94, max = 1.06)",66.0,0,0
6929,bus-6929,true,PQ,0.006739620497035565,1.0,"(min = 0.94, max = 1.06)",66.0,0,0
8368,bus-8368,true,PQ,-0.0006660626615837621,1.0,"(min = 0.94, max = 1.06)",66.0,0,0
98,bus-98,true,PQ,-0.03818910046420431,1.0,"(min = 0.94, max = 1.06)",66.0,0,0
5974,bus-5974,true,PQ,-0.0008632144447691326,1.0,"(min = 0.94, max = 1.06)",66.0,0,0
3922,bus-3922,true,PQ,-0.03284058504815994,1.0,"(min = 0.94, max = 1.06)",66.0,0,0
1648,bus-1648,true,PQ,-0.026935318152842714,1.0,"(min = 0.94, max = 1.06)",66.0,0,0
2851,bus-2851,true,PQ,-0.031834718464446896,1.0,"(min = 0.94, max = 1.06)",115.0,0,0
1216,bus-1216,true,PQ,-0.0015853451226588166,1.0,"(min = 0.94, max = 1.06)",115.0,0,0
8277,bus-8277,true,PQ,-0.037126415733890146,1.0,"(min = 0.94, max = 1.06)",115.0,0,0
1310,bus-1310,true,PQ,-0.036648715277894935,1.0,"(min = 0.94, max = 1.06)",66.0,0,0
8305,bus-8305,true,PQ,0.015846908580634384,1.0,"(min = 0.94, max = 1.06)",66.0,0,0
3779,bus-3779,true,PQ,-0.03272556610512426,1.0,"(min = 0.94, max = 1.06)",66.0,0,0
5086,bus-5086,true,PQ,0.005689185848768708,1.0,"(min = 0.94, max = 1.06)",66.0,0,0
5485,bus-5485,true,PQ,0.002427235307414678,1.0,"(min = 0.94, max = 1.06)",115.0,0,0
2049,bus-2049,true,PQ,-0.0017812583730830822,1.0,"(min = 0.94, max = 1.06)",66.0,0,0
6313,bus-6313,true,PQ,-0.00134235041138482,1.0,"(min = 0.94, max = 1.06)",66.0,0,0
8771,bus-8771,true,PQ,-0.0340685568219611,1.0,"(min = 0.94, max = 1.06)",66.0,0,0
2957,bus-2957,true,PQ,-0.03831647162595513,1.0,"(min = 0.94, max = 1.06)",66.0,0,0
380,bus-380,true,PQ,-0.0005711991786851838,1.0,"(min = 0.94, max = 1.06)",66.0,0,0
184,bus-184,true,PQ,0.017535868584711203,1.0,"(min = 0.94, max = 1.06)",115.0,0,0
2104,bus-2104,true,PQ,0.0008724860631067224,1.0,"(min = 0.94, max = 1.06)",230.0,0,0
5552,bus-5552,true,PQ,-0.000873246597309596,1.0,"(min = 0.94, max = 1.06)",66.0,0,0
6546,bus-6546,true,PQ,-0.0010447636406854725,1.0,"(min = 0.94, max = 1.06)",66.0,0,0
432,bus-432,true,PQ,-0.003676628519416533,1.0,"(min = 0.94, max = 1.06)",66.0,0,0
3169,bus-3169,true,PQ,-0.03358428083800901,1.0,"(min = 0.94, max = 1.06)",115.0,0,0
6005,bus-6005,true,PQ,-0.0010684439049480471,1.0,"(min = 0.94, max = 1.06)",66.0,0,0
3299,bus-3299,true,PQ,-0.0273182269846353,1.0,"(min = 0.94, max = 1.06)",230.0,0,0
3436,bus-3436,true,PQ,-0.03196973940430921,1.0,"(min = 0.94, max = 1.06)",230.0,0,0
6146,bus-6146,true,PQ,-0.0007811230910957603,1.0,"(min = 0.94, max = 1.06)",66.0,0,0
806,bus-806,true,PV,0.0028061173155570643,1.0,"(min = 0.94, max = 1.06)",115.0,0,0
7418,bus-7418,true,PQ,-0.03503116507109762,1.0,"(min = 0.94, max = 1.06)",66.0,0,0
6805,bus-6805,true,PQ,0.009345125427218317,1.0,"(min = 0.94, max = 1.06)",115.0,0,0
8268,bus-8268,true,PQ,-0.012661084972835803,1.0,"(min = 0.94, max = 1.06)",230.0,0,0
4489,bus-4489,true,PQ,-0.034788161134013194,1.0,"(min = 0.94, max = 1.06)",66.0,0,0
6305,bus-6305,true,PQ,-0.0016381156692103235,1.0,"(min = 0.94, max = 1.06)",66.0,0,0
1749,bus-1749,true,PQ,-0.03747249480234007,1.0,"(min = 0.94, max = 1.06)",66.0,0,0
2911,bus-2911,true,PQ,-0.005562395515139661,1.0,"(min = 0.94, max = 1.06)",115.0,0,0
1961,bus-1961,true,PQ,-0.03377163338109727,1.0,"(min = 0.94, max = 1.06)",66.0,0,0
8851,bus-8851,true,PQ,0.014552634802876148,1.0,"(min = 0.94, max = 1.06)",115.0,0,0
736,bus-736,true,PQ,-0.0363063471285006,1.0,"(min = 0.94, max = 1.06)",66.0,0,0
7505,bus-7505,true,PQ,-0.029204446544233473,1.0,"(min = 0.94, max = 1.06)",66.0,0,0
5664,bus-5664,true,PQ,0.0015970641795545637,1.0,"(min = 0.94, max = 1.06)",66.0,0,0
6551,bus-6551,true,PQ,-4.8042848066522734e-5,1.0,"(min = 0.94, max = 1.06)",66.0,0,0
6069,bus-6069,true,PQ,3.286854487371104e-5,1.0,"(min = 0.94, max = 1.06)",66.0,0,0
4169,bus-4169,true,PQ,-0.025537244670280006,1.0,"(min = 0.94, max = 1.06)",66.0,0,0
8594,bus-8594,true,PQ,-0.0012165709462785897,1.0,"(min = 0.94, max = 1.06)",66.0,0,0
2591,bus-2591,true,PQ,0.014552262244894018,1.0,"(min = 0.94, max = 1.06)",115.0,0,0
6324,bus-6324,true,PQ,-0.0008808521016539519,1.0,"(min = 0.94, max = 1.06)",66.0,0,0
5381,bus-5381,true,PQ,-0.0026852998826007776,1.0,"(min = 0.94, max = 1.06)",66.0,0,0
6206,bus-6206,true,PQ,-0.0005048224571828322,1.0,"(min = 0.94, max = 1.06)",66.0,0,0
138,bus-138,true,PV,-0.020698064675587866,1.0,"(min = 0.94, max = 1.06)",66.0,0,0
2034,bus-2034,true,PQ,0.000654409084205562,1.0,"(min = 0.94, max = 1.06)",66.0,0,0
2420,bus-2420,true,PQ,0.0006253949907744667,1.0,"(min = 0.94, max = 1.06)",66.0,0,0
925,bus-925,true,PQ,-0.03471529416134121,1.0,"(min = 0.94, max = 1.06)",66.0,0,0
4218,bus-4218,true,PQ,-0.001799368171201163,1.0,"(min = 0.94, max = 1.06)",115.0,0,0
7827,bus-7827,true,PQ,-0.0328784641034489,1.0,"(min = 0.94, max = 1.06)",230.0,0,0
3187,bus-3187,true,PQ,-0.032207798649089805,1.0,"(min = 0.94, max = 1.06)",115.0,0,0
7073,bus-7073,true,PQ,-0.03433381510327185,1.0,"(min = 0.94, max = 1.06)",66.0,0,0
5171,bus-5171,true,PQ,0.0009867667405954535,1.0,"(min = 0.94, max = 1.06)",66.0,0,0
121,bus-121,true,PV,-0.019520728568578487,1.0,"(min = 0.94, max = 1.06)",115.0,0,0
7872,bus-7872,true,PQ,-0.03241556683203741,1.0,"(min = 0.94, max = 1.06)",230.0,0,0
7882,bus-7882,true,PV,-0.0330336973523127,1.0,"(min = 0.94, max = 1.06)",230.0,0,0
8577,bus-8577,true,PQ,-0.035378220302198185,1.0,"(min = 0.94, max = 1.06)",66.0,0,0
65,bus-65,true,PQ,-0.03804434529950486,1.0,"(min = 0.94, max = 1.06)",66.0,0,0
882,bus-882,true,PQ,-0.03496406571347177,1.0,"(min = 0.94, max = 1.06)",66.0,0,0
4163,bus-4163,true,PQ,-0.027233166094611332,1.0,"(min = 0.94, max = 1.06)",66.0,0,0
4297,bus-4297,true,PQ,-0.005312969290006676,1.0,"(min = 0.94, max = 1.06)",66.0,0,0
1168,bus-1168,true,PV,-0.031856895316054436,1.0,"(min = 0.94, max = 1.06)",115.0,0,0
4494,bus-4494,true,PQ,-0.034339661607200186,1.0,"(min = 0.94, max = 1.06)",66.0,0,0
1139,bus-1139,true,PQ,-0.03199894574401208,1.0,"(min = 0.94, max = 1.06)",115.0,0,0
1581,bus-1581,true,PQ,-0.051548005718739416,1.0,"(min = 0.94, max = 1.06)",66.0,0,0
6333,bus-6333,true,PQ,-0.0006159565695749345,1.0,"(min = 0.94, max = 1.06)",66.0,0,0
6505,bus-6505,true,PQ,0.0009606777421962137,1.0,"(min = 0.94, max = 1.06)",66.0,0,0
7302,bus-7302,true,PQ,-0.03472129495237542,1.0,"(min = 0.94, max = 1.06)",66.0,0,0
7397,bus-7397,true,PQ,-0.03505025146819866,1.0,"(min = 0.94, max = 1.06)",66.0,0,0
2345,bus-2345,true,PQ,-0.0339685229268172,1.0,"(min = 0.94, max = 1.06)",66.0,0,0
5017,bus-5017,true,PQ,-0.0028111201796848584,1.0,"(min = 0.94, max = 1.06)",66.0,0,0
5226,bus-5226,true,PQ,0.0006604197014434576,1.0,"(min = 0.94, max = 1.06)",66.0,0,0
5692,bus-5692,true,PQ,0.0016350475235023163,1.0,"(min = 0.94, max = 1.06)",66.0,0,0
6400,bus-6400,true,PQ,-0.0007028741007146045,1.0,"(min = 0.94, max = 1.06)",66.0,0,0
4223,bus-4223,true,PQ,-0.0034927908949088683,1.0,"(min = 0.94, max = 1.06)",115.0,0,0
4976,bus-4976,true,PQ,-0.005048939476143233,1.0,"(min = 0.94, max = 1.06)",66.0,0,0
8140,bus-8140,true,PQ,-0.034594310555586844,1.0,"(min = 0.94, max = 1.06)",115.0,0,0
3838,bus-3838,true,PQ,-0.03173084816107418,1.0,"(min = 0.94, max = 1.06)",66.0,0,0
8250,bus-8250,true,PQ,0.015382581203887106,1.0,"(min = 0.94, max = 1.06)",66.0,0,0
8543,bus-8543,true,PQ,-0.036328762566616886,1.0,"(min = 0.94, max = 1.06)",66.0,0,0
3,bus-3,true,PQ,-0.030776763925471483,1.0,"(min = 0.94, max = 1.06)",66.0,0,0
105,bus-105,true,PV,-0.03257927766867693,1.0,"(min = 0.94, max = 1.06)",66.0,0,0
8762,bus-8762,true,PQ,-0.0016814090587248798,1.0,"(min = 0.94, max = 1.06)",500.0,0,0
8764,bus-8764,true,PQ,-0.0330720047114001,1.0,"(min = 0.94, max = 1.06)",115.0,0,0
7118,bus-7118,true,PQ,-0.034419905737554504,1.0,"(min = 0.94, max = 1.06)",66.0,0,0
5290,bus-5290,true,PQ,0.0019986387299932478,1.0,"(min = 0.94, max = 1.06)",66.0,0,0
5793,bus-5793,true,PQ,-0.0007720723546469859,1.0,"(min = 0.94, max = 1.06)",66.0,0,0
2662,bus-2662,true,PQ,0.0016559286653624566,1.0,"(min = 0.94, max = 1.06)",230.0,0,0
5357,bus-5357,true,PQ,0.0007981279299910499,1.0,"(min = 0.94, max = 1.06)",66.0,0,0
2105,bus-2105,true,PQ,-0.021399331162255102,1.0,"(min = 0.94, max = 1.06)",66.0,0,0
5774,bus-5774,true,PQ,-7.597176069497602e-6,1.0,"(min = 0.94, max = 1.06)",66.0,0,0
6026,bus-6026,true,PQ,-0.0011928277611511515,1.0,"(min = 0.94, max = 1.06)",66.0,0,0
3948,bus-3948,true,PQ,-0.03183246070652652,1.0,"(min = 0.94, max = 1.06)",66.0,0,0
6852,bus-6852,true,PQ,0.005913073665794934,1.0,"(min = 0.94, max = 1.06)",66.0,0,0
1124,bus-1124,true,PQ,0.007963744535421072,1.0,"(min = 0.94, max = 1.06)",66.0,0,0
6210,bus-6210,true,PQ,-0.00037361633757181415,1.0,"(min = 0.94, max = 1.06)",66.0,0,0
4149,bus-4149,true,PQ,-0.028462612497097504,1.0,"(min = 0.94, max = 1.06)",66.0,0,0
6579,bus-6579,true,PQ,-0.0016252042347855405,1.0,"(min = 0.94, max = 1.06)",66.0,0,0
7504,bus-7504,true,PQ,-0.028714756898007544,1.0,"(min = 0.94, max = 1.06)",66.0,0,0
677,bus-677,true,PV,0.0014221984253027632,1.0,"(min = 0.94, max = 1.06)",66.0,0,0
3402,bus-3402,true,PQ,-0.02950150228105461,1.0,"(min = 0.94, max = 1.06)",230.0,0,0
5418,bus-5418,true,PQ,-0.00019278460287773777,1.0,"(min = 0.94, max = 1.06)",66.0,0,0
6613,bus-6613,true,PQ,-5.601143814209283e-5,1.0,"(min = 0.94, max = 1.06)",66.0,0,0
6157,bus-6157,true,PQ,-0.0008648596322646353,1.0,"(min = 0.94, max = 1.06)",66.0,0,0
160,bus-160,true,PQ,-0.037983207812070895,1.0,"(min = 0.94, max = 1.06)",66.0,0,0
7221,bus-7221,true,PQ,-0.034916155552839896,1.0,"(min = 0.94, max = 1.06)",66.0,0,0
895,bus-895,true,PQ,-0.03470435967357746,1.0,"(min = 0.94, max = 1.06)",66.0,0,0
2241,bus-2241,true,PQ,-0.0012703529530195296,1.0,"(min = 0.94, max = 1.06)",66.0,0,0
3909,bus-3909,true,PQ,-0.03411422074384566,1.0,"(min = 0.94, max = 1.06)",66.0,0,0
4780,bus-4780,true,PQ,-8.064070546321885e-5,1.0,"(min = 0.94, max = 1.06)",66.0,0,0
6414,bus-6414,true,PQ,-0.0004985579678426001,1.0,"(min = 0.94, max = 1.06)",66.0,0,0
550,bus-550,true,PQ,-3.744016153074933e-5,1.0,"(min = 0.94, max = 1.06)",66.0,0,0
740,bus-740,true,PQ,-0.036162602160372204,1.0,"(min = 0.94, max = 1.06)",66.0,0,0
1116,bus-1116,true,PV,0.00768246078054485,1.0,"(min = 0.94, max = 1.06)",66.0,0,0
6641,bus-6641,true,PQ,0.0027949713811544407,1.0,"(min = 0.94, max = 1.06)",115.0,0,0
8654,bus-8654,true,PQ,-0.03230422477413691,1.0,"(min = 0.94, max = 1.06)",115.0,0,0
8523,bus-8523,true,PQ,-0.029440798682472694,1.0,"(min = 0.94, max = 1.06)",500.0,0,0
7502,bus-7502,true,PQ,-0.031068645459192155,1.0,"(min = 0.94, max = 1.06)",66.0,0,0
5268,bus-5268,true,PQ,0.0051606512994990614,1.0,"(min = 0.94, max = 1.06)",115.0,0,0
5363,bus-5363,true,PQ,0.0007978640728600627,1.0,"(min = 0.94, max = 1.06)",66.0,0,0
6513,bus-6513,true,PQ,0.0029985778090473774,1.0,"(min = 0.94, max = 1.06)",66.0,0,0
7523,bus-7523,true,PQ,-0.030225754753970612,1.0,"(min = 0.94, max = 1.06)",66.0,0,0
8649,bus-8649,true,PQ,-0.03428816619121887,1.0,"(min = 0.94, max = 1.06)",66.0,0,0
1052,bus-1052,true,PQ,0.007579268415413487,1.0,"(min = 0.94, max = 1.06)",66.0,0,0
659,bus-659,true,PV,-0.03267334236324609,1.0,"(min = 0.94, max = 1.06)",115.0,0,0
5063,bus-5063,true,PQ,-0.0022524075611979983,1.0,"(min = 0.94, max = 1.06)",66.0,0,0
1163,bus-1163,true,PV,-0.032015372084800146,1.0,"(min = 0.94, max = 1.06)",66.0,0,0
173,bus-173,true,PQ,-0.0383718446399356,1.0,"(min = 0.94, max = 1.06)",66.0,0,0
2036,bus-2036,true,PV,0.0014472623028205147,1.0,"(min = 0.94, max = 1.06)",66.0,0,0
4315,bus-4315,true,PQ,-0.03461340969359141,1.0,"(min = 0.94, max = 1.06)",115.0,0,0
5368,bus-5368,true,PQ,-0.001244583211992394,1.0,"(min = 0.94, max = 1.06)",66.0,0,0
1252,bus-1252,true,PQ,-0.032124128611946745,1.0,"(min = 0.94, max = 1.06)",115.0,0,0
1278,bus-1278,true,PQ,-0.03357587742672651,1.0,"(min = 0.94, max = 1.06)",66.0,0,0
4933,bus-4933,true,PQ,-0.00337405937475481,1.0,"(min = 0.94, max = 1.06)",66.0,0,0
6325,bus-6325,true,PQ,-0.0008705314496787923,1.0,"(min = 0.94, max = 1.06)",66.0,0,0
7609,bus-7609,true,PQ,-0.030881977259703604,1.0,"(min = 0.94, max = 1.06)",230.0,0,0
5654,bus-5654,true,PQ,0.0014550195757606363,1.0,"(min = 0.94, max = 1.06)",66.0,0,0
8800,bus-8800,true,PQ,0.006061763727652891,1.0,"(min = 0.94, max = 1.06)",115.0,0,0
5605,bus-5605,true,PQ,0.001350813772981799,1.0,"(min = 0.94, max = 1.06)",66.0,0,0
269,bus-269,true,PV,-0.0014596379595621795,1.0,"(min = 0.94, max = 1.06)",66.0,0,0
2577,bus-2577,true,PQ,0.015226569032031428,1.0,"(min = 0.94, max = 1.06)",115.0,0,0
5917,bus-5917,true,PQ,-0.000716723312763789,1.0,"(min = 0.94, max = 1.06)",66.0,0,0
3602,bus-3602,true,PQ,-0.033173221067112235,1.0,"(min = 0.94, max = 1.06)",66.0,0,0
6477,bus-6477,true,PQ,-0.0014412117105614315,1.0,"(min = 0.94, max = 1.06)",230.0,0,0
884,bus-884,true,PQ,-0.03449727059824181,1.0,"(min = 0.94, max = 1.06)",66.0,0,0
2334,bus-2334,true,PV,0.003187045041569005,1.0,"(min = 0.94, max = 1.06)",66.0,0,0
708,bus-708,true,PQ,0.0009497690591254599,1.0,"(min = 0.94, max = 1.06)",66.0,0,0
7458,bus-7458,true,PQ,-0.03443265362241107,1.0,"(min = 0.94, max = 1.06)",66.0,0,0
8544,bus-8544,true,PQ,-0.035224000915096865,1.0,"(min = 0.94, max = 1.06)",115.0,0,0
7062,bus-7062,true,PQ,-0.032523516318937885,1.0,"(min = 0.94, max = 1.06)",230.0,0,0
8007,bus-8007,true,PQ,-0.03323176639154113,1.0,"(min = 0.94, max = 1.06)",66.0,0,0
4477,bus-4477,true,PQ,-0.034827644495950584,1.0,"(min = 0.94, max = 1.06)",115.0,0,0
4651,bus-4651,true,PQ,-0.03928540425016917,1.0,"(min = 0.94, max = 1.06)",66.0,0,0
8780,bus-8780,true,PQ,-0.028750337529204553,1.0,"(min = 0.94, max = 1.06)",230.0,0,0
2256,bus-2256,true,PQ,-0.032823966023022455,1.0,"(min = 0.94, max = 1.06)",230.0,0,0
5796,bus-5796,true,PQ,5.813746733717842e-5,1.0,"(min = 0.94, max = 1.06)",66.0,0,0
5257,bus-5257,true,PQ,0.004078521838535131,1.0,"(min = 0.94, max = 1.06)",66.0,0,0
2252,bus-2252,true,PV,-0.03026979220352523,1.0,"(min = 0.94, max = 1.06)",66.0,0,0
2951,bus-2951,true,PQ,-0.03393211850021325,1.0,"(min = 0.94, max = 1.06)",66.0,0,0
3938,bus-3938,true,PQ,-0.03464804906872282,1.0,"(min = 0.94, max = 1.06)",66.0,0,0
3998,bus-3998,true,PQ,-0.031741696255039954,1.0,"(min = 0.94, max = 1.06)",115.0,0,0
5219,bus-5219,true,PQ,0.0011593267002298715,1.0,"(min = 0.94, max = 1.06)",66.0,0,0
5710,bus-5710,true,PQ,0.0006706816859211406,1.0,"(min = 0.94, max = 1.06)",66.0,0,0
38,bus-38,true,PQ,-0.03797756987498818,1.0,"(min = 0.94, max = 1.06)",66.0,0,0
6447,bus-6447,true,PQ,-0.0004857796828411223,1.0,"(min = 0.94, max = 1.06)",66.0,0,0
3555,bus-3555,true,PQ,0.0029296703077697573,1.0,"(min = 0.94, max = 1.06)",66.0,0,0
3986,bus-3986,true,PQ,-0.03225315382222968,1.0,"(min = 0.94, max = 1.06)",66.0,0,0
8378,bus-8378,true,PQ,0.0012062723954077482,1.0,"(min = 0.94, max = 1.06)",230.0,0,0
7636,bus-7636,true,PQ,-0.0021395969832648685,1.0,"(min = 0.94, max = 1.06)",230.0,0,0
5436,bus-5436,true,PQ,0.00056592523001797,1.0,"(min = 0.94, max = 1.06)",66.0,0,0
3667,bus-3667,true,PQ,-0.037456835359225324,1.0,"(min = 0.94, max = 1.06)",66.0,0,0
2458,bus-2458,true,PQ,0.0005274927884190697,1.0,"(min = 0.94, max = 1.06)",66.0,0,0
3051,bus-3051,true,PQ,-0.03053623591246394,1.0,"(min = 0.94, max = 1.06)",230.0,0,0
5440,bus-5440,true,PQ,-1.4151180119905162e-5,1.0,"(min = 0.94, max = 1.06)",66.0,0,0
7796,bus-7796,true,PQ,-0.03224337037910763,1.0,"(min = 0.94, max = 1.06)",66.0,0,0
4221,bus-4221,true,PQ,-0.003540763573234545,1.0,"(min = 0.94, max = 1.06)",115.0,0,0
4013,bus-4013,true,PQ,-0.02785265570277515,1.0,"(min = 0.94, max = 1.06)",66.0,0,0
5798,bus-5798,true,PQ,-0.0001204870834931873,1.0,"(min = 0.94, max = 1.06)",66.0,0,0
8115,bus-8115,true,PQ,0.0012949809624818638,1.0,"(min = 0.94, max = 1.06)",230.0,0,0
1864,bus-1864,true,PV,0.009042169412874598,1.0,"(min = 0.94, max = 1.06)",115.0,0,0
4967,bus-4967,true,PQ,-0.0028385854312858194,1.0,"(min = 0.94, max = 1.06)",66.0,0,0
3834,bus-3834,true,PQ,-0.03193128456490001,1.0,"(min = 0.94, max = 1.06)",66.0,0,0
6544,bus-6544,true,PQ,-0.0009673620600160376,1.0,"(min = 0.94, max = 1.06)",66.0,0,0
2814,bus-2814,true,PQ,-0.010911703956436262,1.0,"(min = 0.94, max = 1.06)",115.0,0,0
5580,bus-5580,true,PQ,-0.00018066576086352875,1.0,"(min = 0.94, max = 1.06)",66.0,0,0
5716,bus-5716,true,PQ,0.0006305674293470554,1.0,"(min = 0.94, max = 1.06)",66.0,0,0
6100,bus-6100,true,PQ,0.0005800500173387395,1.0,"(min = 0.94, max = 1.06)",66.0,0,0
6497,bus-6497,true,PQ,-0.00016616590525356522,1.0,"(min = 0.94, max = 1.06)",66.0,0,0
2190,bus-2190,true,PQ,-0.013928689543664911,1.0,"(min = 0.94, max = 1.06)",66.0,0,0
636,bus-636,true,PV,-0.027555885501819644,1.0,"(min = 0.94, max = 1.06)",115.0,0,0
1229,bus-1229,true,PQ,-0.03255865276384026,1.0,"(min = 0.94, max = 1.06)",115.0,0,0
5493,bus-5493,true,PQ,0.0027214276919715775,1.0,"(min = 0.94, max = 1.06)",115.0,0,0
2227,bus-2227,true,PQ,0.0015297508131464955,1.0,"(min = 0.94, max = 1.06)",66.0,0,0
7903,bus-7903,true,PQ,0.0067652092753445366,1.0,"(min = 0.94, max = 1.06)",66.0,0,0
775,bus-775,true,PV,0.011659859725749294,1.0,"(min = 0.94, max = 1.06)",115.0,0,0
3726,bus-3726,true,PQ,-0.03772013415938486,1.0,"(min = 0.94, max = 1.06)",66.0,0,0
7091,bus-7091,true,PQ,-0.03240421992297142,1.0,"(min = 0.94, max = 1.06)",230.0,0,0
8337,bus-8337,true,PQ,-0.02790862404856348,1.0,"(min = 0.94, max = 1.06)",66.0,0,0
7150,bus-7150,true,PQ,-0.034741192753045706,1.0,"(min = 0.94, max = 1.06)",66.0,0,0
5456,bus-5456,true,PQ,0.0025616524331689675,1.0,"(min = 0.94, max = 1.06)",66.0,0,0
1746,bus-1746,true,PV,-0.03264956364845107,1.0,"(min = 0.94, max = 1.06)",66.0,0,0
6090,bus-6090,true,PQ,-0.0011871783799445289,1.0,"(min = 0.94, max = 1.06)",66.0,0,0
504,bus-504,true,PQ,-0.000622574428747501,1.0,"(min = 0.94, max = 1.06)",66.0,0,0
7236,bus-7236,true,PQ,-0.034659244657742665,1.0,"(min = 0.94, max = 1.06)",66.0,0,0
3322,bus-3322,true,PQ,-0.03326028856217722,1.0,"(min = 0.94, max = 1.06)",115.0,0,0
6803,bus-6803,true,PQ,0.009426378968745526,1.0,"(min = 0.94, max = 1.06)",115.0,0,0
1260,bus-1260,true,PQ,-0.032705515762677356,1.0,"(min = 0.94, max = 1.06)",115.0,0,0
3970,bus-3970,true,PQ,-0.031028079644052676,1.0,"(min = 0.94, max = 1.06)",66.0,0,0
3680,bus-3680,true,PQ,-0.03572223813680151,1.0,"(min = 0.94, max = 1.06)",66.0,0,0
6064,bus-6064,true,PQ,-0.0002828678750465282,1.0,"(min = 0.94, max = 1.06)",66.0,0,0
1047,bus-1047,true,PQ,0.007186822511176057,1.0,"(min = 0.94, max = 1.06)",66.0,0,0
692,bus-692,true,PV,0.0017358788508548115,1.0,"(min = 0.94, max = 1.06)",66.0,0,0
6374,bus-6374,true,PQ,-0.00045822323604141515,1.0,"(min = 0.94, max = 1.06)",66.0,0,0
1863,bus-1863,true,PV,0.0010416193637154932,1.0,"(min = 0.94, max = 1.06)",66.0,0,0
8030,bus-8030,true,PQ,0.0019805512720895923,1.0,"(min = 0.94, max = 1.06)",230.0,0,0
3356,bus-3356,true,PQ,-0.03146040328482528,1.0,"(min = 0.94, max = 1.06)",230.0,0,0
7571,bus-7571,true,PQ,-0.0332294417875104,1.0,"(min = 0.94, max = 1.06)",115.0,0,0
5573,bus-5573,true,PQ,-0.0004927827431609209,1.0,"(min = 0.94, max = 1.06)",66.0,0,0
8454,bus-8454,true,PQ,-0.0007307178880503845,1.0,"(min = 0.94, max = 1.06)",66.0,0,0
2857,bus-2857,true,PQ,-0.027036042849304557,1.0,"(min = 0.94, max = 1.06)",500.0,0,0
3835,bus-3835,true,PQ,-0.03195146877410056,1.0,"(min = 0.94, max = 1.06)",66.0,0,0
3931,bus-3931,true,PQ,-0.03390867349237121,1.0,"(min = 0.94, max = 1.06)",66.0,0,0
6301,bus-6301,true,PQ,-0.0017230373413011802,1.0,"(min = 0.94, max = 1.06)",66.0,0,0
6576,bus-6576,true,PQ,-0.0010079944140879188,1.0,"(min = 0.94, max = 1.06)",66.0,0,0
1922,bus-1922,true,PQ,-0.018779717618717755,1.0,"(min = 0.94, max = 1.06)",66.0,0,0
6612,bus-6612,true,PQ,-0.00011950049686358933,1.0,"(min = 0.94, max = 1.06)",66.0,0,0
8729,bus-8729,true,PQ,0.010799108821945997,1.0,"(min = 0.94, max = 1.06)",115.0,0,0
5474,bus-5474,true,PQ,0.004109085398624233,1.0,"(min = 0.94, max = 1.06)",115.0,0,0
8034,bus-8034,true,PQ,-0.038085676790587185,1.0,"(min = 0.94, max = 1.06)",66.0,0,0
2712,bus-2712,true,PQ,-0.02933215926691891,1.0,"(min = 0.94, max = 1.06)",66.0,0,0
8551,bus-8551,true,PQ,0.0008742616668399219,1.0,"(min = 0.94, max = 1.06)",230.0,0,0
1905,bus-1905,true,PQ,-0.030301532412236154,1.0,"(min = 0.94, max = 1.06)",230.0,0,0
3057,bus-3057,true,PQ,-0.026794061326095957,1.0,"(min = 0.94, max = 1.06)",115.0,0,0
7195,bus-7195,true,PQ,-0.034936450066849166,1.0,"(min = 0.94, max = 1.06)",66.0,0,0
6991,bus-6991,true,PQ,0.01246712700430057,1.0,"(min = 0.94, max = 1.06)",66.0,0,0
8345,bus-8345,true,PQ,-0.028925796177039245,1.0,"(min = 0.94, max = 1.06)",66.0,0,0
3883,bus-3883,true,PQ,-0.03197559777647645,1.0,"(min = 0.94, max = 1.06)",115.0,0,0
7527,bus-7527,true,PQ,-0.02937179307623782,1.0,"(min = 0.94, max = 1.06)",115.0,0,0
2007,bus-2007,true,PQ,0.003167104358158997,1.0,"(min = 0.94, max = 1.06)",66.0,0,0
7347,bus-7347,true,PQ,-0.03504347732177289,1.0,"(min = 0.94, max = 1.06)",66.0,0,0
6258,bus-6258,true,PQ,0.0008322178143874045,1.0,"(min = 0.94, max = 1.06)",66.0,0,0
2015,bus-2015,true,PQ,0.0005438482566222038,1.0,"(min = 0.94, max = 1.06)",66.0,0,0
5601,bus-5601,true,PQ,0.0009122292469738705,1.0,"(min = 0.94, max = 1.06)",66.0,0,0
5203,bus-5203,true,PQ,0.004014805819117568,1.0,"(min = 0.94, max = 1.06)",66.0,0,0
5056,bus-5056,true,PQ,-0.0012174833450703379,1.0,"(min = 0.94, max = 1.06)",66.0,0,0
7219,bus-7219,true,PQ,-0.03488254871449398,1.0,"(min = 0.94, max = 1.06)",66.0,0,0
6421,bus-6421,true,PQ,-6.99018335039062e-5,1.0,"(min = 0.94, max = 1.06)",66.0,0,0
5505,bus-5505,true,PQ,0.0016425461334113045,1.0,"(min = 0.94, max = 1.06)",115.0,0,0
6575,bus-6575,true,PQ,-0.0005508206323084231,1.0,"(min = 0.94, max = 1.06)",230.0,0,0
7071,bus-7071,true,PQ,-0.03433270961172365,1.0,"(min = 0.94, max = 1.06)",66.0,0,0
6792,bus-6792,true,PQ,0.007750683327357525,1.0,"(min = 0.94, max = 1.06)",230.0,0,0
2444,bus-2444,true,PQ,0.000636669955623361,1.0,"(min = 0.94, max = 1.06)",66.0,0,0
568,bus-568,true,PQ,-0.021947260176692053,1.0,"(min = 0.94, max = 1.06)",66.0,0,0
4595,bus-4595,true,PQ,-0.005211606553530179,1.0,"(min = 0.94, max = 1.06)",115.0,0,0
844,bus-844,true,PQ,-0.03481217267573043,1.0,"(min = 0.94, max = 1.06)",66.0,0,0
5277,bus-5277,true,PQ,0.0032191262701624715,1.0,"(min = 0.94, max = 1.06)",66.0,0,0
304,bus-304,true,PV,-0.002997560299546757,1.0,"(min = 0.94, max = 1.06)",66.0,0,0
1627,bus-1627,true,PQ,0.017992390866496857,1.0,"(min = 0.94, max = 1.06)",66.0,0,0
3497,bus-3497,true,PQ,-0.03739818985289737,1.0,"(min = 0.94, max = 1.06)",66.0,0,0
78,bus-78,true,PQ,-0.03001928055813043,1.0,"(min = 0.94, max = 1.06)",66.0,0,0
464,bus-464,true,PQ,-0.0007676962993401069,1.0,"(min = 0.94, max = 1.06)",66.0,0,0
2636,bus-2636,true,PQ,0.0002648305988495261,1.0,"(min = 0.94, max = 1.06)",230.0,0,0
1156,bus-1156,true,PQ,-0.03233693521137901,1.0,"(min = 0.94, max = 1.06)",66.0,0,0
3943,bus-3943,true,PQ,-0.03303317864045901,1.0,"(min = 0.94, max = 1.06)",66.0,0,0
5057,bus-5057,true,PQ,-0.0022372868663167607,1.0,"(min = 0.94, max = 1.06)",66.0,0,0
6331,bus-6331,true,PQ,-0.0006392808634645894,1.0,"(min = 0.94, max = 1.06)",66.0,0,0
1418,bus-1418,true,PV,-0.002105738049561784,1.0,"(min = 0.94, max = 1.06)",66.0,0,0
5778,bus-5778,true,PQ,-2.4447778386192763e-5,1.0,"(min = 0.94, max = 1.06)",66.0,0,0
5245,bus-5245,true,PQ,0.00551619338607367,1.0,"(min = 0.94, max = 1.06)",66.0,0,0
6216,bus-6216,true,PQ,-0.0004946836545530965,1.0,"(min = 0.94, max = 1.06)",66.0,0,0
6819,bus-6819,true,PQ,0.004228364079498791,1.0,"(min = 0.94, max = 1.06)",115.0,0,0
7192,bus-7192,true,PQ,-0.03472857576788303,1.0,"(min = 0.94, max = 1.06)",66.0,0,0
5333,bus-5333,true,PQ,0.0008954458345101229,1.0,"(min = 0.94, max = 1.06)",66.0,0,0
2992,bus-2992,true,PQ,-0.03228541082293211,1.0,"(min = 0.94, max = 1.06)",115.0,0,0
8342,bus-8342,true,PQ,-0.0020144740848433,1.0,"(min = 0.94, max = 1.06)",115.0,0,0
270,bus-270,true,PV,0.013723498845503354,1.0,"(min = 0.94, max = 1.06)",66.0,0,0
4710,bus-4710,true,PQ,0.005335379422322038,1.0,"(min = 0.94, max = 1.06)",115.0,0,0
8395,bus-8395,true,PQ,-0.012259786531739454,1.0,"(min = 0.94, max = 1.06)",115.0,0,0
1431,bus-1431,true,PQ,-0.004618762136564978,1.0,"(min = 0.94, max = 1.06)",66.0,0,0
7724,bus-7724,true,PQ,-0.0067904996198047095,1.0,"(min = 0.94, max = 1.06)",115.0,0,0
750,bus-750,true,PQ,-0.03356013193887965,1.0,"(min = 0.94, max = 1.06)",115.0,0,0
226,bus-226,true,PV,-0.005517770762291745,1.0,"(min = 0.94, max = 1.06)",66.0,0,0
242,bus-242,true,PQ,0.011067437852996,1.0,"(min = 0.94, max = 1.06)",115.0,0,0
505,bus-505,true,PQ,-0.0008737086505397813,1.0,"(min = 0.94, max = 1.06)",66.0,0,0
8857,bus-8857,true,PQ,0.006184962871813034,1.0,"(min = 0.94, max = 1.06)",115.0,0,0
4273,bus-4273,true,PQ,-0.005273282562304841,1.0,"(min = 0.94, max = 1.06)",115.0,0,0
2141,bus-2141,true,PQ,-0.03496366777840232,1.0,"(min = 0.94, max = 1.06)",66.0,0,0
8278,bus-8278,true,PQ,-0.031543121070328445,1.0,"(min = 0.94, max = 1.06)",66.0,0,0
3740,bus-3740,true,PQ,-0.03834209305937441,1.0,"(min = 0.94, max = 1.06)",66.0,0,0
6529,bus-6529,true,PQ,-0.002467109274038666,1.0,"(min = 0.94, max = 1.06)",66.0,0,0
8773,bus-8773,true,PQ,0.0004697512561785561,1.0,"(min = 0.94, max = 1.06)",66.0,0,0
5680,bus-5680,true,PQ,0.00182827387794038,1.0,"(min = 0.94, max = 1.06)",66.0,0,0
508,bus-508,true,PQ,-0.00043414744526375356,1.0,"(min = 0.94, max = 1.06)",66.0,0,0
6483,bus-6483,true,PQ,-0.0012457547223648931,1.0,"(min = 0.94, max = 1.06)",66.0,0,0
5781,bus-5781,true,PQ,-0.0012329793328646444,1.0,"(min = 0.94, max = 1.06)",66.0,0,0
3840,bus-3840,true,PQ,-0.03199530498719242,1.0,"(min = 0.94, max = 1.06)",66.0,0,0
1236,bus-1236,true,PV,-0.03233196817886076,1.0,"(min = 0.94, max = 1.06)",115.0,0,0
6346,bus-6346,true,PQ,-0.0005835119965924595,1.0,"(min = 0.94, max = 1.06)",66.0,0,0
2119,bus-2119,true,PQ,-0.03207928394761308,1.0,"(min = 0.94, max = 1.06)",66.0,0,0
2076,bus-2076,true,PQ,-0.0005662069523391805,1.0,"(min = 0.94, max = 1.06)",66.0,0,0
3230,bus-3230,true,PQ,-0.03220119711572706,1.0,"(min = 0.94, max = 1.06)",115.0,0,0
6203,bus-6203,true,PQ,-0.00012398379602075236,1.0,"(min = 0.94, max = 1.06)",66.0,0,0
6871,bus-6871,true,PQ,0.008217907374704462,1.0,"(min = 0.94, max = 1.06)",66.0,0,0
6998,bus-6998,true,PQ,0.012987603281147297,1.0,"(min = 0.94, max = 1.06)",66.0,0,0
3607,bus-3607,true,PQ,-0.03758355568769808,1.0,"(min = 0.94, max = 1.06)",66.0,0,0
4735,bus-4735,true,PQ,0.0029008753421715786,1.0,"(min = 0.94, max = 1.06)",115.0,0,0
1622,bus-1622,true,PQ,-0.03079701899503965,1.0,"(min = 0.94, max = 1.06)",66.0,0,0
4440,bus-4440,true,PQ,-0.03563899256373254,1.0,"(min = 0.94, max = 1.06)",66.0,0,0
7729,bus-7729,true,PQ,-0.026925671369001092,1.0,"(min = 0.94, max = 1.06)",66.0,0,0
7769,bus-7769,true,PQ,0.007810722461639912,1.0,"(min = 0.94, max = 1.06)",115.0,0,0
8386,bus-8386,true,PQ,0.014041506736395907,1.0,"(min = 0.94, max = 1.06)",66.0,0,0
2813,bus-2813,true,PQ,-0.010926266931355025,1.0,"(min = 0.94, max = 1.06)",115.0,0,0
1527,bus-1527,true,PQ,0.010366238491691793,1.0,"(min = 0.94, max = 1.06)",115.0,0,0
7194,bus-7194,true,PQ,-0.03492646992512041,1.0,"(min = 0.94, max = 1.06)",66.0,0,0
260,bus-260,true,PQ,-0.01878131581671381,1.0,"(min = 0.94, max = 1.06)",66.0,0,0
5369,bus-5369,true,PQ,-0.001368345771124361,1.0,"(min = 0.94, max = 1.06)",66.0,0,0
1005,bus-1005,true,PV,0.006069021016122195,1.0,"(min = 0.94, max = 1.06)",115.0,0,0
4429,bus-4429,true,PQ,-0.031835661989440524,1.0,"(min = 0.94, max = 1.06)",115.0,0,0
7884,bus-7884,true,PQ,0.0002637984163658844,1.0,"(min = 0.94, max = 1.06)",230.0,0,0
8060,bus-8060,true,PQ,0.005925390977925034,1.0,"(min = 0.94, max = 1.06)",66.0,0,0
8481,bus-8481,true,PQ,-0.0010550711695299865,1.0,"(min = 0.94, max = 1.06)",66.0,0,0
8461,bus-8461,true,PV,-0.019306320804090445,1.0,"(min = 0.94, max = 1.06)",230.0,0,0
1546,bus-1546,true,PV,0.006800462954012767,1.0,"(min = 0.94, max = 1.06)",66.0,0,0
7380,bus-7380,true,PQ,-0.03495821083196303,1.0,"(min = 0.94, max = 1.06)",66.0,0,0
7627,bus-7627,true,PQ,0.0029897671426372145,1.0,"(min = 0.94, max = 1.06)",230.0,0,0
7891,bus-7891,true,PQ,-0.00575783626304751,1.0,"(min = 0.94, max = 1.06)",115.0,0,0
6329,bus-6329,true,PQ,-0.00035403509599460814,1.0,"(min = 0.94, max = 1.06)",66.0,0,0
8609,bus-8609,true,PQ,-0.02951422049531389,1.0,"(min = 0.94, max = 1.06)",230.0,0,0
4486,bus-4486,true,PQ,-0.034798564169019705,1.0,"(min = 0.94, max = 1.06)",66.0,0,0
2222,bus-2222,true,PQ,-0.034239312680126296,1.0,"(min = 0.94, max = 1.06)",66.0,0,0
4931,bus-4931,true,PQ,-0.0034556474609930407,1.0,"(min = 0.94, max = 1.06)",66.0,0,0
476,bus-476,true,PQ,-0.0005388106220450515,1.0,"(min = 0.94, max = 1.06)",66.0,0,0
620,bus-620,true,PQ,-0.032208788948907385,1.0,"(min = 0.94, max = 1.06)",66.0,0,0
1451,bus-1451,true,PV,-0.03211381162167236,1.0,"(min = 0.94, max = 1.06)",115.0,0,0
7765,bus-7765,true,PQ,0.016151497018880787,1.0,"(min = 0.94, max = 1.06)",115.0,0,0
6717,bus-6717,true,PQ,0.0015927395102315217,1.0,"(min = 0.94, max = 1.06)",66.0,0,0
7555,bus-7555,true,PQ,-0.0010682897208165968,1.0,"(min = 0.94, max = 1.06)",66.0,0,0
8019,bus-8019,true,PQ,-0.00030901597902088676,1.0,"(min = 0.94, max = 1.06)",66.0,0,0
150,bus-150,true,PQ,-0.02062560017584139,1.0,"(min = 0.94, max = 1.06)",115.0,0,0
7373,bus-7373,true,PQ,-0.03494687107874698,1.0,"(min = 0.94, max = 1.06)",66.0,0,0
8392,bus-8392,true,PQ,-0.03385673790435254,1.0,"(min = 0.94, max = 1.06)",66.0,0,0
2697,bus-2697,true,PQ,-0.028912960327588375,1.0,"(min = 0.94, max = 1.06)",66.0,0,0
5442,bus-5442,true,PQ,0.0005593518697600122,1.0,"(min = 0.94, max = 1.06)",66.0,0,0
6605,bus-6605,true,PQ,-0.0008107175745709844,1.0,"(min = 0.94, max = 1.06)",66.0,0,0
1947,bus-1947,true,PQ,-0.034233456751420005,1.0,"(min = 0.94, max = 1.06)",66.0,0,0
2071,bus-2071,true,PQ,-0.000686102552999112,1.0,"(min = 0.94, max = 1.06)",66.0,0,0
1693,bus-1693,true,PV,0.0005211581473148828,1.0,"(min = 0.94, max = 1.06)",66.0,0,0
407,bus-407,true,PV,-0.002194878541992537,1.0,"(min = 0.94, max = 1.06)",66.0,0,0
1700,bus-1700,true,PV,-0.00045205678882658445,1.0,"(min = 0.94, max = 1.06)",66.0,0,0
6221,bus-6221,true,PQ,-0.0004959938418066421,1.0,"(min = 0.94, max = 1.06)",66.0,0,0
7057,bus-7057,true,PQ,-0.03284682913809188,1.0,"(min = 0.94, max = 1.06)",230.0,0,0
4637,bus-4637,true,PQ,-0.03229923191074573,1.0,"(min = 0.94, max = 1.06)",115.0,0,0
1942,bus-1942,true,PQ,0.0003751623956017913,1.0,"(min = 0.94, max = 1.06)",66.0,0,0
185,bus-185,true,PQ,0.012455445114191244,1.0,"(min = 0.94, max = 1.06)",115.0,0,0
7113,bus-7113,true,PQ,-0.034018769908784566,1.0,"(min = 0.94, max = 1.06)",66.0,0,0
7791,bus-7791,true,PQ,-0.03358015383245975,1.0,"(min = 0.94, max = 1.06)",115.0,0,0
588,bus-588,true,PQ,-0.026474562400423424,1.0,"(min = 0.94, max = 1.06)",66.0,0,0
6759,bus-6759,true,PQ,-0.0016709842175746932,1.0,"(min = 0.94, max = 1.06)",500.0,0,0
6698,bus-6698,true,PQ,0.0031882953605385485,1.0,"(min = 0.94, max = 1.06)",66.0,0,0
8138,bus-8138,true,PQ,-0.033532528160495956,1.0,"(min = 0.94, max = 1.06)",115.0,0,0
2436,bus-2436,true,PQ,0.0006732771842504032,1.0,"(min = 0.94, max = 1.06)",66.0,0,0
5341,bus-5341,true,PQ,0.00042384765869980155,1.0,"(min = 0.94, max = 1.06)",66.0,0,0
805,bus-805,true,PQ,0.00465860697364375,1.0,"(min = 0.94, max = 1.06)",115.0,0,0
7518,bus-7518,true,PQ,-0.02922254595764251,1.0,"(min = 0.94, max = 1.06)",66.0,0,0
6755,bus-6755,true,PQ,0.009940052528126632,1.0,"(min = 0.94, max = 1.06)",115.0,0,0
2786,bus-2786,true,PQ,-0.036703231160679764,1.0,"(min = 0.94, max = 1.06)",66.0,0,0
4159,bus-4159,true,PQ,-0.027689738990945293,1.0,"(min = 0.94, max = 1.06)",66.0,0,0
3824,bus-3824,true,PQ,-0.03209299682501307,1.0,"(min = 0.94, max = 1.06)",66.0,0,0
7801,bus-7801,true,PQ,0.004235039771901451,1.0,"(min = 0.94, max = 1.06)",66.0,0,0
8506,bus-8506,true,PQ,-0.032117523587925495,1.0,"(min = 0.94, max = 1.06)",115.0,0,0
7588,bus-7588,true,PQ,-0.03266799397628627,1.0,"(min = 0.94, max = 1.06)",230.0,0,0
2551,bus-2551,true,PQ,0.014937441243897965,1.0,"(min = 0.94, max = 1.06)",66.0,0,0
369,bus-369,true,PQ,-0.0007226158235712024,1.0,"(min = 0.94, max = 1.06)",66.0,0,0
3486,bus-3486,true,PQ,-0.03349254284186569,1.0,"(min = 0.94, max = 1.06)",115.0,0,0
6781,bus-6781,true,PQ,0.010796712467429716,1.0,"(min = 0.94, max = 1.06)",115.0,0,0
1655,bus-1655,true,PQ,-0.01545581336925178,1.0,"(min = 0.94, max = 1.06)",66.0,0,0
1386,bus-1386,true,PQ,-0.03609205333401271,1.0,"(min = 0.94, max = 1.06)",66.0,0,0
3032,bus-3032,true,PQ,-0.032301849031959096,1.0,"(min = 0.94, max = 1.06)",115.0,0,0
4351,bus-4351,true,PQ,-0.05177919307865613,1.0,"(min = 0.94, max = 1.06)",66.0,0,0
1847,bus-1847,true,PV,0.0014688974949853576,1.0,"(min = 0.94, max = 1.06)",66.0,0,0
8813,bus-8813,true,PQ,-0.0334712037482991,1.0,"(min = 0.94, max = 1.06)",66.0,0,0
5208,bus-5208,true,PQ,0.0033516635366860215,1.0,"(min = 0.94, max = 1.06)",66.0,0,0
7098,bus-7098,true,PQ,-0.03284538016574687,1.0,"(min = 0.94, max = 1.06)",230.0,0,0
8376,bus-8376,true,PQ,-0.04831078979155843,1.0,"(min = 0.94, max = 1.06)",66.0,0,0
5619,bus-5619,true,PQ,0.000272303379630914,1.0,"(min = 0.94, max = 1.06)",66.0,0,0
1968,bus-1968,true,PQ,-0.01006099360020713,1.0,"(min = 0.94, max = 1.06)",115.0,0,0
6250,bus-6250,true,PQ,-4.9146463560322974e-5,1.0,"(min = 0.94, max = 1.06)",66.0,0,0
4235,bus-4235,true,PQ,-0.016684542511228553,1.0,"(min = 0.94, max = 1.06)",66.0,0,0
3396,bus-3396,true,PQ,-0.0026105293840333952,1.0,"(min = 0.94, max = 1.06)",115.0,0,0
8260,bus-8260,true,PQ,-0.03238021134831391,1.0,"(min = 0.94, max = 1.06)",115.0,0,0
8130,bus-8130,true,PQ,-0.03411592819945288,1.0,"(min = 0.94, max = 1.06)",230.0,0,0
8830,bus-8830,true,PV,-0.03101819706622911,1.0,"(min = 0.94, max = 1.06)",115.0,0,0
8453,bus-8453,true,PQ,-0.0005485233165005469,1.0,"(min = 0.94, max = 1.06)",230.0,0,0
2013,bus-2013,true,PQ,0.0006373926894852949,1.0,"(min = 0.94, max = 1.06)",66.0,0,0
1737,bus-1737,true,PQ,-0.031428464108579635,1.0,"(min = 0.94, max = 1.06)",115.0,0,0
2197,bus-2197,true,PQ,-0.0030182746176010042,1.0,"(min = 0.94, max = 1.06)",115.0,0,0
4234,bus-4234,true,PQ,-0.016607729471290855,1.0,"(min = 0.94, max = 1.06)",66.0,0,0
493,bus-493,true,PQ,-4.980658932039513e-5,1.0,"(min = 0.94, max = 1.06)",66.0,0,0
4951,bus-4951,true,PQ,-0.003373760452213821,1.0,"(min = 0.94, max = 1.06)",66.0,0,0
1414,bus-1414,true,PQ,-0.01241799682361497,1.0,"(min = 0.94, max = 1.06)",66.0,0,0
3959,bus-3959,true,PQ,-0.03248709688250237,1.0,"(min = 0.94, max = 1.06)",66.0,0,0
3788,bus-3788,true,PQ,-0.03215006036490703,1.0,"(min = 0.94, max = 1.06)",115.0,0,0
4695,bus-4695,true,PQ,0.0032462629984383287,1.0,"(min = 0.94, max = 1.06)",66.0,0,0
5095,bus-5095,true,PQ,0.004270803557950162,1.0,"(min = 0.94, max = 1.06)",66.0,0,0
5578,bus-5578,true,PQ,-9.512135965888363e-5,1.0,"(min = 0.94, max = 1.06)",66.0,0,0
7898,bus-7898,true,PQ,0.009914118104812596,1.0,"(min = 0.94, max = 1.06)",500.0,0,0
6524,bus-6524,true,PQ,-0.0022828194172685168,1.0,"(min = 0.94, max = 1.06)",66.0,0,0
1269,bus-1269,true,PQ,-0.033402279299874445,1.0,"(min = 0.94, max = 1.06)",66.0,0,0
7755,bus-7755,true,PQ,-0.03125619295555786,1.0,"(min = 0.94, max = 1.06)",66.0,0,0
8414,bus-8414,true,PV,-0.030843800974843034,1.0,"(min = 0.94, max = 1.06)",230.0,0,0
3216,bus-3216,true,PQ,-0.030737529447485423,1.0,"(min = 0.94, max = 1.06)",230.0,0,0
6096,bus-6096,true,PQ,1.3333816024364635e-5,1.0,"(min = 0.94, max = 1.06)",66.0,0,0
158,bus-158,true,PV,-0.035018275290972865,1.0,"(min = 0.94, max = 1.06)",66.0,0,0
6097,bus-6097,true,PQ,0.00023168032118262892,1.0,"(min = 0.94, max = 1.06)",66.0,0,0
7060,bus-7060,true,PQ,-0.03284559222325099,1.0,"(min = 0.94, max = 1.06)",230.0,0,0
5888,bus-5888,true,PQ,0.0006541896020708066,1.0,"(min = 0.94, max = 1.06)",66.0,0,0
676,bus-676,true,PV,0.0018484804273553445,1.0,"(min = 0.94, max = 1.06)",66.0,0,0
4146,bus-4146,true,PQ,-0.027896205158270914,1.0,"(min = 0.94, max = 1.06)",66.0,0,0
4727,bus-4727,true,PQ,0.00013373256416295841,1.0,"(min = 0.94, max = 1.06)",230.0,0,0
7628,bus-7628,true,PQ,0.001664313120623953,1.0,"(min = 0.94, max = 1.06)",66.0,0,0
4739,bus-4739,true,PQ,-0.001123452420876875,1.0,"(min = 0.94, max = 1.06)",66.0,0,0
7407,bus-7407,true,PQ,-0.034964222094972755,1.0,"(min = 0.94, max = 1.06)",66.0,0,0
4795,bus-4795,true,PQ,0.0008042622020611201,1.0,"(min = 0.94, max = 1.06)",66.0,0,0
4119,bus-4119,true,PQ,-0.009590532857215662,1.0,"(min = 0.94, max = 1.06)",115.0,0,0
697,bus-697,true,PQ,0.0014657710186284194,1.0,"(min = 0.94, max = 1.06)",66.0,0,0
1177,bus-1177,true,PQ,-0.006293917930162045,1.0,"(min = 0.94, max = 1.06)",66.0,0,0
7621,bus-7621,true,PQ,-0.0010233817952788615,1.0,"(min = 0.94, max = 1.06)",66.0,0,0
308,bus-308,true,PV,-0.002222152069175167,1.0,"(min = 0.94, max = 1.06)",66.0,0,0
3291,bus-3291,true,PQ,-0.03081331443613382,1.0,"(min = 0.94, max = 1.06)",230.0,0,0
5223,bus-5223,true,PQ,0.0006526165752132277,1.0,"(min = 0.94, max = 1.06)",66.0,0,0
2837,bus-2837,true,PQ,-0.03082073976490351,1.0,"(min = 0.94, max = 1.06)",230.0,0,0
4017,bus-4017,true,PQ,-0.03029366411890231,1.0,"(min = 0.94, max = 1.06)",66.0,0,0
381,bus-381,true,PQ,8.770684442564554e-5,1.0,"(min = 0.94, max = 1.06)",66.0,0,0
6017,bus-6017,true,PQ,-0.0015243332657697446,1.0,"(min = 0.94, max = 1.06)",66.0,0,0
1022,bus-1022,true,PQ,0.0007283115031268925,1.0,"(min = 0.94, max = 1.06)",66.0,0,0
320,bus-320,true,PQ,-0.008540769602205463,1.0,"(min = 0.94, max = 1.06)",66.0,0,0
4335,bus-4335,true,PQ,-0.035161162429773914,1.0,"(min = 0.94, max = 1.06)",115.0,0,0
7363,bus-7363,true,PQ,-0.03492955462004039,1.0,"(min = 0.94, max = 1.06)",66.0,0,0
8617,bus-8617,true,PQ,-0.0019640364431084464,1.0,"(min = 0.94, max = 1.06)",230.0,0,0
16,bus-16,true,PV,-0.03250505073545179,1.0,"(min = 0.94, max = 1.06)",66.0,0,0
179,bus-179,true,PQ,-0.03290142338616011,1.0,"(min = 0.94, max = 1.06)",66.0,0,0
34,bus-34,true,PQ,-0.03126515242874005,1.0,"(min = 0.94, max = 1.06)",115.0,0,0
6135,bus-6135,true,PQ,-0.0011390106087150642,1.0,"(min = 0.94, max = 1.06)",66.0,0,0
6312,bus-6312,true,PQ,-0.001640318236329097,1.0,"(min = 0.94, max = 1.06)",66.0,0,0
7107,bus-7107,true,PQ,-0.03256479143588538,1.0,"(min = 0.94, max = 1.06)",230.0,0,0
8668,bus-8668,true,PQ,0.014919154940632631,1.0,"(min = 0.94, max = 1.06)",115.0,0,0
823,bus-823,true,PQ,-0.03426500986083511,1.0,"(min = 0.94, max = 1.06)",66.0,0,0
6367,bus-6367,true,PQ,-0.0002819500971500255,1.0,"(min = 0.94, max = 1.06)",66.0,0,0
7973,bus-7973,true,PQ,-0.026258295860282006,1.0,"(min = 0.94, max = 1.06)",115.0,0,0
5709,bus-5709,true,PQ,0.000671997669413132,1.0,"(min = 0.94, max = 1.06)",66.0,0,0
1461,bus-1461,true,PQ,0.002770726419103042,1.0,"(min = 0.94, max = 1.06)",66.0,0,0
156,bus-156,true,PQ,-0.03542804788154631,1.0,"(min = 0.94, max = 1.06)",66.0,0,0
8255,bus-8255,true,PQ,-0.034229650886453106,1.0,"(min = 0.94, max = 1.06)",66.0,0,0
8760,bus-8760,true,PQ,0.010733027846485395,1.0,"(min = 0.94, max = 1.06)",115.0,0,0
4650,bus-4650,true,PQ,-0.039826111266694296,1.0,"(min = 0.94, max = 1.06)",66.0,0,0
246,bus-246,true,PQ,0.008406262871247376,1.0,"(min = 0.94, max = 1.06)",66.0,0,0
6903,bus-6903,true,PQ,0.006616732859240318,1.0,"(min = 0.94, max = 1.06)",66.0,0,0
6082,bus-6082,true,PQ,1.0905787639337849e-5,1.0,"(min = 0.94, max = 1.06)",66.0,0,0
8301,bus-8301,true,PQ,-0.010909211783344046,1.0,"(min = 0.94, max = 1.06)",66.0,0,0
4306,bus-4306,true,PQ,-0.03210620373146291,1.0,"(min = 0.94, max = 1.06)",230.0,0,0
7649,bus-7649,true,PV,-0.035174967809624265,1.0,"(min = 0.94, max = 1.06)",115.0,0,0
8297,bus-8297,true,PQ,0.0026580498824564647,1.0,"(min = 0.94, max = 1.06)",66.0,0,0
530,bus-530,true,PQ,-0.00042724352488145596,1.0,"(min = 0.94, max = 1.06)",66.0,0,0
87,bus-87,true,PQ,-0.03148087669508288,1.0,"(min = 0.94, max = 1.06)",115.0,0,0
4540,bus-4540,true,PQ,-0.030770968559690234,1.0,"(min = 0.94, max = 1.06)",66.0,0,0
2799,bus-2799,true,PQ,-0.0387906042798934,1.0,"(min = 0.94, max = 1.06)",66.0,0,0
3820,bus-3820,true,PQ,-0.03223219276697908,1.0,"(min = 0.94, max = 1.06)",66.0,0,0
5078,bus-5078,true,PQ,0.0027002984567942537,1.0,"(min = 0.94, max = 1.06)",66.0,0,0
706,bus-706,true,PV,-0.0006150748850873633,1.0,"(min = 0.94, max = 1.06)",66.0,0,0
1993,bus-1993,true,PV,0.0007998416722742417,1.0,"(min = 0.94, max = 1.06)",66.0,0,0
2406,bus-2406,true,PV,0.009188340790089001,1.0,"(min = 0.94, max = 1.06)",115.0,0,0
3079,bus-3079,true,PQ,-0.03292575013434026,1.0,"(min = 0.94, max = 1.06)",115.0,0,0
4368,bus-4368,true,PQ,-0.03719257296278576,1.0,"(min = 0.94, max = 1.06)",66.0,0,0
4922,bus-4922,true,PQ,-0.00859732430880929,1.0,"(min = 0.94, max = 1.06)",66.0,0,0
8064,bus-8064,true,PV,-0.03725707544501757,1.0,"(min = 0.94, max = 1.06)",230.0,0,0
2449,bus-2449,true,PQ,0.0005305518479429912,1.0,"(min = 0.94, max = 1.06)",66.0,0,0
7735,bus-7735,true,PQ,-0.0291869902846538,1.0,"(min = 0.94, max = 1.06)",66.0,0,0
2622,bus-2622,true,PQ,0.012333433945839764,1.0,"(min = 0.94, max = 1.06)",230.0,0,0
3956,bus-3956,true,PQ,-0.03374506807361852,1.0,"(min = 0.94, max = 1.06)",115.0,0,0
7186,bus-7186,true,PQ,-0.03472389723829014,1.0,"(min = 0.94, max = 1.06)",66.0,0,0
8003,bus-8003,true,PV,0.012325709397823117,1.0,"(min = 0.94, max = 1.06)",230.0,0,0
5595,bus-5595,true,PQ,0.0008472349571387924,1.0,"(min = 0.94, max = 1.06)",66.0,0,0
4461,bus-4461,true,PQ,-0.035314286622769614,1.0,"(min = 0.94, max = 1.06)",66.0,0,0
4332,bus-4332,true,PQ,-0.03184165265756507,1.0,"(min = 0.94, max = 1.06)",230.0,0,0
7544,bus-7544,true,PQ,-0.03093552431022064,1.0,"(min = 0.94, max = 1.06)",66.0,0,0
7907,bus-7907,true,PQ,-0.030479547792892088,1.0,"(min = 0.94, max = 1.06)",230.0,0,0
3808,bus-3808,true,PQ,-0.030473105433557128,1.0,"(min = 0.94, max = 1.06)",66.0,0,0
250,bus-250,true,PQ,-0.007122768718188355,1.0,"(min = 0.94, max = 1.06)",66.0,0,0
3918,bus-3918,true,PQ,-0.033104745517371185,1.0,"(min = 0.94, max = 1.06)",66.0,0,0
2853,bus-2853,true,PQ,-0.03461466092013217,1.0,"(min = 0.94, max = 1.06)",115.0,0,0
1107,bus-1107,true,PQ,0.00680701952769398,1.0,"(min = 0.94, max = 1.06)",66.0,0,0
3499,bus-3499,true,PQ,-0.05346043645851111,1.0,"(min = 0.94, max = 1.06)",66.0,0,0
7545,bus-7545,true,PQ,-0.028867532374218692,1.0,"(min = 0.94, max = 1.06)",66.0,0,0
8067,bus-8067,true,PQ,-0.03358503900903608,1.0,"(min = 0.94, max = 1.06)",66.0,0,0
182,bus-182,true,PV,0.012190314765514665,1.0,"(min = 0.94, max = 1.06)",115.0,0,0
6055,bus-6055,true,PQ,-0.0004511058671275864,1.0,"(min = 0.94, max = 1.06)",66.0,0,0
6743,bus-6743,true,PQ,0.003378649992113283,1.0,"(min = 0.94, max = 1.06)",66.0,0,0
2635,bus-2635,true,PQ,0.000266028170478416,1.0,"(min = 0.94, max = 1.06)",230.0,0,0
3623,bus-3623,true,PQ,-0.037092614814931396,1.0,"(min = 0.94, max = 1.06)",66.0,0,0
6268,bus-6268,true,PQ,-0.0015226997004217312,1.0,"(min = 0.94, max = 1.06)",66.0,0,0
3581,bus-3581,true,PQ,-0.033321393935552945,1.0,"(min = 0.94, max = 1.06)",66.0,0,0
2592,bus-2592,true,PQ,0.01455731191875235,1.0,"(min = 0.94, max = 1.06)",115.0,0,0
769,bus-769,true,PQ,-0.03719693139899385,1.0,"(min = 0.94, max = 1.06)",66.0,0,0
3301,bus-3301,true,PQ,-0.026512902397167835,1.0,"(min = 0.94, max = 1.06)",230.0,0,0
7988,bus-7988,true,PQ,-0.034418645958900415,1.0,"(min = 0.94, max = 1.06)",115.0,0,0
2078,bus-2078,true,PQ,-6.108962526988232e-5,1.0,"(min = 0.94, max = 1.06)",66.0,0,0
7794,bus-7794,true,PQ,0.007886140704252588,1.0,"(min = 0.94, max = 1.06)",66.0,0,0
4953,bus-4953,true,PQ,-0.0033746606232288295,1.0,"(min = 0.94, max = 1.06)",66.0,0,0
3981,bus-3981,true,PQ,-0.032666794586024304,1.0,"(min = 0.94, max = 1.06)",115.0,0,0
4014,bus-4014,true,PQ,-0.02785483387368164,1.0,"(min = 0.94, max = 1.06)",66.0,0,0
8070,bus-8070,true,PQ,0.005045119474009392,1.0,"(min = 0.94, max = 1.06)",115.0,0,0
8033,bus-8033,true,PQ,-0.031690240458032655,1.0,"(min = 0.94, max = 1.06)",66.0,0,0
953,bus-953,true,PQ,-0.03493942201349946,1.0,"(min = 0.94, max = 1.06)",66.0,0,0
772,bus-772,true,PQ,0.010473721644069428,1.0,"(min = 0.94, max = 1.06)",115.0,0,0
5543,bus-5543,true,PQ,0.009702123641987866,1.0,"(min = 0.94, max = 1.06)",115.0,0,0
1239,bus-1239,true,PV,-0.03362661851140512,1.0,"(min = 0.94, max = 1.06)",66.0,0,0
6660,bus-6660,true,PQ,0.009731571308366412,1.0,"(min = 0.94, max = 1.06)",115.0,0,0
7959,bus-7959,true,PQ,-0.0313273350193301,1.0,"(min = 0.94, max = 1.06)",115.0,0,0
4059,bus-4059,true,PQ,-0.02224753569691727,1.0,"(min = 0.94, max = 1.06)",66.0,0,0
6127,bus-6127,true,PQ,0.00019331400138244048,1.0,"(min = 0.94, max = 1.06)",66.0,0,0
2574,bus-2574,true,PQ,0.014876627899012687,1.0,"(min = 0.94, max = 1.06)",66.0,0,0
3527,bus-3527,true,PQ,-0.03414486104606197,1.0,"(min = 0.94, max = 1.06)",66.0,0,0
3976,bus-3976,true,PQ,-0.030796597148959444,1.0,"(min = 0.94, max = 1.06)",66.0,0,0
5665,bus-5665,true,PQ,0.0016133914973421924,1.0,"(min = 0.94, max = 1.06)",66.0,0,0
5978,bus-5978,true,PQ,-0.0017527235139033286,1.0,"(min = 0.94, max = 1.06)",66.0,0,0
8313,bus-8313,true,PQ,0.005254470461149051,1.0,"(min = 0.94, max = 1.06)",66.0,0,0
3887,bus-3887,true,PQ,-0.03250395623947786,1.0,"(min = 0.94, max = 1.06)",230.0,0,0
408,bus-408,true,PQ,9.212773252861941e-5,1.0,"(min = 0.94, max = 1.06)",66.0,0,0
1547,bus-1547,true,PQ,0.0015500609879951384,1.0,"(min = 0.94, max = 1.06)",500.0,0,0
3194,bus-3194,true,PQ,-0.03222314148947824,1.0,"(min = 0.94, max = 1.06)",230.0,0,0
841,bus-841,true,PQ,-0.03424569604733254,1.0,"(min = 0.94, max = 1.06)",66.0,0,0
3341,bus-3341,true,PQ,-0.03016249442256745,1.0,"(min = 0.94, max = 1.06)",230.0,0,0
1790,bus-1790,true,PQ,-0.03212387885533079,1.0,"(min = 0.94, max = 1.06)",66.0,0,0
3130,bus-3130,true,PQ,-0.03220314053984916,1.0,"(min = 0.94, max = 1.06)",115.0,0,0
54,bus-54,true,PQ,-0.03227254704821322,1.0,"(min = 0.94, max = 1.06)",115.0,0,0
3143,bus-3143,true,PQ,-0.03278914670444517,1.0,"(min = 0.94, max = 1.06)",115.0,0,0
1951,bus-1951,true,REF,0.0,1.0,"(min = 0.94, max = 1.06)",230.0,0,0
6936,bus-6936,true,PQ,0.007363900597663796,1.0,"(min = 0.94, max = 1.06)",66.0,0,0
7990,bus-7990,true,PQ,0.0004160834026973429,1.0,"(min = 0.94, max = 1.06)",66.0,0,0
2797,bus-2797,true,PQ,-0.04272599152684614,1.0,"(min = 0.94, max = 1.06)",66.0,0,0
722,bus-722,true,PQ,0.0009997503897633672,1.0,"(min = 0.94, max = 1.06)",66.0,0,0
6508,bus-6508,true,PQ,0.001653109017888019,1.0,"(min = 0.94, max = 1.06)",115.0,0,0
702,bus-702,true,PQ,0.0009696345834218894,1.0,"(min = 0.94, max = 1.06)",66.0,0,0
2116,bus-2116,true,PV,-0.03222663371877855,1.0,"(min = 0.94, max = 1.06)",230.0,0,0
6487,bus-6487,true,PQ,0.0038954364509350753,1.0,"(min = 0.94, max = 1.06)",230.0,0,0
5463,bus-5463,true,PQ,0.0013043400968641365,1.0,"(min = 0.94, max = 1.06)",66.0,0,0
3283,bus-3283,true,PQ,-0.01172860117640188,1.0,"(min = 0.94, max = 1.06)",115.0,0,0
2796,bus-2796,true,PQ,-0.04397976485204538,1.0,"(min = 0.94, max = 1.06)",66.0,0,0
2330,bus-2330,true,PQ,-0.035574028616446506,1.0,"(min = 0.94, max = 1.06)",66.0,0,0
1507,bus-1507,true,PQ,-0.002721813270109928,1.0,"(min = 0.94, max = 1.06)",115.0,0,0
1760,bus-1760,true,PQ,-0.033792556737236024,1.0,"(min = 0.94, max = 1.06)",230.0,0,0
2873,bus-2873,true,PQ,-0.006521012842048689,1.0,"(min = 0.94, max = 1.06)",230.0,0,0
1406,bus-1406,true,PQ,-0.03691284764730523,1.0,"(min = 0.94, max = 1.06)",66.0,0,0
3482,bus-3482,true,PQ,-0.027961890799202645,1.0,"(min = 0.94, max = 1.06)",115.0,0,0
8717,bus-8717,true,PQ,-0.03485661661246785,1.0,"(min = 0.94, max = 1.06)",66.0,0,0
1763,bus-1763,true,PQ,-0.03693800255421545,1.0,"(min = 0.94, max = 1.06)",66.0,0,0
7184,bus-7184,true,PQ,-0.03481334955124506,1.0,"(min = 0.94, max = 1.06)",66.0,0,0
8489,bus-8489,true,PQ,-0.02608777213090733,1.0,"(min = 0.94, max = 1.06)",500.0,0,0
1188,bus-1188,true,PV,-0.03290259554928575,1.0,"(min = 0.94, max = 1.06)",66.0,0,0
7081,bus-7081,true,PQ,-0.03283581209625451,1.0,"(min = 0.94, max = 1.06)",230.0,0,0
8014,bus-8014,true,PQ,-0.03624500805553804,1.0,"(min = 0.94, max = 1.06)",66.0,0,0
3201,bus-3201,true,PQ,-0.031932743136555905,1.0,"(min = 0.94, max = 1.06)",230.0,0,0
6690,bus-6690,true,PV,0.02800242031149368,1.0,"(min = 0.94, max = 1.06)",66.0,0,0
2631,bus-2631,true,PQ,0.00012263863446339187,1.0,"(min = 0.94, max = 1.06)",230.0,0,0
5216,bus-5216,true,PQ,0.0022048246672541696,1.0,"(min = 0.94, max = 1.06)",66.0,0,0
7321,bus-7321,true,PQ,-0.03416522188258281,1.0,"(min = 0.94, max = 1.06)",66.0,0,0
5242,bus-5242,true,PQ,0.005260123041544192,1.0,"(min = 0.94, max = 1.06)",66.0,0,0
2070,bus-2070,true,PQ,-0.0008350391949737895,1.0,"(min = 0.94, max = 1.06)",66.0,0,0
920,bus-920,true,PQ,-0.03490057098435007,1.0,"(min = 0.94, max = 1.06)",66.0,0,0
6865,bus-6865,true,PQ,0.006720495353625136,1.0,"(min = 0.94, max = 1.06)",66.0,0,0
1887,bus-1887,true,PV,-0.03220119711572706,1.0,"(min = 0.94, max = 1.06)",115.0,0,0
8373,bus-8373,true,PQ,-0.0018953900605402168,1.0,"(min = 0.94, max = 1.06)",115.0,0,0
8753,bus-8753,true,PQ,0.0068292903478284475,1.0,"(min = 0.94, max = 1.06)",66.0,0,0
2669,bus-2669,true,PQ,-0.00046159005994431633,1.0,"(min = 0.94, max = 1.06)",230.0,0,0
281,bus-281,true,PQ,-0.0018589440078336083,1.0,"(min = 0.94, max = 1.06)",115.0,0,0
7457,bus-7457,true,PQ,-0.03450730222718349,1.0,"(min = 0.94, max = 1.06)",66.0,0,0
1378,bus-1378,true,PQ,-0.03170845104891504,1.0,"(min = 0.94, max = 1.06)",115.0,0,0
8745,bus-8745,true,PQ,-0.027387081794422802,1.0,"(min = 0.94, max = 1.06)",115.0,0,0
7993,bus-7993,true,PQ,0.000666778927255488,1.0,"(min = 0.94, max = 1.06)",66.0,0,0
8850,bus-8850,true,PQ,0.014563898023404506,1.0,"(min = 0.94, max = 1.06)",66.0,0,0
3636,bus-3636,true,PQ,-0.03644588288607197,1.0,"(min = 0.94, max = 1.06)",66.0,0,0
930,bus-930,true,PQ,-0.034732145489802135,1.0,"(min = 0.94, max = 1.06)",66.0,0,0
7622,bus-7622,true,PQ,-0.0010043947143935827,1.0,"(min = 0.94, max = 1.06)",66.0,0,0
873,bus-873,true,PQ,-0.03414761971347767,1.0,"(min = 0.94, max = 1.06)",66.0,0,0
194,bus-194,true,PV,0.015224751550868157,1.0,"(min = 0.94, max = 1.06)",115.0,0,0
5886,bus-5886,true,PQ,0.00020219942722578304,1.0,"(min = 0.94, max = 1.06)",66.0,0,0
6500,bus-6500,true,PQ,0.0006932168169722017,1.0,"(min = 0.94, max = 1.06)",66.0,0,0
1907,bus-1907,true,PV,-0.030367495735051875,1.0,"(min = 0.94, max = 1.06)",230.0,0,0
6537,bus-6537,true,PQ,-0.0005304152462584253,1.0,"(min = 0.94, max = 1.06)",66.0,0,0
8644,bus-8644,true,PQ,-0.0005104138044464969,1.0,"(min = 0.94, max = 1.06)",230.0,0,0
1323,bus-1323,true,PV,-0.034478166922381176,1.0,"(min = 0.94, max = 1.06)",66.0,0,0
2688,bus-2688,true,PQ,-0.029358147044948175,1.0,"(min = 0.94, max = 1.06)",66.0,0,0
1009,bus-1009,true,PQ,0.0020395334873368493,1.0,"(min = 0.94, max = 1.06)",66.0,0,0
3558,bus-3558,true,PQ,-0.043737781059908755,1.0,"(min = 0.94, max = 1.06)",66.0,0,0
5622,bus-5622,true,PQ,0.00019289969512460204,1.0,"(min = 0.94, max = 1.06)",66.0,0,0
5336,bus-5336,true,PQ,0.0009304573696885904,1.0,"(min = 0.94, max = 1.06)",66.0,0,0
6235,bus-6235,true,PQ,-0.0001238811458770597,1.0,"(min = 0.94, max = 1.06)",66.0,0,0
2418,bus-2418,true,PQ,0.0007389562644894767,1.0,"(min = 0.94, max = 1.06)",66.0,0,0
4088,bus-4088,true,PQ,-0.01385624399819411,1.0,"(min = 0.94, max = 1.06)",66.0,0,0
5103,bus-5103,true,PQ,0.004161186548575746,1.0,"(min = 0.94, max = 1.06)",66.0,0,0
1053,bus-1053,true,PV,0.007019344119546723,1.0,"(min = 0.94, max = 1.06)",66.0,0,0
5567,bus-5567,true,PQ,-0.0005951975012786663,1.0,"(min = 0.94, max = 1.06)",66.0,0,0
5164,bus-5164,true,PQ,0.0011502726947794084,1.0,"(min = 0.94, max = 1.06)",66.0,0,0
7328,bus-7328,true,PQ,-0.03456703908789273,1.0,"(min = 0.94, max = 1.06)",66.0,0,0
6630,bus-6630,true,PQ,0.0014083903873159625,1.0,"(min = 0.94, max = 1.06)",66.0,0,0
123,bus-123,true,PQ,-0.014251457279040213,1.0,"(min = 0.94, max = 1.06)",66.0,0,0
1736,bus-1736,true,PQ,-0.03327953413330604,1.0,"(min = 0.94, max = 1.06)",66.0,0,0
422,bus-422,true,PQ,-0.0004362612414461119,1.0,"(min = 0.94, max = 1.06)",66.0,0,0
5468,bus-5468,true,PQ,0.0008113476995174783,1.0,"(min = 0.94, max = 1.06)",66.0,0,0
7943,bus-7943,true,PQ,0.008208497536762088,1.0,"(min = 0.94, max = 1.06)",230.0,0,0
8021,bus-8021,true,PQ,0.000755611861256113,1.0,"(min = 0.94, max = 1.06)",66.0,0,0
8537,bus-8537,true,PQ,-0.03532159571261111,1.0,"(min = 0.94, max = 1.06)",115.0,0,0
4226,bus-4226,true,PQ,-0.0035455627399853394,1.0,"(min = 0.94, max = 1.06)",115.0,0,0
1313,bus-1313,true,PQ,-0.03814902369032124,1.0,"(min = 0.94, max = 1.06)",66.0,0,0
4592,bus-4592,true,PQ,-0.0018507097189556243,1.0,"(min = 0.94, max = 1.06)",115.0,0,0
2358,bus-2358,true,PQ,-0.03590293940464334,1.0,"(min = 0.94, max = 1.06)",66.0,0,0
5491,bus-5491,true,PQ,0.002715844767666883,1.0,"(min = 0.94, max = 1.06)",115.0,0,0
5805,bus-5805,true,PQ,-0.000768601081514999,1.0,"(min = 0.94, max = 1.06)",66.0,0,0
7369,bus-7369,true,PQ,-0.03500698615230512,1.0,"(min = 0.94, max = 1.06)",66.0,0,0
7165,bus-7165,true,PQ,-0.034966138815557296,1.0,"(min = 0.94, max = 1.06)",66.0,0,0
2409,bus-2409,true,PV,-0.03417963428794701,1.0,"(min = 0.94, max = 1.06)",66.0,0,0
6131,bus-6131,true,PQ,-9.396944689042342e-5,1.0,"(min = 0.94, max = 1.06)",66.0,0,0
5609,bus-5609,true,PQ,0.0013486531112183663,1.0,"(min = 0.94, max = 1.06)",66.0,0,0
8202,bus-8202,true,PQ,0.00833109291917409,1.0,"(min = 0.94, max = 1.06)",230.0,0,0
1638,bus-1638,true,PQ,0.010683574936967812,1.0,"(min = 0.94, max = 1.06)",115.0,0,0
8784,bus-8784,true,PQ,0.004799837690264901,1.0,"(min = 0.94, max = 1.06)",66.0,0,0
4058,bus-4058,true,PQ,-0.02086667273157555,1.0,"(min = 0.94, max = 1.06)",66.0,0,0
2675,bus-2675,true,PQ,-0.03877914689148577,1.0,"(min = 0.94, max = 1.06)",66.0,0,0
29,bus-29,true,PQ,-0.03253976777773491,1.0,"(min = 0.94, max = 1.06)",66.0,0,0
4588,bus-4588,true,PQ,0.00045435949072053245,1.0,"(min = 0.94, max = 1.06)",115.0,0,0
3982,bus-3982,true,PQ,-0.033438539736815105,1.0,"(min = 0.94, max = 1.06)",66.0,0,0
1510,bus-1510,true,PQ,-0.0011292036298280468,1.0,"(min = 0.94, max = 1.06)",66.0,0,0
7335,bus-7335,true,PQ,-0.03514405104725444,1.0,"(min = 0.94, max = 1.06)",66.0,0,0
8179,bus-8179,true,PV,0.0010489128991827013,1.0,"(min = 0.94, max = 1.06)",500.0,0,0
3156,bus-3156,true,PQ,-0.033533609741033414,1.0,"(min = 0.94, max = 1.06)",115.0,0,0
6555,bus-6555,true,PQ,-8.865665068471867e-5,1.0,"(min = 0.94, max = 1.06)",66.0,0,0
1132,bus-1132,true,PQ,-0.03119283680557876,1.0,"(min = 0.94, max = 1.06)",66.0,0,0
3029,bus-3029,true,PQ,-0.049668811632979294,1.0,"(min = 0.94, max = 1.06)",115.0,0,0
7839,bus-7839,true,PQ,-0.030201408458102843,1.0,"(min = 0.94, max = 1.06)",230.0,0,0
5944,bus-5944,true,PQ,-0.0007994151364943344,1.0,"(min = 0.94, max = 1.06)",66.0,0,0
6413,bus-6413,true,PQ,-0.0004687319472434771,1.0,"(min = 0.94, max = 1.06)",66.0,0,0
2702,bus-2702,true,PQ,-0.028759076916368063,1.0,"(min = 0.94, max = 1.06)",66.0,0,0
2894,bus-2894,true,PQ,-0.012305080164569906,1.0,"(min = 0.94, max = 1.06)",115.0,0,0
1412,bus-1412,true,PV,-0.007541163793772001,1.0,"(min = 0.94, max = 1.06)",115.0,0,0
6327,bus-6327,true,PQ,-0.0007896426959278849,1.0,"(min = 0.94, max = 1.06)",66.0,0,0
5429,bus-5429,true,PQ,4.082691831543873e-5,1.0,"(min = 0.94, max = 1.06)",66.0,0,0
240,bus-240,true,PV,-0.0071140640805302515,1.0,"(min = 0.94, max = 1.06)",66.0,0,0
3288,bus-3288,true,PQ,-0.030697750775838598,1.0,"(min = 0.94, max = 1.06)",230.0,0,0
5053,bus-5053,true,PQ,-0.0012172582464660495,1.0,"(min = 0.94, max = 1.06)",66.0,0,0
8642,bus-8642,true,PQ,-0.030631859186055127,1.0,"(min = 0.94, max = 1.06)",66.0,0,0
7917,bus-7917,true,PQ,-0.030539562684551165,1.0,"(min = 0.94, max = 1.06)",230.0,0,0
6159,bus-6159,true,PQ,-0.0007803445154244089,1.0,"(min = 0.94, max = 1.06)",66.0,0,0
148,bus-148,true,PQ,-0.020100698511956474,1.0,"(min = 0.94, max = 1.06)",66.0,0,0
6921,bus-6921,true,PQ,0.007364961112077186,1.0,"(min = 0.94, max = 1.06)",66.0,0,0
512,bus-512,true,PQ,-0.0012541209947862424,1.0,"(min = 0.94, max = 1.06)",66.0,0,0
3464,bus-3464,true,PQ,-0.030437595488194823,1.0,"(min = 0.94, max = 1.06)",115.0,0,0
4322,bus-4322,true,PQ,-0.02973633249218609,1.0,"(min = 0.94, max = 1.06)",230.0,0,0
983,bus-983,true,PQ,-0.034882681883115906,1.0,"(min = 0.94, max = 1.06)",66.0,0,0
2261,bus-2261,true,PV,0.012979970816701986,1.0,"(min = 0.94, max = 1.06)",230.0,0,0
8338,bus-8338,true,PQ,-0.027586153874372354,1.0,"(min = 0.94, max = 1.06)",115.0,0,0
4753,bus-4753,true,PQ,-0.000893668176524394,1.0,"(min = 0.94, max = 1.06)",66.0,0,0
655,bus-655,true,PQ,-0.027688752530852064,1.0,"(min = 0.94, max = 1.06)",66.0,0,0
6581,bus-6581,true,PQ,-0.00042545028285083587,1.0,"(min = 0.94, max = 1.06)",66.0,0,0
4084,bus-4084,true,PQ,-0.010799723003309773,1.0,"(min = 0.94, max = 1.06)",66.0,0,0
7112,bus-7112,true,PQ,-0.0341212177688169,1.0,"(min = 0.94, max = 1.06)",66.0,0,0
7695,bus-7695,true,PQ,-0.027799110397587364,1.0,"(min = 0.94, max = 1.06)",66.0,0,0
2919,bus-2919,true,PQ,-0.0184519660782101,1.0,"(min = 0.94, max = 1.06)",115.0,0,0
5107,bus-5107,true,PQ,0.006439981166775994,1.0,"(min = 0.94, max = 1.06)",66.0,0,0
3685,bus-3685,true,PQ,-0.03379394549572184,1.0,"(min = 0.94, max = 1.06)",66.0,0,0
1153,bus-1153,true,PQ,-0.032275319503730006,1.0,"(min = 0.94, max = 1.06)",66.0,0,0
6282,bus-6282,true,PQ,0.00023447420585197786,1.0,"(min = 0.94, max = 1.06)",66.0,0,0
2943,bus-2943,true,PQ,-0.010877686267584414,1.0,"(min = 0.94, max = 1.06)",115.0,0,0
2791,bus-2791,true,PQ,-0.03442160202305452,1.0,"(min = 0.94, max = 1.06)",115.0,0,0
7200,bus-7200,true,PQ,-0.03479904430909693,1.0,"(min = 0.94, max = 1.06)",66.0,0,0
8539,bus-8539,true,PQ,-0.032852295160243274,1.0,"(min = 0.94, max = 1.06)",115.0,0,0
7595,bus-7595,true,PQ,-0.031024718139913334,1.0,"(min = 0.94, max = 1.06)",230.0,0,0
4375,bus-4375,true,PQ,-0.0357972237646525,1.0,"(min = 0.94, max = 1.06)",66.0,0,0
7149,bus-7149,true,PQ,-0.03475024961560015,1.0,"(min = 0.94, max = 1.06)",66.0,0,0
7688,bus-7688,true,PQ,-0.019418978840246945,1.0,"(min = 0.94, max = 1.06)",66.0,0,0
8172,bus-8172,true,PQ,-0.0342344652026618,1.0,"(min = 0.94, max = 1.06)",230.0,0,0
1463,bus-1463,true,PQ,0.007270859154728496,1.0,"(min = 0.94, max = 1.06)",66.0,0,0
241,bus-241,true,PV,0.011247942806203568,1.0,"(min = 0.94, max = 1.06)",66.0,0,0
1256,bus-1256,true,PQ,-0.03238244502069062,1.0,"(min = 0.94, max = 1.06)",115.0,0,0
1438,bus-1438,true,PQ,-0.003049899791660924,1.0,"(min = 0.94, max = 1.06)",66.0,0,0
3594,bus-3594,true,PQ,-0.03346868087486535,1.0,"(min = 0.94, max = 1.06)",66.0,0,0
1494,bus-1494,true,PQ,-0.03697425164651597,1.0,"(min = 0.94, max = 1.06)",66.0,0,0
3703,bus-3703,true,PQ,-0.03561303847055783,1.0,"(min = 0.94, max = 1.06)",66.0,0,0
4879,bus-4879,true,PQ,-0.00012545920033008194,1.0,"(min = 0.94, max = 1.06)",230.0,0,0
6132,bus-6132,true,PQ,4.626185824725166e-5,1.0,"(min = 0.94, max = 1.06)",66.0,0,0
2108,bus-2108,true,PQ,-0.037203625260274015,1.0,"(min = 0.94, max = 1.06)",66.0,0,0
2060,bus-2060,true,PQ,4.107905590956469e-6,1.0,"(min = 0.94, max = 1.06)",66.0,0,0
3428,bus-3428,true,PQ,-0.03272299104634587,1.0,"(min = 0.94, max = 1.06)",115.0,0,0
4406,bus-4406,true,PQ,-0.032050805410208286,1.0,"(min = 0.94, max = 1.06)",66.0,0,0
4636,bus-4636,true,PQ,-0.03399519557204495,1.0,"(min = 0.94, max = 1.06)",66.0,0,0
7083,bus-7083,true,PQ,-0.033028357517466224,1.0,"(min = 0.94, max = 1.06)",230.0,0,0
3772,bus-3772,true,PQ,-0.03251450710387202,1.0,"(min = 0.94, max = 1.06)",66.0,0,0
7341,bus-7341,true,PQ,-0.035140862679776896,1.0,"(min = 0.94, max = 1.06)",66.0,0,0
1829,bus-1829,true,PQ,0.007203486949780685,1.0,"(min = 0.94, max = 1.06)",115.0,0,0
3388,bus-3388,true,PQ,-0.012565080990574873,1.0,"(min = 0.94, max = 1.06)",230.0,0,0
4825,bus-4825,true,PQ,0.0011849427248737962,1.0,"(min = 0.94, max = 1.06)",230.0,0,0
5172,bus-5172,true,PQ,0.001020103152391088,1.0,"(min = 0.94, max = 1.06)",66.0,0,0
6218,bus-6218,true,PQ,-0.00046325314928195665,1.0,"(min = 0.94, max = 1.06)",66.0,0,0
1407,bus-1407,true,PQ,-0.034927225129087754,1.0,"(min = 0.94, max = 1.06)",66.0,0,0
7454,bus-7454,true,PQ,-0.03395042962206055,1.0,"(min = 0.94, max = 1.06)",66.0,0,0
8774,bus-8774,true,PV,-0.00011177136316886606,1.0,"(min = 0.94, max = 1.06)",115.0,0,0
282,bus-282,true,PV,-0.0013090020615371017,1.0,"(min = 0.94, max = 1.06)",115.0,0,0
3714,bus-3714,true,PQ,-0.03306504905073213,1.0,"(min = 0.94, max = 1.06)",66.0,0,0
4692,bus-4692,true,PQ,0.003269211111042326,1.0,"(min = 0.94, max = 1.06)",66.0,0,0
1878,bus-1878,true,PV,0.00868037592343849,1.0,"(min = 0.94, max = 1.06)",66.0,0,0
4708,bus-4708,true,PQ,0.009220052340493601,1.0,"(min = 0.94, max = 1.06)",230.0,0,0
4028,bus-4028,true,PQ,-0.017502540999045593,1.0,"(min = 0.94, max = 1.06)",115.0,0,0
6460,bus-6460,true,PQ,-0.0006725866848744244,1.0,"(min = 0.94, max = 1.06)",66.0,0,0
6942,bus-6942,true,PQ,0.006527594408844789,1.0,"(min = 0.94, max = 1.06)",66.0,0,0
4006,bus-4006,true,PQ,-0.02969932540339143,1.0,"(min = 0.94, max = 1.06)",66.0,0,0
4844,bus-4844,true,PQ,-0.0009113901328120843,1.0,"(min = 0.94, max = 1.06)",230.0,0,0
7053,bus-7053,true,PQ,-0.033026892837157956,1.0,"(min = 0.94, max = 1.06)",230.0,0,0
1836,bus-1836,true,PQ,0.0009477951737719292,1.0,"(min = 0.94, max = 1.06)",66.0,0,0
7590,bus-7590,true,PQ,-0.03083363966793792,1.0,"(min = 0.94, max = 1.06)",230.0,0,0
8662,bus-8662,true,PQ,-0.03506991330035407,1.0,"(min = 0.94, max = 1.06)",115.0,0,0
6459,bus-6459,true,PQ,-0.0004087565052614829,1.0,"(min = 0.94, max = 1.06)",66.0,0,0
7371,bus-7371,true,PQ,-0.03499154417721517,1.0,"(min = 0.94, max = 1.06)",66.0,0,0
8093,bus-8093,true,PQ,-0.03267249011897234,1.0,"(min = 0.94, max = 1.06)",115.0,0,0
2337,bus-2337,true,PQ,-0.04301318894592031,1.0,"(min = 0.94, max = 1.06)",66.0,0,0
1343,bus-1343,true,PQ,-0.03572761881235248,1.0,"(min = 0.94, max = 1.06)",66.0,0,0
2819,bus-2819,true,PQ,-0.003614017328322067,1.0,"(min = 0.94, max = 1.06)",115.0,0,0
8147,bus-8147,true,PQ,-0.03302676944237984,1.0,"(min = 0.94, max = 1.06)",66.0,0,0
8736,bus-8736,true,PQ,0.0015345639844192072,1.0,"(min = 0.94, max = 1.06)",66.0,0,0
8476,bus-8476,true,PQ,-0.03459861593378566,1.0,"(min = 0.94, max = 1.06)",66.0,0,0
6530,bus-6530,true,PQ,-0.002517014852151049,1.0,"(min = 0.94, max = 1.06)",66.0,0,0
2267,bus-2267,true,PV,0.015546697794671126,1.0,"(min = 0.94, max = 1.06)",66.0,0,0
6189,bus-6189,true,PQ,-0.0004619964092460949,1.0,"(min = 0.94, max = 1.06)",66.0,0,0
7713,bus-7713,true,PQ,0.00749299673812753,1.0,"(min = 0.94, max = 1.06)",230.0,0,0
3456,bus-3456,true,PQ,-0.03405091485934902,1.0,"(min = 0.94, max = 1.06)",66.0,0,0
6809,bus-6809,true,PQ,0.00712878542662534,1.0,"(min = 0.94, max = 1.06)",230.0,0,0
4915,bus-4915,true,PQ,0.012309826308218022,1.0,"(min = 0.94, max = 1.06)",66.0,0,0
4064,bus-4064,true,PQ,-0.021599400523339238,1.0,"(min = 0.94, max = 1.06)",66.0,0,0
4903,bus-4903,true,PQ,-0.0012671082637670246,1.0,"(min = 0.94, max = 1.06)",66.0,0,0
1810,bus-1810,true,PV,-0.03231492852937354,1.0,"(min = 0.94, max = 1.06)",115.0,0,0
1738,bus-1738,true,PQ,-0.03329280718773453,1.0,"(min = 0.94, max = 1.06)",66.0,0,0
4865,bus-4865,true,PQ,0.002713292991580712,1.0,"(min = 0.94, max = 1.06)",230.0,0,0
3290,bus-3290,true,PQ,-0.030811674001169874,1.0,"(min = 0.94, max = 1.06)",230.0,0,0
1586,bus-1586,true,PV,-0.0325707611600589,1.0,"(min = 0.94, max = 1.06)",230.0,0,0
802,bus-802,true,PQ,0.003577625345915686,1.0,"(min = 0.94, max = 1.06)",115.0,0,0
2114,bus-2114,true,PQ,-0.03341240046420676,1.0,"(min = 0.94, max = 1.06)",230.0,0,0
3651,bus-3651,true,PQ,-0.03442992986158041,1.0,"(min = 0.94, max = 1.06)",66.0,0,0
6407,bus-6407,true,PQ,-0.001804309634645872,1.0,"(min = 0.94, max = 1.06)",66.0,0,0
4141,bus-4141,true,PQ,-0.027394721449624633,1.0,"(min = 0.94, max = 1.06)",115.0,0,0
6476,bus-6476,true,PQ,-0.0037112538970073394,1.0,"(min = 0.94, max = 1.06)",66.0,0,0
8074,bus-8074,true,PQ,0.0017952292974129837,1.0,"(min = 0.94, max = 1.06)",66.0,0,0
7777,bus-7777,true,PQ,-0.03480049729569922,1.0,"(min = 0.94, max = 1.06)",115.0,0,0
4707,bus-4707,true,PV,0.010846743569621902,1.0,"(min = 0.94, max = 1.06)",500.0,0,0
7958,bus-7958,true,PQ,-0.030430339456362584,1.0,"(min = 0.94, max = 1.06)",66.0,0,0
943,bus-943,true,PQ,-0.0340999221339487,1.0,"(min = 0.94, max = 1.06)",66.0,0,0
5933,bus-5933,true,PQ,-0.0008583528877335677,1.0,"(min = 0.94, max = 1.06)",66.0,0,0
5783,bus-5783,true,PQ,-0.0012695424273508912,1.0,"(min = 0.94, max = 1.06)",66.0,0,0
5624,bus-5624,true,PQ,0.0001613596042949209,1.0,"(min = 0.94, max = 1.06)",66.0,0,0
6432,bus-6432,true,PQ,9.907547760483586e-5,1.0,"(min = 0.94, max = 1.06)",66.0,0,0
6570,bus-6570,true,PQ,0.0026010316338565998,1.0,"(min = 0.94, max = 1.06)",115.0,0,0
8266,bus-8266,true,PQ,-0.028018541045129734,1.0,"(min = 0.94, max = 1.06)",230.0,0,0
2737,bus-2737,true,PQ,-0.035562892019555384,1.0,"(min = 0.94, max = 1.06)",115.0,0,0
6469,bus-6469,true,PQ,-0.0010344935456627555,1.0,"(min = 0.94, max = 1.06)",66.0,0,0
3181,bus-3181,true,PQ,-0.032868577336835125,1.0,"(min = 0.94, max = 1.06)",115.0,0,0
5149,bus-5149,true,PQ,0.0014029226669592047,1.0,"(min = 0.94, max = 1.06)",66.0,0,0
8102,bus-8102,true,PV,0.00019698578492021332,1.0,"(min = 0.94, max = 1.06)",230.0,0,0
3761,bus-3761,true,PQ,-0.03192274903219314,1.0,"(min = 0.94, max = 1.06)",230.0,0,0
21,bus-21,true,PQ,-0.031869947586332555,1.0,"(min = 0.94, max = 1.06)",115.0,0,0
4556,bus-4556,true,PQ,-0.021395107116399425,1.0,"(min = 0.94, max = 1.06)",66.0,0,0
5477,bus-5477,true,PQ,0.00329340790200637,1.0,"(min = 0.94, max = 1.06)",115.0,0,0
14,bus-14,true,PQ,-0.032488447069211716,1.0,"(min = 0.94, max = 1.06)",66.0,0,0
4645,bus-4645,true,PQ,-0.0314640098331916,1.0,"(min = 0.94, max = 1.06)",66.0,0,0
3531,bus-3531,true,PQ,-0.03413476798153061,1.0,"(min = 0.94, max = 1.06)",66.0,0,0
5058,bus-5058,true,PQ,-0.0022435207984324488,1.0,"(min = 0.94, max = 1.06)",66.0,0,0
1336,bus-1336,true,PQ,-0.03654924931288963,1.0,"(min = 0.94, max = 1.06)",66.0,0,0
4635,bus-4635,true,PQ,-0.02661219190938576,1.0,"(min = 0.94, max = 1.06)",66.0,0,0
2829,bus-2829,true,PQ,-0.020206019882069295,1.0,"(min = 0.94, max = 1.06)",115.0,0,0
7411,bus-7411,true,PQ,-0.035011889305772745,1.0,"(min = 0.94, max = 1.06)",66.0,0,0
1500,bus-1500,true,PV,-0.03342895246870097,1.0,"(min = 0.94, max = 1.06)",66.0,0,0
905,bus-905,true,PQ,-0.03458401590552688,1.0,"(min = 0.94, max = 1.06)",66.0,0,0
3062,bus-3062,true,PQ,-0.031036372401460604,1.0,"(min = 0.94, max = 1.06)",115.0,0,0
1877,bus-1877,true,PV,0.006528135670352418,1.0,"(min = 0.94, max = 1.06)",66.0,0,0
6531,bus-6531,true,PQ,-0.0024860170017841736,1.0,"(min = 0.94, max = 1.06)",66.0,0,0
2376,bus-2376,true,PV,-0.033571919019982986,1.0,"(min = 0.94, max = 1.06)",66.0,0,0
8566,bus-8566,true,PQ,-0.03342895246870097,1.0,"(min = 0.94, max = 1.06)",66.0,0,0
617,bus-617,true,PQ,-0.024031480358611978,1.0,"(min = 0.94, max = 1.06)",66.0,0,0
3626,bus-3626,true,PQ,-0.03713000011657496,1.0,"(min = 0.94, max = 1.06)",66.0,0,0
6472,bus-6472,true,PQ,-0.001597913379974097,1.0,"(min = 0.94, max = 1.06)",66.0,0,0
2017,bus-2017,true,PQ,0.009346502945783748,1.0,"(min = 0.94, max = 1.06)",115.0,0,0
7805,bus-7805,true,PQ,0.000210001986224006,1.0,"(min = 0.94, max = 1.06)",230.0,0,0
1280,bus-1280,true,PQ,-0.03205156009057685,1.0,"(min = 0.94, max = 1.06)",115.0,0,0
1636,bus-1636,true,PV,6.875320596869701e-5,1.0,"(min = 0.94, max = 1.06)",230.0,0,0
809,bus-809,true,PQ,0.009670319379693398,1.0,"(min = 0.94, max = 1.06)",115.0,0,0
8863,bus-8863,true,PQ,0.002031536964662865,1.0,"(min = 0.94, max = 1.06)",230.0,0,0
1166,bus-1166,true,PQ,-0.032076964230504254,1.0,"(min = 0.94, max = 1.06)",66.0,0,0
3730,bus-3730,true,PQ,-0.03682237449127083,1.0,"(min = 0.94, max = 1.06)",66.0,0,0
1221,bus-1221,true,PQ,0.0028074558958268814,1.0,"(min = 0.94, max = 1.06)",66.0,0,0
7000,bus-7000,true,PQ,0.014431432786619184,1.0,"(min = 0.94, max = 1.06)",66.0,0,0
5571,bus-5571,true,PQ,-0.0006080032246013147,1.0,"(min = 0.94, max = 1.06)",66.0,0,0
8502,bus-8502,true,PQ,0.009913558534801113,1.0,"(min = 0.94, max = 1.06)",115.0,0,0
4955,bus-4955,true,PQ,-0.0032364492738537532,1.0,"(min = 0.94, max = 1.06)",66.0,0,0
2600,bus-2600,true,PQ,0.013496113458469301,1.0,"(min = 0.94, max = 1.06)",115.0,0,0
1072,bus-1072,true,PQ,0.006712687972282189,1.0,"(min = 0.94, max = 1.06)",66.0,0,0
1015,bus-1015,true,PQ,0.0017941119550791494,1.0,"(min = 0.94, max = 1.06)",66.0,0,0
5769,bus-5769,true,PQ,0.00023906065885485566,1.0,"(min = 0.94, max = 1.06)",66.0,0,0
2251,bus-2251,true,PQ,-0.005740206186127633,1.0,"(min = 0.94, max = 1.06)",115.0,0,0
4268,bus-4268,true,PQ,-0.005487281204162928,1.0,"(min = 0.94, max = 1.06)",115.0,0,0
5054,bus-5054,true,PQ,-0.001218390778400364,1.0,"(min = 0.94, max = 1.06)",66.0,0,0
3732,bus-3732,true,PQ,-0.03477755808427441,1.0,"(min = 0.94, max = 1.06)",66.0,0,0
5722,bus-5722,true,PQ,0.0009675659214539875,1.0,"(min = 0.94, max = 1.06)",66.0,0,0
8184,bus-8184,true,PQ,0.004573648342460652,1.0,"(min = 0.94, max = 1.06)",66.0,0,0
8742,bus-8742,true,PQ,-0.034042770803993365,1.0,"(min = 0.94, max = 1.06)",66.0,0,0
3096,bus-3096,true,PQ,-0.032470876665098965,1.0,"(min = 0.94, max = 1.06)",115.0,0,0
4062,bus-4062,true,PQ,-0.015932406588369516,1.0,"(min = 0.94, max = 1.06)",115.0,0,0
573,bus-573,true,PV,-0.02145697711852045,1.0,"(min = 0.94, max = 1.06)",66.0,0,0
3587,bus-3587,true,PQ,-0.03325088839335891,1.0,"(min = 0.94, max = 1.06)",115.0,0,0
7503,bus-7503,true,PQ,-0.030059355412151323,1.0,"(min = 0.94, max = 1.06)",66.0,0,0
6024,bus-6024,true,PQ,-0.0012229547951957073,1.0,"(min = 0.94, max = 1.06)",66.0,0,0
1895,bus-1895,true,PV,0.010507934565451403,1.0,"(min = 0.94, max = 1.06)",66.0,0,0
682,bus-682,true,PQ,0.0017617467265097994,1.0,"(min = 0.94, max = 1.06)",66.0,0,0
5015,bus-5015,true,PQ,-0.0027562082118795924,1.0,"(min = 0.94, max = 1.06)",66.0,0,0
904,bus-904,true,PQ,-0.034689834869009444,1.0,"(min = 0.94, max = 1.06)",66.0,0,0
7957,bus-7957,true,PQ,-0.03361713596304611,1.0,"(min = 0.94, max = 1.06)",115.0,0,0
2668,bus-2668,true,PQ,-0.0002462878246865981,1.0,"(min = 0.94, max = 1.06)",230.0,0,0
8136,bus-8136,true,PQ,0.005659324295011344,1.0,"(min = 0.94, max = 1.06)",115.0,0,0
891,bus-891,true,PQ,-0.03463127802540748,1.0,"(min = 0.94, max = 1.06)",66.0,0,0
4841,bus-4841,true,PQ,0.003156519040965407,1.0,"(min = 0.94, max = 1.06)",66.0,0,0
996,bus-996,true,PQ,0.002973874924960133,1.0,"(min = 0.94, max = 1.06)",66.0,0,0
6008,bus-6008,true,PQ,-0.0010703957101412108,1.0,"(min = 0.94, max = 1.06)",66.0,0,0
6747,bus-6747,true,PQ,0.003463807381391597,1.0,"(min = 0.94, max = 1.06)",66.0,0,0
1787,bus-1787,true,PV,-0.030422503451619905,1.0,"(min = 0.94, max = 1.06)",230.0,0,0
4184,bus-4184,true,PQ,-0.02498590859861024,1.0,"(min = 0.94, max = 1.06)",66.0,0,0
5906,bus-5906,true,PQ,-0.0006045773038499411,1.0,"(min = 0.94, max = 1.06)",66.0,0,0
6284,bus-6284,true,PQ,-0.0016055461306534059,1.0,"(min = 0.94, max = 1.06)",66.0,0,0
8357,bus-8357,true,PV,0.01960247856901142,1.0,"(min = 0.94, max = 1.06)",230.0,0,0
8652,bus-8652,true,PQ,-0.033486840502133575,1.0,"(min = 0.94, max = 1.06)",115.0,0,0
8081,bus-8081,true,PQ,0.0026709995797344396,1.0,"(min = 0.94, max = 1.06)",230.0,0,0
1656,bus-1656,true,PV,0.004992381715213213,1.0,"(min = 0.94, max = 1.06)",230.0,0,0
4517,bus-4517,true,PQ,-0.031296251228950855,1.0,"(min = 0.94, max = 1.06)",115.0,0,0
4430,bus-4430,true,PQ,-0.03211483857340423,1.0,"(min = 0.94, max = 1.06)",66.0,0,0
5451,bus-5451,true,PQ,0.0017740477547179777,1.0,"(min = 0.94, max = 1.06)",66.0,0,0
5925,bus-5925,true,PQ,-0.000922214324493749,1.0,"(min = 0.94, max = 1.06)",66.0,0,0
7204,bus-7204,true,PQ,-0.03489523446562917,1.0,"(min = 0.94, max = 1.06)",66.0,0,0
7233,bus-7233,true,PQ,-0.034065160760302575,1.0,"(min = 0.94, max = 1.06)",115.0,0,0
7403,bus-7403,true,PQ,-0.03499936813918601,1.0,"(min = 0.94, max = 1.06)",66.0,0,0
1754,bus-1754,true,PQ,-0.036460017260486324,1.0,"(min = 0.94, max = 1.06)",66.0,0,0
7089,bus-7089,true,PQ,-0.032871257638967415,1.0,"(min = 0.94, max = 1.06)",230.0,0,0
1307,bus-1307,true,PQ,-0.03750646746169722,1.0,"(min = 0.94, max = 1.06)",66.0,0,0
5794,bus-5794,true,PQ,-0.0010563670764995921,1.0,"(min = 0.94, max = 1.06)",66.0,0,0
4600,bus-4600,true,PQ,0.007626693287246841,1.0,"(min = 0.94, max = 1.06)",66.0,0,0
3671,bus-3671,true,PQ,-0.03586085916731191,1.0,"(min = 0.94, max = 1.06)",66.0,0,0
3405,bus-3405,true,PQ,-0.031079733535930073,1.0,"(min = 0.94, max = 1.06)",230.0,0,0
1840,bus-1840,true,PQ,0.01299616621552343,1.0,"(min = 0.94, max = 1.06)",230.0,0,0
453,bus-453,true,PQ,-0.0009748080412667611,1.0,"(min = 0.94, max = 1.06)",66.0,0,0
2268,bus-2268,true,PV,0.015568683201113015,1.0,"(min = 0.94, max = 1.06)",66.0,0,0
6937,bus-6937,true,PQ,0.007558052751531604,1.0,"(min = 0.94, max = 1.06)",66.0,0,0
5914,bus-5914,true,PQ,-0.0006787588445518969,1.0,"(min = 0.94, max = 1.06)",66.0,0,0
6285,bus-6285,true,PQ,-0.00040020046144523524,1.0,"(min = 0.94, max = 1.06)",66.0,0,0
8808,bus-8808,true,PQ,0.00838310503988046,1.0,"(min = 0.94, max = 1.06)",230.0,0,0
39,bus-39,true,PQ,-0.003413128692233751,1.0,"(min = 0.94, max = 1.06)",115.0,0,0
4552,bus-4552,true,PQ,-0.028707192641029403,1.0,"(min = 0.94, max = 1.06)",66.0,0,0
7635,bus-7635,true,PQ,-0.019478636637541066,1.0,"(min = 0.94, max = 1.06)",115.0,0,0
764,bus-764,true,PQ,-0.041142049903724,1.0,"(min = 0.94, max = 1.06)",66.0,0,0
7346,bus-7346,true,PQ,-0.03509657634627094,1.0,"(min = 0.94, max = 1.06)",66.0,0,0
7554,bus-7554,true,PQ,-0.000984100750163032,1.0,"(min = 0.94, max = 1.06)",66.0,0,0
7683,bus-7683,true,PQ,-0.03538576832761429,1.0,"(min = 0.94, max = 1.06)",66.0,0,0
2230,bus-2230,true,PQ,0.002786062801773241,1.0,"(min = 0.94, max = 1.06)",115.0,0,0
1673,bus-1673,true,PQ,0.023711667797272858,1.0,"(min = 0.94, max = 1.06)",115.0,0,0
1032,bus-1032,true,PQ,0.00023568771233693848,1.0,"(min = 0.94, max = 1.06)",66.0,0,0
5589,bus-5589,true,PQ,0.0005710520439385822,1.0,"(min = 0.94, max = 1.06)",66.0,0,0
8341,bus-8341,true,PQ,-0.0021536192551813637,1.0,"(min = 0.94, max = 1.06)",66.0,0,0
2032,bus-2032,true,PV,0.0006496191275572309,1.0,"(min = 0.94, max = 1.06)",66.0,0,0
946,bus-946,true,PQ,-0.034875960271100626,1.0,"(min = 0.94, max = 1.06)",66.0,0,0
3385,bus-3385,true,PQ,-0.012575116686133718,1.0,"(min = 0.94, max = 1.06)",230.0,0,0
4217,bus-4217,true,PQ,-0.005322396965214003,1.0,"(min = 0.94, max = 1.06)",66.0,0,0
3702,bus-3702,true,PQ,-0.03581257969501032,1.0,"(min = 0.94, max = 1.06)",66.0,0,0
8212,bus-8212,true,PQ,0.007444422078289548,1.0,"(min = 0.94, max = 1.06)",66.0,0,0
5263,bus-5263,true,PQ,0.003970979152976711,1.0,"(min = 0.94, max = 1.06)",66.0,0,0
5838,bus-5838,true,PQ,-0.0005442639800873948,1.0,"(min = 0.94, max = 1.06)",66.0,0,0
1682,bus-1682,true,PV,-0.0011371115264279445,1.0,"(min = 0.94, max = 1.06)",66.0,0,0
2368,bus-2368,true,PQ,-0.03374003332232529,1.0,"(min = 0.94, max = 1.06)",66.0,0,0
3239,bus-3239,true,PQ,-0.0054794578006974485,1.0,"(min = 0.94, max = 1.06)",115.0,0,0
6021,bus-6021,true,PQ,-0.0010040837595527304,1.0,"(min = 0.94, max = 1.06)",66.0,0,0
3372,bus-3372,true,PQ,-0.03208038001438333,1.0,"(min = 0.94, max = 1.06)",115.0,0,0
4299,bus-4299,true,PQ,-0.004896731546098249,1.0,"(min = 0.94, max = 1.06)",66.0,0,0
6382,bus-6382,true,PQ,-0.0007091402725522357,1.0,"(min = 0.94, max = 1.06)",66.0,0,0
7592,bus-7592,true,PQ,-0.031180298011166587,1.0,"(min = 0.94, max = 1.06)",230.0,0,0
444,bus-444,true,PQ,0.00023493510018353974,1.0,"(min = 0.94, max = 1.06)",230.0,0,0
8063,bus-8063,true,PQ,0.00017407252741404326,1.0,"(min = 0.94, max = 1.06)",115.0,0,0
1050,bus-1050,true,PV,0.014510144866956102,1.0,"(min = 0.94, max = 1.06)",66.0,0,0
2966,bus-2966,true,PQ,-0.03181397348095769,1.0,"(min = 0.94, max = 1.06)",230.0,0,0
6736,bus-6736,true,PQ,-0.0010326418612821324,1.0,"(min = 0.94, max = 1.06)",66.0,0,0
7297,bus-7297,true,PQ,-0.03420111841837443,1.0,"(min = 0.94, max = 1.06)",66.0,0,0
5140,bus-5140,true,PQ,0.006449672927752441,1.0,"(min = 0.94, max = 1.06)",66.0,0,0
5194,bus-5194,true,PQ,0.005667741354768597,1.0,"(min = 0.94, max = 1.06)",115.0,0,0
1909,bus-1909,true,PQ,-0.029677511929334155,1.0,"(min = 0.94, max = 1.06)",66.0,0,0
5971,bus-5971,true,PQ,-0.000753163982874984,1.0,"(min = 0.94, max = 1.06)",66.0,0,0
57,bus-57,true,PQ,-0.03209594259172459,1.0,"(min = 0.94, max = 1.06)",66.0,0,0
4055,bus-4055,true,PQ,-0.02182664570807448,1.0,"(min = 0.94, max = 1.06)",66.0,0,0
7661,bus-7661,true,PQ,0.003031426127300387,1.0,"(min = 0.94, max = 1.06)",115.0,0,0
4665,bus-4665,true,PQ,-0.008376808467897916,1.0,"(min = 0.94, max = 1.06)",115.0,0,0
3064,bus-3064,true,PQ,-0.03103366749018586,1.0,"(min = 0.94, max = 1.06)",115.0,0,0
1126,bus-1126,true,PQ,0.006758412439638495,1.0,"(min = 0.94, max = 1.06)",66.0,0,0
2871,bus-2871,true,PQ,-0.006524488298734894,1.0,"(min = 0.94, max = 1.06)",115.0,0,0
1401,bus-1401,true,PQ,-0.034055879622939246,1.0,"(min = 0.94, max = 1.06)",66.0,0,0
1439,bus-1439,true,PQ,-0.00401608327795698,1.0,"(min = 0.94, max = 1.06)",66.0,0,0
1316,bus-1316,true,PQ,-0.03670336642369679,1.0,"(min = 0.94, max = 1.06)",66.0,0,0
6105,bus-6105,true,PQ,0.00022912418526398656,1.0,"(min = 0.94, max = 1.06)",66.0,0,0
6561,bus-6561,true,PQ,0.0003074602256869148,1.0,"(min = 0.94, max = 1.06)",66.0,0,0
7899,bus-7899,true,PQ,0.009914118104812596,1.0,"(min = 0.94, max = 1.06)",115.0,0,0
7866,bus-7866,true,PQ,0.0015694697404276992,1.0,"(min = 0.94, max = 1.06)",230.0,0,0
8588,bus-8588,true,PV,-0.03321045661950598,1.0,"(min = 0.94, max = 1.06)",115.0,0,0
1390,bus-1390,true,PQ,-0.03710383798015342,1.0,"(min = 0.94, max = 1.06)",66.0,0,0
1444,bus-1444,true,PQ,-0.003270339483857033,1.0,"(min = 0.94, max = 1.06)",66.0,0,0
1530,bus-1530,true,PQ,0.004092050950218183,1.0,"(min = 0.94, max = 1.06)",66.0,0,0
1846,bus-1846,true,PV,0.0016637978051809849,1.0,"(min = 0.94, max = 1.06)",66.0,0,0
3013,bus-3013,true,PQ,-0.034762686308251085,1.0,"(min = 0.94, max = 1.06)",115.0,0,0
8396,bus-8396,true,PQ,-0.03286106526520162,1.0,"(min = 0.94, max = 1.06)",230.0,0,0
859,bus-859,true,PV,-0.03473037083901871,1.0,"(min = 0.94, max = 1.06)",66.0,0,0
8187,bus-8187,true,PQ,0.0013897266618358712,1.0,"(min = 0.94, max = 1.06)",230.0,0,0
2507,bus-2507,true,PQ,0.010029686791656067,1.0,"(min = 0.94, max = 1.06)",115.0,0,0
921,bus-921,true,PQ,-0.03475055661901558,1.0,"(min = 0.94, max = 1.06)",66.0,0,0
4167,bus-4167,true,PQ,-0.026444727567656905,1.0,"(min = 0.94, max = 1.06)",66.0,0,0
1594,bus-1594,true,PQ,-0.03148034454419394,1.0,"(min = 0.94, max = 1.06)",115.0,0,0
5134,bus-5134,true,PQ,0.005937542029990589,1.0,"(min = 0.94, max = 1.06)",66.0,0,0
8672,bus-8672,true,PQ,-0.03577643671872833,1.0,"(min = 0.94, max = 1.06)",66.0,0,0
4609,bus-4609,true,PQ,-0.0034138827791903676,1.0,"(min = 0.94, max = 1.06)",115.0,0,0
4346,bus-4346,true,PQ,-0.03255629185696109,1.0,"(min = 0.94, max = 1.06)",66.0,0,0
7260,bus-7260,true,PQ,-0.03463654595268878,1.0,"(min = 0.94, max = 1.06)",66.0,0,0
8470,bus-8470,true,PQ,-0.03257996532840222,1.0,"(min = 0.94, max = 1.06)",115.0,0,0
865,bus-865,true,PQ,-0.03485365356699673,1.0,"(min = 0.94, max = 1.06)",66.0,0,0
6807,bus-6807,true,PQ,0.007105702487336627,1.0,"(min = 0.94, max = 1.06)",230.0,0,0
4394,bus-4394,true,PQ,-0.032295581554615184,1.0,"(min = 0.94, max = 1.06)",230.0,0,0
1388,bus-1388,true,PQ,-0.03462669618705515,1.0,"(min = 0.94, max = 1.06)",66.0,0,0
6731,bus-6731,true,PQ,0.00053438769592111,1.0,"(min = 0.94, max = 1.06)",66.0,0,0
880,bus-880,true,PQ,-0.034649485649230136,1.0,"(min = 0.94, max = 1.06)",66.0,0,0
5018,bus-5018,true,PQ,0.002756273766446297,1.0,"(min = 0.94, max = 1.06)",66.0,0,0
5273,bus-5273,true,PQ,0.004539246925519463,1.0,"(min = 0.94, max = 1.06)",115.0,0,0
1854,bus-1854,true,PV,0.009914118104812596,1.0,"(min = 0.94, max = 1.06)",115.0,0,0
939,bus-939,true,PQ,-0.03437012650382667,1.0,"(min = 0.94, max = 1.06)",66.0,0,0
118,bus-118,true,PQ,-0.01973358316456518,1.0,"(min = 0.94, max = 1.06)",66.0,0,0
2922,bus-2922,true,PQ,-0.03134395142647371,1.0,"(min = 0.94, max = 1.06)",115.0,0,0
1023,bus-1023,true,PQ,0.005397276948285364,1.0,"(min = 0.94, max = 1.06)",115.0,0,0
5254,bus-5254,true,PQ,0.00209291350984447,1.0,"(min = 0.94, max = 1.06)",66.0,0,0
5723,bus-5723,true,PQ,0.0009211358017731376,1.0,"(min = 0.94, max = 1.06)",66.0,0,0
1007,bus-1007,true,PQ,0.0008150991433729706,1.0,"(min = 0.94, max = 1.06)",66.0,0,0
5758,bus-5758,true,PQ,0.0021234447813424095,1.0,"(min = 0.94, max = 1.06)",66.0,0,0
6456,bus-6456,true,PQ,-0.00044063041491975043,1.0,"(min = 0.94, max = 1.06)",66.0,0,0
7641,bus-7641,true,PQ,-0.0016173583392619904,1.0,"(min = 0.94, max = 1.06)",500.0,0,0
2212,bus-2212,true,PV,-8.230845151383645e-5,1.0,"(min = 0.94, max = 1.06)",66.0,0,0
3801,bus-3801,true,PQ,-0.03220528938922421,1.0,"(min = 0.94, max = 1.06)",115.0,0,0
8176,bus-8176,true,PQ,-0.037701581658502015,1.0,"(min = 0.94, max = 1.06)",66.0,0,0
8501,bus-8501,true,PQ,0.008654425757254598,1.0,"(min = 0.94, max = 1.06)",66.0,0,0
8607,bus-8607,true,PQ,-0.0004488131729515694,1.0,"(min = 0.94, max = 1.06)",230.0,0,0
5343,bus-5343,true,PQ,0.00041967859944220897,1.0,"(min = 0.94, max = 1.06)",66.0,0,0
6264,bus-6264,true,PQ,0.0005235850101864884,1.0,"(min = 0.94, max = 1.06)",66.0,0,0
1704,bus-1704,true,PV,0.0004998153623769313,1.0,"(min = 0.94, max = 1.06)",66.0,0,0
3091,bus-3091,true,PQ,-0.03236477181668492,1.0,"(min = 0.94, max = 1.06)",115.0,0,0
4035,bus-4035,true,PQ,-0.022402638220620098,1.0,"(min = 0.94, max = 1.06)",115.0,0,0
5045,bus-5045,true,PQ,-0.0008238304566433621,1.0,"(min = 0.94, max = 1.06)",66.0,0,0
6052,bus-6052,true,PQ,0.00047795817305788113,1.0,"(min = 0.94, max = 1.06)",66.0,0,0
5711,bus-5711,true,PQ,0.0009187531079489124,1.0,"(min = 0.94, max = 1.06)",66.0,0,0
6563,bus-6563,true,PQ,0.0005236537936123094,1.0,"(min = 0.94, max = 1.06)",66.0,0,0
1012,bus-1012,true,PQ,0.002304196611372671,1.0,"(min = 0.94, max = 1.06)",115.0,0,0
1975,bus-1975,true,PV,-0.008513465968093235,1.0,"(min = 0.94, max = 1.06)",66.0,0,0
6840,bus-6840,true,PQ,0.00405472317462676,1.0,"(min = 0.94, max = 1.06)",115.0,0,0
704,bus-704,true,PQ,0.001982406783977265,1.0,"(min = 0.94, max = 1.06)",66.0,0,0
1395,bus-1395,true,PQ,-0.034419187534567304,1.0,"(min = 0.94, max = 1.06)",66.0,0,0
3005,bus-3005,true,PQ,-0.0314499838437238,1.0,"(min = 0.94, max = 1.06)",115.0,0,0
3093,bus-3093,true,PQ,-0.03247704797480109,1.0,"(min = 0.94, max = 1.06)",115.0,0,0
6732,bus-6732,true,PQ,0.0005594911801955772,1.0,"(min = 0.94, max = 1.06)",66.0,0,0
6773,bus-6773,true,PQ,8.974112218555256e-5,1.0,"(min = 0.94, max = 1.06)",66.0,0,0
309,bus-309,true,PV,0.0027380988326405316,1.0,"(min = 0.94, max = 1.06)",115.0,0,0
5412,bus-5412,true,PQ,-0.0001391856647692371,1.0,"(min = 0.94, max = 1.06)",66.0,0,0
2967,bus-2967,true,PQ,-0.03284093079788476,1.0,"(min = 0.94, max = 1.06)",230.0,0,0
6046,bus-6046,true,PQ,-0.0010369815893059606,1.0,"(min = 0.94, max = 1.06)",66.0,0,0
8445,bus-8445,true,PQ,-0.006913600536834551,1.0,"(min = 0.94, max = 1.06)",66.0,0,0
8804,bus-8804,true,PQ,0.005047753472556625,1.0,"(min = 0.94, max = 1.06)",115.0,0,0
2633,bus-2633,true,PQ,0.0001191705144432318,1.0,"(min = 0.94, max = 1.06)",230.0,0,0
5266,bus-5266,true,PQ,0.00406771266541168,1.0,"(min = 0.94, max = 1.06)",66.0,0,0
8799,bus-8799,true,PQ,0.006080211526233913,1.0,"(min = 0.94, max = 1.06)",66.0,0,0
8416,bus-8416,true,PQ,0.0024704575660355697,1.0,"(min = 0.94, max = 1.06)",230.0,0,0
92,bus-92,true,PQ,-0.03291659239175505,1.0,"(min = 0.94, max = 1.06)",115.0,0,0
7978,bus-7978,true,PQ,-0.03236925644019792,1.0,"(min = 0.94, max = 1.06)",66.0,0,0
6520,bus-6520,true,PQ,0.0012556148081303902,1.0,"(min = 0.94, max = 1.06)",66.0,0,0
2718,bus-2718,true,PQ,-0.029689829765063028,1.0,"(min = 0.94, max = 1.06)",66.0,0,0
3309,bus-3309,true,PQ,-0.0067794725597774405,1.0,"(min = 0.94, max = 1.06)",115.0,0,0
3765,bus-3765,true,PQ,-0.03328670185147813,1.0,"(min = 0.94, max = 1.06)",66.0,0,0
4820,bus-4820,true,PQ,-9.736739350454617e-5,1.0,"(min = 0.94, max = 1.06)",230.0,0,0
4131,bus-4131,true,PQ,-0.015501183552223222,1.0,"(min = 0.94, max = 1.06)",66.0,0,0
7459,bus-7459,true,PQ,-0.034490182816149455,1.0,"(min = 0.94, max = 1.06)",66.0,0,0
6490,bus-6490,true,PQ,0.003106978463559493,1.0,"(min = 0.94, max = 1.06)",230.0,0,0
8269,bus-8269,true,PV,-0.013791351836300212,1.0,"(min = 0.94, max = 1.06)",500.0,0,0
7466,bus-7466,true,PQ,-0.03426642253033167,1.0,"(min = 0.94, max = 1.06)",66.0,0,0
7586,bus-7586,true,PQ,-0.028359539809192952,1.0,"(min = 0.94, max = 1.06)",230.0,0,0
2375,bus-2375,true,PQ,-0.03351360948953603,1.0,"(min = 0.94, max = 1.06)",66.0,0,0
5394,bus-5394,true,PQ,-0.003661844428734836,1.0,"(min = 0.94, max = 1.06)",66.0,0,0
1715,bus-1715,true,PQ,0.014536719599212818,1.0,"(min = 0.94, max = 1.06)",115.0,0,0
503,bus-503,true,PV,-0.003302471798237704,1.0,"(min = 0.94, max = 1.06)",66.0,0,0
885,bus-885,true,PQ,-0.03447757874642325,1.0,"(min = 0.94, max = 1.06)",66.0,0,0
2088,bus-2088,true,PQ,-0.0005027645708777323,1.0,"(min = 0.94, max = 1.06)",66.0,0,0
3347,bus-3347,true,PQ,-0.03125115610986953,1.0,"(min = 0.94, max = 1.06)",230.0,0,0
561,bus-561,true,PQ,-0.0005831713711543232,1.0,"(min = 0.94, max = 1.06)",66.0,0,0
2115,bus-2115,true,PQ,-0.03340521302381413,1.0,"(min = 0.94, max = 1.06)",230.0,0,0
3361,bus-3361,true,PQ,-0.031215789281505892,1.0,"(min = 0.94, max = 1.06)",230.0,0,0
4899,bus-4899,true,PQ,-0.0012413882506609366,1.0,"(min = 0.94, max = 1.06)",66.0,0,0
5079,bus-5079,true,PQ,0.0003041820365847469,1.0,"(min = 0.94, max = 1.06)",66.0,0,0
3382,bus-3382,true,PQ,-0.01257363713562022,1.0,"(min = 0.94, max = 1.06)",230.0,0,0
3611,bus-3611,true,PQ,-0.037493051115737135,1.0,"(min = 0.94, max = 1.06)",66.0,0,0
1429,bus-1429,true,PV,-0.003477306124345665,1.0,"(min = 0.94, max = 1.06)",66.0,0,0
3885,bus-3885,true,PQ,-0.03198734087528264,1.0,"(min = 0.94, max = 1.06)",115.0,0,0
8528,bus-8528,true,PQ,-0.031027139435184627,1.0,"(min = 0.94, max = 1.06)",230.0,0,0
7860,bus-7860,true,PQ,-0.03552568369429797,1.0,"(min = 0.94, max = 1.06)",66.0,0,0
527,bus-527,true,PQ,6.63563847513743e-5,1.0,"(min = 0.94, max = 1.06)",66.0,0,0
2816,bus-2816,true,PQ,-0.012568384410156709,1.0,"(min = 0.94, max = 1.06)",230.0,0,0
6599,bus-6599,true,PQ,-0.0006852024238720054,1.0,"(min = 0.94, max = 1.06)",66.0,0,0
7646,bus-7646,true,PQ,-0.0326823241766427,1.0,"(min = 0.94, max = 1.06)",66.0,0,0
794,bus-794,true,PQ,0.009780053535567209,1.0,"(min = 0.94, max = 1.06)",115.0,0,0
1067,bus-1067,true,PQ,0.006731269131471358,1.0,"(min = 0.94, max = 1.06)",66.0,0,0
6408,bus-6408,true,PQ,-0.0004327950681661995,1.0,"(min = 0.94, max = 1.06)",66.0,0,0
6832,bus-6832,true,PQ,0.007838299536486048,1.0,"(min = 0.94, max = 1.06)",230.0,0,0
3661,bus-3661,true,PQ,-0.03706652894939816,1.0,"(min = 0.94, max = 1.06)",66.0,0,0
6409,bus-6409,true,PQ,-0.00043149595153609926,1.0,"(min = 0.94, max = 1.06)",66.0,0,0
3977,bus-3977,true,PQ,-0.030824427471080048,1.0,"(min = 0.94, max = 1.06)",66.0,0,0
4898,bus-4898,true,PQ,-0.00123376667183417,1.0,"(min = 0.94, max = 1.06)",66.0,0,0
5953,bus-5953,true,PQ,-0.001020693389582857,1.0,"(min = 0.94, max = 1.06)",66.0,0,0
5581,bus-5581,true,PQ,0.00032209741898678974,1.0,"(min = 0.94, max = 1.06)",66.0,0,0
8828,bus-8828,true,PQ,0.005069375885420684,1.0,"(min = 0.94, max = 1.06)",115.0,0,0
3074,bus-3074,true,PQ,-0.030592717210519427,1.0,"(min = 0.94, max = 1.06)",230.0,0,0
5212,bus-5212,true,PQ,0.005589021734609311,1.0,"(min = 0.94, max = 1.06)",115.0,0,0
6270,bus-6270,true,PQ,0.0006903847863867209,1.0,"(min = 0.94, max = 1.06)",66.0,0,0
7129,bus-7129,true,PQ,-0.03469152015893517,1.0,"(min = 0.94, max = 1.06)",66.0,0,0
1501,bus-1501,true,PV,-0.05177579474806958,1.0,"(min = 0.94, max = 1.06)",66.0,0,0
2037,bus-2037,true,PQ,0.007211703994805659,1.0,"(min = 0.94, max = 1.06)",66.0,0,0
8319,bus-8319,true,PQ,-0.03463005140800918,1.0,"(min = 0.94, max = 1.06)",115.0,0,0
7097,bus-7097,true,PQ,-0.03283701270824696,1.0,"(min = 0.94, max = 1.06)",230.0,0,0
1477,bus-1477,true,PQ,0.0053433139334477,1.0,"(min = 0.94, max = 1.06)",66.0,0,0
2209,bus-2209,true,PV,0.0033634585764907546,1.0,"(min = 0.94, max = 1.06)",66.0,0,0
5845,bus-5845,true,PQ,-0.0009419307348402051,1.0,"(min = 0.94, max = 1.06)",66.0,0,0
4754,bus-4754,true,PQ,-0.0008898693504703683,1.0,"(min = 0.94, max = 1.06)",66.0,0,0
6428,bus-6428,true,PQ,7.997172093546235e-5,1.0,"(min = 0.94, max = 1.06)",66.0,0,0
7134,bus-7134,true,PQ,-0.03411397482695405,1.0,"(min = 0.94, max = 1.06)",66.0,0,0
6484,bus-6484,true,PQ,-0.0012723315647246748,1.0,"(min = 0.94, max = 1.06)",66.0,0,0
3914,bus-3914,true,PQ,-0.03460446191411522,1.0,"(min = 0.94, max = 1.06)",66.0,0,0
6349,bus-6349,true,PQ,-0.00046083170565767854,1.0,"(min = 0.94, max = 1.06)",66.0,0,0
2824,bus-2824,true,PQ,-0.01626535580665608,1.0,"(min = 0.94, max = 1.06)",230.0,0,0
5422,bus-5422,true,PQ,0.0001067194593033482,1.0,"(min = 0.94, max = 1.06)",66.0,0,0
6975,bus-6975,true,PQ,0.007764332378066774,1.0,"(min = 0.94, max = 1.06)",66.0,0,0
7922,bus-7922,true,PQ,-0.030824704105766487,1.0,"(min = 0.94, max = 1.06)",115.0,0,0
8463,bus-8463,true,PQ,-0.034188860796504746,1.0,"(min = 0.94, max = 1.06)",66.0,0,0
1,bus-1,true,PQ,-0.03385600032821064,1.0,"(min = 0.94, max = 1.06)",115.0,0,0
7864,bus-7864,true,PQ,-0.032785127560243675,1.0,"(min = 0.94, max = 1.06)",66.0,0,0
6900,bus-6900,true,PQ,0.006629055878597071,1.0,"(min = 0.94, max = 1.06)",66.0,0,0
994,bus-994,true,PQ,0.0014786474539657125,1.0,"(min = 0.94, max = 1.06)",66.0,0,0
518,bus-518,true,PQ,-0.0020071374187996165,1.0,"(min = 0.94, max = 1.06)",66.0,0,0
1766,bus-1766,true,PQ,-0.034802747897769666,1.0,"(min = 0.94, max = 1.06)",66.0,0,0
7669,bus-7669,true,PQ,0.016304281500990874,1.0,"(min = 0.94, max = 1.06)",66.0,0,0
900,bus-900,true,PQ,-0.03483413712076801,1.0,"(min = 0.94, max = 1.06)",66.0,0,0
6983,bus-6983,true,PQ,0.008298503363435981,1.0,"(min = 0.94, max = 1.06)",66.0,0,0
599,bus-599,true,PQ,-0.043979835014281314,1.0,"(min = 0.94, max = 1.06)",66.0,0,0
958,bus-958,true,PQ,-0.03460636868632302,1.0,"(min = 0.94, max = 1.06)",66.0,0,0
2363,bus-2363,true,PQ,0.0005030035204149644,1.0,"(min = 0.94, max = 1.06)",66.0,0,0
3298,bus-3298,true,PQ,-0.027338754674632638,1.0,"(min = 0.94, max = 1.06)",230.0,0,0
1589,bus-1589,true,PV,-0.03288425318604484,1.0,"(min = 0.94, max = 1.06)",66.0,0,0
811,bus-811,true,PQ,0.0014657138294248194,1.0,"(min = 0.94, max = 1.06)",115.0,0,0
2576,bus-2576,true,PQ,0.01523516132284558,1.0,"(min = 0.94, max = 1.06)",115.0,0,0
6606,bus-6606,true,PQ,-0.0008934644913646982,1.0,"(min = 0.94, max = 1.06)",66.0,0,0
3782,bus-3782,true,PQ,-0.0327057321835046,1.0,"(min = 0.94, max = 1.06)",66.0,0,0
6418,bus-6418,true,PQ,-0.0003731029262830598,1.0,"(min = 0.94, max = 1.06)",66.0,0,0
7567,bus-7567,true,PQ,-0.032754263506817254,1.0,"(min = 0.94, max = 1.06)",230.0,0,0
8783,bus-8783,true,PQ,-0.00026849606429540674,1.0,"(min = 0.94, max = 1.06)",66.0,0,0
6895,bus-6895,true,PQ,0.006601086837707523,1.0,"(min = 0.94, max = 1.06)",66.0,0,0
2756,bus-2756,true,PV,-0.03047044659897464,1.0,"(min = 0.94, max = 1.06)",115.0,0,0
5608,bus-5608,true,PQ,0.001348262611251525,1.0,"(min = 0.94, max = 1.06)",66.0,0,0
3899,bus-3899,true,PQ,-0.033893330128384004,1.0,"(min = 0.94, max = 1.06)",115.0,0,0
3530,bus-3530,true,PQ,-0.034124317648101365,1.0,"(min = 0.94, max = 1.06)",66.0,0,0
1001,bus-1001,true,PQ,0.001432025166552901,1.0,"(min = 0.94, max = 1.06)",66.0,0,0
1731,bus-1731,true,PV,-0.031024718139913334,1.0,"(min = 0.94, max = 1.06)",230.0,0,0
3717,bus-3717,true,PQ,-0.03544809351160423,1.0,"(min = 0.94, max = 1.06)",66.0,0,0
816,bus-816,true,PQ,0.0026552788930162435,1.0,"(min = 0.94, max = 1.06)",115.0,0,0
8008,bus-8008,true,PQ,-0.03276474054378405,1.0,"(min = 0.94, max = 1.06)",115.0,0,0
469,bus-469,true,PQ,-0.0006463984854511598,1.0,"(min = 0.94, max = 1.06)",66.0,0,0
1230,bus-1230,true,PQ,-0.03107454484659682,1.0,"(min = 0.94, max = 1.06)",115.0,0,0
7450,bus-7450,true,PQ,-0.034448409233167596,1.0,"(min = 0.94, max = 1.06)",66.0,0,0
6886,bus-6886,true,PQ,0.006784245005537386,1.0,"(min = 0.94, max = 1.06)",66.0,0,0
3575,bus-3575,true,PQ,-0.034271627625759894,1.0,"(min = 0.94, max = 1.06)",66.0,0,0
6385,bus-6385,true,PQ,-0.0008133047773503122,1.0,"(min = 0.94, max = 1.06)",66.0,0,0
8042,bus-8042,true,PQ,0.010662757068529042,1.0,"(min = 0.94, max = 1.06)",66.0,0,0
5121,bus-5121,true,PQ,0.007766935833352096,1.0,"(min = 0.94, max = 1.06)",66.0,0,0
4113,bus-4113,true,PQ,-0.01980435504400308,1.0,"(min = 0.94, max = 1.06)",115.0,0,0
2836,bus-2836,true,PQ,-0.010306920824162303,1.0,"(min = 0.94, max = 1.06)",500.0,0,0
5960,bus-5960,true,PQ,-0.0012643031688478901,1.0,"(min = 0.94, max = 1.06)",66.0,0,0
8486,bus-8486,true,PV,0.012330023502668196,1.0,"(min = 0.94, max = 1.06)",230.0,0,0
2249,bus-2249,true,PQ,-0.03327828395396284,1.0,"(min = 0.94, max = 1.06)",66.0,0,0
2748,bus-2748,true,PQ,-0.03615945812425765,1.0,"(min = 0.94, max = 1.06)",66.0,0,0
6208,bus-6208,true,PQ,-1.6857523768909793e-5,1.0,"(min = 0.94, max = 1.06)",66.0,0,0
6889,bus-6889,true,PQ,0.006731542432578927,1.0,"(min = 0.94, max = 1.06)",66.0,0,0
228,bus-228,true,PQ,-0.0071471615096273975,1.0,"(min = 0.94, max = 1.06)",66.0,0,0
3198,bus-3198,true,PQ,-0.03463954774446928,1.0,"(min = 0.94, max = 1.06)",115.0,0,0
4414,bus-4414,true,PQ,-0.03189267910357638,1.0,"(min = 0.94, max = 1.06)",66.0,0,0
6748,bus-6748,true,PQ,0.002406575373819923,1.0,"(min = 0.94, max = 1.06)",66.0,0,0
7694,bus-7694,true,PQ,-0.03358480583304801,1.0,"(min = 0.94, max = 1.06)",115.0,0,0
1795,bus-1795,true,PQ,-0.03155606949351607,1.0,"(min = 0.94, max = 1.06)",115.0,0,0
1853,bus-1853,true,PV,0.009914118104812596,1.0,"(min = 0.94, max = 1.06)",115.0,0,0
4996,bus-4996,true,PQ,-0.0037303568572829744,1.0,"(min = 0.94, max = 1.06)",66.0,0,0
759,bus-759,true,PQ,-0.03516516621507799,1.0,"(min = 0.94, max = 1.06)",66.0,0,0
2933,bus-2933,true,PQ,-0.03202270735458043,1.0,"(min = 0.94, max = 1.06)",115.0,0,0
3654,bus-3654,true,PQ,-0.03573223241569721,1.0,"(min = 0.94, max = 1.06)",66.0,0,0
5657,bus-5657,true,PQ,0.0015844493324202304,1.0,"(min = 0.94, max = 1.06)",66.0,0,0
6994,bus-6994,true,PQ,0.013077808459328351,1.0,"(min = 0.94, max = 1.06)",66.0,0,0
6176,bus-6176,true,PQ,-0.0009344415601811532,1.0,"(min = 0.94, max = 1.06)",66.0,0,0
7968,bus-7968,true,PQ,-0.036596322239079326,1.0,"(min = 0.94, max = 1.06)",66.0,0,0
984,bus-984,true,PQ,-0.034950485655627854,1.0,"(min = 0.94, max = 1.06)",66.0,0,0
3250,bus-3250,true,PQ,-0.03354495787182988,1.0,"(min = 0.94, max = 1.06)",115.0,0,0
3974,bus-3974,true,PQ,-0.029782711649998114,1.0,"(min = 0.94, max = 1.06)",66.0,0,0
2364,bus-2364,true,PQ,0.0005225248291309862,1.0,"(min = 0.94, max = 1.06)",66.0,0,0
4095,bus-4095,true,PQ,-0.015832398541551832,1.0,"(min = 0.94, max = 1.06)",66.0,0,0
4524,bus-4524,true,PQ,-0.0328926625314468,1.0,"(min = 0.94, max = 1.06)",66.0,0,0
356,bus-356,true,PQ,-0.001610145212858751,1.0,"(min = 0.94, max = 1.06)",66.0,0,0
2610,bus-2610,true,PQ,0.01437034631515926,1.0,"(min = 0.94, max = 1.06)",66.0,0,0
6919,bus-6919,true,PQ,0.0068998318787116646,1.0,"(min = 0.94, max = 1.06)",66.0,0,0
3348,bus-3348,true,PQ,-0.03125004276433968,1.0,"(min = 0.94, max = 1.06)",230.0,0,0
2738,bus-2738,true,PQ,-0.03554698857941121,1.0,"(min = 0.94, max = 1.06)",115.0,0,0
5771,bus-5771,true,PQ,-6.863931660275326e-5,1.0,"(min = 0.94, max = 1.06)",66.0,0,0
6465,bus-6465,true,PQ,-0.0007681590995712119,1.0,"(min = 0.94, max = 1.06)",66.0,0,0
5610,bus-5610,true,PQ,0.0013278200584151058,1.0,"(min = 0.94, max = 1.06)",66.0,0,0
7818,bus-7818,true,PQ,-0.03461254121775562,1.0,"(min = 0.94, max = 1.06)",115.0,0,0
1363,bus-1363,true,PQ,-0.029477032241342873,1.0,"(min = 0.94, max = 1.06)",66.0,0,0
3789,bus-3789,true,PQ,-0.032006860288571096,1.0,"(min = 0.94, max = 1.06)",115.0,0,0
5123,bus-5123,true,PQ,0.0076935541281771104,1.0,"(min = 0.94, max = 1.06)",66.0,0,0
3699,bus-3699,true,PQ,-0.03524591980704096,1.0,"(min = 0.94, max = 1.06)",66.0,0,0
4302,bus-4302,true,PQ,-0.0053902327645177295,1.0,"(min = 0.94, max = 1.06)",66.0,0,0
5364,bus-5364,true,PQ,0.0012666165451755433,1.0,"(min = 0.94, max = 1.06)",66.0,0,0
5641,bus-5641,true,PQ,0.0015564296001878864,1.0,"(min = 0.94, max = 1.06)",66.0,0,0
222,bus-222,true,PQ,0.0028568055516659187,1.0,"(min = 0.94, max = 1.06)",66.0,0,0
7512,bus-7512,true,PQ,-0.029283967410145762,1.0,"(min = 0.94, max = 1.06)",66.0,0,0
4774,bus-4774,true,PQ,0.0008524935975231369,1.0,"(min = 0.94, max = 1.06)",66.0,0,0
3284,bus-3284,true,PQ,-0.019418978840246945,1.0,"(min = 0.94, max = 1.06)",115.0,0,0
2323,bus-2323,true,PV,-0.03363163877646556,1.0,"(min = 0.94, max = 1.06)",115.0,0,0
2658,bus-2658,true,PQ,0.0005468918385663186,1.0,"(min = 0.94, max = 1.06)",230.0,0,0
1341,bus-1341,true,PQ,-0.03800953854729818,1.0,"(min = 0.94, max = 1.06)",66.0,0,0
2983,bus-2983,true,PQ,-0.0500179746982175,1.0,"(min = 0.94, max = 1.06)",115.0,0,0
3094,bus-3094,true,PQ,-0.03230715570554978,1.0,"(min = 0.94, max = 1.06)",115.0,0,0
3258,bus-3258,true,PQ,-0.03090634624485165,1.0,"(min = 0.94, max = 1.06)",230.0,0,0
3454,bus-3454,true,PQ,-0.03485980689980756,1.0,"(min = 0.94, max = 1.06)",115.0,0,0
5099,bus-5099,true,PQ,0.0071901909093659445,1.0,"(min = 0.94, max = 1.06)",66.0,0,0
8157,bus-8157,true,PQ,-0.0017170570980282573,1.0,"(min = 0.94, max = 1.06)",230.0,0,0
7888,bus-7888,true,PQ,0.015261057994687896,1.0,"(min = 0.94, max = 1.06)",230.0,0,0
1750,bus-1750,true,PQ,-0.04132293181314342,1.0,"(min = 0.94, max = 1.06)",66.0,0,0
1613,bus-1613,true,PQ,-0.029556442802446438,1.0,"(min = 0.94, max = 1.06)",66.0,0,0
7611,bus-7611,true,PQ,0.014902915384981109,1.0,"(min = 0.94, max = 1.06)",115.0,0,0
7836,bus-7836,true,PQ,-0.032902514216942604,1.0,"(min = 0.94, max = 1.06)",115.0,0,0
5806,bus-5806,true,PQ,-0.0010024720841241952,1.0,"(min = 0.94, max = 1.06)",66.0,0,0
287,bus-287,true,PQ,-0.00304906746159394,1.0,"(min = 0.94, max = 1.06)",66.0,0,0
831,bus-831,true,PQ,-0.03466668848700242,1.0,"(min = 0.94, max = 1.06)",66.0,0,0
4723,bus-4723,true,PQ,0.01326106694868362,1.0,"(min = 0.94, max = 1.06)",115.0,0,0
2388,bus-2388,true,PQ,0.0021694489202580547,1.0,"(min = 0.94, max = 1.06)",66.0,0,0
2976,bus-2976,true,PQ,-0.033790127762516026,1.0,"(min = 0.94, max = 1.06)",230.0,0,0
5763,bus-5763,true,PQ,0.0018487396087492657,1.0,"(min = 0.94, max = 1.06)",66.0,0,0
8576,bus-8576,true,PQ,-0.03204845654610095,1.0,"(min = 0.94, max = 1.06)",66.0,0,0
420,bus-420,true,PV,-0.00016504022932161853,1.0,"(min = 0.94, max = 1.06)",66.0,0,0
2075,bus-2075,true,PQ,-0.001234682913840931,1.0,"(min = 0.94, max = 1.06)",66.0,0,0
8032,bus-8032,true,PV,-0.030629272259037825,1.0,"(min = 0.94, max = 1.06)",230.0,0,0
4792,bus-4792,true,PQ,0.0008042010160535329,1.0,"(min = 0.94, max = 1.06)",66.0,0,0
3237,bus-3237,true,PQ,-0.003012281767814894,1.0,"(min = 0.94, max = 1.06)",115.0,0,0
8746,bus-8746,true,PQ,-0.0009124045303906482,1.0,"(min = 0.94, max = 1.06)",230.0,0,0
7485,bus-7485,true,PQ,-0.03173740955186413,1.0,"(min = 0.94, max = 1.06)",66.0,0,0
4229,bus-4229,true,PQ,-0.01689236746973673,1.0,"(min = 0.94, max = 1.06)",66.0,0,0
4376,bus-4376,true,PQ,-0.034265098698094035,1.0,"(min = 0.94, max = 1.06)",230.0,0,0
7816,bus-7816,true,PQ,0.002795816399765086,1.0,"(min = 0.94, max = 1.06)",115.0,0,0
8854,bus-8854,true,PQ,-0.0019016317942776612,1.0,"(min = 0.94, max = 1.06)",230.0,0,0
1237,bus-1237,true,PQ,-0.00026477168351529576,1.0,"(min = 0.94, max = 1.06)",66.0,0,0
2181,bus-2181,true,PQ,-0.02870892872003636,1.0,"(min = 0.94, max = 1.06)",66.0,0,0
4838,bus-4838,true,PQ,0.0029851656518775018,1.0,"(min = 0.94, max = 1.06)",66.0,0,0
5009,bus-5009,true,PQ,-0.002842323333131646,1.0,"(min = 0.94, max = 1.06)",66.0,0,0
2961,bus-2961,true,PQ,-0.03358483864523795,1.0,"(min = 0.94, max = 1.06)",115.0,0,0
5294,bus-5294,true,PQ,0.001910104128612325,1.0,"(min = 0.94, max = 1.06)",66.0,0,0
8811,bus-8811,true,PQ,0.007730429496973125,1.0,"(min = 0.94, max = 1.06)",230.0,0,0
359,bus-359,true,PQ,-0.001548738258805588,1.0,"(min = 0.94, max = 1.06)",66.0,0,0
2440,bus-2440,true,PQ,0.0006142570220545493,1.0,"(min = 0.94, max = 1.06)",66.0,0,0
7051,bus-7051,true,PQ,-0.0330292348944812,1.0,"(min = 0.94, max = 1.06)",230.0,0,0
2289,bus-2289,true,PQ,-0.03236520779993207,1.0,"(min = 0.94, max = 1.06)",115.0,0,0
2341,bus-2341,true,PQ,-0.03481423530584044,1.0,"(min = 0.94, max = 1.06)",66.0,0,0
248,bus-248,true,PV,-0.005504954687421303,1.0,"(min = 0.94, max = 1.06)",115.0,0,0
3560,bus-3560,true,PQ,-0.04369978227503311,1.0,"(min = 0.94, max = 1.06)",66.0,0,0
5643,bus-5643,true,PQ,0.0014661645188162448,1.0,"(min = 0.94, max = 1.06)",66.0,0,0
5824,bus-5824,true,PQ,-0.0010099121155474986,1.0,"(min = 0.94, max = 1.06)",66.0,0,0
6668,bus-6668,true,PQ,0.015530625319388898,1.0,"(min = 0.94, max = 1.06)",66.0,0,0
7082,bus-7082,true,PQ,-0.03302825733556716,1.0,"(min = 0.94, max = 1.06)",230.0,0,0
2958,bus-2958,true,PQ,-0.03829746656119724,1.0,"(min = 0.94, max = 1.06)",66.0,0,0
5393,bus-5393,true,PQ,-0.003675713041863985,1.0,"(min = 0.94, max = 1.06)",66.0,0,0
6185,bus-6185,true,PQ,-0.0010996185240068938,1.0,"(min = 0.94, max = 1.06)",66.0,0,0
7388,bus-7388,true,PQ,-0.03500113964837678,1.0,"(min = 0.94, max = 1.06)",66.0,0,0
5087,bus-5087,true,PQ,0.00448035138332286,1.0,"(min = 0.94, max = 1.06)",66.0,0,0
1389,bus-1389,true,PV,-0.032549107034562326,1.0,"(min = 0.94, max = 1.06)",230.0,0,0
1772,bus-1772,true,PQ,-0.03480310795919435,1.0,"(min = 0.94, max = 1.06)",66.0,0,0
7412,bus-7412,true,PQ,-0.034097011099289296,1.0,"(min = 0.94, max = 1.06)",66.0,0,0
8449,bus-8449,true,PQ,0.009258508296913513,1.0,"(min = 0.94, max = 1.06)",66.0,0,0
6515,bus-6515,true,PQ,0.00450813473863329,1.0,"(min = 0.94, max = 1.06)",66.0,0,0
8466,bus-8466,true,PQ,-2.2328990911239544e-5,1.0,"(min = 0.94, max = 1.06)",66.0,0,0
1223,bus-1223,true,PV,0.002756273766446297,1.0,"(min = 0.94, max = 1.06)",66.0,0,0
3155,bus-3155,true,PQ,-0.0335326351491791,1.0,"(min = 0.94, max = 1.06)",115.0,0,0
8504,bus-8504,true,PQ,-0.02922464087634367,1.0,"(min = 0.94, max = 1.06)",500.0,0,0
8538,bus-8538,true,PQ,-0.03400512492469247,1.0,"(min = 0.94, max = 1.06)",66.0,0,0
1484,bus-1484,true,PQ,-0.03817793943270366,1.0,"(min = 0.94, max = 1.06)",66.0,0,0
1999,bus-1999,true,PQ,0.0007390057637723925,1.0,"(min = 0.94, max = 1.06)",66.0,0,0
1425,bus-1425,true,PV,-0.0027481557863096658,1.0,"(min = 0.94, max = 1.06)",66.0,0,0
3327,bus-3327,true,PQ,-0.030931134981684802,1.0,"(min = 0.94, max = 1.06)",230.0,0,0
2006,bus-2006,true,PQ,0.005695311675190528,1.0,"(min = 0.94, max = 1.06)",115.0,0,0
203,bus-203,true,PQ,0.014770797224370842,1.0,"(min = 0.94, max = 1.06)",115.0,0,0
4870,bus-4870,true,PQ,0.001566108519031697,1.0,"(min = 0.94, max = 1.06)",230.0,0,0
3719,bus-3719,true,PQ,-0.03538429439706098,1.0,"(min = 0.94, max = 1.06)",115.0,0,0
5377,bus-5377,true,PQ,-0.0030589393580024854,1.0,"(min = 0.94, max = 1.06)",66.0,0,0
4185,bus-4185,true,PQ,-0.025010391030159666,1.0,"(min = 0.94, max = 1.06)",66.0,0,0
6834,bus-6834,true,PQ,0.010652880302651883,1.0,"(min = 0.94, max = 1.06)",66.0,0,0
102,bus-102,true,PQ,-0.03611094791942895,1.0,"(min = 0.94, max = 1.06)",66.0,0,0
417,bus-417,true,PQ,-0.0006745989604901822,1.0,"(min = 0.94, max = 1.06)",66.0,0,0
3274,bus-3274,true,PQ,-0.03235858008663055,1.0,"(min = 0.94, max = 1.06)",115.0,0,0
670,bus-670,true,PQ,0.0009752471137466854,1.0,"(min = 0.94, max = 1.06)",66.0,0,0
2282,bus-2282,true,PQ,-0.00010298747935967403,1.0,"(min = 0.94, max = 1.06)",66.0,0,0
6467,bus-6467,true,PQ,-0.0007557467350647193,1.0,"(min = 0.94, max = 1.06)",66.0,0,0
6646,bus-6646,true,PQ,0.009695838990604114,1.0,"(min = 0.94, max = 1.06)",115.0,0,0
6443,bus-6443,true,PQ,-0.00048299658605187995,1.0,"(min = 0.94, max = 1.06)",66.0,0,0
3804,bus-3804,true,PQ,-0.032173349863912716,1.0,"(min = 0.94, max = 1.06)",115.0,0,0
3872,bus-3872,true,PQ,-0.03258736517536482,1.0,"(min = 0.94, max = 1.06)",66.0,0,0
6720,bus-6720,true,PQ,0.0026064549303479066,1.0,"(min = 0.94, max = 1.06)",66.0,0,0
2924,bus-2924,true,PQ,-0.030714987822064218,1.0,"(min = 0.94, max = 1.06)",230.0,0,0
2468,bus-2468,true,PQ,0.002180245788810279,1.0,"(min = 0.94, max = 1.06)",66.0,0,0
5938,bus-5938,true,PQ,-0.0006943643255768272,1.0,"(min = 0.94, max = 1.06)",66.0,0,0
4861,bus-4861,true,PQ,0.0028568218530411332,1.0,"(min = 0.94, max = 1.06)",115.0,0,0
1000,bus-1000,true,PV,0.004103517361978058,1.0,"(min = 0.94, max = 1.06)",66.0,0,0
3945,bus-3945,true,PQ,-0.032858879763912274,1.0,"(min = 0.94, max = 1.06)",66.0,0,0
3422,bus-3422,true,PQ,-0.03175801892327045,1.0,"(min = 0.94, max = 1.06)",230.0,0,0
3969,bus-3969,true,PQ,-0.031167308223675694,1.0,"(min = 0.94, max = 1.06)",66.0,0,0
6835,bus-6835,true,PQ,0.00405961096919697,1.0,"(min = 0.94, max = 1.06)",115.0,0,0
1259,bus-1259,true,PQ,-0.032139092366821644,1.0,"(min = 0.94, max = 1.06)",115.0,0,0
2648,bus-2648,true,PQ,0.00023939959830493443,1.0,"(min = 0.94, max = 1.06)",230.0,0,0
5350,bus-5350,true,PQ,0.0009660900605665256,1.0,"(min = 0.94, max = 1.06)",66.0,0,0
8545,bus-8545,true,PQ,0.01571937016398135,1.0,"(min = 0.94, max = 1.06)",66.0,0,0
3540,bus-3540,true,PQ,0.007335159213673656,1.0,"(min = 0.94, max = 1.06)",66.0,0,0
5957,bus-5957,true,PQ,-0.00024619913927131654,1.0,"(min = 0.94, max = 1.06)",66.0,0,0
4764,bus-4764,true,PQ,0.001285262232677815,1.0,"(min = 0.94, max = 1.06)",230.0,0,0
978,bus-978,true,PQ,-0.035163339029884076,1.0,"(min = 0.94, max = 1.06)",66.0,0,0
7696,bus-7696,true,PQ,-0.0268164577401234,1.0,"(min = 0.94, max = 1.06)",115.0,0,0
825,bus-825,true,PQ,-0.03464491358472161,1.0,"(min = 0.94, max = 1.06)",66.0,0,0
2831,bus-2831,true,PQ,-0.020206486583111277,1.0,"(min = 0.94, max = 1.06)",115.0,0,0
416,bus-416,true,PQ,0.0001259435599153052,1.0,"(min = 0.94, max = 1.06)",66.0,0,0
2151,bus-2151,true,PQ,-0.034850598193608195,1.0,"(min = 0.94, max = 1.06)",115.0,0,0
1626,bus-1626,true,PQ,-0.02240214760856736,1.0,"(min = 0.94, max = 1.06)",115.0,0,0
5977,bus-5977,true,PQ,-0.0016454883605950973,1.0,"(min = 0.94, max = 1.06)",66.0,0,0
6982,bus-6982,true,PQ,0.008145752461460702,1.0,"(min = 0.94, max = 1.06)",66.0,0,0
671,bus-671,true,PQ,0.002123436700467973,1.0,"(min = 0.94, max = 1.06)",66.0,0,0
5119,bus-5119,true,PQ,0.008190552881697831,1.0,"(min = 0.94, max = 1.06)",66.0,0,0
7740,bus-7740,true,PQ,0.0016123614214709578,1.0,"(min = 0.94, max = 1.06)",66.0,0,0
7869,bus-7869,true,PQ,-0.0006850487127247822,1.0,"(min = 0.94, max = 1.06)",66.0,0,0
979,bus-979,true,PQ,-0.03412154431991995,1.0,"(min = 0.94, max = 1.06)",66.0,0,0
5964,bus-5964,true,PQ,-0.000826104006302814,1.0,"(min = 0.94, max = 1.06)",66.0,0,0
3326,bus-3326,true,PQ,-0.03349574726637235,1.0,"(min = 0.94, max = 1.06)",115.0,0,0
4099,bus-4099,true,PQ,-0.009826401993037687,1.0,"(min = 0.94, max = 1.06)",115.0,0,0
3471,bus-3471,true,PQ,-0.028641495480924605,1.0,"(min = 0.94, max = 1.06)",115.0,0,0
5188,bus-5188,true,PQ,0.005411634009258976,1.0,"(min = 0.94, max = 1.06)",115.0,0,0
3229,bus-3229,true,PQ,-0.03290126560839573,1.0,"(min = 0.94, max = 1.06)",115.0,0,0
4165,bus-4165,true,PQ,-0.02696446986374,1.0,"(min = 0.94, max = 1.06)",66.0,0,0
5905,bus-5905,true,PQ,-0.0007516515032344861,1.0,"(min = 0.94, max = 1.06)",66.0,0,0
7960,bus-7960,true,PQ,-0.03061426138027312,1.0,"(min = 0.94, max = 1.06)",230.0,0,0
251,bus-251,true,PQ,0.009552522622980125,1.0,"(min = 0.94, max = 1.06)",66.0,0,0
5885,bus-5885,true,PQ,-9.953714651351977e-5,1.0,"(min = 0.94, max = 1.06)",66.0,0,0
3827,bus-3827,true,PQ,-0.03219365345363409,1.0,"(min = 0.94, max = 1.06)",66.0,0,0
6947,bus-6947,true,PQ,0.0074248113319213375,1.0,"(min = 0.94, max = 1.06)",66.0,0,0
4768,bus-4768,true,PQ,0.001282077821861686,1.0,"(min = 0.94, max = 1.06)",230.0,0,0
7381,bus-7381,true,PQ,-0.03494143001480388,1.0,"(min = 0.94, max = 1.06)",66.0,0,0
7834,bus-7834,true,PQ,-0.03239608005640597,1.0,"(min = 0.94, max = 1.06)",230.0,0,0
1430,bus-1430,true,PQ,-0.0044215992722841865,1.0,"(min = 0.94, max = 1.06)",66.0,0,0
7687,bus-7687,true,PQ,0.009595902484832471,1.0,"(min = 0.94, max = 1.06)",115.0,0,0
1970,bus-1970,true,PV,-0.013924542239936446,1.0,"(min = 0.94, max = 1.06)",66.0,0,0
2728,bus-2728,true,PQ,-0.030198540882141817,1.0,"(min = 0.94, max = 1.06)",115.0,0,0
4107,bus-4107,true,PQ,-0.01886093546826176,1.0,"(min = 0.94, max = 1.06)",66.0,0,0
1017,bus-1017,true,PQ,0.012103231894098964,1.0,"(min = 0.94, max = 1.06)",66.0,0,0
3085,bus-3085,true,PQ,-0.03231353296410365,1.0,"(min = 0.94, max = 1.06)",115.0,0,0
8061,bus-8061,true,PQ,0.006794950401383513,1.0,"(min = 0.94, max = 1.06)",115.0,0,0
398,bus-398,true,PQ,0.00013567641397085867,1.0,"(min = 0.94, max = 1.06)",66.0,0,0
842,bus-842,true,PQ,-0.03456716387893424,1.0,"(min = 0.94, max = 1.06)",66.0,0,0
1861,bus-1861,true,PV,0.0024205231725372357,1.0,"(min = 0.94, max = 1.06)",66.0,0,0
7826,bus-7826,true,PQ,-0.0283810913093295,1.0,"(min = 0.94, max = 1.06)",115.0,0,0
2329,bus-2329,true,PQ,0.0006666033139714817,1.0,"(min = 0.94, max = 1.06)",66.0,0,0
4626,bus-4626,true,PQ,-0.030103887313483034,1.0,"(min = 0.94, max = 1.06)",230.0,0,0
8571,bus-8571,true,PQ,-0.0004415862375032881,1.0,"(min = 0.94, max = 1.06)",66.0,0,0
3451,bus-3451,true,PQ,-0.03501653641943911,1.0,"(min = 0.94, max = 1.06)",115.0,0,0
2033,bus-2033,true,PQ,0.0004675277451087589,1.0,"(min = 0.94, max = 1.06)",66.0,0,0
5430,bus-5430,true,PQ,0.0013106238755832616,1.0,"(min = 0.94, max = 1.06)",66.0,0,0
1901,bus-1901,true,PQ,0.00190842847290407,1.0,"(min = 0.94, max = 1.06)",66.0,0,0
4935,bus-4935,true,PQ,-0.003702910315611595,1.0,"(min = 0.94, max = 1.06)",66.0,0,0
8726,bus-8726,true,PQ,0.013236526956175462,1.0,"(min = 0.94, max = 1.06)",115.0,0,0
452,bus-452,true,PV,-6.911892993960862e-5,1.0,"(min = 0.94, max = 1.06)",66.0,0,0
1420,bus-1420,true,PQ,-0.0030032963764933143,1.0,"(min = 0.94, max = 1.06)",66.0,0,0
3632,bus-3632,true,PQ,-0.037091452949248344,1.0,"(min = 0.94, max = 1.06)",66.0,0,0
6380,bus-6380,true,PQ,-0.0007430246339571924,1.0,"(min = 0.94, max = 1.06)",66.0,0,0
7393,bus-7393,true,PQ,-0.03507105090596052,1.0,"(min = 0.94, max = 1.06)",66.0,0,0
394,bus-394,true,PV,-0.001733124538035593,1.0,"(min = 0.94, max = 1.06)",66.0,0,0
2694,bus-2694,true,PQ,-0.028795078695513576,1.0,"(min = 0.94, max = 1.06)",66.0,0,0
4402,bus-4402,true,PQ,-0.034458411191512,1.0,"(min = 0.94, max = 1.06)",66.0,0,0
6569,bus-6569,true,PQ,0.0030609497678612727,1.0,"(min = 0.94, max = 1.06)",115.0,0,0
8355,bus-8355,true,PV,-0.006419609596480255,1.0,"(min = 0.94, max = 1.06)",230.0,0,0
3393,bus-3393,true,PQ,-0.010762701934427804,1.0,"(min = 0.94, max = 1.06)",115.0,0,0
6692,bus-6692,true,PQ,0.018660869597836128,1.0,"(min = 0.94, max = 1.06)",66.0,0,0
4952,bus-4952,true,PQ,-0.003414595292404202,1.0,"(min = 0.94, max = 1.06)",66.0,0,0
2072,bus-2072,true,PQ,-0.0007178764552912403,1.0,"(min = 0.94, max = 1.06)",66.0,0,0
5247,bus-5247,true,PQ,0.005476476115109927,1.0,"(min = 0.94, max = 1.06)",66.0,0,0
130,bus-130,true,PQ,-0.018866764867963425,1.0,"(min = 0.94, max = 1.06)",66.0,0,0
4671,bus-4671,true,PQ,-0.04114146591655628,1.0,"(min = 0.94, max = 1.06)",66.0,0,0
5000,bus-5000,true,PQ,-0.003868831629202055,1.0,"(min = 0.94, max = 1.06)",66.0,0,0
6760,bus-6760,true,PQ,-0.0007960400379854497,1.0,"(min = 0.94, max = 1.06)",500.0,0,0
5110,bus-5110,true,PQ,0.007767274078161132,1.0,"(min = 0.94, max = 1.06)",66.0,0,0
8425,bus-8425,true,PQ,-0.03191312266870376,1.0,"(min = 0.94, max = 1.06)",66.0,0,0
1135,bus-1135,true,PQ,-0.031101456601932097,1.0,"(min = 0.94, max = 1.06)",115.0,0,0
3676,bus-3676,true,PQ,-0.036564750803707066,1.0,"(min = 0.94, max = 1.06)",66.0,0,0
8869,bus-8869,true,PQ,-0.02989158232167779,1.0,"(min = 0.94, max = 1.06)",66.0,0,0
5985,bus-5985,true,PQ,-0.0016362680723908086,1.0,"(min = 0.94, max = 1.06)",66.0,0,0
4295,bus-4295,true,PQ,-0.005446179328596993,1.0,"(min = 0.94, max = 1.06)",66.0,0,0
5786,bus-5786,true,PQ,0.0001455472274026031,1.0,"(min = 0.94, max = 1.06)",66.0,0,0
4643,bus-4643,true,PQ,-0.0321011614752539,1.0,"(min = 0.94, max = 1.06)",66.0,0,0
7591,bus-7591,true,PQ,-0.031180105326817167,1.0,"(min = 0.94, max = 1.06)",230.0,0,0
450,bus-450,true,PQ,-0.0010341260718247358,1.0,"(min = 0.94, max = 1.06)",66.0,0,0
3367,bus-3367,true,PQ,-0.0331462569518994,1.0,"(min = 0.94, max = 1.06)",115.0,0,0
7514,bus-7514,true,PQ,-0.030528299376756347,1.0,"(min = 0.94, max = 1.06)",66.0,0,0
189,bus-189,true,PQ,0.014916912908128811,1.0,"(min = 0.94, max = 1.06)",115.0,0,0
2483,bus-2483,true,PQ,-0.03066901200984233,1.0,"(min = 0.94, max = 1.06)",115.0,0,0
46,bus-46,true,PV,-0.03258915431238104,1.0,"(min = 0.94, max = 1.06)",115.0,0,0
2361,bus-2361,true,PV,0.013617416511836664,1.0,"(min = 0.94, max = 1.06)",115.0,0,0
4966,bus-4966,true,PQ,-0.003082189866352683,1.0,"(min = 0.94, max = 1.06)",66.0,0,0
5736,bus-5736,true,PQ,0.0009032802475125239,1.0,"(min = 0.94, max = 1.06)",66.0,0,0
6966,bus-6966,true,PQ,0.008402882622271868,1.0,"(min = 0.94, max = 1.06)",66.0,0,0
6259,bus-6259,true,PQ,0.000788248036483872,1.0,"(min = 0.94, max = 1.06)",66.0,0,0
7116,bus-7116,true,PQ,-0.03431562126755029,1.0,"(min = 0.94, max = 1.06)",66.0,0,0
6113,bus-6113,true,PQ,0.0004965440777972844,1.0,"(min = 0.94, max = 1.06)",66.0,0,0
2878,bus-2878,true,PQ,-0.00433001371319773,1.0,"(min = 0.94, max = 1.06)",115.0,0,0
3325,bus-3325,true,PQ,-0.033260424523325956,1.0,"(min = 0.94, max = 1.06)",115.0,0,0
6215,bus-6215,true,PQ,-0.0004207188924708847,1.0,"(min = 0.94, max = 1.06)",66.0,0,0
2844,bus-2844,true,PQ,-0.03201685718546067,1.0,"(min = 0.94, max = 1.06)",115.0,0,0
5975,bus-5975,true,PQ,-0.0009081503985493257,1.0,"(min = 0.94, max = 1.06)",66.0,0,0
1404,bus-1404,true,PQ,-0.03598239342444529,1.0,"(min = 0.94, max = 1.06)",66.0,0,0
6751,bus-6751,true,PQ,0.00155029065238075,1.0,"(min = 0.94, max = 1.06)",500.0,0,0
7500,bus-7500,true,PQ,-0.03128133634329502,1.0,"(min = 0.94, max = 1.06)",66.0,0,0
8243,bus-8243,true,PQ,-0.032626473640578885,1.0,"(min = 0.94, max = 1.06)",115.0,0,0
7372,bus-7372,true,PQ,-0.03499139285716902,1.0,"(min = 0.94, max = 1.06)",66.0,0,0
520,bus-520,true,PQ,-2.7764670339056538e-5,1.0,"(min = 0.94, max = 1.06)",66.0,0,0
8158,bus-8158,true,PQ,-0.0037016363299773947,1.0,"(min = 0.94, max = 1.06)",66.0,0,0
2731,bus-2731,true,PQ,-0.028885975792023292,1.0,"(min = 0.94, max = 1.06)",115.0,0,0
4711,bus-4711,true,PQ,0.005362392720913195,1.0,"(min = 0.94, max = 1.06)",115.0,0,0
2253,bus-2253,true,PV,-0.030345917531377768,1.0,"(min = 0.94, max = 1.06)",66.0,0,0
3148,bus-3148,true,PQ,-0.032601503913102306,1.0,"(min = 0.94, max = 1.06)",115.0,0,0
5052,bus-5052,true,PQ,-0.001265135854962041,1.0,"(min = 0.94, max = 1.06)",66.0,0,0
2915,bus-2915,true,PQ,-0.005733571090083374,1.0,"(min = 0.94, max = 1.06)",115.0,0,0
7445,bus-7445,true,PQ,-0.03444140138715499,1.0,"(min = 0.94, max = 1.06)",66.0,0,0
7623,bus-7623,true,PQ,-0.0014199070680489532,1.0,"(min = 0.94, max = 1.06)",230.0,0,0
5201,bus-5201,true,PQ,0.0051295226192514575,1.0,"(min = 0.94, max = 1.06)",115.0,0,0
8715,bus-8715,true,PQ,-0.03381514199588854,1.0,"(min = 0.94, max = 1.06)",66.0,0,0
1217,bus-1217,true,PQ,-0.00354295390908592,1.0,"(min = 0.94, max = 1.06)",115.0,0,0
1577,bus-1577,true,PV,-0.0430092818518568,1.0,"(min = 0.94, max = 1.06)",66.0,0,0
7094,bus-7094,true,PQ,-0.03389021628646552,1.0,"(min = 0.94, max = 1.06)",115.0,0,0
4415,bus-4415,true,PQ,-0.03169700378341706,1.0,"(min = 0.94, max = 1.06)",66.0,0,0
6548,bus-6548,true,PQ,-5.7055861143377535e-5,1.0,"(min = 0.94, max = 1.06)",66.0,0,0
1753,bus-1753,true,PV,-0.037094482317231024,1.0,"(min = 0.94, max = 1.06)",66.0,0,0
2621,bus-2621,true,PQ,0.01490649041270114,1.0,"(min = 0.94, max = 1.06)",66.0,0,0
5068,bus-5068,true,PQ,-0.002154006194676531,1.0,"(min = 0.94, max = 1.06)",66.0,0,0
6619,bus-6619,true,PQ,-7.11370841733528e-5,1.0,"(min = 0.94, max = 1.06)",66.0,0,0
7339,bus-7339,true,PQ,-0.03512733358554713,1.0,"(min = 0.94, max = 1.06)",66.0,0,0
3781,bus-3781,true,PQ,-0.03257105454990616,1.0,"(min = 0.94, max = 1.06)",66.0,0,0
2067,bus-2067,true,PQ,-0.0009106946889183347,1.0,"(min = 0.94, max = 1.06)",66.0,0,0
5519,bus-5519,true,PQ,0.009743827848131957,1.0,"(min = 0.94, max = 1.06)",115.0,0,0
2542,bus-2542,true,PQ,0.014917240698415627,1.0,"(min = 0.94, max = 1.06)",115.0,0,0
657,bus-657,true,PQ,-0.03379271119887483,1.0,"(min = 0.94, max = 1.06)",66.0,0,0
7654,bus-7654,true,PQ,0.0016821921652709693,1.0,"(min = 0.94, max = 1.06)",230.0,0,0
3333,bus-3333,true,PQ,-0.030301129415711864,1.0,"(min = 0.94, max = 1.06)",230.0,0,0
4347,bus-4347,true,PQ,-0.032557002205966655,1.0,"(min = 0.94, max = 1.06)",66.0,0,0
8333,bus-8333,true,PQ,0.003339839629135461,1.0,"(min = 0.94, max = 1.06)",66.0,0,0
798,bus-798,true,PQ,0.0005502301821864857,1.0,"(min = 0.94, max = 1.06)",115.0,0,0
7800,bus-7800,true,PQ,0.00507652889046718,1.0,"(min = 0.94, max = 1.06)",230.0,0,0
7357,bus-7357,true,PQ,-0.03496559392376482,1.0,"(min = 0.94, max = 1.06)",66.0,0,0
8776,bus-8776,true,PQ,-0.0347108282128512,1.0,"(min = 0.94, max = 1.06)",66.0,0,0
8485,bus-8485,true,PQ,-0.03225523163670418,1.0,"(min = 0.94, max = 1.06)",115.0,0,0
2145,bus-2145,true,PQ,-0.034017932848875304,1.0,"(min = 0.94, max = 1.06)",66.0,0,0
3480,bus-3480,true,PQ,-0.026902005926074526,1.0,"(min = 0.94, max = 1.06)",115.0,0,0
2327,bus-2327,true,PQ,0.00626586296671342,1.0,"(min = 0.94, max = 1.06)",115.0,0,0
1337,bus-1337,true,PQ,-0.03954449994842405,1.0,"(min = 0.94, max = 1.06)",66.0,0,0
8527,bus-8527,true,PQ,0.0007239338700423696,1.0,"(min = 0.94, max = 1.06)",66.0,0,0
2538,bus-2538,true,PQ,0.01479481426387522,1.0,"(min = 0.94, max = 1.06)",115.0,0,0
4034,bus-4034,true,PQ,-0.026553068706441533,1.0,"(min = 0.94, max = 1.06)",66.0,0,0
7634,bus-7634,true,PQ,-0.019590492345840427,1.0,"(min = 0.94, max = 1.06)",66.0,0,0
4319,bus-4319,true,PQ,-0.031841708857166987,1.0,"(min = 0.94, max = 1.06)",230.0,0,0
7031,bus-7031,true,PQ,0.008273622124152474,1.0,"(min = 0.94, max = 1.06)",66.0,0,0
8004,bus-8004,true,PQ,0.01324448492452627,1.0,"(min = 0.94, max = 1.06)",66.0,0,0
7693,bus-7693,true,PQ,-0.034716944370148974,1.0,"(min = 0.94, max = 1.06)",66.0,0,0
6095,bus-6095,true,PQ,0.0001105406112600994,1.0,"(min = 0.94, max = 1.06)",66.0,0,0
6655,bus-6655,true,PQ,0.0093628854613543,1.0,"(min = 0.94, max = 1.06)",115.0,0,0
2593,bus-2593,true,PQ,0.01404330290708901,1.0,"(min = 0.94, max = 1.06)",115.0,0,0
7499,bus-7499,true,PQ,-0.02721291137410901,1.0,"(min = 0.94, max = 1.06)",230.0,0,0
1455,bus-1455,true,PV,0.007265474464920242,1.0,"(min = 0.94, max = 1.06)",66.0,0,0
1469,bus-1469,true,PQ,0.0012049917827583775,1.0,"(min = 0.94, max = 1.06)",66.0,0,0
1303,bus-1303,true,PQ,-0.038220681498887445,1.0,"(min = 0.94, max = 1.06)",66.0,0,0
1089,bus-1089,true,PQ,0.0057933710269917746,1.0,"(min = 0.94, max = 1.06)",66.0,0,0
8018,bus-8018,true,PV,0.0004452686466055471,1.0,"(min = 0.94, max = 1.06)",230.0,0,0
3423,bus-3423,true,PQ,-0.03173273765452239,1.0,"(min = 0.94, max = 1.06)",230.0,0,0
6362,bus-6362,true,PQ,-0.00034773327057101717,1.0,"(min = 0.94, max = 1.06)",66.0,0,0
3297,bus-3297,true,PQ,-0.027625806882313038,1.0,"(min = 0.94, max = 1.06)",230.0,0,0
8624,bus-8624,true,PQ,-0.03210597422066627,1.0,"(min = 0.94, max = 1.06)",66.0,0,0
4392,bus-4392,true,PQ,-0.033800885797492394,1.0,"(min = 0.94, max = 1.06)",115.0,0,0
292,bus-292,true,PQ,-0.0006004738166123459,1.0,"(min = 0.94, max = 1.06)",230.0,0,0
3912,bus-3912,true,PQ,-0.03406891566165531,1.0,"(min = 0.94, max = 1.06)",66.0,0,0
8214,bus-8214,true,PQ,-0.03396119952527583,1.0,"(min = 0.94, max = 1.06)",66.0,0,0
3750,bus-3750,true,PQ,-0.036067512608466266,1.0,"(min = 0.94, max = 1.06)",66.0,0,0
6615,bus-6615,true,PQ,0.0012973547516362456,1.0,"(min = 0.94, max = 1.06)",66.0,0,0
7361,bus-7361,true,PQ,-0.03498707735606055,1.0,"(min = 0.94, max = 1.06)",66.0,0,0
4444,bus-4444,true,PQ,-0.034224864146446585,1.0,"(min = 0.94, max = 1.06)",66.0,0,0
7508,bus-7508,true,PQ,-0.029428698838367393,1.0,"(min = 0.94, max = 1.06)",66.0,0,0
4109,bus-4109,true,PQ,-0.01904930990162706,1.0,"(min = 0.94, max = 1.06)",66.0,0,0
4373,bus-4373,true,PQ,-0.035018606903530744,1.0,"(min = 0.94, max = 1.06)",115.0,0,0
406,bus-406,true,PQ,-0.0013018485416184764,1.0,"(min = 0.94, max = 1.06)",66.0,0,0
1231,bus-1231,true,PQ,-0.03270334387495617,1.0,"(min = 0.94, max = 1.06)",115.0,0,0
1205,bus-1205,true,PQ,-0.03310350301747669,1.0,"(min = 0.94, max = 1.06)",66.0,0,0
2016,bus-2016,true,PQ,0.009256203031130894,1.0,"(min = 0.94, max = 1.06)",115.0,0,0
5617,bus-5617,true,PQ,0.0007133169030481234,1.0,"(min = 0.94, max = 1.06)",66.0,0,0
4339,bus-4339,true,PQ,-0.03325557128627493,1.0,"(min = 0.94, max = 1.06)",66.0,0,0
7480,bus-7480,true,PQ,-0.03495061585719005,1.0,"(min = 0.94, max = 1.06)",66.0,0,0
480,bus-480,true,PQ,-0.0012448402675752862,1.0,"(min = 0.94, max = 1.06)",66.0,0,0
4553,bus-4553,true,PQ,-0.028710973896853845,1.0,"(min = 0.94, max = 1.06)",66.0,0,0
2730,bus-2730,true,PQ,-0.02917773759615728,1.0,"(min = 0.94, max = 1.06)",66.0,0,0
8086,bus-8086,true,PQ,-0.03463870876469785,1.0,"(min = 0.94, max = 1.06)",66.0,0,0
7670,bus-7670,true,PQ,0.016100494361707185,1.0,"(min = 0.94, max = 1.06)",115.0,0,0
2463,bus-2463,true,PQ,0.002167891824765888,1.0,"(min = 0.94, max = 1.06)",66.0,0,0
8733,bus-8733,true,PQ,0.0011130120934202356,1.0,"(min = 0.94, max = 1.06)",66.0,0,0
7299,bus-7299,true,PQ,-0.03450981427957589,1.0,"(min = 0.94, max = 1.06)",66.0,0,0
3444,bus-3444,true,PQ,-0.032367167281083284,1.0,"(min = 0.94, max = 1.06)",115.0,0,0
6177,bus-6177,true,PQ,-0.0009966167697738006,1.0,"(min = 0.94, max = 1.06)",66.0,0,0
7258,bus-7258,true,PQ,-0.03481731685916776,1.0,"(min = 0.94, max = 1.06)",66.0,0,0
821,bus-821,true,PQ,-0.032392548906263335,1.0,"(min = 0.94, max = 1.06)",66.0,0,0
3767,bus-3767,true,PQ,-0.03253944698621839,1.0,"(min = 0.94, max = 1.06)",66.0,0,0
7487,bus-7487,true,PQ,-0.026022032733834636,1.0,"(min = 0.94, max = 1.06)",500.0,0,0
730,bus-730,true,PQ,0.00032068532719420795,1.0,"(min = 0.94, max = 1.06)",66.0,0,0
4350,bus-4350,true,PQ,-0.03746983492056003,1.0,"(min = 0.94, max = 1.06)",66.0,0,0
3490,bus-3490,true,PQ,-0.03240969973322391,1.0,"(min = 0.94, max = 1.06)",115.0,0,0
4893,bus-4893,true,PQ,-0.0012706466482994092,1.0,"(min = 0.94, max = 1.06)",66.0,0,0
6940,bus-6940,true,PQ,0.007060906255889702,1.0,"(min = 0.94, max = 1.06)",66.0,0,0
3269,bus-3269,true,PQ,-0.032524703317362166,1.0,"(min = 0.94, max = 1.06)",115.0,0,0
4042,bus-4042,true,PQ,-0.023695869076883803,1.0,"(min = 0.94, max = 1.06)",66.0,0,0
4773,bus-4773,true,PQ,0.001744049152471759,1.0,"(min = 0.94, max = 1.06)",230.0,0,0
7353,bus-7353,true,PQ,-0.035016822827969356,1.0,"(min = 0.94, max = 1.06)",66.0,0,0
998,bus-998,true,PV,0.005656481799431668,1.0,"(min = 0.94, max = 1.06)",115.0,0,0
1971,bus-1971,true,PQ,-0.0124427681071556,1.0,"(min = 0.94, max = 1.06)",66.0,0,0
4520,bus-4520,true,PQ,-0.03212133399074846,1.0,"(min = 0.94, max = 1.06)",115.0,0,0
7940,bus-7940,true,PQ,0.007476839282764022,1.0,"(min = 0.94, max = 1.06)",115.0,0,0
1447,bus-1447,true,PV,-0.032121212166766666,1.0,"(min = 0.94, max = 1.06)",115.0,0,0
8859,bus-8859,true,PQ,-0.03425002027508728,1.0,"(min = 0.94, max = 1.06)",115.0,0,0
1713,bus-1713,true,PV,0.014794723489300825,1.0,"(min = 0.94, max = 1.06)",115.0,0,0
6827,bus-6827,true,PQ,0.011031506026646907,1.0,"(min = 0.94, max = 1.06)",230.0,0,0
536,bus-536,true,PQ,0.00023539505378263482,1.0,"(min = 0.94, max = 1.06)",66.0,0,0
4286,bus-4286,true,PQ,-0.0065157328894488485,1.0,"(min = 0.94, max = 1.06)",66.0,0,0
5577,bus-5577,true,PQ,-5.14827509996e-5,1.0,"(min = 0.94, max = 1.06)",66.0,0,0
4262,bus-4262,true,PQ,-0.0055416871835647485,1.0,"(min = 0.94, max = 1.06)",115.0,0,0
3123,bus-3123,true,PQ,-0.03074125223477993,1.0,"(min = 0.94, max = 1.06)",230.0,0,0
5067,bus-5067,true,PQ,-0.0022404806617682773,1.0,"(min = 0.94, max = 1.06)",66.0,0,0
5743,bus-5743,true,PQ,0.0016802909955700646,1.0,"(min = 0.94, max = 1.06)",66.0,0,0
6129,bus-6129,true,PQ,0.00020127369062789124,1.0,"(min = 0.94, max = 1.06)",66.0,0,0
6962,bus-6962,true,PQ,0.009034299182225288,1.0,"(min = 0.94, max = 1.06)",66.0,0,0
7351,bus-7351,true,PQ,-0.034877444499096515,1.0,"(min = 0.94, max = 1.06)",66.0,0,0
1803,bus-1803,true,PQ,-0.02922537147116856,1.0,"(min = 0.94, max = 1.06)",66.0,0,0
5206,bus-5206,true,PQ,0.005713157317726321,1.0,"(min = 0.94, max = 1.06)",115.0,0,0
8144,bus-8144,true,PQ,-0.0004179362005980288,1.0,"(min = 0.94, max = 1.06)",115.0,0,0
7311,bus-7311,true,PQ,-0.03450672906105714,1.0,"(min = 0.94, max = 1.06)",66.0,0,0
8678,bus-8678,true,PQ,0.005587848646459168,1.0,"(min = 0.94, max = 1.06)",66.0,0,0
5059,bus-5059,true,PQ,-0.0023478623057966164,1.0,"(min = 0.94, max = 1.06)",66.0,0,0
2710,bus-2710,true,PQ,-0.029345411202863454,1.0,"(min = 0.94, max = 1.06)",66.0,0,0
6567,bus-6567,true,PQ,0.0016830539076265077,1.0,"(min = 0.94, max = 1.06)",66.0,0,0
4880,bus-4880,true,PQ,0.00013504755124647992,1.0,"(min = 0.94, max = 1.06)",230.0,0,0
4908,bus-4908,true,PQ,-0.0013763181262241935,1.0,"(min = 0.94, max = 1.06)",66.0,0,0
349,bus-349,true,PQ,5.005297308757604e-5,1.0,"(min = 0.94, max = 1.06)",230.0,0,0
1011,bus-1011,true,PQ,0.01246754242756913,1.0,"(min = 0.94, max = 1.06)",66.0,0,0
1483,bus-1483,true,PV,0.010761104120404187,1.0,"(min = 0.94, max = 1.06)",66.0,0,0
1814,bus-1814,true,PQ,-0.03199992260479442,1.0,"(min = 0.94, max = 1.06)",66.0,0,0
3457,bus-3457,true,PQ,-0.03404742646977306,1.0,"(min = 0.94, max = 1.06)",66.0,0,0
3718,bus-3718,true,PQ,-0.035384916781472237,1.0,"(min = 0.94, max = 1.06)",115.0,0,0
6466,bus-6466,true,PQ,-0.0008714778841362835,1.0,"(min = 0.94, max = 1.06)",66.0,0,0
5721,bus-5721,true,PQ,0.000547373708264831,1.0,"(min = 0.94, max = 1.06)",66.0,0,0
6115,bus-6115,true,PQ,-0.0002611486330608971,1.0,"(min = 0.94, max = 1.06)",66.0,0,0
6390,bus-6390,true,PQ,-0.0008074812855881692,1.0,"(min = 0.94, max = 1.06)",66.0,0,0
5878,bus-5878,true,PQ,-3.567533380941757e-5,1.0,"(min = 0.94, max = 1.06)",66.0,0,0
4973,bus-4973,true,PQ,-0.003483560930599207,1.0,"(min = 0.94, max = 1.06)",66.0,0,0
1839,bus-1839,true,PQ,0.0026500570249739096,1.0,"(min = 0.94, max = 1.06)",66.0,0,0
5583,bus-5583,true,PQ,-0.0004519738211099324,1.0,"(min = 0.94, max = 1.06)",66.0,0,0
8433,bus-8433,true,PQ,-0.034300859098204,1.0,"(min = 0.94, max = 1.06)",66.0,0,0
2661,bus-2661,true,PQ,0.0016499658247675056,1.0,"(min = 0.94, max = 1.06)",230.0,0,0
7961,bus-7961,true,PQ,-0.031158883519376315,1.0,"(min = 0.94, max = 1.06)",66.0,0,0
1317,bus-1317,true,PQ,-0.03810327843609355,1.0,"(min = 0.94, max = 1.06)",66.0,0,0
1432,bus-1432,true,PQ,-0.0045403390303923145,1.0,"(min = 0.94, max = 1.06)",66.0,0,0
5048,bus-5048,true,PQ,-0.0014602138117502533,1.0,"(min = 0.94, max = 1.06)",66.0,0,0
6863,bus-6863,true,PQ,0.006724827191015415,1.0,"(min = 0.94, max = 1.06)",66.0,0,0
6597,bus-6597,true,PQ,-0.00046332810593734206,1.0,"(min = 0.94, max = 1.06)",66.0,0,0
8635,bus-8635,true,PQ,-0.031101032137858017,1.0,"(min = 0.94, max = 1.06)",115.0,0,0
154,bus-154,true,PQ,-0.031181262480111237,1.0,"(min = 0.94, max = 1.06)",230.0,0,0
7446,bus-7446,true,PQ,-0.03449385586156028,1.0,"(min = 0.94, max = 1.06)",66.0,0,0
8656,bus-8656,true,PQ,0.003582006174698069,1.0,"(min = 0.94, max = 1.06)",115.0,0,0
5271,bus-5271,true,PQ,0.005273192625488487,1.0,"(min = 0.94, max = 1.06)",115.0,0,0
5677,bus-5677,true,PQ,0.000955260093590366,1.0,"(min = 0.94, max = 1.06)",66.0,0,0
3538,bus-3538,true,PQ,0.009652420260269327,1.0,"(min = 0.94, max = 1.06)",66.0,0,0
3700,bus-3700,true,PQ,-0.03580040480174718,1.0,"(min = 0.94, max = 1.06)",66.0,0,0
1470,bus-1470,true,PQ,0.007408281440748747,1.0,"(min = 0.94, max = 1.06)",66.0,0,0
3896,bus-3896,true,PQ,-0.034024320055805905,1.0,"(min = 0.94, max = 1.06)",115.0,0,0
887,bus-887,true,PQ,-0.034668760192824534,1.0,"(min = 0.94, max = 1.06)",66.0,0,0
3951,bus-3951,true,PQ,-0.0318002204609849,1.0,"(min = 0.94, max = 1.06)",66.0,0,0
5943,bus-5943,true,PQ,-0.0007993247877802758,1.0,"(min = 0.94, max = 1.06)",66.0,0,0
7162,bus-7162,true,PQ,-0.03486531288999883,1.0,"(min = 0.94, max = 1.06)",66.0,0,0
7109,bus-7109,true,PQ,-0.03423557942085628,1.0,"(min = 0.94, max = 1.06)",66.0,0,0
4963,bus-4963,true,PQ,-0.003248389141079816,1.0,"(min = 0.94, max = 1.06)",66.0,0,0
7187,bus-7187,true,PQ,-0.03468031182901179,1.0,"(min = 0.94, max = 1.06)",66.0,0,0
2879,bus-2879,true,PQ,-0.006451637191105805,1.0,"(min = 0.94, max = 1.06)",230.0,0,0
5288,bus-5288,true,PQ,0.0020421039558993093,1.0,"(min = 0.94, max = 1.06)",66.0,0,0
7793,bus-7793,true,PQ,-0.01946548331269926,1.0,"(min = 0.94, max = 1.06)",115.0,0,0
4616,bus-4616,true,PQ,-0.004030964007519361,1.0,"(min = 0.94, max = 1.06)",115.0,0,0
7214,bus-7214,true,PQ,-0.03465705008074121,1.0,"(min = 0.94, max = 1.06)",66.0,0,0
8328,bus-8328,true,PQ,0.013117314405826261,1.0,"(min = 0.94, max = 1.06)",230.0,0,0
5128,bus-5128,true,PQ,0.009153459425056805,1.0,"(min = 0.94, max = 1.06)",66.0,0,0
2845,bus-2845,true,PQ,-0.03201138976704587,1.0,"(min = 0.94, max = 1.06)",115.0,0,0
2499,bus-2499,true,PQ,0.016148114012285063,1.0,"(min = 0.94, max = 1.06)",66.0,0,0
8164,bus-8164,true,PQ,-0.0325798426317558,1.0,"(min = 0.94, max = 1.06)",230.0,0,0
1481,bus-1481,true,PV,0.005896874497062304,1.0,"(min = 0.94, max = 1.06)",66.0,0,0
4837,bus-4837,true,PQ,0.002977970322596645,1.0,"(min = 0.94, max = 1.06)",66.0,0,0
8750,bus-8750,true,PQ,0.00416690646377343,1.0,"(min = 0.94, max = 1.06)",230.0,0,0
2135,bus-2135,true,PQ,-0.03539885341008234,1.0,"(min = 0.94, max = 1.06)",66.0,0,0
3925,bus-3925,true,PQ,-0.032721473657094186,1.0,"(min = 0.94, max = 1.06)",66.0,0,0
7304,bus-7304,true,PQ,-0.034480436897606326,1.0,"(min = 0.94, max = 1.06)",66.0,0,0
7996,bus-7996,true,PQ,-0.03549961842364991,1.0,"(min = 0.94, max = 1.06)",115.0,0,0
5072,bus-5072,true,PQ,0.0043860283974776985,1.0,"(min = 0.94, max = 1.06)",66.0,0,0
1264,bus-1264,true,PV,-0.03216134391852117,1.0,"(min = 0.94, max = 1.06)",115.0,0,0
3186,bus-3186,true,PQ,-0.032025162160173364,1.0,"(min = 0.94, max = 1.06)",115.0,0,0
7088,bus-7088,true,PQ,-0.03256253891395275,1.0,"(min = 0.94, max = 1.06)",230.0,0,0
3821,bus-3821,true,PQ,-0.032127640738000535,1.0,"(min = 0.94, max = 1.06)",66.0,0,0
3311,bus-3311,true,PQ,-0.005930438627201435,1.0,"(min = 0.94, max = 1.06)",66.0,0,0
1789,bus-1789,true,PQ,-0.03247274783259003,1.0,"(min = 0.94, max = 1.06)",66.0,0,0
2501,bus-2501,true,PQ,0.011218119265717311,1.0,"(min = 0.94, max = 1.06)",115.0,0,0
4831,bus-4831,true,PQ,0.0010196702339421064,1.0,"(min = 0.94, max = 1.06)",66.0,0,0
1018,bus-1018,true,PV,0.0019518633824410242,1.0,"(min = 0.94, max = 1.06)",66.0,0,0
8146,bus-8146,true,PQ,-0.03351885193501025,1.0,"(min = 0.94, max = 1.06)",115.0,0,0
3215,bus-3215,true,PQ,-0.030741513859634802,1.0,"(min = 0.94, max = 1.06)",230.0,0,0
4457,bus-4457,true,PQ,-0.03573900394412909,1.0,"(min = 0.94, max = 1.06)",66.0,0,0
6070,bus-6070,true,PQ,3.15643034333282e-5,1.0,"(min = 0.94, max = 1.06)",66.0,0,0
2284,bus-2284,true,PQ,0.0003064656759926046,1.0,"(min = 0.94, max = 1.06)",66.0,0,0
4412,bus-4412,true,PQ,-0.03159125899642771,1.0,"(min = 0.94, max = 1.06)",230.0,0,0
7855,bus-7855,true,PQ,0.0005543007210984617,1.0,"(min = 0.94, max = 1.06)",115.0,0,0
1473,bus-1473,true,PQ,0.004903748642355893,1.0,"(min = 0.94, max = 1.06)",66.0,0,0
2301,bus-2301,true,PQ,-0.03355045862603339,1.0,"(min = 0.94, max = 1.06)",66.0,0,0
7069,bus-7069,true,PQ,-0.035358088627408135,1.0,"(min = 0.94, max = 1.06)",66.0,0,0
7301,bus-7301,true,PQ,-0.034517317799096066,1.0,"(min = 0.94, max = 1.06)",66.0,0,0
4591,bus-4591,true,PQ,-0.0018537754595999224,1.0,"(min = 0.94, max = 1.06)",115.0,0,0
4940,bus-4940,true,PQ,-0.003911677141050611,1.0,"(min = 0.94, max = 1.06)",66.0,0,0
4290,bus-4290,true,PQ,-0.006076254166687941,1.0,"(min = 0.94, max = 1.06)",66.0,0,0
2709,bus-2709,true,PQ,-0.029332335370640436,1.0,"(min = 0.94, max = 1.06)",66.0,0,0
7750,bus-7750,true,PQ,-0.0352654702871901,1.0,"(min = 0.94, max = 1.06)",115.0,0,0
7516,bus-7516,true,PQ,-0.029227879858369527,1.0,"(min = 0.94, max = 1.06)",66.0,0,0
2632,bus-2632,true,PQ,0.00012302838341505596,1.0,"(min = 0.94, max = 1.06)",230.0,0,0
523,bus-523,true,PV,-0.0032841017540748583,1.0,"(min = 0.94, max = 1.06)",66.0,0,0
5896,bus-5896,true,PQ,3.17312984560212e-5,1.0,"(min = 0.94, max = 1.06)",66.0,0,0
72,bus-72,true,PQ,-0.02967457366753842,1.0,"(min = 0.94, max = 1.06)",66.0,0,0
2480,bus-2480,true,PQ,-0.030804921671359755,1.0,"(min = 0.94, max = 1.06)",115.0,0,0
2424,bus-2424,true,PQ,0.0007042072390478139,1.0,"(min = 0.94, max = 1.06)",66.0,0,0
4157,bus-4157,true,PQ,-0.027877712522181405,1.0,"(min = 0.94, max = 1.06)",66.0,0,0
2605,bus-2605,true,PQ,0.013611998765492376,1.0,"(min = 0.94, max = 1.06)",115.0,0,0
1710,bus-1710,true,PV,0.01354364863511138,1.0,"(min = 0.94, max = 1.06)",115.0,0,0
5248,bus-5248,true,PQ,0.0055228179228759555,1.0,"(min = 0.94, max = 1.06)",66.0,0,0
6267,bus-6267,true,PQ,0.00046334499025252584,1.0,"(min = 0.94, max = 1.06)",66.0,0,0
1809,bus-1809,true,PV,-0.032315767160079126,1.0,"(min = 0.94, max = 1.06)",115.0,0,0
754,bus-754,true,PQ,-0.0380239898735047,1.0,"(min = 0.94, max = 1.06)",66.0,0,0
132,bus-132,true,PQ,-0.017316124964727373,1.0,"(min = 0.94, max = 1.06)",66.0,0,0
1048,bus-1048,true,PQ,0.007793993812372104,1.0,"(min = 0.94, max = 1.06)",230.0,0,0
822,bus-822,true,PQ,-0.034543873332731005,1.0,"(min = 0.94, max = 1.06)",66.0,0,0
7235,bus-7235,true,PQ,-0.034661182671344076,1.0,"(min = 0.94, max = 1.06)",66.0,0,0
8317,bus-8317,true,PQ,0.005724780547319485,1.0,"(min = 0.94, max = 1.06)",115.0,0,0
2938,bus-2938,true,PQ,-0.03524025656268409,1.0,"(min = 0.94, max = 1.06)",115.0,0,0
5065,bus-5065,true,PQ,-0.0022215036619047585,1.0,"(min = 0.94, max = 1.06)",66.0,0,0
5499,bus-5499,true,PQ,0.0016729692346381933,1.0,"(min = 0.94, max = 1.06)",115.0,0,0
7087,bus-7087,true,PQ,-0.032406822208886146,1.0,"(min = 0.94, max = 1.06)",230.0,0,0
3509,bus-3509,true,PQ,-0.038511844829620924,1.0,"(min = 0.94, max = 1.06)",66.0,0,0
1214,bus-1214,true,PQ,-0.003513033659905811,1.0,"(min = 0.94, max = 1.06)",115.0,0,0
2771,bus-2771,true,PQ,-0.037903113605499326,1.0,"(min = 0.94, max = 1.06)",66.0,0,0
97,bus-97,true,PQ,-0.033629719786952984,1.0,"(min = 0.94, max = 1.06)",66.0,0,0
1718,bus-1718,true,PV,0.015065865450052974,1.0,"(min = 0.94, max = 1.06)",115.0,0,0
3178,bus-3178,true,PQ,-0.03287121662372999,1.0,"(min = 0.94, max = 1.06)",115.0,0,0
4970,bus-4970,true,PQ,-0.00245355007287931,1.0,"(min = 0.94, max = 1.06)",66.0,0,0
1399,bus-1399,true,PV,-0.03371056710309679,1.0,"(min = 0.94, max = 1.06)",66.0,0,0
400,bus-400,true,PQ,-0.0007783879210477777,1.0,"(min = 0.94, max = 1.06)",66.0,0,0
5051,bus-5051,true,PQ,-0.0012417755793645271,1.0,"(min = 0.94, max = 1.06)",66.0,0,0
5359,bus-5359,true,PQ,0.0014322191424459678,1.0,"(min = 0.94, max = 1.06)",66.0,0,0
933,bus-933,true,PQ,-0.034680668574310895,1.0,"(min = 0.94, max = 1.06)",66.0,0,0
3277,bus-3277,true,PQ,-0.016241491588181004,1.0,"(min = 0.94, max = 1.06)",115.0,0,0
5633,bus-5633,true,PQ,0.0010679640004902726,1.0,"(min = 0.94, max = 1.06)",66.0,0,0
6271,bus-6271,true,PQ,0.0007449558006319514,1.0,"(min = 0.94, max = 1.06)",66.0,0,0
10,bus-10,true,PQ,-0.03331507549459488,1.0,"(min = 0.94, max = 1.06)",115.0,0,0
4231,bus-4231,true,PQ,-0.01696519297338569,1.0,"(min = 0.94, max = 1.06)",66.0,0,0
7915,bus-7915,true,PQ,0.0013620130970062414,1.0,"(min = 0.94, max = 1.06)",230.0,0,0
2736,bus-2736,true,PQ,-0.03552104670354127,1.0,"(min = 0.94, max = 1.06)",115.0,0,0
6156,bus-6156,true,PQ,-0.0010149107978664048,1.0,"(min = 0.94, max = 1.06)",66.0,0,0
4267,bus-4267,true,PQ,-0.005477610928189574,1.0,"(min = 0.94, max = 1.06)",115.0,0,0
909,bus-909,true,PV,-0.03480010285128827,1.0,"(min = 0.94, max = 1.06)",66.0,0,0
1392,bus-1392,true,PQ,-0.03712332807191044,1.0,"(min = 0.94, max = 1.06)",66.0,0,0
7876,bus-7876,true,PQ,0.002465075197515222,1.0,"(min = 0.94, max = 1.06)",66.0,0,0
2628,bus-2628,true,PQ,0.00022303198959152347,1.0,"(min = 0.94, max = 1.06)",230.0,0,0
2677,bus-2677,true,PQ,-0.03906555734160021,1.0,"(min = 0.94, max = 1.06)",66.0,0,0
6670,bus-6670,true,PQ,0.015568683201113015,1.0,"(min = 0.94, max = 1.06)",66.0,0,0
4944,bus-4944,true,PQ,-0.0037272344632511565,1.0,"(min = 0.94, max = 1.06)",66.0,0,0
290,bus-290,true,PQ,-0.001402459814368222,1.0,"(min = 0.94, max = 1.06)",66.0,0,0
1306,bus-1306,true,PQ,-0.037474977882266884,1.0,"(min = 0.94, max = 1.06)",66.0,0,0
3559,bus-3559,true,PQ,-0.0436239646487277,1.0,"(min = 0.94, max = 1.06)",66.0,0,0
4573,bus-4573,true,PQ,-0.010515135252893063,1.0,"(min = 0.94, max = 1.06)",66.0,0,0
580,bus-580,true,PQ,-0.0358273237129324,1.0,"(min = 0.94, max = 1.06)",66.0,0,0
3485,bus-3485,true,PQ,-0.028552642514034828,1.0,"(min = 0.94, max = 1.06)",115.0,0,0
3892,bus-3892,true,PQ,-0.03405193413163218,1.0,"(min = 0.94, max = 1.06)",115.0,0,0
1465,bus-1465,true,PQ,0.002069274648282411,1.0,"(min = 0.94, max = 1.06)",66.0,0,0
8657,bus-8657,true,PQ,0.00023575219352615342,1.0,"(min = 0.94, max = 1.06)",230.0,0,0
6507,bus-6507,true,PQ,0.0016534986818421485,1.0,"(min = 0.94, max = 1.06)",115.0,0,0
4818,bus-4818,true,PQ,-0.0014449325291245392,1.0,"(min = 0.94, max = 1.06)",500.0,0,0
6762,bus-6762,true,PQ,0.009355123388758735,1.0,"(min = 0.94, max = 1.06)",115.0,0,0
4018,bus-4018,true,PQ,-0.030028181388249753,1.0,"(min = 0.94, max = 1.06)",66.0,0,0
3023,bus-3023,true,PQ,-0.038355472753420196,1.0,"(min = 0.94, max = 1.06)",115.0,0,0
4698,bus-4698,true,PQ,0.003044089660394205,1.0,"(min = 0.94, max = 1.06)",66.0,0,0
8441,bus-8441,true,PQ,-0.03362353276928759,1.0,"(min = 0.94, max = 1.06)",66.0,0,0
8475,bus-8475,true,PQ,-0.032711971561047555,1.0,"(min = 0.94, max = 1.06)",230.0,0,0
7188,bus-7188,true,PQ,-0.03487862259634161,1.0,"(min = 0.94, max = 1.06)",66.0,0,0
3113,bus-3113,true,PQ,-0.032106486474801736,1.0,"(min = 0.94, max = 1.06)",115.0,0,0
1822,bus-1822,true,PV,-0.029702199088004838,1.0,"(min = 0.94, max = 1.06)",66.0,0,0
5948,bus-5948,true,PQ,-0.0006980025167624869,1.0,"(min = 0.94, max = 1.06)",66.0,0,0
528,bus-528,true,PQ,3.547746897371162e-6,1.0,"(min = 0.94, max = 1.06)",66.0,0,0
6528,bus-6528,true,PQ,0.0020692178378152585,1.0,"(min = 0.94, max = 1.06)",66.0,0,0
834,bus-834,true,PQ,-0.034802228313251346,1.0,"(min = 0.94, max = 1.06)",66.0,0,0
4183,bus-4183,true,PQ,-0.024916398068622763,1.0,"(min = 0.94, max = 1.06)",66.0,0,0
5438,bus-5438,true,PQ,-0.0005348951312025055,1.0,"(min = 0.94, max = 1.06)",66.0,0,0
3106,bus-3106,true,PQ,-0.030855246495011764,1.0,"(min = 0.94, max = 1.06)",230.0,0,0
2930,bus-2930,true,PQ,-0.030454142431234208,1.0,"(min = 0.94, max = 1.06)",66.0,0,0
7892,bus-7892,true,PV,-0.03132918192674456,1.0,"(min = 0.94, max = 1.06)",230.0,0,0
1480,bus-1480,true,PV,0.0023170711024131773,1.0,"(min = 0.94, max = 1.06)",66.0,0,0
7052,bus-7052,true,PQ,-0.034239411814827814,1.0,"(min = 0.94, max = 1.06)",230.0,0,0
964,bus-964,true,PQ,-0.034600574018673474,1.0,"(min = 0.94, max = 1.06)",66.0,0,0
1123,bus-1123,true,PV,0.007648807778240207,1.0,"(min = 0.94, max = 1.06)",66.0,0,0
3846,bus-3846,true,PQ,-0.032019351086428845,1.0,"(min = 0.94, max = 1.06)",66.0,0,0
1641,bus-1641,true,PV,-0.028446390534364843,1.0,"(min = 0.94, max = 1.06)",66.0,0,0
5504,bus-5504,true,PQ,0.001577809670594648,1.0,"(min = 0.94, max = 1.06)",115.0,0,0
8227,bus-8227,true,PQ,-0.0008556918819614901,1.0,"(min = 0.94, max = 1.06)",115.0,0,0
8332,bus-8332,true,PQ,0.007431479397235166,1.0,"(min = 0.94, max = 1.06)",115.0,0,0
8757,bus-8757,true,PQ,0.01114054137014151,1.0,"(min = 0.94, max = 1.06)",230.0,0,0
597,bus-597,true,PQ,-0.04358626780581265,1.0,"(min = 0.94, max = 1.06)",66.0,0,0
7128,bus-7128,true,PQ,-0.03467968420861277,1.0,"(min = 0.94, max = 1.06)",66.0,0,0
8238,bus-8238,true,PQ,0.011247942806203568,1.0,"(min = 0.94, max = 1.06)",66.0,0,0
3121,bus-3121,true,PQ,-0.03095179042978338,1.0,"(min = 0.94, max = 1.06)",230.0,0,0
5207,bus-5207,true,PQ,0.00405036966024717,1.0,"(min = 0.94, max = 1.06)",66.0,0,0
8600,bus-8600,true,PV,-0.00014117863756706644,1.0,"(min = 0.94, max = 1.06)",115.0,0,0
1872,bus-1872,true,PV,0.0107585712811404,1.0,"(min = 0.94, max = 1.06)",115.0,0,0
3125,bus-3125,true,PQ,-0.03227267550444616,1.0,"(min = 0.94, max = 1.06)",115.0,0,0
5673,bus-5673,true,PQ,0.0009917873494857527,1.0,"(min = 0.94, max = 1.06)",66.0,0,0
7379,bus-7379,true,PQ,-0.03494448556272535,1.0,"(min = 0.94, max = 1.06)",66.0,0,0
6032,bus-6032,true,PQ,-0.0016021139459153465,1.0,"(min = 0.94, max = 1.06)",66.0,0,0
276,bus-276,true,PV,-0.016684542511228553,1.0,"(min = 0.94, max = 1.06)",66.0,0,0
405,bus-405,true,PQ,-0.001649634453065063,1.0,"(min = 0.94, max = 1.06)",66.0,0,0
3744,bus-3744,true,PQ,-0.03427679624380675,1.0,"(min = 0.94, max = 1.06)",66.0,0,0
8554,bus-8554,true,PQ,-0.0313475923578263,1.0,"(min = 0.94, max = 1.06)",66.0,0,0
5346,bus-5346,true,PQ,0.0005563263973522162,1.0,"(min = 0.94, max = 1.06)",66.0,0,0
5480,bus-5480,true,PQ,0.004467159626330927,1.0,"(min = 0.94, max = 1.06)",115.0,0,0
1914,bus-1914,true,PQ,-0.031626964244133304,1.0,"(min = 0.94, max = 1.06)",115.0,0,0
583,bus-583,true,PQ,-0.03538758905508997,1.0,"(min = 0.94, max = 1.06)",66.0,0,0
1774,bus-1774,true,PQ,-0.03466652617138198,1.0,"(min = 0.94, max = 1.06)",66.0,0,0
7387,bus-7387,true,PQ,-0.035032819992294364,1.0,"(min = 0.94, max = 1.06)",66.0,0,0
4384,bus-4384,true,PQ,-0.03607094985989515,1.0,"(min = 0.94, max = 1.06)",66.0,0,0
3242,bus-3242,true,PQ,-0.03181212273381888,1.0,"(min = 0.94, max = 1.06)",230.0,0,0
8156,bus-8156,true,PQ,0.009599969241615958,1.0,"(min = 0.94, max = 1.06)",115.0,0,0
5034,bus-5034,true,PQ,-0.0029906384808129805,1.0,"(min = 0.94, max = 1.06)",66.0,0,0
2547,bus-2547,true,PQ,0.014981631427215428,1.0,"(min = 0.94, max = 1.06)",66.0,0,0
866,bus-866,true,PQ,-0.03486704617647899,1.0,"(min = 0.94, max = 1.06)",66.0,0,0
6645,bus-6645,true,PQ,0.008383034214419414,1.0,"(min = 0.94, max = 1.06)",66.0,0,0
6939,bus-6939,true,PQ,0.0070387720252224955,1.0,"(min = 0.94, max = 1.06)",66.0,0,0
5159,bus-5159,true,PQ,0.0030981156118046957,1.0,"(min = 0.94, max = 1.06)",115.0,0,0
4696,bus-4696,true,PQ,0.0032224146624594465,1.0,"(min = 0.94, max = 1.06)",66.0,0,0
5584,bus-5584,true,PQ,1.4830365835340181e-5,1.0,"(min = 0.94, max = 1.06)",66.0,0,0
1714,bus-1714,true,PQ,0.014535753873631103,1.0,"(min = 0.94, max = 1.06)",115.0,0,0
1845,bus-1845,true,PV,0.003030469826496634,1.0,"(min = 0.94, max = 1.06)",115.0,0,0
3302,bus-3302,true,PQ,-0.02588040327929257,1.0,"(min = 0.94, max = 1.06)",230.0,0,0
810,bus-810,true,PQ,0.0016105082448338243,1.0,"(min = 0.94, max = 1.06)",115.0,0,0
3629,bus-3629,true,PQ,-0.03745147056617054,1.0,"(min = 0.94, max = 1.06)",66.0,0,0
6360,bus-6360,true,PQ,-0.0002795251942831699,1.0,"(min = 0.94, max = 1.06)",66.0,0,0
6361,bus-6361,true,PQ,-0.0003345325844746302,1.0,"(min = 0.94, max = 1.06)",66.0,0,0
7849,bus-7849,true,PQ,-0.03313329543874239,1.0,"(min = 0.94, max = 1.06)",66.0,0,0
5408,bus-5408,true,PQ,-0.0036862314082274686,1.0,"(min = 0.94, max = 1.06)",66.0,0,0
2019,bus-2019,true,PQ,-5.170799533888076e-5,1.0,"(min = 0.94, max = 1.06)",66.0,0,0
5461,bus-5461,true,PQ,0.0019707412476030303,1.0,"(min = 0.94, max = 1.06)",66.0,0,0
8189,bus-8189,true,PQ,-0.02874617840959705,1.0,"(min = 0.94, max = 1.06)",66.0,0,0
483,bus-483,true,PV,-0.0006770282458787893,1.0,"(min = 0.94, max = 1.06)",66.0,0,0
2909,bus-2909,true,PQ,-0.005560437534971604,1.0,"(min = 0.94, max = 1.06)",115.0,0,0
1563,bus-1563,true,PQ,-0.03908260292520689,1.0,"(min = 0.94, max = 1.06)",66.0,0,0
4544,bus-4544,true,PQ,-0.030693504913367274,1.0,"(min = 0.94, max = 1.06)",66.0,0,0
4066,bus-4066,true,PQ,-0.021388087751213758,1.0,"(min = 0.94, max = 1.06)",66.0,0,0
6943,bus-6943,true,PQ,0.007193073879130973,1.0,"(min = 0.94, max = 1.06)",66.0,0,0
4417,bus-4417,true,PQ,-0.030091256540219276,1.0,"(min = 0.94, max = 1.06)",230.0,0,0
3988,bus-3988,true,PQ,-0.03327074203719912,1.0,"(min = 0.94, max = 1.06)",66.0,0,0
4349,bus-4349,true,PQ,-0.03229923191074573,1.0,"(min = 0.94, max = 1.06)",115.0,0,0
1703,bus-1703,true,PV,-0.00015224653620443828,1.0,"(min = 0.94, max = 1.06)",115.0,0,0
6112,bus-6112,true,PQ,0.00037543883655668543,1.0,"(min = 0.94, max = 1.06)",66.0,0,0
323,bus-323,true,PQ,-0.014023572483493991,1.0,"(min = 0.94, max = 1.06)",66.0,0,0
4804,bus-4804,true,PQ,-0.0003606238954351289,1.0,"(min = 0.94, max = 1.06)",230.0,0,0
8431,bus-8431,true,PQ,-0.031015289871294063,1.0,"(min = 0.94, max = 1.06)",66.0,0,0
5409,bus-5409,true,PQ,-0.003622470429128374,1.0,"(min = 0.94, max = 1.06)",66.0,0,0
5719,bus-5719,true,PQ,0.0009729610396045212,1.0,"(min = 0.94, max = 1.06)",66.0,0,0
1651,bus-1651,true,PV,-0.010110242969427348,1.0,"(min = 0.94, max = 1.06)",115.0,0,0
7415,bus-7415,true,PQ,-0.03405773979485602,1.0,"(min = 0.94, max = 1.06)",66.0,0,0
2348,bus-2348,true,PQ,-0.035092591759588634,1.0,"(min = 0.94, max = 1.06)",66.0,0,0
3900,bus-3900,true,PQ,-0.03389510879342471,1.0,"(min = 0.94, max = 1.06)",115.0,0,0
2764,bus-2764,true,PQ,-0.03747376976535865,1.0,"(min = 0.94, max = 1.06)",66.0,0,0
790,bus-790,true,PQ,0.0007151292808686624,1.0,"(min = 0.94, max = 1.06)",66.0,0,0
2599,bus-2599,true,PQ,0.01355939241253558,1.0,"(min = 0.94, max = 1.06)",115.0,0,0
264,bus-264,true,PQ,-0.00556886707383301,1.0,"(min = 0.94, max = 1.06)",66.0,0,0
2331,bus-2331,true,PQ,-0.03620086571169537,1.0,"(min = 0.94, max = 1.06)",66.0,0,0
5566,bus-5566,true,PQ,-0.000596479714394961,1.0,"(min = 0.94, max = 1.06)",66.0,0,0
6638,bus-6638,true,PQ,0.0015054601095060602,1.0,"(min = 0.94, max = 1.06)",115.0,0,0
8105,bus-8105,true,PQ,-0.03562185482674136,1.0,"(min = 0.94, max = 1.06)",115.0,0,0
8366,bus-8366,true,PQ,-0.00033489661477803566,1.0,"(min = 0.94, max = 1.06)",500.0,0,0
8491,bus-8491,true,PQ,-0.029400529224240204,1.0,"(min = 0.94, max = 1.06)",115.0,0,0
2042,bus-2042,true,PQ,0.014918621602919806,1.0,"(min = 0.94, max = 1.06)",115.0,0,0
4672,bus-4672,true,PQ,-0.04260313029588248,1.0,"(min = 0.94, max = 1.06)",66.0,0,0
3060,bus-3060,true,PQ,-0.02885688394591935,1.0,"(min = 0.94, max = 1.06)",115.0,0,0
7046,bus-7046,true,PQ,0.0048957034075424845,1.0,"(min = 0.94, max = 1.06)",115.0,0,0
4452,bus-4452,true,PQ,-0.03521240337675029,1.0,"(min = 0.94, max = 1.06)",66.0,0,0
5638,bus-5638,true,PQ,0.001594630436595047,1.0,"(min = 0.94, max = 1.06)",66.0,0,0
2993,bus-2993,true,PQ,-0.0322904750702897,1.0,"(min = 0.94, max = 1.06)",115.0,0,0
8076,bus-8076,true,PQ,-0.03660260647158405,1.0,"(min = 0.94, max = 1.06)",115.0,0,0
4043,bus-4043,true,PQ,-0.024030783623174574,1.0,"(min = 0.94, max = 1.06)",66.0,0,0
5270,bus-5270,true,PQ,0.0027481307233816073,1.0,"(min = 0.94, max = 1.06)",115.0,0,0
4513,bus-4513,true,PQ,-0.03219760610079108,1.0,"(min = 0.94, max = 1.06)",66.0,0,0
7820,bus-7820,true,PQ,-0.0008552140910974397,1.0,"(min = 0.94, max = 1.06)",66.0,0,0
4228,bus-4228,true,PQ,-0.01715978875504277,1.0,"(min = 0.94, max = 1.06)",66.0,0,0
3268,bus-3268,true,PQ,-0.03375223858431741,1.0,"(min = 0.94, max = 1.06)",66.0,0,0
2275,bus-2275,true,PV,-1.945340772867056e-5,1.0,"(min = 0.94, max = 1.06)",66.0,0,0
6593,bus-6593,true,PQ,-0.0006434566335131559,1.0,"(min = 0.94, max = 1.06)",66.0,0,0
1596,bus-1596,true,PV,-0.031479901230563934,1.0,"(min = 0.94, max = 1.06)",115.0,0,0
8010,bus-8010,true,PQ,-0.00019302872906153123,1.0,"(min = 0.94, max = 1.06)",66.0,0,0
8117,bus-8117,true,PQ,-0.0008712644390954108,1.0,"(min = 0.94, max = 1.06)",66.0,0,0
7123,bus-7123,true,PQ,-0.034476669429882964,1.0,"(min = 0.94, max = 1.06)",66.0,0,0
1359,bus-1359,true,PQ,-0.029328763554326225,1.0,"(min = 0.94, max = 1.06)",66.0,0,0
3151,bus-3151,true,PQ,-0.03313193600178801,1.0,"(min = 0.94, max = 1.06)",115.0,0,0
8410,bus-8410,true,PQ,-0.034332109916592655,1.0,"(min = 0.94, max = 1.06)",230.0,0,0
2429,bus-2429,true,PQ,0.00045010038469084167,1.0,"(min = 0.94, max = 1.06)",66.0,0,0
5989,bus-5989,true,PQ,-0.0013334513545200195,1.0,"(min = 0.94, max = 1.06)",66.0,0,0
1791,bus-1791,true,PV,-0.03198987526788946,1.0,"(min = 0.94, max = 1.06)",66.0,0,0
3139,bus-3139,true,PQ,-0.03286296959394847,1.0,"(min = 0.94, max = 1.06)",115.0,0,0
4311,bus-4311,true,PQ,-0.030093249531692127,1.0,"(min = 0.94, max = 1.06)",230.0,0,0
4507,bus-4507,true,PQ,-0.031592506557777025,1.0,"(min = 0.94, max = 1.06)",115.0,0,0
5155,bus-5155,true,PQ,-0.0024860182409679426,1.0,"(min = 0.94, max = 1.06)",66.0,0,0
5041,bus-5041,true,PQ,-0.004484799267655105,1.0,"(min = 0.94, max = 1.06)",66.0,0,0
5866,bus-5866,true,PQ,-0.0003207661149946243,1.0,"(min = 0.94, max = 1.06)",66.0,0,0
6246,bus-6246,true,PQ,0.000457639159861906,1.0,"(min = 0.94, max = 1.06)",66.0,0,0
2651,bus-2651,true,PQ,-0.00015735987094723735,1.0,"(min = 0.94, max = 1.06)",115.0,0,0
4004,bus-4004,true,PQ,-0.02968629652052529,1.0,"(min = 0.94, max = 1.06)",115.0,0,0
6334,bus-6334,true,PQ,-0.0005818825641841145,1.0,"(min = 0.94, max = 1.06)",66.0,0,0
2010,bus-2010,true,PQ,0.0009821327413330927,1.0,"(min = 0.94, max = 1.06)",66.0,0,0
2916,bus-2916,true,PQ,-0.005533193818012598,1.0,"(min = 0.94, max = 1.06)",115.0,0,0
6265,bus-6265,true,PQ,0.0006267675927473929,1.0,"(min = 0.94, max = 1.06)",66.0,0,0
467,bus-467,true,PV,-0.00023428225977683128,1.0,"(min = 0.94, max = 1.06)",66.0,0,0
4946,bus-4946,true,PQ,-0.003920634886356839,1.0,"(min = 0.94, max = 1.06)",66.0,0,0
2513,bus-2513,true,PQ,0.010749128037596145,1.0,"(min = 0.94, max = 1.06)",115.0,0,0
1366,bus-1366,true,PQ,-0.029285959179888143,1.0,"(min = 0.94, max = 1.06)",66.0,0,0
1570,bus-1570,true,PQ,-0.0317993457019638,1.0,"(min = 0.94, max = 1.06)",66.0,0,0
1697,bus-1697,true,PQ,-9.27859094540488e-6,1.0,"(min = 0.94, max = 1.06)",66.0,0,0
1804,bus-1804,true,PV,-0.029689829765063028,1.0,"(min = 0.94, max = 1.06)",66.0,0,0
4956,bus-4956,true,PQ,-0.003248038591699553,1.0,"(min = 0.94, max = 1.06)",66.0,0,0
5106,bus-5106,true,PQ,0.007435661485375625,1.0,"(min = 0.94, max = 1.06)",66.0,0,0
3017,bus-3017,true,PQ,-0.035556502892762604,1.0,"(min = 0.94, max = 1.06)",115.0,0,0
7154,bus-7154,true,PQ,-0.034723572781582196,1.0,"(min = 0.94, max = 1.06)",66.0,0,0
1324,bus-1324,true,PQ,-0.03265609467051203,1.0,"(min = 0.94, max = 1.06)",115.0,0,0
2758,bus-2758,true,PV,-0.03725707544501757,1.0,"(min = 0.94, max = 1.06)",230.0,0,0
7002,bus-7002,true,PQ,0.007408040410779046,1.0,"(min = 0.94, max = 1.06)",66.0,0,0
777,bus-777,true,PQ,0.01062084832724991,1.0,"(min = 0.94, max = 1.06)",115.0,0,0
687,bus-687,true,PQ,0.0014919845131085331,1.0,"(min = 0.94, max = 1.06)",66.0,0,0
2414,bus-2414,true,PQ,0.0007049020319337525,1.0,"(min = 0.94, max = 1.06)",66.0,0,0
5670,bus-5670,true,PQ,0.0015845333839863479,1.0,"(min = 0.94, max = 1.06)",66.0,0,0
5762,bus-5762,true,PQ,0.0017085382908116008,1.0,"(min = 0.94, max = 1.06)",66.0,0,0
8056,bus-8056,true,PQ,0.003122364099421184,1.0,"(min = 0.94, max = 1.06)",66.0,0,0
524,bus-524,true,PQ,0.0007352172438876,1.0,"(min = 0.94, max = 1.06)",66.0,0,0
800,bus-800,true,PQ,0.011848698835574644,1.0,"(min = 0.94, max = 1.06)",66.0,0,0
3430,bus-3430,true,PQ,-0.032662301933996746,1.0,"(min = 0.94, max = 1.06)",230.0,0,0
7984,bus-7984,true,PQ,0.0015400784918172237,1.0,"(min = 0.94, max = 1.06)",500.0,0,0
3411,bus-3411,true,PQ,-0.03130807408930387,1.0,"(min = 0.94, max = 1.06)",230.0,0,0
7416,bus-7416,true,PQ,-0.034084737943989266,1.0,"(min = 0.94, max = 1.06)",66.0,0,0
8534,bus-8534,true,PQ,-0.030086121956092834,1.0,"(min = 0.94, max = 1.06)",230.0,0,0
2680,bus-2680,true,PQ,-0.02841475399821149,1.0,"(min = 0.94, max = 1.06)",115.0,0,0
2510,bus-2510,true,PQ,0.01044128904579095,1.0,"(min = 0.94, max = 1.06)",115.0,0,0
3793,bus-3793,true,PQ,-0.03217608723831154,1.0,"(min = 0.94, max = 1.06)",115.0,0,0
6616,bus-6616,true,PQ,3.0945663451444252e-6,1.0,"(min = 0.94, max = 1.06)",66.0,0,0
6932,bus-6932,true,PQ,0.006757046352979666,1.0,"(min = 0.94, max = 1.06)",66.0,0,0
7434,bus-7434,true,PQ,-0.034734433965517356,1.0,"(min = 0.94, max = 1.06)",66.0,0,0
6711,bus-6711,true,PQ,-0.00016269066271926063,1.0,"(min = 0.94, max = 1.06)",66.0,0,0
912,bus-912,true,PQ,-0.034752538091315364,1.0,"(min = 0.94, max = 1.06)",66.0,0,0
7130,bus-7130,true,PQ,-0.034684935380733244,1.0,"(min = 0.94, max = 1.06)",66.0,0,0
3116,bus-3116,true,PQ,-0.031242209203057956,1.0,"(min = 0.94, max = 1.06)",230.0,0,0
7741,bus-7741,true,PQ,-0.03219464375345167,1.0,"(min = 0.94, max = 1.06)",66.0,0,0
8814,bus-8814,true,PQ,-0.03252039078331342,1.0,"(min = 0.94, max = 1.06)",115.0,0,0
5815,bus-5815,true,PQ,0.0003638992431412745,1.0,"(min = 0.94, max = 1.06)",66.0,0,0
2923,bus-2923,true,PQ,-0.030259529318457656,1.0,"(min = 0.94, max = 1.06)",230.0,0,0
3161,bus-3161,true,PQ,-0.03328318187144271,1.0,"(min = 0.94, max = 1.06)",115.0,0,0
4794,bus-4794,true,PQ,0.0008045293526284059,1.0,"(min = 0.94, max = 1.06)",66.0,0,0
4132,bus-4132,true,PQ,-0.013921730566871363,1.0,"(min = 0.94, max = 1.06)",66.0,0,0
600,bus-600,true,PQ,-0.050507479688608574,1.0,"(min = 0.94, max = 1.06)",115.0,0,0
3731,bus-3731,true,PQ,-0.03475046045137379,1.0,"(min = 0.94, max = 1.06)",66.0,0,0
5979,bus-5979,true,PQ,-0.0017533929698445162,1.0,"(min = 0.94, max = 1.06)",66.0,0,0
2242,bus-2242,true,PQ,-0.008348488929987982,1.0,"(min = 0.94, max = 1.06)",66.0,0,0
254,bus-254,true,PQ,0.010298065075897561,1.0,"(min = 0.94, max = 1.06)",115.0,0,0
8684,bus-8684,true,PV,-0.032817324870685685,1.0,"(min = 0.94, max = 1.06)",230.0,0,0
1087,bus-1087,true,PV,0.00800796363884424,1.0,"(min = 0.94, max = 1.06)",230.0,0,0
8484,bus-8484,true,PQ,-0.032335647856522744,1.0,"(min = 0.94, max = 1.06)",66.0,0,0
534,bus-534,true,PQ,-0.0003450424196687305,1.0,"(min = 0.94, max = 1.06)",66.0,0,0
5366,bus-5366,true,PQ,0.00023904148117703474,1.0,"(min = 0.94, max = 1.06)",66.0,0,0
6811,bus-6811,true,PQ,0.010619332683327477,1.0,"(min = 0.94, max = 1.06)",230.0,0,0
2065,bus-2065,true,PV,-0.0011773267398272821,1.0,"(min = 0.94, max = 1.06)",66.0,0,0
2246,bus-2246,true,PV,0.007408360155098012,1.0,"(min = 0.94, max = 1.06)",66.0,0,0
2890,bus-2890,true,PQ,-0.03300516209170722,1.0,"(min = 0.94, max = 1.06)",115.0,0,0
3069,bus-3069,true,PQ,-0.030303968891871935,1.0,"(min = 0.94, max = 1.06)",230.0,0,0
7284,bus-7284,true,PQ,-0.03441641944237364,1.0,"(min = 0.94, max = 1.06)",66.0,0,0
8,bus-8,true,PQ,-0.03373636219677664,1.0,"(min = 0.94, max = 1.06)",115.0,0,0
8412,bus-8412,true,PQ,0.004068713856083794,1.0,"(min = 0.94, max = 1.06)",230.0,0,0
5889,bus-5889,true,PQ,0.0006575467533589932,1.0,"(min = 0.94, max = 1.06)",66.0,0,0
5853,bus-5853,true,PQ,-0.0003702213562720906,1.0,"(min = 0.94, max = 1.06)",66.0,0,0
6350,bus-6350,true,PQ,-0.00039597213429690343,1.0,"(min = 0.94, max = 1.06)",66.0,0,0
8559,bus-8559,true,PQ,0.0018755690543570177,1.0,"(min = 0.94, max = 1.06)",66.0,0,0
3599,bus-3599,true,PQ,-0.03327701352880031,1.0,"(min = 0.94, max = 1.06)",66.0,0,0
8676,bus-8676,true,PQ,0.007906407101007602,1.0,"(min = 0.94, max = 1.06)",66.0,0,0
4388,bus-4388,true,PQ,-0.03500799599981032,1.0,"(min = 0.94, max = 1.06)",66.0,0,0
7790,bus-7790,true,PQ,-0.03257142647956976,1.0,"(min = 0.94, max = 1.06)",230.0,0,0
8758,bus-8758,true,PV,0.011995707290151595,1.0,"(min = 0.94, max = 1.06)",500.0,0,0
7686,bus-7686,true,PQ,0.008413429350235698,1.0,"(min = 0.94, max = 1.06)",66.0,0,0
2447,bus-2447,true,PQ,0.0007257689319071967,1.0,"(min = 0.94, max = 1.06)",66.0,0,0
2218,bus-2218,true,PQ,1.3498595456291978e-6,1.0,"(min = 0.94, max = 1.06)",66.0,0,0
511,bus-511,true,PQ,-0.0008103806771561305,1.0,"(min = 0.94, max = 1.06)",66.0,0,0
5180,bus-5180,true,PQ,0.00587890914239312,1.0,"(min = 0.94, max = 1.06)",115.0,0,0
6708,bus-6708,true,PQ,0.0019087638902797184,1.0,"(min = 0.94, max = 1.06)",66.0,0,0
2798,bus-2798,true,PQ,-0.04109537753059764,1.0,"(min = 0.94, max = 1.06)",66.0,0,0
99,bus-99,true,PQ,-0.033094406885014076,1.0,"(min = 0.94, max = 1.06)",115.0,0,0
1892,bus-1892,true,PV,-0.002420278023590501,1.0,"(min = 0.94, max = 1.06)",66.0,0,0
1203,bus-1203,true,PQ,-0.03423006487855168,1.0,"(min = 0.94, max = 1.06)",66.0,0,0
2624,bus-2624,true,PQ,0.015259611518163721,1.0,"(min = 0.94, max = 1.06)",230.0,0,0
8801,bus-8801,true,PQ,-0.03346433587769251,1.0,"(min = 0.94, max = 1.06)",66.0,0,0
791,bus-791,true,PQ,0.0009758967026049975,1.0,"(min = 0.94, max = 1.06)",66.0,0,0
1396,bus-1396,true,PQ,-0.034138014817538094,1.0,"(min = 0.94, max = 1.06)",66.0,0,0
915,bus-915,true,PV,-0.034513689608647015,1.0,"(min = 0.94, max = 1.06)",66.0,0,0
1095,bus-1095,true,PQ,0.011813895626386356,1.0,"(min = 0.94, max = 1.06)",66.0,0,0
3174,bus-3174,true,PQ,-0.032698202134979794,1.0,"(min = 0.94, max = 1.06)",115.0,0,0
3646,bus-3646,true,PQ,-0.03585890963453743,1.0,"(min = 0.94, max = 1.06)",66.0,0,0
5963,bus-5963,true,PQ,-0.0010886588214714457,1.0,"(min = 0.94, max = 1.06)",66.0,0,0
6862,bus-6862,true,PQ,0.006562004046286756,1.0,"(min = 0.94, max = 1.06)",66.0,0,0
5162,bus-5162,true,PQ,0.0030981156118046957,1.0,"(min = 0.94, max = 1.06)",115.0,0,0
3054,bus-3054,true,PQ,-0.03012428672178034,1.0,"(min = 0.94, max = 1.06)",230.0,0,0
6430,bus-6430,true,PQ,-0.0003709154859329135,1.0,"(min = 0.94, max = 1.06)",66.0,0,0
8315,bus-8315,true,PV,0.006346619473376246,1.0,"(min = 0.94, max = 1.06)",230.0,0,0
8856,bus-8856,true,PQ,0.005655550003050613,1.0,"(min = 0.94, max = 1.06)",66.0,0,0
5535,bus-5535,true,PQ,0.009780391029884667,1.0,"(min = 0.94, max = 1.06)",115.0,0,0
2350,bus-2350,true,PQ,-0.03474080022849693,1.0,"(min = 0.94, max = 1.06)",66.0,0,0
5389,bus-5389,true,PQ,-0.003737201881529664,1.0,"(min = 0.94, max = 1.06)",66.0,0,0
2998,bus-2998,true,PQ,-0.033203596428348095,1.0,"(min = 0.94, max = 1.06)",115.0,0,0
1024,bus-1024,true,PQ,0.0006997934130705924,1.0,"(min = 0.94, max = 1.06)",66.0,0,0
4948,bus-4948,true,PQ,-0.003568433796302861,1.0,"(min = 0.94, max = 1.06)",66.0,0,0
5846,bus-5846,true,PQ,-0.0013037868344725713,1.0,"(min = 0.94, max = 1.06)",66.0,0,0
8756,bus-8756,true,PQ,-0.03093791593489465,1.0,"(min = 0.94, max = 1.06)",115.0,0,0
6948,bus-6948,true,PQ,0.007577896132835814,1.0,"(min = 0.94, max = 1.06)",66.0,0,0
5062,bus-5062,true,PQ,-0.0031561332359342537,1.0,"(min = 0.94, max = 1.06)",66.0,0,0
8174,bus-8174,true,PQ,-0.03603850890148955,1.0,"(min = 0.94, max = 1.06)",66.0,0,0
8498,bus-8498,true,PQ,0.00558883540325837,1.0,"(min = 0.94, max = 1.06)",115.0,0,0
395,bus-395,true,PQ,0.0007886369813623497,1.0,"(min = 0.94, max = 1.06)",66.0,0,0
1519,bus-1519,true,PV,0.006769659411151516,1.0,"(min = 0.94, max = 1.06)",66.0,0,0
6011,bus-6011,true,PQ,-0.0010713670504471282,1.0,"(min = 0.94, max = 1.06)",66.0,0,0
4867,bus-4867,true,PQ,0.0014718086762524163,1.0,"(min = 0.94, max = 1.06)",230.0,0,0
4363,bus-4363,true,PQ,-0.03594991005453886,1.0,"(min = 0.94, max = 1.06)",66.0,0,0
8110,bus-8110,true,PQ,-0.021899935748557153,1.0,"(min = 0.94, max = 1.06)",115.0,0,0
3045,bus-3045,true,PQ,-0.03230345490940385,1.0,"(min = 0.94, max = 1.06)",115.0,0,0
8406,bus-8406,true,PQ,-0.005918099219203004,1.0,"(min = 0.94, max = 1.06)",66.0,0,0
159,bus-159,true,PV,-0.03811390661857356,1.0,"(min = 0.94, max = 1.06)",66.0,0,0
1073,bus-1073,true,PQ,0.007047371262447072,1.0,"(min = 0.94, max = 1.06)",66.0,0,0
2129,bus-2129,true,PQ,-0.03463042700286421,1.0,"(min = 0.94, max = 1.06)",66.0,0,0
8761,bus-8761,true,PQ,-0.0010662791172262626,1.0,"(min = 0.94, max = 1.06)",230.0,0,0
3770,bus-3770,true,PQ,-0.0318882847135857,1.0,"(min = 0.94, max = 1.06)",66.0,0,0
3134,bus-3134,true,PQ,-0.03225618702993672,1.0,"(min = 0.94, max = 1.06)",115.0,0,0
1811,bus-1811,true,PV,-0.03236477914706778,1.0,"(min = 0.94, max = 1.06)",115.0,0,0
2392,bus-2392,true,PQ,0.0021801944412236855,1.0,"(min = 0.94, max = 1.06)",66.0,0,0
8336,bus-8336,true,PQ,-0.03218080922660281,1.0,"(min = 0.94, max = 1.06)",115.0,0,0
4855,bus-4855,true,PQ,0.009931127612463633,1.0,"(min = 0.94, max = 1.06)",115.0,0,0
2235,bus-2235,true,PV,0.011080563880888307,1.0,"(min = 0.94, max = 1.06)",230.0,0,0
5492,bus-5492,true,PQ,0.0027127516951664984,1.0,"(min = 0.94, max = 1.06)",115.0,0,0
596,bus-596,true,PQ,-0.052228686570478154,1.0,"(min = 0.94, max = 1.06)",66.0,0,0
4345,bus-4345,true,PQ,-0.03285925239170757,1.0,"(min = 0.94, max = 1.06)",230.0,0,0
4597,bus-4597,true,PQ,0.010277576935061079,1.0,"(min = 0.94, max = 1.06)",66.0,0,0
4901,bus-4901,true,PQ,-0.0013521460578490043,1.0,"(min = 0.94, max = 1.06)",66.0,0,0
7715,bus-7715,true,PQ,-0.0056693831510893624,1.0,"(min = 0.94, max = 1.06)",66.0,0,0
7739,bus-7739,true,PQ,0.0014760553625191497,1.0,"(min = 0.94, max = 1.06)",230.0,0,0
8567,bus-8567,true,PQ,-0.02911830773886347,1.0,"(min = 0.94, max = 1.06)",66.0,0,0
1037,bus-1037,true,PV,0.001989652396193872,1.0,"(min = 0.94, max = 1.06)",66.0,0,0
5425,bus-5425,true,PQ,-2.9885838094043624e-5,1.0,"(min = 0.94, max = 1.06)",66.0,0,0
1112,bus-1112,true,PQ,0.0075247509792856345,1.0,"(min = 0.94, max = 1.06)",66.0,0,0
5486,bus-5486,true,PQ,0.0025521036670181365,1.0,"(min = 0.94, max = 1.06)",115.0,0,0
567,bus-567,true,PQ,-0.018256824130670188,1.0,"(min = 0.94, max = 1.06)",115.0,0,0
2419,bus-2419,true,PQ,0.0004692416392355955,1.0,"(min = 0.94, max = 1.06)",66.0,0,0
8106,bus-8106,true,PQ,0.003897411430610047,1.0,"(min = 0.94, max = 1.06)",230.0,0,0
1944,bus-1944,true,PV,-0.0001828572521228689,1.0,"(min = 0.94, max = 1.06)",66.0,0,0
1244,bus-1244,true,PV,-0.031062083370270506,1.0,"(min = 0.94, max = 1.06)",115.0,0,0
1604,bus-1604,true,PQ,-0.03452451082454231,1.0,"(min = 0.94, max = 1.06)",66.0,0,0
2495,bus-2495,true,PQ,0.014302955382828575,1.0,"(min = 0.94, max = 1.06)",115.0,0,0
1415,bus-1415,true,PQ,-0.01254286982579424,1.0,"(min = 0.94, max = 1.06)",66.0,0,0
4512,bus-4512,true,PQ,-0.03198987526788946,1.0,"(min = 0.94, max = 1.06)",66.0,0,0
6299,bus-6299,true,PQ,-0.001733124538035593,1.0,"(min = 0.94, max = 1.06)",66.0,0,0
3543,bus-3543,true,PQ,0.01029605311269574,1.0,"(min = 0.94, max = 1.06)",66.0,0,0
1525,bus-1525,true,PQ,0.010029577760937694,1.0,"(min = 0.94, max = 1.06)",115.0,0,0
5588,bus-5588,true,PQ,0.00010132016161285487,1.0,"(min = 0.94, max = 1.06)",66.0,0,0
4277,bus-4277,true,PQ,-0.0018960755386039374,1.0,"(min = 0.94, max = 1.06)",115.0,0,0
3252,bus-3252,true,PQ,-0.0309374750647256,1.0,"(min = 0.94, max = 1.06)",230.0,0,0
6337,bus-6337,true,PQ,-0.0007475889160425822,1.0,"(min = 0.94, max = 1.06)",66.0,0,0
6296,bus-6296,true,PQ,-0.0017605493433764687,1.0,"(min = 0.94, max = 1.06)",66.0,0,0
3247,bus-3247,true,PQ,-0.033061464144448535,1.0,"(min = 0.94, max = 1.06)",115.0,0,0
3213,bus-3213,true,PQ,-0.030580762403274973,1.0,"(min = 0.94, max = 1.06)",230.0,0,0
8175,bus-8175,true,PQ,-0.03510504293847236,1.0,"(min = 0.94, max = 1.06)",115.0,0,0
5947,bus-5947,true,PQ,-0.0007398681501544247,1.0,"(min = 0.94, max = 1.06)",66.0,0,0
7114,bus-7114,true,PQ,-0.034147548329511265,1.0,"(min = 0.94, max = 1.06)",66.0,0,0
2564,bus-2564,true,PQ,0.014906534307731827,1.0,"(min = 0.94, max = 1.06)",66.0,0,0
1932,bus-1932,true,PV,-0.001265135854962041,1.0,"(min = 0.94, max = 1.06)",66.0,0,0
1020,bus-1020,true,PQ,0.003172676443969036,1.0,"(min = 0.94, max = 1.06)",115.0,0,0
345,bus-345,true,PQ,0.00018682924450928953,1.0,"(min = 0.94, max = 1.06)",230.0,0,0
1837,bus-1837,true,PQ,0.0026004658155663954,1.0,"(min = 0.94, max = 1.06)",115.0,0,0
1893,bus-1893,true,PV,0.007885669063928822,1.0,"(min = 0.94, max = 1.06)",66.0,0,0
1197,bus-1197,true,PQ,-0.03353637294630517,1.0,"(min = 0.94, max = 1.06)",115.0,0,0
1286,bus-1286,true,PV,-0.03134824668176287,1.0,"(min = 0.94, max = 1.06)",66.0,0,0
1679,bus-1679,true,PQ,-0.006527237872985193,1.0,"(min = 0.94, max = 1.06)",230.0,0,0
2469,bus-2469,true,PQ,0.002185504867272266,1.0,"(min = 0.94, max = 1.06)",66.0,0,0
3424,bus-3424,true,PQ,-0.03173216221946801,1.0,"(min = 0.94, max = 1.06)",230.0,0,0
3871,bus-3871,true,PQ,-0.032747055646072366,1.0,"(min = 0.94, max = 1.06)",66.0,0,0
4069,bus-4069,true,PQ,-0.021310773330541835,1.0,"(min = 0.94, max = 1.06)",66.0,0,0
4153,bus-4153,true,PQ,-0.02789738325551601,1.0,"(min = 0.94, max = 1.06)",66.0,0,0
6226,bus-6226,true,PQ,-0.000622382063793334,1.0,"(min = 0.94, max = 1.06)",66.0,0,0
6426,bus-6426,true,PQ,-0.00015986754587933585,1.0,"(min = 0.94, max = 1.06)",66.0,0,0
6434,bus-6434,true,PQ,0.00012317588485533343,1.0,"(min = 0.94, max = 1.06)",66.0,0,0
3791,bus-3791,true,PQ,-0.03220119711572706,1.0,"(min = 0.94, max = 1.06)",115.0,0,0
3516,bus-3516,true,PQ,-0.03244523900011764,1.0,"(min = 0.94, max = 1.06)",66.0,0,0
5564,bus-5564,true,PQ,-0.0006132737000633172,1.0,"(min = 0.94, max = 1.06)",66.0,0,0
7409,bus-7409,true,PQ,-0.03496443694500368,1.0,"(min = 0.94, max = 1.06)",66.0,0,0
7782,bus-7782,true,PQ,0.009404769715664027,1.0,"(min = 0.94, max = 1.06)",115.0,0,0
8569,bus-8569,true,PV,0.0009106573545803053,1.0,"(min = 0.94, max = 1.06)",230.0,0,0
4558,bus-4558,true,PQ,-0.019660768202704904,1.0,"(min = 0.94, max = 1.06)",115.0,0,0
3049,bus-3049,true,PQ,-0.03125234729708402,1.0,"(min = 0.94, max = 1.06)",115.0,0,0
3076,bus-3076,true,PQ,-0.03231262801088649,1.0,"(min = 0.94, max = 1.06)",115.0,0,0
7824,bus-7824,true,PQ,-0.03292735356832407,1.0,"(min = 0.94, max = 1.06)",115.0,0,0
1475,bus-1475,true,PQ,0.004718455203812554,1.0,"(min = 0.94, max = 1.06)",66.0,0,0
4689,bus-4689,true,PQ,0.003051054798200016,1.0,"(min = 0.94, max = 1.06)",66.0,0,0
5003,bus-5003,true,PQ,-0.0031832501721763937,1.0,"(min = 0.94, max = 1.06)",66.0,0,0
6419,bus-6419,true,PQ,-0.00034318876481138184,1.0,"(min = 0.94, max = 1.06)",66.0,0,0
7979,bus-7979,true,PQ,-0.03450978670337371,1.0,"(min = 0.94, max = 1.06)",66.0,0,0
120,bus-120,true,PQ,-0.012666784572400993,1.0,"(min = 0.94, max = 1.06)",66.0,0,0
1046,bus-1046,true,PQ,0.005651920887577064,1.0,"(min = 0.94, max = 1.06)",66.0,0,0
2595,bus-2595,true,PQ,0.014331295498170391,1.0,"(min = 0.94, max = 1.06)",66.0,0,0
2934,bus-2934,true,PQ,-0.031027084282780264,1.0,"(min = 0.94, max = 1.06)",115.0,0,0
7916,bus-7916,true,PQ,0.0008483417559386154,1.0,"(min = 0.94, max = 1.06)",66.0,0,0
3128,bus-3128,true,PQ,-0.03248394883213055,1.0,"(min = 0.94, max = 1.06)",115.0,0,0
7343,bus-7343,true,PQ,-0.03510419802458147,1.0,"(min = 0.94, max = 1.06)",66.0,0,0
1180,bus-1180,true,PV,-0.005484789973548509,1.0,"(min = 0.94, max = 1.06)",66.0,0,0
5082,bus-5082,true,PQ,0.0027736705277517683,1.0,"(min = 0.94, max = 1.06)",66.0,0,0
6662,bus-6662,true,PQ,0.002444842450708185,1.0,"(min = 0.94, max = 1.06)",115.0,0,0
8526,bus-8526,true,PQ,0.001248178256893615,1.0,"(min = 0.94, max = 1.06)",230.0,0,0
3016,bus-3016,true,PQ,-0.0348568178489306,1.0,"(min = 0.94, max = 1.06)",115.0,0,0
586,bus-586,true,PQ,-0.035425018862629463,1.0,"(min = 0.94, max = 1.06)",66.0,0,0
3980,bus-3980,true,PQ,-0.02960332828027446,1.0,"(min = 0.94, max = 1.06)",115.0,0,0
4307,bus-4307,true,PQ,-0.03210635068818593,1.0,"(min = 0.94, max = 1.06)",230.0,0,0
1599,bus-1599,true,PV,-0.034602469969839914,1.0,"(min = 0.94, max = 1.06)",115.0,0,0
4054,bus-4054,true,PQ,-0.02223655076913814,1.0,"(min = 0.94, max = 1.06)",66.0,0,0
235,bus-235,true,PV,0.007335159213673656,1.0,"(min = 0.94, max = 1.06)",66.0,0,0
1505,bus-1505,true,PV,-0.03162360099466471,1.0,"(min = 0.94, max = 1.06)",115.0,0,0
1513,bus-1513,true,PQ,-0.029228417943377917,1.0,"(min = 0.94, max = 1.06)",66.0,0,0
1063,bus-1063,true,PQ,0.007320287437650336,1.0,"(min = 0.94, max = 1.06)",66.0,0,0
6674,bus-6674,true,PQ,0.00027458299780017505,1.0,"(min = 0.94, max = 1.06)",66.0,0,0
6651,bus-6651,true,PQ,0.0072037087636753205,1.0,"(min = 0.94, max = 1.06)",115.0,0,0
7844,bus-7844,true,PQ,-0.012550332347530283,1.0,"(min = 0.94, max = 1.06)",230.0,0,0
7991,bus-7991,true,PQ,-0.032073736418585616,1.0,"(min = 0.94, max = 1.06)",66.0,0,0
3460,bus-3460,true,PQ,-0.033096187295384036,1.0,"(min = 0.94, max = 1.06)",115.0,0,0
5593,bus-5593,true,PQ,0.0006350077197517248,1.0,"(min = 0.94, max = 1.06)",66.0,0,0
6922,bus-6922,true,PQ,0.007054781912997746,1.0,"(min = 0.94, max = 1.06)",66.0,0,0
4210,bus-4210,true,PQ,-0.006025965523711331,1.0,"(min = 0.94, max = 1.06)",66.0,0,0
5049,bus-5049,true,PQ,-0.0012109155698659868,1.0,"(min = 0.94, max = 1.06)",66.0,0,0
6482,bus-6482,true,PQ,-0.0012440517941417466,1.0,"(min = 0.94, max = 1.06)",66.0,0,0
6839,bus-6839,true,PQ,0.004039657248177449,1.0,"(min = 0.94, max = 1.06)",115.0,0,0
2293,bus-2293,true,PQ,-0.01020350966455591,1.0,"(min = 0.94, max = 1.06)",66.0,0,0
3446,bus-3446,true,PQ,-0.03227253256198042,1.0,"(min = 0.94, max = 1.06)",115.0,0,0
2532,bus-2532,true,PQ,0.011089068695800345,1.0,"(min = 0.94, max = 1.06)",115.0,0,0
6887,bus-6887,true,PQ,0.006739391248038315,1.0,"(min = 0.94, max = 1.06)",66.0,0,0
4086,bus-4086,true,PQ,-0.010765923183908455,1.0,"(min = 0.94, max = 1.06)",115.0,0,0
4470,bus-4470,true,PQ,-0.034034105418790137,1.0,"(min = 0.94, max = 1.06)",66.0,0,0
6453,bus-6453,true,PQ,-0.0005208607816075864,1.0,"(min = 0.94, max = 1.06)",66.0,0,0
1912,bus-1912,true,PQ,-0.03377754393860915,1.0,"(min = 0.94, max = 1.06)",230.0,0,0
7830,bus-7830,true,PV,0.002845583573267786,1.0,"(min = 0.94, max = 1.06)",230.0,0,0
3419,bus-3419,true,PQ,-0.03182426132423357,1.0,"(min = 0.94, max = 1.06)",230.0,0,0
4407,bus-4407,true,PQ,-0.032270069727872934,1.0,"(min = 0.94, max = 1.06)",66.0,0,0
4682,bus-4682,true,PQ,-0.03147086286849956,1.0,"(min = 0.94, max = 1.06)",115.0,0,0
8794,bus-8794,true,PQ,-0.03745674076237987,1.0,"(min = 0.94, max = 1.06)",66.0,0,0
1747,bus-1747,true,PQ,-0.03371056710309679,1.0,"(min = 0.94, max = 1.06)",66.0,0,0
5910,bus-5910,true,PQ,-0.0007156772845831913,1.0,"(min = 0.94, max = 1.06)",66.0,0,0
3100,bus-3100,true,PQ,-0.030947573888843487,1.0,"(min = 0.94, max = 1.06)",230.0,0,0
274,bus-274,true,PV,0.011389583500666009,1.0,"(min = 0.94, max = 1.06)",115.0,0,0
6869,bus-6869,true,PQ,0.006711922261432754,1.0,"(min = 0.94, max = 1.06)",66.0,0,0
285,bus-285,true,PV,-0.0003828376572656908,1.0,"(min = 0.94, max = 1.06)",66.0,0,0
779,bus-779,true,PV,0.0106145696448922,1.0,"(min = 0.94, max = 1.06)",115.0,0,0
6656,bus-6656,true,PQ,0.009362833694888686,1.0,"(min = 0.94, max = 1.06)",115.0,0,0
2320,bus-2320,true,PQ,-0.031884210940578625,1.0,"(min = 0.94, max = 1.06)",66.0,0,0
5101,bus-5101,true,PQ,0.0063059395311569795,1.0,"(min = 0.94, max = 1.06)",66.0,0,0
787,bus-787,true,PQ,0.009671514144832851,1.0,"(min = 0.94, max = 1.06)",115.0,0,0
5927,bus-5927,true,PQ,-0.00032121408690840436,1.0,"(min = 0.94, max = 1.06)",66.0,0,0
5318,bus-5318,true,PQ,0.001475932980032,1.0,"(min = 0.94, max = 1.06)",66.0,0,0
2861,bus-2861,true,PQ,-0.030440824696376868,1.0,"(min = 0.94, max = 1.06)",230.0,0,0
6088,bus-6088,true,PQ,-0.0005295845602915971,1.0,"(min = 0.94, max = 1.06)",66.0,0,0
539,bus-539,true,PV,0.0001122538538555263,1.0,"(min = 0.94, max = 1.06)",66.0,0,0
2882,bus-2882,true,PQ,-0.0026103058422627997,1.0,"(min = 0.94, max = 1.06)",115.0,0,0
3031,bus-3031,true,PQ,-0.032297398093300664,1.0,"(min = 0.94, max = 1.06)",115.0,0,0
8709,bus-8709,true,PQ,0.014376395818332891,1.0,"(min = 0.94, max = 1.06)",66.0,0,0
7,bus-7,true,PQ,-0.032896435758756684,1.0,"(min = 0.94, max = 1.06)",115.0,0,0
5544,bus-5544,true,PQ,0.009699989086859385,1.0,"(min = 0.94, max = 1.06)",115.0,0,0
3557,bus-3557,true,PQ,-0.04541554966375593,1.0,"(min = 0.94, max = 1.06)",66.0,0,0
681,bus-681,true,PQ,0.0017539923857228213,1.0,"(min = 0.94, max = 1.06)",66.0,0,0
1631,bus-1631,true,PV,0.014715683915383063,1.0,"(min = 0.94, max = 1.06)",66.0,0,0
4467,bus-4467,true,PQ,-0.0340111431690192,1.0,"(min = 0.94, max = 1.06)",66.0,0,0
5752,bus-5752,true,PQ,0.002618956217634459,1.0,"(min = 0.94, max = 1.06)",66.0,0,0
1539,bus-1539,true,PQ,-0.032565319048918254,1.0,"(min = 0.94, max = 1.06)",66.0,0,0
2990,bus-2990,true,PQ,-0.032281220461931,1.0,"(min = 0.94, max = 1.06)",115.0,0,0
2489,bus-2489,true,PQ,-0.03249853734121627,1.0,"(min = 0.94, max = 1.06)",115.0,0,0
3092,bus-3092,true,PQ,-0.03230298995369112,1.0,"(min = 0.94, max = 1.06)",115.0,0,0
3965,bus-3965,true,PQ,-0.0319753356280228,1.0,"(min = 0.94, max = 1.06)",66.0,0,0
5618,bus-5618,true,PQ,0.00036908472630469254,1.0,"(min = 0.94, max = 1.06)",66.0,0,0
4258,bus-4258,true,PQ,-0.0057365390399296825,1.0,"(min = 0.94, max = 1.06)",115.0,0,0
7270,bus-7270,true,PQ,-0.03444026133808759,1.0,"(min = 0.94, max = 1.06)",66.0,0,0
6093,bus-6093,true,PQ,-0.0005508871223716071,1.0,"(min = 0.94, max = 1.06)",66.0,0,0
1981,bus-1981,true,PQ,-0.017335828388078865,1.0,"(min = 0.94, max = 1.06)",66.0,0,0
4098,bus-4098,true,PQ,-0.012020478015186867,1.0,"(min = 0.94, max = 1.06)",66.0,0,0
4733,bus-4733,true,PQ,0.006139846791327388,1.0,"(min = 0.94, max = 1.06)",115.0,0,0
7177,bus-7177,true,PQ,-0.034817146340499844,1.0,"(min = 0.94, max = 1.06)",66.0,0,0
1726,bus-1726,true,PQ,-0.030909482950583336,1.0,"(min = 0.94, max = 1.06)",230.0,0,0
3368,bus-3368,true,PQ,-0.032208261335874504,1.0,"(min = 0.94, max = 1.06)",115.0,0,0
3737,bus-3737,true,PQ,-0.03448897295391198,1.0,"(min = 0.94, max = 1.06)",66.0,0,0
5674,bus-5674,true,PQ,0.000989434069695411,1.0,"(min = 0.94, max = 1.06)",66.0,0,0
8359,bus-8359,true,PQ,0.007730566575132576,1.0,"(min = 0.94, max = 1.06)",230.0,0,0
7414,bus-7414,true,PQ,-0.03411709687192002,1.0,"(min = 0.94, max = 1.06)",66.0,0,0
3795,bus-3795,true,PQ,-0.032163839739351524,1.0,"(min = 0.94, max = 1.06)",115.0,0,0
2434,bus-2434,true,PQ,0.0006784184110999784,1.0,"(min = 0.94, max = 1.06)",66.0,0,0
1764,bus-1764,true,PQ,-0.03467110870786602,1.0,"(min = 0.94, max = 1.06)",66.0,0,0
5539,bus-5539,true,PQ,0.009765707871593612,1.0,"(min = 0.94, max = 1.06)",115.0,0,0
604,bus-604,true,PQ,-0.023497848034209807,1.0,"(min = 0.94, max = 1.06)",66.0,0,0
2260,bus-2260,true,PQ,-0.007299505104115139,1.0,"(min = 0.94, max = 1.06)",66.0,0,0
3638,bus-3638,true,PQ,-0.036415563200839246,1.0,"(min = 0.94, max = 1.06)",66.0,0,0
5120,bus-5120,true,PQ,0.008167440044919032,1.0,"(min = 0.94, max = 1.06)",66.0,0,0
446,bus-446,true,PV,-0.0001332673492688332,1.0,"(min = 0.94, max = 1.06)",66.0,0,0
2089,bus-2089,true,PQ,-0.0006829074520413145,1.0,"(min = 0.94, max = 1.06)",66.0,0,0
4366,bus-4366,true,PQ,-0.03577740607459488,1.0,"(min = 0.94, max = 1.06)",66.0,0,0
3798,bus-3798,true,PQ,-0.032130453161557194,1.0,"(min = 0.94, max = 1.06)",115.0,0,0
7256,bus-7256,true,PQ,-0.03460761712033697,1.0,"(min = 0.94, max = 1.06)",66.0,0,0
5525,bus-5525,true,PQ,0.009696419068234307,1.0,"(min = 0.94, max = 1.06)",115.0,0,0
2569,bus-2569,true,PQ,0.014990820568273885,1.0,"(min = 0.94, max = 1.06)",66.0,0,0
2849,bus-2849,true,PQ,-0.02282269760727186,1.0,"(min = 0.94, max = 1.06)",230.0,0,0
6141,bus-6141,true,PQ,-0.001093469751741398,1.0,"(min = 0.94, max = 1.06)",66.0,0,0
1684,bus-1684,true,PQ,0.02118984365546135,1.0,"(min = 0.94, max = 1.06)",115.0,0,0
4473,bus-4473,true,PQ,-0.03328935771900089,1.0,"(min = 0.94, max = 1.06)",115.0,0,0
778,bus-778,true,PQ,0.010872901499799949,1.0,"(min = 0.94, max = 1.06)",115.0,0,0
6306,bus-6306,true,PQ,-0.001640326561549629,1.0,"(min = 0.94, max = 1.06)",66.0,0,0
2986,bus-2986,true,PQ,-0.05048554718309631,1.0,"(min = 0.94, max = 1.06)",115.0,0,0
5260,bus-5260,true,PQ,0.00410121106645118,1.0,"(min = 0.94, max = 1.06)",66.0,0,0
5556,bus-5556,true,PQ,-0.00010551497966127888,1.0,"(min = 0.94, max = 1.06)",66.0,0,0
1957,bus-1957,true,PQ,-0.03424035184916294,1.0,"(min = 0.94, max = 1.06)",66.0,0,0
6675,bus-6675,true,PQ,0.0003944558952171966,1.0,"(min = 0.94, max = 1.06)",66.0,0,0
7279,bus-7279,true,PQ,-0.03447700802375785,1.0,"(min = 0.94, max = 1.06)",66.0,0,0
7578,bus-7578,true,PQ,-0.03202186610588097,1.0,"(min = 0.94, max = 1.06)",230.0,0,0
2596,bus-2596,true,PQ,0.014474577011569218,1.0,"(min = 0.94, max = 1.06)",115.0,0,0
812,bus-812,true,PV,0.0027111512282424195,1.0,"(min = 0.94, max = 1.06)",115.0,0,0
8065,bus-8065,true,PQ,-0.037766259895389495,1.0,"(min = 0.94, max = 1.06)",66.0,0,0
8302,bus-8302,true,PV,-0.009511828177074773,1.0,"(min = 0.94, max = 1.06)",115.0,0,0
510,bus-510,true,PQ,-0.003742420765058977,1.0,"(min = 0.94, max = 1.06)",66.0,0,0
3193,bus-3193,true,PQ,-0.032370947315177256,1.0,"(min = 0.94, max = 1.06)",230.0,0,0
8318,bus-8318,true,PQ,-0.03511311927505304,1.0,"(min = 0.94, max = 1.06)",66.0,0,0
1315,bus-1315,true,PQ,-0.03673472213637349,1.0,"(min = 0.94, max = 1.06)",115.0,0,0
6549,bus-6549,true,PQ,-5.2697018273581576e-5,1.0,"(min = 0.94, max = 1.06)",66.0,0,0
1393,bus-1393,true,PQ,-0.03714057454291402,1.0,"(min = 0.94, max = 1.06)",66.0,0,0
5126,bus-5126,true,PQ,0.009075097963913321,1.0,"(min = 0.94, max = 1.06)",66.0,0,0
7488,bus-7488,true,PQ,-0.02938846358858824,1.0,"(min = 0.94, max = 1.06)",115.0,0,0
383,bus-383,true,PQ,-0.0012707812812525786,1.0,"(min = 0.94, max = 1.06)",66.0,0,0
918,bus-918,true,PQ,-0.03460058815584041,1.0,"(min = 0.94, max = 1.06)",66.0,0,0
8039,bus-8039,true,PQ,0.014552414455058083,1.0,"(min = 0.94, max = 1.06)",115.0,0,0
1979,bus-1979,true,PQ,-0.0041874266314016854,1.0,"(min = 0.94, max = 1.06)",66.0,0,0
6532,bus-6532,true,PQ,-0.002485700433964447,1.0,"(min = 0.94, max = 1.06)",66.0,0,0
5705,bus-5705,true,PQ,0.0004892619620193721,1.0,"(min = 0.94, max = 1.06)",66.0,0,0
9,bus-9,true,PQ,-0.03209576282281164,1.0,"(min = 0.94, max = 1.06)",115.0,0,0
938,bus-938,true,PQ,-0.03506664185520413,1.0,"(min = 0.94, max = 1.06)",66.0,0,0
4968,bus-4968,true,PQ,-0.0024211643541445413,1.0,"(min = 0.94, max = 1.06)",66.0,0,0
4962,bus-4962,true,PQ,-0.0033031037121466814,1.0,"(min = 0.94, max = 1.06)",66.0,0,0
2802,bus-2802,true,PQ,-0.03687173170438552,1.0,"(min = 0.94, max = 1.06)",66.0,0,0
3715,bus-3715,true,PQ,-0.03328869903174119,1.0,"(min = 0.94, max = 1.06)",66.0,0,0
153,bus-153,true,PQ,-0.033937884195397214,1.0,"(min = 0.94, max = 1.06)",66.0,0,0
5565,bus-5565,true,PQ,-0.0005992517073995022,1.0,"(min = 0.94, max = 1.06)",66.0,0,0
3828,bus-3828,true,PQ,-0.03228127997765849,1.0,"(min = 0.94, max = 1.06)",66.0,0,0
4776,bus-4776,true,PQ,0.0011506967801170453,1.0,"(min = 0.94, max = 1.06)",230.0,0,0
5576,bus-5576,true,PQ,-4.546590520520277e-5,1.0,"(min = 0.94, max = 1.06)",66.0,0,0
7788,bus-7788,true,PQ,-0.031248190271871614,1.0,"(min = 0.94, max = 1.06)",230.0,0,0
1771,bus-1771,true,PQ,-0.034729497476261015,1.0,"(min = 0.94, max = 1.06)",66.0,0,0
8735,bus-8735,true,PQ,0.0024725098987029895,1.0,"(min = 0.94, max = 1.06)",230.0,0,0
7941,bus-7941,true,PQ,0.00015098490383615021,1.0,"(min = 0.94, max = 1.06)",230.0,0,0
7995,bus-7995,true,PQ,-0.03584211153861869,1.0,"(min = 0.94, max = 1.06)",66.0,0,0
7080,bus-7080,true,PQ,-0.03271876246263414,1.0,"(min = 0.94, max = 1.06)",230.0,0,0
6554,bus-6554,true,PQ,-9.65236938392163e-5,1.0,"(min = 0.94, max = 1.06)",66.0,0,0
2866,bus-2866,true,PQ,-0.006869236047484692,1.0,"(min = 0.94, max = 1.06)",115.0,0,0
2960,bus-2960,true,PQ,-0.03431351046635293,1.0,"(min = 0.94, max = 1.06)",66.0,0,0
7981,bus-7981,true,PQ,0.0009359191088020018,1.0,"(min = 0.94, max = 1.06)",230.0,0,0
344,bus-344,true,PV,-0.0005533057490344727,1.0,"(min = 0.94, max = 1.06)",66.0,0,0
2096,bus-2096,true,PQ,-0.0006445560181543164,1.0,"(min = 0.94, max = 1.06)",66.0,0,0
4717,bus-4717,true,PQ,-0.0019376189126574575,1.0,"(min = 0.94, max = 1.06)",230.0,0,0
5724,bus-5724,true,PQ,0.0009716436005079336,1.0,"(min = 0.94, max = 1.06)",66.0,0,0
4150,bus-4150,true,PQ,-0.027911009913650957,1.0,"(min = 0.94, max = 1.06)",66.0,0,0
1421,bus-1421,true,PV,-0.004319486532921523,1.0,"(min = 0.94, max = 1.06)",66.0,0,0
5024,bus-5024,true,PQ,0.002967137290822319,1.0,"(min = 0.94, max = 1.06)",66.0,0,0
7275,bus-7275,true,PQ,-0.03457407241571241,1.0,"(min = 0.94, max = 1.06)",66.0,0,0
7054,bus-7054,true,PQ,-0.03288283423336297,1.0,"(min = 0.94, max = 1.06)",230.0,0,0
7140,bus-7140,true,PQ,-0.03444082141424455,1.0,"(min = 0.94, max = 1.06)",66.0,0,0
4106,bus-4106,true,PQ,-0.01886155436201452,1.0,"(min = 0.94, max = 1.06)",66.0,0,0
2982,bus-2982,true,PQ,-0.05002518500242333,1.0,"(min = 0.94, max = 1.06)",115.0,0,0
253,bus-253,true,PV,-0.01964594058351166,1.0,"(min = 0.94, max = 1.06)",66.0,0,0
1677,bus-1677,true,PV,-0.004061679254173753,1.0,"(min = 0.94, max = 1.06)",66.0,0,0
3336,bus-3336,true,PQ,-0.032391909941224185,1.0,"(min = 0.94, max = 1.06)",230.0,0,0
894,bus-894,true,PQ,-0.03488729653365817,1.0,"(min = 0.94, max = 1.06)",66.0,0,0
1605,bus-1605,true,PQ,-0.03266747037751068,1.0,"(min = 0.94, max = 1.06)",115.0,0,0
2902,bus-2902,true,PQ,-0.01262816801078331,1.0,"(min = 0.94, max = 1.06)",230.0,0,0
1325,bus-1325,true,PQ,-0.03242917516421521,1.0,"(min = 0.94, max = 1.06)",66.0,0,0
2904,bus-2904,true,PQ,-0.012628380347540108,1.0,"(min = 0.94, max = 1.06)",230.0,0,0
2997,bus-2997,true,PQ,-0.035383685102619106,1.0,"(min = 0.94, max = 1.06)",230.0,0,0
3154,bus-3154,true,PQ,-0.03310691251817047,1.0,"(min = 0.94, max = 1.06)",115.0,0,0
3146,bus-3146,true,PQ,-0.03279502410070126,1.0,"(min = 0.94, max = 1.06)",115.0,0,0
5170,bus-5170,true,PQ,0.0009834943913649627,1.0,"(min = 0.94, max = 1.06)",66.0,0,0
6320,bus-6320,true,PQ,-0.0006842498982154248,1.0,"(min = 0.94, max = 1.06)",66.0,0,0
5508,bus-5508,true,PQ,0.001615613833805403,1.0,"(min = 0.94, max = 1.06)",115.0,0,0
7559,bus-7559,true,PQ,-0.0010856119199110935,1.0,"(min = 0.94, max = 1.06)",66.0,0,0
4930,bus-4930,true,PQ,-0.004185536998327136,1.0,"(min = 0.94, max = 1.06)",66.0,0,0
2517,bus-2517,true,PQ,0.01044314447041216,1.0,"(min = 0.94, max = 1.06)",115.0,0,0
7063,bus-7063,true,PQ,-0.03252441847962824,1.0,"(min = 0.94, max = 1.06)",230.0,0,0
8520,bus-8520,true,PQ,0.003959945041819262,1.0,"(min = 0.94, max = 1.06)",66.0,0,0
5652,bus-5652,true,PQ,0.0014299550751603416,1.0,"(min = 0.94, max = 1.06)",66.0,0,0
4958,bus-4958,true,PQ,-0.003405931792156567,1.0,"(min = 0.94, max = 1.06)",66.0,0,0
1955,bus-1955,true,PV,0.00090281413115584,1.0,"(min = 0.94, max = 1.06)",66.0,0,0
3874,bus-3874,true,PQ,-0.032413457078037604,1.0,"(min = 0.94, max = 1.06)",66.0,0,0
5176,bus-5176,true,PQ,0.0023051578689114996,1.0,"(min = 0.94, max = 1.06)",115.0,0,0
8836,bus-8836,true,PQ,0.006956494603742897,1.0,"(min = 0.94, max = 1.06)",66.0,0,0
2343,bus-2343,true,PQ,-0.034448717632846425,1.0,"(min = 0.94, max = 1.06)",66.0,0,0
6691,bus-6691,true,PQ,0.01836321364228523,1.0,"(min = 0.94, max = 1.06)",66.0,0,0
4981,bus-4981,true,PQ,-0.004484710587475812,1.0,"(min = 0.94, max = 1.06)",66.0,0,0
7215,bus-7215,true,PQ,-0.03465714816824517,1.0,"(min = 0.94, max = 1.06)",66.0,0,0
1059,bus-1059,true,PV,0.008402507900081466,1.0,"(min = 0.94, max = 1.06)",66.0,0,0
7067,bus-7067,true,PQ,-0.03282552966349931,1.0,"(min = 0.94, max = 1.06)",230.0,0,0
6689,bus-6689,true,PQ,4.5879677566823e-5,1.0,"(min = 0.94, max = 1.06)",66.0,0,0
7710,bus-7710,true,PQ,-0.00019604453234527128,1.0,"(min = 0.94, max = 1.06)",66.0,0,0
1449,bus-1449,true,PQ,-0.0321774306182368,1.0,"(min = 0.94, max = 1.06)",115.0,0,0
734,bus-734,true,PQ,0.0040175390047261905,1.0,"(min = 0.94, max = 1.06)",115.0,0,0
3483,bus-3483,true,PQ,-0.02803391181078619,1.0,"(min = 0.94, max = 1.06)",115.0,0,0
6665,bus-6665,true,PQ,0.004429796542728737,1.0,"(min = 0.94, max = 1.06)",66.0,0,0
7198,bus-7198,true,PQ,-0.03482613827680612,1.0,"(min = 0.94, max = 1.06)",66.0,0,0
42,bus-42,true,PQ,-0.03874460874545097,1.0,"(min = 0.94, max = 1.06)",115.0,0,0
2856,bus-2856,true,PQ,-0.027041429982573764,1.0,"(min = 0.94, max = 1.06)",500.0,0,0
6560,bus-6560,true,PQ,0.00030840021115281985,1.0,"(min = 0.94, max = 1.06)",66.0,0,0
3172,bus-3172,true,PQ,-0.032634918241631734,1.0,"(min = 0.94, max = 1.06)",115.0,0,0
7296,bus-7296,true,PQ,-0.03419759180608785,1.0,"(min = 0.94, max = 1.06)",66.0,0,0
2410,bus-2410,true,PQ,-0.0338546023194798,1.0,"(min = 0.94, max = 1.06)",115.0,0,0
4248,bus-4248,true,PQ,0.01730134560388795,1.0,"(min = 0.94, max = 1.06)",115.0,0,0
4653,bus-4653,true,PQ,-0.03244573397549351,1.0,"(min = 0.94, max = 1.06)",66.0,0,0
6347,bus-6347,true,PQ,-0.0005641681040855613,1.0,"(min = 0.94, max = 1.06)",66.0,0,0
1071,bus-1071,true,PQ,0.007942304300024336,1.0,"(min = 0.94, max = 1.06)",66.0,0,0
8549,bus-8549,true,PQ,0.004116578341449139,1.0,"(min = 0.94, max = 1.06)",66.0,0,0
2567,bus-2567,true,PQ,0.014789811103041454,1.0,"(min = 0.94, max = 1.06)",115.0,0,0
166,bus-166,true,PV,-0.05319188805702742,1.0,"(min = 0.94, max = 1.06)",66.0,0,0
3691,bus-3691,true,PQ,-0.034100051288313345,1.0,"(min = 0.94, max = 1.06)",66.0,0,0
4881,bus-4881,true,PQ,-0.0004317249090633636,1.0,"(min = 0.94, max = 1.06)",230.0,0,0
3930,bus-3930,true,PQ,-0.03390876006070211,1.0,"(min = 0.94, max = 1.06)",66.0,0,0
6142,bus-6142,true,PQ,-0.0010306273935328342,1.0,"(min = 0.94, max = 1.06)",66.0,0,0
116,bus-116,true,PV,-0.020039274092393485,1.0,"(min = 0.94, max = 1.06)",66.0,0,0
2964,bus-2964,true,PQ,-0.03459348920364085,1.0,"(min = 0.94, max = 1.06)",115.0,0,0
435,bus-435,true,PQ,-0.00044037559684895926,1.0,"(min = 0.94, max = 1.06)",66.0,0,0
3397,bus-3397,true,PQ,-0.03300308567349613,1.0,"(min = 0.94, max = 1.06)",230.0,0,0
3063,bus-3063,true,PQ,-0.031053650811989495,1.0,"(min = 0.94, max = 1.06)",115.0,0,0
2091,bus-2091,true,PV,-0.002090280663214544,1.0,"(min = 0.94, max = 1.06)",66.0,0,0
6489,bus-6489,true,PQ,0.002504640694647212,1.0,"(min = 0.94, max = 1.06)",66.0,0,0
8177,bus-8177,true,PQ,-0.0367313887320351,1.0,"(min = 0.94, max = 1.06)",115.0,0,0
1305,bus-1305,true,PQ,-0.0369775354835036,1.0,"(min = 0.94, max = 1.06)",115.0,0,0
559,bus-559,true,PV,0.0006265411519849099,1.0,"(min = 0.94, max = 1.06)",66.0,0,0
985,bus-985,true,PQ,-0.035009485289261046,1.0,"(min = 0.94, max = 1.06)",66.0,0,0
5387,bus-5387,true,PQ,-0.0031244641144837684,1.0,"(min = 0.94, max = 1.06)",66.0,0,0
367,bus-367,true,PV,-0.0013085469477360225,1.0,"(min = 0.94, max = 1.06)",66.0,0,0
1612,bus-1612,true,PQ,-0.03382711373282674,1.0,"(min = 0.94, max = 1.06)",115.0,0,0
5354,bus-5354,true,PQ,0.0007015436501884432,1.0,"(min = 0.94, max = 1.06)",66.0,0,0
5667,bus-5667,true,PQ,0.0014916356654242908,1.0,"(min = 0.94, max = 1.06)",66.0,0,0
6383,bus-6383,true,PQ,-0.0007634566205703199,1.0,"(min = 0.94, max = 1.06)",66.0,0,0
2047,bus-2047,true,PQ,-0.0017877323577840897,1.0,"(min = 0.94, max = 1.06)",66.0,0,0
4925,bus-4925,true,PQ,-0.0036629747388650115,1.0,"(min = 0.94, max = 1.06)",66.0,0,0
7779,bus-7779,true,PQ,-0.03194012169050164,1.0,"(min = 0.94, max = 1.06)",66.0,0,0
744,bus-744,true,PV,-0.035479221807879394,1.0,"(min = 0.94, max = 1.06)",66.0,0,0
6165,bus-6165,true,PQ,-0.000861332967618178,1.0,"(min = 0.94, max = 1.06)",66.0,0,0
2393,bus-2393,true,PQ,0.0021854045457468615,1.0,"(min = 0.94, max = 1.06)",66.0,0,0
3203,bus-3203,true,PQ,-0.032203005276832126,1.0,"(min = 0.94, max = 1.06)",230.0,0,0
3520,bus-3520,true,PQ,-0.03243844774946521,1.0,"(min = 0.94, max = 1.06)",66.0,0,0
2912,bus-2912,true,PQ,-0.005717319456753427,1.0,"(min = 0.94, max = 1.06)",115.0,0,0
6514,bus-6514,true,PQ,0.0029885179057718074,1.0,"(min = 0.94, max = 1.06)",66.0,0,0
4999,bus-4999,true,PQ,-0.0038698162916061527,1.0,"(min = 0.94, max = 1.06)",66.0,0,0
3848,bus-3848,true,PQ,-0.03205026959412792,1.0,"(min = 0.94, max = 1.06)",66.0,0,0
8365,bus-8365,true,PQ,-0.0003811687629629584,1.0,"(min = 0.94, max = 1.06)",230.0,0,0
4822,bus-4822,true,PQ,0.0031749508872370657,1.0,"(min = 0.94, max = 1.06)",66.0,0,0
8608,bus-8608,true,PQ,-0.0008998501065550189,1.0,"(min = 0.94, max = 1.06)",115.0,0,0
8265,bus-8265,true,PQ,-0.03042259787393244,1.0,"(min = 0.94, max = 1.06)",115.0,0,0
5495,bus-5495,true,PQ,0.0026702440790611287,1.0,"(min = 0.94, max = 1.06)",115.0,0,0
1456,bus-1456,true,PQ,0.006885445775459296,1.0,"(min = 0.94, max = 1.06)",66.0,0,0
6495,bus-6495,true,PQ,0.0028187734135482682,1.0,"(min = 0.94, max = 1.06)",66.0,0,0
1162,bus-1162,true,PQ,-0.03126515242874005,1.0,"(min = 0.94, max = 1.06)",115.0,0,0
6303,bus-6303,true,PQ,-0.0017724065169025722,1.0,"(min = 0.94, max = 1.06)",66.0,0,0
5075,bus-5075,true,PQ,0.0027997378578883446,1.0,"(min = 0.94, max = 1.06)",66.0,0,0
3359,bus-3359,true,PQ,-0.031246419111746693,1.0,"(min = 0.94, max = 1.06)",230.0,0,0
4687,bus-4687,true,PQ,0.003472534271997664,1.0,"(min = 0.94, max = 1.06)",66.0,0,0
819,bus-819,true,PQ,-0.034916408276515584,1.0,"(min = 0.94, max = 1.06)",66.0,0,0
3913,bus-3913,true,PQ,-0.03423004044394215,1.0,"(min = 0.94, max = 1.06)",66.0,0,0
3212,bus-3212,true,PQ,-0.03336446168017516,1.0,"(min = 0.94, max = 1.06)",115.0,0,0
1329,bus-1329,true,PV,-0.03301624580512202,1.0,"(min = 0.94, max = 1.06)",66.0,0,0
1781,bus-1781,true,PQ,-0.032244290167623424,1.0,"(min = 0.94, max = 1.06)",115.0,0,0
6902,bus-6902,true,PQ,0.0066280036021377515,1.0,"(min = 0.94, max = 1.06)",66.0,0,0
1681,bus-1681,true,PV,-0.0011371115264279445,1.0,"(min = 0.94, max = 1.06)",66.0,0,0
6552,bus-6552,true,PQ,-9.160915960313516e-6,1.0,"(min = 0.94, max = 1.06)",66.0,0,0
8383,bus-8383,true,PQ,-0.036417321270994785,1.0,"(min = 0.94, max = 1.06)",115.0,0,0
8407,bus-8407,true,PQ,-0.030816977707700834,1.0,"(min = 0.94, max = 1.06)",230.0,0,0
2055,bus-2055,true,PQ,-0.0006940502902298452,1.0,"(min = 0.94, max = 1.06)",66.0,0,0
3916,bus-3916,true,PQ,-0.03268435172563475,1.0,"(min = 0.94, max = 1.06)",66.0,0,0
4531,bus-4531,true,PQ,-0.03234609155770083,1.0,"(min = 0.94, max = 1.06)",115.0,0,0
1485,bus-1485,true,PQ,-0.03764399905768852,1.0,"(min = 0.94, max = 1.06)",66.0,0,0
2003,bus-2003,true,PQ,0.002551089683082605,1.0,"(min = 0.94, max = 1.06)",66.0,0,0
316,bus-316,true,PQ,-0.008633000688769061,1.0,"(min = 0.94, max = 1.06)",66.0,0,0
5470,bus-5470,true,PQ,0.0009378062495463791,1.0,"(min = 0.94, max = 1.06)",66.0,0,0
5887,bus-5887,true,PQ,0.0006542604554571206,1.0,"(min = 0.94, max = 1.06)",66.0,0,0
7859,bus-7859,true,PQ,-0.03472190599214654,1.0,"(min = 0.94, max = 1.06)",115.0,0,0
347,bus-347,true,PV,0.0002312722230609398,1.0,"(min = 0.94, max = 1.06)",230.0,0,0
6035,bus-6035,true,PQ,-0.0013961499237781574,1.0,"(min = 0.94, max = 1.06)",66.0,0,0
3413,bus-3413,true,PQ,-0.03139785679308619,1.0,"(min = 0.94, max = 1.06)",230.0,0,0
3282,bus-3282,true,PQ,-0.011727950465296861,1.0,"(min = 0.94, max = 1.06)",115.0,0,0
826,bus-826,true,PQ,-0.034526027864728144,1.0,"(min = 0.94, max = 1.06)",66.0,0,0
5319,bus-5319,true,PQ,0.0010927544006222,1.0,"(min = 0.94, max = 1.06)",66.0,0,0
6161,bus-6161,true,PQ,-0.0007881977116602199,1.0,"(min = 0.94, max = 1.06)",66.0,0,0
5945,bus-5945,true,PQ,-0.0006993447011372093,1.0,"(min = 0.94, max = 1.06)",66.0,0,0
7930,bus-7930,true,PQ,-0.029710464618276432,1.0,"(min = 0.94, max = 1.06)",66.0,0,0
638,bus-638,true,PV,-0.027271967905475817,1.0,"(min = 0.94, max = 1.06)",66.0,0,0
8759,bus-8759,true,PQ,0.009805116097106707,1.0,"(min = 0.94, max = 1.06)",66.0,0,0
8708,bus-8708,true,PQ,0.0035794626016593823,1.0,"(min = 0.94, max = 1.06)",115.0,0,0
6945,bus-6945,true,PQ,0.007542214028196096,1.0,"(min = 0.94, max = 1.06)",66.0,0,0
147,bus-147,true,PQ,-0.010154632312265755,1.0,"(min = 0.94, max = 1.06)",115.0,0,0
1119,bus-1119,true,PQ,0.005199204016972704,1.0,"(min = 0.94, max = 1.06)",66.0,0,0
4048,bus-4048,true,PQ,-0.023628307556072026,1.0,"(min = 0.94, max = 1.06)",66.0,0,0
4180,bus-4180,true,PQ,-0.02487349979547092,1.0,"(min = 0.94, max = 1.06)",66.0,0,0
6491,bus-6491,true,PQ,0.003106893204225533,1.0,"(min = 0.94, max = 1.06)",230.0,0,0
1276,bus-1276,true,PQ,-0.03145075894444461,1.0,"(min = 0.94, max = 1.06)",115.0,0,0
8455,bus-8455,true,PQ,-0.001303579154254218,1.0,"(min = 0.94, max = 1.06)",66.0,0,0
8604,bus-8604,true,PQ,0.016691974402436225,1.0,"(min = 0.94, max = 1.06)",115.0,0,0
6721,bus-6721,true,PQ,0.0033736283831493226,1.0,"(min = 0.94, max = 1.06)",115.0,0,0
6664,bus-6664,true,PQ,0.002448117002544192,1.0,"(min = 0.94, max = 1.06)",115.0,0,0
4144,bus-4144,true,PQ,-0.028517474653205917,1.0,"(min = 0.94, max = 1.06)",66.0,0,0
4336,bus-4336,true,PQ,-0.03516127343271434,1.0,"(min = 0.94, max = 1.06)",115.0,0,0
3692,bus-3692,true,PQ,-0.03391675122521529,1.0,"(min = 0.94, max = 1.06)",66.0,0,0
6263,bus-6263,true,PQ,0.0007982022007320393,1.0,"(min = 0.94, max = 1.06)",66.0,0,0
3940,bus-3940,true,PQ,-0.033663633803247266,1.0,"(min = 0.94, max = 1.06)",66.0,0,0
4073,bus-4073,true,PQ,-0.02064588090174956,1.0,"(min = 0.94, max = 1.06)",66.0,0,0
6766,bus-6766,true,PQ,2.13129748888603e-5,1.0,"(min = 0.94, max = 1.06)",66.0,0,0
1988,bus-1988,true,PQ,-0.0033127949669776455,1.0,"(min = 0.94, max = 1.06)",66.0,0,0
261,bus-261,true,PQ,-0.00571805029592441,1.0,"(min = 0.94, max = 1.06)",115.0,0,0
2768,bus-2768,true,PQ,-0.03664837755668468,1.0,"(min = 0.94, max = 1.06)",66.0,0,0
1550,bus-1550,true,PQ,-0.02923313347395095,1.0,"(min = 0.94, max = 1.06)",115.0,0,0
3624,bus-3624,true,PQ,-0.03743218328167261,1.0,"(min = 0.94, max = 1.06)",66.0,0,0
997,bus-997,true,PQ,0.003217608846004202,1.0,"(min = 0.94, max = 1.06)",66.0,0,0
2779,bus-2779,true,PQ,-0.03428876466461938,1.0,"(min = 0.94, max = 1.06)",66.0,0,0
8125,bus-8125,true,PQ,-0.0008872062328498957,1.0,"(min = 0.94, max = 1.06)",66.0,0,0
3522,bus-3522,true,PQ,-0.033708093273415014,1.0,"(min = 0.94, max = 1.06)",66.0,0,0
1026,bus-1026,true,PQ,-2.7726475728238817e-5,1.0,"(min = 0.94, max = 1.06)",66.0,0,0
3084,bus-3084,true,PQ,-0.03231492852937354,1.0,"(min = 0.94, max = 1.06)",115.0,0,0
3552,bus-3552,true,PQ,0.011360650846043142,1.0,"(min = 0.94, max = 1.06)",115.0,0,0
2932,bus-2932,true,PQ,-0.030454142431234208,1.0,"(min = 0.94, max = 1.06)",66.0,0,0
3875,bus-3875,true,PQ,-0.03221056098169694,1.0,"(min = 0.94, max = 1.06)",66.0,0,0
956,bus-956,true,PQ,-0.03370967838144168,1.0,"(min = 0.94, max = 1.06)",66.0,0,0
1079,bus-1079,true,PQ,0.004359895268428322,1.0,"(min = 0.94, max = 1.06)",66.0,0,0
5132,bus-5132,true,PQ,0.008303106634431531,1.0,"(min = 0.94, max = 1.06)",66.0,0,0
8719,bus-8719,true,PQ,0.006264223753479947,1.0,"(min = 0.94, max = 1.06)",66.0,0,0
272,bus-272,true,PQ,-0.0055034639842538825,1.0,"(min = 0.94, max = 1.06)",66.0,0,0
1240,bus-1240,true,PQ,-0.03381775335751537,1.0,"(min = 0.94, max = 1.06)",66.0,0,0
5371,bus-5371,true,PQ,-0.0010622631477786794,1.0,"(min = 0.94, max = 1.06)",66.0,0,0
207,bus-207,true,PV,0.014263602676238989,1.0,"(min = 0.94, max = 1.06)",66.0,0,0
1606,bus-1606,true,PV,0.0051751991249599175,1.0,"(min = 0.94, max = 1.06)",230.0,0,0
525,bus-525,true,PV,0.00015446094800018024,1.0,"(min = 0.94, max = 1.06)",66.0,0,0
3978,bus-3978,true,PQ,-0.031554247020711135,1.0,"(min = 0.94, max = 1.06)",115.0,0,0
1623,bus-1623,true,PV,-0.02991790921718072,1.0,"(min = 0.94, max = 1.06)",115.0,0,0
1950,bus-1950,true,PQ,-0.033841585479385504,1.0,"(min = 0.94, max = 1.06)",66.0,0,0
2584,bus-2584,true,PQ,0.01579854985293146,1.0,"(min = 0.94, max = 1.06)",66.0,0,0
6926,bus-6926,true,PQ,0.006994435775299934,1.0,"(min = 0.94, max = 1.06)",66.0,0,0
2192,bus-2192,true,PQ,-0.010522804945211317,1.0,"(min = 0.94, max = 1.06)",66.0,0,0
2454,bus-2454,true,PQ,0.0007818061955116984,1.0,"(min = 0.94, max = 1.06)",66.0,0,0
3576,bus-3576,true,PQ,-0.03424166451129336,1.0,"(min = 0.94, max = 1.06)",66.0,0,0
4509,bus-4509,true,PQ,-0.03211646661653049,1.0,"(min = 0.94, max = 1.06)",66.0,0,0
6978,bus-6978,true,PQ,0.007779698780400108,1.0,"(min = 0.94, max = 1.06)",66.0,0,0
7853,bus-7853,true,PQ,0.01458263064226616,1.0,"(min = 0.94, max = 1.06)",115.0,0,0
4745,bus-4745,true,PQ,0.0015492047242281221,1.0,"(min = 0.94, max = 1.06)",500.0,0,0
7858,bus-7858,true,PQ,-0.035835885774643896,1.0,"(min = 0.94, max = 1.06)",66.0,0,0
7881,bus-7881,true,PQ,-0.003323402886185049,1.0,"(min = 0.94, max = 1.06)",115.0,0,0
2641,bus-2641,true,PQ,0.00033675699264366297,1.0,"(min = 0.94, max = 1.06)",230.0,0,0
3144,bus-3144,true,PQ,-0.03279600864093231,1.0,"(min = 0.94, max = 1.06)",115.0,0,0
6277,bus-6277,true,PQ,-2.509802505909985e-5,1.0,"(min = 0.94, max = 1.06)",66.0,0,0
8229,bus-8229,true,PQ,0.015330499252557363,1.0,"(min = 0.94, max = 1.06)",115.0,0,0
848,bus-848,true,PQ,-0.03496563877872659,1.0,"(min = 0.94, max = 1.06)",66.0,0,0
2663,bus-2663,true,PQ,0.0016511591168490692,1.0,"(min = 0.94, max = 1.06)",230.0,0,0
3990,bus-3990,true,PQ,-0.031996578903013446,1.0,"(min = 0.94, max = 1.06)",66.0,0,0
6471,bus-6471,true,PQ,-0.0015769698111772713,1.0,"(min = 0.94, max = 1.06)",66.0,0,0
4133,bus-4133,true,PQ,-0.015426135284505385,1.0,"(min = 0.94, max = 1.06)",66.0,0,0
3070,bus-3070,true,PQ,-0.030330229813929143,1.0,"(min = 0.94, max = 1.06)",230.0,0,0
1643,bus-1643,true,PV,-0.011248560565492309,1.0,"(min = 0.94, max = 1.06)",115.0,0,0
3019,bus-3019,true,PQ,-0.04981720284210943,1.0,"(min = 0.94, max = 1.06)",115.0,0,0
4496,bus-4496,true,PQ,-0.031065793940260246,1.0,"(min = 0.94, max = 1.06)",230.0,0,0
6389,bus-6389,true,PQ,-0.0008066134467975538,1.0,"(min = 0.94, max = 1.06)",66.0,0,0
8195,bus-8195,true,PQ,-0.02695369193201016,1.0,"(min = 0.94, max = 1.06)",66.0,0,0
3979,bus-3979,true,PQ,-0.03144601479047184,1.0,"(min = 0.94, max = 1.06)",115.0,0,0
3332,bus-3332,true,PQ,-0.030026336924296244,1.0,"(min = 0.94, max = 1.06)",230.0,0,0
4176,bus-4176,true,PQ,-0.024682358491642433,1.0,"(min = 0.94, max = 1.06)",66.0,0,0
4237,bus-4237,true,PQ,-0.006352608047105688,1.0,"(min = 0.94, max = 1.06)",115.0,0,0
7638,bus-7638,true,PQ,-0.03191563611735956,1.0,"(min = 0.94, max = 1.06)",230.0,0,0
8112,bus-8112,true,PQ,-0.03201503802878132,1.0,"(min = 0.94, max = 1.06)",115.0,0,0
8844,bus-8844,true,PQ,-0.035470959419200455,1.0,"(min = 0.94, max = 1.06)",66.0,0,0
1128,bus-1128,true,PV,-0.03257921623308726,1.0,"(min = 0.94, max = 1.06)",230.0,0,0
1462,bus-1462,true,PQ,0.004391413872684115,1.0,"(min = 0.94, max = 1.06)",66.0,0,0
2279,bus-2279,true,PQ,0.005501405211321523,1.0,"(min = 0.94, max = 1.06)",66.0,0,0
140,bus-140,true,PQ,-0.011970391149725076,1.0,"(min = 0.94, max = 1.06)",66.0,0,0
445,bus-445,true,PQ,-0.0011474303946766087,1.0,"(min = 0.94, max = 1.06)",66.0,0,0
4706,bus-4706,true,PQ,0.004496179721949319,1.0,"(min = 0.94, max = 1.06)",230.0,0,0
3643,bus-3643,true,PQ,-0.03484019864926018,1.0,"(min = 0.94, max = 1.06)",66.0,0,0
5096,bus-5096,true,PQ,0.0049229526397419265,1.0,"(min = 0.94, max = 1.06)",66.0,0,0
3024,bus-3024,true,PQ,-0.03825366944348062,1.0,"(min = 0.94, max = 1.06)",115.0,0,0
5304,bus-5304,true,PQ,0.0005316393608545796,1.0,"(min = 0.94, max = 1.06)",66.0,0,0
6109,bus-6109,true,PQ,0.00051618416664088,1.0,"(min = 0.94, max = 1.06)",66.0,0,0
4313,bus-4313,true,PQ,-0.0308446228503878,1.0,"(min = 0.94, max = 1.06)",230.0,0,0
6989,bus-6989,true,PQ,0.011822536472260297,1.0,"(min = 0.94, max = 1.06)",66.0,0,0
7674,bus-7674,true,PQ,0.005349066573568858,1.0,"(min = 0.94, max = 1.06)",115.0,0,0
7871,bus-7871,true,PQ,0.0021496794361943743,1.0,"(min = 0.94, max = 1.06)",66.0,0,0
7245,bus-7245,true,PQ,-0.034611515836820074,1.0,"(min = 0.94, max = 1.06)",66.0,0,0
2921,bus-2921,true,PQ,-0.03217888081231228,1.0,"(min = 0.94, max = 1.06)",115.0,0,0
7913,bus-7913,true,PQ,-0.021489534839452998,1.0,"(min = 0.94, max = 1.06)",66.0,0,0
3933,bus-3933,true,PQ,-0.03418892327929197,1.0,"(min = 0.94, max = 1.06)",115.0,0,0
3610,bus-3610,true,PQ,-0.037141816519209746,1.0,"(min = 0.94, max = 1.06)",66.0,0,0
2989,bus-2989,true,PQ,-0.0329352661930209,1.0,"(min = 0.94, max = 1.06)",230.0,0,0
7272,bus-7272,true,PQ,-0.03458375794586343,1.0,"(min = 0.94, max = 1.06)",66.0,0,0
5789,bus-5789,true,PQ,-8.83188687369998e-6,1.0,"(min = 0.94, max = 1.06)",66.0,0,0
7451,bus-7451,true,PQ,-0.03392253158116497,1.0,"(min = 0.94, max = 1.06)",66.0,0,0
7042,bus-7042,true,PQ,0.0048027735784128495,1.0,"(min = 0.94, max = 1.06)",115.0,0,0
7436,bus-7436,true,PQ,-0.03303373348062822,1.0,"(min = 0.94, max = 1.06)",230.0,0,0
2266,bus-2266,true,PQ,0.015530524544077887,1.0,"(min = 0.94, max = 1.06)",66.0,0,0
8199,bus-8199,true,PV,0.008443711144370357,1.0,"(min = 0.94, max = 1.06)",230.0,0,0
7742,bus-7742,true,PQ,-0.032254680461726394,1.0,"(min = 0.94, max = 1.06)",115.0,0,0
5541,bus-5541,true,PQ,0.0096845964347741,1.0,"(min = 0.94, max = 1.06)",115.0,0,0
8769,bus-8769,true,PQ,0.016003367120446258,1.0,"(min = 0.94, max = 1.06)",66.0,0,0
1531,bus-1531,true,PQ,0.004136271327731704,1.0,"(min = 0.94, max = 1.06)",66.0,0,0
2306,bus-2306,true,PV,-0.03229923191074573,1.0,"(min = 0.94, max = 1.06)",115.0,0,0
8248,bus-8248,true,PQ,0.008820799844159613,1.0,"(min = 0.94, max = 1.06)",230.0,0,0
7829,bus-7829,true,PQ,-0.03363267253498151,1.0,"(min = 0.94, max = 1.06)",115.0,0,0
2029,bus-2029,true,PQ,0.01108948954704288,1.0,"(min = 0.94, max = 1.06)",115.0,0,0
6255,bus-6255,true,PQ,-0.000320520438958455,1.0,"(min = 0.94, max = 1.06)",66.0,0,0
6873,bus-6873,true,PQ,0.007212135684542847,1.0,"(min = 0.94, max = 1.06)",66.0,0,0
3312,bus-3312,true,PQ,-0.005927716332447345,1.0,"(min = 0.94, max = 1.06)",66.0,0,0
436,bus-436,true,PQ,-0.0008339569878631271,1.0,"(min = 0.94, max = 1.06)",66.0,0,0
5037,bus-5037,true,PQ,-0.0034212010494637348,1.0,"(min = 0.94, max = 1.06)",66.0,0,0
7529,bus-7529,true,PQ,-0.03142680412592806,1.0,"(min = 0.94, max = 1.06)",66.0,0,0
8148,bus-8148,true,PV,-0.03217284319483086,1.0,"(min = 0.94, max = 1.06)",115.0,0,0
5645,bus-5645,true,PQ,0.0014553107944183072,1.0,"(min = 0.94, max = 1.06)",66.0,0,0
1295,bus-1295,true,PQ,-0.036168058059613935,1.0,"(min = 0.94, max = 1.06)",66.0,0,0
4331,bus-4331,true,PQ,-0.034562617994364504,1.0,"(min = 0.94, max = 1.06)",115.0,0,0
2614,bus-2614,true,PQ,0.016326637929525153,1.0,"(min = 0.94, max = 1.06)",66.0,0,0
7854,bus-7854,true,PQ,0.00038359634316488647,1.0,"(min = 0.94, max = 1.06)",66.0,0,0
7483,bus-7483,true,PQ,-0.03191241319236283,1.0,"(min = 0.94, max = 1.06)",66.0,0,0
4427,bus-4427,true,PQ,-0.032472881524810725,1.0,"(min = 0.94, max = 1.06)",66.0,0,0
6172,bus-6172,true,PQ,-0.0008164122749969643,1.0,"(min = 0.94, max = 1.06)",66.0,0,0
6954,bus-6954,true,PQ,0.007356242546691651,1.0,"(min = 0.94, max = 1.06)",66.0,0,0
955,bus-955,true,PQ,-0.03463559125758794,1.0,"(min = 0.94, max = 1.06)",66.0,0,0
3007,bus-3007,true,PQ,-0.03261600864638393,1.0,"(min = 0.94, max = 1.06)",115.0,0,0
7574,bus-7574,true,PQ,-0.030345725370627123,1.0,"(min = 0.94, max = 1.06)",66.0,0,0
3066,bus-3066,true,PQ,-0.031043567346769024,1.0,"(min = 0.94, max = 1.06)",115.0,0,0
7706,bus-7706,true,PQ,-0.034461559940015526,1.0,"(min = 0.94, max = 1.06)",115.0,0,0
8790,bus-8790,true,PV,0.007660090668629235,1.0,"(min = 0.94, max = 1.06)",230.0,0,0
8193,bus-8193,true,PQ,0.0032583223159983986,1.0,"(min = 0.94, max = 1.06)",66.0,0,0
6547,bus-6547,true,PQ,-0.0011566099468961557,1.0,"(min = 0.94, max = 1.06)",66.0,0,0
6859,bus-6859,true,PQ,0.005955398406301281,1.0,"(min = 0.94, max = 1.06)",66.0,0,0
6083,bus-6083,true,PQ,-0.0001374214463423472,1.0,"(min = 0.94, max = 1.06)",66.0,0,0
862,bus-862,true,PQ,-0.034685341169784334,1.0,"(min = 0.94, max = 1.06)",66.0,0,0
4418,bus-4418,true,PQ,-0.030097293285036075,1.0,"(min = 0.94, max = 1.06)",230.0,0,0
6225,bus-6225,true,PQ,-0.0006102113785190238,1.0,"(min = 0.94, max = 1.06)",66.0,0,0
8372,bus-8372,true,PQ,-0.00332522853548922,1.0,"(min = 0.94, max = 1.06)",66.0,0,0
5375,bus-5375,true,PQ,-0.0033936817101092543,1.0,"(min = 0.94, max = 1.06)",66.0,0,0
7358,bus-7358,true,PQ,-0.03495350280630578,1.0,"(min = 0.94, max = 1.06)",66.0,0,0
535,bus-535,true,PV,-0.0007828293005379004,1.0,"(min = 0.94, max = 1.06)",66.0,0,0
7291,bus-7291,true,PQ,-0.03433150847613242,1.0,"(min = 0.94, max = 1.06)",66.0,0,0
7210,bus-7210,true,PQ,-0.03478375068699341,1.0,"(min = 0.94, max = 1.06)",66.0,0,0
1562,bus-1562,true,PQ,-0.039085575046390104,1.0,"(min = 0.94, max = 1.06)",66.0,0,0
5881,bus-5881,true,PQ,-2.603604318987209e-5,1.0,"(min = 0.94, max = 1.06)",66.0,0,0
4447,bus-4447,true,PQ,-0.03462710791022569,1.0,"(min = 0.94, max = 1.06)",66.0,0,0
4565,bus-4565,true,PQ,-0.01159001489539689,1.0,"(min = 0.94, max = 1.06)",66.0,0,0
6643,bus-6643,true,PQ,0.009925047234415537,1.0,"(min = 0.94, max = 1.06)",115.0,0,0
2760,bus-2760,true,PV,-0.03723933330050642,1.0,"(min = 0.94, max = 1.06)",115.0,0,0
724,bus-724,true,PQ,0.001350628380617994,1.0,"(min = 0.94, max = 1.06)",66.0,0,0
5055,bus-5055,true,PQ,-0.001167936446081874,1.0,"(min = 0.94, max = 1.06)",230.0,0,0
388,bus-388,true,PQ,0.000641365959452728,1.0,"(min = 0.94, max = 1.06)",66.0,0,0
6979,bus-6979,true,PQ,0.007783953002998551,1.0,"(min = 0.94, max = 1.06)",66.0,0,0
2158,bus-2158,true,PV,-0.03409796090746823,1.0,"(min = 0.94, max = 1.06)",66.0,0,0
2869,bus-2869,true,PQ,-0.006601860158192497,1.0,"(min = 0.94, max = 1.06)",115.0,0,0
1120,bus-1120,true,PQ,0.009521159073775078,1.0,"(min = 0.94, max = 1.06)",66.0,0,0
1375,bus-1375,true,PQ,-0.03055579721365444,1.0,"(min = 0.94, max = 1.06)",66.0,0,0
4832,bus-4832,true,PQ,0.005123619130323049,1.0,"(min = 0.94, max = 1.06)",66.0,0,0
5027,bus-5027,true,PQ,0.00282799658852714,1.0,"(min = 0.94, max = 1.06)",66.0,0,0
3375,bus-3375,true,PQ,-0.03040416422997165,1.0,"(min = 0.94, max = 1.06)",230.0,0,0
2080,bus-2080,true,PV,-0.00047427378475225037,1.0,"(min = 0.94, max = 1.06)",66.0,0,0
5825,bus-5825,true,PQ,-0.0010232149906715898,1.0,"(min = 0.94, max = 1.06)",66.0,0,0
2214,bus-2214,true,PQ,-0.0006614846943717074,1.0,"(min = 0.94, max = 1.06)",66.0,0,0
4965,bus-4965,true,PQ,-0.0027506697934708236,1.0,"(min = 0.94, max = 1.06)",66.0,0,0
7717,bus-7717,true,PQ,-0.029199131143996523,1.0,"(min = 0.94, max = 1.06)",66.0,0,0
3389,bus-3389,true,PQ,-0.012565110364466186,1.0,"(min = 0.94, max = 1.06)",230.0,0,0
7498,bus-7498,true,PQ,-0.026863867340325795,1.0,"(min = 0.94, max = 1.06)",230.0,0,0
8026,bus-8026,true,PQ,0.0006693899433071302,1.0,"(min = 0.94, max = 1.06)",66.0,0,0
133,bus-133,true,PQ,-0.01584965700296738,1.0,"(min = 0.94, max = 1.06)",66.0,0,0
360,bus-360,true,PV,0.00026990625716976236,1.0,"(min = 0.94, max = 1.06)",66.0,0,0
1051,bus-1051,true,PV,0.010706704773253525,1.0,"(min = 0.94, max = 1.06)",66.0,0,0
1077,bus-1077,true,PQ,0.01122520172455544,1.0,"(min = 0.94, max = 1.06)",66.0,0,0
6741,bus-6741,true,PQ,0.001077085644430568,1.0,"(min = 0.94, max = 1.06)",66.0,0,0
1442,bus-1442,true,PV,-0.003248389141079816,1.0,"(min = 0.94, max = 1.06)",66.0,0,0
5163,bus-5163,true,PQ,0.003025938620145899,1.0,"(min = 0.94, max = 1.06)",115.0,0,0
1719,bus-1719,true,PV,0.015172537041781724,1.0,"(min = 0.94, max = 1.06)",115.0,0,0
735,bus-735,true,PQ,-0.03641062234825978,1.0,"(min = 0.94, max = 1.06)",66.0,0,0
8324,bus-8324,true,PQ,0.004027791121112283,1.0,"(min = 0.94, max = 1.06)",66.0,0,0
4283,bus-4283,true,PQ,-0.004548290157052454,1.0,"(min = 0.94, max = 1.06)",115.0,0,0
883,bus-883,true,PV,-0.034793558739257914,1.0,"(min = 0.94, max = 1.06)",66.0,0,0
3243,bus-3243,true,PQ,-0.0318123223994853,1.0,"(min = 0.94, max = 1.06)",230.0,0,0
5515,bus-5515,true,PQ,0.00942288043880661,1.0,"(min = 0.94, max = 1.06)",115.0,0,0
7656,bus-7656,true,PQ,0.008848164529889072,1.0,"(min = 0.94, max = 1.06)",230.0,0,0
2422,bus-2422,true,PQ,0.0007518605832068995,1.0,"(min = 0.94, max = 1.06)",66.0,0,0
6038,bus-6038,true,PQ,-0.00034238850342407446,1.0,"(min = 0.94, max = 1.06)",66.0,0,0
1328,bus-1328,true,PQ,-0.03310928459515685,1.0,"(min = 0.94, max = 1.06)",66.0,0,0
3022,bus-3022,true,PQ,-0.04968751597750707,1.0,"(min = 0.94, max = 1.06)",115.0,0,0
3753,bus-3753,true,PQ,-0.0330941417695007,1.0,"(min = 0.94, max = 1.06)",115.0,0,0
6247,bus-6247,true,PQ,0.0004779138643841607,1.0,"(min = 0.94, max = 1.06)",66.0,0,0
1761,bus-1761,true,PQ,-0.03431510726808558,1.0,"(min = 0.94, max = 1.06)",66.0,0,0
4120,bus-4120,true,PQ,-0.009586541690642079,1.0,"(min = 0.94, max = 1.06)",115.0,0,0
3739,bus-3739,true,PQ,-0.03726381311406197,1.0,"(min = 0.94, max = 1.06)",66.0,0,0
8261,bus-8261,true,PQ,0.0028130910229295027,1.0,"(min = 0.94, max = 1.06)",230.0,0,0
1849,bus-1849,true,PV,0.009188340790089001,1.0,"(min = 0.94, max = 1.06)",115.0,0,0
7473,bus-7473,true,PQ,-0.03422160264967338,1.0,"(min = 0.94, max = 1.06)",66.0,0,0
2817,bus-2817,true,PQ,-0.009801443889453924,1.0,"(min = 0.94, max = 1.06)",115.0,0,0
2101,bus-2101,true,PQ,-0.0005427967620703888,1.0,"(min = 0.94, max = 1.06)",66.0,0,0
6663,bus-6663,true,PQ,0.002442244737556102,1.0,"(min = 0.94, max = 1.06)",115.0,0,0
8399,bus-8399,true,PQ,-0.03390255873133685,1.0,"(min = 0.94, max = 1.06)",66.0,0,0
678,bus-678,true,PQ,0.0004901163251228328,1.0,"(min = 0.94, max = 1.06)",66.0,0,0
4371,bus-4371,true,PQ,-0.035707858543627256,1.0,"(min = 0.94, max = 1.06)",66.0,0,0
5594,bus-5594,true,PQ,0.0007458998282804042,1.0,"(min = 0.94, max = 1.06)",66.0,0,0
1436,bus-1436,true,PQ,-0.0030296607267619948,1.0,"(min = 0.94, max = 1.06)",66.0,0,0
3474,bus-3474,true,PQ,-0.02693058621617471,1.0,"(min = 0.94, max = 1.06)",115.0,0,0
2988,bus-2988,true,PQ,-0.03293759411317722,1.0,"(min = 0.94, max = 1.06)",230.0,0,0
6640,bus-6640,true,PQ,0.0015051401540022555,1.0,"(min = 0.94, max = 1.06)",115.0,0,0
88,bus-88,true,PQ,-0.0339089670567514,1.0,"(min = 0.94, max = 1.06)",66.0,0,0
989,bus-989,true,PV,0.0053921974118435285,1.0,"(min = 0.94, max = 1.06)",66.0,0,0
4203,bus-4203,true,PQ,-0.01016530908471215,1.0,"(min = 0.94, max = 1.06)",66.0,0,0
3952,bus-3952,true,PQ,-0.030612814502323216,1.0,"(min = 0.94, max = 1.06)",66.0,0,0
8775,bus-8775,true,PV,-0.034114597909497016,1.0,"(min = 0.94, max = 1.06)",230.0,0,0
4338,bus-4338,true,PQ,-0.035348987433490686,1.0,"(min = 0.94, max = 1.06)",230.0,0,0
8692,bus-8692,true,PQ,-0.029449586066190633,1.0,"(min = 0.94, max = 1.06)",66.0,0,0
2059,bus-2059,true,PQ,-0.0003155252036648214,1.0,"(min = 0.94, max = 1.06)",66.0,0,0
2649,bus-2649,true,PQ,0.0004973324046231666,1.0,"(min = 0.94, max = 1.06)",230.0,0,0
696,bus-696,true,PQ,0.0009175298014402017,1.0,"(min = 0.94, max = 1.06)",66.0,0,0
4824,bus-4824,true,PQ,0.0029770232022247574,1.0,"(min = 0.94, max = 1.06)",66.0,0,0
4566,bus-4566,true,PQ,-0.014432555138047972,1.0,"(min = 0.94, max = 1.06)",66.0,0,0
3219,bus-3219,true,PQ,-0.03377928385734046,1.0,"(min = 0.94, max = 1.06)",230.0,0,0
267,bus-267,true,PQ,-0.005661419353338852,1.0,"(min = 0.94, max = 1.06)",115.0,0,0
1033,bus-1033,true,PQ,0.0028559958759726265,1.0,"(min = 0.94, max = 1.06)",115.0,0,0
8107,bus-8107,true,PQ,0.003522269994667243,1.0,"(min = 0.94, max = 1.06)",66.0,0,0
2290,bus-2290,true,PQ,-0.033630704327184034,1.0,"(min = 0.94, max = 1.06)",66.0,0,0
8151,bus-8151,true,PQ,-0.03239233545249582,1.0,"(min = 0.94, max = 1.06)",230.0,0,0
6578,bus-6578,true,PQ,-0.0018736160309240362,1.0,"(min = 0.94, max = 1.06)",66.0,0,0
5446,bus-5446,true,PQ,-0.0005933911972039243,1.0,"(min = 0.94, max = 1.06)",66.0,0,0
6756,bus-6756,true,PQ,0.009188476838504194,1.0,"(min = 0.94, max = 1.06)",230.0,0,0
3688,bus-3688,true,PQ,-0.03411329903546768,1.0,"(min = 0.94, max = 1.06)",66.0,0,0
7115,bus-7115,true,PQ,-0.03421562943484136,1.0,"(min = 0.94, max = 1.06)",66.0,0,0
5038,bus-5038,true,PQ,-0.0023765032635415986,1.0,"(min = 0.94, max = 1.06)",66.0,0,0
6525,bus-6525,true,PQ,-0.00215116767844755,1.0,"(min = 0.94, max = 1.06)",66.0,0,0
6099,bus-6099,true,PQ,0.0005380306605822739,1.0,"(min = 0.94, max = 1.06)",66.0,0,0
8587,bus-8587,true,PQ,-0.03424641913724164,1.0,"(min = 0.94, max = 1.06)",66.0,0,0
3137,bus-3137,true,PQ,-0.0314696102456954,1.0,"(min = 0.94, max = 1.06)",115.0,0,0
8494,bus-8494,true,PQ,0.01489483426619828,1.0,"(min = 0.94, max = 1.06)",66.0,0,0
7719,bus-7719,true,PQ,-0.032991393189238244,1.0,"(min = 0.94, max = 1.06)",230.0,0,0
4301,bus-4301,true,PQ,-0.0038057245726138044,1.0,"(min = 0.94, max = 1.06)",66.0,0,0
1609,bus-1609,true,PQ,-0.03374773214418876,1.0,"(min = 0.94, max = 1.06)",115.0,0,0
8646,bus-8646,true,PQ,-0.03213336454528245,1.0,"(min = 0.94, max = 1.06)",230.0,0,0
5951,bus-5951,true,PQ,-0.0009479903644141552,1.0,"(min = 0.94, max = 1.06)",66.0,0,0
6890,bus-6890,true,PQ,0.00665741887520538,1.0,"(min = 0.94, max = 1.06)",66.0,0,0
3479,bus-3479,true,PQ,-0.024824080623167773,1.0,"(min = 0.94, max = 1.06)",115.0,0,0
334,bus-334,true,PQ,-0.03960707890328724,1.0,"(min = 0.94, max = 1.06)",66.0,0,0
1989,bus-1989,true,PV,-0.0022404806617682773,1.0,"(min = 0.94, max = 1.06)",66.0,0,0
4272,bus-4272,true,PQ,-0.0057587883052478885,1.0,"(min = 0.94, max = 1.06)",115.0,0,0
5862,bus-5862,true,PQ,-0.00040627480414477966,1.0,"(min = 0.94, max = 1.06)",66.0,0,0
7610,bus-7610,true,PQ,0.013182330276657541,1.0,"(min = 0.94, max = 1.06)",66.0,0,0
5046,bus-5046,true,PQ,-0.0012108337540666409,1.0,"(min = 0.94, max = 1.06)",66.0,0,0
3305,bus-3305,true,PQ,-0.023503042832195446,1.0,"(min = 0.94, max = 1.06)",230.0,0,0
5098,bus-5098,true,PQ,0.007488066811309177,1.0,"(min = 0.94, max = 1.06)",66.0,0,0
176,bus-176,true,PQ,-0.03701683715666585,1.0,"(min = 0.94, max = 1.06)",66.0,0,0
7253,bus-7253,true,PQ,-0.03452566134558522,1.0,"(min = 0.94, max = 1.06)",66.0,0,0
4551,bus-4551,true,PQ,-0.028713166553993127,1.0,"(min = 0.94, max = 1.06)",66.0,0,0
2093,bus-2093,true,PQ,-0.001697865045675624,1.0,"(min = 0.94, max = 1.06)",66.0,0,0
4479,bus-4479,true,PQ,-0.03481811656903103,1.0,"(min = 0.94, max = 1.06)",66.0,0,0
6274,bus-6274,true,PQ,0.0018118209208812172,1.0,"(min = 0.94, max = 1.06)",66.0,0,0
6396,bus-6396,true,PQ,-0.0008690074229399632,1.0,"(min = 0.94, max = 1.06)",66.0,0,0
6595,bus-6595,true,PQ,-0.00018007424085475984,1.0,"(min = 0.94, max = 1.06)",66.0,0,0
3601,bus-3601,true,PQ,-0.03317769486958387,1.0,"(min = 0.94, max = 1.06)",66.0,0,0
48,bus-48,true,PQ,-0.03325583971791389,1.0,"(min = 0.94, max = 1.06)",115.0,0,0
7966,bus-7966,true,PQ,0.00403720778329203,1.0,"(min = 0.94, max = 1.06)",66.0,0,0
1821,bus-1821,true,PV,-0.028876675805104036,1.0,"(min = 0.94, max = 1.06)",115.0,0,0
7278,bus-7278,true,PQ,-0.03449702276148802,1.0,"(min = 0.94, max = 1.06)",66.0,0,0
5919,bus-5919,true,PQ,-0.000753200856446091,1.0,"(min = 0.94, max = 1.06)",66.0,0,0
4396,bus-4396,true,PQ,-0.03213430737214438,1.0,"(min = 0.94, max = 1.06)",66.0,0,0
4782,bus-4782,true,PQ,1.1327177804637672e-5,1.0,"(min = 0.94, max = 1.06)",66.0,0,0
820,bus-820,true,PQ,-0.034898408172340994,1.0,"(min = 0.94, max = 1.06)",66.0,0,0
5858,bus-5858,true,PQ,0.0004034648659369709,1.0,"(min = 0.94, max = 1.06)",66.0,0,0
8546,bus-8546,true,PQ,0.015259458836760758,1.0,"(min = 0.94, max = 1.06)",115.0,0,0
4300,bus-4300,true,PQ,-0.003965710405390668,1.0,"(min = 0.94, max = 1.06)",66.0,0,0
2069,bus-2069,true,PQ,-0.000925756445776062,1.0,"(min = 0.94, max = 1.06)",66.0,0,0
7191,bus-7191,true,PQ,-0.0347998530946723,1.0,"(min = 0.94, max = 1.06)",66.0,0,0
3584,bus-3584,true,PQ,-0.03335111183125958,1.0,"(min = 0.94, max = 1.06)",115.0,0,0
7753,bus-7753,true,PQ,0.014935248237692836,1.0,"(min = 0.94, max = 1.06)",115.0,0,0
7677,bus-7677,true,PQ,-0.03393703945603925,1.0,"(min = 0.94, max = 1.06)",66.0,0,0
4974,bus-4974,true,PQ,-0.0035526650083104795,1.0,"(min = 0.94, max = 1.06)",66.0,0,0
2404,bus-2404,true,PQ,0.008653283840684896,1.0,"(min = 0.94, max = 1.06)",66.0,0,0
3478,bus-3478,true,PQ,-0.02486740388399248,1.0,"(min = 0.94, max = 1.06)",115.0,0,0
4083,bus-4083,true,PQ,-0.017887553999784388,1.0,"(min = 0.94, max = 1.06)",66.0,0,0
5297,bus-5297,true,PQ,0.0017904769229394356,1.0,"(min = 0.94, max = 1.06)",66.0,0,0
723,bus-723,true,PQ,1.7248483926714878e-5,1.0,"(min = 0.94, max = 1.06)",66.0,0,0
4249,bus-4249,true,PQ,0.017455714164280444,1.0,"(min = 0.94, max = 1.06)",115.0,0,0
4468,bus-4468,true,PQ,-0.03394218363947658,1.0,"(min = 0.94, max = 1.06)",66.0,0,0
3706,bus-3706,true,PQ,-0.03264452226490668,1.0,"(min = 0.94, max = 1.06)",66.0,0,0
4212,bus-4212,true,PQ,-0.006906927619505401,1.0,"(min = 0.94, max = 1.06)",66.0,0,0
8651,bus-8651,true,PQ,-0.03240635533331124,1.0,"(min = 0.94, max = 1.06)",230.0,0,0
2240,bus-2240,true,PQ,-2.162022858450084e-5,1.0,"(min = 0.94, max = 1.06)",66.0,0,0
5582,bus-5582,true,PQ,-0.00047189819441808054,1.0,"(min = 0.94, max = 1.06)",66.0,0,0
169,bus-169,true,PQ,-0.03774527335833181,1.0,"(min = 0.94, max = 1.06)",66.0,0,0
1311,bus-1311,true,PQ,-0.03673549427003457,1.0,"(min = 0.94, max = 1.06)",66.0,0,0
2164,bus-2164,true,PQ,-0.032088550249677765,1.0,"(min = 0.94, max = 1.06)",115.0,0,0
8048,bus-8048,true,PQ,0.003923135122870198,1.0,"(min = 0.94, max = 1.06)",66.0,0,0
4288,bus-4288,true,PQ,-0.00609834055788035,1.0,"(min = 0.94, max = 1.06)",66.0,0,0
164,bus-164,true,PV,-0.03555899888812588,1.0,"(min = 0.94, max = 1.06)",115.0,0,0
6330,bus-6330,true,PQ,-0.0006270627925010875,1.0,"(min = 0.94, max = 1.06)",66.0,0,0
1452,bus-1452,true,PQ,-0.032167162322648546,1.0,"(min = 0.94, max = 1.06)",115.0,0,0
351,bus-351,true,PV,0.0005566097341029849,1.0,"(min = 0.94, max = 1.06)",66.0,0,0
6044,bus-6044,true,PQ,-0.0012098208557259045,1.0,"(min = 0.94, max = 1.06)",66.0,0,0
8015,bus-8015,true,PQ,-0.035094945336084954,1.0,"(min = 0.94, max = 1.06)",115.0,0,0
3898,bus-3898,true,PQ,-0.03394057304964284,1.0,"(min = 0.94, max = 1.06)",115.0,0,0
8219,bus-8219,true,PQ,0.0015251731496217307,1.0,"(min = 0.94, max = 1.06)",230.0,0,0
470,bus-470,true,PQ,-0.00011128150056051129,1.0,"(min = 0.94, max = 1.06)",66.0,0,0
475,bus-475,true,PV,1.62290898195684e-5,1.0,"(min = 0.94, max = 1.06)",66.0,0,0
4640,bus-4640,true,PQ,-0.032061637621677866,1.0,"(min = 0.94, max = 1.06)",66.0,0,0
6027,bus-6027,true,PQ,-0.0012977360065940388,1.0,"(min = 0.94, max = 1.06)",66.0,0,0
7982,bus-7982,true,PQ,0.00018476972806666823,1.0,"(min = 0.94, max = 1.06)",66.0,0,0
796,bus-796,true,PV,0.009942976356049451,1.0,"(min = 0.94, max = 1.06)",115.0,0,0
2942,bus-2942,true,PQ,-0.031133443425666322,1.0,"(min = 0.94, max = 1.06)",230.0,0,0
7334,bus-7334,true,PQ,-0.03514691216549723,1.0,"(min = 0.94, max = 1.06)",66.0,0,0
1549,bus-1549,true,PQ,-0.028492325680415154,1.0,"(min = 0.94, max = 1.06)",115.0,0,0
2215,bus-2215,true,PV,-0.000438695303800882,1.0,"(min = 0.94, max = 1.06)",66.0,0,0
5747,bus-5747,true,PQ,0.001654705379797697,1.0,"(min = 0.94, max = 1.06)",66.0,0,0
149,bus-149,true,PV,-0.019418978840246945,1.0,"(min = 0.94, max = 1.06)",66.0,0,0
945,bus-945,true,PV,-0.03421562943484136,1.0,"(min = 0.94, max = 1.06)",66.0,0,0
6910,bus-6910,true,PQ,0.006987176549515162,1.0,"(min = 0.94, max = 1.06)",66.0,0,0
1659,bus-1659,true,PV,0.008046300773248678,1.0,"(min = 0.94, max = 1.06)",115.0,0,0
4298,bus-4298,true,PQ,-0.00489701870512008,1.0,"(min = 0.94, max = 1.06)",66.0,0,0
4276,bus-4276,true,PQ,-0.004746035420251344,1.0,"(min = 0.94, max = 1.06)",115.0,0,0
5229,bus-5229,true,PQ,0.0006502837524270488,1.0,"(min = 0.94, max = 1.06)",66.0,0,0
5776,bus-5776,true,PQ,-0.0004982010392839209,1.0,"(min = 0.94, max = 1.06)",66.0,0,0
7402,bus-7402,true,PQ,-0.03493929634979332,1.0,"(min = 0.94, max = 1.06)",66.0,0,0
2834,bus-2834,true,PQ,-0.026690040749874643,1.0,"(min = 0.94, max = 1.06)",230.0,0,0
4423,bus-4423,true,PQ,-0.0318028454361799,1.0,"(min = 0.94, max = 1.06)",66.0,0,0
5922,bus-5922,true,PQ,-0.0007716509606070551,1.0,"(min = 0.94, max = 1.06)",66.0,0,0
3884,bus-3884,true,PQ,-0.03129545099548882,1.0,"(min = 0.94, max = 1.06)",115.0,0,0
7398,bus-7398,true,PQ,-0.035050883277387875,1.0,"(min = 0.94, max = 1.06)",66.0,0,0
5136,bus-5136,true,PQ,0.005939971161790222,1.0,"(min = 0.94, max = 1.06)",66.0,0,0
1676,bus-1676,true,PV,-0.01974086171114478,1.0,"(min = 0.94, max = 1.06)",66.0,0,0
4265,bus-4265,true,PQ,-0.005473760958752477,1.0,"(min = 0.94, max = 1.06)",115.0,0,0
8493,bus-8493,true,PQ,0.01266056973418732,1.0,"(min = 0.94, max = 1.06)",66.0,0,0
6881,bus-6881,true,PQ,0.007507008817321193,1.0,"(min = 0.94, max = 1.06)",66.0,0,0
6981,bus-6981,true,PQ,0.007967909763680957,1.0,"(min = 0.94, max = 1.06)",66.0,0,0
8530,bus-8530,true,PQ,0.013984846594451966,1.0,"(min = 0.94, max = 1.06)",66.0,0,0
8198,bus-8198,true,PQ,0.0020181379847288416,1.0,"(min = 0.94, max = 1.06)",66.0,0,0
8264,bus-8264,true,PQ,-0.03062791002955664,1.0,"(min = 0.94, max = 1.06)",66.0,0,0
1866,bus-1866,true,PV,0.0006335965617102929,1.0,"(min = 0.94, max = 1.06)",66.0,0,0
753,bus-753,true,PQ,-0.03834940162561714,1.0,"(min = 0.94, max = 1.06)",66.0,0,0
355,bus-355,true,PQ,-0.0006109708096738102,1.0,"(min = 0.94, max = 1.06)",66.0,0,0
3725,bus-3725,true,PQ,-0.037723131064243465,1.0,"(min = 0.94, max = 1.06)",66.0,0,0
4712,bus-4712,true,PQ,0.009909971132696685,1.0,"(min = 0.94, max = 1.06)",500.0,0,0
6062,bus-6062,true,PQ,-0.0003824589784138735,1.0,"(min = 0.94, max = 1.06)",66.0,0,0
7303,bus-7303,true,PQ,-0.03472178975321835,1.0,"(min = 0.94, max = 1.06)",66.0,0,0
3523,bus-3523,true,PQ,-0.03357570184660376,1.0,"(min = 0.94, max = 1.06)",66.0,0,0
1828,bus-1828,true,PV,0.00728683249530921,1.0,"(min = 0.94, max = 1.06)",115.0,0,0
2865,bus-2865,true,PQ,-0.00923680142756695,1.0,"(min = 0.94, max = 1.06)",115.0,0,0
1030,bus-1030,true,PQ,0.003025309760563113,1.0,"(min = 0.94, max = 1.06)",115.0,0,0
4582,bus-4582,true,PQ,-0.006415189811948966,1.0,"(min = 0.94, max = 1.06)",115.0,0,0
3114,bus-3114,true,PQ,-0.030187248776414335,1.0,"(min = 0.94, max = 1.06)",230.0,0,0
303,bus-303,true,PV,-0.030091146584476397,1.0,"(min = 0.94, max = 1.06)",230.0,0,0
5897,bus-5897,true,PQ,0.00026412250306402874,1.0,"(min = 0.94, max = 1.06)",66.0,0,0
2426,bus-2426,true,PQ,0.0005456884951335923,1.0,"(min = 0.94, max = 1.06)",66.0,0,0
1178,bus-1178,true,PV,-0.01689236746973673,1.0,"(min = 0.94, max = 1.06)",66.0,0,0
7344,bus-7344,true,PQ,-0.035100776655648785,1.0,"(min = 0.94, max = 1.06)",66.0,0,0
3586,bus-3586,true,PQ,-0.03301503873541133,1.0,"(min = 0.94, max = 1.06)",115.0,0,0
2918,bus-2918,true,PQ,-0.018893461249669005,1.0,"(min = 0.94, max = 1.06)",115.0,0,0
4601,bus-4601,true,PQ,0.00027484479020665727,1.0,"(min = 0.94, max = 1.06)",115.0,0,0
1590,bus-1590,true,PQ,-0.03288490105226318,1.0,"(min = 0.94, max = 1.06)",66.0,0,0
4923,bus-4923,true,PQ,-0.005319362012177711,1.0,"(min = 0.94, max = 1.06)",66.0,0,0
8720,bus-8720,true,PQ,0.007251212786190251,1.0,"(min = 0.94, max = 1.06)",115.0,0,0
3484,bus-3484,true,PQ,-0.028432640306918857,1.0,"(min = 0.94, max = 1.06)",115.0,0,0
867,bus-867,true,PQ,-0.03480715956651993,1.0,"(min = 0.94, max = 1.06)",66.0,0,0
3028,bus-3028,true,PQ,-0.047092490283405966,1.0,"(min = 0.94, max = 1.06)",115.0,0,0
2881,bus-2881,true,PQ,-0.0026077870878060765,1.0,"(min = 0.94, max = 1.06)",115.0,0,0
8705,bus-8705,true,PQ,-0.03225548296411646,1.0,"(min = 0.94, max = 1.06)",66.0,0,0
8208,bus-8208,true,PQ,0.0018372612938438921,1.0,"(min = 0.94, max = 1.06)",66.0,0,0
8296,bus-8296,true,PQ,0.01527683191394828,1.0,"(min = 0.94, max = 1.06)",115.0,0,0
7506,bus-7506,true,PQ,-0.03006238268573891,1.0,"(min = 0.94, max = 1.06)",66.0,0,0
5772,bus-5772,true,PQ,3.7732617626859755e-5,1.0,"(min = 0.94, max = 1.06)",66.0,0,0
1671,bus-1671,true,PV,0.023723819477656945,1.0,"(min = 0.94, max = 1.06)",115.0,0,0
2402,bus-2402,true,PV,-0.008376808467897916,1.0,"(min = 0.94, max = 1.06)",115.0,0,0
3908,bus-3908,true,PQ,-0.03369751273842357,1.0,"(min = 0.94, max = 1.06)",115.0,0,0
2439,bus-2439,true,PQ,0.0006871319516825968,1.0,"(min = 0.94, max = 1.06)",66.0,0,0
4312,bus-4312,true,PQ,-0.030094240006042636,1.0,"(min = 0.94, max = 1.06)",230.0,0,0
5998,bus-5998,true,PQ,-0.0017800377596174073,1.0,"(min = 0.94, max = 1.06)",66.0,0,0
1069,bus-1069,true,PQ,0.006604017524774301,1.0,"(min = 0.94, max = 1.06)",66.0,0,0
1258,bus-1258,true,PQ,-0.03259945384936291,1.0,"(min = 0.94, max = 1.06)",115.0,0,0
1534,bus-1534,true,PQ,-0.03247282864133439,1.0,"(min = 0.94, max = 1.06)",115.0,0,0
5070,bus-5070,true,PQ,0.0027706692421167463,1.0,"(min = 0.94, max = 1.06)",115.0,0,0
7786,bus-7786,true,PQ,0.0015402521992016868,1.0,"(min = 0.94, max = 1.06)",500.0,0,0
6353,bus-6353,true,PQ,-0.00028900509497770496,1.0,"(min = 0.94, max = 1.06)",66.0,0,0
8621,bus-8621,true,PQ,-0.0007892246703734105,1.0,"(min = 0.94, max = 1.06)",66.0,0,0
2647,bus-2647,true,PQ,0.00023875184902365403,1.0,"(min = 0.94, max = 1.06)",230.0,0,0
22,bus-22,true,PQ,-0.032132421718420526,1.0,"(min = 0.94, max = 1.06)",115.0,0,0
7276,bus-7276,true,PQ,-0.03453307812224157,1.0,"(min = 0.94, max = 1.06)",66.0,0,0
2325,bus-2325,true,PQ,0.013353537791126566,1.0,"(min = 0.94, max = 1.06)",115.0,0,0
1183,bus-1183,true,PV,-0.006838139324215692,1.0,"(min = 0.94, max = 1.06)",66.0,0,0
3303,bus-3303,true,PQ,-0.02582279013521717,1.0,"(min = 0.94, max = 1.06)",230.0,0,0
7781,bus-7781,true,PQ,0.008192296168914601,1.0,"(min = 0.94, max = 1.06)",66.0,0,0
4686,bus-4686,true,PQ,-0.03147041658780982,1.0,"(min = 0.94, max = 1.06)",115.0,0,0
6841,bus-6841,true,PQ,0.004039216692167661,1.0,"(min = 0.94, max = 1.06)",115.0,0,0
6843,bus-6843,true,PQ,0.0040533911044350526,1.0,"(min = 0.94, max = 1.06)",115.0,0,0
1690,bus-1690,true,PV,0.010299429836106157,1.0,"(min = 0.94, max = 1.06)",66.0,0,0
6522,bus-6522,true,PQ,-9.760732007709345e-5,1.0,"(min = 0.94, max = 1.06)",66.0,0,0
7294,bus-7294,true,PQ,-0.034119542776333764,1.0,"(min = 0.94, max = 1.06)",66.0,0,0
8744,bus-8744,true,PQ,-0.028449491111781012,1.0,"(min = 0.94, max = 1.06)",66.0,0,0
8251,bus-8251,true,PQ,0.015154474542086373,1.0,"(min = 0.94, max = 1.06)",115.0,0,0
4808,bus-4808,true,PQ,-0.00042765632841080837,1.0,"(min = 0.94, max = 1.06)",230.0,0,0
3476,bus-3476,true,PQ,-0.026305959754956417,1.0,"(min = 0.94, max = 1.06)",115.0,0,0
3001,bus-3001,true,PQ,-0.0340094802193079,1.0,"(min = 0.94, max = 1.06)",66.0,0,0
7267,bus-7267,true,PQ,-0.03447016511135956,1.0,"(min = 0.94, max = 1.06)",66.0,0,0
3218,bus-3218,true,PQ,-0.0337913514128546,1.0,"(min = 0.94, max = 1.06)",230.0,0,0
3657,bus-3657,true,PQ,-0.03577813754208438,1.0,"(min = 0.94, max = 1.06)",66.0,0,0
7268,bus-7268,true,PQ,-0.034469505202369376,1.0,"(min = 0.94, max = 1.06)",66.0,0,0
3682,bus-3682,true,PQ,-0.035556906936484445,1.0,"(min = 0.94, max = 1.06)",66.0,0,0
7172,bus-7172,true,PQ,-0.03480701959111392,1.0,"(min = 0.94, max = 1.06)",66.0,0,0
8054,bus-8054,true,PQ,-0.03169460796995285,1.0,"(min = 0.94, max = 1.06)",66.0,0,0
2160,bus-2160,true,PQ,-0.03128838066668899,1.0,"(min = 0.94, max = 1.06)",230.0,0,0
2903,bus-2903,true,PQ,-0.012628242641062128,1.0,"(min = 0.94, max = 1.06)",230.0,0,0
4567,bus-4567,true,PQ,-0.014409021135867372,1.0,"(min = 0.94, max = 1.06)",66.0,0,0
6757,bus-6757,true,PQ,-0.0016460030861167785,1.0,"(min = 0.94, max = 1.06)",500.0,0,0
1424,bus-1424,true,PQ,-0.005138710433859684,1.0,"(min = 0.94, max = 1.06)",66.0,0,0
628,bus-628,true,PQ,0.013478989143060066,1.0,"(min = 0.94, max = 1.06)",115.0,0,0
7813,bus-7813,true,PQ,0.0006913032362349857,1.0,"(min = 0.94, max = 1.06)",66.0,0,0
3658,bus-3658,true,PQ,-0.03584226547665872,1.0,"(min = 0.94, max = 1.06)",66.0,0,0
1607,bus-1607,true,PV,-0.030500505357484192,1.0,"(min = 0.94, max = 1.06)",230.0,0,0
2328,bus-2328,true,PQ,-0.031196368130254323,1.0,"(min = 0.94, max = 1.06)",66.0,0,0
3911,bus-3911,true,PQ,-0.033103186065684534,1.0,"(min = 0.94, max = 1.06)",66.0,0,0
6397,bus-6397,true,PQ,-0.0006137036741418507,1.0,"(min = 0.94, max = 1.06)",66.0,0,0
7886,bus-7886,true,PQ,0.00820225952057595,1.0,"(min = 0.94, max = 1.06)",230.0,0,0
8620,bus-8620,true,PQ,-0.03557333833872734,1.0,"(min = 0.94, max = 1.06)",115.0,0,0
1171,bus-1171,true,PQ,-0.032022529505529654,1.0,"(min = 0.94, max = 1.06)",66.0,0,0
2000,bus-2000,true,PV,0.0013230922791213772,1.0,"(min = 0.94, max = 1.06)",66.0,0,0
3191,bus-3191,true,PQ,-0.03265402505908502,1.0,"(min = 0.94, max = 1.06)",115.0,0,0
7926,bus-7926,true,PQ,0.015237086473370407,1.0,"(min = 0.94, max = 1.06)",115.0,0,0
1299,bus-1299,true,PV,-0.03671263988161141,1.0,"(min = 0.94, max = 1.06)",66.0,0,0
6750,bus-6750,true,PQ,-0.0011784590553407695,1.0,"(min = 0.94, max = 1.06)",230.0,0,0
1003,bus-1003,true,PQ,0.0020828755453575973,1.0,"(min = 0.94, max = 1.06)",66.0,0,0
3957,bus-3957,true,PQ,-0.03282671456752849,1.0,"(min = 0.94, max = 1.06)",115.0,0,0
2435,bus-2435,true,PQ,0.0006852297278028236,1.0,"(min = 0.94, max = 1.06)",66.0,0,0
5410,bus-5410,true,PQ,-0.0001912484426099487,1.0,"(min = 0.94, max = 1.06)",66.0,0,0
5071,bus-5071,true,PQ,0.004367878491693406,1.0,"(min = 0.94, max = 1.06)",66.0,0,0
374,bus-374,true,PQ,0.000504549131640653,1.0,"(min = 0.94, max = 1.06)",66.0,0,0
5415,bus-5415,true,PQ,0.00010212700463677158,1.0,"(min = 0.94, max = 1.06)",230.0,0,0
2690,bus-2690,true,PQ,-0.029303177202024914,1.0,"(min = 0.94, max = 1.06)",66.0,0,0
7463,bus-7463,true,PQ,-0.03473634335571904,1.0,"(min = 0.94, max = 1.06)",66.0,0,0
5089,bus-5089,true,PQ,0.0033822634345301496,1.0,"(min = 0.94, max = 1.06)",66.0,0,0
4518,bus-4518,true,PQ,-0.031880246250649794,1.0,"(min = 0.94, max = 1.06)",115.0,0,0
4189,bus-4189,true,PQ,-0.008617932859910866,1.0,"(min = 0.94, max = 1.06)",66.0,0,0
801,bus-801,true,PQ,0.006800243810471888,1.0,"(min = 0.94, max = 1.06)",115.0,0,0
2210,bus-2210,true,PQ,0.0030190065737827057,1.0,"(min = 0.94, max = 1.06)",66.0,0,0
5153,bus-5153,true,PQ,0.0004138472379904687,1.0,"(min = 0.94, max = 1.06)",66.0,0,0
5398,bus-5398,true,PQ,-0.0029168893663771575,1.0,"(min = 0.94, max = 1.06)",66.0,0,0
8310,bus-8310,true,PQ,0.004635604319500628,1.0,"(min = 0.94, max = 1.06)",115.0,0,0
2389,bus-2389,true,PQ,0.002180556457417134,1.0,"(min = 0.94, max = 1.06)",66.0,0,0
8139,bus-8139,true,PQ,-0.03347886975797264,1.0,"(min = 0.94, max = 1.06)",66.0,0,0
2136,bus-2136,true,PV,-0.035846400685255464,1.0,"(min = 0.94, max = 1.06)",66.0,0,0
3316,bus-3316,true,PQ,-0.031092495732486507,1.0,"(min = 0.94, max = 1.06)",230.0,0,0
7747,bus-7747,true,PV,0.0011804231493971963,1.0,"(min = 0.94, max = 1.06)",230.0,0,0
8458,bus-8458,true,PQ,-0.03560559795742366,1.0,"(min = 0.94, max = 1.06)",115.0,0,0
4763,bus-4763,true,PQ,-5.329474537130228e-5,1.0,"(min = 0.94, max = 1.06)",66.0,0,0
7348,bus-7348,true,PQ,-0.035101161151683,1.0,"(min = 0.94, max = 1.06)",66.0,0,0
5996,bus-5996,true,PQ,-0.001544075285332315,1.0,"(min = 0.94, max = 1.06)",66.0,0,0
144,bus-144,true,PQ,-0.018789152345055262,1.0,"(min = 0.94, max = 1.06)",66.0,0,0
5861,bus-5861,true,PQ,-0.00041270994130729636,1.0,"(min = 0.94, max = 1.06)",66.0,0,0
6473,bus-6473,true,PQ,0.017989257302357824,1.0,"(min = 0.94, max = 1.06)",66.0,0,0
8823,bus-8823,true,PQ,0.004279051285863387,1.0,"(min = 0.94, max = 1.06)",66.0,0,0
6431,bus-6431,true,PQ,0.00012358268532472363,1.0,"(min = 0.94, max = 1.06)",66.0,0,0
593,bus-593,true,PQ,-0.04861339916605941,1.0,"(min = 0.94, max = 1.06)",66.0,0,0
7345,bus-7345,true,PQ,-0.03510061835428564,1.0,"(min = 0.94, max = 1.06)",66.0,0,0
8647,bus-8647,true,PQ,-0.03373081641307843,1.0,"(min = 0.94, max = 1.06)",66.0,0,0
8713,bus-8713,true,PQ,0.00853641966575084,1.0,"(min = 0.94, max = 1.06)",230.0,0,0
425,bus-425,true,PQ,0.00014545562641480602,1.0,"(min = 0.94, max = 1.06)",66.0,0,0
8150,bus-8150,true,PQ,0.014819238453787506,1.0,"(min = 0.94, max = 1.06)",115.0,0,0
6209,bus-6209,true,PQ,-5.833283565392231e-5,1.0,"(min = 0.94, max = 1.06)",66.0,0,0
3640,bus-3640,true,PQ,-0.03641465580416114,1.0,"(min = 0.94, max = 1.06)",66.0,0,0
89,bus-89,true,PQ,-0.029832017375899876,1.0,"(min = 0.94, max = 1.06)",66.0,0,0
6580,bus-6580,true,PQ,-0.0006602748129356032,1.0,"(min = 0.94, max = 1.06)",66.0,0,0
4316,bus-4316,true,PQ,-0.033792532826225276,1.0,"(min = 0.94, max = 1.06)",230.0,0,0
1852,bus-1852,true,PV,0.00833109291917409,1.0,"(min = 0.94, max = 1.06)",115.0,0,0
392,bus-392,true,PQ,0.001817156584390782,1.0,"(min = 0.94, max = 1.06)",66.0,0,0
4760,bus-4760,true,PQ,-0.0009013014700010999,1.0,"(min = 0.94, max = 1.06)",66.0,0,0
6611,bus-6611,true,PQ,-0.000196340737408615,1.0,"(min = 0.94, max = 1.06)",66.0,0,0
3901,bus-3901,true,PQ,-0.033976485118864794,1.0,"(min = 0.94, max = 1.06)",115.0,0,0
569,bus-569,true,PQ,-0.012500166453559966,1.0,"(min = 0.94, max = 1.06)",115.0,0,0
5183,bus-5183,true,PQ,0.0058632681474085685,1.0,"(min = 0.94, max = 1.06)",115.0,0,0
8079,bus-8079,true,PQ,-0.03471341548893436,1.0,"(min = 0.94, max = 1.06)",66.0,0,0
3799,bus-3799,true,PQ,-0.03218959503952443,1.0,"(min = 0.94, max = 1.06)",115.0,0,0
1213,bus-1213,true,PQ,-0.001834706952123721,1.0,"(min = 0.94, max = 1.06)",115.0,0,0
7142,bus-7142,true,PQ,-0.03481874261863371,1.0,"(min = 0.94, max = 1.06)",66.0,0,0
526,bus-526,true,PQ,-0.0001934781984678096,1.0,"(min = 0.94, max = 1.06)",66.0,0,0
1092,bus-1092,true,PV,0.007353204940754895,1.0,"(min = 0.94, max = 1.06)",66.0,0,0
3537,bus-3537,true,PQ,-0.048612755663164205,1.0,"(min = 0.94, max = 1.06)",66.0,0,0
2527,bus-2527,true,PQ,0.010498259210569924,1.0,"(min = 0.94, max = 1.06)",115.0,0,0
3823,bus-3823,true,PQ,-0.03219654598780342,1.0,"(min = 0.94, max = 1.06)",66.0,0,0
4225,bus-4225,true,PQ,-0.0035064898620347238,1.0,"(min = 0.94, max = 1.06)",115.0,0,0
690,bus-690,true,PQ,0.0015345206007699906,1.0,"(min = 0.94, max = 1.06)",66.0,0,0
5370,bus-5370,true,PQ,-0.0011662422340330118,1.0,"(min = 0.94, max = 1.06)",66.0,0,0
3711,bus-3711,true,PQ,-0.03414003259268633,1.0,"(min = 0.94, max = 1.06)",66.0,0,0
4251,bus-4251,true,PQ,-0.005638145876455699,1.0,"(min = 0.94, max = 1.06)",115.0,0,0
776,bus-776,true,PQ,0.011321636820594904,1.0,"(min = 0.94, max = 1.06)",115.0,0,0
3465,bus-3465,true,PQ,-0.030323104158192025,1.0,"(min = 0.94, max = 1.06)",115.0,0,0
5275,bus-5275,true,PQ,0.004658692006084907,1.0,"(min = 0.94, max = 1.06)",115.0,0,0
5651,bus-5651,true,PQ,0.0014221535720863163,1.0,"(min = 0.94, max = 1.06)",66.0,0,0
1235,bus-1235,true,PQ,-0.03377939870000524,1.0,"(min = 0.94, max = 1.06)",66.0,0,0
4510,bus-4510,true,PQ,-0.03085022972060983,1.0,"(min = 0.94, max = 1.06)",115.0,0,0
828,bus-828,true,PQ,-0.03514725931148545,1.0,"(min = 0.94, max = 1.06)",66.0,0,0
4177,bus-4177,true,PQ,-0.024874271231000306,1.0,"(min = 0.94, max = 1.06)",66.0,0,0
7384,bus-7384,true,PQ,-0.03487507818169667,1.0,"(min = 0.94, max = 1.06)",66.0,0,0
4649,bus-4649,true,PQ,-0.03145976309805565,1.0,"(min = 0.94, max = 1.06)",66.0,0,0
5520,bus-5520,true,PQ,0.009914118104812596,1.0,"(min = 0.94, max = 1.06)",115.0,0,0
3433,bus-3433,true,PQ,-0.03241581100359977,1.0,"(min = 0.94, max = 1.06)",230.0,0,0
6162,bus-6162,true,PQ,-0.0008088493235251014,1.0,"(min = 0.94, max = 1.06)",66.0,0,0
5080,bus-5080,true,PQ,0.00027381830447769403,1.0,"(min = 0.94, max = 1.06)",66.0,0,0
1799,bus-1799,true,PV,-0.03386861940776842,1.0,"(min = 0.94, max = 1.06)",115.0,0,0
3179,bus-3179,true,PQ,-0.032871162343990255,1.0,"(min = 0.94, max = 1.06)",115.0,0,0
3330,bus-3330,true,PQ,-0.03065553091216701,1.0,"(min = 0.94, max = 1.06)",230.0,0,0
6297,bus-6297,true,PQ,-0.0016506159284979465,1.0,"(min = 0.94, max = 1.06)",66.0,0,0
7792,bus-7792,true,PQ,-0.01935928456557146,1.0,"(min = 0.94, max = 1.06)",66.0,0,0
7972,bus-7972,true,PQ,-0.026924652620316705,1.0,"(min = 0.94, max = 1.06)",66.0,0,0
2725,bus-2725,true,PQ,-0.02900080973015826,1.0,"(min = 0.94, max = 1.06)",66.0,0,0
5283,bus-5283,true,PQ,0.0001872926311710233,1.0,"(min = 0.94, max = 1.06)",66.0,0,0
7047,bus-7047,true,PQ,-0.03127075563377065,1.0,"(min = 0.94, max = 1.06)",66.0,0,0
3241,bus-3241,true,PQ,-0.035109051959764194,1.0,"(min = 0.94, max = 1.06)",115.0,0,0
5323,bus-5323,true,PQ,0.0008961761867342417,1.0,"(min = 0.94, max = 1.06)",66.0,0,0
5599,bus-5599,true,PQ,0.0011695752893055454,1.0,"(min = 0.94, max = 1.06)",66.0,0,0
7999,bus-7999,true,PQ,-0.02932638920841181,1.0,"(min = 0.94, max = 1.06)",66.0,0,0
6199,bus-6199,true,PQ,-0.0003328944638172689,1.0,"(min = 0.94, max = 1.06)",66.0,0,0
5912,bus-5912,true,PQ,-0.0007240944577868456,1.0,"(min = 0.94, max = 1.06)",66.0,0,0
2124,bus-2124,true,PQ,-0.03467081758694679,1.0,"(min = 0.94, max = 1.06)",115.0,0,0
6838,bus-6838,true,PQ,0.004055986740645326,1.0,"(min = 0.94, max = 1.06)",115.0,0,0
3362,bus-3362,true,PQ,-0.031108176817683974,1.0,"(min = 0.94, max = 1.06)",230.0,0,0
1859,bus-1859,true,PV,0.0012652568987816545,1.0,"(min = 0.94, max = 1.06)",66.0,0,0
2862,bus-2862,true,PQ,-0.005411524262955611,1.0,"(min = 0.94, max = 1.06)",115.0,0,0
7533,bus-7533,true,PQ,-0.029356282684241196,1.0,"(min = 0.94, max = 1.06)",66.0,0,0
3002,bus-3002,true,PQ,-0.03400615065469387,1.0,"(min = 0.94, max = 1.06)",66.0,0,0
4807,bus-4807,true,PQ,-0.0004284305180697495,1.0,"(min = 0.94, max = 1.06)",230.0,0,0
6504,bus-6504,true,PQ,0.0009771705590848334,1.0,"(min = 0.94, max = 1.06)",66.0,0,0
2280,bus-2280,true,PV,0.0056189996843744915,1.0,"(min = 0.94, max = 1.06)",66.0,0,0
5014,bus-5014,true,PQ,-0.0031222062169370484,1.0,"(min = 0.94, max = 1.06)",66.0,0,0
7117,bus-7117,true,PQ,-0.034417396652221835,1.0,"(min = 0.94, max = 1.06)",66.0,0,0
8505,bus-8505,true,PQ,-0.032930929573428476,1.0,"(min = 0.94, max = 1.06)",66.0,0,0
6124,bus-6124,true,PQ,-0.00015121447973356856,1.0,"(min = 0.94, max = 1.06)",66.0,0,0
5903,bus-5903,true,PQ,-0.00032509988446438603,1.0,"(min = 0.94, max = 1.06)",66.0,0,0
1868,bus-1868,true,PQ,0.00068807184813671,1.0,"(min = 0.94, max = 1.06)",66.0,0,0
5379,bus-5379,true,PQ,-0.003168932625457046,1.0,"(min = 0.94, max = 1.06)",66.0,0,0
8591,bus-8591,true,PQ,-0.033866336691639735,1.0,"(min = 0.94, max = 1.06)",66.0,0,0
6167,bus-6167,true,PQ,-0.0010577193174614646,1.0,"(min = 0.94, max = 1.06)",66.0,0,0
8253,bus-8253,true,PQ,-0.03191072423724567,1.0,"(min = 0.94, max = 1.06)",66.0,0,0
2365,bus-2365,true,PV,0.0009646294433847506,1.0,"(min = 0.94, max = 1.06)",66.0,0,0
2721,bus-2721,true,PQ,-0.029694038102955435,1.0,"(min = 0.94, max = 1.06)",66.0,0,0
231,bus-231,true,PQ,-0.01863883080177242,1.0,"(min = 0.94, max = 1.06)",66.0,0,0
3270,bus-3270,true,PQ,-0.031250400382303416,1.0,"(min = 0.94, max = 1.06)",230.0,0,0
6914,bus-6914,true,PQ,0.006945534337466101,1.0,"(min = 0.94, max = 1.06)",66.0,0,0
992,bus-992,true,PQ,0.002528937580243858,1.0,"(min = 0.94, max = 1.06)",115.0,0,0
5834,bus-5834,true,PQ,-0.000881619186077508,1.0,"(min = 0.94, max = 1.06)",66.0,0,0
8001,bus-8001,true,PQ,-0.03743352805786127,1.0,"(min = 0.94, max = 1.06)",66.0,0,0
4629,bus-4629,true,PQ,-0.014895613642975761,1.0,"(min = 0.94, max = 1.06)",66.0,0,0
3141,bus-3141,true,PQ,-0.032699030293709866,1.0,"(min = 0.94, max = 1.06)",115.0,0,0
8496,bus-8496,true,PQ,0.004502052754882281,1.0,"(min = 0.94, max = 1.06)",230.0,0,0
6294,bus-6294,true,PQ,-0.0017212893032981869,1.0,"(min = 0.94, max = 1.06)",66.0,0,0
5829,bus-5829,true,PQ,-0.001055667930762499,1.0,"(min = 0.94, max = 1.06)",66.0,0,0
3449,bus-3449,true,PQ,-0.03462501822751228,1.0,"(min = 0.94, max = 1.06)",115.0,0,0
5892,bus-5892,true,PQ,0.0006955126422688966,1.0,"(min = 0.94, max = 1.06)",66.0,0,0
7772,bus-7772,true,PQ,0.0008437046587168324,1.0,"(min = 0.94, max = 1.06)",66.0,0,0
8595,bus-8595,true,PQ,0.00936122493765066,1.0,"(min = 0.94, max = 1.06)",66.0,0,0
7602,bus-7602,true,PQ,0.01481156293206955,1.0,"(min = 0.94, max = 1.06)",115.0,0,0
6767,bus-6767,true,PQ,1.7931290380043038e-5,1.0,"(min = 0.94, max = 1.06)",66.0,0,0
1672,bus-1672,true,PQ,0.017454600644217663,1.0,"(min = 0.94, max = 1.06)",115.0,0,0
499,bus-499,true,PQ,3.434458081769693e-5,1.0,"(min = 0.94, max = 1.06)",66.0,0,0
854,bus-854,true,PQ,-0.034732152645652076,1.0,"(min = 0.94, max = 1.06)",66.0,0,0
3200,bus-3200,true,PQ,-0.03192557192772531,1.0,"(min = 0.94, max = 1.06)",230.0,0,0
7241,bus-7241,true,PQ,-0.03464469349870294,1.0,"(min = 0.94, max = 1.06)",66.0,0,0
830,bus-830,true,PQ,-0.03472630334919694,1.0,"(min = 0.94, max = 1.06)",66.0,0,0
5800,bus-5800,true,PQ,-0.0010801181697138713,1.0,"(min = 0.94, max = 1.06)",66.0,0,0
8234,bus-8234,true,PQ,0.009935773260053422,1.0,"(min = 0.94, max = 1.06)",230.0,0,0
4016,bus-4016,true,PQ,-0.019763104361665115,1.0,"(min = 0.94, max = 1.06)",230.0,0,0
1459,bus-1459,true,PQ,0.008906581223552099,1.0,"(min = 0.94, max = 1.06)",66.0,0,0
3600,bus-3600,true,PQ,-0.03347169837460912,1.0,"(min = 0.94, max = 1.06)",66.0,0,0
1969,bus-1969,true,PV,-0.01904930990162706,1.0,"(min = 0.94, max = 1.06)",66.0,0,0
542,bus-542,true,PQ,-0.0006134073748307274,1.0,"(min = 0.94, max = 1.06)",66.0,0,0
5689,bus-5689,true,PQ,0.0015227795195644125,1.0,"(min = 0.94, max = 1.06)",66.0,0,0
8104,bus-8104,true,PQ,-0.0363144831553417,1.0,"(min = 0.94, max = 1.06)",66.0,0,0
2557,bus-2557,true,PQ,0.014965353840839506,1.0,"(min = 0.94, max = 1.06)",66.0,0,0
2606,bus-2606,true,PQ,0.013612513620168423,1.0,"(min = 0.94, max = 1.06)",115.0,0,0
5287,bus-5287,true,PQ,0.002075161818382313,1.0,"(min = 0.94, max = 1.06)",66.0,0,0
5761,bus-5761,true,PQ,0.0016709545330147752,1.0,"(min = 0.94, max = 1.06)",66.0,0,0
2792,bus-2792,true,PQ,-0.03401937361817283,1.0,"(min = 0.94, max = 1.06)",66.0,0,0
5899,bus-5899,true,PQ,-3.838135755702359e-5,1.0,"(min = 0.94, max = 1.06)",66.0,0,0
2366,bus-2366,true,PQ,-0.03348468205344763,1.0,"(min = 0.94, max = 1.06)",66.0,0,0
376,bus-376,true,PQ,-0.00031748547719551585,1.0,"(min = 0.94, max = 1.06)",66.0,0,0
4443,bus-4443,true,PQ,-0.03451590914385678,1.0,"(min = 0.94, max = 1.06)",66.0,0,0
2985,bus-2985,true,PQ,-0.050025276806741986,1.0,"(min = 0.94, max = 1.06)",115.0,0,0
6266,bus-6266,true,PQ,0.00023685480877175933,1.0,"(min = 0.94, max = 1.06)",66.0,0,0
6433,bus-6433,true,PQ,0.00018826753020328527,1.0,"(min = 0.94, max = 1.06)",66.0,0,0
5002,bus-5002,true,PQ,-0.003239083813453053,1.0,"(min = 0.94, max = 1.06)",66.0,0,0
1228,bus-1228,true,PQ,-0.03235148863934677,1.0,"(min = 0.94, max = 1.06)",115.0,0,0
5546,bus-5546,true,PQ,0.009696945983135485,1.0,"(min = 0.94, max = 1.06)",115.0,0,0
4603,bus-4603,true,PQ,0.011119616530472888,1.0,"(min = 0.94, max = 1.06)",66.0,0,0
4408,bus-4408,true,PQ,-0.03226986901500895,1.0,"(min = 0.94, max = 1.06)",66.0,0,0
2747,bus-2747,true,PQ,-0.03640435364918539,1.0,"(min = 0.94, max = 1.06)",66.0,0,0
2462,bus-2462,true,PQ,0.0021668154802161827,1.0,"(min = 0.94, max = 1.06)",66.0,0,0
5807,bus-5807,true,PQ,-0.001022858528115821,1.0,"(min = 0.94, max = 1.06)",66.0,0,0
7356,bus-7356,true,PQ,-0.03495343386580032,1.0,"(min = 0.94, max = 1.06)",66.0,0,0
1141,bus-1141,true,PQ,-0.03235960546756609,1.0,"(min = 0.94, max = 1.06)",66.0,0,0
4667,bus-4667,true,PQ,-0.039892785811180206,1.0,"(min = 0.94, max = 1.06)",66.0,0,0
672,bus-672,true,PQ,-4.567568330931698e-5,1.0,"(min = 0.94, max = 1.06)",66.0,0,0
8350,bus-8350,true,PQ,-0.03400984988004347,1.0,"(min = 0.94, max = 1.06)",115.0,0,0
219,bus-219,true,PV,-0.004548290157052454,1.0,"(min = 0.94, max = 1.06)",115.0,0,0
546,bus-546,true,PQ,-8.241459947188302e-6,1.0,"(min = 0.94, max = 1.06)",66.0,0,0
1109,bus-1109,true,PQ,0.006373823920427081,1.0,"(min = 0.94, max = 1.06)",66.0,0,0
6502,bus-6502,true,PQ,0.0009626386475360973,1.0,"(min = 0.94, max = 1.06)",66.0,0,0
2757,bus-2757,true,PQ,-0.030422545688587804,1.0,"(min = 0.94, max = 1.06)",115.0,0,0
7212,bus-7212,true,PQ,-0.034688709306174834,1.0,"(min = 0.94, max = 1.06)",66.0,0,0
2687,bus-2687,true,PQ,-0.029345963425038785,1.0,"(min = 0.94, max = 1.06)",66.0,0,0
6671,bus-6671,true,PQ,0.015769739894955007,1.0,"(min = 0.94, max = 1.06)",66.0,0,0
325,bus-325,true,PQ,-0.008552756907480596,1.0,"(min = 0.94, max = 1.06)",66.0,0,0
5765,bus-5765,true,PQ,0.0017634175302027333,1.0,"(min = 0.94, max = 1.06)",66.0,0,0
4740,bus-4740,true,PQ,-0.001117990254157797,1.0,"(min = 0.94, max = 1.06)",66.0,0,0
6905,bus-6905,true,PQ,0.006147674104330392,1.0,"(min = 0.94, max = 1.06)",66.0,0,0
6104,bus-6104,true,PQ,0.0004152936569187787,1.0,"(min = 0.94, max = 1.06)",66.0,0,0
5313,bus-5313,true,PQ,0.0006795941905478279,1.0,"(min = 0.94, max = 1.06)",66.0,0,0
4542,bus-4542,true,PQ,-0.02895610172510502,1.0,"(min = 0.94, max = 1.06)",115.0,0,0
6229,bus-6229,true,PQ,-0.0004138461558863325,1.0,"(min = 0.94, max = 1.06)",66.0,0,0
8012,bus-8012,true,PQ,-0.03542364493944229,1.0,"(min = 0.94, max = 1.06)",115.0,0,0
1335,bus-1335,true,PQ,-0.04109643153493293,1.0,"(min = 0.94, max = 1.06)",66.0,0,0
6867,bus-6867,true,PQ,0.006622571910612743,1.0,"(min = 0.94, max = 1.06)",66.0,0,0
914,bus-914,true,PQ,-0.034927001552410575,1.0,"(min = 0.94, max = 1.06)",66.0,0,0
1930,bus-1930,true,PQ,-0.0011671168429557956,1.0,"(min = 0.94, max = 1.06)",230.0,0,0
1268,bus-1268,true,PQ,-0.029681705780993772,1.0,"(min = 0.94, max = 1.06)",115.0,0,0
2018,bus-2018,true,PQ,0.0052796808869827756,1.0,"(min = 0.94, max = 1.06)",66.0,0,0
3570,bus-3570,true,PQ,-0.04503955251033417,1.0,"(min = 0.94, max = 1.06)",66.0,0,0
8236,bus-8236,true,PQ,-0.03433208111866,1.0,"(min = 0.94, max = 1.06)",230.0,0,0
1273,bus-1273,true,PQ,-0.03145684839820482,1.0,"(min = 0.94, max = 1.06)",66.0,0,0
1584,bus-1584,true,PV,-0.032584073484395557,1.0,"(min = 0.94, max = 1.06)",230.0,0,0
7655,bus-7655,true,PQ,0.0015609976050605704,1.0,"(min = 0.94, max = 1.06)",500.0,0,0
8354,bus-8354,true,PQ,-0.031424464512065764,1.0,"(min = 0.94, max = 1.06)",115.0,0,0
3369,bus-3369,true,PQ,-0.032209041847115996,1.0,"(min = 0.94, max = 1.06)",115.0,0,0
7136,bus-7136,true,PQ,-0.03392738673807817,1.0,"(min = 0.94, max = 1.06)",66.0,0,0
5686,bus-5686,true,PQ,0.0011620871740613496,1.0,"(min = 0.94, max = 1.06)",66.0,0,0
5659,bus-5659,true,PQ,0.0013027896423497734,1.0,"(min = 0.94, max = 1.06)",66.0,0,0
2521,bus-2521,true,PQ,0.01075436833631538,1.0,"(min = 0.94, max = 1.06)",115.0,0,0
7079,bus-7079,true,PQ,-0.03272068581546984,1.0,"(min = 0.94, max = 1.06)",230.0,0,0
6632,bus-6632,true,PQ,0.0013096789874874877,1.0,"(min = 0.94, max = 1.06)",66.0,0,0
7867,bus-7867,true,PQ,0.0009187506924132275,1.0,"(min = 0.94, max = 1.06)",66.0,0,0
2759,bus-2759,true,PQ,-0.03725800046952112,1.0,"(min = 0.94, max = 1.06)",230.0,0,0
623,bus-623,true,PQ,-0.030471999418410136,1.0,"(min = 0.94, max = 1.06)",115.0,0,0
1904,bus-1904,true,PV,-0.032775602774916764,1.0,"(min = 0.94, max = 1.06)",115.0,0,0
7086,bus-7086,true,PQ,-0.03271845842627844,1.0,"(min = 0.94, max = 1.06)",230.0,0,0
5937,bus-5937,true,PQ,-0.0006988361191744952,1.0,"(min = 0.94, max = 1.06)",66.0,0,0
3101,bus-3101,true,PQ,-0.03097085954812482,1.0,"(min = 0.94, max = 1.06)",230.0,0,0
3920,bus-3920,true,PQ,-0.0328554287243823,1.0,"(min = 0.94, max = 1.06)",66.0,0,0
6911,bus-6911,true,PQ,0.006982193634500717,1.0,"(min = 0.94, max = 1.06)",66.0,0,0
674,bus-674,true,PQ,0.0011430266183052203,1.0,"(min = 0.94, max = 1.06)",66.0,0,0
5258,bus-5258,true,PQ,0.004134060693701129,1.0,"(min = 0.94, max = 1.06)",66.0,0,0
1576,bus-1576,true,PV,-0.03968884583341392,1.0,"(min = 0.94, max = 1.06)",66.0,0,0
2724,bus-2724,true,PQ,-0.028757895328464463,1.0,"(min = 0.94, max = 1.06)",66.0,0,0
6423,bus-6423,true,PQ,0.00018628274177791732,1.0,"(min = 0.94, max = 1.06)",66.0,0,0
3246,bus-3246,true,PQ,-0.03306114631999174,1.0,"(min = 0.94, max = 1.06)",115.0,0,0
1356,bus-1356,true,PQ,-0.029342412727208524,1.0,"(min = 0.94, max = 1.06)",66.0,0,0
3440,bus-3440,true,PQ,-0.032350835711673596,1.0,"(min = 0.94, max = 1.06)",115.0,0,0
1798,bus-1798,true,PQ,-0.03383945565409929,1.0,"(min = 0.94, max = 1.06)",115.0,0,0
6234,bus-6234,true,PQ,-4.051869631112919e-5,1.0,"(min = 0.94, max = 1.06)",66.0,0,0
2048,bus-2048,true,PQ,-0.0017213177574009822,1.0,"(min = 0.94, max = 1.06)",66.0,0,0
8667,bus-8667,true,PQ,0.014949995816086581,1.0,"(min = 0.94, max = 1.06)",66.0,0,0
2787,bus-2787,true,PQ,-0.03047044659897464,1.0,"(min = 0.94, max = 1.06)",115.0,0,0
2292,bus-2292,true,PQ,-0.03434802487590989,1.0,"(min = 0.94, max = 1.06)",66.0,0,0
1921,bus-1921,true,PQ,-0.016823618322182144,1.0,"(min = 0.94, max = 1.06)",66.0,0,0
11,bus-11,true,PQ,-0.0326427680344755,1.0,"(min = 0.94, max = 1.06)",115.0,0,0
4777,bus-4777,true,PQ,0.0002467995080993931,1.0,"(min = 0.94, max = 1.06)",66.0,0,0
396,bus-396,true,PQ,-0.0010195049215913454,1.0,"(min = 0.94, max = 1.06)",66.0,0,0
7496,bus-7496,true,PQ,-0.02707301869670561,1.0,"(min = 0.94, max = 1.06)",230.0,0,0
5739,bus-5739,true,PQ,0.0012029538141507016,1.0,"(min = 0.94, max = 1.06)",66.0,0,0
4613,bus-4613,true,PQ,-0.005323695263284685,1.0,"(min = 0.94, max = 1.06)",115.0,0,0
3817,bus-3817,true,PQ,-0.032430917700940406,1.0,"(min = 0.94, max = 1.06)",66.0,0,0
932,bus-932,true,PQ,-0.03496210466152423,1.0,"(min = 0.94, max = 1.06)",66.0,0,0
5553,bus-5553,true,PQ,-0.0005861873559523054,1.0,"(min = 0.94, max = 1.06)",66.0,0,0
6094,bus-6094,true,PQ,0.00019337448227700984,1.0,"(min = 0.94, max = 1.06)",66.0,0,0
1617,bus-1617,true,PV,-0.03376614938205458,1.0,"(min = 0.94, max = 1.06)",115.0,0,0
8747,bus-8747,true,PQ,-0.0016199922610147357,1.0,"(min = 0.94, max = 1.06)",500.0,0,0
4085,bus-4085,true,PQ,-0.010749641112036355,1.0,"(min = 0.94, max = 1.06)",115.0,0,0
1610,bus-1610,true,PV,-0.033736911102826395,1.0,"(min = 0.94, max = 1.06)",115.0,0,0
5628,bus-5628,true,PQ,0.0008563379714346518,1.0,"(min = 0.94, max = 1.06)",66.0,0,0
1669,bus-1669,true,PQ,0.01730128264986183,1.0,"(min = 0.94, max = 1.06)",115.0,0,0
6160,bus-6160,true,PQ,-0.0007898668904516206,1.0,"(min = 0.94, max = 1.06)",66.0,0,0
5292,bus-5292,true,PQ,0.0020485435052541748,1.0,"(min = 0.94, max = 1.06)",66.0,0,0
5787,bus-5787,true,PQ,0.00011019599687195774,1.0,"(min = 0.94, max = 1.06)",66.0,0,0
7618,bus-7618,true,PQ,-0.00172015897047873,1.0,"(min = 0.94, max = 1.06)",66.0,0,0
4209,bus-4209,true,PQ,-0.0047042123746384844,1.0,"(min = 0.94, max = 1.06)",230.0,0,0
7665,bus-7665,true,PQ,-0.03572486747531964,1.0,"(min = 0.94, max = 1.06)",115.0,0,0
7842,bus-7842,true,PQ,-0.03303335875843782,1.0,"(min = 0.94, max = 1.06)",230.0,0,0
220,bus-220,true,PV,-0.0005459851557278707,1.0,"(min = 0.94, max = 1.06)",230.0,0,0
7017,bus-7017,true,PQ,0.007813207985027677,1.0,"(min = 0.94, max = 1.06)",115.0,0,0
5702,bus-5702,true,PQ,0.0002374083888132484,1.0,"(min = 0.94, max = 1.06)",66.0,0,0
1926,bus-1926,true,PV,-0.00653558016283729,1.0,"(min = 0.94, max = 1.06)",230.0,0,0
1150,bus-1150,true,PQ,-0.030971896797299277,1.0,"(min = 0.94, max = 1.06)",115.0,0,0
4045,bus-4045,true,PQ,-0.023628020623943,1.0,"(min = 0.94, max = 1.06)",66.0,0,0
4526,bus-4526,true,PQ,-0.0323506889294835,1.0,"(min = 0.94, max = 1.06)",115.0,0,0
200,bus-200,true,PV,0.014455194746253387,1.0,"(min = 0.94, max = 1.06)",66.0,0,0
2777,bus-2777,true,PQ,-0.03810304979796153,1.0,"(min = 0.94, max = 1.06)",66.0,0,0
3595,bus-3595,true,PQ,-0.03341391942425477,1.0,"(min = 0.94, max = 1.06)",66.0,0,0
6777,bus-6777,true,PQ,0.004149839656963048,1.0,"(min = 0.94, max = 1.06)",115.0,0,0
6623,bus-6623,true,PQ,0.0007225958412965961,1.0,"(min = 0.94, max = 1.06)",66.0,0,0
81,bus-81,true,PQ,-0.03070559288923366,1.0,"(min = 0.94, max = 1.06)",66.0,0,0
7093,bus-7093,true,PQ,-0.03241641331672463,1.0,"(min = 0.94, max = 1.06)",230.0,0,0
6733,bus-6733,true,PQ,0.0005498648359048242,1.0,"(min = 0.94, max = 1.06)",66.0,0,0
8316,bus-8316,true,PQ,0.004732974178980874,1.0,"(min = 0.94, max = 1.06)",66.0,0,0
6178,bus-6178,true,PQ,-0.0010465047759112744,1.0,"(min = 0.94, max = 1.06)",66.0,0,0
1479,bus-1479,true,PQ,-0.0024834364103120525,1.0,"(min = 0.94, max = 1.06)",66.0,0,0
6791,bus-6791,true,PQ,0.007421441607281218,1.0,"(min = 0.94, max = 1.06)",230.0,0,0
3342,bus-3342,true,PQ,-0.029785741541579574,1.0,"(min = 0.94, max = 1.06)",230.0,0,0
490,bus-490,true,PQ,-0.00015960857584478713,1.0,"(min = 0.94, max = 1.06)",66.0,0,0
1977,bus-1977,true,PQ,-0.01632791570252383,1.0,"(min = 0.94, max = 1.06)",66.0,0,0
973,bus-973,true,PQ,-0.03444343766279329,1.0,"(min = 0.94, max = 1.06)",66.0,0,0
2020,bus-2020,true,PV,-0.002878173635151378,1.0,"(min = 0.94, max = 1.06)",66.0,0,0
190,bus-190,true,PQ,0.015659862552269362,1.0,"(min = 0.94, max = 1.06)",115.0,0,0
2427,bus-2427,true,PQ,0.0005229513980721492,1.0,"(min = 0.94, max = 1.06)",66.0,0,0
4501,bus-4501,true,PQ,-0.03020303807202543,1.0,"(min = 0.94, max = 1.06)",66.0,0,0
5784,bus-5784,true,PQ,6.288464980526747e-5,1.0,"(min = 0.94, max = 1.06)",66.0,0,0
6591,bus-6591,true,PQ,-0.0006803824789764667,1.0,"(min = 0.94, max = 1.06)",66.0,0,0
8497,bus-8497,true,PQ,0.005520949181392552,1.0,"(min = 0.94, max = 1.06)",66.0,0,0
4260,bus-4260,true,PQ,-0.005696423467377341,1.0,"(min = 0.94, max = 1.06)",115.0,0,0
5916,bus-5916,true,PQ,-0.0006529900390212402,1.0,"(min = 0.94, max = 1.06)",66.0,0,0
3893,bus-3893,true,PQ,-0.03403863385006736,1.0,"(min = 0.94, max = 1.06)",115.0,0,0
7354,bus-7354,true,PQ,-0.035096775488338595,1.0,"(min = 0.94, max = 1.06)",66.0,0,0
1250,bus-1250,true,PV,-0.032445799599873384,1.0,"(min = 0.94, max = 1.06)",115.0,0,0
3542,bus-3542,true,PQ,0.013398679597765388,1.0,"(min = 0.94, max = 1.06)",66.0,0,0
6002,bus-6002,true,PQ,-0.0013024079178984114,1.0,"(min = 0.94, max = 1.06)",66.0,0,0
2830,bus-2830,true,PQ,-0.020877991540840586,1.0,"(min = 0.94, max = 1.06)",115.0,0,0
6377,bus-6377,true,PQ,-0.0004294442681311609,1.0,"(min = 0.94, max = 1.06)",66.0,0,0
6925,bus-6925,true,PQ,0.006993242511143637,1.0,"(min = 0.94, max = 1.06)",66.0,0,0
1664,bus-1664,true,PQ,-0.0057105942842664735,1.0,"(min = 0.94, max = 1.06)",115.0,0,0
6679,bus-6679,true,PQ,-9.832762670963655e-5,1.0,"(min = 0.94, max = 1.06)",66.0,0,0
7390,bus-7390,true,PQ,-0.03509399517884017,1.0,"(min = 0.94, max = 1.06)",66.0,0,0
3766,bus-3766,true,PQ,-0.03283137128050574,1.0,"(min = 0.94, max = 1.06)",66.0,0,0
8658,bus-8658,true,PQ,0.00047378280792570107,1.0,"(min = 0.94, max = 1.06)",66.0,0,0
6764,bus-6764,true,PQ,-6.338307273000452e-6,1.0,"(min = 0.94, max = 1.06)",66.0,0,0
404,bus-404,true,PQ,-0.0009249435464596409,1.0,"(min = 0.94, max = 1.06)",66.0,0,0
5259,bus-5259,true,PQ,0.004091528049574285,1.0,"(min = 0.94, max = 1.06)",66.0,0,0
2852,bus-2852,true,PQ,-0.031165681227746985,1.0,"(min = 0.94, max = 1.06)",115.0,0,0
6435,bus-6435,true,PQ,-5.5617327089029235e-5,1.0,"(min = 0.94, max = 1.06)",66.0,0,0
980,bus-980,true,PQ,-0.03411407937217625,1.0,"(min = 0.94, max = 1.06)",66.0,0,0
1137,bus-1137,true,PQ,-0.03102926803874036,1.0,"(min = 0.94, max = 1.06)",115.0,0,0
2464,bus-2464,true,PQ,0.0021785428710591084,1.0,"(min = 0.94, max = 1.06)",66.0,0,0
6794,bus-6794,true,PQ,0.007793211189282218,1.0,"(min = 0.94, max = 1.06)",230.0,0,0
7199,bus-7199,true,PQ,-0.03494639181133438,1.0,"(min = 0.94, max = 1.06)",66.0,0,0
4065,bus-4065,true,PQ,-0.02194690168606369,1.0,"(min = 0.94, max = 1.06)",66.0,0,0
2170,bus-2170,true,PQ,-0.03230402406127293,1.0,"(min = 0.94, max = 1.06)",66.0,0,0
7967,bus-7967,true,PQ,0.005161482826714589,1.0,"(min = 0.94, max = 1.06)",115.0,0,0
8230,bus-8230,true,PQ,-0.018480772912047187,1.0,"(min = 0.94, max = 1.06)",66.0,0,0
4857,bus-4857,true,PQ,0.002953425739872556,1.0,"(min = 0.94, max = 1.06)",230.0,0,0
2446,bus-2446,true,PQ,0.0006515673897320131,1.0,"(min = 0.94, max = 1.06)",66.0,0,0
5871,bus-5871,true,PQ,-0.0007073629374524183,1.0,"(min = 0.94, max = 1.06)",66.0,0,0
6709,bus-6709,true,PQ,0.0007368413251164582,1.0,"(min = 0.94, max = 1.06)",230.0,0,0
8254,bus-8254,true,PQ,-0.031041435950686487,1.0,"(min = 0.94, max = 1.06)",115.0,0,0
4714,bus-4714,true,PQ,-0.0010789962546173969,1.0,"(min = 0.94, max = 1.06)",230.0,0,0
4089,bus-4089,true,PQ,-0.010032001761469326,1.0,"(min = 0.94, max = 1.06)",115.0,0,0
6746,bus-6746,true,PQ,0.0022397736987014648,1.0,"(min = 0.94, max = 1.06)",66.0,0,0
6985,bus-6985,true,PQ,0.010649839921641617,1.0,"(min = 0.94, max = 1.06)",66.0,0,0
3926,bus-3926,true,PQ,-0.03387197969017729,1.0,"(min = 0.94, max = 1.06)",66.0,0,0
8675,bus-8675,true,PQ,-0.031451133143036235,1.0,"(min = 0.94, max = 1.06)",115.0,0,0
1819,bus-1819,true,PQ,-0.024465623854195626,1.0,"(min = 0.94, max = 1.06)",500.0,0,0
4746,bus-4746,true,PQ,0.0015287499156896958,1.0,"(min = 0.94, max = 1.06)",230.0,0,0
3950,bus-3950,true,PQ,-0.03182335497475301,1.0,"(min = 0.94, max = 1.06)",66.0,0,0
3591,bus-3591,true,PQ,-0.03262163122456923,1.0,"(min = 0.94, max = 1.06)",115.0,0,0
2984,bus-2984,true,PQ,-0.05049158200805092,1.0,"(min = 0.94, max = 1.06)",115.0,0,0
7562,bus-7562,true,PV,0.018665497512880717,1.0,"(min = 0.94, max = 1.06)",115.0,0,0
8161,bus-8161,true,PQ,-0.030874058700887306,1.0,"(min = 0.94, max = 1.06)",115.0,0,0
8351,bus-8351,true,PQ,0.013303935219625621,1.0,"(min = 0.94, max = 1.06)",66.0,0,0
15,bus-15,true,PQ,-0.031668716534098286,1.0,"(min = 0.94, max = 1.06)",66.0,0,0
3065,bus-3065,true,PQ,-0.031024959868014734,1.0,"(min = 0.94, max = 1.06)",115.0,0,0
6553,bus-6553,true,PQ,-1.1695490395535954e-5,1.0,"(min = 0.94, max = 1.06)",66.0,0,0
7569,bus-7569,true,PQ,-0.03274034502963138,1.0,"(min = 0.94, max = 1.06)",230.0,0,0
3778,bus-3778,true,PQ,-0.032237186503034886,1.0,"(min = 0.94, max = 1.06)",66.0,0,0
5066,bus-5066,true,PQ,-0.0022684270133775507,1.0,"(min = 0.94, max = 1.06)",66.0,0,0
5865,bus-5865,true,PQ,-0.0005423308534078859,1.0,"(min = 0.94, max = 1.06)",66.0,0,0
5666,bus-5666,true,PQ,0.001635014304650663,1.0,"(min = 0.94, max = 1.06)",66.0,0,0
2952,bus-2952,true,PQ,-0.03423862641666441,1.0,"(min = 0.94, max = 1.06)",66.0,0,0
7492,bus-7492,true,PQ,-0.027078083118596122,1.0,"(min = 0.94, max = 1.06)",230.0,0,0
8154,bus-8154,true,PQ,-0.034538027177868524,1.0,"(min = 0.94, max = 1.06)",115.0,0,0
245,bus-245,true,PV,-0.006568269952834341,1.0,"(min = 0.94, max = 1.06)",115.0,0,0
3812,bus-3812,true,PQ,-0.03207302449878373,1.0,"(min = 0.94, max = 1.06)",66.0,0,0
4242,bus-4242,true,PQ,-0.019158349172112482,1.0,"(min = 0.94, max = 1.06)",66.0,0,0
7085,bus-7085,true,PQ,-0.032850026406748604,1.0,"(min = 0.94, max = 1.06)",230.0,0,0
8796,bus-8796,true,PQ,-0.027214281806637677,1.0,"(min = 0.94, max = 1.06)",230.0,0,0
2340,bus-2340,true,PQ,-0.03448126959419245,1.0,"(min = 0.94, max = 1.06)",66.0,0,0
3836,bus-3836,true,PQ,-0.03144281717274926,1.0,"(min = 0.94, max = 1.06)",66.0,0,0
566,bus-566,true,PQ,-0.021595455904696807,1.0,"(min = 0.94, max = 1.06)",66.0,0,0
6837,bus-6837,true,PQ,0.004171894736948677,1.0,"(min = 0.94, max = 1.06)",115.0,0,0
1751,bus-1751,true,PQ,-0.03989287185591233,1.0,"(min = 0.94, max = 1.06)",66.0,0,0
4577,bus-4577,true,PQ,-0.0065759320355170585,1.0,"(min = 0.94, max = 1.06)",115.0,0,0
609,bus-609,true,PQ,-0.028449074501688557,1.0,"(min = 0.94, max = 1.06)",115.0,0,0
1708,bus-1708,true,PV,0.01379574252619287,1.0,"(min = 0.94, max = 1.06)",115.0,0,0
3619,bus-3619,true,PQ,-0.03728784176000587,1.0,"(min = 0.94, max = 1.06)",66.0,0,0
6029,bus-6029,true,PQ,-0.0013433640165839036,1.0,"(min = 0.94, max = 1.06)",66.0,0,0
7274,bus-7274,true,PQ,-0.03452693595953795,1.0,"(min = 0.94, max = 1.06)",66.0,0,0
5281,bus-5281,true,PQ,0.0020474185532848017,1.0,"(min = 0.94, max = 1.06)",66.0,0,0
1488,bus-1488,true,PQ,-0.037161785529313505,1.0,"(min = 0.94, max = 1.06)",66.0,0,0
4829,bus-4829,true,PQ,0.004539533665662274,1.0,"(min = 0.94, max = 1.06)",66.0,0,0
5847,bus-5847,true,PQ,-0.001322910626998159,1.0,"(min = 0.94, max = 1.06)",66.0,0,0
6701,bus-6701,true,PQ,0.003030639228153833,1.0,"(min = 0.94, max = 1.06)",66.0,0,0
2225,bus-2225,true,PQ,0.0011123873981930446,1.0,"(min = 0.94, max = 1.06)",66.0,0,0
7395,bus-7395,true,PQ,-0.03503954125524379,1.0,"(min = 0.94, max = 1.06)",66.0,0,0
5306,bus-5306,true,PQ,0.0006860831554098053,1.0,"(min = 0.94, max = 1.06)",66.0,0,0
5187,bus-5187,true,PQ,0.005717641784159687,1.0,"(min = 0.94, max = 1.06)",115.0,0,0
2773,bus-2773,true,PQ,-0.03814785117812975,1.0,"(min = 0.94, max = 1.06)",66.0,0,0
7521,bus-7521,true,PQ,-0.027025005212582023,1.0,"(min = 0.94, max = 1.06)",230.0,0,0
7575,bus-7575,true,PQ,-0.030269635996557184,1.0,"(min = 0.94, max = 1.06)",66.0,0,0
7880,bus-7880,true,PQ,-0.0034228242056680903,1.0,"(min = 0.94, max = 1.06)",66.0,0,0
5488,bus-5488,true,PQ,0.00273096719042408,1.0,"(min = 0.94, max = 1.06)",115.0,0,0
7933,bus-7933,true,PQ,-0.005599931927389868,1.0,"(min = 0.94, max = 1.06)",115.0,0,0
3574,bus-3574,true,PQ,-0.0342710589974896,1.0,"(min = 0.94, max = 1.06)",66.0,0,0
3262,bus-3262,true,PQ,-0.03076482918951342,1.0,"(min = 0.94, max = 1.06)",115.0,0,0
4252,bus-4252,true,PQ,-0.006419208746710948,1.0,"(min = 0.94, max = 1.06)",115.0,0,0
6545,bus-6545,true,PQ,-0.0009680059119770983,1.0,"(min = 0.94, max = 1.06)",66.0,0,0
2195,bus-2195,true,PQ,-0.005753849145637792,1.0,"(min = 0.94, max = 1.06)",115.0,0,0
2167,bus-2167,true,PQ,-0.032116953563391795,1.0,"(min = 0.94, max = 1.06)",66.0,0,0
2206,bus-2206,true,PQ,-0.002145075851039559,1.0,"(min = 0.94, max = 1.06)",66.0,0,0
4101,bus-4101,true,PQ,-0.012485823774099389,1.0,"(min = 0.94, max = 1.06)",66.0,0,0
6310,bus-6310,true,PQ,-0.0016178122260966056,1.0,"(min = 0.94, max = 1.06)",66.0,0,0
4317,bus-4317,true,PQ,-0.033777573783739356,1.0,"(min = 0.94, max = 1.06)",230.0,0,0
6006,bus-6006,true,PQ,-0.001069748330869732,1.0,"(min = 0.94, max = 1.06)",66.0,0,0
4433,bus-4433,true,PQ,-0.03469472999396251,1.0,"(min = 0.94, max = 1.06)",115.0,0,0
6222,bus-6222,true,PQ,-0.0005310624562329669,1.0,"(min = 0.94, max = 1.06)",66.0,0,0
8178,bus-8178,true,PQ,0.0008589997102450153,1.0,"(min = 0.94, max = 1.06)",230.0,0,0
1532,bus-1532,true,PQ,-0.032549107034562326,1.0,"(min = 0.94, max = 1.06)",230.0,0,0
8819,bus-8819,true,PQ,-0.00046934374099683724,1.0,"(min = 0.94, max = 1.06)",66.0,0,0
1891,bus-1891,true,PV,-0.028694762406096697,1.0,"(min = 0.94, max = 1.06)",66.0,0,0
1103,bus-1103,true,PQ,0.011025402680065853,1.0,"(min = 0.94, max = 1.06)",230.0,0,0
6851,bus-6851,true,PQ,0.005902443947425173,1.0,"(min = 0.94, max = 1.06)",66.0,0,0
7900,bus-7900,true,PQ,-0.03482025250296961,1.0,"(min = 0.94, max = 1.06)",66.0,0,0
717,bus-717,true,PQ,0.0001891830321904434,1.0,"(min = 0.94, max = 1.06)",66.0,0,0
7758,bus-7758,true,PQ,-0.0324383285434773,1.0,"(min = 0.94, max = 1.06)",66.0,0,0
5,bus-5,true,PQ,-0.03311200067653881,1.0,"(min = 0.94, max = 1.06)",115.0,0,0
1913,bus-1913,true,PQ,-0.03377758477931365,1.0,"(min = 0.94, max = 1.06)",230.0,0,0
2496,bus-2496,true,PQ,0.014296700646388202,1.0,"(min = 0.94, max = 1.06)",115.0,0,0
4920,bus-4920,true,PQ,0.00912481831023219,1.0,"(min = 0.94, max = 1.06)",115.0,0,0
2719,bus-2719,true,PQ,-0.029692567488527707,1.0,"(min = 0.94, max = 1.06)",66.0,0,0
6958,bus-6958,true,PQ,0.009077150261674155,1.0,"(min = 0.94, max = 1.06)",66.0,0,0
7828,bus-7828,true,PQ,-0.034440207931012476,1.0,"(min = 0.94, max = 1.06)",66.0,0,0
8058,bus-8058,true,PQ,-0.032886589134715705,1.0,"(min = 0.94, max = 1.06)",66.0,0,0
7250,bus-7250,true,PQ,-0.034336037605541346,1.0,"(min = 0.94, max = 1.06)",66.0,0,0
1115,bus-1115,true,PQ,0.00831459261133232,1.0,"(min = 0.94, max = 1.06)",66.0,0,0
2302,bus-2302,true,PV,-0.03198987526788946,1.0,"(min = 0.94, max = 1.06)",66.0,0,0
6539,bus-6539,true,PQ,-0.00013947275886481958,1.0,"(min = 0.94, max = 1.06)",66.0,0,0
8363,bus-8363,true,PQ,0.008376302688933981,1.0,"(min = 0.94, max = 1.06)",66.0,0,0
8704,bus-8704,true,PV,-0.03158694908037283,1.0,"(min = 0.94, max = 1.06)",230.0,0,0
3173,bus-3173,true,PQ,-0.03268898836732559,1.0,"(min = 0.94, max = 1.06)",115.0,0,0
8512,bus-8512,true,PQ,-0.034987953511345045,1.0,"(min = 0.94, max = 1.06)",66.0,0,0
747,bus-747,true,PQ,-0.037871843937554744,1.0,"(min = 0.94, max = 1.06)",66.0,0,0
4269,bus-4269,true,PQ,-0.00598444237802384,1.0,"(min = 0.94, max = 1.06)",115.0,0,0
3833,bus-3833,true,PQ,-0.03227082318651102,1.0,"(min = 0.94, max = 1.06)",66.0,0,0
5675,bus-5675,true,PQ,0.000997244461731317,1.0,"(min = 0.94, max = 1.06)",66.0,0,0
2529,bus-2529,true,PQ,0.010775726698316905,1.0,"(min = 0.94, max = 1.06)",115.0,0,0
5676,bus-5676,true,PQ,0.0009944712487416287,1.0,"(min = 0.94, max = 1.06)",66.0,0,0
47,bus-47,true,PQ,-0.034272447755975405,1.0,"(min = 0.94, max = 1.06)",66.0,0,0
7026,bus-7026,true,PQ,0.00839354221352714,1.0,"(min = 0.94, max = 1.06)",230.0,0,0
8755,bus-8755,true,PQ,-0.03220252880194633,1.0,"(min = 0.94, max = 1.06)",66.0,0,0
2405,bus-2405,true,PV,0.012333433945839764,1.0,"(min = 0.94, max = 1.06)",230.0,0,0
6283,bus-6283,true,PQ,0.00036658888103973113,1.0,"(min = 0.94, max = 1.06)",66.0,0,0
6010,bus-6010,true,PQ,-0.0010708419524337023,1.0,"(min = 0.94, max = 1.06)",66.0,0,0
8631,bus-8631,true,PQ,0.005303389142835893,1.0,"(min = 0.94, max = 1.06)",115.0,0,0
163,bus-163,true,PQ,-0.03811390661857356,1.0,"(min = 0.94, max = 1.06)",66.0,0,0
1883,bus-1883,true,PQ,-0.03641554993633694,1.0,"(min = 0.94, max = 1.06)",66.0,0,0
969,bus-969,true,PQ,-0.03511133397776117,1.0,"(min = 0.94, max = 1.06)",66.0,0,0
5460,bus-5460,true,PQ,0.001700600599696042,1.0,"(min = 0.94, max = 1.06)",66.0,0,0
8634,bus-8634,true,PQ,-0.031298585257759554,1.0,"(min = 0.94, max = 1.06)",66.0,0,0
2244,bus-2244,true,PQ,-0.029695539435178005,1.0,"(min = 0.94, max = 1.06)",66.0,0,0
4570,bus-4570,true,PQ,-0.015116944901713664,1.0,"(min = 0.94, max = 1.06)",66.0,0,0
710,bus-710,true,PQ,-0.0005426771441847741,1.0,"(min = 0.94, max = 1.06)",66.0,0,0
5563,bus-5563,true,PQ,-0.0005716832858957972,1.0,"(min = 0.94, max = 1.06)",66.0,0,0
5868,bus-5868,true,PQ,-0.0005830972941448808,1.0,"(min = 0.94, max = 1.06)",66.0,0,0
4425,bus-4425,true,PQ,-0.03246123057938904,1.0,"(min = 0.94, max = 1.06)",66.0,0,0
7486,bus-7486,true,PQ,-0.026007011906693196,1.0,"(min = 0.94, max = 1.06)",500.0,0,0
4673,bus-4673,true,PQ,-0.0430092818518568,1.0,"(min = 0.94, max = 1.06)",66.0,0,0
8835,bus-8835,true,PQ,-0.0005861921329184681,1.0,"(min = 0.94, max = 1.06)",66.0,0,0
6425,bus-6425,true,PQ,-0.0003808819599882951,1.0,"(min = 0.94, max = 1.06)",66.0,0,0
1422,bus-1422,true,PQ,-0.0032711777829500586,1.0,"(min = 0.94, max = 1.06)",66.0,0,0
4890,bus-4890,true,PQ,-0.0012624155202127004,1.0,"(min = 0.94, max = 1.06)",66.0,0,0
1611,bus-1611,true,PQ,-0.033317483874429704,1.0,"(min = 0.94, max = 1.06)",115.0,0,0
2937,bus-2937,true,PQ,-0.0354650282668034,1.0,"(min = 0.94, max = 1.06)",115.0,0,0
3370,bus-3370,true,PQ,-0.03199145130020402,1.0,"(min = 0.94, max = 1.06)",115.0,0,0
3768,bus-3768,true,PQ,-0.032498104499561774,1.0,"(min = 0.94, max = 1.06)",66.0,0,0
4508,bus-4508,true,PQ,-0.032116893174999675,1.0,"(min = 0.94, max = 1.06)",66.0,0,0
225,bus-225,true,PQ,-0.01667268249281577,1.0,"(min = 0.94, max = 1.06)",66.0,0,0
2821,bus-2821,true,PQ,-0.0018082790893235604,1.0,"(min = 0.94, max = 1.06)",115.0,0,0
6603,bus-6603,true,PQ,0.0004902534661141376,1.0,"(min = 0.94, max = 1.06)",66.0,0,0
6269,bus-6269,true,PQ,-0.0014489831835003473,1.0,"(min = 0.94, max = 1.06)",66.0,0,0
2888,bus-2888,true,PQ,-0.033160684367095156,1.0,"(min = 0.94, max = 1.06)",115.0,0,0
4110,bus-4110,true,PQ,-0.019050167032822717,1.0,"(min = 0.94, max = 1.06)",66.0,0,0
6620,bus-6620,true,PQ,-5.838967299914521e-5,1.0,"(min = 0.94, max = 1.06)",66.0,0,0
6735,bus-6735,true,PQ,-0.0010073801751282767,1.0,"(min = 0.94, max = 1.06)",66.0,0,0
2154,bus-2154,true,PV,-0.03358508421306371,1.0,"(min = 0.94, max = 1.06)",115.0,0,0
5755,bus-5755,true,PQ,0.0006606161207974771,1.0,"(min = 0.94, max = 1.06)",66.0,0,0
6896,bus-6896,true,PQ,0.006514365231993693,1.0,"(min = 0.94, max = 1.06)",66.0,0,0
1321,bus-1321,true,PQ,-0.03403963392372875,1.0,"(min = 0.94, max = 1.06)",66.0,0,0
4362,bus-4362,true,PQ,-0.03645880128959646,1.0,"(min = 0.94, max = 1.06)",66.0,0,0
6540,bus-6540,true,PQ,0.00012309643956217776,1.0,"(min = 0.94, max = 1.06)",66.0,0,0
3021,bus-3021,true,PQ,-0.04965517363020421,1.0,"(min = 0.94, max = 1.06)",115.0,0,0
4051,bus-4051,true,PQ,-0.022018103789162205,1.0,"(min = 0.94, max = 1.06)",230.0,0,0
6793,bus-6793,true,PQ,0.007751286164081165,1.0,"(min = 0.94, max = 1.06)",230.0,0,0
1433,bus-1433,true,PQ,-0.0037305600136079064,1.0,"(min = 0.94, max = 1.06)",66.0,0,0
5464,bus-5464,true,PQ,0.0010561622865464801,1.0,"(min = 0.94, max = 1.06)",66.0,0,0
6799,bus-6799,true,PQ,0.007737550981373329,1.0,"(min = 0.94, max = 1.06)",230.0,0,0
4749,bus-4749,true,PQ,-0.0014657821276491084,1.0,"(min = 0.94, max = 1.06)",230.0,0,0
5620,bus-5620,true,PQ,0.00037360653231207643,1.0,"(min = 0.94, max = 1.06)",66.0,0,0
6275,bus-6275,true,PQ,0.0013598147727828796,1.0,"(min = 0.94, max = 1.06)",66.0,0,0
1204,bus-1204,true,PQ,-0.03259478020669192,1.0,"(min = 0.94, max = 1.06)",115.0,0,0
2202,bus-2202,true,PQ,-0.005201718792078733,1.0,"(min = 0.94, max = 1.06)",66.0,0,0
410,bus-410,true,PQ,-0.00038034299184330376,1.0,"(min = 0.94, max = 1.06)",66.0,0,0
7148,bus-7148,true,PQ,-0.03471110833819615,1.0,"(min = 0.94, max = 1.06)",66.0,0,0
218,bus-218,true,PQ,-0.006009327736284381,1.0,"(min = 0.94, max = 1.06)",115.0,0,0
5967,bus-5967,true,PQ,9.711727577996351e-6,1.0,"(min = 0.94, max = 1.06)",66.0,0,0
6916,bus-6916,true,PQ,0.0068899068893872725,1.0,"(min = 0.94, max = 1.06)",66.0,0,0
7812,bus-7812,true,PQ,-0.028446390534364843,1.0,"(min = 0.94, max = 1.06)",115.0,0,0
6847,bus-6847,true,PQ,0.004497049628955099,1.0,"(min = 0.94, max = 1.06)",66.0,0,0
5013,bus-5013,true,PQ,-0.002984174601568342,1.0,"(min = 0.94, max = 1.06)",66.0,0,0
6148,bus-6148,true,PQ,-0.00043960316124591636,1.0,"(min = 0.94, max = 1.06)",66.0,0,0
4519,bus-4519,true,PQ,-0.03188074314588784,1.0,"(min = 0.94, max = 1.06)",115.0,0,0
8073,bus-8073,true,PV,0.00310307026993855,1.0,"(min = 0.94, max = 1.06)",230.0,0,0
1743,bus-1743,true,PV,-0.03264956364845107,1.0,"(min = 0.94, max = 1.06)",66.0,0,0
4236,bus-4236,true,PQ,-0.01803498772128688,1.0,"(min = 0.94, max = 1.06)",66.0,0,0
5718,bus-5718,true,PQ,0.0009080060755281491,1.0,"(min = 0.94, max = 1.06)",66.0,0,0
6372,bus-6372,true,PQ,-0.0003696464256178619,1.0,"(min = 0.94, max = 1.06)",66.0,0,0
8188,bus-8188,true,PQ,-0.00025011955892367,1.0,"(min = 0.94, max = 1.06)",500.0,0,0
4343,bus-4343,true,PQ,-0.033205014682898264,1.0,"(min = 0.94, max = 1.06)",115.0,0,0
6992,bus-6992,true,PQ,0.013635806452752983,1.0,"(min = 0.94, max = 1.06)",66.0,0,0
7798,bus-7798,true,PQ,0.014740545432446022,1.0,"(min = 0.94, max = 1.06)",66.0,0,0
1894,bus-1894,true,PQ,0.010487679181723965,1.0,"(min = 0.94, max = 1.06)",66.0,0,0
1860,bus-1860,true,PV,0.009803158815070347,1.0,"(min = 0.94, max = 1.06)",115.0,0,0
3513,bus-3513,true,PQ,-0.032525821200748074,1.0,"(min = 0.94, max = 1.06)",66.0,0,0
5100,bus-5100,true,PQ,0.006687902429401572,1.0,"(min = 0.94, max = 1.06)",66.0,0,0
2955,bus-2955,true,PQ,-0.034129860115674,1.0,"(min = 0.94, max = 1.06)",66.0,0,0
3082,bus-3082,true,PQ,-0.03234735535061219,1.0,"(min = 0.94, max = 1.06)",115.0,0,0
4493,bus-4493,true,PQ,-0.03435836822065599,1.0,"(min = 0.94, max = 1.06)",66.0,0,0
4378,bus-4378,true,PQ,-0.04964381677276149,1.0,"(min = 0.94, max = 1.06)",115.0,0,0
6649,bus-6649,true,PQ,0.01032811547427999,1.0,"(min = 0.94, max = 1.06)",115.0,0,0
558,bus-558,true,PQ,-7.01298984697911e-5,1.0,"(min = 0.94, max = 1.06)",66.0,0,0
403,bus-403,true,PQ,-0.0008560398220745215,1.0,"(min = 0.94, max = 1.06)",66.0,0,0
689,bus-689,true,PQ,-9.043838034905967e-6,1.0,"(min = 0.94, max = 1.06)",66.0,0,0
3354,bus-3354,true,PQ,-0.031460303801057916,1.0,"(min = 0.94, max = 1.06)",230.0,0,0
7761,bus-7761,true,PQ,0.001540230433200585,1.0,"(min = 0.94, max = 1.06)",500.0,0,0
5707,bus-5707,true,PQ,0.0008210558997501497,1.0,"(min = 0.94, max = 1.06)",66.0,0,0
8180,bus-8180,true,PQ,0.0010660579107062064,1.0,"(min = 0.94, max = 1.06)",115.0,0,0
7949,bus-7949,true,PQ,-0.0010786368581631553,1.0,"(min = 0.94, max = 1.06)",66.0,0,0
8132,bus-8132,true,PQ,-0.034066865074317144,1.0,"(min = 0.94, max = 1.06)",115.0,0,0
5655,bus-5655,true,PQ,0.001493731355560989,1.0,"(min = 0.94, max = 1.06)",66.0,0,0
4155,bus-4155,true,PQ,-0.02776847899655024,1.0,"(min = 0.94, max = 1.06)",66.0,0,0
6068,bus-6068,true,PQ,-0.0001868716525194545,1.0,"(min = 0.94, max = 1.06)",66.0,0,0
318,bus-318,true,PV,-0.008265626037810803,1.0,"(min = 0.94, max = 1.06)",115.0,0,0
6920,bus-6920,true,PQ,0.008266811727238145,1.0,"(min = 0.94, max = 1.06)",66.0,0,0
3391,bus-3391,true,PQ,-0.012567816654551036,1.0,"(min = 0.94, max = 1.06)",230.0,0,0
8597,bus-8597,true,PQ,0.004823084585783546,1.0,"(min = 0.94, max = 1.06)",66.0,0,0
5510,bus-5510,true,PQ,0.0067669996864511105,1.0,"(min = 0.94, max = 1.06)",115.0,0,0
3802,bus-3802,true,PQ,-0.032180441311196496,1.0,"(min = 0.94, max = 1.06)",115.0,0,0
2291,bus-2291,true,PQ,-0.035887801814974946,1.0,"(min = 0.94, max = 1.06)",66.0,0,0
3255,bus-3255,true,PQ,-0.03506424342374604,1.0,"(min = 0.94, max = 1.06)",115.0,0,0
3989,bus-3989,true,PQ,-0.03168018736154117,1.0,"(min = 0.94, max = 1.06)",66.0,0,0
4993,bus-4993,true,PQ,-0.0037497304134058397,1.0,"(min = 0.94, max = 1.06)",66.0,0,0
5175,bus-5175,true,PQ,0.002311506172453071,1.0,"(min = 0.94, max = 1.06)",115.0,0,0
7471,bus-7471,true,PQ,-0.034650647340380265,1.0,"(min = 0.94, max = 1.06)",66.0,0,0
1762,bus-1762,true,PV,-0.03377430024419432,1.0,"(min = 0.94, max = 1.06)",230.0,0,0
3167,bus-3167,true,PQ,-0.03373574312849096,1.0,"(min = 0.94, max = 1.06)",115.0,0,0
2276,bus-2276,true,PV,0.00039474256903749514,1.0,"(min = 0.94, max = 1.06)",66.0,0,0
3208,bus-3208,true,PQ,-0.03203559504031008,1.0,"(min = 0.94, max = 1.06)",230.0,0,0
330,bus-330,true,PQ,-0.03829715641618917,1.0,"(min = 0.94, max = 1.06)",115.0,0,0
1983,bus-1983,true,PQ,-0.019470104595492692,1.0,"(min = 0.94, max = 1.06)",115.0,0,0
5339,bus-5339,true,PQ,0.0004251127745707437,1.0,"(min = 0.94, max = 1.06)",66.0,0,0
6829,bus-6829,true,PQ,0.010902685613298404,1.0,"(min = 0.94, max = 1.06)",230.0,0,0
8137,bus-8137,true,PQ,-0.03449119405991806,1.0,"(min = 0.94, max = 1.06)",66.0,0,0
1619,bus-1619,true,PQ,-0.030780410790943524,1.0,"(min = 0.94, max = 1.06)",66.0,0,0
7540,bus-7540,true,PQ,-0.029147203759025336,1.0,"(min = 0.94, max = 1.06)",66.0,0,0
85,bus-85,true,PQ,-0.03292064434814647,1.0,"(min = 0.94, max = 1.06)",115.0,0,0
1678,bus-1678,true,PQ,0.0056189996843744915,1.0,"(min = 0.94, max = 1.06)",66.0,0,0
3421,bus-3421,true,PQ,-0.031758582839151776,1.0,"(min = 0.94, max = 1.06)",230.0,0,0
6,bus-6,true,PV,-0.05285745208001756,1.0,"(min = 0.94, max = 1.06)",66.0,0,0
4961,bus-4961,true,PQ,-0.0032850260280868375,1.0,"(min = 0.94, max = 1.06)",66.0,0,0
5307,bus-5307,true,PQ,0.0002734900604052715,1.0,"(min = 0.94, max = 1.06)",66.0,0,0
8098,bus-8098,true,PQ,0.0040730405622060725,1.0,"(min = 0.94, max = 1.06)",66.0,0,0
2248,bus-2248,true,PV,-0.032064137805831346,1.0,"(min = 0.94, max = 1.06)",115.0,0,0
5452,bus-5452,true,PQ,0.002733361136385993,1.0,"(min = 0.94, max = 1.06)",66.0,0,0
5848,bus-5848,true,PQ,-0.0012342529589610192,1.0,"(min = 0.94, max = 1.06)",66.0,0,0
6521,bus-6521,true,PQ,-9.910054664154687e-5,1.0,"(min = 0.94, max = 1.06)",66.0,0,0
537,bus-537,true,PQ,0.00025648573463678194,1.0,"(min = 0.94, max = 1.06)",66.0,0,0
2451,bus-2451,true,PQ,0.0005338079516488043,1.0,"(min = 0.94, max = 1.06)",66.0,0,0
3803,bus-3803,true,PQ,-0.03216470908785194,1.0,"(min = 0.94, max = 1.06)",115.0,0,0
838,bus-838,true,PV,-0.034724126225488004,1.0,"(min = 0.94, max = 1.06)",66.0,0,0
3975,bus-3975,true,PQ,-0.030244263621622164,1.0,"(min = 0.94, max = 1.06)",66.0,0,0
6119,bus-6119,true,PQ,-0.0009723734046986672,1.0,"(min = 0.94, max = 1.06)",66.0,0,0
7135,bus-7135,true,PQ,-0.034100284638834334,1.0,"(min = 0.94, max = 1.06)",66.0,0,0
1779,bus-1779,true,PQ,-0.03446592919726497,1.0,"(min = 0.94, max = 1.06)",66.0,0,0
2346,bus-2346,true,PQ,-0.03450048462205935,1.0,"(min = 0.94, max = 1.06)",66.0,0,0
2949,bus-2949,true,PQ,-0.010060496495529576,1.0,"(min = 0.94, max = 1.06)",115.0,0,0
8049,bus-8049,true,PQ,0.0035475515252146937,1.0,"(min = 0.94, max = 1.06)",115.0,0,0
5909,bus-5909,true,PQ,-0.0007174468372598742,1.0,"(min = 0.94, max = 1.06)",66.0,0,0
8271,bus-8271,true,PQ,-0.01318731107982359,1.0,"(min = 0.94, max = 1.06)",115.0,0,0
2944,bus-2944,true,PQ,-0.010838587750747088,1.0,"(min = 0.94, max = 1.06)",115.0,0,0
5884,bus-5884,true,PQ,0.00037590846102516584,1.0,"(min = 0.94, max = 1.06)",66.0,0,0
7110,bus-7110,true,PQ,-0.03402325610309389,1.0,"(min = 0.94, max = 1.06)",66.0,0,0
2022,bus-2022,true,PV,0.0007488244101854594,1.0,"(min = 0.94, max = 1.06)",66.0,0,0
7976,bus-7976,true,PQ,-6.303779948007024e-5,1.0,"(min = 0.94, max = 1.06)",66.0,0,0
694,bus-694,true,PQ,-0.0005667594939097647,1.0,"(min = 0.94, max = 1.06)",66.0,0,0
3231,bus-3231,true,PQ,-0.03220119711572706,1.0,"(min = 0.94, max = 1.06)",115.0,0,0
2652,bus-2652,true,PQ,0.0002243262123184011,1.0,"(min = 0.94, max = 1.06)",230.0,0,0
3286,bus-3286,true,PQ,-0.03056504187363641,1.0,"(min = 0.94, max = 1.06)",230.0,0,0
4342,bus-4342,true,PQ,-0.034317576036312525,1.0,"(min = 0.94, max = 1.06)",115.0,0,0
4453,bus-4453,true,PQ,-0.035263560722455504,1.0,"(min = 0.94, max = 1.06)",66.0,0,0
5360,bus-5360,true,PQ,0.0013857353905425331,1.0,"(min = 0.94, max = 1.06)",66.0,0,0
7206,bus-7206,true,PQ,-0.034859454168765736,1.0,"(min = 0.94, max = 1.06)",66.0,0,0
7952,bus-7952,true,PQ,-0.032580027287590664,1.0,"(min = 0.94, max = 1.06)",230.0,0,0
1472,bus-1472,true,PQ,0.0008971552379047941,1.0,"(min = 0.94, max = 1.06)",66.0,0,0
1232,bus-1232,true,PQ,-0.03218241964190363,1.0,"(min = 0.94, max = 1.06)",66.0,0,0
4846,bus-4846,true,PQ,6.0734971573350274e-5,1.0,"(min = 0.94, max = 1.06)",66.0,0,0
2948,bus-2948,true,PQ,-0.009943408551932122,1.0,"(min = 0.94, max = 1.06)",115.0,0,0
7664,bus-7664,true,PQ,-0.03572486747531964,1.0,"(min = 0.94, max = 1.06)",66.0,0,0
8085,bus-8085,true,PQ,-0.03263234231018872,1.0,"(min = 0.94, max = 1.06)",115.0,0,0
8143,bus-8143,true,PQ,0.0007012496791465421,1.0,"(min = 0.94, max = 1.06)",230.0,0,0
3104,bus-3104,true,PQ,-0.03102823515288903,1.0,"(min = 0.94, max = 1.06)",230.0,0,0
6644,bus-6644,true,PQ,0.008367438859794804,1.0,"(min = 0.94, max = 1.06)",66.0,0,0
2850,bus-2850,true,PQ,-0.03181084497827349,1.0,"(min = 0.94, max = 1.06)",115.0,0,0
5532,bus-5532,true,PQ,0.009937312780080022,1.0,"(min = 0.94, max = 1.06)",115.0,0,0
8183,bus-8183,true,PQ,0.0036481562651970493,1.0,"(min = 0.94, max = 1.06)",230.0,0,0
729,bus-729,true,PQ,0.0015181306274075447,1.0,"(min = 0.94, max = 1.06)",66.0,0,0
58,bus-58,true,PQ,-0.03208217054766295,1.0,"(min = 0.94, max = 1.06)",115.0,0,0
6040,bus-6040,true,PQ,-0.00040934064427284515,1.0,"(min = 0.94, max = 1.06)",66.0,0,0
1495,bus-1495,true,PQ,-0.035703015254952966,1.0,"(min = 0.94, max = 1.06)",66.0,0,0
2726,bus-2726,true,PQ,-0.028722221671218323,1.0,"(min = 0.94, max = 1.06)",66.0,0,0
954,bus-954,true,PQ,-0.03465279426989314,1.0,"(min = 0.94, max = 1.06)",66.0,0,0
5826,bus-5826,true,PQ,-0.001055318932979941,1.0,"(min = 0.94, max = 1.06)",66.0,0,0
8674,bus-8674,true,PQ,-0.03211925565267518,1.0,"(min = 0.94, max = 1.06)",66.0,0,0
7338,bus-7338,true,PQ,-0.035099715495463576,1.0,"(min = 0.94, max = 1.06)",66.0,0,0
8648,bus-8648,true,PQ,-0.03300191735009484,1.0,"(min = 0.94, max = 1.06)",115.0,0,0
7239,bus-7239,true,PQ,-0.03452800340290847,1.0,"(min = 0.94, max = 1.06)",66.0,0,0
5813,bus-5813,true,PQ,0.0003832703156606139,1.0,"(min = 0.94, max = 1.06)",66.0,0,0
2822,bus-2822,true,PQ,-0.01936176555110317,1.0,"(min = 0.94, max = 1.06)",230.0,0,0
2594,bus-2594,true,PQ,0.014265380835134213,1.0,"(min = 0.94, max = 1.06)",115.0,0,0
4842,bus-4842,true,PQ,0.003798748351967243,1.0,"(min = 0.94, max = 1.06)",66.0,0,0
6403,bus-6403,true,PQ,-0.0003614232562325423,1.0,"(min = 0.94, max = 1.06)",66.0,0,0
8393,bus-8393,true,PQ,-0.034749598956855005,1.0,"(min = 0.94, max = 1.06)",115.0,0,0
4699,bus-4699,true,PQ,0.0012555645810451762,1.0,"(min = 0.94, max = 1.06)",66.0,0,0
6463,bus-6463,true,PQ,-0.000752980323623126,1.0,"(min = 0.94, max = 1.06)",66.0,0,0
5232,bus-5232,true,PQ,0.0006368293408359824,1.0,"(min = 0.94, max = 1.06)",66.0,0,0
5791,bus-5791,true,PQ,6.864561898668218e-6,1.0,"(min = 0.94, max = 1.06)",66.0,0,0
6737,bus-6737,true,PQ,-0.0010757606637662822,1.0,"(min = 0.94, max = 1.06)",66.0,0,0
8693,bus-8693,true,PQ,-0.028545872032800488,1.0,"(min = 0.94, max = 1.06)",115.0,0,0
1173,bus-1173,true,PQ,-0.006116142410105209,1.0,"(min = 0.94, max = 1.06)",66.0,0,0
1745,bus-1745,true,PV,-0.0325468974477293,1.0,"(min = 0.94, max = 1.06)",66.0,0,0
5955,bus-5955,true,PQ,-0.001086972903227189,1.0,"(min = 0.94, max = 1.06)",66.0,0,0
1518,bus-1518,true,PQ,0.007129467588563482,1.0,"(min = 0.94, max = 1.06)",66.0,0,0
2123,bus-2123,true,PQ,-0.035645141009621475,1.0,"(min = 0.94, max = 1.06)",66.0,0,0
2063,bus-2063,true,PV,-0.0012373022970010074,1.0,"(min = 0.94, max = 1.06)",66.0,0,0
7337,bus-7337,true,PQ,-0.03514710048652352,1.0,"(min = 0.94, max = 1.06)",66.0,0,0
8686,bus-8686,true,PQ,-0.03374470260167315,1.0,"(min = 0.94, max = 1.06)",66.0,0,0
4744,bus-4744,true,PQ,5.5437007001096044e-5,1.0,"(min = 0.94, max = 1.06)",66.0,0,0
7016,bus-7016,true,PQ,0.007813307381528578,1.0,"(min = 0.94, max = 1.06)",115.0,0,0
1191,bus-1191,true,PQ,-0.0336882590027295,1.0,"(min = 0.94, max = 1.06)",66.0,0,0
7561,bus-7561,true,PQ,-0.0009160232855897579,1.0,"(min = 0.94, max = 1.06)",66.0,0,0
1147,bus-1147,true,PQ,-0.031959468141661215,1.0,"(min = 0.94, max = 1.06)",66.0,0,0
5575,bus-5575,true,PQ,-3.8587896155513175e-5,1.0,"(min = 0.94, max = 1.06)",66.0,0,0
931,bus-931,true,PQ,-0.03449702869560748,1.0,"(min = 0.94, max = 1.06)",66.0,0,0
2877,bus-2877,true,PQ,-0.0044378891283247505,1.0,"(min = 0.94, max = 1.06)",115.0,0,0
354,bus-354,true,PV,-0.0005030150657679663,1.0,"(min = 0.94, max = 1.06)",66.0,0,0
3003,bus-3003,true,PQ,-0.03316879735559013,1.0,"(min = 0.94, max = 1.06)",115.0,0,0
1578,bus-1578,true,PV,-0.03327701352880031,1.0,"(min = 0.94, max = 1.06)",66.0,0,0
5767,bus-5767,true,PQ,0.001715267969738684,1.0,"(min = 0.94, max = 1.06)",66.0,0,0
2804,bus-2804,true,PQ,-0.03649107015853781,1.0,"(min = 0.94, max = 1.06)",66.0,0,0
7383,bus-7383,true,PQ,-0.03482888175985733,1.0,"(min = 0.94, max = 1.06)",66.0,0,0
8629,bus-8629,true,PQ,0.0021576093920106882,1.0,"(min = 0.94, max = 1.06)",66.0,0,0
4030,bus-4030,true,PQ,-0.026220277178652884,1.0,"(min = 0.94, max = 1.06)",66.0,0,0
5644,bus-5644,true,PQ,0.001449933894014506,1.0,"(min = 0.94, max = 1.06)",66.0,0,0
3157,bus-3157,true,PQ,-0.03351857931458109,1.0,"(min = 0.94, max = 1.06)",115.0,0,0
8222,bus-8222,true,PQ,0.009045116244236958,1.0,"(min = 0.94, max = 1.06)",115.0,0,0
4129,bus-4129,true,PQ,-0.019520728568578487,1.0,"(min = 0.94, max = 1.06)",115.0,0,0
3953,bus-3953,true,PQ,-0.030598988876653545,1.0,"(min = 0.94, max = 1.06)",66.0,0,0
7497,bus-7497,true,PQ,-0.02707588766893004,1.0,"(min = 0.94, max = 1.06)",230.0,0,0
8069,bus-8069,true,PQ,0.003281753047047157,1.0,"(min = 0.94, max = 1.06)",66.0,0,0
7584,bus-7584,true,PQ,-0.03234711065545107,1.0,"(min = 0.94, max = 1.06)",230.0,0,0
1756,bus-1756,true,PQ,-0.049687589106802724,1.0,"(min = 0.94, max = 1.06)",115.0,0,0
2297,bus-2297,true,PQ,-0.03219387703031127,1.0,"(min = 0.94, max = 1.06)",66.0,0,0
3580,bus-3580,true,PQ,-0.035018275290972865,1.0,"(min = 0.94, max = 1.06)",66.0,0,0
7465,bus-7465,true,PQ,-0.034478753353009844,1.0,"(min = 0.94, max = 1.06)",66.0,0,0
2437,bus-2437,true,PQ,0.0006776297858227939,1.0,"(min = 0.94, max = 1.06)",66.0,0,0
8640,bus-8640,true,PV,0.008622190433541474,1.0,"(min = 0.94, max = 1.06)",230.0,0,0
3769,bus-3769,true,PQ,-0.03188856082467337,1.0,"(min = 0.94, max = 1.06)",66.0,0,0
4564,bus-4564,true,PQ,-0.01441128474064075,1.0,"(min = 0.94, max = 1.06)",66.0,0,0
1158,bus-1158,true,PQ,-0.0321902278959112,1.0,"(min = 0.94, max = 1.06)",66.0,0,0
2024,bus-2024,true,PQ,-0.0013114869618423238,1.0,"(min = 0.94, max = 1.06)",66.0,0,0
3412,bus-3412,true,PQ,-0.03136735594267711,1.0,"(min = 0.94, max = 1.06)",230.0,0,0
192,bus-192,true,PV,0.01490649041270114,1.0,"(min = 0.94, max = 1.06)",66.0,0,0
7084,bus-7084,true,PQ,-0.03284996968354791,1.0,"(min = 0.94, max = 1.06)",230.0,0,0
2466,bus-2466,true,PQ,0.0021708727249552463,1.0,"(min = 0.94, max = 1.06)",66.0,0,0
2173,bus-2173,true,PQ,-0.022238623347624883,1.0,"(min = 0.94, max = 1.06)",230.0,0,0
7231,bus-7231,true,PQ,-0.03471601079353208,1.0,"(min = 0.94, max = 1.06)",66.0,0,0
2704,bus-2704,true,PQ,-0.029682944266630987,1.0,"(min = 0.94, max = 1.06)",66.0,0,0
2806,bus-2806,true,PQ,-0.005747559537518965,1.0,"(min = 0.94, max = 1.06)",230.0,0,0
6786,bus-6786,true,PQ,0.007694483201844532,1.0,"(min = 0.94, max = 1.06)",66.0,0,0
8335,bus-8335,true,PQ,-0.03086699744779959,1.0,"(min = 0.94, max = 1.06)",230.0,0,0
5954,bus-5954,true,PQ,-0.0011423700097326565,1.0,"(min = 0.94, max = 1.06)",66.0,0,0
8120,bus-8120,true,PQ,0.008260966654479802,1.0,"(min = 0.94, max = 1.06)",66.0,0,0
6577,bus-6577,true,PQ,-0.0007934660316405961,1.0,"(min = 0.94, max = 1.06)",66.0,0,0
6319,bus-6319,true,PQ,-0.000689722716678928,1.0,"(min = 0.94, max = 1.06)",66.0,0,0
3199,bus-3199,true,PQ,-0.0347821472530096,1.0,"(min = 0.94, max = 1.06)",115.0,0,0
4800,bus-4800,true,PQ,-0.0004613179631139305,1.0,"(min = 0.94, max = 1.06)",66.0,0,0
4244,bus-4244,true,PQ,-0.0061037000276809115,1.0,"(min = 0.94, max = 1.06)",66.0,0,0
6682,bus-6682,true,PQ,0.0014851154015728374,1.0,"(min = 0.94, max = 1.06)",115.0,0,0
4772,bus-4772,true,PQ,0.0007054716358431041,1.0,"(min = 0.94, max = 1.06)",66.0,0,0
2431,bus-2431,true,PQ,0.0004952221828751163,1.0,"(min = 0.94, max = 1.06)",66.0,0,0
7691,bus-7691,true,PQ,-0.0016414427449848398,1.0,"(min = 0.94, max = 1.06)",66.0,0,0
5968,bus-5968,true,PQ,-0.000982928415995126,1.0,"(min = 0.94, max = 1.06)",66.0,0,0
7494,bus-7494,true,PQ,-0.027068973547098266,1.0,"(min = 0.94, max = 1.06)",230.0,0,0
283,bus-283,true,PQ,-0.001776752718352596,1.0,"(min = 0.94, max = 1.06)",115.0,0,0
4220,bus-4220,true,PQ,-0.0015852448412759846,1.0,"(min = 0.94, max = 1.06)",115.0,0,0
7716,bus-7716,true,PQ,-0.005037399673288311,1.0,"(min = 0.94, max = 1.06)",115.0,0,0
1587,bus-1587,true,PV,-0.03208217054766295,1.0,"(min = 0.94, max = 1.06)",115.0,0,0
5540,bus-5540,true,PQ,0.009686810803809278,1.0,"(min = 0.94, max = 1.06)",115.0,0,0
594,bus-594,true,PQ,-0.042726222608439106,1.0,"(min = 0.94, max = 1.06)",66.0,0,0
8404,bus-8404,true,PQ,0.009941929071231793,1.0,"(min = 0.94, max = 1.06)",115.0,0,0
4731,bus-4731,true,PQ,0.004276800701246233,1.0,"(min = 0.94, max = 1.06)",115.0,0,0
223,bus-223,true,PQ,-0.0039662949510637455,1.0,"(min = 0.94, max = 1.06)",66.0,0,0
5047,bus-5047,true,PQ,-0.0014023231481064737,1.0,"(min = 0.94, max = 1.06)",66.0,0,0
2196,bus-2196,true,PV,-0.0038389377868535287,1.0,"(min = 0.94, max = 1.06)",115.0,0,0
5423,bus-5423,true,PQ,-0.0005757009378407793,1.0,"(min = 0.94, max = 1.06)",66.0,0,0
4541,bus-4541,true,PQ,-0.03079124125708385,1.0,"(min = 0.94, max = 1.06)",66.0,0,0
77,bus-77,true,PQ,-0.03409661892380637,1.0,"(min = 0.94, max = 1.06)",66.0,0,0
3320,bus-3320,true,PQ,-0.03310911896341084,1.0,"(min = 0.94, max = 1.06)",115.0,0,0
1707,bus-1707,true,PV,0.013799367016543903,1.0,"(min = 0.94, max = 1.06)",115.0,0,0
128,bus-128,true,PQ,-0.012581302743868027,1.0,"(min = 0.94, max = 1.06)",66.0,0,0
3786,bus-3786,true,PQ,-0.031949205256593644,1.0,"(min = 0.94, max = 1.06)",66.0,0,0
4848,bus-4848,true,PQ,2.0164996790665795e-5,1.0,"(min = 0.94, max = 1.06)",66.0,0,0
1543,bus-1543,true,PQ,0.004360252135900477,1.0,"(min = 0.94, max = 1.06)",115.0,0,0
5127,bus-5127,true,PQ,0.008906522388503013,1.0,"(min = 0.94, max = 1.06)",66.0,0,0
5151,bus-5151,true,PQ,0.0010420659323845548,1.0,"(min = 0.94, max = 1.06)",66.0,0,0
7125,bus-7125,true,PQ,-0.034678914343879715,1.0,"(min = 0.94, max = 1.06)",66.0,0,0
7170,bus-7170,true,PQ,-0.03483690538749459,1.0,"(min = 0.94, max = 1.06)",66.0,0,0
4108,bus-4108,true,PQ,-0.018916884789961244,1.0,"(min = 0.94, max = 1.06)",66.0,0,0
8241,bus-8241,true,PQ,0.0013372555020829343,1.0,"(min = 0.94, max = 1.06)",115.0,0,0
1965,bus-1965,true,PQ,-0.031150338387358555,1.0,"(min = 0.94, max = 1.06)",66.0,0,0
3723,bus-3723,true,PQ,-0.03803593543050412,1.0,"(min = 0.94, max = 1.06)",66.0,0,0
5383,bus-5383,true,PQ,-0.0021539889857301064,1.0,"(min = 0.94, max = 1.06)",66.0,0,0
6543,bus-6543,true,PQ,-0.0016435790227532932,1.0,"(min = 0.94, max = 1.06)",66.0,0,0
6318,bus-6318,true,PQ,-0.0006819392411107462,1.0,"(min = 0.94, max = 1.06)",66.0,0,0
1996,bus-1996,true,PQ,-0.00028579442219232127,1.0,"(min = 0.94, max = 1.06)",115.0,0,0
4611,bus-4611,true,PQ,-0.005599109859858886,1.0,"(min = 0.94, max = 1.06)",115.0,0,0
1972,bus-1972,true,PQ,-0.024901068841802494,1.0,"(min = 0.94, max = 1.06)",66.0,0,0
5091,bus-5091,true,PQ,0.0015212350201134572,1.0,"(min = 0.94, max = 1.06)",66.0,0,0
7530,bus-7530,true,PQ,-0.029161700987391178,1.0,"(min = 0.94, max = 1.06)",66.0,0,0
7702,bus-7702,true,PQ,0.00268399163615336,1.0,"(min = 0.94, max = 1.06)",115.0,0,0
188,bus-188,true,PQ,0.011390441138007147,1.0,"(min = 0.94, max = 1.06)",115.0,0,0
3235,bus-3235,true,PQ,-0.005893763796736475,1.0,"(min = 0.94, max = 1.06)",115.0,0,0
1558,bus-1558,true,PQ,-0.03877935406206797,1.0,"(min = 0.94, max = 1.06)",66.0,0,0
5011,bus-5011,true,PQ,-0.0029521117861984847,1.0,"(min = 0.94, max = 1.06)",66.0,0,0
5804,bus-5804,true,PQ,-0.000812137851957758,1.0,"(min = 0.94, max = 1.06)",66.0,0,0
6144,bus-6144,true,PQ,-0.0007388475636383332,1.0,"(min = 0.94, max = 1.06)",66.0,0,0
7678,bus-7678,true,PQ,-0.032795807753535404,1.0,"(min = 0.94, max = 1.06)",115.0,0,0
899,bus-899,true,PQ,-0.035099839762906315,1.0,"(min = 0.94, max = 1.06)",66.0,0,0
91,bus-91,true,PQ,-0.03065475441518279,1.0,"(min = 0.94, max = 1.06)",66.0,0,0
5891,bus-5891,true,PQ,0.0005600006802014779,1.0,"(min = 0.94, max = 1.06)",66.0,0,0
7015,bus-7015,true,PQ,0.007132249294325311,1.0,"(min = 0.94, max = 1.06)",66.0,0,0
8711,bus-8711,true,PQ,-0.02653525482889813,1.0,"(min = 0.94, max = 1.06)",66.0,0,0
2746,bus-2746,true,PQ,-0.036087322619075185,1.0,"(min = 0.94, max = 1.06)",66.0,0,0
6704,bus-6704,true,PQ,-0.00306976469287481,1.0,"(min = 0.94, max = 1.06)",66.0,0,0
8059,bus-8059,true,PQ,-0.032920573138712994,1.0,"(min = 0.94, max = 1.06)",115.0,0,0
6036,bus-6036,true,PQ,-0.001086900384796769,1.0,"(min = 0.94, max = 1.06)",66.0,0,0
1987,bus-1987,true,PQ,-0.006521714534221161,1.0,"(min = 0.94, max = 1.06)",230.0,0,0
7442,bus-7442,true,PQ,-0.034912637841732506,1.0,"(min = 0.94, max = 1.06)",66.0,0,0
861,bus-861,true,PQ,-0.03493182616606186,1.0,"(min = 0.94, max = 1.06)",66.0,0,0
424,bus-424,true,PQ,0.00027190180205931036,1.0,"(min = 0.94, max = 1.06)",66.0,0,0
916,bus-916,true,PQ,-0.0346585093505288,1.0,"(min = 0.94, max = 1.06)",66.0,0,0
327,bus-327,true,PQ,-0.045042748382727496,1.0,"(min = 0.94, max = 1.06)",66.0,0,0
5310,bus-5310,true,PQ,0.0014828381867219563,1.0,"(min = 0.94, max = 1.06)",66.0,0,0
3813,bus-3813,true,PQ,-0.03237032301090381,1.0,"(min = 0.94, max = 1.06)",66.0,0,0
2479,bus-2479,true,PQ,-0.030807745090490706,1.0,"(min = 0.94, max = 1.06)",115.0,0,0
4732,bus-4732,true,PQ,0.005656802067349409,1.0,"(min = 0.94, max = 1.06)",115.0,0,0
31,bus-31,true,PQ,-0.03328676276346902,1.0,"(min = 0.94, max = 1.06)",66.0,0,0
4010,bus-4010,true,PQ,-0.028185723865250235,1.0,"(min = 0.94, max = 1.06)",66.0,0,0
4755,bus-4755,true,PQ,-0.0009106661999089544,1.0,"(min = 0.94, max = 1.06)",66.0,0,0
5597,bus-5597,true,PQ,0.0006327110148090867,1.0,"(min = 0.94, max = 1.06)",66.0,0,0
3906,bus-3906,true,PQ,-0.03373999457601589,1.0,"(min = 0.94, max = 1.06)",115.0,0,0
4821,bus-4821,true,PQ,-0.0011371115264279445,1.0,"(min = 0.94, max = 1.06)",230.0,0,0
1437,bus-1437,true,PQ,-0.00342147888842736,1.0,"(min = 0.94, max = 1.06)",66.0,0,0
5185,bus-5185,true,PQ,0.005870345370258943,1.0,"(min = 0.94, max = 1.06)",115.0,0,0
5401,bus-5401,true,PQ,-0.002688176429554159,1.0,"(min = 0.94, max = 1.06)",66.0,0,0
5612,bus-5612,true,PQ,0.0005084499442641895,1.0,"(min = 0.94, max = 1.06)",66.0,0,0
5228,bus-5228,true,PQ,0.0006493412344883991,1.0,"(min = 0.94, max = 1.06)",66.0,0,0
442,bus-442,true,PQ,-0.0010936060549746618,1.0,"(min = 0.94, max = 1.06)",66.0,0,0
6393,bus-6393,true,PQ,-0.0007838029865663323,1.0,"(min = 0.94, max = 1.06)",66.0,0,0
6913,bus-6913,true,PQ,0.007019422537190015,1.0,"(min = 0.94, max = 1.06)",66.0,0,0
5894,bus-5894,true,PQ,-3.128004200712174e-5,1.0,"(min = 0.94, max = 1.06)",66.0,0,0
8149,bus-8149,true,PQ,0.014845572871659517,1.0,"(min = 0.94, max = 1.06)",66.0,0,0
3295,bus-3295,true,PQ,-0.02001680838879474,1.0,"(min = 0.94, max = 1.06)",230.0,0,0
3727,bus-3727,true,PQ,-0.03764212422500602,1.0,"(min = 0.94, max = 1.06)",66.0,0,0
459,bus-459,true,PQ,0.000673522504239405,1.0,"(min = 0.94, max = 1.06)",66.0,0,0
2271,bus-2271,true,PQ,0.0036321795386775853,1.0,"(min = 0.94, max = 1.06)",66.0,0,0
4037,bus-4037,true,PQ,-0.022402339420252156,1.0,"(min = 0.94, max = 1.06)",115.0,0,0
7462,bus-7462,true,PQ,-0.03509902818480414,1.0,"(min = 0.94, max = 1.06)",66.0,0,0
7953,bus-7953,true,PQ,-0.03375671570291462,1.0,"(min = 0.94, max = 1.06)",66.0,0,0
463,bus-463,true,PQ,-0.0008894092607355916,1.0,"(min = 0.94, max = 1.06)",66.0,0,0
6410,bus-6410,true,PQ,-0.00047249643568979895,1.0,"(min = 0.94, max = 1.06)",66.0,0,0
7232,bus-7232,true,PQ,-0.03473035216399571,1.0,"(min = 0.94, max = 1.06)",66.0,0,0
3129,bus-3129,true,PQ,-0.03218649917449724,1.0,"(min = 0.94, max = 1.06)",115.0,0,0
649,bus-649,true,PV,-0.028006175212846422,1.0,"(min = 0.94, max = 1.06)",66.0,0,0
795,bus-795,true,PQ,-0.0013451456975535584,1.0,"(min = 0.94, max = 1.06)",66.0,0,0
2511,bus-2511,true,PQ,0.010441367934673141,1.0,"(min = 0.94, max = 1.06)",115.0,0,0
6445,bus-6445,true,PQ,-0.000501248645957291,1.0,"(min = 0.94, max = 1.06)",66.0,0,0
4897,bus-4897,true,PQ,-0.0012589159029336614,1.0,"(min = 0.94, max = 1.06)",66.0,0,0
1190,bus-1190,true,PQ,-0.03482617841937891,1.0,"(min = 0.94, max = 1.06)",115.0,0,0
2229,bus-2229,true,PQ,0.0059072809005542735,1.0,"(min = 0.94, max = 1.06)",66.0,0,0
2322,bus-2322,true,PQ,-0.03375831808970088,1.0,"(min = 0.94, max = 1.06)",66.0,0,0
2274,bus-2274,true,PQ,-5.835297134296965e-5,1.0,"(min = 0.94, max = 1.06)",66.0,0,0
6790,bus-6790,true,PQ,0.008228815979235398,1.0,"(min = 0.94, max = 1.06)",230.0,0,0
2744,bus-2744,true,PQ,-0.036162351182025765,1.0,"(min = 0.94, max = 1.06)",66.0,0,0
5282,bus-5282,true,PQ,0.0020724769085808,1.0,"(min = 0.94, max = 1.06)",66.0,0,0
5131,bus-5131,true,PQ,0.008295526215704514,1.0,"(min = 0.94, max = 1.06)",66.0,0,0
4327,bus-4327,true,PQ,-0.03983065784939574,1.0,"(min = 0.94, max = 1.06)",66.0,0,0
8095,bus-8095,true,PQ,-0.000706319141547934,1.0,"(min = 0.94, max = 1.06)",66.0,0,0
390,bus-390,true,PQ,-0.0007643209076159074,1.0,"(min = 0.94, max = 1.06)",66.0,0,0
7174,bus-7174,true,PQ,-0.03479870396989279,1.0,"(min = 0.94, max = 1.06)",66.0,0,0
3746,bus-3746,true,PQ,-0.03421956969016066,1.0,"(min = 0.94, max = 1.06)",66.0,0,0
4329,bus-4329,true,PQ,-0.032649932785587865,1.0,"(min = 0.94, max = 1.06)",66.0,0,0
5139,bus-5139,true,PQ,0.006348809285628846,1.0,"(min = 0.94, max = 1.06)",66.0,0,0
2874,bus-2874,true,PQ,0.0002858096501900449,1.0,"(min = 0.94, max = 1.06)",115.0,0,0
8417,bus-8417,true,PQ,0.0012367907706678446,1.0,"(min = 0.94, max = 1.06)",66.0,0,0
3794,bus-3794,true,PQ,-0.03211888721367008,1.0,"(min = 0.94, max = 1.06)",115.0,0,0
8503,bus-8503,true,PQ,-0.030924532575657433,1.0,"(min = 0.94, max = 1.06)",230.0,0,0
8279,bus-8279,true,PQ,-0.030653540887753884,1.0,"(min = 0.94, max = 1.06)",115.0,0,0
278,bus-278,true,PQ,-0.005458282401561409,1.0,"(min = 0.94, max = 1.06)",66.0,0,0
4369,bus-4369,true,PQ,-0.037026063490690674,1.0,"(min = 0.94, max = 1.06)",66.0,0,0
7181,bus-7181,true,PQ,-0.03474156014485325,1.0,"(min = 0.94, max = 1.06)",66.0,0,0
1417,bus-1417,true,PQ,-0.0024526910916346486,1.0,"(min = 0.94, max = 1.06)",66.0,0,0
5870,bus-5870,true,PQ,-0.0006153300749132849,1.0,"(min = 0.94, max = 1.06)",66.0,0,0
6965,bus-6965,true,PQ,0.009521798230800451,1.0,"(min = 0.94, max = 1.06)",66.0,0,0
7754,bus-7754,true,PQ,-0.030102730509254813,1.0,"(min = 0.94, max = 1.06)",230.0,0,0
1640,bus-1640,true,PV,-0.022018103789162205,1.0,"(min = 0.94, max = 1.06)",230.0,0,0
4669,bus-4669,true,PQ,-0.04143149495780889,1.0,"(min = 0.94, max = 1.06)",66.0,0,0
6765,bus-6765,true,PQ,5.591324905996828e-7,1.0,"(min = 0.94, max = 1.06)",66.0,0,0
1555,bus-1555,true,PQ,0.003268894665395647,1.0,"(min = 0.94, max = 1.06)",66.0,0,0
4634,bus-4634,true,PQ,-0.02427203106089979,1.0,"(min = 0.94, max = 1.06)",230.0,0,0
5069,bus-5069,true,PQ,0.0028345712787259877,1.0,"(min = 0.94, max = 1.06)",115.0,0,0
8281,bus-8281,true,PQ,-0.03028537153602731,1.0,"(min = 0.94, max = 1.06)",115.0,0,0
7464,bus-7464,true,PQ,-0.03446902436416045,1.0,"(min = 0.94, max = 1.06)",66.0,0,0
8247,bus-8247,true,PQ,0.0027089382554706457,1.0,"(min = 0.94, max = 1.06)",115.0,0,0
1960,bus-1960,true,PQ,-0.02901290416374288,1.0,"(min = 0.94, max = 1.06)",66.0,0,0
8645,bus-8645,true,PQ,-0.0016172823266824075,1.0,"(min = 0.94, max = 1.06)",500.0,0,0
5923,bus-5923,true,PQ,-0.000753686969040015,1.0,"(min = 0.94, max = 1.06)",66.0,0,0
4704,bus-4704,true,PQ,0.003321036533878611,1.0,"(min = 0.94, max = 1.06)",66.0,0,0
112,bus-112,true,PV,-0.015507239635288135,1.0,"(min = 0.94, max = 1.06)",66.0,0,0
1744,bus-1744,true,PQ,-0.031521573584449174,1.0,"(min = 0.94, max = 1.06)",115.0,0,0
7564,bus-7564,true,PQ,-0.030864860466663445,1.0,"(min = 0.94, max = 1.06)",230.0,0,0
7598,bus-7598,true,PQ,-0.03256879050880047,1.0,"(min = 0.94, max = 1.06)",230.0,0,0
5770,bus-5770,true,PQ,0.0001824119941960756,1.0,"(min = 0.94, max = 1.06)",66.0,0,0
1058,bus-1058,true,PV,0.0077945410952656525,1.0,"(min = 0.94, max = 1.06)",115.0,0,0
4872,bus-4872,true,PQ,0.0020800760721439836,1.0,"(min = 0.94, max = 1.06)",230.0,0,0
2708,bus-2708,true,PQ,-0.02914922397763452,1.0,"(min = 0.94, max = 1.06)",66.0,0,0
637,bus-637,true,PQ,-0.028121676215821508,1.0,"(min = 0.94, max = 1.06)",66.0,0,0
5992,bus-5992,true,PQ,-0.0013205460845981541,1.0,"(min = 0.94, max = 1.06)",66.0,0,0
6526,bus-6526,true,PQ,0.004935990022361521,1.0,"(min = 0.94, max = 1.06)",66.0,0,0
1696,bus-1696,true,PQ,-0.0014280512577949614,1.0,"(min = 0.94, max = 1.06)",66.0,0,0
1919,bus-1919,true,PQ,0.009937860743651977,1.0,"(min = 0.94, max = 1.06)",115.0,0,0
5523,bus-5523,true,PQ,0.009288588365893228,1.0,"(min = 0.94, max = 1.06)",115.0,0,0
1468,bus-1468,true,PQ,0.007745215350437368,1.0,"(min = 0.94, max = 1.06)",66.0,0,0
3140,bus-3140,true,PQ,-0.03287324295099156,1.0,"(min = 0.94, max = 1.06)",115.0,0,0
698,bus-698,true,PV,-5.14827509996e-5,1.0,"(min = 0.94, max = 1.06)",66.0,0,0
6242,bus-6242,true,PQ,0.00035879522322069336,1.0,"(min = 0.94, max = 1.06)",66.0,0,0
6875,bus-6875,true,PQ,0.007091704876922462,1.0,"(min = 0.94, max = 1.06)",66.0,0,0
3868,bus-3868,true,PQ,-0.03236894838958494,1.0,"(min = 0.94, max = 1.06)",66.0,0,0
5124,bus-5124,true,PQ,0.008950007476255961,1.0,"(min = 0.94, max = 1.06)",66.0,0,0
832,bus-832,true,PQ,-0.0348341336301095,1.0,"(min = 0.94, max = 1.06)",66.0,0,0
6564,bus-6564,true,PQ,0.0007294010196764624,1.0,"(min = 0.94, max = 1.06)",66.0,0,0
4593,bus-4593,true,PQ,-0.003849984150222326,1.0,"(min = 0.94, max = 1.06)",115.0,0,0
6051,bus-6051,true,PQ,-0.00027653356206424067,1.0,"(min = 0.94, max = 1.06)",66.0,0,0
1027,bus-1027,true,PQ,0.001996571003521825,1.0,"(min = 0.94, max = 1.06)",230.0,0,0
3645,bus-3645,true,PQ,-0.036416381411192585,1.0,"(min = 0.94, max = 1.06)",66.0,0,0
940,bus-940,true,PQ,-0.034580515298646156,1.0,"(min = 0.94, max = 1.06)",66.0,0,0
1209,bus-1209,true,PQ,-0.03276357745637053,1.0,"(min = 0.94, max = 1.06)",66.0,0,0
6957,bus-6957,true,PQ,0.00847757533151449,1.0,"(min = 0.94, max = 1.06)",66.0,0,0
6462,bus-6462,true,PQ,-0.0005359270065081989,1.0,"(min = 0.94, max = 1.06)",66.0,0,0
6823,bus-6823,true,PQ,0.009633825836577844,1.0,"(min = 0.94, max = 1.06)",66.0,0,0
8846,bus-8846,true,PQ,-0.030280832458241647,1.0,"(min = 0.94, max = 1.06)",230.0,0,0
4839,bus-4839,true,PQ,0.003004914436336253,1.0,"(min = 0.94, max = 1.06)",66.0,0,0
7175,bus-7175,true,PQ,-0.034776259384778,1.0,"(min = 0.94, max = 1.06)",66.0,0,0
7161,bus-7161,true,PQ,-0.03481374696271573,1.0,"(min = 0.94, max = 1.06)",66.0,0,0
2883,bus-2883,true,PQ,-0.003066773774495545,1.0,"(min = 0.94, max = 1.06)",115.0,0,0
6158,bus-6158,true,PQ,-0.000872216130484609,1.0,"(min = 0.94, max = 1.06)",66.0,0,0
3533,bus-3533,true,PQ,-0.03372420772386575,1.0,"(min = 0.94, max = 1.06)",66.0,0,0
4959,bus-4959,true,PQ,-0.0032911572650293386,1.0,"(min = 0.94, max = 1.06)",66.0,0,0
2781,bus-2781,true,PQ,-0.03220869382846315,1.0,"(min = 0.94, max = 1.06)",66.0,0,0
6378,bus-6378,true,PQ,-0.0004341232951428937,1.0,"(min = 0.94, max = 1.06)",66.0,0,0
6191,bus-6191,true,PQ,-0.000930316200477372,1.0,"(min = 0.94, max = 1.06)",66.0,0,0
1598,bus-1598,true,PQ,-0.034657544008919516,1.0,"(min = 0.94, max = 1.06)",115.0,0,0
8163,bus-8163,true,PQ,-0.04708819904237409,1.0,"(min = 0.94, max = 1.06)",115.0,0,0
8641,bus-8641,true,PQ,0.007701486562360962,1.0,"(min = 0.94, max = 1.06)",66.0,0,0
2555,bus-2555,true,PQ,0.014933024025000678,1.0,"(min = 0.94, max = 1.06)",115.0,0,0
6173,bus-6173,true,PQ,-0.0009594200143039953,1.0,"(min = 0.94, max = 1.06)",66.0,0,0
4007,bus-4007,true,PQ,-0.029698299149791257,1.0,"(min = 0.94, max = 1.06)",66.0,0,0
170,bus-170,true,PV,-0.03787177621877977,1.0,"(min = 0.94, max = 1.06)",66.0,0,0
4465,bus-4465,true,PQ,-0.0340944138748294,1.0,"(min = 0.94, max = 1.06)",66.0,0,0
2220,bus-2220,true,PV,-0.03286493518375207,1.0,"(min = 0.94, max = 1.06)",230.0,0,0
7925,bus-7925,true,PQ,0.0156851319876851,1.0,"(min = 0.94, max = 1.06)",66.0,0,0
3747,bus-3747,true,PQ,-0.034238952618701614,1.0,"(min = 0.94, max = 1.06)",66.0,0,0
5696,bus-5696,true,PQ,0.0013915921709694995,1.0,"(min = 0.94, max = 1.06)",66.0,0,0
7197,bus-7197,true,PQ,-0.034871112968169055,1.0,"(min = 0.94, max = 1.06)",66.0,0,0
4488,bus-4488,true,PQ,-0.03474090616998252,1.0,"(min = 0.94, max = 1.06)",66.0,0,0
1013,bus-1013,true,PV,0.009399030689111033,1.0,"(min = 0.94, max = 1.06)",115.0,0,0
632,bus-632,true,PQ,-0.024867406501986357,1.0,"(min = 0.94, max = 1.06)",66.0,0,0
3443,bus-3443,true,PQ,-0.03236732436071596,1.0,"(min = 0.94, max = 1.06)",115.0,0,0
4875,bus-4875,true,PQ,0.009195874050019627,1.0,"(min = 0.94, max = 1.06)",230.0,0,0
5196,bus-5196,true,PQ,0.006087899422336267,1.0,"(min = 0.94, max = 1.06)",66.0,0,0
5284,bus-5284,true,PQ,-4.4263589596873005e-5,1.0,"(min = 0.94, max = 1.06)",66.0,0,0
7030,bus-7030,true,PQ,0.007810924308967905,1.0,"(min = 0.94, max = 1.06)",115.0,0,0
5988,bus-5988,true,PQ,-0.0015147797121807755,1.0,"(min = 0.94, max = 1.06)",66.0,0,0
8601,bus-8601,true,PQ,0.0009790371468319393,1.0,"(min = 0.94, max = 1.06)",66.0,0,0
8389,bus-8389,true,PQ,-0.006356331078746288,1.0,"(min = 0.94, max = 1.06)",115.0,0,0
1857,bus-1857,true,PV,0.009914118104812596,1.0,"(min = 0.94, max = 1.06)",115.0,0,0
6369,bus-6369,true,PQ,-0.00026221892480875604,1.0,"(min = 0.94, max = 1.06)",66.0,0,0
1780,bus-1780,true,PQ,-0.034470586259308066,1.0,"(min = 0.94, max = 1.06)",66.0,0,0
2645,bus-2645,true,PQ,0.00012096550127950507,1.0,"(min = 0.94, max = 1.06)",230.0,0,0
3492,bus-3492,true,PQ,-0.0382968630263419,1.0,"(min = 0.94, max = 1.06)",115.0,0,0
3473,bus-3473,true,PQ,-0.028064647757045518,1.0,"(min = 0.94, max = 1.06)",115.0,0,0
3292,bus-3292,true,PQ,-0.020091482824440093,1.0,"(min = 0.94, max = 1.06)",230.0,0,0
6009,bus-6009,true,PQ,-0.0010703343426193817,1.0,"(min = 0.94, max = 1.06)",66.0,0,0
6058,bus-6058,true,PQ,-0.0003971470515521024,1.0,"(min = 0.94, max = 1.06)",66.0,0,0
555,bus-555,true,PQ,-0.0011420656993602666,1.0,"(min = 0.94, max = 1.06)",66.0,0,0
1031,bus-1031,true,PV,0.0020045146427194746,1.0,"(min = 0.94, max = 1.06)",66.0,0,0
1524,bus-1524,true,PQ,0.014934582621476003,1.0,"(min = 0.94, max = 1.06)",66.0,0,0
161,bus-161,true,PQ,-0.03867520607681127,1.0,"(min = 0.94, max = 1.06)",66.0,0,0
1289,bus-1289,true,PQ,-0.03425641638319706,1.0,"(min = 0.94, max = 1.06)",66.0,0,0
4871,bus-4871,true,PQ,0.0020780705666603944,1.0,"(min = 0.94, max = 1.06)",230.0,0,0
7391,bus-7391,true,PQ,-0.035098272457238025,1.0,"(min = 0.94, max = 1.06)",66.0,0,0
2378,bus-2378,true,PQ,-0.034336092059814007,1.0,"(min = 0.94, max = 1.06)",66.0,0,0
6013,bus-6013,true,PQ,-0.0009083035895884317,1.0,"(min = 0.94, max = 1.06)",66.0,0,0
6931,bus-6931,true,PQ,0.0067658704409717775,1.0,"(min = 0.94, max = 1.06)",66.0,0,0
922,bus-922,true,PQ,-0.03447472164243774,1.0,"(min = 0.94, max = 1.06)",66.0,0,0
6973,bus-6973,true,PQ,0.007311945427050918,1.0,"(min = 0.94, max = 1.06)",66.0,0,0
7426,bus-7426,true,PQ,-0.034873930627713476,1.0,"(min = 0.94, max = 1.06)",66.0,0,0
108,bus-108,true,PV,-0.011258733548650117,1.0,"(min = 0.94, max = 1.06)",115.0,0,0
7429,bus-7429,true,PQ,-0.034698281564457395,1.0,"(min = 0.94, max = 1.06)",66.0,0,0
2927,bus-2927,true,PQ,-0.030316730913895442,1.0,"(min = 0.94, max = 1.06)",230.0,0,0
7070,bus-7070,true,PQ,-0.035193706362605374,1.0,"(min = 0.94, max = 1.06)",66.0,0,0
7531,bus-7531,true,PQ,-0.029230409189521512,1.0,"(min = 0.94, max = 1.06)",66.0,0,0
6831,bus-6831,true,PQ,0.007866197071236144,1.0,"(min = 0.94, max = 1.06)",230.0,0,0
2812,bus-2812,true,PQ,-0.010962409715650805,1.0,"(min = 0.94, max = 1.06)",115.0,0,0
6411,bus-6411,true,PQ,-0.0004431984051146723,1.0,"(min = 0.94, max = 1.06)",66.0,0,0
6596,bus-6596,true,PQ,-0.00045300229302358433,1.0,"(min = 0.94, max = 1.06)",66.0,0,0
447,bus-447,true,PQ,0.0008099013120050946,1.0,"(min = 0.94, max = 1.06)",66.0,0,0
3670,bus-3670,true,PQ,-0.03581388694662006,1.0,"(min = 0.94, max = 1.06)",66.0,0,0
1568,bus-1568,true,PQ,-0.03968884583341392,1.0,"(min = 0.94, max = 1.06)",66.0,0,0
688,bus-688,true,PQ,0.00025994366472663723,1.0,"(min = 0.94, max = 1.06)",66.0,0,0
3142,bus-3142,true,PQ,-0.03269689785042978,1.0,"(min = 0.94, max = 1.06)",115.0,0,0
5669,bus-5669,true,PQ,0.0015357450749039706,1.0,"(min = 0.94, max = 1.06)",66.0,0,0
6406,bus-6406,true,PQ,-0.0005823215528882347,1.0,"(min = 0.94, max = 1.06)",66.0,0,0
8469,bus-8469,true,PQ,-0.033650749782709044,1.0,"(min = 0.94, max = 1.06)",66.0,0,0
4205,bus-4205,true,PQ,-0.012368040491327939,1.0,"(min = 0.94, max = 1.06)",66.0,0,0
4683,bus-4683,true,PQ,-0.031428356072698935,1.0,"(min = 0.94, max = 1.06)",115.0,0,0
7910,bus-7910,true,PQ,-3.790218491580434e-6,1.0,"(min = 0.94, max = 1.06)",66.0,0,0
8570,bus-8570,true,PQ,-7.599386267195866e-5,1.0,"(min = 0.94, max = 1.06)",66.0,0,0
1528,bus-1528,true,PV,0.016087326480819418,1.0,"(min = 0.94, max = 1.06)",115.0,0,0
3278,bus-3278,true,PQ,-0.016244812181802678,1.0,"(min = 0.94, max = 1.06)",115.0,0,0
5327,bus-5327,true,PQ,0.0015931458525519832,1.0,"(min = 0.94, max = 1.06)",66.0,0,0
1208,bus-1208,true,PQ,-0.03411605194329685,1.0,"(min = 0.94, max = 1.06)",66.0,0,0
630,bus-630,true,PQ,0.013584813447250144,1.0,"(min = 0.94, max = 1.06)",115.0,0,0
4525,bus-4525,true,PQ,-0.03259186498324231,1.0,"(min = 0.94, max = 1.06)",115.0,0,0
5016,bus-5016,true,PQ,-0.002760460671695491,1.0,"(min = 0.94, max = 1.06)",66.0,0,0
786,bus-786,true,PQ,0.0007415471795841237,1.0,"(min = 0.94, max = 1.06)",66.0,0,0
4705,bus-4705,true,PQ,0.0032449466536631825,1.0,"(min = 0.94, max = 1.06)",66.0,0,0
311,bus-311,true,PQ,-0.004645169072867408,1.0,"(min = 0.94, max = 1.06)",66.0,0,0
3829,bus-3829,true,PQ,-0.03238648999576504,1.0,"(min = 0.94, max = 1.06)",66.0,0,0
6328,bus-6328,true,PQ,-0.0006432151253232404,1.0,"(min = 0.94, max = 1.06)",66.0,0,0
2417,bus-2417,true,PQ,0.0006690683489391576,1.0,"(min = 0.94, max = 1.06)",66.0,0,0
7538,bus-7538,true,PQ,-0.029105638568356167,1.0,"(min = 0.94, max = 1.06)",66.0,0,0
4292,bus-4292,true,PQ,-0.005517770762291745,1.0,"(min = 0.94, max = 1.06)",66.0,0,0
1980,bus-1980,true,PQ,-0.003919811474922333,1.0,"(min = 0.94, max = 1.06)",66.0,0,0
2397,bus-2397,true,PQ,0.002262396796092155,1.0,"(min = 0.94, max = 1.06)",66.0,0,0
3822,bus-3822,true,PQ,-0.0323985140925808,1.0,"(min = 0.94, max = 1.06)",66.0,0,0
6559,bus-6559,true,PQ,3.0545970660899863e-6,1.0,"(min = 0.94, max = 1.06)",66.0,0,0
1210,bus-1210,true,PQ,-0.03259652763033902,1.0,"(min = 0.94, max = 1.06)",66.0,0,0
1920,bus-1920,true,PV,-0.015116944901713664,1.0,"(min = 0.94, max = 1.06)",66.0,0,0
4623,bus-4623,true,PQ,-0.030113841100740082,1.0,"(min = 0.94, max = 1.06)",230.0,0,0
5958,bus-5958,true,PQ,-0.0003464143025660049,1.0,"(min = 0.94, max = 1.06)",66.0,0,0
7833,bus-7833,true,PQ,-0.03391975703125308,1.0,"(min = 0.94, max = 1.06)",66.0,0,0
2629,bus-2629,true,PQ,0.00025733225597591346,1.0,"(min = 0.94, max = 1.06)",230.0,0,0
1560,bus-1560,true,PQ,-0.039236447764650725,1.0,"(min = 0.94, max = 1.06)",66.0,0,0
4888,bus-4888,true,PQ,0.00972226093673811,1.0,"(min = 0.94, max = 1.06)",115.0,0,0
2634,bus-2634,true,PQ,0.00027453662265662036,1.0,"(min = 0.94, max = 1.06)",230.0,0,0
4679,bus-4679,true,PQ,-0.031476346518476396,1.0,"(min = 0.94, max = 1.06)",115.0,0,0
7037,bus-7037,true,PQ,0.014073730226776703,1.0,"(min = 0.94, max = 1.06)",66.0,0,0
7243,bus-7243,true,PQ,-0.03461022446770652,1.0,"(min = 0.94, max = 1.06)",66.0,0,0
8282,bus-8282,true,PQ,-0.034343248607878886,1.0,"(min = 0.94, max = 1.06)",230.0,0,0
4896,bus-4896,true,PQ,-0.0012553654372321945,1.0,"(min = 0.94, max = 1.06)",66.0,0,0
5337,bus-5337,true,PQ,0.0011710315693441292,1.0,"(min = 0.94, max = 1.06)",66.0,0,0
1592,bus-1592,true,PV,-0.03260400130472898,1.0,"(min = 0.94, max = 1.06)",115.0,0,0
495,bus-495,true,PQ,-0.0007947979150820732,1.0,"(min = 0.94, max = 1.06)",66.0,0,0
1400,bus-1400,true,PQ,-0.03374629294568757,1.0,"(min = 0.94, max = 1.06)",66.0,0,0
4750,bus-4750,true,PQ,0.0003058127081768607,1.0,"(min = 0.94, max = 1.06)",230.0,0,0
6478,bus-6478,true,PQ,-0.0014412141068984947,1.0,"(min = 0.94, max = 1.06)",230.0,0,0
4096,bus-4096,true,PQ,-0.012006513321682392,1.0,"(min = 0.94, max = 1.06)",66.0,0,0
2095,bus-2095,true,PQ,-0.0016410474837597992,1.0,"(min = 0.94, max = 1.06)",66.0,0,0
2979,bus-2979,true,PQ,-0.03378078100077282,1.0,"(min = 0.94, max = 1.06)",230.0,0,0
4197,bus-4197,true,PQ,-0.014036163934489702,1.0,"(min = 0.94, max = 1.06)",66.0,0,0
4118,bus-4118,true,PQ,-0.009595860300224449,1.0,"(min = 0.94, max = 1.06)",115.0,0,0
4619,bus-4619,true,PQ,-0.034346564035325974,1.0,"(min = 0.94, max = 1.06)",66.0,0,0
4009,bus-4009,true,PQ,-0.02903586763524429,1.0,"(min = 0.94, max = 1.06)",66.0,0,0
4015,bus-4015,true,PQ,-0.028875568219160725,1.0,"(min = 0.94, max = 1.06)",115.0,0,0
5388,bus-5388,true,PQ,-0.003552631166376283,1.0,"(min = 0.94, max = 1.06)",66.0,0,0
6894,bus-6894,true,PQ,0.006772584949497002,1.0,"(min = 0.94, max = 1.06)",66.0,0,0
6230,bus-6230,true,PQ,-0.00017952632440669349,1.0,"(min = 0.94, max = 1.06)",66.0,0,0
183,bus-183,true,PQ,0.016332542640184036,1.0,"(min = 0.94, max = 1.06)",66.0,0,0
5064,bus-5064,true,PQ,-0.0022066539992030626,1.0,"(min = 0.94, max = 1.06)",66.0,0,0
7308,bus-7308,true,PQ,-0.03458750604043209,1.0,"(min = 0.94, max = 1.06)",66.0,0,0
485,bus-485,true,PQ,-0.0008137850570538761,1.0,"(min = 0.94, max = 1.06)",66.0,0,0
3450,bus-3450,true,PQ,-0.03477097190980908,1.0,"(min = 0.94, max = 1.06)",115.0,0,0
6635,bus-6635,true,PQ,0.0003798512488172129,1.0,"(min = 0.94, max = 1.06)",66.0,0,0
5855,bus-5855,true,PQ,-0.0003156422681337404,1.0,"(min = 0.94, max = 1.06)",66.0,0,0
335,bus-335,true,PQ,-0.03961790343530811,1.0,"(min = 0.94, max = 1.06)",66.0,0,0
3859,bus-3859,true,PQ,-0.03211935496190962,1.0,"(min = 0.94, max = 1.06)",66.0,0,0
4939,bus-4939,true,PQ,-0.004394764241622828,1.0,"(min = 0.94, max = 1.06)",66.0,0,0
230,bus-230,true,PQ,0.009669445615509973,1.0,"(min = 0.94, max = 1.06)",66.0,0,0
6085,bus-6085,true,PQ,-0.0005346003939610628,1.0,"(min = 0.94, max = 1.06)",66.0,0,0
5028,bus-5028,true,PQ,0.003213163056067059,1.0,"(min = 0.94, max = 1.06)",66.0,0,0
4002,bus-4002,true,PQ,-0.032581545724039894,1.0,"(min = 0.94, max = 1.06)",115.0,0,0
5946,bus-5946,true,PQ,-0.000865026091296715,1.0,"(min = 0.94, max = 1.06)",66.0,0,0
1686,bus-1686,true,PV,-0.01976721723004744,1.0,"(min = 0.94, max = 1.06)",66.0,0,0
2177,bus-2177,true,PQ,-0.030799773648198074,1.0,"(min = 0.94, max = 1.06)",66.0,0,0
2199,bus-2199,true,PV,0.007626693287246841,1.0,"(min = 0.94, max = 1.06)",66.0,0,0
829,bus-829,true,PQ,-0.03495956206586993,1.0,"(min = 0.94, max = 1.06)",66.0,0,0
4862,bus-4862,true,PQ,0.0009913531185491735,1.0,"(min = 0.94, max = 1.06)",500.0,0,0
3613,bus-3613,true,PQ,-0.03663286594295758,1.0,"(min = 0.94, max = 1.06)",66.0,0,0
5555,bus-5555,true,PQ,-0.00013975410925636664,1.0,"(min = 0.94, max = 1.06)",66.0,0,0
582,bus-582,true,PV,-0.03525776937093153,1.0,"(min = 0.94, max = 1.06)",66.0,0,0
4383,bus-4383,true,PQ,-0.038349839703259385,1.0,"(min = 0.94, max = 1.06)",66.0,0,0
7330,bus-7330,true,PQ,-0.034776548934900904,1.0,"(min = 0.94, max = 1.06)",66.0,0,0
808,bus-808,true,PQ,0.001978870118594194,1.0,"(min = 0.94, max = 1.06)",66.0,0,0
5161,bus-5161,true,PQ,0.0030981156118046957,1.0,"(min = 0.94, max = 1.06)",115.0,0,0
7078,bus-7078,true,PQ,-0.032719927120844,1.0,"(min = 0.94, max = 1.06)",230.0,0,0
6723,bus-6723,true,PQ,0.00040686009158278974,1.0,"(min = 0.94, max = 1.06)",66.0,0,0
5780,bus-5780,true,PQ,-0.00014791392406250347,1.0,"(min = 0.94, max = 1.06)",66.0,0,0
8723,bus-8723,true,PQ,-0.031984477313578896,1.0,"(min = 0.94, max = 1.06)",115.0,0,0
3630,bus-3630,true,PQ,-0.03698687753285782,1.0,"(min = 0.94, max = 1.06)",66.0,0,0
5668,bus-5668,true,PQ,0.0016329720809302704,1.0,"(min = 0.94, max = 1.06)",66.0,0,0
6272,bus-6272,true,PQ,9.640936901362416e-5,1.0,"(min = 0.94, max = 1.06)",66.0,0,0
3147,bus-3147,true,PQ,-0.03423833739014028,1.0,"(min = 0.94, max = 1.06)",115.0,0,0
302,bus-302,true,PV,-0.0012102827902737005,1.0,"(min = 0.94, max = 1.06)",66.0,0,0
1954,bus-1954,true,PV,0.0019696091223304316,1.0,"(min = 0.94, max = 1.06)",66.0,0,0
5720,bus-5720,true,PQ,0.0007636620789845354,1.0,"(min = 0.94, max = 1.06)",66.0,0,0
4162,bus-4162,true,PQ,-0.027233542911196836,1.0,"(min = 0.94, max = 1.06)",66.0,0,0
6693,bus-6693,true,PQ,0.017855986927735264,1.0,"(min = 0.94, max = 1.06)",66.0,0,0
7262,bus-7262,true,PQ,-0.03446921757210865,1.0,"(min = 0.94, max = 1.06)",66.0,0,0
6772,bus-6772,true,PQ,9.546943730386002e-5,1.0,"(min = 0.94, max = 1.06)",66.0,0,0
4168,bus-4168,true,PQ,-0.026028379798192437,1.0,"(min = 0.94, max = 1.06)",66.0,0,0
8829,bus-8829,true,PQ,-0.032016137760742996,1.0,"(min = 0.94, max = 1.06)",66.0,0,0
3209,bus-3209,true,PQ,-0.03203128355345888,1.0,"(min = 0.94, max = 1.06)",230.0,0,0
2305,bus-2305,true,PV,-0.030253515088388208,1.0,"(min = 0.94, max = 1.06)",66.0,0,0
5152,bus-5152,true,PQ,-0.000612675196992211,1.0,"(min = 0.94, max = 1.06)",66.0,0,0
8593,bus-8593,true,PV,-0.0011654401470313068,1.0,"(min = 0.94, max = 1.06)",230.0,0,0
2509,bus-2509,true,PQ,0.01042412867187937,1.0,"(min = 0.94, max = 1.06)",115.0,0,0
1357,bus-1357,true,PQ,-0.02909001525355694,1.0,"(min = 0.94, max = 1.06)",66.0,0,0
7355,bus-7355,true,PQ,-0.034969400661396345,1.0,"(min = 0.94, max = 1.06)",66.0,0,0
3992,bus-3992,true,PQ,-0.03238857985301138,1.0,"(min = 0.94, max = 1.06)",66.0,0,0
8210,bus-8210,true,PQ,0.00030809351491534247,1.0,"(min = 0.94, max = 1.06)",66.0,0,0
2130,bus-2130,true,PQ,-0.03466247002620035,1.0,"(min = 0.94, max = 1.06)",66.0,0,0
8500,bus-8500,true,PQ,0.014304040279491614,1.0,"(min = 0.94, max = 1.06)",115.0,0,0
6371,bus-6371,true,PQ,-0.00045711657512260317,1.0,"(min = 0.94, max = 1.06)",66.0,0,0
1002,bus-1002,true,PQ,0.0006834225423368094,1.0,"(min = 0.94, max = 1.06)",66.0,0,0
4632,bus-4632,true,PQ,-0.035427968818131185,1.0,"(min = 0.94, max = 1.06)",66.0,0,0
3131,bus-3131,true,PQ,-0.03161395892321207,1.0,"(min = 0.94, max = 1.06)",115.0,0,0
3196,bus-3196,true,PQ,-0.03509351626049342,1.0,"(min = 0.94, max = 1.06)",115.0,0,0
6066,bus-6066,true,PQ,-0.00018627030630699687,1.0,"(min = 0.94, max = 1.06)",66.0,0,0
7153,bus-7153,true,PQ,-0.03470175232620791,1.0,"(min = 0.94, max = 1.06)",66.0,0,0
1354,bus-1354,true,PV,-0.029442326718232815,1.0,"(min = 0.94, max = 1.06)",66.0,0,0
3189,bus-3189,true,PQ,-0.03201352535191861,1.0,"(min = 0.94, max = 1.06)",115.0,0,0
4726,bus-4726,true,PQ,0.0001336259858067183,1.0,"(min = 0.94, max = 1.06)",230.0,0,0
8384,bus-8384,true,PQ,-0.035824275320860854,1.0,"(min = 0.94, max = 1.06)",66.0,0,0
5700,bus-5700,true,PQ,0.000800170787265961,1.0,"(min = 0.94, max = 1.06)",66.0,0,0
1083,bus-1083,true,PQ,0.0044946031311294075,1.0,"(min = 0.94, max = 1.06)",66.0,0,0
4985,bus-4985,true,PQ,-0.004340775971870887,1.0,"(min = 0.94, max = 1.06)",66.0,0,0
7647,bus-7647,true,PQ,-0.03290082787981933,1.0,"(min = 0.94, max = 1.06)",115.0,0,0
5449,bus-5449,true,PQ,0.00014735656817571068,1.0,"(min = 0.94, max = 1.06)",66.0,0,0
2189,bus-2189,true,PQ,-0.015506492355115599,1.0,"(min = 0.94, max = 1.06)",66.0,0,0
7644,bus-7644,true,PQ,-0.037437680545217615,1.0,"(min = 0.94, max = 1.06)",66.0,0,0
2057,bus-2057,true,PQ,-0.001088375563260493,1.0,"(min = 0.94, max = 1.06)",66.0,0,0
4050,bus-4050,true,PQ,-0.02349732949688904,1.0,"(min = 0.94, max = 1.06)",66.0,0,0
7167,bus-7167,true,PQ,-0.0348057132121688,1.0,"(min = 0.94, max = 1.06)",66.0,0,0
7183,bus-7183,true,PQ,-0.03475222724817559,1.0,"(min = 0.94, max = 1.06)",66.0,0,0
7745,bus-7745,true,PQ,-0.030845989617725035,1.0,"(min = 0.94, max = 1.06)",230.0,0,0
8225,bus-8225,true,PQ,0.0001239842639435248,1.0,"(min = 0.94, max = 1.06)",230.0,0,0
4847,bus-4847,true,PQ,0.0008042588859355414,1.0,"(min = 0.94, max = 1.06)",66.0,0,0
4983,bus-4983,true,PQ,-0.003466908150793983,1.0,"(min = 0.94, max = 1.06)",66.0,0,0
5344,bus-5344,true,PQ,0.0003060536630974033,1.0,"(min = 0.94, max = 1.06)",66.0,0,0
7102,bus-7102,true,PQ,-0.03287546196260255,1.0,"(min = 0.94, max = 1.06)",230.0,0,0
8861,bus-8861,true,PQ,0.008342503515304486,1.0,"(min = 0.94, max = 1.06)",66.0,0,0
3495,bus-3495,true,PQ,-0.038675080064039274,1.0,"(min = 0.94, max = 1.06)",66.0,0,0
4779,bus-4779,true,PQ,2.6860753323874388e-5,1.0,"(min = 0.94, max = 1.06)",66.0,0,0
1332,bus-1332,true,PQ,-0.03267988036662406,1.0,"(min = 0.94, max = 1.06)",115.0,0,0
5819,bus-5819,true,PQ,0.00012482293531527965,1.0,"(min = 0.94, max = 1.06)",66.0,0,0
7589,bus-7589,true,PQ,-0.0308333590189942,1.0,"(min = 0.94, max = 1.06)",230.0,0,0
6960,bus-6960,true,PQ,0.008432284927543155,1.0,"(min = 0.94, max = 1.06)",66.0,0,0
5832,bus-5832,true,PQ,-0.0008841149458213362,1.0,"(min = 0.94, max = 1.06)",66.0,0,0
2445,bus-2445,true,PQ,0.0006421851768610413,1.0,"(min = 0.94, max = 1.06)",66.0,0,0
4334,bus-4334,true,PQ,-0.032008088825831574,1.0,"(min = 0.94, max = 1.06)",115.0,0,0
5222,bus-5222,true,PQ,0.0006506897980415375,1.0,"(min = 0.94, max = 1.06)",66.0,0,0
4382,bus-4382,true,PQ,-0.038315833359047674,1.0,"(min = 0.94, max = 1.06)",66.0,0,0
8162,bus-8162,true,PQ,-0.046908763487305806,1.0,"(min = 0.94, max = 1.06)",66.0,0,0
6681,bus-6681,true,PQ,0.00030668679175553984,1.0,"(min = 0.94, max = 1.06)",66.0,0,0
3447,bus-3447,true,PQ,-0.035033533831958424,1.0,"(min = 0.94, max = 1.06)",115.0,0,0
5613,bus-5613,true,PQ,0.0007527225856164962,1.0,"(min = 0.94, max = 1.06)",66.0,0,0
6262,bus-6262,true,PQ,0.0005436775459680662,1.0,"(min = 0.94, max = 1.06)",66.0,0,0
7160,bus-7160,true,PQ,-0.034838705345552175,1.0,"(min = 0.94, max = 1.06)",66.0,0,0
7697,bus-7697,true,PQ,0.003885498720707145,1.0,"(min = 0.94, max = 1.06)",66.0,0,0
7121,bus-7121,true,PQ,-0.032760766254544334,1.0,"(min = 0.94, max = 1.06)",230.0,0,0
878,bus-878,true,PQ,-0.034680680093483955,1.0,"(min = 0.94, max = 1.06)",66.0,0,0
3563,bus-3563,true,PQ,-0.0515374524108843,1.0,"(min = 0.94, max = 1.06)",66.0,0,0
4211,bus-4211,true,PQ,-0.002942179885370256,1.0,"(min = 0.94, max = 1.06)",115.0,0,0
7550,bus-7550,true,PQ,-0.030734019241293813,1.0,"(min = 0.94, max = 1.06)",230.0,0,0
6659,bus-6659,true,PQ,0.009261468462591358,1.0,"(min = 0.94, max = 1.06)",115.0,0,0
5653,bus-5653,true,PQ,0.0014688705697909871,1.0,"(min = 0.94, max = 1.06)",66.0,0,0
2494,bus-2494,true,PQ,0.013637869292302499,1.0,"(min = 0.94, max = 1.06)",115.0,0,0
3882,bus-3882,true,PQ,-0.031096291998142518,1.0,"(min = 0.94, max = 1.06)",115.0,0,0
7653,bus-7653,true,PQ,-0.033893521765535874,1.0,"(min = 0.94, max = 1.06)",66.0,0,0
5384,bus-5384,true,PQ,-0.0033854777725069625,1.0,"(min = 0.94, max = 1.06)",66.0,0,0
7558,bus-7558,true,PQ,-0.0010881052117593592,1.0,"(min = 0.94, max = 1.06)",66.0,0,0
2689,bus-2689,true,PQ,-0.029492344887535243,1.0,"(min = 0.94, max = 1.06)",66.0,0,0
1724,bus-1724,true,PV,-0.03780282454321878,1.0,"(min = 0.94, max = 1.06)",66.0,0,0
6685,bus-6685,true,PQ,6.17024904808702e-5,1.0,"(min = 0.94, max = 1.06)",66.0,0,0
8270,bus-8270,true,PQ,-0.013679369835976176,1.0,"(min = 0.94, max = 1.06)",66.0,0,0
1520,bus-1520,true,PQ,0.006889652141129651,1.0,"(min = 0.94, max = 1.06)",66.0,0,0
1998,bus-1998,true,PV,0.0018261229865300997,1.0,"(min = 0.94, max = 1.06)",66.0,0,0
3240,bus-3240,true,PQ,-0.005494976762260699,1.0,"(min = 0.94, max = 1.06)",115.0,0,0
4497,bus-4497,true,PQ,-0.030500505357484192,1.0,"(min = 0.94, max = 1.06)",230.0,0,0
1122,bus-1122,true,PQ,0.006876787999891609,1.0,"(min = 0.94, max = 1.06)",66.0,0,0
2077,bus-2077,true,PQ,-0.00062950482926521,1.0,"(min = 0.94, max = 1.06)",66.0,0,0
2082,bus-2082,true,PQ,0.00041451455939398106,1.0,"(min = 0.94, max = 1.06)",66.0,0,0
4026,bus-4026,true,PQ,-0.03179187604183112,1.0,"(min = 0.94, max = 1.06)",66.0,0,0
5603,bus-5603,true,PQ,0.001093064681765961,1.0,"(min = 0.94, max = 1.06)",66.0,0,0
5939,bus-5939,true,PQ,-0.000998722317530114,1.0,"(min = 0.94, max = 1.06)",66.0,0,0
7725,bus-7725,true,PQ,-0.0005465065815685505,1.0,"(min = 0.94, max = 1.06)",230.0,0,0
3416,bus-3416,true,PQ,-0.03145670458307445,1.0,"(min = 0.94, max = 1.06)",230.0,0,0
850,bus-850,true,PQ,-0.034636621350912465,1.0,"(min = 0.94, max = 1.06)",66.0,0,0
5982,bus-5982,true,PQ,-0.0013726278421963495,1.0,"(min = 0.94, max = 1.06)",66.0,0,0
5898,bus-5898,true,PQ,-4.487946235922791e-5,1.0,"(min = 0.94, max = 1.06)",66.0,0,0
875,bus-875,true,PQ,-0.03477642100226673,1.0,"(min = 0.94, max = 1.06)",66.0,0,0
4192,bus-4192,true,PQ,-0.012308513977700155,1.0,"(min = 0.94, max = 1.06)",66.0,0,0
4386,bus-4386,true,PQ,-0.03400811572089869,1.0,"(min = 0.94, max = 1.06)",115.0,0,0
7524,bus-7524,true,PQ,-0.030226056521398287,1.0,"(min = 0.94, max = 1.06)",66.0,0,0
8480,bus-8480,true,PQ,-0.0006083047686268403,1.0,"(min = 0.94, max = 1.06)",230.0,0,0
2087,bus-2087,true,PQ,-0.0005056664181239511,1.0,"(min = 0.94, max = 1.06)",66.0,0,0
3236,bus-3236,true,PQ,-0.03299828095659831,1.0,"(min = 0.94, max = 1.06)",115.0,0,0
255,bus-255,true,PQ,-0.019816531682595468,1.0,"(min = 0.94, max = 1.06)",66.0,0,0
6072,bus-6072,true,PQ,3.257279062891312e-5,1.0,"(min = 0.94, max = 1.06)",66.0,0,0
7642,bus-7642,true,PQ,0.009212714033840422,1.0,"(min = 0.94, max = 1.06)",230.0,0,0
5330,bus-5330,true,PQ,0.0010894194080341966,1.0,"(min = 0.94, max = 1.06)",66.0,0,0
5867,bus-5867,true,PQ,-0.0005109047516024489,1.0,"(min = 0.94, max = 1.06)",66.0,0,0
7707,bus-7707,true,PV,-0.012546579610385815,1.0,"(min = 0.94, max = 1.06)",230.0,0,0
2498,bus-2498,true,PQ,0.01515487984244527,1.0,"(min = 0.94, max = 1.06)",115.0,0,0
5328,bus-5328,true,PQ,0.0009680466793777665,1.0,"(min = 0.94, max = 1.06)",66.0,0,0
25,bus-25,true,PQ,-0.03283153324706033,1.0,"(min = 0.94, max = 1.06)",66.0,0,0
3915,bus-3915,true,PQ,-0.03329737419078822,1.0,"(min = 0.94, max = 1.06)",66.0,0,0
3406,bus-3406,true,PQ,-0.03108057059583933,1.0,"(min = 0.94, max = 1.06)",230.0,0,0
5809,bus-5809,true,PQ,-0.0010847806562402829,1.0,"(min = 0.94, max = 1.06)",66.0,0,0
6379,bus-6379,true,PQ,-0.0007381875412017527,1.0,"(min = 0.94, max = 1.06)",66.0,0,0
7810,bus-7810,true,PQ,-0.03808412868354066,1.0,"(min = 0.94, max = 1.06)",115.0,0,0
300,bus-300,true,PV,-0.00436137508074121,1.0,"(min = 0.94, max = 1.06)",66.0,0,0
739,bus-739,true,PQ,-0.036088866537331496,1.0,"(min = 0.94, max = 1.06)",66.0,0,0
2945,bus-2945,true,PQ,-0.01076616869937433,1.0,"(min = 0.94, max = 1.06)",115.0,0,0
6855,bus-6855,true,PQ,0.0057855841707208314,1.0,"(min = 0.94, max = 1.06)",66.0,0,0
1282,bus-1282,true,PQ,-0.033729142642325766,1.0,"(min = 0.94, max = 1.06)",66.0,0,0
4092,bus-4092,true,PQ,-0.012553884581250282,1.0,"(min = 0.94, max = 1.06)",230.0,0,0
6726,bus-6726,true,PQ,0.0005250231614901317,1.0,"(min = 0.94, max = 1.06)",66.0,0,0
2973,bus-2973,true,PQ,-0.03379223367679148,1.0,"(min = 0.94, max = 1.06)",230.0,0,0
656,bus-656,true,PQ,-0.02854325037373107,1.0,"(min = 0.94, max = 1.06)",66.0,0,0
4994,bus-4994,true,PQ,-0.0036241921091690033,1.0,"(min = 0.94, max = 1.06)",66.0,0,0
2005,bus-2005,true,PQ,0.002881397031387009,1.0,"(min = 0.94, max = 1.06)",66.0,0,0
7773,bus-7773,true,PV,-0.0002638662224073244,1.0,"(min = 0.94, max = 1.06)",230.0,0,0
5661,bus-5661,true,PQ,0.001602119857345523,1.0,"(min = 0.94, max = 1.06)",66.0,0,0
1234,bus-1234,true,PQ,-0.03235179215210369,1.0,"(min = 0.94, max = 1.06)",115.0,0,0
5970,bus-5970,true,PQ,-0.0007709141052861433,1.0,"(min = 0.94, max = 1.06)",66.0,0,0
2650,bus-2650,true,PQ,-0.0002283816663496521,1.0,"(min = 0.94, max = 1.06)",115.0,0,0
2843,bus-2843,true,PQ,-0.03201109271200719,1.0,"(min = 0.94, max = 1.06)",115.0,0,0
1694,bus-1694,true,PV,0.0006215883683346725,1.0,"(min = 0.94, max = 1.06)",66.0,0,0
7441,bus-7441,true,PQ,-0.03461214188642277,1.0,"(min = 0.94, max = 1.06)",66.0,0,0
3256,bus-3256,true,PQ,-0.034140276938781605,1.0,"(min = 0.94, max = 1.06)",115.0,0,0
8379,bus-8379,true,PQ,0.0005108665288918302,1.0,"(min = 0.94, max = 1.06)",66.0,0,0
7207,bus-7207,true,PQ,-0.03459413200840436,1.0,"(min = 0.94, max = 1.06)",66.0,0,0
8233,bus-8233,true,PQ,-0.03374766774153936,1.0,"(min = 0.94, max = 1.06)",115.0,0,0
8459,bus-8459,true,PQ,-0.012002230981829702,1.0,"(min = 0.94, max = 1.06)",66.0,0,0
1060,bus-1060,true,PQ,0.006647922660918327,1.0,"(min = 0.94, max = 1.06)",66.0,0,0
1125,bus-1125,true,PQ,0.008589535026530688,1.0,"(min = 0.94, max = 1.06)",66.0,0,0
5788,bus-5788,true,PQ,-7.094708361672341e-6,1.0,"(min = 0.94, max = 1.06)",66.0,0,0
3849,bus-3849,true,PQ,-0.03206880045292805,1.0,"(min = 0.94, max = 1.06)",66.0,0,0
1411,bus-1411,true,PQ,-0.0338172355183263,1.0,"(min = 0.94, max = 1.06)",115.0,0,0
5234,bus-5234,true,PQ,0.0031760664318817703,1.0,"(min = 0.94, max = 1.06)",66.0,0,0
8398,bus-8398,true,PQ,-0.032719085174012834,1.0,"(min = 0.94, max = 1.06)",230.0,0,0
4594,bus-4594,true,PQ,-0.0030146668475042066,1.0,"(min = 0.94, max = 1.06)",115.0,0,0
1458,bus-1458,true,PV,0.007466283147475525,1.0,"(min = 0.94, max = 1.06)",66.0,0,0
4003,bus-4003,true,PQ,-0.03262625826694919,1.0,"(min = 0.94, max = 1.06)",115.0,0,0
2009,bus-2009,true,PQ,0.002566989318409009,1.0,"(min = 0.94, max = 1.06)",115.0,0,0
2188,bus-2188,true,PQ,-0.014545939545332572,1.0,"(min = 0.94, max = 1.06)",66.0,0,0
4195,bus-4195,true,PQ,-0.014874746172279648,1.0,"(min = 0.94, max = 1.06)",66.0,0,0
5712,bus-5712,true,PQ,0.0009130447223962675,1.0,"(min = 0.94, max = 1.06)",66.0,0,0
7041,bus-7041,true,PQ,0.008008454024004174,1.0,"(min = 0.94, max = 1.06)",230.0,0,0
7835,bus-7835,true,PQ,-0.033928613704542324,1.0,"(min = 0.94, max = 1.06)",66.0,0,0
1523,bus-1523,true,PQ,0.014259463942077149,1.0,"(min = 0.94, max = 1.06)",115.0,0,0
8777,bus-8777,true,PQ,-0.03354540380345376,1.0,"(min = 0.94, max = 1.06)",115.0,0,0
1564,bus-1564,true,PQ,-0.03932133935773726,1.0,"(min = 0.94, max = 1.06)",66.0,0,0
252,bus-252,true,PQ,-0.0067919363224850735,1.0,"(min = 0.94, max = 1.06)",66.0,0,0
4364,bus-4364,true,PQ,-0.03578014990671193,1.0,"(min = 0.94, max = 1.06)",66.0,0,0
1491,bus-1491,true,PQ,-0.037021977674911756,1.0,"(min = 0.94, max = 1.06)",66.0,0,0
2374,bus-2374,true,PQ,-0.03354627227928956,1.0,"(min = 0.94, max = 1.06)",66.0,0,0
7146,bus-7146,true,PQ,-0.03473614438818431,1.0,"(min = 0.94, max = 1.06)",66.0,0,0
8213,bus-8213,true,PQ,-0.0328553795060974,1.0,"(min = 0.94, max = 1.06)",230.0,0,0
1625,bus-1625,true,PV,-0.02960332828027446,1.0,"(min = 0.94, max = 1.06)",115.0,0,0
3932,bus-3932,true,PQ,-0.03390767865469757,1.0,"(min = 0.94, max = 1.06)",66.0,0,0
4171,bus-4171,true,PQ,-0.025967623665200036,1.0,"(min = 0.94, max = 1.06)",66.0,0,0
5839,bus-5839,true,PQ,-0.0007165970678630045,1.0,"(min = 0.94, max = 1.06)",66.0,0,0
643,bus-643,true,PQ,-0.02845369281742226,1.0,"(min = 0.94, max = 1.06)",66.0,0,0
1812,bus-1812,true,PQ,-0.034240145202179495,1.0,"(min = 0.94, max = 1.06)",66.0,0,0
428,bus-428,true,PQ,-0.0016903095310517038,1.0,"(min = 0.94, max = 1.06)",66.0,0,0
6924,bus-6924,true,PQ,0.007089459371213431,1.0,"(min = 0.94, max = 1.06)",66.0,0,0
7144,bus-7144,true,PQ,-0.034764199159646715,1.0,"(min = 0.94, max = 1.06)",66.0,0,0
1179,bus-1179,true,PQ,-0.0035280260905403205,1.0,"(min = 0.94, max = 1.06)",115.0,0,0
86,bus-86,true,PQ,-0.03269203047621182,1.0,"(min = 0.94, max = 1.06)",115.0,0,0
1652,bus-1652,true,PV,-0.009843922026948226,1.0,"(min = 0.94, max = 1.06)",115.0,0,0
3061,bus-3061,true,PQ,-0.031072246247971946,1.0,"(min = 0.94, max = 1.06)",115.0,0,0
743,bus-743,true,PQ,-0.03459885434576148,1.0,"(min = 0.94, max = 1.06)",115.0,0,0
3660,bus-3660,true,PQ,-0.046867686639761354,1.0,"(min = 0.94, max = 1.06)",66.0,0,0
4631,bus-4631,true,PQ,-0.032188900398482136,1.0,"(min = 0.94, max = 1.06)",66.0,0,0
7336,bus-7336,true,PQ,-0.03516209373746278,1.0,"(min = 0.94, max = 1.06)",66.0,0,0
8343,bus-8343,true,PV,0.0030676941913298766,1.0,"(min = 0.94, max = 1.06)",230.0,0,0
5342,bus-5342,true,PQ,0.0004693058254641669,1.0,"(min = 0.94, max = 1.06)",66.0,0,0
4124,bus-4124,true,PQ,-0.018467960973607072,1.0,"(min = 0.94, max = 1.06)",66.0,0,0
7099,bus-7099,true,PQ,-0.03274713802561306,1.0,"(min = 0.94, max = 1.06)",230.0,0,0
1733,bus-1733,true,PV,-0.03092726087434415,1.0,"(min = 0.94, max = 1.06)",230.0,0,0
2269,bus-2269,true,PQ,0.015769525952495297,1.0,"(min = 0.94, max = 1.06)",66.0,0,0
1657,bus-1657,true,PV,0.00806833337339354,1.0,"(min = 0.94, max = 1.06)",115.0,0,0
5454,bus-5454,true,PQ,0.002701582303538728,1.0,"(min = 0.94, max = 1.06)",66.0,0,0
4674,bus-4674,true,PQ,-0.0430092818518568,1.0,"(min = 0.94, max = 1.06)",66.0,0,0
5956,bus-5956,true,PQ,-4.933209154357733e-5,1.0,"(min = 0.94, max = 1.06)",66.0,0,0
2390,bus-2390,true,PQ,0.002180728529428088,1.0,"(min = 0.94, max = 1.06)",66.0,0,0
4810,bus-4810,true,PQ,-0.00036052823393882707,1.0,"(min = 0.94, max = 1.06)",230.0,0,0
8732,bus-8732,true,PQ,-0.00043554423924544166,1.0,"(min = 0.94, max = 1.06)",115.0,0,0
4778,bus-4778,true,PQ,0.0003181571881020969,1.0,"(min = 0.94, max = 1.06)",66.0,0,0
6654,bus-6654,true,PQ,0.016313123618234157,1.0,"(min = 0.94, max = 1.06)",66.0,0,0
8785,bus-8785,true,PQ,0.005452602157697624,1.0,"(min = 0.94, max = 1.06)",115.0,0,0
2818,bus-2818,true,PQ,-0.0026983893982051293,1.0,"(min = 0.94, max = 1.06)",115.0,0,0
2356,bus-2356,true,PV,-0.0345335416816909,1.0,"(min = 0.94, max = 1.06)",66.0,0,0
3313,bus-3313,true,PQ,-0.006438285300155003,1.0,"(min = 0.94, max = 1.06)",230.0,0,0
6879,bus-6879,true,PQ,0.007510448861276876,1.0,"(min = 0.94, max = 1.06)",66.0,0,0
6652,bus-6652,true,PQ,0.007203323552056113,1.0,"(min = 0.94, max = 1.06)",115.0,0,0
4091,bus-4091,true,PQ,-0.012088943023139228,1.0,"(min = 0.94, max = 1.06)",115.0,0,0
5077,bus-5077,true,PQ,0.0014072218963630692,1.0,"(min = 0.94, max = 1.06)",66.0,0,0
7230,bus-7230,true,PQ,-0.0347299039634438,1.0,"(min = 0.94, max = 1.06)",66.0,0,0
8083,bus-8083,true,PQ,0.0017173976693611866,1.0,"(min = 0.94, max = 1.06)",66.0,0,0
6084,bus-6084,true,PQ,-0.0008832854047904973,1.0,"(min = 0.94, max = 1.06)",66.0,0,0
8838,bus-8838,true,PV,0.007870474244914251,1.0,"(min = 0.94, max = 1.06)",230.0,0,0
5198,bus-5198,true,PQ,0.005665271172824956,1.0,"(min = 0.94, max = 1.06)",66.0,0,0
7617,bus-7617,true,PQ,-0.0011141204089111785,1.0,"(min = 0.94, max = 1.06)",66.0,0,0
839,bus-839,true,PV,-0.034672845485004676,1.0,"(min = 0.94, max = 1.06)",66.0,0,0
1131,bus-1131,true,PQ,-0.03159271948794577,1.0,"(min = 0.94, max = 1.06)",115.0,0,0
1709,bus-1709,true,PV,0.01355939241253558,1.0,"(min = 0.94, max = 1.06)",115.0,0,0
6103,bus-6103,true,PQ,0.0005994047081977199,1.0,"(min = 0.94, max = 1.06)",66.0,0,0
8839,bus-8839,true,PQ,0.00682399559483655,1.0,"(min = 0.94, max = 1.06)",66.0,0,0
4379,bus-4379,true,PQ,-0.04964494233559609,1.0,"(min = 0.94, max = 1.06)",115.0,0,0
4610,bus-4610,true,PQ,-0.006526974694787284,1.0,"(min = 0.94, max = 1.06)",230.0,0,0
7895,bus-7895,true,PQ,-0.031919942891821776,1.0,"(min = 0.94, max = 1.06)",115.0,0,0
4748,bus-4748,true,PQ,-0.0014711003605554329,1.0,"(min = 0.94, max = 1.06)",230.0,0,0
8203,bus-8203,true,PQ,0.00833109291917409,1.0,"(min = 0.94, max = 1.06)",115.0,0,0
3678,bus-3678,true,PQ,-0.03679025484798053,1.0,"(min = 0.94, max = 1.06)",66.0,0,0
8430,bus-8430,true,PQ,-0.0011371115264279445,1.0,"(min = 0.94, max = 1.06)",66.0,0,0
6087,bus-6087,true,PQ,-0.0007818486244658143,1.0,"(min = 0.94, max = 1.06)",66.0,0,0
8468,bus-8468,true,PQ,-0.005565229126993444,1.0,"(min = 0.94, max = 1.06)",115.0,0,0
6542,bus-6542,true,PQ,-0.00165825669547451,1.0,"(min = 0.94, max = 1.06)",66.0,0,0
1274,bus-1274,true,PQ,-0.031454682270070165,1.0,"(min = 0.94, max = 1.06)",115.0,0,0
3377,bus-3377,true,PQ,-0.01256955927854269,1.0,"(min = 0.94, max = 1.06)",230.0,0,0
5285,bus-5285,true,PQ,-5.106555430198735e-5,1.0,"(min = 0.94, max = 1.06)",66.0,0,0
1157,bus-1157,true,PQ,-0.032059079841659066,1.0,"(min = 0.94, max = 1.06)",66.0,0,0
7482,bus-7482,true,PQ,-0.0317992570392378,1.0,"(min = 0.94, max = 1.06)",66.0,0,0
4730,bus-4730,true,PQ,0.004347064340805945,1.0,"(min = 0.94, max = 1.06)",115.0,0,0
5012,bus-5012,true,PQ,-0.002978907738937891,1.0,"(min = 0.94, max = 1.06)",66.0,0,0
5570,bus-5570,true,PQ,-0.0005885112705779822,1.0,"(min = 0.94, max = 1.06)",66.0,0,0
7519,bus-7519,true,PQ,-0.028614908007764353,1.0,"(min = 0.94, max = 1.06)",115.0,0,0
3722,bus-3722,true,PQ,-0.03238744748339268,1.0,"(min = 0.94, max = 1.06)",66.0,0,0
1646,bus-1646,true,PV,-0.007388642734205918,1.0,"(min = 0.94, max = 1.06)",230.0,0,0
8741,bus-8741,true,PQ,-0.03205507378742696,1.0,"(min = 0.94, max = 1.06)",230.0,0,0
6850,bus-6850,true,PQ,0.005843171588643066,1.0,"(min = 0.94, max = 1.06)",66.0,0,0
3946,bus-3946,true,PQ,-0.03147861876262957,1.0,"(min = 0.94, max = 1.06)",115.0,0,0
6830,bus-6830,true,PQ,0.010903792448750138,1.0,"(min = 0.94, max = 1.06)",230.0,0,0
8558,bus-8558,true,PQ,0.005298656158970335,1.0,"(min = 0.94, max = 1.06)",115.0,0,0
1261,bus-1261,true,PV,-0.03175850028507816,1.0,"(min = 0.94, max = 1.06)",115.0,0,0
2314,bus-2314,true,PV,-0.00164597435974262,1.0,"(min = 0.94, max = 1.06)",500.0,0,0
961,bus-961,true,PQ,-0.035022511030534526,1.0,"(min = 0.94, max = 1.06)",66.0,0,0
6949,bus-6949,true,PQ,0.007670828771945545,1.0,"(min = 0.94, max = 1.06)",66.0,0,0
4716,bus-4716,true,PQ,0.009731380264626489,1.0,"(min = 0.94, max = 1.06)",115.0,0,0
1176,bus-1176,true,PV,-0.005411524262955611,1.0,"(min = 0.94, max = 1.06)",115.0,0,0
2549,bus-2549,true,PQ,0.014975488322034013,1.0,"(min = 0.94, max = 1.06)",66.0,0,0
2559,bus-2559,true,PQ,0.014916019735884104,1.0,"(min = 0.94, max = 1.06)",66.0,0,0
6468,bus-6468,true,PQ,-0.0013201973224350452,1.0,"(min = 0.94, max = 1.06)",66.0,0,0
6968,bus-6968,true,PQ,0.007763808831651052,1.0,"(min = 0.94, max = 1.06)",66.0,0,0
4614,bus-4614,true,PQ,-0.0053244246014725076,1.0,"(min = 0.94, max = 1.06)",115.0,0,0
3505,bus-3505,true,PQ,-0.03774441448180691,1.0,"(min = 0.94, max = 1.06)",66.0,0,0
6078,bus-6078,true,PQ,-0.00017815387427741225,1.0,"(min = 0.94, max = 1.06)",66.0,0,0
7255,bus-7255,true,PQ,-0.034455364544769725,1.0,"(min = 0.94, max = 1.06)",66.0,0,0
2025,bus-2025,true,PQ,0.009672679588440872,1.0,"(min = 0.94, max = 1.06)",115.0,0,0
2838,bus-2838,true,PQ,-0.02845604691751735,1.0,"(min = 0.94, max = 1.06)",230.0,0,0
3097,bus-3097,true,PQ,-0.032472292476188186,1.0,"(min = 0.94, max = 1.06)",115.0,0,0
1728,bus-1728,true,PV,-0.03027996520413633,1.0,"(min = 0.94, max = 1.06)",230.0,0,0
3807,bus-3807,true,PQ,-0.029830669283585635,1.0,"(min = 0.94, max = 1.06)",66.0,0,0
5928,bus-5928,true,PQ,-0.0006731193942687181,1.0,"(min = 0.94, max = 1.06)",66.0,0,0
8706,bus-8706,true,PQ,-0.03097287592700965,1.0,"(min = 0.94, max = 1.06)",115.0,0,0
3251,bus-3251,true,PQ,-0.030934247252806964,1.0,"(min = 0.94, max = 1.06)",230.0,0,0
275,bus-275,true,PQ,-0.005726452834542284,1.0,"(min = 0.94, max = 1.06)",115.0,0,0
2540,bus-2540,true,PQ,0.014983277866112006,1.0,"(min = 0.94, max = 1.06)",66.0,0,0
6817,bus-6817,true,PQ,0.007728734991708948,1.0,"(min = 0.94, max = 1.06)",230.0,0,0
691,bus-691,true,PQ,0.0015970453928304952,1.0,"(min = 0.94, max = 1.06)",66.0,0,0
7433,bus-7433,true,PQ,-0.0328551655287311,1.0,"(min = 0.94, max = 1.06)",230.0,0,0
5874,bus-5874,true,PQ,-0.0009099316187520579,1.0,"(min = 0.94, max = 1.06)",66.0,0,0
3551,bus-3551,true,PQ,0.010198111989498023,1.0,"(min = 0.94, max = 1.06)",66.0,0,0
5795,bus-5795,true,PQ,1.7898269274194082e-5,1.0,"(min = 0.94, max = 1.06)",66.0,0,0
4112,bus-4112,true,PQ,-0.01978996812044596,1.0,"(min = 0.94, max = 1.06)",115.0,0,0
4305,bus-4305,true,PQ,-0.031852486439830976,1.0,"(min = 0.94, max = 1.06)",115.0,0,0
3037,bus-3037,true,PQ,-0.03201138226213009,1.0,"(min = 0.94, max = 1.06)",115.0,0,0
5113,bus-5113,true,PQ,0.007911008504500853,1.0,"(min = 0.94, max = 1.06)",66.0,0,0
7597,bus-7597,true,PQ,-0.032587218916773505,1.0,"(min = 0.94, max = 1.06)",230.0,0,0
2573,bus-2573,true,PQ,0.01490596609834055,1.0,"(min = 0.94, max = 1.06)",66.0,0,0
4395,bus-4395,true,PQ,-0.03433794856653935,1.0,"(min = 0.94, max = 1.06)",66.0,0,0
2670,bus-2670,true,PQ,-0.03908260292520689,1.0,"(min = 0.94, max = 1.06)",66.0,0,0
963,bus-963,true,PQ,-0.03468644875572765,1.0,"(min = 0.94, max = 1.06)",66.0,0,0
2889,bus-2889,true,PQ,-0.03322659218844067,1.0,"(min = 0.94, max = 1.06)",115.0,0,0
8374,bus-8374,true,PQ,0.0002429926989093689,1.0,"(min = 0.94, max = 1.06)",230.0,0,0
1391,bus-1391,true,PV,-0.037583719225049,1.0,"(min = 0.94, max = 1.06)",66.0,0,0
18,bus-18,true,PQ,-0.02845288368278104,1.0,"(min = 0.94, max = 1.06)",230.0,0,0
3832,bus-3832,true,PQ,-0.03222517916137994,1.0,"(min = 0.94, max = 1.06)",66.0,0,0
4253,bus-4253,true,PQ,-0.0064187137364284975,1.0,"(min = 0.94, max = 1.06)",115.0,0,0
2349,bus-2349,true,PQ,-0.03481516696259516,1.0,"(min = 0.94, max = 1.06)",66.0,0,0
4815,bus-4815,true,PQ,-7.864072848456833e-5,1.0,"(min = 0.94, max = 1.06)",66.0,0,0
7560,bus-7560,true,PQ,-0.0010518236371361298,1.0,"(min = 0.94, max = 1.06)",66.0,0,0
3701,bus-3701,true,PQ,-0.035800698715193216,1.0,"(min = 0.94, max = 1.06)",66.0,0,0
3481,bus-3481,true,PQ,-0.026902355166457847,1.0,"(min = 0.94, max = 1.06)",115.0,0,0
7838,bus-7838,true,PQ,-0.03546516667141309,1.0,"(min = 0.94, max = 1.06)",115.0,0,0
3276,bus-3276,true,PQ,-0.013206281464889245,1.0,"(min = 0.94, max = 1.06)",115.0,0,0
6653,bus-6653,true,PQ,0.0019907863889687704,1.0,"(min = 0.94, max = 1.06)",230.0,0,0
8062,bus-8062,true,PQ,0.0006991295770895963,1.0,"(min = 0.94, max = 1.06)",230.0,0,0
1165,bus-1165,true,PQ,-0.03224367668439135,1.0,"(min = 0.94, max = 1.06)",66.0,0,0
3265,bus-3265,true,PQ,-0.03149287269209768,1.0,"(min = 0.94, max = 1.06)",115.0,0,0
211,bus-211,true,PQ,0.012050993229655685,1.0,"(min = 0.94, max = 1.06)",66.0,0,0
606,bus-606,true,PQ,-0.023628536892335742,1.0,"(min = 0.94, max = 1.06)",66.0,0,0
2288,bus-2288,true,PQ,0.0007139036076934861,1.0,"(min = 0.94, max = 1.06)",230.0,0,0
3942,bus-3942,true,PQ,-0.03325795488243438,1.0,"(min = 0.94, max = 1.06)",66.0,0,0
3321,bus-3321,true,PQ,-0.03311182945973918,1.0,"(min = 0.94, max = 1.06)",115.0,0,0
5697,bus-5697,true,PQ,0.0013550135133823125,1.0,"(min = 0.94, max = 1.06)",66.0,0,0
6076,bus-6076,true,PQ,1.016628793516984e-5,1.0,"(min = 0.94, max = 1.06)",66.0,0,0
853,bus-853,true,PQ,-0.03481147018070651,1.0,"(min = 0.94, max = 1.06)",66.0,0,0
4123,bus-4123,true,PQ,-0.012666471198533797,1.0,"(min = 0.94, max = 1.06)",66.0,0,0
7282,bus-7282,true,PQ,-0.034422993923132986,1.0,"(min = 0.94, max = 1.06)",66.0,0,0
3734,bus-3734,true,PQ,-0.034664125645528794,1.0,"(min = 0.94, max = 1.06)",66.0,0,0
5256,bus-5256,true,PQ,0.005402185180661114,1.0,"(min = 0.94, max = 1.06)",66.0,0,0
1284,bus-1284,true,PV,-0.0314640098331916,1.0,"(min = 0.94, max = 1.06)",66.0,0,0
7905,bus-7905,true,PQ,0.0031624918718249962,1.0,"(min = 0.94, max = 1.06)",66.0,0,0
2685,bus-2685,true,PQ,-0.0293323510786037,1.0,"(min = 0.94, max = 1.06)",66.0,0,0
6797,bus-6797,true,PQ,0.007737620916716457,1.0,"(min = 0.94, max = 1.06)",230.0,0,0
7152,bus-7152,true,PQ,-0.034722522791504194,1.0,"(min = 0.94, max = 1.06)",66.0,0,0
2084,bus-2084,true,PV,-0.00048823525986958164,1.0,"(min = 0.94, max = 1.06)",66.0,0,0
6151,bus-6151,true,PQ,-0.0011767161259164966,1.0,"(min = 0.94, max = 1.06)",66.0,0,0
6457,bus-6457,true,PQ,-0.0004321049440360099,1.0,"(min = 0.94, max = 1.06)",66.0,0,0
62,bus-62,true,PQ,-0.03787160028959116,1.0,"(min = 0.94, max = 1.06)",66.0,0,0
1194,bus-1194,true,PV,-0.03289875861745817,1.0,"(min = 0.94, max = 1.06)",66.0,0,0
3863,bus-3863,true,PQ,-0.032030773742784374,1.0,"(min = 0.94, max = 1.06)",66.0,0,0
4287,bus-4287,true,PQ,-0.006481053476464401,1.0,"(min = 0.94, max = 1.06)",66.0,0,0
2808,bus-2808,true,PQ,-0.004030856914116458,1.0,"(min = 0.94, max = 1.06)",115.0,0,0
6568,bus-6568,true,PQ,0.003062190976212121,1.0,"(min = 0.94, max = 1.06)",115.0,0,0
1285,bus-1285,true,PQ,-0.03200732995667281,1.0,"(min = 0.94, max = 1.06)",115.0,0,0
4227,bus-4227,true,PQ,-0.0034126759538257835,1.0,"(min = 0.94, max = 1.06)",115.0,0,0
343,bus-343,true,PQ,-0.0008102223007438168,1.0,"(min = 0.94, max = 1.06)",66.0,0,0
4012,bus-4012,true,PQ,-0.028120762885023933,1.0,"(min = 0.94, max = 1.06)",66.0,0,0
5197,bus-5197,true,PQ,0.006082803200546784,1.0,"(min = 0.94, max = 1.06)",66.0,0,0
5272,bus-5272,true,PQ,0.005408151169830036,1.0,"(min = 0.94, max = 1.06)",115.0,0,0
8356,bus-8356,true,PQ,-0.005319986840049924,1.0,"(min = 0.94, max = 1.06)",115.0,0,0
1454,bus-1454,true,PQ,0.005585248664379058,1.0,"(min = 0.94, max = 1.06)",66.0,0,0
3205,bus-3205,true,PQ,-0.03222653877286724,1.0,"(min = 0.94, max = 1.06)",230.0,0,0
3694,bus-3694,true,PQ,-0.03416460595588978,1.0,"(min = 0.94, max = 1.06)",66.0,0,0
2654,bus-2654,true,PQ,0.00019186015956882172,1.0,"(min = 0.94, max = 1.06)",230.0,0,0
8100,bus-8100,true,PQ,-0.03210630583322415,1.0,"(min = 0.94, max = 1.06)",230.0,0,0
4884,bus-4884,true,PQ,0.0012494988445641733,1.0,"(min = 0.94, max = 1.06)",230.0,0,0
389,bus-389,true,PQ,0.00023197373546449867,1.0,"(min = 0.94, max = 1.06)",66.0,0,0
807,bus-807,true,PQ,0.00165273013308735,1.0,"(min = 0.94, max = 1.06)",115.0,0,0
5554,bus-5554,true,PQ,-0.0006647184508817781,1.0,"(min = 0.94, max = 1.06)",66.0,0,0
7671,bus-7671,true,PQ,0.00015098397654271864,1.0,"(min = 0.94, max = 1.06)",230.0,0,0
2097,bus-2097,true,PQ,-0.00044212463143495555,1.0,"(min = 0.94, max = 1.06)",66.0,0,0
402,bus-402,true,PQ,-0.0008625554852380666,1.0,"(min = 0.94, max = 1.06)",66.0,0,0
3042,bus-3042,true,PQ,-0.03260405715526504,1.0,"(min = 0.94, max = 1.06)",115.0,0,0
2835,bus-2835,true,PQ,-0.001427335278357233,1.0,"(min = 0.94, max = 1.06)",230.0,0,0
3334,bus-3334,true,PQ,-0.030302094408255292,1.0,"(min = 0.94, max = 1.06)",230.0,0,0
4172,bus-4172,true,PQ,-0.024821079005920194,1.0,"(min = 0.94, max = 1.06)",66.0,0,0
214,bus-214,true,PQ,-0.016970227689772334,1.0,"(min = 0.94, max = 1.06)",66.0,0,0
2281,bus-2281,true,PQ,0.003463732751112782,1.0,"(min = 0.94, max = 1.06)",66.0,0,0
1199,bus-1199,true,PV,-0.03463152760749052,1.0,"(min = 0.94, max = 1.06)",66.0,0,0
5534,bus-5534,true,PQ,0.01009707418096837,1.0,"(min = 0.94, max = 1.06)",115.0,0,0
6381,bus-6381,true,PQ,-0.0007145030672050225,1.0,"(min = 0.94, max = 1.06)",66.0,0,0
4703,bus-4703,true,PQ,0.0033140271694295535,1.0,"(min = 0.94, max = 1.06)",66.0,0,0
8434,bus-8434,true,PV,-0.033049789637081946,1.0,"(min = 0.94, max = 1.06)",115.0,0,0
8666,bus-8666,true,PQ,0.005418498546286702,1.0,"(min = 0.94, max = 1.06)",115.0,0,0
3314,bus-3314,true,PQ,-0.006438593036608713,1.0,"(min = 0.94, max = 1.06)",230.0,0,0
4853,bus-4853,true,PQ,0.005183563266334251,1.0,"(min = 0.94, max = 1.06)",115.0,0,0
3112,bus-3112,true,PQ,-0.03208521684533938,1.0,"(min = 0.94, max = 1.06)",115.0,0,0
6492,bus-6492,true,PQ,0.003106325989671928,1.0,"(min = 0.94, max = 1.06)",230.0,0,0
3318,bus-3318,true,PQ,-0.033106448086056506,1.0,"(min = 0.94, max = 1.06)",115.0,0,0
6243,bus-6243,true,PQ,0.0001382160542591416,1.0,"(min = 0.94, max = 1.06)",66.0,0,0
5061,bus-5061,true,PQ,-0.003096013641973349,1.0,"(min = 0.94, max = 1.06)",66.0,0,0
4441,bus-4441,true,PQ,-0.03581673480036054,1.0,"(min = 0.94, max = 1.06)",66.0,0,0
6503,bus-6503,true,PQ,0.0009588576552563688,1.0,"(min = 0.94, max = 1.06)",66.0,0,0
8134,bus-8134,true,PQ,0.003034454954231005,1.0,"(min = 0.94, max = 1.06)",115.0,0,0
5587,bus-5587,true,PQ,8.448663306683381e-5,1.0,"(min = 0.94, max = 1.06)",66.0,0,0
5799,bus-5799,true,PQ,-0.0007814550876260747,1.0,"(min = 0.94, max = 1.06)",66.0,0,0
5699,bus-5699,true,PQ,0.0006897833110198987,1.0,"(min = 0.94, max = 1.06)",66.0,0,0
2226,bus-2226,true,PQ,0.0016446424379038993,1.0,"(min = 0.94, max = 1.06)",66.0,0,0
4701,bus-4701,true,PQ,0.003267613454098343,1.0,"(min = 0.94, max = 1.06)",66.0,0,0
6194,bus-6194,true,PQ,-0.0007791949159153392,1.0,"(min = 0.94, max = 1.06)",66.0,0,0
7264,bus-7264,true,PQ,-0.0344291104294966,1.0,"(min = 0.94, max = 1.06)",66.0,0,0
7762,bus-7762,true,PQ,0.007598741525116886,1.0,"(min = 0.94, max = 1.06)",66.0,0,0
8290,bus-8290,true,PQ,-0.030525959064762343,1.0,"(min = 0.94, max = 1.06)",66.0,0,0
519,bus-519,true,PV,-0.001802265068693623,1.0,"(min = 0.94, max = 1.06)",66.0,0,0
950,bus-950,true,PQ,-0.03473575744868914,1.0,"(min = 0.94, max = 1.06)",66.0,0,0
7909,bus-7909,true,PQ,0.0003249877453146162,1.0,"(min = 0.94, max = 1.06)",230.0,0,0
6955,bus-6955,true,PQ,0.007486874280191167,1.0,"(min = 0.94, max = 1.06)",66.0,0,0
3184,bus-3184,true,PQ,-0.03367503272312496,1.0,"(min = 0.94, max = 1.06)",115.0,0,0
6687,bus-6687,true,PQ,4.471023593308625e-5,1.0,"(min = 0.94, max = 1.06)",66.0,0,0
7100,bus-7100,true,PQ,-0.032742489864749154,1.0,"(min = 0.94, max = 1.06)",230.0,0,0
3015,bus-3015,true,PQ,-0.034737753407221725,1.0,"(min = 0.94, max = 1.06)",115.0,0,0
6486,bus-6486,true,PQ,0.003895481462976484,1.0,"(min = 0.94, max = 1.06)",230.0,0,0
411,bus-411,true,PQ,-0.00044360724500129345,1.0,"(min = 0.94, max = 1.06)",66.0,0,0
1082,bus-1082,true,PQ,0.006731209912449837,1.0,"(min = 0.94, max = 1.06)",66.0,0,0
6043,bus-6043,true,PQ,-0.00027371696717066476,1.0,"(min = 0.94, max = 1.06)",66.0,0,0
3394,bus-3394,true,PQ,-0.010819441035067105,1.0,"(min = 0.94, max = 1.06)",115.0,0,0
2743,bus-2743,true,PQ,-0.03630403142564905,1.0,"(min = 0.94, max = 1.06)",66.0,0,0
103,bus-103,true,PV,-0.03419675334991519,1.0,"(min = 0.94, max = 1.06)",115.0,0,0
1881,bus-1881,true,PV,0.011891297767306477,1.0,"(min = 0.94, max = 1.06)",66.0,0,0
2430,bus-2430,true,PQ,0.0004435596585992378,1.0,"(min = 0.94, max = 1.06)",66.0,0,0
5993,bus-5993,true,PQ,-0.0012949032691502113,1.0,"(min = 0.94, max = 1.06)",66.0,0,0
6315,bus-6315,true,PQ,-0.0013912571969074811,1.0,"(min = 0.94, max = 1.06)",66.0,0,0
41,bus-41,true,PQ,-0.03467142845218499,1.0,"(min = 0.94, max = 1.06)",66.0,0,0
379,bus-379,true,PQ,0.00064306486120129,1.0,"(min = 0.94, max = 1.06)",66.0,0,0
5631,bus-5631,true,PQ,0.001225392075937618,1.0,"(min = 0.94, max = 1.06)",66.0,0,0
6448,bus-6448,true,PQ,-0.0004734224934282731,1.0,"(min = 0.94, max = 1.06)",66.0,0,0
7902,bus-7902,true,PQ,0.0074785904414157185,1.0,"(min = 0.94, max = 1.06)",230.0,0,0
6187,bus-6187,true,PQ,-0.0005622384279219836,1.0,"(min = 0.94, max = 1.06)",66.0,0,0
2939,bus-2939,true,PQ,-0.032180888464550854,1.0,"(min = 0.94, max = 1.06)",230.0,0,0
7840,bus-7840,true,PQ,-0.031784692790228684,1.0,"(min = 0.94, max = 1.06)",66.0,0,0
2897,bus-2897,true,PQ,-0.012721522443613372,1.0,"(min = 0.94, max = 1.06)",230.0,0,0
6056,bus-6056,true,PQ,-0.0004408816934628186,1.0,"(min = 0.94, max = 1.06)",66.0,0,0
113,bus-113,true,PV,-0.010032001761469326,1.0,"(min = 0.94, max = 1.06)",115.0,0,0
2823,bus-2823,true,PQ,-0.016309582031022597,1.0,"(min = 0.94, max = 1.06)",230.0,0,0
641,bus-641,true,PQ,-0.025213713859502447,1.0,"(min = 0.94, max = 1.06)",66.0,0,0
3526,bus-3526,true,PQ,-0.03404609338729039,1.0,"(min = 0.94, max = 1.06)",66.0,0,0
888,bus-888,true,PQ,-0.03474163379774768,1.0,"(min = 0.94, max = 1.06)",66.0,0,0
472,bus-472,true,PQ,-0.00039950773328380174,1.0,"(min = 0.94, max = 1.06)",66.0,0,0
1865,bus-1865,true,PV,0.003420038834714832,1.0,"(min = 0.94, max = 1.06)",115.0,0,0
2054,bus-2054,true,PQ,-9.453091913625707e-5,1.0,"(min = 0.94, max = 1.06)",66.0,0,0
2068,bus-2068,true,PV,-0.0017389272150010768,1.0,"(min = 0.94, max = 1.06)",66.0,0,0
2975,bus-2975,true,PQ,-0.03378973401623678,1.0,"(min = 0.94, max = 1.06)",230.0,0,0
4206,bus-4206,true,PQ,-0.01241750916116867,1.0,"(min = 0.94, max = 1.06)",66.0,0,0
5117,bus-5117,true,PQ,0.010753995394360814,1.0,"(min = 0.94, max = 1.06)",66.0,0,0
6585,bus-6585,true,PQ,-9.150340382057151e-5,1.0,"(min = 0.94, max = 1.06)",66.0,0,0
8788,bus-8788,true,PQ,-0.026741328646207898,1.0,"(min = 0.94, max = 1.06)",230.0,0,0
7119,bus-7119,true,PQ,-0.034443187731644405,1.0,"(min = 0.94, max = 1.06)",66.0,0,0
6238,bus-6238,true,PQ,-3.397874287678518e-5,1.0,"(min = 0.94, max = 1.06)",66.0,0,0
8380,bus-8380,true,PQ,0.014642285786659817,1.0,"(min = 0.94, max = 1.06)",66.0,0,0
3860,bus-3860,true,PQ,-0.03197959702392447,1.0,"(min = 0.94, max = 1.06)",66.0,0,0
7038,bus-7038,true,PQ,0.014098732050858228,1.0,"(min = 0.94, max = 1.06)",66.0,0,0
2144,bus-2144,true,PQ,-0.034144207594790026,1.0,"(min = 0.94, max = 1.06)",66.0,0,0
4628,bus-4628,true,PQ,-0.030250933920957433,1.0,"(min = 0.94, max = 1.06)",230.0,0,0
1515,bus-1515,true,PQ,-0.032121291753780555,1.0,"(min = 0.94, max = 1.06)",66.0,0,0
5413,bus-5413,true,PQ,-0.00014420824675425562,1.0,"(min = 0.94, max = 1.06)",66.0,0,0
6787,bus-6787,true,PQ,0.00780939201460441,1.0,"(min = 0.94, max = 1.06)",115.0,0,0
8009,bus-8009,true,PV,-0.0004596418745640213,1.0,"(min = 0.94, max = 1.06)",230.0,0,0
2100,bus-2100,true,PQ,-0.00028007448430535754,1.0,"(min = 0.94, max = 1.06)",66.0,0,0
4435,bus-4435,true,PQ,-0.03568589758924818,1.0,"(min = 0.94, max = 1.06)",66.0,0,0
991,bus-991,true,PQ,-3.585874278106094e-5,1.0,"(min = 0.94, max = 1.06)",66.0,0,0
6054,bus-6054,true,PQ,-0.00035589158875732046,1.0,"(min = 0.94, max = 1.06)",66.0,0,0
8011,bus-8011,true,PQ,-0.036643288874717565,1.0,"(min = 0.94, max = 1.06)",66.0,0,0
4130,bus-4130,true,PQ,-0.015499232780264976,1.0,"(min = 0.94, max = 1.06)",66.0,0,0
6598,bus-6598,true,PQ,-0.0001308489238424305,1.0,"(min = 0.94, max = 1.06)",66.0,0,0
1309,bus-1309,true,PQ,-0.037474162464440346,1.0,"(min = 0.94, max = 1.06)",66.0,0,0
1440,bus-1440,true,PQ,-0.0044810981922564965,1.0,"(min = 0.94, max = 1.06)",66.0,0,0
5999,bus-5999,true,PQ,-0.001780833507583269,1.0,"(min = 0.94, max = 1.06)",66.0,0,0
5549,bus-5549,true,PQ,0.009671935764020256,1.0,"(min = 0.94, max = 1.06)",115.0,0,0
3877,bus-3877,true,PQ,-0.03229657342522909,1.0,"(min = 0.94, max = 1.06)",66.0,0,0
3217,bus-3217,true,PQ,-0.03379092799597807,1.0,"(min = 0.94, max = 1.06)",230.0,0,0
8191,bus-8191,true,PV,0.005989242190546458,1.0,"(min = 0.94, max = 1.06)",500.0,0,0
2660,bus-2660,true,PQ,0.0016449075481812896,1.0,"(min = 0.94, max = 1.06)",230.0,0,0
3323,bus-3323,true,PQ,-0.03317852198111639,1.0,"(min = 0.94, max = 1.06)",115.0,0,0
554,bus-554,true,PV,-0.00016124050459756113,1.0,"(min = 0.94, max = 1.06)",66.0,0,0
2287,bus-2287,true,PV,-0.004572411200726962,1.0,"(min = 0.94, max = 1.06)",66.0,0,0
6861,bus-6861,true,PQ,0.005933358685213069,1.0,"(min = 0.94, max = 1.06)",66.0,0,0
473,bus-473,true,PQ,-0.0009172317498185094,1.0,"(min = 0.94, max = 1.06)",66.0,0,0
2452,bus-2452,true,PQ,0.0005557386402733146,1.0,"(min = 0.94, max = 1.06)",66.0,0,0
2619,bus-2619,true,PQ,0.01123300718603621,1.0,"(min = 0.94, max = 1.06)",115.0,0,0
6780,bus-6780,true,PV,0.01243082090954668,1.0,"(min = 0.94, max = 1.06)",230.0,0,0
2339,bus-2339,true,PV,-0.034912637841732506,1.0,"(min = 0.94, max = 1.06)",66.0,0,0
5579,bus-5579,true,PQ,-0.000457367200912531,1.0,"(min = 0.94, max = 1.06)",66.0,0,0
6168,bus-6168,true,PQ,-0.0010700431222163817,1.0,"(min = 0.94, max = 1.06)",66.0,0,0
6240,bus-6240,true,PQ,0.0003674914309385102,1.0,"(min = 0.94, max = 1.06)",66.0,0,0
6244,bus-6244,true,PQ,0.00038170302395495705,1.0,"(min = 0.94, max = 1.06)",66.0,0,0
799,bus-799,true,PV,0.0008062759140828521,1.0,"(min = 0.94, max = 1.06)",66.0,0,0
6340,bus-6340,true,PQ,-0.0007776820226318086,1.0,"(min = 0.94, max = 1.06)",66.0,0,0
168,bus-168,true,PQ,-0.05299865061276729,1.0,"(min = 0.94, max = 1.06)",66.0,0,0
7104,bus-7104,true,PQ,-0.032418194948825065,1.0,"(min = 0.94, max = 1.06)",230.0,0,0
4823,bus-4823,true,PQ,0.003174408212012743,1.0,"(min = 0.94, max = 1.06)",66.0,0,0
1973,bus-1973,true,PV,-0.008598166203280576,1.0,"(min = 0.94, max = 1.06)",66.0,0,0
8533,bus-8533,true,PQ,0.014792347398057163,1.0,"(min = 0.94, max = 1.06)",115.0,0,0
6134,bus-6134,true,PQ,-0.0007153480875609972,1.0,"(min = 0.94, max = 1.06)",66.0,0,0
497,bus-497,true,PQ,-0.001022457674855857,1.0,"(min = 0.94, max = 1.06)",66.0,0,0
8375,bus-8375,true,PQ,0.00013784176648118924,1.0,"(min = 0.94, max = 1.06)",66.0,0,0
1990,bus-1990,true,PQ,0.0027655243256411322,1.0,"(min = 0.94, max = 1.06)",115.0,0,0
5658,bus-5658,true,PQ,0.00142437674107158,1.0,"(min = 0.94, max = 1.06)",66.0,0,0
384,bus-384,true,PV,0.0004968662847758242,1.0,"(min = 0.94, max = 1.06)",66.0,0,0
142,bus-142,true,PQ,-0.010775738200036676,1.0,"(min = 0.94, max = 1.06)",115.0,0,0
1889,bus-1889,true,PV,-0.03220119711572706,1.0,"(min = 0.94, max = 1.06)",115.0,0,0
7924,bus-7924,true,PQ,0.014737075194294283,1.0,"(min = 0.94, max = 1.06)",115.0,0,0
7472,bus-7472,true,PQ,-0.03466566205886932,1.0,"(min = 0.94, max = 1.06)",66.0,0,0
2910,bus-2910,true,PQ,-0.00556077508164894,1.0,"(min = 0.94, max = 1.06)",115.0,0,0
4360,bus-4360,true,PQ,-0.037923899778758874,1.0,"(min = 0.94, max = 1.06)",66.0,0,0
4947,bus-4947,true,PQ,-0.0036902033238194023,1.0,"(min = 0.94, max = 1.06)",66.0,0,0
3220,bus-3220,true,PQ,-0.033778221649957696,1.0,"(min = 0.94, max = 1.06)",230.0,0,0
3569,bus-3569,true,PQ,-0.04555100920485927,1.0,"(min = 0.94, max = 1.06)",66.0,0,0
4409,bus-4409,true,PQ,-0.03263514269097354,1.0,"(min = 0.94, max = 1.06)",66.0,0,0
5714,bus-5714,true,PQ,0.0006946317152542205,1.0,"(min = 0.94, max = 1.06)",66.0,0,0
4743,bus-4743,true,PQ,-0.000898220860896904,1.0,"(min = 0.94, max = 1.06)",66.0,0,0
4116,bus-4116,true,PQ,-0.009825909059697045,1.0,"(min = 0.94, max = 1.06)",115.0,0,0
2,bus-2,true,PQ,-0.03025571228338355,1.0,"(min = 0.94, max = 1.06)",66.0,0,0
2809,bus-2809,true,PQ,-0.0098725179726518,1.0,"(min = 0.94, max = 1.06)",115.0,0,0
4438,bus-4438,true,PQ,-0.034668818661354475,1.0,"(min = 0.94, max = 1.06)",115.0,0,0
5214,bus-5214,true,PQ,0.001745143920717048,1.0,"(min = 0.94, max = 1.06)",66.0,0,0
95,bus-95,true,PQ,-0.031288305792064076,1.0,"(min = 0.94, max = 1.06)",230.0,0,0
3158,bus-3158,true,PQ,-0.03328609028810823,1.0,"(min = 0.94, max = 1.06)",115.0,0,0
7778,bus-7778,true,PV,-0.030845003855763508,1.0,"(min = 0.94, max = 1.06)",230.0,0,0
3036,bus-3036,true,PQ,-0.03206445144149793,1.0,"(min = 0.94, max = 1.06)",115.0,0,0
8252,bus-8252,true,PQ,-0.030126113034309628,1.0,"(min = 0.94, max = 1.06)",230.0,0,0
1471,bus-1471,true,PQ,-0.0024831816271478463,1.0,"(min = 0.94, max = 1.06)",66.0,0,0
6279,bus-6279,true,PQ,4.245898948707972e-5,1.0,"(min = 0.94, max = 1.06)",66.0,0,0
7292,bus-7292,true,PQ,-0.03416681798618376,1.0,"(min = 0.94, max = 1.06)",66.0,0,0
5276,bus-5276,true,PQ,0.004657290593962019,1.0,"(min = 0.94, max = 1.06)",115.0,0,0
3448,bus-3448,true,PQ,-0.03501952389951974,1.0,"(min = 0.94, max = 1.06)",115.0,0,0
5092,bus-5092,true,PQ,0.0011396823126403283,1.0,"(min = 0.94, max = 1.06)",66.0,0,0
571,bus-571,true,PQ,-0.02103204581979467,1.0,"(min = 0.94, max = 1.06)",66.0,0,0
1536,bus-1536,true,PQ,-0.03203440490029315,1.0,"(min = 0.94, max = 1.06)",66.0,0,0
3310,bus-3310,true,PQ,-0.00592681113488409,1.0,"(min = 0.94, max = 1.06)",66.0,0,0
7285,bus-7285,true,PQ,-0.03441557801914126,1.0,"(min = 0.94, max = 1.06)",66.0,0,0
3954,bus-3954,true,PQ,-0.0306539108975553,1.0,"(min = 0.94, max = 1.06)",66.0,0,0
6420,bus-6420,true,PQ,-0.000340034385875692,1.0,"(min = 0.94, max = 1.06)",66.0,0,0
2800,bus-2800,true,PQ,-0.03680643021042216,1.0,"(min = 0.94, max = 1.06)",66.0,0,0
3162,bus-3162,true,PQ,-0.03328425332907051,1.0,"(min = 0.94, max = 1.06)",115.0,0,0
4245,bus-4245,true,PQ,0.01031551683252776,1.0,"(min = 0.94, max = 1.06)",115.0,0,0
1741,bus-1741,true,PQ,-0.03147229683101299,1.0,"(min = 0.94, max = 1.06)",115.0,0,0
6292,bus-6292,true,PQ,-0.0019029097592625564,1.0,"(min = 0.94, max = 1.06)",66.0,0,0
7651,bus-7651,true,PQ,-0.03659327821033092,1.0,"(min = 0.94, max = 1.06)",115.0,0,0
2676,bus-2676,true,PQ,-0.0389989541810807,1.0,"(min = 0.94, max = 1.06)",66.0,0,0
151,bus-151,true,PQ,-0.035289607841679345,1.0,"(min = 0.94, max = 1.06)",66.0,0,0
8452,bus-8452,true,PQ,-0.0289518150219292,1.0,"(min = 0.94, max = 1.06)",115.0,0,0
8487,bus-8487,true,PQ,0.013003131440595703,1.0,"(min = 0.94, max = 1.06)",115.0,0,0
4562,bus-4562,true,PQ,-0.011239920278123726,1.0,"(min = 0.94, max = 1.06)",115.0,0,0
762,bus-762,true,PQ,-0.041429820314391595,1.0,"(min = 0.94, max = 1.06)",66.0,0,0
162,bus-162,true,PQ,-0.03811390661857356,1.0,"(min = 0.94, max = 1.06)",66.0,0,0
1333,bus-1333,true,PV,-0.032486031184461105,1.0,"(min = 0.94, max = 1.06)",66.0,0,0
5035,bus-5035,true,PQ,-0.002859940040829453,1.0,"(min = 0.94, max = 1.06)",66.0,0,0
5536,bus-5536,true,PQ,0.009672664840408692,1.0,"(min = 0.94, max = 1.06)",115.0,0,0
2450,bus-2450,true,PQ,0.0005603298178824775,1.0,"(min = 0.94, max = 1.06)",66.0,0,0
8411,bus-8411,true,PQ,-0.0348143700452587,1.0,"(min = 0.94, max = 1.06)",66.0,0,0
8474,bus-8474,true,PQ,-0.028345248878744695,1.0,"(min = 0.94, max = 1.06)",115.0,0,0
7577,bus-7577,true,PQ,-0.03201912227376391,1.0,"(min = 0.94, max = 1.06)",230.0,0,0
8479,bus-8479,true,PQ,0.008957989652323497,1.0,"(min = 0.94, max = 1.06)",115.0,0,0
896,bus-896,true,PQ,-0.03478382276909152,1.0,"(min = 0.94, max = 1.06)",66.0,0,0
8722,bus-8722,true,PQ,-0.03312798824155292,1.0,"(min = 0.94, max = 1.06)",66.0,0,0
8362,bus-8362,true,PQ,0.0003375518086037043,1.0,"(min = 0.94, max = 1.06)",115.0,0,0
553,bus-553,true,PQ,-0.00046047838643989257,1.0,"(min = 0.94, max = 1.06)",66.0,0,0
818,bus-818,true,PV,-0.03485498979107206,1.0,"(min = 0.94, max = 1.06)",66.0,0,0
4420,bus-4420,true,PQ,-0.03242366219270694,1.0,"(min = 0.94, max = 1.06)",66.0,0,0
7090,bus-7090,true,PQ,-0.03258159110260045,1.0,"(min = 0.94, max = 1.06)",230.0,0,0
8583,bus-8583,true,PQ,-8.592591324943732e-5,1.0,"(min = 0.94, max = 1.06)",230.0,0,0
1702,bus-1702,true,PV,0.0003604543262263221,1.0,"(min = 0.94, max = 1.06)",66.0,0,0
1794,bus-1794,true,PQ,-0.031015653597910177,1.0,"(min = 0.94, max = 1.06)",66.0,0,0
7932,bus-7932,true,PQ,-0.00653558016283729,1.0,"(min = 0.94, max = 1.06)",230.0,0,0
7547,bus-7547,true,PQ,-0.028226802807189803,1.0,"(min = 0.94, max = 1.06)",115.0,0,0
695,bus-695,true,PQ,0.0005587135627099851,1.0,"(min = 0.94, max = 1.06)",66.0,0,0
4156,bus-4156,true,PQ,-0.027768073556565007,1.0,"(min = 0.94, max = 1.06)",66.0,0,0
1768,bus-1768,true,PQ,-0.03494854851469107,1.0,"(min = 0.94, max = 1.06)",66.0,0,0
7333,bus-7333,true,PQ,-0.03514456050886309,1.0,"(min = 0.94, max = 1.06)",66.0,0,0
6253,bus-6253,true,PQ,-0.00041560891574156643,1.0,"(min = 0.94, max = 1.06)",66.0,0,0
4023,bus-4023,true,PQ,-0.027550971527310654,1.0,"(min = 0.94, max = 1.06)",115.0,0,0
5434,bus-5434,true,PQ,0.0003084421042908555,1.0,"(min = 0.94, max = 1.06)",66.0,0,0
5097,bus-5097,true,PQ,0.005759624492492519,1.0,"(min = 0.94, max = 1.06)",66.0,0,0
1796,bus-1796,true,PV,-0.03126515242874005,1.0,"(min = 0.94, max = 1.06)",115.0,0,0
2898,bus-2898,true,PQ,-0.012721636239080602,1.0,"(min = 0.94, max = 1.06)",230.0,0,0
3549,bus-3549,true,PQ,-0.006777974142254725,1.0,"(min = 0.94, max = 1.06)",230.0,0,0
2729,bus-2729,true,PQ,-0.0291764868932153,1.0,"(min = 0.94, max = 1.06)",66.0,0,0
7821,bus-7821,true,PQ,-0.031216595100021536,1.0,"(min = 0.94, max = 1.06)",230.0,0,0
8599,bus-8599,true,PQ,0.0001213401995588975,1.0,"(min = 0.94, max = 1.06)",66.0,0,0
5734,bus-5734,true,PQ,0.0009012240157795549,1.0,"(min = 0.94, max = 1.06)",66.0,0,0
2720,bus-2720,true,PQ,-0.029695210266081077,1.0,"(min = 0.94, max = 1.06)",66.0,0,0
60,bus-60,true,PV,-0.03208217054766295,1.0,"(min = 0.94, max = 1.06)",115.0,0,0
3279,bus-3279,true,PQ,-0.016241161267166772,1.0,"(min = 0.94, max = 1.06)",115.0,0,0
1916,bus-1916,true,PQ,-0.03037038949095168,1.0,"(min = 0.94, max = 1.06)",66.0,0,0
24,bus-24,true,PQ,-0.03214000081069731,1.0,"(min = 0.94, max = 1.06)",66.0,0,0
5165,bus-5165,true,PQ,0.0009569646711496556,1.0,"(min = 0.94, max = 1.06)",66.0,0,0
8671,bus-8671,true,PV,-0.03580179565462809,1.0,"(min = 0.94, max = 1.06)",230.0,0,0
6984,bus-6984,true,PQ,0.009069819075964325,1.0,"(min = 0.94, max = 1.06)",66.0,0,0
8047,bus-8047,true,PQ,-0.033512343602229565,1.0,"(min = 0.94, max = 1.06)",115.0,0,0
719,bus-719,true,PQ,0.0010093693111688114,1.0,"(min = 0.94, max = 1.06)",66.0,0,0
1984,bus-1984,true,PQ,-0.006360775891299049,1.0,"(min = 0.94, max = 1.06)",115.0,0,0
1140,bus-1140,true,PQ,-0.03174815048261383,1.0,"(min = 0.94, max = 1.06)",66.0,0,0
8293,bus-8293,true,PQ,-0.029022756547370385,1.0,"(min = 0.94, max = 1.06)",66.0,0,0
1149,bus-1149,true,PQ,-0.031096763411573487,1.0,"(min = 0.94, max = 1.06)",115.0,0,0
2425,bus-2425,true,PQ,0.0006965693536098458,1.0,"(min = 0.94, max = 1.06)",66.0,0,0
5220,bus-5220,true,PQ,0.0009822273783211238,1.0,"(min = 0.94, max = 1.06)",66.0,0,0
431,bus-431,true,PQ,0.001357609219405756,1.0,"(min = 0.94, max = 1.06)",66.0,0,0
4068,bus-4068,true,PQ,-0.021451033050686928,1.0,"(min = 0.94, max = 1.06)",66.0,0,0
6316,bus-6316,true,PQ,-0.0013346033870180662,1.0,"(min = 0.94, max = 1.06)",66.0,0,0
1717,bus-1717,true,PV,0.014475768355863339,1.0,"(min = 0.94, max = 1.06)",115.0,0,0
7977,bus-7977,true,PQ,-0.031266737885832556,1.0,"(min = 0.94, max = 1.06)",230.0,0,0
2028,bus-2028,true,PQ,0.010423942759407447,1.0,"(min = 0.94, max = 1.06)",115.0,0,0
2733,bus-2733,true,PV,0.011756393502704665,1.0,"(min = 0.94, max = 1.06)",230.0,0,0
6363,bus-6363,true,PQ,-0.00038031880681585885,1.0,"(min = 0.94, max = 1.06)",66.0,0,0
7313,bus-7313,true,PQ,-0.03450323665722389,1.0,"(min = 0.94, max = 1.06)",66.0,0,0
4079,bus-4079,true,PQ,-0.015847209475397427,1.0,"(min = 0.94, max = 1.06)",66.0,0,0
4293,bus-4293,true,PQ,-0.0055687002552631025,1.0,"(min = 0.94, max = 1.06)",66.0,0,0
5296,bus-5296,true,PQ,0.0017877638609770882,1.0,"(min = 0.94, max = 1.06)",66.0,0,0
7249,bus-7249,true,PQ,-0.034301338714682446,1.0,"(min = 0.94, max = 1.06)",66.0,0,0
8616,bus-8616,true,PQ,-0.031424120158604345,1.0,"(min = 0.94, max = 1.06)",115.0,0,0
4448,bus-4448,true,PQ,-0.03466053428152696,1.0,"(min = 0.94, max = 1.06)",66.0,0,0
7193,bus-7193,true,PQ,-0.03481399654479877,1.0,"(min = 0.94, max = 1.06)",66.0,0,0
8023,bus-8023,true,PQ,-0.034561874833169005,1.0,"(min = 0.94, max = 1.06)",115.0,0,0
2863,bus-2863,true,PQ,-0.0035273851707324027,1.0,"(min = 0.94, max = 1.06)",115.0,0,0
3512,bus-3512,true,PQ,-0.030492593256386126,1.0,"(min = 0.94, max = 1.06)",66.0,0,0
5604,bus-5604,true,PQ,0.0011001255124840007,1.0,"(min = 0.94, max = 1.06)",66.0,0,0
5462,bus-5462,true,PQ,0.001982808785663877,1.0,"(min = 0.94, max = 1.06)",66.0,0,0
6608,bus-6608,true,PQ,-0.0009144054316956705,1.0,"(min = 0.94, max = 1.06)",66.0,0,0
2465,bus-2465,true,PQ,0.0021715867216989446,1.0,"(min = 0.94, max = 1.06)",66.0,0,0
5821,bus-5821,true,PQ,-0.0010320825042008193,1.0,"(min = 0.94, max = 1.06)",66.0,0,0
1649,bus-1649,true,PQ,-0.028144053082161318,1.0,"(min = 0.94, max = 1.06)",66.0,0,0
6810,bus-6810,true,PQ,0.00714681286265602,1.0,"(min = 0.94, max = 1.06)",230.0,0,0
3304,bus-3304,true,PQ,-0.023547409974445765,1.0,"(min = 0.94, max = 1.06)",230.0,0,0
2765,bus-2765,true,PQ,-0.03673463504444382,1.0,"(min = 0.94, max = 1.06)",115.0,0,0
2312,bus-2312,true,PV,0.016004576651071183,1.0,"(min = 0.94, max = 1.06)",66.0,0,0
7229,bus-7229,true,PQ,-0.03473054973526704,1.0,"(min = 0.94, max = 1.06)",66.0,0,0
8716,bus-8716,true,PQ,-0.03293534228937629,1.0,"(min = 0.94, max = 1.06)",115.0,0,0
2946,bus-2946,true,PQ,-0.010823623419913537,1.0,"(min = 0.94, max = 1.06)",115.0,0,0
1368,bus-1368,true,PQ,-0.029332332054514854,1.0,"(min = 0.94, max = 1.06)",66.0,0,0
3996,bus-3996,true,PQ,-0.03264905279057901,1.0,"(min = 0.94, max = 1.06)",115.0,0,0
4741,bus-4741,true,PQ,-0.0009435591968454859,1.0,"(min = 0.94, max = 1.06)",66.0,0,0
5125,bus-5125,true,PQ,0.008893492161733352,1.0,"(min = 0.94, max = 1.06)",66.0,0,0
7704,bus-7704,true,PQ,0.014792743814690168,1.0,"(min = 0.94, max = 1.06)",115.0,0,0
8531,bus-8531,true,PQ,0.0135621209381151,1.0,"(min = 0.94, max = 1.06)",115.0,0,0
4022,bus-4022,true,PQ,-0.028675038091154063,1.0,"(min = 0.94, max = 1.06)",115.0,0,0
4426,bus-4426,true,PQ,-0.032457369038419004,1.0,"(min = 0.94, max = 1.06)",66.0,0,0
3790,bus-3790,true,PQ,-0.03211381162167236,1.0,"(min = 0.94, max = 1.06)",115.0,0,0
2178,bus-2178,true,PQ,-0.030785285495544344,1.0,"(min = 0.94, max = 1.06)",66.0,0,0
6475,bus-6475,true,PQ,-0.009115004027142253,1.0,"(min = 0.94, max = 1.06)",66.0,0,0
6705,bus-6705,true,PQ,0.001963859466722294,1.0,"(min = 0.94, max = 1.06)",66.0,0,0
7862,bus-7862,true,PQ,-0.03520824844593299,1.0,"(min = 0.94, max = 1.06)",66.0,0,0
7419,bus-7419,true,PQ,-0.03500575604424831,1.0,"(min = 0.94, max = 1.06)",66.0,0,0
449,bus-449,true,PV,-0.0026879471281970324,1.0,"(min = 0.94, max = 1.06)",66.0,0,0
8806,bus-8806,true,PQ,-0.0006475445297245431,1.0,"(min = 0.94, max = 1.06)",500.0,0,0
7887,bus-7887,true,PQ,0.0074781122735605495,1.0,"(min = 0.94, max = 1.06)",115.0,0,0
4882,bus-4882,true,PQ,-0.00043694015881717445,1.0,"(min = 0.94, max = 1.06)",230.0,0,0
6706,bus-6706,true,PQ,0.0018763276442631046,1.0,"(min = 0.94, max = 1.06)",66.0,0,0
5239,bus-5239,true,PQ,0.004046238308828067,1.0,"(min = 0.94, max = 1.06)",66.0,0,0
4924,bus-4924,true,PQ,-0.008145410481647066,1.0,"(min = 0.94, max = 1.06)",66.0,0,0
5130,bus-5130,true,PQ,0.009612254073168677,1.0,"(min = 0.94, max = 1.06)",66.0,0,0
673,bus-673,true,PQ,0.001091656084122542,1.0,"(min = 0.94, max = 1.06)",66.0,0,0
3752,bus-3752,true,PQ,-0.03622168487167779,1.0,"(min = 0.94, max = 1.06)",66.0,0,0
5615,bus-5615,true,PQ,0.0007534401428318687,1.0,"(min = 0.94, max = 1.06)",66.0,0,0
856,bus-856,true,PQ,-0.03505263122463375,1.0,"(min = 0.94, max = 1.06)",66.0,0,0
1085,bus-1085,true,PV,0.005924015867913973,1.0,"(min = 0.94, max = 1.06)",66.0,0,0
8699,bus-8699,true,PQ,-0.03265145506176145,1.0,"(min = 0.94, max = 1.06)",115.0,0,0
6752,bus-6752,true,PQ,0.001550238112734277,1.0,"(min = 0.94, max = 1.06)",500.0,0,0
5195,bus-5195,true,PQ,0.005593221590201556,1.0,"(min = 0.94, max = 1.06)",115.0,0,0
8685,bus-8685,true,PQ,-0.03322927859922534,1.0,"(min = 0.94, max = 1.06)",115.0,0,0
2367,bus-2367,true,PV,-0.034066477785756125,1.0,"(min = 0.94, max = 1.06)",66.0,0,0
3050,bus-3050,true,PQ,-0.030539997795133687,1.0,"(min = 0.94, max = 1.06)",230.0,0,0
6672,bus-6672,true,PQ,0.0012004407547033277,1.0,"(min = 0.94, max = 1.06)",66.0,0,0
4365,bus-4365,true,PQ,-0.03578270245074298,1.0,"(min = 0.94, max = 1.06)",66.0,0,0
685,bus-685,true,PQ,0.0002434621017210343,1.0,"(min = 0.94, max = 1.06)",66.0,0,0
4454,bus-4454,true,PQ,-0.0352059144171243,1.0,"(min = 0.94, max = 1.06)",66.0,0,0
4202,bus-4202,true,PQ,-0.01112036110538508,1.0,"(min = 0.94, max = 1.06)",66.0,0,0
2876,bus-2876,true,PQ,-0.0045157838011597885,1.0,"(min = 0.94, max = 1.06)",115.0,0,0
1775,bus-1775,true,PV,-0.034606585630749045,1.0,"(min = 0.94, max = 1.06)",66.0,0,0
104,bus-104,true,PQ,-0.034923847567919296,1.0,"(min = 0.94, max = 1.06)",66.0,0,0
7425,bus-7425,true,PQ,-0.034304744550184785,1.0,"(min = 0.94, max = 1.06)",66.0,0,0
1978,bus-1978,true,PQ,-0.016557139759018274,1.0,"(min = 0.94, max = 1.06)",66.0,0,0
970,bus-970,true,PQ,-0.03466515451712284,1.0,"(min = 0.94, max = 1.06)",66.0,0,0
7417,bus-7417,true,PQ,-0.035052521617956724,1.0,"(min = 0.94, max = 1.06)",66.0,0,0
5735,bus-5735,true,PQ,0.0009072221783479083,1.0,"(min = 0.94, max = 1.06)",66.0,0,0
3606,bus-3606,true,PQ,-0.03789666862817048,1.0,"(min = 0.94, max = 1.06)",66.0,0,0
7259,bus-7259,true,PQ,-0.03473037083901871,1.0,"(min = 0.94, max = 1.06)",66.0,0,0
6126,bus-6126,true,PQ,-7.438271223846255e-5,1.0,"(min = 0.94, max = 1.06)",66.0,0,0
6624,bus-6624,true,PQ,0.0007609229156232242,1.0,"(min = 0.94, max = 1.06)",66.0,0,0
433,bus-433,true,PQ,-0.00021101045840975937,1.0,"(min = 0.94, max = 1.06)",66.0,0,0
2929,bus-2929,true,PQ,-0.030454404056089082,1.0,"(min = 0.94, max = 1.06)",66.0,0,0
5309,bus-5309,true,PQ,0.0016822317039598442,1.0,"(min = 0.94, max = 1.06)",66.0,0,0
6727,bus-6727,true,PQ,0.0003225647186767064,1.0,"(min = 0.94, max = 1.06)",66.0,0,0
3994,bus-3994,true,PQ,-0.03240984529368352,1.0,"(min = 0.94, max = 1.06)",115.0,0,0
7803,bus-7803,true,PQ,-0.012567689978553925,1.0,"(min = 0.94, max = 1.06)",230.0,0,0
2693,bus-2693,true,PQ,-0.02914955873178505,1.0,"(min = 0.94, max = 1.06)",66.0,0,0
5250,bus-5250,true,PQ,0.005280915532895635,1.0,"(min = 0.94, max = 1.06)",66.0,0,0
3844,bus-3844,true,PQ,-0.03205898489574776,1.0,"(min = 0.94, max = 1.06)",66.0,0,0
3488,bus-3488,true,PQ,-0.03250965927734168,1.0,"(min = 0.94, max = 1.06)",115.0,0,0
5500,bus-5500,true,PQ,0.0017894352929885532,1.0,"(min = 0.94, max = 1.06)",66.0,0,0
6904,bus-6904,true,PQ,0.006483110608787264,1.0,"(min = 0.94, max = 1.06)",66.0,0,0
8821,bus-8821,true,PQ,-0.029340504907803173,1.0,"(min = 0.94, max = 1.06)",66.0,0,0
7460,bus-7460,true,PQ,-0.03459898664171878,1.0,"(min = 0.94, max = 1.06)",66.0,0,0
749,bus-749,true,PV,-0.036009952696933044,1.0,"(min = 0.94, max = 1.06)",66.0,0,0
4160,bus-4160,true,PQ,-0.027503037281135102,1.0,"(min = 0.94, max = 1.06)",66.0,0,0
2456,bus-2456,true,PQ,0.0007405246557525623,1.0,"(min = 0.94, max = 1.06)",66.0,0,0
3340,bus-3340,true,PQ,-0.030173710781005395,1.0,"(min = 0.94, max = 1.06)",230.0,0,0
4770,bus-4770,true,PQ,0.0012837734703165225,1.0,"(min = 0.94, max = 1.06)",230.0,0,0
6908,bus-6908,true,PQ,0.0066696443830168255,1.0,"(min = 0.94, max = 1.06)",66.0,0,0
4460,bus-4460,true,PQ,-0.03528653972738725,1.0,"(min = 0.94, max = 1.06)",66.0,0,0
5253,bus-5253,true,PQ,0.0047180998024169704,1.0,"(min = 0.94, max = 1.06)",66.0,0,0
4523,bus-4523,true,PQ,-0.03367708470672653,1.0,"(min = 0.94, max = 1.06)",66.0,0,0
7975,bus-7975,true,PQ,0.0005742656192065119,1.0,"(min = 0.94, max = 1.06)",500.0,0,0
2717,bus-2717,true,PQ,-0.02932576071534817,1.0,"(min = 0.94, max = 1.06)",66.0,0,0
3107,bus-3107,true,PQ,-0.03086349910984689,1.0,"(min = 0.94, max = 1.06)",230.0,0,0
5830,bus-5830,true,PQ,-0.0005592006230176928,1.0,"(min = 0.94, max = 1.06)",66.0,0,0
1294,bus-1294,true,PQ,-0.04139282457023708,1.0,"(min = 0.94, max = 1.06)",66.0,0,0
56,bus-56,true,PQ,-0.032154436079874706,1.0,"(min = 0.94, max = 1.06)",115.0,0,0
2891,bus-2891,true,PQ,-0.03483124842632303,1.0,"(min = 0.94, max = 1.06)",115.0,0,0
3637,bus-3637,true,PQ,-0.03645634212068039,1.0,"(min = 0.94, max = 1.06)",66.0,0,0
4413,bus-4413,true,PQ,-0.03222321042998369,1.0,"(min = 0.94, max = 1.06)",66.0,0,0
5404,bus-5404,true,PQ,-0.00392823237440394,1.0,"(min = 0.94, max = 1.06)",66.0,0,0
4125,bus-4125,true,PQ,-0.018765251108146752,1.0,"(min = 0.94, max = 1.06)",66.0,0,0
5457,bus-5457,true,PQ,0.0024271817781665195,1.0,"(min = 0.94, max = 1.06)",66.0,0,0
6121,bus-6121,true,PQ,0.00047952995375037416,1.0,"(min = 0.94, max = 1.06)",66.0,0,0
4605,bus-4605,true,PQ,0.01112722297205905,1.0,"(min = 0.94, max = 1.06)",66.0,0,0
5300,bus-5300,true,PQ,0.001791188301689256,1.0,"(min = 0.94, max = 1.06)",66.0,0,0
3583,bus-3583,true,PQ,-0.0333422272327023,1.0,"(min = 0.94, max = 1.06)",115.0,0,0
2858,bus-2858,true,PQ,-0.03044164988804721,1.0,"(min = 0.94, max = 1.06)",230.0,0,0
8727,bus-8727,true,PQ,0.010623261087861158,1.0,"(min = 0.94, max = 1.06)",230.0,0,0
4466,bus-4466,true,PQ,-0.03409978809266214,1.0,"(min = 0.94, max = 1.06)",66.0,0,0
5372,bus-5372,true,PQ,-0.002081443293266826,1.0,"(min = 0.94, max = 1.06)",66.0,0,0
725,bus-725,true,PQ,0.0010419567690211596,1.0,"(min = 0.94, max = 1.06)",66.0,0,0
7322,bus-7322,true,PQ,-0.03426820049724068,1.0,"(min = 0.94, max = 1.06)",66.0,0,0
3810,bus-3810,true,PQ,-0.03231384537803975,1.0,"(min = 0.94, max = 1.06)",66.0,0,0
79,bus-79,true,PQ,-0.030617220935085728,1.0,"(min = 0.94, max = 1.06)",66.0,0,0
6995,bus-6995,true,PQ,0.013733139468332718,1.0,"(min = 0.94, max = 1.06)",66.0,0,0
924,bus-924,true,PQ,-0.034711726708350134,1.0,"(min = 0.94, max = 1.06)",66.0,0,0
881,bus-881,true,PQ,-0.034517475053261665,1.0,"(min = 0.94, max = 1.06)",66.0,0,0
4310,bus-4310,true,PQ,-0.02827090326313042,1.0,"(min = 0.94, max = 1.06)",500.0,0,0
5237,bus-5237,true,PQ,0.003809286091485424,1.0,"(min = 0.94, max = 1.06)",66.0,0,0
3615,bus-3615,true,PQ,-0.03665912197809288,1.0,"(min = 0.94, max = 1.06)",66.0,0,0
5331,bus-5331,true,PQ,0.0009132712626425179,1.0,"(min = 0.94, max = 1.06)",66.0,0,0
4439,bus-4439,true,PQ,-0.03465737680637718,1.0,"(min = 0.94, max = 1.06)",115.0,0,0
7549,bus-7549,true,PQ,-0.028588932447039844,1.0,"(min = 0.94, max = 1.06)",66.0,0,0
3851,bus-3851,true,PQ,-0.031748651217576224,1.0,"(min = 0.94, max = 1.06)",66.0,0,0
5317,bus-5317,true,PQ,0.0014415267494727335,1.0,"(min = 0.94, max = 1.06)",66.0,0,0
2182,bus-2182,true,PQ,-0.02873163021761705,1.0,"(min = 0.94, max = 1.06)",66.0,0,0
6988,bus-6988,true,PQ,0.011889915047659877,1.0,"(min = 0.94, max = 1.06)",66.0,0,0
531,bus-531,true,PQ,-0.0007565089936528939,1.0,"(min = 0.94, max = 1.06)",66.0,0,0
1215,bus-1215,true,PQ,-0.003417086732458131,1.0,"(min = 0.94, max = 1.06)",115.0,0,0
5671,bus-5671,true,PQ,0.0017397363094997288,1.0,"(min = 0.94, max = 1.06)",66.0,0,0
2520,bus-2520,true,PQ,0.010543084571562063,1.0,"(min = 0.94, max = 1.06)",115.0,0,0
1489,bus-1489,true,PQ,-0.03592214518226521,1.0,"(min = 0.94, max = 1.06)",66.0,0,0
5994,bus-5994,true,PQ,-0.0011904386078633645,1.0,"(min = 0.94, max = 1.06)",66.0,0,0
7668,bus-7668,true,PQ,-0.03355647128530651,1.0,"(min = 0.94, max = 1.06)",115.0,0,0
4766,bus-4766,true,PQ,-0.00010100191653171698,1.0,"(min = 0.94, max = 1.06)",66.0,0,0
1105,bus-1105,true,PQ,0.006517762410662945,1.0,"(min = 0.94, max = 1.06)",66.0,0,0
1991,bus-1991,true,PQ,0.004845751665471386,1.0,"(min = 0.94, max = 1.06)",66.0,0,0
2842,bus-2842,true,PQ,-0.031486241837203506,1.0,"(min = 0.94, max = 1.06)",115.0,0,0
1870,bus-1870,true,PQ,0.010541953266594213,1.0,"(min = 0.94, max = 1.06)",115.0,0,0
3647,bus-3647,true,PQ,-0.035744596502651264,1.0,"(min = 0.94, max = 1.06)",66.0,0,0
268,bus-268,true,PV,-0.006869236047484692,1.0,"(min = 0.94, max = 1.06)",115.0,0,0
4040,bus-4040,true,PQ,-0.022400088294582933,1.0,"(min = 0.94, max = 1.06)",115.0,0,0
1579,bus-1579,true,PQ,-0.03321612963770666,1.0,"(min = 0.94, max = 1.06)",115.0,0,0
5760,bus-5760,true,PQ,0.0018029769186823415,1.0,"(min = 0.94, max = 1.06)",66.0,0,0
3852,bus-3852,true,PQ,-0.032058644905609474,1.0,"(min = 0.94, max = 1.06)",66.0,0,0
8298,bus-8298,true,PQ,0.0026327457324419085,1.0,"(min = 0.94, max = 1.06)",115.0,0,0
256,bus-256,true,PQ,0.009958209589760857,1.0,"(min = 0.94, max = 1.06)",66.0,0,0
990,bus-990,true,PV,0.0019598875162237755,1.0,"(min = 0.94, max = 1.06)",66.0,0,0
926,bus-926,true,PQ,-0.034702288142288276,1.0,"(min = 0.94, max = 1.06)",66.0,0,0
8114,bus-8114,true,PQ,0.00214012094855961,1.0,"(min = 0.94, max = 1.06)",66.0,0,0
1813,bus-1813,true,PQ,-0.03124777191644991,1.0,"(min = 0.94, max = 1.06)",115.0,0,0
8818,bus-8818,true,PQ,0.005445478439275977,1.0,"(min = 0.94, max = 1.06)",115.0,0,0
4980,bus-4980,true,PQ,-0.004693240083043141,1.0,"(min = 0.94, max = 1.06)",66.0,0,0
6251,bus-6251,true,PQ,0.000472907830738445,1.0,"(min = 0.94, max = 1.06)",66.0,0,0
6440,bus-6440,true,PQ,-0.0007429235601948802,1.0,"(min = 0.94, max = 1.06)",66.0,0,0
2233,bus-2233,true,PQ,0.008367249526477548,1.0,"(min = 0.94, max = 1.06)",66.0,0,0
3748,bus-3748,true,PQ,-0.03606628686373259,1.0,"(min = 0.94, max = 1.06)",66.0,0,0
3033,bus-3033,true,PQ,-0.028529906982533725,1.0,"(min = 0.94, max = 1.06)",115.0,0,0
4029,bus-4029,true,PQ,-0.026213016958030442,1.0,"(min = 0.94, max = 1.06)",66.0,0,0
429,bus-429,true,PQ,-0.0016954651045077303,1.0,"(min = 0.94, max = 1.06)",66.0,0,0
5526,bus-5526,true,PQ,0.009696980889720524,1.0,"(min = 0.94, max = 1.06)",115.0,0,0
8456,bus-8456,true,PQ,-0.0003534633261316547,1.0,"(min = 0.94, max = 1.06)",115.0,0,0
6352,bus-6352,true,PQ,-0.0003368792355044727,1.0,"(min = 0.94, max = 1.06)",66.0,0,0
4044,bus-4044,true,PQ,-0.024029545312070286,1.0,"(min = 0.94, max = 1.06)",66.0,0,0
4324,bus-4324,true,PQ,-0.0182561745191226,1.0,"(min = 0.94, max = 1.06)",115.0,0,0
8002,bus-8002,true,PQ,-0.03720721854413803,1.0,"(min = 0.94, max = 1.06)",115.0,0,0
5362,bus-5362,true,PQ,0.0013230922791213772,1.0,"(min = 0.94, max = 1.06)",66.0,0,0
2616,bus-2616,true,PQ,0.011632147719498685,1.0,"(min = 0.94, max = 1.06)",115.0,0,0
2580,bus-2580,true,PQ,0.01577847533767441,1.0,"(min = 0.94, max = 1.06)",66.0,0,0
860,bus-860,true,PQ,-0.03461227016812279,1.0,"(min = 0.94, max = 1.06)",66.0,0,0
1843,bus-1843,true,PQ,0.0030805942339906323,1.0,"(min = 0.94, max = 1.06)",115.0,0,0
2219,bus-2219,true,PQ,5.981816652337263e-5,1.0,"(min = 0.94, max = 1.06)",66.0,0,0
4515,bus-4515,true,PQ,-0.03231370226104109,1.0,"(min = 0.94, max = 1.06)",66.0,0,0
6846,bus-6846,true,PQ,0.004443022909599737,1.0,"(min = 0.94, max = 1.06)",66.0,0,0
1884,bus-1884,true,PV,-0.036400374647556695,1.0,"(min = 0.94, max = 1.06)",66.0,0,0
652,bus-652,true,PQ,-0.026716919693019984,1.0,"(min = 0.94, max = 1.06)",115.0,0,0
7077,bus-7077,true,PQ,-0.03287586967151581,1.0,"(min = 0.94, max = 1.06)",230.0,0,0
6180,bus-6180,true,PQ,-0.0009332305372997181,1.0,"(min = 0.94, max = 1.06)",66.0,0,0
8842,bus-8842,true,PQ,-0.004650981577781909,1.0,"(min = 0.94, max = 1.06)",66.0,0,0
362,bus-362,true,PQ,-0.0017189212074078253,1.0,"(min = 0.94, max = 1.06)",66.0,0,0
2052,bus-2052,true,PQ,-0.0013518453585628367,1.0,"(min = 0.94, max = 1.06)",66.0,0,0
6077,bus-6077,true,PQ,-0.0001897618147863313,1.0,"(min = 0.94, max = 1.06)",66.0,0,0
7970,bus-7970,true,PQ,-0.024932288418797542,1.0,"(min = 0.94, max = 1.06)",230.0,0,0
37,bus-37,true,PQ,-0.03354158537211625,1.0,"(min = 0.94, max = 1.06)",66.0,0,0
1065,bus-1065,true,PQ,0.006869625796959955,1.0,"(min = 0.94, max = 1.06)",66.0,0,0
262,bus-262,true,PV,-0.004061679254173753,1.0,"(min = 0.94, max = 1.06)",66.0,0,0
8217,bus-8217,true,PQ,0.01539063362945703,1.0,"(min = 0.94, max = 1.06)",230.0,0,0
3426,bus-3426,true,PQ,-0.03168952818916492,1.0,"(min = 0.94, max = 1.06)",230.0,0,0
3881,bus-3881,true,PQ,-0.03203743147574903,1.0,"(min = 0.94, max = 1.06)",66.0,0,0
2618,bus-2618,true,PQ,0.011659859725749294,1.0,"(min = 0.94, max = 1.06)",115.0,0,0
8349,bus-8349,true,PQ,-0.03424857863312513,1.0,"(min = 0.94, max = 1.06)",66.0,0,0
134,bus-134,true,PQ,-0.01584096294200454,1.0,"(min = 0.94, max = 1.06)",66.0,0,0
4826,bus-4826,true,PQ,0.0011056846357336855,1.0,"(min = 0.94, max = 1.06)",230.0,0,0
974,bus-974,true,PV,-0.03442851981007772,1.0,"(min = 0.94, max = 1.06)",66.0,0,0
7405,bus-7405,true,PQ,-0.03497171758597837,1.0,"(min = 0.94, max = 1.06)",66.0,0,0
8584,bus-8584,true,PQ,-0.0007805180535119349,1.0,"(min = 0.94, max = 1.06)",115.0,0,0
6714,bus-6714,true,PQ,0.0009017601372925362,1.0,"(min = 0.94, max = 1.06)",66.0,0,0
814,bus-814,true,PV,0.0032645980836562573,1.0,"(min = 0.94, max = 1.06)",115.0,0,0
63,bus-63,true,PQ,-0.03700896153294916,1.0,"(min = 0.94, max = 1.06)",66.0,0,0
135,bus-135,true,PQ,-0.010121832950498262,1.0,"(min = 0.94, max = 1.06)",115.0,0,0
3487,bus-3487,true,PQ,-0.032365601022612545,1.0,"(min = 0.94, max = 1.06)",115.0,0,0
5768,bus-5768,true,PQ,0.0018987418955555015,1.0,"(min = 0.94, max = 1.06)",66.0,0,0
563,bus-563,true,PQ,-0.0006395410780934278,1.0,"(min = 0.94, max = 1.06)",66.0,0,0
833,bus-833,true,PQ,-0.03434350848740451,1.0,"(min = 0.94, max = 1.06)",66.0,0,0
2790,bus-2790,true,PQ,-0.03639598915874521,1.0,"(min = 0.94, max = 1.06)",66.0,0,0
1068,bus-1068,true,PQ,0.008393481615695511,1.0,"(min = 0.94, max = 1.06)",230.0,0,0
2554,bus-2554,true,PQ,0.014976953124515335,1.0,"(min = 0.94, max = 1.06)",66.0,0,0
2575,bus-2575,true,PQ,0.014550052623154407,1.0,"(min = 0.94, max = 1.06)",115.0,0,0
6357,bus-6357,true,PQ,-0.0002217610617741722,1.0,"(min = 0.94, max = 1.06)",66.0,0,0
6394,bus-6394,true,PQ,-0.0007798238819632097,1.0,"(min = 0.94, max = 1.06)",66.0,0,0
4620,bus-4620,true,PQ,-0.010202950461063572,1.0,"(min = 0.94, max = 1.06)",66.0,0,0
7731,bus-7731,true,PV,0.003078836390727901,1.0,"(min = 0.94, max = 1.06)",230.0,0,0
2785,bus-2785,true,PQ,-0.037803388110034246,1.0,"(min = 0.94, max = 1.06)",66.0,0,0
265,bus-265,true,PQ,0.011183638610828082,1.0,"(min = 0.94, max = 1.06)",115.0,0,0
8701,bus-8701,true,PQ,-0.028683091912987388,1.0,"(min = 0.94, max = 1.06)",115.0,0,0
4266,bus-4266,true,PQ,-0.007184837827470445,1.0,"(min = 0.94, max = 1.06)",66.0,0,0
2391,bus-2391,true,PQ,0.0021777068758006956,1.0,"(min = 0.94, max = 1.06)",66.0,0,0
5980,bus-5980,true,PQ,-0.0016523049045590523,1.0,"(min = 0.94, max = 1.06)",66.0,0,0
8789,bus-8789,true,PQ,-0.02788368050102568,1.0,"(min = 0.94, max = 1.06)",115.0,0,0
7749,bus-7749,true,PQ,-0.03641819480828541,1.0,"(min = 0.94, max = 1.06)",66.0,0,0
7971,bus-7971,true,PV,-0.022927928394796505,1.0,"(min = 0.94, max = 1.06)",500.0,0,0
1540,bus-1540,true,PQ,-0.03148508625470576,1.0,"(min = 0.94, max = 1.06)",115.0,0,0
3466,bus-3466,true,PQ,-0.0314232305642846,1.0,"(min = 0.94, max = 1.06)",115.0,0,0
6023,bus-6023,true,PQ,-0.0012512963713781074,1.0,"(min = 0.94, max = 1.06)",66.0,0,0
4127,bus-4127,true,PQ,-0.013943995173633691,1.0,"(min = 0.94, max = 1.06)",66.0,0,0
4721,bus-4721,true,PQ,0.0028922994050925165,1.0,"(min = 0.94, max = 1.06)",115.0,0,0
2727,bus-2727,true,PQ,-0.028783111147365575,1.0,"(min = 0.94, max = 1.06)",66.0,0,0
2701,bus-2701,true,PQ,-0.0292977137978674,1.0,"(min = 0.94, max = 1.06)",66.0,0,0
8169,bus-8169,true,PQ,-0.03088884670110653,1.0,"(min = 0.94, max = 1.06)",66.0,0,0
1373,bus-1373,true,PQ,-0.029285125261571537,1.0,"(min = 0.94, max = 1.06)",66.0,0,0
2671,bus-2671,true,PQ,-0.03932101507556224,1.0,"(min = 0.94, max = 1.06)",66.0,0,0
3090,bus-3090,true,PQ,-0.032342740176471145,1.0,"(min = 0.94, max = 1.06)",115.0,0,0
1784,bus-1784,true,PV,-0.03189267910357638,1.0,"(min = 0.94, max = 1.06)",66.0,0,0
8000,bus-8000,true,PV,-0.030354503678632957,1.0,"(min = 0.94, max = 1.06)",115.0,0,0
3704,bus-3704,true,PQ,-0.032667069824447344,1.0,"(min = 0.94, max = 1.06)",66.0,0,0
8141,bus-8141,true,PQ,0.014455194746253387,1.0,"(min = 0.94, max = 1.06)",66.0,0,0
6858,bus-6858,true,PQ,0.005736978112409606,1.0,"(min = 0.94, max = 1.06)",66.0,0,0
627,bus-627,true,PQ,-0.03215169800734417,1.0,"(min = 0.94, max = 1.06)",66.0,0,0
1556,bus-1556,true,PQ,0.004805776277764565,1.0,"(min = 0.94, max = 1.06)",66.0,0,0
7024,bus-7024,true,PQ,0.0068003009176450125,1.0,"(min = 0.94, max = 1.06)",66.0,0,0
2061,bus-2061,true,PQ,-0.0004919218403087529,1.0,"(min = 0.94, max = 1.06)",66.0,0,0
6186,bus-6186,true,PQ,-0.0011413620646363374,1.0,"(min = 0.94, max = 1.06)",66.0,0,0
7034,bus-7034,true,PQ,0.007440567588449689,1.0,"(min = 0.94, max = 1.06)",66.0,0,0
543,bus-543,true,PV,-0.0034842121478497103,1.0,"(min = 0.94, max = 1.06)",66.0,0,0
1958,bus-1958,true,PV,-0.03210703258832469,1.0,"(min = 0.94, max = 1.06)",66.0,0,0
780,bus-780,true,PQ,0.010893031446714043,1.0,"(min = 0.94, max = 1.06)",230.0,0,0
5642,bus-5642,true,PQ,0.0015111885192212132,1.0,"(min = 0.94, max = 1.06)",66.0,0,0
3963,bus-3963,true,PQ,-0.03203376890231372,1.0,"(min = 0.94, max = 1.06)",66.0,0,0
3176,bus-3176,true,PQ,-0.03268882046665155,1.0,"(min = 0.94, max = 1.06)",115.0,0,0
5687,bus-5687,true,PQ,0.0017072471642988161,1.0,"(min = 0.94, max = 1.06)",66.0,0,0
2355,bus-2355,true,PQ,-0.03349162759120594,1.0,"(min = 0.94, max = 1.06)",115.0,0,0
6637,bus-6637,true,PQ,0.0015047402885986479,1.0,"(min = 0.94, max = 1.06)",115.0,0,0
2385,bus-2385,true,PQ,0.002165260391852656,1.0,"(min = 0.94, max = 1.06)",66.0,0,0
1725,bus-1725,true,PQ,-0.0368903730425273,1.0,"(min = 0.94, max = 1.06)",115.0,0,0
1742,bus-1742,true,PV,-0.03084407411887097,1.0,"(min = 0.94, max = 1.06)",230.0,0,0
8707,bus-8707,true,PQ,0.003119355570669766,1.0,"(min = 0.94, max = 1.06)",66.0,0,0
5246,bus-5246,true,PQ,0.005468243501748025,1.0,"(min = 0.94, max = 1.06)",66.0,0,0
115,bus-115,true,PQ,-0.015113996482101684,1.0,"(min = 0.94, max = 1.06)",66.0,0,0
8817,bus-8817,true,PQ,0.005212662111208492,1.0,"(min = 0.94, max = 1.06)",66.0,0,0
7596,bus-7596,true,PQ,-0.03409079528369124,1.0,"(min = 0.94, max = 1.06)",66.0,0,0
3895,bus-3895,true,PQ,-0.03403766466873373,1.0,"(min = 0.94, max = 1.06)",115.0,0,0
8580,bus-8580,true,PQ,-0.0003803872394305003,1.0,"(min = 0.94, max = 1.06)",66.0,0,0
1074,bus-1074,true,PQ,0.0071740811014910175,1.0,"(min = 0.94, max = 1.06)",66.0,0,0
5173,bus-5173,true,PQ,0.0025866854462842266,1.0,"(min = 0.94, max = 1.06)",115.0,0,0
3431,bus-3431,true,PQ,-0.02925299409910817,1.0,"(min = 0.94, max = 1.06)",115.0,0,0
1445,bus-1445,true,PQ,-0.003732323843349972,1.0,"(min = 0.94, max = 1.06)",66.0,0,0
1283,bus-1283,true,PQ,-0.03362945606770301,1.0,"(min = 0.94, max = 1.06)",66.0,0,0
76,bus-76,true,PV,-0.033891838744538175,1.0,"(min = 0.94, max = 1.06)",66.0,0,0
3152,bus-3152,true,PQ,-0.03313359389004448,1.0,"(min = 0.94, max = 1.06)",115.0,0,0
8394,bus-8394,true,PQ,-0.012567693888091449,1.0,"(min = 0.94, max = 1.06)",230.0,0,0
340,bus-340,true,PQ,-0.03836222089444011,1.0,"(min = 0.94, max = 1.06)",66.0,0,0
4680,bus-4680,true,PQ,-0.031471265166892144,1.0,"(min = 0.94, max = 1.06)",115.0,0,0
4892,bus-4892,true,PQ,-0.0012674436252921367,1.0,"(min = 0.94, max = 1.06)",66.0,0,0
1441,bus-1441,true,PQ,-0.003502065330207871,1.0,"(min = 0.94, max = 1.06)",66.0,0,0
1906,bus-1906,true,PQ,-0.033868519924001056,1.0,"(min = 0.94, max = 1.06)",115.0,0,0
1876,bus-1876,true,PQ,0.0024704088364428537,1.0,"(min = 0.94, max = 1.06)",115.0,0,0
4215,bus-4215,true,PQ,-0.005092878436768162,1.0,"(min = 0.94, max = 1.06)",66.0,0,0
8119,bus-8119,true,PQ,0.008030417491657366,1.0,"(min = 0.94, max = 1.06)",230.0,0,0
4071,bus-4071,true,PQ,-0.01245349442949946,1.0,"(min = 0.94, max = 1.06)",115.0,0,0
3763,bus-3763,true,PQ,-0.03509645871107935,1.0,"(min = 0.94, max = 1.06)",66.0,0,0
6300,bus-6300,true,PQ,-0.0018118603653223123,1.0,"(min = 0.94, max = 1.06)",66.0,0,0
209,bus-209,true,PV,0.006377197135725703,1.0,"(min = 0.94, max = 1.06)",115.0,0,0
1101,bus-1101,true,PQ,0.006767351824080992,1.0,"(min = 0.94, max = 1.06)",66.0,0,0
1785,bus-1785,true,PV,-0.03181950024056706,1.0,"(min = 0.94, max = 1.06)",66.0,0,0
4330,bus-4330,true,PQ,-0.03766529434349088,1.0,"(min = 0.94, max = 1.06)",66.0,0,0
4691,bus-4691,true,PQ,0.0028971944078725375,1.0,"(min = 0.94, max = 1.06)",66.0,0,0
3068,bus-3068,true,PQ,-0.0301615728887224,1.0,"(min = 0.94, max = 1.06)",230.0,0,0
6892,bus-6892,true,PQ,0.006867971451721866,1.0,"(min = 0.94, max = 1.06)",66.0,0,0
8499,bus-8499,true,PQ,0.015507043774439476,1.0,"(min = 0.94, max = 1.06)",230.0,0,0
4720,bus-4720,true,PQ,0.0012443470340380142,1.0,"(min = 0.94, max = 1.06)",115.0,0,0
608,bus-608,true,PQ,-0.022416836474085072,1.0,"(min = 0.94, max = 1.06)",115.0,0,0
2428,bus-2428,true,PQ,0.00045485091260604095,1.0,"(min = 0.94, max = 1.06)",66.0,0,0
4270,bus-4270,true,PQ,-0.0055605918569840655,1.0,"(min = 0.94, max = 1.06)",115.0,0,0
1535,bus-1535,true,PV,-0.03234204710622518,1.0,"(min = 0.94, max = 1.06)",115.0,0,0
7375,bus-7375,true,PQ,-0.034950180746607544,1.0,"(min = 0.94, max = 1.06)",66.0,0,0
8627,bus-8627,true,PQ,-0.03406542570128303,1.0,"(min = 0.94, max = 1.06)",115.0,0,0
6634,bus-6634,true,PQ,0.004555398254777297,1.0,"(min = 0.94, max = 1.06)",115.0,0,0
1486,bus-1486,true,PV,-0.03440995875708154,1.0,"(min = 0.94, max = 1.06)",66.0,0,0
5432,bus-5432,true,PQ,0.00032951388497453276,1.0,"(min = 0.94, max = 1.06)",66.0,0,0
8560,bus-8560,true,PQ,0.0027122041155669776,1.0,"(min = 0.94, max = 1.06)",115.0,0,0
1148,bus-1148,true,PQ,-0.031997803600549574,1.0,"(min = 0.94, max = 1.06)",66.0,0,0
8291,bus-8291,true,PQ,-0.029400395008420725,1.0,"(min = 0.94, max = 1.06)",115.0,0,0
1036,bus-1036,true,PQ,0.0041746311514164166,1.0,"(min = 0.94, max = 1.06)",66.0,0,0
8299,bus-8299,true,PQ,-0.003785641383070371,1.0,"(min = 0.94, max = 1.06)",66.0,0,0
2294,bus-2294,true,PQ,-0.030251658232597012,1.0,"(min = 0.94, max = 1.06)",230.0,0,0
2098,bus-2098,true,PQ,-0.0007694004702376804,1.0,"(min = 0.94, max = 1.06)",66.0,0,0
2840,bus-2840,true,PQ,-0.02894075382326176,1.0,"(min = 0.94, max = 1.06)",230.0,0,0
4344,bus-4344,true,PQ,-0.03285675726900892,1.0,"(min = 0.94, max = 1.06)",230.0,0,0
2775,bus-2775,true,PQ,-0.03835434055833443,1.0,"(min = 0.94, max = 1.06)",66.0,0,0
4978,bus-4978,true,PQ,-0.004491674381378099,1.0,"(min = 0.94, max = 1.06)",66.0,0,0
532,bus-532,true,PQ,8.818450072481067e-6,1.0,"(min = 0.94, max = 1.06)",66.0,0,0
6609,bus-6609,true,PQ,0.00035425218877361745,1.0,"(min = 0.94, max = 1.06)",66.0,0,0
8473,bus-8473,true,PQ,-0.029089749439911862,1.0,"(min = 0.94, max = 1.06)",66.0,0,0
936,bus-936,true,PQ,-0.03511672529982058,1.0,"(min = 0.94, max = 1.06)",66.0,0,0
1004,bus-1004,true,PQ,0.0037526880134496838,1.0,"(min = 0.94, max = 1.06)",66.0,0,0
4796,bus-4796,true,PQ,0.0007938379194162941,1.0,"(min = 0.94, max = 1.06)",66.0,0,0
74,bus-74,true,PQ,-0.032923131791396415,1.0,"(min = 0.94, max = 1.06)",115.0,0,0
5211,bus-5211,true,PQ,0.00335681042538369,1.0,"(min = 0.94, max = 1.06)",66.0,0,0
8418,bus-8418,true,PQ,0.001678957607654772,1.0,"(min = 0.94, max = 1.06)",115.0,0,0
5025,bus-5025,true,PQ,0.0030408358430697117,1.0,"(min = 0.94, max = 1.06)",66.0,0,0
960,bus-960,true,PQ,-0.03455225248393691,1.0,"(min = 0.94, max = 1.06)",66.0,0,0
549,bus-549,true,PQ,-0.00097974266825679,1.0,"(min = 0.94, max = 1.06)",66.0,0,0
1248,bus-1248,true,PQ,-0.03358435728343025,1.0,"(min = 0.94, max = 1.06)",66.0,0,0
7189,bus-7189,true,PQ,-0.03486669501623348,1.0,"(min = 0.94, max = 1.06)",66.0,0,0
877,bus-877,true,PV,-0.0344060778429568,1.0,"(min = 0.94, max = 1.06)",66.0,0,0
6291,bus-6291,true,PQ,-0.0017779463490280353,1.0,"(min = 0.94, max = 1.06)",66.0,0,0
6288,bus-6288,true,PQ,-0.0003448531561646442,1.0,"(min = 0.94, max = 1.06)",66.0,0,0
4478,bus-4478,true,PQ,-0.0348485245679239,1.0,"(min = 0.94, max = 1.06)",66.0,0,0
8807,bus-8807,true,PQ,-0.0012657925403290915,1.0,"(min = 0.94, max = 1.06)",66.0,0,0
578,bus-578,true,PQ,-0.033801410443465546,1.0,"(min = 0.94, max = 1.06)",115.0,0,0
3592,bus-3592,true,PQ,-0.034066506060090006,1.0,"(min = 0.94, max = 1.06)",66.0,0,0
4451,bus-4451,true,PQ,-0.035313301733472705,1.0,"(min = 0.94, max = 1.06)",66.0,0,0
3363,bus-3363,true,PQ,-0.03126481016967373,1.0,"(min = 0.94, max = 1.06)",230.0,0,0
5875,bus-5875,true,PQ,-0.0008558628334710644,1.0,"(min = 0.94, max = 1.06)",66.0,0,0
5109,bus-5109,true,PQ,0.007400277238626052,1.0,"(min = 0.94, max = 1.06)",66.0,0,0
4984,bus-4984,true,PQ,-0.0038655717381317653,1.0,"(min = 0.94, max = 1.06)",66.0,0,0
7159,bus-7159,true,PQ,-0.03480512817780353,1.0,"(min = 0.94, max = 1.06)",66.0,0,0
8797,bus-8797,true,PQ,-0.029185384581741965,1.0,"(min = 0.94, max = 1.06)",66.0,0,0
6749,bus-6749,true,PQ,0.00222678645939128,1.0,"(min = 0.94, max = 1.06)",66.0,0,0
1110,bus-1110,true,PV,0.013091495558215292,1.0,"(min = 0.94, max = 1.06)",66.0,0,0
7349,bus-7349,true,PQ,-0.03500625067055833,1.0,"(min = 0.94, max = 1.06)",66.0,0,0
64,bus-64,true,PQ,-0.03806678988461965,1.0,"(min = 0.94, max = 1.06)",66.0,0,0
5863,bus-5863,true,PQ,6.940043496732741e-5,1.0,"(min = 0.94, max = 1.06)",66.0,0,0
1867,bus-1867,true,PV,0.0006496799959148941,1.0,"(min = 0.94, max = 1.06)",66.0,0,0
2254,bus-2254,true,PV,-0.023688476734836983,1.0,"(min = 0.94, max = 1.06)",115.0,0,0
3532,bus-3532,true,PQ,-0.03398238066654511,1.0,"(min = 0.94, max = 1.06)",66.0,0,0
6512,bus-6512,true,PQ,0.003022652566590122,1.0,"(min = 0.94, max = 1.06)",66.0,0,0
1986,bus-1986,true,PQ,-0.019178861154146545,1.0,"(min = 0.94, max = 1.06)",66.0,0,0
3861,bus-3861,true,PQ,-0.03207228151212115,1.0,"(min = 0.94, max = 1.06)",66.0,0,0
2565,bus-2565,true,PQ,0.014906563751436308,1.0,"(min = 0.94, max = 1.06)",66.0,0,0
5351,bus-5351,true,PQ,0.000875722167084637,1.0,"(min = 0.94, max = 1.06)",66.0,0,0
701,bus-701,true,PQ,0.0016646084792026096,1.0,"(min = 0.94, max = 1.06)",66.0,0,0
1561,bus-1561,true,PQ,-0.03907292507450458,1.0,"(min = 0.94, max = 1.06)",66.0,0,0
8840,bus-8840,true,PQ,-0.007928074909885507,1.0,"(min = 0.94, max = 1.06)",66.0,0,0
3206,bus-3206,true,PQ,-0.03222650089922247,1.0,"(min = 0.94, max = 1.06)",230.0,0,0
486,bus-486,true,PQ,-0.0006976157256203063,1.0,"(min = 0.94, max = 1.06)",66.0,0,0
5498,bus-5498,true,PQ,0.0022209775324017445,1.0,"(min = 0.94, max = 1.06)",115.0,0,0
4545,bus-4545,true,PQ,-0.026504930780342276,1.0,"(min = 0.94, max = 1.06)",115.0,0,0
5991,bus-5991,true,PQ,-0.0012677357253410798,1.0,"(min = 0.94, max = 1.06)",66.0,0,0
7283,bus-7283,true,PQ,-0.03442615488894127,1.0,"(min = 0.94, max = 1.06)",66.0,0,0
69,bus-69,true,PQ,-0.03269496332748687,1.0,"(min = 0.94, max = 1.06)",115.0,0,0
4612,bus-4612,true,PQ,-0.005307331963789196,1.0,"(min = 0.94, max = 1.06)",115.0,0,0
7246,bus-7246,true,PQ,-0.03460647567500617,1.0,"(min = 0.94, max = 1.06)",66.0,0,0
8022,bus-8022,true,PV,-0.033444300196011315,1.0,"(min = 0.94, max = 1.06)",230.0,0,0
2236,bus-2236,true,PQ,-0.031066057484977296,1.0,"(min = 0.94, max = 1.06)",230.0,0,0
4224,bus-4224,true,PQ,-0.0035060624309009108,1.0,"(min = 0.94, max = 1.06)",115.0,0,0
8521,bus-8521,true,PQ,0.00275178860188123,1.0,"(min = 0.94, max = 1.06)",115.0,0,0
5459,bus-5459,true,PQ,0.002263681951833569,1.0,"(min = 0.94, max = 1.06)",66.0,0,0
1041,bus-1041,true,PV,0.001779700928525065,1.0,"(min = 0.94, max = 1.06)",66.0,0,0
2713,bus-2713,true,PQ,-0.029328574535168232,1.0,"(min = 0.94, max = 1.06)",66.0,0,0
2081,bus-2081,true,PQ,0.00023089733157359918,1.0,"(min = 0.94, max = 1.06)",66.0,0,0
4442,bus-4442,true,PQ,-0.03448358721690617,1.0,"(min = 0.94, max = 1.06)",66.0,0,0
4602,bus-4602,true,PQ,0.00027958897385002546,1.0,"(min = 0.94, max = 1.06)",115.0,0,0
5311,bus-5311,true,PQ,0.0007772256766282774,1.0,"(min = 0.94, max = 1.06)",66.0,0,0
3514,bus-3514,true,PQ,-0.03230827341440276,1.0,"(min = 0.94, max = 1.06)",66.0,0,0
4863,bus-4863,true,PQ,0.00095435632370644,1.0,"(min = 0.94, max = 1.06)",500.0,0,0
6047,bus-6047,true,PQ,-0.00033347127593643126,1.0,"(min = 0.94, max = 1.06)",66.0,0,0
5901,bus-5901,true,PQ,-0.0005284497227773409,1.0,"(min = 0.94, max = 1.06)",66.0,0,0
6734,bus-6734,true,PQ,-0.0009840363876562064,1.0,"(min = 0.94, max = 1.06)",66.0,0,0
7179,bus-7179,true,PQ,-0.03433264032215234,1.0,"(min = 0.94, max = 1.06)",66.0,0,0
4111,bus-4111,true,PQ,-0.01904930990162706,1.0,"(min = 0.94, max = 1.06)",66.0,0,0
7359,bus-7359,true,PQ,-0.03489016568041553,1.0,"(min = 0.94, max = 1.06)",66.0,0,0
7551,bus-7551,true,PQ,-0.0010204247397777436,1.0,"(min = 0.94, max = 1.06)",66.0,0,0
8352,bus-8352,true,PQ,0.012762570667758105,1.0,"(min = 0.94, max = 1.06)",115.0,0,0
7032,bus-7032,true,PQ,0.00712510311351619,1.0,"(min = 0.94, max = 1.06)",66.0,0,0
2972,bus-2972,true,PQ,-0.03379221884149284,1.0,"(min = 0.94, max = 1.06)",230.0,0,0
1802,bus-1802,true,PQ,-0.02935759901156305,1.0,"(min = 0.94, max = 1.06)",66.0,0,0
4719,bus-4719,true,PQ,0.0015586888381474717,1.0,"(min = 0.94, max = 1.06)",115.0,0,0
5701,bus-5701,true,PQ,0.0003197900256478124,1.0,"(min = 0.94, max = 1.06)",66.0,0,0
5437,bus-5437,true,PQ,-0.00011363656111028861,1.0,"(min = 0.94, max = 1.06)",66.0,0,0
4261,bus-4261,true,PQ,-0.007198306969640398,1.0,"(min = 0.94, max = 1.06)",66.0,0,0
5746,bus-5746,true,PQ,0.0026642252238691638,1.0,"(min = 0.94, max = 1.06)",66.0,0,0
7954,bus-7954,true,PQ,0.00014231915630257084,1.0,"(min = 0.94, max = 1.06)",230.0,0,0
7841,bus-7841,true,PQ,-0.03142552741758023,1.0,"(min = 0.94, max = 1.06)",115.0,0,0
5001,bus-5001,true,PQ,-0.003270495167226311,1.0,"(min = 0.94, max = 1.06)",66.0,0,0
6150,bus-6150,true,PQ,-0.0011608908328895823,1.0,"(min = 0.94, max = 1.06)",66.0,0,0
3536,bus-3536,true,PQ,-0.030299891802739277,1.0,"(min = 0.94, max = 1.06)",230.0,0,0
5690,bus-5690,true,PQ,0.0015243124527184147,1.0,"(min = 0.94, max = 1.06)",66.0,0,0
8131,bus-8131,true,PQ,-0.034735021443343575,1.0,"(min = 0.94, max = 1.06)",66.0,0,0
6669,bus-6669,true,PQ,0.015546697794671126,1.0,"(min = 0.94, max = 1.06)",66.0,0,0
4874,bus-4874,true,PQ,0.0015347723069187255,1.0,"(min = 0.94, max = 1.06)",230.0,0,0
1720,bus-1720,true,PV,0.01636284003756221,1.0,"(min = 0.94, max = 1.06)",66.0,0,0
765,bus-765,true,PQ,-0.036786427864529674,1.0,"(min = 0.94, max = 1.06)",66.0,0,0
3960,bus-3960,true,PQ,-0.032196995584618734,1.0,"(min = 0.94, max = 1.06)",66.0,0,0
4734,bus-4734,true,PQ,0.0016466307187331004,1.0,"(min = 0.94, max = 1.06)",115.0,0,0
7520,bus-7520,true,PQ,-0.028991761245184218,1.0,"(min = 0.94, max = 1.06)",115.0,0,0
32,bus-32,true,PV,-0.032335545580228574,1.0,"(min = 0.94, max = 1.06)",115.0,0,0
3993,bus-3993,true,PQ,-0.03260508794672127,1.0,"(min = 0.94, max = 1.06)",115.0,0,0
2705,bus-2705,true,PQ,-0.02929879747279996,1.0,"(min = 0.94, max = 1.06)",66.0,0,0
1247,bus-1247,true,PV,-0.028876675805104036,1.0,"(min = 0.94, max = 1.06)",115.0,0,0
2586,bus-2586,true,PQ,0.01464680575309017,1.0,"(min = 0.94, max = 1.06)",66.0,0,0
8283,bus-8283,true,PQ,-0.03494246237705644,1.0,"(min = 0.94, max = 1.06)",66.0,0,0
7837,bus-7837,true,PQ,-0.03579667224060887,1.0,"(min = 0.94, max = 1.06)",66.0,0,0
1372,bus-1372,true,PQ,-0.028562538181827787,1.0,"(min = 0.94, max = 1.06)",115.0,0,0
6041,bus-6041,true,PQ,-0.0003274554017668286,1.0,"(min = 0.94, max = 1.06)",66.0,0,0
4697,bus-4697,true,PQ,0.003026892390222237,1.0,"(min = 0.94, max = 1.06)",66.0,0,0
6355,bus-6355,true,PQ,-0.000354558553398537,1.0,"(min = 0.94, max = 1.06)",66.0,0,0
581,bus-581,true,PQ,-0.034196742179807976,1.0,"(min = 0.94, max = 1.06)",115.0,0,0
2473,bus-2473,true,PQ,0.0021918156811415053,1.0,"(min = 0.94, max = 1.06)",66.0,0,0
3815,bus-3815,true,PQ,-0.032449282578928665,1.0,"(min = 0.94, max = 1.06)",66.0,0,0
5145,bus-5145,true,PQ,0.0016507175363310099,1.0,"(min = 0.94, max = 1.06)",66.0,0,0
6118,bus-6118,true,PQ,-0.0011025444218902049,1.0,"(min = 0.94, max = 1.06)",66.0,0,0
6587,bus-6587,true,PQ,-0.001039239094153599,1.0,"(min = 0.94, max = 1.06)",66.0,0,0
2827,bus-2827,true,PQ,-0.021177633681080252,1.0,"(min = 0.94, max = 1.06)",230.0,0,0
4642,bus-4642,true,PQ,-0.03207930925488723,1.0,"(min = 0.94, max = 1.06)",66.0,0,0
1662,bus-1662,true,PV,-0.0025929533774137438,1.0,"(min = 0.94, max = 1.06)",66.0,0,0
4995,bus-4995,true,PQ,-0.0035563986340996384,1.0,"(min = 0.94, max = 1.06)",66.0,0,0
7522,bus-7522,true,PQ,-0.027025548533578168,1.0,"(min = 0.94, max = 1.06)",230.0,0,0
7789,bus-7789,true,PQ,-0.03225292727849277,1.0,"(min = 0.94, max = 1.06)",66.0,0,0
893,bus-893,true,PV,-0.034469505202369376,1.0,"(min = 0.94, max = 1.06)",66.0,0,0
1783,bus-1783,true,PV,-0.030094263917053388,1.0,"(min = 0.94, max = 1.06)",230.0,0,0
3588,bus-3588,true,PQ,-0.03312760392005163,1.0,"(min = 0.94, max = 1.06)",115.0,0,0
1376,bus-1376,true,PQ,-0.027553086866364068,1.0,"(min = 0.94, max = 1.06)",115.0,0,0
1097,bus-1097,true,PQ,0.006353081136052734,1.0,"(min = 0.94, max = 1.06)",66.0,0,0
2161,bus-2161,true,PQ,-0.03020398334234831,1.0,"(min = 0.94, max = 1.06)",66.0,0,0
2316,bus-2316,true,PQ,-0.003676015786676036,1.0,"(min = 0.94, max = 1.06)",66.0,0,0
3381,bus-3381,true,PQ,-0.012573266619673312,1.0,"(min = 0.94, max = 1.06)",230.0,0,0
8300,bus-8300,true,PQ,-0.0042904895978223044,1.0,"(min = 0.94, max = 1.06)",115.0,0,0
3966,bus-3966,true,PQ,-0.031676034525118975,1.0,"(min = 0.94, max = 1.06)",66.0,0,0
2354,bus-2354,true,PQ,-0.03433322430932006,1.0,"(min = 0.94, max = 1.06)",66.0,0,0
556,bus-556,true,PQ,-0.000706714004837905,1.0,"(min = 0.94, max = 1.06)",66.0,0,0
8868,bus-8868,true,PQ,-0.034579612265291174,1.0,"(min = 0.94, max = 1.06)",115.0,0,0
1739,bus-1739,true,PQ,-0.03148685182977708,1.0,"(min = 0.94, max = 1.06)",115.0,0,0
5458,bus-5458,true,PQ,0.0013857353905425331,1.0,"(min = 0.94, max = 1.06)",66.0,0,0
7817,bus-7817,true,PQ,-0.03430200246339698,1.0,"(min = 0.94, max = 1.06)",66.0,0,0
7139,bus-7139,true,PQ,-0.0346707366036695,1.0,"(min = 0.94, max = 1.06)",66.0,0,0
3879,bus-3879,true,PQ,-0.03289704278427053,1.0,"(min = 0.94, max = 1.06)",66.0,0,0
7312,bus-7312,true,PQ,-0.03450966435579314,1.0,"(min = 0.94, max = 1.06)",66.0,0,0
6964,bus-6964,true,PQ,0.009551456750405932,1.0,"(min = 0.94, max = 1.06)",66.0,0,0
7764,bus-7764,true,PQ,0.016693250325385895,1.0,"(min = 0.94, max = 1.06)",66.0,0,0
8413,bus-8413,true,PQ,0.005801256040579849,1.0,"(min = 0.94, max = 1.06)",66.0,0,0
7058,bus-7058,true,PQ,-0.03284533042386319,1.0,"(min = 0.94, max = 1.06)",230.0,0,0
7075,bus-7075,true,PQ,-0.033589818942258515,1.0,"(min = 0.94, max = 1.06)",115.0,0,0
7456,bus-7456,true,PQ,-0.03393849488610249,1.0,"(min = 0.94, max = 1.06)",66.0,0,0
216,bus-216,true,PQ,-0.0031572353764503028,1.0,"(min = 0.94, max = 1.06)",66.0,0,0
5190,bus-5190,true,PQ,0.005714191023882398,1.0,"(min = 0.94, max = 1.06)",115.0,0,0
4737,bus-4737,true,PQ,-0.00014508809969331006,1.0,"(min = 0.94, max = 1.06)",230.0,0,0
1339,bus-1339,true,PQ,-0.03704952036677162,1.0,"(min = 0.94, max = 1.06)",66.0,0,0
8096,bus-8096,true,PQ,0.008551973307006328,1.0,"(min = 0.94, max = 1.06)",230.0,0,0
4459,bus-4459,true,PQ,-0.035214101233046635,1.0,"(min = 0.94, max = 1.06)",66.0,0,0
5864,bus-5864,true,PQ,-0.0005682864702550298,1.0,"(min = 0.94, max = 1.06)",66.0,0,0
271,bus-271,true,PQ,0.010295660256534408,1.0,"(min = 0.94, max = 1.06)",66.0,0,0
1833,bus-1833,true,PV,0.0016542628201499274,1.0,"(min = 0.94, max = 1.06)",115.0,0,0
3226,bus-3226,true,PQ,-0.030389969990763953,1.0,"(min = 0.94, max = 1.06)",115.0,0,0
342,bus-342,true,PV,-0.0019325602852600621,1.0,"(min = 0.94, max = 1.06)",66.0,0,0
1567,bus-1567,true,PV,-0.03908260292520689,1.0,"(min = 0.94, max = 1.06)",66.0,0,0
7061,bus-7061,true,PQ,-0.03256186992925046,1.0,"(min = 0.94, max = 1.06)",230.0,0,0
5773,bus-5773,true,PQ,-0.00012554548993189932,1.0,"(min = 0.94, max = 1.06)",66.0,0,0
1070,bus-1070,true,PQ,0.007355819653413892,1.0,"(min = 0.94, max = 1.06)",66.0,0,0
5403,bus-5403,true,PQ,-0.003665547040023186,1.0,"(min = 0.94, max = 1.06)",66.0,0,0
6336,bus-6336,true,PQ,-0.0003189514804633625,1.0,"(min = 0.94, max = 1.06)",66.0,0,0
2476,bus-2476,true,PQ,0.002181591437663567,1.0,"(min = 0.94, max = 1.06)",66.0,0,0
2920,bus-2920,true,PQ,-0.01624082693189526,1.0,"(min = 0.94, max = 1.06)",115.0,0,0
7327,bus-7327,true,PQ,-0.0345335416816909,1.0,"(min = 0.94, max = 1.06)",66.0,0,0
4174,bus-4174,true,PQ,-0.024742022397588936,1.0,"(min = 0.94, max = 1.06)",66.0,0,0
4783,bus-4783,true,PQ,0.0009710362084749469,1.0,"(min = 0.94, max = 1.06)",230.0,0,0
5814,bus-5814,true,PQ,0.00039073488990385905,1.0,"(min = 0.94, max = 1.06)",66.0,0,0
1134,bus-1134,true,PQ,-0.032315580235316235,1.0,"(min = 0.94, max = 1.06)",66.0,0,0
111,bus-111,true,PV,-0.018200395367025186,1.0,"(min = 0.94, max = 1.06)",500.0,0,0
5010,bus-5010,true,PQ,-0.0029101051319483156,1.0,"(min = 0.94, max = 1.06)",66.0,0,0
6891,bus-6891,true,PQ,0.0067837478135933695,1.0,"(min = 0.94, max = 1.06)",66.0,0,0
1628,bus-1628,true,PQ,0.016333360449111645,1.0,"(min = 0.94, max = 1.06)",66.0,0,0
4906,bus-4906,true,PQ,-0.0013285070985485073,1.0,"(min = 0.94, max = 1.06)",66.0,0,0
6003,bus-6003,true,PQ,-0.0012774116579265405,1.0,"(min = 0.94, max = 1.06)",66.0,0,0
6722,bus-6722,true,PQ,0.0033450907139894737,1.0,"(min = 0.94, max = 1.06)",115.0,0,0
1882,bus-1882,true,PV,0.014449006053071912,1.0,"(min = 0.94, max = 1.06)",66.0,0,0
7652,bus-7652,true,PQ,-0.03276114446739324,1.0,"(min = 0.94, max = 1.06)",230.0,0,0
7205,bus-7205,true,PQ,-0.034865247614684805,1.0,"(min = 0.94, max = 1.06)",66.0,0,0
70,bus-70,true,PQ,-0.029832348988457755,1.0,"(min = 0.94, max = 1.06)",66.0,0,0
2383,bus-2383,true,PQ,0.0009824272900789764,1.0,"(min = 0.94, max = 1.06)",66.0,0,0
1880,bus-1880,true,PQ,0.008022030015230934,1.0,"(min = 0.94, max = 1.06)",66.0,0,0
793,bus-793,true,PQ,0.0017784542049337803,1.0,"(min = 0.94, max = 1.06)",115.0,0,0
122,bus-122,true,PQ,-0.020866784956246453,1.0,"(min = 0.94, max = 1.06)",66.0,0,0
1272,bus-1272,true,PQ,-0.028956314306207917,1.0,"(min = 0.94, max = 1.06)",115.0,0,0
1517,bus-1517,true,PQ,0.010902908195137909,1.0,"(min = 0.94, max = 1.06)",230.0,0,0
4348,bus-4348,true,PQ,-0.032299496328127404,1.0,"(min = 0.94, max = 1.06)",115.0,0,0
2308,bus-2308,true,PQ,-0.036397836415225523,1.0,"(min = 0.94, max = 1.06)",66.0,0,0
6174,bus-6174,true,PQ,-0.0009416772327476699,1.0,"(min = 0.94, max = 1.06)",66.0,0,0
8075,bus-8075,true,PQ,-0.03660260647158405,1.0,"(min = 0.94, max = 1.06)",66.0,0,0
7883,bus-7883,true,PQ,-0.034002165718945716,1.0,"(min = 0.94, max = 1.06)",115.0,0,0
2899,bus-2899,true,PQ,-0.012721623445817185,1.0,"(min = 0.94, max = 1.06)",230.0,0,0
17,bus-17,true,PV,-0.03220474886075487,1.0,"(min = 0.94, max = 1.06)",66.0,0,0
942,bus-942,true,PQ,-0.0342763817281094,1.0,"(min = 0.94, max = 1.06)",66.0,0,0
4072,bus-4072,true,PQ,-0.008226707429512772,1.0,"(min = 0.94, max = 1.06)",66.0,0,0
2372,bus-2372,true,PQ,-0.0334712037482991,1.0,"(min = 0.94, max = 1.06)",66.0,0,0
2954,bus-2954,true,PQ,-0.03423899485566951,1.0,"(min = 0.94, max = 1.06)",66.0,0,0
2999,bus-2999,true,PQ,-0.03301939909148159,1.0,"(min = 0.94, max = 1.06)",115.0,0,0
5823,bus-5823,true,PQ,-0.0010318332973635732,1.0,"(min = 0.94, max = 1.06)",66.0,0,0
6868,bus-6868,true,PQ,0.00647659564375542,1.0,"(min = 0.94, max = 1.06)",66.0,0,0
2373,bus-2373,true,PV,-0.0334712037482991,1.0,"(min = 0.94, max = 1.06)",66.0,0,0
5995,bus-5995,true,PQ,-0.0012767256649906904,1.0,"(min = 0.94, max = 1.06)",66.0,0,0
982,bus-982,true,PQ,-0.03424152907374341,1.0,"(min = 0.94, max = 1.06)",66.0,0,0
2893,bus-2893,true,PQ,-0.01230310474856262,1.0,"(min = 0.94, max = 1.06)",115.0,0,0
3854,bus-3854,true,PQ,-0.0316666484934676,1.0,"(min = 0.94, max = 1.06)",66.0,0,0
4250,bus-4250,true,PQ,0.02371222001944819,1.0,"(min = 0.94, max = 1.06)",115.0,0,0
3662,bus-3662,true,PQ,-0.04344247466659689,1.0,"(min = 0.94, max = 1.06)",66.0,0,0
5511,bus-5511,true,PQ,0.006840104826752825,1.0,"(min = 0.94, max = 1.06)",115.0,0,0
5785,bus-5785,true,PQ,7.875819490281408e-5,1.0,"(min = 0.94, max = 1.06)",66.0,0,0
972,bus-972,true,PQ,-0.03447679177746353,1.0,"(min = 0.94, max = 1.06)",66.0,0,0
8508,bus-8508,true,PQ,-0.02904192619667674,1.0,"(min = 0.94, max = 1.06)",66.0,0,0
2491,bus-2491,true,PQ,0.014380376094051942,1.0,"(min = 0.94, max = 1.06)",115.0,0,0
4145,bus-4145,true,PQ,-0.02814364554778098,1.0,"(min = 0.94, max = 1.06)",66.0,0,0
1349,bus-1349,true,PQ,-0.02911845452105356,1.0,"(min = 0.94, max = 1.06)",115.0,0,0
8257,bus-8257,true,PQ,-0.0004482237647911953,1.0,"(min = 0.94, max = 1.06)",230.0,0,0
8687,bus-8687,true,PQ,-0.032557638203946075,1.0,"(min = 0.94, max = 1.06)",115.0,0,0
2318,bus-2318,true,PQ,-0.03524055693384836,1.0,"(min = 0.94, max = 1.06)",66.0,0,0
1304,bus-1304,true,PQ,-0.03838135371729924,1.0,"(min = 0.94, max = 1.06)",66.0,0,0
7009,bus-7009,true,PQ,0.005742396347446082,1.0,"(min = 0.94, max = 1.06)",66.0,0,0
2109,bus-2109,true,PQ,-0.036133027556197156,1.0,"(min = 0.94, max = 1.06)",66.0,0,0
4657,bus-4657,true,PQ,-0.03712079402836947,1.0,"(min = 0.94, max = 1.06)",66.0,0,0
4135,bus-4135,true,PQ,-0.015040417310375129,1.0,"(min = 0.94, max = 1.06)",66.0,0,0
4975,bus-4975,true,PQ,-0.0036298865251063153,1.0,"(min = 0.94, max = 1.06)",66.0,0,0
7306,bus-7306,true,PQ,-0.034524219878156,1.0,"(min = 0.94, max = 1.06)",66.0,0,0
684,bus-684,true,PQ,0.0013886266314228877,1.0,"(min = 0.94, max = 1.06)",66.0,0,0
7438,bus-7438,true,PQ,-0.03460846535035344,1.0,"(min = 0.94, max = 1.06)",66.0,0,0
7406,bus-7406,true,PQ,-0.03496757522153168,1.0,"(min = 0.94, max = 1.06)",66.0,0,0
863,bus-863,true,PQ,-0.03503539208401302,1.0,"(min = 0.94, max = 1.06)",66.0,0,0
4797,bus-4797,true,PQ,0.01369295713693649,1.0,"(min = 0.94, max = 1.06)",115.0,0,0
7423,bus-7423,true,PQ,-0.03511601564894672,1.0,"(min = 0.94, max = 1.06)",66.0,0,0
3697,bus-3697,true,PQ,-0.03530210439912361,1.0,"(min = 0.94, max = 1.06)",66.0,0,0
8752,bus-8752,true,PV,0.00787783490923515,1.0,"(min = 0.94, max = 1.06)",230.0,0,0
6849,bus-6849,true,PQ,0.005694002259372511,1.0,"(min = 0.94, max = 1.06)",66.0,0,0
1782,bus-1782,true,PQ,-0.03220839851875371,1.0,"(min = 0.94, max = 1.06)",115.0,0,0
7701,bus-7701,true,PQ,0.002658687503592096,1.0,"(min = 0.94, max = 1.06)",66.0,0,0
1816,bus-1816,true,PQ,-0.031034601415868602,1.0,"(min = 0.94, max = 1.06)",115.0,0,0
4599,bus-4599,true,PQ,0.01337226819342007,1.0,"(min = 0.94, max = 1.06)",66.0,0,0
1765,bus-1765,true,PQ,-0.034895577248294264,1.0,"(min = 0.94, max = 1.06)",66.0,0,0
7223,bus-7223,true,PQ,-0.03462129386942145,1.0,"(min = 0.94, max = 1.06)",66.0,0,0
3118,bus-3118,true,PQ,-0.03124159589435881,1.0,"(min = 0.94, max = 1.06)",230.0,0,0
8424,bus-8424,true,PQ,-0.032467196289305285,1.0,"(min = 0.94, max = 1.06)",115.0,0,0
319,bus-319,true,PV,-0.009171686544207205,1.0,"(min = 0.94, max = 1.06)",66.0,0,0
4775,bus-4775,true,PQ,0.0007943073082653255,1.0,"(min = 0.94, max = 1.06)",66.0,0,0
8669,bus-8669,true,PQ,-0.006864591185293067,1.0,"(min = 0.94, max = 1.06)",66.0,0,0
198,bus-198,true,PV,0.013353942847139368,1.0,"(min = 0.94, max = 1.06)",115.0,0,0
5235,bus-5235,true,PQ,0.0029740631761732534,1.0,"(min = 0.94, max = 1.06)",66.0,0,0
5625,bus-5625,true,PQ,0.0009115448213436886,1.0,"(min = 0.94, max = 1.06)",66.0,0,0
6907,bus-6907,true,PQ,0.006695239636497322,1.0,"(min = 0.94, max = 1.06)",66.0,0,0
6188,bus-6188,true,PQ,-0.0006255325384274872,1.0,"(min = 0.94, max = 1.06)",66.0,0,0
5790,bus-5790,true,PQ,3.458990656628528e-6,1.0,"(min = 0.94, max = 1.06)",66.0,0,0
4943,bus-4943,true,PQ,-0.003711649737681691,1.0,"(min = 0.94, max = 1.06)",66.0,0,0
6806,bus-6806,true,PQ,0.0077347859085992714,1.0,"(min = 0.94, max = 1.06)",230.0,0,0
7044,bus-7044,true,PQ,0.008833341151845914,1.0,"(min = 0.94, max = 1.06)",230.0,0,0
7845,bus-7845,true,PQ,-0.012115702742843362,1.0,"(min = 0.94, max = 1.06)",115.0,0,0
3335,bus-3335,true,PQ,-0.03030154567673847,1.0,"(min = 0.94, max = 1.06)",230.0,0,0
2581,bus-2581,true,PQ,0.015237949625951982,1.0,"(min = 0.94, max = 1.06)",115.0,0,0
5621,bus-5621,true,PQ,0.00027663295332915397,1.0,"(min = 0.94, max = 1.06)",66.0,0,0
6149,bus-6149,true,PQ,-0.00041496324514742516,1.0,"(min = 0.94, max = 1.06)",66.0,0,0
7848,bus-7848,true,PQ,-0.03197945949197941,1.0,"(min = 0.94, max = 1.06)",230.0,0,0
8397,bus-8397,true,PQ,-0.03408298947314462,1.0,"(min = 0.94, max = 1.06)",115.0,0,0
8637,bus-8637,true,PQ,-0.03292034031179077,1.0,"(min = 0.94, max = 1.06)",115.0,0,0
5921,bus-5921,true,PQ,-0.0007646889504312632,1.0,"(min = 0.94, max = 1.06)",66.0,0,0
7059,bus-7059,true,PQ,-0.03284989672878518,1.0,"(min = 0.94, max = 1.06)",230.0,0,0
7430,bus-7430,true,PQ,-0.034895835033424784,1.0,"(min = 0.94, max = 1.06)",66.0,0,0
3865,bus-3865,true,PQ,-0.032187295219169076,1.0,"(min = 0.94, max = 1.06)",66.0,0,0
5517,bus-5517,true,PQ,0.00975319841616616,1.0,"(min = 0.94, max = 1.06)",115.0,0,0
2472,bus-2472,true,PQ,0.0022059180287640817,1.0,"(min = 0.94, max = 1.06)",66.0,0,0
5930,bus-5930,true,PQ,-0.0006452582286895761,1.0,"(min = 0.94, max = 1.06)",66.0,0,0
7399,bus-7399,true,PQ,-0.0350536815637776,1.0,"(min = 0.94, max = 1.06)",66.0,0,0
419,bus-419,true,PQ,0.0007994261495219146,1.0,"(min = 0.94, max = 1.06)",66.0,0,0
3967,bus-3967,true,PQ,-0.031644592942243074,1.0,"(min = 0.94, max = 1.06)",66.0,0,0
5391,bus-5391,true,PQ,-0.003552435061181529,1.0,"(min = 0.94, max = 1.06)",66.0,0,0
5416,bus-5416,true,PQ,-0.00010723008801367614,1.0,"(min = 0.94, max = 1.06)",66.0,0,0
7305,bus-7305,true,PQ,-0.03449682414301915,1.0,"(min = 0.94, max = 1.06)",66.0,0,0
8190,bus-8190,true,PQ,-0.028002335313959112,1.0,"(min = 0.94, max = 1.06)",115.0,0,0
4617,bus-4617,true,PQ,-0.01257896930847128,1.0,"(min = 0.94, max = 1.06)",115.0,0,0
2959,bus-2959,true,PQ,-0.03829745050416812,1.0,"(min = 0.94, max = 1.06)",66.0,0,0
5966,bus-5966,true,PQ,0.0002534268339378224,1.0,"(min = 0.94, max = 1.06)",66.0,0,0
7785,bus-7785,true,PQ,0.0019988167884835363,1.0,"(min = 0.94, max = 1.06)",230.0,0,0
4641,bus-4641,true,PQ,-0.018499627529423558,1.0,"(min = 0.94, max = 1.06)",66.0,0,0
2347,bus-2347,true,PQ,-0.03465427692709271,1.0,"(min = 0.94, max = 1.06)",66.0,0,0
3192,bus-3192,true,PQ,-0.03267665080937617,1.0,"(min = 0.94, max = 1.06)",115.0,0,0
4353,bus-4353,true,PQ,-0.03180915549955756,1.0,"(min = 0.94, max = 1.06)",230.0,0,0
6033,bus-6033,true,PQ,-0.0017538242057960989,1.0,"(min = 0.94, max = 1.06)",66.0,0,0
6081,bus-6081,true,PQ,1.4526315045769857e-5,1.0,"(min = 0.94, max = 1.06)",66.0,0,0
5424,bus-5424,true,PQ,-2.1001313015128e-5,1.0,"(min = 0.94, max = 1.06)",66.0,0,0
1331,bus-1331,true,PQ,-0.033070584886053606,1.0,"(min = 0.94, max = 1.06)",66.0,0,0
7738,bus-7738,true,PQ,-0.03255768654956636,1.0,"(min = 0.94, max = 1.06)",115.0,0,0
2653,bus-2653,true,PQ,0.0002009241657558991,1.0,"(min = 0.94, max = 1.06)",230.0,0,0
3831,bus-3831,true,PQ,-0.03217591427618267,1.0,"(min = 0.94, max = 1.06)",66.0,0,0
7001,bus-7001,true,PQ,0.0075851564930846,1.0,"(min = 0.94, max = 1.06)",66.0,0,0
7806,bus-7806,true,PQ,-0.00015275273945791485,1.0,"(min = 0.94, max = 1.06)",115.0,0,0
