name,available,status,active_power,reactive_power,rating,active_power_limits,reactive_power_limits,ramp_limits,operation_cost,base_power,time_limits,must_run,prime_mover_type,fuel,services,time_at_status,dynamic_injector,bus_name,bus_number,area
gen-2064,true,true,0.0,0.0,0.021,"(min = 0.0, max = 0.021)","(min = 0.0, max = 0.0)","(up = 0.0001, down = 0.0001)","ThermalGenerationCost(CostCurve{LinearCurve}(LinearCurve(24.5037276, 248.251086), UnitSystem.NATURAL_UNITS = 2, LinearCurve(0.0, 0.0)), 0.0, 0.0, 0.0)",100.0,"(up = 1.0, down = 1.0)",false,OT,NATURAL_GAS,Service[],10000.0,,bus-1244,1244,"Area(0, 0.0, 0.0, 0.0, Dict{String, Any}(""I"" => """", ""ARNAME"" => """", ""PTOL"" => """", ""PDES"" => """", ""ISW"" => """"))"
gen-243,true,true,1.8280135000000002,0.0,2.150644787034809,"(min = 0.0, max = 1.828)","(min = -0.609, max = 1.133)","(up = 0.0014000000000000002, down = 0.0014000000000000002)","ThermalGenerationCost(CostCurve{LinearCurve}(LinearCurve(10.4426725, 1481.47126), UnitSystem.NATURAL_UNITS = 2, LinearCurve(0.0, 0.0)), 0.0, 0.0, 0.0)",100.0,"(up = 1.0, down = 1.0)",false,CT,NATURAL_GAS,Service[],10000.0,,bus-8018,8018,"Area(0, 0.0, 0.0, 0.0, Dict{String, Any}(""I"" => """", ""ARNAME"" => """", ""PTOL"" => """", ""PDES"" => """", ""ISW"" => """"))"
gen-1400,true,true,0.0,0.0,0.24008007955448718,"(min = 0.0, max = 0.063)","(min = -0.13699999999999998, max = 0.231666667)","(up = 0.0001, down = 0.0001)","ThermalGenerationCost(CostCurve{LinearCurve}(LinearCurve(58.907, 173.53), UnitSystem.NATURAL_UNITS = 2, LinearCurve(0.0, 0.0)), 0.0, 0.0, 0.0)",100.0,"(up = 1.0, down = 1.0)",false,OT,MUNICIPAL_WASTE,Service[],10000.0,,bus-698,698,"Area(0, 0.0, 0.0, 0.0, Dict{String, Any}(""I"" => """", ""ARNAME"" => """", ""PTOL"" => """", ""PDES"" => """", ""ISW"" => """"))"
gen-160,true,true,0.0,0.0,1.632,"(min = 0.0, max = 1.632)","(min = 0.0, max = 0.0)","(up = 5.4000000000000005e-5, down = 5.4000000000000005e-5)","ThermalGenerationCost(CostCurve{LinearCurve}(LinearCurve(22.6772275, 469.549327), UnitSystem.NATURAL_UNITS = 2, LinearCurve(0.0, 0.0)), 0.0, 0.0, 0.0)",100.0,"(up = 2.0, down = 4.0)",false,ST,NATURAL_GAS,Service[],10000.0,,bus-7747,7747,"Area(0, 0.0, 0.0, 0.0, Dict{String, Any}(""I"" => """", ""ARNAME"" => """", ""PTOL"" => """", ""PDES"" => """", ""ISW"" => """"))"
gen-629,true,true,0.10668558600000001,0.0,0.2927746573732091,"(min = 0.0, max = 0.249)","(min = -0.083, max = 0.154)","(up = 0.002475, down = 0.002475)","ThermalGenerationCost(CostCurve{LinearCurve}(LinearCurve(15.2973842, 142.358645), UnitSystem.NATURAL_UNITS = 2, LinearCurve(0.0, 0.0)), 0.0, 0.0, 0.0)",100.0,"(up = 1.0, down = 0.0)",false,GT,NATURAL_GAS,Service[],10000.0,,bus-239,239,"Area(0, 0.0, 0.0, 0.0, Dict{String, Any}(""I"" => """", ""ARNAME"" => """", ""PTOL"" => """", ""PDES"" => """", ""ISW"" => """"))"
gen-696,true,true,0.0530003898,0.0,0.25129772208023676,"(min = 0.0, max = 0.053)","(min = -0.143219355, max = 0.245645161)","(up = 0.002475, down = 0.002475)","ThermalGenerationCost(CostCurve{LinearCurve}(LinearCurve(13.502241700000003, 315.964182), UnitSystem.NATURAL_UNITS = 2, LinearCurve(0.0, 0.0)), 0.0, 0.0, 0.0)",100.0,"(up = 1.0, down = 0.0)",false,GT,NATURAL_GAS,Service[],10000.0,,bus-1123,1123,"Area(0, 0.0, 0.0, 0.0, Dict{String, Any}(""I"" => """", ""ARNAME"" => """", ""PTOL"" => """", ""PDES"" => """", ""ISW"" => """"))"
gen-1486,true,true,0.0,0.0,0.011000000000000001,"(min = 0.0, max = 0.011000000000000001)","(min = 0.0, max = 0.0)","(up = 0.0001, down = 0.0001)","ThermalGenerationCost(CostCurve{LinearCurve}(LinearCurve(24.5037276, 248.251086), UnitSystem.NATURAL_UNITS = 2, LinearCurve(0.0, 0.0)), 0.0, 0.0, 0.0)",100.0,"(up = 1.0, down = 1.0)",false,OT,NATURAL_GAS,Service[],10000.0,,bus-633,633,"Area(0, 0.0, 0.0, 0.0, Dict{String, Any}(""I"" => """", ""ARNAME"" => """", ""PTOL"" => """", ""PDES"" => """", ""ISW"" => """"))"
gen-975,true,true,0.012000088099999999,0.0,0.6157836022945795,"(min = 0.0, max = 0.012)","(min = -0.273666667, max = 0.615666667)","(up = 0.0001, down = 0.0001)","ThermalGenerationCost(CostCurve{LinearCurve}(LinearCurve(7.3428025, 22.7651352), UnitSystem.NATURAL_UNITS = 2, LinearCurve(0.0, 0.0)), 0.0, 0.0, 0.0)",100.0,"(up = 1.0, down = 1.0)",false,IC,NATURAL_GAS,Service[],10000.0,,bus-2396,2396,"Area(0, 0.0, 0.0, 0.0, Dict{String, Any}(""I"" => """", ""ARNAME"" => """", ""PTOL"" => """", ""PDES"" => """", ""ISW"" => """"))"
gen-424,true,true,0.440003245,0.0,0.4888445560707412,"(min = 0.0, max = 0.44)","(min = -0.147, max = 0.213)","(up = 0.002475, down = 0.002475)","ThermalGenerationCost(CostCurve{LinearCurve}(LinearCurve(12.9312538, 315.65224), UnitSystem.NATURAL_UNITS = 2, LinearCurve(0.0, 0.0)), 0.0, 0.0, 0.0)",100.0,"(up = 1.0, down = 0.0)",false,GT,NATURAL_GAS,Service[],10000.0,,bus-1775,1775,"Area(0, 0.0, 0.0, 0.0, Dict{String, Any}(""I"" => """", ""ARNAME"" => """", ""PTOL"" => """", ""PDES"" => """", ""ISW"" => """"))"
gen-1401,true,true,0.0,0.0,0.25435102633740025,"(min = 0.0, max = 0.105)","(min = -0.13699999999999998, max = 0.231666667)","(up = 0.0001, down = 0.0001)","ThermalGenerationCost(CostCurve{LinearCurve}(LinearCurve(58.907, 173.53), UnitSystem.NATURAL_UNITS = 2, LinearCurve(0.0, 0.0)), 0.0, 0.0, 0.0)",100.0,"(up = 1.0, down = 1.0)",false,OT,MUNICIPAL_WASTE,Service[],10000.0,,bus-698,698,"Area(0, 0.0, 0.0, 0.0, Dict{String, Any}(""I"" => """", ""ARNAME"" => """", ""PTOL"" => """", ""PDES"" => """", ""ISW"" => """"))"
gen-2112,true,true,0.0,0.0,0.018000000000000002,"(min = 0.0, max = 0.018000000000000002)","(min = 0.0, max = 0.0)","(up = 0.0001, down = 0.0001)","ThermalGenerationCost(CostCurve{LinearCurve}(LinearCurve(24.5037276, 248.251086), UnitSystem.NATURAL_UNITS = 2, LinearCurve(0.0, 0.0)), 0.0, 0.0, 0.0)",100.0,"(up = 1.0, down = 1.0)",false,OT,NATURAL_GAS,Service[],10000.0,,bus-2370,2370,"Area(0, 0.0, 0.0, 0.0, Dict{String, Any}(""I"" => """", ""ARNAME"" => """", ""PTOL"" => """", ""PDES"" => """", ""ISW"" => """"))"
gen-867,true,true,0.0,0.0,0.23184142123203283,"(min = 0.0, max = 0.009000000000000001)","(min = -0.13699999999999998, max = 0.231666667)","(up = 0.0001, down = 0.0001)","ThermalGenerationCost(CostCurve{LinearCurve}(LinearCurve(58.907, 173.53), UnitSystem.NATURAL_UNITS = 2, LinearCurve(0.0, 0.0)), 0.0, 0.0, 0.0)",100.0,"(up = 1.0, down = 1.0)",false,OT,MUNICIPAL_WASTE,Service[],10000.0,,bus-2039,2039,"Area(0, 0.0, 0.0, 0.0, Dict{String, Any}(""I"" => """", ""ARNAME"" => """", ""PTOL"" => """", ""PDES"" => """", ""ISW"" => """"))"
gen-1432,true,true,0.0,0.0,0.23167529993266198,"(min = 0.0, max = 0.002)","(min = -0.13699999999999998, max = 0.231666667)","(up = 0.0001, down = 0.0001)","ThermalGenerationCost(CostCurve{LinearCurve}(LinearCurve(58.907, 173.53), UnitSystem.NATURAL_UNITS = 2, LinearCurve(0.0, 0.0)), 0.0, 0.0, 0.0)",100.0,"(up = 1.0, down = 1.0)",false,OT,MUNICIPAL_WASTE,Service[],10000.0,,bus-1944,1944,"Area(0, 0.0, 0.0, 0.0, Dict{String, Any}(""I"" => """", ""ARNAME"" => """", ""PTOL"" => """", ""PDES"" => """", ""ISW"" => """"))"
gen-1006,true,true,0.527379789,0.0,0.7117935093831638,"(min = 0.0, max = 0.605)","(min = -0.20199999999999999, max = 0.375)","(up = 0.002475, down = 0.002475)","ThermalGenerationCost(CostCurve{LinearCurve}(LinearCurve(14.1903896, 301.04705), UnitSystem.NATURAL_UNITS = 2, LinearCurve(0.0, 0.0)), 0.0, 0.0, 0.0)",100.0,"(up = 1.0, down = 0.0)",false,GT,NATURAL_GAS,Service[],10000.0,,bus-198,198,"Area(0, 0.0, 0.0, 0.0, Dict{String, Any}(""I"" => """", ""ARNAME"" => """", ""PTOL"" => """", ""PDES"" => """", ""ISW"" => """"))"
gen-607,true,true,0.009000065889999999,0.0,0.6157324458357614,"(min = 0.0, max = 0.009000000000000001)","(min = -0.273666667, max = 0.615666667)","(up = 0.0001, down = 0.0001)","ThermalGenerationCost(CostCurve{LinearCurve}(LinearCurve(7.3428025, 22.7651352), UnitSystem.NATURAL_UNITS = 2, LinearCurve(0.0, 0.0)), 0.0, 0.0, 0.0)",100.0,"(up = 1.0, down = 1.0)",false,IC,NATURAL_GAS,Service[],10000.0,,bus-1040,1040,"Area(0, 0.0, 0.0, 0.0, Dict{String, Any}(""I"" => """", ""ARNAME"" => """", ""PTOL"" => """", ""PDES"" => """", ""ISW"" => """"))"
gen-1413,true,true,0.10311434500000001,0.0,0.6411032229153188,"(min = 0.0, max = 0.19)","(min = -0.358709497, max = 0.612301676)","(up = 0.0014000000000000002, down = 0.0014000000000000002)","ThermalGenerationCost(CostCurve{LinearCurve}(LinearCurve(16.3717119, 230.144388), UnitSystem.NATURAL_UNITS = 2, LinearCurve(0.0, 0.0)), 0.0, 0.0, 0.0)",100.0,"(up = 1.0, down = 0.0)",false,CT,NATURAL_GAS,Service[],10000.0,,bus-715,715,"Area(0, 0.0, 0.0, 0.0, Dict{String, Any}(""I"" => """", ""ARNAME"" => """", ""PTOL"" => """", ""PDES"" => """", ""ISW"" => """"))"
gen-1483,true,true,0.0,0.0,0.011000000000000001,"(min = 0.0, max = 0.011000000000000001)","(min = 0.0, max = 0.0)","(up = 0.0001, down = 0.0001)","ThermalGenerationCost(CostCurve{LinearCurve}(LinearCurve(24.5037276, 248.251086), UnitSystem.NATURAL_UNITS = 2, LinearCurve(0.0, 0.0)), 0.0, 0.0, 0.0)",100.0,"(up = 1.0, down = 1.0)",false,OT,NATURAL_GAS,Service[],10000.0,,bus-2215,2215,"Area(0, 0.0, 0.0, 0.0, Dict{String, Any}(""I"" => """", ""ARNAME"" => """", ""PTOL"" => """", ""PDES"" => """", ""ISW"" => """"))"
gen-1532,true,true,0.0,0.0,0.2361894252478059,"(min = 0.0, max = 0.046)","(min = -0.13699999999999998, max = 0.231666667)","(up = 0.0001, down = 0.0001)","ThermalGenerationCost(CostCurve{LinearCurve}(LinearCurve(58.907, 173.53), UnitSystem.NATURAL_UNITS = 2, LinearCurve(0.0, 0.0)), 0.0, 0.0, 0.0)",100.0,"(up = 1.0, down = 1.0)",false,OT,MUNICIPAL_WASTE,Service[],10000.0,,bus-8832,8832,"Area(0, 0.0, 0.0, 0.0, Dict{String, Any}(""I"" => """", ""ARNAME"" => """", ""PTOL"" => """", ""PDES"" => """", ""ISW"" => """"))"
gen-1247,true,true,0.698771615,0.0,1.0297288697141185,"(min = 0.0, max = 1.0)","(min = -0.143219355, max = 0.245645161)","(up = 0.002475, down = 0.002475)","ThermalGenerationCost(CostCurve{LinearCurve}(LinearCurve(15.1584724, 428.748492), UnitSystem.NATURAL_UNITS = 2, LinearCurve(0.0, 0.0)), 0.0, 0.0, 0.0)",100.0,"(up = 1.0, down = 1.0)",false,GT,NATURAL_GAS,Service[],10000.0,,bus-7989,7989,"Area(0, 0.0, 0.0, 0.0, Dict{String, Any}(""I"" => """", ""ARNAME"" => """", ""PTOL"" => """", ""PDES"" => """", ""ISW"" => """"))"
gen-409,true,true,0.0,0.0,0.075,"(min = 0.0, max = 0.06)","(min = -0.02, max = 0.045)","(up = 0.0001, down = 0.0001)","ThermalGenerationCost(CostCurve{LinearCurve}(LinearCurve(25.05, 57.6), UnitSystem.NATURAL_UNITS = 2, LinearCurve(0.0, 0.0)), 0.0, 0.0, 0.0)",100.0,"(up = 1.0, down = 1.0)",false,IC,RESIDUAL_FUEL_OIL,Service[],10000.0,,bus-552,552,"Area(0, 0.0, 0.0, 0.0, Dict{String, Any}(""I"" => """", ""ARNAME"" => """", ""PTOL"" => """", ""PDES"" => """", ""ISW"" => """"))"
gen-978,true,true,0.012000088099999999,0.0,0.6157836022945795,"(min = 0.0, max = 0.012)","(min = -0.273666667, max = 0.615666667)","(up = 0.0001, down = 0.0001)","ThermalGenerationCost(CostCurve{LinearCurve}(LinearCurve(7.3428025, 22.7651352), UnitSystem.NATURAL_UNITS = 2, LinearCurve(0.0, 0.0)), 0.0, 0.0, 0.0)",100.0,"(up = 1.0, down = 1.0)",false,IC,NATURAL_GAS,Service[],10000.0,,bus-2396,2396,"Area(0, 0.0, 0.0, 0.0, Dict{String, Any}(""I"" => """", ""ARNAME"" => """", ""PTOL"" => """", ""PDES"" => """", ""ISW"" => """"))"
gen-1381,true,true,1.0390069800000001,0.0,1.2059993127827269,"(min = 0.0, max = 1.0390000000000001)","(min = -0.358709497, max = 0.612301676)","(up = 0.0014000000000000002, down = 0.0014000000000000002)","ThermalGenerationCost(CostCurve{LinearCurve}(LinearCurve(15.4487339, 1271.58487), UnitSystem.NATURAL_UNITS = 2, LinearCurve(0.0, 0.0)), 0.0, 0.0, 0.0)",100.0,"(up = 1.0, down = 1.0)",false,CT,NATURAL_GAS,Service[],10000.0,,bus-1787,1787,"Area(0, 0.0, 0.0, 0.0, Dict{String, Any}(""I"" => """", ""ARNAME"" => """", ""PTOL"" => """", ""PDES"" => """", ""ISW"" => """"))"
gen-445,true,true,0.0,0.0,0.13923002549737612,"(min = 0.0, max = 0.008)","(min = -0.095, max = 0.139)","(up = 2.64e-5, down = 2.64e-5)","ThermalGenerationCost(CostCurve{LinearCurve}(LinearCurve(22.409643000000003, 554.685123), UnitSystem.NATURAL_UNITS = 2, LinearCurve(0.0, 0.0)), 0.0, 0.0, 0.0)",100.0,"(up = 12.0, down = 6.0)",false,ST,MUNICIPAL_WASTE,Service[],10000.0,,bus-1056,1056,"Area(0, 0.0, 0.0, 0.0, Dict{String, Any}(""I"" => """", ""ARNAME"" => """", ""PTOL"" => """", ""PDES"" => """", ""ISW"" => """"))"
gen-1716,true,true,0.0,0.0,0.01,"(min = 0.0, max = 0.01)","(min = 0.0, max = 0.0)","(up = 0.0001, down = 0.0001)","ThermalGenerationCost(CostCurve{LinearCurve}(LinearCurve(24.5037276, 248.251086), UnitSystem.NATURAL_UNITS = 2, LinearCurve(0.0, 0.0)), 0.0, 0.0, 0.0)",100.0,"(up = 1.0, down = 1.0)",false,OT,NATURAL_GAS,Service[],10000.0,,bus-8572,8572,"Area(0, 0.0, 0.0, 0.0, Dict{String, Any}(""I"" => """", ""ARNAME"" => """", ""PTOL"" => """", ""PDES"" => """", ""ISW"" => """"))"
gen-671,true,true,0.0340002494,0.0,0.24798698579303696,"(min = 0.0, max = 0.034)","(min = -0.143219355, max = 0.245645161)","(up = 0.002475, down = 0.002475)","ThermalGenerationCost(CostCurve{LinearCurve}(LinearCurve(13.502241700000003, 315.964182), UnitSystem.NATURAL_UNITS = 2, LinearCurve(0.0, 0.0)), 0.0, 0.0, 0.0)",100.0,"(up = 1.0, down = 0.0)",false,GT,NATURAL_GAS,Service[],10000.0,,bus-1920,1920,"Area(0, 0.0, 0.0, 0.0, Dict{String, Any}(""I"" => """", ""ARNAME"" => """", ""PTOL"" => """", ""PDES"" => """", ""ISW"" => """"))"
gen-769,true,true,0.00800005847,0.0,0.6157186409837604,"(min = 0.0, max = 0.008)","(min = -0.273666667, max = 0.615666667)","(up = 0.0001, down = 0.0001)","ThermalGenerationCost(CostCurve{LinearCurve}(LinearCurve(7.3428025, 22.7651352), UnitSystem.NATURAL_UNITS = 2, LinearCurve(0.0, 0.0)), 0.0, 0.0, 0.0)",100.0,"(up = 1.0, down = 1.0)",false,IC,NATURAL_GAS,Service[],10000.0,,bus-1116,1116,"Area(0, 0.0, 0.0, 0.0, Dict{String, Any}(""I"" => """", ""ARNAME"" => """", ""PTOL"" => """", ""PDES"" => """", ""ISW"" => """"))"
gen-983,true,true,0.0800005781,0.0,0.32403086272761117,"(min = 0.0, max = 0.08)","(min = -0.163, max = 0.314)","(up = 0.0014000000000000002, down = 0.0014000000000000002)","ThermalGenerationCost(CostCurve{LinearCurve}(LinearCurve(16.3717118, 521.657969), UnitSystem.NATURAL_UNITS = 2, LinearCurve(0.0, 0.0)), 0.0, 0.0, 0.0)",100.0,"(up = 1.0, down = 0.0)",false,CT,NATURAL_GAS,Service[],10000.0,,bus-2022,2022,"Area(0, 0.0, 0.0, 0.0, Dict{String, Any}(""I"" => """", ""ARNAME"" => """", ""PTOL"" => """", ""PDES"" => """", ""ISW"" => """"))"
gen-668,true,true,0.24400180200000002,0.0,0.2710350530835449,"(min = 0.0, max = 0.244)","(min = -0.081, max = 0.11800000000000001)","(up = 0.0014000000000000002, down = 0.0014000000000000002)","ThermalGenerationCost(CostCurve{LinearCurve}(LinearCurve(9.17539209, 365.028494), UnitSystem.NATURAL_UNITS = 2, LinearCurve(0.0, 0.0)), 0.0, 0.0, 0.0)",100.0,"(up = 1.0, down = 0.0)",false,CT,NATURAL_GAS,Service[],10000.0,,bus-1533,1533,"Area(0, 0.0, 0.0, 0.0, Dict{String, Any}(""I"" => """", ""ARNAME"" => """", ""PTOL"" => """", ""PDES"" => """", ""ISW"" => """"))"
gen-1219,true,true,0.0,0.0,0.13900359707575918,"(min = 0.0, max = 0.001)","(min = -0.095, max = 0.139)","(up = 2.64e-5, down = 2.64e-5)","ThermalGenerationCost(CostCurve{LinearCurve}(LinearCurve(22.409643000000003, 554.685123), UnitSystem.NATURAL_UNITS = 2, LinearCurve(0.0, 0.0)), 0.0, 0.0, 0.0)",100.0,"(up = 12.0, down = 6.0)",false,ST,MUNICIPAL_WASTE,Service[],10000.0,,bus-426,426,"Area(0, 0.0, 0.0, 0.0, Dict{String, Any}(""I"" => """", ""ARNAME"" => """", ""PTOL"" => """", ""PDES"" => """", ""ISW"" => """"))"
gen-868,true,true,0.0,0.0,0.23360103723846964,"(min = 0.0, max = 0.03)","(min = -0.13699999999999998, max = 0.231666667)","(up = 0.0001, down = 0.0001)","ThermalGenerationCost(CostCurve{LinearCurve}(LinearCurve(58.907, 173.53), UnitSystem.NATURAL_UNITS = 2, LinearCurve(0.0, 0.0)), 0.0, 0.0, 0.0)",100.0,"(up = 1.0, down = 1.0)",false,OT,MUNICIPAL_WASTE,Service[],10000.0,,bus-2209,2209,"Area(0, 0.0, 0.0, 0.0, Dict{String, Any}(""I"" => """", ""ARNAME"" => """", ""PTOL"" => """", ""PDES"" => """", ""ISW"" => """"))"
gen-407,true,true,0.550004063,0.0,0.6393559259129457,"(min = 0.0, max = 0.55)","(min = -0.183, max = 0.326)","(up = 0.0001, down = 0.0001)","ThermalGenerationCost(CostCurve{LinearCurve}(LinearCurve(0.0, 0.0), UnitSystem.NATURAL_UNITS = 2, LinearCurve(0.0, 0.0)), 0.0, 0.0, 0.0)",100.0,"(up = 1000.0, down = 300.0)",false,OT,GEOTHERMAL,Service[],10000.0,,bus-1762,1762,"Area(0, 0.0, 0.0, 0.0, Dict{String, Any}(""I"" => """", ""ARNAME"" => """", ""PTOL"" => """", ""PDES"" => """", ""ISW"" => """"))"
gen-227,true,true,0.66971731,0.0,1.109533931487774,"(min = 0.0, max = 1.082)","(min = -0.143219355, max = 0.245645161)","(up = 0.002475, down = 0.002475)","ThermalGenerationCost(CostCurve{LinearCurve}(LinearCurve(16.8059313, 372.365163), UnitSystem.NATURAL_UNITS = 2, LinearCurve(0.0, 0.0)), 0.0, 0.0, 0.0)",100.0,"(up = 1.0, down = 1.0)",false,GT,NATURAL_GAS,Service[],10000.0,,bus-2401,2401,"Area(0, 0.0, 0.0, 0.0, Dict{String, Any}(""I"" => """", ""ARNAME"" => """", ""PTOL"" => """", ""PDES"" => """", ""ISW"" => """"))"
gen-142,true,true,0.0,0.0,2.18,"(min = 0.0, max = 2.18)","(min = 0.0, max = 0.0)","(up = 5.4000000000000005e-5, down = 5.4000000000000005e-5)","ThermalGenerationCost(CostCurve{LinearCurve}(LinearCurve(21.909000000000002, 600.51), UnitSystem.NATURAL_UNITS = 2, LinearCurve(0.0, 0.0)), 0.0, 0.0, 0.0)",100.0,"(up = 2.0, down = 4.0)",false,ST,NATURAL_GAS,Service[],10000.0,,bus-8343,8343,"Area(0, 0.0, 0.0, 0.0, Dict{String, Any}(""I"" => """", ""ARNAME"" => """", ""PTOL"" => """", ""PDES"" => """", ""ISW"" => """"))"
gen-586,true,true,0.387002855,0.0,0.4553778650747092,"(min = 0.0, max = 0.387)","(min = -0.129, max = 0.24)","(up = 0.002475, down = 0.002475)","ThermalGenerationCost(CostCurve{LinearCurve}(LinearCurve(12.996741, 279.525684), UnitSystem.NATURAL_UNITS = 2, LinearCurve(0.0, 0.0)), 0.0, 0.0, 0.0)",100.0,"(up = 1.0, down = 0.0)",false,GT,NATURAL_GAS,Service[],10000.0,,bus-270,270,"Area(0, 0.0, 0.0, 0.0, Dict{String, Any}(""I"" => """", ""ARNAME"" => """", ""PTOL"" => """", ""PDES"" => """", ""ISW"" => """"))"
gen-918,true,true,0.0590004347,0.0,0.0742024258363566,"(min = 0.0, max = 0.059000000000000004)","(min = -0.02, max = 0.045)","(up = 0.002475, down = 0.002475)","ThermalGenerationCost(CostCurve{LinearCurve}(LinearCurve(11.6879263, 241.314681), UnitSystem.NATURAL_UNITS = 2, LinearCurve(0.0, 0.0)), 0.0, 0.0, 0.0)",100.0,"(up = 1.0, down = 0.0)",false,GT,NATURAL_GAS,Service[],10000.0,,bus-552,552,"Area(0, 0.0, 0.0, 0.0, Dict{String, Any}(""I"" => """", ""ARNAME"" => """", ""PTOL"" => """", ""PDES"" => """", ""ISW"" => """"))"
gen-1453,true,true,0.048000351,0.0,0.6141802198316133,"(min = 0.0, max = 0.048)","(min = -0.358709497, max = 0.612301676)","(up = 0.0014000000000000002, down = 0.0014000000000000002)","ThermalGenerationCost(CostCurve{LinearCurve}(LinearCurve(15.236961, 1547.8861), UnitSystem.NATURAL_UNITS = 2, LinearCurve(0.0, 0.0)), 0.0, 0.0, 0.0)",100.0,"(up = 1.0, down = 0.0)",false,CT,NATURAL_GAS,Service[],10000.0,,bus-2324,2324,"Area(0, 0.0, 0.0, 0.0, Dict{String, Any}(""I"" => """", ""ARNAME"" => """", ""PTOL"" => """", ""PDES"" => """", ""ISW"" => """"))"
gen-1024,true,true,0.160001182,0.0,0.2,"(min = 0.0, max = 0.16)","(min = -0.05325, max = 0.12)","(up = 0.0001, down = 0.0001)","ThermalGenerationCost(CostCurve{LinearCurve}(LinearCurve(0.0, 0.0), UnitSystem.NATURAL_UNITS = 2, LinearCurve(0.0, 0.0)), 0.0, 0.0, 0.0)",100.0,"(up = 1000.0, down = 300.0)",false,OT,GEOTHERMAL,Service[],10000.0,,bus-181,181,"Area(0, 0.0, 0.0, 0.0, Dict{String, Any}(""I"" => """", ""ARNAME"" => """", ""PTOL"" => """", ""PDES"" => """", ""ISW"" => """"))"
gen-2050,true,true,0.0,0.0,0.027999999999999997,"(min = 0.0, max = 0.027999999999999997)","(min = 0.0, max = 0.0)","(up = 0.0001, down = 0.0001)","ThermalGenerationCost(CostCurve{LinearCurve}(LinearCurve(24.5037276, 248.251086), UnitSystem.NATURAL_UNITS = 2, LinearCurve(0.0, 0.0)), 0.0, 0.0, 0.0)",100.0,"(up = 1.0, down = 1.0)",false,OT,NATURAL_GAS,Service[],10000.0,,bus-1811,1811,"Area(0, 0.0, 0.0, 0.0, Dict{String, Any}(""I"" => """", ""ARNAME"" => """", ""PTOL"" => """", ""PDES"" => """", ""ISW"" => """"))"
gen-449,true,true,0.900006648,0.0,0.9,"(min = 0.0, max = 0.9)","(min = 0.0, max = 0.0)","(up = 0.0014000000000000002, down = 0.0014000000000000002)","ThermalGenerationCost(CostCurve{LinearCurve}(LinearCurve(9.8240635, 1683.4498), UnitSystem.NATURAL_UNITS = 2, LinearCurve(0.0, 0.0)), 0.0, 0.0, 0.0)",100.0,"(up = 1.0, down = 0.0)",false,CT,NATURAL_GAS,Service[],10000.0,,bus-1821,1821,"Area(0, 0.0, 0.0, 0.0, Dict{String, Any}(""I"" => """", ""ARNAME"" => """", ""PTOL"" => """", ""PDES"" => """", ""ISW"" => """"))"
gen-1232,true,true,0.698771615,0.0,1.0297288697141185,"(min = 0.0, max = 1.0)","(min = -0.143219355, max = 0.245645161)","(up = 0.002475, down = 0.002475)","ThermalGenerationCost(CostCurve{LinearCurve}(LinearCurve(15.1584724, 428.748492), UnitSystem.NATURAL_UNITS = 2, LinearCurve(0.0, 0.0)), 0.0, 0.0, 0.0)",100.0,"(up = 1.0, down = 1.0)",false,GT,NATURAL_GAS,Service[],10000.0,,bus-1855,1855,"Area(0, 0.0, 0.0, 0.0, Dict{String, Any}(""I"" => """", ""ARNAME"" => """", ""PTOL"" => """", ""PDES"" => """", ""ISW"" => """"))"
gen-546,true,true,0.0,0.0,0.3740761954468635,"(min = 0.0, max = 0.318)","(min = -0.106, max = 0.19699999999999998)","(up = 2.64e-5, down = 2.64e-5)","ThermalGenerationCost(CostCurve{LinearCurve}(LinearCurve(34.6946136, 199.073235), UnitSystem.NATURAL_UNITS = 2, LinearCurve(0.0, 0.0)), 0.0, 0.0, 0.0)",100.0,"(up = 12.0, down = 6.0)",false,ST,WOOD_WASTE_SOLIDS,Service[],10000.0,,bus-304,304,"Area(0, 0.0, 0.0, 0.0, Dict{String, Any}(""I"" => """", ""ARNAME"" => """", ""PTOL"" => """", ""PDES"" => """", ""ISW"" => """"))"
gen-951,true,true,0.0290002138,0.0,0.03625,"(min = 0.0, max = 0.028999999999999998)","(min = -0.0096875, max = 0.02175)","(up = 0.0001, down = 0.0001)","ThermalGenerationCost(CostCurve{LinearCurve}(LinearCurve(6.603144, 23.06084), UnitSystem.NATURAL_UNITS = 2, LinearCurve(0.0, 0.0)), 0.0, 0.0, 0.0)",100.0,"(up = 1.0, down = 1.0)",false,IC,NATURAL_GAS,Service[],10000.0,,bus-1399,1399,"Area(0, 0.0, 0.0, 0.0, Dict{String, Any}(""I"" => """", ""ARNAME"" => """", ""PTOL"" => """", ""PDES"" => """", ""ISW"" => """"))"
gen-625,true,true,0.0,0.0,0.14089002803605374,"(min = 0.0, max = 0.023)","(min = -0.095, max = 0.139)","(up = 2.64e-5, down = 2.64e-5)","ThermalGenerationCost(CostCurve{LinearCurve}(LinearCurve(22.409643000000003, 554.685123), UnitSystem.NATURAL_UNITS = 2, LinearCurve(0.0, 0.0)), 0.0, 0.0, 0.0)",100.0,"(up = 12.0, down = 6.0)",false,ST,MUNICIPAL_WASTE,Service[],10000.0,,bus-1522,1522,"Area(0, 0.0, 0.0, 0.0, Dict{String, Any}(""I"" => """", ""ARNAME"" => """", ""PTOL"" => """", ""PDES"" => """", ""ISW"" => """"))"
gen-1235,true,true,0.499003641,0.0,0.5561857110019242,"(min = 0.0, max = 0.499)","(min = -0.143219355, max = 0.245645161)","(up = 0.002475, down = 0.002475)","ThermalGenerationCost(CostCurve{LinearCurve}(LinearCurve(14.5116537, 283.573452), UnitSystem.NATURAL_UNITS = 2, LinearCurve(0.0, 0.0)), 0.0, 0.0, 0.0)",100.0,"(up = 1.0, down = 0.0)",false,GT,NATURAL_GAS,Service[],10000.0,,bus-2245,2245,"Area(0, 0.0, 0.0, 0.0, Dict{String, Any}(""I"" => """", ""ARNAME"" => """", ""PTOL"" => """", ""PDES"" => """", ""ISW"" => """"))"
gen-215,true,true,0.511553026,0.0,0.7117935093831638,"(min = 0.0, max = 0.605)","(min = -0.20199999999999999, max = 0.375)","(up = 0.002475, down = 0.002475)","ThermalGenerationCost(CostCurve{LinearCurve}(LinearCurve(14.447975700000002, 299.144996), UnitSystem.NATURAL_UNITS = 2, LinearCurve(0.0, 0.0)), 0.0, 0.0, 0.0)",100.0,"(up = 1.0, down = 0.0)",false,GT,NATURAL_GAS,Service[],10000.0,,bus-346,346,"Area(0, 0.0, 0.0, 0.0, Dict{String, Any}(""I"" => """", ""ARNAME"" => """", ""PTOL"" => """", ""PDES"" => """", ""ISW"" => """"))"
gen-107,true,true,0.0,0.0,3.1,"(min = 0.0, max = 3.1)","(min = 0.0, max = 0.0)","(up = 5.4000000000000005e-5, down = 5.4000000000000005e-5)","ThermalGenerationCost(CostCurve{LinearCurve}(LinearCurve(21.363000000000003, 796.7), UnitSystem.NATURAL_UNITS = 2, LinearCurve(0.0, 0.0)), 0.0, 0.0, 0.0)",100.0,"(up = 2.0, down = 4.0)",false,ST,NATURAL_GAS,Service[],10000.0,,bus-8113,8113,"Area(0, 0.0, 0.0, 0.0, Dict{String, Any}(""I"" => """", ""ARNAME"" => """", ""PTOL"" => """", ""PDES"" => """", ""ISW"" => """"))"
gen-773,true,true,0.050000367700000006,0.0,0.2506821595620955,"(min = 0.0, max = 0.05)","(min = -0.143219355, max = 0.245645161)","(up = 0.002475, down = 0.002475)","ThermalGenerationCost(CostCurve{LinearCurve}(LinearCurve(13.502241700000003, 315.964182), UnitSystem.NATURAL_UNITS = 2, LinearCurve(0.0, 0.0)), 0.0, 0.0, 0.0)",100.0,"(up = 1.0, down = 0.0)",false,GT,NATURAL_GAS,Service[],10000.0,,bus-1675,1675,"Area(0, 0.0, 0.0, 0.0, Dict{String, Any}(""I"" => """", ""ARNAME"" => """", ""PTOL"" => """", ""PDES"" => """", ""ISW"" => """"))"
gen-881,true,true,1.26100931,0.0,1.4017968263740679,"(min = 0.0, max = 1.261)","(min = -0.358709497, max = 0.612301676)","(up = 0.0014000000000000002, down = 0.0014000000000000002)","ThermalGenerationCost(CostCurve{LinearCurve}(LinearCurve(13.471932000000002, 874.243191), UnitSystem.NATURAL_UNITS = 2, LinearCurve(0.0, 0.0)), 0.0, 0.0, 0.0)",100.0,"(up = 1.0, down = 1.0)",false,CT,NATURAL_GAS,Service[],10000.0,,bus-2300,2300,"Area(0, 0.0, 0.0, 0.0, Dict{String, Any}(""I"" => """", ""ARNAME"" => """", ""PTOL"" => """", ""PDES"" => """", ""ISW"" => """"))"
gen-593,true,true,0.0950007018,0.0,0.16200083810467553,"(min = 0.0, max = 0.095)","(min = -0.0760444444, max = 0.131222222)","(up = 0.0001, down = 0.0001)","ThermalGenerationCost(CostCurve{LinearCurve}(LinearCurve(0.0, 0.0), UnitSystem.NATURAL_UNITS = 2, LinearCurve(0.0, 0.0)), 0.0, 0.0, 0.0)",100.0,"(up = 1000.0, down = 300.0)",false,OT,GEOTHERMAL,Service[],10000.0,,bus-1709,1709,"Area(0, 0.0, 0.0, 0.0, Dict{String, Any}(""I"" => """", ""ARNAME"" => """", ""PTOL"" => """", ""PDES"" => """", ""ISW"" => """"))"
gen-667,true,true,0.0,0.0,0.14123030836190936,"(min = 0.0, max = 0.025)","(min = -0.095, max = 0.139)","(up = 2.64e-5, down = 2.64e-5)","ThermalGenerationCost(CostCurve{LinearCurve}(LinearCurve(22.409643000000003, 554.685123), UnitSystem.NATURAL_UNITS = 2, LinearCurve(0.0, 0.0)), 0.0, 0.0, 0.0)",100.0,"(up = 12.0, down = 6.0)",false,ST,MUNICIPAL_WASTE,Service[],10000.0,,bus-713,713,"Area(0, 0.0, 0.0, 0.0, Dict{String, Any}(""I"" => """", ""ARNAME"" => """", ""PTOL"" => """", ""PDES"" => """", ""ISW"" => """"))"
gen-1074,true,true,0.0,0.0,0.2361894252478059,"(min = 0.0, max = 0.046)","(min = -0.13699999999999998, max = 0.231666667)","(up = 0.0001, down = 0.0001)","ThermalGenerationCost(CostCurve{LinearCurve}(LinearCurve(58.907, 173.53), UnitSystem.NATURAL_UNITS = 2, LinearCurve(0.0, 0.0)), 0.0, 0.0, 0.0)",100.0,"(up = 1.0, down = 1.0)",false,OT,MUNICIPAL_WASTE,Service[],10000.0,,bus-461,461,"Area(0, 0.0, 0.0, 0.0, Dict{String, Any}(""I"" => """", ""ARNAME"" => """", ""PTOL"" => """", ""PDES"" => """", ""ISW"" => """"))"
gen-1769,true,true,0.0,0.0,0.23414833887706504,"(min = 0.0, max = 0.034)","(min = -0.13699999999999998, max = 0.231666667)","(up = 0.0001, down = 0.0001)","ThermalGenerationCost(CostCurve{LinearCurve}(LinearCurve(58.907, 173.53), UnitSystem.NATURAL_UNITS = 2, LinearCurve(0.0, 0.0)), 0.0, 0.0, 0.0)",100.0,"(up = 1.0, down = 1.0)",false,OT,MUNICIPAL_WASTE,Service[],10000.0,,bus-692,692,"Area(0, 0.0, 0.0, 0.0, Dict{String, Any}(""I"" => """", ""ARNAME"" => """", ""PTOL"" => """", ""PDES"" => """", ""ISW"" => """"))"
gen-689,true,true,0.0550003923,0.0,0.18534832073693033,"(min = 0.0, max = 0.055)","(min = -0.095, max = 0.177)","(up = 0.0014000000000000002, down = 0.0014000000000000002)","ThermalGenerationCost(CostCurve{LinearCurve}(LinearCurve(16.3717118, 326.812559), UnitSystem.NATURAL_UNITS = 2, LinearCurve(0.0, 0.0)), 0.0, 0.0, 0.0)",100.0,"(up = 1.0, down = 0.0)",false,CT,NATURAL_GAS,Service[],10000.0,,bus-2136,2136,"Area(0, 0.0, 0.0, 0.0, Dict{String, Any}(""I"" => """", ""ARNAME"" => """", ""PTOL"" => """", ""PDES"" => """", ""ISW"" => """"))"
gen-800,true,true,0.412003042,0.0,0.45797816541839637,"(min = 0.0, max = 0.41200000000000003)","(min = -0.13699999999999998, max = 0.2)","(up = 0.0014000000000000002, down = 0.0014000000000000002)","ThermalGenerationCost(CostCurve{LinearCurve}(LinearCurve(8.86336251, 572.947107), UnitSystem.NATURAL_UNITS = 2, LinearCurve(0.0, 0.0)), 0.0, 0.0, 0.0)",100.0,"(up = 1.0, down = 0.0)",false,CT,NATURAL_GAS,Service[],10000.0,,bus-1519,1519,"Area(0, 0.0, 0.0, 0.0, Dict{String, Any}(""I"" => """", ""ARNAME"" => """", ""PTOL"" => """", ""PDES"" => """", ""ISW"" => """"))"
gen-550,true,true,0.300002216,0.0,0.3332041416309227,"(min = 0.0, max = 0.3)","(min = -0.1, max = 0.145)","(up = 0.0001, down = 0.0001)","ThermalGenerationCost(CostCurve{LinearCurve}(LinearCurve(0.0, 0.0), UnitSystem.NATURAL_UNITS = 2, LinearCurve(0.0, 0.0)), 0.0, 0.0, 0.0)",100.0,"(up = 1000.0, down = 300.0)",false,OT,GEOTHERMAL,Service[],10000.0,,bus-1656,1656,"Area(0, 0.0, 0.0, 0.0, Dict{String, Any}(""I"" => """", ""ARNAME"" => """", ""PTOL"" => """", ""PDES"" => """", ""ISW"" => """"))"
gen-47,true,true,0.16700123300000003,0.0,0.2087333343829329,"(min = 0.0, max = 0.16699999999999998)","(min = -0.0556666667, max = 0.125222222)","(up = 0.0001, down = 0.0001)","ThermalGenerationCost(CostCurve{LinearCurve}(LinearCurve(6.603145, 74.6992503), UnitSystem.NATURAL_UNITS = 2, LinearCurve(0.0, 0.0)), 0.0, 0.0, 0.0)",100.0,"(up = 1.0, down = 1.0)",false,IC,NATURAL_GAS,Service[],10000.0,,bus-170,170,"Area(0, 0.0, 0.0, 0.0, Dict{String, Any}(""I"" => """", ""ARNAME"" => """", ""PTOL"" => """", ""PDES"" => """", ""ISW"" => """"))"
gen-849,true,true,0.524961268,0.0,0.7117935093831638,"(min = 0.0, max = 0.605)","(min = -0.20199999999999999, max = 0.375)","(up = 0.002475, down = 0.002475)","ThermalGenerationCost(CostCurve{LinearCurve}(LinearCurve(14.2855789, 300.276944), UnitSystem.NATURAL_UNITS = 2, LinearCurve(0.0, 0.0)), 0.0, 0.0, 0.0)",100.0,"(up = 1.0, down = 0.0)",false,GT,NATURAL_GAS,Service[],10000.0,,bus-8461,8461,"Area(0, 0.0, 0.0, 0.0, Dict{String, Any}(""I"" => """", ""ARNAME"" => """", ""PTOL"" => """", ""PDES"" => """", ""ISW"" => """"))"
gen-1222,true,true,0.0,0.0,0.13900359707575918,"(min = 0.0, max = 0.001)","(min = -0.095, max = 0.139)","(up = 2.64e-5, down = 2.64e-5)","ThermalGenerationCost(CostCurve{LinearCurve}(LinearCurve(22.409643000000003, 554.685123), UnitSystem.NATURAL_UNITS = 2, LinearCurve(0.0, 0.0)), 0.0, 0.0, 0.0)",100.0,"(up = 12.0, down = 6.0)",false,ST,MUNICIPAL_WASTE,Service[],10000.0,,bus-426,426,"Area(0, 0.0, 0.0, 0.0, Dict{String, Any}(""I"" => """", ""ARNAME"" => """", ""PTOL"" => """", ""PDES"" => """", ""ISW"" => """"))"
gen-157,true,true,0.0,0.0,9.482279525514949,"(min = 0.0, max = 8.06)","(min = -2.687, max = 4.995)","(up = 5.4000000000000005e-5, down = 5.4000000000000005e-5)","ThermalGenerationCost(CostCurve{LinearCurve}(LinearCurve(19.79, 2076.3), UnitSystem.NATURAL_UNITS = 2, LinearCurve(0.0, 0.0)), 0.0, 0.0, 0.0)",100.0,"(up = 2.0, down = 4.0)",false,ST,NATURAL_GAS,Service[],10000.0,,bus-1483,1483,"Area(0, 0.0, 0.0, 0.0, Dict{String, Any}(""I"" => """", ""ARNAME"" => """", ""PTOL"" => """", ""PDES"" => """", ""ISW"" => """"))"
gen-427,true,true,0.0,0.0,0.2927746573732091,"(min = 0.0, max = 0.249)","(min = -0.083, max = 0.154)","(up = 0.002475, down = 0.002475)","ThermalGenerationCost(CostCurve{LinearCurve}(LinearCurve(48.2276671, 546.49488), UnitSystem.NATURAL_UNITS = 2, LinearCurve(0.0, 0.0)), 0.0, 0.0, 0.0)",100.0,"(up = 1.0, down = 0.0)",false,GT,NATURAL_GAS,Service[],10000.0,,bus-8495,8495,"Area(0, 0.0, 0.0, 0.0, Dict{String, Any}(""I"" => """", ""ARNAME"" => """", ""PTOL"" => """", ""PDES"" => """", ""ISW"" => """"))"
gen-1270,true,true,0.021000154700000002,0.0,0.6160247112372107,"(min = 0.0, max = 0.021)","(min = -0.273666667, max = 0.615666667)","(up = 0.0001, down = 0.0001)","ThermalGenerationCost(CostCurve{LinearCurve}(LinearCurve(6.603144, 23.06084), UnitSystem.NATURAL_UNITS = 2, LinearCurve(0.0, 0.0)), 0.0, 0.0, 0.0)",100.0,"(up = 1.0, down = 1.0)",false,IC,NATURAL_GAS,Service[],10000.0,,bus-2304,2304,"Area(0, 0.0, 0.0, 0.0, Dict{String, Any}(""I"" => """", ""ARNAME"" => """", ""PTOL"" => """", ""PDES"" => """", ""ISW"" => """"))"
gen-754,true,true,0.490003588,0.0,0.5443059801251499,"(min = 0.0, max = 0.49)","(min = -0.163, max = 0.237)","(up = 0.002475, down = 0.002475)","ThermalGenerationCost(CostCurve{LinearCurve}(LinearCurve(14.6476945, 281.665712), UnitSystem.NATURAL_UNITS = 2, LinearCurve(0.0, 0.0)), 0.0, 0.0, 0.0)",100.0,"(up = 1.0, down = 0.0)",false,GT,NATURAL_GAS,Service[],10000.0,,bus-1753,1753,"Area(0, 0.0, 0.0, 0.0, Dict{String, Any}(""I"" => """", ""ARNAME"" => """", ""PTOL"" => """", ""PDES"" => """", ""ISW"" => """"))"
gen-965,true,true,0.53000247,0.0,0.6232848465990489,"(min = 0.0, max = 0.53)","(min = -0.177, max = 0.32799999999999996)","(up = 0.002475, down = 0.002475)","ThermalGenerationCost(CostCurve{LinearCurve}(LinearCurve(14.5098437, 284.095812), UnitSystem.NATURAL_UNITS = 2, LinearCurve(0.0, 0.0)), 0.0, 0.0, 0.0)",100.0,"(up = 1.0, down = 0.0)",false,GT,NATURAL_GAS,Service[],10000.0,,bus-1878,1878,"Area(0, 0.0, 0.0, 0.0, Dict{String, Any}(""I"" => """", ""ARNAME"" => """", ""PTOL"" => """", ""PDES"" => """", ""ISW"" => """"))"
gen-1004,true,true,1.8150134,0.0,2.1353805281494913,"(min = 0.0, max = 1.815)","(min = -0.605, max = 1.125)","(up = 0.0014000000000000002, down = 0.0014000000000000002)","ThermalGenerationCost(CostCurve{LinearCurve}(LinearCurve(10.0233692, 1269.56348), UnitSystem.NATURAL_UNITS = 2, LinearCurve(0.0, 0.0)), 0.0, 0.0, 0.0)",100.0,"(up = 1.0, down = 1.0)",false,CT,NATURAL_GAS,Service[],10000.0,,bus-2107,2107,"Area(0, 0.0, 0.0, 0.0, Dict{String, Any}(""I"" => """", ""ARNAME"" => """", ""PTOL"" => """", ""PDES"" => """", ""ISW"" => """"))"
gen-1542,true,true,0.0440003246,0.0,0.6172369438512967,"(min = 0.0, max = 0.044000000000000004)","(min = -0.273666667, max = 0.615666667)","(up = 0.0001, down = 0.0001)","ThermalGenerationCost(CostCurve{LinearCurve}(LinearCurve(6.603145, 74.6992503), UnitSystem.NATURAL_UNITS = 2, LinearCurve(0.0, 0.0)), 0.0, 0.0, 0.0)",100.0,"(up = 1.0, down = 1.0)",false,IC,NATURAL_GAS,Service[],10000.0,,bus-1458,1458,"Area(0, 0.0, 0.0, 0.0, Dict{String, Any}(""I"" => """", ""ARNAME"" => """", ""PTOL"" => """", ""PDES"" => """", ""ISW"" => """"))"
gen-548,true,true,0.32200237899999995,0.0,0.35779882615794034,"(min = 0.0, max = 0.322)","(min = -0.107, max = 0.156)","(up = 0.0001, down = 0.0001)","ThermalGenerationCost(CostCurve{LinearCurve}(LinearCurve(0.0, 0.0), UnitSystem.NATURAL_UNITS = 2, LinearCurve(0.0, 0.0)), 0.0, 0.0, 0.0)",100.0,"(up = 1000.0, down = 300.0)",false,OT,GEOTHERMAL,Service[],10000.0,,bus-1656,1656,"Area(0, 0.0, 0.0, 0.0, Dict{String, Any}(""I"" => """", ""ARNAME"" => """", ""PTOL"" => """", ""PDES"" => """", ""ISW"" => """"))"
gen-1814,true,true,0.0,0.0,0.13970325694127536,"(min = 0.0, max = 0.013999999999999999)","(min = -0.095, max = 0.139)","(up = 2.64e-5, down = 2.64e-5)","ThermalGenerationCost(CostCurve{LinearCurve}(LinearCurve(22.409643000000003, 554.685123), UnitSystem.NATURAL_UNITS = 2, LinearCurve(0.0, 0.0)), 0.0, 0.0, 0.0)",100.0,"(up = 12.0, down = 6.0)",false,ST,MUNICIPAL_WASTE,Service[],10000.0,,bus-1861,1861,"Area(0, 0.0, 0.0, 0.0, Dict{String, Any}(""I"" => """", ""ARNAME"" => """", ""PTOL"" => """", ""PDES"" => """", ""ISW"" => """"))"
gen-62,true,true,1.8182405,0.0,2.7411742009584144,"(min = 0.0, max = 2.33)","(min = -0.777, max = 1.444)","(up = 0.0014000000000000002, down = 0.0014000000000000002)","ThermalGenerationCost(CostCurve{LinearCurve}(LinearCurve(13.4742144, 878.874372), UnitSystem.NATURAL_UNITS = 2, LinearCurve(0.0, 0.0)), 0.0, 0.0, 0.0)",100.0,"(up = 1.0, down = 1.0)",false,CT,NATURAL_GAS,Service[],10000.0,,bus-7971,7971,"Area(0, 0.0, 0.0, 0.0, Dict{String, Any}(""I"" => """", ""ARNAME"" => """", ""PTOL"" => """", ""PDES"" => """", ""ISW"" => """"))"
gen-923,true,true,1.40561158,0.0,2.2197589959272603,"(min = 0.0, max = 1.8869999999999998)","(min = -0.629, max = 1.169)","(up = 0.0014000000000000002, down = 0.0014000000000000002)","ThermalGenerationCost(CostCurve{LinearCurve}(LinearCurve(13.5748531, 708.274969), UnitSystem.NATURAL_UNITS = 2, LinearCurve(0.0, 0.0)), 0.0, 0.0, 0.0)",100.0,"(up = 1.0, down = 1.0)",false,CT,NATURAL_GAS,Service[],10000.0,,bus-1694,1694,"Area(0, 0.0, 0.0, 0.0, Dict{String, Any}(""I"" => """", ""ARNAME"" => """", ""PTOL"" => """", ""PDES"" => """", ""ISW"" => """"))"
gen-713,true,true,0.0340002494,0.0,0.24798698579303696,"(min = 0.0, max = 0.034)","(min = -0.143219355, max = 0.245645161)","(up = 0.002475, down = 0.002475)","ThermalGenerationCost(CostCurve{LinearCurve}(LinearCurve(13.502241700000003, 315.964182), UnitSystem.NATURAL_UNITS = 2, LinearCurve(0.0, 0.0)), 0.0, 0.0, 0.0)",100.0,"(up = 1.0, down = 0.0)",false,GT,NATURAL_GAS,Service[],10000.0,,bus-1675,1675,"Area(0, 0.0, 0.0, 0.0, Dict{String, Any}(""I"" => """", ""ARNAME"" => """", ""PTOL"" => """", ""PDES"" => """", ""ISW"" => """"))"
gen-1040,true,true,0.0,0.0,0.2361894252478059,"(min = 0.0, max = 0.046)","(min = -0.13699999999999998, max = 0.231666667)","(up = 0.0001, down = 0.0001)","ThermalGenerationCost(CostCurve{LinearCurve}(LinearCurve(58.907, 173.53), UnitSystem.NATURAL_UNITS = 2, LinearCurve(0.0, 0.0)), 0.0, 0.0, 0.0)",100.0,"(up = 1.0, down = 1.0)",false,OT,MUNICIPAL_WASTE,Service[],10000.0,,bus-2212,2212,"Area(0, 0.0, 0.0, 0.0, Dict{String, Any}(""I"" => """", ""ARNAME"" => """", ""PTOL"" => """", ""PDES"" => """", ""ISW"" => """"))"
gen-151,true,true,0.523033303,0.0,0.6999464265213446,"(min = 0.0, max = 0.63)","(min = -0.21, max = 0.305)","(up = 0.002475, down = 0.002475)","ThermalGenerationCost(CostCurve{LinearCurve}(LinearCurve(14.1545215, 301.435141), UnitSystem.NATURAL_UNITS = 2, LinearCurve(0.0, 0.0)), 0.0, 0.0, 0.0)",100.0,"(up = 1.0, down = 0.0)",false,GT,NATURAL_GAS,Service[],10000.0,,bus-8347,8347,"Area(0, 0.0, 0.0, 0.0, Dict{String, Any}(""I"" => """", ""ARNAME"" => """", ""PTOL"" => """", ""PDES"" => """", ""ISW"" => """"))"
gen-591,true,true,0.033000242,0.0,0.24785186124521222,"(min = 0.0, max = 0.033)","(min = -0.143219355, max = 0.245645161)","(up = 0.002475, down = 0.002475)","ThermalGenerationCost(CostCurve{LinearCurve}(LinearCurve(13.502241700000003, 315.964182), UnitSystem.NATURAL_UNITS = 2, LinearCurve(0.0, 0.0)), 0.0, 0.0, 0.0)",100.0,"(up = 1.0, down = 0.0)",false,GT,NATURAL_GAS,Service[],10000.0,,bus-686,686,"Area(0, 0.0, 0.0, 0.0, Dict{String, Any}(""I"" => """", ""ARNAME"" => """", ""PTOL"" => """", ""PDES"" => """", ""ISW"" => """"))"
gen-236,true,true,1.79665827,0.0,2.2537689194840738,"(min = 0.0, max = 2.169)","(min = -0.358709497, max = 0.612301676)","(up = 0.0014000000000000002, down = 0.0014000000000000002)","ThermalGenerationCost(CostCurve{LinearCurve}(LinearCurve(13.471932000000002, 874.243191), UnitSystem.NATURAL_UNITS = 2, LinearCurve(0.0, 0.0)), 0.0, 0.0, 0.0)",100.0,"(up = 1.0, down = 1.0)",false,CT,NATURAL_GAS,Service[],10000.0,,bus-7773,7773,"Area(0, 0.0, 0.0, 0.0, Dict{String, Any}(""I"" => """", ""ARNAME"" => """", ""PTOL"" => """", ""PDES"" => """", ""ISW"" => """"))"
gen-966,true,true,0.53000247,0.0,0.6232848465990489,"(min = 0.0, max = 0.53)","(min = -0.177, max = 0.32799999999999996)","(up = 0.002475, down = 0.002475)","ThermalGenerationCost(CostCurve{LinearCurve}(LinearCurve(14.5098437, 284.095812), UnitSystem.NATURAL_UNITS = 2, LinearCurve(0.0, 0.0)), 0.0, 0.0, 0.0)",100.0,"(up = 1.0, down = 0.0)",false,GT,NATURAL_GAS,Service[],10000.0,,bus-1878,1878,"Area(0, 0.0, 0.0, 0.0, Dict{String, Any}(""I"" => """", ""ARNAME"" => """", ""PTOL"" => """", ""PDES"" => """", ""ISW"" => """"))"
gen-942,true,true,0.500003647,0.0,0.5883026432033092,"(min = 0.0, max = 0.5)","(min = -0.16699999999999998, max = 0.31)","(up = 0.002475, down = 0.002475)","ThermalGenerationCost(CostCurve{LinearCurve}(LinearCurve(14.512150300000002, 283.415806), UnitSystem.NATURAL_UNITS = 2, LinearCurve(0.0, 0.0)), 0.0, 0.0, 0.0)",100.0,"(up = 1.0, down = 0.0)",false,GT,NATURAL_GAS,Service[],10000.0,,bus-1861,1861,"Area(0, 0.0, 0.0, 0.0, Dict{String, Any}(""I"" => """", ""ARNAME"" => """", ""PTOL"" => """", ""PDES"" => """", ""ISW"" => """"))"
gen-220,true,true,0.0,0.0,2.705665352551937,"(min = 0.0, max = 2.3)","(min = -0.767, max = 1.425)","(up = 5.4000000000000005e-5, down = 5.4000000000000005e-5)","ThermalGenerationCost(CostCurve{LinearCurve}(LinearCurve(21.8534111, 632.873059), UnitSystem.NATURAL_UNITS = 2, LinearCurve(0.0, 0.0)), 0.0, 0.0, 0.0)",100.0,"(up = 2.0, down = 4.0)",false,ST,NATURAL_GAS,Service[],10000.0,,bus-2401,2401,"Area(0, 0.0, 0.0, 0.0, Dict{String, Any}(""I"" => """", ""ARNAME"" => """", ""PTOL"" => """", ""PDES"" => """", ""ISW"" => """"))"
gen-892,true,true,0.47000346299999995,0.0,0.5527938132794179,"(min = 0.0, max = 0.47)","(min = -0.157, max = 0.29100000000000004)","(up = 0.002475, down = 0.002475)","ThermalGenerationCost(CostCurve{LinearCurve}(LinearCurve(14.2690889, 284.310681), UnitSystem.NATURAL_UNITS = 2, LinearCurve(0.0, 0.0)), 0.0, 0.0, 0.0)",100.0,"(up = 1.0, down = 0.0)",false,GT,NATURAL_GAS,Service[],10000.0,,bus-1330,1330,"Area(0, 0.0, 0.0, 0.0, Dict{String, Any}(""I"" => """", ""ARNAME"" => """", ""PTOL"" => """", ""PDES"" => """", ""ISW"" => """"))"
gen-990,true,true,2.00001477,0.0,2.0916293511118096,"(min = 0.0, max = 2.0)","(min = -0.358709497, max = 0.612301676)","(up = 0.0014000000000000002, down = 0.0014000000000000002)","ThermalGenerationCost(CostCurve{LinearCurve}(LinearCurve(10.956217500000001, 1512.3587), UnitSystem.NATURAL_UNITS = 2, LinearCurve(0.0, 0.0)), 0.0, 0.0, 0.0)",100.0,"(up = 1.0, down = 1.0)",false,CT,NATURAL_GAS,Service[],10000.0,,bus-7823,7823,"Area(0, 0.0, 0.0, 0.0, Dict{String, Any}(""I"" => """", ""ARNAME"" => """", ""PTOL"" => """", ""PDES"" => """", ""ISW"" => """"))"
gen-740,true,true,0.626004624,0.0,0.782800102197234,"(min = 0.0, max = 0.626)","(min = -0.209, max = 0.47)","(up = 0.0014000000000000002, down = 0.0014000000000000002)","ThermalGenerationCost(CostCurve{LinearCurve}(LinearCurve(9.34812416, 1110.30224), UnitSystem.NATURAL_UNITS = 2, LinearCurve(0.0, 0.0)), 0.0, 0.0, 0.0)",100.0,"(up = 1.0, down = 0.0)",false,CT,NATURAL_GAS,Service[],10000.0,,bus-1599,1599,"Area(0, 0.0, 0.0, 0.0, Dict{String, Any}(""I"" => """", ""ARNAME"" => """", ""PTOL"" => """", ""PDES"" => """", ""ISW"" => """"))"
gen-255,true,true,0.28800212399999997,0.0,0.3385675708038205,"(min = 0.0, max = 0.28800000000000003)","(min = -0.096, max = 0.17800000000000002)","(up = 0.002475, down = 0.002475)","ThermalGenerationCost(CostCurve{LinearCurve}(LinearCurve(11.808135700000001, 243.988901), UnitSystem.NATURAL_UNITS = 2, LinearCurve(0.0, 0.0)), 0.0, 0.0, 0.0)",100.0,"(up = 1.0, down = 0.0)",false,GT,NATURAL_GAS,Service[],10000.0,,bus-426,426,"Area(0, 0.0, 0.0, 0.0, Dict{String, Any}(""I"" => """", ""ARNAME"" => """", ""PTOL"" => """", ""PDES"" => """", ""ISW"" => """"))"
gen-733,true,true,0.0,0.0,0.13935924798878618,"(min = 0.0, max = 0.01)","(min = -0.095, max = 0.139)","(up = 2.64e-5, down = 2.64e-5)","ThermalGenerationCost(CostCurve{LinearCurve}(LinearCurve(22.409643000000003, 554.685123), UnitSystem.NATURAL_UNITS = 2, LinearCurve(0.0, 0.0)), 0.0, 0.0, 0.0)",100.0,"(up = 12.0, down = 6.0)",false,ST,MUNICIPAL_WASTE,Service[],10000.0,,bus-714,714,"Area(0, 0.0, 0.0, 0.0, Dict{String, Any}(""I"" => """", ""ARNAME"" => """", ""PTOL"" => """", ""PDES"" => """", ""ISW"" => """"))"
gen-2088,true,true,0.0,0.0,0.01,"(min = 0.0, max = 0.01)","(min = 0.0, max = 0.0)","(up = 0.0001, down = 0.0001)","ThermalGenerationCost(CostCurve{LinearCurve}(LinearCurve(24.5037276, 248.251086), UnitSystem.NATURAL_UNITS = 2, LinearCurve(0.0, 0.0)), 0.0, 0.0, 0.0)",100.0,"(up = 1.0, down = 1.0)",false,OT,NATURAL_GAS,Service[],10000.0,,bus-1244,1244,"Area(0, 0.0, 0.0, 0.0, Dict{String, Any}(""I"" => """", ""ARNAME"" => """", ""PTOL"" => """", ""PDES"" => """", ""ISW"" => """"))"
gen-2101,true,true,0.0,0.0,0.026000000000000002,"(min = 0.0, max = 0.026000000000000002)","(min = 0.0, max = 0.0)","(up = 0.0001, down = 0.0001)","ThermalGenerationCost(CostCurve{LinearCurve}(LinearCurve(24.5037276, 248.251086), UnitSystem.NATURAL_UNITS = 2, LinearCurve(0.0, 0.0)), 0.0, 0.0, 0.0)",100.0,"(up = 1.0, down = 1.0)",false,OT,NATURAL_GAS,Service[],10000.0,,bus-1133,1133,"Area(0, 0.0, 0.0, 0.0, Dict{String, Any}(""I"" => """", ""ARNAME"" => """", ""PTOL"" => """", ""PDES"" => """", ""ISW"" => """"))"
gen-254,true,true,0.28800212399999997,0.0,0.3385675708038205,"(min = 0.0, max = 0.28800000000000003)","(min = -0.096, max = 0.17800000000000002)","(up = 0.002475, down = 0.002475)","ThermalGenerationCost(CostCurve{LinearCurve}(LinearCurve(11.808135700000001, 243.988901), UnitSystem.NATURAL_UNITS = 2, LinearCurve(0.0, 0.0)), 0.0, 0.0, 0.0)",100.0,"(up = 1.0, down = 0.0)",false,GT,NATURAL_GAS,Service[],10000.0,,bus-426,426,"Area(0, 0.0, 0.0, 0.0, Dict{String, Any}(""I"" => """", ""ARNAME"" => """", ""PTOL"" => """", ""PDES"" => """", ""ISW"" => """"))"
gen-356,true,true,0.0,0.0,0.827856267718014,"(min = 0.0, max = 0.745)","(min = -0.248, max = 0.361)","(up = 0.0001, down = 0.0001)","ThermalGenerationCost(CostCurve{LinearCurve}(LinearCurve(43.2789605, 1721.38761), UnitSystem.NATURAL_UNITS = 2, LinearCurve(0.0, 0.0)), 0.0, 0.0, 0.0)",100.0,"(up = 1.0, down = 1.0)",false,IC,RESIDUAL_FUEL_OIL,Service[],10000.0,,bus-1610,1610,"Area(0, 0.0, 0.0, 0.0, Dict{String, Any}(""I"" => """", ""ARNAME"" => """", ""PTOL"" => """", ""PDES"" => """", ""ISW"" => """"))"
gen-1476,true,true,0.0460003381,0.0,0.24991507582119957,"(min = 0.0, max = 0.046)","(min = -0.143219355, max = 0.245645161)","(up = 0.002475, down = 0.002475)","ThermalGenerationCost(CostCurve{LinearCurve}(LinearCurve(13.502241700000003, 315.964182), UnitSystem.NATURAL_UNITS = 2, LinearCurve(0.0, 0.0)), 0.0, 0.0, 0.0)",100.0,"(up = 1.0, down = 0.0)",false,GT,NATURAL_GAS,Service[],10000.0,,bus-458,458,"Area(0, 0.0, 0.0, 0.0, Dict{String, Any}(""I"" => """", ""ARNAME"" => """", ""PTOL"" => """", ""PDES"" => """", ""ISW"" => """"))"
gen-2104,true,true,0.0,0.0,0.012,"(min = 0.0, max = 0.012)","(min = 0.0, max = 0.0)","(up = 0.0001, down = 0.0001)","ThermalGenerationCost(CostCurve{LinearCurve}(LinearCurve(24.5037276, 248.251086), UnitSystem.NATURAL_UNITS = 2, LinearCurve(0.0, 0.0)), 0.0, 0.0, 0.0)",100.0,"(up = 1.0, down = 1.0)",false,OT,NATURAL_GAS,Service[],10000.0,,bus-2367,2367,"Area(0, 0.0, 0.0, 0.0, Dict{String, Any}(""I"" => """", ""ARNAME"" => """", ""PTOL"" => """", ""PDES"" => """", ""ISW"" => """"))"
gen-2038,true,true,0.0,0.0,0.01,"(min = 0.0, max = 0.01)","(min = 0.0, max = 0.0)","(up = 0.0001, down = 0.0001)","ThermalGenerationCost(CostCurve{LinearCurve}(LinearCurve(24.5037276, 248.251086), UnitSystem.NATURAL_UNITS = 2, LinearCurve(0.0, 0.0)), 0.0, 0.0, 0.0)",100.0,"(up = 1.0, down = 1.0)",false,OT,NATURAL_GAS,Service[],10000.0,,bus-686,686,"Area(0, 0.0, 0.0, 0.0, Dict{String, Any}(""I"" => """", ""ARNAME"" => """", ""PTOL"" => """", ""PDES"" => """", ""ISW"" => """"))"
gen-1070,true,true,0.055000395400000006,0.0,0.6147669008920446,"(min = 0.0, max = 0.055)","(min = -0.358709497, max = 0.612301676)","(up = 0.0014000000000000002, down = 0.0014000000000000002)","ThermalGenerationCost(CostCurve{LinearCurve}(LinearCurve(16.3717118, 521.657969), UnitSystem.NATURAL_UNITS = 2, LinearCurve(0.0, 0.0)), 0.0, 0.0, 0.0)",100.0,"(up = 1.0, down = 0.0)",false,CT,NATURAL_GAS,Service[],10000.0,,bus-2286,2286,"Area(0, 0.0, 0.0, 0.0, Dict{String, Any}(""I"" => """", ""ARNAME"" => """", ""PTOL"" => """", ""PDES"" => """", ""ISW"" => """"))"
gen-831,true,true,0.032000234600000003,0.0,0.24772069982687342,"(min = 0.0, max = 0.032)","(min = -0.143219355, max = 0.245645161)","(up = 0.002475, down = 0.002475)","ThermalGenerationCost(CostCurve{LinearCurve}(LinearCurve(13.502241700000003, 315.964182), UnitSystem.NATURAL_UNITS = 2, LinearCurve(0.0, 0.0)), 0.0, 0.0, 0.0)",100.0,"(up = 1.0, down = 0.0)",false,GT,NATURAL_GAS,Service[],10000.0,,bus-631,631,"Area(0, 0.0, 0.0, 0.0, Dict{String, Any}(""I"" => """", ""ARNAME"" => """", ""PTOL"" => """", ""PDES"" => """", ""ISW"" => """"))"
gen-891,true,true,0.510003643,0.0,0.5660755648521811,"(min = 0.0, max = 0.51)","(min = -0.143219355, max = 0.245645161)","(up = 0.002475, down = 0.002475)","ThermalGenerationCost(CostCurve{LinearCurve}(LinearCurve(14.5098437, 284.095812), UnitSystem.NATURAL_UNITS = 2, LinearCurve(0.0, 0.0)), 0.0, 0.0, 0.0)",100.0,"(up = 1.0, down = 0.0)",false,GT,NATURAL_GAS,Service[],10000.0,,bus-1326,1326,"Area(0, 0.0, 0.0, 0.0, Dict{String, Any}(""I"" => """", ""ARNAME"" => """", ""PTOL"" => """", ""PDES"" => """", ""ISW"" => """"))"
gen-159,true,true,0.0,0.0,1.632,"(min = 0.0, max = 1.632)","(min = 0.0, max = 0.0)","(up = 5.4000000000000005e-5, down = 5.4000000000000005e-5)","ThermalGenerationCost(CostCurve{LinearCurve}(LinearCurve(22.6772275, 469.549327), UnitSystem.NATURAL_UNITS = 2, LinearCurve(0.0, 0.0)), 0.0, 0.0, 0.0)",100.0,"(up = 2.0, down = 4.0)",false,ST,NATURAL_GAS,Service[],10000.0,,bus-7747,7747,"Area(0, 0.0, 0.0, 0.0, Dict{String, Any}(""I"" => """", ""ARNAME"" => """", ""PTOL"" => """", ""PDES"" => """", ""ISW"" => """"))"
gen-1036,true,true,0.0,0.0,0.2324444978890421,"(min = 0.0, max = 0.019)","(min = -0.13699999999999998, max = 0.231666667)","(up = 0.0001, down = 0.0001)","ThermalGenerationCost(CostCurve{LinearCurve}(LinearCurve(58.907, 173.53), UnitSystem.NATURAL_UNITS = 2, LinearCurve(0.0, 0.0)), 0.0, 0.0, 0.0)",100.0,"(up = 1.0, down = 1.0)",false,OT,MUNICIPAL_WASTE,Service[],10000.0,,bus-1199,1199,"Area(0, 0.0, 0.0, 0.0, Dict{String, Any}(""I"" => """", ""ARNAME"" => """", ""PTOL"" => """", ""PDES"" => """", ""ISW"" => """"))"
gen-592,true,true,0.301002224,0.0,0.3543585754571208,"(min = 0.0, max = 0.301)","(min = -0.1, max = 0.187)","(up = 0.0001, down = 0.0001)","ThermalGenerationCost(CostCurve{LinearCurve}(LinearCurve(0.0, 0.0), UnitSystem.NATURAL_UNITS = 2, LinearCurve(0.0, 0.0)), 0.0, 0.0, 0.0)",100.0,"(up = 1000.0, down = 300.0)",false,OT,GEOTHERMAL,Service[],10000.0,,bus-1709,1709,"Area(0, 0.0, 0.0, 0.0, Dict{String, Any}(""I"" => """", ""ARNAME"" => """", ""PTOL"" => """", ""PDES"" => """", ""ISW"" => """"))"
gen-511,true,true,0.7500054620000001,0.0,0.75,"(min = 0.0, max = 0.75)","(min = 0.0, max = 0.0)","(up = 0.002475, down = 0.002475)","ThermalGenerationCost(CostCurve{LinearCurve}(LinearCurve(14.6687276, 439.07926), UnitSystem.NATURAL_UNITS = 2, LinearCurve(0.0, 0.0)), 0.0, 0.0, 0.0)",100.0,"(up = 1.0, down = 0.0)",false,GT,NATURAL_GAS,Service[],10000.0,,bus-1665,1665,"Area(0, 0.0, 0.0, 0.0, Dict{String, Any}(""I"" => """", ""ARNAME"" => """", ""PTOL"" => """", ""PDES"" => """", ""ISW"" => """"))"
gen-485,true,true,0.0,0.0,0.23197725017528956,"(min = 0.0, max = 0.012)","(min = -0.13699999999999998, max = 0.231666667)","(up = 0.0001, down = 0.0001)","ThermalGenerationCost(CostCurve{LinearCurve}(LinearCurve(58.907, 173.53), UnitSystem.NATURAL_UNITS = 2, LinearCurve(0.0, 0.0)), 0.0, 0.0, 0.0)",100.0,"(up = 1.0, down = 1.0)",false,OT,MUNICIPAL_WASTE,Service[],10000.0,,bus-1057,1057,"Area(0, 0.0, 0.0, 0.0, Dict{String, Any}(""I"" => """", ""ARNAME"" => """", ""PTOL"" => """", ""PDES"" => """", ""ISW"" => """"))"
gen-687,true,true,0.0,0.0,0.23188239389589044,"(min = 0.0, max = 0.01)","(min = -0.13699999999999998, max = 0.231666667)","(up = 0.0001, down = 0.0001)","ThermalGenerationCost(CostCurve{LinearCurve}(LinearCurve(58.907, 173.53), UnitSystem.NATURAL_UNITS = 2, LinearCurve(0.0, 0.0)), 0.0, 0.0, 0.0)",100.0,"(up = 1.0, down = 1.0)",false,OT,MUNICIPAL_WASTE,Service[],10000.0,,bus-1600,1600,"Area(0, 0.0, 0.0, 0.0, Dict{String, Any}(""I"" => """", ""ARNAME"" => """", ""PTOL"" => """", ""PDES"" => """", ""ISW"" => """"))"
gen-565,true,true,0.051000373200000004,0.0,0.6144219579673312,"(min = 0.0, max = 0.051)","(min = -0.358709497, max = 0.612301676)","(up = 0.0014000000000000002, down = 0.0014000000000000002)","ThermalGenerationCost(CostCurve{LinearCurve}(LinearCurve(15.236961, 1547.8861), UnitSystem.NATURAL_UNITS = 2, LinearCurve(0.0, 0.0)), 0.0, 0.0, 0.0)",100.0,"(up = 1.0, down = 0.0)",false,CT,NATURAL_GAS,Service[],10000.0,,bus-1118,1118,"Area(0, 0.0, 0.0, 0.0, Dict{String, Any}(""I"" => """", ""ARNAME"" => """", ""PTOL"" => """", ""PDES"" => """", ""ISW"" => """"))"
gen-512,true,true,0.7500054620000001,0.0,0.75,"(min = 0.0, max = 0.75)","(min = 0.0, max = 0.0)","(up = 0.002475, down = 0.002475)","ThermalGenerationCost(CostCurve{LinearCurve}(LinearCurve(14.6687276, 439.07926), UnitSystem.NATURAL_UNITS = 2, LinearCurve(0.0, 0.0)), 0.0, 0.0, 0.0)",100.0,"(up = 1.0, down = 0.0)",false,GT,NATURAL_GAS,Service[],10000.0,,bus-1665,1665,"Area(0, 0.0, 0.0, 0.0, Dict{String, Any}(""I"" => """", ""ARNAME"" => """", ""PTOL"" => """", ""PDES"" => """", ""ISW"" => """"))"
gen-185,true,true,0.55100407,0.0,0.6122826144845206,"(min = 0.0, max = 0.551)","(min = -0.184, max = 0.267)","(up = 0.0014000000000000002, down = 0.0014000000000000002)","ThermalGenerationCost(CostCurve{LinearCurve}(LinearCurve(9.82406397, 1030.64543), UnitSystem.NATURAL_UNITS = 2, LinearCurve(0.0, 0.0)), 0.0, 0.0, 0.0)",100.0,"(up = 1.0, down = 0.0)",false,CT,NATURAL_GAS,Service[],10000.0,,bus-1693,1693,"Area(0, 0.0, 0.0, 0.0, Dict{String, Any}(""I"" => """", ""ARNAME"" => """", ""PTOL"" => """", ""PDES"" => """", ""ISW"" => """"))"
gen-1022,true,true,0.160001182,0.0,0.2,"(min = 0.0, max = 0.16)","(min = -0.05325, max = 0.12)","(up = 0.0001, down = 0.0001)","ThermalGenerationCost(CostCurve{LinearCurve}(LinearCurve(0.0, 0.0), UnitSystem.NATURAL_UNITS = 2, LinearCurve(0.0, 0.0)), 0.0, 0.0, 0.0)",100.0,"(up = 1000.0, down = 300.0)",false,OT,GEOTHERMAL,Service[],10000.0,,bus-181,181,"Area(0, 0.0, 0.0, 0.0, Dict{String, Any}(""I"" => """", ""ARNAME"" => """", ""PTOL"" => """", ""PDES"" => """", ""ISW"" => """"))"
gen-1876,true,true,0.0,0.0,0.011000000000000001,"(min = 0.0, max = 0.011000000000000001)","(min = 0.0, max = 0.0)","(up = 0.0001, down = 0.0001)","ThermalGenerationCost(CostCurve{LinearCurve}(LinearCurve(24.5037276, 248.251086), UnitSystem.NATURAL_UNITS = 2, LinearCurve(0.0, 0.0)), 0.0, 0.0, 0.0)",100.0,"(up = 1.0, down = 1.0)",false,OT,NATURAL_GAS,Service[],10000.0,,bus-2373,2373,"Area(0, 0.0, 0.0, 0.0, Dict{String, Any}(""I"" => """", ""ARNAME"" => """", ""PTOL"" => """", ""PDES"" => """", ""ISW"" => """"))"
gen-368,true,true,0.0,0.0,0.30934518622226675,"(min = 0.0, max = 0.025)","(min = -0.20800000000000002, max = 0.308333333)","(up = 0.0001, down = 0.0001)","ThermalGenerationCost(CostCurve{LinearCurve}(LinearCurve(25.05, 57.6), UnitSystem.NATURAL_UNITS = 2, LinearCurve(0.0, 0.0)), 0.0, 0.0, 0.0)",100.0,"(up = 1.0, down = 1.0)",false,IC,RESIDUAL_FUEL_OIL,Service[],10000.0,,bus-1752,1752,"Area(0, 0.0, 0.0, 0.0, Dict{String, Any}(""I"" => """", ""ARNAME"" => """", ""PTOL"" => """", ""PDES"" => """", ""ISW"" => """"))"
gen-905,true,true,0.526435878,0.0,0.7117935093831638,"(min = 0.0, max = 0.605)","(min = -0.20199999999999999, max = 0.375)","(up = 0.002475, down = 0.002475)","ThermalGenerationCost(CostCurve{LinearCurve}(LinearCurve(14.2331099, 300.659481), UnitSystem.NATURAL_UNITS = 2, LinearCurve(0.0, 0.0)), 0.0, 0.0, 0.0)",100.0,"(up = 1.0, down = 0.0)",false,GT,NATURAL_GAS,Service[],10000.0,,bus-1844,1844,"Area(0, 0.0, 0.0, 0.0, Dict{String, Any}(""I"" => """", ""ARNAME"" => """", ""PTOL"" => """", ""PDES"" => """", ""ISW"" => """"))"
gen-184,true,true,0.254001876,0.0,0.28221445746098833,"(min = 0.0, max = 0.254)","(min = -0.085, max = 0.12300000000000001)","(up = 0.0014000000000000002, down = 0.0014000000000000002)","ThermalGenerationCost(CostCurve{LinearCurve}(LinearCurve(9.8240636, 475.10697), UnitSystem.NATURAL_UNITS = 2, LinearCurve(0.0, 0.0)), 0.0, 0.0, 0.0)",100.0,"(up = 1.0, down = 0.0)",false,CT,NATURAL_GAS,Service[],10000.0,,bus-1693,1693,"Area(0, 0.0, 0.0, 0.0, Dict{String, Any}(""I"" => """", ""ARNAME"" => """", ""PTOL"" => """", ""PDES"" => """", ""ISW"" => """"))"
gen-234,true,true,0.0,0.0,1.9197773308381363,"(min = 0.0, max = 1.632)","(min = -0.544, max = 1.011)","(up = 5.4000000000000005e-5, down = 5.4000000000000005e-5)","ThermalGenerationCost(CostCurve{LinearCurve}(LinearCurve(22.6734243, 470.5849), UnitSystem.NATURAL_UNITS = 2, LinearCurve(0.0, 0.0)), 0.0, 0.0, 0.0)",100.0,"(up = 2.0, down = 4.0)",false,ST,NATURAL_GAS,Service[],10000.0,,bus-7773,7773,"Area(0, 0.0, 0.0, 0.0, Dict{String, Any}(""I"" => """", ""ARNAME"" => """", ""PTOL"" => """", ""PDES"" => """", ""ISW"" => """"))"
gen-1729,true,true,0.0,0.0,0.2325283737501488,"(min = 0.0, max = 0.02)","(min = -0.13699999999999998, max = 0.231666667)","(up = 0.0001, down = 0.0001)","ThermalGenerationCost(CostCurve{LinearCurve}(LinearCurve(58.907, 173.53), UnitSystem.NATURAL_UNITS = 2, LinearCurve(0.0, 0.0)), 0.0, 0.0, 0.0)",100.0,"(up = 1.0, down = 1.0)",false,OT,MUNICIPAL_WASTE,Service[],10000.0,,bus-582,582,"Area(0, 0.0, 0.0, 0.0, Dict{String, Any}(""I"" => """", ""ARNAME"" => """", ""PTOL"" => """", ""PDES"" => """", ""ISW"" => """"))"
gen-1330,true,true,0.0,0.0,0.011000000000000001,"(min = 0.0, max = 0.011000000000000001)","(min = 0.0, max = 0.0)","(up = 0.0001, down = 0.0001)","ThermalGenerationCost(CostCurve{LinearCurve}(LinearCurve(24.5037276, 248.251086), UnitSystem.NATURAL_UNITS = 2, LinearCurve(0.0, 0.0)), 0.0, 0.0, 0.0)",100.0,"(up = 1.0, down = 1.0)",false,OT,NATURAL_GAS,Service[],10000.0,,bus-8588,8588,"Area(0, 0.0, 0.0, 0.0, Dict{String, Any}(""I"" => """", ""ARNAME"" => """", ""PTOL"" => """", ""PDES"" => """", ""ISW"" => """"))"
gen-428,true,true,0.0,0.0,0.2927746573732091,"(min = 0.0, max = 0.249)","(min = -0.083, max = 0.154)","(up = 0.0001, down = 0.0001)","ThermalGenerationCost(CostCurve{LinearCurve}(LinearCurve(48.2276671, 546.49488), UnitSystem.NATURAL_UNITS = 2, LinearCurve(0.0, 0.0)), 0.0, 0.0, 0.0)",100.0,"(up = 1.0, down = 1.0)",false,IC,RESIDUAL_FUEL_OIL,Service[],10000.0,,bus-8495,8495,"Area(0, 0.0, 0.0, 0.0, Dict{String, Any}(""I"" => """", ""ARNAME"" => """", ""PTOL"" => """", ""PDES"" => """", ""ISW"" => """"))"
gen-1271,true,true,0.021000154700000002,0.0,0.6160247112372107,"(min = 0.0, max = 0.021)","(min = -0.273666667, max = 0.615666667)","(up = 0.0001, down = 0.0001)","ThermalGenerationCost(CostCurve{LinearCurve}(LinearCurve(6.603144, 23.06084), UnitSystem.NATURAL_UNITS = 2, LinearCurve(0.0, 0.0)), 0.0, 0.0, 0.0)",100.0,"(up = 1.0, down = 1.0)",false,IC,NATURAL_GAS,Service[],10000.0,,bus-2304,2304,"Area(0, 0.0, 0.0, 0.0, Dict{String, Any}(""I"" => """", ""ARNAME"" => """", ""PTOL"" => """", ""PDES"" => """", ""ISW"" => """"))"
gen-731,true,true,0.0,0.0,0.1422005625867915,"(min = 0.0, max = 0.03)","(min = -0.095, max = 0.139)","(up = 2.64e-5, down = 2.64e-5)","ThermalGenerationCost(CostCurve{LinearCurve}(LinearCurve(22.409643000000003, 554.685123), UnitSystem.NATURAL_UNITS = 2, LinearCurve(0.0, 0.0)), 0.0, 0.0, 0.0)",100.0,"(up = 12.0, down = 6.0)",false,ST,MUNICIPAL_WASTE,Service[],10000.0,,bus-714,714,"Area(0, 0.0, 0.0, 0.0, Dict{String, Any}(""I"" => """", ""ARNAME"" => """", ""PTOL"" => """", ""PDES"" => """", ""ISW"" => """"))"
gen-819,true,true,1.3365038100000002,0.0,2.2316381875205487,"(min = 0.0, max = 2.12)","(min = -0.6970000000000001, max = 0.6970000000000001)","(up = 0.0014000000000000002, down = 0.0014000000000000002)","ThermalGenerationCost(CostCurve{LinearCurve}(LinearCurve(13.918461, 800.556711), UnitSystem.NATURAL_UNITS = 2, LinearCurve(0.0, 0.0)), 0.0, 0.0, 0.0)",100.0,"(up = 1.0, down = 1.0)",false,CT,NATURAL_GAS,Service[],10000.0,,bus-1389,1389,"Area(0, 0.0, 0.0, 0.0, Dict{String, Any}(""I"" => """", ""ARNAME"" => """", ""PTOL"" => """", ""PDES"" => """", ""ISW"" => """"))"
gen-1060,true,true,0.500003647,0.0,0.5570830684222201,"(min = 0.0, max = 0.5)","(min = -0.143219355, max = 0.245645161)","(up = 0.002475, down = 0.002475)","ThermalGenerationCost(CostCurve{LinearCurve}(LinearCurve(14.5116537, 283.573452), UnitSystem.NATURAL_UNITS = 2, LinearCurve(0.0, 0.0)), 0.0, 0.0, 0.0)",100.0,"(up = 1.0, down = 0.0)",false,GT,NATURAL_GAS,Service[],10000.0,,bus-2365,2365,"Area(0, 0.0, 0.0, 0.0, Dict{String, Any}(""I"" => """", ""ARNAME"" => """", ""PTOL"" => """", ""PDES"" => """", ""ISW"" => """"))"
gen-467,true,true,0.0,0.0,0.3086979822397433,"(min = 0.0, max = 0.015)","(min = -0.20800000000000002, max = 0.308333333)","(up = 0.0001, down = 0.0001)","ThermalGenerationCost(CostCurve{LinearCurve}(LinearCurve(25.05, 57.6), UnitSystem.NATURAL_UNITS = 2, LinearCurve(0.0, 0.0)), 0.0, 0.0, 0.0)",100.0,"(up = 1.0, down = 1.0)",false,IC,RESIDUAL_FUEL_OIL,Service[],10000.0,,bus-8199,8199,"Area(0, 0.0, 0.0, 0.0, Dict{String, Any}(""I"" => """", ""ARNAME"" => """", ""PTOL"" => """", ""PDES"" => """", ""ISW"" => """"))"
gen-1481,true,true,0.0,0.0,0.011000000000000001,"(min = 0.0, max = 0.011000000000000001)","(min = 0.0, max = 0.0)","(up = 0.0001, down = 0.0001)","ThermalGenerationCost(CostCurve{LinearCurve}(LinearCurve(24.5037276, 248.251086), UnitSystem.NATURAL_UNITS = 2, LinearCurve(0.0, 0.0)), 0.0, 0.0, 0.0)",100.0,"(up = 1.0, down = 1.0)",false,OT,NATURAL_GAS,Service[],10000.0,,bus-229,229,"Area(0, 0.0, 0.0, 0.0, Dict{String, Any}(""I"" => """", ""ARNAME"" => """", ""PTOL"" => """", ""PDES"" => """", ""ISW"" => """"))"
gen-474,true,true,0.424003131,0.0,0.49894388462030476,"(min = 0.0, max = 0.424)","(min = -0.141, max = 0.263)","(up = 0.0014000000000000002, down = 0.0014000000000000002)","ThermalGenerationCost(CostCurve{LinearCurve}(LinearCurve(8.94241382, 772.625301), UnitSystem.NATURAL_UNITS = 2, LinearCurve(0.0, 0.0)), 0.0, 0.0, 0.0)",100.0,"(up = 1.0, down = 0.0)",false,CT,NATURAL_GAS,Service[],10000.0,,bus-1699,1699,"Area(0, 0.0, 0.0, 0.0, Dict{String, Any}(""I"" => """", ""ARNAME"" => """", ""PTOL"" => """", ""PDES"" => """", ""ISW"" => """"))"
gen-217,true,true,0.511553026,0.0,0.7117935093831638,"(min = 0.0, max = 0.605)","(min = -0.20199999999999999, max = 0.375)","(up = 0.002475, down = 0.002475)","ThermalGenerationCost(CostCurve{LinearCurve}(LinearCurve(14.447975700000002, 299.144996), UnitSystem.NATURAL_UNITS = 2, LinearCurve(0.0, 0.0)), 0.0, 0.0, 0.0)",100.0,"(up = 1.0, down = 0.0)",false,GT,NATURAL_GAS,Service[],10000.0,,bus-346,346,"Area(0, 0.0, 0.0, 0.0, Dict{String, Any}(""I"" => """", ""ARNAME"" => """", ""PTOL"" => """", ""PDES"" => """", ""ISW"" => """"))"
gen-1278,true,true,0.29000214,0.0,0.3628002205070995,"(min = 0.0, max = 0.29)","(min = -0.09699999999999999, max = 0.218)","(up = 0.002475, down = 0.002475)","ThermalGenerationCost(CostCurve{LinearCurve}(LinearCurve(11.920415600000002, 252.039838), UnitSystem.NATURAL_UNITS = 2, LinearCurve(0.0, 0.0)), 0.0, 0.0, 0.0)",100.0,"(up = 1.0, down = 0.0)",false,GT,NATURAL_GAS,Service[],10000.0,,bus-1895,1895,"Area(0, 0.0, 0.0, 0.0, Dict{String, Any}(""I"" => """", ""ARNAME"" => """", ""PTOL"" => """", ""PDES"" => """", ""ISW"" => """"))"
gen-672,true,true,0.0770487614,0.0,0.26656331330473815,"(min = 0.0, max = 0.24)","(min = -0.08, max = 0.11599999999999999)","(up = 0.002475, down = 0.002475)","ThermalGenerationCost(CostCurve{LinearCurve}(LinearCurve(16.0912893, 141.739131), UnitSystem.NATURAL_UNITS = 2, LinearCurve(0.0, 0.0)), 0.0, 0.0, 0.0)",100.0,"(up = 1.0, down = 0.0)",false,GT,NATURAL_GAS,Service[],10000.0,,bus-2196,2196,"Area(0, 0.0, 0.0, 0.0, Dict{String, Any}(""I"" => """", ""ARNAME"" => """", ""PTOL"" => """", ""PDES"" => """", ""ISW"" => """"))"
gen-921,true,true,0.257785845,0.0,0.5020209158989295,"(min = 0.0, max = 0.5)","(min = -0.02, max = 0.045)","(up = 0.0014000000000000002, down = 0.0014000000000000002)","ThermalGenerationCost(CostCurve{LinearCurve}(LinearCurve(16.3717119, 575.36097), UnitSystem.NATURAL_UNITS = 2, LinearCurve(0.0, 0.0)), 0.0, 0.0, 0.0)",100.0,"(up = 1.0, down = 0.0)",false,CT,NATURAL_GAS,Service[],10000.0,,bus-552,552,"Area(0, 0.0, 0.0, 0.0, Dict{String, Any}(""I"" => """", ""ARNAME"" => """", ""PTOL"" => """", ""PDES"" => """", ""ISW"" => """"))"
gen-1041,true,true,0.0,0.0,0.2361894252478059,"(min = 0.0, max = 0.046)","(min = -0.13699999999999998, max = 0.231666667)","(up = 0.0001, down = 0.0001)","ThermalGenerationCost(CostCurve{LinearCurve}(LinearCurve(58.907, 173.53), UnitSystem.NATURAL_UNITS = 2, LinearCurve(0.0, 0.0)), 0.0, 0.0, 0.0)",100.0,"(up = 1.0, down = 1.0)",false,OT,MUNICIPAL_WASTE,Service[],10000.0,,bus-2212,2212,"Area(0, 0.0, 0.0, 0.0, Dict{String, Any}(""I"" => """", ""ARNAME"" => """", ""PTOL"" => """", ""PDES"" => """", ""ISW"" => """"))"
gen-1979,true,true,0.0,0.0,0.13935924798878618,"(min = 0.0, max = 0.01)","(min = -0.095, max = 0.139)","(up = 2.64e-5, down = 2.64e-5)","ThermalGenerationCost(CostCurve{LinearCurve}(LinearCurve(22.409643000000003, 554.685123), UnitSystem.NATURAL_UNITS = 2, LinearCurve(0.0, 0.0)), 0.0, 0.0, 0.0)",100.0,"(up = 12.0, down = 6.0)",false,ST,MUNICIPAL_WASTE,Service[],10000.0,,bus-258,258,"Area(0, 0.0, 0.0, 0.0, Dict{String, Any}(""I"" => """", ""ARNAME"" => """", ""PTOL"" => """", ""PDES"" => """", ""ISW"" => """"))"
gen-1874,true,true,0.0,0.0,0.13923002549737612,"(min = 0.0, max = 0.008)","(min = -0.095, max = 0.139)","(up = 2.64e-5, down = 2.64e-5)","ThermalGenerationCost(CostCurve{LinearCurve}(LinearCurve(22.409643000000003, 554.685123), UnitSystem.NATURAL_UNITS = 2, LinearCurve(0.0, 0.0)), 0.0, 0.0, 0.0)",100.0,"(up = 12.0, down = 6.0)",false,ST,MUNICIPAL_WASTE,Service[],10000.0,,bus-1535,1535,"Area(0, 0.0, 0.0, 0.0, Dict{String, Any}(""I"" => """", ""ARNAME"" => """", ""PTOL"" => """", ""PDES"" => """", ""ISW"" => """"))"
gen-997,true,true,0.49800364,0.0,0.586075933646827,"(min = 0.0, max = 0.498)","(min = -0.166, max = 0.309)","(up = 0.002475, down = 0.002475)","ThermalGenerationCost(CostCurve{LinearCurve}(LinearCurve(14.5813722, 282.72057), UnitSystem.NATURAL_UNITS = 2, LinearCurve(0.0, 0.0)), 0.0, 0.0, 0.0)",100.0,"(up = 1.0, down = 0.0)",false,GT,NATURAL_GAS,Service[],10000.0,,bus-668,668,"Area(0, 0.0, 0.0, 0.0, Dict{String, Any}(""I"" => """", ""ARNAME"" => """", ""PTOL"" => """", ""PDES"" => """", ""ISW"" => """"))"
gen-150,true,true,0.523033303,0.0,0.6999464265213446,"(min = 0.0, max = 0.63)","(min = -0.21, max = 0.305)","(up = 0.002475, down = 0.002475)","ThermalGenerationCost(CostCurve{LinearCurve}(LinearCurve(14.1545215, 301.435141), UnitSystem.NATURAL_UNITS = 2, LinearCurve(0.0, 0.0)), 0.0, 0.0, 0.0)",100.0,"(up = 1.0, down = 0.0)",false,GT,NATURAL_GAS,Service[],10000.0,,bus-8347,8347,"Area(0, 0.0, 0.0, 0.0, Dict{String, Any}(""I"" => """", ""ARNAME"" => """", ""PTOL"" => """", ""PDES"" => """", ""ISW"" => """"))"
gen-535,true,true,0.0,0.0,0.23188239389589044,"(min = 0.0, max = 0.01)","(min = -0.13699999999999998, max = 0.231666667)","(up = 0.0001, down = 0.0001)","ThermalGenerationCost(CostCurve{LinearCurve}(LinearCurve(58.907, 173.53), UnitSystem.NATURAL_UNITS = 2, LinearCurve(0.0, 0.0)), 0.0, 0.0, 0.0)",100.0,"(up = 1.0, down = 1.0)",false,OT,MUNICIPAL_WASTE,Service[],10000.0,,bus-8196,8196,"Area(0, 0.0, 0.0, 0.0, Dict{String, Any}(""I"" => """", ""ARNAME"" => """", ""PTOL"" => """", ""PDES"" => """", ""ISW"" => """"))"
gen-962,true,true,0.0290002138,0.0,0.03625,"(min = 0.0, max = 0.028999999999999998)","(min = -0.0096875, max = 0.02175)","(up = 0.0001, down = 0.0001)","ThermalGenerationCost(CostCurve{LinearCurve}(LinearCurve(6.603144, 23.06084), UnitSystem.NATURAL_UNITS = 2, LinearCurve(0.0, 0.0)), 0.0, 0.0, 0.0)",100.0,"(up = 1.0, down = 1.0)",false,IC,NATURAL_GAS,Service[],10000.0,,bus-1399,1399,"Area(0, 0.0, 0.0, 0.0, Dict{String, Any}(""I"" => """", ""ARNAME"" => """", ""PTOL"" => """", ""PDES"" => """", ""ISW"" => """"))"
gen-1545,true,true,0.0,0.0,0.23270892677095326,"(min = 0.0, max = 0.022000000000000002)","(min = -0.13699999999999998, max = 0.231666667)","(up = 0.0001, down = 0.0001)","ThermalGenerationCost(CostCurve{LinearCurve}(LinearCurve(58.907, 173.53), UnitSystem.NATURAL_UNITS = 2, LinearCurve(0.0, 0.0)), 0.0, 0.0, 0.0)",100.0,"(up = 1.0, down = 1.0)",false,OT,MUNICIPAL_WASTE,Service[],10000.0,,bus-7850,7850,"Area(0, 0.0, 0.0, 0.0, Dict{String, Any}(""I"" => """", ""ARNAME"" => """", ""PTOL"" => """", ""PDES"" => """", ""ISW"" => """"))"
gen-229,true,true,2.1136975899999997,0.0,3.109420042387326,"(min = 0.0, max = 2.6430000000000002)","(min = -0.8809999999999999, max = 1.6380000000000001)","(up = 0.0014000000000000002, down = 0.0014000000000000002)","ThermalGenerationCost(CostCurve{LinearCurve}(LinearCurve(13.3790287, 979.430278), UnitSystem.NATURAL_UNITS = 2, LinearCurve(0.0, 0.0)), 0.0, 0.0, 0.0)",100.0,"(up = 1.0, down = 1.0)",false,CT,NATURAL_GAS,Service[],10000.0,,bus-2401,2401,"Area(0, 0.0, 0.0, 0.0, Dict{String, Any}(""I"" => """", ""ARNAME"" => """", ""PTOL"" => """", ""PDES"" => """", ""ISW"" => """"))"
gen-924,true,true,0.525612844,0.0,0.675434674857606,"(min = 0.0, max = 0.574)","(min = -0.191, max = 0.35600000000000004)","(up = 0.002475, down = 0.002475)","ThermalGenerationCost(CostCurve{LinearCurve}(LinearCurve(14.4953196, 290.844586), UnitSystem.NATURAL_UNITS = 2, LinearCurve(0.0, 0.0)), 0.0, 0.0, 0.0)",100.0,"(up = 1.0, down = 0.0)",false,GT,NATURAL_GAS,Service[],10000.0,,bus-2217,2217,"Area(0, 0.0, 0.0, 0.0, Dict{String, Any}(""I"" => """", ""ARNAME"" => """", ""PTOL"" => """", ""PDES"" => """", ""ISW"" => """"))"
gen-1978,true,true,0.0,0.0,0.13935924798878618,"(min = 0.0, max = 0.01)","(min = -0.095, max = 0.139)","(up = 2.64e-5, down = 2.64e-5)","ThermalGenerationCost(CostCurve{LinearCurve}(LinearCurve(22.409643000000003, 554.685123), UnitSystem.NATURAL_UNITS = 2, LinearCurve(0.0, 0.0)), 0.0, 0.0, 0.0)",100.0,"(up = 12.0, down = 6.0)",false,ST,MUNICIPAL_WASTE,Service[],10000.0,,bus-258,258,"Area(0, 0.0, 0.0, 0.0, Dict{String, Any}(""I"" => """", ""ARNAME"" => """", ""PTOL"" => """", ""PDES"" => """", ""ISW"" => """"))"
gen-986,true,true,0.0,0.0,0.23188239389589044,"(min = 0.0, max = 0.01)","(min = -0.13699999999999998, max = 0.231666667)","(up = 0.0001, down = 0.0001)","ThermalGenerationCost(CostCurve{LinearCurve}(LinearCurve(58.907, 173.53), UnitSystem.NATURAL_UNITS = 2, LinearCurve(0.0, 0.0)), 0.0, 0.0, 0.0)",100.0,"(up = 1.0, down = 1.0)",false,OT,MUNICIPAL_WASTE,Service[],10000.0,,bus-1822,1822,"Area(0, 0.0, 0.0, 0.0, Dict{String, Any}(""I"" => """", ""ARNAME"" => """", ""PTOL"" => """", ""PDES"" => """", ""ISW"" => """"))"
gen-1913,true,true,0.0,0.0,0.23221852768220042,"(min = 0.0, max = 0.016)","(min = -0.13699999999999998, max = 0.231666667)","(up = 0.0001, down = 0.0001)","ThermalGenerationCost(CostCurve{LinearCurve}(LinearCurve(58.907, 173.53), UnitSystem.NATURAL_UNITS = 2, LinearCurve(0.0, 0.0)), 0.0, 0.0, 0.0)",100.0,"(up = 1.0, down = 1.0)",false,OT,MUNICIPAL_WASTE,Service[],10000.0,,bus-2039,2039,"Area(0, 0.0, 0.0, 0.0, Dict{String, Any}(""I"" => """", ""ARNAME"" => """", ""PTOL"" => """", ""PDES"" => """", ""ISW"" => """"))"
gen-2113,true,true,0.0,0.0,0.02,"(min = 0.0, max = 0.02)","(min = 0.0, max = 0.0)","(up = 0.0001, down = 0.0001)","ThermalGenerationCost(CostCurve{LinearCurve}(LinearCurve(24.5037276, 248.251086), UnitSystem.NATURAL_UNITS = 2, LinearCurve(0.0, 0.0)), 0.0, 0.0, 0.0)",100.0,"(up = 1.0, down = 1.0)",false,OT,NATURAL_GAS,Service[],10000.0,,bus-1244,1244,"Area(0, 0.0, 0.0, 0.0, Dict{String, Any}(""I"" => """", ""ARNAME"" => """", ""PTOL"" => """", ""PDES"" => """", ""ISW"" => """"))"
gen-697,true,true,0.015000110799999999,0.0,0.13207676384064415,"(min = 0.0, max = 0.015)","(min = -0.0760444444, max = 0.131222222)","(up = 0.0001, down = 0.0001)","ThermalGenerationCost(CostCurve{LinearCurve}(LinearCurve(0.0, 0.0), UnitSystem.NATURAL_UNITS = 2, LinearCurve(0.0, 0.0)), 0.0, 0.0, 0.0)",100.0,"(up = 1000.0, down = 300.0)",false,OT,GEOTHERMAL,Service[],10000.0,,bus-1576,1576,"Area(0, 0.0, 0.0, 0.0, Dict{String, Any}(""I"" => """", ""ARNAME"" => """", ""PTOL"" => """", ""PDES"" => """", ""ISW"" => """"))"
gen-2109,true,true,0.0,0.0,0.012,"(min = 0.0, max = 0.012)","(min = 0.0, max = 0.0)","(up = 0.0001, down = 0.0001)","ThermalGenerationCost(CostCurve{LinearCurve}(LinearCurve(24.5037276, 248.251086), UnitSystem.NATURAL_UNITS = 2, LinearCurve(0.0, 0.0)), 0.0, 0.0, 0.0)",100.0,"(up = 1.0, down = 1.0)",false,OT,NATURAL_GAS,Service[],10000.0,,bus-1244,1244,"Area(0, 0.0, 0.0, 0.0, Dict{String, Any}(""I"" => """", ""ARNAME"" => """", ""PTOL"" => """", ""PDES"" => """", ""ISW"" => """"))"
gen-2063,true,true,0.0,0.0,0.024,"(min = 0.0, max = 0.024)","(min = 0.0, max = 0.0)","(up = 0.0001, down = 0.0001)","ThermalGenerationCost(CostCurve{LinearCurve}(LinearCurve(24.5037276, 248.251086), UnitSystem.NATURAL_UNITS = 2, LinearCurve(0.0, 0.0)), 0.0, 0.0, 0.0)",100.0,"(up = 1.0, down = 1.0)",false,OT,NATURAL_GAS,Service[],10000.0,,bus-1244,1244,"Area(0, 0.0, 0.0, 0.0, Dict{String, Any}(""I"" => """", ""ARNAME"" => """", ""PTOL"" => """", ""PDES"" => """", ""ISW"" => """"))"
gen-857,true,true,0.44000324399999996,0.0,0.4888445560707412,"(min = 0.0, max = 0.44)","(min = -0.147, max = 0.213)","(up = 0.002475, down = 0.002475)","ThermalGenerationCost(CostCurve{LinearCurve}(LinearCurve(12.416343200000002, 312.991306), UnitSystem.NATURAL_UNITS = 2, LinearCurve(0.0, 0.0)), 0.0, 0.0, 0.0)",100.0,"(up = 1.0, down = 0.0)",false,GT,NATURAL_GAS,Service[],10000.0,,bus-1881,1881,"Area(0, 0.0, 0.0, 0.0, Dict{String, Any}(""I"" => """", ""ARNAME"" => """", ""PTOL"" => """", ""PDES"" => """", ""ISW"" => """"))"
gen-1671,true,true,0.0,0.0,0.13943457247038843,"(min = 0.0, max = 0.011000000000000001)","(min = -0.095, max = 0.139)","(up = 2.64e-5, down = 2.64e-5)","ThermalGenerationCost(CostCurve{LinearCurve}(LinearCurve(22.409643000000003, 554.685123), UnitSystem.NATURAL_UNITS = 2, LinearCurve(0.0, 0.0)), 0.0, 0.0, 0.0)",100.0,"(up = 12.0, down = 6.0)",false,ST,MUNICIPAL_WASTE,Service[],10000.0,,bus-1348,1348,"Area(0, 0.0, 0.0, 0.0, Dict{String, Any}(""I"" => """", ""ARNAME"" => """", ""PTOL"" => """", ""PDES"" => """", ""ISW"" => """"))"
gen-1233,true,true,0.499003641,0.0,0.5561857110019242,"(min = 0.0, max = 0.499)","(min = -0.143219355, max = 0.245645161)","(up = 0.002475, down = 0.002475)","ThermalGenerationCost(CostCurve{LinearCurve}(LinearCurve(14.5116537, 283.573452), UnitSystem.NATURAL_UNITS = 2, LinearCurve(0.0, 0.0)), 0.0, 0.0, 0.0)",100.0,"(up = 1.0, down = 0.0)",false,GT,NATURAL_GAS,Service[],10000.0,,bus-2245,2245,"Area(0, 0.0, 0.0, 0.0, Dict{String, Any}(""I"" => """", ""ARNAME"" => """", ""PTOL"" => """", ""PDES"" => """", ""ISW"" => """"))"
gen-1534,true,true,0.0,0.0,0.2361894252478059,"(min = 0.0, max = 0.046)","(min = -0.13699999999999998, max = 0.231666667)","(up = 0.0001, down = 0.0001)","ThermalGenerationCost(CostCurve{LinearCurve}(LinearCurve(58.907, 173.53), UnitSystem.NATURAL_UNITS = 2, LinearCurve(0.0, 0.0)), 0.0, 0.0, 0.0)",100.0,"(up = 1.0, down = 1.0)",false,OT,MUNICIPAL_WASTE,Service[],10000.0,,bus-8832,8832,"Area(0, 0.0, 0.0, 0.0, Dict{String, Any}(""I"" => """", ""ARNAME"" => """", ""PTOL"" => """", ""PDES"" => """", ""ISW"" => """"))"
gen-1474,true,true,0.0,0.0,0.004,"(min = 0.0, max = 0.004)","(min = 0.0, max = 0.0)","(up = 0.0001, down = 0.0001)","ThermalGenerationCost(CostCurve{LinearCurve}(LinearCurve(24.5037276, 248.251086), UnitSystem.NATURAL_UNITS = 2, LinearCurve(0.0, 0.0)), 0.0, 0.0, 0.0)",100.0,"(up = 1.0, down = 1.0)",false,OT,NATURAL_GAS,Service[],10000.0,,bus-2091,2091,"Area(0, 0.0, 0.0, 0.0, Dict{String, Any}(""I"" => """", ""ARNAME"" => """", ""PTOL"" => """", ""PDES"" => """", ""ISW"" => """"))"
gen-848,true,true,0.524259797,0.0,0.7117935093831638,"(min = 0.0, max = 0.605)","(min = -0.20199999999999999, max = 0.375)","(up = 0.002475, down = 0.002475)","ThermalGenerationCost(CostCurve{LinearCurve}(LinearCurve(14.2909326, 300.146233), UnitSystem.NATURAL_UNITS = 2, LinearCurve(0.0, 0.0)), 0.0, 0.0, 0.0)",100.0,"(up = 1.0, down = 0.0)",false,GT,NATURAL_GAS,Service[],10000.0,,bus-8704,8704,"Area(0, 0.0, 0.0, 0.0, Dict{String, Any}(""I"" => """", ""ARNAME"" => """", ""PTOL"" => """", ""PDES"" => """", ""ISW"" => """"))"
gen-953,true,true,0.0290002138,0.0,0.03625,"(min = 0.0, max = 0.028999999999999998)","(min = -0.0096875, max = 0.02175)","(up = 0.0001, down = 0.0001)","ThermalGenerationCost(CostCurve{LinearCurve}(LinearCurve(6.603144, 23.06084), UnitSystem.NATURAL_UNITS = 2, LinearCurve(0.0, 0.0)), 0.0, 0.0, 0.0)",100.0,"(up = 1.0, down = 1.0)",false,IC,NATURAL_GAS,Service[],10000.0,,bus-1399,1399,"Area(0, 0.0, 0.0, 0.0, Dict{String, Any}(""I"" => """", ""ARNAME"" => """", ""PTOL"" => """", ""PDES"" => """", ""ISW"" => """"))"
gen-525,true,true,0.6000044299999999,0.0,0.705963171843971,"(min = 0.0, max = 0.6)","(min = -0.2, max = 0.37200000000000005)","(up = 0.0014000000000000002, down = 0.0014000000000000002)","ThermalGenerationCost(CostCurve{LinearCurve}(LinearCurve(7.28651266, 243.047852), UnitSystem.NATURAL_UNITS = 2, LinearCurve(0.0, 0.0)), 0.0, 0.0, 0.0)",100.0,"(up = 1.0, down = 0.0)",false,CT,NATURAL_GAS,Service[],10000.0,,bus-360,360,"Area(0, 0.0, 0.0, 0.0, Dict{String, Any}(""I"" => """", ""ARNAME"" => """", ""PTOL"" => """", ""PDES"" => """", ""ISW"" => """"))"
gen-1397,true,true,0.0,0.0,0.24008007955448718,"(min = 0.0, max = 0.063)","(min = -0.13699999999999998, max = 0.231666667)","(up = 0.0001, down = 0.0001)","ThermalGenerationCost(CostCurve{LinearCurve}(LinearCurve(58.907, 173.53), UnitSystem.NATURAL_UNITS = 2, LinearCurve(0.0, 0.0)), 0.0, 0.0, 0.0)",100.0,"(up = 1.0, down = 1.0)",false,OT,MUNICIPAL_WASTE,Service[],10000.0,,bus-698,698,"Area(0, 0.0, 0.0, 0.0, Dict{String, Any}(""I"" => """", ""ARNAME"" => """", ""PTOL"" => """", ""PDES"" => """", ""ISW"" => """"))"
gen-981,true,true,0.012000088099999999,0.0,0.6157836022945795,"(min = 0.0, max = 0.012)","(min = -0.273666667, max = 0.615666667)","(up = 0.0001, down = 0.0001)","ThermalGenerationCost(CostCurve{LinearCurve}(LinearCurve(7.3428025, 22.7651352), UnitSystem.NATURAL_UNITS = 2, LinearCurve(0.0, 0.0)), 0.0, 0.0, 0.0)",100.0,"(up = 1.0, down = 1.0)",false,IC,NATURAL_GAS,Service[],10000.0,,bus-2396,2396,"Area(0, 0.0, 0.0, 0.0, Dict{String, Any}(""I"" => """", ""ARNAME"" => """", ""PTOL"" => """", ""PDES"" => """", ""ISW"" => """"))"
gen-583,true,true,0.69610085,0.0,0.75,"(min = 0.0, max = 0.75)","(min = 0.0, max = 0.0)","(up = 0.002475, down = 0.002475)","ThermalGenerationCost(CostCurve{LinearCurve}(LinearCurve(15.122921400000001, 434.063826), UnitSystem.NATURAL_UNITS = 2, LinearCurve(0.0, 0.0)), 0.0, 0.0, 0.0)",100.0,"(up = 1.0, down = 0.0)",false,GT,NATURAL_GAS,Service[],10000.0,,bus-1665,1665,"Area(0, 0.0, 0.0, 0.0, Dict{String, Any}(""I"" => """", ""ARNAME"" => """", ""PTOL"" => """", ""PDES"" => """", ""ISW"" => """"))"
gen-520,true,true,0.12400088399999999,0.0,0.19231484602078955,"(min = 0.0, max = 0.124)","(min = -0.147, max = 0.147)","(up = 0.0014000000000000002, down = 0.0014000000000000002)","ThermalGenerationCost(CostCurve{LinearCurve}(LinearCurve(16.3717118, 412.952334), UnitSystem.NATURAL_UNITS = 2, LinearCurve(0.0, 0.0)), 0.0, 0.0, 0.0)",100.0,"(up = 1.0, down = 0.0)",false,CT,NATURAL_GAS,Service[],10000.0,,bus-481,481,"Area(0, 0.0, 0.0, 0.0, Dict{String, Any}(""I"" => """", ""ARNAME"" => """", ""PTOL"" => """", ""PDES"" => """", ""ISW"" => """"))"
gen-1768,true,true,0.0,0.0,0.23414833887706504,"(min = 0.0, max = 0.034)","(min = -0.13699999999999998, max = 0.231666667)","(up = 0.0001, down = 0.0001)","ThermalGenerationCost(CostCurve{LinearCurve}(LinearCurve(58.907, 173.53), UnitSystem.NATURAL_UNITS = 2, LinearCurve(0.0, 0.0)), 0.0, 0.0, 0.0)",100.0,"(up = 1.0, down = 1.0)",false,OT,MUNICIPAL_WASTE,Service[],10000.0,,bus-692,692,"Area(0, 0.0, 0.0, 0.0, Dict{String, Any}(""I"" => """", ""ARNAME"" => """", ""PTOL"" => """", ""PDES"" => """", ""ISW"" => """"))"
gen-2033,true,true,0.0,0.0,0.13935924798878618,"(min = 0.0, max = 0.01)","(min = -0.095, max = 0.139)","(up = 2.64e-5, down = 2.64e-5)","ThermalGenerationCost(CostCurve{LinearCurve}(LinearCurve(22.409643000000003, 554.685123), UnitSystem.NATURAL_UNITS = 2, LinearCurve(0.0, 0.0)), 0.0, 0.0, 0.0)",100.0,"(up = 12.0, down = 6.0)",false,ST,MUNICIPAL_WASTE,Service[],10000.0,,bus-319,319,"Area(0, 0.0, 0.0, 0.0, Dict{String, Any}(""I"" => """", ""ARNAME"" => """", ""PTOL"" => """", ""PDES"" => """", ""ISW"" => """"))"
gen-933,true,true,0.040000282399999997,0.0,0.267804107511442,"(min = 0.0, max = 0.04)","(min = -0.131, max = 0.2648)","(up = 0.0001, down = 0.0001)","ThermalGenerationCost(CostCurve{LinearCurve}(LinearCurve(16.3717119, 243.095114), UnitSystem.NATURAL_UNITS = 2, LinearCurve(0.0, 0.0)), 0.0, 0.0, 0.0)",100.0,"(up = 1.0, down = 1.0)",false,OT,OTHER_GAS,Service[],10000.0,,bus-698,698,"Area(0, 0.0, 0.0, 0.0, Dict{String, Any}(""I"" => """", ""ARNAME"" => """", ""PTOL"" => """", ""PDES"" => """", ""ISW"" => """"))"
gen-482,true,true,0.0,0.0,0.6167544081723292,"(min = 0.0, max = 0.555)","(min = -0.185, max = 0.26899999999999996)","(up = 2.64e-5, down = 2.64e-5)","ThermalGenerationCost(CostCurve{LinearCurve}(LinearCurve(34.4586717, 256.811264), UnitSystem.NATURAL_UNITS = 2, LinearCurve(0.0, 0.0)), 0.0, 0.0, 0.0)",100.0,"(up = 12.0, down = 6.0)",false,ST,WOOD_WASTE_SOLIDS,Service[],10000.0,,bus-774,774,"Area(0, 0.0, 0.0, 0.0, Dict{String, Any}(""I"" => """", ""ARNAME"" => """", ""PTOL"" => """", ""PDES"" => """", ""ISW"" => """"))"
gen-854,true,true,1.73001278,0.0,1.922275734643706,"(min = 0.0, max = 1.73)","(min = -0.5770000000000001, max = 0.838)","(up = 0.0014000000000000002, down = 0.0014000000000000002)","ThermalGenerationCost(CostCurve{LinearCurve}(LinearCurve(9.89195883, 1941.15289), UnitSystem.NATURAL_UNITS = 2, LinearCurve(0.0, 0.0)), 0.0, 0.0, 0.0)",100.0,"(up = 1.0, down = 1.0)",false,CT,NATURAL_GAS,Service[],10000.0,,bus-1834,1834,"Area(0, 0.0, 0.0, 0.0, Dict{String, Any}(""I"" => """", ""ARNAME"" => """", ""PTOL"" => """", ""PDES"" => """", ""ISW"" => """"))"
gen-396,true,true,0.08400062,0.0,0.6213706179526747,"(min = 0.0, max = 0.084)","(min = -0.273666667, max = 0.615666667)","(up = 0.0001, down = 0.0001)","ThermalGenerationCost(CostCurve{LinearCurve}(LinearCurve(6.603145, 74.6992503), UnitSystem.NATURAL_UNITS = 2, LinearCurve(0.0, 0.0)), 0.0, 0.0, 0.0)",100.0,"(up = 1.0, down = 1.0)",false,IC,NATURAL_GAS,Service[],10000.0,,bus-1801,1801,"Area(0, 0.0, 0.0, 0.0, Dict{String, Any}(""I"" => """", ""ARNAME"" => """", ""PTOL"" => """", ""PDES"" => """", ""ISW"" => """"))"
gen-896,true,true,0.844006222,0.0,0.9929073471376875,"(min = 0.0, max = 0.8440000000000001)","(min = -0.281, max = 0.523)","(up = 0.0014000000000000002, down = 0.0014000000000000002)","ThermalGenerationCost(CostCurve{LinearCurve}(LinearCurve(14.9796099, 510.34978), UnitSystem.NATURAL_UNITS = 2, LinearCurve(0.0, 0.0)), 0.0, 0.0, 0.0)",100.0,"(up = 1.0, down = 0.0)",false,CT,NATURAL_GAS,Service[],10000.0,,bus-1797,1797,"Area(0, 0.0, 0.0, 0.0, Dict{String, Any}(""I"" => """", ""ARNAME"" => """", ""PTOL"" => """", ""PDES"" => """", ""ISW"" => """"))"
gen-957,true,true,0.0290002138,0.0,0.03625,"(min = 0.0, max = 0.028999999999999998)","(min = -0.0096875, max = 0.02175)","(up = 0.0001, down = 0.0001)","ThermalGenerationCost(CostCurve{LinearCurve}(LinearCurve(6.603144, 23.06084), UnitSystem.NATURAL_UNITS = 2, LinearCurve(0.0, 0.0)), 0.0, 0.0, 0.0)",100.0,"(up = 1.0, down = 1.0)",false,IC,NATURAL_GAS,Service[],10000.0,,bus-1399,1399,"Area(0, 0.0, 0.0, 0.0, Dict{String, Any}(""I"" => """", ""ARNAME"" => """", ""PTOL"" => """", ""PDES"" => """", ""ISW"" => """"))"
gen-346,true,true,0.07624733489999999,0.0,0.25671969149249146,"(min = 0.0, max = 0.231)","(min = -0.077, max = 0.11199999999999999)","(up = 0.002475, down = 0.002475)","ThermalGenerationCost(CostCurve{LinearCurve}(LinearCurve(16.2591415, 139.009799), UnitSystem.NATURAL_UNITS = 2, LinearCurve(0.0, 0.0)), 0.0, 0.0, 0.0)",100.0,"(up = 1.0, down = 0.0)",false,GT,NATURAL_GAS,Service[],10000.0,,bus-1872,1872,"Area(0, 0.0, 0.0, 0.0, Dict{String, Any}(""I"" => """", ""ARNAME"" => """", ""PTOL"" => """", ""PDES"" => """", ""ISW"" => """"))"
gen-1379,true,true,0.0,0.0,0.14057738082636198,"(min = 0.0, max = 0.021)","(min = -0.095, max = 0.139)","(up = 2.64e-5, down = 2.64e-5)","ThermalGenerationCost(CostCurve{LinearCurve}(LinearCurve(22.409643000000003, 554.685123), UnitSystem.NATURAL_UNITS = 2, LinearCurve(0.0, 0.0)), 0.0, 0.0, 0.0)",100.0,"(up = 12.0, down = 6.0)",false,ST,MUNICIPAL_WASTE,Service[],10000.0,,bus-1799,1799,"Area(0, 0.0, 0.0, 0.0, Dict{String, Any}(""I"" => """", ""ARNAME"" => """", ""PTOL"" => """", ""PDES"" => """", ""ISW"" => """"))"
gen-168,true,true,1.64601216,0.0,2.05780003887647,"(min = 0.0, max = 1.646)","(min = -0.5489999999999999, max = 1.235)","(up = 0.0014000000000000002, down = 0.0014000000000000002)","ThermalGenerationCost(CostCurve{LinearCurve}(LinearCurve(9.85465117, 2635.89483), UnitSystem.NATURAL_UNITS = 2, LinearCurve(0.0, 0.0)), 0.0, 0.0, 0.0)",100.0,"(up = 1.0, down = 1.0)",false,CT,NATURAL_GAS,Service[],10000.0,,bus-7808,7808,"Area(0, 0.0, 0.0, 0.0, Dict{String, Any}(""I"" => """", ""ARNAME"" => """", ""PTOL"" => """", ""PDES"" => """", ""ISW"" => """"))"
gen-631,true,true,0.10624254000000001,0.0,0.2927746573732091,"(min = 0.0, max = 0.249)","(min = -0.083, max = 0.154)","(up = 0.002475, down = 0.002475)","ThermalGenerationCost(CostCurve{LinearCurve}(LinearCurve(15.235242, 144.635755), UnitSystem.NATURAL_UNITS = 2, LinearCurve(0.0, 0.0)), 0.0, 0.0, 0.0)",100.0,"(up = 1.0, down = 0.0)",false,GT,NATURAL_GAS,Service[],10000.0,,bus-1666,1666,"Area(0, 0.0, 0.0, 0.0, Dict{String, Any}(""I"" => """", ""ARNAME"" => """", ""PTOL"" => """", ""PDES"" => """", ""ISW"" => """"))"
gen-259,true,true,0.160001174,0.0,0.6328612347366592,"(min = 0.0, max = 0.16)","(min = -0.358709497, max = 0.612301676)","(up = 0.0014000000000000002, down = 0.0014000000000000002)","ThermalGenerationCost(CostCurve{LinearCurve}(LinearCurve(16.0099954, 818.239169), UnitSystem.NATURAL_UNITS = 2, LinearCurve(0.0, 0.0)), 0.0, 0.0, 0.0)",100.0,"(up = 1.0, down = 0.0)",false,CT,NATURAL_GAS,Service[],10000.0,,bus-426,426,"Area(0, 0.0, 0.0, 0.0, Dict{String, Any}(""I"" => """", ""ARNAME"" => """", ""PTOL"" => """", ""PDES"" => """", ""ISW"" => """"))"
gen-348,true,true,0.07624733489999999,0.0,0.25671969149249146,"(min = 0.0, max = 0.231)","(min = -0.077, max = 0.11199999999999999)","(up = 0.002475, down = 0.002475)","ThermalGenerationCost(CostCurve{LinearCurve}(LinearCurve(16.2591415, 139.009799), UnitSystem.NATURAL_UNITS = 2, LinearCurve(0.0, 0.0)), 0.0, 0.0, 0.0)",100.0,"(up = 1.0, down = 0.0)",false,GT,NATURAL_GAS,Service[],10000.0,,bus-1872,1872,"Area(0, 0.0, 0.0, 0.0, Dict{String, Any}(""I"" => """", ""ARNAME"" => """", ""PTOL"" => """", ""PDES"" => """", ""ISW"" => """"))"
gen-1935,true,true,0.0,0.0,0.1772596964907703,"(min = 0.0, max = 0.11)","(min = -0.095, max = 0.139)","(up = 2.64e-5, down = 2.64e-5)","ThermalGenerationCost(CostCurve{LinearCurve}(LinearCurve(22.409643000000003, 554.685123), UnitSystem.NATURAL_UNITS = 2, LinearCurve(0.0, 0.0)), 0.0, 0.0, 0.0)",100.0,"(up = 12.0, down = 6.0)",false,ST,MUNICIPAL_WASTE,Service[],10000.0,,bus-8730,8730,"Area(0, 0.0, 0.0, 0.0, Dict{String, Any}(""I"" => """", ""ARNAME"" => """", ""PTOL"" => """", ""PDES"" => """", ""ISW"" => """"))"
gen-1256,true,true,0.0,0.0,0.013999999999999999,"(min = 0.0, max = 0.013999999999999999)","(min = 0.0, max = 0.0)","(up = 0.0001, down = 0.0001)","ThermalGenerationCost(CostCurve{LinearCurve}(LinearCurve(24.5037276, 248.251086), UnitSystem.NATURAL_UNITS = 2, LinearCurve(0.0, 0.0)), 0.0, 0.0, 0.0)",100.0,"(up = 1.0, down = 1.0)",false,OT,NATURAL_GAS,Service[],10000.0,,bus-1034,1034,"Area(0, 0.0, 0.0, 0.0, Dict{String, Any}(""I"" => """", ""ARNAME"" => """", ""PTOL"" => """", ""PDES"" => """", ""ISW"" => """"))"
gen-776,true,true,0.0,0.0,0.1,"(min = 0.0, max = 0.1)","(min = 0.0, max = 0.0)","(up = 0.0001, down = 0.0001)","ThermalGenerationCost(CostCurve{LinearCurve}(LinearCurve(24.5037276, 248.251086), UnitSystem.NATURAL_UNITS = 2, LinearCurve(0.0, 0.0)), 0.0, 0.0, 0.0)",100.0,"(up = 1.0, down = 1.0)",false,OT,NATURAL_GAS,Service[],10000.0,,bus-1703,1703,"Area(0, 0.0, 0.0, 0.0, Dict{String, Any}(""I"" => """", ""ARNAME"" => """", ""PTOL"" => """", ""PDES"" => """", ""ISW"" => """"))"
gen-834,true,true,2.20574694,0.0,3.29979832717092,"(min = 0.0, max = 2.805)","(min = -0.935, max = 1.7380000000000002)","(up = 0.0014000000000000002, down = 0.0014000000000000002)","ThermalGenerationCost(CostCurve{LinearCurve}(LinearCurve(13.518512, 1034.53204), UnitSystem.NATURAL_UNITS = 2, LinearCurve(0.0, 0.0)), 0.0, 0.0, 0.0)",100.0,"(up = 1.0, down = 1.0)",false,CT,NATURAL_GAS,Service[],10000.0,,bus-1589,1589,"Area(0, 0.0, 0.0, 0.0, Dict{String, Any}(""I"" => """", ""ARNAME"" => """", ""PTOL"" => """", ""PDES"" => """", ""ISW"" => """"))"
gen-1245,true,true,0.698771615,0.0,1.0297288697141185,"(min = 0.0, max = 1.0)","(min = -0.143219355, max = 0.245645161)","(up = 0.002475, down = 0.002475)","ThermalGenerationCost(CostCurve{LinearCurve}(LinearCurve(15.1584724, 428.748492), UnitSystem.NATURAL_UNITS = 2, LinearCurve(0.0, 0.0)), 0.0, 0.0, 0.0)",100.0,"(up = 1.0, down = 1.0)",false,GT,NATURAL_GAS,Service[],10000.0,,bus-7989,7989,"Area(0, 0.0, 0.0, 0.0, Dict{String, Any}(""I"" => """", ""ARNAME"" => """", ""PTOL"" => """", ""PDES"" => """", ""ISW"" => """"))"
gen-729,true,true,0.0,0.0,0.1422005625867915,"(min = 0.0, max = 0.03)","(min = -0.095, max = 0.139)","(up = 2.64e-5, down = 2.64e-5)","ThermalGenerationCost(CostCurve{LinearCurve}(LinearCurve(22.409643000000003, 554.685123), UnitSystem.NATURAL_UNITS = 2, LinearCurve(0.0, 0.0)), 0.0, 0.0, 0.0)",100.0,"(up = 12.0, down = 6.0)",false,ST,MUNICIPAL_WASTE,Service[],10000.0,,bus-714,714,"Area(0, 0.0, 0.0, 0.0, Dict{String, Any}(""I"" => """", ""ARNAME"" => """", ""PTOL"" => """", ""PDES"" => """", ""ISW"" => """"))"
gen-1167,true,true,0.556751661,0.0,2.0845242970814026,"(min = 0.0, max = 2.07)","(min = -0.143219355, max = 0.245645161)","(up = 0.002475, down = 0.002475)","ThermalGenerationCost(CostCurve{LinearCurve}(LinearCurve(14.5116537, 283.573452), UnitSystem.NATURAL_UNITS = 2, LinearCurve(0.0, 0.0)), 0.0, 0.0, 0.0)",100.0,"(up = 1.0, down = 1.0)",false,GT,NATURAL_GAS,Service[],10000.0,,bus-1595,1595,"Area(0, 0.0, 0.0, 0.0, Dict{String, Any}(""I"" => """", ""ARNAME"" => """", ""PTOL"" => """", ""PDES"" => """", ""ISW"" => """"))"
gen-239,true,true,0.49982791,0.0,1.0968603124932161,"(min = 0.0, max = 1.069)","(min = -0.143219355, max = 0.245645161)","(up = 0.002475, down = 0.002475)","ThermalGenerationCost(CostCurve{LinearCurve}(LinearCurve(11.920415600000002, 252.039838), UnitSystem.NATURAL_UNITS = 2, LinearCurve(0.0, 0.0)), 0.0, 0.0, 0.0)",100.0,"(up = 1.0, down = 1.0)",false,GT,NATURAL_GAS,Service[],10000.0,,bus-7773,7773,"Area(0, 0.0, 0.0, 0.0, Dict{String, Any}(""I"" => """", ""ARNAME"" => """", ""PTOL"" => """", ""PDES"" => """", ""ISW"" => """"))"
gen-342,true,true,0.550004063,0.0,0.6109468061951057,"(min = 0.0, max = 0.55)","(min = -0.183, max = 0.266)","(up = 0.0001, down = 0.0001)","ThermalGenerationCost(CostCurve{LinearCurve}(LinearCurve(0.0, 0.0), UnitSystem.NATURAL_UNITS = 2, LinearCurve(0.0, 0.0)), 0.0, 0.0, 0.0)",100.0,"(up = 1000.0, down = 300.0)",false,OT,GEOTHERMAL,Service[],10000.0,,bus-2250,2250,"Area(0, 0.0, 0.0, 0.0, Dict{String, Any}(""I"" => """", ""ARNAME"" => """", ""PTOL"" => """", ""PDES"" => """", ""ISW"" => """"))"
gen-967,true,true,0.52733345,0.0,0.7117935093831638,"(min = 0.0, max = 0.605)","(min = -0.20199999999999999, max = 0.375)","(up = 0.002475, down = 0.002475)","ThermalGenerationCost(CostCurve{LinearCurve}(LinearCurve(14.2003257, 300.93146), UnitSystem.NATURAL_UNITS = 2, LinearCurve(0.0, 0.0)), 0.0, 0.0, 0.0)",100.0,"(up = 1.0, down = 0.0)",false,GT,NATURAL_GAS,Service[],10000.0,,bus-1652,1652,"Area(0, 0.0, 0.0, 0.0, Dict{String, Any}(""I"" => """", ""ARNAME"" => """", ""PTOL"" => """", ""PDES"" => """", ""ISW"" => """"))"
gen-686,true,true,0.0,0.0,0.23188239389589044,"(min = 0.0, max = 0.01)","(min = -0.13699999999999998, max = 0.231666667)","(up = 0.0001, down = 0.0001)","ThermalGenerationCost(CostCurve{LinearCurve}(LinearCurve(58.907, 173.53), UnitSystem.NATURAL_UNITS = 2, LinearCurve(0.0, 0.0)), 0.0, 0.0, 0.0)",100.0,"(up = 1.0, down = 1.0)",false,OT,MUNICIPAL_WASTE,Service[],10000.0,,bus-1600,1600,"Area(0, 0.0, 0.0, 0.0, Dict{String, Any}(""I"" => """", ""ARNAME"" => """", ""PTOL"" => """", ""PDES"" => """", ""ISW"" => """"))"
gen-524,true,true,0.0,0.0,0.22056320841484423,"(min = 0.0, max = 0.12)","(min = -0.10325, max = 0.18506250000000002)","(up = 2.64e-5, down = 2.64e-5)","ThermalGenerationCost(CostCurve{LinearCurve}(LinearCurve(34.6938271, 205.867441), UnitSystem.NATURAL_UNITS = 2, LinearCurve(0.0, 0.0)), 0.0, 0.0, 0.0)",100.0,"(up = 12.0, down = 6.0)",false,ST,WOOD_WASTE_SOLIDS,Service[],10000.0,,bus-2338,2338,"Area(0, 0.0, 0.0, 0.0, Dict{String, Any}(""I"" => """", ""ARNAME"" => """", ""PTOL"" => """", ""PDES"" => """", ""ISW"" => """"))"
gen-1072,true,true,0.0,0.0,0.23221852768220042,"(min = 0.0, max = 0.016)","(min = -0.13699999999999998, max = 0.231666667)","(up = 0.0001, down = 0.0001)","ThermalGenerationCost(CostCurve{LinearCurve}(LinearCurve(58.907, 173.53), UnitSystem.NATURAL_UNITS = 2, LinearCurve(0.0, 0.0)), 0.0, 0.0, 0.0)",100.0,"(up = 1.0, down = 1.0)",false,OT,MUNICIPAL_WASTE,Service[],10000.0,,bus-1884,1884,"Area(0, 0.0, 0.0, 0.0, Dict{String, Any}(""I"" => """", ""ARNAME"" => """", ""PTOL"" => """", ""PDES"" => """", ""ISW"" => """"))"
gen-864,true,true,0.0,0.0,0.23184142123203283,"(min = 0.0, max = 0.009000000000000001)","(min = -0.13699999999999998, max = 0.231666667)","(up = 0.0001, down = 0.0001)","ThermalGenerationCost(CostCurve{LinearCurve}(LinearCurve(58.907, 173.53), UnitSystem.NATURAL_UNITS = 2, LinearCurve(0.0, 0.0)), 0.0, 0.0, 0.0)",100.0,"(up = 1.0, down = 1.0)",false,OT,MUNICIPAL_WASTE,Service[],10000.0,,bus-2039,2039,"Area(0, 0.0, 0.0, 0.0, Dict{String, Any}(""I"" => """", ""ARNAME"" => """", ""PTOL"" => """", ""PDES"" => """", ""ISW"" => """"))"
gen-735,true,true,0.0310002272,0.0,0.24759350783636455,"(min = 0.0, max = 0.031)","(min = -0.143219355, max = 0.245645161)","(up = 0.002475, down = 0.002475)","ThermalGenerationCost(CostCurve{LinearCurve}(LinearCurve(13.502241700000003, 315.964182), UnitSystem.NATURAL_UNITS = 2, LinearCurve(0.0, 0.0)), 0.0, 0.0, 0.0)",100.0,"(up = 1.0, down = 0.0)",false,GT,NATURAL_GAS,Service[],10000.0,,bus-1675,1675,"Area(0, 0.0, 0.0, 0.0, Dict{String, Any}(""I"" => """", ""ARNAME"" => """", ""PTOL"" => """", ""PDES"" => """", ""ISW"" => """"))"
gen-411,true,true,0.0,0.0,0.075,"(min = 0.0, max = 0.06)","(min = -0.02, max = 0.045)","(up = 0.0001, down = 0.0001)","ThermalGenerationCost(CostCurve{LinearCurve}(LinearCurve(25.05, 57.6), UnitSystem.NATURAL_UNITS = 2, LinearCurve(0.0, 0.0)), 0.0, 0.0, 0.0)",100.0,"(up = 1.0, down = 1.0)",false,IC,RESIDUAL_FUEL_OIL,Service[],10000.0,,bus-552,552,"Area(0, 0.0, 0.0, 0.0, Dict{String, Any}(""I"" => """", ""ARNAME"" => """", ""PTOL"" => """", ""PDES"" => """", ""ISW"" => """"))"
gen-153,true,true,0.523033303,0.0,0.6999464265213446,"(min = 0.0, max = 0.63)","(min = -0.21, max = 0.305)","(up = 0.002475, down = 0.002475)","ThermalGenerationCost(CostCurve{LinearCurve}(LinearCurve(14.1545215, 301.435141), UnitSystem.NATURAL_UNITS = 2, LinearCurve(0.0, 0.0)), 0.0, 0.0, 0.0)",100.0,"(up = 1.0, down = 0.0)",false,GT,NATURAL_GAS,Service[],10000.0,,bus-8347,8347,"Area(0, 0.0, 0.0, 0.0, Dict{String, Any}(""I"" => """", ""ARNAME"" => """", ""PTOL"" => """", ""PDES"" => """", ""ISW"" => """"))"
gen-890,true,true,0.45000332200000004,0.0,0.45,"(min = 0.0, max = 0.45)","(min = 0.0, max = 0.0)","(up = 0.002475, down = 0.002475)","ThermalGenerationCost(CostCurve{LinearCurve}(LinearCurve(13.5866207, 314.719718), UnitSystem.NATURAL_UNITS = 2, LinearCurve(0.0, 0.0)), 0.0, 0.0, 0.0)",100.0,"(up = 1.0, down = 0.0)",false,GT,NATURAL_GAS,Service[],10000.0,,bus-1821,1821,"Area(0, 0.0, 0.0, 0.0, Dict{String, Any}(""I"" => """", ""ARNAME"" => """", ""PTOL"" => """", ""PDES"" => """", ""ISW"" => """"))"
gen-1229,true,true,0.698771615,0.0,1.0297288697141185,"(min = 0.0, max = 1.0)","(min = -0.143219355, max = 0.245645161)","(up = 0.002475, down = 0.002475)","ThermalGenerationCost(CostCurve{LinearCurve}(LinearCurve(15.1584724, 428.748492), UnitSystem.NATURAL_UNITS = 2, LinearCurve(0.0, 0.0)), 0.0, 0.0, 0.0)",100.0,"(up = 1.0, down = 1.0)",false,GT,NATURAL_GAS,Service[],10000.0,,bus-1855,1855,"Area(0, 0.0, 0.0, 0.0, Dict{String, Any}(""I"" => """", ""ARNAME"" => """", ""PTOL"" => """", ""PDES"" => """", ""ISW"" => """"))"
gen-469,true,true,0.0,0.0,0.3086979822397433,"(min = 0.0, max = 0.015)","(min = -0.20800000000000002, max = 0.308333333)","(up = 0.0001, down = 0.0001)","ThermalGenerationCost(CostCurve{LinearCurve}(LinearCurve(25.05, 57.6), UnitSystem.NATURAL_UNITS = 2, LinearCurve(0.0, 0.0)), 0.0, 0.0, 0.0)",100.0,"(up = 1.0, down = 1.0)",false,IC,RESIDUAL_FUEL_OIL,Service[],10000.0,,bus-8199,8199,"Area(0, 0.0, 0.0, 0.0, Dict{String, Any}(""I"" => """", ""ARNAME"" => """", ""PTOL"" => """", ""PDES"" => """", ""ISW"" => """"))"
gen-1300,true,true,0.0100000733,0.0,0.6157478744217383,"(min = 0.0, max = 0.01)","(min = -0.273666667, max = 0.615666667)","(up = 0.0001, down = 0.0001)","ThermalGenerationCost(CostCurve{LinearCurve}(LinearCurve(7.3428025, 22.7651352), UnitSystem.NATURAL_UNITS = 2, LinearCurve(0.0, 0.0)), 0.0, 0.0, 0.0)",100.0,"(up = 1.0, down = 1.0)",false,IC,NATURAL_GAS,Service[],10000.0,,bus-8790,8790,"Area(0, 0.0, 0.0, 0.0, Dict{String, Any}(""I"" => """", ""ARNAME"" => """", ""PTOL"" => """", ""PDES"" => """", ""ISW"" => """"))"
gen-1059,true,true,0.500003647,0.0,0.5570830684222201,"(min = 0.0, max = 0.5)","(min = -0.143219355, max = 0.245645161)","(up = 0.002475, down = 0.002475)","ThermalGenerationCost(CostCurve{LinearCurve}(LinearCurve(14.5116537, 283.573452), UnitSystem.NATURAL_UNITS = 2, LinearCurve(0.0, 0.0)), 0.0, 0.0, 0.0)",100.0,"(up = 1.0, down = 0.0)",false,GT,NATURAL_GAS,Service[],10000.0,,bus-2365,2365,"Area(0, 0.0, 0.0, 0.0, Dict{String, Any}(""I"" => """", ""ARNAME"" => """", ""PTOL"" => """", ""PDES"" => """", ""ISW"" => """"))"
gen-2057,true,true,0.0,0.0,0.026000000000000002,"(min = 0.0, max = 0.026000000000000002)","(min = 0.0, max = 0.0)","(up = 0.0001, down = 0.0001)","ThermalGenerationCost(CostCurve{LinearCurve}(LinearCurve(24.5037276, 248.251086), UnitSystem.NATURAL_UNITS = 2, LinearCurve(0.0, 0.0)), 0.0, 0.0, 0.0)",100.0,"(up = 1.0, down = 1.0)",false,OT,NATURAL_GAS,Service[],10000.0,,bus-2373,2373,"Area(0, 0.0, 0.0, 0.0, Dict{String, Any}(""I"" => """", ""ARNAME"" => """", ""PTOL"" => """", ""PDES"" => """", ""ISW"" => """"))"
gen-1164,true,true,0.556751661,0.0,2.0845242970814026,"(min = 0.0, max = 2.07)","(min = -0.143219355, max = 0.245645161)","(up = 0.002475, down = 0.002475)","ThermalGenerationCost(CostCurve{LinearCurve}(LinearCurve(14.5116537, 283.573452), UnitSystem.NATURAL_UNITS = 2, LinearCurve(0.0, 0.0)), 0.0, 0.0, 0.0)",100.0,"(up = 1.0, down = 1.0)",false,GT,NATURAL_GAS,Service[],10000.0,,bus-1595,1595,"Area(0, 0.0, 0.0, 0.0, Dict{String, Any}(""I"" => """", ""ARNAME"" => """", ""PTOL"" => """", ""PDES"" => """", ""ISW"" => """"))"
gen-344,true,true,0.0973713974,0.0,0.2768429157482633,"(min = 0.0, max = 0.249)","(min = -0.083, max = 0.121)","(up = 0.002475, down = 0.002475)","ThermalGenerationCost(CostCurve{LinearCurve}(LinearCurve(15.6387635, 141.922833), UnitSystem.NATURAL_UNITS = 2, LinearCurve(0.0, 0.0)), 0.0, 0.0, 0.0)",100.0,"(up = 1.0, down = 0.0)",false,GT,NATURAL_GAS,Service[],10000.0,,bus-8292,8292,"Area(0, 0.0, 0.0, 0.0, Dict{String, Any}(""I"" => """", ""ARNAME"" => """", ""PTOL"" => """", ""PDES"" => """", ""ISW"" => """"))"
gen-1454,true,true,0.038000277,0.0,0.6134797000980626,"(min = 0.0, max = 0.038)","(min = -0.358709497, max = 0.612301676)","(up = 0.0014000000000000002, down = 0.0014000000000000002)","ThermalGenerationCost(CostCurve{LinearCurve}(LinearCurve(15.236961, 1547.8861), UnitSystem.NATURAL_UNITS = 2, LinearCurve(0.0, 0.0)), 0.0, 0.0, 0.0)",100.0,"(up = 1.0, down = 0.0)",false,CT,NATURAL_GAS,Service[],10000.0,,bus-2324,2324,"Area(0, 0.0, 0.0, 0.0, Dict{String, Any}(""I"" => """", ""ARNAME"" => """", ""PTOL"" => """", ""PDES"" => """", ""ISW"" => """"))"
gen-1636,true,true,0.0,0.0,0.13935924798878618,"(min = 0.0, max = 0.01)","(min = -0.095, max = 0.139)","(up = 2.64e-5, down = 2.64e-5)","ThermalGenerationCost(CostCurve{LinearCurve}(LinearCurve(22.409643000000003, 554.685123), UnitSystem.NATURAL_UNITS = 2, LinearCurve(0.0, 0.0)), 0.0, 0.0, 0.0)",100.0,"(up = 12.0, down = 6.0)",false,ST,MUNICIPAL_WASTE,Service[],10000.0,,bus-258,258,"Area(0, 0.0, 0.0, 0.0, Dict{String, Any}(""I"" => """", ""ARNAME"" => """", ""PTOL"" => """", ""PDES"" => """", ""ISW"" => """"))"
gen-237,true,true,1.18900878,0.0,1.3373983484483631,"(min = 0.0, max = 1.189)","(min = -0.358709497, max = 0.612301676)","(up = 0.0014000000000000002, down = 0.0014000000000000002)","ThermalGenerationCost(CostCurve{LinearCurve}(LinearCurve(13.471932000000002, 874.243191), UnitSystem.NATURAL_UNITS = 2, LinearCurve(0.0, 0.0)), 0.0, 0.0, 0.0)",100.0,"(up = 1.0, down = 1.0)",false,CT,NATURAL_GAS,Service[],10000.0,,bus-7773,7773,"Area(0, 0.0, 0.0, 0.0, Dict{String, Any}(""I"" => """", ""ARNAME"" => """", ""PTOL"" => """", ""PDES"" => """", ""ISW"" => """"))"
gen-43,true,true,0.16700123300000003,0.0,0.2087333343829329,"(min = 0.0, max = 0.16699999999999998)","(min = -0.0556666667, max = 0.125222222)","(up = 0.0001, down = 0.0001)","ThermalGenerationCost(CostCurve{LinearCurve}(LinearCurve(6.603145, 74.6992503), UnitSystem.NATURAL_UNITS = 2, LinearCurve(0.0, 0.0)), 0.0, 0.0, 0.0)",100.0,"(up = 1.0, down = 1.0)",false,IC,NATURAL_GAS,Service[],10000.0,,bus-170,170,"Area(0, 0.0, 0.0, 0.0, Dict{String, Any}(""I"" => """", ""ARNAME"" => """", ""PTOL"" => """", ""PDES"" => """", ""ISW"" => """"))"
gen-241,true,true,0.513654685,0.0,0.7117935093831638,"(min = 0.0, max = 0.605)","(min = -0.20199999999999999, max = 0.375)","(up = 0.002475, down = 0.002475)","ThermalGenerationCost(CostCurve{LinearCurve}(LinearCurve(14.4193436, 299.16754), UnitSystem.NATURAL_UNITS = 2, LinearCurve(0.0, 0.0)), 0.0, 0.0, 0.0)",100.0,"(up = 1.0, down = 0.0)",false,GT,NATURAL_GAS,Service[],10000.0,,bus-8018,8018,"Area(0, 0.0, 0.0, 0.0, Dict{String, Any}(""I"" => """", ""ARNAME"" => """", ""PTOL"" => """", ""PDES"" => """", ""ISW"" => """"))"
gen-471,true,true,0.052000382500000004,0.0,0.25108871962458995,"(min = 0.0, max = 0.052000000000000005)","(min = -0.143219355, max = 0.245645161)","(up = 0.002475, down = 0.002475)","ThermalGenerationCost(CostCurve{LinearCurve}(LinearCurve(13.502241700000003, 315.964182), UnitSystem.NATURAL_UNITS = 2, LinearCurve(0.0, 0.0)), 0.0, 0.0, 0.0)",100.0,"(up = 1.0, down = 0.0)",false,GT,NATURAL_GAS,Service[],10000.0,,bus-989,989,"Area(0, 0.0, 0.0, 0.0, Dict{String, Any}(""I"" => """", ""ARNAME"" => """", ""PTOL"" => """", ""PDES"" => """", ""ISW"" => """"))"
gen-622,true,true,0.49500362000000003,0.0,0.5824723169387537,"(min = 0.0, max = 0.495)","(min = -0.165, max = 0.307)","(up = 0.002475, down = 0.002475)","ThermalGenerationCost(CostCurve{LinearCurve}(LinearCurve(14.5896751, 282.545376), UnitSystem.NATURAL_UNITS = 2, LinearCurve(0.0, 0.0)), 0.0, 0.0, 0.0)",100.0,"(up = 1.0, down = 0.0)",false,GT,NATURAL_GAS,Service[],10000.0,,bus-1893,1893,"Area(0, 0.0, 0.0, 0.0, Dict{String, Any}(""I"" => """", ""ARNAME"" => """", ""PTOL"" => """", ""PDES"" => """", ""ISW"" => """"))"
gen-603,true,true,0.0,0.0,0.13908989898623123,"(min = 0.0, max = 0.005)","(min = -0.095, max = 0.139)","(up = 2.64e-5, down = 2.64e-5)","ThermalGenerationCost(CostCurve{LinearCurve}(LinearCurve(22.409643000000003, 554.685123), UnitSystem.NATURAL_UNITS = 2, LinearCurve(0.0, 0.0)), 0.0, 0.0, 0.0)",100.0,"(up = 12.0, down = 6.0)",false,ST,MUNICIPAL_WASTE,Service[],10000.0,,bus-1895,1895,"Area(0, 0.0, 0.0, 0.0, Dict{String, Any}(""I"" => """", ""ARNAME"" => """", ""PTOL"" => """", ""PDES"" => """", ""ISW"" => """"))"
gen-590,true,true,0.028000205,0.0,0.24723580873877457,"(min = 0.0, max = 0.027999999999999997)","(min = -0.143219355, max = 0.245645161)","(up = 0.002475, down = 0.002475)","ThermalGenerationCost(CostCurve{LinearCurve}(LinearCurve(13.502241700000003, 315.964182), UnitSystem.NATURAL_UNITS = 2, LinearCurve(0.0, 0.0)), 0.0, 0.0, 0.0)",100.0,"(up = 1.0, down = 0.0)",false,GT,NATURAL_GAS,Service[],10000.0,,bus-686,686,"Area(0, 0.0, 0.0, 0.0, Dict{String, Any}(""I"" => """", ""ARNAME"" => """", ""PTOL"" => """", ""PDES"" => """", ""ISW"" => """"))"
gen-945,true,true,0.10000073699999999,0.0,0.125,"(min = 0.0, max = 0.1)","(min = -0.03325, max = 0.075)","(up = 0.002475, down = 0.002475)","ThermalGenerationCost(CostCurve{LinearCurve}(LinearCurve(13.502241700000003, 315.964182), UnitSystem.NATURAL_UNITS = 2, LinearCurve(0.0, 0.0)), 0.0, 0.0, 0.0)",100.0,"(up = 1.0, down = 0.0)",false,GT,NATURAL_GAS,Service[],10000.0,,bus-1859,1859,"Area(0, 0.0, 0.0, 0.0, Dict{String, Any}(""I"" => """", ""ARNAME"" => """", ""PTOL"" => """", ""PDES"" => """", ""ISW"" => """"))"
gen-58,true,true,1.8182405,0.0,2.7411742009584144,"(min = 0.0, max = 2.33)","(min = -0.777, max = 1.444)","(up = 0.0014000000000000002, down = 0.0014000000000000002)","ThermalGenerationCost(CostCurve{LinearCurve}(LinearCurve(13.4742144, 878.874372), UnitSystem.NATURAL_UNITS = 2, LinearCurve(0.0, 0.0)), 0.0, 0.0, 0.0)",100.0,"(up = 1.0, down = 1.0)",false,CT,NATURAL_GAS,Service[],10000.0,,bus-7971,7971,"Area(0, 0.0, 0.0, 0.0, Dict{String, Any}(""I"" => """", ""ARNAME"" => """", ""PTOL"" => """", ""PDES"" => """", ""ISW"" => """"))"
gen-566,true,true,0.051000373200000004,0.0,0.6144219579673312,"(min = 0.0, max = 0.051)","(min = -0.358709497, max = 0.612301676)","(up = 0.0014000000000000002, down = 0.0014000000000000002)","ThermalGenerationCost(CostCurve{LinearCurve}(LinearCurve(15.236961, 1547.8861), UnitSystem.NATURAL_UNITS = 2, LinearCurve(0.0, 0.0)), 0.0, 0.0, 0.0)",100.0,"(up = 1.0, down = 0.0)",false,CT,NATURAL_GAS,Service[],10000.0,,bus-1118,1118,"Area(0, 0.0, 0.0, 0.0, Dict{String, Any}(""I"" => """", ""ARNAME"" => """", ""PTOL"" => """", ""PDES"" => """", ""ISW"" => """"))"
gen-835,true,true,1.8200134399999999,0.0,1.82,"(min = 0.0, max = 1.82)","(min = 0.0, max = 0.0)","(up = 0.0014000000000000002, down = 0.0014000000000000002)","ThermalGenerationCost(CostCurve{LinearCurve}(LinearCurve(10.3999001, 1377.47488), UnitSystem.NATURAL_UNITS = 2, LinearCurve(0.0, 0.0)), 0.0, 0.0, 0.0)",100.0,"(up = 1.0, down = 1.0)",false,CT,NATURAL_GAS,Service[],10000.0,,bus-8185,8185,"Area(0, 0.0, 0.0, 0.0, Dict{String, Any}(""I"" => """", ""ARNAME"" => """", ""PTOL"" => """", ""PDES"" => """", ""ISW"" => """"))"
gen-1244,true,true,0.698771615,0.0,1.0297288697141185,"(min = 0.0, max = 1.0)","(min = -0.143219355, max = 0.245645161)","(up = 0.002475, down = 0.002475)","ThermalGenerationCost(CostCurve{LinearCurve}(LinearCurve(15.1584724, 428.748492), UnitSystem.NATURAL_UNITS = 2, LinearCurve(0.0, 0.0)), 0.0, 0.0, 0.0)",100.0,"(up = 1.0, down = 1.0)",false,GT,NATURAL_GAS,Service[],10000.0,,bus-7989,7989,"Area(0, 0.0, 0.0, 0.0, Dict{String, Any}(""I"" => """", ""ARNAME"" => """", ""PTOL"" => """", ""PDES"" => """", ""ISW"" => """"))"
gen-1807,true,true,0.0,0.0,0.011000000000000001,"(min = 0.0, max = 0.011000000000000001)","(min = 0.0, max = 0.0)","(up = 0.0001, down = 0.0001)","ThermalGenerationCost(CostCurve{LinearCurve}(LinearCurve(24.5037276, 248.251086), UnitSystem.NATURAL_UNITS = 2, LinearCurve(0.0, 0.0)), 0.0, 0.0, 0.0)",100.0,"(up = 1.0, down = 1.0)",false,OT,NATURAL_GAS,Service[],10000.0,,bus-7808,7808,"Area(0, 0.0, 0.0, 0.0, Dict{String, Any}(""I"" => """", ""ARNAME"" => """", ""PTOL"" => """", ""PDES"" => """", ""ISW"" => """"))"
gen-956,true,true,0.0290002138,0.0,0.03625,"(min = 0.0, max = 0.028999999999999998)","(min = -0.0096875, max = 0.02175)","(up = 0.0001, down = 0.0001)","ThermalGenerationCost(CostCurve{LinearCurve}(LinearCurve(6.603144, 23.06084), UnitSystem.NATURAL_UNITS = 2, LinearCurve(0.0, 0.0)), 0.0, 0.0, 0.0)",100.0,"(up = 1.0, down = 1.0)",false,IC,NATURAL_GAS,Service[],10000.0,,bus-1399,1399,"Area(0, 0.0, 0.0, 0.0, Dict{String, Any}(""I"" => """", ""ARNAME"" => """", ""PTOL"" => """", ""PDES"" => """", ""ISW"" => """"))"
gen-1683,true,true,0.698771617,0.0,1.3406959182166238,"(min = 0.0, max = 1.318)","(min = -0.143219355, max = 0.245645161)","(up = 0.002475, down = 0.002475)","ThermalGenerationCost(CostCurve{LinearCurve}(LinearCurve(15.1584724, 428.748492), UnitSystem.NATURAL_UNITS = 2, LinearCurve(0.0, 0.0)), 0.0, 0.0, 0.0)",100.0,"(up = 1.0, down = 1.0)",false,GT,NATURAL_GAS,Service[],10000.0,,bus-1056,1056,"Area(0, 0.0, 0.0, 0.0, Dict{String, Any}(""I"" => """", ""ARNAME"" => """", ""PTOL"" => """", ""PDES"" => """", ""ISW"" => """"))"
gen-954,true,true,0.0290002138,0.0,0.03625,"(min = 0.0, max = 0.028999999999999998)","(min = -0.0096875, max = 0.02175)","(up = 0.0001, down = 0.0001)","ThermalGenerationCost(CostCurve{LinearCurve}(LinearCurve(6.603144, 23.06084), UnitSystem.NATURAL_UNITS = 2, LinearCurve(0.0, 0.0)), 0.0, 0.0, 0.0)",100.0,"(up = 1.0, down = 1.0)",false,IC,NATURAL_GAS,Service[],10000.0,,bus-1399,1399,"Area(0, 0.0, 0.0, 0.0, Dict{String, Any}(""I"" => """", ""ARNAME"" => """", ""PTOL"" => """", ""PDES"" => """", ""ISW"" => """"))"
gen-836,true,true,1.8200134399999999,0.0,1.82,"(min = 0.0, max = 1.82)","(min = 0.0, max = 0.0)","(up = 0.0014000000000000002, down = 0.0014000000000000002)","ThermalGenerationCost(CostCurve{LinearCurve}(LinearCurve(10.3999001, 1377.47488), UnitSystem.NATURAL_UNITS = 2, LinearCurve(0.0, 0.0)), 0.0, 0.0, 0.0)",100.0,"(up = 1.0, down = 1.0)",false,CT,NATURAL_GAS,Service[],10000.0,,bus-8185,8185,"Area(0, 0.0, 0.0, 0.0, Dict{String, Any}(""I"" => """", ""ARNAME"" => """", ""PTOL"" => """", ""PDES"" => """", ""ISW"" => """"))"
gen-950,true,true,0.0290002138,0.0,0.03625,"(min = 0.0, max = 0.028999999999999998)","(min = -0.0096875, max = 0.02175)","(up = 0.0001, down = 0.0001)","ThermalGenerationCost(CostCurve{LinearCurve}(LinearCurve(6.603144, 23.06084), UnitSystem.NATURAL_UNITS = 2, LinearCurve(0.0, 0.0)), 0.0, 0.0, 0.0)",100.0,"(up = 1.0, down = 1.0)",false,IC,NATURAL_GAS,Service[],10000.0,,bus-1399,1399,"Area(0, 0.0, 0.0, 0.0, Dict{String, Any}(""I"" => """", ""ARNAME"" => """", ""PTOL"" => """", ""PDES"" => """", ""ISW"" => """"))"
gen-1399,true,true,0.0,0.0,0.24008007955448718,"(min = 0.0, max = 0.063)","(min = -0.13699999999999998, max = 0.231666667)","(up = 0.0001, down = 0.0001)","ThermalGenerationCost(CostCurve{LinearCurve}(LinearCurve(58.907, 173.53), UnitSystem.NATURAL_UNITS = 2, LinearCurve(0.0, 0.0)), 0.0, 0.0, 0.0)",100.0,"(up = 1.0, down = 1.0)",false,OT,MUNICIPAL_WASTE,Service[],10000.0,,bus-698,698,"Area(0, 0.0, 0.0, 0.0, Dict{String, Any}(""I"" => """", ""ARNAME"" => """", ""PTOL"" => """", ""PDES"" => """", ""ISW"" => """"))"
gen-480,true,true,0.908006707,0.0,1.0683786781848466,"(min = 0.0, max = 0.9079999999999999)","(min = -0.303, max = 0.563)","(up = 0.0014000000000000002, down = 0.0014000000000000002)","ThermalGenerationCost(CostCurve{LinearCurve}(LinearCurve(9.79517349, 1565.83201), UnitSystem.NATURAL_UNITS = 2, LinearCurve(0.0, 0.0)), 0.0, 0.0, 0.0)",100.0,"(up = 1.0, down = 1.0)",false,CT,NATURAL_GAS,Service[],10000.0,,bus-1660,1660,"Area(0, 0.0, 0.0, 0.0, Dict{String, Any}(""I"" => """", ""ARNAME"" => """", ""PTOL"" => """", ""PDES"" => """", ""ISW"" => """"))"
gen-873,true,true,1.68001241,0.0,1.9763807831488343,"(min = 0.0, max = 1.68)","(min = -0.56, max = 1.041)","(up = 0.0014000000000000002, down = 0.0014000000000000002)","ThermalGenerationCost(CostCurve{LinearCurve}(LinearCurve(9.86947683, 2334.13617), UnitSystem.NATURAL_UNITS = 2, LinearCurve(0.0, 0.0)), 0.0, 0.0, 0.0)",100.0,"(up = 1.0, down = 1.0)",false,CT,NATURAL_GAS,Service[],10000.0,,bus-220,220,"Area(0, 0.0, 0.0, 0.0, Dict{String, Any}(""I"" => """", ""ARNAME"" => """", ""PTOL"" => """", ""PDES"" => """", ""ISW"" => """"))"
gen-2049,true,true,0.0,0.0,0.02,"(min = 0.0, max = 0.02)","(min = 0.0, max = 0.0)","(up = 0.0001, down = 0.0001)","ThermalGenerationCost(CostCurve{LinearCurve}(LinearCurve(24.5037276, 248.251086), UnitSystem.NATURAL_UNITS = 2, LinearCurve(0.0, 0.0)), 0.0, 0.0, 0.0)",100.0,"(up = 1.0, down = 1.0)",false,OT,NATURAL_GAS,Service[],10000.0,,bus-1811,1811,"Area(0, 0.0, 0.0, 0.0, Dict{String, Any}(""I"" => """", ""ARNAME"" => """", ""PTOL"" => """", ""PDES"" => """", ""ISW"" => """"))"
gen-1035,true,true,0.0,0.0,0.2324444978890421,"(min = 0.0, max = 0.019)","(min = -0.13699999999999998, max = 0.231666667)","(up = 0.0001, down = 0.0001)","ThermalGenerationCost(CostCurve{LinearCurve}(LinearCurve(58.907, 173.53), UnitSystem.NATURAL_UNITS = 2, LinearCurve(0.0, 0.0)), 0.0, 0.0, 0.0)",100.0,"(up = 1.0, down = 1.0)",false,OT,MUNICIPAL_WASTE,Service[],10000.0,,bus-1199,1199,"Area(0, 0.0, 0.0, 0.0, Dict{String, Any}(""I"" => """", ""ARNAME"" => """", ""PTOL"" => """", ""PDES"" => """", ""ISW"" => """"))"
gen-1068,true,true,0.0,0.0,0.23192767105045678,"(min = 0.0, max = 0.011000000000000001)","(min = -0.13699999999999998, max = 0.231666667)","(up = 0.0001, down = 0.0001)","ThermalGenerationCost(CostCurve{LinearCurve}(LinearCurve(58.907, 173.53), UnitSystem.NATURAL_UNITS = 2, LinearCurve(0.0, 0.0)), 0.0, 0.0, 0.0)",100.0,"(up = 1.0, down = 1.0)",false,OT,MUNICIPAL_WASTE,Service[],10000.0,,bus-468,468,"Area(0, 0.0, 0.0, 0.0, Dict{String, Any}(""I"" => """", ""ARNAME"" => """", ""PTOL"" => """", ""PDES"" => """", ""ISW"" => """"))"
gen-796,true,true,0.520003841,0.0,0.5363014744960313,"(min = 0.0, max = 0.52)","(min = -0.0760444444, max = 0.131222222)","(up = 0.0001, down = 0.0001)","ThermalGenerationCost(CostCurve{LinearCurve}(LinearCurve(0.0, 0.0), UnitSystem.NATURAL_UNITS = 2, LinearCurve(0.0, 0.0)), 0.0, 0.0, 0.0)",100.0,"(up = 1000.0, down = 300.0)",false,OT,GEOTHERMAL,Service[],10000.0,,bus-1721,1721,"Area(0, 0.0, 0.0, 0.0, Dict{String, Any}(""I"" => """", ""ARNAME"" => """", ""PTOL"" => """", ""PDES"" => """", ""ISW"" => """"))"
gen-742,true,true,0.158975997,0.0,0.35743530883224167,"(min = 0.0, max = 0.304)","(min = -0.10099999999999999, max = 0.188)","(up = 0.0014000000000000002, down = 0.0014000000000000002)","ThermalGenerationCost(CostCurve{LinearCurve}(LinearCurve(16.3717118, 351.664768), UnitSystem.NATURAL_UNITS = 2, LinearCurve(0.0, 0.0)), 0.0, 0.0, 0.0)",100.0,"(up = 1.0, down = 0.0)",false,CT,NATURAL_GAS,Service[],10000.0,,bus-1599,1599,"Area(0, 0.0, 0.0, 0.0, Dict{String, Any}(""I"" => """", ""ARNAME"" => """", ""PTOL"" => """", ""PDES"" => """", ""ISW"" => """"))"
gen-2119,true,true,0.0,0.0,0.016,"(min = 0.0, max = 0.016)","(min = 0.0, max = 0.0)","(up = 0.0001, down = 0.0001)","ThermalGenerationCost(CostCurve{LinearCurve}(LinearCurve(24.5037276, 248.251086), UnitSystem.NATURAL_UNITS = 2, LinearCurve(0.0, 0.0)), 0.0, 0.0, 0.0)",100.0,"(up = 1.0, down = 1.0)",false,OT,NATURAL_GAS,Service[],10000.0,,bus-1945,1945,"Area(0, 0.0, 0.0, 0.0, Dict{String, Any}(""I"" => """", ""ARNAME"" => """", ""PTOL"" => """", ""PDES"" => """", ""ISW"" => """"))"
gen-626,true,true,0.0,0.0,0.14089002803605374,"(min = 0.0, max = 0.023)","(min = -0.095, max = 0.139)","(up = 2.64e-5, down = 2.64e-5)","ThermalGenerationCost(CostCurve{LinearCurve}(LinearCurve(22.409643000000003, 554.685123), UnitSystem.NATURAL_UNITS = 2, LinearCurve(0.0, 0.0)), 0.0, 0.0, 0.0)",100.0,"(up = 12.0, down = 6.0)",false,ST,MUNICIPAL_WASTE,Service[],10000.0,,bus-1522,1522,"Area(0, 0.0, 0.0, 0.0, Dict{String, Any}(""I"" => """", ""ARNAME"" => """", ""PTOL"" => """", ""PDES"" => """", ""ISW"" => """"))"
gen-224,true,true,0.66971731,0.0,1.109533931487774,"(min = 0.0, max = 1.082)","(min = -0.143219355, max = 0.245645161)","(up = 0.002475, down = 0.002475)","ThermalGenerationCost(CostCurve{LinearCurve}(LinearCurve(16.8059313, 372.365163), UnitSystem.NATURAL_UNITS = 2, LinearCurve(0.0, 0.0)), 0.0, 0.0, 0.0)",100.0,"(up = 1.0, down = 1.0)",false,GT,NATURAL_GAS,Service[],10000.0,,bus-2401,2401,"Area(0, 0.0, 0.0, 0.0, Dict{String, Any}(""I"" => """", ""ARNAME"" => """", ""PTOL"" => """", ""PDES"" => """", ""ISW"" => """"))"
gen-2087,true,true,0.0,0.0,0.035,"(min = 0.0, max = 0.035)","(min = 0.0, max = 0.0)","(up = 0.0001, down = 0.0001)","ThermalGenerationCost(CostCurve{LinearCurve}(LinearCurve(24.5037276, 248.251086), UnitSystem.NATURAL_UNITS = 2, LinearCurve(0.0, 0.0)), 0.0, 0.0, 0.0)",100.0,"(up = 1.0, down = 1.0)",false,OT,NATURAL_GAS,Service[],10000.0,,bus-2039,2039,"Area(0, 0.0, 0.0, 0.0, Dict{String, Any}(""I"" => """", ""ARNAME"" => """", ""PTOL"" => """", ""PDES"" => """", ""ISW"" => """"))"
gen-1275,true,true,0.150000993,0.0,0.630407282978559,"(min = 0.0, max = 0.15)","(min = -0.358709497, max = 0.612301676)","(up = 0.0014000000000000002, down = 0.0014000000000000002)","ThermalGenerationCost(CostCurve{LinearCurve}(LinearCurve(16.3717118, 401.19412), UnitSystem.NATURAL_UNITS = 2, LinearCurve(0.0, 0.0)), 0.0, 0.0, 0.0)",100.0,"(up = 1.0, down = 0.0)",false,CT,NATURAL_GAS,Service[],10000.0,,bus-1879,1879,"Area(0, 0.0, 0.0, 0.0, Dict{String, Any}(""I"" => """", ""ARNAME"" => """", ""PTOL"" => """", ""PDES"" => """", ""ISW"" => """"))"
gen-904,true,true,0.112000826,0.0,0.11199999999999999,"(min = 0.0, max = 0.11199999999999999)","(min = 0.0, max = 0.0)","(up = 0.002475, down = 0.002475)","ThermalGenerationCost(CostCurve{LinearCurve}(LinearCurve(13.5372642, 318.861829), UnitSystem.NATURAL_UNITS = 2, LinearCurve(0.0, 0.0)), 0.0, 0.0, 0.0)",100.0,"(up = 1.0, down = 0.0)",false,GT,NATURAL_GAS,Service[],10000.0,,bus-7698,7698,"Area(0, 0.0, 0.0, 0.0, Dict{String, Any}(""I"" => """", ""ARNAME"" => """", ""PTOL"" => """", ""PDES"" => """", ""ISW"" => """"))"
gen-242,true,true,1.8280135000000002,0.0,2.150644787034809,"(min = 0.0, max = 1.828)","(min = -0.609, max = 1.133)","(up = 0.0014000000000000002, down = 0.0014000000000000002)","ThermalGenerationCost(CostCurve{LinearCurve}(LinearCurve(10.4426725, 1481.47126), UnitSystem.NATURAL_UNITS = 2, LinearCurve(0.0, 0.0)), 0.0, 0.0, 0.0)",100.0,"(up = 1.0, down = 1.0)",false,CT,NATURAL_GAS,Service[],10000.0,,bus-8018,8018,"Area(0, 0.0, 0.0, 0.0, Dict{String, Any}(""I"" => """", ""ARNAME"" => """", ""PTOL"" => """", ""PDES"" => """", ""ISW"" => """"))"
gen-1484,true,true,0.0,0.0,0.011000000000000001,"(min = 0.0, max = 0.011000000000000001)","(min = 0.0, max = 0.0)","(up = 0.0001, down = 0.0001)","ThermalGenerationCost(CostCurve{LinearCurve}(LinearCurve(24.5037276, 248.251086), UnitSystem.NATURAL_UNITS = 2, LinearCurve(0.0, 0.0)), 0.0, 0.0, 0.0)",100.0,"(up = 1.0, down = 1.0)",false,OT,NATURAL_GAS,Service[],10000.0,,bus-1809,1809,"Area(0, 0.0, 0.0, 0.0, Dict{String, Any}(""I"" => """", ""ARNAME"" => """", ""PTOL"" => """", ""PDES"" => """", ""ISW"" => """"))"
gen-952,true,true,0.0290002138,0.0,0.03625,"(min = 0.0, max = 0.028999999999999998)","(min = -0.0096875, max = 0.02175)","(up = 0.0001, down = 0.0001)","ThermalGenerationCost(CostCurve{LinearCurve}(LinearCurve(6.603144, 23.06084), UnitSystem.NATURAL_UNITS = 2, LinearCurve(0.0, 0.0)), 0.0, 0.0, 0.0)",100.0,"(up = 1.0, down = 1.0)",false,IC,NATURAL_GAS,Service[],10000.0,,bus-1399,1399,"Area(0, 0.0, 0.0, 0.0, Dict{String, Any}(""I"" => """", ""ARNAME"" => """", ""PTOL"" => """", ""PDES"" => """", ""ISW"" => """"))"
gen-910,true,true,1.65001219,0.0,1.94139872257092,"(min = 0.0, max = 1.65)","(min = -0.55, max = 1.023)","(up = 0.0014000000000000002, down = 0.0014000000000000002)","ThermalGenerationCost(CostCurve{LinearCurve}(LinearCurve(9.85547484, 2421.88088), UnitSystem.NATURAL_UNITS = 2, LinearCurve(0.0, 0.0)), 0.0, 0.0, 0.0)",100.0,"(up = 1.0, down = 1.0)",false,CT,NATURAL_GAS,Service[],10000.0,,bus-8752,8752,"Area(0, 0.0, 0.0, 0.0, Dict{String, Any}(""I"" => """", ""ARNAME"" => """", ""PTOL"" => """", ""PDES"" => """", ""ISW"" => """"))"
gen-818,true,true,0.0,0.0,0.23221852768220042,"(min = 0.0, max = 0.016)","(min = -0.13699999999999998, max = 0.231666667)","(up = 0.0001, down = 0.0001)","ThermalGenerationCost(CostCurve{LinearCurve}(LinearCurve(58.907, 173.53), UnitSystem.NATURAL_UNITS = 2, LinearCurve(0.0, 0.0)), 0.0, 0.0, 0.0)",100.0,"(up = 1.0, down = 1.0)",false,OT,MUNICIPAL_WASTE,Service[],10000.0,,bus-1086,1086,"Area(0, 0.0, 0.0, 0.0, Dict{String, Any}(""I"" => """", ""ARNAME"" => """", ""PTOL"" => """", ""PDES"" => """", ""ISW"" => """"))"
gen-635,true,true,0.300002212,0.0,0.3529815859219855,"(min = 0.0, max = 0.3)","(min = -0.1, max = 0.18600000000000003)","(up = 0.0001, down = 0.0001)","ThermalGenerationCost(CostCurve{LinearCurve}(LinearCurve(11.6879263, 241.314681), UnitSystem.NATURAL_UNITS = 2, LinearCurve(0.0, 0.0)), 0.0, 0.0, 0.0)",100.0,"(up = 1.0, down = 1.0)",false,OT,OTHER_GAS,Service[],10000.0,,bus-1702,1702,"Area(0, 0.0, 0.0, 0.0, Dict{String, Any}(""I"" => """", ""ARNAME"" => """", ""PTOL"" => """", ""PDES"" => """", ""ISW"" => """"))"
gen-1002,true,true,1.6456384099999999,0.0,2.509456714111642,"(min = 0.0, max = 2.133)","(min = -0.711, max = 1.3219999999999998)","(up = 0.0014000000000000002, down = 0.0014000000000000002)","ThermalGenerationCost(CostCurve{LinearCurve}(LinearCurve(13.500415500000003, 826.811472), UnitSystem.NATURAL_UNITS = 2, LinearCurve(0.0, 0.0)), 0.0, 0.0, 0.0)",100.0,"(up = 1.0, down = 1.0)",false,CT,NATURAL_GAS,Service[],10000.0,,bus-1595,1595,"Area(0, 0.0, 0.0, 0.0, Dict{String, Any}(""I"" => """", ""ARNAME"" => """", ""PTOL"" => """", ""PDES"" => """", ""ISW"" => """"))"
gen-604,true,true,0.0,0.0,0.13908989898623123,"(min = 0.0, max = 0.005)","(min = -0.095, max = 0.139)","(up = 2.64e-5, down = 2.64e-5)","ThermalGenerationCost(CostCurve{LinearCurve}(LinearCurve(22.409643000000003, 554.685123), UnitSystem.NATURAL_UNITS = 2, LinearCurve(0.0, 0.0)), 0.0, 0.0, 0.0)",100.0,"(up = 12.0, down = 6.0)",false,ST,MUNICIPAL_WASTE,Service[],10000.0,,bus-1895,1895,"Area(0, 0.0, 0.0, 0.0, Dict{String, Any}(""I"" => """", ""ARNAME"" => """", ""PTOL"" => """", ""PDES"" => """", ""ISW"" => """"))"
gen-1332,true,true,0.0,0.0,0.004,"(min = 0.0, max = 0.004)","(min = 0.0, max = 0.0)","(up = 0.0001, down = 0.0001)","ThermalGenerationCost(CostCurve{LinearCurve}(LinearCurve(24.5037276, 248.251086), UnitSystem.NATURAL_UNITS = 2, LinearCurve(0.0, 0.0)), 0.0, 0.0, 0.0)",100.0,"(up = 1.0, down = 1.0)",false,OT,NATURAL_GAS,Service[],10000.0,,bus-1257,1257,"Area(0, 0.0, 0.0, 0.0, Dict{String, Any}(""I"" => """", ""ARNAME"" => """", ""PTOL"" => """", ""PDES"" => """", ""ISW"" => """"))"
gen-186,true,true,0.525777524,0.0,0.675434674857606,"(min = 0.0, max = 0.574)","(min = -0.191, max = 0.35600000000000004)","(up = 0.002475, down = 0.002475)","ThermalGenerationCost(CostCurve{LinearCurve}(LinearCurve(14.495962, 290.065816), UnitSystem.NATURAL_UNITS = 2, LinearCurve(0.0, 0.0)), 0.0, 0.0, 0.0)",100.0,"(up = 1.0, down = 0.0)",false,GT,NATURAL_GAS,Service[],10000.0,,bus-1693,1693,"Area(0, 0.0, 0.0, 0.0, Dict{String, Any}(""I"" => """", ""ARNAME"" => """", ""PTOL"" => """", ""PDES"" => """", ""ISW"" => """"))"
gen-741,true,true,0.626004624,0.0,0.782800102197234,"(min = 0.0, max = 0.626)","(min = -0.209, max = 0.47)","(up = 0.0014000000000000002, down = 0.0014000000000000002)","ThermalGenerationCost(CostCurve{LinearCurve}(LinearCurve(9.34812416, 1110.30224), UnitSystem.NATURAL_UNITS = 2, LinearCurve(0.0, 0.0)), 0.0, 0.0, 0.0)",100.0,"(up = 1.0, down = 0.0)",false,CT,NATURAL_GAS,Service[],10000.0,,bus-1599,1599,"Area(0, 0.0, 0.0, 0.0, Dict{String, Any}(""I"" => """", ""ARNAME"" => """", ""PTOL"" => """", ""PDES"" => """", ""ISW"" => """"))"
gen-694,true,true,0.389002871,0.0,0.389,"(min = 0.0, max = 0.389)","(min = 0.0, max = 0.0)","(up = 0.002475, down = 0.002475)","ThermalGenerationCost(CostCurve{LinearCurve}(LinearCurve(13.0832516, 299.732541), UnitSystem.NATURAL_UNITS = 2, LinearCurve(0.0, 0.0)), 0.0, 0.0, 0.0)",100.0,"(up = 1.0, down = 0.0)",false,GT,NATURAL_GAS,Service[],10000.0,,bus-653,653,"Area(0, 0.0, 0.0, 0.0, Dict{String, Any}(""I"" => """", ""ARNAME"" => """", ""PTOL"" => """", ""PDES"" => """", ""ISW"" => """"))"
gen-1071,true,true,0.0,0.0,0.2324444978890421,"(min = 0.0, max = 0.019)","(min = -0.13699999999999998, max = 0.231666667)","(up = 0.0001, down = 0.0001)","ThermalGenerationCost(CostCurve{LinearCurve}(LinearCurve(58.907, 173.53), UnitSystem.NATURAL_UNITS = 2, LinearCurve(0.0, 0.0)), 0.0, 0.0, 0.0)",100.0,"(up = 1.0, down = 1.0)",false,OT,MUNICIPAL_WASTE,Service[],10000.0,,bus-1884,1884,"Area(0, 0.0, 0.0, 0.0, Dict{String, Any}(""I"" => """", ""ARNAME"" => """", ""PTOL"" => """", ""PDES"" => """", ""ISW"" => """"))"
gen-415,true,true,0.199017187,0.0,0.28840249652178807,"(min = 0.0, max = 0.27399999999999997)","(min = -0.09, max = 0.09)","(up = 0.002475, down = 0.002475)","ThermalGenerationCost(CostCurve{LinearCurve}(LinearCurve(13.9248083, 228.006765), UnitSystem.NATURAL_UNITS = 2, LinearCurve(0.0, 0.0)), 0.0, 0.0, 0.0)",100.0,"(up = 1.0, down = 0.0)",false,GT,NATURAL_GAS,Service[],10000.0,,bus-1617,1617,"Area(0, 0.0, 0.0, 0.0, Dict{String, Any}(""I"" => """", ""ARNAME"" => """", ""PTOL"" => """", ""PDES"" => """", ""ISW"" => """"))"
gen-1549,true,true,0.0,0.0,0.004,"(min = 0.0, max = 0.004)","(min = 0.0, max = 0.0)","(up = 0.0001, down = 0.0001)","ThermalGenerationCost(CostCurve{LinearCurve}(LinearCurve(24.5037276, 248.251086), UnitSystem.NATURAL_UNITS = 2, LinearCurve(0.0, 0.0)), 0.0, 0.0, 0.0)",100.0,"(up = 1.0, down = 1.0)",false,OT,NATURAL_GAS,Service[],10000.0,,bus-535,535,"Area(0, 0.0, 0.0, 0.0, Dict{String, Any}(""I"" => """", ""ARNAME"" => """", ""PTOL"" => """", ""PDES"" => """", ""ISW"" => """"))"
gen-693,true,true,0.0760005455,0.0,0.18804254837669052,"(min = 0.0, max = 0.076)","(min = -0.10400000000000001, max = 0.172)","(up = 0.0014000000000000002, down = 0.0014000000000000002)","ThermalGenerationCost(CostCurve{LinearCurve}(LinearCurve(16.3717118, 360.175305), UnitSystem.NATURAL_UNITS = 2, LinearCurve(0.0, 0.0)), 0.0, 0.0, 0.0)",100.0,"(up = 1.0, down = 0.0)",false,CT,NATURAL_GAS,Service[],10000.0,,bus-1455,1455,"Area(0, 0.0, 0.0, 0.0, Dict{String, Any}(""I"" => """", ""ARNAME"" => """", ""PTOL"" => """", ""PDES"" => """", ""ISW"" => """"))"
gen-930,true,true,0.0280002064,0.0,0.6163030462807148,"(min = 0.0, max = 0.027999999999999997)","(min = -0.273666667, max = 0.615666667)","(up = 0.0001, down = 0.0001)","ThermalGenerationCost(CostCurve{LinearCurve}(LinearCurve(6.603144, 23.06084), UnitSystem.NATURAL_UNITS = 2, LinearCurve(0.0, 0.0)), 0.0, 0.0, 0.0)",100.0,"(up = 1.0, down = 1.0)",false,IC,NATURAL_GAS,Service[],10000.0,,bus-1236,1236,"Area(0, 0.0, 0.0, 0.0, Dict{String, Any}(""I"" => """", ""ARNAME"" => """", ""PTOL"" => """", ""PDES"" => """", ""ISW"" => """"))"
gen-1767,true,true,0.0,0.0,0.23414833887706504,"(min = 0.0, max = 0.034)","(min = -0.13699999999999998, max = 0.231666667)","(up = 0.0001, down = 0.0001)","ThermalGenerationCost(CostCurve{LinearCurve}(LinearCurve(58.907, 173.53), UnitSystem.NATURAL_UNITS = 2, LinearCurve(0.0, 0.0)), 0.0, 0.0, 0.0)",100.0,"(up = 1.0, down = 1.0)",false,OT,MUNICIPAL_WASTE,Service[],10000.0,,bus-692,692,"Area(0, 0.0, 0.0, 0.0, Dict{String, Any}(""I"" => """", ""ARNAME"" => """", ""PTOL"" => """", ""PDES"" => """", ""ISW"" => """"))"
gen-669,true,true,0.0760005455,0.0,0.19170811146114816,"(min = 0.0, max = 0.076)","(min = -0.107, max = 0.17600000000000002)","(up = 0.0014000000000000002, down = 0.0014000000000000002)","ThermalGenerationCost(CostCurve{LinearCurve}(LinearCurve(16.3717118, 376.931232), UnitSystem.NATURAL_UNITS = 2, LinearCurve(0.0, 0.0)), 0.0, 0.0, 0.0)",100.0,"(up = 1.0, down = 0.0)",false,CT,NATURAL_GAS,Service[],10000.0,,bus-1533,1533,"Area(0, 0.0, 0.0, 0.0, Dict{String, Any}(""I"" => """", ""ARNAME"" => """", ""PTOL"" => """", ""PDES"" => """", ""ISW"" => """"))"
gen-709,true,true,0.0350002568,0.0,0.24812606699562204,"(min = 0.0, max = 0.035)","(min = -0.143219355, max = 0.245645161)","(up = 0.002475, down = 0.002475)","ThermalGenerationCost(CostCurve{LinearCurve}(LinearCurve(13.502241700000003, 315.964182), UnitSystem.NATURAL_UNITS = 2, LinearCurve(0.0, 0.0)), 0.0, 0.0, 0.0)",100.0,"(up = 1.0, down = 0.0)",false,GT,NATURAL_GAS,Service[],10000.0,,bus-1686,1686,"Area(0, 0.0, 0.0, 0.0, Dict{String, Any}(""I"" => """", ""ARNAME"" => """", ""PTOL"" => """", ""PDES"" => """", ""ISW"" => """"))"
gen-1480,true,true,0.0,0.0,0.011000000000000001,"(min = 0.0, max = 0.011000000000000001)","(min = 0.0, max = 0.0)","(up = 0.0001, down = 0.0001)","ThermalGenerationCost(CostCurve{LinearCurve}(LinearCurve(24.5037276, 248.251086), UnitSystem.NATURAL_UNITS = 2, LinearCurve(0.0, 0.0)), 0.0, 0.0, 0.0)",100.0,"(up = 1.0, down = 1.0)",false,OT,NATURAL_GAS,Service[],10000.0,,bus-304,304,"Area(0, 0.0, 0.0, 0.0, Dict{String, Any}(""I"" => """", ""ARNAME"" => """", ""PTOL"" => """", ""PDES"" => """", ""ISW"" => """"))"
gen-929,true,true,1.08710192,0.0,1.3036997353685393,"(min = 0.0, max = 1.1079999999999999)","(min = -0.369, max = 0.687)","(up = 0.0014000000000000002, down = 0.0014000000000000002)","ThermalGenerationCost(CostCurve{LinearCurve}(LinearCurve(15.4487339, 1271.58487), UnitSystem.NATURAL_UNITS = 2, LinearCurve(0.0, 0.0)), 0.0, 0.0, 0.0)",100.0,"(up = 1.0, down = 1.0)",false,CT,NATURAL_GAS,Service[],10000.0,,bus-1806,1806,"Area(0, 0.0, 0.0, 0.0, Dict{String, Any}(""I"" => """", ""ARNAME"" => """", ""PTOL"" => """", ""PDES"" => """", ""ISW"" => """"))"
gen-636,true,true,0.0,0.0,0.28780027797067886,"(min = 0.0, max = 0.23)","(min = -0.077, max = 0.17300000000000001)","(up = 0.0001, down = 0.0001)","ThermalGenerationCost(CostCurve{LinearCurve}(LinearCurve(25.545, 79.8404908), UnitSystem.NATURAL_UNITS = 2, LinearCurve(0.0, 0.0)), 0.0, 0.0, 0.0)",100.0,"(up = 1.0, down = 1.0)",false,OT,OTHER_GAS,Service[],10000.0,,bus-1702,1702,"Area(0, 0.0, 0.0, 0.0, Dict{String, Any}(""I"" => """", ""ARNAME"" => """", ""PTOL"" => """", ""PDES"" => """", ""ISW"" => """"))"
gen-1485,true,true,0.0,0.0,0.011000000000000001,"(min = 0.0, max = 0.011000000000000001)","(min = 0.0, max = 0.0)","(up = 0.0001, down = 0.0001)","ThermalGenerationCost(CostCurve{LinearCurve}(LinearCurve(24.5037276, 248.251086), UnitSystem.NATURAL_UNITS = 2, LinearCurve(0.0, 0.0)), 0.0, 0.0, 0.0)",100.0,"(up = 1.0, down = 1.0)",false,OT,NATURAL_GAS,Service[],10000.0,,bus-1512,1512,"Area(0, 0.0, 0.0, 0.0, Dict{String, Any}(""I"" => """", ""ARNAME"" => """", ""PTOL"" => """", ""PDES"" => """", ""ISW"" => """"))"
gen-1436,true,true,0.0,0.0,0.13901438774457847,"(min = 0.0, max = 0.002)","(min = -0.095, max = 0.139)","(up = 2.64e-5, down = 2.64e-5)","ThermalGenerationCost(CostCurve{LinearCurve}(LinearCurve(22.409643000000003, 554.685123), UnitSystem.NATURAL_UNITS = 2, LinearCurve(0.0, 0.0)), 0.0, 0.0, 0.0)",100.0,"(up = 12.0, down = 6.0)",false,ST,MUNICIPAL_WASTE,Service[],10000.0,,bus-1006,1006,"Area(0, 0.0, 0.0, 0.0, Dict{String, Any}(""I"" => """", ""ARNAME"" => """", ""PTOL"" => """", ""PDES"" => """", ""ISW"" => """"))"
gen-468,true,true,0.0,0.0,0.3086979822397433,"(min = 0.0, max = 0.015)","(min = -0.20800000000000002, max = 0.308333333)","(up = 0.0001, down = 0.0001)","ThermalGenerationCost(CostCurve{LinearCurve}(LinearCurve(25.05, 57.6), UnitSystem.NATURAL_UNITS = 2, LinearCurve(0.0, 0.0)), 0.0, 0.0, 0.0)",100.0,"(up = 1.0, down = 1.0)",false,IC,RESIDUAL_FUEL_OIL,Service[],10000.0,,bus-8199,8199,"Area(0, 0.0, 0.0, 0.0, Dict{String, Any}(""I"" => """", ""ARNAME"" => """", ""PTOL"" => """", ""PDES"" => """", ""ISW"" => """"))"
gen-581,true,true,0.69610085,0.0,0.75,"(min = 0.0, max = 0.75)","(min = 0.0, max = 0.0)","(up = 0.002475, down = 0.002475)","ThermalGenerationCost(CostCurve{LinearCurve}(LinearCurve(15.122921400000001, 434.063826), UnitSystem.NATURAL_UNITS = 2, LinearCurve(0.0, 0.0)), 0.0, 0.0, 0.0)",100.0,"(up = 1.0, down = 0.0)",false,GT,NATURAL_GAS,Service[],10000.0,,bus-1665,1665,"Area(0, 0.0, 0.0, 0.0, Dict{String, Any}(""I"" => """", ""ARNAME"" => """", ""PTOL"" => """", ""PDES"" => """", ""ISW"" => """"))"
gen-644,true,true,0.136001001,0.0,0.136,"(min = 0.0, max = 0.136)","(min = 0.0, max = 0.0)","(up = 0.0014000000000000002, down = 0.0014000000000000002)","ThermalGenerationCost(CostCurve{LinearCurve}(LinearCurve(15.4560715, 1243.53602), UnitSystem.NATURAL_UNITS = 2, LinearCurve(0.0, 0.0)), 0.0, 0.0, 0.0)",100.0,"(up = 1.0, down = 0.0)",false,CT,NATURAL_GAS,Service[],10000.0,,bus-384,384,"Area(0, 0.0, 0.0, 0.0, Dict{String, Any}(""I"" => """", ""ARNAME"" => """", ""PTOL"" => """", ""PDES"" => """", ""ISW"" => """"))"
gen-642,true,true,0.0,0.0,1.1250607790418294,"(min = 0.0, max = 0.015)","(min = -0.685764706, max = 1.1249607799999999)","(up = 5.4000000000000005e-5, down = 5.4000000000000005e-5)","ThermalGenerationCost(CostCurve{LinearCurve}(LinearCurve(24.5037276, 248.251086), UnitSystem.NATURAL_UNITS = 2, LinearCurve(0.0, 0.0)), 0.0, 0.0, 0.0)",100.0,"(up = 2.0, down = 4.0)",false,ST,NATURAL_GAS,Service[],10000.0,,bus-554,554,"Area(0, 0.0, 0.0, 0.0, Dict{String, Any}(""I"" => """", ""ARNAME"" => """", ""PTOL"" => """", ""PDES"" => """", ""ISW"" => """"))"
gen-1676,true,true,0.0,0.0,0.13980700983856284,"(min = 0.0, max = 0.015)","(min = -0.095, max = 0.139)","(up = 2.64e-5, down = 2.64e-5)","ThermalGenerationCost(CostCurve{LinearCurve}(LinearCurve(22.409643000000003, 554.685123), UnitSystem.NATURAL_UNITS = 2, LinearCurve(0.0, 0.0)), 0.0, 0.0, 0.0)",100.0,"(up = 12.0, down = 6.0)",false,ST,MUNICIPAL_WASTE,Service[],10000.0,,bus-8000,8000,"Area(0, 0.0, 0.0, 0.0, Dict{String, Any}(""I"" => """", ""ARNAME"" => """", ""PTOL"" => """", ""PDES"" => """", ""ISW"" => """"))"
gen-213,true,true,0.8530063,0.0,1.0037180879111425,"(min = 0.0, max = 0.853)","(min = -0.284, max = 0.529)","(up = 0.0014000000000000002, down = 0.0014000000000000002)","ThermalGenerationCost(CostCurve{LinearCurve}(LinearCurve(8.49648297, 1399.03018), UnitSystem.NATURAL_UNITS = 2, LinearCurve(0.0, 0.0)), 0.0, 0.0, 0.0)",100.0,"(up = 1.0, down = 0.0)",false,CT,NATURAL_GAS,Service[],10000.0,,bus-346,346,"Area(0, 0.0, 0.0, 0.0, Dict{String, Any}(""I"" => """", ""ARNAME"" => """", ""PTOL"" => """", ""PDES"" => """", ""ISW"" => """"))"
gen-1811,true,true,0.0,0.0,0.011000000000000001,"(min = 0.0, max = 0.011000000000000001)","(min = 0.0, max = 0.0)","(up = 0.0001, down = 0.0001)","ThermalGenerationCost(CostCurve{LinearCurve}(LinearCurve(24.5037276, 248.251086), UnitSystem.NATURAL_UNITS = 2, LinearCurve(0.0, 0.0)), 0.0, 0.0, 0.0)",100.0,"(up = 1.0, down = 1.0)",false,OT,NATURAL_GAS,Service[],10000.0,,bus-1810,1810,"Area(0, 0.0, 0.0, 0.0, Dict{String, Any}(""I"" => """", ""ARNAME"" => """", ""PTOL"" => """", ""PDES"" => """", ""ISW"" => """"))"
gen-1259,true,true,0.698771617,0.0,1.3406959182166238,"(min = 0.0, max = 1.318)","(min = -0.143219355, max = 0.245645161)","(up = 0.002475, down = 0.002475)","ThermalGenerationCost(CostCurve{LinearCurve}(LinearCurve(15.1584724, 428.748492), UnitSystem.NATURAL_UNITS = 2, LinearCurve(0.0, 0.0)), 0.0, 0.0, 0.0)",100.0,"(up = 1.0, down = 1.0)",false,GT,NATURAL_GAS,Service[],10000.0,,bus-8003,8003,"Area(0, 0.0, 0.0, 0.0, Dict{String, Any}(""I"" => """", ""ARNAME"" => """", ""PTOL"" => """", ""PDES"" => """", ""ISW"" => """"))"
gen-1622,true,true,0.0,0.0,0.013999999999999999,"(min = 0.0, max = 0.013999999999999999)","(min = 0.0, max = 0.0)","(up = 0.0001, down = 0.0001)","ThermalGenerationCost(CostCurve{LinearCurve}(LinearCurve(24.5037276, 248.251086), UnitSystem.NATURAL_UNITS = 2, LinearCurve(0.0, 0.0)), 0.0, 0.0, 0.0)",100.0,"(up = 1.0, down = 1.0)",false,OT,NATURAL_GAS,Service[],10000.0,,bus-16,16,"Area(0, 0.0, 0.0, 0.0, Dict{String, Any}(""I"" => """", ""ARNAME"" => """", ""PTOL"" => """", ""PDES"" => """", ""ISW"" => """"))"
gen-661,true,true,0.19300141499999998,0.0,0.21759882812184447,"(min = 0.0, max = 0.193)","(min = -0.044500000000000005, max = 0.1005)","(up = 0.0001, down = 0.0001)","ThermalGenerationCost(CostCurve{LinearCurve}(LinearCurve(15.604003, 102.705607), UnitSystem.NATURAL_UNITS = 2, LinearCurve(0.0, 0.0)), 0.0, 0.0, 0.0)",100.0,"(up = 1.0, down = 1.0)",false,OT,OTHER,Service[],10000.0,,bus-467,467,"Area(0, 0.0, 0.0, 0.0, Dict{String, Any}(""I"" => """", ""ARNAME"" => """", ""PTOL"" => """", ""PDES"" => """", ""ISW"" => """"))"
gen-720,true,true,0.0310002272,0.0,0.24759350783636455,"(min = 0.0, max = 0.031)","(min = -0.143219355, max = 0.245645161)","(up = 0.002475, down = 0.002475)","ThermalGenerationCost(CostCurve{LinearCurve}(LinearCurve(13.502241700000003, 315.964182), UnitSystem.NATURAL_UNITS = 2, LinearCurve(0.0, 0.0)), 0.0, 0.0, 0.0)",100.0,"(up = 1.0, down = 0.0)",false,GT,NATURAL_GAS,Service[],10000.0,,bus-8239,8239,"Area(0, 0.0, 0.0, 0.0, Dict{String, Any}(""I"" => """", ""ARNAME"" => """", ""PTOL"" => """", ""PDES"" => """", ""ISW"" => """"))"
gen-476,true,true,0.09100066899999999,0.0,0.8369617673466334,"(min = 0.0, max = 0.091)","(min = -0.447, max = 0.8320000000000001)","(up = 0.0014000000000000002, down = 0.0014000000000000002)","ThermalGenerationCost(CostCurve{LinearCurve}(LinearCurve(15.236961, 1547.8861), UnitSystem.NATURAL_UNITS = 2, LinearCurve(0.0, 0.0)), 0.0, 0.0, 0.0)",100.0,"(up = 1.0, down = 0.0)",false,CT,NATURAL_GAS,Service[],10000.0,,bus-1699,1699,"Area(0, 0.0, 0.0, 0.0, Dict{String, Any}(""I"" => """", ""ARNAME"" => """", ""PTOL"" => """", ""PDES"" => """", ""ISW"" => """"))"
gen-1406,true,true,0.052000382500000004,0.0,0.25108871962458995,"(min = 0.0, max = 0.052000000000000005)","(min = -0.143219355, max = 0.245645161)","(up = 0.002475, down = 0.002475)","ThermalGenerationCost(CostCurve{LinearCurve}(LinearCurve(13.502241700000003, 315.964182), UnitSystem.NATURAL_UNITS = 2, LinearCurve(0.0, 0.0)), 0.0, 0.0, 0.0)",100.0,"(up = 1.0, down = 0.0)",false,GT,NATURAL_GAS,Service[],10000.0,,bus-377,377,"Area(0, 0.0, 0.0, 0.0, Dict{String, Any}(""I"" => """", ""ARNAME"" => """", ""PTOL"" => """", ""PDES"" => """", ""ISW"" => """"))"
gen-225,true,true,0.66971731,0.0,1.109533931487774,"(min = 0.0, max = 1.082)","(min = -0.143219355, max = 0.245645161)","(up = 0.002475, down = 0.002475)","ThermalGenerationCost(CostCurve{LinearCurve}(LinearCurve(16.8059313, 372.365163), UnitSystem.NATURAL_UNITS = 2, LinearCurve(0.0, 0.0)), 0.0, 0.0, 0.0)",100.0,"(up = 1.0, down = 1.0)",false,GT,NATURAL_GAS,Service[],10000.0,,bus-2401,2401,"Area(0, 0.0, 0.0, 0.0, Dict{String, Any}(""I"" => """", ""ARNAME"" => """", ""PTOL"" => """", ""PDES"" => """", ""ISW"" => """"))"
gen-1013,true,true,0.0,0.0,0.22332292516947294,"(min = 0.0, max = 0.125)","(min = -0.10325, max = 0.18506250000000002)","(up = 2.64e-5, down = 2.64e-5)","ThermalGenerationCost(CostCurve{LinearCurve}(LinearCurve(34.9374205, 111.511326), UnitSystem.NATURAL_UNITS = 2, LinearCurve(0.0, 0.0)), 0.0, 0.0, 0.0)",100.0,"(up = 12.0, down = 6.0)",false,ST,WOOD_WASTE_SOLIDS,Service[],10000.0,,bus-607,607,"Area(0, 0.0, 0.0, 0.0, Dict{String, Any}(""I"" => """", ""ARNAME"" => """", ""PTOL"" => """", ""PDES"" => """", ""ISW"" => """"))"
gen-408,true,true,0.0,0.0,0.075,"(min = 0.0, max = 0.06)","(min = -0.02, max = 0.045)","(up = 0.0001, down = 0.0001)","ThermalGenerationCost(CostCurve{LinearCurve}(LinearCurve(25.05, 57.6), UnitSystem.NATURAL_UNITS = 2, LinearCurve(0.0, 0.0)), 0.0, 0.0, 0.0)",100.0,"(up = 1.0, down = 1.0)",false,IC,RESIDUAL_FUEL_OIL,Service[],10000.0,,bus-552,552,"Area(0, 0.0, 0.0, 0.0, Dict{String, Any}(""I"" => """", ""ARNAME"" => """", ""PTOL"" => """", ""PDES"" => """", ""ISW"" => """"))"
gen-1368,true,true,1.83553742,0.0,2.0725137737618073,"(min = 0.0, max = 1.98)","(min = -0.358709497, max = 0.612301676)","(up = 0.0014000000000000002, down = 0.0014000000000000002)","ThermalGenerationCost(CostCurve{LinearCurve}(LinearCurve(12.5075294, 2412.81753), UnitSystem.NATURAL_UNITS = 2, LinearCurve(0.0, 0.0)), 0.0, 0.0, 0.0)",100.0,"(up = 1.0, down = 1.0)",false,CT,NATURAL_GAS,Service[],10000.0,,bus-8094,8094,"Area(0, 0.0, 0.0, 0.0, Dict{String, Any}(""I"" => """", ""ARNAME"" => """", ""PTOL"" => """", ""PDES"" => """", ""ISW"" => """"))"
gen-1437,true,true,0.0,0.0,0.13901438774457847,"(min = 0.0, max = 0.002)","(min = -0.095, max = 0.139)","(up = 2.64e-5, down = 2.64e-5)","ThermalGenerationCost(CostCurve{LinearCurve}(LinearCurve(22.409643000000003, 554.685123), UnitSystem.NATURAL_UNITS = 2, LinearCurve(0.0, 0.0)), 0.0, 0.0, 0.0)",100.0,"(up = 12.0, down = 6.0)",false,ST,MUNICIPAL_WASTE,Service[],10000.0,,bus-1006,1006,"Area(0, 0.0, 0.0, 0.0, Dict{String, Any}(""I"" => """", ""ARNAME"" => """", ""PTOL"" => """", ""PDES"" => """", ""ISW"" => """"))"
gen-398,true,true,0.504003669,0.0,0.5599571412170756,"(min = 0.0, max = 0.504)","(min = -0.168, max = 0.244)","(up = 0.002475, down = 0.002475)","ThermalGenerationCost(CostCurve{LinearCurve}(LinearCurve(14.5116537, 283.573452), UnitSystem.NATURAL_UNITS = 2, LinearCurve(0.0, 0.0)), 0.0, 0.0, 0.0)",100.0,"(up = 1.0, down = 0.0)",false,GT,NATURAL_GAS,Service[],10000.0,,bus-1801,1801,"Area(0, 0.0, 0.0, 0.0, Dict{String, Any}(""I"" => """", ""ARNAME"" => """", ""PTOL"" => """", ""PDES"" => """", ""ISW"" => """"))"
gen-1875,true,true,0.0,0.0,0.011000000000000001,"(min = 0.0, max = 0.011000000000000001)","(min = 0.0, max = 0.0)","(up = 0.0001, down = 0.0001)","ThermalGenerationCost(CostCurve{LinearCurve}(LinearCurve(24.5037276, 248.251086), UnitSystem.NATURAL_UNITS = 2, LinearCurve(0.0, 0.0)), 0.0, 0.0, 0.0)",100.0,"(up = 1.0, down = 1.0)",false,OT,NATURAL_GAS,Service[],10000.0,,bus-1244,1244,"Area(0, 0.0, 0.0, 0.0, Dict{String, Any}(""I"" => """", ""ARNAME"" => """", ""PTOL"" => """", ""PDES"" => """", ""ISW"" => """"))"
gen-457,true,true,0.060000441599999996,0.0,0.25286665482565296,"(min = 0.0, max = 0.06)","(min = -0.143219355, max = 0.245645161)","(up = 0.002475, down = 0.002475)","ThermalGenerationCost(CostCurve{LinearCurve}(LinearCurve(13.502241700000003, 315.964182), UnitSystem.NATURAL_UNITS = 2, LinearCurve(0.0, 0.0)), 0.0, 0.0, 0.0)",100.0,"(up = 1.0, down = 0.0)",false,GT,NATURAL_GAS,Service[],10000.0,,bus-243,243,"Area(0, 0.0, 0.0, 0.0, Dict{String, Any}(""I"" => """", ""ARNAME"" => """", ""PTOL"" => """", ""PDES"" => """", ""ISW"" => """"))"
gen-903,true,true,0.112000826,0.0,0.11199999999999999,"(min = 0.0, max = 0.11199999999999999)","(min = 0.0, max = 0.0)","(up = 0.002475, down = 0.002475)","ThermalGenerationCost(CostCurve{LinearCurve}(LinearCurve(13.5372642, 318.861829), UnitSystem.NATURAL_UNITS = 2, LinearCurve(0.0, 0.0)), 0.0, 0.0, 0.0)",100.0,"(up = 1.0, down = 0.0)",false,GT,NATURAL_GAS,Service[],10000.0,,bus-7698,7698,"Area(0, 0.0, 0.0, 0.0, Dict{String, Any}(""I"" => """", ""ARNAME"" => """", ""PTOL"" => """", ""PDES"" => """", ""ISW"" => """"))"
gen-1065,true,true,0.0,0.0,0.002,"(min = 0.0, max = 0.002)","(min = 0.0, max = 0.0)","(up = 0.0001, down = 0.0001)","ThermalGenerationCost(CostCurve{LinearCurve}(LinearCurve(24.5037276, 248.251086), UnitSystem.NATURAL_UNITS = 2, LinearCurve(0.0, 0.0)), 0.0, 0.0, 0.0)",100.0,"(up = 1.0, down = 1.0)",false,OT,NATURAL_GAS,Service[],10000.0,,bus-1127,1127,"Area(0, 0.0, 0.0, 0.0, Dict{String, Any}(""I"" => """", ""ARNAME"" => """", ""PTOL"" => """", ""PDES"" => """", ""ISW"" => """"))"
gen-204,true,true,0.432003189,0.0,0.7493579534724436,"(min = 0.0, max = 0.43200000000000005)","(min = -0.358709497, max = 0.612301676)","(up = 0.0014000000000000002, down = 0.0014000000000000002)","ThermalGenerationCost(CostCurve{LinearCurve}(LinearCurve(13.5754577, 314.917371), UnitSystem.NATURAL_UNITS = 2, LinearCurve(0.0, 0.0)), 0.0, 0.0, 0.0)",100.0,"(up = 1.0, down = 0.0)",false,CT,NATURAL_GAS,Service[],10000.0,,bus-7751,7751,"Area(0, 0.0, 0.0, 0.0, Dict{String, Any}(""I"" => """", ""ARNAME"" => """", ""PTOL"" => """", ""PDES"" => """", ""ISW"" => """"))"
gen-521,true,true,0.455003361,0.0,0.506269690975077,"(min = 0.0, max = 0.455)","(min = -0.11900000000000001, max = 0.222)","(up = 0.0001, down = 0.0001)","ThermalGenerationCost(CostCurve{LinearCurve}(LinearCurve(0.0, 0.0), UnitSystem.NATURAL_UNITS = 2, LinearCurve(0.0, 0.0)), 0.0, 0.0, 0.0)",100.0,"(up = 1000.0, down = 300.0)",false,OT,GEOTHERMAL,Service[],10000.0,,bus-1712,1712,"Area(0, 0.0, 0.0, 0.0, Dict{String, Any}(""I"" => """", ""ARNAME"" => """", ""PTOL"" => """", ""PDES"" => """", ""ISW"" => """"))"
gen-863,true,true,0.319002338,0.0,0.3986000501756115,"(min = 0.0, max = 0.319)","(min = -0.106, max = 0.239)","(up = 0.0001, down = 0.0001)","ThermalGenerationCost(CostCurve{LinearCurve}(LinearCurve(15.5533405, 110.850758), UnitSystem.NATURAL_UNITS = 2, LinearCurve(0.0, 0.0)), 0.0, 0.0, 0.0)",100.0,"(up = 1.0, down = 1.0)",false,OT,OTHER,Service[],10000.0,,bus-8774,8774,"Area(0, 0.0, 0.0, 0.0, Dict{String, Any}(""I"" => """", ""ARNAME"" => """", ""PTOL"" => """", ""PDES"" => """", ""ISW"" => """"))"
gen-166,true,true,1.44931702,0.0,2.365,"(min = 0.0, max = 1.892)","(min = -0.631, max = 1.419)","(up = 0.0014000000000000002, down = 0.0014000000000000002)","ThermalGenerationCost(CostCurve{LinearCurve}(LinearCurve(13.5442631, 714.197795), UnitSystem.NATURAL_UNITS = 2, LinearCurve(0.0, 0.0)), 0.0, 0.0, 0.0)",100.0,"(up = 1.0, down = 1.0)",false,CT,NATURAL_GAS,Service[],10000.0,,bus-7808,7808,"Area(0, 0.0, 0.0, 0.0, Dict{String, Any}(""I"" => """", ""ARNAME"" => """", ""PTOL"" => """", ""PDES"" => """", ""ISW"" => """"))"
gen-2000,true,true,0.033000243299999996,0.0,0.6165504398302615,"(min = 0.0, max = 0.033)","(min = -0.273666667, max = 0.615666667)","(up = 0.0001, down = 0.0001)","ThermalGenerationCost(CostCurve{LinearCurve}(LinearCurve(6.603145, 74.6992503), UnitSystem.NATURAL_UNITS = 2, LinearCurve(0.0, 0.0)), 0.0, 0.0, 0.0)",100.0,"(up = 1.0, down = 1.0)",false,IC,NATURAL_GAS,Service[],10000.0,,bus-269,269,"Area(0, 0.0, 0.0, 0.0, Dict{String, Any}(""I"" => """", ""ARNAME"" => """", ""PTOL"" => """", ""PDES"" => """", ""ISW"" => """"))"
gen-817,true,true,0.0,0.0,0.23221852768220042,"(min = 0.0, max = 0.016)","(min = -0.13699999999999998, max = 0.231666667)","(up = 0.0001, down = 0.0001)","ThermalGenerationCost(CostCurve{LinearCurve}(LinearCurve(58.907, 173.53), UnitSystem.NATURAL_UNITS = 2, LinearCurve(0.0, 0.0)), 0.0, 0.0, 0.0)",100.0,"(up = 1.0, down = 1.0)",false,OT,MUNICIPAL_WASTE,Service[],10000.0,,bus-1086,1086,"Area(0, 0.0, 0.0, 0.0, Dict{String, Any}(""I"" => """", ""ARNAME"" => """", ""PTOL"" => """", ""PDES"" => """", ""ISW"" => """"))"
gen-947,true,true,0.10000073699999999,0.0,0.125,"(min = 0.0, max = 0.1)","(min = -0.03325, max = 0.075)","(up = 0.002475, down = 0.002475)","ThermalGenerationCost(CostCurve{LinearCurve}(LinearCurve(13.502241700000003, 315.964182), UnitSystem.NATURAL_UNITS = 2, LinearCurve(0.0, 0.0)), 0.0, 0.0, 0.0)",100.0,"(up = 1.0, down = 0.0)",false,GT,NATURAL_GAS,Service[],10000.0,,bus-1859,1859,"Area(0, 0.0, 0.0, 0.0, Dict{String, Any}(""I"" => """", ""ARNAME"" => """", ""PTOL"" => """", ""PDES"" => """", ""ISW"" => """"))"
gen-504,true,true,0.0500003694,0.0,0.14042532373691463,"(min = 0.0, max = 0.05)","(min = -0.0760444444, max = 0.131222222)","(up = 0.0001, down = 0.0001)","ThermalGenerationCost(CostCurve{LinearCurve}(LinearCurve(0.0, 0.0), UnitSystem.NATURAL_UNITS = 2, LinearCurve(0.0, 0.0)), 0.0, 0.0, 0.0)",100.0,"(up = 1000.0, down = 300.0)",false,OT,GEOTHERMAL,Service[],10000.0,,bus-1620,1620,"Area(0, 0.0, 0.0, 0.0, Dict{String, Any}(""I"" => """", ""ARNAME"" => """", ""PTOL"" => """", ""PDES"" => """", ""ISW"" => """"))"
gen-364,true,true,0.0,0.0,0.30934518622226675,"(min = 0.0, max = 0.025)","(min = -0.20800000000000002, max = 0.308333333)","(up = 0.0001, down = 0.0001)","ThermalGenerationCost(CostCurve{LinearCurve}(LinearCurve(25.05, 57.6), UnitSystem.NATURAL_UNITS = 2, LinearCurve(0.0, 0.0)), 0.0, 0.0, 0.0)",100.0,"(up = 1.0, down = 1.0)",false,IC,RESIDUAL_FUEL_OIL,Service[],10000.0,,bus-1752,1752,"Area(0, 0.0, 0.0, 0.0, Dict{String, Any}(""I"" => """", ""ARNAME"" => """", ""PTOL"" => """", ""PDES"" => """", ""ISW"" => """"))"
gen-200,true,true,0.18482621200000002,0.0,0.4059815266733204,"(min = 0.0, max = 0.345)","(min = -0.115, max = 0.214)","(up = 0.0014000000000000002, down = 0.0014000000000000002)","ThermalGenerationCost(CostCurve{LinearCurve}(LinearCurve(16.3717118, 411.887105), UnitSystem.NATURAL_UNITS = 2, LinearCurve(0.0, 0.0)), 0.0, 0.0, 0.0)",100.0,"(up = 1.0, down = 0.0)",false,CT,NATURAL_GAS,Service[],10000.0,,bus-7751,7751,"Area(0, 0.0, 0.0, 0.0, Dict{String, Any}(""I"" => """", ""ARNAME"" => """", ""PTOL"" => """", ""PDES"" => """", ""ISW"" => """"))"
gen-1234,true,true,0.499003641,0.0,0.5561857110019242,"(min = 0.0, max = 0.499)","(min = -0.143219355, max = 0.245645161)","(up = 0.002475, down = 0.002475)","ThermalGenerationCost(CostCurve{LinearCurve}(LinearCurve(14.5116537, 283.573452), UnitSystem.NATURAL_UNITS = 2, LinearCurve(0.0, 0.0)), 0.0, 0.0, 0.0)",100.0,"(up = 1.0, down = 0.0)",false,GT,NATURAL_GAS,Service[],10000.0,,bus-2245,2245,"Area(0, 0.0, 0.0, 0.0, Dict{String, Any}(""I"" => """", ""ARNAME"" => """", ""PTOL"" => """", ""PDES"" => """", ""ISW"" => """"))"
gen-464,true,true,0.453003345,0.0,0.45299999999999996,"(min = 0.0, max = 0.45299999999999996)","(min = 0.0, max = 0.0)","(up = 0.0014000000000000002, down = 0.0014000000000000002)","ThermalGenerationCost(CostCurve{LinearCurve}(LinearCurve(9.12733241, 894.045353), UnitSystem.NATURAL_UNITS = 2, LinearCurve(0.0, 0.0)), 0.0, 0.0, 0.0)",100.0,"(up = 1.0, down = 0.0)",false,CT,NATURAL_GAS,Service[],10000.0,,bus-1700,1700,"Area(0, 0.0, 0.0, 0.0, Dict{String, Any}(""I"" => """", ""ARNAME"" => """", ""PTOL"" => """", ""PDES"" => """", ""ISW"" => """"))"
gen-401,true,true,0.254414884,0.0,0.3099451564390061,"(min = 0.0, max = 0.27899999999999997)","(min = -0.09300000000000001, max = 0.135)","(up = 0.002475, down = 0.002475)","ThermalGenerationCost(CostCurve{LinearCurve}(LinearCurve(11.7335702, 239.921641), UnitSystem.NATURAL_UNITS = 2, LinearCurve(0.0, 0.0)), 0.0, 0.0, 0.0)",100.0,"(up = 1.0, down = 0.0)",false,GT,NATURAL_GAS,Service[],10000.0,,bus-1499,1499,"Area(0, 0.0, 0.0, 0.0, Dict{String, Any}(""I"" => """", ""ARNAME"" => """", ""PTOL"" => """", ""PDES"" => """", ""ISW"" => """"))"
gen-1017,true,true,0.66971731,0.0,1.1999704163020022,"(min = 0.0, max = 1.08)","(min = -0.36, max = 0.523)","(up = 0.002475, down = 0.002475)","ThermalGenerationCost(CostCurve{LinearCurve}(LinearCurve(16.8059313, 372.365163), UnitSystem.NATURAL_UNITS = 2, LinearCurve(0.0, 0.0)), 0.0, 0.0, 0.0)",100.0,"(up = 1.0, down = 1.0)",false,GT,NATURAL_GAS,Service[],10000.0,,bus-8461,8461,"Area(0, 0.0, 0.0, 0.0, Dict{String, Any}(""I"" => """", ""ARNAME"" => """", ""PTOL"" => """", ""PDES"" => """", ""ISW"" => """"))"
gen-1443,true,true,0.00300002069,0.0,0.24566347942402006,"(min = 0.0, max = 0.003)","(min = -0.143219355, max = 0.245645161)","(up = 0.002475, down = 0.002475)","ThermalGenerationCost(CostCurve{LinearCurve}(LinearCurve(13.502241700000003, 315.964182), UnitSystem.NATURAL_UNITS = 2, LinearCurve(0.0, 0.0)), 0.0, 0.0, 0.0)",100.0,"(up = 1.0, down = 0.0)",false,GT,NATURAL_GAS,Service[],10000.0,,bus-8314,8314,"Area(0, 0.0, 0.0, 0.0, Dict{String, Any}(""I"" => """", ""ARNAME"" => """", ""PTOL"" => """", ""PDES"" => """", ""ISW"" => """"))"
gen-454,true,true,0.0,0.0,0.17065169205138286,"(min = 0.0, max = 0.099)","(min = -0.095, max = 0.139)","(up = 2.64e-5, down = 2.64e-5)","ThermalGenerationCost(CostCurve{LinearCurve}(LinearCurve(22.409643000000003, 554.685123), UnitSystem.NATURAL_UNITS = 2, LinearCurve(0.0, 0.0)), 0.0, 0.0, 0.0)",100.0,"(up = 12.0, down = 6.0)",false,ST,MUNICIPAL_WASTE,Service[],10000.0,,bus-1703,1703,"Area(0, 0.0, 0.0, 0.0, Dict{String, Any}(""I"" => """", ""ARNAME"" => """", ""PTOL"" => """", ""PDES"" => """", ""ISW"" => """"))"
gen-1165,true,true,0.556751661,0.0,2.0845242970814026,"(min = 0.0, max = 2.07)","(min = -0.143219355, max = 0.245645161)","(up = 0.002475, down = 0.002475)","ThermalGenerationCost(CostCurve{LinearCurve}(LinearCurve(14.5116537, 283.573452), UnitSystem.NATURAL_UNITS = 2, LinearCurve(0.0, 0.0)), 0.0, 0.0, 0.0)",100.0,"(up = 1.0, down = 1.0)",false,GT,NATURAL_GAS,Service[],10000.0,,bus-1595,1595,"Area(0, 0.0, 0.0, 0.0, Dict{String, Any}(""I"" => """", ""ARNAME"" => """", ""PTOL"" => """", ""PDES"" => """", ""ISW"" => """"))"
gen-714,true,true,0.0340002494,0.0,0.24798698579303696,"(min = 0.0, max = 0.034)","(min = -0.143219355, max = 0.245645161)","(up = 0.002475, down = 0.002475)","ThermalGenerationCost(CostCurve{LinearCurve}(LinearCurve(13.502241700000003, 315.964182), UnitSystem.NATURAL_UNITS = 2, LinearCurve(0.0, 0.0)), 0.0, 0.0, 0.0)",100.0,"(up = 1.0, down = 0.0)",false,GT,NATURAL_GAS,Service[],10000.0,,bus-253,253,"Area(0, 0.0, 0.0, 0.0, Dict{String, Any}(""I"" => """", ""ARNAME"" => """", ""PTOL"" => """", ""PDES"" => """", ""ISW"" => """"))"
gen-656,true,true,0.0350002568,0.0,0.24812606699562204,"(min = 0.0, max = 0.035)","(min = -0.143219355, max = 0.245645161)","(up = 0.002475, down = 0.002475)","ThermalGenerationCost(CostCurve{LinearCurve}(LinearCurve(13.502241700000003, 315.964182), UnitSystem.NATURAL_UNITS = 2, LinearCurve(0.0, 0.0)), 0.0, 0.0, 0.0)",100.0,"(up = 1.0, down = 0.0)",false,GT,NATURAL_GAS,Service[],10000.0,,bus-1223,1223,"Area(0, 0.0, 0.0, 0.0, Dict{String, Any}(""I"" => """", ""ARNAME"" => """", ""PTOL"" => """", ""PDES"" => """", ""ISW"" => """"))"
gen-670,true,true,0.0340002494,0.0,0.24798698579303696,"(min = 0.0, max = 0.034)","(min = -0.143219355, max = 0.245645161)","(up = 0.002475, down = 0.002475)","ThermalGenerationCost(CostCurve{LinearCurve}(LinearCurve(13.502241700000003, 315.964182), UnitSystem.NATURAL_UNITS = 2, LinearCurve(0.0, 0.0)), 0.0, 0.0, 0.0)",100.0,"(up = 1.0, down = 0.0)",false,GT,NATURAL_GAS,Service[],10000.0,,bus-1920,1920,"Area(0, 0.0, 0.0, 0.0, Dict{String, Any}(""I"" => """", ""ARNAME"" => """", ""PTOL"" => """", ""PDES"" => """", ""ISW"" => """"))"
gen-406,true,true,0.550004063,0.0,0.6393559259129457,"(min = 0.0, max = 0.55)","(min = -0.183, max = 0.326)","(up = 0.0001, down = 0.0001)","ThermalGenerationCost(CostCurve{LinearCurve}(LinearCurve(0.0, 0.0), UnitSystem.NATURAL_UNITS = 2, LinearCurve(0.0, 0.0)), 0.0, 0.0, 0.0)",100.0,"(up = 1000.0, down = 300.0)",false,OT,GEOTHERMAL,Service[],10000.0,,bus-1762,1762,"Area(0, 0.0, 0.0, 0.0, Dict{String, Any}(""I"" => """", ""ARNAME"" => """", ""PTOL"" => """", ""PDES"" => """", ""ISW"" => """"))"
gen-633,true,true,0.11596471400000001,0.0,0.2927746573732091,"(min = 0.0, max = 0.249)","(min = -0.083, max = 0.154)","(up = 0.002475, down = 0.002475)","ThermalGenerationCost(CostCurve{LinearCurve}(LinearCurve(15.0063715, 144.713646), UnitSystem.NATURAL_UNITS = 2, LinearCurve(0.0, 0.0)), 0.0, 0.0, 0.0)",100.0,"(up = 1.0, down = 0.0)",false,GT,NATURAL_GAS,Service[],10000.0,,bus-248,248,"Area(0, 0.0, 0.0, 0.0, Dict{String, Any}(""I"" => """", ""ARNAME"" => """", ""PTOL"" => """", ""PDES"" => """", ""ISW"" => """"))"
gen-2111,true,true,0.0,0.0,0.013999999999999999,"(min = 0.0, max = 0.013999999999999999)","(min = 0.0, max = 0.0)","(up = 0.0001, down = 0.0001)","ThermalGenerationCost(CostCurve{LinearCurve}(LinearCurve(24.5037276, 248.251086), UnitSystem.NATURAL_UNITS = 2, LinearCurve(0.0, 0.0)), 0.0, 0.0, 0.0)",100.0,"(up = 1.0, down = 1.0)",false,OT,NATURAL_GAS,Service[],10000.0,,bus-2370,2370,"Area(0, 0.0, 0.0, 0.0, Dict{String, Any}(""I"" => """", ""ARNAME"" => """", ""PTOL"" => """", ""PDES"" => """", ""ISW"" => """"))"
gen-643,true,true,0.8230060779999999,0.0,0.823,"(min = 0.0, max = 0.823)","(min = 0.0, max = 0.0)","(up = 0.0014000000000000002, down = 0.0014000000000000002)","ThermalGenerationCost(CostCurve{LinearCurve}(LinearCurve(8.16964701, 907.718723), UnitSystem.NATURAL_UNITS = 2, LinearCurve(0.0, 0.0)), 0.0, 0.0, 0.0)",100.0,"(up = 1.0, down = 0.0)",false,CT,NATURAL_GAS,Service[],10000.0,,bus-384,384,"Area(0, 0.0, 0.0, 0.0, Dict{String, Any}(""I"" => """", ""ARNAME"" => """", ""PTOL"" => """", ""PDES"" => """", ""ISW"" => """"))"
gen-2091,true,true,0.0,0.0,0.012,"(min = 0.0, max = 0.012)","(min = 0.0, max = 0.0)","(up = 0.0001, down = 0.0001)","ThermalGenerationCost(CostCurve{LinearCurve}(LinearCurve(24.5037276, 248.251086), UnitSystem.NATURAL_UNITS = 2, LinearCurve(0.0, 0.0)), 0.0, 0.0, 0.0)",100.0,"(up = 1.0, down = 1.0)",false,OT,NATURAL_GAS,Service[],10000.0,,bus-1244,1244,"Area(0, 0.0, 0.0, 0.0, Dict{String, Any}(""I"" => """", ""ARNAME"" => """", ""PTOL"" => """", ""PDES"" => """", ""ISW"" => """"))"
gen-2114,true,true,0.0,0.0,0.02,"(min = 0.0, max = 0.02)","(min = 0.0, max = 0.0)","(up = 0.0001, down = 0.0001)","ThermalGenerationCost(CostCurve{LinearCurve}(LinearCurve(24.5037276, 248.251086), UnitSystem.NATURAL_UNITS = 2, LinearCurve(0.0, 0.0)), 0.0, 0.0, 0.0)",100.0,"(up = 1.0, down = 1.0)",false,OT,NATURAL_GAS,Service[],10000.0,,bus-1244,1244,"Area(0, 0.0, 0.0, 0.0, Dict{String, Any}(""I"" => """", ""ARNAME"" => """", ""PTOL"" => """", ""PDES"" => """", ""ISW"" => """"))"
gen-534,true,true,0.0,0.0,0.23188239389589044,"(min = 0.0, max = 0.01)","(min = -0.13699999999999998, max = 0.231666667)","(up = 0.0001, down = 0.0001)","ThermalGenerationCost(CostCurve{LinearCurve}(LinearCurve(58.907, 173.53), UnitSystem.NATURAL_UNITS = 2, LinearCurve(0.0, 0.0)), 0.0, 0.0, 0.0)",100.0,"(up = 1.0, down = 1.0)",false,OT,MUNICIPAL_WASTE,Service[],10000.0,,bus-8196,8196,"Area(0, 0.0, 0.0, 0.0, Dict{String, Any}(""I"" => """", ""ARNAME"" => """", ""PTOL"" => """", ""PDES"" => """", ""ISW"" => """"))"
gen-663,true,true,0.012000088099999999,0.0,0.6157836022945795,"(min = 0.0, max = 0.012)","(min = -0.273666667, max = 0.615666667)","(up = 0.0001, down = 0.0001)","ThermalGenerationCost(CostCurve{LinearCurve}(LinearCurve(7.3428025, 22.7651352), UnitSystem.NATURAL_UNITS = 2, LinearCurve(0.0, 0.0)), 0.0, 0.0, 0.0)",100.0,"(up = 1.0, down = 1.0)",false,IC,NATURAL_GAS,Service[],10000.0,,bus-2234,2234,"Area(0, 0.0, 0.0, 0.0, Dict{String, Any}(""I"" => """", ""ARNAME"" => """", ""PTOL"" => """", ""PDES"" => """", ""ISW"" => """"))"
gen-578,true,true,0.183001349,0.0,0.21525204846618506,"(min = 0.0, max = 0.183)","(min = -0.061, max = 0.113333333)","(up = 0.0001, down = 0.0001)","ThermalGenerationCost(CostCurve{LinearCurve}(LinearCurve(14.0763425, 291.232287), UnitSystem.NATURAL_UNITS = 2, LinearCurve(0.0, 0.0)), 0.0, 0.0, 0.0)",100.0,"(up = 1.0, down = 1.0)",false,OT,OTHER_GAS,Service[],10000.0,,bus-8434,8434,"Area(0, 0.0, 0.0, 0.0, Dict{String, Any}(""I"" => """", ""ARNAME"" => """", ""PTOL"" => """", ""PDES"" => """", ""ISW"" => """"))"
gen-61,true,true,1.8182405,0.0,2.7411742009584144,"(min = 0.0, max = 2.33)","(min = -0.777, max = 1.444)","(up = 0.0014000000000000002, down = 0.0014000000000000002)","ThermalGenerationCost(CostCurve{LinearCurve}(LinearCurve(13.4742144, 878.874372), UnitSystem.NATURAL_UNITS = 2, LinearCurve(0.0, 0.0)), 0.0, 0.0, 0.0)",100.0,"(up = 1.0, down = 1.0)",false,CT,NATURAL_GAS,Service[],10000.0,,bus-7971,7971,"Area(0, 0.0, 0.0, 0.0, Dict{String, Any}(""I"" => """", ""ARNAME"" => """", ""PTOL"" => """", ""PDES"" => """", ""ISW"" => """"))"
gen-1619,true,true,0.005000036209999999,0.0,0.6156869698595941,"(min = 0.0, max = 0.005)","(min = -0.273666667, max = 0.615666667)","(up = 0.0001, down = 0.0001)","ThermalGenerationCost(CostCurve{LinearCurve}(LinearCurve(7.3428025, 22.7651352), UnitSystem.NATURAL_UNITS = 2, LinearCurve(0.0, 0.0)), 0.0, 0.0, 0.0)",100.0,"(up = 1.0, down = 1.0)",false,IC,NATURAL_GAS,Service[],10000.0,,bus-2323,2323,"Area(0, 0.0, 0.0, 0.0, Dict{String, Any}(""I"" => """", ""ARNAME"" => """", ""PTOL"" => """", ""PDES"" => """", ""ISW"" => """"))"
gen-704,true,true,0.145001046,0.0,0.6292363168416211,"(min = 0.0, max = 0.145)","(min = -0.358709497, max = 0.612301676)","(up = 0.0014000000000000002, down = 0.0014000000000000002)","ThermalGenerationCost(CostCurve{LinearCurve}(LinearCurve(16.3717118, 479.744314), UnitSystem.NATURAL_UNITS = 2, LinearCurve(0.0, 0.0)), 0.0, 0.0, 0.0)",100.0,"(up = 1.0, down = 0.0)",false,CT,NATURAL_GAS,Service[],10000.0,,bus-519,519,"Area(0, 0.0, 0.0, 0.0, Dict{String, Any}(""I"" => """", ""ARNAME"" => """", ""PTOL"" => """", ""PDES"" => """", ""ISW"" => """"))"
gen-856,true,true,0.499003641,0.0,0.5561857110019242,"(min = 0.0, max = 0.499)","(min = -0.143219355, max = 0.245645161)","(up = 0.002475, down = 0.002475)","ThermalGenerationCost(CostCurve{LinearCurve}(LinearCurve(14.512150300000002, 283.415806), UnitSystem.NATURAL_UNITS = 2, LinearCurve(0.0, 0.0)), 0.0, 0.0, 0.0)",100.0,"(up = 1.0, down = 0.0)",false,GT,NATURAL_GAS,Service[],10000.0,,bus-8838,8838,"Area(0, 0.0, 0.0, 0.0, Dict{String, Any}(""I"" => """", ""ARNAME"" => """", ""PTOL"" => """", ""PDES"" => """", ""ISW"" => """"))"
gen-2039,true,true,0.0,0.0,0.01,"(min = 0.0, max = 0.01)","(min = 0.0, max = 0.0)","(up = 0.0001, down = 0.0001)","ThermalGenerationCost(CostCurve{LinearCurve}(LinearCurve(24.5037276, 248.251086), UnitSystem.NATURAL_UNITS = 2, LinearCurve(0.0, 0.0)), 0.0, 0.0, 0.0)",100.0,"(up = 1.0, down = 1.0)",false,OT,NATURAL_GAS,Service[],10000.0,,bus-347,347,"Area(0, 0.0, 0.0, 0.0, Dict{String, Any}(""I"" => """", ""ARNAME"" => """", ""PTOL"" => """", ""PDES"" => """", ""ISW"" => """"))"
gen-45,true,true,0.16700123300000003,0.0,0.2087333343829329,"(min = 0.0, max = 0.16699999999999998)","(min = -0.0556666667, max = 0.125222222)","(up = 0.0001, down = 0.0001)","ThermalGenerationCost(CostCurve{LinearCurve}(LinearCurve(6.603145, 74.6992503), UnitSystem.NATURAL_UNITS = 2, LinearCurve(0.0, 0.0)), 0.0, 0.0, 0.0)",100.0,"(up = 1.0, down = 1.0)",false,IC,NATURAL_GAS,Service[],10000.0,,bus-170,170,"Area(0, 0.0, 0.0, 0.0, Dict{String, Any}(""I"" => """", ""ARNAME"" => """", ""PTOL"" => """", ""PDES"" => """", ""ISW"" => """"))"
gen-801,true,true,0.102000741,0.0,0.2820868660537034,"(min = 0.0, max = 0.102)","(min = -0.171, max = 0.263)","(up = 0.0014000000000000002, down = 0.0014000000000000002)","ThermalGenerationCost(CostCurve{LinearCurve}(LinearCurve(16.3163742, 586.464464), UnitSystem.NATURAL_UNITS = 2, LinearCurve(0.0, 0.0)), 0.0, 0.0, 0.0)",100.0,"(up = 1.0, down = 0.0)",false,CT,NATURAL_GAS,Service[],10000.0,,bus-1519,1519,"Area(0, 0.0, 0.0, 0.0, Dict{String, Any}(""I"" => """", ""ARNAME"" => """", ""PTOL"" => """", ""PDES"" => """", ""ISW"" => """"))"
gen-1511,true,true,0.0,0.0,0.23215177061329703,"(min = 0.0, max = 0.015)","(min = -0.13699999999999998, max = 0.231666667)","(up = 0.0001, down = 0.0001)","ThermalGenerationCost(CostCurve{LinearCurve}(LinearCurve(58.907, 173.53), UnitSystem.NATURAL_UNITS = 2, LinearCurve(0.0, 0.0)), 0.0, 0.0, 0.0)",100.0,"(up = 1.0, down = 1.0)",false,OT,MUNICIPAL_WASTE,Service[],10000.0,,bus-8843,8843,"Area(0, 0.0, 0.0, 0.0, Dict{String, Any}(""I"" => """", ""ARNAME"" => """", ""PTOL"" => """", ""PDES"" => """", ""ISW"" => """"))"
gen-893,true,true,0.499003646,0.0,0.554585430749853,"(min = 0.0, max = 0.499)","(min = -0.166, max = 0.242)","(up = 0.002475, down = 0.002475)","ThermalGenerationCost(CostCurve{LinearCurve}(LinearCurve(14.533930900000001, 282.862974), UnitSystem.NATURAL_UNITS = 2, LinearCurve(0.0, 0.0)), 0.0, 0.0, 0.0)",100.0,"(up = 1.0, down = 0.0)",false,GT,NATURAL_GAS,Service[],10000.0,,bus-8461,8461,"Area(0, 0.0, 0.0, 0.0, Dict{String, Any}(""I"" => """", ""ARNAME"" => """", ""PTOL"" => """", ""PDES"" => """", ""ISW"" => """"))"
gen-1434,true,true,0.0,0.0,0.13901438774457847,"(min = 0.0, max = 0.002)","(min = -0.095, max = 0.139)","(up = 2.64e-5, down = 2.64e-5)","ThermalGenerationCost(CostCurve{LinearCurve}(LinearCurve(22.409643000000003, 554.685123), UnitSystem.NATURAL_UNITS = 2, LinearCurve(0.0, 0.0)), 0.0, 0.0, 0.0)",100.0,"(up = 12.0, down = 6.0)",false,ST,MUNICIPAL_WASTE,Service[],10000.0,,bus-1006,1006,"Area(0, 0.0, 0.0, 0.0, Dict{String, Any}(""I"" => """", ""ARNAME"" => """", ""PTOL"" => """", ""PDES"" => """", ""ISW"" => """"))"
gen-755,true,true,0.0,0.0,0.2414403541226878,"(min = 0.0, max = 0.068)","(min = -0.13699999999999998, max = 0.231666667)","(up = 0.0001, down = 0.0001)","ThermalGenerationCost(CostCurve{LinearCurve}(LinearCurve(58.907, 173.53), UnitSystem.NATURAL_UNITS = 2, LinearCurve(0.0, 0.0)), 0.0, 0.0, 0.0)",100.0,"(up = 1.0, down = 1.0)",false,OT,MUNICIPAL_WASTE,Service[],10000.0,,bus-465,465,"Area(0, 0.0, 0.0, 0.0, Dict{String, Any}(""I"" => """", ""ARNAME"" => """", ""PTOL"" => """", ""PDES"" => """", ""ISW"" => """"))"
gen-1469,true,true,0.040000290200000004,0.0,0.04,"(min = 0.0, max = 0.04)","(min = 0.0, max = 0.0)","(up = 0.0001, down = 0.0001)","ThermalGenerationCost(CostCurve{LinearCurve}(LinearCurve(15.604003, 102.705607), UnitSystem.NATURAL_UNITS = 2, LinearCurve(0.0, 0.0)), 0.0, 0.0, 0.0)",100.0,"(up = 1.0, down = 1.0)",false,OT,OTHER,Service[],10000.0,,bus-2117,2117,"Area(0, 0.0, 0.0, 0.0, Dict{String, Any}(""I"" => """", ""ARNAME"" => """", ""PTOL"" => """", ""PDES"" => """", ""ISW"" => """"))"
gen-728,true,true,0.0,0.0,0.1422005625867915,"(min = 0.0, max = 0.03)","(min = -0.095, max = 0.139)","(up = 2.64e-5, down = 2.64e-5)","ThermalGenerationCost(CostCurve{LinearCurve}(LinearCurve(22.409643000000003, 554.685123), UnitSystem.NATURAL_UNITS = 2, LinearCurve(0.0, 0.0)), 0.0, 0.0, 0.0)",100.0,"(up = 12.0, down = 6.0)",false,ST,MUNICIPAL_WASTE,Service[],10000.0,,bus-714,714,"Area(0, 0.0, 0.0, 0.0, Dict{String, Any}(""I"" => """", ""ARNAME"" => """", ""PTOL"" => """", ""PDES"" => """", ""ISW"" => """"))"
gen-230,true,true,1.8280135000000002,0.0,2.150644787034809,"(min = 0.0, max = 1.828)","(min = -0.609, max = 1.133)","(up = 0.0014000000000000002, down = 0.0014000000000000002)","ThermalGenerationCost(CostCurve{LinearCurve}(LinearCurve(10.436742900000002, 1415.75836), UnitSystem.NATURAL_UNITS = 2, LinearCurve(0.0, 0.0)), 0.0, 0.0, 0.0)",100.0,"(up = 1.0, down = 1.0)",false,CT,NATURAL_GAS,Service[],10000.0,,bus-2401,2401,"Area(0, 0.0, 0.0, 0.0, Dict{String, Any}(""I"" => """", ""ARNAME"" => """", ""PTOL"" => """", ""PDES"" => """", ""ISW"" => """"))"
gen-902,true,true,0.112000826,0.0,0.11199999999999999,"(min = 0.0, max = 0.11199999999999999)","(min = 0.0, max = 0.0)","(up = 0.002475, down = 0.002475)","ThermalGenerationCost(CostCurve{LinearCurve}(LinearCurve(13.5372642, 318.861829), UnitSystem.NATURAL_UNITS = 2, LinearCurve(0.0, 0.0)), 0.0, 0.0, 0.0)",100.0,"(up = 1.0, down = 0.0)",false,GT,NATURAL_GAS,Service[],10000.0,,bus-7698,7698,"Area(0, 0.0, 0.0, 0.0, Dict{String, Any}(""I"" => """", ""ARNAME"" => """", ""PTOL"" => """", ""PDES"" => """", ""ISW"" => """"))"
gen-1003,true,true,1.8150134,0.0,2.1353805281494913,"(min = 0.0, max = 1.815)","(min = -0.605, max = 1.125)","(up = 0.0014000000000000002, down = 0.0014000000000000002)","ThermalGenerationCost(CostCurve{LinearCurve}(LinearCurve(10.0233692, 1269.56348), UnitSystem.NATURAL_UNITS = 2, LinearCurve(0.0, 0.0)), 0.0, 0.0, 0.0)",100.0,"(up = 1.0, down = 1.0)",false,CT,NATURAL_GAS,Service[],10000.0,,bus-2107,2107,"Area(0, 0.0, 0.0, 0.0, Dict{String, Any}(""I"" => """", ""ARNAME"" => """", ""PTOL"" => """", ""PDES"" => """", ""ISW"" => """"))"
gen-519,true,true,0.221001631,0.0,0.24016036309099803,"(min = 0.0, max = 0.221)","(min = -0.094, max = 0.094)","(up = 0.0014000000000000002, down = 0.0014000000000000002)","ThermalGenerationCost(CostCurve{LinearCurve}(LinearCurve(7.28651264, 89.5226255), UnitSystem.NATURAL_UNITS = 2, LinearCurve(0.0, 0.0)), 0.0, 0.0, 0.0)",100.0,"(up = 1.0, down = 0.0)",false,CT,NATURAL_GAS,Service[],10000.0,,bus-481,481,"Area(0, 0.0, 0.0, 0.0, Dict{String, Any}(""I"" => """", ""ARNAME"" => """", ""PTOL"" => """", ""PDES"" => """", ""ISW"" => """"))"
gen-700,true,true,0.0040000288099999995,0.0,0.6156796609072683,"(min = 0.0, max = 0.004)","(min = -0.273666667, max = 0.615666667)","(up = 0.0001, down = 0.0001)","ThermalGenerationCost(CostCurve{LinearCurve}(LinearCurve(7.3428025, 22.7651352), UnitSystem.NATURAL_UNITS = 2, LinearCurve(0.0, 0.0)), 0.0, 0.0, 0.0)",100.0,"(up = 1.0, down = 1.0)",false,IC,NATURAL_GAS,Service[],10000.0,,bus-1333,1333,"Area(0, 0.0, 0.0, 0.0, Dict{String, Any}(""I"" => """", ""ARNAME"" => """", ""PTOL"" => """", ""PDES"" => """", ""ISW"" => """"))"
gen-824,true,true,3.00002216,0.0,3.1915389704655026,"(min = 0.0, max = 3.0)","(min = -1.089, max = 1.089)","(up = 0.0014000000000000002, down = 0.0014000000000000002)","ThermalGenerationCost(CostCurve{LinearCurve}(LinearCurve(13.8353416, 749.289673), UnitSystem.NATURAL_UNITS = 2, LinearCurve(0.0, 0.0)), 0.0, 0.0, 0.0)",100.0,"(up = 1.0, down = 1.0)",false,CT,NATURAL_GAS,Service[],10000.0,,bus-282,282,"Area(0, 0.0, 0.0, 0.0, Dict{String, Any}(""I"" => """", ""ARNAME"" => """", ""PTOL"" => """", ""PDES"" => """", ""ISW"" => """"))"
gen-828,true,true,1.6770123899999998,0.0,1.6769999999999998,"(min = 0.0, max = 1.6769999999999998)","(min = 0.0, max = 0.0)","(up = 0.0014000000000000002, down = 0.0014000000000000002)","ThermalGenerationCost(CostCurve{LinearCurve}(LinearCurve(9.86331009, 2388.58059), UnitSystem.NATURAL_UNITS = 2, LinearCurve(0.0, 0.0)), 0.0, 0.0, 0.0)",100.0,"(up = 1.0, down = 1.0)",false,CT,NATURAL_GAS,Service[],10000.0,,bus-1937,1937,"Area(0, 0.0, 0.0, 0.0, Dict{String, Any}(""I"" => """", ""ARNAME"" => """", ""PTOL"" => """", ""PDES"" => """", ""ISW"" => """"))"
gen-724,true,true,0.0340002494,0.0,0.24798698579303696,"(min = 0.0, max = 0.034)","(min = -0.143219355, max = 0.245645161)","(up = 0.002475, down = 0.002475)","ThermalGenerationCost(CostCurve{LinearCurve}(LinearCurve(13.502241700000003, 315.964182), UnitSystem.NATURAL_UNITS = 2, LinearCurve(0.0, 0.0)), 0.0, 0.0, 0.0)",100.0,"(up = 1.0, down = 0.0)",false,GT,NATURAL_GAS,Service[],10000.0,,bus-1920,1920,"Area(0, 0.0, 0.0, 0.0, Dict{String, Any}(""I"" => """", ""ARNAME"" => """", ""PTOL"" => """", ""PDES"" => """", ""ISW"" => """"))"
gen-810,true,true,0.0,0.0,0.13912943613772036,"(min = 0.0, max = 0.006)","(min = -0.095, max = 0.139)","(up = 2.64e-5, down = 2.64e-5)","ThermalGenerationCost(CostCurve{LinearCurve}(LinearCurve(22.409643000000003, 554.685123), UnitSystem.NATURAL_UNITS = 2, LinearCurve(0.0, 0.0)), 0.0, 0.0, 0.0)",100.0,"(up = 12.0, down = 6.0)",false,ST,MUNICIPAL_WASTE,Service[],10000.0,,bus-636,636,"Area(0, 0.0, 0.0, 0.0, Dict{String, Any}(""I"" => """", ""ARNAME"" => """", ""PTOL"" => """", ""PDES"" => """", ""ISW"" => """"))"
gen-1620,true,true,0.005000036209999999,0.0,0.6156869698595941,"(min = 0.0, max = 0.005)","(min = -0.273666667, max = 0.615666667)","(up = 0.0001, down = 0.0001)","ThermalGenerationCost(CostCurve{LinearCurve}(LinearCurve(7.3428025, 22.7651352), UnitSystem.NATURAL_UNITS = 2, LinearCurve(0.0, 0.0)), 0.0, 0.0, 0.0)",100.0,"(up = 1.0, down = 1.0)",false,IC,NATURAL_GAS,Service[],10000.0,,bus-2323,2323,"Area(0, 0.0, 0.0, 0.0, Dict{String, Any}(""I"" => """", ""ARNAME"" => """", ""PTOL"" => """", ""PDES"" => """", ""ISW"" => """"))"
gen-1214,true,true,0.0,0.0,0.13900359707575918,"(min = 0.0, max = 0.001)","(min = -0.095, max = 0.139)","(up = 2.64e-5, down = 2.64e-5)","ThermalGenerationCost(CostCurve{LinearCurve}(LinearCurve(22.409643000000003, 554.685123), UnitSystem.NATURAL_UNITS = 2, LinearCurve(0.0, 0.0)), 0.0, 0.0, 0.0)",100.0,"(up = 12.0, down = 6.0)",false,ST,MUNICIPAL_WASTE,Service[],10000.0,,bus-426,426,"Area(0, 0.0, 0.0, 0.0, Dict{String, Any}(""I"" => """", ""ARNAME"" => """", ""PTOL"" => """", ""PDES"" => """", ""ISW"" => """"))"
gen-612,true,true,0.0,0.0,0.21,"(min = 0.0, max = 0.21)","(min = 0.0, max = 0.0)","(up = 2.64e-5, down = 2.64e-5)","ThermalGenerationCost(CostCurve{LinearCurve}(LinearCurve(34.9221993, 113.70841), UnitSystem.NATURAL_UNITS = 2, LinearCurve(0.0, 0.0)), 0.0, 0.0, 0.0)",100.0,"(up = 12.0, down = 6.0)",false,ST,WOOD_WASTE_SOLIDS,Service[],10000.0,,bus-8472,8472,"Area(0, 0.0, 0.0, 0.0, Dict{String, Any}(""I"" => """", ""ARNAME"" => """", ""PTOL"" => """", ""PDES"" => """", ""ISW"" => """"))"
gen-877,true,true,0.461003398,0.0,0.5425099077436283,"(min = 0.0, max = 0.461)","(min = -0.154, max = 0.28600000000000003)","(up = 0.002475, down = 0.002475)","ThermalGenerationCost(CostCurve{LinearCurve}(LinearCurve(13.6908428, 301.625885), UnitSystem.NATURAL_UNITS = 2, LinearCurve(0.0, 0.0)), 0.0, 0.0, 0.0)",100.0,"(up = 1.0, down = 0.0)",false,GT,NATURAL_GAS,Service[],10000.0,,bus-1975,1975,"Area(0, 0.0, 0.0, 0.0, Dict{String, Any}(""I"" => """", ""ARNAME"" => """", ""PTOL"" => """", ""PDES"" => """", ""ISW"" => """"))"
gen-2106,true,true,0.0,0.0,0.009000000000000001,"(min = 0.0, max = 0.009000000000000001)","(min = 0.0, max = 0.0)","(up = 0.0001, down = 0.0001)","ThermalGenerationCost(CostCurve{LinearCurve}(LinearCurve(24.5037276, 248.251086), UnitSystem.NATURAL_UNITS = 2, LinearCurve(0.0, 0.0)), 0.0, 0.0, 0.0)",100.0,"(up = 1.0, down = 1.0)",false,OT,NATURAL_GAS,Service[],10000.0,,bus-1254,1254,"Area(0, 0.0, 0.0, 0.0, Dict{String, Any}(""I"" => """", ""ARNAME"" => """", ""PTOL"" => """", ""PDES"" => """", ""ISW"" => """"))"
gen-772,true,true,0.276983869,0.0,0.30770927837814704,"(min = 0.0, max = 0.27699999999999997)","(min = -0.092, max = 0.134)","(up = 0.002475, down = 0.002475)","ThermalGenerationCost(CostCurve{LinearCurve}(LinearCurve(12.0279444, 238.944546), UnitSystem.NATURAL_UNITS = 2, LinearCurve(0.0, 0.0)), 0.0, 0.0, 0.0)",100.0,"(up = 1.0, down = 0.0)",false,GT,NATURAL_GAS,Service[],10000.0,,bus-1668,1668,"Area(0, 0.0, 0.0, 0.0, Dict{String, Any}(""I"" => """", ""ARNAME"" => """", ""PTOL"" => """", ""PDES"" => """", ""ISW"" => """"))"
gen-523,true,true,0.455003361,0.0,0.506269690975077,"(min = 0.0, max = 0.455)","(min = -0.11900000000000001, max = 0.222)","(up = 0.0001, down = 0.0001)","ThermalGenerationCost(CostCurve{LinearCurve}(LinearCurve(0.0, 0.0), UnitSystem.NATURAL_UNITS = 2, LinearCurve(0.0, 0.0)), 0.0, 0.0, 0.0)",100.0,"(up = 1000.0, down = 300.0)",false,OT,GEOTHERMAL,Service[],10000.0,,bus-1711,1711,"Area(0, 0.0, 0.0, 0.0, Dict{String, Any}(""I"" => """", ""ARNAME"" => """", ""PTOL"" => """", ""PDES"" => """", ""ISW"" => """"))"
gen-1408,true,true,0.0670004938,0.0,0.25461843044586524,"(min = 0.0, max = 0.067)","(min = -0.143219355, max = 0.245645161)","(up = 0.002475, down = 0.002475)","ThermalGenerationCost(CostCurve{LinearCurve}(LinearCurve(11.6879263, 241.314681), UnitSystem.NATURAL_UNITS = 2, LinearCurve(0.0, 0.0)), 0.0, 0.0, 0.0)",100.0,"(up = 1.0, down = 0.0)",false,GT,NATURAL_GAS,Service[],10000.0,,bus-413,413,"Area(0, 0.0, 0.0, 0.0, Dict{String, Any}(""I"" => """", ""ARNAME"" => """", ""PTOL"" => """", ""PDES"" => """", ""ISW"" => """"))"
gen-1374,true,true,0.0,0.0,1.1284758555406527,"(min = 0.0, max = 0.08900000000000001)","(min = -0.685764706, max = 1.1249607799999999)","(up = 5.4000000000000005e-5, down = 5.4000000000000005e-5)","ThermalGenerationCost(CostCurve{LinearCurve}(LinearCurve(24.5037276, 248.251086), UnitSystem.NATURAL_UNITS = 2, LinearCurve(0.0, 0.0)), 0.0, 0.0, 0.0)",100.0,"(up = 2.0, down = 4.0)",false,ST,NATURAL_GAS,Service[],10000.0,,bus-192,192,"Area(0, 0.0, 0.0, 0.0, Dict{String, Any}(""I"" => """", ""ARNAME"" => """", ""PTOL"" => """", ""PDES"" => """", ""ISW"" => """"))"
gen-985,true,true,0.0,0.0,0.23188239389589044,"(min = 0.0, max = 0.01)","(min = -0.13699999999999998, max = 0.231666667)","(up = 0.0001, down = 0.0001)","ThermalGenerationCost(CostCurve{LinearCurve}(LinearCurve(58.907, 173.53), UnitSystem.NATURAL_UNITS = 2, LinearCurve(0.0, 0.0)), 0.0, 0.0, 0.0)",100.0,"(up = 1.0, down = 1.0)",false,OT,MUNICIPAL_WASTE,Service[],10000.0,,bus-1822,1822,"Area(0, 0.0, 0.0, 0.0, Dict{String, Any}(""I"" => """", ""ARNAME"" => """", ""PTOL"" => """", ""PDES"" => """", ""ISW"" => """"))"
gen-785,true,true,0.0,0.0,0.23174435181658448,"(min = 0.0, max = 0.006)","(min = -0.13699999999999998, max = 0.231666667)","(up = 0.0001, down = 0.0001)","ThermalGenerationCost(CostCurve{LinearCurve}(LinearCurve(58.907, 173.53), UnitSystem.NATURAL_UNITS = 2, LinearCurve(0.0, 0.0)), 0.0, 0.0, 0.0)",100.0,"(up = 1.0, down = 1.0)",false,OT,MUNICIPAL_WASTE,Service[],10000.0,,bus-7649,7649,"Area(0, 0.0, 0.0, 0.0, Dict{String, Any}(""I"" => """", ""ARNAME"" => """", ""PTOL"" => """", ""PDES"" => """", ""ISW"" => """"))"
gen-894,true,true,1.67301236,0.0,1.781528091957129,"(min = 0.0, max = 1.673)","(min = -0.358709497, max = 0.612301676)","(up = 0.0014000000000000002, down = 0.0014000000000000002)","ThermalGenerationCost(CostCurve{LinearCurve}(LinearCurve(9.86947683, 2334.13617), UnitSystem.NATURAL_UNITS = 2, LinearCurve(0.0, 0.0)), 0.0, 0.0, 0.0)",100.0,"(up = 1.0, down = 1.0)",false,CT,NATURAL_GAS,Service[],10000.0,,bus-1797,1797,"Area(0, 0.0, 0.0, 0.0, Dict{String, Any}(""I"" => """", ""ARNAME"" => """", ""PTOL"" => """", ""PDES"" => """", ""ISW"" => """"))"
gen-1066,true,true,0.0,0.0,0.013999999999999999,"(min = 0.0, max = 0.013999999999999999)","(min = 0.0, max = 0.0)","(up = 0.0001, down = 0.0001)","ThermalGenerationCost(CostCurve{LinearCurve}(LinearCurve(24.5037276, 248.251086), UnitSystem.NATURAL_UNITS = 2, LinearCurve(0.0, 0.0)), 0.0, 0.0, 0.0)",100.0,"(up = 1.0, down = 1.0)",false,OT,NATURAL_GAS,Service[],10000.0,,bus-1127,1127,"Area(0, 0.0, 0.0, 0.0, Dict{String, Any}(""I"" => """", ""ARNAME"" => """", ""PTOL"" => """", ""PDES"" => """", ""ISW"" => """"))"
gen-180,true,true,0.103114346,0.0,0.23532105728132366,"(min = 0.0, max = 0.2)","(min = -0.067, max = 0.124)","(up = 0.0014000000000000002, down = 0.0014000000000000002)","ThermalGenerationCost(CostCurve{LinearCurve}(LinearCurve(16.3717119, 230.144388), UnitSystem.NATURAL_UNITS = 2, LinearCurve(0.0, 0.0)), 0.0, 0.0, 0.0)",100.0,"(up = 1.0, down = 0.0)",false,CT,NATURAL_GAS,Service[],10000.0,,bus-1693,1693,"Area(0, 0.0, 0.0, 0.0, Dict{String, Any}(""I"" => """", ""ARNAME"" => """", ""PTOL"" => """", ""PDES"" => """", ""ISW"" => """"))"
gen-555,true,true,0.300002216,0.0,0.3332041416309227,"(min = 0.0, max = 0.3)","(min = -0.1, max = 0.145)","(up = 0.0001, down = 0.0001)","ThermalGenerationCost(CostCurve{LinearCurve}(LinearCurve(0.0, 0.0), UnitSystem.NATURAL_UNITS = 2, LinearCurve(0.0, 0.0)), 0.0, 0.0, 0.0)",100.0,"(up = 1000.0, down = 300.0)",false,OT,GEOTHERMAL,Service[],10000.0,,bus-1657,1657,"Area(0, 0.0, 0.0, 0.0, Dict{String, Any}(""I"" => """", ""ARNAME"" => """", ""PTOL"" => """", ""PDES"" => """", ""ISW"" => """"))"
gen-2090,true,true,0.0,0.0,0.01,"(min = 0.0, max = 0.01)","(min = 0.0, max = 0.0)","(up = 0.0001, down = 0.0001)","ThermalGenerationCost(CostCurve{LinearCurve}(LinearCurve(24.5037276, 248.251086), UnitSystem.NATURAL_UNITS = 2, LinearCurve(0.0, 0.0)), 0.0, 0.0, 0.0)",100.0,"(up = 1.0, down = 1.0)",false,OT,NATURAL_GAS,Service[],10000.0,,bus-347,347,"Area(0, 0.0, 0.0, 0.0, Dict{String, Any}(""I"" => """", ""ARNAME"" => """", ""PTOL"" => """", ""PDES"" => """", ""ISW"" => """"))"
gen-1761,true,true,0.0460003381,0.0,0.24991507582119957,"(min = 0.0, max = 0.046)","(min = -0.143219355, max = 0.245645161)","(up = 0.002475, down = 0.002475)","ThermalGenerationCost(CostCurve{LinearCurve}(LinearCurve(13.502241700000003, 315.964182), UnitSystem.NATURAL_UNITS = 2, LinearCurve(0.0, 0.0)), 0.0, 0.0, 0.0)",100.0,"(up = 1.0, down = 0.0)",false,GT,NATURAL_GAS,Service[],10000.0,,bus-2039,2039,"Area(0, 0.0, 0.0, 0.0, Dict{String, Any}(""I"" => """", ""ARNAME"" => """", ""PTOL"" => """", ""PDES"" => """", ""ISW"" => """"))"
gen-1228,true,true,0.698771615,0.0,1.0297288697141185,"(min = 0.0, max = 1.0)","(min = -0.143219355, max = 0.245645161)","(up = 0.002475, down = 0.002475)","ThermalGenerationCost(CostCurve{LinearCurve}(LinearCurve(15.1584724, 428.748492), UnitSystem.NATURAL_UNITS = 2, LinearCurve(0.0, 0.0)), 0.0, 0.0, 0.0)",100.0,"(up = 1.0, down = 1.0)",false,GT,NATURAL_GAS,Service[],10000.0,,bus-1855,1855,"Area(0, 0.0, 0.0, 0.0, Dict{String, Any}(""I"" => """", ""ARNAME"" => """", ""PTOL"" => """", ""PDES"" => """", ""ISW"" => """"))"
gen-1762,true,true,0.0460003381,0.0,0.24991507582119957,"(min = 0.0, max = 0.046)","(min = -0.143219355, max = 0.245645161)","(up = 0.002475, down = 0.002475)","ThermalGenerationCost(CostCurve{LinearCurve}(LinearCurve(13.502241700000003, 315.964182), UnitSystem.NATURAL_UNITS = 2, LinearCurve(0.0, 0.0)), 0.0, 0.0, 0.0)",100.0,"(up = 1.0, down = 0.0)",false,GT,NATURAL_GAS,Service[],10000.0,,bus-2039,2039,"Area(0, 0.0, 0.0, 0.0, Dict{String, Any}(""I"" => """", ""ARNAME"" => """", ""PTOL"" => """", ""PDES"" => """", ""ISW"" => """"))"
gen-1227,true,true,0.698771615,0.0,1.0297288697141185,"(min = 0.0, max = 1.0)","(min = -0.143219355, max = 0.245645161)","(up = 0.002475, down = 0.002475)","ThermalGenerationCost(CostCurve{LinearCurve}(LinearCurve(15.1584724, 428.748492), UnitSystem.NATURAL_UNITS = 2, LinearCurve(0.0, 0.0)), 0.0, 0.0, 0.0)",100.0,"(up = 1.0, down = 1.0)",false,GT,NATURAL_GAS,Service[],10000.0,,bus-1855,1855,"Area(0, 0.0, 0.0, 0.0, Dict{String, Any}(""I"" => """", ""ARNAME"" => """", ""PTOL"" => """", ""PDES"" => """", ""ISW"" => """"))"
gen-1010,true,true,0.69900516,0.0,0.8222469215509415,"(min = 0.0, max = 0.6990000000000001)","(min = -0.233, max = 0.433)","(up = 0.002475, down = 0.002475)","ThermalGenerationCost(CostCurve{LinearCurve}(LinearCurve(11.7931008, 362.867376), UnitSystem.NATURAL_UNITS = 2, LinearCurve(0.0, 0.0)), 0.0, 0.0, 0.0)",100.0,"(up = 1.0, down = 0.0)",false,GT,NATURAL_GAS,Service[],10000.0,,bus-8461,8461,"Area(0, 0.0, 0.0, 0.0, Dict{String, Any}(""I"" => """", ""ARNAME"" => """", ""PTOL"" => """", ""PDES"" => """", ""ISW"" => """"))"
gen-690,true,true,0.235001735,0.0,0.2936000681198831,"(min = 0.0, max = 0.235)","(min = -0.078, max = 0.17600000000000002)","(up = 0.0014000000000000002, down = 0.0014000000000000002)","ThermalGenerationCost(CostCurve{LinearCurve}(LinearCurve(8.45575669, 240.823874), UnitSystem.NATURAL_UNITS = 2, LinearCurve(0.0, 0.0)), 0.0, 0.0, 0.0)",100.0,"(up = 1.0, down = 0.0)",false,CT,NATURAL_GAS,Service[],10000.0,,bus-1847,1847,"Area(0, 0.0, 0.0, 0.0, Dict{String, Any}(""I"" => """", ""ARNAME"" => """", ""PTOL"" => """", ""PDES"" => """", ""ISW"" => """"))"
gen-946,true,true,0.10000073699999999,0.0,0.125,"(min = 0.0, max = 0.1)","(min = -0.03325, max = 0.075)","(up = 0.002475, down = 0.002475)","ThermalGenerationCost(CostCurve{LinearCurve}(LinearCurve(13.502241700000003, 315.964182), UnitSystem.NATURAL_UNITS = 2, LinearCurve(0.0, 0.0)), 0.0, 0.0, 0.0)",100.0,"(up = 1.0, down = 0.0)",false,GT,NATURAL_GAS,Service[],10000.0,,bus-1859,1859,"Area(0, 0.0, 0.0, 0.0, Dict{String, Any}(""I"" => """", ""ARNAME"" => """", ""PTOL"" => """", ""PDES"" => """", ""ISW"" => """"))"
gen-1533,true,true,0.0,0.0,0.2361894252478059,"(min = 0.0, max = 0.046)","(min = -0.13699999999999998, max = 0.231666667)","(up = 0.0001, down = 0.0001)","ThermalGenerationCost(CostCurve{LinearCurve}(LinearCurve(58.907, 173.53), UnitSystem.NATURAL_UNITS = 2, LinearCurve(0.0, 0.0)), 0.0, 0.0, 0.0)",100.0,"(up = 1.0, down = 1.0)",false,OT,MUNICIPAL_WASTE,Service[],10000.0,,bus-8832,8832,"Area(0, 0.0, 0.0, 0.0, Dict{String, Any}(""I"" => """", ""ARNAME"" => """", ""PTOL"" => """", ""PDES"" => """", ""ISW"" => """"))"
gen-345,true,true,0.0973713974,0.0,0.2768429157482633,"(min = 0.0, max = 0.249)","(min = -0.083, max = 0.121)","(up = 0.002475, down = 0.002475)","ThermalGenerationCost(CostCurve{LinearCurve}(LinearCurve(15.6387635, 141.922833), UnitSystem.NATURAL_UNITS = 2, LinearCurve(0.0, 0.0)), 0.0, 0.0, 0.0)",100.0,"(up = 1.0, down = 0.0)",false,GT,NATURAL_GAS,Service[],10000.0,,bus-8292,8292,"Area(0, 0.0, 0.0, 0.0, Dict{String, Any}(""I"" => """", ""ARNAME"" => """", ""PTOL"" => """", ""PDES"" => """", ""ISW"" => """"))"
gen-1260,true,true,0.0,0.0,0.23180475534140554,"(min = 0.0, max = 0.008)","(min = -0.13699999999999998, max = 0.231666667)","(up = 0.0001, down = 0.0001)","ThermalGenerationCost(CostCurve{LinearCurve}(LinearCurve(58.907, 173.53), UnitSystem.NATURAL_UNITS = 2, LinearCurve(0.0, 0.0)), 0.0, 0.0, 0.0)",100.0,"(up = 1.0, down = 1.0)",false,OT,MUNICIPAL_WASTE,Service[],10000.0,,bus-1810,1810,"Area(0, 0.0, 0.0, 0.0, Dict{String, Any}(""I"" => """", ""ARNAME"" => """", ""PTOL"" => """", ""PDES"" => """", ""ISW"" => """"))"
gen-747,true,true,0.10000073699999999,0.0,0.12206555615733704,"(min = 0.0, max = 0.1)","(min = -0.031, max = 0.07)","(up = 0.002475, down = 0.002475)","ThermalGenerationCost(CostCurve{LinearCurve}(LinearCurve(11.6879263, 241.314681), UnitSystem.NATURAL_UNITS = 2, LinearCurve(0.0, 0.0)), 0.0, 0.0, 0.0)",100.0,"(up = 1.0, down = 0.0)",false,GT,NATURAL_GAS,Service[],10000.0,,bus-1557,1557,"Area(0, 0.0, 0.0, 0.0, Dict{String, Any}(""I"" => """", ""ARNAME"" => """", ""PTOL"" => """", ""PDES"" => """", ""ISW"" => """"))"
gen-164,true,true,1.64601216,0.0,2.05780003887647,"(min = 0.0, max = 1.646)","(min = -0.5489999999999999, max = 1.235)","(up = 0.0014000000000000002, down = 0.0014000000000000002)","ThermalGenerationCost(CostCurve{LinearCurve}(LinearCurve(9.85465117, 2635.89483), UnitSystem.NATURAL_UNITS = 2, LinearCurve(0.0, 0.0)), 0.0, 0.0, 0.0)",100.0,"(up = 1.0, down = 1.0)",false,CT,NATURAL_GAS,Service[],10000.0,,bus-7808,7808,"Area(0, 0.0, 0.0, 0.0, Dict{String, Any}(""I"" => """", ""ARNAME"" => """", ""PTOL"" => """", ""PDES"" => """", ""ISW"" => """"))"
gen-1670,true,true,0.0,0.0,0.13943457247038843,"(min = 0.0, max = 0.011000000000000001)","(min = -0.095, max = 0.139)","(up = 2.64e-5, down = 2.64e-5)","ThermalGenerationCost(CostCurve{LinearCurve}(LinearCurve(22.409643000000003, 554.685123), UnitSystem.NATURAL_UNITS = 2, LinearCurve(0.0, 0.0)), 0.0, 0.0, 0.0)",100.0,"(up = 12.0, down = 6.0)",false,ST,MUNICIPAL_WASTE,Service[],10000.0,,bus-1348,1348,"Area(0, 0.0, 0.0, 0.0, Dict{String, Any}(""I"" => """", ""ARNAME"" => """", ""PTOL"" => """", ""PDES"" => """", ""ISW"" => """"))"
gen-559,true,true,0.028000205,0.0,0.24723580873877457,"(min = 0.0, max = 0.027999999999999997)","(min = -0.143219355, max = 0.245645161)","(up = 0.002475, down = 0.002475)","ThermalGenerationCost(CostCurve{LinearCurve}(LinearCurve(13.502241700000003, 315.964182), UnitSystem.NATURAL_UNITS = 2, LinearCurve(0.0, 0.0)), 0.0, 0.0, 0.0)",100.0,"(up = 1.0, down = 0.0)",false,GT,NATURAL_GAS,Service[],10000.0,,bus-344,344,"Area(0, 0.0, 0.0, 0.0, Dict{String, Any}(""I"" => """", ""ARNAME"" => """", ""PTOL"" => """", ""PDES"" => """", ""ISW"" => """"))"
gen-1075,true,true,0.0,0.0,0.2361894252478059,"(min = 0.0, max = 0.046)","(min = -0.13699999999999998, max = 0.231666667)","(up = 0.0001, down = 0.0001)","ThermalGenerationCost(CostCurve{LinearCurve}(LinearCurve(58.907, 173.53), UnitSystem.NATURAL_UNITS = 2, LinearCurve(0.0, 0.0)), 0.0, 0.0, 0.0)",100.0,"(up = 1.0, down = 1.0)",false,OT,MUNICIPAL_WASTE,Service[],10000.0,,bus-461,461,"Area(0, 0.0, 0.0, 0.0, Dict{String, Any}(""I"" => """", ""ARNAME"" => """", ""PTOL"" => """", ""PDES"" => """", ""ISW"" => """"))"
gen-1263,true,true,0.490003619,0.0,0.5766420033261538,"(min = 0.0, max = 0.49)","(min = -0.163, max = 0.304)","(up = 0.0014000000000000002, down = 0.0014000000000000002)","ThermalGenerationCost(CostCurve{LinearCurve}(LinearCurve(9.22003628, 966.27283), UnitSystem.NATURAL_UNITS = 2, LinearCurve(0.0, 0.0)), 0.0, 0.0, 0.0)",100.0,"(up = 1.0, down = 0.0)",false,CT,NATURAL_GAS,Service[],10000.0,,bus-2384,2384,"Area(0, 0.0, 0.0, 0.0, Dict{String, Any}(""I"" => """", ""ARNAME"" => """", ""PTOL"" => """", ""PDES"" => """", ""ISW"" => """"))"
gen-357,true,true,0.0,0.0,0.827856267718014,"(min = 0.0, max = 0.745)","(min = -0.248, max = 0.361)","(up = 0.0001, down = 0.0001)","ThermalGenerationCost(CostCurve{LinearCurve}(LinearCurve(43.2789605, 1721.38761), UnitSystem.NATURAL_UNITS = 2, LinearCurve(0.0, 0.0)), 0.0, 0.0, 0.0)",100.0,"(up = 1.0, down = 1.0)",false,IC,RESIDUAL_FUEL_OIL,Service[],10000.0,,bus-1610,1610,"Area(0, 0.0, 0.0, 0.0, Dict{String, Any}(""I"" => """", ""ARNAME"" => """", ""PTOL"" => """", ""PDES"" => """", ""ISW"" => """"))"
gen-244,true,true,2.1135196,0.0,3.110796843254152,"(min = 0.0, max = 2.6439999999999997)","(min = -0.8809999999999999, max = 1.639)","(up = 0.0014000000000000002, down = 0.0014000000000000002)","ThermalGenerationCost(CostCurve{LinearCurve}(LinearCurve(13.3834953, 981.323331), UnitSystem.NATURAL_UNITS = 2, LinearCurve(0.0, 0.0)), 0.0, 0.0, 0.0)",100.0,"(up = 1.0, down = 1.0)",false,CT,NATURAL_GAS,Service[],10000.0,,bus-8018,8018,"Area(0, 0.0, 0.0, 0.0, Dict{String, Any}(""I"" => """", ""ARNAME"" => """", ""PTOL"" => """", ""PDES"" => """", ""ISW"" => """"))"
gen-393,true,true,0.08400062,0.0,0.6213706179526747,"(min = 0.0, max = 0.084)","(min = -0.273666667, max = 0.615666667)","(up = 0.0001, down = 0.0001)","ThermalGenerationCost(CostCurve{LinearCurve}(LinearCurve(6.603145, 74.6992503), UnitSystem.NATURAL_UNITS = 2, LinearCurve(0.0, 0.0)), 0.0, 0.0, 0.0)",100.0,"(up = 1.0, down = 1.0)",false,IC,NATURAL_GAS,Service[],10000.0,,bus-1801,1801,"Area(0, 0.0, 0.0, 0.0, Dict{String, Any}(""I"" => """", ""ARNAME"" => """", ""PTOL"" => """", ""PDES"" => """", ""ISW"" => """"))"
gen-805,true,true,0.40000295399999997,0.0,0.4706421145626473,"(min = 0.0, max = 0.4)","(min = -0.133, max = 0.248)","(up = 0.0014000000000000002, down = 0.0014000000000000002)","ThermalGenerationCost(CostCurve{LinearCurve}(LinearCurve(7.95071277, 460.953869), UnitSystem.NATURAL_UNITS = 2, LinearCurve(0.0, 0.0)), 0.0, 0.0, 0.0)",100.0,"(up = 1.0, down = 0.0)",false,CT,NATURAL_GAS,Service[],10000.0,,bus-1592,1592,"Area(0, 0.0, 0.0, 0.0, Dict{String, Any}(""I"" => """", ""ARNAME"" => """", ""PTOL"" => """", ""PDES"" => """", ""ISW"" => """"))"
gen-2036,true,true,0.0,0.0,0.02,"(min = 0.0, max = 0.02)","(min = 0.0, max = 0.0)","(up = 0.0001, down = 0.0001)","ThermalGenerationCost(CostCurve{LinearCurve}(LinearCurve(24.5037276, 248.251086), UnitSystem.NATURAL_UNITS = 2, LinearCurve(0.0, 0.0)), 0.0, 0.0, 0.0)",100.0,"(up = 1.0, down = 1.0)",false,OT,NATURAL_GAS,Service[],10000.0,,bus-1262,1262,"Area(0, 0.0, 0.0, 0.0, Dict{String, Any}(""I"" => """", ""ARNAME"" => """", ""PTOL"" => """", ""PDES"" => """", ""ISW"" => """"))"
gen-719,true,true,0.0310002272,0.0,0.24759350783636455,"(min = 0.0, max = 0.031)","(min = -0.143219355, max = 0.245645161)","(up = 0.002475, down = 0.002475)","ThermalGenerationCost(CostCurve{LinearCurve}(LinearCurve(13.502241700000003, 315.964182), UnitSystem.NATURAL_UNITS = 2, LinearCurve(0.0, 0.0)), 0.0, 0.0, 0.0)",100.0,"(up = 1.0, down = 0.0)",false,GT,NATURAL_GAS,Service[],10000.0,,bus-8239,8239,"Area(0, 0.0, 0.0, 0.0, Dict{String, Any}(""I"" => """", ""ARNAME"" => """", ""PTOL"" => """", ""PDES"" => """", ""ISW"" => """"))"
gen-838,true,true,1.8213998200000001,0.0,2.0811137264533164,"(min = 0.0, max = 1.989)","(min = -0.358709497, max = 0.612301676)","(up = 0.0014000000000000002, down = 0.0014000000000000002)","ThermalGenerationCost(CostCurve{LinearCurve}(LinearCurve(12.495568, 2409.83066), UnitSystem.NATURAL_UNITS = 2, LinearCurve(0.0, 0.0)), 0.0, 0.0, 0.0)",100.0,"(up = 1.0, down = 1.0)",false,CT,NATURAL_GAS,Service[],10000.0,,bus-8003,8003,"Area(0, 0.0, 0.0, 0.0, Dict{String, Any}(""I"" => """", ""ARNAME"" => """", ""PTOL"" => """", ""PDES"" => """", ""ISW"" => """"))"
gen-1220,true,true,0.0,0.0,0.13900359707575918,"(min = 0.0, max = 0.001)","(min = -0.095, max = 0.139)","(up = 2.64e-5, down = 2.64e-5)","ThermalGenerationCost(CostCurve{LinearCurve}(LinearCurve(22.409643000000003, 554.685123), UnitSystem.NATURAL_UNITS = 2, LinearCurve(0.0, 0.0)), 0.0, 0.0, 0.0)",100.0,"(up = 12.0, down = 6.0)",false,ST,MUNICIPAL_WASTE,Service[],10000.0,,bus-426,426,"Area(0, 0.0, 0.0, 0.0, Dict{String, Any}(""I"" => """", ""ARNAME"" => """", ""PTOL"" => """", ""PDES"" => """", ""ISW"" => """"))"
gen-931,true,true,0.0280002064,0.0,0.6163030462807148,"(min = 0.0, max = 0.027999999999999997)","(min = -0.273666667, max = 0.615666667)","(up = 0.0001, down = 0.0001)","ThermalGenerationCost(CostCurve{LinearCurve}(LinearCurve(6.603144, 23.06084), UnitSystem.NATURAL_UNITS = 2, LinearCurve(0.0, 0.0)), 0.0, 0.0, 0.0)",100.0,"(up = 1.0, down = 1.0)",false,IC,NATURAL_GAS,Service[],10000.0,,bus-1236,1236,"Area(0, 0.0, 0.0, 0.0, Dict{String, Any}(""I"" => """", ""ARNAME"" => """", ""PTOL"" => """", ""PDES"" => """", ""ISW"" => """"))"
gen-850,true,true,0.524535441,0.0,0.7117935093831638,"(min = 0.0, max = 0.605)","(min = -0.20199999999999999, max = 0.375)","(up = 0.002475, down = 0.002475)","ThermalGenerationCost(CostCurve{LinearCurve}(LinearCurve(14.2689682, 300.533608), UnitSystem.NATURAL_UNITS = 2, LinearCurve(0.0, 0.0)), 0.0, 0.0, 0.0)",100.0,"(up = 1.0, down = 0.0)",false,GT,NATURAL_GAS,Service[],10000.0,,bus-1050,1050,"Area(0, 0.0, 0.0, 0.0, Dict{String, Any}(""I"" => """", ""ARNAME"" => """", ""PTOL"" => """", ""PDES"" => """", ""ISW"" => """"))"
gen-552,true,true,0.300002216,0.0,0.32744353947912497,"(min = 0.0, max = 0.3)","(min = -0.0760444444, max = 0.131222222)","(up = 0.0001, down = 0.0001)","ThermalGenerationCost(CostCurve{LinearCurve}(LinearCurve(0.0, 0.0), UnitSystem.NATURAL_UNITS = 2, LinearCurve(0.0, 0.0)), 0.0, 0.0, 0.0)",100.0,"(up = 1000.0, down = 300.0)",false,OT,GEOTHERMAL,Service[],10000.0,,bus-1659,1659,"Area(0, 0.0, 0.0, 0.0, Dict{String, Any}(""I"" => """", ""ARNAME"" => """", ""PTOL"" => """", ""PDES"" => """", ""ISW"" => """"))"
gen-410,true,true,0.0,0.0,0.075,"(min = 0.0, max = 0.06)","(min = -0.02, max = 0.045)","(up = 0.0001, down = 0.0001)","ThermalGenerationCost(CostCurve{LinearCurve}(LinearCurve(25.05, 57.6), UnitSystem.NATURAL_UNITS = 2, LinearCurve(0.0, 0.0)), 0.0, 0.0, 0.0)",100.0,"(up = 1.0, down = 1.0)",false,IC,RESIDUAL_FUEL_OIL,Service[],10000.0,,bus-552,552,"Area(0, 0.0, 0.0, 0.0, Dict{String, Any}(""I"" => """", ""ARNAME"" => """", ""PTOL"" => """", ""PDES"" => """", ""ISW"" => """"))"
gen-811,true,true,0.0,0.0,0.13912943613772036,"(min = 0.0, max = 0.006)","(min = -0.095, max = 0.139)","(up = 2.64e-5, down = 2.64e-5)","ThermalGenerationCost(CostCurve{LinearCurve}(LinearCurve(22.409643000000003, 554.685123), UnitSystem.NATURAL_UNITS = 2, LinearCurve(0.0, 0.0)), 0.0, 0.0, 0.0)",100.0,"(up = 12.0, down = 6.0)",false,ST,MUNICIPAL_WASTE,Service[],10000.0,,bus-636,636,"Area(0, 0.0, 0.0, 0.0, Dict{String, Any}(""I"" => """", ""ARNAME"" => """", ""PTOL"" => """", ""PDES"" => """", ""ISW"" => """"))"
gen-1428,true,true,0.485003543,0.0,0.5436603214533096,"(min = 0.0, max = 0.485)","(min = -0.143219355, max = 0.245645161)","(up = 0.002475, down = 0.002475)","ThermalGenerationCost(CostCurve{LinearCurve}(LinearCurve(15.0260079, 278.09026), UnitSystem.NATURAL_UNITS = 2, LinearCurve(0.0, 0.0)), 0.0, 0.0, 0.0)",100.0,"(up = 1.0, down = 0.0)",false,GT,NATURAL_GAS,Service[],10000.0,,bus-1418,1418,"Area(0, 0.0, 0.0, 0.0, Dict{String, Any}(""I"" => """", ""ARNAME"" => """", ""PTOL"" => """", ""PDES"" => """", ""ISW"" => """"))"
gen-363,true,true,0.0,0.0,0.30934518622226675,"(min = 0.0, max = 0.025)","(min = -0.20800000000000002, max = 0.308333333)","(up = 0.0001, down = 0.0001)","ThermalGenerationCost(CostCurve{LinearCurve}(LinearCurve(25.05, 57.6), UnitSystem.NATURAL_UNITS = 2, LinearCurve(0.0, 0.0)), 0.0, 0.0, 0.0)",100.0,"(up = 1.0, down = 1.0)",false,IC,RESIDUAL_FUEL_OIL,Service[],10000.0,,bus-1752,1752,"Area(0, 0.0, 0.0, 0.0, Dict{String, Any}(""I"" => """", ""ARNAME"" => """", ""PTOL"" => """", ""PDES"" => """", ""ISW"" => """"))"
gen-109,true,true,0.0,0.0,4.95,"(min = 0.0, max = 4.95)","(min = 0.0, max = 0.0)","(up = 5.4000000000000005e-5, down = 5.4000000000000005e-5)","ThermalGenerationCost(CostCurve{LinearCurve}(LinearCurve(21.025000000000002, 1184.1), UnitSystem.NATURAL_UNITS = 2, LinearCurve(0.0, 0.0)), 0.0, 0.0, 0.0)",100.0,"(up = 2.0, down = 4.0)",false,ST,NATURAL_GAS,Service[],10000.0,,bus-8113,8113,"Area(0, 0.0, 0.0, 0.0, Dict{String, Any}(""I"" => """", ""ARNAME"" => """", ""PTOL"" => """", ""PDES"" => """", ""ISW"" => """"))"
gen-1473,true,true,0.0,0.0,0.004,"(min = 0.0, max = 0.004)","(min = 0.0, max = 0.0)","(up = 0.0001, down = 0.0001)","ThermalGenerationCost(CostCurve{LinearCurve}(LinearCurve(24.5037276, 248.251086), UnitSystem.NATURAL_UNITS = 2, LinearCurve(0.0, 0.0)), 0.0, 0.0, 0.0)",100.0,"(up = 1.0, down = 1.0)",false,OT,NATURAL_GAS,Service[],10000.0,,bus-2091,2091,"Area(0, 0.0, 0.0, 0.0, Dict{String, Any}(""I"" => """", ""ARNAME"" => """", ""PTOL"" => """", ""PDES"" => """", ""ISW"" => """"))"
gen-875,true,true,1.3869512499999999,0.0,2.176719779852244,"(min = 0.0, max = 1.85)","(min = -0.617, max = 1.147)","(up = 0.0014000000000000002, down = 0.0014000000000000002)","ThermalGenerationCost(CostCurve{LinearCurve}(LinearCurve(13.624688600000002, 700.179033), UnitSystem.NATURAL_UNITS = 2, LinearCurve(0.0, 0.0)), 0.0, 0.0, 0.0)",100.0,"(up = 1.0, down = 1.0)",false,CT,NATURAL_GAS,Service[],10000.0,,bus-220,220,"Area(0, 0.0, 0.0, 0.0, Dict{String, Any}(""I"" => """", ""ARNAME"" => """", ""PTOL"" => """", ""PDES"" => """", ""ISW"" => """"))"
gen-389,true,true,0.0390002864,0.0,0.2487218227713763,"(min = 0.0, max = 0.039)","(min = -0.143219355, max = 0.245645161)","(up = 0.002475, down = 0.002475)","ThermalGenerationCost(CostCurve{LinearCurve}(LinearCurve(13.502241700000003, 315.964182), UnitSystem.NATURAL_UNITS = 2, LinearCurve(0.0, 0.0)), 0.0, 0.0, 0.0)",100.0,"(up = 1.0, down = 0.0)",false,GT,NATURAL_GAS,Service[],10000.0,,bus-2409,2409,"Area(0, 0.0, 0.0, 0.0, Dict{String, Any}(""I"" => """", ""ARNAME"" => """", ""PTOL"" => """", ""PDES"" => """", ""ISW"" => """"))"
gen-1954,true,true,0.0,0.0,0.013000000000000001,"(min = 0.0, max = 0.013000000000000001)","(min = 0.0, max = 0.0)","(up = 0.0001, down = 0.0001)","ThermalGenerationCost(CostCurve{LinearCurve}(LinearCurve(24.5037276, 248.251086), UnitSystem.NATURAL_UNITS = 2, LinearCurve(0.0, 0.0)), 0.0, 0.0, 0.0)",100.0,"(up = 1.0, down = 1.0)",false,OT,NATURAL_GAS,Service[],10000.0,,bus-2300,2300,"Area(0, 0.0, 0.0, 0.0, Dict{String, Any}(""I"" => """", ""ARNAME"" => """", ""PTOL"" => """", ""PDES"" => """", ""ISW"" => """"))"
gen-1230,true,true,0.698771615,0.0,1.0297288697141185,"(min = 0.0, max = 1.0)","(min = -0.143219355, max = 0.245645161)","(up = 0.002475, down = 0.002475)","ThermalGenerationCost(CostCurve{LinearCurve}(LinearCurve(15.1584724, 428.748492), UnitSystem.NATURAL_UNITS = 2, LinearCurve(0.0, 0.0)), 0.0, 0.0, 0.0)",100.0,"(up = 1.0, down = 1.0)",false,GT,NATURAL_GAS,Service[],10000.0,,bus-1855,1855,"Area(0, 0.0, 0.0, 0.0, Dict{String, Any}(""I"" => """", ""ARNAME"" => """", ""PTOL"" => """", ""PDES"" => """", ""ISW"" => """"))"
gen-723,true,true,0.0340002494,0.0,0.24798698579303696,"(min = 0.0, max = 0.034)","(min = -0.143219355, max = 0.245645161)","(up = 0.002475, down = 0.002475)","ThermalGenerationCost(CostCurve{LinearCurve}(LinearCurve(13.502241700000003, 315.964182), UnitSystem.NATURAL_UNITS = 2, LinearCurve(0.0, 0.0)), 0.0, 0.0, 0.0)",100.0,"(up = 1.0, down = 0.0)",false,GT,NATURAL_GAS,Service[],10000.0,,bus-1920,1920,"Area(0, 0.0, 0.0, 0.0, Dict{String, Any}(""I"" => """", ""ARNAME"" => """", ""PTOL"" => """", ""PDES"" => """", ""ISW"" => """"))"
gen-1064,true,true,0.0,0.0,0.013999999999999999,"(min = 0.0, max = 0.013999999999999999)","(min = 0.0, max = 0.0)","(up = 0.0001, down = 0.0001)","ThermalGenerationCost(CostCurve{LinearCurve}(LinearCurve(24.5037276, 248.251086), UnitSystem.NATURAL_UNITS = 2, LinearCurve(0.0, 0.0)), 0.0, 0.0, 0.0)",100.0,"(up = 1.0, down = 1.0)",false,OT,NATURAL_GAS,Service[],10000.0,,bus-2158,2158,"Area(0, 0.0, 0.0, 0.0, Dict{String, Any}(""I"" => """", ""ARNAME"" => """", ""PTOL"" => """", ""PDES"" => """", ""ISW"" => """"))"
gen-725,true,true,0.0340002494,0.0,0.24798698579303696,"(min = 0.0, max = 0.034)","(min = -0.143219355, max = 0.245645161)","(up = 0.002475, down = 0.002475)","ThermalGenerationCost(CostCurve{LinearCurve}(LinearCurve(13.502241700000003, 315.964182), UnitSystem.NATURAL_UNITS = 2, LinearCurve(0.0, 0.0)), 0.0, 0.0, 0.0)",100.0,"(up = 1.0, down = 0.0)",false,GT,NATURAL_GAS,Service[],10000.0,,bus-1920,1920,"Area(0, 0.0, 0.0, 0.0, Dict{String, Any}(""I"" => """", ""ARNAME"" => """", ""PTOL"" => """", ""PDES"" => """", ""ISW"" => """"))"
gen-883,true,true,0.45000332200000004,0.0,0.5294723788829782,"(min = 0.0, max = 0.45)","(min = -0.15, max = 0.27899999999999997)","(up = 0.0014000000000000002, down = 0.0014000000000000002)","ThermalGenerationCost(CostCurve{LinearCurve}(LinearCurve(13.5754577, 314.917371), UnitSystem.NATURAL_UNITS = 2, LinearCurve(0.0, 0.0)), 0.0, 0.0, 0.0)",100.0,"(up = 1.0, down = 0.0)",false,CT,NATURAL_GAS,Service[],10000.0,,bus-2300,2300,"Area(0, 0.0, 0.0, 0.0, Dict{String, Any}(""I"" => """", ""ARNAME"" => """", ""PTOL"" => """", ""PDES"" => """", ""ISW"" => """"))"
gen-1530,true,true,0.0,0.0,0.2361894252478059,"(min = 0.0, max = 0.046)","(min = -0.13699999999999998, max = 0.231666667)","(up = 0.0001, down = 0.0001)","ThermalGenerationCost(CostCurve{LinearCurve}(LinearCurve(58.907, 173.53), UnitSystem.NATURAL_UNITS = 2, LinearCurve(0.0, 0.0)), 0.0, 0.0, 0.0)",100.0,"(up = 1.0, down = 1.0)",false,OT,MUNICIPAL_WASTE,Service[],10000.0,,bus-8832,8832,"Area(0, 0.0, 0.0, 0.0, Dict{String, Any}(""I"" => """", ""ARNAME"" => """", ""PTOL"" => """", ""PDES"" => """", ""ISW"" => """"))"
gen-501,true,true,0.0,0.0,0.5554853733447893,"(min = 0.0, max = 0.5)","(min = -0.16699999999999998, max = 0.242)","(up = 0.0001, down = 0.0001)","ThermalGenerationCost(CostCurve{LinearCurve}(LinearCurve(58.907, 379.0), UnitSystem.NATURAL_UNITS = 2, LinearCurve(0.0, 0.0)), 0.0, 0.0, 0.0)",100.0,"(up = 1.0, down = 1.0)",false,OT,MUNICIPAL_WASTE,Service[],10000.0,,bus-1698,1698,"Area(0, 0.0, 0.0, 0.0, Dict{String, Any}(""I"" => """", ""ARNAME"" => """", ""PTOL"" => """", ""PDES"" => """", ""ISW"" => """"))"
gen-1461,true,true,0.015000110300000001,0.0,0.6158493686404889,"(min = 0.0, max = 0.015)","(min = -0.273666667, max = 0.615666667)","(up = 0.0001, down = 0.0001)","ThermalGenerationCost(CostCurve{LinearCurve}(LinearCurve(7.3428025, 22.7651352), UnitSystem.NATURAL_UNITS = 2, LinearCurve(0.0, 0.0)), 0.0, 0.0, 0.0)",100.0,"(up = 1.0, down = 1.0)",false,IC,NATURAL_GAS,Service[],10000.0,,bus-2036,2036,"Area(0, 0.0, 0.0, 0.0, Dict{String, Any}(""I"" => """", ""ARNAME"" => """", ""PTOL"" => """", ""PDES"" => """", ""ISW"" => """"))"
gen-2115,true,true,0.0,0.0,0.011000000000000001,"(min = 0.0, max = 0.011000000000000001)","(min = 0.0, max = 0.0)","(up = 0.0001, down = 0.0001)","ThermalGenerationCost(CostCurve{LinearCurve}(LinearCurve(24.5037276, 248.251086), UnitSystem.NATURAL_UNITS = 2, LinearCurve(0.0, 0.0)), 0.0, 0.0, 0.0)",100.0,"(up = 1.0, down = 1.0)",false,OT,NATURAL_GAS,Service[],10000.0,,bus-1810,1810,"Area(0, 0.0, 0.0, 0.0, Dict{String, Any}(""I"" => """", ""ARNAME"" => """", ""PTOL"" => """", ""PDES"" => """", ""ISW"" => """"))"
gen-1166,true,true,0.556751661,0.0,2.0845242970814026,"(min = 0.0, max = 2.07)","(min = -0.143219355, max = 0.245645161)","(up = 0.002475, down = 0.002475)","ThermalGenerationCost(CostCurve{LinearCurve}(LinearCurve(14.5116537, 283.573452), UnitSystem.NATURAL_UNITS = 2, LinearCurve(0.0, 0.0)), 0.0, 0.0, 0.0)",100.0,"(up = 1.0, down = 1.0)",false,GT,NATURAL_GAS,Service[],10000.0,,bus-1595,1595,"Area(0, 0.0, 0.0, 0.0, Dict{String, Any}(""I"" => """", ""ARNAME"" => """", ""PTOL"" => """", ""PDES"" => """", ""ISW"" => """"))"
gen-996,true,true,0.498003639,0.0,0.586075933646827,"(min = 0.0, max = 0.498)","(min = -0.166, max = 0.309)","(up = 0.002475, down = 0.002475)","ThermalGenerationCost(CostCurve{LinearCurve}(LinearCurve(14.5864247, 282.690078), UnitSystem.NATURAL_UNITS = 2, LinearCurve(0.0, 0.0)), 0.0, 0.0, 0.0)",100.0,"(up = 1.0, down = 0.0)",false,GT,NATURAL_GAS,Service[],10000.0,,bus-8082,8082,"Area(0, 0.0, 0.0, 0.0, Dict{String, Any}(""I"" => """", ""ARNAME"" => """", ""PTOL"" => """", ""PDES"" => """", ""ISW"" => """"))"
gen-727,true,true,0.04662803,0.0,0.3257875766856617,"(min = 0.0, max = 0.214)","(min = -0.143219355, max = 0.245645161)","(up = 0.002475, down = 0.002475)","ThermalGenerationCost(CostCurve{LinearCurve}(LinearCurve(16.8488019, 136.821325), UnitSystem.NATURAL_UNITS = 2, LinearCurve(0.0, 0.0)), 0.0, 0.0, 0.0)",100.0,"(up = 1.0, down = 0.0)",false,GT,NATURAL_GAS,Service[],10000.0,,bus-539,539,"Area(0, 0.0, 0.0, 0.0, Dict{String, Any}(""I"" => """", ""ARNAME"" => """", ""PTOL"" => """", ""PDES"" => """", ""ISW"" => """"))"
gen-465,true,true,0.10500076500000001,0.0,0.105,"(min = 0.0, max = 0.105)","(min = 0.0, max = 0.0)","(up = 0.0014000000000000002, down = 0.0014000000000000002)","ThermalGenerationCost(CostCurve{LinearCurve}(LinearCurve(16.243934, 628.810719), UnitSystem.NATURAL_UNITS = 2, LinearCurve(0.0, 0.0)), 0.0, 0.0, 0.0)",100.0,"(up = 1.0, down = 0.0)",false,CT,NATURAL_GAS,Service[],10000.0,,bus-1700,1700,"Area(0, 0.0, 0.0, 0.0, Dict{String, Any}(""I"" => """", ""ARNAME"" => """", ""PTOL"" => """", ""PDES"" => """", ""ISW"" => """"))"
gen-542,true,true,0.485003544,0.0,0.5708117027531934,"(min = 0.0, max = 0.485)","(min = -0.162, max = 0.301)","(up = 0.002475, down = 0.002475)","ThermalGenerationCost(CostCurve{LinearCurve}(LinearCurve(14.9655005, 278.475437), UnitSystem.NATURAL_UNITS = 2, LinearCurve(0.0, 0.0)), 0.0, 0.0, 0.0)",100.0,"(up = 1.0, down = 0.0)",false,GT,NATURAL_GAS,Service[],10000.0,,bus-1893,1893,"Area(0, 0.0, 0.0, 0.0, Dict{String, Any}(""I"" => """", ""ARNAME"" => """", ""PTOL"" => """", ""PDES"" => """", ""ISW"" => """"))"
gen-901,true,true,0.112000826,0.0,0.11199999999999999,"(min = 0.0, max = 0.11199999999999999)","(min = 0.0, max = 0.0)","(up = 0.002475, down = 0.002475)","ThermalGenerationCost(CostCurve{LinearCurve}(LinearCurve(13.5372642, 318.861829), UnitSystem.NATURAL_UNITS = 2, LinearCurve(0.0, 0.0)), 0.0, 0.0, 0.0)",100.0,"(up = 1.0, down = 0.0)",false,GT,NATURAL_GAS,Service[],10000.0,,bus-7698,7698,"Area(0, 0.0, 0.0, 0.0, Dict{String, Any}(""I"" => """", ""ARNAME"" => """", ""PTOL"" => """", ""PDES"" => """", ""ISW"" => """"))"
gen-833,true,true,1.82290086,0.0,2.3401730705227766,"(min = 0.0, max = 1.989)","(min = -0.6629999999999999, max = 1.2329999999999999)","(up = 0.0014000000000000002, down = 0.0014000000000000002)","ThermalGenerationCost(CostCurve{LinearCurve}(LinearCurve(12.4652175, 2323.40845), UnitSystem.NATURAL_UNITS = 2, LinearCurve(0.0, 0.0)), 0.0, 0.0, 0.0)",100.0,"(up = 1.0, down = 1.0)",false,CT,NATURAL_GAS,Service[],10000.0,,bus-1589,1589,"Area(0, 0.0, 0.0, 0.0, Dict{String, Any}(""I"" => """", ""ARNAME"" => """", ""PTOL"" => """", ""PDES"" => """", ""ISW"" => """"))"
gen-1771,true,true,0.0,0.0,0.23414833887706504,"(min = 0.0, max = 0.034)","(min = -0.13699999999999998, max = 0.231666667)","(up = 0.0001, down = 0.0001)","ThermalGenerationCost(CostCurve{LinearCurve}(LinearCurve(58.907, 173.53), UnitSystem.NATURAL_UNITS = 2, LinearCurve(0.0, 0.0)), 0.0, 0.0, 0.0)",100.0,"(up = 1.0, down = 1.0)",false,OT,MUNICIPAL_WASTE,Service[],10000.0,,bus-692,692,"Area(0, 0.0, 0.0, 0.0, Dict{String, Any}(""I"" => """", ""ARNAME"" => """", ""PTOL"" => """", ""PDES"" => """", ""ISW"" => """"))"
gen-928,true,true,0.949007009,0.0,1.1163982264407266,"(min = 0.0, max = 0.9490000000000001)","(min = -0.316, max = 0.588)","(up = 0.0014000000000000002, down = 0.0014000000000000002)","ThermalGenerationCost(CostCurve{LinearCurve}(LinearCurve(9.36133114, 1214.01557), UnitSystem.NATURAL_UNITS = 2, LinearCurve(0.0, 0.0)), 0.0, 0.0, 0.0)",100.0,"(up = 1.0, down = 1.0)",false,CT,NATURAL_GAS,Service[],10000.0,,bus-1806,1806,"Area(0, 0.0, 0.0, 0.0, Dict{String, Any}(""I"" => """", ""ARNAME"" => """", ""PTOL"" => """", ""PDES"" => """", ""ISW"" => """"))"
gen-641,true,true,0.060000441599999996,0.0,0.25286665482565296,"(min = 0.0, max = 0.06)","(min = -0.143219355, max = 0.245645161)","(up = 0.002475, down = 0.002475)","ThermalGenerationCost(CostCurve{LinearCurve}(LinearCurve(13.502241700000003, 315.964182), UnitSystem.NATURAL_UNITS = 2, LinearCurve(0.0, 0.0)), 0.0, 0.0, 0.0)",100.0,"(up = 1.0, down = 0.0)",false,GT,NATURAL_GAS,Service[],10000.0,,bus-1807,1807,"Area(0, 0.0, 0.0, 0.0, Dict{String, Any}(""I"" => """", ""ARNAME"" => """", ""PTOL"" => """", ""PDES"" => """", ""ISW"" => """"))"
gen-2105,true,true,0.0,0.0,0.01,"(min = 0.0, max = 0.01)","(min = 0.0, max = 0.0)","(up = 0.0001, down = 0.0001)","ThermalGenerationCost(CostCurve{LinearCurve}(LinearCurve(24.5037276, 248.251086), UnitSystem.NATURAL_UNITS = 2, LinearCurve(0.0, 0.0)), 0.0, 0.0, 0.0)",100.0,"(up = 1.0, down = 1.0)",false,OT,NATURAL_GAS,Service[],10000.0,,bus-2367,2367,"Area(0, 0.0, 0.0, 0.0, Dict{String, Any}(""I"" => """", ""ARNAME"" => """", ""PTOL"" => """", ""PDES"" => """", ""ISW"" => """"))"
gen-748,true,true,0.10000073699999999,0.0,0.12206555615733704,"(min = 0.0, max = 0.1)","(min = -0.031, max = 0.07)","(up = 0.002475, down = 0.002475)","ThermalGenerationCost(CostCurve{LinearCurve}(LinearCurve(11.6879263, 241.314681), UnitSystem.NATURAL_UNITS = 2, LinearCurve(0.0, 0.0)), 0.0, 0.0, 0.0)",100.0,"(up = 1.0, down = 0.0)",false,GT,NATURAL_GAS,Service[],10000.0,,bus-1557,1557,"Area(0, 0.0, 0.0, 0.0, Dict{String, Any}(""I"" => """", ""ARNAME"" => """", ""PTOL"" => """", ""PDES"" => """", ""ISW"" => """"))"
gen-1414,true,true,0.020000139400000002,0.0,0.15926079241294763,"(min = 0.0, max = 0.02)","(min = -0.07, max = 0.158)","(up = 0.0014000000000000002, down = 0.0014000000000000002)","ThermalGenerationCost(CostCurve{LinearCurve}(LinearCurve(16.3717119, 247.827753), UnitSystem.NATURAL_UNITS = 2, LinearCurve(0.0, 0.0)), 0.0, 0.0, 0.0)",100.0,"(up = 1.0, down = 0.0)",false,CT,NATURAL_GAS,Service[],10000.0,,bus-715,715,"Area(0, 0.0, 0.0, 0.0, Dict{String, Any}(""I"" => """", ""ARNAME"" => """", ""PTOL"" => """", ""PDES"" => """", ""ISW"" => """"))"
gen-425,true,true,1.18700877,0.0,1.3189366929462536,"(min = 0.0, max = 1.187)","(min = -0.396, max = 0.575)","(up = 0.0014000000000000002, down = 0.0014000000000000002)","ThermalGenerationCost(CostCurve{LinearCurve}(LinearCurve(9.82406357, 2124.26732), UnitSystem.NATURAL_UNITS = 2, LinearCurve(0.0, 0.0)), 0.0, 0.0, 0.0)",100.0,"(up = 1.0, down = 1.0)",false,CT,NATURAL_GAS,Service[],10000.0,,bus-7882,7882,"Area(0, 0.0, 0.0, 0.0, Dict{String, Any}(""I"" => """", ""ARNAME"" => """", ""PTOL"" => """", ""PDES"" => """", ""ISW"" => """"))"
gen-615,true,true,0.0,0.0,0.32107631491594024,"(min = 0.0, max = 0.273)","(min = -0.091, max = 0.16899999999999998)","(up = 2.64e-5, down = 2.64e-5)","ThermalGenerationCost(CostCurve{LinearCurve}(LinearCurve(23.025000000000002, 78.442), UnitSystem.NATURAL_UNITS = 2, LinearCurve(0.0, 0.0)), 0.0, 0.0, 0.0)",100.0,"(up = 12.0, down = 6.0)",false,ST,PETROLEUM_COKE,Service[],10000.0,,bus-76,76,"Area(0, 0.0, 0.0, 0.0, Dict{String, Any}(""I"" => """", ""ARNAME"" => """", ""PTOL"" => """", ""PDES"" => """", ""ISW"" => """"))"
gen-2121,true,true,0.0,0.0,0.015,"(min = 0.0, max = 0.015)","(min = 0.0, max = 0.0)","(up = 0.0001, down = 0.0001)","ThermalGenerationCost(CostCurve{LinearCurve}(LinearCurve(24.5037276, 248.251086), UnitSystem.NATURAL_UNITS = 2, LinearCurve(0.0, 0.0)), 0.0, 0.0, 0.0)",100.0,"(up = 1.0, down = 1.0)",false,OT,NATURAL_GAS,Service[],10000.0,,bus-633,633,"Area(0, 0.0, 0.0, 0.0, Dict{String, Any}(""I"" => """", ""ARNAME"" => """", ""PTOL"" => """", ""PDES"" => """", ""ISW"" => """"))"
gen-350,true,true,11.5900856,0.0,12.877649979712913,"(min = 0.0, max = 11.59)","(min = -3.863, max = 5.6129999999999995)","(up = 1.0000000000000002e-6, down = 1.0000000000000002e-6)","ThermalGenerationCost(CostCurve{LinearCurve}(LinearCurve(7.027528610000001, 0.0), UnitSystem.NATURAL_UNITS = 2, LinearCurve(0.0, 0.0)), 0.0, 0.0, 0.0)",100.0,"(up = 8000.0, down = 8000.0)",false,OT,NUCLEAR,Service[],10000.0,,bus-1951,1951,"Area(0, 0.0, 0.0, 0.0, Dict{String, Any}(""I"" => """", ""ARNAME"" => """", ""PTOL"" => """", ""PDES"" => """", ""ISW"" => """"))"
gen-948,true,true,0.10000073699999999,0.0,0.125,"(min = 0.0, max = 0.1)","(min = -0.03325, max = 0.075)","(up = 0.002475, down = 0.002475)","ThermalGenerationCost(CostCurve{LinearCurve}(LinearCurve(13.502241700000003, 315.964182), UnitSystem.NATURAL_UNITS = 2, LinearCurve(0.0, 0.0)), 0.0, 0.0, 0.0)",100.0,"(up = 1.0, down = 0.0)",false,GT,NATURAL_GAS,Service[],10000.0,,bus-1859,1859,"Area(0, 0.0, 0.0, 0.0, Dict{String, Any}(""I"" => """", ""ARNAME"" => """", ""PTOL"" => """", ""PDES"" => """", ""ISW"" => """"))"
gen-399,true,true,0.021938911999999998,0.0,0.30453496535326763,"(min = 0.0, max = 0.18)","(min = -0.143219355, max = 0.245645161)","(up = 0.002475, down = 0.002475)","ThermalGenerationCost(CostCurve{LinearCurve}(LinearCurve(17.2716389, 135.454897), UnitSystem.NATURAL_UNITS = 2, LinearCurve(0.0, 0.0)), 0.0, 0.0, 0.0)",100.0,"(up = 1.0, down = 0.0)",false,GT,NATURAL_GAS,Service[],10000.0,,bus-1499,1499,"Area(0, 0.0, 0.0, 0.0, Dict{String, Any}(""I"" => """", ""ARNAME"" => """", ""PTOL"" => """", ""PDES"" => """", ""ISW"" => """"))"
gen-865,true,true,0.0,0.0,0.23184142123203283,"(min = 0.0, max = 0.009000000000000001)","(min = -0.13699999999999998, max = 0.231666667)","(up = 0.0001, down = 0.0001)","ThermalGenerationCost(CostCurve{LinearCurve}(LinearCurve(58.907, 173.53), UnitSystem.NATURAL_UNITS = 2, LinearCurve(0.0, 0.0)), 0.0, 0.0, 0.0)",100.0,"(up = 1.0, down = 1.0)",false,OT,MUNICIPAL_WASTE,Service[],10000.0,,bus-2039,2039,"Area(0, 0.0, 0.0, 0.0, Dict{String, Any}(""I"" => """", ""ARNAME"" => """", ""PTOL"" => """", ""PDES"" => """", ""ISW"" => """"))"
gen-347,true,true,0.07624733489999999,0.0,0.25671969149249146,"(min = 0.0, max = 0.231)","(min = -0.077, max = 0.11199999999999999)","(up = 0.002475, down = 0.002475)","ThermalGenerationCost(CostCurve{LinearCurve}(LinearCurve(16.2591415, 139.009799), UnitSystem.NATURAL_UNITS = 2, LinearCurve(0.0, 0.0)), 0.0, 0.0, 0.0)",100.0,"(up = 1.0, down = 0.0)",false,GT,NATURAL_GAS,Service[],10000.0,,bus-1872,1872,"Area(0, 0.0, 0.0, 0.0, Dict{String, Any}(""I"" => """", ""ARNAME"" => """", ""PTOL"" => """", ""PDES"" => """", ""ISW"" => """"))"
gen-564,true,true,0.0,0.0,0.07655136256193543,"(min = 0.0, max = 0.075)","(min = -0.0153333333, max = 0.0153333333)","(up = 2.64e-5, down = 2.64e-5)","ThermalGenerationCost(CostCurve{LinearCurve}(LinearCurve(34.6938271, 205.867441), UnitSystem.NATURAL_UNITS = 2, LinearCurve(0.0, 0.0)), 0.0, 0.0, 0.0)",100.0,"(up = 12.0, down = 6.0)",false,ST,WOOD_WASTE_SOLIDS,Service[],10000.0,,bus-175,175,"Area(0, 0.0, 0.0, 0.0, Dict{String, Any}(""I"" => """", ""ARNAME"" => """", ""PTOL"" => """", ""PDES"" => """", ""ISW"" => """"))"
gen-1441,true,true,0.00300002069,0.0,0.24566347942402006,"(min = 0.0, max = 0.003)","(min = -0.143219355, max = 0.245645161)","(up = 0.002475, down = 0.002475)","ThermalGenerationCost(CostCurve{LinearCurve}(LinearCurve(13.502241700000003, 315.964182), UnitSystem.NATURAL_UNITS = 2, LinearCurve(0.0, 0.0)), 0.0, 0.0, 0.0)",100.0,"(up = 1.0, down = 0.0)",false,GT,NATURAL_GAS,Service[],10000.0,,bus-8314,8314,"Area(0, 0.0, 0.0, 0.0, Dict{String, Any}(""I"" => """", ""ARNAME"" => """", ""PTOL"" => """", ""PDES"" => """", ""ISW"" => """"))"
gen-238,true,true,0.49982791,0.0,1.0968603124932161,"(min = 0.0, max = 1.069)","(min = -0.143219355, max = 0.245645161)","(up = 0.002475, down = 0.002475)","ThermalGenerationCost(CostCurve{LinearCurve}(LinearCurve(11.920415600000002, 252.039838), UnitSystem.NATURAL_UNITS = 2, LinearCurve(0.0, 0.0)), 0.0, 0.0, 0.0)",100.0,"(up = 1.0, down = 1.0)",false,GT,NATURAL_GAS,Service[],10000.0,,bus-7773,7773,"Area(0, 0.0, 0.0, 0.0, Dict{String, Any}(""I"" => """", ""ARNAME"" => """", ""PTOL"" => """", ""PDES"" => """", ""ISW"" => """"))"
gen-917,true,true,0.0590004347,0.0,0.0742024258363566,"(min = 0.0, max = 0.059000000000000004)","(min = -0.02, max = 0.045)","(up = 0.002475, down = 0.002475)","ThermalGenerationCost(CostCurve{LinearCurve}(LinearCurve(11.6879263, 241.314681), UnitSystem.NATURAL_UNITS = 2, LinearCurve(0.0, 0.0)), 0.0, 0.0, 0.0)",100.0,"(up = 1.0, down = 0.0)",false,GT,NATURAL_GAS,Service[],10000.0,,bus-552,552,"Area(0, 0.0, 0.0, 0.0, Dict{String, Any}(""I"" => """", ""ARNAME"" => """", ""PTOL"" => """", ""PDES"" => """", ""ISW"" => """"))"
gen-941,true,true,0.500003647,0.0,0.5883026432033092,"(min = 0.0, max = 0.5)","(min = -0.16699999999999998, max = 0.31)","(up = 0.002475, down = 0.002475)","ThermalGenerationCost(CostCurve{LinearCurve}(LinearCurve(14.512150300000002, 283.415806), UnitSystem.NATURAL_UNITS = 2, LinearCurve(0.0, 0.0)), 0.0, 0.0, 0.0)",100.0,"(up = 1.0, down = 0.0)",false,GT,NATURAL_GAS,Service[],10000.0,,bus-1861,1861,"Area(0, 0.0, 0.0, 0.0, Dict{String, Any}(""I"" => """", ""ARNAME"" => """", ""PTOL"" => """", ""PDES"" => """", ""ISW"" => """"))"
gen-852,true,true,1.73001278,0.0,1.922275734643706,"(min = 0.0, max = 1.73)","(min = -0.5770000000000001, max = 0.838)","(up = 0.0014000000000000002, down = 0.0014000000000000002)","ThermalGenerationCost(CostCurve{LinearCurve}(LinearCurve(9.89195883, 1941.15289), UnitSystem.NATURAL_UNITS = 2, LinearCurve(0.0, 0.0)), 0.0, 0.0, 0.0)",100.0,"(up = 1.0, down = 1.0)",false,CT,NATURAL_GAS,Service[],10000.0,,bus-1834,1834,"Area(0, 0.0, 0.0, 0.0, Dict{String, Any}(""I"" => """", ""ARNAME"" => """", ""PTOL"" => """", ""PDES"" => """", ""ISW"" => """"))"
gen-814,true,true,2.47401827,0.0,2.474,"(min = 0.0, max = 2.474)","(min = 0.0, max = 0.0)","(up = 0.0014000000000000002, down = 0.0014000000000000002)","ThermalGenerationCost(CostCurve{LinearCurve}(LinearCurve(13.314779700000003, 572.658144), UnitSystem.NATURAL_UNITS = 2, LinearCurve(0.0, 0.0)), 0.0, 0.0, 0.0)",100.0,"(up = 1.0, down = 1.0)",false,CT,NATURAL_GAS,Service[],10000.0,,bus-2117,2117,"Area(0, 0.0, 0.0, 0.0, Dict{String, Any}(""I"" => """", ""ARNAME"" => """", ""PTOL"" => """", ""PDES"" => """", ""ISW"" => """"))"
gen-960,true,true,0.0290002138,0.0,0.03625,"(min = 0.0, max = 0.028999999999999998)","(min = -0.0096875, max = 0.02175)","(up = 0.0001, down = 0.0001)","ThermalGenerationCost(CostCurve{LinearCurve}(LinearCurve(6.603144, 23.06084), UnitSystem.NATURAL_UNITS = 2, LinearCurve(0.0, 0.0)), 0.0, 0.0, 0.0)",100.0,"(up = 1.0, down = 1.0)",false,IC,NATURAL_GAS,Service[],10000.0,,bus-1399,1399,"Area(0, 0.0, 0.0, 0.0, Dict{String, Any}(""I"" => """", ""ARNAME"" => """", ""PTOL"" => """", ""PDES"" => """", ""ISW"" => """"))"
gen-798,true,true,0.0350002586,0.0,0.13580968870672402,"(min = 0.0, max = 0.035)","(min = -0.0760444444, max = 0.131222222)","(up = 0.0001, down = 0.0001)","ThermalGenerationCost(CostCurve{LinearCurve}(LinearCurve(0.0, 0.0), UnitSystem.NATURAL_UNITS = 2, LinearCurve(0.0, 0.0)), 0.0, 0.0, 0.0)",100.0,"(up = 1000.0, down = 300.0)",false,OT,GEOTHERMAL,Service[],10000.0,,bus-1721,1721,"Area(0, 0.0, 0.0, 0.0, Dict{String, Any}(""I"" => """", ""ARNAME"" => """", ""PTOL"" => """", ""PDES"" => """", ""ISW"" => """"))"
gen-874,true,true,1.68001241,0.0,1.9763807831488343,"(min = 0.0, max = 1.68)","(min = -0.56, max = 1.041)","(up = 0.0014000000000000002, down = 0.0014000000000000002)","ThermalGenerationCost(CostCurve{LinearCurve}(LinearCurve(9.86947683, 2334.13617), UnitSystem.NATURAL_UNITS = 2, LinearCurve(0.0, 0.0)), 0.0, 0.0, 0.0)",100.0,"(up = 1.0, down = 1.0)",false,CT,NATURAL_GAS,Service[],10000.0,,bus-220,220,"Area(0, 0.0, 0.0, 0.0, Dict{String, Any}(""I"" => """", ""ARNAME"" => """", ""PTOL"" => """", ""PDES"" => """", ""ISW"" => """"))"
gen-1039,true,true,0.0,0.0,0.2324444978890421,"(min = 0.0, max = 0.019)","(min = -0.13699999999999998, max = 0.231666667)","(up = 0.0001, down = 0.0001)","ThermalGenerationCost(CostCurve{LinearCurve}(LinearCurve(58.907, 173.53), UnitSystem.NATURAL_UNITS = 2, LinearCurve(0.0, 0.0)), 0.0, 0.0, 0.0)",100.0,"(up = 1.0, down = 1.0)",false,OT,MUNICIPAL_WASTE,Service[],10000.0,,bus-8148,8148,"Area(0, 0.0, 0.0, 0.0, Dict{String, Any}(""I"" => """", ""ARNAME"" => """", ""PTOL"" => """", ""PDES"" => """", ""ISW"" => """"))"
gen-514,true,true,0.391002886,0.0,0.391,"(min = 0.0, max = 0.391)","(min = 0.0, max = 0.0)","(up = 0.002475, down = 0.002475)","ThermalGenerationCost(CostCurve{LinearCurve}(LinearCurve(13.1963561, 300.682772), UnitSystem.NATURAL_UNITS = 2, LinearCurve(0.0, 0.0)), 0.0, 0.0, 0.0)",100.0,"(up = 1.0, down = 0.0)",false,GT,NATURAL_GAS,Service[],10000.0,,bus-274,274,"Area(0, 0.0, 0.0, 0.0, Dict{String, Any}(""I"" => """", ""ARNAME"" => """", ""PTOL"" => """", ""PDES"" => """", ""ISW"" => """"))"
gen-1764,true,true,0.0460003381,0.0,0.24991507582119957,"(min = 0.0, max = 0.046)","(min = -0.143219355, max = 0.245645161)","(up = 0.002475, down = 0.002475)","ThermalGenerationCost(CostCurve{LinearCurve}(LinearCurve(13.502241700000003, 315.964182), UnitSystem.NATURAL_UNITS = 2, LinearCurve(0.0, 0.0)), 0.0, 0.0, 0.0)",100.0,"(up = 1.0, down = 0.0)",false,GT,NATURAL_GAS,Service[],10000.0,,bus-1087,1087,"Area(0, 0.0, 0.0, 0.0, Dict{String, Any}(""I"" => """", ""ARNAME"" => """", ""PTOL"" => """", ""PDES"" => """", ""ISW"" => """"))"
gen-840,true,true,1.3638184000000002,0.0,2.970784802444029,"(min = 0.0, max = 2.907)","(min = -0.358709497, max = 0.612301676)","(up = 0.0014000000000000002, down = 0.0014000000000000002)","ThermalGenerationCost(CostCurve{LinearCurve}(LinearCurve(16.7982446, 841.870428), UnitSystem.NATURAL_UNITS = 2, LinearCurve(0.0, 0.0)), 0.0, 0.0, 0.0)",100.0,"(up = 1.0, down = 1.0)",false,CT,NATURAL_GAS,Service[],10000.0,,bus-8003,8003,"Area(0, 0.0, 0.0, 0.0, Dict{String, Any}(""I"" => """", ""ARNAME"" => """", ""PTOL"" => """", ""PDES"" => """", ""ISW"" => """"))"
gen-784,true,true,0.0,0.0,0.23174435181658448,"(min = 0.0, max = 0.006)","(min = -0.13699999999999998, max = 0.231666667)","(up = 0.0001, down = 0.0001)","ThermalGenerationCost(CostCurve{LinearCurve}(LinearCurve(58.907, 173.53), UnitSystem.NATURAL_UNITS = 2, LinearCurve(0.0, 0.0)), 0.0, 0.0, 0.0)",100.0,"(up = 1.0, down = 1.0)",false,OT,MUNICIPAL_WASTE,Service[],10000.0,,bus-7649,7649,"Area(0, 0.0, 0.0, 0.0, Dict{String, Any}(""I"" => """", ""ARNAME"" => """", ""PTOL"" => """", ""PDES"" => """", ""ISW"" => """"))"
gen-722,true,true,0.0340002494,0.0,0.24798698579303696,"(min = 0.0, max = 0.034)","(min = -0.143219355, max = 0.245645161)","(up = 0.002475, down = 0.002475)","ThermalGenerationCost(CostCurve{LinearCurve}(LinearCurve(13.502241700000003, 315.964182), UnitSystem.NATURAL_UNITS = 2, LinearCurve(0.0, 0.0)), 0.0, 0.0, 0.0)",100.0,"(up = 1.0, down = 0.0)",false,GT,NATURAL_GAS,Service[],10000.0,,bus-1920,1920,"Area(0, 0.0, 0.0, 0.0, Dict{String, Any}(""I"" => """", ""ARNAME"" => """", ""PTOL"" => """", ""PDES"" => """", ""ISW"" => """"))"
gen-1862,true,true,0.0,0.0,0.013999999999999999,"(min = 0.0, max = 0.013999999999999999)","(min = 0.0, max = 0.0)","(up = 0.0001, down = 0.0001)","ThermalGenerationCost(CostCurve{LinearCurve}(LinearCurve(24.5037276, 248.251086), UnitSystem.NATURAL_UNITS = 2, LinearCurve(0.0, 0.0)), 0.0, 0.0, 0.0)",100.0,"(up = 1.0, down = 1.0)",false,OT,NATURAL_GAS,Service[],10000.0,,bus-699,699,"Area(0, 0.0, 0.0, 0.0, Dict{String, Any}(""I"" => """", ""ARNAME"" => """", ""PTOL"" => """", ""PDES"" => """", ""ISW"" => """"))"
gen-1225,true,true,0.698771615,0.0,1.0297288697141185,"(min = 0.0, max = 1.0)","(min = -0.143219355, max = 0.245645161)","(up = 0.002475, down = 0.002475)","ThermalGenerationCost(CostCurve{LinearCurve}(LinearCurve(15.1584724, 428.748492), UnitSystem.NATURAL_UNITS = 2, LinearCurve(0.0, 0.0)), 0.0, 0.0, 0.0)",100.0,"(up = 1.0, down = 1.0)",false,GT,NATURAL_GAS,Service[],10000.0,,bus-1855,1855,"Area(0, 0.0, 0.0, 0.0, Dict{String, Any}(""I"" => """", ""ARNAME"" => """", ""PTOL"" => """", ""PDES"" => """", ""ISW"" => """"))"
gen-1553,true,true,0.0,0.0,0.004,"(min = 0.0, max = 0.004)","(min = 0.0, max = 0.0)","(up = 0.0001, down = 0.0001)","ThermalGenerationCost(CostCurve{LinearCurve}(LinearCurve(24.5037276, 248.251086), UnitSystem.NATURAL_UNITS = 2, LinearCurve(0.0, 0.0)), 0.0, 0.0, 0.0)",100.0,"(up = 1.0, down = 1.0)",false,OT,NATURAL_GAS,Service[],10000.0,,bus-535,535,"Area(0, 0.0, 0.0, 0.0, Dict{String, Any}(""I"" => """", ""ARNAME"" => """", ""PTOL"" => """", ""PDES"" => """", ""ISW"" => """"))"
gen-2040,true,true,0.0,0.0,0.01,"(min = 0.0, max = 0.01)","(min = 0.0, max = 0.0)","(up = 0.0001, down = 0.0001)","ThermalGenerationCost(CostCurve{LinearCurve}(LinearCurve(24.5037276, 248.251086), UnitSystem.NATURAL_UNITS = 2, LinearCurve(0.0, 0.0)), 0.0, 0.0, 0.0)",100.0,"(up = 1.0, down = 1.0)",false,OT,NATURAL_GAS,Service[],10000.0,,bus-1253,1253,"Area(0, 0.0, 0.0, 0.0, Dict{String, Any}(""I"" => """", ""ARNAME"" => """", ""PTOL"" => """", ""PDES"" => """", ""ISW"" => """"))"
gen-763,true,true,0.0100000733,0.0,0.6157478744217383,"(min = 0.0, max = 0.01)","(min = -0.273666667, max = 0.615666667)","(up = 0.0001, down = 0.0001)","ThermalGenerationCost(CostCurve{LinearCurve}(LinearCurve(7.3428025, 22.7651352), UnitSystem.NATURAL_UNITS = 2, LinearCurve(0.0, 0.0)), 0.0, 0.0, 0.0)",100.0,"(up = 1.0, down = 1.0)",false,IC,NATURAL_GAS,Service[],10000.0,,bus-446,446,"Area(0, 0.0, 0.0, 0.0, Dict{String, Any}(""I"" => """", ""ARNAME"" => """", ""PTOL"" => """", ""PDES"" => """", ""ISW"" => """"))"
gen-649,true,true,0.0,0.0,0.23360103723846964,"(min = 0.0, max = 0.03)","(min = -0.13699999999999998, max = 0.231666667)","(up = 0.0001, down = 0.0001)","ThermalGenerationCost(CostCurve{LinearCurve}(LinearCurve(58.907, 173.53), UnitSystem.NATURAL_UNITS = 2, LinearCurve(0.0, 0.0)), 0.0, 0.0, 0.0)",100.0,"(up = 1.0, down = 1.0)",false,OT,MUNICIPAL_WASTE,Service[],10000.0,,bus-1614,1614,"Area(0, 0.0, 0.0, 0.0, Dict{String, Any}(""I"" => """", ""ARNAME"" => """", ""PTOL"" => """", ""PDES"" => """", ""ISW"" => """"))"
gen-1475,true,true,0.0460003381,0.0,0.24991507582119957,"(min = 0.0, max = 0.046)","(min = -0.143219355, max = 0.245645161)","(up = 0.002475, down = 0.002475)","ThermalGenerationCost(CostCurve{LinearCurve}(LinearCurve(13.502241700000003, 315.964182), UnitSystem.NATURAL_UNITS = 2, LinearCurve(0.0, 0.0)), 0.0, 0.0, 0.0)",100.0,"(up = 1.0, down = 0.0)",false,GT,NATURAL_GAS,Service[],10000.0,,bus-458,458,"Area(0, 0.0, 0.0, 0.0, Dict{String, Any}(""I"" => """", ""ARNAME"" => """", ""PTOL"" => """", ""PDES"" => """", ""ISW"" => """"))"
gen-878,true,true,0.461003398,0.0,0.5425099077436283,"(min = 0.0, max = 0.461)","(min = -0.154, max = 0.28600000000000003)","(up = 0.002475, down = 0.002475)","ThermalGenerationCost(CostCurve{LinearCurve}(LinearCurve(13.6908428, 301.625885), UnitSystem.NATURAL_UNITS = 2, LinearCurve(0.0, 0.0)), 0.0, 0.0, 0.0)",100.0,"(up = 1.0, down = 0.0)",false,GT,NATURAL_GAS,Service[],10000.0,,bus-1975,1975,"Area(0, 0.0, 0.0, 0.0, Dict{String, Any}(""I"" => """", ""ARNAME"" => """", ""PTOL"" => """", ""PDES"" => """", ""ISW"" => """"))"
gen-885,true,true,0.45000332200000004,0.0,0.5294723788829782,"(min = 0.0, max = 0.45)","(min = -0.15, max = 0.27899999999999997)","(up = 0.0014000000000000002, down = 0.0014000000000000002)","ThermalGenerationCost(CostCurve{LinearCurve}(LinearCurve(13.5754577, 314.917371), UnitSystem.NATURAL_UNITS = 2, LinearCurve(0.0, 0.0)), 0.0, 0.0, 0.0)",100.0,"(up = 1.0, down = 0.0)",false,CT,NATURAL_GAS,Service[],10000.0,,bus-2300,2300,"Area(0, 0.0, 0.0, 0.0, Dict{String, Any}(""I"" => """", ""ARNAME"" => """", ""PTOL"" => """", ""PDES"" => """", ""ISW"" => """"))"
gen-645,true,true,0.11500084599999999,0.0,0.115,"(min = 0.0, max = 0.115)","(min = 0.0, max = 0.0)","(up = 0.0014000000000000002, down = 0.0014000000000000002)","ThermalGenerationCost(CostCurve{LinearCurve}(LinearCurve(15.4560715, 1243.53602), UnitSystem.NATURAL_UNITS = 2, LinearCurve(0.0, 0.0)), 0.0, 0.0, 0.0)",100.0,"(up = 1.0, down = 0.0)",false,CT,NATURAL_GAS,Service[],10000.0,,bus-384,384,"Area(0, 0.0, 0.0, 0.0, Dict{String, Any}(""I"" => """", ""ARNAME"" => """", ""PTOL"" => """", ""PDES"" => """", ""ISW"" => """"))"
gen-855,true,true,1.60834434,0.0,3.7000904043009544,"(min = 0.0, max = 3.33)","(min = -1.11, max = 1.6130000000000002)","(up = 0.0014000000000000002, down = 0.0014000000000000002)","ThermalGenerationCost(CostCurve{LinearCurve}(LinearCurve(16.8398727, 935.708322), UnitSystem.NATURAL_UNITS = 2, LinearCurve(0.0, 0.0)), 0.0, 0.0, 0.0)",100.0,"(up = 1.0, down = 1.0)",false,CT,NATURAL_GAS,Service[],10000.0,,bus-1834,1834,"Area(0, 0.0, 0.0, 0.0, Dict{String, Any}(""I"" => """", ""ARNAME"" => """", ""PTOL"" => """", ""PDES"" => """", ""ISW"" => """"))"
gen-426,true,true,0.320103867,0.0,0.6493596846124651,"(min = 0.0, max = 0.552)","(min = -0.184, max = 0.342)","(up = 0.0014000000000000002, down = 0.0014000000000000002)","ThermalGenerationCost(CostCurve{LinearCurve}(LinearCurve(16.2720218, 610.242557), UnitSystem.NATURAL_UNITS = 2, LinearCurve(0.0, 0.0)), 0.0, 0.0, 0.0)",100.0,"(up = 1.0, down = 0.0)",false,CT,NATURAL_GAS,Service[],10000.0,,bus-7882,7882,"Area(0, 0.0, 0.0, 0.0, Dict{String, Any}(""I"" => """", ""ARNAME"" => """", ""PTOL"" => """", ""PDES"" => """", ""ISW"" => """"))"
gen-1018,true,true,0.66971731,0.0,1.1999704163020022,"(min = 0.0, max = 1.08)","(min = -0.36, max = 0.523)","(up = 0.002475, down = 0.002475)","ThermalGenerationCost(CostCurve{LinearCurve}(LinearCurve(16.8059313, 372.365163), UnitSystem.NATURAL_UNITS = 2, LinearCurve(0.0, 0.0)), 0.0, 0.0, 0.0)",100.0,"(up = 1.0, down = 1.0)",false,GT,NATURAL_GAS,Service[],10000.0,,bus-8461,8461,"Area(0, 0.0, 0.0, 0.0, Dict{String, Any}(""I"" => """", ""ARNAME"" => """", ""PTOL"" => """", ""PDES"" => """", ""ISW"" => """"))"
gen-594,true,true,0.820006055,0.0,0.9110482972927395,"(min = 0.0, max = 0.82)","(min = -0.273, max = 0.397)","(up = 0.0014000000000000002, down = 0.0014000000000000002)","ThermalGenerationCost(CostCurve{LinearCurve}(LinearCurve(7.67744915, 340.343109), UnitSystem.NATURAL_UNITS = 2, LinearCurve(0.0, 0.0)), 0.0, 0.0, 0.0)",100.0,"(up = 1.0, down = 0.0)",false,CT,NATURAL_GAS,Service[],10000.0,,bus-363,363,"Area(0, 0.0, 0.0, 0.0, Dict{String, Any}(""I"" => """", ""ARNAME"" => """", ""PTOL"" => """", ""PDES"" => """", ""ISW"" => """"))"
gen-2118,true,true,0.0,0.0,0.015,"(min = 0.0, max = 0.015)","(min = 0.0, max = 0.0)","(up = 0.0001, down = 0.0001)","ThermalGenerationCost(CostCurve{LinearCurve}(LinearCurve(24.5037276, 248.251086), UnitSystem.NATURAL_UNITS = 2, LinearCurve(0.0, 0.0)), 0.0, 0.0, 0.0)",100.0,"(up = 1.0, down = 1.0)",false,OT,NATURAL_GAS,Service[],10000.0,,bus-7897,7897,"Area(0, 0.0, 0.0, 0.0, Dict{String, Any}(""I"" => """", ""ARNAME"" => """", ""PTOL"" => """", ""PDES"" => """", ""ISW"" => """"))"
gen-927,true,true,0.949007009,0.0,1.1163982264407266,"(min = 0.0, max = 0.9490000000000001)","(min = -0.316, max = 0.588)","(up = 0.0014000000000000002, down = 0.0014000000000000002)","ThermalGenerationCost(CostCurve{LinearCurve}(LinearCurve(9.36133114, 1214.01557), UnitSystem.NATURAL_UNITS = 2, LinearCurve(0.0, 0.0)), 0.0, 0.0, 0.0)",100.0,"(up = 1.0, down = 1.0)",false,CT,NATURAL_GAS,Service[],10000.0,,bus-1806,1806,"Area(0, 0.0, 0.0, 0.0, Dict{String, Any}(""I"" => """", ""ARNAME"" => """", ""PTOL"" => """", ""PDES"" => """", ""ISW"" => """"))"
gen-842,true,true,1.86631657,0.0,2.352683786657272,"(min = 0.0, max = 2.0)","(min = -0.667, max = 1.239)","(up = 0.0014000000000000002, down = 0.0014000000000000002)","ThermalGenerationCost(CostCurve{LinearCurve}(LinearCurve(12.4436279, 2297.80403), UnitSystem.NATURAL_UNITS = 2, LinearCurve(0.0, 0.0)), 0.0, 0.0, 0.0)",100.0,"(up = 1.0, down = 1.0)",false,CT,NATURAL_GAS,Service[],10000.0,,bus-1820,1820,"Area(0, 0.0, 0.0, 0.0, Dict{String, Any}(""I"" => """", ""ARNAME"" => """", ""PTOL"" => """", ""PDES"" => """", ""ISW"" => """"))"
gen-556,true,true,0.300002216,0.0,0.3332041416309227,"(min = 0.0, max = 0.3)","(min = -0.1, max = 0.145)","(up = 0.0001, down = 0.0001)","ThermalGenerationCost(CostCurve{LinearCurve}(LinearCurve(0.0, 0.0), UnitSystem.NATURAL_UNITS = 2, LinearCurve(0.0, 0.0)), 0.0, 0.0, 0.0)",100.0,"(up = 1000.0, down = 300.0)",false,OT,GEOTHERMAL,Service[],10000.0,,bus-1657,1657,"Area(0, 0.0, 0.0, 0.0, Dict{String, Any}(""I"" => """", ""ARNAME"" => """", ""PTOL"" => """", ""PDES"" => """", ""ISW"" => """"))"
gen-522,true,true,0.455003361,0.0,0.506269690975077,"(min = 0.0, max = 0.455)","(min = -0.11900000000000001, max = 0.222)","(up = 0.0001, down = 0.0001)","ThermalGenerationCost(CostCurve{LinearCurve}(LinearCurve(0.0, 0.0), UnitSystem.NATURAL_UNITS = 2, LinearCurve(0.0, 0.0)), 0.0, 0.0, 0.0)",100.0,"(up = 1000.0, down = 300.0)",false,OT,GEOTHERMAL,Service[],10000.0,,bus-1710,1710,"Area(0, 0.0, 0.0, 0.0, Dict{String, Any}(""I"" => """", ""ARNAME"" => """", ""PTOL"" => """", ""PDES"" => """", ""ISW"" => """"))"
gen-812,true,true,0.0,0.0,0.13912943613772036,"(min = 0.0, max = 0.006)","(min = -0.095, max = 0.139)","(up = 2.64e-5, down = 2.64e-5)","ThermalGenerationCost(CostCurve{LinearCurve}(LinearCurve(22.409643000000003, 554.685123), UnitSystem.NATURAL_UNITS = 2, LinearCurve(0.0, 0.0)), 0.0, 0.0, 0.0)",100.0,"(up = 12.0, down = 6.0)",false,ST,MUNICIPAL_WASTE,Service[],10000.0,,bus-636,636,"Area(0, 0.0, 0.0, 0.0, Dict{String, Any}(""I"" => """", ""ARNAME"" => """", ""PTOL"" => """", ""PDES"" => """", ""ISW"" => """"))"
gen-980,true,true,0.012000088099999999,0.0,0.6157836022945795,"(min = 0.0, max = 0.012)","(min = -0.273666667, max = 0.615666667)","(up = 0.0001, down = 0.0001)","ThermalGenerationCost(CostCurve{LinearCurve}(LinearCurve(7.3428025, 22.7651352), UnitSystem.NATURAL_UNITS = 2, LinearCurve(0.0, 0.0)), 0.0, 0.0, 0.0)",100.0,"(up = 1.0, down = 1.0)",false,IC,NATURAL_GAS,Service[],10000.0,,bus-2396,2396,"Area(0, 0.0, 0.0, 0.0, Dict{String, Any}(""I"" => """", ""ARNAME"" => """", ""PTOL"" => """", ""PDES"" => """", ""ISW"" => """"))"
gen-414,true,true,0.199017187,0.0,0.28840249652178807,"(min = 0.0, max = 0.27399999999999997)","(min = -0.09, max = 0.09)","(up = 0.002475, down = 0.002475)","ThermalGenerationCost(CostCurve{LinearCurve}(LinearCurve(13.9248083, 228.006765), UnitSystem.NATURAL_UNITS = 2, LinearCurve(0.0, 0.0)), 0.0, 0.0, 0.0)",100.0,"(up = 1.0, down = 0.0)",false,GT,NATURAL_GAS,Service[],10000.0,,bus-1617,1617,"Area(0, 0.0, 0.0, 0.0, Dict{String, Any}(""I"" => """", ""ARNAME"" => """", ""PTOL"" => """", ""PDES"" => """", ""ISW"" => """"))"
gen-830,true,true,0.030000219800000002,0.0,0.24747029139417104,"(min = 0.0, max = 0.03)","(min = -0.143219355, max = 0.245645161)","(up = 0.002475, down = 0.002475)","ThermalGenerationCost(CostCurve{LinearCurve}(LinearCurve(13.502241700000003, 315.964182), UnitSystem.NATURAL_UNITS = 2, LinearCurve(0.0, 0.0)), 0.0, 0.0, 0.0)",100.0,"(up = 1.0, down = 0.0)",false,GT,NATURAL_GAS,Service[],10000.0,,bus-631,631,"Area(0, 0.0, 0.0, 0.0, Dict{String, Any}(""I"" => """", ""ARNAME"" => """", ""PTOL"" => """", ""PDES"" => """", ""ISW"" => """"))"
gen-935,true,true,0.0030000153,0.0,0.26481699341243187,"(min = 0.0, max = 0.003)","(min = -0.131, max = 0.2648)","(up = 0.0001, down = 0.0001)","ThermalGenerationCost(CostCurve{LinearCurve}(LinearCurve(16.3717119, 243.095114), UnitSystem.NATURAL_UNITS = 2, LinearCurve(0.0, 0.0)), 0.0, 0.0, 0.0)",100.0,"(up = 1.0, down = 1.0)",false,OT,OTHER_GAS,Service[],10000.0,,bus-698,698,"Area(0, 0.0, 0.0, 0.0, Dict{String, Any}(""I"" => """", ""ARNAME"" => """", ""PTOL"" => """", ""PDES"" => """", ""ISW"" => """"))"
gen-536,true,true,0.0,0.0,0.232089303068644,"(min = 0.0, max = 0.013999999999999999)","(min = -0.13699999999999998, max = 0.231666667)","(up = 0.0001, down = 0.0001)","ThermalGenerationCost(CostCurve{LinearCurve}(LinearCurve(58.907, 173.53), UnitSystem.NATURAL_UNITS = 2, LinearCurve(0.0, 0.0)), 0.0, 0.0, 0.0)",100.0,"(up = 1.0, down = 1.0)",false,OT,MUNICIPAL_WASTE,Service[],10000.0,,bus-8196,8196,"Area(0, 0.0, 0.0, 0.0, Dict{String, Any}(""I"" => """", ""ARNAME"" => """", ""PTOL"" => """", ""PDES"" => """", ""ISW"" => """"))"
gen-1430,true,true,0.0,0.0,0.23167529993266198,"(min = 0.0, max = 0.002)","(min = -0.13699999999999998, max = 0.231666667)","(up = 0.0001, down = 0.0001)","ThermalGenerationCost(CostCurve{LinearCurve}(LinearCurve(58.907, 173.53), UnitSystem.NATURAL_UNITS = 2, LinearCurve(0.0, 0.0)), 0.0, 0.0, 0.0)",100.0,"(up = 1.0, down = 1.0)",false,OT,MUNICIPAL_WASTE,Service[],10000.0,,bus-1944,1944,"Area(0, 0.0, 0.0, 0.0, Dict{String, Any}(""I"" => """", ""ARNAME"" => """", ""PTOL"" => """", ""PDES"" => """", ""ISW"" => """"))"
gen-732,true,true,0.0,0.0,0.1422005625867915,"(min = 0.0, max = 0.03)","(min = -0.095, max = 0.139)","(up = 2.64e-5, down = 2.64e-5)","ThermalGenerationCost(CostCurve{LinearCurve}(LinearCurve(22.409643000000003, 554.685123), UnitSystem.NATURAL_UNITS = 2, LinearCurve(0.0, 0.0)), 0.0, 0.0, 0.0)",100.0,"(up = 12.0, down = 6.0)",false,ST,MUNICIPAL_WASTE,Service[],10000.0,,bus-714,714,"Area(0, 0.0, 0.0, 0.0, Dict{String, Any}(""I"" => """", ""ARNAME"" => """", ""PTOL"" => """", ""PDES"" => """", ""ISW"" => """"))"
gen-1765,true,true,0.0,0.0,0.23414833887706504,"(min = 0.0, max = 0.034)","(min = -0.13699999999999998, max = 0.231666667)","(up = 0.0001, down = 0.0001)","ThermalGenerationCost(CostCurve{LinearCurve}(LinearCurve(58.907, 173.53), UnitSystem.NATURAL_UNITS = 2, LinearCurve(0.0, 0.0)), 0.0, 0.0, 0.0)",100.0,"(up = 1.0, down = 1.0)",false,OT,MUNICIPAL_WASTE,Service[],10000.0,,bus-692,692,"Area(0, 0.0, 0.0, 0.0, Dict{String, Any}(""I"" => """", ""ARNAME"" => """", ""PTOL"" => """", ""PDES"" => """", ""ISW"" => """"))"
gen-577,true,true,0.183001349,0.0,0.21525204846618506,"(min = 0.0, max = 0.183)","(min = -0.061, max = 0.113333333)","(up = 0.0001, down = 0.0001)","ThermalGenerationCost(CostCurve{LinearCurve}(LinearCurve(14.0763425, 291.232287), UnitSystem.NATURAL_UNITS = 2, LinearCurve(0.0, 0.0)), 0.0, 0.0, 0.0)",100.0,"(up = 1.0, down = 1.0)",false,OT,OTHER_GAS,Service[],10000.0,,bus-8434,8434,"Area(0, 0.0, 0.0, 0.0, Dict{String, Any}(""I"" => """", ""ARNAME"" => """", ""PTOL"" => """", ""PDES"" => """", ""ISW"" => """"))"
gen-41,true,true,0.16700123300000003,0.0,0.2087333343829329,"(min = 0.0, max = 0.16699999999999998)","(min = -0.0556666667, max = 0.125222222)","(up = 0.0001, down = 0.0001)","ThermalGenerationCost(CostCurve{LinearCurve}(LinearCurve(6.603145, 74.6992503), UnitSystem.NATURAL_UNITS = 2, LinearCurve(0.0, 0.0)), 0.0, 0.0, 0.0)",100.0,"(up = 1.0, down = 1.0)",false,IC,NATURAL_GAS,Service[],10000.0,,bus-170,170,"Area(0, 0.0, 0.0, 0.0, Dict{String, Any}(""I"" => """", ""ARNAME"" => """", ""PTOL"" => """", ""PDES"" => """", ""ISW"" => """"))"
gen-882,true,true,0.45000332200000004,0.0,0.5294723788829782,"(min = 0.0, max = 0.45)","(min = -0.15, max = 0.27899999999999997)","(up = 0.0014000000000000002, down = 0.0014000000000000002)","ThermalGenerationCost(CostCurve{LinearCurve}(LinearCurve(13.5754577, 314.917371), UnitSystem.NATURAL_UNITS = 2, LinearCurve(0.0, 0.0)), 0.0, 0.0, 0.0)",100.0,"(up = 1.0, down = 0.0)",false,CT,NATURAL_GAS,Service[],10000.0,,bus-2300,2300,"Area(0, 0.0, 0.0, 0.0, Dict{String, Any}(""I"" => """", ""ARNAME"" => """", ""PTOL"" => """", ""PDES"" => """", ""ISW"" => """"))"
gen-1458,true,true,0.040000290200000004,0.0,0.04,"(min = 0.0, max = 0.04)","(min = 0.0, max = 0.0)","(up = 0.0001, down = 0.0001)","ThermalGenerationCost(CostCurve{LinearCurve}(LinearCurve(15.604003, 102.705607), UnitSystem.NATURAL_UNITS = 2, LinearCurve(0.0, 0.0)), 0.0, 0.0, 0.0)",100.0,"(up = 1.0, down = 1.0)",false,OT,OTHER,Service[],10000.0,,bus-1793,1793,"Area(0, 0.0, 0.0, 0.0, Dict{String, Any}(""I"" => """", ""ARNAME"" => """", ""PTOL"" => """", ""PDES"" => """", ""ISW"" => """"))"
gen-455,true,true,0.0,0.0,0.17065169205138286,"(min = 0.0, max = 0.099)","(min = -0.095, max = 0.139)","(up = 2.64e-5, down = 2.64e-5)","ThermalGenerationCost(CostCurve{LinearCurve}(LinearCurve(22.409643000000003, 554.685123), UnitSystem.NATURAL_UNITS = 2, LinearCurve(0.0, 0.0)), 0.0, 0.0, 0.0)",100.0,"(up = 12.0, down = 6.0)",false,ST,MUNICIPAL_WASTE,Service[],10000.0,,bus-1703,1703,"Area(0, 0.0, 0.0, 0.0, Dict{String, Any}(""I"" => """", ""ARNAME"" => """", ""PTOL"" => """", ""PDES"" => """", ""ISW"" => """"))"
gen-660,true,true,0.047030505800000004,0.0,0.24642493786141045,"(min = 0.0, max = 0.225)","(min = -0.044500000000000005, max = 0.1005)","(up = 0.0001, down = 0.0001)","ThermalGenerationCost(CostCurve{LinearCurve}(LinearCurve(16.8255246, 136.918444), UnitSystem.NATURAL_UNITS = 2, LinearCurve(0.0, 0.0)), 0.0, 0.0, 0.0)",100.0,"(up = 1.0, down = 1.0)",false,OT,OTHER_GAS,Service[],10000.0,,bus-467,467,"Area(0, 0.0, 0.0, 0.0, Dict{String, Any}(""I"" => """", ""ARNAME"" => """", ""PTOL"" => """", ""PDES"" => """", ""ISW"" => """"))"
gen-489,true,true,0.021938910800000003,0.0,0.2959164495642578,"(min = 0.0, max = 0.165)","(min = -0.143219355, max = 0.245645161)","(up = 0.002475, down = 0.002475)","ThermalGenerationCost(CostCurve{LinearCurve}(LinearCurve(17.2716389, 135.454897), UnitSystem.NATURAL_UNITS = 2, LinearCurve(0.0, 0.0)), 0.0, 0.0, 0.0)",100.0,"(up = 1.0, down = 0.0)",false,GT,NATURAL_GAS,Service[],10000.0,,bus-1016,1016,"Area(0, 0.0, 0.0, 0.0, Dict{String, Any}(""I"" => """", ""ARNAME"" => """", ""PTOL"" => """", ""PDES"" => """", ""ISW"" => """"))"
gen-1578,true,true,0.0,0.0,0.29132993136004753,"(min = 0.0, max = 0.225)","(min = -0.10325, max = 0.18506250000000002)","(up = 2.64e-5, down = 2.64e-5)","ThermalGenerationCost(CostCurve{LinearCurve}(LinearCurve(34.8713767, 118.435395), UnitSystem.NATURAL_UNITS = 2, LinearCurve(0.0, 0.0)), 0.0, 0.0, 0.0)",100.0,"(up = 12.0, down = 6.0)",false,ST,WOOD_WASTE_SOLIDS,Service[],10000.0,,bus-28,28,"Area(0, 0.0, 0.0, 0.0, Dict{String, Any}(""I"" => """", ""ARNAME"" => """", ""PTOL"" => """", ""PDES"" => """", ""ISW"" => """"))"
gen-1725,true,true,0.0,0.0,0.011000000000000001,"(min = 0.0, max = 0.011000000000000001)","(min = 0.0, max = 0.0)","(up = 0.0001, down = 0.0001)","ThermalGenerationCost(CostCurve{LinearCurve}(LinearCurve(24.5037276, 248.251086), UnitSystem.NATURAL_UNITS = 2, LinearCurve(0.0, 0.0)), 0.0, 0.0, 0.0)",100.0,"(up = 1.0, down = 1.0)",false,OT,NATURAL_GAS,Service[],10000.0,,bus-17,17,"Area(0, 0.0, 0.0, 0.0, Dict{String, Any}(""I"" => """", ""ARNAME"" => """", ""PTOL"" => """", ""PDES"" => """", ""ISW"" => """"))"
gen-1672,true,true,0.0,0.0,0.13943457247038843,"(min = 0.0, max = 0.011000000000000001)","(min = -0.095, max = 0.139)","(up = 2.64e-5, down = 2.64e-5)","ThermalGenerationCost(CostCurve{LinearCurve}(LinearCurve(22.409643000000003, 554.685123), UnitSystem.NATURAL_UNITS = 2, LinearCurve(0.0, 0.0)), 0.0, 0.0, 0.0)",100.0,"(up = 12.0, down = 6.0)",false,ST,MUNICIPAL_WASTE,Service[],10000.0,,bus-1348,1348,"Area(0, 0.0, 0.0, 0.0, Dict{String, Any}(""I"" => """", ""ARNAME"" => """", ""PTOL"" => """", ""PDES"" => """", ""ISW"" => """"))"
gen-484,true,true,0.0,0.0,0.23197725017528956,"(min = 0.0, max = 0.012)","(min = -0.13699999999999998, max = 0.231666667)","(up = 0.0001, down = 0.0001)","ThermalGenerationCost(CostCurve{LinearCurve}(LinearCurve(58.907, 173.53), UnitSystem.NATURAL_UNITS = 2, LinearCurve(0.0, 0.0)), 0.0, 0.0, 0.0)",100.0,"(up = 1.0, down = 1.0)",false,OT,MUNICIPAL_WASTE,Service[],10000.0,,bus-1057,1057,"Area(0, 0.0, 0.0, 0.0, Dict{String, Any}(""I"" => """", ""ARNAME"" => """", ""PTOL"" => """", ""PDES"" => """", ""ISW"" => """"))"
gen-1936,true,true,0.0,0.0,0.1772596964907703,"(min = 0.0, max = 0.11)","(min = -0.095, max = 0.139)","(up = 2.64e-5, down = 2.64e-5)","ThermalGenerationCost(CostCurve{LinearCurve}(LinearCurve(22.409643000000003, 554.685123), UnitSystem.NATURAL_UNITS = 2, LinearCurve(0.0, 0.0)), 0.0, 0.0, 0.0)",100.0,"(up = 12.0, down = 6.0)",false,ST,MUNICIPAL_WASTE,Service[],10000.0,,bus-8730,8730,"Area(0, 0.0, 0.0, 0.0, Dict{String, Any}(""I"" => """", ""ARNAME"" => """", ""PTOL"" => """", ""PDES"" => """", ""ISW"" => """"))"
gen-2068,true,true,0.0,0.0,0.02,"(min = 0.0, max = 0.02)","(min = 0.0, max = 0.0)","(up = 0.0001, down = 0.0001)","ThermalGenerationCost(CostCurve{LinearCurve}(LinearCurve(24.5037276, 248.251086), UnitSystem.NATURAL_UNITS = 2, LinearCurve(0.0, 0.0)), 0.0, 0.0, 0.0)",100.0,"(up = 1.0, down = 1.0)",false,OT,NATURAL_GAS,Service[],10000.0,,bus-492,492,"Area(0, 0.0, 0.0, 0.0, Dict{String, Any}(""I"" => """", ""ARNAME"" => """", ""PTOL"" => """", ""PDES"" => """", ""ISW"" => """"))"
gen-458,true,true,0.0450003307,0.0,0.2497329476114754,"(min = 0.0, max = 0.045)","(min = -0.143219355, max = 0.245645161)","(up = 0.002475, down = 0.002475)","ThermalGenerationCost(CostCurve{LinearCurve}(LinearCurve(13.502241700000003, 315.964182), UnitSystem.NATURAL_UNITS = 2, LinearCurve(0.0, 0.0)), 0.0, 0.0, 0.0)",100.0,"(up = 1.0, down = 0.0)",false,GT,NATURAL_GAS,Service[],10000.0,,bus-2246,2246,"Area(0, 0.0, 0.0, 0.0, Dict{String, Any}(""I"" => """", ""ARNAME"" => """", ""PTOL"" => """", ""PDES"" => """", ""ISW"" => """"))"
gen-872,true,true,1.68001241,0.0,1.9763807831488343,"(min = 0.0, max = 1.68)","(min = -0.56, max = 1.041)","(up = 0.0014000000000000002, down = 0.0014000000000000002)","ThermalGenerationCost(CostCurve{LinearCurve}(LinearCurve(9.86947683, 2334.13617), UnitSystem.NATURAL_UNITS = 2, LinearCurve(0.0, 0.0)), 0.0, 0.0, 0.0)",100.0,"(up = 1.0, down = 1.0)",false,CT,NATURAL_GAS,Service[],10000.0,,bus-220,220,"Area(0, 0.0, 0.0, 0.0, Dict{String, Any}(""I"" => """", ""ARNAME"" => """", ""PTOL"" => """", ""PDES"" => """", ""ISW"" => """"))"
gen-920,true,true,0.40000295399999997,0.0,0.4025232912515747,"(min = 0.0, max = 0.4)","(min = -0.02, max = 0.045)","(up = 0.0014000000000000002, down = 0.0014000000000000002)","ThermalGenerationCost(CostCurve{LinearCurve}(LinearCurve(8.15261569, 476.575454), UnitSystem.NATURAL_UNITS = 2, LinearCurve(0.0, 0.0)), 0.0, 0.0, 0.0)",100.0,"(up = 1.0, down = 0.0)",false,CT,NATURAL_GAS,Service[],10000.0,,bus-552,552,"Area(0, 0.0, 0.0, 0.0, Dict{String, Any}(""I"" => """", ""ARNAME"" => """", ""PTOL"" => """", ""PDES"" => """", ""ISW"" => """"))"
gen-961,true,true,0.0290002138,0.0,0.03625,"(min = 0.0, max = 0.028999999999999998)","(min = -0.0096875, max = 0.02175)","(up = 0.0001, down = 0.0001)","ThermalGenerationCost(CostCurve{LinearCurve}(LinearCurve(6.603144, 23.06084), UnitSystem.NATURAL_UNITS = 2, LinearCurve(0.0, 0.0)), 0.0, 0.0, 0.0)",100.0,"(up = 1.0, down = 1.0)",false,IC,NATURAL_GAS,Service[],10000.0,,bus-1399,1399,"Area(0, 0.0, 0.0, 0.0, Dict{String, Any}(""I"" => """", ""ARNAME"" => """", ""PTOL"" => """", ""PDES"" => """", ""ISW"" => """"))"
gen-108,true,true,0.0,0.0,3.1,"(min = 0.0, max = 3.1)","(min = 0.0, max = 0.0)","(up = 5.4000000000000005e-5, down = 5.4000000000000005e-5)","ThermalGenerationCost(CostCurve{LinearCurve}(LinearCurve(21.363000000000003, 796.7), UnitSystem.NATURAL_UNITS = 2, LinearCurve(0.0, 0.0)), 0.0, 0.0, 0.0)",100.0,"(up = 2.0, down = 4.0)",false,ST,NATURAL_GAS,Service[],10000.0,,bus-8113,8113,"Area(0, 0.0, 0.0, 0.0, Dict{String, Any}(""I"" => """", ""ARNAME"" => """", ""PTOL"" => """", ""PDES"" => """", ""ISW"" => """"))"
gen-895,true,true,0.844006222,0.0,0.9929073471376875,"(min = 0.0, max = 0.8440000000000001)","(min = -0.281, max = 0.523)","(up = 0.0014000000000000002, down = 0.0014000000000000002)","ThermalGenerationCost(CostCurve{LinearCurve}(LinearCurve(14.9796099, 510.34978), UnitSystem.NATURAL_UNITS = 2, LinearCurve(0.0, 0.0)), 0.0, 0.0, 0.0)",100.0,"(up = 1.0, down = 0.0)",false,CT,NATURAL_GAS,Service[],10000.0,,bus-1797,1797,"Area(0, 0.0, 0.0, 0.0, Dict{String, Any}(""I"" => """", ""ARNAME"" => """", ""PTOL"" => """", ""PDES"" => """", ""ISW"" => """"))"
gen-456,true,true,0.0,0.0,0.20534117950377126,"(min = 0.0, max = 0.087)","(min = -0.128, max = 0.18600000000000003)","(up = 2.64e-5, down = 2.64e-5)","ThermalGenerationCost(CostCurve{LinearCurve}(LinearCurve(22.409643000000003, 554.685123), UnitSystem.NATURAL_UNITS = 2, LinearCurve(0.0, 0.0)), 0.0, 0.0, 0.0)",100.0,"(up = 12.0, down = 6.0)",false,ST,MUNICIPAL_WASTE,Service[],10000.0,,bus-1703,1703,"Area(0, 0.0, 0.0, 0.0, Dict{String, Any}(""I"" => """", ""ARNAME"" => """", ""PTOL"" => """", ""PDES"" => """", ""ISW"" => """"))"
gen-859,true,true,0.499003647,0.0,0.5252589837404021,"(min = 0.0, max = 0.499)","(min = -0.16399999999999998, max = 0.16399999999999998)","(up = 0.002475, down = 0.002475)","ThermalGenerationCost(CostCurve{LinearCurve}(LinearCurve(14.5490693, 282.759749), UnitSystem.NATURAL_UNITS = 2, LinearCurve(0.0, 0.0)), 0.0, 0.0, 0.0)",100.0,"(up = 1.0, down = 0.0)",false,GT,NATURAL_GAS,Service[],10000.0,,bus-1858,1858,"Area(0, 0.0, 0.0, 0.0, Dict{String, Any}(""I"" => """", ""ARNAME"" => """", ""PTOL"" => """", ""PDES"" => """", ""ISW"" => """"))"
gen-506,true,true,0.0500003694,0.0,0.14042532373691463,"(min = 0.0, max = 0.05)","(min = -0.0760444444, max = 0.131222222)","(up = 0.0001, down = 0.0001)","ThermalGenerationCost(CostCurve{LinearCurve}(LinearCurve(0.0, 0.0), UnitSystem.NATURAL_UNITS = 2, LinearCurve(0.0, 0.0)), 0.0, 0.0, 0.0)",100.0,"(up = 1000.0, down = 300.0)",false,OT,GEOTHERMAL,Service[],10000.0,,bus-1621,1621,"Area(0, 0.0, 0.0, 0.0, Dict{String, Any}(""I"" => """", ""ARNAME"" => """", ""PTOL"" => """", ""PDES"" => """", ""ISW"" => """"))"
gen-537,true,true,0.539003982,0.0,0.598867264091134,"(min = 0.0, max = 0.539)","(min = -0.18, max = 0.261)","(up = 0.0001, down = 0.0001)","ThermalGenerationCost(CostCurve{LinearCurve}(LinearCurve(0.0, 0.0), UnitSystem.NATURAL_UNITS = 2, LinearCurve(0.0, 0.0)), 0.0, 0.0, 0.0)",100.0,"(up = 1000.0, down = 300.0)",false,OT,GEOTHERMAL,Service[],10000.0,,bus-1708,1708,"Area(0, 0.0, 0.0, 0.0, Dict{String, Any}(""I"" => """", ""ARNAME"" => """", ""PTOL"" => """", ""PDES"" => """", ""ISW"" => """"))"
gen-899,true,true,0.112000826,0.0,0.11199999999999999,"(min = 0.0, max = 0.11199999999999999)","(min = 0.0, max = 0.0)","(up = 0.002475, down = 0.002475)","ThermalGenerationCost(CostCurve{LinearCurve}(LinearCurve(13.5372642, 318.861829), UnitSystem.NATURAL_UNITS = 2, LinearCurve(0.0, 0.0)), 0.0, 0.0, 0.0)",100.0,"(up = 1.0, down = 0.0)",false,GT,NATURAL_GAS,Service[],10000.0,,bus-7698,7698,"Area(0, 0.0, 0.0, 0.0, Dict{String, Any}(""I"" => """", ""ARNAME"" => """", ""PTOL"" => """", ""PDES"" => """", ""ISW"" => """"))"
gen-152,true,true,0.523033303,0.0,0.6999464265213446,"(min = 0.0, max = 0.63)","(min = -0.21, max = 0.305)","(up = 0.002475, down = 0.002475)","ThermalGenerationCost(CostCurve{LinearCurve}(LinearCurve(14.1545215, 301.435141), UnitSystem.NATURAL_UNITS = 2, LinearCurve(0.0, 0.0)), 0.0, 0.0, 0.0)",100.0,"(up = 1.0, down = 0.0)",false,GT,NATURAL_GAS,Service[],10000.0,,bus-8347,8347,"Area(0, 0.0, 0.0, 0.0, Dict{String, Any}(""I"" => """", ""ARNAME"" => """", ""PTOL"" => """", ""PDES"" => """", ""ISW"" => """"))"
gen-701,true,true,0.0140001029,0.0,0.6158258234719366,"(min = 0.0, max = 0.013999999999999999)","(min = -0.273666667, max = 0.615666667)","(up = 0.0001, down = 0.0001)","ThermalGenerationCost(CostCurve{LinearCurve}(LinearCurve(7.3428025, 22.7651352), UnitSystem.NATURAL_UNITS = 2, LinearCurve(0.0, 0.0)), 0.0, 0.0, 0.0)",100.0,"(up = 1.0, down = 1.0)",false,IC,NATURAL_GAS,Service[],10000.0,,bus-1333,1333,"Area(0, 0.0, 0.0, 0.0, Dict{String, Any}(""I"" => """", ""ARNAME"" => """", ""PTOL"" => """", ""PDES"" => """", ""ISW"" => """"))"
gen-809,true,true,0.0260001902,0.0,0.24701729721360796,"(min = 0.0, max = 0.026000000000000002)","(min = -0.143219355, max = 0.245645161)","(up = 0.002475, down = 0.002475)","ThermalGenerationCost(CostCurve{LinearCurve}(LinearCurve(13.502241700000003, 315.964182), UnitSystem.NATURAL_UNITS = 2, LinearCurve(0.0, 0.0)), 0.0, 0.0, 0.0)",100.0,"(up = 1.0, down = 0.0)",false,GT,NATURAL_GAS,Service[],10000.0,,bus-1096,1096,"Area(0, 0.0, 0.0, 0.0, Dict{String, Any}(""I"" => """", ""ARNAME"" => """", ""PTOL"" => """", ""PDES"" => """", ""ISW"" => """"))"
gen-919,true,true,0.40000295399999997,0.0,0.4025232912515747,"(min = 0.0, max = 0.4)","(min = -0.02, max = 0.045)","(up = 0.0014000000000000002, down = 0.0014000000000000002)","ThermalGenerationCost(CostCurve{LinearCurve}(LinearCurve(8.15261569, 476.575454), UnitSystem.NATURAL_UNITS = 2, LinearCurve(0.0, 0.0)), 0.0, 0.0, 0.0)",100.0,"(up = 1.0, down = 0.0)",false,CT,NATURAL_GAS,Service[],10000.0,,bus-552,552,"Area(0, 0.0, 0.0, 0.0, Dict{String, Any}(""I"" => """", ""ARNAME"" => """", ""PTOL"" => """", ""PDES"" => """", ""ISW"" => """"))"
gen-1236,true,true,0.499003641,0.0,0.5561857110019242,"(min = 0.0, max = 0.499)","(min = -0.143219355, max = 0.245645161)","(up = 0.002475, down = 0.002475)","ThermalGenerationCost(CostCurve{LinearCurve}(LinearCurve(14.5116537, 283.573452), UnitSystem.NATURAL_UNITS = 2, LinearCurve(0.0, 0.0)), 0.0, 0.0, 0.0)",100.0,"(up = 1.0, down = 0.0)",false,GT,NATURAL_GAS,Service[],10000.0,,bus-2245,2245,"Area(0, 0.0, 0.0, 0.0, Dict{String, Any}(""I"" => """", ""ARNAME"" => """", ""PTOL"" => """", ""PDES"" => """", ""ISW"" => """"))"
gen-226,true,true,0.66971731,0.0,1.109533931487774,"(min = 0.0, max = 1.082)","(min = -0.143219355, max = 0.245645161)","(up = 0.002475, down = 0.002475)","ThermalGenerationCost(CostCurve{LinearCurve}(LinearCurve(16.8059313, 372.365163), UnitSystem.NATURAL_UNITS = 2, LinearCurve(0.0, 0.0)), 0.0, 0.0, 0.0)",100.0,"(up = 1.0, down = 1.0)",false,GT,NATURAL_GAS,Service[],10000.0,,bus-2401,2401,"Area(0, 0.0, 0.0, 0.0, Dict{String, Any}(""I"" => """", ""ARNAME"" => """", ""PTOL"" => """", ""PDES"" => """", ""ISW"" => """"))"
gen-1613,true,true,0.005000036209999999,0.0,0.6156869698595941,"(min = 0.0, max = 0.005)","(min = -0.273666667, max = 0.615666667)","(up = 0.0001, down = 0.0001)","ThermalGenerationCost(CostCurve{LinearCurve}(LinearCurve(7.3428025, 22.7651352), UnitSystem.NATURAL_UNITS = 2, LinearCurve(0.0, 0.0)), 0.0, 0.0, 0.0)",100.0,"(up = 1.0, down = 1.0)",false,IC,NATURAL_GAS,Service[],10000.0,,bus-1128,1128,"Area(0, 0.0, 0.0, 0.0, Dict{String, Any}(""I"" => """", ""ARNAME"" => """", ""PTOL"" => """", ""PDES"" => """", ""ISW"" => """"))"
gen-481,true,true,0.23451436399999998,0.0,0.49894388462030476,"(min = 0.0, max = 0.424)","(min = -0.141, max = 0.263)","(up = 0.0014000000000000002, down = 0.0014000000000000002)","ThermalGenerationCost(CostCurve{LinearCurve}(LinearCurve(16.3717118, 479.664228), UnitSystem.NATURAL_UNITS = 2, LinearCurve(0.0, 0.0)), 0.0, 0.0, 0.0)",100.0,"(up = 1.0, down = 0.0)",false,CT,NATURAL_GAS,Service[],10000.0,,bus-1660,1660,"Area(0, 0.0, 0.0, 0.0, Dict{String, Any}(""I"" => """", ""ARNAME"" => """", ""PTOL"" => """", ""PDES"" => """", ""ISW"" => """"))"
gen-1893,true,true,0.0,0.0,0.013999999999999999,"(min = 0.0, max = 0.013999999999999999)","(min = 0.0, max = 0.0)","(up = 0.0001, down = 0.0001)","ThermalGenerationCost(CostCurve{LinearCurve}(LinearCurve(24.5037276, 248.251086), UnitSystem.NATURAL_UNITS = 2, LinearCurve(0.0, 0.0)), 0.0, 0.0, 0.0)",100.0,"(up = 1.0, down = 1.0)",false,OT,NATURAL_GAS,Service[],10000.0,,bus-16,16,"Area(0, 0.0, 0.0, 0.0, Dict{String, Any}(""I"" => """", ""ARNAME"" => """", ""PTOL"" => """", ""PDES"" => """", ""ISW"" => """"))"
gen-1310,true,true,0.0,0.0,0.13980700983856284,"(min = 0.0, max = 0.015)","(min = -0.095, max = 0.139)","(up = 2.64e-5, down = 2.64e-5)","ThermalGenerationCost(CostCurve{LinearCurve}(LinearCurve(22.409643000000003, 554.685123), UnitSystem.NATURAL_UNITS = 2, LinearCurve(0.0, 0.0)), 0.0, 0.0, 0.0)",100.0,"(up = 12.0, down = 6.0)",false,ST,MUNICIPAL_WASTE,Service[],10000.0,,bus-1110,1110,"Area(0, 0.0, 0.0, 0.0, Dict{String, Any}(""I"" => """", ""ARNAME"" => """", ""PTOL"" => """", ""PDES"" => """", ""ISW"" => """"))"
gen-977,true,true,0.012000088099999999,0.0,0.6157836022945795,"(min = 0.0, max = 0.012)","(min = -0.273666667, max = 0.615666667)","(up = 0.0001, down = 0.0001)","ThermalGenerationCost(CostCurve{LinearCurve}(LinearCurve(7.3428025, 22.7651352), UnitSystem.NATURAL_UNITS = 2, LinearCurve(0.0, 0.0)), 0.0, 0.0, 0.0)",100.0,"(up = 1.0, down = 1.0)",false,IC,NATURAL_GAS,Service[],10000.0,,bus-2396,2396,"Area(0, 0.0, 0.0, 0.0, Dict{String, Any}(""I"" => """", ""ARNAME"" => """", ""PTOL"" => """", ""PDES"" => """", ""ISW"" => """"))"
gen-2117,true,true,0.0,0.0,0.025,"(min = 0.0, max = 0.025)","(min = 0.0, max = 0.0)","(up = 0.0001, down = 0.0001)","ThermalGenerationCost(CostCurve{LinearCurve}(LinearCurve(24.5037276, 248.251086), UnitSystem.NATURAL_UNITS = 2, LinearCurve(0.0, 0.0)), 0.0, 0.0, 0.0)",100.0,"(up = 1.0, down = 1.0)",false,OT,NATURAL_GAS,Service[],10000.0,,bus-8589,8589,"Area(0, 0.0, 0.0, 0.0, Dict{String, Any}(""I"" => """", ""ARNAME"" => """", ""PTOL"" => """", ""PDES"" => """", ""ISW"" => """"))"
gen-1543,true,true,0.0440003246,0.0,0.6172369438512967,"(min = 0.0, max = 0.044000000000000004)","(min = -0.273666667, max = 0.615666667)","(up = 0.0001, down = 0.0001)","ThermalGenerationCost(CostCurve{LinearCurve}(LinearCurve(6.603145, 74.6992503), UnitSystem.NATURAL_UNITS = 2, LinearCurve(0.0, 0.0)), 0.0, 0.0, 0.0)",100.0,"(up = 1.0, down = 1.0)",false,IC,NATURAL_GAS,Service[],10000.0,,bus-1458,1458,"Area(0, 0.0, 0.0, 0.0, Dict{String, Any}(""I"" => """", ""ARNAME"" => """", ""PTOL"" => """", ""PDES"" => """", ""ISW"" => """"))"
gen-205,true,true,0.0,0.0,0.9601520712887099,"(min = 0.0, max = 0.816)","(min = -0.272, max = 0.506)","(up = 5.4000000000000005e-5, down = 5.4000000000000005e-5)","ThermalGenerationCost(CostCurve{LinearCurve}(LinearCurve(24.5037276, 248.251086), UnitSystem.NATURAL_UNITS = 2, LinearCurve(0.0, 0.0)), 0.0, 0.0, 0.0)",100.0,"(up = 2.0, down = 4.0)",false,ST,NATURAL_GAS,Service[],10000.0,,bus-7751,7751,"Area(0, 0.0, 0.0, 0.0, Dict{String, Any}(""I"" => """", ""ARNAME"" => """", ""PTOL"" => """", ""PDES"" => """", ""ISW"" => """"))"
gen-2,true,true,0.0,0.0,0.791182027096167,"(min = 0.0, max = 0.7120000000000001)","(min = -0.237, max = 0.345)","(up = 0.0001, down = 0.0001)","ThermalGenerationCost(CostCurve{LinearCurve}(LinearCurve(44.9151794, 1427.41303), UnitSystem.NATURAL_UNITS = 2, LinearCurve(0.0, 0.0)), 0.0, 0.0, 0.0)",100.0,"(up = 1.0, down = 1.0)",false,IC,RESIDUAL_FUEL_OIL,Service[],10000.0,,bus-1804,1804,"Area(0, 0.0, 0.0, 0.0, Dict{String, Any}(""I"" => """", ""ARNAME"" => """", ""PTOL"" => """", ""PDES"" => """", ""ISW"" => """"))"
gen-1726,true,true,0.0,0.0,0.011000000000000001,"(min = 0.0, max = 0.011000000000000001)","(min = 0.0, max = 0.0)","(up = 0.0001, down = 0.0001)","ThermalGenerationCost(CostCurve{LinearCurve}(LinearCurve(24.5037276, 248.251086), UnitSystem.NATURAL_UNITS = 2, LinearCurve(0.0, 0.0)), 0.0, 0.0, 0.0)",100.0,"(up = 1.0, down = 1.0)",false,OT,NATURAL_GAS,Service[],10000.0,,bus-1250,1250,"Area(0, 0.0, 0.0, 0.0, Dict{String, Any}(""I"" => """", ""ARNAME"" => """", ""PTOL"" => """", ""PDES"" => """", ""ISW"" => """"))"
gen-547,true,true,0.0,0.0,0.29637813684548325,"(min = 0.0, max = 0.252)","(min = -0.084, max = 0.156)","(up = 2.64e-5, down = 2.64e-5)","ThermalGenerationCost(CostCurve{LinearCurve}(LinearCurve(34.8663154, 133.784606), UnitSystem.NATURAL_UNITS = 2, LinearCurve(0.0, 0.0)), 0.0, 0.0, 0.0)",100.0,"(up = 12.0, down = 6.0)",false,ST,WOOD_WASTE_SOLIDS,Service[],10000.0,,bus-304,304,"Area(0, 0.0, 0.0, 0.0, Dict{String, Any}(""I"" => """", ""ARNAME"" => """", ""PTOL"" => """", ""PDES"" => """", ""ISW"" => """"))"
gen-606,true,true,0.009000065889999999,0.0,0.6157324458357614,"(min = 0.0, max = 0.009000000000000001)","(min = -0.273666667, max = 0.615666667)","(up = 0.0001, down = 0.0001)","ThermalGenerationCost(CostCurve{LinearCurve}(LinearCurve(7.3428025, 22.7651352), UnitSystem.NATURAL_UNITS = 2, LinearCurve(0.0, 0.0)), 0.0, 0.0, 0.0)",100.0,"(up = 1.0, down = 1.0)",false,IC,NATURAL_GAS,Service[],10000.0,,bus-1040,1040,"Area(0, 0.0, 0.0, 0.0, Dict{String, Any}(""I"" => """", ""ARNAME"" => """", ""PTOL"" => """", ""PDES"" => """", ""ISW"" => """"))"
gen-1403,true,true,0.0,0.0,0.13908989898623123,"(min = 0.0, max = 0.005)","(min = -0.095, max = 0.139)","(up = 2.64e-5, down = 2.64e-5)","ThermalGenerationCost(CostCurve{LinearCurve}(LinearCurve(22.409643000000003, 554.685123), UnitSystem.NATURAL_UNITS = 2, LinearCurve(0.0, 0.0)), 0.0, 0.0, 0.0)",100.0,"(up = 12.0, down = 6.0)",false,ST,MUNICIPAL_WASTE,Service[],10000.0,,bus-377,377,"Area(0, 0.0, 0.0, 0.0, Dict{String, Any}(""I"" => """", ""ARNAME"" => """", ""PTOL"" => """", ""PDES"" => """", ""ISW"" => """"))"
gen-915,true,true,0.500003693,0.0,0.5554853733447893,"(min = 0.0, max = 0.5)","(min = -0.16699999999999998, max = 0.242)","(up = 0.0014000000000000002, down = 0.0014000000000000002)","ThermalGenerationCost(CostCurve{LinearCurve}(LinearCurve(9.4610491, 985.970697), UnitSystem.NATURAL_UNITS = 2, LinearCurve(0.0, 0.0)), 0.0, 0.0, 0.0)",100.0,"(up = 1.0, down = 0.0)",false,CT,NATURAL_GAS,Service[],10000.0,,bus-1239,1239,"Area(0, 0.0, 0.0, 0.0, Dict{String, Any}(""I"" => """", ""ARNAME"" => """", ""PTOL"" => """", ""PDES"" => """", ""ISW"" => """"))"
gen-737,true,true,0.0310002272,0.0,0.24759350783636455,"(min = 0.0, max = 0.031)","(min = -0.143219355, max = 0.245645161)","(up = 0.002475, down = 0.002475)","ThermalGenerationCost(CostCurve{LinearCurve}(LinearCurve(13.502241700000003, 315.964182), UnitSystem.NATURAL_UNITS = 2, LinearCurve(0.0, 0.0)), 0.0, 0.0, 0.0)",100.0,"(up = 1.0, down = 0.0)",false,GT,NATURAL_GAS,Service[],10000.0,,bus-1675,1675,"Area(0, 0.0, 0.0, 0.0, Dict{String, Any}(""I"" => """", ""ARNAME"" => """", ""PTOL"" => """", ""PDES"" => """", ""ISW"" => """"))"
gen-46,true,true,0.16700123300000003,0.0,0.2087333343829329,"(min = 0.0, max = 0.16699999999999998)","(min = -0.0556666667, max = 0.125222222)","(up = 0.0001, down = 0.0001)","ThermalGenerationCost(CostCurve{LinearCurve}(LinearCurve(6.603145, 74.6992503), UnitSystem.NATURAL_UNITS = 2, LinearCurve(0.0, 0.0)), 0.0, 0.0, 0.0)",100.0,"(up = 1.0, down = 1.0)",false,IC,NATURAL_GAS,Service[],10000.0,,bus-170,170,"Area(0, 0.0, 0.0, 0.0, Dict{String, Any}(""I"" => """", ""ARNAME"" => """", ""PTOL"" => """", ""PDES"" => """", ""ISW"" => """"))"
gen-526,true,true,0.154671517,0.0,0.3529815859219855,"(min = 0.0, max = 0.3)","(min = -0.1, max = 0.18600000000000003)","(up = 0.0014000000000000002, down = 0.0014000000000000002)","ThermalGenerationCost(CostCurve{LinearCurve}(LinearCurve(16.3717117, 345.216583), UnitSystem.NATURAL_UNITS = 2, LinearCurve(0.0, 0.0)), 0.0, 0.0, 0.0)",100.0,"(up = 1.0, down = 0.0)",false,CT,NATURAL_GAS,Service[],10000.0,,bus-360,360,"Area(0, 0.0, 0.0, 0.0, Dict{String, Any}(""I"" => """", ""ARNAME"" => """", ""PTOL"" => """", ""PDES"" => """", ""ISW"" => """"))"
gen-518,true,true,0.340002488,0.0,0.34,"(min = 0.0, max = 0.34)","(min = 0.0, max = 0.0)","(up = 0.0001, down = 0.0001)","ThermalGenerationCost(CostCurve{LinearCurve}(LinearCurve(15.5533405, 110.850758), UnitSystem.NATURAL_UNITS = 2, LinearCurve(0.0, 0.0)), 0.0, 0.0, 0.0)",100.0,"(up = 1.0, down = 1.0)",false,OT,OTHER,Service[],10000.0,,bus-1704,1704,"Area(0, 0.0, 0.0, 0.0, Dict{String, Any}(""I"" => """", ""ARNAME"" => """", ""PTOL"" => """", ""PDES"" => """", ""ISW"" => """"))"
gen-1479,true,true,0.0,0.0,0.01,"(min = 0.0, max = 0.01)","(min = 0.0, max = 0.0)","(up = 0.0001, down = 0.0001)","ThermalGenerationCost(CostCurve{LinearCurve}(LinearCurve(24.5037276, 248.251086), UnitSystem.NATURAL_UNITS = 2, LinearCurve(0.0, 0.0)), 0.0, 0.0, 0.0)",100.0,"(up = 1.0, down = 1.0)",false,OT,NATURAL_GAS,Service[],10000.0,,bus-304,304,"Area(0, 0.0, 0.0, 0.0, Dict{String, Any}(""I"" => """", ""ARNAME"" => """", ""PTOL"" => """", ""PDES"" => """", ""ISW"" => """"))"
gen-203,true,true,0.432003189,0.0,0.7493579534724436,"(min = 0.0, max = 0.43200000000000005)","(min = -0.358709497, max = 0.612301676)","(up = 0.0014000000000000002, down = 0.0014000000000000002)","ThermalGenerationCost(CostCurve{LinearCurve}(LinearCurve(13.5754577, 314.917371), UnitSystem.NATURAL_UNITS = 2, LinearCurve(0.0, 0.0)), 0.0, 0.0, 0.0)",100.0,"(up = 1.0, down = 0.0)",false,CT,NATURAL_GAS,Service[],10000.0,,bus-7751,7751,"Area(0, 0.0, 0.0, 0.0, Dict{String, Any}(""I"" => """", ""ARNAME"" => """", ""PTOL"" => """", ""PDES"" => """", ""ISW"" => """"))"
gen-529,true,true,0.0219389101,0.0,0.25,"(min = 0.0, max = 0.2)","(min = -0.067, max = 0.15)","(up = 0.002475, down = 0.002475)","ThermalGenerationCost(CostCurve{LinearCurve}(LinearCurve(17.2716389, 135.454897), UnitSystem.NATURAL_UNITS = 2, LinearCurve(0.0, 0.0)), 0.0, 0.0, 0.0)",100.0,"(up = 1.0, down = 0.0)",false,GT,NATURAL_GAS,Service[],10000.0,,bus-1828,1828,"Area(0, 0.0, 0.0, 0.0, Dict{String, Any}(""I"" => """", ""ARNAME"" => """", ""PTOL"" => """", ""PDES"" => """", ""ISW"" => """"))"
gen-167,true,true,1.64601216,0.0,2.05780003887647,"(min = 0.0, max = 1.646)","(min = -0.5489999999999999, max = 1.235)","(up = 0.0014000000000000002, down = 0.0014000000000000002)","ThermalGenerationCost(CostCurve{LinearCurve}(LinearCurve(9.85465117, 2635.89483), UnitSystem.NATURAL_UNITS = 2, LinearCurve(0.0, 0.0)), 0.0, 0.0, 0.0)",100.0,"(up = 1.0, down = 1.0)",false,CT,NATURAL_GAS,Service[],10000.0,,bus-7808,7808,"Area(0, 0.0, 0.0, 0.0, Dict{String, Any}(""I"" => """", ""ARNAME"" => """", ""PTOL"" => """", ""PDES"" => """", ""ISW"" => """"))"
gen-2024,true,true,0.0480003529,0.0,0.25029092097540395,"(min = 0.0, max = 0.048)","(min = -0.143219355, max = 0.245645161)","(up = 0.002475, down = 0.002475)","ThermalGenerationCost(CostCurve{LinearCurve}(LinearCurve(13.502241700000003, 315.964182), UnitSystem.NATURAL_UNITS = 2, LinearCurve(0.0, 0.0)), 0.0, 0.0, 0.0)",100.0,"(up = 1.0, down = 0.0)",false,GT,NATURAL_GAS,Service[],10000.0,,bus-236,236,"Area(0, 0.0, 0.0, 0.0, Dict{String, Any}(""I"" => """", ""ARNAME"" => """", ""PTOL"" => """", ""PDES"" => """", ""ISW"" => """"))"
gen-222,true,true,0.66971731,0.0,1.109533931487774,"(min = 0.0, max = 1.082)","(min = -0.143219355, max = 0.245645161)","(up = 0.002475, down = 0.002475)","ThermalGenerationCost(CostCurve{LinearCurve}(LinearCurve(16.8059313, 372.365163), UnitSystem.NATURAL_UNITS = 2, LinearCurve(0.0, 0.0)), 0.0, 0.0, 0.0)",100.0,"(up = 1.0, down = 1.0)",false,GT,NATURAL_GAS,Service[],10000.0,,bus-2401,2401,"Area(0, 0.0, 0.0, 0.0, Dict{String, Any}(""I"" => """", ""ARNAME"" => """", ""PTOL"" => """", ""PDES"" => """", ""ISW"" => """"))"
gen-563,true,true,0.0,0.0,0.12593693306607434,"(min = 0.0, max = 0.125)","(min = -0.0153333333, max = 0.0153333333)","(up = 2.64e-5, down = 2.64e-5)","ThermalGenerationCost(CostCurve{LinearCurve}(LinearCurve(34.6938271, 205.867441), UnitSystem.NATURAL_UNITS = 2, LinearCurve(0.0, 0.0)), 0.0, 0.0, 0.0)",100.0,"(up = 12.0, down = 6.0)",false,ST,WOOD_WASTE_SOLIDS,Service[],10000.0,,bus-175,175,"Area(0, 0.0, 0.0, 0.0, Dict{String, Any}(""I"" => """", ""ARNAME"" => """", ""PTOL"" => """", ""PDES"" => """", ""ISW"" => """"))"
gen-963,true,true,0.0290002138,0.0,0.03625,"(min = 0.0, max = 0.028999999999999998)","(min = -0.0096875, max = 0.02175)","(up = 0.0001, down = 0.0001)","ThermalGenerationCost(CostCurve{LinearCurve}(LinearCurve(6.603144, 23.06084), UnitSystem.NATURAL_UNITS = 2, LinearCurve(0.0, 0.0)), 0.0, 0.0, 0.0)",100.0,"(up = 1.0, down = 1.0)",false,IC,NATURAL_GAS,Service[],10000.0,,bus-1399,1399,"Area(0, 0.0, 0.0, 0.0, Dict{String, Any}(""I"" => """", ""ARNAME"" => """", ""PTOL"" => """", ""PDES"" => """", ""ISW"" => """"))"
gen-673,true,true,0.0340002494,0.0,0.24798698579303696,"(min = 0.0, max = 0.034)","(min = -0.143219355, max = 0.245645161)","(up = 0.002475, down = 0.002475)","ThermalGenerationCost(CostCurve{LinearCurve}(LinearCurve(13.502241700000003, 315.964182), UnitSystem.NATURAL_UNITS = 2, LinearCurve(0.0, 0.0)), 0.0, 0.0, 0.0)",100.0,"(up = 1.0, down = 0.0)",false,GT,NATURAL_GAS,Service[],10000.0,,bus-2196,2196,"Area(0, 0.0, 0.0, 0.0, Dict{String, Any}(""I"" => """", ""ARNAME"" => """", ""PTOL"" => """", ""PDES"" => """", ""ISW"" => """"))"
gen-2001,true,true,0.033000243299999996,0.0,0.6165504398302615,"(min = 0.0, max = 0.033)","(min = -0.273666667, max = 0.615666667)","(up = 0.0001, down = 0.0001)","ThermalGenerationCost(CostCurve{LinearCurve}(LinearCurve(6.603145, 74.6992503), UnitSystem.NATURAL_UNITS = 2, LinearCurve(0.0, 0.0)), 0.0, 0.0, 0.0)",100.0,"(up = 1.0, down = 1.0)",false,IC,NATURAL_GAS,Service[],10000.0,,bus-269,269,"Area(0, 0.0, 0.0, 0.0, Dict{String, Any}(""I"" => """", ""ARNAME"" => """", ""PTOL"" => """", ""PDES"" => """", ""ISW"" => """"))"
gen-549,true,true,0.300002216,0.0,0.3332041416309227,"(min = 0.0, max = 0.3)","(min = -0.1, max = 0.145)","(up = 0.0001, down = 0.0001)","ThermalGenerationCost(CostCurve{LinearCurve}(LinearCurve(0.0, 0.0), UnitSystem.NATURAL_UNITS = 2, LinearCurve(0.0, 0.0)), 0.0, 0.0, 0.0)",100.0,"(up = 1000.0, down = 300.0)",false,OT,GEOTHERMAL,Service[],10000.0,,bus-1656,1656,"Area(0, 0.0, 0.0, 0.0, Dict{String, Any}(""I"" => """", ""ARNAME"" => """", ""PTOL"" => """", ""PDES"" => """", ""ISW"" => """"))"
gen-1261,true,true,0.0,0.0,0.23180475534140554,"(min = 0.0, max = 0.008)","(min = -0.13699999999999998, max = 0.231666667)","(up = 0.0001, down = 0.0001)","ThermalGenerationCost(CostCurve{LinearCurve}(LinearCurve(58.907, 173.53), UnitSystem.NATURAL_UNITS = 2, LinearCurve(0.0, 0.0)), 0.0, 0.0, 0.0)",100.0,"(up = 1.0, down = 1.0)",false,OT,MUNICIPAL_WASTE,Service[],10000.0,,bus-1810,1810,"Area(0, 0.0, 0.0, 0.0, Dict{String, Any}(""I"" => """", ""ARNAME"" => """", ""PTOL"" => """", ""PDES"" => """", ""ISW"" => """"))"
gen-2065,true,true,0.0,0.0,0.018000000000000002,"(min = 0.0, max = 0.018000000000000002)","(min = 0.0, max = 0.0)","(up = 0.0001, down = 0.0001)","ThermalGenerationCost(CostCurve{LinearCurve}(LinearCurve(24.5037276, 248.251086), UnitSystem.NATURAL_UNITS = 2, LinearCurve(0.0, 0.0)), 0.0, 0.0, 0.0)",100.0,"(up = 1.0, down = 1.0)",false,OT,NATURAL_GAS,Service[],10000.0,,bus-1254,1254,"Area(0, 0.0, 0.0, 0.0, Dict{String, Any}(""I"" => """", ""ARNAME"" => """", ""PTOL"" => """", ""PDES"" => """", ""ISW"" => """"))"
gen-507,true,true,0.0500003694,0.0,0.14042532373691463,"(min = 0.0, max = 0.05)","(min = -0.0760444444, max = 0.131222222)","(up = 0.0001, down = 0.0001)","ThermalGenerationCost(CostCurve{LinearCurve}(LinearCurve(0.0, 0.0), UnitSystem.NATURAL_UNITS = 2, LinearCurve(0.0, 0.0)), 0.0, 0.0, 0.0)",100.0,"(up = 1000.0, down = 300.0)",false,OT,GEOTHERMAL,Service[],10000.0,,bus-1620,1620,"Area(0, 0.0, 0.0, 0.0, Dict{String, Any}(""I"" => """", ""ARNAME"" => """", ""PTOL"" => """", ""PDES"" => """", ""ISW"" => """"))"
gen-1433,true,true,0.0,0.0,0.23167529993266198,"(min = 0.0, max = 0.002)","(min = -0.13699999999999998, max = 0.231666667)","(up = 0.0001, down = 0.0001)","ThermalGenerationCost(CostCurve{LinearCurve}(LinearCurve(58.907, 173.53), UnitSystem.NATURAL_UNITS = 2, LinearCurve(0.0, 0.0)), 0.0, 0.0, 0.0)",100.0,"(up = 1.0, down = 1.0)",false,OT,MUNICIPAL_WASTE,Service[],10000.0,,bus-1944,1944,"Area(0, 0.0, 0.0, 0.0, Dict{String, Any}(""I"" => """", ""ARNAME"" => """", ""PTOL"" => """", ""PDES"" => """", ""ISW"" => """"))"
gen-2059,true,true,0.0,0.0,0.013999999999999999,"(min = 0.0, max = 0.013999999999999999)","(min = 0.0, max = 0.0)","(up = 0.0001, down = 0.0001)","ThermalGenerationCost(CostCurve{LinearCurve}(LinearCurve(24.5037276, 248.251086), UnitSystem.NATURAL_UNITS = 2, LinearCurve(0.0, 0.0)), 0.0, 0.0, 0.0)",100.0,"(up = 1.0, down = 1.0)",false,OT,NATURAL_GAS,Service[],10000.0,,bus-1603,1603,"Area(0, 0.0, 0.0, 0.0, Dict{String, Any}(""I"" => """", ""ARNAME"" => """", ""PTOL"" => """", ""PDES"" => """", ""ISW"" => """"))"
gen-540,true,true,0.0,0.0,0.23085088023711328,"(min = 0.0, max = 0.138)","(min = -0.10325, max = 0.18506250000000002)","(up = 2.64e-5, down = 2.64e-5)","ThermalGenerationCost(CostCurve{LinearCurve}(LinearCurve(34.9374205, 111.511326), UnitSystem.NATURAL_UNITS = 2, LinearCurve(0.0, 0.0)), 0.0, 0.0, 0.0)",100.0,"(up = 12.0, down = 6.0)",false,ST,WOOD_WASTE_SOLIDS,Service[],10000.0,,bus-159,159,"Area(0, 0.0, 0.0, 0.0, Dict{String, Any}(""I"" => """", ""ARNAME"" => """", ""PTOL"" => """", ""PDES"" => """", ""ISW"" => """"))"
gen-351,true,true,11.640085999999998,0.0,12.933547231908191,"(min = 0.0, max = 11.64)","(min = -3.88, max = 5.638)","(up = 1.0000000000000002e-6, down = 1.0000000000000002e-6)","ThermalGenerationCost(CostCurve{LinearCurve}(LinearCurve(7.027528610000001, 0.0), UnitSystem.NATURAL_UNITS = 2, LinearCurve(0.0, 0.0)), 0.0, 0.0, 0.0)",100.0,"(up = 8000.0, down = 8000.0)",false,OT,NUCLEAR,Service[],10000.0,,bus-1951,1951,"Area(0, 0.0, 0.0, 0.0, Dict{String, Any}(""I"" => """", ""ARNAME"" => """", ""PTOL"" => """", ""PDES"" => """", ""ISW"" => """"))"
gen-1462,true,true,0.015000110300000001,0.0,0.6158493686404889,"(min = 0.0, max = 0.015)","(min = -0.273666667, max = 0.615666667)","(up = 0.0001, down = 0.0001)","ThermalGenerationCost(CostCurve{LinearCurve}(LinearCurve(7.3428025, 22.7651352), UnitSystem.NATURAL_UNITS = 2, LinearCurve(0.0, 0.0)), 0.0, 0.0, 0.0)",100.0,"(up = 1.0, down = 1.0)",false,IC,NATURAL_GAS,Service[],10000.0,,bus-2036,2036,"Area(0, 0.0, 0.0, 0.0, Dict{String, Any}(""I"" => """", ""ARNAME"" => """", ""PTOL"" => """", ""PDES"" => """", ""ISW"" => """"))"
gen-1328,true,true,0.0,0.0,0.011000000000000001,"(min = 0.0, max = 0.011000000000000001)","(min = 0.0, max = 0.0)","(up = 0.0001, down = 0.0001)","ThermalGenerationCost(CostCurve{LinearCurve}(LinearCurve(24.5037276, 248.251086), UnitSystem.NATURAL_UNITS = 2, LinearCurve(0.0, 0.0)), 0.0, 0.0, 0.0)",100.0,"(up = 1.0, down = 1.0)",false,OT,NATURAL_GAS,Service[],10000.0,,bus-659,659,"Area(0, 0.0, 0.0, 0.0, Dict{String, Any}(""I"" => """", ""ARNAME"" => """", ""PTOL"" => """", ""PDES"" => """", ""ISW"" => """"))"
gen-450,true,true,0.206228677,0.0,0.4,"(min = 0.0, max = 0.4)","(min = 0.0, max = 0.0)","(up = 0.0014000000000000002, down = 0.0014000000000000002)","ThermalGenerationCost(CostCurve{LinearCurve}(LinearCurve(16.3717118, 460.288776), UnitSystem.NATURAL_UNITS = 2, LinearCurve(0.0, 0.0)), 0.0, 0.0, 0.0)",100.0,"(up = 1.0, down = 0.0)",false,CT,NATURAL_GAS,Service[],10000.0,,bus-1821,1821,"Area(0, 0.0, 0.0, 0.0, Dict{String, Any}(""I"" => """", ""ARNAME"" => """", ""PTOL"" => """", ""PDES"" => """", ""ISW"" => """"))"
gen-367,true,true,0.0,0.0,0.30934518622226675,"(min = 0.0, max = 0.025)","(min = -0.20800000000000002, max = 0.308333333)","(up = 0.0001, down = 0.0001)","ThermalGenerationCost(CostCurve{LinearCurve}(LinearCurve(25.05, 57.6), UnitSystem.NATURAL_UNITS = 2, LinearCurve(0.0, 0.0)), 0.0, 0.0, 0.0)",100.0,"(up = 1.0, down = 1.0)",false,IC,RESIDUAL_FUEL_OIL,Service[],10000.0,,bus-1752,1752,"Area(0, 0.0, 0.0, 0.0, Dict{String, Any}(""I"" => """", ""ARNAME"" => """", ""PTOL"" => """", ""PDES"" => """", ""ISW"" => """"))"
gen-1685,true,true,0.698771617,0.0,1.3406959182166238,"(min = 0.0, max = 1.318)","(min = -0.143219355, max = 0.245645161)","(up = 0.002475, down = 0.002475)","ThermalGenerationCost(CostCurve{LinearCurve}(LinearCurve(15.1584724, 428.748492), UnitSystem.NATURAL_UNITS = 2, LinearCurve(0.0, 0.0)), 0.0, 0.0, 0.0)",100.0,"(up = 1.0, down = 1.0)",false,GT,NATURAL_GAS,Service[],10000.0,,bus-1056,1056,"Area(0, 0.0, 0.0, 0.0, Dict{String, Any}(""I"" => """", ""ARNAME"" => """", ""PTOL"" => """", ""PDES"" => """", ""ISW"" => """"))"
gen-718,true,true,0.0310002272,0.0,0.24759350783636455,"(min = 0.0, max = 0.031)","(min = -0.143219355, max = 0.245645161)","(up = 0.002475, down = 0.002475)","ThermalGenerationCost(CostCurve{LinearCurve}(LinearCurve(13.502241700000003, 315.964182), UnitSystem.NATURAL_UNITS = 2, LinearCurve(0.0, 0.0)), 0.0, 0.0, 0.0)",100.0,"(up = 1.0, down = 0.0)",false,GT,NATURAL_GAS,Service[],10000.0,,bus-8239,8239,"Area(0, 0.0, 0.0, 0.0, Dict{String, Any}(""I"" => """", ""ARNAME"" => """", ""PTOL"" => """", ""PDES"" => """", ""ISW"" => """"))"
gen-1047,true,true,0.516471994,0.0,0.6943025277211656,"(min = 0.0, max = 0.59)","(min = -0.19699999999999998, max = 0.366)","(up = 0.002475, down = 0.002475)","ThermalGenerationCost(CostCurve{LinearCurve}(LinearCurve(14.4848701, 297.332701), UnitSystem.NATURAL_UNITS = 2, LinearCurve(0.0, 0.0)), 0.0, 0.0, 0.0)",100.0,"(up = 1.0, down = 0.0)",false,GT,NATURAL_GAS,Service[],10000.0,,bus-1098,1098,"Area(0, 0.0, 0.0, 0.0, Dict{String, Any}(""I"" => """", ""ARNAME"" => """", ""PTOL"" => """", ""PDES"" => """", ""ISW"" => """"))"
gen-1544,true,true,0.0,0.0,0.23270892677095326,"(min = 0.0, max = 0.022000000000000002)","(min = -0.13699999999999998, max = 0.231666667)","(up = 0.0001, down = 0.0001)","ThermalGenerationCost(CostCurve{LinearCurve}(LinearCurve(58.907, 173.53), UnitSystem.NATURAL_UNITS = 2, LinearCurve(0.0, 0.0)), 0.0, 0.0, 0.0)",100.0,"(up = 1.0, down = 1.0)",false,OT,MUNICIPAL_WASTE,Service[],10000.0,,bus-7850,7850,"Area(0, 0.0, 0.0, 0.0, Dict{String, Any}(""I"" => """", ""ARNAME"" => """", ""PTOL"" => """", ""PDES"" => """", ""ISW"" => """"))"
gen-775,true,true,0.030000219800000002,0.0,0.24747029139417104,"(min = 0.0, max = 0.03)","(min = -0.143219355, max = 0.245645161)","(up = 0.002475, down = 0.002475)","ThermalGenerationCost(CostCurve{LinearCurve}(LinearCurve(13.502241700000003, 315.964182), UnitSystem.NATURAL_UNITS = 2, LinearCurve(0.0, 0.0)), 0.0, 0.0, 0.0)",100.0,"(up = 1.0, down = 0.0)",false,GT,NATURAL_GAS,Service[],10000.0,,bus-1937,1937,"Area(0, 0.0, 0.0, 0.0, Dict{String, Any}(""I"" => """", ""ARNAME"" => """", ""PTOL"" => """", ""PDES"" => """", ""ISW"" => """"))"
gen-1808,true,true,0.0,0.0,0.011000000000000001,"(min = 0.0, max = 0.011000000000000001)","(min = 0.0, max = 0.0)","(up = 0.0001, down = 0.0001)","ThermalGenerationCost(CostCurve{LinearCurve}(LinearCurve(24.5037276, 248.251086), UnitSystem.NATURAL_UNITS = 2, LinearCurve(0.0, 0.0)), 0.0, 0.0, 0.0)",100.0,"(up = 1.0, down = 1.0)",false,OT,NATURAL_GAS,Service[],10000.0,,bus-2376,2376,"Area(0, 0.0, 0.0, 0.0, Dict{String, Any}(""I"" => """", ""ARNAME"" => """", ""PTOL"" => """", ""PDES"" => """", ""ISW"" => """"))"
gen-692,true,true,0.235001735,0.0,0.26119150062741325,"(min = 0.0, max = 0.235)","(min = -0.078, max = 0.114)","(up = 0.0014000000000000002, down = 0.0014000000000000002)","ThermalGenerationCost(CostCurve{LinearCurve}(LinearCurve(8.51894613, 247.166078), UnitSystem.NATURAL_UNITS = 2, LinearCurve(0.0, 0.0)), 0.0, 0.0, 0.0)",100.0,"(up = 1.0, down = 0.0)",false,CT,NATURAL_GAS,Service[],10000.0,,bus-1455,1455,"Area(0, 0.0, 0.0, 0.0, Dict{String, Any}(""I"" => """", ""ARNAME"" => """", ""PTOL"" => """", ""PDES"" => """", ""ISW"" => """"))"
gen-1218,true,true,0.0,0.0,0.13900359707575918,"(min = 0.0, max = 0.001)","(min = -0.095, max = 0.139)","(up = 2.64e-5, down = 2.64e-5)","ThermalGenerationCost(CostCurve{LinearCurve}(LinearCurve(22.409643000000003, 554.685123), UnitSystem.NATURAL_UNITS = 2, LinearCurve(0.0, 0.0)), 0.0, 0.0, 0.0)",100.0,"(up = 12.0, down = 6.0)",false,ST,MUNICIPAL_WASTE,Service[],10000.0,,bus-426,426,"Area(0, 0.0, 0.0, 0.0, Dict{String, Any}(""I"" => """", ""ARNAME"" => """", ""PTOL"" => """", ""PDES"" => """", ""ISW"" => """"))"
gen-181,true,true,0.0,0.0,0.2708302051101391,"(min = 0.0, max = 0.23)","(min = -0.077, max = 0.14300000000000002)","(up = 0.0001, down = 0.0001)","ThermalGenerationCost(CostCurve{LinearCurve}(LinearCurve(58.907, 173.53), UnitSystem.NATURAL_UNITS = 2, LinearCurve(0.0, 0.0)), 0.0, 0.0, 0.0)",100.0,"(up = 1.0, down = 1.0)",false,OT,MUNICIPAL_WASTE,Service[],10000.0,,bus-1693,1693,"Area(0, 0.0, 0.0, 0.0, Dict{String, Any}(""I"" => """", ""ARNAME"" => """", ""PTOL"" => """", ""PDES"" => """", ""ISW"" => """"))"
gen-972,true,true,0.0550003882,0.0,0.27045154834091817,"(min = 0.0, max = 0.055)","(min = -0.131, max = 0.2648)","(up = 0.0001, down = 0.0001)","ThermalGenerationCost(CostCurve{LinearCurve}(LinearCurve(16.3717119, 243.095114), UnitSystem.NATURAL_UNITS = 2, LinearCurve(0.0, 0.0)), 0.0, 0.0, 0.0)",100.0,"(up = 1.0, down = 1.0)",false,OT,OTHER_GAS,Service[],10000.0,,bus-1186,1186,"Area(0, 0.0, 0.0, 0.0, Dict{String, Any}(""I"" => """", ""ARNAME"" => """", ""PTOL"" => """", ""PDES"" => """", ""ISW"" => """"))"
gen-1684,true,true,0.698771617,0.0,1.3406959182166238,"(min = 0.0, max = 1.318)","(min = -0.143219355, max = 0.245645161)","(up = 0.002475, down = 0.002475)","ThermalGenerationCost(CostCurve{LinearCurve}(LinearCurve(15.1584724, 428.748492), UnitSystem.NATURAL_UNITS = 2, LinearCurve(0.0, 0.0)), 0.0, 0.0, 0.0)",100.0,"(up = 1.0, down = 1.0)",false,GT,NATURAL_GAS,Service[],10000.0,,bus-1056,1056,"Area(0, 0.0, 0.0, 0.0, Dict{String, Any}(""I"" => """", ""ARNAME"" => """", ""PTOL"" => """", ""PDES"" => """", ""ISW"" => """"))"
gen-944,true,true,0.48000351799999996,0.0,0.5392045484996542,"(min = 0.0, max = 0.48)","(min = -0.143219355, max = 0.245645161)","(up = 0.002475, down = 0.002475)","ThermalGenerationCost(CostCurve{LinearCurve}(LinearCurve(14.906425500000001, 279.439595), UnitSystem.NATURAL_UNITS = 2, LinearCurve(0.0, 0.0)), 0.0, 0.0, 0.0)",100.0,"(up = 1.0, down = 0.0)",false,GT,NATURAL_GAS,Service[],10000.0,,bus-1861,1861,"Area(0, 0.0, 0.0, 0.0, Dict{String, Any}(""I"" => """", ""ARNAME"" => """", ""PTOL"" => """", ""PDES"" => """", ""ISW"" => """"))"
gen-676,true,true,0.314002317,0.0,0.34885527085024814,"(min = 0.0, max = 0.314)","(min = -0.105, max = 0.152)","(up = 0.002475, down = 0.002475)","ThermalGenerationCost(CostCurve{LinearCurve}(LinearCurve(12.2346869, 259.979857), UnitSystem.NATURAL_UNITS = 2, LinearCurve(0.0, 0.0)), 0.0, 0.0, 0.0)",100.0,"(up = 1.0, down = 0.0)",false,GT,NATURAL_GAS,Service[],10000.0,,bus-1674,1674,"Area(0, 0.0, 0.0, 0.0, Dict{String, Any}(""I"" => """", ""ARNAME"" => """", ""PTOL"" => """", ""PDES"" => """", ""ISW"" => """"))"
gen-841,true,true,1.86631657,0.0,2.352683786657272,"(min = 0.0, max = 2.0)","(min = -0.667, max = 1.239)","(up = 0.0014000000000000002, down = 0.0014000000000000002)","ThermalGenerationCost(CostCurve{LinearCurve}(LinearCurve(12.4436279, 2297.80403), UnitSystem.NATURAL_UNITS = 2, LinearCurve(0.0, 0.0)), 0.0, 0.0, 0.0)",100.0,"(up = 1.0, down = 1.0)",false,CT,NATURAL_GAS,Service[],10000.0,,bus-1820,1820,"Area(0, 0.0, 0.0, 0.0, Dict{String, Any}(""I"" => """", ""ARNAME"" => """", ""PTOL"" => """", ""PDES"" => """", ""ISW"" => """"))"
gen-886,true,true,0.49000359000000004,0.0,0.5766420033261538,"(min = 0.0, max = 0.49)","(min = -0.163, max = 0.304)","(up = 0.002475, down = 0.002475)","ThermalGenerationCost(CostCurve{LinearCurve}(LinearCurve(14.6257853, 281.807954), UnitSystem.NATURAL_UNITS = 2, LinearCurve(0.0, 0.0)), 0.0, 0.0, 0.0)",100.0,"(up = 1.0, down = 0.0)",false,GT,NATURAL_GAS,Service[],10000.0,,bus-7707,7707,"Area(0, 0.0, 0.0, 0.0, Dict{String, Any}(""I"" => """", ""ARNAME"" => """", ""PTOL"" => """", ""PDES"" => """", ""ISW"" => """"))"
gen-50,true,true,0.16700123300000003,0.0,0.2087333343829329,"(min = 0.0, max = 0.16699999999999998)","(min = -0.0556666667, max = 0.125222222)","(up = 0.0001, down = 0.0001)","ThermalGenerationCost(CostCurve{LinearCurve}(LinearCurve(6.603145, 74.6992503), UnitSystem.NATURAL_UNITS = 2, LinearCurve(0.0, 0.0)), 0.0, 0.0, 0.0)",100.0,"(up = 1.0, down = 1.0)",false,IC,NATURAL_GAS,Service[],10000.0,,bus-170,170,"Area(0, 0.0, 0.0, 0.0, Dict{String, Any}(""I"" => """", ""ARNAME"" => """", ""PTOL"" => """", ""PDES"" => """", ""ISW"" => """"))"
gen-390,true,true,0.201874121,0.0,0.4437172523127763,"(min = 0.0, max = 0.377)","(min = -0.126, max = 0.23399999999999999)","(up = 0.0014000000000000002, down = 0.0014000000000000002)","ThermalGenerationCost(CostCurve{LinearCurve}(LinearCurve(16.3717118, 438.904604), UnitSystem.NATURAL_UNITS = 2, LinearCurve(0.0, 0.0)), 0.0, 0.0, 0.0)",100.0,"(up = 1.0, down = 0.0)",false,CT,NATURAL_GAS,Service[],10000.0,,bus-1801,1801,"Area(0, 0.0, 0.0, 0.0, Dict{String, Any}(""I"" => """", ""ARNAME"" => """", ""PTOL"" => """", ""PDES"" => """", ""ISW"" => """"))"
gen-219,true,true,0.511553026,0.0,0.7117935093831638,"(min = 0.0, max = 0.605)","(min = -0.20199999999999999, max = 0.375)","(up = 0.002475, down = 0.002475)","ThermalGenerationCost(CostCurve{LinearCurve}(LinearCurve(14.447975700000002, 299.144996), UnitSystem.NATURAL_UNITS = 2, LinearCurve(0.0, 0.0)), 0.0, 0.0, 0.0)",100.0,"(up = 1.0, down = 0.0)",false,GT,NATURAL_GAS,Service[],10000.0,,bus-346,346,"Area(0, 0.0, 0.0, 0.0, Dict{String, Any}(""I"" => """", ""ARNAME"" => """", ""PTOL"" => """", ""PDES"" => """", ""ISW"" => """"))"
gen-1823,true,true,0.0,0.0,0.23221852768220042,"(min = 0.0, max = 0.016)","(min = -0.13699999999999998, max = 0.231666667)","(up = 0.0001, down = 0.0001)","ThermalGenerationCost(CostCurve{LinearCurve}(LinearCurve(58.907, 173.53), UnitSystem.NATURAL_UNITS = 2, LinearCurve(0.0, 0.0)), 0.0, 0.0, 0.0)",100.0,"(up = 1.0, down = 1.0)",false,OT,MUNICIPAL_WASTE,Service[],10000.0,,bus-1333,1333,"Area(0, 0.0, 0.0, 0.0, Dict{String, Any}(""I"" => """", ""ARNAME"" => """", ""PTOL"" => """", ""PDES"" => """", ""ISW"" => """"))"
gen-59,true,true,1.8182405,0.0,2.7411742009584144,"(min = 0.0, max = 2.33)","(min = -0.777, max = 1.444)","(up = 0.0014000000000000002, down = 0.0014000000000000002)","ThermalGenerationCost(CostCurve{LinearCurve}(LinearCurve(13.4742144, 878.874372), UnitSystem.NATURAL_UNITS = 2, LinearCurve(0.0, 0.0)), 0.0, 0.0, 0.0)",100.0,"(up = 1.0, down = 1.0)",false,CT,NATURAL_GAS,Service[],10000.0,,bus-7971,7971,"Area(0, 0.0, 0.0, 0.0, Dict{String, Any}(""I"" => """", ""ARNAME"" => """", ""PTOL"" => """", ""PDES"" => """", ""ISW"" => """"))"
gen-746,true,true,0.09200067840000001,0.0,0.11560276813294741,"(min = 0.0, max = 0.092)","(min = -0.031, max = 0.07)","(up = 0.002475, down = 0.002475)","ThermalGenerationCost(CostCurve{LinearCurve}(LinearCurve(11.6879263, 241.314681), UnitSystem.NATURAL_UNITS = 2, LinearCurve(0.0, 0.0)), 0.0, 0.0, 0.0)",100.0,"(up = 1.0, down = 0.0)",false,GT,NATURAL_GAS,Service[],10000.0,,bus-1557,1557,"Area(0, 0.0, 0.0, 0.0, Dict{String, Any}(""I"" => """", ""ARNAME"" => """", ""PTOL"" => """", ""PDES"" => """", ""ISW"" => """"))"
gen-1073,true,true,0.0,0.0,0.25886121553112207,"(min = 0.0, max = 0.18100000000000002)","(min = -0.10325, max = 0.18506250000000002)","(up = 2.64e-5, down = 2.64e-5)","ThermalGenerationCost(CostCurve{LinearCurve}(LinearCurve(34.4810992, 248.228624), UnitSystem.NATURAL_UNITS = 2, LinearCurve(0.0, 0.0)), 0.0, 0.0, 0.0)",100.0,"(up = 12.0, down = 6.0)",false,ST,WOOD_WASTE_SOLIDS,Service[],10000.0,,bus-8472,8472,"Area(0, 0.0, 0.0, 0.0, Dict{String, Any}(""I"" => """", ""ARNAME"" => """", ""PTOL"" => """", ""PDES"" => """", ""ISW"" => """"))"
gen-762,true,true,0.00600004363,0.0,0.6156959029057192,"(min = 0.0, max = 0.006)","(min = -0.273666667, max = 0.615666667)","(up = 0.0001, down = 0.0001)","ThermalGenerationCost(CostCurve{LinearCurve}(LinearCurve(7.3428025, 22.7651352), UnitSystem.NATURAL_UNITS = 2, LinearCurve(0.0, 0.0)), 0.0, 0.0, 0.0)",100.0,"(up = 1.0, down = 1.0)",false,IC,NATURAL_GAS,Service[],10000.0,,bus-446,446,"Area(0, 0.0, 0.0, 0.0, Dict{String, Any}(""I"" => """", ""ARNAME"" => """", ""PTOL"" => """", ""PDES"" => """", ""ISW"" => """"))"
gen-216,true,true,0.511553026,0.0,0.7117935093831638,"(min = 0.0, max = 0.605)","(min = -0.20199999999999999, max = 0.375)","(up = 0.002475, down = 0.002475)","ThermalGenerationCost(CostCurve{LinearCurve}(LinearCurve(14.447975700000002, 299.144996), UnitSystem.NATURAL_UNITS = 2, LinearCurve(0.0, 0.0)), 0.0, 0.0, 0.0)",100.0,"(up = 1.0, down = 0.0)",false,GT,NATURAL_GAS,Service[],10000.0,,bus-346,346,"Area(0, 0.0, 0.0, 0.0, Dict{String, Any}(""I"" => """", ""ARNAME"" => """", ""PTOL"" => """", ""PDES"" => """", ""ISW"" => """"))"
gen-1216,true,true,0.0,0.0,0.13900359707575918,"(min = 0.0, max = 0.001)","(min = -0.095, max = 0.139)","(up = 2.64e-5, down = 2.64e-5)","ThermalGenerationCost(CostCurve{LinearCurve}(LinearCurve(22.409643000000003, 554.685123), UnitSystem.NATURAL_UNITS = 2, LinearCurve(0.0, 0.0)), 0.0, 0.0, 0.0)",100.0,"(up = 12.0, down = 6.0)",false,ST,MUNICIPAL_WASTE,Service[],10000.0,,bus-426,426,"Area(0, 0.0, 0.0, 0.0, Dict{String, Any}(""I"" => """", ""ARNAME"" => """", ""PTOL"" => """", ""PDES"" => """", ""ISW"" => """"))"
gen-860,true,true,0.499003647,0.0,0.5252589837404021,"(min = 0.0, max = 0.499)","(min = -0.16399999999999998, max = 0.16399999999999998)","(up = 0.002475, down = 0.002475)","ThermalGenerationCost(CostCurve{LinearCurve}(LinearCurve(14.5490693, 282.759749), UnitSystem.NATURAL_UNITS = 2, LinearCurve(0.0, 0.0)), 0.0, 0.0, 0.0)",100.0,"(up = 1.0, down = 0.0)",false,GT,NATURAL_GAS,Service[],10000.0,,bus-1858,1858,"Area(0, 0.0, 0.0, 0.0, Dict{String, Any}(""I"" => """", ""ARNAME"" => """", ""PTOL"" => """", ""PDES"" => """", ""ISW"" => """"))"
gen-228,true,true,0.0,0.0,2.705665352551937,"(min = 0.0, max = 2.3)","(min = -0.767, max = 1.425)","(up = 5.4000000000000005e-5, down = 5.4000000000000005e-5)","ThermalGenerationCost(CostCurve{LinearCurve}(LinearCurve(21.8534111, 632.873059), UnitSystem.NATURAL_UNITS = 2, LinearCurve(0.0, 0.0)), 0.0, 0.0, 0.0)",100.0,"(up = 2.0, down = 4.0)",false,ST,NATURAL_GAS,Service[],10000.0,,bus-2401,2401,"Area(0, 0.0, 0.0, 0.0, Dict{String, Any}(""I"" => """", ""ARNAME"" => """", ""PTOL"" => """", ""PDES"" => """", ""ISW"" => """"))"
gen-610,true,true,0.0,0.0,0.3224934107853989,"(min = 0.0, max = 0.29100000000000004)","(min = -0.095, max = 0.139)","(up = 2.64e-5, down = 2.64e-5)","ThermalGenerationCost(CostCurve{LinearCurve}(LinearCurve(34.988, 127.93), UnitSystem.NATURAL_UNITS = 2, LinearCurve(0.0, 0.0)), 0.0, 0.0, 0.0)",100.0,"(up = 12.0, down = 6.0)",false,ST,MUNICIPAL_WASTE,Service[],10000.0,,bus-68,68,"Area(0, 0.0, 0.0, 0.0, Dict{String, Any}(""I"" => """", ""ARNAME"" => """", ""PTOL"" => """", ""PDES"" => """", ""ISW"" => """"))"
gen-1067,true,true,0.0,0.0,0.23192767105045678,"(min = 0.0, max = 0.011000000000000001)","(min = -0.13699999999999998, max = 0.231666667)","(up = 0.0001, down = 0.0001)","ThermalGenerationCost(CostCurve{LinearCurve}(LinearCurve(58.907, 173.53), UnitSystem.NATURAL_UNITS = 2, LinearCurve(0.0, 0.0)), 0.0, 0.0, 0.0)",100.0,"(up = 1.0, down = 1.0)",false,OT,MUNICIPAL_WASTE,Service[],10000.0,,bus-468,468,"Area(0, 0.0, 0.0, 0.0, Dict{String, Any}(""I"" => """", ""ARNAME"" => """", ""PTOL"" => """", ""PDES"" => """", ""ISW"" => """"))"
gen-1460,true,true,0.015000110300000001,0.0,0.6158493686404889,"(min = 0.0, max = 0.015)","(min = -0.273666667, max = 0.615666667)","(up = 0.0001, down = 0.0001)","ThermalGenerationCost(CostCurve{LinearCurve}(LinearCurve(7.3428025, 22.7651352), UnitSystem.NATURAL_UNITS = 2, LinearCurve(0.0, 0.0)), 0.0, 0.0, 0.0)",100.0,"(up = 1.0, down = 1.0)",false,IC,NATURAL_GAS,Service[],10000.0,,bus-2036,2036,"Area(0, 0.0, 0.0, 0.0, Dict{String, Any}(""I"" => """", ""ARNAME"" => """", ""PTOL"" => """", ""PDES"" => """", ""ISW"" => """"))"
gen-2074,true,true,0.33500246699999997,0.0,0.41541129633498886,"(min = 0.0, max = 0.335)","(min = -0.143219355, max = 0.245645161)","(up = 0.002475, down = 0.002475)","ThermalGenerationCost(CostCurve{LinearCurve}(LinearCurve(15.0260079, 278.09026), UnitSystem.NATURAL_UNITS = 2, LinearCurve(0.0, 0.0)), 0.0, 0.0, 0.0)",100.0,"(up = 1.0, down = 0.0)",false,GT,NATURAL_GAS,Service[],10000.0,,bus-8774,8774,"Area(0, 0.0, 0.0, 0.0, Dict{String, Any}(""I"" => """", ""ARNAME"" => """", ""PTOL"" => """", ""PDES"" => """", ""ISW"" => """"))"
gen-2061,true,true,0.0,0.0,0.025,"(min = 0.0, max = 0.025)","(min = 0.0, max = 0.0)","(up = 0.0001, down = 0.0001)","ThermalGenerationCost(CostCurve{LinearCurve}(LinearCurve(24.5037276, 248.251086), UnitSystem.NATURAL_UNITS = 2, LinearCurve(0.0, 0.0)), 0.0, 0.0, 0.0)",100.0,"(up = 1.0, down = 1.0)",false,OT,NATURAL_GAS,Service[],10000.0,,bus-8659,8659,"Area(0, 0.0, 0.0, 0.0, Dict{String, Any}(""I"" => """", ""ARNAME"" => """", ""PTOL"" => """", ""PDES"" => """", ""ISW"" => """"))"
gen-721,true,true,0.0310002272,0.0,0.24759350783636455,"(min = 0.0, max = 0.031)","(min = -0.143219355, max = 0.245645161)","(up = 0.002475, down = 0.002475)","ThermalGenerationCost(CostCurve{LinearCurve}(LinearCurve(13.502241700000003, 315.964182), UnitSystem.NATURAL_UNITS = 2, LinearCurve(0.0, 0.0)), 0.0, 0.0, 0.0)",100.0,"(up = 1.0, down = 0.0)",false,GT,NATURAL_GAS,Service[],10000.0,,bus-8239,8239,"Area(0, 0.0, 0.0, 0.0, Dict{String, Any}(""I"" => """", ""ARNAME"" => """", ""PTOL"" => """", ""PDES"" => """", ""ISW"" => """"))"
gen-579,true,true,0.384002833,0.0,0.384,"(min = 0.0, max = 0.384)","(min = 0.0, max = 0.0)","(up = 0.002475, down = 0.002475)","ThermalGenerationCost(CostCurve{LinearCurve}(LinearCurve(12.7499753, 273.404481), UnitSystem.NATURAL_UNITS = 2, LinearCurve(0.0, 0.0)), 0.0, 0.0, 0.0)",100.0,"(up = 1.0, down = 0.0)",false,GT,NATURAL_GAS,Service[],10000.0,,bus-1920,1920,"Area(0, 0.0, 0.0, 0.0, Dict{String, Any}(""I"" => """", ""ARNAME"" => """", ""PTOL"" => """", ""PDES"" => """", ""ISW"" => """"))"
gen-759,true,true,0.0,0.0,0.6354722653271345,"(min = 0.0, max = 0.54)","(min = -0.18, max = 0.335)","(up = 2.64e-5, down = 2.64e-5)","ThermalGenerationCost(CostCurve{LinearCurve}(LinearCurve(34.4881771, 244.513587), UnitSystem.NATURAL_UNITS = 2, LinearCurve(0.0, 0.0)), 0.0, 0.0, 0.0)",100.0,"(up = 12.0, down = 6.0)",false,ST,WOOD_WASTE_SOLIDS,Service[],10000.0,,bus-1163,1163,"Area(0, 0.0, 0.0, 0.0, Dict{String, Any}(""I"" => """", ""ARNAME"" => """", ""PTOL"" => """", ""PDES"" => """", ""ISW"" => """"))"
gen-2058,true,true,0.0,0.0,0.022000000000000002,"(min = 0.0, max = 0.022000000000000002)","(min = 0.0, max = 0.0)","(up = 0.0001, down = 0.0001)","ThermalGenerationCost(CostCurve{LinearCurve}(LinearCurve(24.5037276, 248.251086), UnitSystem.NATURAL_UNITS = 2, LinearCurve(0.0, 0.0)), 0.0, 0.0, 0.0)",100.0,"(up = 1.0, down = 1.0)",false,OT,NATURAL_GAS,Service[],10000.0,,bus-1866,1866,"Area(0, 0.0, 0.0, 0.0, Dict{String, Any}(""I"" => """", ""ARNAME"" => """", ""PTOL"" => """", ""PDES"" => """", ""ISW"" => """"))"
gen-853,true,true,1.73001278,0.0,1.922275734643706,"(min = 0.0, max = 1.73)","(min = -0.5770000000000001, max = 0.838)","(up = 0.0014000000000000002, down = 0.0014000000000000002)","ThermalGenerationCost(CostCurve{LinearCurve}(LinearCurve(9.89195883, 1941.15289), UnitSystem.NATURAL_UNITS = 2, LinearCurve(0.0, 0.0)), 0.0, 0.0, 0.0)",100.0,"(up = 1.0, down = 1.0)",false,CT,NATURAL_GAS,Service[],10000.0,,bus-1834,1834,"Area(0, 0.0, 0.0, 0.0, Dict{String, Any}(""I"" => """", ""ARNAME"" => """", ""PTOL"" => """", ""PDES"" => """", ""ISW"" => """"))"
gen-1431,true,true,0.0,0.0,0.23167529993266198,"(min = 0.0, max = 0.002)","(min = -0.13699999999999998, max = 0.231666667)","(up = 0.0001, down = 0.0001)","ThermalGenerationCost(CostCurve{LinearCurve}(LinearCurve(58.907, 173.53), UnitSystem.NATURAL_UNITS = 2, LinearCurve(0.0, 0.0)), 0.0, 0.0, 0.0)",100.0,"(up = 1.0, down = 1.0)",false,OT,MUNICIPAL_WASTE,Service[],10000.0,,bus-1944,1944,"Area(0, 0.0, 0.0, 0.0, Dict{String, Any}(""I"" => """", ""ARNAME"" => """", ""PTOL"" => """", ""PDES"" => """", ""ISW"" => """"))"
gen-486,true,true,0.0,0.0,0.23360103723846964,"(min = 0.0, max = 0.03)","(min = -0.13699999999999998, max = 0.231666667)","(up = 0.0001, down = 0.0001)","ThermalGenerationCost(CostCurve{LinearCurve}(LinearCurve(58.907, 173.53), UnitSystem.NATURAL_UNITS = 2, LinearCurve(0.0, 0.0)), 0.0, 0.0, 0.0)",100.0,"(up = 1.0, down = 1.0)",false,OT,MUNICIPAL_WASTE,Service[],10000.0,,bus-1057,1057,"Area(0, 0.0, 0.0, 0.0, Dict{String, Any}(""I"" => """", ""ARNAME"" => """", ""PTOL"" => """", ""PDES"" => """", ""ISW"" => """"))"
gen-538,true,true,0.080000591,0.0,0.15368562569940392,"(min = 0.0, max = 0.08)","(min = -0.0760444444, max = 0.131222222)","(up = 0.0001, down = 0.0001)","ThermalGenerationCost(CostCurve{LinearCurve}(LinearCurve(0.0, 0.0), UnitSystem.NATURAL_UNITS = 2, LinearCurve(0.0, 0.0)), 0.0, 0.0, 0.0)",100.0,"(up = 1000.0, down = 300.0)",false,OT,GEOTHERMAL,Service[],10000.0,,bus-1717,1717,"Area(0, 0.0, 0.0, 0.0, Dict{String, Any}(""I"" => """", ""ARNAME"" => """", ""PTOL"" => """", ""PDES"" => """", ""ISW"" => """"))"
gen-2043,true,true,0.0,0.0,0.01,"(min = 0.0, max = 0.01)","(min = 0.0, max = 0.0)","(up = 0.0001, down = 0.0001)","ThermalGenerationCost(CostCurve{LinearCurve}(LinearCurve(24.5037276, 248.251086), UnitSystem.NATURAL_UNITS = 2, LinearCurve(0.0, 0.0)), 0.0, 0.0, 0.0)",100.0,"(up = 1.0, down = 1.0)",false,OT,NATURAL_GAS,Service[],10000.0,,bus-2367,2367,"Area(0, 0.0, 0.0, 0.0, Dict{String, Any}(""I"" => """", ""ARNAME"" => """", ""PTOL"" => """", ""PDES"" => """", ""ISW"" => """"))"
gen-1404,true,true,0.0,0.0,0.13908989898623123,"(min = 0.0, max = 0.005)","(min = -0.095, max = 0.139)","(up = 2.64e-5, down = 2.64e-5)","ThermalGenerationCost(CostCurve{LinearCurve}(LinearCurve(22.409643000000003, 554.685123), UnitSystem.NATURAL_UNITS = 2, LinearCurve(0.0, 0.0)), 0.0, 0.0, 0.0)",100.0,"(up = 12.0, down = 6.0)",false,ST,MUNICIPAL_WASTE,Service[],10000.0,,bus-377,377,"Area(0, 0.0, 0.0, 0.0, Dict{String, Any}(""I"" => """", ""ARNAME"" => """", ""PTOL"" => """", ""PDES"" => """", ""ISW"" => """"))"
gen-991,true,true,2.55001883,0.0,2.6224822863905883,"(min = 0.0, max = 2.55)","(min = -0.358709497, max = 0.612301676)","(up = 0.0014000000000000002, down = 0.0014000000000000002)","ThermalGenerationCost(CostCurve{LinearCurve}(LinearCurve(13.314779700000003, 572.658144), UnitSystem.NATURAL_UNITS = 2, LinearCurve(0.0, 0.0)), 0.0, 0.0, 0.0)",100.0,"(up = 1.0, down = 1.0)",false,CT,NATURAL_GAS,Service[],10000.0,,bus-7823,7823,"Area(0, 0.0, 0.0, 0.0, Dict{String, Any}(""I"" => """", ""ARNAME"" => """", ""PTOL"" => """", ""PDES"" => """", ""ISW"" => """"))"
gen-858,true,true,0.499003647,0.0,0.5252589837404021,"(min = 0.0, max = 0.499)","(min = -0.16399999999999998, max = 0.16399999999999998)","(up = 0.002475, down = 0.002475)","ThermalGenerationCost(CostCurve{LinearCurve}(LinearCurve(14.5490693, 282.759749), UnitSystem.NATURAL_UNITS = 2, LinearCurve(0.0, 0.0)), 0.0, 0.0, 0.0)",100.0,"(up = 1.0, down = 0.0)",false,GT,NATURAL_GAS,Service[],10000.0,,bus-1858,1858,"Area(0, 0.0, 0.0, 0.0, Dict{String, Any}(""I"" => """", ""ARNAME"" => """", ""PTOL"" => """", ""PDES"" => """", ""ISW"" => """"))"
gen-943,true,true,0.48000351799999996,0.0,0.5392045484996542,"(min = 0.0, max = 0.48)","(min = -0.143219355, max = 0.245645161)","(up = 0.002475, down = 0.002475)","ThermalGenerationCost(CostCurve{LinearCurve}(LinearCurve(14.906425500000001, 279.439595), UnitSystem.NATURAL_UNITS = 2, LinearCurve(0.0, 0.0)), 0.0, 0.0, 0.0)",100.0,"(up = 1.0, down = 0.0)",false,GT,NATURAL_GAS,Service[],10000.0,,bus-1861,1861,"Area(0, 0.0, 0.0, 0.0, Dict{String, Any}(""I"" => """", ""ARNAME"" => """", ""PTOL"" => """", ""PDES"" => """", ""ISW"" => """"))"
gen-1069,true,true,0.135000993,0.0,0.6270074500613282,"(min = 0.0, max = 0.135)","(min = -0.358709497, max = 0.612301676)","(up = 0.0014000000000000002, down = 0.0014000000000000002)","ThermalGenerationCost(CostCurve{LinearCurve}(LinearCurve(15.4560715, 1243.53602), UnitSystem.NATURAL_UNITS = 2, LinearCurve(0.0, 0.0)), 0.0, 0.0, 0.0)",100.0,"(up = 1.0, down = 0.0)",false,CT,NATURAL_GAS,Service[],10000.0,,bus-2286,2286,"Area(0, 0.0, 0.0, 0.0, Dict{String, Any}(""I"" => """", ""ARNAME"" => """", ""PTOL"" => """", ""PDES"" => """", ""ISW"" => """"))"
gen-161,true,true,0.0,0.0,4.95,"(min = 0.0, max = 4.95)","(min = 0.0, max = 0.0)","(up = 5.4000000000000005e-5, down = 5.4000000000000005e-5)","ThermalGenerationCost(CostCurve{LinearCurve}(LinearCurve(21.031305, 1187.18678), UnitSystem.NATURAL_UNITS = 2, LinearCurve(0.0, 0.0)), 0.0, 0.0, 0.0)",100.0,"(up = 2.0, down = 4.0)",false,ST,NATURAL_GAS,Service[],10000.0,,bus-7747,7747,"Area(0, 0.0, 0.0, 0.0, Dict{String, Any}(""I"" => """", ""ARNAME"" => """", ""PTOL"" => """", ""PDES"" => """", ""ISW"" => """"))"
gen-851,true,true,0.51637591,0.0,0.6929256814406578,"(min = 0.0, max = 0.589)","(min = -0.196, max = 0.365)","(up = 0.002475, down = 0.002475)","ThermalGenerationCost(CostCurve{LinearCurve}(LinearCurve(14.486268800000001, 297.176706), UnitSystem.NATURAL_UNITS = 2, LinearCurve(0.0, 0.0)), 0.0, 0.0, 0.0)",100.0,"(up = 1.0, down = 0.0)",false,GT,NATURAL_GAS,Service[],10000.0,,bus-8752,8752,"Area(0, 0.0, 0.0, 0.0, Dict{String, Any}(""I"" => """", ""ARNAME"" => """", ""PTOL"" => """", ""PDES"" => """", ""ISW"" => """"))"
gen-179,true,true,0.103114346,0.0,0.23532105728132366,"(min = 0.0, max = 0.2)","(min = -0.067, max = 0.124)","(up = 0.0014000000000000002, down = 0.0014000000000000002)","ThermalGenerationCost(CostCurve{LinearCurve}(LinearCurve(16.3717119, 230.144388), UnitSystem.NATURAL_UNITS = 2, LinearCurve(0.0, 0.0)), 0.0, 0.0, 0.0)",100.0,"(up = 1.0, down = 0.0)",false,CT,NATURAL_GAS,Service[],10000.0,,bus-1693,1693,"Area(0, 0.0, 0.0, 0.0, Dict{String, Any}(""I"" => """", ""ARNAME"" => """", ""PTOL"" => """", ""PDES"" => """", ""ISW"" => """"))"
gen-2066,true,true,0.0,0.0,0.02,"(min = 0.0, max = 0.02)","(min = 0.0, max = 0.0)","(up = 0.0001, down = 0.0001)","ThermalGenerationCost(CostCurve{LinearCurve}(LinearCurve(24.5037276, 248.251086), UnitSystem.NATURAL_UNITS = 2, LinearCurve(0.0, 0.0)), 0.0, 0.0, 0.0)",100.0,"(up = 1.0, down = 1.0)",false,OT,NATURAL_GAS,Service[],10000.0,,bus-1254,1254,"Area(0, 0.0, 0.0, 0.0, Dict{String, Any}(""I"" => """", ""ARNAME"" => """", ""PTOL"" => """", ""PDES"" => """", ""ISW"" => """"))"
gen-1541,true,true,0.0440003246,0.0,0.6172369438512967,"(min = 0.0, max = 0.044000000000000004)","(min = -0.273666667, max = 0.615666667)","(up = 0.0001, down = 0.0001)","ThermalGenerationCost(CostCurve{LinearCurve}(LinearCurve(6.603145, 74.6992503), UnitSystem.NATURAL_UNITS = 2, LinearCurve(0.0, 0.0)), 0.0, 0.0, 0.0)",100.0,"(up = 1.0, down = 1.0)",false,IC,NATURAL_GAS,Service[],10000.0,,bus-1458,1458,"Area(0, 0.0, 0.0, 0.0, Dict{String, Any}(""I"" => """", ""ARNAME"" => """", ""PTOL"" => """", ""PDES"" => """", ""ISW"" => """"))"
gen-1612,true,true,0.005000036209999999,0.0,0.6156869698595941,"(min = 0.0, max = 0.005)","(min = -0.273666667, max = 0.615666667)","(up = 0.0001, down = 0.0001)","ThermalGenerationCost(CostCurve{LinearCurve}(LinearCurve(7.3428025, 22.7651352), UnitSystem.NATURAL_UNITS = 2, LinearCurve(0.0, 0.0)), 0.0, 0.0, 0.0)",100.0,"(up = 1.0, down = 1.0)",false,IC,NATURAL_GAS,Service[],10000.0,,bus-1128,1128,"Area(0, 0.0, 0.0, 0.0, Dict{String, Any}(""I"" => """", ""ARNAME"" => """", ""PTOL"" => """", ""PDES"" => """", ""ISW"" => """"))"
gen-544,true,true,0.0,0.0,0.32966043135323353,"(min = 0.0, max = 0.28)","(min = -0.09300000000000001, max = 0.174)","(up = 2.64e-5, down = 2.64e-5)","ThermalGenerationCost(CostCurve{LinearCurve}(LinearCurve(34.7982258, 154.558828), UnitSystem.NATURAL_UNITS = 2, LinearCurve(0.0, 0.0)), 0.0, 0.0, 0.0)",100.0,"(up = 12.0, down = 6.0)",false,ST,WOOD_WASTE_SOLIDS,Service[],10000.0,,bus-1885,1885,"Area(0, 0.0, 0.0, 0.0, Dict{String, Any}(""I"" => """", ""ARNAME"" => """", ""PTOL"" => """", ""PDES"" => """", ""ISW"" => """"))"
gen-1311,true,true,0.0,0.0,0.23280559400256878,"(min = 0.0, max = 0.023)","(min = -0.13699999999999998, max = 0.231666667)","(up = 0.0001, down = 0.0001)","ThermalGenerationCost(CostCurve{LinearCurve}(LinearCurve(58.907, 173.53), UnitSystem.NATURAL_UNITS = 2, LinearCurve(0.0, 0.0)), 0.0, 0.0, 0.0)",100.0,"(up = 1.0, down = 1.0)",false,OT,MUNICIPAL_WASTE,Service[],10000.0,,bus-46,46,"Area(0, 0.0, 0.0, 0.0, Dict{String, Any}(""I"" => """", ""ARNAME"" => """", ""PTOL"" => """", ""PDES"" => """", ""ISW"" => """"))"
gen-688,true,true,0.23000169799999998,0.0,0.2708302051101391,"(min = 0.0, max = 0.23)","(min = -0.077, max = 0.14300000000000002)","(up = 0.0014000000000000002, down = 0.0014000000000000002)","ThermalGenerationCost(CostCurve{LinearCurve}(LinearCurve(7.93857786, 167.188707), UnitSystem.NATURAL_UNITS = 2, LinearCurve(0.0, 0.0)), 0.0, 0.0, 0.0)",100.0,"(up = 1.0, down = 0.0)",false,CT,NATURAL_GAS,Service[],10000.0,,bus-2136,2136,"Area(0, 0.0, 0.0, 0.0, Dict{String, Any}(""I"" => """", ""ARNAME"" => """", ""PTOL"" => """", ""PDES"" => """", ""ISW"" => """"))"
gen-992,true,true,0.0,0.0,0.2284822288631,"(min = 0.0, max = 0.134)","(min = -0.10325, max = 0.18506250000000002)","(up = 2.64e-5, down = 2.64e-5)","ThermalGenerationCost(CostCurve{LinearCurve}(LinearCurve(34.9374205, 111.511326), UnitSystem.NATURAL_UNITS = 2, LinearCurve(0.0, 0.0)), 0.0, 0.0, 0.0)",100.0,"(up = 12.0, down = 6.0)",false,ST,WOOD_WASTE_SOLIDS,Service[],10000.0,,bus-1298,1298,"Area(0, 0.0, 0.0, 0.0, Dict{String, Any}(""I"" => """", ""ARNAME"" => """", ""PTOL"" => """", ""PDES"" => """", ""ISW"" => """"))"
gen-3,true,true,0.0,0.0,0.791182027096167,"(min = 0.0, max = 0.7120000000000001)","(min = -0.237, max = 0.345)","(up = 0.002475, down = 0.002475)","ThermalGenerationCost(CostCurve{LinearCurve}(LinearCurve(44.9151794, 1427.41303), UnitSystem.NATURAL_UNITS = 2, LinearCurve(0.0, 0.0)), 0.0, 0.0, 0.0)",100.0,"(up = 1.0, down = 0.0)",false,GT,NATURAL_GAS,Service[],10000.0,,bus-1804,1804,"Area(0, 0.0, 0.0, 0.0, Dict{String, Any}(""I"" => """", ""ARNAME"" => """", ""PTOL"" => """", ""PDES"" => """", ""ISW"" => """"))"
gen-940,true,true,0.0,0.0,0.13935924798878618,"(min = 0.0, max = 0.01)","(min = -0.095, max = 0.139)","(up = 2.64e-5, down = 2.64e-5)","ThermalGenerationCost(CostCurve{LinearCurve}(LinearCurve(22.409643000000003, 554.685123), UnitSystem.NATURAL_UNITS = 2, LinearCurve(0.0, 0.0)), 0.0, 0.0, 0.0)",100.0,"(up = 12.0, down = 6.0)",false,ST,MUNICIPAL_WASTE,Service[],10000.0,,bus-1791,1791,"Area(0, 0.0, 0.0, 0.0, Dict{String, Any}(""I"" => """", ""ARNAME"" => """", ""PTOL"" => """", ""PDES"" => """", ""ISW"" => """"))"
gen-2108,true,true,0.0,0.0,0.012,"(min = 0.0, max = 0.012)","(min = 0.0, max = 0.0)","(up = 0.0001, down = 0.0001)","ThermalGenerationCost(CostCurve{LinearCurve}(LinearCurve(24.5037276, 248.251086), UnitSystem.NATURAL_UNITS = 2, LinearCurve(0.0, 0.0)), 0.0, 0.0, 0.0)",100.0,"(up = 1.0, down = 1.0)",false,OT,NATURAL_GAS,Service[],10000.0,,bus-1244,1244,"Area(0, 0.0, 0.0, 0.0, Dict{String, Any}(""I"" => """", ""ARNAME"" => """", ""PTOL"" => """", ""PDES"" => """", ""ISW"" => """"))"
gen-955,true,true,0.0290002138,0.0,0.03625,"(min = 0.0, max = 0.028999999999999998)","(min = -0.0096875, max = 0.02175)","(up = 0.0001, down = 0.0001)","ThermalGenerationCost(CostCurve{LinearCurve}(LinearCurve(6.603144, 23.06084), UnitSystem.NATURAL_UNITS = 2, LinearCurve(0.0, 0.0)), 0.0, 0.0, 0.0)",100.0,"(up = 1.0, down = 1.0)",false,IC,NATURAL_GAS,Service[],10000.0,,bus-1399,1399,"Area(0, 0.0, 0.0, 0.0, Dict{String, Any}(""I"" => """", ""ARNAME"" => """", ""PTOL"" => """", ""PDES"" => """", ""ISW"" => """"))"
gen-2120,true,true,0.0,0.0,0.01,"(min = 0.0, max = 0.01)","(min = 0.0, max = 0.0)","(up = 0.0001, down = 0.0001)","ThermalGenerationCost(CostCurve{LinearCurve}(LinearCurve(24.5037276, 248.251086), UnitSystem.NATURAL_UNITS = 2, LinearCurve(0.0, 0.0)), 0.0, 0.0, 0.0)",100.0,"(up = 1.0, down = 1.0)",false,OT,NATURAL_GAS,Service[],10000.0,,bus-633,633,"Area(0, 0.0, 0.0, 0.0, Dict{String, Any}(""I"" => """", ""ARNAME"" => """", ""PTOL"" => """", ""PDES"" => """", ""ISW"" => """"))"
gen-685,true,true,0.0,0.0,0.23188239389589044,"(min = 0.0, max = 0.01)","(min = -0.13699999999999998, max = 0.231666667)","(up = 0.0001, down = 0.0001)","ThermalGenerationCost(CostCurve{LinearCurve}(LinearCurve(58.907, 173.53), UnitSystem.NATURAL_UNITS = 2, LinearCurve(0.0, 0.0)), 0.0, 0.0, 0.0)",100.0,"(up = 1.0, down = 1.0)",false,OT,MUNICIPAL_WASTE,Service[],10000.0,,bus-1600,1600,"Area(0, 0.0, 0.0, 0.0, Dict{String, Any}(""I"" => """", ""ARNAME"" => """", ""PTOL"" => """", ""PDES"" => """", ""ISW"" => """"))"
gen-994,true,true,0.498003639,0.0,0.586075933646827,"(min = 0.0, max = 0.498)","(min = -0.166, max = 0.309)","(up = 0.002475, down = 0.002475)","ThermalGenerationCost(CostCurve{LinearCurve}(LinearCurve(14.5884532, 282.657965), UnitSystem.NATURAL_UNITS = 2, LinearCurve(0.0, 0.0)), 0.0, 0.0, 0.0)",100.0,"(up = 1.0, down = 0.0)",false,GT,NATURAL_GAS,Service[],10000.0,,bus-1997,1997,"Area(0, 0.0, 0.0, 0.0, Dict{String, Any}(""I"" => """", ""ARNAME"" => """", ""PTOL"" => """", ""PDES"" => """", ""ISW"" => """"))"
gen-706,true,true,0.140001011,0.0,0.3520355095725429,"(min = 0.0, max = 0.14)","(min = -0.14300000000000002, max = 0.32299999999999995)","(up = 0.0014000000000000002, down = 0.0014000000000000002)","ThermalGenerationCost(CostCurve{LinearCurve}(LinearCurve(16.3717118, 479.744314), UnitSystem.NATURAL_UNITS = 2, LinearCurve(0.0, 0.0)), 0.0, 0.0, 0.0)",100.0,"(up = 1.0, down = 0.0)",false,CT,NATURAL_GAS,Service[],10000.0,,bus-519,519,"Area(0, 0.0, 0.0, 0.0, Dict{String, Any}(""I"" => """", ""ARNAME"" => """", ""PTOL"" => """", ""PDES"" => """", ""ISW"" => """"))"
gen-698,true,true,0.015000110799999999,0.0,0.13207676384064415,"(min = 0.0, max = 0.015)","(min = -0.0760444444, max = 0.131222222)","(up = 0.0001, down = 0.0001)","ThermalGenerationCost(CostCurve{LinearCurve}(LinearCurve(0.0, 0.0), UnitSystem.NATURAL_UNITS = 2, LinearCurve(0.0, 0.0)), 0.0, 0.0, 0.0)",100.0,"(up = 1000.0, down = 300.0)",false,OT,GEOTHERMAL,Service[],10000.0,,bus-1576,1576,"Area(0, 0.0, 0.0, 0.0, Dict{String, Any}(""I"" => """", ""ARNAME"" => """", ""PTOL"" => """", ""PDES"" => """", ""ISW"" => """"))"
gen-889,true,true,0.45000332200000004,0.0,0.45,"(min = 0.0, max = 0.45)","(min = 0.0, max = 0.0)","(up = 0.002475, down = 0.002475)","ThermalGenerationCost(CostCurve{LinearCurve}(LinearCurve(13.5866207, 314.719718), UnitSystem.NATURAL_UNITS = 2, LinearCurve(0.0, 0.0)), 0.0, 0.0, 0.0)",100.0,"(up = 1.0, down = 0.0)",false,GT,NATURAL_GAS,Service[],10000.0,,bus-1821,1821,"Area(0, 0.0, 0.0, 0.0, Dict{String, Any}(""I"" => """", ""ARNAME"" => """", ""PTOL"" => """", ""PDES"" => """", ""ISW"" => """"))"
gen-862,true,true,0.499003645,0.0,0.5252589837404021,"(min = 0.0, max = 0.499)","(min = -0.16399999999999998, max = 0.16399999999999998)","(up = 0.002475, down = 0.002475)","ThermalGenerationCost(CostCurve{LinearCurve}(LinearCurve(14.5487374, 282.853676), UnitSystem.NATURAL_UNITS = 2, LinearCurve(0.0, 0.0)), 0.0, 0.0, 0.0)",100.0,"(up = 1.0, down = 0.0)",false,GT,NATURAL_GAS,Service[],10000.0,,bus-1882,1882,"Area(0, 0.0, 0.0, 0.0, Dict{String, Any}(""I"" => """", ""ARNAME"" => """", ""PTOL"" => """", ""PDES"" => """", ""ISW"" => """"))"
gen-1825,true,true,0.0,0.0,0.23221852768220042,"(min = 0.0, max = 0.016)","(min = -0.13699999999999998, max = 0.231666667)","(up = 0.0001, down = 0.0001)","ThermalGenerationCost(CostCurve{LinearCurve}(LinearCurve(58.907, 173.53), UnitSystem.NATURAL_UNITS = 2, LinearCurve(0.0, 0.0)), 0.0, 0.0, 0.0)",100.0,"(up = 1.0, down = 1.0)",false,OT,MUNICIPAL_WASTE,Service[],10000.0,,bus-1333,1333,"Area(0, 0.0, 0.0, 0.0, Dict{String, Any}(""I"" => """", ""ARNAME"" => """", ""PTOL"" => """", ""PDES"" => """", ""ISW"" => """"))"
gen-475,true,true,0.403002976,0.0,0.4742457169021139,"(min = 0.0, max = 0.40299999999999997)","(min = -0.134, max = 0.25)","(up = 0.0014000000000000002, down = 0.0014000000000000002)","ThermalGenerationCost(CostCurve{LinearCurve}(LinearCurve(8.36860157, 497.141236), UnitSystem.NATURAL_UNITS = 2, LinearCurve(0.0, 0.0)), 0.0, 0.0, 0.0)",100.0,"(up = 1.0, down = 0.0)",false,CT,NATURAL_GAS,Service[],10000.0,,bus-1699,1699,"Area(0, 0.0, 0.0, 0.0, Dict{String, Any}(""I"" => """", ""ARNAME"" => """", ""PTOL"" => """", ""PDES"" => """", ""ISW"" => """"))"
gen-989,true,true,2.00001477,0.0,2.0916293511118096,"(min = 0.0, max = 2.0)","(min = -0.358709497, max = 0.612301676)","(up = 0.0014000000000000002, down = 0.0014000000000000002)","ThermalGenerationCost(CostCurve{LinearCurve}(LinearCurve(10.956217500000001, 1512.3587), UnitSystem.NATURAL_UNITS = 2, LinearCurve(0.0, 0.0)), 0.0, 0.0, 0.0)",100.0,"(up = 1.0, down = 1.0)",false,CT,NATURAL_GAS,Service[],10000.0,,bus-7823,7823,"Area(0, 0.0, 0.0, 0.0, Dict{String, Any}(""I"" => """", ""ARNAME"" => """", ""PTOL"" => """", ""PDES"" => """", ""ISW"" => """"))"
gen-897,true,true,0.112000826,0.0,0.11199999999999999,"(min = 0.0, max = 0.11199999999999999)","(min = 0.0, max = 0.0)","(up = 0.002475, down = 0.002475)","ThermalGenerationCost(CostCurve{LinearCurve}(LinearCurve(13.5372642, 318.861829), UnitSystem.NATURAL_UNITS = 2, LinearCurve(0.0, 0.0)), 0.0, 0.0, 0.0)",100.0,"(up = 1.0, down = 0.0)",false,GT,NATURAL_GAS,Service[],10000.0,,bus-7698,7698,"Area(0, 0.0, 0.0, 0.0, Dict{String, Any}(""I"" => """", ""ARNAME"" => """", ""PTOL"" => """", ""PDES"" => """", ""ISW"" => """"))"
gen-716,true,true,0.0340002494,0.0,0.24798698579303696,"(min = 0.0, max = 0.034)","(min = -0.143219355, max = 0.245645161)","(up = 0.002475, down = 0.002475)","ThermalGenerationCost(CostCurve{LinearCurve}(LinearCurve(13.502241700000003, 315.964182), UnitSystem.NATURAL_UNITS = 2, LinearCurve(0.0, 0.0)), 0.0, 0.0, 0.0)",100.0,"(up = 1.0, down = 0.0)",false,GT,NATURAL_GAS,Service[],10000.0,,bus-112,112,"Area(0, 0.0, 0.0, 0.0, Dict{String, Any}(""I"" => """", ""ARNAME"" => """", ""PTOL"" => """", ""PDES"" => """", ""ISW"" => """"))"
gen-739,true,true,0.0770487614,0.0,0.2710350530835449,"(min = 0.0, max = 0.244)","(min = -0.081, max = 0.11800000000000001)","(up = 0.002475, down = 0.002475)","ThermalGenerationCost(CostCurve{LinearCurve}(LinearCurve(16.0912893, 141.739131), UnitSystem.NATURAL_UNITS = 2, LinearCurve(0.0, 0.0)), 0.0, 0.0, 0.0)",100.0,"(up = 1.0, down = 0.0)",false,GT,NATURAL_GAS,Service[],10000.0,,bus-1924,1924,"Area(0, 0.0, 0.0, 0.0, Dict{String, Any}(""I"" => """", ""ARNAME"" => """", ""PTOL"" => """", ""PDES"" => """", ""ISW"" => """"))"
gen-2067,true,true,0.0,0.0,0.015,"(min = 0.0, max = 0.015)","(min = 0.0, max = 0.0)","(up = 0.0001, down = 0.0001)","ThermalGenerationCost(CostCurve{LinearCurve}(LinearCurve(24.5037276, 248.251086), UnitSystem.NATURAL_UNITS = 2, LinearCurve(0.0, 0.0)), 0.0, 0.0, 0.0)",100.0,"(up = 1.0, down = 1.0)",false,OT,NATURAL_GAS,Service[],10000.0,,bus-545,545,"Area(0, 0.0, 0.0, 0.0, Dict{String, Any}(""I"" => """", ""ARNAME"" => """", ""PTOL"" => """", ""PDES"" => """", ""ISW"" => """"))"
gen-473,true,true,0.424003131,0.0,0.49894388462030476,"(min = 0.0, max = 0.424)","(min = -0.141, max = 0.263)","(up = 0.0014000000000000002, down = 0.0014000000000000002)","ThermalGenerationCost(CostCurve{LinearCurve}(LinearCurve(8.94241382, 772.625301), UnitSystem.NATURAL_UNITS = 2, LinearCurve(0.0, 0.0)), 0.0, 0.0, 0.0)",100.0,"(up = 1.0, down = 0.0)",false,CT,NATURAL_GAS,Service[],10000.0,,bus-1699,1699,"Area(0, 0.0, 0.0, 0.0, Dict{String, Any}(""I"" => """", ""ARNAME"" => """", ""PTOL"" => """", ""PDES"" => """", ""ISW"" => """"))"
gen-1873,true,true,0.0,0.0,0.13923002549737612,"(min = 0.0, max = 0.008)","(min = -0.095, max = 0.139)","(up = 2.64e-5, down = 2.64e-5)","ThermalGenerationCost(CostCurve{LinearCurve}(LinearCurve(22.409643000000003, 554.685123), UnitSystem.NATURAL_UNITS = 2, LinearCurve(0.0, 0.0)), 0.0, 0.0, 0.0)",100.0,"(up = 12.0, down = 6.0)",false,ST,MUNICIPAL_WASTE,Service[],10000.0,,bus-1535,1535,"Area(0, 0.0, 0.0, 0.0, Dict{String, Any}(""I"" => """", ""ARNAME"" => """", ""PTOL"" => """", ""PDES"" => """", ""ISW"" => """"))"
gen-1472,true,true,0.0,0.0,0.004,"(min = 0.0, max = 0.004)","(min = 0.0, max = 0.0)","(up = 0.0001, down = 0.0001)","ThermalGenerationCost(CostCurve{LinearCurve}(LinearCurve(24.5037276, 248.251086), UnitSystem.NATURAL_UNITS = 2, LinearCurve(0.0, 0.0)), 0.0, 0.0, 0.0)",100.0,"(up = 1.0, down = 1.0)",false,OT,NATURAL_GAS,Service[],10000.0,,bus-2091,2091,"Area(0, 0.0, 0.0, 0.0, Dict{String, Any}(""I"" => """", ""ARNAME"" => """", ""PTOL"" => """", ""PDES"" => """", ""ISW"" => """"))"
gen-447,true,true,0.0,0.0,0.13923002549737612,"(min = 0.0, max = 0.008)","(min = -0.095, max = 0.139)","(up = 2.64e-5, down = 2.64e-5)","ThermalGenerationCost(CostCurve{LinearCurve}(LinearCurve(22.409643000000003, 554.685123), UnitSystem.NATURAL_UNITS = 2, LinearCurve(0.0, 0.0)), 0.0, 0.0, 0.0)",100.0,"(up = 12.0, down = 6.0)",false,ST,MUNICIPAL_WASTE,Service[],10000.0,,bus-1056,1056,"Area(0, 0.0, 0.0, 0.0, Dict{String, Any}(""I"" => """", ""ARNAME"" => """", ""PTOL"" => """", ""PDES"" => """", ""ISW"" => """"))"
gen-908,true,true,0.11500085,0.0,0.17448286892018164,"(min = 0.0, max = 0.115)","(min = -0.0760444444, max = 0.131222222)","(up = 0.0001, down = 0.0001)","ThermalGenerationCost(CostCurve{LinearCurve}(LinearCurve(0.0, 0.0), UnitSystem.NATURAL_UNITS = 2, LinearCurve(0.0, 0.0)), 0.0, 0.0, 0.0)",100.0,"(up = 1000.0, down = 300.0)",false,OT,GEOTHERMAL,Service[],10000.0,,bus-2332,2332,"Area(0, 0.0, 0.0, 0.0, Dict{String, Any}(""I"" => """", ""ARNAME"" => """", ""PTOL"" => """", ""PDES"" => """", ""ISW"" => """"))"
gen-932,true,true,0.0280002064,0.0,0.6163030462807148,"(min = 0.0, max = 0.027999999999999997)","(min = -0.273666667, max = 0.615666667)","(up = 0.0001, down = 0.0001)","ThermalGenerationCost(CostCurve{LinearCurve}(LinearCurve(6.603144, 23.06084), UnitSystem.NATURAL_UNITS = 2, LinearCurve(0.0, 0.0)), 0.0, 0.0, 0.0)",100.0,"(up = 1.0, down = 1.0)",false,IC,NATURAL_GAS,Service[],10000.0,,bus-1236,1236,"Area(0, 0.0, 0.0, 0.0, Dict{String, Any}(""I"" => """", ""ARNAME"" => """", ""PTOL"" => """", ""PDES"" => """", ""ISW"" => """"))"
gen-982,true,true,0.410003028,0.0,0.4823028094465136,"(min = 0.0, max = 0.41)","(min = -0.13699999999999998, max = 0.254)","(up = 0.0014000000000000002, down = 0.0014000000000000002)","ThermalGenerationCost(CostCurve{LinearCurve}(LinearCurve(8.56486783, 563.76042), UnitSystem.NATURAL_UNITS = 2, LinearCurve(0.0, 0.0)), 0.0, 0.0, 0.0)",100.0,"(up = 1.0, down = 0.0)",false,CT,NATURAL_GAS,Service[],10000.0,,bus-2022,2022,"Area(0, 0.0, 0.0, 0.0, Dict{String, Any}(""I"" => """", ""ARNAME"" => """", ""PTOL"" => """", ""PDES"" => """", ""ISW"" => """"))"
gen-734,true,true,0.0310002272,0.0,0.24759350783636455,"(min = 0.0, max = 0.031)","(min = -0.143219355, max = 0.245645161)","(up = 0.002475, down = 0.002475)","ThermalGenerationCost(CostCurve{LinearCurve}(LinearCurve(13.502241700000003, 315.964182), UnitSystem.NATURAL_UNITS = 2, LinearCurve(0.0, 0.0)), 0.0, 0.0, 0.0)",100.0,"(up = 1.0, down = 0.0)",false,GT,NATURAL_GAS,Service[],10000.0,,bus-1675,1675,"Area(0, 0.0, 0.0, 0.0, Dict{String, Any}(""I"" => """", ""ARNAME"" => """", ""PTOL"" => """", ""PDES"" => """", ""ISW"" => """"))"
gen-916,true,true,0.292058688,0.0,0.6002032988913006,"(min = 0.0, max = 0.54)","(min = -0.18, max = 0.262)","(up = 0.0014000000000000002, down = 0.0014000000000000002)","ThermalGenerationCost(CostCurve{LinearCurve}(LinearCurve(16.3114786, 601.515173), UnitSystem.NATURAL_UNITS = 2, LinearCurve(0.0, 0.0)), 0.0, 0.0, 0.0)",100.0,"(up = 1.0, down = 0.0)",false,CT,NATURAL_GAS,Service[],10000.0,,bus-1239,1239,"Area(0, 0.0, 0.0, 0.0, Dict{String, Any}(""I"" => """", ""ARNAME"" => """", ""PTOL"" => """", ""PDES"" => """", ""ISW"" => """"))"
gen-976,true,true,0.012000088099999999,0.0,0.6157836022945795,"(min = 0.0, max = 0.012)","(min = -0.273666667, max = 0.615666667)","(up = 0.0001, down = 0.0001)","ThermalGenerationCost(CostCurve{LinearCurve}(LinearCurve(7.3428025, 22.7651352), UnitSystem.NATURAL_UNITS = 2, LinearCurve(0.0, 0.0)), 0.0, 0.0, 0.0)",100.0,"(up = 1.0, down = 1.0)",false,IC,NATURAL_GAS,Service[],10000.0,,bus-2396,2396,"Area(0, 0.0, 0.0, 0.0, Dict{String, Any}(""I"" => """", ""ARNAME"" => """", ""PTOL"" => """", ""PDES"" => """", ""ISW"" => """"))"
gen-665,true,true,0.0,0.0,0.14123030836190936,"(min = 0.0, max = 0.025)","(min = -0.095, max = 0.139)","(up = 2.64e-5, down = 2.64e-5)","ThermalGenerationCost(CostCurve{LinearCurve}(LinearCurve(22.409643000000003, 554.685123), UnitSystem.NATURAL_UNITS = 2, LinearCurve(0.0, 0.0)), 0.0, 0.0, 0.0)",100.0,"(up = 12.0, down = 6.0)",false,ST,MUNICIPAL_WASTE,Service[],10000.0,,bus-713,713,"Area(0, 0.0, 0.0, 0.0, Dict{String, Any}(""I"" => """", ""ARNAME"" => """", ""PTOL"" => """", ""PDES"" => """", ""ISW"" => """"))"
gen-1226,true,true,0.698771615,0.0,1.0297288697141185,"(min = 0.0, max = 1.0)","(min = -0.143219355, max = 0.245645161)","(up = 0.002475, down = 0.002475)","ThermalGenerationCost(CostCurve{LinearCurve}(LinearCurve(15.1584724, 428.748492), UnitSystem.NATURAL_UNITS = 2, LinearCurve(0.0, 0.0)), 0.0, 0.0, 0.0)",100.0,"(up = 1.0, down = 1.0)",false,GT,NATURAL_GAS,Service[],10000.0,,bus-1855,1855,"Area(0, 0.0, 0.0, 0.0, Dict{String, Any}(""I"" => """", ""ARNAME"" => """", ""PTOL"" => """", ""PDES"" => """", ""ISW"" => """"))"
gen-1551,true,true,0.0,0.0,0.004,"(min = 0.0, max = 0.004)","(min = 0.0, max = 0.0)","(up = 0.0001, down = 0.0001)","ThermalGenerationCost(CostCurve{LinearCurve}(LinearCurve(24.5037276, 248.251086), UnitSystem.NATURAL_UNITS = 2, LinearCurve(0.0, 0.0)), 0.0, 0.0, 0.0)",100.0,"(up = 1.0, down = 1.0)",false,OT,NATURAL_GAS,Service[],10000.0,,bus-535,535,"Area(0, 0.0, 0.0, 0.0, Dict{String, Any}(""I"" => """", ""ARNAME"" => """", ""PTOL"" => """", ""PDES"" => """", ""ISW"" => """"))"
gen-657,true,true,0.0350002568,0.0,0.24812606699562204,"(min = 0.0, max = 0.035)","(min = -0.143219355, max = 0.245645161)","(up = 0.002475, down = 0.002475)","ThermalGenerationCost(CostCurve{LinearCurve}(LinearCurve(13.502241700000003, 315.964182), UnitSystem.NATURAL_UNITS = 2, LinearCurve(0.0, 0.0)), 0.0, 0.0, 0.0)",100.0,"(up = 1.0, down = 0.0)",false,GT,NATURAL_GAS,Service[],10000.0,,bus-1223,1223,"Area(0, 0.0, 0.0, 0.0, Dict{String, Any}(""I"" => """", ""ARNAME"" => """", ""PTOL"" => """", ""PDES"" => """", ""ISW"" => """"))"
gen-869,true,true,0.47000345099999996,0.0,0.5527938132794179,"(min = 0.0, max = 0.47)","(min = -0.157, max = 0.29100000000000004)","(up = 0.002475, down = 0.002475)","ThermalGenerationCost(CostCurve{LinearCurve}(LinearCurve(13.837247100000003, 289.246081), UnitSystem.NATURAL_UNITS = 2, LinearCurve(0.0, 0.0)), 0.0, 0.0, 0.0)",100.0,"(up = 1.0, down = 0.0)",false,GT,NATURAL_GAS,Service[],10000.0,,bus-1784,1784,"Area(0, 0.0, 0.0, 0.0, Dict{String, Any}(""I"" => """", ""ARNAME"" => """", ""PTOL"" => """", ""PDES"" => """", ""ISW"" => """"))"
gen-777,true,true,0.516471993,0.0,0.7314000273448176,"(min = 0.0, max = 0.585)","(min = -0.195, max = 0.439)","(up = 0.0001, down = 0.0001)","ThermalGenerationCost(CostCurve{LinearCurve}(LinearCurve(14.4848701, 297.332701), UnitSystem.NATURAL_UNITS = 2, LinearCurve(0.0, 0.0)), 0.0, 0.0, 0.0)",100.0,"(up = 1.0, down = 1.0)",false,OT,OTHER_GAS,Service[],10000.0,,bus-1703,1703,"Area(0, 0.0, 0.0, 0.0, Dict{String, Any}(""I"" => """", ""ARNAME"" => """", ""PTOL"" => """", ""PDES"" => """", ""ISW"" => """"))"
gen-650,true,true,0.0,0.0,0.23360103723846964,"(min = 0.0, max = 0.03)","(min = -0.13699999999999998, max = 0.231666667)","(up = 0.0001, down = 0.0001)","ThermalGenerationCost(CostCurve{LinearCurve}(LinearCurve(58.907, 173.53), UnitSystem.NATURAL_UNITS = 2, LinearCurve(0.0, 0.0)), 0.0, 0.0, 0.0)",100.0,"(up = 1.0, down = 1.0)",false,OT,MUNICIPAL_WASTE,Service[],10000.0,,bus-1614,1614,"Area(0, 0.0, 0.0, 0.0, Dict{String, Any}(""I"" => """", ""ARNAME"" => """", ""PTOL"" => """", ""PDES"" => """", ""ISW"" => """"))"
gen-900,true,true,0.112000826,0.0,0.11199999999999999,"(min = 0.0, max = 0.11199999999999999)","(min = 0.0, max = 0.0)","(up = 0.002475, down = 0.002475)","ThermalGenerationCost(CostCurve{LinearCurve}(LinearCurve(13.5372642, 318.861829), UnitSystem.NATURAL_UNITS = 2, LinearCurve(0.0, 0.0)), 0.0, 0.0, 0.0)",100.0,"(up = 1.0, down = 0.0)",false,GT,NATURAL_GAS,Service[],10000.0,,bus-7698,7698,"Area(0, 0.0, 0.0, 0.0, Dict{String, Any}(""I"" => """", ""ARNAME"" => """", ""PTOL"" => """", ""PDES"" => """", ""ISW"" => """"))"
gen-707,true,true,0.0600004421,0.0,0.25286665482565296,"(min = 0.0, max = 0.06)","(min = -0.143219355, max = 0.245645161)","(up = 0.002475, down = 0.002475)","ThermalGenerationCost(CostCurve{LinearCurve}(LinearCurve(11.6879263, 241.314681), UnitSystem.NATURAL_UNITS = 2, LinearCurve(0.0, 0.0)), 0.0, 0.0, 0.0)",100.0,"(up = 1.0, down = 0.0)",false,GT,NATURAL_GAS,Service[],10000.0,,bus-253,253,"Area(0, 0.0, 0.0, 0.0, Dict{String, Any}(""I"" => """", ""ARNAME"" => """", ""PTOL"" => """", ""PDES"" => """", ""ISW"" => """"))"
gen-2034,true,true,0.0,0.0,0.13935924798878618,"(min = 0.0, max = 0.01)","(min = -0.095, max = 0.139)","(up = 2.64e-5, down = 2.64e-5)","ThermalGenerationCost(CostCurve{LinearCurve}(LinearCurve(22.409643000000003, 554.685123), UnitSystem.NATURAL_UNITS = 2, LinearCurve(0.0, 0.0)), 0.0, 0.0, 0.0)",100.0,"(up = 12.0, down = 6.0)",false,ST,MUNICIPAL_WASTE,Service[],10000.0,,bus-319,319,"Area(0, 0.0, 0.0, 0.0, Dict{String, Any}(""I"" => """", ""ARNAME"" => """", ""PTOL"" => """", ""PDES"" => """", ""ISW"" => """"))"
gen-870,true,true,0.470003459,0.0,0.5527938132794179,"(min = 0.0, max = 0.47)","(min = -0.157, max = 0.29100000000000004)","(up = 0.002475, down = 0.002475)","ThermalGenerationCost(CostCurve{LinearCurve}(LinearCurve(13.9470129, 288.671124), UnitSystem.NATURAL_UNITS = 2, LinearCurve(0.0, 0.0)), 0.0, 0.0, 0.0)",100.0,"(up = 1.0, down = 0.0)",false,GT,NATURAL_GAS,Service[],10000.0,,bus-8032,8032,"Area(0, 0.0, 0.0, 0.0, Dict{String, Any}(""I"" => """", ""ARNAME"" => """", ""PTOL"" => """", ""PDES"" => """", ""ISW"" => """"))"
gen-1025,true,true,0.160001182,0.0,0.2,"(min = 0.0, max = 0.16)","(min = -0.05325, max = 0.12)","(up = 0.0001, down = 0.0001)","ThermalGenerationCost(CostCurve{LinearCurve}(LinearCurve(0.0, 0.0), UnitSystem.NATURAL_UNITS = 2, LinearCurve(0.0, 0.0)), 0.0, 0.0, 0.0)",100.0,"(up = 1000.0, down = 300.0)",false,OT,GEOTHERMAL,Service[],10000.0,,bus-181,181,"Area(0, 0.0, 0.0, 0.0, Dict{String, Any}(""I"" => """", ""ARNAME"" => """", ""PTOL"" => """", ""PDES"" => """", ""ISW"" => """"))"
gen-1299,true,true,0.0100000733,0.0,0.6157478744217383,"(min = 0.0, max = 0.01)","(min = -0.273666667, max = 0.615666667)","(up = 0.0001, down = 0.0001)","ThermalGenerationCost(CostCurve{LinearCurve}(LinearCurve(7.3428025, 22.7651352), UnitSystem.NATURAL_UNITS = 2, LinearCurve(0.0, 0.0)), 0.0, 0.0, 0.0)",100.0,"(up = 1.0, down = 1.0)",false,IC,NATURAL_GAS,Service[],10000.0,,bus-8790,8790,"Area(0, 0.0, 0.0, 0.0, Dict{String, Any}(""I"" => """", ""ARNAME"" => """", ""PTOL"" => """", ""PDES"" => """", ""ISW"" => """"))"
gen-621,true,true,0.021938911399999997,0.0,0.31177803823027034,"(min = 0.0, max = 0.192)","(min = -0.143219355, max = 0.245645161)","(up = 0.002475, down = 0.002475)","ThermalGenerationCost(CostCurve{LinearCurve}(LinearCurve(17.2716389, 135.454897), UnitSystem.NATURAL_UNITS = 2, LinearCurve(0.0, 0.0)), 0.0, 0.0, 0.0)",100.0,"(up = 1.0, down = 0.0)",false,GT,NATURAL_GAS,Service[],10000.0,,bus-1893,1893,"Area(0, 0.0, 0.0, 0.0, Dict{String, Any}(""I"" => """", ""ARNAME"" => """", ""PTOL"" => """", ""PDES"" => """", ""ISW"" => """"))"
gen-452,true,true,0.0,0.0,0.2638032010917419,"(min = 0.0, max = 0.188)","(min = -0.10325, max = 0.18506250000000002)","(up = 2.64e-5, down = 2.64e-5)","ThermalGenerationCost(CostCurve{LinearCurve}(LinearCurve(34.9221993, 113.70841), UnitSystem.NATURAL_UNITS = 2, LinearCurve(0.0, 0.0)), 0.0, 0.0, 0.0)",100.0,"(up = 12.0, down = 6.0)",false,ST,WOOD_WASTE_SOLIDS,Service[],10000.0,,bus-165,165,"Area(0, 0.0, 0.0, 0.0, Dict{String, Any}(""I"" => """", ""ARNAME"" => """", ""PTOL"" => """", ""PDES"" => """", ""ISW"" => """"))"
gen-1001,true,true,2.032015,0.0,2.3904194192651635,"(min = 0.0, max = 2.032)","(min = -0.677, max = 1.2590000000000001)","(up = 0.0014000000000000002, down = 0.0014000000000000002)","ThermalGenerationCost(CostCurve{LinearCurve}(LinearCurve(10.956217500000001, 1512.3587), UnitSystem.NATURAL_UNITS = 2, LinearCurve(0.0, 0.0)), 0.0, 0.0, 0.0)",100.0,"(up = 1.0, down = 1.0)",false,CT,NATURAL_GAS,Service[],10000.0,,bus-1595,1595,"Area(0, 0.0, 0.0, 0.0, Dict{String, Any}(""I"" => """", ""ARNAME"" => """", ""PTOL"" => """", ""PDES"" => """", ""ISW"" => """"))"
gen-567,true,true,0.0410002992,0.0,0.6136728301240074,"(min = 0.0, max = 0.040999999999999995)","(min = -0.358709497, max = 0.612301676)","(up = 0.0014000000000000002, down = 0.0014000000000000002)","ThermalGenerationCost(CostCurve{LinearCurve}(LinearCurve(15.236961, 1547.8861), UnitSystem.NATURAL_UNITS = 2, LinearCurve(0.0, 0.0)), 0.0, 0.0, 0.0)",100.0,"(up = 1.0, down = 0.0)",false,CT,NATURAL_GAS,Service[],10000.0,,bus-1118,1118,"Area(0, 0.0, 0.0, 0.0, Dict{String, Any}(""I"" => """", ""ARNAME"" => """", ""PTOL"" => """", ""PDES"" => """", ""ISW"" => """"))"
gen-451,true,true,0.0350002568,0.0,0.24812606699562204,"(min = 0.0, max = 0.035)","(min = -0.143219355, max = 0.245645161)","(up = 0.002475, down = 0.002475)","ThermalGenerationCost(CostCurve{LinearCurve}(LinearCurve(13.502241700000003, 315.964182), UnitSystem.NATURAL_UNITS = 2, LinearCurve(0.0, 0.0)), 0.0, 0.0, 0.0)",100.0,"(up = 1.0, down = 0.0)",false,GT,NATURAL_GAS,Service[],10000.0,,bus-1443,1443,"Area(0, 0.0, 0.0, 0.0, Dict{String, Any}(""I"" => """", ""ARNAME"" => """", ""PTOL"" => """", ""PDES"" => """", ""ISW"" => """"))"
gen-1682,true,true,0.698771617,0.0,1.3406959182166238,"(min = 0.0, max = 1.318)","(min = -0.143219355, max = 0.245645161)","(up = 0.002475, down = 0.002475)","ThermalGenerationCost(CostCurve{LinearCurve}(LinearCurve(15.1584724, 428.748492), UnitSystem.NATURAL_UNITS = 2, LinearCurve(0.0, 0.0)), 0.0, 0.0, 0.0)",100.0,"(up = 1.0, down = 1.0)",false,GT,NATURAL_GAS,Service[],10000.0,,bus-1056,1056,"Area(0, 0.0, 0.0, 0.0, Dict{String, Any}(""I"" => """", ""ARNAME"" => """", ""PTOL"" => """", ""PDES"" => """", ""ISW"" => """"))"
gen-2116,true,true,0.0,0.0,0.02,"(min = 0.0, max = 0.02)","(min = 0.0, max = 0.0)","(up = 0.0001, down = 0.0001)","ThermalGenerationCost(CostCurve{LinearCurve}(LinearCurve(24.5037276, 248.251086), UnitSystem.NATURAL_UNITS = 2, LinearCurve(0.0, 0.0)), 0.0, 0.0, 0.0)",100.0,"(up = 1.0, down = 1.0)",false,OT,NATURAL_GAS,Service[],10000.0,,bus-2154,2154,"Area(0, 0.0, 0.0, 0.0, Dict{String, Any}(""I"" => """", ""ARNAME"" => """", ""PTOL"" => """", ""PDES"" => """", ""ISW"" => """"))"
gen-774,true,true,0.030000219800000002,0.0,0.24747029139417104,"(min = 0.0, max = 0.03)","(min = -0.143219355, max = 0.245645161)","(up = 0.002475, down = 0.002475)","ThermalGenerationCost(CostCurve{LinearCurve}(LinearCurve(13.502241700000003, 315.964182), UnitSystem.NATURAL_UNITS = 2, LinearCurve(0.0, 0.0)), 0.0, 0.0, 0.0)",100.0,"(up = 1.0, down = 0.0)",false,GT,NATURAL_GAS,Service[],10000.0,,bus-1937,1937,"Area(0, 0.0, 0.0, 0.0, Dict{String, Any}(""I"" => """", ""ARNAME"" => """", ""PTOL"" => """", ""PDES"" => """", ""ISW"" => """"))"
gen-358,true,true,0.0,0.0,0.827856267718014,"(min = 0.0, max = 0.745)","(min = -0.248, max = 0.361)","(up = 0.0001, down = 0.0001)","ThermalGenerationCost(CostCurve{LinearCurve}(LinearCurve(43.2789605, 1721.38761), UnitSystem.NATURAL_UNITS = 2, LinearCurve(0.0, 0.0)), 0.0, 0.0, 0.0)",100.0,"(up = 1.0, down = 1.0)",false,IC,RESIDUAL_FUEL_OIL,Service[],10000.0,,bus-1610,1610,"Area(0, 0.0, 0.0, 0.0, Dict{String, Any}(""I"" => """", ""ARNAME"" => """", ""PTOL"" => """", ""PDES"" => """", ""ISW"" => """"))"
gen-1231,true,true,0.698771615,0.0,1.0297288697141185,"(min = 0.0, max = 1.0)","(min = -0.143219355, max = 0.245645161)","(up = 0.002475, down = 0.002475)","ThermalGenerationCost(CostCurve{LinearCurve}(LinearCurve(15.1584724, 428.748492), UnitSystem.NATURAL_UNITS = 2, LinearCurve(0.0, 0.0)), 0.0, 0.0, 0.0)",100.0,"(up = 1.0, down = 1.0)",false,GT,NATURAL_GAS,Service[],10000.0,,bus-1855,1855,"Area(0, 0.0, 0.0, 0.0, Dict{String, Any}(""I"" => """", ""ARNAME"" => """", ""PTOL"" => """", ""PDES"" => """", ""ISW"" => """"))"
gen-710,true,true,0.0350002568,0.0,0.24812606699562204,"(min = 0.0, max = 0.035)","(min = -0.143219355, max = 0.245645161)","(up = 0.002475, down = 0.002475)","ThermalGenerationCost(CostCurve{LinearCurve}(LinearCurve(13.502241700000003, 315.964182), UnitSystem.NATURAL_UNITS = 2, LinearCurve(0.0, 0.0)), 0.0, 0.0, 0.0)",100.0,"(up = 1.0, down = 0.0)",false,GT,NATURAL_GAS,Service[],10000.0,,bus-1686,1686,"Area(0, 0.0, 0.0, 0.0, Dict{String, Any}(""I"" => """", ""ARNAME"" => """", ""PTOL"" => """", ""PDES"" => """", ""ISW"" => """"))"
gen-558,true,true,0.028000205,0.0,0.24723580873877457,"(min = 0.0, max = 0.027999999999999997)","(min = -0.143219355, max = 0.245645161)","(up = 0.002475, down = 0.002475)","ThermalGenerationCost(CostCurve{LinearCurve}(LinearCurve(13.502241700000003, 315.964182), UnitSystem.NATURAL_UNITS = 2, LinearCurve(0.0, 0.0)), 0.0, 0.0, 0.0)",100.0,"(up = 1.0, down = 0.0)",false,GT,NATURAL_GAS,Service[],10000.0,,bus-344,344,"Area(0, 0.0, 0.0, 0.0, Dict{String, Any}(""I"" => """", ""ARNAME"" => """", ""PTOL"" => """", ""PDES"" => """", ""ISW"" => """"))"
gen-1452,true,true,0.048000351,0.0,0.6141802198316133,"(min = 0.0, max = 0.048)","(min = -0.358709497, max = 0.612301676)","(up = 0.0014000000000000002, down = 0.0014000000000000002)","ThermalGenerationCost(CostCurve{LinearCurve}(LinearCurve(15.236961, 1547.8861), UnitSystem.NATURAL_UNITS = 2, LinearCurve(0.0, 0.0)), 0.0, 0.0, 0.0)",100.0,"(up = 1.0, down = 0.0)",false,CT,NATURAL_GAS,Service[],10000.0,,bus-2324,2324,"Area(0, 0.0, 0.0, 0.0, Dict{String, Any}(""I"" => """", ""ARNAME"" => """", ""PTOL"" => """", ""PDES"" => """", ""ISW"" => """"))"
gen-182,true,true,0.0,0.0,0.5883026432033092,"(min = 0.0, max = 0.5)","(min = -0.16699999999999998, max = 0.31)","(up = 5.4000000000000005e-5, down = 5.4000000000000005e-5)","ThermalGenerationCost(CostCurve{LinearCurve}(LinearCurve(25.1702183, 164.808375), UnitSystem.NATURAL_UNITS = 2, LinearCurve(0.0, 0.0)), 0.0, 0.0, 0.0)",100.0,"(up = 2.0, down = 4.0)",false,ST,NATURAL_GAS,Service[],10000.0,,bus-1693,1693,"Area(0, 0.0, 0.0, 0.0, Dict{String, Any}(""I"" => """", ""ARNAME"" => """", ""PTOL"" => """", ""PDES"" => """", ""ISW"" => """"))"
gen-1277,true,true,0.0300002124,0.0,0.15297058540778355,"(min = 0.0, max = 0.03)","(min = -0.15, max = 0.15)","(up = 0.0014000000000000002, down = 0.0014000000000000002)","ThermalGenerationCost(CostCurve{LinearCurve}(LinearCurve(16.3717118, 401.19412), UnitSystem.NATURAL_UNITS = 2, LinearCurve(0.0, 0.0)), 0.0, 0.0, 0.0)",100.0,"(up = 1.0, down = 0.0)",false,CT,NATURAL_GAS,Service[],10000.0,,bus-1879,1879,"Area(0, 0.0, 0.0, 0.0, Dict{String, Any}(""I"" => """", ""ARNAME"" => """", ""PTOL"" => """", ""PDES"" => """", ""ISW"" => """"))"
gen-887,true,true,0.49000359000000004,0.0,0.5766420033261538,"(min = 0.0, max = 0.49)","(min = -0.163, max = 0.304)","(up = 0.002475, down = 0.002475)","ThermalGenerationCost(CostCurve{LinearCurve}(LinearCurve(14.6257853, 281.807954), UnitSystem.NATURAL_UNITS = 2, LinearCurve(0.0, 0.0)), 0.0, 0.0, 0.0)",100.0,"(up = 1.0, down = 0.0)",false,GT,NATURAL_GAS,Service[],10000.0,,bus-7707,7707,"Area(0, 0.0, 0.0, 0.0, Dict{String, Any}(""I"" => """", ""ARNAME"" => """", ""PTOL"" => """", ""PDES"" => """", ""ISW"" => """"))"
gen-949,true,true,0.0290002138,0.0,0.03625,"(min = 0.0, max = 0.028999999999999998)","(min = -0.0096875, max = 0.02175)","(up = 0.0001, down = 0.0001)","ThermalGenerationCost(CostCurve{LinearCurve}(LinearCurve(6.603144, 23.06084), UnitSystem.NATURAL_UNITS = 2, LinearCurve(0.0, 0.0)), 0.0, 0.0, 0.0)",100.0,"(up = 1.0, down = 1.0)",false,IC,NATURAL_GAS,Service[],10000.0,,bus-1399,1399,"Area(0, 0.0, 0.0, 0.0, Dict{String, Any}(""I"" => """", ""ARNAME"" => """", ""PTOL"" => """", ""PDES"" => """", ""ISW"" => """"))"
gen-699,true,true,0.0100000733,0.0,0.6157478744217383,"(min = 0.0, max = 0.01)","(min = -0.273666667, max = 0.615666667)","(up = 0.0001, down = 0.0001)","ThermalGenerationCost(CostCurve{LinearCurve}(LinearCurve(7.3428025, 22.7651352), UnitSystem.NATURAL_UNITS = 2, LinearCurve(0.0, 0.0)), 0.0, 0.0, 0.0)",100.0,"(up = 1.0, down = 1.0)",false,IC,NATURAL_GAS,Service[],10000.0,,bus-1333,1333,"Area(0, 0.0, 0.0, 0.0, Dict{String, Any}(""I"" => """", ""ARNAME"" => """", ""PTOL"" => """", ""PDES"" => """", ""ISW"" => """"))"
gen-730,true,true,0.0,0.0,0.1422005625867915,"(min = 0.0, max = 0.03)","(min = -0.095, max = 0.139)","(up = 2.64e-5, down = 2.64e-5)","ThermalGenerationCost(CostCurve{LinearCurve}(LinearCurve(22.409643000000003, 554.685123), UnitSystem.NATURAL_UNITS = 2, LinearCurve(0.0, 0.0)), 0.0, 0.0, 0.0)",100.0,"(up = 12.0, down = 6.0)",false,ST,MUNICIPAL_WASTE,Service[],10000.0,,bus-714,714,"Area(0, 0.0, 0.0, 0.0, Dict{String, Any}(""I"" => """", ""ARNAME"" => """", ""PTOL"" => """", ""PDES"" => """", ""ISW"" => """"))"
gen-655,true,true,0.0350002568,0.0,0.24812606699562204,"(min = 0.0, max = 0.035)","(min = -0.143219355, max = 0.245645161)","(up = 0.002475, down = 0.002475)","ThermalGenerationCost(CostCurve{LinearCurve}(LinearCurve(13.502241700000003, 315.964182), UnitSystem.NATURAL_UNITS = 2, LinearCurve(0.0, 0.0)), 0.0, 0.0, 0.0)",100.0,"(up = 1.0, down = 0.0)",false,GT,NATURAL_GAS,Service[],10000.0,,bus-1223,1223,"Area(0, 0.0, 0.0, 0.0, Dict{String, Any}(""I"" => """", ""ARNAME"" => """", ""PTOL"" => """", ""PDES"" => """", ""ISW"" => """"))"
gen-528,true,true,0.27500201,0.0,0.36303443362854715,"(min = 0.0, max = 0.275)","(min = -0.127, max = 0.237)","(up = 2.64e-5, down = 2.64e-5)","ThermalGenerationCost(CostCurve{LinearCurve}(LinearCurve(16.01, 79.9977839), UnitSystem.NATURAL_UNITS = 2, LinearCurve(0.0, 0.0)), 0.0, 0.0, 0.0)",100.0,"(up = 12.0, down = 6.0)",false,ST,COAL,Service[],10000.0,,bus-1019,1019,"Area(0, 0.0, 0.0, 0.0, Dict{String, Any}(""I"" => """", ""ARNAME"" => """", ""PTOL"" => """", ""PDES"" => """", ""ISW"" => """"))"
gen-866,true,true,0.0,0.0,0.23184142123203283,"(min = 0.0, max = 0.009000000000000001)","(min = -0.13699999999999998, max = 0.231666667)","(up = 0.0001, down = 0.0001)","ThermalGenerationCost(CostCurve{LinearCurve}(LinearCurve(58.907, 173.53), UnitSystem.NATURAL_UNITS = 2, LinearCurve(0.0, 0.0)), 0.0, 0.0, 0.0)",100.0,"(up = 1.0, down = 1.0)",false,OT,MUNICIPAL_WASTE,Service[],10000.0,,bus-2039,2039,"Area(0, 0.0, 0.0, 0.0, Dict{String, Any}(""I"" => """", ""ARNAME"" => """", ""PTOL"" => """", ""PDES"" => """", ""ISW"" => """"))"
gen-884,true,true,0.45000332200000004,0.0,0.5294723788829782,"(min = 0.0, max = 0.45)","(min = -0.15, max = 0.27899999999999997)","(up = 0.0014000000000000002, down = 0.0014000000000000002)","ThermalGenerationCost(CostCurve{LinearCurve}(LinearCurve(13.5754577, 314.917371), UnitSystem.NATURAL_UNITS = 2, LinearCurve(0.0, 0.0)), 0.0, 0.0, 0.0)",100.0,"(up = 1.0, down = 0.0)",false,CT,NATURAL_GAS,Service[],10000.0,,bus-2300,2300,"Area(0, 0.0, 0.0, 0.0, Dict{String, Any}(""I"" => """", ""ARNAME"" => """", ""PTOL"" => """", ""PDES"" => """", ""ISW"" => """"))"
gen-628,true,true,0.10668558600000001,0.0,0.2927746573732091,"(min = 0.0, max = 0.249)","(min = -0.083, max = 0.154)","(up = 0.002475, down = 0.002475)","ThermalGenerationCost(CostCurve{LinearCurve}(LinearCurve(15.2973842, 142.358645), UnitSystem.NATURAL_UNITS = 2, LinearCurve(0.0, 0.0)), 0.0, 0.0, 0.0)",100.0,"(up = 1.0, down = 0.0)",false,GT,NATURAL_GAS,Service[],10000.0,,bus-239,239,"Area(0, 0.0, 0.0, 0.0, Dict{String, Any}(""I"" => """", ""ARNAME"" => """", ""PTOL"" => """", ""PDES"" => """", ""ISW"" => """"))"
gen-813,true,true,0.475003509,0.0,0.5586242028412303,"(min = 0.0, max = 0.475)","(min = -0.158, max = 0.294)","(up = 0.0001, down = 0.0001)","ThermalGenerationCost(CostCurve{LinearCurve}(LinearCurve(0.0, 0.0), UnitSystem.NATURAL_UNITS = 2, LinearCurve(0.0, 0.0)), 0.0, 0.0, 0.0)",100.0,"(up = 1000.0, down = 300.0)",false,OT,GEOTHERMAL,Service[],10000.0,,bus-1707,1707,"Area(0, 0.0, 0.0, 0.0, Dict{String, Any}(""I"" => """", ""ARNAME"" => """", ""PTOL"" => """", ""PDES"" => """", ""ISW"" => """"))"
gen-1417,true,true,0.0450003307,0.0,0.2497329476114754,"(min = 0.0, max = 0.045)","(min = -0.143219355, max = 0.245645161)","(up = 0.002475, down = 0.002475)","ThermalGenerationCost(CostCurve{LinearCurve}(LinearCurve(13.502241700000003, 315.964182), UnitSystem.NATURAL_UNITS = 2, LinearCurve(0.0, 0.0)), 0.0, 0.0, 0.0)",100.0,"(up = 1.0, down = 0.0)",false,GT,NATURAL_GAS,Service[],10000.0,,bus-227,227,"Area(0, 0.0, 0.0, 0.0, Dict{String, Any}(""I"" => """", ""ARNAME"" => """", ""PTOL"" => """", ""PDES"" => """", ""ISW"" => """"))"
gen-466,true,true,0.0480003529,0.0,0.25029092097540395,"(min = 0.0, max = 0.048)","(min = -0.143219355, max = 0.245645161)","(up = 0.002475, down = 0.002475)","ThermalGenerationCost(CostCurve{LinearCurve}(LinearCurve(13.502241700000003, 315.964182), UnitSystem.NATURAL_UNITS = 2, LinearCurve(0.0, 0.0)), 0.0, 0.0, 0.0)",100.0,"(up = 1.0, down = 0.0)",false,GT,NATURAL_GAS,Service[],10000.0,,bus-8199,8199,"Area(0, 0.0, 0.0, 0.0, Dict{String, Any}(""I"" => """", ""ARNAME"" => """", ""PTOL"" => """", ""PDES"" => """", ""ISW"" => """"))"
gen-888,true,true,0.45000332200000004,0.0,0.45,"(min = 0.0, max = 0.45)","(min = 0.0, max = 0.0)","(up = 0.002475, down = 0.002475)","ThermalGenerationCost(CostCurve{LinearCurve}(LinearCurve(13.5866207, 314.719718), UnitSystem.NATURAL_UNITS = 2, LinearCurve(0.0, 0.0)), 0.0, 0.0, 0.0)",100.0,"(up = 1.0, down = 0.0)",false,GT,NATURAL_GAS,Service[],10000.0,,bus-1821,1821,"Area(0, 0.0, 0.0, 0.0, Dict{String, Any}(""I"" => """", ""ARNAME"" => """", ""PTOL"" => """", ""PDES"" => """", ""ISW"" => """"))"
gen-394,true,true,0.08400062,0.0,0.6213706179526747,"(min = 0.0, max = 0.084)","(min = -0.273666667, max = 0.615666667)","(up = 0.0001, down = 0.0001)","ThermalGenerationCost(CostCurve{LinearCurve}(LinearCurve(6.603145, 74.6992503), UnitSystem.NATURAL_UNITS = 2, LinearCurve(0.0, 0.0)), 0.0, 0.0, 0.0)",100.0,"(up = 1.0, down = 1.0)",false,IC,NATURAL_GAS,Service[],10000.0,,bus-1801,1801,"Area(0, 0.0, 0.0, 0.0, Dict{String, Any}(""I"" => """", ""ARNAME"" => """", ""PTOL"" => """", ""PDES"" => """", ""ISW"" => """"))"
gen-1061,true,true,0.500003647,0.0,0.5570830684222201,"(min = 0.0, max = 0.5)","(min = -0.143219355, max = 0.245645161)","(up = 0.002475, down = 0.002475)","ThermalGenerationCost(CostCurve{LinearCurve}(LinearCurve(14.5116537, 283.573452), UnitSystem.NATURAL_UNITS = 2, LinearCurve(0.0, 0.0)), 0.0, 0.0, 0.0)",100.0,"(up = 1.0, down = 0.0)",false,GT,NATURAL_GAS,Service[],10000.0,,bus-2365,2365,"Area(0, 0.0, 0.0, 0.0, Dict{String, Any}(""I"" => """", ""ARNAME"" => """", ""PTOL"" => """", ""PDES"" => """", ""ISW"" => """"))"
gen-1297,true,true,0.0570004021,0.0,0.27086535400453116,"(min = 0.0, max = 0.057)","(min = -0.131, max = 0.2648)","(up = 0.0001, down = 0.0001)","ThermalGenerationCost(CostCurve{LinearCurve}(LinearCurve(16.3717119, 243.095114), UnitSystem.NATURAL_UNITS = 2, LinearCurve(0.0, 0.0)), 0.0, 0.0, 0.0)",100.0,"(up = 1.0, down = 1.0)",false,OT,OTHER_GAS,Service[],10000.0,,bus-559,559,"Area(0, 0.0, 0.0, 0.0, Dict{String, Any}(""I"" => """", ""ARNAME"" => """", ""PTOL"" => """", ""PDES"" => """", ""ISW"" => """"))"
gen-1435,true,true,0.0,0.0,0.13901438774457847,"(min = 0.0, max = 0.002)","(min = -0.095, max = 0.139)","(up = 2.64e-5, down = 2.64e-5)","ThermalGenerationCost(CostCurve{LinearCurve}(LinearCurve(22.409643000000003, 554.685123), UnitSystem.NATURAL_UNITS = 2, LinearCurve(0.0, 0.0)), 0.0, 0.0, 0.0)",100.0,"(up = 12.0, down = 6.0)",false,ST,MUNICIPAL_WASTE,Service[],10000.0,,bus-1006,1006,"Area(0, 0.0, 0.0, 0.0, Dict{String, Any}(""I"" => """", ""ARNAME"" => """", ""PTOL"" => """", ""PDES"" => """", ""ISW"" => """"))"
gen-446,true,true,0.0,0.0,0.13923002549737612,"(min = 0.0, max = 0.008)","(min = -0.095, max = 0.139)","(up = 2.64e-5, down = 2.64e-5)","ThermalGenerationCost(CostCurve{LinearCurve}(LinearCurve(22.409643000000003, 554.685123), UnitSystem.NATURAL_UNITS = 2, LinearCurve(0.0, 0.0)), 0.0, 0.0, 0.0)",100.0,"(up = 12.0, down = 6.0)",false,ST,MUNICIPAL_WASTE,Service[],10000.0,,bus-1056,1056,"Area(0, 0.0, 0.0, 0.0, Dict{String, Any}(""I"" => """", ""ARNAME"" => """", ""PTOL"" => """", ""PDES"" => """", ""ISW"" => """"))"
gen-2060,true,true,0.0,0.0,0.01,"(min = 0.0, max = 0.01)","(min = 0.0, max = 0.0)","(up = 0.0001, down = 0.0001)","ThermalGenerationCost(CostCurve{LinearCurve}(LinearCurve(24.5037276, 248.251086), UnitSystem.NATURAL_UNITS = 2, LinearCurve(0.0, 0.0)), 0.0, 0.0, 0.0)",100.0,"(up = 1.0, down = 1.0)",false,OT,NATURAL_GAS,Service[],10000.0,,bus-1537,1537,"Area(0, 0.0, 0.0, 0.0, Dict{String, Any}(""I"" => """", ""ARNAME"" => """", ""PTOL"" => """", ""PDES"" => """", ""ISW"" => """"))"
gen-412,true,true,0.0,0.0,0.075,"(min = 0.0, max = 0.06)","(min = -0.02, max = 0.045)","(up = 0.0001, down = 0.0001)","ThermalGenerationCost(CostCurve{LinearCurve}(LinearCurve(25.05, 57.6), UnitSystem.NATURAL_UNITS = 2, LinearCurve(0.0, 0.0)), 0.0, 0.0, 0.0)",100.0,"(up = 1.0, down = 1.0)",false,IC,RESIDUAL_FUEL_OIL,Service[],10000.0,,bus-552,552,"Area(0, 0.0, 0.0, 0.0, Dict{String, Any}(""I"" => """", ""ARNAME"" => """", ""PTOL"" => """", ""PDES"" => """", ""ISW"" => """"))"
gen-403,true,true,0.40000295399999997,0.0,0.5,"(min = 0.0, max = 0.4)","(min = -0.133, max = 0.3)","(up = 0.0014000000000000002, down = 0.0014000000000000002)","ThermalGenerationCost(CostCurve{LinearCurve}(LinearCurve(7.89566926, 443.628589), UnitSystem.NATURAL_UNITS = 2, LinearCurve(0.0, 0.0)), 0.0, 0.0, 0.0)",100.0,"(up = 1.0, down = 0.0)",false,CT,NATURAL_GAS,Service[],10000.0,,bus-1499,1499,"Area(0, 0.0, 0.0, 0.0, Dict{String, Any}(""I"" => """", ""ARNAME"" => """", ""PTOL"" => """", ""PDES"" => """", ""ISW"" => """"))"
gen-2107,true,true,0.0,0.0,0.003,"(min = 0.0, max = 0.003)","(min = 0.0, max = 0.0)","(up = 0.0001, down = 0.0001)","ThermalGenerationCost(CostCurve{LinearCurve}(LinearCurve(24.5037276, 248.251086), UnitSystem.NATURAL_UNITS = 2, LinearCurve(0.0, 0.0)), 0.0, 0.0, 0.0)",100.0,"(up = 1.0, down = 1.0)",false,OT,NATURAL_GAS,Service[],10000.0,,bus-1254,1254,"Area(0, 0.0, 0.0, 0.0, Dict{String, Any}(""I"" => """", ""ARNAME"" => """", ""PTOL"" => """", ""PDES"" => """", ""ISW"" => """"))"
gen-1546,true,true,0.0,0.0,0.23270892677095326,"(min = 0.0, max = 0.022000000000000002)","(min = -0.13699999999999998, max = 0.231666667)","(up = 0.0001, down = 0.0001)","ThermalGenerationCost(CostCurve{LinearCurve}(LinearCurve(58.907, 173.53), UnitSystem.NATURAL_UNITS = 2, LinearCurve(0.0, 0.0)), 0.0, 0.0, 0.0)",100.0,"(up = 1.0, down = 1.0)",false,OT,MUNICIPAL_WASTE,Service[],10000.0,,bus-8830,8830,"Area(0, 0.0, 0.0, 0.0, Dict{String, Any}(""I"" => """", ""ARNAME"" => """", ""PTOL"" => """", ""PDES"" => """", ""ISW"" => """"))"
gen-479,true,true,0.0,0.0,0.2071162207704892,"(min = 0.0, max = 0.09300000000000001)","(min = -0.10325, max = 0.18506250000000002)","(up = 2.64e-5, down = 2.64e-5)","ThermalGenerationCost(CostCurve{LinearCurve}(LinearCurve(34.6938271, 205.867441), UnitSystem.NATURAL_UNITS = 2, LinearCurve(0.0, 0.0)), 0.0, 0.0, 0.0)",100.0,"(up = 12.0, down = 6.0)",false,ST,WOOD_WASTE_SOLIDS,Service[],10000.0,,bus-1571,1571,"Area(0, 0.0, 0.0, 0.0, Dict{String, Any}(""I"" => """", ""ARNAME"" => """", ""PTOL"" => """", ""PDES"" => """", ""ISW"" => """"))"
gen-761,true,true,0.00600004363,0.0,0.6156959029057192,"(min = 0.0, max = 0.006)","(min = -0.273666667, max = 0.615666667)","(up = 0.0001, down = 0.0001)","ThermalGenerationCost(CostCurve{LinearCurve}(LinearCurve(7.3428025, 22.7651352), UnitSystem.NATURAL_UNITS = 2, LinearCurve(0.0, 0.0)), 0.0, 0.0, 0.0)",100.0,"(up = 1.0, down = 1.0)",false,IC,NATURAL_GAS,Service[],10000.0,,bus-446,446,"Area(0, 0.0, 0.0, 0.0, Dict{String, Any}(""I"" => """", ""ARNAME"" => """", ""PTOL"" => """", ""PDES"" => """", ""ISW"" => """"))"
gen-448,true,true,0.0,0.0,0.13923002549737612,"(min = 0.0, max = 0.008)","(min = -0.095, max = 0.139)","(up = 2.64e-5, down = 2.64e-5)","ThermalGenerationCost(CostCurve{LinearCurve}(LinearCurve(22.409643000000003, 554.685123), UnitSystem.NATURAL_UNITS = 2, LinearCurve(0.0, 0.0)), 0.0, 0.0, 0.0)",100.0,"(up = 12.0, down = 6.0)",false,ST,MUNICIPAL_WASTE,Service[],10000.0,,bus-1056,1056,"Area(0, 0.0, 0.0, 0.0, Dict{String, Any}(""I"" => """", ""ARNAME"" => """", ""PTOL"" => """", ""PDES"" => """", ""ISW"" => """"))"
gen-48,true,true,0.16700123300000003,0.0,0.2087333343829329,"(min = 0.0, max = 0.16699999999999998)","(min = -0.0556666667, max = 0.125222222)","(up = 0.0001, down = 0.0001)","ThermalGenerationCost(CostCurve{LinearCurve}(LinearCurve(6.603145, 74.6992503), UnitSystem.NATURAL_UNITS = 2, LinearCurve(0.0, 0.0)), 0.0, 0.0, 0.0)",100.0,"(up = 1.0, down = 1.0)",false,IC,NATURAL_GAS,Service[],10000.0,,bus-170,170,"Area(0, 0.0, 0.0, 0.0, Dict{String, Any}(""I"" => """", ""ARNAME"" => """", ""PTOL"" => """", ""PDES"" => """", ""ISW"" => """"))"
gen-404,true,true,0.425003137,0.0,0.745344445496449,"(min = 0.0, max = 0.425)","(min = -0.358709497, max = 0.612301676)","(up = 0.0014000000000000002, down = 0.0014000000000000002)","ThermalGenerationCost(CostCurve{LinearCurve}(LinearCurve(13.5754577, 314.917371), UnitSystem.NATURAL_UNITS = 2, LinearCurve(0.0, 0.0)), 0.0, 0.0, 0.0)",100.0,"(up = 1.0, down = 0.0)",false,CT,NATURAL_GAS,Service[],10000.0,,bus-1499,1499,"Area(0, 0.0, 0.0, 0.0, Dict{String, Any}(""I"" => """", ""ARNAME"" => """", ""PTOL"" => """", ""PDES"" => """", ""ISW"" => """"))"
gen-711,true,true,0.0350002568,0.0,0.24812606699562204,"(min = 0.0, max = 0.035)","(min = -0.143219355, max = 0.245645161)","(up = 0.002475, down = 0.002475)","ThermalGenerationCost(CostCurve{LinearCurve}(LinearCurve(13.502241700000003, 315.964182), UnitSystem.NATURAL_UNITS = 2, LinearCurve(0.0, 0.0)), 0.0, 0.0, 0.0)",100.0,"(up = 1.0, down = 0.0)",false,GT,NATURAL_GAS,Service[],10000.0,,bus-1686,1686,"Area(0, 0.0, 0.0, 0.0, Dict{String, Any}(""I"" => """", ""ARNAME"" => """", ""PTOL"" => """", ""PDES"" => """", ""ISW"" => """"))"
gen-597,true,true,0.820006055,0.0,0.9110482972927395,"(min = 0.0, max = 0.82)","(min = -0.273, max = 0.397)","(up = 0.0014000000000000002, down = 0.0014000000000000002)","ThermalGenerationCost(CostCurve{LinearCurve}(LinearCurve(7.67744915, 340.343109), UnitSystem.NATURAL_UNITS = 2, LinearCurve(0.0, 0.0)), 0.0, 0.0, 0.0)",100.0,"(up = 1.0, down = 0.0)",false,CT,NATURAL_GAS,Service[],10000.0,,bus-363,363,"Area(0, 0.0, 0.0, 0.0, Dict{String, Any}(""I"" => """", ""ARNAME"" => """", ""PTOL"" => """", ""PDES"" => """", ""ISW"" => """"))"
gen-715,true,true,0.0340002494,0.0,0.24798698579303696,"(min = 0.0, max = 0.034)","(min = -0.143219355, max = 0.245645161)","(up = 0.002475, down = 0.002475)","ThermalGenerationCost(CostCurve{LinearCurve}(LinearCurve(13.502241700000003, 315.964182), UnitSystem.NATURAL_UNITS = 2, LinearCurve(0.0, 0.0)), 0.0, 0.0, 0.0)",100.0,"(up = 1.0, down = 0.0)",false,GT,NATURAL_GAS,Service[],10000.0,,bus-253,253,"Area(0, 0.0, 0.0, 0.0, Dict{String, Any}(""I"" => """", ""ARNAME"" => """", ""PTOL"" => """", ""PDES"" => """", ""ISW"" => """"))"
gen-1591,true,true,0.0,0.0,0.13943457247038843,"(min = 0.0, max = 0.011000000000000001)","(min = -0.095, max = 0.139)","(up = 2.64e-5, down = 2.64e-5)","ThermalGenerationCost(CostCurve{LinearCurve}(LinearCurve(22.409643000000003, 554.685123), UnitSystem.NATURAL_UNITS = 2, LinearCurve(0.0, 0.0)), 0.0, 0.0, 0.0)",100.0,"(up = 12.0, down = 6.0)",false,ST,MUNICIPAL_WASTE,Service[],10000.0,,bus-7823,7823,"Area(0, 0.0, 0.0, 0.0, Dict{String, Any}(""I"" => """", ""ARNAME"" => """", ""PTOL"" => """", ""PDES"" => """", ""ISW"" => """"))"
gen-539,true,true,0.21600159600000002,0.0,0.24016869071550523,"(min = 0.0, max = 0.21600000000000003)","(min = -0.07200000000000001, max = 0.105)","(up = 0.0001, down = 0.0001)","ThermalGenerationCost(CostCurve{LinearCurve}(LinearCurve(0.0, 0.0), UnitSystem.NATURAL_UNITS = 2, LinearCurve(0.0, 0.0)), 0.0, 0.0, 0.0)",100.0,"(up = 1000.0, down = 300.0)",false,OT,GEOTHERMAL,Service[],10000.0,,bus-1717,1717,"Area(0, 0.0, 0.0, 0.0, Dict{String, Any}(""I"" => """", ""ARNAME"" => """", ""PTOL"" => """", ""PDES"" => """", ""ISW"" => """"))"
gen-156,true,true,0.0,0.0,9.482279525514949,"(min = 0.0, max = 8.06)","(min = -2.687, max = 4.995)","(up = 5.4000000000000005e-5, down = 5.4000000000000005e-5)","ThermalGenerationCost(CostCurve{LinearCurve}(LinearCurve(19.79, 2076.3), UnitSystem.NATURAL_UNITS = 2, LinearCurve(0.0, 0.0)), 0.0, 0.0, 0.0)",100.0,"(up = 2.0, down = 4.0)",false,ST,NATURAL_GAS,Service[],10000.0,,bus-1483,1483,"Area(0, 0.0, 0.0, 0.0, Dict{String, Any}(""I"" => """", ""ARNAME"" => """", ""PTOL"" => """", ""PDES"" => """", ""ISW"" => """"))"
gen-630,true,true,0.10624254000000001,0.0,0.2927746573732091,"(min = 0.0, max = 0.249)","(min = -0.083, max = 0.154)","(up = 0.002475, down = 0.002475)","ThermalGenerationCost(CostCurve{LinearCurve}(LinearCurve(15.235242, 144.635755), UnitSystem.NATURAL_UNITS = 2, LinearCurve(0.0, 0.0)), 0.0, 0.0, 0.0)",100.0,"(up = 1.0, down = 0.0)",false,GT,NATURAL_GAS,Service[],10000.0,,bus-1666,1666,"Area(0, 0.0, 0.0, 0.0, Dict{String, Any}(""I"" => """", ""ARNAME"" => """", ""PTOL"" => """", ""PDES"" => """", ""ISW"" => """"))"
gen-553,true,true,0.300002216,0.0,0.32744353947912497,"(min = 0.0, max = 0.3)","(min = -0.0760444444, max = 0.131222222)","(up = 0.0001, down = 0.0001)","ThermalGenerationCost(CostCurve{LinearCurve}(LinearCurve(0.0, 0.0), UnitSystem.NATURAL_UNITS = 2, LinearCurve(0.0, 0.0)), 0.0, 0.0, 0.0)",100.0,"(up = 1000.0, down = 300.0)",false,OT,GEOTHERMAL,Service[],10000.0,,bus-1659,1659,"Area(0, 0.0, 0.0, 0.0, Dict{String, Any}(""I"" => """", ""ARNAME"" => """", ""PTOL"" => """", ""PDES"" => """", ""ISW"" => """"))"
gen-221,true,true,1.8280135000000002,0.0,2.150644787034809,"(min = 0.0, max = 1.828)","(min = -0.609, max = 1.133)","(up = 0.0014000000000000002, down = 0.0014000000000000002)","ThermalGenerationCost(CostCurve{LinearCurve}(LinearCurve(10.436742900000002, 1415.75836), UnitSystem.NATURAL_UNITS = 2, LinearCurve(0.0, 0.0)), 0.0, 0.0, 0.0)",100.0,"(up = 1.0, down = 1.0)",false,CT,NATURAL_GAS,Service[],10000.0,,bus-2401,2401,"Area(0, 0.0, 0.0, 0.0, Dict{String, Any}(""I"" => """", ""ARNAME"" => """", ""PTOL"" => """", ""PDES"" => """", ""ISW"" => """"))"
gen-490,true,true,0.021938910800000003,0.0,0.2959164495642578,"(min = 0.0, max = 0.165)","(min = -0.143219355, max = 0.245645161)","(up = 0.002475, down = 0.002475)","ThermalGenerationCost(CostCurve{LinearCurve}(LinearCurve(17.2716389, 135.454897), UnitSystem.NATURAL_UNITS = 2, LinearCurve(0.0, 0.0)), 0.0, 0.0, 0.0)",100.0,"(up = 1.0, down = 0.0)",false,GT,NATURAL_GAS,Service[],10000.0,,bus-1016,1016,"Area(0, 0.0, 0.0, 0.0, Dict{String, Any}(""I"" => """", ""ARNAME"" => """", ""PTOL"" => """", ""PDES"" => """", ""ISW"" => """"))"
gen-1305,true,true,0.0,0.0,0.1422005625867915,"(min = 0.0, max = 0.03)","(min = -0.095, max = 0.139)","(up = 2.64e-5, down = 2.64e-5)","ThermalGenerationCost(CostCurve{LinearCurve}(LinearCurve(22.409643000000003, 554.685123), UnitSystem.NATURAL_UNITS = 2, LinearCurve(0.0, 0.0)), 0.0, 0.0, 0.0)",100.0,"(up = 12.0, down = 6.0)",false,ST,MUNICIPAL_WASTE,Service[],10000.0,,bus-1879,1879,"Area(0, 0.0, 0.0, 0.0, Dict{String, Any}(""I"" => """", ""ARNAME"" => """", ""PTOL"" => """", ""PDES"" => """", ""ISW"" => """"))"
gen-575,true,true,0.482003532,0.0,0.5672080746956976,"(min = 0.0, max = 0.48200000000000004)","(min = -0.161, max = 0.299)","(up = 0.002475, down = 0.002475)","ThermalGenerationCost(CostCurve{LinearCurve}(LinearCurve(14.906425500000001, 279.439595), UnitSystem.NATURAL_UNITS = 2, LinearCurve(0.0, 0.0)), 0.0, 0.0, 0.0)",100.0,"(up = 1.0, down = 0.0)",false,GT,NATURAL_GAS,Service[],10000.0,,bus-1692,1692,"Area(0, 0.0, 0.0, 0.0, Dict{String, Any}(""I"" => """", ""ARNAME"" => """", ""PTOL"" => """", ""PDES"" => """", ""ISW"" => """"))"
gen-1062,true,true,0.500003647,0.0,0.5570830684222201,"(min = 0.0, max = 0.5)","(min = -0.143219355, max = 0.245645161)","(up = 0.002475, down = 0.002475)","ThermalGenerationCost(CostCurve{LinearCurve}(LinearCurve(14.5116537, 283.573452), UnitSystem.NATURAL_UNITS = 2, LinearCurve(0.0, 0.0)), 0.0, 0.0, 0.0)",100.0,"(up = 1.0, down = 0.0)",false,GT,NATURAL_GAS,Service[],10000.0,,bus-2365,2365,"Area(0, 0.0, 0.0, 0.0, Dict{String, Any}(""I"" => """", ""ARNAME"" => """", ""PTOL"" => """", ""PDES"" => """", ""ISW"" => """"))"
gen-392,true,true,0.08400062,0.0,0.6213706179526747,"(min = 0.0, max = 0.084)","(min = -0.273666667, max = 0.615666667)","(up = 0.0001, down = 0.0001)","ThermalGenerationCost(CostCurve{LinearCurve}(LinearCurve(6.603145, 74.6992503), UnitSystem.NATURAL_UNITS = 2, LinearCurve(0.0, 0.0)), 0.0, 0.0, 0.0)",100.0,"(up = 1.0, down = 1.0)",false,IC,NATURAL_GAS,Service[],10000.0,,bus-1801,1801,"Area(0, 0.0, 0.0, 0.0, Dict{String, Any}(""I"" => """", ""ARNAME"" => """", ""PTOL"" => """", ""PDES"" => """", ""ISW"" => """"))"
gen-1037,true,true,0.0,0.0,0.2324444978890421,"(min = 0.0, max = 0.019)","(min = -0.13699999999999998, max = 0.231666667)","(up = 0.0001, down = 0.0001)","ThermalGenerationCost(CostCurve{LinearCurve}(LinearCurve(58.907, 173.53), UnitSystem.NATURAL_UNITS = 2, LinearCurve(0.0, 0.0)), 0.0, 0.0, 0.0)",100.0,"(up = 1.0, down = 1.0)",false,OT,MUNICIPAL_WASTE,Service[],10000.0,,bus-1199,1199,"Area(0, 0.0, 0.0, 0.0, Dict{String, Any}(""I"" => """", ""ARNAME"" => """", ""PTOL"" => """", ""PDES"" => """", ""ISW"" => """"))"
gen-402,true,true,0.13039466,0.0,0.3152459357390671,"(min = 0.0, max = 0.268)","(min = -0.08900000000000001, max = 0.166)","(up = 0.0014000000000000002, down = 0.0014000000000000002)","ThermalGenerationCost(CostCurve{LinearCurve}(LinearCurve(16.3717118, 273.739392), UnitSystem.NATURAL_UNITS = 2, LinearCurve(0.0, 0.0)), 0.0, 0.0, 0.0)",100.0,"(up = 1.0, down = 0.0)",false,CT,NATURAL_GAS,Service[],10000.0,,bus-1499,1499,"Area(0, 0.0, 0.0, 0.0, Dict{String, Any}(""I"" => """", ""ARNAME"" => """", ""PTOL"" => """", ""PDES"" => """", ""ISW"" => """"))"
gen-1785,true,true,0.0,0.0,0.23509454395814652,"(min = 0.0, max = 0.04)","(min = -0.13699999999999998, max = 0.231666667)","(up = 0.0001, down = 0.0001)","ThermalGenerationCost(CostCurve{LinearCurve}(LinearCurve(58.907, 173.53), UnitSystem.NATURAL_UNITS = 2, LinearCurve(0.0, 0.0)), 0.0, 0.0, 0.0)",100.0,"(up = 1.0, down = 1.0)",false,OT,MUNICIPAL_WASTE,Service[],10000.0,,bus-1264,1264,"Area(0, 0.0, 0.0, 0.0, Dict{String, Any}(""I"" => """", ""ARNAME"" => """", ""PTOL"" => """", ""PDES"" => """", ""ISW"" => """"))"
gen-1728,true,true,0.0,0.0,0.2325283737501488,"(min = 0.0, max = 0.02)","(min = -0.13699999999999998, max = 0.231666667)","(up = 0.0001, down = 0.0001)","ThermalGenerationCost(CostCurve{LinearCurve}(LinearCurve(58.907, 173.53), UnitSystem.NATURAL_UNITS = 2, LinearCurve(0.0, 0.0)), 0.0, 0.0, 0.0)",100.0,"(up = 1.0, down = 1.0)",false,OT,MUNICIPAL_WASTE,Service[],10000.0,,bus-582,582,"Area(0, 0.0, 0.0, 0.0, Dict{String, Any}(""I"" => """", ""ARNAME"" => """", ""PTOL"" => """", ""PDES"" => """", ""ISW"" => """"))"
gen-738,true,true,0.0770487614,0.0,0.2710350530835449,"(min = 0.0, max = 0.244)","(min = -0.081, max = 0.11800000000000001)","(up = 0.002475, down = 0.002475)","ThermalGenerationCost(CostCurve{LinearCurve}(LinearCurve(16.0912893, 141.739131), UnitSystem.NATURAL_UNITS = 2, LinearCurve(0.0, 0.0)), 0.0, 0.0, 0.0)",100.0,"(up = 1.0, down = 0.0)",false,GT,NATURAL_GAS,Service[],10000.0,,bus-1924,1924,"Area(0, 0.0, 0.0, 0.0, Dict{String, Any}(""I"" => """", ""ARNAME"" => """", ""PTOL"" => """", ""PDES"" => """", ""ISW"" => """"))"
gen-1442,true,true,0.00300002069,0.0,0.24566347942402006,"(min = 0.0, max = 0.003)","(min = -0.143219355, max = 0.245645161)","(up = 0.002475, down = 0.002475)","ThermalGenerationCost(CostCurve{LinearCurve}(LinearCurve(13.502241700000003, 315.964182), UnitSystem.NATURAL_UNITS = 2, LinearCurve(0.0, 0.0)), 0.0, 0.0, 0.0)",100.0,"(up = 1.0, down = 0.0)",false,GT,NATURAL_GAS,Service[],10000.0,,bus-8314,8314,"Area(0, 0.0, 0.0, 0.0, Dict{String, Any}(""I"" => """", ""ARNAME"" => """", ""PTOL"" => """", ""PDES"" => """", ""ISW"" => """"))"
gen-906,true,true,0.47000346200000004,0.0,0.5527938132794179,"(min = 0.0, max = 0.47)","(min = -0.157, max = 0.29100000000000004)","(up = 0.002475, down = 0.002475)","ThermalGenerationCost(CostCurve{LinearCurve}(LinearCurve(14.4849898, 284.202107), UnitSystem.NATURAL_UNITS = 2, LinearCurve(0.0, 0.0)), 0.0, 0.0, 0.0)",100.0,"(up = 1.0, down = 0.0)",false,GT,NATURAL_GAS,Service[],10000.0,,bus-1596,1596,"Area(0, 0.0, 0.0, 0.0, Dict{String, Any}(""I"" => """", ""ARNAME"" => """", ""PTOL"" => """", ""PDES"" => """", ""ISW"" => """"))"
gen-478,true,true,0.0520003806,0.0,0.6145057708698991,"(min = 0.0, max = 0.052000000000000005)","(min = -0.358709497, max = 0.612301676)","(up = 0.0014000000000000002, down = 0.0014000000000000002)","ThermalGenerationCost(CostCurve{LinearCurve}(LinearCurve(15.236961, 1547.8861), UnitSystem.NATURAL_UNITS = 2, LinearCurve(0.0, 0.0)), 0.0, 0.0, 0.0)",100.0,"(up = 1.0, down = 0.0)",false,CT,NATURAL_GAS,Service[],10000.0,,bus-1699,1699,"Area(0, 0.0, 0.0, 0.0, Dict{String, Any}(""I"" => """", ""ARNAME"" => """", ""PTOL"" => """", ""PDES"" => """", ""ISW"" => """"))"
gen-2042,true,true,0.0,0.0,0.01,"(min = 0.0, max = 0.01)","(min = 0.0, max = 0.0)","(up = 0.0001, down = 0.0001)","ThermalGenerationCost(CostCurve{LinearCurve}(LinearCurve(24.5037276, 248.251086), UnitSystem.NATURAL_UNITS = 2, LinearCurve(0.0, 0.0)), 0.0, 0.0, 0.0)",100.0,"(up = 1.0, down = 1.0)",false,OT,NATURAL_GAS,Service[],10000.0,,bus-2367,2367,"Area(0, 0.0, 0.0, 0.0, Dict{String, Any}(""I"" => """", ""ARNAME"" => """", ""PTOL"" => """", ""PDES"" => """", ""ISW"" => """"))"
gen-395,true,true,0.08400062,0.0,0.6213706179526747,"(min = 0.0, max = 0.084)","(min = -0.273666667, max = 0.615666667)","(up = 0.0001, down = 0.0001)","ThermalGenerationCost(CostCurve{LinearCurve}(LinearCurve(6.603145, 74.6992503), UnitSystem.NATURAL_UNITS = 2, LinearCurve(0.0, 0.0)), 0.0, 0.0, 0.0)",100.0,"(up = 1.0, down = 1.0)",false,IC,NATURAL_GAS,Service[],10000.0,,bus-1801,1801,"Area(0, 0.0, 0.0, 0.0, Dict{String, Any}(""I"" => """", ""ARNAME"" => """", ""PTOL"" => """", ""PDES"" => """", ""ISW"" => """"))"
gen-391,true,true,0.605004468,0.0,0.7117935093831638,"(min = 0.0, max = 0.605)","(min = -0.20199999999999999, max = 0.375)","(up = 0.0014000000000000002, down = 0.0014000000000000002)","ThermalGenerationCost(CostCurve{LinearCurve}(LinearCurve(7.47471435, 628.261588), UnitSystem.NATURAL_UNITS = 2, LinearCurve(0.0, 0.0)), 0.0, 0.0, 0.0)",100.0,"(up = 1.0, down = 0.0)",false,CT,NATURAL_GAS,Service[],10000.0,,bus-1801,1801,"Area(0, 0.0, 0.0, 0.0, Dict{String, Any}(""I"" => """", ""ARNAME"" => """", ""PTOL"" => """", ""PDES"" => """", ""ISW"" => """"))"
gen-658,true,true,0.0350002568,0.0,0.24812606699562204,"(min = 0.0, max = 0.035)","(min = -0.143219355, max = 0.245645161)","(up = 0.002475, down = 0.002475)","ThermalGenerationCost(CostCurve{LinearCurve}(LinearCurve(13.502241700000003, 315.964182), UnitSystem.NATURAL_UNITS = 2, LinearCurve(0.0, 0.0)), 0.0, 0.0, 0.0)",100.0,"(up = 1.0, down = 0.0)",false,GT,NATURAL_GAS,Service[],10000.0,,bus-1223,1223,"Area(0, 0.0, 0.0, 0.0, Dict{String, Any}(""I"" => """", ""ARNAME"" => """", ""PTOL"" => """", ""PDES"" => """", ""ISW"" => """"))"
gen-2041,true,true,0.0,0.0,0.01,"(min = 0.0, max = 0.01)","(min = 0.0, max = 0.0)","(up = 0.0001, down = 0.0001)","ThermalGenerationCost(CostCurve{LinearCurve}(LinearCurve(24.5037276, 248.251086), UnitSystem.NATURAL_UNITS = 2, LinearCurve(0.0, 0.0)), 0.0, 0.0, 0.0)",100.0,"(up = 1.0, down = 1.0)",false,OT,NATURAL_GAS,Service[],10000.0,,bus-2367,2367,"Area(0, 0.0, 0.0, 0.0, Dict{String, Any}(""I"" => """", ""ARNAME"" => """", ""PTOL"" => """", ""PDES"" => """", ""ISW"" => """"))"
gen-717,true,true,0.0340002494,0.0,0.24798698579303696,"(min = 0.0, max = 0.034)","(min = -0.143219355, max = 0.245645161)","(up = 0.002475, down = 0.002475)","ThermalGenerationCost(CostCurve{LinearCurve}(LinearCurve(13.502241700000003, 315.964182), UnitSystem.NATURAL_UNITS = 2, LinearCurve(0.0, 0.0)), 0.0, 0.0, 0.0)",100.0,"(up = 1.0, down = 0.0)",false,GT,NATURAL_GAS,Service[],10000.0,,bus-112,112,"Area(0, 0.0, 0.0, 0.0, Dict{String, Any}(""I"" => """", ""ARNAME"" => """", ""PTOL"" => """", ""PDES"" => """", ""ISW"" => """"))"
gen-1531,true,true,0.0,0.0,0.2361894252478059,"(min = 0.0, max = 0.046)","(min = -0.13699999999999998, max = 0.231666667)","(up = 0.0001, down = 0.0001)","ThermalGenerationCost(CostCurve{LinearCurve}(LinearCurve(58.907, 173.53), UnitSystem.NATURAL_UNITS = 2, LinearCurve(0.0, 0.0)), 0.0, 0.0, 0.0)",100.0,"(up = 1.0, down = 1.0)",false,OT,MUNICIPAL_WASTE,Service[],10000.0,,bus-8832,8832,"Area(0, 0.0, 0.0, 0.0, Dict{String, Any}(""I"" => """", ""ARNAME"" => """", ""PTOL"" => """", ""PDES"" => """", ""ISW"" => """"))"
gen-551,true,true,0.300002216,0.0,0.32744353947912497,"(min = 0.0, max = 0.3)","(min = -0.0760444444, max = 0.131222222)","(up = 0.0001, down = 0.0001)","ThermalGenerationCost(CostCurve{LinearCurve}(LinearCurve(0.0, 0.0), UnitSystem.NATURAL_UNITS = 2, LinearCurve(0.0, 0.0)), 0.0, 0.0, 0.0)",100.0,"(up = 1000.0, down = 300.0)",false,OT,GEOTHERMAL,Service[],10000.0,,bus-1659,1659,"Area(0, 0.0, 0.0, 0.0, Dict{String, Any}(""I"" => """", ""ARNAME"" => """", ""PTOL"" => """", ""PDES"" => """", ""ISW"" => """"))"
gen-2035,true,true,0.0,0.0,0.01,"(min = 0.0, max = 0.01)","(min = 0.0, max = 0.0)","(up = 0.0001, down = 0.0001)","ThermalGenerationCost(CostCurve{LinearCurve}(LinearCurve(24.5037276, 248.251086), UnitSystem.NATURAL_UNITS = 2, LinearCurve(0.0, 0.0)), 0.0, 0.0, 0.0)",100.0,"(up = 1.0, down = 1.0)",false,OT,NATURAL_GAS,Service[],10000.0,,bus-354,354,"Area(0, 0.0, 0.0, 0.0, Dict{String, Any}(""I"" => """", ""ARNAME"" => """", ""PTOL"" => """", ""PDES"" => """", ""ISW"" => """"))"
gen-1026,true,true,0.160001182,0.0,0.2,"(min = 0.0, max = 0.16)","(min = -0.05325, max = 0.12)","(up = 0.0001, down = 0.0001)","ThermalGenerationCost(CostCurve{LinearCurve}(LinearCurve(0.0, 0.0), UnitSystem.NATURAL_UNITS = 2, LinearCurve(0.0, 0.0)), 0.0, 0.0, 0.0)",100.0,"(up = 1000.0, down = 300.0)",false,OT,GEOTHERMAL,Service[],10000.0,,bus-181,181,"Area(0, 0.0, 0.0, 0.0, Dict{String, Any}(""I"" => """", ""ARNAME"" => """", ""PTOL"" => """", ""PDES"" => """", ""ISW"" => """"))"
gen-662,true,true,0.0,0.0,0.28249070781177915,"(min = 0.0, max = 0.24)","(min = -0.08, max = 0.149)","(up = 2.64e-5, down = 2.64e-5)","ThermalGenerationCost(CostCurve{LinearCurve}(LinearCurve(58.907, 173.53), UnitSystem.NATURAL_UNITS = 2, LinearCurve(0.0, 0.0)), 0.0, 0.0, 0.0)",100.0,"(up = 12.0, down = 6.0)",false,ST,MUNICIPAL_WASTE,Service[],10000.0,,bus-1384,1384,"Area(0, 0.0, 0.0, 0.0, Dict{String, Any}(""I"" => """", ""ARNAME"" => """", ""PTOL"" => """", ""PDES"" => """", ""ISW"" => """"))"
gen-1438,true,true,0.0,0.0,0.13901438774457847,"(min = 0.0, max = 0.002)","(min = -0.095, max = 0.139)","(up = 2.64e-5, down = 2.64e-5)","ThermalGenerationCost(CostCurve{LinearCurve}(LinearCurve(22.409643000000003, 554.685123), UnitSystem.NATURAL_UNITS = 2, LinearCurve(0.0, 0.0)), 0.0, 0.0, 0.0)",100.0,"(up = 12.0, down = 6.0)",false,ST,MUNICIPAL_WASTE,Service[],10000.0,,bus-1006,1006,"Area(0, 0.0, 0.0, 0.0, Dict{String, Any}(""I"" => """", ""ARNAME"" => """", ""PTOL"" => """", ""PDES"" => """", ""ISW"" => """"))"
gen-1369,true,true,0.496800038,0.0,0.9352873047531486,"(min = 0.0, max = 0.7070000000000001)","(min = -0.358709497, max = 0.612301676)","(up = 0.0014000000000000002, down = 0.0014000000000000002)","ThermalGenerationCost(CostCurve{LinearCurve}(LinearCurve(15.9947772, 848.043789), UnitSystem.NATURAL_UNITS = 2, LinearCurve(0.0, 0.0)), 0.0, 0.0, 0.0)",100.0,"(up = 1.0, down = 0.0)",false,CT,NATURAL_GAS,Service[],10000.0,,bus-8094,8094,"Area(0, 0.0, 0.0, 0.0, Dict{String, Any}(""I"" => """", ""ARNAME"" => """", ""PTOL"" => """", ""PDES"" => """", ""ISW"" => """"))"
gen-1934,true,true,0.0,0.0,0.1772596964907703,"(min = 0.0, max = 0.11)","(min = -0.095, max = 0.139)","(up = 2.64e-5, down = 2.64e-5)","ThermalGenerationCost(CostCurve{LinearCurve}(LinearCurve(22.409643000000003, 554.685123), UnitSystem.NATURAL_UNITS = 2, LinearCurve(0.0, 0.0)), 0.0, 0.0, 0.0)",100.0,"(up = 12.0, down = 6.0)",false,ST,MUNICIPAL_WASTE,Service[],10000.0,,bus-8730,8730,"Area(0, 0.0, 0.0, 0.0, Dict{String, Any}(""I"" => """", ""ARNAME"" => """", ""PTOL"" => """", ""PDES"" => """", ""ISW"" => """"))"
gen-42,true,true,0.16700123300000003,0.0,0.2087333343829329,"(min = 0.0, max = 0.16699999999999998)","(min = -0.0556666667, max = 0.125222222)","(up = 0.0001, down = 0.0001)","ThermalGenerationCost(CostCurve{LinearCurve}(LinearCurve(6.603145, 74.6992503), UnitSystem.NATURAL_UNITS = 2, LinearCurve(0.0, 0.0)), 0.0, 0.0, 0.0)",100.0,"(up = 1.0, down = 1.0)",false,IC,NATURAL_GAS,Service[],10000.0,,bus-170,170,"Area(0, 0.0, 0.0, 0.0, Dict{String, Any}(""I"" => """", ""ARNAME"" => """", ""PTOL"" => """", ""PDES"" => """", ""ISW"" => """"))"
gen-987,true,true,0.0,0.0,0.23188239389589044,"(min = 0.0, max = 0.01)","(min = -0.13699999999999998, max = 0.231666667)","(up = 0.0001, down = 0.0001)","ThermalGenerationCost(CostCurve{LinearCurve}(LinearCurve(58.907, 173.53), UnitSystem.NATURAL_UNITS = 2, LinearCurve(0.0, 0.0)), 0.0, 0.0, 0.0)",100.0,"(up = 1.0, down = 1.0)",false,OT,MUNICIPAL_WASTE,Service[],10000.0,,bus-1822,1822,"Area(0, 0.0, 0.0, 0.0, Dict{String, Any}(""I"" => """", ""ARNAME"" => """", ""PTOL"" => """", ""PDES"" => """", ""ISW"" => """"))"
gen-1380,true,true,1.40561158,0.0,1.9486952923513745,"(min = 0.0, max = 1.85)","(min = -0.358709497, max = 0.612301676)","(up = 0.0014000000000000002, down = 0.0014000000000000002)","ThermalGenerationCost(CostCurve{LinearCurve}(LinearCurve(13.5748531, 708.274969), UnitSystem.NATURAL_UNITS = 2, LinearCurve(0.0, 0.0)), 0.0, 0.0, 0.0)",100.0,"(up = 1.0, down = 1.0)",false,CT,NATURAL_GAS,Service[],10000.0,,bus-1787,1787,"Area(0, 0.0, 0.0, 0.0, Dict{String, Any}(""I"" => """", ""ARNAME"" => """", ""PTOL"" => """", ""PDES"" => """", ""ISW"" => """"))"
gen-758,true,true,0.21600159600000002,0.0,0.25273557633743865,"(min = 0.0, max = 0.21600000000000003)","(min = -0.0760444444, max = 0.131222222)","(up = 0.0001, down = 0.0001)","ThermalGenerationCost(CostCurve{LinearCurve}(LinearCurve(0.0, 0.0), UnitSystem.NATURAL_UNITS = 2, LinearCurve(0.0, 0.0)), 0.0, 0.0, 0.0)",100.0,"(up = 1000.0, down = 300.0)",false,OT,GEOTHERMAL,Service[],10000.0,,bus-1717,1717,"Area(0, 0.0, 0.0, 0.0, Dict{String, Any}(""I"" => """", ""ARNAME"" => """", ""PTOL"" => """", ""PDES"" => """", ""ISW"" => """"))"
gen-968,true,true,0.52733345,0.0,0.7117935093831638,"(min = 0.0, max = 0.605)","(min = -0.20199999999999999, max = 0.375)","(up = 0.002475, down = 0.002475)","ThermalGenerationCost(CostCurve{LinearCurve}(LinearCurve(14.2003257, 300.93146), UnitSystem.NATURAL_UNITS = 2, LinearCurve(0.0, 0.0)), 0.0, 0.0, 0.0)",100.0,"(up = 1.0, down = 0.0)",false,GT,NATURAL_GAS,Service[],10000.0,,bus-1652,1652,"Area(0, 0.0, 0.0, 0.0, Dict{String, Any}(""I"" => """", ""ARNAME"" => """", ""PTOL"" => """", ""PDES"" => """", ""ISW"" => """"))"
gen-44,true,true,0.16700123300000003,0.0,0.2087333343829329,"(min = 0.0, max = 0.16699999999999998)","(min = -0.0556666667, max = 0.125222222)","(up = 0.0001, down = 0.0001)","ThermalGenerationCost(CostCurve{LinearCurve}(LinearCurve(6.603145, 74.6992503), UnitSystem.NATURAL_UNITS = 2, LinearCurve(0.0, 0.0)), 0.0, 0.0, 0.0)",100.0,"(up = 1.0, down = 1.0)",false,IC,NATURAL_GAS,Service[],10000.0,,bus-170,170,"Area(0, 0.0, 0.0, 0.0, Dict{String, Any}(""I"" => """", ""ARNAME"" => """", ""PTOL"" => """", ""PDES"" => """", ""ISW"" => """"))"
gen-508,true,true,0.0500003694,0.0,0.14042532373691463,"(min = 0.0, max = 0.05)","(min = -0.0760444444, max = 0.131222222)","(up = 0.0001, down = 0.0001)","ThermalGenerationCost(CostCurve{LinearCurve}(LinearCurve(0.0, 0.0), UnitSystem.NATURAL_UNITS = 2, LinearCurve(0.0, 0.0)), 0.0, 0.0, 0.0)",100.0,"(up = 1000.0, down = 300.0)",false,OT,GEOTHERMAL,Service[],10000.0,,bus-1620,1620,"Area(0, 0.0, 0.0, 0.0, Dict{String, Any}(""I"" => """", ""ARNAME"" => """", ""PTOL"" => """", ""PDES"" => """", ""ISW"" => """"))"
gen-1398,true,true,0.0,0.0,0.24008007955448718,"(min = 0.0, max = 0.063)","(min = -0.13699999999999998, max = 0.231666667)","(up = 0.0001, down = 0.0001)","ThermalGenerationCost(CostCurve{LinearCurve}(LinearCurve(58.907, 173.53), UnitSystem.NATURAL_UNITS = 2, LinearCurve(0.0, 0.0)), 0.0, 0.0, 0.0)",100.0,"(up = 1.0, down = 1.0)",false,OT,MUNICIPAL_WASTE,Service[],10000.0,,bus-698,698,"Area(0, 0.0, 0.0, 0.0, Dict{String, Any}(""I"" => """", ""ARNAME"" => """", ""PTOL"" => """", ""PDES"" => """", ""ISW"" => """"))"
gen-1826,true,true,0.0,0.0,0.23221852768220042,"(min = 0.0, max = 0.016)","(min = -0.13699999999999998, max = 0.231666667)","(up = 0.0001, down = 0.0001)","ThermalGenerationCost(CostCurve{LinearCurve}(LinearCurve(58.907, 173.53), UnitSystem.NATURAL_UNITS = 2, LinearCurve(0.0, 0.0)), 0.0, 0.0, 0.0)",100.0,"(up = 1.0, down = 1.0)",false,OT,MUNICIPAL_WASTE,Service[],10000.0,,bus-1333,1333,"Area(0, 0.0, 0.0, 0.0, Dict{String, Any}(""I"" => """", ""ARNAME"" => """", ""PTOL"" => """", ""PDES"" => """", ""ISW"" => """"))"
gen-1224,true,true,0.550004063,0.0,0.565437239264109,"(min = 0.0, max = 0.55)","(min = -0.0760444444, max = 0.131222222)","(up = 0.0001, down = 0.0001)","ThermalGenerationCost(CostCurve{LinearCurve}(LinearCurve(0.0, 0.0), UnitSystem.NATURAL_UNITS = 2, LinearCurve(0.0, 0.0)), 0.0, 0.0, 0.0)",100.0,"(up = 1000.0, down = 300.0)",false,OT,GEOTHERMAL,Service[],10000.0,,bus-2405,2405,"Area(0, 0.0, 0.0, 0.0, Dict{String, Any}(""I"" => """", ""ARNAME"" => """", ""PTOL"" => """", ""PDES"" => """", ""ISW"" => """"))"
gen-703,true,true,0.050000364,0.0,0.05,"(min = 0.0, max = 0.05)","(min = 0.0, max = 0.0)","(up = 0.0001, down = 0.0001)","ThermalGenerationCost(CostCurve{LinearCurve}(LinearCurve(15.604003, 102.705607), UnitSystem.NATURAL_UNITS = 2, LinearCurve(0.0, 0.0)), 0.0, 0.0, 0.0)",100.0,"(up = 1.0, down = 1.0)",false,OT,OTHER,Service[],10000.0,,bus-483,483,"Area(0, 0.0, 0.0, 0.0, Dict{String, Any}(""I"" => """", ""ARNAME"" => """", ""PTOL"" => """", ""PDES"" => """", ""ISW"" => """"))"
gen-397,true,true,0.08400062,0.0,0.6213706179526747,"(min = 0.0, max = 0.084)","(min = -0.273666667, max = 0.615666667)","(up = 0.0001, down = 0.0001)","ThermalGenerationCost(CostCurve{LinearCurve}(LinearCurve(6.603145, 74.6992503), UnitSystem.NATURAL_UNITS = 2, LinearCurve(0.0, 0.0)), 0.0, 0.0, 0.0)",100.0,"(up = 1.0, down = 1.0)",false,IC,NATURAL_GAS,Service[],10000.0,,bus-1801,1801,"Area(0, 0.0, 0.0, 0.0, Dict{String, Any}(""I"" => """", ""ARNAME"" => """", ""PTOL"" => """", ""PDES"" => """", ""ISW"" => """"))"
gen-898,true,true,0.112000826,0.0,0.11199999999999999,"(min = 0.0, max = 0.11199999999999999)","(min = 0.0, max = 0.0)","(up = 0.002475, down = 0.002475)","ThermalGenerationCost(CostCurve{LinearCurve}(LinearCurve(13.5372642, 318.861829), UnitSystem.NATURAL_UNITS = 2, LinearCurve(0.0, 0.0)), 0.0, 0.0, 0.0)",100.0,"(up = 1.0, down = 0.0)",false,GT,NATURAL_GAS,Service[],10000.0,,bus-7698,7698,"Area(0, 0.0, 0.0, 0.0, Dict{String, Any}(""I"" => """", ""ARNAME"" => """", ""PTOL"" => """", ""PDES"" => """", ""ISW"" => """"))"
gen-914,true,true,0.500003693,0.0,0.5554853733447893,"(min = 0.0, max = 0.5)","(min = -0.16699999999999998, max = 0.242)","(up = 0.0014000000000000002, down = 0.0014000000000000002)","ThermalGenerationCost(CostCurve{LinearCurve}(LinearCurve(9.4610491, 985.970697), UnitSystem.NATURAL_UNITS = 2, LinearCurve(0.0, 0.0)), 0.0, 0.0, 0.0)",100.0,"(up = 1.0, down = 0.0)",false,CT,NATURAL_GAS,Service[],10000.0,,bus-1239,1239,"Area(0, 0.0, 0.0, 0.0, Dict{String, Any}(""I"" => """", ""ARNAME"" => """", ""PTOL"" => """", ""PDES"" => """", ""ISW"" => """"))"
gen-1470,true,true,0.040000290200000004,0.0,0.04,"(min = 0.0, max = 0.04)","(min = 0.0, max = 0.0)","(up = 0.0001, down = 0.0001)","ThermalGenerationCost(CostCurve{LinearCurve}(LinearCurve(15.604003, 102.705607), UnitSystem.NATURAL_UNITS = 2, LinearCurve(0.0, 0.0)), 0.0, 0.0, 0.0)",100.0,"(up = 1.0, down = 1.0)",false,OT,OTHER,Service[],10000.0,,bus-2117,2117,"Area(0, 0.0, 0.0, 0.0, Dict{String, Any}(""I"" => """", ""ARNAME"" => """", ""PTOL"" => """", ""PDES"" => """", ""ISW"" => """"))"
gen-422,true,true,0.49800367799999995,0.0,0.5532494916400738,"(min = 0.0, max = 0.498)","(min = -0.166, max = 0.24100000000000002)","(up = 0.0014000000000000002, down = 0.0014000000000000002)","ThermalGenerationCost(CostCurve{LinearCurve}(LinearCurve(9.40230679, 968.448887), UnitSystem.NATURAL_UNITS = 2, LinearCurve(0.0, 0.0)), 0.0, 0.0, 0.0)",100.0,"(up = 1.0, down = 0.0)",false,CT,NATURAL_GAS,Service[],10000.0,,bus-1775,1775,"Area(0, 0.0, 0.0, 0.0, Dict{String, Any}(""I"" => """", ""ARNAME"" => """", ""PTOL"" => """", ""PDES"" => """", ""ISW"" => """"))"
gen-1223,true,true,0.0,0.0,0.13900359707575918,"(min = 0.0, max = 0.001)","(min = -0.095, max = 0.139)","(up = 2.64e-5, down = 2.64e-5)","ThermalGenerationCost(CostCurve{LinearCurve}(LinearCurve(22.409643000000003, 554.685123), UnitSystem.NATURAL_UNITS = 2, LinearCurve(0.0, 0.0)), 0.0, 0.0, 0.0)",100.0,"(up = 12.0, down = 6.0)",false,ST,MUNICIPAL_WASTE,Service[],10000.0,,bus-426,426,"Area(0, 0.0, 0.0, 0.0, Dict{String, Any}(""I"" => """", ""ARNAME"" => """", ""PTOL"" => """", ""PDES"" => """", ""ISW"" => """"))"
gen-821,true,true,1.3365038100000002,0.0,2.2316381875205487,"(min = 0.0, max = 2.12)","(min = -0.6970000000000001, max = 0.6970000000000001)","(up = 0.0014000000000000002, down = 0.0014000000000000002)","ThermalGenerationCost(CostCurve{LinearCurve}(LinearCurve(13.918461, 800.556711), UnitSystem.NATURAL_UNITS = 2, LinearCurve(0.0, 0.0)), 0.0, 0.0, 0.0)",100.0,"(up = 1.0, down = 1.0)",false,CT,NATURAL_GAS,Service[],10000.0,,bus-1389,1389,"Area(0, 0.0, 0.0, 0.0, Dict{String, Any}(""I"" => """", ""ARNAME"" => """", ""PTOL"" => """", ""PDES"" => """", ""ISW"" => """"))"
gen-826,true,true,0.0,0.0,0.23360103723846964,"(min = 0.0, max = 0.03)","(min = -0.13699999999999998, max = 0.231666667)","(up = 0.0001, down = 0.0001)","ThermalGenerationCost(CostCurve{LinearCurve}(LinearCurve(58.907, 173.53), UnitSystem.NATURAL_UNITS = 2, LinearCurve(0.0, 0.0)), 0.0, 0.0, 0.0)",100.0,"(up = 1.0, down = 1.0)",false,OT,MUNICIPAL_WASTE,Service[],10000.0,,bus-8018,8018,"Area(0, 0.0, 0.0, 0.0, Dict{String, Any}(""I"" => """", ""ARNAME"" => """", ""PTOL"" => """", ""PDES"" => """", ""ISW"" => """"))"
gen-560,true,true,0.46000339500000004,0.0,0.5411330705103875,"(min = 0.0, max = 0.46)","(min = -0.153, max = 0.285)","(up = 0.002475, down = 0.002475)","ThermalGenerationCost(CostCurve{LinearCurve}(LinearCurve(13.6632204, 306.536508), UnitSystem.NATURAL_UNITS = 2, LinearCurve(0.0, 0.0)), 0.0, 0.0, 0.0)",100.0,"(up = 1.0, down = 0.0)",false,GT,NATURAL_GAS,Service[],10000.0,,bus-233,233,"Area(0, 0.0, 0.0, 0.0, Dict{String, Any}(""I"" => """", ""ARNAME"" => """", ""PTOL"" => """", ""PDES"" => """", ""ISW"" => """"))"
gen-846,true,true,1.82809044,0.0,2.341023066951712,"(min = 0.0, max = 1.99)","(min = -0.6629999999999999, max = 1.2329999999999999)","(up = 0.0014000000000000002, down = 0.0014000000000000002)","ThermalGenerationCost(CostCurve{LinearCurve}(LinearCurve(12.5488628, 2499.46439), UnitSystem.NATURAL_UNITS = 2, LinearCurve(0.0, 0.0)), 0.0, 0.0, 0.0)",100.0,"(up = 1.0, down = 1.0)",false,CT,NATURAL_GAS,Service[],10000.0,,bus-1671,1671,"Area(0, 0.0, 0.0, 0.0, Dict{String, Any}(""I"" => """", ""ARNAME"" => """", ""PTOL"" => """", ""PDES"" => """", ""ISW"" => """"))"
gen-1016,true,true,0.66971731,0.0,1.1999704163020022,"(min = 0.0, max = 1.08)","(min = -0.36, max = 0.523)","(up = 0.002475, down = 0.002475)","ThermalGenerationCost(CostCurve{LinearCurve}(LinearCurve(16.8059313, 372.365163), UnitSystem.NATURAL_UNITS = 2, LinearCurve(0.0, 0.0)), 0.0, 0.0, 0.0)",100.0,"(up = 1.0, down = 1.0)",false,GT,NATURAL_GAS,Service[],10000.0,,bus-8461,8461,"Area(0, 0.0, 0.0, 0.0, Dict{String, Any}(""I"" => """", ""ARNAME"" => """", ""PTOL"" => """", ""PDES"" => """", ""ISW"" => """"))"
gen-1763,true,true,0.0460003381,0.0,0.24991507582119957,"(min = 0.0, max = 0.046)","(min = -0.143219355, max = 0.245645161)","(up = 0.002475, down = 0.002475)","ThermalGenerationCost(CostCurve{LinearCurve}(LinearCurve(13.502241700000003, 315.964182), UnitSystem.NATURAL_UNITS = 2, LinearCurve(0.0, 0.0)), 0.0, 0.0, 0.0)",100.0,"(up = 1.0, down = 0.0)",false,GT,NATURAL_GAS,Service[],10000.0,,bus-2039,2039,"Area(0, 0.0, 0.0, 0.0, Dict{String, Any}(""I"" => """", ""ARNAME"" => """", ""PTOL"" => """", ""PDES"" => """", ""ISW"" => """"))"
gen-349,true,true,0.07624733489999999,0.0,0.25671969149249146,"(min = 0.0, max = 0.231)","(min = -0.077, max = 0.11199999999999999)","(up = 0.002475, down = 0.002475)","ThermalGenerationCost(CostCurve{LinearCurve}(LinearCurve(16.2591415, 139.009799), UnitSystem.NATURAL_UNITS = 2, LinearCurve(0.0, 0.0)), 0.0, 0.0, 0.0)",100.0,"(up = 1.0, down = 0.0)",false,GT,NATURAL_GAS,Service[],10000.0,,bus-1872,1872,"Area(0, 0.0, 0.0, 0.0, Dict{String, Any}(""I"" => """", ""ARNAME"" => """", ""PTOL"" => """", ""PDES"" => """", ""ISW"" => """"))"
gen-1264,true,true,0.12500092000000002,0.0,0.6249306701006192,"(min = 0.0, max = 0.125)","(min = -0.358709497, max = 0.612301676)","(up = 0.0014000000000000002, down = 0.0014000000000000002)","ThermalGenerationCost(CostCurve{LinearCurve}(LinearCurve(15.4560715, 1243.53602), UnitSystem.NATURAL_UNITS = 2, LinearCurve(0.0, 0.0)), 0.0, 0.0, 0.0)",100.0,"(up = 1.0, down = 0.0)",false,CT,NATURAL_GAS,Service[],10000.0,,bus-2384,2384,"Area(0, 0.0, 0.0, 0.0, Dict{String, Any}(""I"" => """", ""ARNAME"" => """", ""PTOL"" => """", ""PDES"" => """", ""ISW"" => """"))"
gen-477,true,true,0.40700300300000003,0.0,0.7352294488337698,"(min = 0.0, max = 0.40700000000000003)","(min = -0.358709497, max = 0.612301676)","(up = 0.0014000000000000002, down = 0.0014000000000000002)","ThermalGenerationCost(CostCurve{LinearCurve}(LinearCurve(15.236961, 1547.8861), UnitSystem.NATURAL_UNITS = 2, LinearCurve(0.0, 0.0)), 0.0, 0.0, 0.0)",100.0,"(up = 1.0, down = 0.0)",false,CT,NATURAL_GAS,Service[],10000.0,,bus-1699,1699,"Area(0, 0.0, 0.0, 0.0, Dict{String, Any}(""I"" => """", ""ARNAME"" => """", ""PTOL"" => """", ""PDES"" => """", ""ISW"" => """"))"
gen-712,true,true,0.0340002494,0.0,0.24798698579303696,"(min = 0.0, max = 0.034)","(min = -0.143219355, max = 0.245645161)","(up = 0.002475, down = 0.002475)","ThermalGenerationCost(CostCurve{LinearCurve}(LinearCurve(13.502241700000003, 315.964182), UnitSystem.NATURAL_UNITS = 2, LinearCurve(0.0, 0.0)), 0.0, 0.0, 0.0)",100.0,"(up = 1.0, down = 0.0)",false,GT,NATURAL_GAS,Service[],10000.0,,bus-1675,1675,"Area(0, 0.0, 0.0, 0.0, Dict{String, Any}(""I"" => """", ""ARNAME"" => """", ""PTOL"" => """", ""PDES"" => """", ""ISW"" => """"))"
gen-443,true,true,0.522047418,0.0,0.6298742296067652,"(min = 0.0, max = 0.58)","(min = -0.143219355, max = 0.245645161)","(up = 0.002475, down = 0.002475)","ThermalGenerationCost(CostCurve{LinearCurve}(LinearCurve(14.493980000000002, 291.64126), UnitSystem.NATURAL_UNITS = 2, LinearCurve(0.0, 0.0)), 0.0, 0.0, 0.0)",100.0,"(up = 1.0, down = 0.0)",false,GT,NATURAL_GAS,Service[],10000.0,,bus-1222,1222,"Area(0, 0.0, 0.0, 0.0, Dict{String, Any}(""I"" => """", ""ARNAME"" => """", ""PTOL"" => """", ""PDES"" => """", ""ISW"" => """"))"
gen-202,true,true,0.611501635,0.0,0.8995523011100627,"(min = 0.0, max = 0.659)","(min = -0.358709497, max = 0.612301676)","(up = 0.0014000000000000002, down = 0.0014000000000000002)","ThermalGenerationCost(CostCurve{LinearCurve}(LinearCurve(15.858002900000002, 915.141767), UnitSystem.NATURAL_UNITS = 2, LinearCurve(0.0, 0.0)), 0.0, 0.0, 0.0)",100.0,"(up = 1.0, down = 0.0)",false,CT,NATURAL_GAS,Service[],10000.0,,bus-7751,7751,"Area(0, 0.0, 0.0, 0.0, Dict{String, Any}(""I"" => """", ""ARNAME"" => """", ""PTOL"" => """", ""PDES"" => """", ""ISW"" => """"))"
gen-1046,true,true,0.516471994,0.0,0.6943025277211656,"(min = 0.0, max = 0.59)","(min = -0.19699999999999998, max = 0.366)","(up = 0.002475, down = 0.002475)","ThermalGenerationCost(CostCurve{LinearCurve}(LinearCurve(14.4848701, 297.332701), UnitSystem.NATURAL_UNITS = 2, LinearCurve(0.0, 0.0)), 0.0, 0.0, 0.0)",100.0,"(up = 1.0, down = 0.0)",false,GT,NATURAL_GAS,Service[],10000.0,,bus-1098,1098,"Area(0, 0.0, 0.0, 0.0, Dict{String, Any}(""I"" => """", ""ARNAME"" => """", ""PTOL"" => """", ""PDES"" => """", ""ISW"" => """"))"
gen-235,true,true,0.0,0.0,1.9197773308381363,"(min = 0.0, max = 1.632)","(min = -0.544, max = 1.011)","(up = 5.4000000000000005e-5, down = 5.4000000000000005e-5)","ThermalGenerationCost(CostCurve{LinearCurve}(LinearCurve(22.6734243, 470.5849), UnitSystem.NATURAL_UNITS = 2, LinearCurve(0.0, 0.0)), 0.0, 0.0, 0.0)",100.0,"(up = 2.0, down = 4.0)",false,ST,NATURAL_GAS,Service[],10000.0,,bus-7773,7773,"Area(0, 0.0, 0.0, 0.0, Dict{String, Any}(""I"" => """", ""ARNAME"" => """", ""PTOL"" => """", ""PDES"" => """", ""ISW"" => """"))"
gen-1611,true,true,0.005000036209999999,0.0,0.6156869698595941,"(min = 0.0, max = 0.005)","(min = -0.273666667, max = 0.615666667)","(up = 0.0001, down = 0.0001)","ThermalGenerationCost(CostCurve{LinearCurve}(LinearCurve(7.3428025, 22.7651352), UnitSystem.NATURAL_UNITS = 2, LinearCurve(0.0, 0.0)), 0.0, 0.0, 0.0)",100.0,"(up = 1.0, down = 1.0)",false,IC,NATURAL_GAS,Service[],10000.0,,bus-1128,1128,"Area(0, 0.0, 0.0, 0.0, Dict{String, Any}(""I"" => """", ""ARNAME"" => """", ""PTOL"" => """", ""PDES"" => """", ""ISW"" => """"))"
gen-634,true,true,0.300002212,0.0,0.3529815859219855,"(min = 0.0, max = 0.3)","(min = -0.1, max = 0.18600000000000003)","(up = 0.0001, down = 0.0001)","ThermalGenerationCost(CostCurve{LinearCurve}(LinearCurve(11.6879263, 241.314681), UnitSystem.NATURAL_UNITS = 2, LinearCurve(0.0, 0.0)), 0.0, 0.0, 0.0)",100.0,"(up = 1.0, down = 1.0)",false,OT,OTHER_GAS,Service[],10000.0,,bus-1702,1702,"Area(0, 0.0, 0.0, 0.0, Dict{String, Any}(""I"" => """", ""ARNAME"" => """", ""PTOL"" => """", ""PDES"" => """", ""ISW"" => """"))"
gen-677,true,true,0.314002317,0.0,0.34885527085024814,"(min = 0.0, max = 0.314)","(min = -0.105, max = 0.152)","(up = 0.002475, down = 0.002475)","ThermalGenerationCost(CostCurve{LinearCurve}(LinearCurve(12.2346869, 259.979857), UnitSystem.NATURAL_UNITS = 2, LinearCurve(0.0, 0.0)), 0.0, 0.0, 0.0)",100.0,"(up = 1.0, down = 0.0)",false,GT,NATURAL_GAS,Service[],10000.0,,bus-1674,1674,"Area(0, 0.0, 0.0, 0.0, Dict{String, Any}(""I"" => """", ""ARNAME"" => """", ""PTOL"" => """", ""PDES"" => """", ""ISW"" => """"))"
gen-820,true,true,1.3365038100000002,0.0,2.2316381875205487,"(min = 0.0, max = 2.12)","(min = -0.6970000000000001, max = 0.6970000000000001)","(up = 0.0014000000000000002, down = 0.0014000000000000002)","ThermalGenerationCost(CostCurve{LinearCurve}(LinearCurve(13.918461, 800.556711), UnitSystem.NATURAL_UNITS = 2, LinearCurve(0.0, 0.0)), 0.0, 0.0, 0.0)",100.0,"(up = 1.0, down = 1.0)",false,CT,NATURAL_GAS,Service[],10000.0,,bus-1389,1389,"Area(0, 0.0, 0.0, 0.0, Dict{String, Any}(""I"" => """", ""ARNAME"" => """", ""PTOL"" => """", ""PDES"" => """", ""ISW"" => """"))"
gen-1502,true,true,0.0,0.0,0.23221852768220042,"(min = 0.0, max = 0.016)","(min = -0.13699999999999998, max = 0.231666667)","(up = 0.0001, down = 0.0001)","ThermalGenerationCost(CostCurve{LinearCurve}(LinearCurve(58.907, 173.53), UnitSystem.NATURAL_UNITS = 2, LinearCurve(0.0, 0.0)), 0.0, 0.0, 0.0)",100.0,"(up = 1.0, down = 1.0)",false,OT,MUNICIPAL_WASTE,Service[],10000.0,,bus-1904,1904,"Area(0, 0.0, 0.0, 0.0, Dict{String, Any}(""I"" => """", ""ARNAME"" => """", ""PTOL"" => """", ""PDES"" => """", ""ISW"" => """"))"
gen-1407,true,true,0.052000382500000004,0.0,0.25108871962458995,"(min = 0.0, max = 0.052000000000000005)","(min = -0.143219355, max = 0.245645161)","(up = 0.002475, down = 0.002475)","ThermalGenerationCost(CostCurve{LinearCurve}(LinearCurve(13.502241700000003, 315.964182), UnitSystem.NATURAL_UNITS = 2, LinearCurve(0.0, 0.0)), 0.0, 0.0, 0.0)",100.0,"(up = 1.0, down = 0.0)",false,GT,NATURAL_GAS,Service[],10000.0,,bus-377,377,"Area(0, 0.0, 0.0, 0.0, Dict{String, Any}(""I"" => """", ""ARNAME"" => """", ""PTOL"" => """", ""PDES"" => """", ""ISW"" => """"))"
gen-825,true,true,3.00002216,0.0,3.1915389704655026,"(min = 0.0, max = 3.0)","(min = -1.089, max = 1.089)","(up = 0.0014000000000000002, down = 0.0014000000000000002)","ThermalGenerationCost(CostCurve{LinearCurve}(LinearCurve(13.8353416, 749.289673), UnitSystem.NATURAL_UNITS = 2, LinearCurve(0.0, 0.0)), 0.0, 0.0, 0.0)",100.0,"(up = 1.0, down = 1.0)",false,CT,NATURAL_GAS,Service[],10000.0,,bus-282,282,"Area(0, 0.0, 0.0, 0.0, Dict{String, Any}(""I"" => """", ""ARNAME"" => """", ""PTOL"" => """", ""PDES"" => """", ""ISW"" => """"))"
gen-674,true,true,0.0340002494,0.0,0.24798698579303696,"(min = 0.0, max = 0.034)","(min = -0.143219355, max = 0.245645161)","(up = 0.002475, down = 0.002475)","ThermalGenerationCost(CostCurve{LinearCurve}(LinearCurve(13.502241700000003, 315.964182), UnitSystem.NATURAL_UNITS = 2, LinearCurve(0.0, 0.0)), 0.0, 0.0, 0.0)",100.0,"(up = 1.0, down = 0.0)",false,GT,NATURAL_GAS,Service[],10000.0,,bus-2196,2196,"Area(0, 0.0, 0.0, 0.0, Dict{String, Any}(""I"" => """", ""ARNAME"" => """", ""PTOL"" => """", ""PDES"" => """", ""ISW"" => """"))"
gen-648,true,true,0.0,0.0,0.2941513216016546,"(min = 0.0, max = 0.25)","(min = -0.083, max = 0.155)","(up = 2.64e-5, down = 2.64e-5)","ThermalGenerationCost(CostCurve{LinearCurve}(LinearCurve(34.8713767, 118.435395), UnitSystem.NATURAL_UNITS = 2, LinearCurve(0.0, 0.0)), 0.0, 0.0, 0.0)",100.0,"(up = 12.0, down = 6.0)",false,ST,WOOD_WASTE_SOLIDS,Service[],10000.0,,bus-1447,1447,"Area(0, 0.0, 0.0, 0.0, Dict{String, Any}(""I"" => """", ""ARNAME"" => """", ""PTOL"" => """", ""PDES"" => """", ""ISW"" => """"))"
gen-934,true,true,0.037000261,0.0,0.2673724742751205,"(min = 0.0, max = 0.037000000000000005)","(min = -0.131, max = 0.2648)","(up = 0.0001, down = 0.0001)","ThermalGenerationCost(CostCurve{LinearCurve}(LinearCurve(16.3717119, 243.095114), UnitSystem.NATURAL_UNITS = 2, LinearCurve(0.0, 0.0)), 0.0, 0.0, 0.0)",100.0,"(up = 1.0, down = 1.0)",false,OT,OTHER_GAS,Service[],10000.0,,bus-698,698,"Area(0, 0.0, 0.0, 0.0, Dict{String, Any}(""I"" => """", ""ARNAME"" => """", ""PTOL"" => """", ""PDES"" => """", ""ISW"" => """"))"
gen-582,true,true,0.69610085,0.0,0.75,"(min = 0.0, max = 0.75)","(min = 0.0, max = 0.0)","(up = 0.002475, down = 0.002475)","ThermalGenerationCost(CostCurve{LinearCurve}(LinearCurve(15.122921400000001, 434.063826), UnitSystem.NATURAL_UNITS = 2, LinearCurve(0.0, 0.0)), 0.0, 0.0, 0.0)",100.0,"(up = 1.0, down = 0.0)",false,GT,NATURAL_GAS,Service[],10000.0,,bus-1665,1665,"Area(0, 0.0, 0.0, 0.0, Dict{String, Any}(""I"" => """", ""ARNAME"" => """", ""PTOL"" => """", ""PDES"" => """", ""ISW"" => """"))"
gen-708,true,true,0.0600004421,0.0,0.25286665482565296,"(min = 0.0, max = 0.06)","(min = -0.143219355, max = 0.245645161)","(up = 0.002475, down = 0.002475)","ThermalGenerationCost(CostCurve{LinearCurve}(LinearCurve(11.6879263, 241.314681), UnitSystem.NATURAL_UNITS = 2, LinearCurve(0.0, 0.0)), 0.0, 0.0, 0.0)",100.0,"(up = 1.0, down = 0.0)",false,GT,NATURAL_GAS,Service[],10000.0,,bus-253,253,"Area(0, 0.0, 0.0, 0.0, Dict{String, Any}(""I"" => """", ""ARNAME"" => """", ""PTOL"" => """", ""PDES"" => """", ""ISW"" => """"))"
gen-1011,true,true,0.69900516,0.0,0.8222469215509415,"(min = 0.0, max = 0.6990000000000001)","(min = -0.233, max = 0.433)","(up = 0.002475, down = 0.002475)","ThermalGenerationCost(CostCurve{LinearCurve}(LinearCurve(11.7931008, 362.867376), UnitSystem.NATURAL_UNITS = 2, LinearCurve(0.0, 0.0)), 0.0, 0.0, 0.0)",100.0,"(up = 1.0, down = 0.0)",false,GT,NATURAL_GAS,Service[],10000.0,,bus-8461,8461,"Area(0, 0.0, 0.0, 0.0, Dict{String, Any}(""I"" => """", ""ARNAME"" => """", ""PTOL"" => """", ""PDES"" => """", ""ISW"" => """"))"
gen-653,true,true,0.08800064880000001,0.0,0.26093206993912405,"(min = 0.0, max = 0.08800000000000001)","(min = -0.143219355, max = 0.245645161)","(up = 0.002475, down = 0.002475)","ThermalGenerationCost(CostCurve{LinearCurve}(LinearCurve(11.6879263, 241.314681), UnitSystem.NATURAL_UNITS = 2, LinearCurve(0.0, 0.0)), 0.0, 0.0, 0.0)",100.0,"(up = 1.0, down = 0.0)",false,GT,NATURAL_GAS,Service[],10000.0,,bus-1690,1690,"Area(0, 0.0, 0.0, 0.0, Dict{String, Any}(""I"" => """", ""ARNAME"" => """", ""PTOL"" => """", ""PDES"" => """", ""ISW"" => """"))"
gen-1023,true,true,0.160001182,0.0,0.2,"(min = 0.0, max = 0.16)","(min = -0.05325, max = 0.12)","(up = 0.0001, down = 0.0001)","ThermalGenerationCost(CostCurve{LinearCurve}(LinearCurve(0.0, 0.0), UnitSystem.NATURAL_UNITS = 2, LinearCurve(0.0, 0.0)), 0.0, 0.0, 0.0)",100.0,"(up = 1000.0, down = 300.0)",false,OT,GEOTHERMAL,Service[],10000.0,,bus-181,181,"Area(0, 0.0, 0.0, 0.0, Dict{String, Any}(""I"" => """", ""ARNAME"" => """", ""PTOL"" => """", ""PDES"" => """", ""ISW"" => """"))"
gen-1482,true,true,0.0,0.0,0.011000000000000001,"(min = 0.0, max = 0.011000000000000001)","(min = 0.0, max = 0.0)","(up = 0.0001, down = 0.0001)","ThermalGenerationCost(CostCurve{LinearCurve}(LinearCurve(24.5037276, 248.251086), UnitSystem.NATURAL_UNITS = 2, LinearCurve(0.0, 0.0)), 0.0, 0.0, 0.0)",100.0,"(up = 1.0, down = 1.0)",false,OT,NATURAL_GAS,Service[],10000.0,,bus-1907,1907,"Area(0, 0.0, 0.0, 0.0, Dict{String, Any}(""I"" => """", ""ARNAME"" => """", ""PTOL"" => """", ""PDES"" => """", ""ISW"" => """"))"
gen-1331,true,true,0.0,0.0,0.008,"(min = 0.0, max = 0.008)","(min = 0.0, max = 0.0)","(up = 0.0001, down = 0.0001)","ThermalGenerationCost(CostCurve{LinearCurve}(LinearCurve(24.5037276, 248.251086), UnitSystem.NATURAL_UNITS = 2, LinearCurve(0.0, 0.0)), 0.0, 0.0, 0.0)",100.0,"(up = 1.0, down = 1.0)",false,OT,NATURAL_GAS,Service[],10000.0,,bus-1257,1257,"Area(0, 0.0, 0.0, 0.0, Dict{String, Any}(""I"" => """", ""ARNAME"" => """", ""PTOL"" => """", ""PDES"" => """", ""ISW"" => """"))"
gen-839,true,true,1.8213998200000001,0.0,2.0811137264533164,"(min = 0.0, max = 1.989)","(min = -0.358709497, max = 0.612301676)","(up = 0.0014000000000000002, down = 0.0014000000000000002)","ThermalGenerationCost(CostCurve{LinearCurve}(LinearCurve(12.495568, 2409.83066), UnitSystem.NATURAL_UNITS = 2, LinearCurve(0.0, 0.0)), 0.0, 0.0, 0.0)",100.0,"(up = 1.0, down = 1.0)",false,CT,NATURAL_GAS,Service[],10000.0,,bus-8003,8003,"Area(0, 0.0, 0.0, 0.0, Dict{String, Any}(""I"" => """", ""ARNAME"" => """", ""PTOL"" => """", ""PDES"" => """", ""ISW"" => """"))"
gen-2056,true,true,0.0,0.0,0.024,"(min = 0.0, max = 0.024)","(min = 0.0, max = 0.0)","(up = 0.0001, down = 0.0001)","ThermalGenerationCost(CostCurve{LinearCurve}(LinearCurve(24.5037276, 248.251086), UnitSystem.NATURAL_UNITS = 2, LinearCurve(0.0, 0.0)), 0.0, 0.0, 0.0)",100.0,"(up = 1.0, down = 1.0)",false,OT,NATURAL_GAS,Service[],10000.0,,bus-2373,2373,"Area(0, 0.0, 0.0, 0.0, Dict{String, Any}(""I"" => """", ""ARNAME"" => """", ""PTOL"" => """", ""PDES"" => """", ""ISW"" => """"))"
gen-218,true,true,0.511553026,0.0,0.7117935093831638,"(min = 0.0, max = 0.605)","(min = -0.20199999999999999, max = 0.375)","(up = 0.002475, down = 0.002475)","ThermalGenerationCost(CostCurve{LinearCurve}(LinearCurve(14.447975700000002, 299.144996), UnitSystem.NATURAL_UNITS = 2, LinearCurve(0.0, 0.0)), 0.0, 0.0, 0.0)",100.0,"(up = 1.0, down = 0.0)",false,GT,NATURAL_GAS,Service[],10000.0,,bus-346,346,"Area(0, 0.0, 0.0, 0.0, Dict{String, Any}(""I"" => """", ""ARNAME"" => """", ""PTOL"" => """", ""PDES"" => """", ""ISW"" => """"))"
gen-806,true,true,0.40000295399999997,0.0,0.4706421145626473,"(min = 0.0, max = 0.4)","(min = -0.133, max = 0.248)","(up = 0.0014000000000000002, down = 0.0014000000000000002)","ThermalGenerationCost(CostCurve{LinearCurve}(LinearCurve(7.95071277, 460.953869), UnitSystem.NATURAL_UNITS = 2, LinearCurve(0.0, 0.0)), 0.0, 0.0, 0.0)",100.0,"(up = 1.0, down = 0.0)",false,CT,NATURAL_GAS,Service[],10000.0,,bus-1592,1592,"Area(0, 0.0, 0.0, 0.0, Dict{String, Any}(""I"" => """", ""ARNAME"" => """", ""PTOL"" => """", ""PDES"" => """", ""ISW"" => """"))"
gen-1550,true,true,0.0,0.0,0.004,"(min = 0.0, max = 0.004)","(min = 0.0, max = 0.0)","(up = 0.0001, down = 0.0001)","ThermalGenerationCost(CostCurve{LinearCurve}(LinearCurve(24.5037276, 248.251086), UnitSystem.NATURAL_UNITS = 2, LinearCurve(0.0, 0.0)), 0.0, 0.0, 0.0)",100.0,"(up = 1.0, down = 1.0)",false,OT,NATURAL_GAS,Service[],10000.0,,bus-535,535,"Area(0, 0.0, 0.0, 0.0, Dict{String, Any}(""I"" => """", ""ARNAME"" => """", ""PTOL"" => """", ""PDES"" => """", ""ISW"" => """"))"
gen-783,true,true,0.0,0.0,0.23174435181658448,"(min = 0.0, max = 0.006)","(min = -0.13699999999999998, max = 0.231666667)","(up = 0.0001, down = 0.0001)","ThermalGenerationCost(CostCurve{LinearCurve}(LinearCurve(58.907, 173.53), UnitSystem.NATURAL_UNITS = 2, LinearCurve(0.0, 0.0)), 0.0, 0.0, 0.0)",100.0,"(up = 1.0, down = 1.0)",false,OT,MUNICIPAL_WASTE,Service[],10000.0,,bus-7649,7649,"Area(0, 0.0, 0.0, 0.0, Dict{String, Any}(""I"" => """", ""ARNAME"" => """", ""PTOL"" => """", ""PDES"" => """", ""ISW"" => """"))"
gen-1946,true,true,0.0480003529,0.0,0.25029092097540395,"(min = 0.0, max = 0.048)","(min = -0.143219355, max = 0.245645161)","(up = 0.002475, down = 0.002475)","ThermalGenerationCost(CostCurve{LinearCurve}(LinearCurve(13.502241700000003, 315.964182), UnitSystem.NATURAL_UNITS = 2, LinearCurve(0.0, 0.0)), 0.0, 0.0, 0.0)",100.0,"(up = 1.0, down = 0.0)",false,GT,NATURAL_GAS,Service[],10000.0,,bus-2302,2302,"Area(0, 0.0, 0.0, 0.0, Dict{String, Any}(""I"" => """", ""ARNAME"" => """", ""PTOL"" => """", ""PDES"" => """", ""ISW"" => """"))"
gen-505,true,true,0.0500003694,0.0,0.14042532373691463,"(min = 0.0, max = 0.05)","(min = -0.0760444444, max = 0.131222222)","(up = 0.0001, down = 0.0001)","ThermalGenerationCost(CostCurve{LinearCurve}(LinearCurve(0.0, 0.0), UnitSystem.NATURAL_UNITS = 2, LinearCurve(0.0, 0.0)), 0.0, 0.0, 0.0)",100.0,"(up = 1000.0, down = 300.0)",false,OT,GEOTHERMAL,Service[],10000.0,,bus-1621,1621,"Area(0, 0.0, 0.0, 0.0, Dict{String, Any}(""I"" => """", ""ARNAME"" => """", ""PTOL"" => """", ""PDES"" => """", ""ISW"" => """"))"
gen-1451,true,true,0.014000101300000001,0.0,0.2460437870028746,"(min = 0.0, max = 0.013999999999999999)","(min = -0.143219355, max = 0.245645161)","(up = 0.002475, down = 0.002475)","ThermalGenerationCost(CostCurve{LinearCurve}(LinearCurve(13.502241700000003, 315.964182), UnitSystem.NATURAL_UNITS = 2, LinearCurve(0.0, 0.0)), 0.0, 0.0, 0.0)",100.0,"(up = 1.0, down = 0.0)",false,GT,NATURAL_GAS,Service[],10000.0,,bus-8843,8843,"Area(0, 0.0, 0.0, 0.0, Dict{String, Any}(""I"" => """", ""ARNAME"" => """", ""PTOL"" => """", ""PDES"" => """", ""ISW"" => """"))"
gen-421,true,true,0.49800367799999995,0.0,0.5532494916400738,"(min = 0.0, max = 0.498)","(min = -0.166, max = 0.24100000000000002)","(up = 0.0014000000000000002, down = 0.0014000000000000002)","ThermalGenerationCost(CostCurve{LinearCurve}(LinearCurve(9.40230679, 968.448887), UnitSystem.NATURAL_UNITS = 2, LinearCurve(0.0, 0.0)), 0.0, 0.0, 0.0)",100.0,"(up = 1.0, down = 0.0)",false,CT,NATURAL_GAS,Service[],10000.0,,bus-1775,1775,"Area(0, 0.0, 0.0, 0.0, Dict{String, Any}(""I"" => """", ""ARNAME"" => """", ""PTOL"" => """", ""PDES"" => """", ""ISW"" => """"))"
gen-1766,true,true,0.0,0.0,0.23414833887706504,"(min = 0.0, max = 0.034)","(min = -0.13699999999999998, max = 0.231666667)","(up = 0.0001, down = 0.0001)","ThermalGenerationCost(CostCurve{LinearCurve}(LinearCurve(58.907, 173.53), UnitSystem.NATURAL_UNITS = 2, LinearCurve(0.0, 0.0)), 0.0, 0.0, 0.0)",100.0,"(up = 1.0, down = 1.0)",false,OT,MUNICIPAL_WASTE,Service[],10000.0,,bus-692,692,"Area(0, 0.0, 0.0, 0.0, Dict{String, Any}(""I"" => """", ""ARNAME"" => """", ""PTOL"" => """", ""PDES"" => """", ""ISW"" => """"))"
gen-652,true,true,0.460003391,0.0,0.5411330705103875,"(min = 0.0, max = 0.46)","(min = -0.153, max = 0.285)","(up = 0.002475, down = 0.002475)","ThermalGenerationCost(CostCurve{LinearCurve}(LinearCurve(13.6886988, 303.385894), UnitSystem.NATURAL_UNITS = 2, LinearCurve(0.0, 0.0)), 0.0, 0.0, 0.0)",100.0,"(up = 1.0, down = 0.0)",false,GT,NATURAL_GAS,Service[],10000.0,,bus-253,253,"Area(0, 0.0, 0.0, 0.0, Dict{String, Any}(""I"" => """", ""ARNAME"" => """", ""PTOL"" => """", ""PDES"" => """", ""ISW"" => """"))"
gen-2007,true,true,0.0,0.0,0.14179210133149167,"(min = 0.0, max = 0.027999999999999997)","(min = -0.095, max = 0.139)","(up = 2.64e-5, down = 2.64e-5)","ThermalGenerationCost(CostCurve{LinearCurve}(LinearCurve(22.409643000000003, 554.685123), UnitSystem.NATURAL_UNITS = 2, LinearCurve(0.0, 0.0)), 0.0, 0.0, 0.0)",100.0,"(up = 12.0, down = 6.0)",false,ST,MUNICIPAL_WASTE,Service[],10000.0,,bus-2287,2287,"Area(0, 0.0, 0.0, 0.0, Dict{String, Any}(""I"" => """", ""ARNAME"" => """", ""PTOL"" => """", ""PDES"" => """", ""ISW"" => """"))"
gen-815,true,true,0.0,0.0,0.23221852768220042,"(min = 0.0, max = 0.016)","(min = -0.13699999999999998, max = 0.231666667)","(up = 0.0001, down = 0.0001)","ThermalGenerationCost(CostCurve{LinearCurve}(LinearCurve(58.907, 173.53), UnitSystem.NATURAL_UNITS = 2, LinearCurve(0.0, 0.0)), 0.0, 0.0, 0.0)",100.0,"(up = 1.0, down = 1.0)",false,OT,MUNICIPAL_WASTE,Service[],10000.0,,bus-1086,1086,"Area(0, 0.0, 0.0, 0.0, Dict{String, Any}(""I"" => """", ""ARNAME"" => """", ""PTOL"" => """", ""PDES"" => """", ""ISW"" => """"))"
gen-1977,true,true,0.0,0.0,0.13935924798878618,"(min = 0.0, max = 0.01)","(min = -0.095, max = 0.139)","(up = 2.64e-5, down = 2.64e-5)","ThermalGenerationCost(CostCurve{LinearCurve}(LinearCurve(22.409643000000003, 554.685123), UnitSystem.NATURAL_UNITS = 2, LinearCurve(0.0, 0.0)), 0.0, 0.0, 0.0)",100.0,"(up = 12.0, down = 6.0)",false,ST,MUNICIPAL_WASTE,Service[],10000.0,,bus-245,245,"Area(0, 0.0, 0.0, 0.0, Dict{String, Any}(""I"" => """", ""ARNAME"" => """", ""PTOL"" => """", ""PDES"" => """", ""ISW"" => """"))"
gen-1329,true,true,0.0,0.0,0.011000000000000001,"(min = 0.0, max = 0.011000000000000001)","(min = 0.0, max = 0.0)","(up = 0.0001, down = 0.0001)","ThermalGenerationCost(CostCurve{LinearCurve}(LinearCurve(24.5037276, 248.251086), UnitSystem.NATURAL_UNITS = 2, LinearCurve(0.0, 0.0)), 0.0, 0.0, 0.0)",100.0,"(up = 1.0, down = 1.0)",false,OT,NATURAL_GAS,Service[],10000.0,,bus-1810,1810,"Area(0, 0.0, 0.0, 0.0, Dict{String, Any}(""I"" => """", ""ARNAME"" => """", ""PTOL"" => """", ""PDES"" => """", ""ISW"" => """"))"
gen-1822,true,true,0.0,0.0,0.23221852768220042,"(min = 0.0, max = 0.016)","(min = -0.13699999999999998, max = 0.231666667)","(up = 0.0001, down = 0.0001)","ThermalGenerationCost(CostCurve{LinearCurve}(LinearCurve(58.907, 173.53), UnitSystem.NATURAL_UNITS = 2, LinearCurve(0.0, 0.0)), 0.0, 0.0, 0.0)",100.0,"(up = 1.0, down = 1.0)",false,OT,MUNICIPAL_WASTE,Service[],10000.0,,bus-1333,1333,"Area(0, 0.0, 0.0, 0.0, Dict{String, Any}(""I"" => """", ""ARNAME"" => """", ""PTOL"" => """", ""PDES"" => """", ""ISW"" => """"))"
gen-487,true,true,0.231001705,0.0,0.25671969149249146,"(min = 0.0, max = 0.231)","(min = -0.077, max = 0.11199999999999999)","(up = 0.0014000000000000002, down = 0.0014000000000000002)","ThermalGenerationCost(CostCurve{LinearCurve}(LinearCurve(8.40984319, 222.512216), UnitSystem.NATURAL_UNITS = 2, LinearCurve(0.0, 0.0)), 0.0, 0.0, 0.0)",100.0,"(up = 1.0, down = 0.0)",false,CT,NATURAL_GAS,Service[],10000.0,,bus-1653,1653,"Area(0, 0.0, 0.0, 0.0, Dict{String, Any}(""I"" => """", ""ARNAME"" => """", ""PTOL"" => """", ""PDES"" => """", ""ISW"" => """"))"
gen-503,true,true,0.0500003694,0.0,0.14042532373691463,"(min = 0.0, max = 0.05)","(min = -0.0760444444, max = 0.131222222)","(up = 0.0001, down = 0.0001)","ThermalGenerationCost(CostCurve{LinearCurve}(LinearCurve(0.0, 0.0), UnitSystem.NATURAL_UNITS = 2, LinearCurve(0.0, 0.0)), 0.0, 0.0, 0.0)",100.0,"(up = 1000.0, down = 300.0)",false,OT,GEOTHERMAL,Service[],10000.0,,bus-1620,1620,"Area(0, 0.0, 0.0, 0.0, Dict{String, Any}(""I"" => """", ""ARNAME"" => """", ""PTOL"" => """", ""PDES"" => """", ""ISW"" => """"))"
gen-366,true,true,0.0,0.0,0.30934518622226675,"(min = 0.0, max = 0.025)","(min = -0.20800000000000002, max = 0.308333333)","(up = 0.0001, down = 0.0001)","ThermalGenerationCost(CostCurve{LinearCurve}(LinearCurve(25.05, 57.6), UnitSystem.NATURAL_UNITS = 2, LinearCurve(0.0, 0.0)), 0.0, 0.0, 0.0)",100.0,"(up = 1.0, down = 1.0)",false,IC,RESIDUAL_FUEL_OIL,Service[],10000.0,,bus-1752,1752,"Area(0, 0.0, 0.0, 0.0, Dict{String, Any}(""I"" => """", ""ARNAME"" => """", ""PTOL"" => """", ""PDES"" => """", ""ISW"" => """"))"
gen-212,true,true,0.8530063,0.0,1.0037180879111425,"(min = 0.0, max = 0.853)","(min = -0.284, max = 0.529)","(up = 0.0014000000000000002, down = 0.0014000000000000002)","ThermalGenerationCost(CostCurve{LinearCurve}(LinearCurve(8.49648297, 1399.03018), UnitSystem.NATURAL_UNITS = 2, LinearCurve(0.0, 0.0)), 0.0, 0.0, 0.0)",100.0,"(up = 1.0, down = 0.0)",false,CT,NATURAL_GAS,Service[],10000.0,,bus-346,346,"Area(0, 0.0, 0.0, 0.0, Dict{String, Any}(""I"" => """", ""ARNAME"" => """", ""PTOL"" => """", ""PDES"" => """", ""ISW"" => """"))"
gen-823,true,true,3.00002216,0.0,3.1915389704655026,"(min = 0.0, max = 3.0)","(min = -1.089, max = 1.089)","(up = 0.0014000000000000002, down = 0.0014000000000000002)","ThermalGenerationCost(CostCurve{LinearCurve}(LinearCurve(13.8353416, 749.289673), UnitSystem.NATURAL_UNITS = 2, LinearCurve(0.0, 0.0)), 0.0, 0.0, 0.0)",100.0,"(up = 1.0, down = 1.0)",false,CT,NATURAL_GAS,Service[],10000.0,,bus-282,282,"Area(0, 0.0, 0.0, 0.0, Dict{String, Any}(""I"" => """", ""ARNAME"" => """", ""PTOL"" => """", ""PDES"" => """", ""ISW"" => """"))"
gen-1809,true,true,0.0,0.0,0.011000000000000001,"(min = 0.0, max = 0.011000000000000001)","(min = 0.0, max = 0.0)","(up = 0.0001, down = 0.0001)","ThermalGenerationCost(CostCurve{LinearCurve}(LinearCurve(24.5037276, 248.251086), UnitSystem.NATURAL_UNITS = 2, LinearCurve(0.0, 0.0)), 0.0, 0.0, 0.0)",100.0,"(up = 1.0, down = 1.0)",false,OT,NATURAL_GAS,Service[],10000.0,,bus-1608,1608,"Area(0, 0.0, 0.0, 0.0, Dict{String, Any}(""I"" => """", ""ARNAME"" => """", ""PTOL"" => """", ""PDES"" => """", ""ISW"" => """"))"
gen-871,true,true,0.47000346299999995,0.0,0.5527938132794179,"(min = 0.0, max = 0.47)","(min = -0.157, max = 0.29100000000000004)","(up = 0.002475, down = 0.002475)","ThermalGenerationCost(CostCurve{LinearCurve}(LinearCurve(14.024371000000002, 288.666409), UnitSystem.NATURAL_UNITS = 2, LinearCurve(0.0, 0.0)), 0.0, 0.0, 0.0)",100.0,"(up = 1.0, down = 0.0)",false,GT,NATURAL_GAS,Service[],10000.0,,bus-1785,1785,"Area(0, 0.0, 0.0, 0.0, Dict{String, Any}(""I"" => """", ""ARNAME"" => """", ""PTOL"" => """", ""PDES"" => """", ""ISW"" => """"))"
gen-807,true,true,0.112823805,0.0,0.23532105728132366,"(min = 0.0, max = 0.2)","(min = -0.067, max = 0.124)","(up = 0.0001, down = 0.0001)","ThermalGenerationCost(CostCurve{LinearCurve}(LinearCurve(16.3717119, 243.095114), UnitSystem.NATURAL_UNITS = 2, LinearCurve(0.0, 0.0)), 0.0, 0.0, 0.0)",100.0,"(up = 1.0, down = 1.0)",false,OT,OTHER_GAS,Service[],10000.0,,bus-1592,1592,"Area(0, 0.0, 0.0, 0.0, Dict{String, Any}(""I"" => """", ""ARNAME"" => """", ""PTOL"" => """", ""PDES"" => """", ""ISW"" => """"))"
gen-49,true,true,0.16700123300000003,0.0,0.2087333343829329,"(min = 0.0, max = 0.16699999999999998)","(min = -0.0556666667, max = 0.125222222)","(up = 0.0001, down = 0.0001)","ThermalGenerationCost(CostCurve{LinearCurve}(LinearCurve(6.603145, 74.6992503), UnitSystem.NATURAL_UNITS = 2, LinearCurve(0.0, 0.0)), 0.0, 0.0, 0.0)",100.0,"(up = 1.0, down = 1.0)",false,IC,NATURAL_GAS,Service[],10000.0,,bus-170,170,"Area(0, 0.0, 0.0, 0.0, Dict{String, Any}(""I"" => """", ""ARNAME"" => """", ""PTOL"" => """", ""PDES"" => """", ""ISW"" => """"))"
gen-483,true,true,0.49500362600000003,0.0,0.5563640894234638,"(min = 0.0, max = 0.495)","(min = -0.165, max = 0.254)","(up = 0.002475, down = 0.002475)","ThermalGenerationCost(CostCurve{LinearCurve}(LinearCurve(14.5989327, 282.135082), UnitSystem.NATURAL_UNITS = 2, LinearCurve(0.0, 0.0)), 0.0, 0.0, 0.0)",100.0,"(up = 1.0, down = 0.0)",false,GT,NATURAL_GAS,Service[],10000.0,,bus-1753,1753,"Area(0, 0.0, 0.0, 0.0, Dict{String, Any}(""I"" => """", ""ARNAME"" => """", ""PTOL"" => """", ""PDES"" => """", ""ISW"" => """"))"
gen-911,true,true,1.79665827,0.0,2.694004639936613,"(min = 0.0, max = 2.29)","(min = -0.763, max = 1.419)","(up = 0.0014000000000000002, down = 0.0014000000000000002)","ThermalGenerationCost(CostCurve{LinearCurve}(LinearCurve(13.471932000000002, 874.243191), UnitSystem.NATURAL_UNITS = 2, LinearCurve(0.0, 0.0)), 0.0, 0.0, 0.0)",100.0,"(up = 1.0, down = 1.0)",false,CT,NATURAL_GAS,Service[],10000.0,,bus-8752,8752,"Area(0, 0.0, 0.0, 0.0, Dict{String, Any}(""I"" => """", ""ARNAME"" => """", ""PTOL"" => """", ""PDES"" => """", ""ISW"" => """"))"
gen-799,true,true,0.19000140399999998,0.0,0.2309096610075405,"(min = 0.0, max = 0.19)","(min = -0.0760444444, max = 0.131222222)","(up = 0.0001, down = 0.0001)","ThermalGenerationCost(CostCurve{LinearCurve}(LinearCurve(0.0, 0.0), UnitSystem.NATURAL_UNITS = 2, LinearCurve(0.0, 0.0)), 0.0, 0.0, 0.0)",100.0,"(up = 1000.0, down = 300.0)",false,OT,GEOTHERMAL,Service[],10000.0,,bus-1721,1721,"Area(0, 0.0, 0.0, 0.0, Dict{String, Any}(""I"" => """", ""ARNAME"" => """", ""PTOL"" => """", ""PDES"" => """", ""ISW"" => """"))"
gen-2110,true,true,0.0,0.0,0.02,"(min = 0.0, max = 0.02)","(min = 0.0, max = 0.0)","(up = 0.0001, down = 0.0001)","ThermalGenerationCost(CostCurve{LinearCurve}(LinearCurve(24.5037276, 248.251086), UnitSystem.NATURAL_UNITS = 2, LinearCurve(0.0, 0.0)), 0.0, 0.0, 0.0)",100.0,"(up = 1.0, down = 1.0)",false,OT,NATURAL_GAS,Service[],10000.0,,bus-2370,2370,"Area(0, 0.0, 0.0, 0.0, Dict{String, Any}(""I"" => """", ""ARNAME"" => """", ""PTOL"" => """", ""PDES"" => """", ""ISW"" => """"))"
gen-907,true,true,0.5830043069999999,0.0,0.6476210311594273,"(min = 0.0, max = 0.583)","(min = -0.19399999999999998, max = 0.282)","(up = 0.0001, down = 0.0001)","ThermalGenerationCost(CostCurve{LinearCurve}(LinearCurve(0.0, 0.0), UnitSystem.NATURAL_UNITS = 2, LinearCurve(0.0, 0.0)), 0.0, 0.0, 0.0)",100.0,"(up = 1000.0, down = 300.0)",false,OT,GEOTHERMAL,Service[],10000.0,,bus-2044,2044,"Area(0, 0.0, 0.0, 0.0, Dict{String, Any}(""I"" => """", ""ARNAME"" => """", ""PTOL"" => """", ""PDES"" => """", ""ISW"" => """"))"
gen-827,true,true,2.13071417,0.0,2.7,"(min = 0.0, max = 2.7)","(min = 0.0, max = 0.0)","(up = 0.0014000000000000002, down = 0.0014000000000000002)","ThermalGenerationCost(CostCurve{LinearCurve}(LinearCurve(13.5099476, 1006.75797), UnitSystem.NATURAL_UNITS = 2, LinearCurve(0.0, 0.0)), 0.0, 0.0, 0.0)",100.0,"(up = 1.0, down = 1.0)",false,CT,NATURAL_GAS,Service[],10000.0,,bus-1937,1937,"Area(0, 0.0, 0.0, 0.0, Dict{String, Any}(""I"" => """", ""ARNAME"" => """", ""PTOL"" => """", ""PDES"" => """", ""ISW"" => """"))"
gen-423,true,true,0.49800367799999995,0.0,0.5532494916400738,"(min = 0.0, max = 0.498)","(min = -0.166, max = 0.24100000000000002)","(up = 0.0014000000000000002, down = 0.0014000000000000002)","ThermalGenerationCost(CostCurve{LinearCurve}(LinearCurve(9.40230679, 968.448887), UnitSystem.NATURAL_UNITS = 2, LinearCurve(0.0, 0.0)), 0.0, 0.0, 0.0)",100.0,"(up = 1.0, down = 0.0)",false,CT,NATURAL_GAS,Service[],10000.0,,bus-1775,1775,"Area(0, 0.0, 0.0, 0.0, Dict{String, Any}(""I"" => """", ""ARNAME"" => """", ""PTOL"" => """", ""PDES"" => """", ""ISW"" => """"))"
gen-1770,true,true,0.0,0.0,0.23414833887706504,"(min = 0.0, max = 0.034)","(min = -0.13699999999999998, max = 0.231666667)","(up = 0.0001, down = 0.0001)","ThermalGenerationCost(CostCurve{LinearCurve}(LinearCurve(58.907, 173.53), UnitSystem.NATURAL_UNITS = 2, LinearCurve(0.0, 0.0)), 0.0, 0.0, 0.0)",100.0,"(up = 1.0, down = 1.0)",false,OT,MUNICIPAL_WASTE,Service[],10000.0,,bus-692,692,"Area(0, 0.0, 0.0, 0.0, Dict{String, Any}(""I"" => """", ""ARNAME"" => """", ""PTOL"" => """", ""PDES"" => """", ""ISW"" => """"))"
gen-922,true,true,1.83553742,0.0,2.3401730705227766,"(min = 0.0, max = 1.989)","(min = -0.6629999999999999, max = 1.2329999999999999)","(up = 0.0014000000000000002, down = 0.0014000000000000002)","ThermalGenerationCost(CostCurve{LinearCurve}(LinearCurve(12.5075294, 2412.81753), UnitSystem.NATURAL_UNITS = 2, LinearCurve(0.0, 0.0)), 0.0, 0.0, 0.0)",100.0,"(up = 1.0, down = 1.0)",false,CT,NATURAL_GAS,Service[],10000.0,,bus-1694,1694,"Area(0, 0.0, 0.0, 0.0, Dict{String, Any}(""I"" => """", ""ARNAME"" => """", ""PTOL"" => """", ""PDES"" => """", ""ISW"" => """"))"
gen-554,true,true,0.300002216,0.0,0.3332041416309227,"(min = 0.0, max = 0.3)","(min = -0.1, max = 0.145)","(up = 0.0001, down = 0.0001)","ThermalGenerationCost(CostCurve{LinearCurve}(LinearCurve(0.0, 0.0), UnitSystem.NATURAL_UNITS = 2, LinearCurve(0.0, 0.0)), 0.0, 0.0, 0.0)",100.0,"(up = 1000.0, down = 300.0)",false,OT,GEOTHERMAL,Service[],10000.0,,bus-1657,1657,"Area(0, 0.0, 0.0, 0.0, Dict{String, Any}(""I"" => """", ""ARNAME"" => """", ""PTOL"" => """", ""PDES"" => """", ""ISW"" => """"))"
gen-1608,true,true,0.0200001458,0.0,0.24645799869899926,"(min = 0.0, max = 0.02)","(min = -0.143219355, max = 0.245645161)","(up = 0.002475, down = 0.002475)","ThermalGenerationCost(CostCurve{LinearCurve}(LinearCurve(13.502241700000003, 315.964182), UnitSystem.NATURAL_UNITS = 2, LinearCurve(0.0, 0.0)), 0.0, 0.0, 0.0)",100.0,"(up = 1.0, down = 0.0)",false,GT,NATURAL_GAS,Service[],10000.0,,bus-43,43,"Area(0, 0.0, 0.0, 0.0, Dict{String, Any}(""I"" => """", ""ARNAME"" => """", ""PTOL"" => """", ""PDES"" => """", ""ISW"" => """"))"
gen-1824,true,true,0.0,0.0,0.23221852768220042,"(min = 0.0, max = 0.016)","(min = -0.13699999999999998, max = 0.231666667)","(up = 0.0001, down = 0.0001)","ThermalGenerationCost(CostCurve{LinearCurve}(LinearCurve(58.907, 173.53), UnitSystem.NATURAL_UNITS = 2, LinearCurve(0.0, 0.0)), 0.0, 0.0, 0.0)",100.0,"(up = 1.0, down = 1.0)",false,OT,MUNICIPAL_WASTE,Service[],10000.0,,bus-1333,1333,"Area(0, 0.0, 0.0, 0.0, Dict{String, Any}(""I"" => """", ""ARNAME"" => """", ""PTOL"" => """", ""PDES"" => """", ""ISW"" => """"))"
gen-651,true,true,0.0120000864,0.0,0.24593809205309355,"(min = 0.0, max = 0.012)","(min = -0.143219355, max = 0.245645161)","(up = 0.002475, down = 0.002475)","ThermalGenerationCost(CostCurve{LinearCurve}(LinearCurve(13.502241700000003, 315.964182), UnitSystem.NATURAL_UNITS = 2, LinearCurve(0.0, 0.0)), 0.0, 0.0, 0.0)",100.0,"(up = 1.0, down = 0.0)",false,GT,NATURAL_GAS,Service[],10000.0,,bus-394,394,"Area(0, 0.0, 0.0, 0.0, Dict{String, Any}(""I"" => """", ""ARNAME"" => """", ""PTOL"" => """", ""PDES"" => """", ""ISW"" => """"))"
gen-939,true,true,0.0,0.0,0.13935924798878618,"(min = 0.0, max = 0.01)","(min = -0.095, max = 0.139)","(up = 2.64e-5, down = 2.64e-5)","ThermalGenerationCost(CostCurve{LinearCurve}(LinearCurve(22.409643000000003, 554.685123), UnitSystem.NATURAL_UNITS = 2, LinearCurve(0.0, 0.0)), 0.0, 0.0, 0.0)",100.0,"(up = 12.0, down = 6.0)",false,ST,MUNICIPAL_WASTE,Service[],10000.0,,bus-1791,1791,"Area(0, 0.0, 0.0, 0.0, Dict{String, Any}(""I"" => """", ""ARNAME"" => """", ""PTOL"" => """", ""PDES"" => """", ""ISW"" => """"))"
gen-1276,true,true,0.150000993,0.0,0.630407282978559,"(min = 0.0, max = 0.15)","(min = -0.358709497, max = 0.612301676)","(up = 0.0014000000000000002, down = 0.0014000000000000002)","ThermalGenerationCost(CostCurve{LinearCurve}(LinearCurve(16.3717118, 401.19412), UnitSystem.NATURAL_UNITS = 2, LinearCurve(0.0, 0.0)), 0.0, 0.0, 0.0)",100.0,"(up = 1.0, down = 0.0)",false,CT,NATURAL_GAS,Service[],10000.0,,bus-1879,1879,"Area(0, 0.0, 0.0, 0.0, Dict{String, Any}(""I"" => """", ""ARNAME"" => """", ""PTOL"" => """", ""PDES"" => """", ""ISW"" => """"))"
gen-1032,true,true,0.0,0.0,0.2324444978890421,"(min = 0.0, max = 0.019)","(min = -0.13699999999999998, max = 0.231666667)","(up = 0.0001, down = 0.0001)","ThermalGenerationCost(CostCurve{LinearCurve}(LinearCurve(58.907, 173.53), UnitSystem.NATURAL_UNITS = 2, LinearCurve(0.0, 0.0)), 0.0, 0.0, 0.0)",100.0,"(up = 1.0, down = 1.0)",false,OT,MUNICIPAL_WASTE,Service[],10000.0,,bus-1199,1199,"Area(0, 0.0, 0.0, 0.0, Dict{String, Any}(""I"" => """", ""ARNAME"" => """", ""PTOL"" => """", ""PDES"" => """", ""ISW"" => """"))"
gen-876,true,true,0.8859145169999999,0.0,1.0589447577659563,"(min = 0.0, max = 0.9)","(min = -0.3, max = 0.5579999999999999)","(up = 0.0014000000000000002, down = 0.0014000000000000002)","ThermalGenerationCost(CostCurve{LinearCurve}(LinearCurve(15.5762676, 1051.6882), UnitSystem.NATURAL_UNITS = 2, LinearCurve(0.0, 0.0)), 0.0, 0.0, 0.0)",100.0,"(up = 1.0, down = 0.0)",false,CT,NATURAL_GAS,Service[],10000.0,,bus-220,220,"Area(0, 0.0, 0.0, 0.0, Dict{String, Any}(""I"" => """", ""ARNAME"" => """", ""PTOL"" => """", ""PDES"" => """", ""ISW"" => """"))"
gen-223,true,true,0.66971731,0.0,1.109533931487774,"(min = 0.0, max = 1.082)","(min = -0.143219355, max = 0.245645161)","(up = 0.002475, down = 0.002475)","ThermalGenerationCost(CostCurve{LinearCurve}(LinearCurve(16.8059313, 372.365163), UnitSystem.NATURAL_UNITS = 2, LinearCurve(0.0, 0.0)), 0.0, 0.0, 0.0)",100.0,"(up = 1.0, down = 1.0)",false,GT,NATURAL_GAS,Service[],10000.0,,bus-2401,2401,"Area(0, 0.0, 0.0, 0.0, Dict{String, Any}(""I"" => """", ""ARNAME"" => """", ""PTOL"" => """", ""PDES"" => """", ""ISW"" => """"))"
gen-442,true,true,0.526990599,0.0,0.7117935093831638,"(min = 0.0, max = 0.605)","(min = -0.20199999999999999, max = 0.375)","(up = 0.002475, down = 0.002475)","ThermalGenerationCost(CostCurve{LinearCurve}(LinearCurve(14.293201, 299.758091), UnitSystem.NATURAL_UNITS = 2, LinearCurve(0.0, 0.0)), 0.0, 0.0, 0.0)",100.0,"(up = 1.0, down = 0.0)",false,GT,NATURAL_GAS,Service[],10000.0,,bus-351,351,"Area(0, 0.0, 0.0, 0.0, Dict{String, Any}(""I"" => """", ""ARNAME"" => """", ""PTOL"" => """", ""PDES"" => """", ""ISW"" => """"))"
gen-1007,true,true,0.527379789,0.0,0.7117935093831638,"(min = 0.0, max = 0.605)","(min = -0.20199999999999999, max = 0.375)","(up = 0.002475, down = 0.002475)","ThermalGenerationCost(CostCurve{LinearCurve}(LinearCurve(14.1903896, 301.04705), UnitSystem.NATURAL_UNITS = 2, LinearCurve(0.0, 0.0)), 0.0, 0.0, 0.0)",100.0,"(up = 1.0, down = 0.0)",false,GT,NATURAL_GAS,Service[],10000.0,,bus-198,198,"Area(0, 0.0, 0.0, 0.0, Dict{String, Any}(""I"" => """", ""ARNAME"" => """", ""PTOL"" => """", ""PDES"" => """", ""ISW"" => """"))"
gen-1257,true,true,0.698771617,0.0,1.3406959182166238,"(min = 0.0, max = 1.318)","(min = -0.143219355, max = 0.245645161)","(up = 0.002475, down = 0.002475)","ThermalGenerationCost(CostCurve{LinearCurve}(LinearCurve(15.1584724, 428.748492), UnitSystem.NATURAL_UNITS = 2, LinearCurve(0.0, 0.0)), 0.0, 0.0, 0.0)",100.0,"(up = 1.0, down = 1.0)",false,GT,NATURAL_GAS,Service[],10000.0,,bus-8003,8003,"Area(0, 0.0, 0.0, 0.0, Dict{String, Any}(""I"" => """", ""ARNAME"" => """", ""PTOL"" => """", ""PDES"" => """", ""ISW"" => """"))"
gen-861,true,true,0.499003645,0.0,0.5252589837404021,"(min = 0.0, max = 0.499)","(min = -0.16399999999999998, max = 0.16399999999999998)","(up = 0.002475, down = 0.002475)","ThermalGenerationCost(CostCurve{LinearCurve}(LinearCurve(14.5487374, 282.853676), UnitSystem.NATURAL_UNITS = 2, LinearCurve(0.0, 0.0)), 0.0, 0.0, 0.0)",100.0,"(up = 1.0, down = 0.0)",false,GT,NATURAL_GAS,Service[],10000.0,,bus-1882,1882,"Area(0, 0.0, 0.0, 0.0, Dict{String, Any}(""I"" => """", ""ARNAME"" => """", ""PTOL"" => """", ""PDES"" => """", ""ISW"" => """"))"
gen-691,true,true,0.0730005228,0.0,0.24226019070412705,"(min = 0.0, max = 0.073)","(min = -0.10300000000000001, max = 0.231)","(up = 0.0014000000000000002, down = 0.0014000000000000002)","ThermalGenerationCost(CostCurve{LinearCurve}(LinearCurve(16.3717118, 356.995615), UnitSystem.NATURAL_UNITS = 2, LinearCurve(0.0, 0.0)), 0.0, 0.0, 0.0)",100.0,"(up = 1.0, down = 0.0)",false,CT,NATURAL_GAS,Service[],10000.0,,bus-1847,1847,"Area(0, 0.0, 0.0, 0.0, Dict{String, Any}(""I"" => """", ""ARNAME"" => """", ""PTOL"" => """", ""PDES"" => """", ""ISW"" => """"))"
gen-502,true,true,0.0500003694,0.0,0.14042532373691463,"(min = 0.0, max = 0.05)","(min = -0.0760444444, max = 0.131222222)","(up = 0.0001, down = 0.0001)","ThermalGenerationCost(CostCurve{LinearCurve}(LinearCurve(0.0, 0.0), UnitSystem.NATURAL_UNITS = 2, LinearCurve(0.0, 0.0)), 0.0, 0.0, 0.0)",100.0,"(up = 1000.0, down = 300.0)",false,OT,GEOTHERMAL,Service[],10000.0,,bus-1620,1620,"Area(0, 0.0, 0.0, 0.0, Dict{String, Any}(""I"" => """", ""ARNAME"" => """", ""PTOL"" => """", ""PDES"" => """", ""ISW"" => """"))"
gen-257,true,true,0.510115506,0.0,0.7117935093831638,"(min = 0.0, max = 0.605)","(min = -0.20199999999999999, max = 0.375)","(up = 0.002475, down = 0.002475)","ThermalGenerationCost(CostCurve{LinearCurve}(LinearCurve(14.41881, 299.420007), UnitSystem.NATURAL_UNITS = 2, LinearCurve(0.0, 0.0)), 0.0, 0.0, 0.0)",100.0,"(up = 1.0, down = 0.0)",false,GT,NATURAL_GAS,Service[],10000.0,,bus-426,426,"Area(0, 0.0, 0.0, 0.0, Dict{String, Any}(""I"" => """", ""ARNAME"" => """", ""PTOL"" => """", ""PDES"" => """", ""ISW"" => """"))"
gen-843,true,true,1.84065279,0.0,2.764495614031609,"(min = 0.0, max = 2.35)","(min = -0.7829999999999999, max = 1.456)","(up = 0.0014000000000000002, down = 0.0014000000000000002)","ThermalGenerationCost(CostCurve{LinearCurve}(LinearCurve(13.4801274, 894.71564), UnitSystem.NATURAL_UNITS = 2, LinearCurve(0.0, 0.0)), 0.0, 0.0, 0.0)",100.0,"(up = 1.0, down = 1.0)",false,CT,NATURAL_GAS,Service[],10000.0,,bus-1820,1820,"Area(0, 0.0, 0.0, 0.0, Dict{String, Any}(""I"" => """", ""ARNAME"" => """", ""PTOL"" => """", ""PDES"" => """", ""ISW"" => """"))"
gen-1267,true,true,0.0350002568,0.0,0.24812606699562204,"(min = 0.0, max = 0.035)","(min = -0.143219355, max = 0.245645161)","(up = 0.002475, down = 0.002475)","ThermalGenerationCost(CostCurve{LinearCurve}(LinearCurve(13.502241700000003, 315.964182), UnitSystem.NATURAL_UNITS = 2, LinearCurve(0.0, 0.0)), 0.0, 0.0, 0.0)",100.0,"(up = 1.0, down = 0.0)",false,GT,NATURAL_GAS,Service[],10000.0,,bus-90,90,"Area(0, 0.0, 0.0, 0.0, Dict{String, Any}(""I"" => """", ""ARNAME"" => """", ""PTOL"" => """", ""PDES"" => """", ""ISW"" => """"))"
gen-576,true,true,0.183001349,0.0,0.21525204846618506,"(min = 0.0, max = 0.183)","(min = -0.061, max = 0.113333333)","(up = 0.0001, down = 0.0001)","ThermalGenerationCost(CostCurve{LinearCurve}(LinearCurve(14.0763425, 291.232287), UnitSystem.NATURAL_UNITS = 2, LinearCurve(0.0, 0.0)), 0.0, 0.0, 0.0)",100.0,"(up = 1.0, down = 1.0)",false,OT,OTHER_GAS,Service[],10000.0,,bus-8434,8434,"Area(0, 0.0, 0.0, 0.0, Dict{String, Any}(""I"" => """", ""ARNAME"" => """", ""PTOL"" => """", ""PDES"" => """", ""ISW"" => """"))"
gen-959,true,true,0.0290002138,0.0,0.03625,"(min = 0.0, max = 0.028999999999999998)","(min = -0.0096875, max = 0.02175)","(up = 0.0001, down = 0.0001)","ThermalGenerationCost(CostCurve{LinearCurve}(LinearCurve(6.603144, 23.06084), UnitSystem.NATURAL_UNITS = 2, LinearCurve(0.0, 0.0)), 0.0, 0.0, 0.0)",100.0,"(up = 1.0, down = 1.0)",false,IC,NATURAL_GAS,Service[],10000.0,,bus-1399,1399,"Area(0, 0.0, 0.0, 0.0, Dict{String, Any}(""I"" => """", ""ARNAME"" => """", ""PTOL"" => """", ""PDES"" => """", ""ISW"" => """"))"
gen-602,true,true,0.0,0.0,0.13908989898623123,"(min = 0.0, max = 0.005)","(min = -0.095, max = 0.139)","(up = 2.64e-5, down = 2.64e-5)","ThermalGenerationCost(CostCurve{LinearCurve}(LinearCurve(22.409643000000003, 554.685123), UnitSystem.NATURAL_UNITS = 2, LinearCurve(0.0, 0.0)), 0.0, 0.0, 0.0)",100.0,"(up = 12.0, down = 6.0)",false,ST,MUNICIPAL_WASTE,Service[],10000.0,,bus-1895,1895,"Area(0, 0.0, 0.0, 0.0, Dict{String, Any}(""I"" => """", ""ARNAME"" => """", ""PTOL"" => """", ""PDES"" => """", ""ISW"" => """"))"
gen-964,true,true,0.0290002138,0.0,0.03625,"(min = 0.0, max = 0.028999999999999998)","(min = -0.0096875, max = 0.02175)","(up = 0.0001, down = 0.0001)","ThermalGenerationCost(CostCurve{LinearCurve}(LinearCurve(6.603144, 23.06084), UnitSystem.NATURAL_UNITS = 2, LinearCurve(0.0, 0.0)), 0.0, 0.0, 0.0)",100.0,"(up = 1.0, down = 1.0)",false,IC,NATURAL_GAS,Service[],10000.0,,bus-1399,1399,"Area(0, 0.0, 0.0, 0.0, Dict{String, Any}(""I"" => """", ""ARNAME"" => """", ""PTOL"" => """", ""PDES"" => """", ""ISW"" => """"))"
gen-388,true,true,0.0390002864,0.0,0.2487218227713763,"(min = 0.0, max = 0.039)","(min = -0.143219355, max = 0.245645161)","(up = 0.002475, down = 0.002475)","ThermalGenerationCost(CostCurve{LinearCurve}(LinearCurve(13.502241700000003, 315.964182), UnitSystem.NATURAL_UNITS = 2, LinearCurve(0.0, 0.0)), 0.0, 0.0, 0.0)",100.0,"(up = 1.0, down = 0.0)",false,GT,NATURAL_GAS,Service[],10000.0,,bus-2409,2409,"Area(0, 0.0, 0.0, 0.0, Dict{String, Any}(""I"" => """", ""ARNAME"" => """", ""PTOL"" => """", ""PDES"" => """", ""ISW"" => """"))"
gen-1019,true,true,0.66971731,0.0,1.1999704163020022,"(min = 0.0, max = 1.08)","(min = -0.36, max = 0.523)","(up = 0.002475, down = 0.002475)","ThermalGenerationCost(CostCurve{LinearCurve}(LinearCurve(16.8059313, 372.365163), UnitSystem.NATURAL_UNITS = 2, LinearCurve(0.0, 0.0)), 0.0, 0.0, 0.0)",100.0,"(up = 1.0, down = 1.0)",false,GT,NATURAL_GAS,Service[],10000.0,,bus-8461,8461,"Area(0, 0.0, 0.0, 0.0, Dict{String, Any}(""I"" => """", ""ARNAME"" => """", ""PTOL"" => """", ""PDES"" => """", ""ISW"" => """"))"
gen-909,true,true,1.65001219,0.0,1.94139872257092,"(min = 0.0, max = 1.65)","(min = -0.55, max = 1.023)","(up = 0.0014000000000000002, down = 0.0014000000000000002)","ThermalGenerationCost(CostCurve{LinearCurve}(LinearCurve(9.85547484, 2421.88088), UnitSystem.NATURAL_UNITS = 2, LinearCurve(0.0, 0.0)), 0.0, 0.0, 0.0)",100.0,"(up = 1.0, down = 1.0)",false,CT,NATURAL_GAS,Service[],10000.0,,bus-8752,8752,"Area(0, 0.0, 0.0, 0.0, Dict{String, Any}(""I"" => """", ""ARNAME"" => """", ""PTOL"" => """", ""PDES"" => """", ""ISW"" => """"))"
gen-1215,true,true,0.0,0.0,0.13900359707575918,"(min = 0.0, max = 0.001)","(min = -0.095, max = 0.139)","(up = 2.64e-5, down = 2.64e-5)","ThermalGenerationCost(CostCurve{LinearCurve}(LinearCurve(22.409643000000003, 554.685123), UnitSystem.NATURAL_UNITS = 2, LinearCurve(0.0, 0.0)), 0.0, 0.0, 0.0)",100.0,"(up = 12.0, down = 6.0)",false,ST,MUNICIPAL_WASTE,Service[],10000.0,,bus-426,426,"Area(0, 0.0, 0.0, 0.0, Dict{String, Any}(""I"" => """", ""ARNAME"" => """", ""PTOL"" => """", ""PDES"" => """", ""ISW"" => """"))"
gen-509,true,true,0.0500003694,0.0,0.14042532373691463,"(min = 0.0, max = 0.05)","(min = -0.0760444444, max = 0.131222222)","(up = 0.0001, down = 0.0001)","ThermalGenerationCost(CostCurve{LinearCurve}(LinearCurve(0.0, 0.0), UnitSystem.NATURAL_UNITS = 2, LinearCurve(0.0, 0.0)), 0.0, 0.0, 0.0)",100.0,"(up = 1000.0, down = 300.0)",false,OT,GEOTHERMAL,Service[],10000.0,,bus-1620,1620,"Area(0, 0.0, 0.0, 0.0, Dict{String, Any}(""I"" => """", ""ARNAME"" => """", ""PTOL"" => """", ""PDES"" => """", ""ISW"" => """"))"
gen-413,true,true,0.5000036529999999,0.0,0.5262090839200707,"(min = 0.0, max = 0.5)","(min = -0.16399999999999998, max = 0.16399999999999998)","(up = 0.002475, down = 0.002475)","ThermalGenerationCost(CostCurve{LinearCurve}(LinearCurve(14.5133198, 283.091952), UnitSystem.NATURAL_UNITS = 2, LinearCurve(0.0, 0.0)), 0.0, 0.0, 0.0)",100.0,"(up = 1.0, down = 0.0)",false,GT,NATURAL_GAS,Service[],10000.0,,bus-1787,1787,"Area(0, 0.0, 0.0, 0.0, Dict{String, Any}(""I"" => """", ""ARNAME"" => """", ""PTOL"" => """", ""PDES"" => """", ""ISW"" => """"))"
gen-463,true,true,0.0,0.0,0.26666857502572366,"(min = 0.0, max = 0.192)","(min = -0.10325, max = 0.18506250000000002)","(up = 2.64e-5, down = 2.64e-5)","ThermalGenerationCost(CostCurve{LinearCurve}(LinearCurve(34.9374205, 111.511326), UnitSystem.NATURAL_UNITS = 2, LinearCurve(0.0, 0.0)), 0.0, 0.0, 0.0)",100.0,"(up = 12.0, down = 6.0)",false,ST,WOOD_WASTE_SOLIDS,Service[],10000.0,,bus-751,751,"Area(0, 0.0, 0.0, 0.0, Dict{String, Any}(""I"" => """", ""ARNAME"" => """", ""PTOL"" => """", ""PDES"" => """", ""ISW"" => """"))"
gen-847,true,true,1.74439606,0.0,2.500119997120138,"(min = 0.0, max = 2.25)","(min = -0.75, max = 1.09)","(up = 0.0014000000000000002, down = 0.0014000000000000002)","ThermalGenerationCost(CostCurve{LinearCurve}(LinearCurve(13.4670144, 856.628186), UnitSystem.NATURAL_UNITS = 2, LinearCurve(0.0, 0.0)), 0.0, 0.0, 0.0)",100.0,"(up = 1.0, down = 1.0)",false,CT,NATURAL_GAS,Service[],10000.0,,bus-1671,1671,"Area(0, 0.0, 0.0, 0.0, Dict{String, Any}(""I"" => """", ""ARNAME"" => """", ""PTOL"" => """", ""PDES"" => """", ""ISW"" => """"))"
gen-1548,true,true,0.0,0.0,0.004,"(min = 0.0, max = 0.004)","(min = 0.0, max = 0.0)","(up = 0.0001, down = 0.0001)","ThermalGenerationCost(CostCurve{LinearCurve}(LinearCurve(24.5037276, 248.251086), UnitSystem.NATURAL_UNITS = 2, LinearCurve(0.0, 0.0)), 0.0, 0.0, 0.0)",100.0,"(up = 1.0, down = 1.0)",false,OT,NATURAL_GAS,Service[],10000.0,,bus-535,535,"Area(0, 0.0, 0.0, 0.0, Dict{String, Any}(""I"" => """", ""ARNAME"" => """", ""PTOL"" => """", ""PDES"" => """", ""ISW"" => """"))"
gen-632,true,true,0.11596471400000001,0.0,0.2927746573732091,"(min = 0.0, max = 0.249)","(min = -0.083, max = 0.154)","(up = 0.002475, down = 0.002475)","ThermalGenerationCost(CostCurve{LinearCurve}(LinearCurve(15.0063715, 144.713646), UnitSystem.NATURAL_UNITS = 2, LinearCurve(0.0, 0.0)), 0.0, 0.0, 0.0)",100.0,"(up = 1.0, down = 0.0)",false,GT,NATURAL_GAS,Service[],10000.0,,bus-248,248,"Area(0, 0.0, 0.0, 0.0, Dict{String, Any}(""I"" => """", ""ARNAME"" => """", ""PTOL"" => """", ""PDES"" => """", ""ISW"" => """"))"
gen-1221,true,true,0.0,0.0,0.13900359707575918,"(min = 0.0, max = 0.001)","(min = -0.095, max = 0.139)","(up = 2.64e-5, down = 2.64e-5)","ThermalGenerationCost(CostCurve{LinearCurve}(LinearCurve(22.409643000000003, 554.685123), UnitSystem.NATURAL_UNITS = 2, LinearCurve(0.0, 0.0)), 0.0, 0.0, 0.0)",100.0,"(up = 12.0, down = 6.0)",false,ST,MUNICIPAL_WASTE,Service[],10000.0,,bus-426,426,"Area(0, 0.0, 0.0, 0.0, Dict{String, Any}(""I"" => """", ""ARNAME"" => """", ""PTOL"" => """", ""PDES"" => """", ""ISW"" => """"))"
gen-958,true,true,0.0290002138,0.0,0.03625,"(min = 0.0, max = 0.028999999999999998)","(min = -0.0096875, max = 0.02175)","(up = 0.0001, down = 0.0001)","ThermalGenerationCost(CostCurve{LinearCurve}(LinearCurve(6.603144, 23.06084), UnitSystem.NATURAL_UNITS = 2, LinearCurve(0.0, 0.0)), 0.0, 0.0, 0.0)",100.0,"(up = 1.0, down = 1.0)",false,IC,NATURAL_GAS,Service[],10000.0,,bus-1399,1399,"Area(0, 0.0, 0.0, 0.0, Dict{String, Any}(""I"" => """", ""ARNAME"" => """", ""PTOL"" => """", ""PDES"" => """", ""ISW"" => """"))"
gen-938,true,true,0.0,0.0,0.13935924798878618,"(min = 0.0, max = 0.01)","(min = -0.095, max = 0.139)","(up = 2.64e-5, down = 2.64e-5)","ThermalGenerationCost(CostCurve{LinearCurve}(LinearCurve(22.409643000000003, 554.685123), UnitSystem.NATURAL_UNITS = 2, LinearCurve(0.0, 0.0)), 0.0, 0.0, 0.0)",100.0,"(up = 12.0, down = 6.0)",false,ST,MUNICIPAL_WASTE,Service[],10000.0,,bus-1791,1791,"Area(0, 0.0, 0.0, 0.0, Dict{String, Any}(""I"" => """", ""ARNAME"" => """", ""PTOL"" => """", ""PDES"" => """", ""ISW"" => """"))"
gen-993,true,true,0.49800363500000006,0.0,0.5552887042995887,"(min = 0.0, max = 0.498)","(min = -0.143219355, max = 0.245645161)","(up = 0.002475, down = 0.002475)","ThermalGenerationCost(CostCurve{LinearCurve}(LinearCurve(14.512150300000002, 283.415806), UnitSystem.NATURAL_UNITS = 2, LinearCurve(0.0, 0.0)), 0.0, 0.0, 0.0)",100.0,"(up = 1.0, down = 0.0)",false,GT,NATURAL_GAS,Service[],10000.0,,bus-1481,1481,"Area(0, 0.0, 0.0, 0.0, Dict{String, Any}(""I"" => """", ""ARNAME"" => """", ""PTOL"" => """", ""PDES"" => """", ""ISW"" => """"))"
gen-545,true,true,0.0,0.0,0.32966043135323353,"(min = 0.0, max = 0.28)","(min = -0.09300000000000001, max = 0.174)","(up = 2.64e-5, down = 2.64e-5)","ThermalGenerationCost(CostCurve{LinearCurve}(LinearCurve(34.7819238, 163.50205), UnitSystem.NATURAL_UNITS = 2, LinearCurve(0.0, 0.0)), 0.0, 0.0, 0.0)",100.0,"(up = 12.0, down = 6.0)",false,ST,WOOD_WASTE_SOLIDS,Service[],10000.0,,bus-138,138,"Area(0, 0.0, 0.0, 0.0, Dict{String, Any}(""I"" => """", ""ARNAME"" => """", ""PTOL"" => """", ""PDES"" => """", ""ISW"" => """"))"
gen-998,true,true,0.49800364199999997,0.0,0.586075933646827,"(min = 0.0, max = 0.498)","(min = -0.166, max = 0.309)","(up = 0.002475, down = 0.002475)","ThermalGenerationCost(CostCurve{LinearCurve}(LinearCurve(14.5549427, 282.734891), UnitSystem.NATURAL_UNITS = 2, LinearCurve(0.0, 0.0)), 0.0, 0.0, 0.0)",100.0,"(up = 1.0, down = 0.0)",false,GT,NATURAL_GAS,Service[],10000.0,,bus-8569,8569,"Area(0, 0.0, 0.0, 0.0, Dict{String, Any}(""I"" => """", ""ARNAME"" => """", ""PTOL"" => """", ""PDES"" => """", ""ISW"" => """"))"
gen-675,true,true,0.314002317,0.0,0.34885527085024814,"(min = 0.0, max = 0.314)","(min = -0.105, max = 0.152)","(up = 0.002475, down = 0.002475)","ThermalGenerationCost(CostCurve{LinearCurve}(LinearCurve(12.2346869, 259.979857), UnitSystem.NATURAL_UNITS = 2, LinearCurve(0.0, 0.0)), 0.0, 0.0, 0.0)",100.0,"(up = 1.0, down = 0.0)",false,GT,NATURAL_GAS,Service[],10000.0,,bus-1674,1674,"Area(0, 0.0, 0.0, 0.0, Dict{String, Any}(""I"" => """", ""ARNAME"" => """", ""PTOL"" => """", ""PDES"" => """", ""ISW"" => """"))"
gen-541,true,true,0.0,0.0,0.32966043135323353,"(min = 0.0, max = 0.28)","(min = -0.09300000000000001, max = 0.174)","(up = 2.64e-5, down = 2.64e-5)","ThermalGenerationCost(CostCurve{LinearCurve}(LinearCurve(34.8148876, 154.337543), UnitSystem.NATURAL_UNITS = 2, LinearCurve(0.0, 0.0)), 0.0, 0.0, 0.0)",100.0,"(up = 12.0, down = 6.0)",false,ST,WOOD_WASTE_SOLIDS,Service[],10000.0,,bus-1651,1651,"Area(0, 0.0, 0.0, 0.0, Dict{String, Any}(""I"" => """", ""ARNAME"" => """", ""PTOL"" => """", ""PDES"" => """", ""ISW"" => """"))"
gen-2062,true,true,0.0,0.0,0.023,"(min = 0.0, max = 0.023)","(min = 0.0, max = 0.0)","(up = 0.0001, down = 0.0001)","ThermalGenerationCost(CostCurve{LinearCurve}(LinearCurve(24.5037276, 248.251086), UnitSystem.NATURAL_UNITS = 2, LinearCurve(0.0, 0.0)), 0.0, 0.0, 0.0)",100.0,"(up = 1.0, down = 1.0)",false,OT,NATURAL_GAS,Service[],10000.0,,bus-8659,8659,"Area(0, 0.0, 0.0, 0.0, Dict{String, Any}(""I"" => """", ""ARNAME"" => """", ""PTOL"" => """", ""PDES"" => """", ""ISW"" => """"))"
gen-256,true,true,0.510115506,0.0,0.7117935093831638,"(min = 0.0, max = 0.605)","(min = -0.20199999999999999, max = 0.375)","(up = 0.002475, down = 0.002475)","ThermalGenerationCost(CostCurve{LinearCurve}(LinearCurve(14.41881, 299.420007), UnitSystem.NATURAL_UNITS = 2, LinearCurve(0.0, 0.0)), 0.0, 0.0, 0.0)",100.0,"(up = 1.0, down = 0.0)",false,GT,NATURAL_GAS,Service[],10000.0,,bus-426,426,"Area(0, 0.0, 0.0, 0.0, Dict{String, Any}(""I"" => """", ""ARNAME"" => """", ""PTOL"" => """", ""PDES"" => """", ""ISW"" => """"))"
gen-1547,true,true,0.0,0.0,0.23270892677095326,"(min = 0.0, max = 0.022000000000000002)","(min = -0.13699999999999998, max = 0.231666667)","(up = 0.0001, down = 0.0001)","ThermalGenerationCost(CostCurve{LinearCurve}(LinearCurve(58.907, 173.53), UnitSystem.NATURAL_UNITS = 2, LinearCurve(0.0, 0.0)), 0.0, 0.0, 0.0)",100.0,"(up = 1.0, down = 1.0)",false,OT,MUNICIPAL_WASTE,Service[],10000.0,,bus-8830,8830,"Area(0, 0.0, 0.0, 0.0, Dict{String, Any}(""I"" => """", ""ARNAME"" => """", ""PTOL"" => """", ""PDES"" => """", ""ISW"" => """"))"
gen-1038,true,true,0.0,0.0,0.2324444978890421,"(min = 0.0, max = 0.019)","(min = -0.13699999999999998, max = 0.231666667)","(up = 0.0001, down = 0.0001)","ThermalGenerationCost(CostCurve{LinearCurve}(LinearCurve(58.907, 173.53), UnitSystem.NATURAL_UNITS = 2, LinearCurve(0.0, 0.0)), 0.0, 0.0, 0.0)",100.0,"(up = 1.0, down = 1.0)",false,OT,MUNICIPAL_WASTE,Service[],10000.0,,bus-8148,8148,"Area(0, 0.0, 0.0, 0.0, Dict{String, Any}(""I"" => """", ""ARNAME"" => """", ""PTOL"" => """", ""PDES"" => """", ""ISW"" => """"))"
gen-400,true,true,0.254414884,0.0,0.3099451564390061,"(min = 0.0, max = 0.27899999999999997)","(min = -0.09300000000000001, max = 0.135)","(up = 0.002475, down = 0.002475)","ThermalGenerationCost(CostCurve{LinearCurve}(LinearCurve(11.7335702, 239.921641), UnitSystem.NATURAL_UNITS = 2, LinearCurve(0.0, 0.0)), 0.0, 0.0, 0.0)",100.0,"(up = 1.0, down = 0.0)",false,GT,NATURAL_GAS,Service[],10000.0,,bus-1499,1499,"Area(0, 0.0, 0.0, 0.0, Dict{String, Any}(""I"" => """", ""ARNAME"" => """", ""PTOL"" => """", ""PDES"" => """", ""ISW"" => """"))"
gen-1429,true,true,0.0,0.0,0.23167529993266198,"(min = 0.0, max = 0.002)","(min = -0.13699999999999998, max = 0.231666667)","(up = 0.0001, down = 0.0001)","ThermalGenerationCost(CostCurve{LinearCurve}(LinearCurve(58.907, 173.53), UnitSystem.NATURAL_UNITS = 2, LinearCurve(0.0, 0.0)), 0.0, 0.0, 0.0)",100.0,"(up = 1.0, down = 1.0)",false,OT,MUNICIPAL_WASTE,Service[],10000.0,,bus-1944,1944,"Area(0, 0.0, 0.0, 0.0, Dict{String, Any}(""I"" => """", ""ARNAME"" => """", ""PTOL"" => """", ""PDES"" => """", ""ISW"" => """"))"
gen-598,true,true,0.203412983,0.0,0.42757572428752316,"(min = 0.0, max = 0.385)","(min = -0.128, max = 0.18600000000000003)","(up = 0.0014000000000000002, down = 0.0014000000000000002)","ThermalGenerationCost(CostCurve{LinearCurve}(LinearCurve(16.3717117, 454.352865), UnitSystem.NATURAL_UNITS = 2, LinearCurve(0.0, 0.0)), 0.0, 0.0, 0.0)",100.0,"(up = 1.0, down = 0.0)",false,CT,NATURAL_GAS,Service[],10000.0,,bus-363,363,"Area(0, 0.0, 0.0, 0.0, Dict{String, Any}(""I"" => """", ""ARNAME"" => """", ""PTOL"" => """", ""PDES"" => """", ""ISW"" => """"))"
gen-666,true,true,0.0,0.0,0.14123030836190936,"(min = 0.0, max = 0.025)","(min = -0.095, max = 0.139)","(up = 2.64e-5, down = 2.64e-5)","ThermalGenerationCost(CostCurve{LinearCurve}(LinearCurve(22.409643000000003, 554.685123), UnitSystem.NATURAL_UNITS = 2, LinearCurve(0.0, 0.0)), 0.0, 0.0, 0.0)",100.0,"(up = 12.0, down = 6.0)",false,ST,MUNICIPAL_WASTE,Service[],10000.0,,bus-713,713,"Area(0, 0.0, 0.0, 0.0, Dict{String, Any}(""I"" => """", ""ARNAME"" => """", ""PTOL"" => """", ""PDES"" => """", ""ISW"" => """"))"
gen-797,true,true,0.0700005171,0.0,0.14872549057447176,"(min = 0.0, max = 0.07)","(min = -0.0760444444, max = 0.131222222)","(up = 0.0001, down = 0.0001)","ThermalGenerationCost(CostCurve{LinearCurve}(LinearCurve(0.0, 0.0), UnitSystem.NATURAL_UNITS = 2, LinearCurve(0.0, 0.0)), 0.0, 0.0, 0.0)",100.0,"(up = 1000.0, down = 300.0)",false,OT,GEOTHERMAL,Service[],10000.0,,bus-1721,1721,"Area(0, 0.0, 0.0, 0.0, Dict{String, Any}(""I"" => """", ""ARNAME"" => """", ""PTOL"" => """", ""PDES"" => """", ""ISW"" => """"))"
gen-1370,true,true,1.83553742,0.0,2.0725137737618073,"(min = 0.0, max = 1.98)","(min = -0.358709497, max = 0.612301676)","(up = 0.0014000000000000002, down = 0.0014000000000000002)","ThermalGenerationCost(CostCurve{LinearCurve}(LinearCurve(12.5075294, 2412.81753), UnitSystem.NATURAL_UNITS = 2, LinearCurve(0.0, 0.0)), 0.0, 0.0, 0.0)",100.0,"(up = 1.0, down = 1.0)",false,CT,NATURAL_GAS,Service[],10000.0,,bus-8094,8094,"Area(0, 0.0, 0.0, 0.0, Dict{String, Any}(""I"" => """", ""ARNAME"" => """", ""PTOL"" => """", ""PDES"" => """", ""ISW"" => """"))"
gen-1527,true,true,0.0,0.0,0.232089303068644,"(min = 0.0, max = 0.013999999999999999)","(min = -0.13699999999999998, max = 0.231666667)","(up = 0.0001, down = 0.0001)","ThermalGenerationCost(CostCurve{LinearCurve}(LinearCurve(58.907, 173.53), UnitSystem.NATURAL_UNITS = 2, LinearCurve(0.0, 0.0)), 0.0, 0.0, 0.0)",100.0,"(up = 1.0, down = 1.0)",false,OT,MUNICIPAL_WASTE,Service[],10000.0,,bus-638,638,"Area(0, 0.0, 0.0, 0.0, Dict{String, Any}(""I"" => """", ""ARNAME"" => """", ""PTOL"" => """", ""PDES"" => """", ""ISW"" => """"))"
gen-2037,true,true,0.0,0.0,0.01,"(min = 0.0, max = 0.01)","(min = 0.0, max = 0.0)","(up = 0.0001, down = 0.0001)","ThermalGenerationCost(CostCurve{LinearCurve}(LinearCurve(24.5037276, 248.251086), UnitSystem.NATURAL_UNITS = 2, LinearCurve(0.0, 0.0)), 0.0, 0.0, 0.0)",100.0,"(up = 1.0, down = 1.0)",false,OT,NATURAL_GAS,Service[],10000.0,,bus-371,371,"Area(0, 0.0, 0.0, 0.0, Dict{String, Any}(""I"" => """", ""ARNAME"" => """", ""PTOL"" => """", ""PDES"" => """", ""ISW"" => """"))"
gen-595,true,true,0.820006055,0.0,0.9110482972927395,"(min = 0.0, max = 0.82)","(min = -0.273, max = 0.397)","(up = 0.0014000000000000002, down = 0.0014000000000000002)","ThermalGenerationCost(CostCurve{LinearCurve}(LinearCurve(7.67744915, 340.343109), UnitSystem.NATURAL_UNITS = 2, LinearCurve(0.0, 0.0)), 0.0, 0.0, 0.0)",100.0,"(up = 1.0, down = 0.0)",false,CT,NATURAL_GAS,Service[],10000.0,,bus-363,363,"Area(0, 0.0, 0.0, 0.0, Dict{String, Any}(""I"" => """", ""ARNAME"" => """", ""PTOL"" => """", ""PDES"" => """", ""ISW"" => """"))"
gen-515,true,true,0.060000441599999996,0.0,0.25286665482565296,"(min = 0.0, max = 0.06)","(min = -0.143219355, max = 0.245645161)","(up = 0.002475, down = 0.002475)","ThermalGenerationCost(CostCurve{LinearCurve}(LinearCurve(13.502241700000003, 315.964182), UnitSystem.NATURAL_UNITS = 2, LinearCurve(0.0, 0.0)), 0.0, 0.0, 0.0)",100.0,"(up = 1.0, down = 0.0)",false,GT,NATURAL_GAS,Service[],10000.0,,bus-1251,1251,"Area(0, 0.0, 0.0, 0.0, Dict{String, Any}(""I"" => """", ""ARNAME"" => """", ""PTOL"" => """", ""PDES"" => """", ""ISW"" => """"))"
gen-562,true,true,0.0,0.0,0.12593693306607434,"(min = 0.0, max = 0.125)","(min = -0.0153333333, max = 0.0153333333)","(up = 2.64e-5, down = 2.64e-5)","ThermalGenerationCost(CostCurve{LinearCurve}(LinearCurve(34.6938271, 205.867441), UnitSystem.NATURAL_UNITS = 2, LinearCurve(0.0, 0.0)), 0.0, 0.0, 0.0)",100.0,"(up = 12.0, down = 6.0)",false,ST,WOOD_WASTE_SOLIDS,Service[],10000.0,,bus-175,175,"Area(0, 0.0, 0.0, 0.0, Dict{String, Any}(""I"" => """", ""ARNAME"" => """", ""PTOL"" => """", ""PDES"" => """", ""ISW"" => """"))"
gen-1444,true,true,0.0460003381,0.0,0.24991507582119957,"(min = 0.0, max = 0.046)","(min = -0.143219355, max = 0.245645161)","(up = 0.002475, down = 0.002475)","ThermalGenerationCost(CostCurve{LinearCurve}(LinearCurve(13.502241700000003, 315.964182), UnitSystem.NATURAL_UNITS = 2, LinearCurve(0.0, 0.0)), 0.0, 0.0, 0.0)",100.0,"(up = 1.0, down = 0.0)",false,GT,NATURAL_GAS,Service[],10000.0,,bus-2030,2030,"Area(0, 0.0, 0.0, 0.0, Dict{String, Any}(""I"" => """", ""ARNAME"" => """", ""PTOL"" => """", ""PDES"" => """", ""ISW"" => """"))"
gen-2122,true,true,0.0,0.0,0.005,"(min = 0.0, max = 0.005)","(min = 0.0, max = 0.0)","(up = 0.0001, down = 0.0001)","ThermalGenerationCost(CostCurve{LinearCurve}(LinearCurve(24.5037276, 248.251086), UnitSystem.NATURAL_UNITS = 2, LinearCurve(0.0, 0.0)), 0.0, 0.0, 0.0)",100.0,"(up = 1.0, down = 1.0)",false,OT,NATURAL_GAS,Service[],10000.0,,bus-633,633,"Area(0, 0.0, 0.0, 0.0, Dict{String, Any}(""I"" => """", ""ARNAME"" => """", ""PTOL"" => """", ""PDES"" => """", ""ISW"" => """"))"
gen-258,true,true,0.496800038,0.0,0.9375571142241996,"(min = 0.0, max = 0.71)","(min = -0.358709497, max = 0.612301676)","(up = 0.0014000000000000002, down = 0.0014000000000000002)","ThermalGenerationCost(CostCurve{LinearCurve}(LinearCurve(15.9947772, 848.043789), UnitSystem.NATURAL_UNITS = 2, LinearCurve(0.0, 0.0)), 0.0, 0.0, 0.0)",100.0,"(up = 1.0, down = 0.0)",false,CT,NATURAL_GAS,Service[],10000.0,,bus-426,426,"Area(0, 0.0, 0.0, 0.0, Dict{String, Any}(""I"" => """", ""ARNAME"" => """", ""PTOL"" => """", ""PDES"" => """", ""ISW"" => """"))"
gen-1933,true,true,0.0,0.0,0.13935924798878618,"(min = 0.0, max = 0.01)","(min = -0.095, max = 0.139)","(up = 2.64e-5, down = 2.64e-5)","ThermalGenerationCost(CostCurve{LinearCurve}(LinearCurve(22.409643000000003, 554.685123), UnitSystem.NATURAL_UNITS = 2, LinearCurve(0.0, 0.0)), 0.0, 0.0, 0.0)",100.0,"(up = 12.0, down = 6.0)",false,ST,MUNICIPAL_WASTE,Service[],10000.0,,bus-319,319,"Area(0, 0.0, 0.0, 0.0, Dict{String, Any}(""I"" => """", ""ARNAME"" => """", ""PTOL"" => """", ""PDES"" => """", ""ISW"" => """"))"
gen-1033,true,true,0.0,0.0,0.2324444978890421,"(min = 0.0, max = 0.019)","(min = -0.13699999999999998, max = 0.231666667)","(up = 0.0001, down = 0.0001)","ThermalGenerationCost(CostCurve{LinearCurve}(LinearCurve(58.907, 173.53), UnitSystem.NATURAL_UNITS = 2, LinearCurve(0.0, 0.0)), 0.0, 0.0, 0.0)",100.0,"(up = 1.0, down = 1.0)",false,OT,MUNICIPAL_WASTE,Service[],10000.0,,bus-1199,1199,"Area(0, 0.0, 0.0, 0.0, Dict{String, Any}(""I"" => """", ""ARNAME"" => """", ""PTOL"" => """", ""PDES"" => """", ""ISW"" => """"))"
gen-533,true,true,0.0,0.0,0.23221852768220042,"(min = 0.0, max = 0.016)","(min = -0.13699999999999998, max = 0.231666667)","(up = 0.0001, down = 0.0001)","ThermalGenerationCost(CostCurve{LinearCurve}(LinearCurve(58.907, 173.53), UnitSystem.NATURAL_UNITS = 2, LinearCurve(0.0, 0.0)), 0.0, 0.0, 0.0)",100.0,"(up = 1.0, down = 1.0)",false,OT,MUNICIPAL_WASTE,Service[],10000.0,,bus-8196,8196,"Area(0, 0.0, 0.0, 0.0, Dict{String, Any}(""I"" => """", ""ARNAME"" => """", ""PTOL"" => """", ""PDES"" => """", ""ISW"" => """"))"
gen-770,true,true,0.00800005847,0.0,0.6157186409837604,"(min = 0.0, max = 0.008)","(min = -0.273666667, max = 0.615666667)","(up = 0.0001, down = 0.0001)","ThermalGenerationCost(CostCurve{LinearCurve}(LinearCurve(7.3428025, 22.7651352), UnitSystem.NATURAL_UNITS = 2, LinearCurve(0.0, 0.0)), 0.0, 0.0, 0.0)",100.0,"(up = 1.0, down = 1.0)",false,IC,NATURAL_GAS,Service[],10000.0,,bus-1116,1116,"Area(0, 0.0, 0.0, 0.0, Dict{String, Any}(""I"" => """", ""ARNAME"" => """", ""PTOL"" => """", ""PDES"" => """", ""ISW"" => """"))"
gen-1248,true,true,0.698771615,0.0,1.0297288697141185,"(min = 0.0, max = 1.0)","(min = -0.143219355, max = 0.245645161)","(up = 0.002475, down = 0.002475)","ThermalGenerationCost(CostCurve{LinearCurve}(LinearCurve(15.1584724, 428.748492), UnitSystem.NATURAL_UNITS = 2, LinearCurve(0.0, 0.0)), 0.0, 0.0, 0.0)",100.0,"(up = 1.0, down = 1.0)",false,GT,NATURAL_GAS,Service[],10000.0,,bus-7989,7989,"Area(0, 0.0, 0.0, 0.0, Dict{String, Any}(""I"" => """", ""ARNAME"" => """", ""PTOL"" => """", ""PDES"" => """", ""ISW"" => """"))"
gen-1000,true,true,2.032015,0.0,2.3904194192651635,"(min = 0.0, max = 2.032)","(min = -0.677, max = 1.2590000000000001)","(up = 0.0014000000000000002, down = 0.0014000000000000002)","ThermalGenerationCost(CostCurve{LinearCurve}(LinearCurve(10.956217500000001, 1512.3587), UnitSystem.NATURAL_UNITS = 2, LinearCurve(0.0, 0.0)), 0.0, 0.0, 0.0)",100.0,"(up = 1.0, down = 1.0)",false,CT,NATURAL_GAS,Service[],10000.0,,bus-1595,1595,"Area(0, 0.0, 0.0, 0.0, Dict{String, Any}(""I"" => """", ""ARNAME"" => """", ""PTOL"" => """", ""PDES"" => """", ""ISW"" => """"))"
gen-979,true,true,0.012000088099999999,0.0,0.6157836022945795,"(min = 0.0, max = 0.012)","(min = -0.273666667, max = 0.615666667)","(up = 0.0001, down = 0.0001)","ThermalGenerationCost(CostCurve{LinearCurve}(LinearCurve(7.3428025, 22.7651352), UnitSystem.NATURAL_UNITS = 2, LinearCurve(0.0, 0.0)), 0.0, 0.0, 0.0)",100.0,"(up = 1.0, down = 1.0)",false,IC,NATURAL_GAS,Service[],10000.0,,bus-2396,2396,"Area(0, 0.0, 0.0, 0.0, Dict{String, Any}(""I"" => """", ""ARNAME"" => """", ""PTOL"" => """", ""PDES"" => """", ""ISW"" => """"))"
gen-736,true,true,0.0310002272,0.0,0.24759350783636455,"(min = 0.0, max = 0.031)","(min = -0.143219355, max = 0.245645161)","(up = 0.002475, down = 0.002475)","ThermalGenerationCost(CostCurve{LinearCurve}(LinearCurve(13.502241700000003, 315.964182), UnitSystem.NATURAL_UNITS = 2, LinearCurve(0.0, 0.0)), 0.0, 0.0, 0.0)",100.0,"(up = 1.0, down = 0.0)",false,GT,NATURAL_GAS,Service[],10000.0,,bus-1675,1675,"Area(0, 0.0, 0.0, 0.0, Dict{String, Any}(""I"" => """", ""ARNAME"" => """", ""PTOL"" => """", ""PDES"" => """", ""ISW"" => """"))"
gen-1552,true,true,0.0,0.0,0.004,"(min = 0.0, max = 0.004)","(min = 0.0, max = 0.0)","(up = 0.0001, down = 0.0001)","ThermalGenerationCost(CostCurve{LinearCurve}(LinearCurve(24.5037276, 248.251086), UnitSystem.NATURAL_UNITS = 2, LinearCurve(0.0, 0.0)), 0.0, 0.0, 0.0)",100.0,"(up = 1.0, down = 1.0)",false,OT,NATURAL_GAS,Service[],10000.0,,bus-535,535,"Area(0, 0.0, 0.0, 0.0, Dict{String, Any}(""I"" => """", ""ARNAME"" => """", ""PTOL"" => """", ""PDES"" => """", ""ISW"" => """"))"
gen-1246,true,true,0.698771615,0.0,1.0297288697141185,"(min = 0.0, max = 1.0)","(min = -0.143219355, max = 0.245645161)","(up = 0.002475, down = 0.002475)","ThermalGenerationCost(CostCurve{LinearCurve}(LinearCurve(15.1584724, 428.748492), UnitSystem.NATURAL_UNITS = 2, LinearCurve(0.0, 0.0)), 0.0, 0.0, 0.0)",100.0,"(up = 1.0, down = 1.0)",false,GT,NATURAL_GAS,Service[],10000.0,,bus-7989,7989,"Area(0, 0.0, 0.0, 0.0, Dict{String, Any}(""I"" => """", ""ARNAME"" => """", ""PTOL"" => """", ""PDES"" => """", ""ISW"" => """"))"
gen-1005,true,true,1.76943849,0.0,4.11038453188993,"(min = 0.0, max = 3.4939999999999998)","(min = -1.165, max = 2.165)","(up = 0.0014000000000000002, down = 0.0014000000000000002)","ThermalGenerationCost(CostCurve{LinearCurve}(LinearCurve(16.8503429, 959.729007), UnitSystem.NATURAL_UNITS = 2, LinearCurve(0.0, 0.0)), 0.0, 0.0, 0.0)",100.0,"(up = 1.0, down = 1.0)",false,CT,NATURAL_GAS,Service[],10000.0,,bus-2107,2107,"Area(0, 0.0, 0.0, 0.0, Dict{String, Any}(""I"" => """", ""ARNAME"" => """", ""PTOL"" => """", ""PDES"" => """", ""ISW"" => """"))"
gen-169,true,true,1.44931702,0.0,2.365,"(min = 0.0, max = 1.892)","(min = -0.631, max = 1.419)","(up = 0.0014000000000000002, down = 0.0014000000000000002)","ThermalGenerationCost(CostCurve{LinearCurve}(LinearCurve(13.5442631, 714.197795), UnitSystem.NATURAL_UNITS = 2, LinearCurve(0.0, 0.0)), 0.0, 0.0, 0.0)",100.0,"(up = 1.0, down = 1.0)",false,CT,NATURAL_GAS,Service[],10000.0,,bus-7808,7808,"Area(0, 0.0, 0.0, 0.0, Dict{String, Any}(""I"" => """", ""ARNAME"" => """", ""PTOL"" => """", ""PDES"" => """", ""ISW"" => """"))"
gen-845,true,true,1.82809044,0.0,2.341023066951712,"(min = 0.0, max = 1.99)","(min = -0.6629999999999999, max = 1.2329999999999999)","(up = 0.0014000000000000002, down = 0.0014000000000000002)","ThermalGenerationCost(CostCurve{LinearCurve}(LinearCurve(12.5488628, 2499.46439), UnitSystem.NATURAL_UNITS = 2, LinearCurve(0.0, 0.0)), 0.0, 0.0, 0.0)",100.0,"(up = 1.0, down = 1.0)",false,CT,NATURAL_GAS,Service[],10000.0,,bus-1671,1671,"Area(0, 0.0, 0.0, 0.0, Dict{String, Any}(""I"" => """", ""ARNAME"" => """", ""PTOL"" => """", ""PDES"" => """", ""ISW"" => """"))"
gen-654,true,true,0.08800064880000001,0.0,0.26093206993912405,"(min = 0.0, max = 0.08800000000000001)","(min = -0.143219355, max = 0.245645161)","(up = 0.002475, down = 0.002475)","ThermalGenerationCost(CostCurve{LinearCurve}(LinearCurve(11.6879263, 241.314681), UnitSystem.NATURAL_UNITS = 2, LinearCurve(0.0, 0.0)), 0.0, 0.0, 0.0)",100.0,"(up = 1.0, down = 0.0)",false,GT,NATURAL_GAS,Service[],10000.0,,bus-1690,1690,"Area(0, 0.0, 0.0, 0.0, Dict{String, Any}(""I"" => """", ""ARNAME"" => """", ""PTOL"" => """", ""PDES"" => """", ""ISW"" => """"))"
gen-60,true,true,1.8182405,0.0,2.7411742009584144,"(min = 0.0, max = 2.33)","(min = -0.777, max = 1.444)","(up = 0.0014000000000000002, down = 0.0014000000000000002)","ThermalGenerationCost(CostCurve{LinearCurve}(LinearCurve(13.4742144, 878.874372), UnitSystem.NATURAL_UNITS = 2, LinearCurve(0.0, 0.0)), 0.0, 0.0, 0.0)",100.0,"(up = 1.0, down = 1.0)",false,CT,NATURAL_GAS,Service[],10000.0,,bus-7971,7971,"Area(0, 0.0, 0.0, 0.0, Dict{String, Any}(""I"" => """", ""ARNAME"" => """", ""PTOL"" => """", ""PDES"" => """", ""ISW"" => """"))"
gen-832,true,true,1.82290086,0.0,2.3401730705227766,"(min = 0.0, max = 1.989)","(min = -0.6629999999999999, max = 1.2329999999999999)","(up = 0.0014000000000000002, down = 0.0014000000000000002)","ThermalGenerationCost(CostCurve{LinearCurve}(LinearCurve(12.4652175, 2323.40845), UnitSystem.NATURAL_UNITS = 2, LinearCurve(0.0, 0.0)), 0.0, 0.0, 0.0)",100.0,"(up = 1.0, down = 1.0)",false,CT,NATURAL_GAS,Service[],10000.0,,bus-1589,1589,"Area(0, 0.0, 0.0, 0.0, Dict{String, Any}(""I"" => """", ""ARNAME"" => """", ""PTOL"" => """", ""PDES"" => """", ""ISW"" => """"))"
gen-488,true,true,0.13100093100000001,0.0,0.21860009149128917,"(min = 0.0, max = 0.131)","(min = -0.121, max = 0.175)","(up = 0.0014000000000000002, down = 0.0014000000000000002)","ThermalGenerationCost(CostCurve{LinearCurve}(LinearCurve(16.3717118, 413.488522), UnitSystem.NATURAL_UNITS = 2, LinearCurve(0.0, 0.0)), 0.0, 0.0, 0.0)",100.0,"(up = 1.0, down = 0.0)",false,CT,NATURAL_GAS,Service[],10000.0,,bus-1653,1653,"Area(0, 0.0, 0.0, 0.0, Dict{String, Any}(""I"" => """", ""ARNAME"" => """", ""PTOL"" => """", ""PDES"" => """", ""ISW"" => """"))"
gen-2081,true,true,0.0,0.0,0.027999999999999997,"(min = 0.0, max = 0.027999999999999997)","(min = 0.0, max = 0.0)","(up = 0.0001, down = 0.0001)","ThermalGenerationCost(CostCurve{LinearCurve}(LinearCurve(24.5037276, 248.251086), UnitSystem.NATURAL_UNITS = 2, LinearCurve(0.0, 0.0)), 0.0, 0.0, 0.0)",100.0,"(up = 1.0, down = 1.0)",false,OT,NATURAL_GAS,Service[],10000.0,,bus-1421,1421,"Area(0, 0.0, 0.0, 0.0, Dict{String, Any}(""I"" => """", ""ARNAME"" => """", ""PTOL"" => """", ""PDES"" => """", ""ISW"" => """"))"
gen-596,true,true,0.820006055,0.0,0.9110482972927395,"(min = 0.0, max = 0.82)","(min = -0.273, max = 0.397)","(up = 0.0014000000000000002, down = 0.0014000000000000002)","ThermalGenerationCost(CostCurve{LinearCurve}(LinearCurve(7.67744915, 340.343109), UnitSystem.NATURAL_UNITS = 2, LinearCurve(0.0, 0.0)), 0.0, 0.0, 0.0)",100.0,"(up = 1.0, down = 0.0)",false,CT,NATURAL_GAS,Service[],10000.0,,bus-363,363,"Area(0, 0.0, 0.0, 0.0, Dict{String, Any}(""I"" => """", ""ARNAME"" => """", ""PTOL"" => """", ""PDES"" => """", ""ISW"" => """"))"
gen-822,true,true,3.00002216,0.0,3.1915389704655026,"(min = 0.0, max = 3.0)","(min = -1.089, max = 1.089)","(up = 0.0014000000000000002, down = 0.0014000000000000002)","ThermalGenerationCost(CostCurve{LinearCurve}(LinearCurve(13.8353416, 749.289673), UnitSystem.NATURAL_UNITS = 2, LinearCurve(0.0, 0.0)), 0.0, 0.0, 0.0)",100.0,"(up = 1.0, down = 1.0)",false,CT,NATURAL_GAS,Service[],10000.0,,bus-282,282,"Area(0, 0.0, 0.0, 0.0, Dict{String, Any}(""I"" => """", ""ARNAME"" => """", ""PTOL"" => """", ""PDES"" => """", ""ISW"" => """"))"
gen-816,true,true,0.0,0.0,0.23221852768220042,"(min = 0.0, max = 0.016)","(min = -0.13699999999999998, max = 0.231666667)","(up = 0.0001, down = 0.0001)","ThermalGenerationCost(CostCurve{LinearCurve}(LinearCurve(58.907, 173.53), UnitSystem.NATURAL_UNITS = 2, LinearCurve(0.0, 0.0)), 0.0, 0.0, 0.0)",100.0,"(up = 1.0, down = 1.0)",false,OT,MUNICIPAL_WASTE,Service[],10000.0,,bus-1086,1086,"Area(0, 0.0, 0.0, 0.0, Dict{String, Any}(""I"" => """", ""ARNAME"" => """", ""PTOL"" => """", ""PDES"" => """", ""ISW"" => """"))"
gen-1258,true,true,0.698771617,0.0,1.3406959182166238,"(min = 0.0, max = 1.318)","(min = -0.143219355, max = 0.245645161)","(up = 0.002475, down = 0.002475)","ThermalGenerationCost(CostCurve{LinearCurve}(LinearCurve(15.1584724, 428.748492), UnitSystem.NATURAL_UNITS = 2, LinearCurve(0.0, 0.0)), 0.0, 0.0, 0.0)",100.0,"(up = 1.0, down = 1.0)",false,GT,NATURAL_GAS,Service[],10000.0,,bus-8003,8003,"Area(0, 0.0, 0.0, 0.0, Dict{String, Any}(""I"" => """", ""ARNAME"" => """", ""PTOL"" => """", ""PDES"" => """", ""ISW"" => """"))"
gen-1034,true,true,0.0,0.0,0.2324444978890421,"(min = 0.0, max = 0.019)","(min = -0.13699999999999998, max = 0.231666667)","(up = 0.0001, down = 0.0001)","ThermalGenerationCost(CostCurve{LinearCurve}(LinearCurve(58.907, 173.53), UnitSystem.NATURAL_UNITS = 2, LinearCurve(0.0, 0.0)), 0.0, 0.0, 0.0)",100.0,"(up = 1.0, down = 1.0)",false,OT,MUNICIPAL_WASTE,Service[],10000.0,,bus-1199,1199,"Area(0, 0.0, 0.0, 0.0, Dict{String, Any}(""I"" => """", ""ARNAME"" => """", ""PTOL"" => """", ""PDES"" => """", ""ISW"" => """"))"
gen-702,true,true,0.040000290200000004,0.0,0.04,"(min = 0.0, max = 0.04)","(min = 0.0, max = 0.0)","(up = 0.0001, down = 0.0001)","ThermalGenerationCost(CostCurve{LinearCurve}(LinearCurve(15.604003, 102.705607), UnitSystem.NATURAL_UNITS = 2, LinearCurve(0.0, 0.0)), 0.0, 0.0, 0.0)",100.0,"(up = 1.0, down = 1.0)",false,OT,OTHER,Service[],10000.0,,bus-1323,1323,"Area(0, 0.0, 0.0, 0.0, Dict{String, Any}(""I"" => """", ""ARNAME"" => """", ""PTOL"" => """", ""PDES"" => """", ""ISW"" => """"))"
gen-786,true,true,0.0,0.0,0.23174435181658448,"(min = 0.0, max = 0.006)","(min = -0.13699999999999998, max = 0.231666667)","(up = 0.0001, down = 0.0001)","ThermalGenerationCost(CostCurve{LinearCurve}(LinearCurve(58.907, 173.53), UnitSystem.NATURAL_UNITS = 2, LinearCurve(0.0, 0.0)), 0.0, 0.0, 0.0)",100.0,"(up = 1.0, down = 1.0)",false,OT,MUNICIPAL_WASTE,Service[],10000.0,,bus-7649,7649,"Area(0, 0.0, 0.0, 0.0, Dict{String, Any}(""I"" => """", ""ARNAME"" => """", ""PTOL"" => """", ""PDES"" => """", ""ISW"" => """"))"
gen-1217,true,true,0.0,0.0,0.13900359707575918,"(min = 0.0, max = 0.001)","(min = -0.095, max = 0.139)","(up = 2.64e-5, down = 2.64e-5)","ThermalGenerationCost(CostCurve{LinearCurve}(LinearCurve(22.409643000000003, 554.685123), UnitSystem.NATURAL_UNITS = 2, LinearCurve(0.0, 0.0)), 0.0, 0.0, 0.0)",100.0,"(up = 12.0, down = 6.0)",false,ST,MUNICIPAL_WASTE,Service[],10000.0,,bus-426,426,"Area(0, 0.0, 0.0, 0.0, Dict{String, Any}(""I"" => """", ""ARNAME"" => """", ""PTOL"" => """", ""PDES"" => """", ""ISW"" => """"))"
gen-1669,true,true,0.0,0.0,0.13943457247038843,"(min = 0.0, max = 0.011000000000000001)","(min = -0.095, max = 0.139)","(up = 2.64e-5, down = 2.64e-5)","ThermalGenerationCost(CostCurve{LinearCurve}(LinearCurve(22.409643000000003, 554.685123), UnitSystem.NATURAL_UNITS = 2, LinearCurve(0.0, 0.0)), 0.0, 0.0, 0.0)",100.0,"(up = 12.0, down = 6.0)",false,ST,MUNICIPAL_WASTE,Service[],10000.0,,bus-1348,1348,"Area(0, 0.0, 0.0, 0.0, Dict{String, Any}(""I"" => """", ""ARNAME"" => """", ""PTOL"" => """", ""PDES"" => """", ""ISW"" => """"))"
gen-1686,true,true,0.698771617,0.0,1.3406959182166238,"(min = 0.0, max = 1.318)","(min = -0.143219355, max = 0.245645161)","(up = 0.002475, down = 0.002475)","ThermalGenerationCost(CostCurve{LinearCurve}(LinearCurve(15.1584724, 428.748492), UnitSystem.NATURAL_UNITS = 2, LinearCurve(0.0, 0.0)), 0.0, 0.0, 0.0)",100.0,"(up = 1.0, down = 1.0)",false,GT,NATURAL_GAS,Service[],10000.0,,bus-1056,1056,"Area(0, 0.0, 0.0, 0.0, Dict{String, Any}(""I"" => """", ""ARNAME"" => """", ""PTOL"" => """", ""PDES"" => """", ""ISW"" => """"))"
gen-214,true,true,0.496800038,0.0,0.9378000853060315,"(min = 0.0, max = 0.75)","(min = -0.25, max = 0.563)","(up = 0.0014000000000000002, down = 0.0014000000000000002)","ThermalGenerationCost(CostCurve{LinearCurve}(LinearCurve(15.9947772, 848.043789), UnitSystem.NATURAL_UNITS = 2, LinearCurve(0.0, 0.0)), 0.0, 0.0, 0.0)",100.0,"(up = 1.0, down = 0.0)",false,CT,NATURAL_GAS,Service[],10000.0,,bus-346,346,"Area(0, 0.0, 0.0, 0.0, Dict{String, Any}(""I"" => """", ""ARNAME"" => """", ""PTOL"" => """", ""PDES"" => """", ""ISW"" => """"))"
gen-453,true,true,0.0,0.0,0.17065169205138286,"(min = 0.0, max = 0.099)","(min = -0.095, max = 0.139)","(up = 2.64e-5, down = 2.64e-5)","ThermalGenerationCost(CostCurve{LinearCurve}(LinearCurve(22.409643000000003, 554.685123), UnitSystem.NATURAL_UNITS = 2, LinearCurve(0.0, 0.0)), 0.0, 0.0, 0.0)",100.0,"(up = 12.0, down = 6.0)",false,ST,MUNICIPAL_WASTE,Service[],10000.0,,bus-1703,1703,"Area(0, 0.0, 0.0, 0.0, Dict{String, Any}(""I"" => """", ""ARNAME"" => """", ""PTOL"" => """", ""PDES"" => """", ""ISW"" => """"))"
gen-1955,true,true,0.0,0.0,0.013000000000000001,"(min = 0.0, max = 0.013000000000000001)","(min = 0.0, max = 0.0)","(up = 0.0001, down = 0.0001)","ThermalGenerationCost(CostCurve{LinearCurve}(LinearCurve(24.5037276, 248.251086), UnitSystem.NATURAL_UNITS = 2, LinearCurve(0.0, 0.0)), 0.0, 0.0, 0.0)",100.0,"(up = 1.0, down = 1.0)",false,OT,NATURAL_GAS,Service[],10000.0,,bus-1867,1867,"Area(0, 0.0, 0.0, 0.0, Dict{String, Any}(""I"" => """", ""ARNAME"" => """", ""PTOL"" => """", ""PDES"" => """", ""ISW"" => """"))"
gen-837,true,true,1.75549984,0.0,2.27,"(min = 0.0, max = 2.27)","(min = 0.0, max = 0.0)","(up = 0.0014000000000000002, down = 0.0014000000000000002)","ThermalGenerationCost(CostCurve{LinearCurve}(LinearCurve(13.4674672, 859.213833), UnitSystem.NATURAL_UNITS = 2, LinearCurve(0.0, 0.0)), 0.0, 0.0, 0.0)",100.0,"(up = 1.0, down = 1.0)",false,CT,NATURAL_GAS,Service[],10000.0,,bus-8185,8185,"Area(0, 0.0, 0.0, 0.0, Dict{String, Any}(""I"" => """", ""ARNAME"" => """", ""PTOL"" => """", ""PDES"" => """", ""ISW"" => """"))"
gen-705,true,true,0.145001046,0.0,0.6292363168416211,"(min = 0.0, max = 0.145)","(min = -0.358709497, max = 0.612301676)","(up = 0.0014000000000000002, down = 0.0014000000000000002)","ThermalGenerationCost(CostCurve{LinearCurve}(LinearCurve(16.3717118, 479.744314), UnitSystem.NATURAL_UNITS = 2, LinearCurve(0.0, 0.0)), 0.0, 0.0, 0.0)",100.0,"(up = 1.0, down = 0.0)",false,CT,NATURAL_GAS,Service[],10000.0,,bus-519,519,"Area(0, 0.0, 0.0, 0.0, Dict{String, Any}(""I"" => """", ""ARNAME"" => """", ""PTOL"" => """", ""PDES"" => """", ""ISW"" => """"))"
gen-2089,true,true,0.0,0.0,0.02,"(min = 0.0, max = 0.02)","(min = 0.0, max = 0.0)","(up = 0.0001, down = 0.0001)","ThermalGenerationCost(CostCurve{LinearCurve}(LinearCurve(24.5037276, 248.251086), UnitSystem.NATURAL_UNITS = 2, LinearCurve(0.0, 0.0)), 0.0, 0.0, 0.0)",100.0,"(up = 1.0, down = 1.0)",false,OT,NATURAL_GAS,Service[],10000.0,,bus-1330,1330,"Area(0, 0.0, 0.0, 0.0, Dict{String, Any}(""I"" => """", ""ARNAME"" => """", ""PTOL"" => """", ""PDES"" => """", ""ISW"" => """"))"
gen-510,true,true,0.7500054620000001,0.0,0.75,"(min = 0.0, max = 0.75)","(min = 0.0, max = 0.0)","(up = 0.002475, down = 0.002475)","ThermalGenerationCost(CostCurve{LinearCurve}(LinearCurve(14.6687276, 439.07926), UnitSystem.NATURAL_UNITS = 2, LinearCurve(0.0, 0.0)), 0.0, 0.0, 0.0)",100.0,"(up = 1.0, down = 0.0)",false,GT,NATURAL_GAS,Service[],10000.0,,bus-1665,1665,"Area(0, 0.0, 0.0, 0.0, Dict{String, Any}(""I"" => """", ""ARNAME"" => """", ""PTOL"" => """", ""PDES"" => """", ""ISW"" => """"))"
gen-2044,true,true,0.0,0.0,0.01,"(min = 0.0, max = 0.01)","(min = 0.0, max = 0.0)","(up = 0.0001, down = 0.0001)","ThermalGenerationCost(CostCurve{LinearCurve}(LinearCurve(24.5037276, 248.251086), UnitSystem.NATURAL_UNITS = 2, LinearCurve(0.0, 0.0)), 0.0, 0.0, 0.0)",100.0,"(up = 1.0, down = 1.0)",false,OT,NATURAL_GAS,Service[],10000.0,,bus-2367,2367,"Area(0, 0.0, 0.0, 0.0, Dict{String, Any}(""I"" => """", ""ARNAME"" => """", ""PTOL"" => """", ""PDES"" => """", ""ISW"" => """"))"
gen-574,true,true,0.015000110300000001,0.0,0.6158493686404889,"(min = 0.0, max = 0.015)","(min = -0.273666667, max = 0.615666667)","(up = 0.0001, down = 0.0001)","ThermalGenerationCost(CostCurve{LinearCurve}(LinearCurve(7.3428025, 22.7651352), UnitSystem.NATURAL_UNITS = 2, LinearCurve(0.0, 0.0)), 0.0, 0.0, 0.0)",100.0,"(up = 1.0, down = 1.0)",false,IC,NATURAL_GAS,Service[],10000.0,,bus-1129,1129,"Area(0, 0.0, 0.0, 0.0, Dict{String, Any}(""I"" => """", ""ARNAME"" => """", ""PTOL"" => """", ""PDES"" => """", ""ISW"" => """"))"
gen-1810,true,true,0.0,0.0,0.011000000000000001,"(min = 0.0, max = 0.011000000000000001)","(min = 0.0, max = 0.0)","(up = 0.0001, down = 0.0001)","ThermalGenerationCost(CostCurve{LinearCurve}(LinearCurve(24.5037276, 248.251086), UnitSystem.NATURAL_UNITS = 2, LinearCurve(0.0, 0.0)), 0.0, 0.0, 0.0)",100.0,"(up = 1.0, down = 1.0)",false,OT,NATURAL_GAS,Service[],10000.0,,bus-2283,2283,"Area(0, 0.0, 0.0, 0.0, Dict{String, Any}(""I"" => """", ""ARNAME"" => """", ""PTOL"" => """", ""PDES"" => """", ""ISW"" => """"))"
gen-605,true,true,0.009000065889999999,0.0,0.6157324458357614,"(min = 0.0, max = 0.009000000000000001)","(min = -0.273666667, max = 0.615666667)","(up = 0.0001, down = 0.0001)","ThermalGenerationCost(CostCurve{LinearCurve}(LinearCurve(7.3428025, 22.7651352), UnitSystem.NATURAL_UNITS = 2, LinearCurve(0.0, 0.0)), 0.0, 0.0, 0.0)",100.0,"(up = 1.0, down = 1.0)",false,IC,NATURAL_GAS,Service[],10000.0,,bus-1040,1040,"Area(0, 0.0, 0.0, 0.0, Dict{String, Any}(""I"" => """", ""ARNAME"" => """", ""PTOL"" => """", ""PDES"" => """", ""ISW"" => """"))"
gen-527,true,true,0.27500201,0.0,0.36303443362854715,"(min = 0.0, max = 0.275)","(min = -0.127, max = 0.237)","(up = 2.64e-5, down = 2.64e-5)","ThermalGenerationCost(CostCurve{LinearCurve}(LinearCurve(16.01, 79.9977839), UnitSystem.NATURAL_UNITS = 2, LinearCurve(0.0, 0.0)), 0.0, 0.0, 0.0)",100.0,"(up = 12.0, down = 6.0)",false,ST,COAL,Service[],10000.0,,bus-1019,1019,"Area(0, 0.0, 0.0, 0.0, Dict{String, Any}(""I"" => """", ""ARNAME"" => """", ""PTOL"" => """", ""PDES"" => """", ""ISW"" => """"))"
gen-165,true,true,1.64601216,0.0,2.05780003887647,"(min = 0.0, max = 1.646)","(min = -0.5489999999999999, max = 1.235)","(up = 0.0014000000000000002, down = 0.0014000000000000002)","ThermalGenerationCost(CostCurve{LinearCurve}(LinearCurve(9.85465117, 2635.89483), UnitSystem.NATURAL_UNITS = 2, LinearCurve(0.0, 0.0)), 0.0, 0.0, 0.0)",100.0,"(up = 1.0, down = 1.0)",false,CT,NATURAL_GAS,Service[],10000.0,,bus-7808,7808,"Area(0, 0.0, 0.0, 0.0, Dict{String, Any}(""I"" => """", ""ARNAME"" => """", ""PTOL"" => """", ""PDES"" => """", ""ISW"" => """"))"
gen-472,true,true,0.052000382500000004,0.0,0.25108871962458995,"(min = 0.0, max = 0.052000000000000005)","(min = -0.143219355, max = 0.245645161)","(up = 0.002475, down = 0.002475)","ThermalGenerationCost(CostCurve{LinearCurve}(LinearCurve(13.502241700000003, 315.964182), UnitSystem.NATURAL_UNITS = 2, LinearCurve(0.0, 0.0)), 0.0, 0.0, 0.0)",100.0,"(up = 1.0, down = 0.0)",false,GT,NATURAL_GAS,Service[],10000.0,,bus-989,989,"Area(0, 0.0, 0.0, 0.0, Dict{String, Any}(""I"" => """", ""ARNAME"" => """", ""PTOL"" => """", ""PDES"" => """", ""ISW"" => """"))"
gen-1213,true,true,0.0,0.0,0.13900359707575918,"(min = 0.0, max = 0.001)","(min = -0.095, max = 0.139)","(up = 2.64e-5, down = 2.64e-5)","ThermalGenerationCost(CostCurve{LinearCurve}(LinearCurve(22.409643000000003, 554.685123), UnitSystem.NATURAL_UNITS = 2, LinearCurve(0.0, 0.0)), 0.0, 0.0, 0.0)",100.0,"(up = 12.0, down = 6.0)",false,ST,MUNICIPAL_WASTE,Service[],10000.0,,bus-426,426,"Area(0, 0.0, 0.0, 0.0, Dict{String, Any}(""I"" => """", ""ARNAME"" => """", ""PTOL"" => """", ""PDES"" => """", ""ISW"" => """"))"
gen-659,true,true,0.07500054839999999,0.0,0.1254003588511612,"(min = 0.0, max = 0.075)","(min = -0.044500000000000005, max = 0.1005)","(up = 0.0001, down = 0.0001)","ThermalGenerationCost(CostCurve{LinearCurve}(LinearCurve(15.604003, 102.705607), UnitSystem.NATURAL_UNITS = 2, LinearCurve(0.0, 0.0)), 0.0, 0.0, 0.0)",100.0,"(up = 1.0, down = 1.0)",false,OT,OTHER,Service[],10000.0,,bus-467,467,"Area(0, 0.0, 0.0, 0.0, Dict{String, Any}(""I"" => """", ""ARNAME"" => """", ""PTOL"" => """", ""PDES"" => """", ""ISW"" => """"))"
gen-1371,true,true,0.496800038,0.0,0.9352873047531486,"(min = 0.0, max = 0.7070000000000001)","(min = -0.358709497, max = 0.612301676)","(up = 0.0014000000000000002, down = 0.0014000000000000002)","ThermalGenerationCost(CostCurve{LinearCurve}(LinearCurve(15.9947772, 848.043789), UnitSystem.NATURAL_UNITS = 2, LinearCurve(0.0, 0.0)), 0.0, 0.0, 0.0)",100.0,"(up = 1.0, down = 0.0)",false,CT,NATURAL_GAS,Service[],10000.0,,bus-8094,8094,"Area(0, 0.0, 0.0, 0.0, Dict{String, Any}(""I"" => """", ""ARNAME"" => """", ""PTOL"" => """", ""PDES"" => """", ""ISW"" => """"))"
gen-599,true,true,0.203412983,0.0,0.42757572428752316,"(min = 0.0, max = 0.385)","(min = -0.128, max = 0.18600000000000003)","(up = 0.0014000000000000002, down = 0.0014000000000000002)","ThermalGenerationCost(CostCurve{LinearCurve}(LinearCurve(16.3717117, 454.352865), UnitSystem.NATURAL_UNITS = 2, LinearCurve(0.0, 0.0)), 0.0, 0.0, 0.0)",100.0,"(up = 1.0, down = 0.0)",false,CT,NATURAL_GAS,Service[],10000.0,,bus-363,363,"Area(0, 0.0, 0.0, 0.0, Dict{String, Any}(""I"" => """", ""ARNAME"" => """", ""PTOL"" => """", ""PDES"" => """", ""ISW"" => """"))"
gen-513,true,true,0.7500054620000001,0.0,0.75,"(min = 0.0, max = 0.75)","(min = 0.0, max = 0.0)","(up = 0.002475, down = 0.002475)","ThermalGenerationCost(CostCurve{LinearCurve}(LinearCurve(14.6687276, 439.07926), UnitSystem.NATURAL_UNITS = 2, LinearCurve(0.0, 0.0)), 0.0, 0.0, 0.0)",100.0,"(up = 1.0, down = 0.0)",false,GT,NATURAL_GAS,Service[],10000.0,,bus-1665,1665,"Area(0, 0.0, 0.0, 0.0, Dict{String, Any}(""I"" => """", ""ARNAME"" => """", ""PTOL"" => """", ""PDES"" => """", ""ISW"" => """"))"
gen-829,true,true,1.6770123899999998,0.0,1.6769999999999998,"(min = 0.0, max = 1.6769999999999998)","(min = 0.0, max = 0.0)","(up = 0.0014000000000000002, down = 0.0014000000000000002)","ThermalGenerationCost(CostCurve{LinearCurve}(LinearCurve(9.86331009, 2388.58059), UnitSystem.NATURAL_UNITS = 2, LinearCurve(0.0, 0.0)), 0.0, 0.0, 0.0)",100.0,"(up = 1.0, down = 1.0)",false,CT,NATURAL_GAS,Service[],10000.0,,bus-1937,1937,"Area(0, 0.0, 0.0, 0.0, Dict{String, Any}(""I"" => """", ""ARNAME"" => """", ""PTOL"" => """", ""PDES"" => """", ""ISW"" => """"))"
gen-580,true,true,0.69610085,0.0,0.75,"(min = 0.0, max = 0.75)","(min = 0.0, max = 0.0)","(up = 0.002475, down = 0.002475)","ThermalGenerationCost(CostCurve{LinearCurve}(LinearCurve(15.122921400000001, 434.063826), UnitSystem.NATURAL_UNITS = 2, LinearCurve(0.0, 0.0)), 0.0, 0.0, 0.0)",100.0,"(up = 1.0, down = 0.0)",false,GT,NATURAL_GAS,Service[],10000.0,,bus-1665,1665,"Area(0, 0.0, 0.0, 0.0, Dict{String, Any}(""I"" => """", ""ARNAME"" => """", ""PTOL"" => """", ""PDES"" => """", ""ISW"" => """"))"
gen-183,true,true,0.0,0.0,0.5883026432033092,"(min = 0.0, max = 0.5)","(min = -0.16699999999999998, max = 0.31)","(up = 5.4000000000000005e-5, down = 5.4000000000000005e-5)","ThermalGenerationCost(CostCurve{LinearCurve}(LinearCurve(25.1702183, 164.808375), UnitSystem.NATURAL_UNITS = 2, LinearCurve(0.0, 0.0)), 0.0, 0.0, 0.0)",100.0,"(up = 2.0, down = 4.0)",false,ST,NATURAL_GAS,Service[],10000.0,,bus-1693,1693,"Area(0, 0.0, 0.0, 0.0, Dict{String, Any}(""I"" => """", ""ARNAME"" => """", ""PTOL"" => """", ""PDES"" => """", ""ISW"" => """"))"
gen-543,true,true,0.0,0.0,0.4020808376433774,"(min = 0.0, max = 0.36200000000000004)","(min = -0.121, max = 0.175)","(up = 2.64e-5, down = 2.64e-5)","ThermalGenerationCost(CostCurve{LinearCurve}(LinearCurve(34.6403013, 215.939817), UnitSystem.NATURAL_UNITS = 2, LinearCurve(0.0, 0.0)), 0.0, 0.0, 0.0)",100.0,"(up = 12.0, down = 6.0)",false,ST,WOOD_WASTE_SOLIDS,Service[],10000.0,,bus-1567,1567,"Area(0, 0.0, 0.0, 0.0, Dict{String, Any}(""I"" => """", ""ARNAME"" => """", ""PTOL"" => """", ""PDES"" => """", ""ISW"" => """"))"
gen-2023,true,true,0.0480003529,0.0,0.25029092097540395,"(min = 0.0, max = 0.048)","(min = -0.143219355, max = 0.245645161)","(up = 0.002475, down = 0.002475)","ThermalGenerationCost(CostCurve{LinearCurve}(LinearCurve(13.502241700000003, 315.964182), UnitSystem.NATURAL_UNITS = 2, LinearCurve(0.0, 0.0)), 0.0, 0.0, 0.0)",100.0,"(up = 1.0, down = 0.0)",false,GT,NATURAL_GAS,Service[],10000.0,,bus-236,236,"Area(0, 0.0, 0.0, 0.0, Dict{String, Any}(""I"" => """", ""ARNAME"" => """", ""PTOL"" => """", ""PDES"" => """", ""ISW"" => """"))"
gen-787,true,true,0.0,0.0,0.2317011968007263,"(min = 0.0, max = 0.004)","(min = -0.13699999999999998, max = 0.231666667)","(up = 0.0001, down = 0.0001)","ThermalGenerationCost(CostCurve{LinearCurve}(LinearCurve(58.907, 173.53), UnitSystem.NATURAL_UNITS = 2, LinearCurve(0.0, 0.0)), 0.0, 0.0, 0.0)",100.0,"(up = 1.0, down = 1.0)",false,OT,MUNICIPAL_WASTE,Service[],10000.0,,bus-7649,7649,"Area(0, 0.0, 0.0, 0.0, Dict{String, Any}(""I"" => """", ""ARNAME"" => """", ""PTOL"" => """", ""PDES"" => """", ""ISW"" => """"))"
gen-1637,true,true,0.0,0.0,0.13935924798878618,"(min = 0.0, max = 0.01)","(min = -0.095, max = 0.139)","(up = 2.64e-5, down = 2.64e-5)","ThermalGenerationCost(CostCurve{LinearCurve}(LinearCurve(22.409643000000003, 554.685123), UnitSystem.NATURAL_UNITS = 2, LinearCurve(0.0, 0.0)), 0.0, 0.0, 0.0)",100.0,"(up = 12.0, down = 6.0)",false,ST,MUNICIPAL_WASTE,Service[],10000.0,,bus-258,258,"Area(0, 0.0, 0.0, 0.0, Dict{String, Any}(""I"" => """", ""ARNAME"" => """", ""PTOL"" => """", ""PDES"" => """", ""ISW"" => """"))"
gen-726,true,true,0.04662803,0.0,0.3257875766856617,"(min = 0.0, max = 0.214)","(min = -0.143219355, max = 0.245645161)","(up = 0.002475, down = 0.002475)","ThermalGenerationCost(CostCurve{LinearCurve}(LinearCurve(16.8488019, 136.821325), UnitSystem.NATURAL_UNITS = 2, LinearCurve(0.0, 0.0)), 0.0, 0.0, 0.0)",100.0,"(up = 1.0, down = 0.0)",false,GT,NATURAL_GAS,Service[],10000.0,,bus-539,539,"Area(0, 0.0, 0.0, 0.0, Dict{String, Any}(""I"" => """", ""ARNAME"" => """", ""PTOL"" => """", ""PDES"" => """", ""ISW"" => """"))"
gen-201,true,true,0.8990066400000001,0.0,1.057567964719053,"(min = 0.0, max = 0.899)","(min = -0.3, max = 0.557)","(up = 0.0014000000000000002, down = 0.0014000000000000002)","ThermalGenerationCost(CostCurve{LinearCurve}(LinearCurve(9.50758888, 1648.14099), UnitSystem.NATURAL_UNITS = 2, LinearCurve(0.0, 0.0)), 0.0, 0.0, 0.0)",100.0,"(up = 1.0, down = 0.0)",false,CT,NATURAL_GAS,Service[],10000.0,,bus-7751,7751,"Area(0, 0.0, 0.0, 0.0, Dict{String, Any}(""I"" => """", ""ARNAME"" => """", ""PTOL"" => """", ""PDES"" => """", ""ISW"" => """"))"
gen-63,true,true,1.8182405,0.0,2.7411742009584144,"(min = 0.0, max = 2.33)","(min = -0.777, max = 1.444)","(up = 0.0014000000000000002, down = 0.0014000000000000002)","ThermalGenerationCost(CostCurve{LinearCurve}(LinearCurve(13.4742144, 878.874372), UnitSystem.NATURAL_UNITS = 2, LinearCurve(0.0, 0.0)), 0.0, 0.0, 0.0)",100.0,"(up = 1.0, down = 1.0)",false,CT,NATURAL_GAS,Service[],10000.0,,bus-7971,7971,"Area(0, 0.0, 0.0, 0.0, Dict{String, Any}(""I"" => """", ""ARNAME"" => """", ""PTOL"" => """", ""PDES"" => """", ""ISW"" => """"))"
gen-365,true,true,0.0,0.0,0.30934518622226675,"(min = 0.0, max = 0.025)","(min = -0.20800000000000002, max = 0.308333333)","(up = 0.0001, down = 0.0001)","ThermalGenerationCost(CostCurve{LinearCurve}(LinearCurve(25.05, 57.6), UnitSystem.NATURAL_UNITS = 2, LinearCurve(0.0, 0.0)), 0.0, 0.0, 0.0)",100.0,"(up = 1.0, down = 1.0)",false,IC,RESIDUAL_FUEL_OIL,Service[],10000.0,,bus-1752,1752,"Area(0, 0.0, 0.0, 0.0, Dict{String, Any}(""I"" => """", ""ARNAME"" => """", ""PTOL"" => """", ""PDES"" => """", ""ISW"" => """"))"
